mnemonic	name_id	mnemonic_pool_id	macro_name	catalog_origin	upstream_canonical	upstream_explicit_alias	instruction_sets	canonical_records	alias_records
adc	1	1	CDISASM_ARM_NAME_ADC	existing_upstream	1	1	A32,A64,T32	10	1
add	2	5	CDISASM_ARM_NAME_ADD	existing_upstream	1	1	A32,A64,T32	42	10
adds	3	16	CDISASM_ARM_NAME_ADDS	existing_upstream	1	1	A32,A64,T32	19	6
adr	4	24	CDISASM_ARM_NAME_ADR	existing_upstream	1	1	A32,A64,T32	9	1
adrp	5	25	CDISASM_ARM_NAME_ADRP	existing_upstream	1	0	A64	1	0
and	6	32	CDISASM_ARM_NAME_AND	existing_upstream	1	1	A32,A64,T32	17	1
ands	7	34	CDISASM_ARM_NAME_ANDS	existing_upstream	1	1	A32,A64,T32	12	2
b	8	64	CDISASM_ARM_NAME_B	existing_upstream	1	1	A32,A64,T32	7	2
bic	9	108	CDISASM_ARM_NAME_BIC	existing_upstream	1	1	A32,A64,T32	16	2
bkpt	10	112	CDISASM_ARM_NAME_BKPT	existing_upstream	1	0	A32,T32	2	0
bl	11	113	CDISASM_ARM_NAME_BL	existing_upstream	1	0	A32,A64,T32	3	0
blr	12	114	CDISASM_ARM_NAME_BLR	existing_upstream	1	0	A64	1	0
blx	13	119	CDISASM_ARM_NAME_BLX	existing_upstream	1	0	A32,T32	4	0
br	14	122	CDISASM_ARM_NAME_BR	existing_upstream	1	0	A64	1	0
brk	15	128	CDISASM_ARM_NAME_BRK	existing_upstream	1	0	A64	1	0
bx	16	143	CDISASM_ARM_NAME_BX	existing_upstream	1	0	A32,T32	2	0
cbnz	17	200	CDISASM_ARM_NAME_CBNZ	existing_upstream	1	0	A64,T32	3	0
cbz	18	201	CDISASM_ARM_NAME_CBZ	existing_upstream	1	0	A64,T32	3	0
cmn	19	224	CDISASM_ARM_NAME_CMN	existing_upstream	1	1	A32,A64,T32	8	7
cmp	20	225	CDISASM_ARM_NAME_CMP	existing_upstream	1	1	A32,A64,T32	10	8
eor	21	386	CDISASM_ARM_NAME_EOR	existing_upstream	1	1	A32,A64,T32	17	1
hvc	22	565	CDISASM_ARM_NAME_HVC	existing_upstream	1	0	A32,A64,T32	3	0
ldm	23	749	CDISASM_ARM_NAME_LDM	existing_upstream	1	1	A32,T32	5	2
ldp	24	772	CDISASM_ARM_NAME_LDP	existing_upstream	1	0	A64	15	0
ldr	25	774	CDISASM_ARM_NAME_LDR	existing_upstream	1	1	A32,A64,T32	55	5
ldrb	26	777	CDISASM_ARM_NAME_LDRB	existing_upstream	1	1	A32,A64,T32	20	4
ldrh	27	784	CDISASM_ARM_NAME_LDRH	existing_upstream	1	1	A32,A64,T32	19	4
ldur	28	877	CDISASM_ARM_NAME_LDUR	existing_upstream	1	0	A64	7	0
ldurb	29	878	CDISASM_ARM_NAME_LDURB	existing_upstream	1	0	A64	1	0
ldurh	30	879	CDISASM_ARM_NAME_LDURH	existing_upstream	1	0	A64	1	0
mov	31	910	CDISASM_ARM_NAME_MOV	existing_upstream	1	1	A32,A64,T32	17	64
movk	32	914	CDISASM_ARM_NAME_MOVK	existing_upstream	1	0	A64	2	0
movn	33	915	CDISASM_ARM_NAME_MOVN	existing_upstream	1	0	A64	2	0
movz	34	920	CDISASM_ARM_NAME_MOVZ	existing_upstream	1	0	A64	2	0
mvn	35	932	CDISASM_ARM_NAME_MVN	existing_upstream	1	1	A32,A64,T32	8	4
nop	36	943	CDISASM_ARM_NAME_NOP	existing_upstream	1	0	A32,A64,T32	4	0
orr	37	951	CDISASM_ARM_NAME_ORR	existing_upstream	1	1	A32,A64,T32	19	1
pop	38	992	CDISASM_ARM_NAME_POP	existing_upstream	1	1	A32,T32	1	5
push	39	1007	CDISASM_ARM_NAME_PUSH	existing_upstream	1	1	A32,T32	1	5
ret	40	1091	CDISASM_ARM_NAME_RET	existing_upstream	1	0	A64	1	0
rsb	41	1122	CDISASM_ARM_NAME_RSB	existing_upstream	1	1	A32,T32	8	1
rsc	42	1124	CDISASM_ARM_NAME_RSC	existing_upstream	1	0	A32	4	0
sbc	43	1155	CDISASM_ARM_NAME_SBC	existing_upstream	1	1	A32,A64,T32	10	1
smc	44	1256	CDISASM_ARM_NAME_SMC	existing_upstream	1	0	A32,A64,T32	3	0
stm	45	1505	CDISASM_ARM_NAME_STM	existing_upstream	1	1	A32,T32	4	1
stp	46	1519	CDISASM_ARM_NAME_STP	existing_upstream	1	0	A64	15	0
str	47	1520	CDISASM_ARM_NAME_STR	existing_upstream	1	1	A32,A64,T32	47	2
strb	48	1521	CDISASM_ARM_NAME_STRB	existing_upstream	1	1	A32,A64,T32	18	2
strh	49	1528	CDISASM_ARM_NAME_STRH	existing_upstream	1	1	A32,A64,T32	17	2
stur	50	1574	CDISASM_ARM_NAME_STUR	existing_upstream	1	0	A64	7	0
sturb	51	1575	CDISASM_ARM_NAME_STURB	existing_upstream	1	0	A64	1	0
sturh	52	1576	CDISASM_ARM_NAME_STURH	existing_upstream	1	0	A64	1	0
sub	53	1584	CDISASM_ARM_NAME_SUB	existing_upstream	1	1	A32,A64,T32	36	7
subs	54	1593	CDISASM_ARM_NAME_SUBS	existing_upstream	1	1	A32,A64,T32	20	6
svc	55	1607	CDISASM_ARM_NAME_SVC	existing_upstream	1	0	A32,A64,T32	3	0
tbnz	56	1644	CDISASM_ARM_NAME_TBNZ	existing_upstream	1	0	A64	1	0
tbz	57	1647	CDISASM_ARM_NAME_TBZ	existing_upstream	1	0	A64	1	0
teq	58	1651	CDISASM_ARM_NAME_TEQ	existing_upstream	1	0	A32,T32	7	0
tst	59	1659	CDISASM_ARM_NAME_TST	existing_upstream	1	1	A32,A64,T32	8	5
ldrbt	60	778	CDISASM_ARM_NAME_LDRBT	existing_upstream	1	0	A32,T32	3	0
ldrt	61	791	CDISASM_ARM_NAME_LDRT	existing_upstream	1	0	A32,T32	3	0
strbt	62	1522	CDISASM_ARM_NAME_STRBT	existing_upstream	1	0	A32,T32	3	0
strt	63	1530	CDISASM_ARM_NAME_STRT	existing_upstream	1	0	A32,T32	3	0
vadd	64	1830	CDISASM_ARM_NAME_VADD	existing_upstream	1	0	A32,T32	14	0
vsub	65	1976	CDISASM_ARM_NAME_VSUB	existing_upstream	1	0	A32,T32	14	0
vand	66	1834	CDISASM_ARM_NAME_VAND	existing_upstream	1	1	A32,T32	4	8
vorr	67	1905	CDISASM_ARM_NAME_VORR	existing_upstream	1	0	A32,T32	12	0
veor	68	1862	CDISASM_ARM_NAME_VEOR	existing_upstream	1	0	A32,T32	4	0
vmul	69	1897	CDISASM_ARM_NAME_VMUL	existing_upstream	1	0	A32,T32	18	0
fadd	70	413	CDISASM_ARM_NAME_FADD	existing_upstream	1	0	A64	12	0
fsub	71	538	CDISASM_ARM_NAME_FSUB	existing_upstream	1	0	A64	12	0
fmul	72	508	CDISASM_ARM_NAME_FMUL	existing_upstream	1	0	A64	19	0
fdiv	73	457	CDISASM_ARM_NAME_FDIV	existing_upstream	1	0	A64	6	0
mul	74	930	CDISASM_ARM_NAME_MUL	existing_upstream	1	1	A32,A64,T32	11	3
vbic	75	1835	CDISASM_ARM_NAME_VBIC	existing_upstream	1	0	A32,T32	12	0
at_as1elx	76		CDISASM_ARM_NAME_AT_AS1ELX	existing_vendor	0	0		0	0
clr	77		CDISASM_ARM_NAME_CLR	existing_vendor	0	0		0	0
extrx	78		CDISASM_ARM_NAME_EXTRX	existing_vendor	0	0		0	0
extry	79		CDISASM_ARM_NAME_EXTRY	existing_vendor	0	0		0	0
fma16	80		CDISASM_ARM_NAME_FMA16	existing_vendor	0	0		0	0
fma32	81		CDISASM_ARM_NAME_FMA32	existing_vendor	0	0		0	0
fma64	82		CDISASM_ARM_NAME_FMA64	existing_vendor	0	0		0	0
fms16	83		CDISASM_ARM_NAME_FMS16	existing_vendor	0	0		0	0
fms32	84		CDISASM_ARM_NAME_FMS32	existing_vendor	0	0		0	0
fms64	85		CDISASM_ARM_NAME_FMS64	existing_vendor	0	0		0	0
genlut	86		CDISASM_ARM_NAME_GENLUT	existing_vendor	0	0		0	0
genter	87		CDISASM_ARM_NAME_GENTER	existing_vendor	0	0		0	0
gexit	88		CDISASM_ARM_NAME_GEXIT	existing_vendor	0	0		0	0
ldx	89		CDISASM_ARM_NAME_LDX	existing_vendor	0	0		0	0
ldy	90		CDISASM_ARM_NAME_LDY	existing_vendor	0	0		0	0
ldz	91		CDISASM_ARM_NAME_LDZ	existing_vendor	0	0		0	0
ldzi	92		CDISASM_ARM_NAME_LDZI	existing_vendor	0	0		0	0
mac16	93		CDISASM_ARM_NAME_MAC16	existing_vendor	0	0		0	0
matfp	94		CDISASM_ARM_NAME_MATFP	existing_vendor	0	0		0	0
matint	95		CDISASM_ARM_NAME_MATINT	existing_vendor	0	0		0	0
mrs	96	924	CDISASM_ARM_NAME_MRS	existing_upstream	1	0	A32,A64,T32	5	0
msr	97	926	CDISASM_ARM_NAME_MSR	existing_upstream	1	0	A32,A64,T32	7	0
mul53hi	98		CDISASM_ARM_NAME_MUL53HI	existing_vendor	0	0		0	0
mul53lo	99		CDISASM_ARM_NAME_MUL53LO	existing_vendor	0	0		0	0
sdsb	100		CDISASM_ARM_NAME_SDSB	existing_vendor	0	0		0	0
set	101		CDISASM_ARM_NAME_SET	existing_vendor	0	0		0	0
stx	102		CDISASM_ARM_NAME_STX	existing_vendor	0	0		0	0
sty	103		CDISASM_ARM_NAME_STY	existing_vendor	0	0		0	0
stz	104		CDISASM_ARM_NAME_STZ	existing_vendor	0	0		0	0
stzi	105		CDISASM_ARM_NAME_STZI	existing_vendor	0	0		0	0
vecfp	106		CDISASM_ARM_NAME_VECFP	existing_vendor	0	0		0	0
vecint	107		CDISASM_ARM_NAME_VECINT	existing_vendor	0	0		0	0
wkdmc	108		CDISASM_ARM_NAME_WKDMC	existing_vendor	0	0		0	0
wkdmd	109		CDISASM_ARM_NAME_WKDMD	existing_vendor	0	0		0	0
ldarb	110	660	CDISASM_ARM_NAME_LDARB	existing_upstream	1	0	A64	1	0
ldarh	111	661	CDISASM_ARM_NAME_LDARH	existing_upstream	1	0	A64	1	0
ldar	112	659	CDISASM_ARM_NAME_LDAR	existing_upstream	1	0	A64	2	0
ldaxrb	113	665	CDISASM_ARM_NAME_LDAXRB	existing_upstream	1	0	A64	1	0
ldaxrh	114	666	CDISASM_ARM_NAME_LDAXRH	existing_upstream	1	0	A64	1	0
ldaxr	115	664	CDISASM_ARM_NAME_LDAXR	existing_upstream	1	0	A64	2	0
ldxrb	116	885	CDISASM_ARM_NAME_LDXRB	existing_upstream	1	0	A64	1	0
ldxrh	117	886	CDISASM_ARM_NAME_LDXRH	existing_upstream	1	0	A64	1	0
ldxr	118	884	CDISASM_ARM_NAME_LDXR	existing_upstream	1	0	A64	2	0
ldxp	119	883	CDISASM_ARM_NAME_LDXP	existing_upstream	1	0	A64	2	0
ldaxp	120	663	CDISASM_ARM_NAME_LDAXP	existing_upstream	1	0	A64	2	0
stlrb	121	1495	CDISASM_ARM_NAME_STLRB	existing_upstream	1	0	A64	1	0
stlrh	122	1496	CDISASM_ARM_NAME_STLRH	existing_upstream	1	0	A64	1	0
stlr	123	1494	CDISASM_ARM_NAME_STLR	existing_upstream	1	0	A64	4	0
stlxrb	124	1503	CDISASM_ARM_NAME_STLXRB	existing_upstream	1	0	A64	1	0
stlxrh	125	1504	CDISASM_ARM_NAME_STLXRH	existing_upstream	1	0	A64	1	0
stlxr	126	1502	CDISASM_ARM_NAME_STLXR	existing_upstream	1	0	A64	2	0
stxrb	127	1579	CDISASM_ARM_NAME_STXRB	existing_upstream	1	0	A64	1	0
stxrh	128	1580	CDISASM_ARM_NAME_STXRH	existing_upstream	1	0	A64	1	0
stxr	129	1578	CDISASM_ARM_NAME_STXR	existing_upstream	1	0	A64	2	0
stxp	130	1577	CDISASM_ARM_NAME_STXP	existing_upstream	1	0	A64	2	0
stlxp	131	1501	CDISASM_ARM_NAME_STLXP	existing_upstream	1	0	A64	2	0
casb	132	155	CDISASM_ARM_NAME_CASB	existing_upstream	1	0	A64	1	0
cash	133	156	CDISASM_ARM_NAME_CASH	existing_upstream	1	0	A64	1	0
cas	134	146	CDISASM_ARM_NAME_CAS	existing_upstream	1	0	A64	2	0
casab	135	148	CDISASM_ARM_NAME_CASAB	existing_upstream	1	0	A64	1	0
casah	136	149	CDISASM_ARM_NAME_CASAH	existing_upstream	1	0	A64	1	0
casa	137	147	CDISASM_ARM_NAME_CASA	existing_upstream	1	0	A64	2	0
caslb	138	158	CDISASM_ARM_NAME_CASLB	existing_upstream	1	0	A64	1	0
caslh	139	159	CDISASM_ARM_NAME_CASLH	existing_upstream	1	0	A64	1	0
casl	140	157	CDISASM_ARM_NAME_CASL	existing_upstream	1	0	A64	2	0
casalb	141	151	CDISASM_ARM_NAME_CASALB	existing_upstream	1	0	A64	1	0
casalh	142	152	CDISASM_ARM_NAME_CASALH	existing_upstream	1	0	A64	1	0
casal	143	150	CDISASM_ARM_NAME_CASAL	existing_upstream	1	0	A64	2	0
casp	144	161	CDISASM_ARM_NAME_CASP	existing_upstream	1	0	A64	2	0
caspa	145	162	CDISASM_ARM_NAME_CASPA	existing_upstream	1	0	A64	2	0
caspl	146	166	CDISASM_ARM_NAME_CASPL	existing_upstream	1	0	A64	2	0
caspal	147	163	CDISASM_ARM_NAME_CASPAL	existing_upstream	1	0	A64	2	0
ldaddb	148	637	CDISASM_ARM_NAME_LDADDB	existing_upstream	1	0	A64	1	0
ldaddh	149	638	CDISASM_ARM_NAME_LDADDH	existing_upstream	1	0	A64	1	0
ldadd	150	630	CDISASM_ARM_NAME_LDADD	existing_upstream	1	0	A64	2	0
ldaddab	151	632	CDISASM_ARM_NAME_LDADDAB	existing_upstream	1	0	A64	1	0
ldaddah	152	633	CDISASM_ARM_NAME_LDADDAH	existing_upstream	1	0	A64	1	0
ldadda	153	631	CDISASM_ARM_NAME_LDADDA	existing_upstream	1	0	A64	2	0
ldaddlb	154	640	CDISASM_ARM_NAME_LDADDLB	existing_upstream	1	0	A64	1	0
ldaddlh	155	641	CDISASM_ARM_NAME_LDADDLH	existing_upstream	1	0	A64	1	0
ldaddl	156	639	CDISASM_ARM_NAME_LDADDL	existing_upstream	1	0	A64	2	0
ldaddalb	157	635	CDISASM_ARM_NAME_LDADDALB	existing_upstream	1	0	A64	1	0
ldaddalh	158	636	CDISASM_ARM_NAME_LDADDALH	existing_upstream	1	0	A64	1	0
ldaddal	159	634	CDISASM_ARM_NAME_LDADDAL	existing_upstream	1	0	A64	2	0
ldclrb	160	695	CDISASM_ARM_NAME_LDCLRB	existing_upstream	1	0	A64	1	0
ldclrh	161	696	CDISASM_ARM_NAME_LDCLRH	existing_upstream	1	0	A64	1	0
ldclr	162	688	CDISASM_ARM_NAME_LDCLR	existing_upstream	1	0	A64	2	0
ldclrab	163	690	CDISASM_ARM_NAME_LDCLRAB	existing_upstream	1	0	A64	1	0
ldclrah	164	691	CDISASM_ARM_NAME_LDCLRAH	existing_upstream	1	0	A64	1	0
ldclra	165	689	CDISASM_ARM_NAME_LDCLRA	existing_upstream	1	0	A64	2	0
ldclrlb	166	698	CDISASM_ARM_NAME_LDCLRLB	existing_upstream	1	0	A64	1	0
ldclrlh	167	699	CDISASM_ARM_NAME_LDCLRLH	existing_upstream	1	0	A64	1	0
ldclrl	168	697	CDISASM_ARM_NAME_LDCLRL	existing_upstream	1	0	A64	2	0
ldclralb	169	693	CDISASM_ARM_NAME_LDCLRALB	existing_upstream	1	0	A64	1	0
ldclralh	170	694	CDISASM_ARM_NAME_LDCLRALH	existing_upstream	1	0	A64	1	0
ldclral	171	692	CDISASM_ARM_NAME_LDCLRAL	existing_upstream	1	0	A64	2	0
ldeorb	172	711	CDISASM_ARM_NAME_LDEORB	existing_upstream	1	0	A64	1	0
ldeorh	173	712	CDISASM_ARM_NAME_LDEORH	existing_upstream	1	0	A64	1	0
ldeor	174	704	CDISASM_ARM_NAME_LDEOR	existing_upstream	1	0	A64	2	0
ldeorab	175	706	CDISASM_ARM_NAME_LDEORAB	existing_upstream	1	0	A64	1	0
ldeorah	176	707	CDISASM_ARM_NAME_LDEORAH	existing_upstream	1	0	A64	1	0
ldeora	177	705	CDISASM_ARM_NAME_LDEORA	existing_upstream	1	0	A64	2	0
ldeorlb	178	714	CDISASM_ARM_NAME_LDEORLB	existing_upstream	1	0	A64	1	0
ldeorlh	179	715	CDISASM_ARM_NAME_LDEORLH	existing_upstream	1	0	A64	1	0
ldeorl	180	713	CDISASM_ARM_NAME_LDEORL	existing_upstream	1	0	A64	2	0
ldeoralb	181	709	CDISASM_ARM_NAME_LDEORALB	existing_upstream	1	0	A64	1	0
ldeoralh	182	710	CDISASM_ARM_NAME_LDEORALH	existing_upstream	1	0	A64	1	0
ldeoral	183	708	CDISASM_ARM_NAME_LDEORAL	existing_upstream	1	0	A64	2	0
ldsetb	184	799	CDISASM_ARM_NAME_LDSETB	existing_upstream	1	0	A64	1	0
ldseth	185	800	CDISASM_ARM_NAME_LDSETH	existing_upstream	1	0	A64	1	0
ldset	186	792	CDISASM_ARM_NAME_LDSET	existing_upstream	1	0	A64	2	0
ldsetab	187	794	CDISASM_ARM_NAME_LDSETAB	existing_upstream	1	0	A64	1	0
ldsetah	188	795	CDISASM_ARM_NAME_LDSETAH	existing_upstream	1	0	A64	1	0
ldseta	189	793	CDISASM_ARM_NAME_LDSETA	existing_upstream	1	0	A64	2	0
ldsetlb	190	802	CDISASM_ARM_NAME_LDSETLB	existing_upstream	1	0	A64	1	0
ldsetlh	191	803	CDISASM_ARM_NAME_LDSETLH	existing_upstream	1	0	A64	1	0
ldsetl	192	801	CDISASM_ARM_NAME_LDSETL	existing_upstream	1	0	A64	2	0
ldsetalb	193	797	CDISASM_ARM_NAME_LDSETALB	existing_upstream	1	0	A64	1	0
ldsetalh	194	798	CDISASM_ARM_NAME_LDSETALH	existing_upstream	1	0	A64	1	0
ldsetal	195	796	CDISASM_ARM_NAME_LDSETAL	existing_upstream	1	0	A64	2	0
swpb	196	1616	CDISASM_ARM_NAME_SWPB	existing_upstream	1	0	A64	1	0
swph	197	1617	CDISASM_ARM_NAME_SWPH	existing_upstream	1	0	A64	1	0
swp	198	1609	CDISASM_ARM_NAME_SWP	existing_upstream	1	0	A64	2	0
swpab	199	1611	CDISASM_ARM_NAME_SWPAB	existing_upstream	1	0	A64	1	0
swpah	200	1612	CDISASM_ARM_NAME_SWPAH	existing_upstream	1	0	A64	1	0
swpa	201	1610	CDISASM_ARM_NAME_SWPA	existing_upstream	1	0	A64	2	0
swplb	202	1619	CDISASM_ARM_NAME_SWPLB	existing_upstream	1	0	A64	1	0
swplh	203	1620	CDISASM_ARM_NAME_SWPLH	existing_upstream	1	0	A64	1	0
swpl	204	1618	CDISASM_ARM_NAME_SWPL	existing_upstream	1	0	A64	2	0
swpalb	205	1614	CDISASM_ARM_NAME_SWPALB	existing_upstream	1	0	A64	1	0
swpalh	206	1615	CDISASM_ARM_NAME_SWPALH	existing_upstream	1	0	A64	1	0
swpal	207	1613	CDISASM_ARM_NAME_SWPAL	existing_upstream	1	0	A64	2	0
ldlarb	208	747	CDISASM_ARM_NAME_LDLARB	existing_upstream	1	0	A64	1	0
ldlarh	209	748	CDISASM_ARM_NAME_LDLARH	existing_upstream	1	0	A64	1	0
ldlar	210	746	CDISASM_ARM_NAME_LDLAR	existing_upstream	1	0	A64	2	0
stllrb	211	1491	CDISASM_ARM_NAME_STLLRB	existing_upstream	1	0	A64	1	0
stllrh	212	1492	CDISASM_ARM_NAME_STLLRH	existing_upstream	1	0	A64	1	0
stllr	213	1490	CDISASM_ARM_NAME_STLLR	existing_upstream	1	0	A64	2	0
ldaprb	214	651	CDISASM_ARM_NAME_LDAPRB	existing_upstream	1	0	A64	1	0
ldaprh	215	652	CDISASM_ARM_NAME_LDAPRH	existing_upstream	1	0	A64	1	0
ldapr	216	650	CDISASM_ARM_NAME_LDAPR	existing_upstream	1	0	A64	4	0
mla	217	905	CDISASM_ARM_NAME_MLA	existing_upstream	1	0	A32,A64,T32	8	0
movw	218	919	CDISASM_ARM_NAME_MOVW	existing_upstream	0	1	A32,T32	0	2
movt	219	918	CDISASM_ARM_NAME_MOVT	existing_upstream	1	0	A32,A64,T32	5	0
clz	220	215	CDISASM_ARM_NAME_CLZ	existing_upstream	1	0	A32,A64,T32	7	0
rev	221	1098	CDISASM_ARM_NAME_REV	existing_upstream	1	1	A32,A64,T32	7	1
ldrsb	222	786	CDISASM_ARM_NAME_LDRSB	existing_upstream	1	1	A32,A64,T32	24	3
ldrsh	223	788	CDISASM_ARM_NAME_LDRSH	existing_upstream	1	1	A32,A64,T32	22	3
dmb	224	378	CDISASM_ARM_NAME_DMB	existing_upstream	1	0	A32,A64,T32	3	0
dsb	225	380	CDISASM_ARM_NAME_DSB	existing_upstream	1	0	A32,A64,T32	4	0
isb	226	576	CDISASM_ARM_NAME_ISB	existing_upstream	1	0	A32,A64,T32	3	0
it	227	577	CDISASM_ARM_NAME_IT	existing_upstream	1	0	T32	1	0
sdiv	228	1165	CDISASM_ARM_NAME_SDIV	existing_upstream	1	0	A32,A64,T32	5	0
udiv	229	1688	CDISASM_ARM_NAME_UDIV	existing_upstream	1	0	A32,A64,T32	5	0
vmla	230	1886	CDISASM_ARM_NAME_VMLA	existing_upstream	1	0	A32,T32	18	0
vmls	231	1888	CDISASM_ARM_NAME_VMLS	existing_upstream	1	0	A32,T32	18	0
fabs	232	408	CDISASM_ARM_NAME_FABS	existing_upstream	1	0	A64	7	0
fneg	233	510	CDISASM_ARM_NAME_FNEG	existing_upstream	1	0	A64	7	0
fsqrt	234	535	CDISASM_ARM_NAME_FSQRT	existing_upstream	1	0	A64	7	0
fcmp	235	431	CDISASM_ARM_NAME_FCMP	existing_upstream	1	0	A64	6	0
fcsel	236	435	CDISASM_ARM_NAME_FCSEL	existing_upstream	1	0	A64	3	0
fmla	237	485	CDISASM_ARM_NAME_FMLA	existing_upstream	1	0	A64	24	0
fmls	238	495	CDISASM_ARM_NAME_FMLS	existing_upstream	1	0	A64	24	0
smax	239	1252	CDISASM_ARM_NAME_SMAX	existing_upstream	1	0	A64	11	0
smin	240	1257	CDISASM_ARM_NAME_SMIN	existing_upstream	1	0	A64	11	0
umax	241	1702	CDISASM_ARM_NAME_UMAX	existing_upstream	1	0	A64	11	0
umin	242	1706	CDISASM_ARM_NAME_UMIN	existing_upstream	1	0	A64	11	0
ptrue	243	1003	CDISASM_ARM_NAME_PTRUE	existing_upstream	1	0	A64	2	0
whilelo	244	2001	CDISASM_ARM_NAME_WHILELO	existing_upstream	1	0	A64	3	0
cntb	245	241	CDISASM_ARM_NAME_CNTB	existing_upstream	1	0	A64	1	0
cnth	246	243	CDISASM_ARM_NAME_CNTH	existing_upstream	1	0	A64	1	0
cntw	247	245	CDISASM_ARM_NAME_CNTW	existing_upstream	1	0	A64	1	0
cntd	248	242	CDISASM_ARM_NAME_CNTD	existing_upstream	1	0	A64	1	0
ld1b	249	582	CDISASM_ARM_NAME_LD1B	existing_upstream	1	0	A64	22	0
ld1h	250	584	CDISASM_ARM_NAME_LD1H	existing_upstream	1	0	A64	23	0
ld1w	251	605	CDISASM_ARM_NAME_LD1W	existing_upstream	1	0	A64	23	0
ld1d	252	583	CDISASM_ARM_NAME_LD1D	existing_upstream	1	0	A64	18	0
st1b	253	1411	CDISASM_ARM_NAME_ST1B	existing_upstream	1	0	A64	16	0
st1h	254	1413	CDISASM_ARM_NAME_ST1H	existing_upstream	1	0	A64	19	0
st1w	255	1415	CDISASM_ARM_NAME_ST1W	existing_upstream	1	0	A64	21	0
st1d	256	1412	CDISASM_ARM_NAME_ST1D	existing_upstream	1	0	A64	18	0
adclb	257	2	CDISASM_ARM_NAME_ADCLB	existing_upstream	1	0	A64	1	0
adclt	258	3	CDISASM_ARM_NAME_ADCLT	existing_upstream	1	0	A64	1	0
eor3	259	387	CDISASM_ARM_NAME_EOR3	existing_upstream	1	0	A64	2	0
rax1	260	1021	CDISASM_ARM_NAME_RAX1	existing_upstream	1	0	A64	2	0
smstart	261	1300	CDISASM_ARM_NAME_SMSTART	existing_upstream	0	1	A64	0	1
smstop	262	1301	CDISASM_ARM_NAME_SMSTOP	existing_upstream	0	1	A64	0	1
rdsvl	263	1089	CDISASM_ARM_NAME_RDSVL	existing_upstream	1	0	A64	1	0
fmopa	264	503	CDISASM_ARM_NAME_FMOPA	existing_upstream	1	0	A64	6	0
smopa	265	1297	CDISASM_ARM_NAME_SMOPA	existing_upstream	1	0	A64	3	0
umopa	266	1723	CDISASM_ARM_NAME_UMOPA	existing_upstream	1	0	A64	3	0
luti2	267	895	CDISASM_ARM_NAME_LUTI2	existing_upstream	1	0	A64	9	0
ldclrp	268	700	CDISASM_ARM_NAME_LDCLRP	existing_upstream	1	0	A64	1	0
ldclrpa	269	701	CDISASM_ARM_NAME_LDCLRPA	existing_upstream	1	0	A64	1	0
ldclrpl	270	703	CDISASM_ARM_NAME_LDCLRPL	existing_upstream	1	0	A64	1	0
ldclrpal	271	702	CDISASM_ARM_NAME_LDCLRPAL	existing_upstream	1	0	A64	1	0
ldsetp	272	804	CDISASM_ARM_NAME_LDSETP	existing_upstream	1	0	A64	1	0
ldsetpa	273	805	CDISASM_ARM_NAME_LDSETPA	existing_upstream	1	0	A64	1	0
ldsetpl	274	807	CDISASM_ARM_NAME_LDSETPL	existing_upstream	1	0	A64	1	0
ldsetpal	275	806	CDISASM_ARM_NAME_LDSETPAL	existing_upstream	1	0	A64	1	0
swpp	276	1621	CDISASM_ARM_NAME_SWPP	existing_upstream	1	0	A64	1	0
swppa	277	1622	CDISASM_ARM_NAME_SWPPA	existing_upstream	1	0	A64	1	0
swppl	278	1624	CDISASM_ARM_NAME_SWPPL	existing_upstream	1	0	A64	1	0
swppal	279	1623	CDISASM_ARM_NAME_SWPPAL	existing_upstream	1	0	A64	1	0
ldiapp	280	745	CDISASM_ARM_NAME_LDIAPP	existing_upstream	1	0	A64	4	0
stilp	281	1481	CDISASM_ARM_NAME_STILP	existing_upstream	1	0	A64	4	0
bti	282	142	CDISASM_ARM_NAME_BTI	existing_upstream	1	0	A64	1	0
pacia	283	959	CDISASM_ARM_NAME_PACIA	existing_upstream	1	0	A64	1	0
autia	284	47	CDISASM_ARM_NAME_AUTIA	existing_upstream	1	0	A64	1	0
xpaci	285	2010	CDISASM_ARM_NAME_XPACI	existing_upstream	1	0	A64	1	0
paciasp	286	962	CDISASM_ARM_NAME_PACIASP	existing_upstream	1	0	A64	1	0
irg	287	575	CDISASM_ARM_NAME_IRG	existing_upstream	1	0	A64	1	0
gmi	288	559	CDISASM_ARM_NAME_GMI	existing_upstream	1	0	A64	1	0
addg	289	6	CDISASM_ARM_NAME_ADDG	existing_upstream	1	0	A64	1	0
subg	290	1585	CDISASM_ARM_NAME_SUBG	existing_upstream	1	0	A64	1	0
stg	291	1478	CDISASM_ARM_NAME_STG	existing_upstream	1	0	A64	3	0
stzg	292	1582	CDISASM_ARM_NAME_STZG	existing_upstream	1	0	A64	3	0
ldg	293	743	CDISASM_ARM_NAME_LDG	existing_upstream	1	0	A64	1	0
cpyfp	294	301	CDISASM_ARM_NAME_CPYFP	existing_upstream	1	0	A64	1	0
cpyfm	295	285	CDISASM_ARM_NAME_CPYFM	existing_upstream	1	0	A64	1	0
cpyfe	296	269	CDISASM_ARM_NAME_CPYFE	existing_upstream	1	0	A64	1	0
setp	297	1205	CDISASM_ARM_NAME_SETP	existing_upstream	1	0	A64	1	0
setm	298	1201	CDISASM_ARM_NAME_SETM	existing_upstream	1	0	A64	1	0
sete	299	1169	CDISASM_ARM_NAME_SETE	existing_upstream	1	0	A64	1	0
ld64b	300	627	CDISASM_ARM_NAME_LD64B	existing_upstream	1	0	A64	1	0
st64b	301	1435	CDISASM_ARM_NAME_ST64B	existing_upstream	1	0	A64	1	0
st64bv	302	1436	CDISASM_ARM_NAME_ST64BV	existing_upstream	1	0	A64	1	0
st64bv0	303	1437	CDISASM_ARM_NAME_ST64BV0	existing_upstream	1	0	A64	1	0
abs	304	0	CDISASM_ARM_NAME_ABS	existing_upstream	1	0	A64	6	0
cnt	305	240	CDISASM_ARM_NAME_CNT	existing_upstream	1	0	A64	5	0
ctz	306	366	CDISASM_ARM_NAME_CTZ	existing_upstream	1	0	A64	2	0
lsl	307	887	CDISASM_ARM_NAME_LSL	existing_upstream	1	1	A32,A64,T32	5	12
lsr	308	891	CDISASM_ARM_NAME_LSR	existing_upstream	1	1	A32,A64,T32	5	12
asr	309	37	CDISASM_ARM_NAME_ASR	existing_upstream	1	1	A32,A64,T32	5	12
mls	310	908	CDISASM_ARM_NAME_MLS	existing_upstream	1	0	A32,A64,T32	8	0
vdiv	311	1859	CDISASM_ARM_NAME_VDIV	existing_upstream	1	0	A32,T32	6	0
sqrdmlah	312	1350	CDISASM_ARM_NAME_SQRDMLAH	existing_upstream	1	0	A64	8	0
adcs	313	4	CDISASM_ARM_NAME_ADCS	existing_upstream	1	1	A32,A64,T32	9	2
sbcs	314	1158	CDISASM_ARM_NAME_SBCS	existing_upstream	1	1	A32,A64,T32	9	2
csel	315	358	CDISASM_ARM_NAME_CSEL	existing_upstream	1	0	A64	2	0
csinc	316	361	CDISASM_ARM_NAME_CSINC	existing_upstream	1	0	A64	2	0
csinv	317	362	CDISASM_ARM_NAME_CSINV	existing_upstream	1	0	A64	2	0
csneg	318	363	CDISASM_ARM_NAME_CSNEG	existing_upstream	1	0	A64	2	0
madd	319	899	CDISASM_ARM_NAME_MADD	existing_upstream	1	0	A64	2	0
msub	320	928	CDISASM_ARM_NAME_MSUB	existing_upstream	1	0	A64	2	0
mneg	321	909	CDISASM_ARM_NAME_MNEG	existing_upstream	0	1	A64	0	2
ror	322	1116	CDISASM_ARM_NAME_ROR	existing_upstream	0	1	A32,A64,T32	0	10
neg	323	938	CDISASM_ARM_NAME_NEG	existing_upstream	1	1	A64	4	2
negs	324	939	CDISASM_ARM_NAME_NEGS	existing_upstream	0	1	A64	0	2
ngc	325	940	CDISASM_ARM_NAME_NGC	existing_upstream	0	1	A64	0	2
ngcs	326	941	CDISASM_ARM_NAME_NGCS	existing_upstream	0	1	A64	0	2
cinc	327	208	CDISASM_ARM_NAME_CINC	existing_upstream	0	1	A64	0	2
cset	328	359	CDISASM_ARM_NAME_CSET	existing_upstream	0	1	A64	0	2
cinv	329	209	CDISASM_ARM_NAME_CINV	existing_upstream	0	1	A64	0	2
csetm	330	360	CDISASM_ARM_NAME_CSETM	existing_upstream	0	1	A64	0	2
cneg	331	238	CDISASM_ARM_NAME_CNEG	existing_upstream	0	1	A64	0	2
bics	332	109	CDISASM_ARM_NAME_BICS	existing_upstream	1	1	A32,A64,T32	10	2
eors	333	390	CDISASM_ARM_NAME_EORS	existing_upstream	1	1	A32,A64,T32	8	2
nand	334	935	CDISASM_ARM_NAME_NAND	existing_upstream	1	0	A64	1	0
nands	335	936	CDISASM_ARM_NAME_NANDS	existing_upstream	1	0	A64	1	0
nor	336	944	CDISASM_ARM_NAME_NOR	existing_upstream	1	0	A64	1	0
nors	337	945	CDISASM_ARM_NAME_NORS	existing_upstream	1	0	A64	1	0
orn	338	948	CDISASM_ARM_NAME_ORN	existing_upstream	1	1	A64,T32	7	1
orns	339	949	CDISASM_ARM_NAME_ORNS	existing_upstream	1	0	A64,T32	4	0
orrs	340	952	CDISASM_ARM_NAME_ORRS	existing_upstream	1	1	A32,A64,T32	8	2
sel	341	1168	CDISASM_ARM_NAME_SEL	existing_upstream	1	0	A32,A64,T32	6	0
sqadd	342	1320	CDISASM_ARM_NAME_SQADD	existing_upstream	1	0	A64	5	0
uqadd	343	1732	CDISASM_ARM_NAME_UQADD	existing_upstream	1	0	A64	5	0
sqsub	344	1372	CDISASM_ARM_NAME_SQSUB	existing_upstream	1	0	A64	5	0
uqsub	345	1760	CDISASM_ARM_NAME_UQSUB	existing_upstream	1	0	A64	5	0
addpt	346	13	CDISASM_ARM_NAME_ADDPT	existing_upstream	1	0	A64	3	0
subpt	347	1591	CDISASM_ARM_NAME_SUBPT	existing_upstream	1	0	A64	3	0
zip1	348	2016	CDISASM_ARM_NAME_ZIP1	existing_upstream	1	0	A64	4	0
zip2	349	2017	CDISASM_ARM_NAME_ZIP2	existing_upstream	1	0	A64	4	0
uzp1	350	1817	CDISASM_ARM_NAME_UZP1	existing_upstream	1	0	A64	4	0
uzp2	351	1818	CDISASM_ARM_NAME_UZP2	existing_upstream	1	0	A64	4	0
trn1	352	1656	CDISASM_ARM_NAME_TRN1	existing_upstream	1	0	A64	4	0
trn2	353	1657	CDISASM_ARM_NAME_TRN2	existing_upstream	1	0	A64	4	0
tbl	354	1642	CDISASM_ARM_NAME_TBL	existing_upstream	1	0	A64	6	0
tbx	355	1645	CDISASM_ARM_NAME_TBX	existing_upstream	1	0	A64	5	0
tbxq	356	1646	CDISASM_ARM_NAME_TBXQ	existing_upstream	1	0	A64	1	0
tblq	357	1643	CDISASM_ARM_NAME_TBLQ	existing_upstream	1	0	A64	1	0
subr	358	1592	CDISASM_ARM_NAME_SUBR	existing_upstream	1	0	A64	2	0
sabd	359	1136	CDISASM_ARM_NAME_SABD	existing_upstream	1	0	A64	2	0
uabd	360	1664	CDISASM_ARM_NAME_UABD	existing_upstream	1	0	A64	2	0
smulh	361	1307	CDISASM_ARM_NAME_SMULH	existing_upstream	1	0	A64	3	0
umulh	362	1727	CDISASM_ARM_NAME_UMULH	existing_upstream	1	0	A64	3	0
sdivr	363	1166	CDISASM_ARM_NAME_SDIVR	existing_upstream	1	0	A64	1	0
udivr	364	1689	CDISASM_ARM_NAME_UDIVR	existing_upstream	1	0	A64	1	0
cls	365	214	CDISASM_ARM_NAME_CLS	existing_upstream	1	0	A64	5	0
cnot	366	239	CDISASM_ARM_NAME_CNOT	existing_upstream	1	0	A64	2	0
not	367	946	CDISASM_ARM_NAME_NOT	existing_upstream	1	1	A64	3	1
sxtb	368	1632	CDISASM_ARM_NAME_SXTB	existing_upstream	1	1	A32,A64,T32	5	3
sxth	369	1634	CDISASM_ARM_NAME_SXTH	existing_upstream	1	1	A32,A64,T32	5	3
sxtw	370	1636	CDISASM_ARM_NAME_SXTW	existing_upstream	1	1	A64	2	1
uxtb	371	1811	CDISASM_ARM_NAME_UXTB	existing_upstream	1	1	A32,A64,T32	5	2
uxth	372	1813	CDISASM_ARM_NAME_UXTH	existing_upstream	1	1	A32,A64,T32	5	2
uxtw	373	1815	CDISASM_ARM_NAME_UXTW	existing_upstream	1	0	A64	2	0
revb	374	1102	CDISASM_ARM_NAME_REVB	existing_upstream	1	0	A64	2	0
revh	375	1104	CDISASM_ARM_NAME_REVH	existing_upstream	1	0	A64	2	0
revw	376	1106	CDISASM_ARM_NAME_REVW	existing_upstream	1	0	A64	2	0
rbit	377	1022	CDISASM_ARM_NAME_RBIT	existing_upstream	1	0	A32,A64,T32	7	0
asrr	378	39	CDISASM_ARM_NAME_ASRR	existing_upstream	1	0	A64	1	0
lsrr	379	892	CDISASM_ARM_NAME_LSRR	existing_upstream	1	0	A64	1	0
lslr	380	888	CDISASM_ARM_NAME_LSLR	existing_upstream	1	0	A64	1	0
asrd	381	38	CDISASM_ARM_NAME_ASRD	existing_upstream	1	0	A64	1	0
sqshl	382	1363	CDISASM_ARM_NAME_SQSHL	existing_upstream	1	0	A64	6	0
uqshl	383	1755	CDISASM_ARM_NAME_UQSHL	existing_upstream	1	0	A64	6	0
srshr	384	1387	CDISASM_ARM_NAME_SRSHR	existing_upstream	1	0	A64	3	0
urshr	385	1771	CDISASM_ARM_NAME_URSHR	existing_upstream	1	0	A64	3	0
sqshlu	386	1365	CDISASM_ARM_NAME_SQSHLU	existing_upstream	1	0	A64	3	0
cmpeq	387	226	CDISASM_ARM_NAME_CMPEQ	existing_upstream	1	0	A64	3	0
cmpne	388	235	CDISASM_ARM_NAME_CMPNE	existing_upstream	1	0	A64	3	0
cmpge	389	227	CDISASM_ARM_NAME_CMPGE	existing_upstream	1	0	A64	3	0
cmpgt	390	228	CDISASM_ARM_NAME_CMPGT	existing_upstream	1	0	A64	3	0
cmphs	391	230	CDISASM_ARM_NAME_CMPHS	existing_upstream	1	0	A64	3	0
cmphi	392	229	CDISASM_ARM_NAME_CMPHI	existing_upstream	1	0	A64	3	0
cmplt	393	234	CDISASM_ARM_NAME_CMPLT	existing_upstream	1	1	A64	2	1
cmple	394	231	CDISASM_ARM_NAME_CMPLE	existing_upstream	1	1	A64	2	1
cmplo	395	232	CDISASM_ARM_NAME_CMPLO	existing_upstream	1	1	A64	2	1
cmpls	396	233	CDISASM_ARM_NAME_CMPLS	existing_upstream	1	1	A64	2	1
fcmeq	397	424	CDISASM_ARM_NAME_FCMEQ	existing_upstream	1	0	A64	10	0
fcmne	398	430	CDISASM_ARM_NAME_FCMNE	existing_upstream	1	0	A64	2	0
fcmge	399	425	CDISASM_ARM_NAME_FCMGE	existing_upstream	1	0	A64	10	0
fcmgt	400	426	CDISASM_ARM_NAME_FCMGT	existing_upstream	1	0	A64	10	0
fcmle	401	428	CDISASM_ARM_NAME_FCMLE	existing_upstream	1	1	A64	5	1
fcmlt	402	429	CDISASM_ARM_NAME_FCMLT	existing_upstream	1	1	A64	5	1
fcmuo	403	433	CDISASM_ARM_NAME_FCMUO	existing_upstream	1	0	A64	1	0
facge	404	409	CDISASM_ARM_NAME_FACGE	existing_upstream	1	0	A64	5	0
facgt	405	410	CDISASM_ARM_NAME_FACGT	existing_upstream	1	0	A64	5	0
fsubr	406	539	CDISASM_ARM_NAME_FSUBR	existing_upstream	1	0	A64	2	0
fmaxnm	407	470	CDISASM_ARM_NAME_FMAXNM	existing_upstream	1	0	A64	11	0
fminnm	408	478	CDISASM_ARM_NAME_FMINNM	existing_upstream	1	0	A64	11	0
fmax	409	469	CDISASM_ARM_NAME_FMAX	existing_upstream	1	0	A64	11	0
fmin	410	477	CDISASM_ARM_NAME_FMIN	existing_upstream	1	0	A64	11	0
fabd	411	407	CDISASM_ARM_NAME_FABD	existing_upstream	1	0	A64	5	0
fscale	412	534	CDISASM_ARM_NAME_FSCALE	existing_upstream	1	0	A64	7	0
fmulx	413	509	CDISASM_ARM_NAME_FMULX	existing_upstream	1	0	A64	9	0
fdivr	414	458	CDISASM_ARM_NAME_FDIVR	existing_upstream	1	0	A64	1	0
faddv	415	417	CDISASM_ARM_NAME_FADDV	existing_upstream	1	0	A64	1	0
fmaxnmv	416	473	CDISASM_ARM_NAME_FMAXNMV	existing_upstream	1	0	A64	3	0
fminnmv	417	481	CDISASM_ARM_NAME_FMINNMV	existing_upstream	1	0	A64	3	0
fmaxv	418	476	CDISASM_ARM_NAME_FMAXV	existing_upstream	1	0	A64	3	0
fminv	419	484	CDISASM_ARM_NAME_FMINV	existing_upstream	1	0	A64	3	0
fadda	420	414	CDISASM_ARM_NAME_FADDA	existing_upstream	1	0	A64	1	0
frintn	421	528	CDISASM_ARM_NAME_FRINTN	existing_upstream	1	0	A64	9	0
frintp	422	529	CDISASM_ARM_NAME_FRINTP	existing_upstream	1	0	A64	9	0
frintm	423	527	CDISASM_ARM_NAME_FRINTM	existing_upstream	1	0	A64	9	0
frintz	424	531	CDISASM_ARM_NAME_FRINTZ	existing_upstream	1	0	A64	7	0
frinta	425	525	CDISASM_ARM_NAME_FRINTA	existing_upstream	1	0	A64	9	0
frintx	426	530	CDISASM_ARM_NAME_FRINTX	existing_upstream	1	0	A64	7	0
frinti	427	526	CDISASM_ARM_NAME_FRINTI	existing_upstream	1	0	A64	7	0
frecpx	428	520	CDISASM_ARM_NAME_FRECPX	existing_upstream	1	0	A64	4	0
frecpe	429	518	CDISASM_ARM_NAME_FRECPE	existing_upstream	1	0	A64	5	0
frsqrte	430	532	CDISASM_ARM_NAME_FRSQRTE	existing_upstream	1	0	A64	5	0
scvtf	431	1163	CDISASM_ARM_NAME_SCVTF	existing_upstream	1	0	A64	39	0
ucvtf	432	1685	CDISASM_ARM_NAME_UCVTF	existing_upstream	1	0	A64	39	0
fcvt	433	436	CDISASM_ARM_NAME_FCVT	existing_upstream	1	0	A64	22	0
fcvtzs	434	453	CDISASM_ARM_NAME_FCVTZS	existing_upstream	1	0	A64	38	0
fcvtzu	435	455	CDISASM_ARM_NAME_FCVTZU	existing_upstream	1	0	A64	38	0
bfcvt	436	78	CDISASM_ARM_NAME_BFCVT	existing_upstream	1	0	A64	5	0
bfcvtnt	437	80	CDISASM_ARM_NAME_BFCVTNT	existing_upstream	1	0	A64	2	0
bfcvtn	438	79	CDISASM_ARM_NAME_BFCVTN	existing_upstream	1	0	A64	3	0
sbfm	439	1160	CDISASM_ARM_NAME_SBFM	existing_upstream	1	0	A64	2	0
bfm	440	83	CDISASM_ARM_NAME_BFM	existing_upstream	1	0	A64	2	0
ubfm	441	1682	CDISASM_ARM_NAME_UBFM	existing_upstream	1	0	A64	2	0
extr	442	400	CDISASM_ARM_NAME_EXTR	existing_upstream	1	0	A64	2	0
ccmp	443	203	CDISASM_ARM_NAME_CCMP	existing_upstream	1	0	A64	4	0
ccmn	444	202	CDISASM_ARM_NAME_CCMN	existing_upstream	1	0	A64	4	0
crc32b	445	349	CDISASM_ARM_NAME_CRC32B	existing_upstream	1	0	A32,A64,T32	3	0
crc32h	446	354	CDISASM_ARM_NAME_CRC32H	existing_upstream	1	0	A32,A64,T32	3	0
crc32w	447	355	CDISASM_ARM_NAME_CRC32W	existing_upstream	1	0	A32,A64,T32	3	0
crc32x	448	356	CDISASM_ARM_NAME_CRC32X	existing_upstream	1	0	A64	1	0
crc32cb	449	350	CDISASM_ARM_NAME_CRC32CB	existing_upstream	1	0	A32,A64,T32	3	0
crc32ch	450	351	CDISASM_ARM_NAME_CRC32CH	existing_upstream	1	0	A32,A64,T32	3	0
crc32cw	451	352	CDISASM_ARM_NAME_CRC32CW	existing_upstream	1	0	A32,A64,T32	3	0
crc32cx	452	353	CDISASM_ARM_NAME_CRC32CX	existing_upstream	1	0	A64	1	0
eret	453	393	CDISASM_ARM_NAME_ERET	existing_upstream	1	0	A32,A64,T32	3	0
yield	454	2013	CDISASM_ARM_NAME_YIELD	existing_upstream	1	0	A32,A64,T32	4	0
wfe	455	1992	CDISASM_ARM_NAME_WFE	existing_upstream	1	0	A32,A64,T32	4	0
wfi	456	1994	CDISASM_ARM_NAME_WFI	existing_upstream	1	0	A32,A64,T32	4	0
sev	457	1210	CDISASM_ARM_NAME_SEV	existing_upstream	1	0	A32,A64,T32	4	0
sevl	458	1211	CDISASM_ARM_NAME_SEVL	existing_upstream	1	0	A32,A64,T32	4	0
hint	459	561	CDISASM_ARM_NAME_HINT	existing_upstream	1	0	A64	1	0
sys	460	1637	CDISASM_ARM_NAME_SYS	existing_upstream	1	0	A64	1	0
sysl	461	1638	CDISASM_ARM_NAME_SYSL	existing_upstream	1	0	A64	1	0
clrex	462	213	CDISASM_ARM_NAME_CLREX	existing_upstream	1	0	A32,A64,T32	3	0
ldsmaxb	463	815	CDISASM_ARM_NAME_LDSMAXB	existing_upstream	1	0	A64	1	0
ldsmaxh	464	816	CDISASM_ARM_NAME_LDSMAXH	existing_upstream	1	0	A64	1	0
ldsmax	465	808	CDISASM_ARM_NAME_LDSMAX	existing_upstream	1	0	A64	2	0
ldsmaxab	466	810	CDISASM_ARM_NAME_LDSMAXAB	existing_upstream	1	0	A64	1	0
ldsmaxah	467	811	CDISASM_ARM_NAME_LDSMAXAH	existing_upstream	1	0	A64	1	0
ldsmaxa	468	809	CDISASM_ARM_NAME_LDSMAXA	existing_upstream	1	0	A64	2	0
ldsmaxlb	469	818	CDISASM_ARM_NAME_LDSMAXLB	existing_upstream	1	0	A64	1	0
ldsmaxlh	470	819	CDISASM_ARM_NAME_LDSMAXLH	existing_upstream	1	0	A64	1	0
ldsmaxl	471	817	CDISASM_ARM_NAME_LDSMAXL	existing_upstream	1	0	A64	2	0
ldsmaxalb	472	813	CDISASM_ARM_NAME_LDSMAXALB	existing_upstream	1	0	A64	1	0
ldsmaxalh	473	814	CDISASM_ARM_NAME_LDSMAXALH	existing_upstream	1	0	A64	1	0
ldsmaxal	474	812	CDISASM_ARM_NAME_LDSMAXAL	existing_upstream	1	0	A64	2	0
ldsminb	475	827	CDISASM_ARM_NAME_LDSMINB	existing_upstream	1	0	A64	1	0
ldsminh	476	828	CDISASM_ARM_NAME_LDSMINH	existing_upstream	1	0	A64	1	0
ldsmin	477	820	CDISASM_ARM_NAME_LDSMIN	existing_upstream	1	0	A64	2	0
ldsminab	478	822	CDISASM_ARM_NAME_LDSMINAB	existing_upstream	1	0	A64	1	0
ldsminah	479	823	CDISASM_ARM_NAME_LDSMINAH	existing_upstream	1	0	A64	1	0
ldsmina	480	821	CDISASM_ARM_NAME_LDSMINA	existing_upstream	1	0	A64	2	0
ldsminlb	481	830	CDISASM_ARM_NAME_LDSMINLB	existing_upstream	1	0	A64	1	0
ldsminlh	482	831	CDISASM_ARM_NAME_LDSMINLH	existing_upstream	1	0	A64	1	0
ldsminl	483	829	CDISASM_ARM_NAME_LDSMINL	existing_upstream	1	0	A64	2	0
ldsminalb	484	825	CDISASM_ARM_NAME_LDSMINALB	existing_upstream	1	0	A64	1	0
ldsminalh	485	826	CDISASM_ARM_NAME_LDSMINALH	existing_upstream	1	0	A64	1	0
ldsminal	486	824	CDISASM_ARM_NAME_LDSMINAL	existing_upstream	1	0	A64	2	0
ldumaxb	487	860	CDISASM_ARM_NAME_LDUMAXB	existing_upstream	1	0	A64	1	0
ldumaxh	488	861	CDISASM_ARM_NAME_LDUMAXH	existing_upstream	1	0	A64	1	0
ldumax	489	853	CDISASM_ARM_NAME_LDUMAX	existing_upstream	1	0	A64	2	0
ldumaxab	490	855	CDISASM_ARM_NAME_LDUMAXAB	existing_upstream	1	0	A64	1	0
ldumaxah	491	856	CDISASM_ARM_NAME_LDUMAXAH	existing_upstream	1	0	A64	1	0
ldumaxa	492	854	CDISASM_ARM_NAME_LDUMAXA	existing_upstream	1	0	A64	2	0
ldumaxlb	493	863	CDISASM_ARM_NAME_LDUMAXLB	existing_upstream	1	0	A64	1	0
ldumaxlh	494	864	CDISASM_ARM_NAME_LDUMAXLH	existing_upstream	1	0	A64	1	0
ldumaxl	495	862	CDISASM_ARM_NAME_LDUMAXL	existing_upstream	1	0	A64	2	0
ldumaxalb	496	858	CDISASM_ARM_NAME_LDUMAXALB	existing_upstream	1	0	A64	1	0
ldumaxalh	497	859	CDISASM_ARM_NAME_LDUMAXALH	existing_upstream	1	0	A64	1	0
ldumaxal	498	857	CDISASM_ARM_NAME_LDUMAXAL	existing_upstream	1	0	A64	2	0
lduminb	499	872	CDISASM_ARM_NAME_LDUMINB	existing_upstream	1	0	A64	1	0
lduminh	500	873	CDISASM_ARM_NAME_LDUMINH	existing_upstream	1	0	A64	1	0
ldumin	501	865	CDISASM_ARM_NAME_LDUMIN	existing_upstream	1	0	A64	2	0
lduminab	502	867	CDISASM_ARM_NAME_LDUMINAB	existing_upstream	1	0	A64	1	0
lduminah	503	868	CDISASM_ARM_NAME_LDUMINAH	existing_upstream	1	0	A64	1	0
ldumina	504	866	CDISASM_ARM_NAME_LDUMINA	existing_upstream	1	0	A64	2	0
lduminlb	505	875	CDISASM_ARM_NAME_LDUMINLB	existing_upstream	1	0	A64	1	0
lduminlh	506	876	CDISASM_ARM_NAME_LDUMINLH	existing_upstream	1	0	A64	1	0
lduminl	507	874	CDISASM_ARM_NAME_LDUMINL	existing_upstream	1	0	A64	2	0
lduminalb	508	870	CDISASM_ARM_NAME_LDUMINALB	existing_upstream	1	0	A64	1	0
lduminalh	509	871	CDISASM_ARM_NAME_LDUMINALH	existing_upstream	1	0	A64	1	0
lduminal	510	869	CDISASM_ARM_NAME_LDUMINAL	existing_upstream	1	0	A64	2	0
insr	511	574	CDISASM_ARM_NAME_INSR	existing_upstream	1	0	A64	2	0
dupq	512	383	CDISASM_ARM_NAME_DUPQ	existing_upstream	1	0	A64	1	0
famax	513	418	CDISASM_ARM_NAME_FAMAX	existing_upstream	1	0	A64	5	0
famin	514	419	CDISASM_ARM_NAME_FAMIN	existing_upstream	1	0	A64	5	0
addha	515	7	CDISASM_ARM_NAME_ADDHA	generated_upstream	1	0	A64	2	0
addhn	516	8	CDISASM_ARM_NAME_ADDHN	generated_upstream	1	0	A64	1	0
addhnb	517	9	CDISASM_ARM_NAME_ADDHNB	generated_upstream	1	0	A64	1	0
addhnt	518	10	CDISASM_ARM_NAME_ADDHNT	generated_upstream	1	0	A64	1	0
addp	519	11	CDISASM_ARM_NAME_ADDP	generated_upstream	1	0	A64	3	0
addpl	520	12	CDISASM_ARM_NAME_ADDPL	generated_upstream	1	0	A64	1	0
addqp	521	14	CDISASM_ARM_NAME_ADDQP	generated_upstream	1	0	A64	1	0
addqv	522	15	CDISASM_ARM_NAME_ADDQV	generated_upstream	1	0	A64	1	0
addspl	523	17	CDISASM_ARM_NAME_ADDSPL	generated_upstream	1	0	A64	1	0
addsubp	524	18	CDISASM_ARM_NAME_ADDSUBP	generated_upstream	1	0	A64	1	0
addsvl	525	19	CDISASM_ARM_NAME_ADDSVL	generated_upstream	1	0	A64	1	0
addv	526	20	CDISASM_ARM_NAME_ADDV	generated_upstream	1	0	A64	1	0
addva	527	21	CDISASM_ARM_NAME_ADDVA	generated_upstream	1	0	A64	2	0
addvl	528	22	CDISASM_ARM_NAME_ADDVL	generated_upstream	1	0	A64	1	0
addw	529	23	CDISASM_ARM_NAME_ADDW	generated_upstream	0	1	T32	0	3
aesd	530	26	CDISASM_ARM_NAME_AESD	generated_upstream	1	0	A32,A64,T32	6	0
aesdimc	531	27	CDISASM_ARM_NAME_AESDIMC	generated_upstream	1	0	A64	2	0
aese	532	28	CDISASM_ARM_NAME_AESE	generated_upstream	1	0	A32,A64,T32	6	0
aesemc	533	29	CDISASM_ARM_NAME_AESEMC	generated_upstream	1	0	A64	2	0
aesimc	534	30	CDISASM_ARM_NAME_AESIMC	generated_upstream	1	0	A32,A64,T32	4	0
aesmc	535	31	CDISASM_ARM_NAME_AESMC	generated_upstream	1	0	A32,A64,T32	4	0
andqv	536	33	CDISASM_ARM_NAME_ANDQV	generated_upstream	1	0	A64	1	0
andv	537	35	CDISASM_ARM_NAME_ANDV	generated_upstream	1	0	A64	1	0
apas	538	36	CDISASM_ARM_NAME_APAS	generated_upstream	0	1	A64	0	1
asrs	539	40	CDISASM_ARM_NAME_ASRS	generated_upstream	0	1	A32,T32	0	8
asrv	540	41	CDISASM_ARM_NAME_ASRV	generated_upstream	1	0	A64	2	0
at	541	42	CDISASM_ARM_NAME_AT	generated_upstream	0	1	A64	0	1
autda	542	43	CDISASM_ARM_NAME_AUTDA	generated_upstream	1	0	A64	1	0
autdb	543	44	CDISASM_ARM_NAME_AUTDB	generated_upstream	1	0	A64	1	0
autdza	544	45	CDISASM_ARM_NAME_AUTDZA	generated_upstream	1	0	A64	1	0
autdzb	545	46	CDISASM_ARM_NAME_AUTDZB	generated_upstream	1	0	A64	1	0
autia1716	546	48	CDISASM_ARM_NAME_AUTIA1716	generated_upstream	1	0	A64	1	0
autia171615	547	49	CDISASM_ARM_NAME_AUTIA171615	generated_upstream	1	0	A64	1	0
autiasp	548	50	CDISASM_ARM_NAME_AUTIASP	generated_upstream	1	0	A64	1	0
autiasppc	549	51	CDISASM_ARM_NAME_AUTIASPPC	generated_upstream	1	0	A64	1	0
autiasppcr	550	52	CDISASM_ARM_NAME_AUTIASPPCR	generated_upstream	1	0	A64	1	0
autiaz	551	53	CDISASM_ARM_NAME_AUTIAZ	generated_upstream	1	0	A64	1	0
autib	552	54	CDISASM_ARM_NAME_AUTIB	generated_upstream	1	0	A64	1	0
autib1716	553	55	CDISASM_ARM_NAME_AUTIB1716	generated_upstream	1	0	A64	1	0
autib171615	554	56	CDISASM_ARM_NAME_AUTIB171615	generated_upstream	1	0	A64	1	0
autibsp	555	57	CDISASM_ARM_NAME_AUTIBSP	generated_upstream	1	0	A64	1	0
autibsppc	556	58	CDISASM_ARM_NAME_AUTIBSPPC	generated_upstream	1	0	A64	1	0
autibsppcr	557	59	CDISASM_ARM_NAME_AUTIBSPPCR	generated_upstream	1	0	A64	1	0
autibz	558	60	CDISASM_ARM_NAME_AUTIBZ	generated_upstream	1	0	A64	1	0
autiza	559	61	CDISASM_ARM_NAME_AUTIZA	generated_upstream	1	0	A64	1	0
autizb	560	62	CDISASM_ARM_NAME_AUTIZB	generated_upstream	1	0	A64	1	0
axflag	561	63	CDISASM_ARM_NAME_AXFLAG	generated_upstream	1	0	A64	1	0
bc	562	65	CDISASM_ARM_NAME_BC	generated_upstream	1	0	A64	1	0
bcax	563	66	CDISASM_ARM_NAME_BCAX	generated_upstream	1	0	A64	2	0
bdep	564	67	CDISASM_ARM_NAME_BDEP	generated_upstream	1	0	A64	1	0
bext	565	68	CDISASM_ARM_NAME_BEXT	generated_upstream	1	0	A64	1	0
bf1cvt	566	69	CDISASM_ARM_NAME_BF1CVT	generated_upstream	1	0	A64	2	0
bf1cvtl	567	70	CDISASM_ARM_NAME_BF1CVTL	generated_upstream	1	0	A64	2	0
bf1cvtlt	568	71	CDISASM_ARM_NAME_BF1CVTLT	generated_upstream	1	0	A64	1	0
bf2cvt	569	72	CDISASM_ARM_NAME_BF2CVT	generated_upstream	1	0	A64	2	0
bf2cvtl	570	73	CDISASM_ARM_NAME_BF2CVTL	generated_upstream	1	0	A64	2	0
bf2cvtlt	571	74	CDISASM_ARM_NAME_BF2CVTLT	generated_upstream	1	0	A64	1	0
bfadd	572	75	CDISASM_ARM_NAME_BFADD	generated_upstream	1	0	A64	4	0
bfc	573	76	CDISASM_ARM_NAME_BFC	generated_upstream	1	1	A32,A64,T32	2	2
bfclamp	574	77	CDISASM_ARM_NAME_BFCLAMP	generated_upstream	1	0	A64	3	0
bfdot	575	81	CDISASM_ARM_NAME_BFDOT	generated_upstream	1	0	A64	10	0
bfi	576	82	CDISASM_ARM_NAME_BFI	generated_upstream	1	1	A32,A64,T32	2	2
bfmax	577	84	CDISASM_ARM_NAME_BFMAX	generated_upstream	1	0	A64	5	0
bfmaxnm	578	85	CDISASM_ARM_NAME_BFMAXNM	generated_upstream	1	0	A64	5	0
bfmin	579	86	CDISASM_ARM_NAME_BFMIN	generated_upstream	1	0	A64	5	0
bfminnm	580	87	CDISASM_ARM_NAME_BFMINNM	generated_upstream	1	0	A64	5	0
bfmla	581	88	CDISASM_ARM_NAME_BFMLA	generated_upstream	1	0	A64	8	0
bfmlal	582	89	CDISASM_ARM_NAME_BFMLAL	generated_upstream	1	0	A64	10	0
bfmlalb	583	90	CDISASM_ARM_NAME_BFMLALB	generated_upstream	1	0	A64	2	0
bfmlalt	584	91	CDISASM_ARM_NAME_BFMLALT	generated_upstream	1	0	A64	2	0
bfmls	585	92	CDISASM_ARM_NAME_BFMLS	generated_upstream	1	0	A64	8	0
bfmlsl	586	93	CDISASM_ARM_NAME_BFMLSL	generated_upstream	1	0	A64	8	0
bfmlslb	587	94	CDISASM_ARM_NAME_BFMLSLB	generated_upstream	1	0	A64	2	0
bfmlslt	588	95	CDISASM_ARM_NAME_BFMLSLT	generated_upstream	1	0	A64	2	0
bfmmla	589	96	CDISASM_ARM_NAME_BFMMLA	generated_upstream	1	0	A64	3	0
bfmop4a	590	97	CDISASM_ARM_NAME_BFMOP4A	generated_upstream	1	0	A64	8	0
bfmop4s	591	98	CDISASM_ARM_NAME_BFMOP4S	generated_upstream	1	0	A64	8	0
bfmopa	592	99	CDISASM_ARM_NAME_BFMOPA	generated_upstream	1	0	A64	2	0
bfmops	593	100	CDISASM_ARM_NAME_BFMOPS	generated_upstream	1	0	A64	2	0
bfmul	594	101	CDISASM_ARM_NAME_BFMUL	generated_upstream	1	0	A64	7	0
bfscale	595	102	CDISASM_ARM_NAME_BFSCALE	generated_upstream	1	0	A64	5	0
bfsub	596	103	CDISASM_ARM_NAME_BFSUB	generated_upstream	1	0	A64	4	0
bftmopa	597	104	CDISASM_ARM_NAME_BFTMOPA	generated_upstream	1	0	A64	2	0
bfvdot	598	105	CDISASM_ARM_NAME_BFVDOT	generated_upstream	1	0	A64	1	0
bfxil	599	106	CDISASM_ARM_NAME_BFXIL	generated_upstream	0	1	A64	0	2
bgrp	600	107	CDISASM_ARM_NAME_BGRP	generated_upstream	1	0	A64	1	0
bif	601	110	CDISASM_ARM_NAME_BIF	generated_upstream	1	0	A64	1	0
bit	602	111	CDISASM_ARM_NAME_BIT	generated_upstream	1	0	A64	1	0
blraa	603	115	CDISASM_ARM_NAME_BLRAA	generated_upstream	1	0	A64	1	0
blraaz	604	116	CDISASM_ARM_NAME_BLRAAZ	generated_upstream	1	0	A64	1	0
blrab	605	117	CDISASM_ARM_NAME_BLRAB	generated_upstream	1	0	A64	1	0
blrabz	606	118	CDISASM_ARM_NAME_BLRABZ	generated_upstream	1	0	A64	1	0
bmopa	607	120	CDISASM_ARM_NAME_BMOPA	generated_upstream	1	0	A64	1	0
bmops	608	121	CDISASM_ARM_NAME_BMOPS	generated_upstream	1	0	A64	1	0
braa	609	123	CDISASM_ARM_NAME_BRAA	generated_upstream	1	0	A64	1	0
braaz	610	124	CDISASM_ARM_NAME_BRAAZ	generated_upstream	1	0	A64	1	0
brab	611	125	CDISASM_ARM_NAME_BRAB	generated_upstream	1	0	A64	1	0
brabz	612	126	CDISASM_ARM_NAME_BRABZ	generated_upstream	1	0	A64	1	0
brb	613	127	CDISASM_ARM_NAME_BRB	generated_upstream	0	1	A64	0	1
brka	614	129	CDISASM_ARM_NAME_BRKA	generated_upstream	1	0	A64	1	0
brkas	615	130	CDISASM_ARM_NAME_BRKAS	generated_upstream	1	0	A64	1	0
brkb	616	131	CDISASM_ARM_NAME_BRKB	generated_upstream	1	0	A64	1	0
brkbs	617	132	CDISASM_ARM_NAME_BRKBS	generated_upstream	1	0	A64	1	0
brkn	618	133	CDISASM_ARM_NAME_BRKN	generated_upstream	1	0	A64	1	0
brkns	619	134	CDISASM_ARM_NAME_BRKNS	generated_upstream	1	0	A64	1	0
brkpa	620	135	CDISASM_ARM_NAME_BRKPA	generated_upstream	1	0	A64	1	0
brkpas	621	136	CDISASM_ARM_NAME_BRKPAS	generated_upstream	1	0	A64	1	0
brkpb	622	137	CDISASM_ARM_NAME_BRKPB	generated_upstream	1	0	A64	1	0
brkpbs	623	138	CDISASM_ARM_NAME_BRKPBS	generated_upstream	1	0	A64	1	0
bsl	624	139	CDISASM_ARM_NAME_BSL	generated_upstream	1	0	A64	2	0
bsl1n	625	140	CDISASM_ARM_NAME_BSL1N	generated_upstream	1	0	A64	1	0
bsl2n	626	141	CDISASM_ARM_NAME_BSL2N	generated_upstream	1	0	A64	1	0
bxj	627	144	CDISASM_ARM_NAME_BXJ	generated_upstream	1	0	A32,T32	2	0
cadd	628	145	CDISASM_ARM_NAME_CADD	generated_upstream	1	0	A64	1	0
casalt	629	153	CDISASM_ARM_NAME_CASALT	generated_upstream	1	0	A64	1	0
casat	630	154	CDISASM_ARM_NAME_CASAT	generated_upstream	1	0	A64	1	0
caslt	631	160	CDISASM_ARM_NAME_CASLT	generated_upstream	1	0	A64	1	0
caspalt	632	164	CDISASM_ARM_NAME_CASPALT	generated_upstream	1	0	A64	1	0
caspat	633	165	CDISASM_ARM_NAME_CASPAT	generated_upstream	1	0	A64	1	0
casplt	634	167	CDISASM_ARM_NAME_CASPLT	generated_upstream	1	0	A64	1	0
caspt	635	168	CDISASM_ARM_NAME_CASPT	generated_upstream	1	0	A64	1	0
cast	636	169	CDISASM_ARM_NAME_CAST	generated_upstream	1	0	A64	1	0
cbbeq	637	170	CDISASM_ARM_NAME_CBBEQ	generated_upstream	1	0	A64	1	0
cbbge	638	171	CDISASM_ARM_NAME_CBBGE	generated_upstream	1	0	A64	1	0
cbbgt	639	172	CDISASM_ARM_NAME_CBBGT	generated_upstream	1	0	A64	1	0
cbbhi	640	173	CDISASM_ARM_NAME_CBBHI	generated_upstream	1	0	A64	1	0
cbbhs	641	174	CDISASM_ARM_NAME_CBBHS	generated_upstream	1	0	A64	1	0
cbble	642	175	CDISASM_ARM_NAME_CBBLE	generated_upstream	0	1	A64	0	1
cbblo	643	176	CDISASM_ARM_NAME_CBBLO	generated_upstream	0	1	A64	0	1
cbbls	644	177	CDISASM_ARM_NAME_CBBLS	generated_upstream	0	1	A64	0	1
cbblt	645	178	CDISASM_ARM_NAME_CBBLT	generated_upstream	0	1	A64	0	1
cbbne	646	179	CDISASM_ARM_NAME_CBBNE	generated_upstream	1	0	A64	1	0
cbeq	647	180	CDISASM_ARM_NAME_CBEQ	generated_upstream	1	0	A64	4	0
cbge	648	181	CDISASM_ARM_NAME_CBGE	generated_upstream	1	1	A64	2	2
cbgt	649	182	CDISASM_ARM_NAME_CBGT	generated_upstream	1	0	A64	4	0
cbheq	650	183	CDISASM_ARM_NAME_CBHEQ	generated_upstream	1	0	A64	1	0
cbhge	651	184	CDISASM_ARM_NAME_CBHGE	generated_upstream	1	0	A64	1	0
cbhgt	652	185	CDISASM_ARM_NAME_CBHGT	generated_upstream	1	0	A64	1	0
cbhhi	653	186	CDISASM_ARM_NAME_CBHHI	generated_upstream	1	0	A64	1	0
cbhhs	654	187	CDISASM_ARM_NAME_CBHHS	generated_upstream	1	0	A64	1	0
cbhi	655	188	CDISASM_ARM_NAME_CBHI	generated_upstream	1	0	A64	4	0
cbhle	656	189	CDISASM_ARM_NAME_CBHLE	generated_upstream	0	1	A64	0	1
cbhlo	657	190	CDISASM_ARM_NAME_CBHLO	generated_upstream	0	1	A64	0	1
cbhls	658	191	CDISASM_ARM_NAME_CBHLS	generated_upstream	0	1	A64	0	1
cbhlt	659	192	CDISASM_ARM_NAME_CBHLT	generated_upstream	0	1	A64	0	1
cbhne	660	193	CDISASM_ARM_NAME_CBHNE	generated_upstream	1	0	A64	1	0
cbhs	661	194	CDISASM_ARM_NAME_CBHS	generated_upstream	1	1	A64	2	2
cble	662	195	CDISASM_ARM_NAME_CBLE	generated_upstream	0	1	A64	0	4
cblo	663	196	CDISASM_ARM_NAME_CBLO	generated_upstream	1	1	A64	2	2
cbls	664	197	CDISASM_ARM_NAME_CBLS	generated_upstream	0	1	A64	0	4
cblt	665	198	CDISASM_ARM_NAME_CBLT	generated_upstream	1	1	A64	2	2
cbne	666	199	CDISASM_ARM_NAME_CBNE	generated_upstream	1	0	A64	4	0
cdot	667	204	CDISASM_ARM_NAME_CDOT	generated_upstream	1	0	A64	3	0
cfinv	668	205	CDISASM_ARM_NAME_CFINV	generated_upstream	1	0	A64	1	0
cfp	669	206	CDISASM_ARM_NAME_CFP	generated_upstream	0	1	A64	0	1
chkfeat	670	207	CDISASM_ARM_NAME_CHKFEAT	generated_upstream	1	0	A64	1	0
clasta	671	210	CDISASM_ARM_NAME_CLASTA	generated_upstream	1	0	A64	3	0
clastb	672	211	CDISASM_ARM_NAME_CLASTB	generated_upstream	1	0	A64	3	0
clrbhb	673	212	CDISASM_ARM_NAME_CLRBHB	generated_upstream	1	0	A32,A64,T32	3	0
cmeq	674	216	CDISASM_ARM_NAME_CMEQ	generated_upstream	1	0	A64	4	0
cmge	675	217	CDISASM_ARM_NAME_CMGE	generated_upstream	1	0	A64	4	0
cmgt	676	218	CDISASM_ARM_NAME_CMGT	generated_upstream	1	0	A64	4	0
cmhi	677	219	CDISASM_ARM_NAME_CMHI	generated_upstream	1	0	A64	2	0
cmhs	678	220	CDISASM_ARM_NAME_CMHS	generated_upstream	1	0	A64	2	0
cmla	679	221	CDISASM_ARM_NAME_CMLA	generated_upstream	1	0	A64	3	0
cmle	680	222	CDISASM_ARM_NAME_CMLE	generated_upstream	1	0	A64	2	0
cmlt	681	223	CDISASM_ARM_NAME_CMLT	generated_upstream	1	0	A64	2	0
cmpp	682	236	CDISASM_ARM_NAME_CMPP	generated_upstream	0	1	A64	0	1
cmtst	683	237	CDISASM_ARM_NAME_CMTST	generated_upstream	1	0	A64	2	0
cntp	684	244	CDISASM_ARM_NAME_CNTP	generated_upstream	1	0	A64	2	0
compact	685	246	CDISASM_ARM_NAME_COMPACT	generated_upstream	1	0	A64	2	0
cosp	686	247	CDISASM_ARM_NAME_COSP	generated_upstream	0	1	A64	0	1
cpp	687	248	CDISASM_ARM_NAME_CPP	generated_upstream	0	1	A64	0	1
cps	688	249	CDISASM_ARM_NAME_CPS	generated_upstream	1	0	A32,T32	2	0
cpsid	689	250	CDISASM_ARM_NAME_CPSID	generated_upstream	1	0	A32,T32	5	0
cpsie	690	251	CDISASM_ARM_NAME_CPSIE	generated_upstream	1	0	A32,T32	5	0
cpy	691	252	CDISASM_ARM_NAME_CPY	generated_upstream	1	0	A64	4	0
cpye	692	253	CDISASM_ARM_NAME_CPYE	generated_upstream	1	0	A64	1	0
cpyen	693	254	CDISASM_ARM_NAME_CPYEN	generated_upstream	1	0	A64	1	0
cpyern	694	255	CDISASM_ARM_NAME_CPYERN	generated_upstream	1	0	A64	1	0
cpyert	695	256	CDISASM_ARM_NAME_CPYERT	generated_upstream	1	0	A64	1	0
cpyertn	696	257	CDISASM_ARM_NAME_CPYERTN	generated_upstream	1	0	A64	1	0
cpyertrn	697	258	CDISASM_ARM_NAME_CPYERTRN	generated_upstream	1	0	A64	1	0
cpyertwn	698	259	CDISASM_ARM_NAME_CPYERTWN	generated_upstream	1	0	A64	1	0
cpyet	699	260	CDISASM_ARM_NAME_CPYET	generated_upstream	1	0	A64	1	0
cpyetn	700	261	CDISASM_ARM_NAME_CPYETN	generated_upstream	1	0	A64	1	0
cpyetrn	701	262	CDISASM_ARM_NAME_CPYETRN	generated_upstream	1	0	A64	1	0
cpyetwn	702	263	CDISASM_ARM_NAME_CPYETWN	generated_upstream	1	0	A64	1	0
cpyewn	703	264	CDISASM_ARM_NAME_CPYEWN	generated_upstream	1	0	A64	1	0
cpyewt	704	265	CDISASM_ARM_NAME_CPYEWT	generated_upstream	1	0	A64	1	0
cpyewtn	705	266	CDISASM_ARM_NAME_CPYEWTN	generated_upstream	1	0	A64	1	0
cpyewtrn	706	267	CDISASM_ARM_NAME_CPYEWTRN	generated_upstream	1	0	A64	1	0
cpyewtwn	707	268	CDISASM_ARM_NAME_CPYEWTWN	generated_upstream	1	0	A64	1	0
cpyfen	708	270	CDISASM_ARM_NAME_CPYFEN	generated_upstream	1	0	A64	1	0
cpyfern	709	271	CDISASM_ARM_NAME_CPYFERN	generated_upstream	1	0	A64	1	0
cpyfert	710	272	CDISASM_ARM_NAME_CPYFERT	generated_upstream	1	0	A64	1	0
cpyfertn	711	273	CDISASM_ARM_NAME_CPYFERTN	generated_upstream	1	0	A64	1	0
cpyfertrn	712	274	CDISASM_ARM_NAME_CPYFERTRN	generated_upstream	1	0	A64	1	0
cpyfertwn	713	275	CDISASM_ARM_NAME_CPYFERTWN	generated_upstream	1	0	A64	1	0
cpyfet	714	276	CDISASM_ARM_NAME_CPYFET	generated_upstream	1	0	A64	1	0
cpyfetn	715	277	CDISASM_ARM_NAME_CPYFETN	generated_upstream	1	0	A64	1	0
cpyfetrn	716	278	CDISASM_ARM_NAME_CPYFETRN	generated_upstream	1	0	A64	1	0
cpyfetwn	717	279	CDISASM_ARM_NAME_CPYFETWN	generated_upstream	1	0	A64	1	0
cpyfewn	718	280	CDISASM_ARM_NAME_CPYFEWN	generated_upstream	1	0	A64	1	0
cpyfewt	719	281	CDISASM_ARM_NAME_CPYFEWT	generated_upstream	1	0	A64	1	0
cpyfewtn	720	282	CDISASM_ARM_NAME_CPYFEWTN	generated_upstream	1	0	A64	1	0
cpyfewtrn	721	283	CDISASM_ARM_NAME_CPYFEWTRN	generated_upstream	1	0	A64	1	0
cpyfewtwn	722	284	CDISASM_ARM_NAME_CPYFEWTWN	generated_upstream	1	0	A64	1	0
cpyfmn	723	286	CDISASM_ARM_NAME_CPYFMN	generated_upstream	1	0	A64	1	0
cpyfmrn	724	287	CDISASM_ARM_NAME_CPYFMRN	generated_upstream	1	0	A64	1	0
cpyfmrt	725	288	CDISASM_ARM_NAME_CPYFMRT	generated_upstream	1	0	A64	1	0
cpyfmrtn	726	289	CDISASM_ARM_NAME_CPYFMRTN	generated_upstream	1	0	A64	1	0
cpyfmrtrn	727	290	CDISASM_ARM_NAME_CPYFMRTRN	generated_upstream	1	0	A64	1	0
cpyfmrtwn	728	291	CDISASM_ARM_NAME_CPYFMRTWN	generated_upstream	1	0	A64	1	0
cpyfmt	729	292	CDISASM_ARM_NAME_CPYFMT	generated_upstream	1	0	A64	1	0
cpyfmtn	730	293	CDISASM_ARM_NAME_CPYFMTN	generated_upstream	1	0	A64	1	0
cpyfmtrn	731	294	CDISASM_ARM_NAME_CPYFMTRN	generated_upstream	1	0	A64	1	0
cpyfmtwn	732	295	CDISASM_ARM_NAME_CPYFMTWN	generated_upstream	1	0	A64	1	0
cpyfmwn	733	296	CDISASM_ARM_NAME_CPYFMWN	generated_upstream	1	0	A64	1	0
cpyfmwt	734	297	CDISASM_ARM_NAME_CPYFMWT	generated_upstream	1	0	A64	1	0
cpyfmwtn	735	298	CDISASM_ARM_NAME_CPYFMWTN	generated_upstream	1	0	A64	1	0
cpyfmwtrn	736	299	CDISASM_ARM_NAME_CPYFMWTRN	generated_upstream	1	0	A64	1	0
cpyfmwtwn	737	300	CDISASM_ARM_NAME_CPYFMWTWN	generated_upstream	1	0	A64	1	0
cpyfpn	738	302	CDISASM_ARM_NAME_CPYFPN	generated_upstream	1	0	A64	1	0
cpyfprn	739	303	CDISASM_ARM_NAME_CPYFPRN	generated_upstream	1	0	A64	1	0
cpyfprt	740	304	CDISASM_ARM_NAME_CPYFPRT	generated_upstream	1	0	A64	1	0
cpyfprtn	741	305	CDISASM_ARM_NAME_CPYFPRTN	generated_upstream	1	0	A64	1	0
cpyfprtrn	742	306	CDISASM_ARM_NAME_CPYFPRTRN	generated_upstream	1	0	A64	1	0
cpyfprtwn	743	307	CDISASM_ARM_NAME_CPYFPRTWN	generated_upstream	1	0	A64	1	0
cpyfpt	744	308	CDISASM_ARM_NAME_CPYFPT	generated_upstream	1	0	A64	1	0
cpyfptn	745	309	CDISASM_ARM_NAME_CPYFPTN	generated_upstream	1	0	A64	1	0
cpyfptrn	746	310	CDISASM_ARM_NAME_CPYFPTRN	generated_upstream	1	0	A64	1	0
cpyfptwn	747	311	CDISASM_ARM_NAME_CPYFPTWN	generated_upstream	1	0	A64	1	0
cpyfpwn	748	312	CDISASM_ARM_NAME_CPYFPWN	generated_upstream	1	0	A64	1	0
cpyfpwt	749	313	CDISASM_ARM_NAME_CPYFPWT	generated_upstream	1	0	A64	1	0
cpyfpwtn	750	314	CDISASM_ARM_NAME_CPYFPWTN	generated_upstream	1	0	A64	1	0
cpyfpwtrn	751	315	CDISASM_ARM_NAME_CPYFPWTRN	generated_upstream	1	0	A64	1	0
cpyfpwtwn	752	316	CDISASM_ARM_NAME_CPYFPWTWN	generated_upstream	1	0	A64	1	0
cpym	753	317	CDISASM_ARM_NAME_CPYM	generated_upstream	1	0	A64	1	0
cpymn	754	318	CDISASM_ARM_NAME_CPYMN	generated_upstream	1	0	A64	1	0
cpymrn	755	319	CDISASM_ARM_NAME_CPYMRN	generated_upstream	1	0	A64	1	0
cpymrt	756	320	CDISASM_ARM_NAME_CPYMRT	generated_upstream	1	0	A64	1	0
cpymrtn	757	321	CDISASM_ARM_NAME_CPYMRTN	generated_upstream	1	0	A64	1	0
cpymrtrn	758	322	CDISASM_ARM_NAME_CPYMRTRN	generated_upstream	1	0	A64	1	0
cpymrtwn	759	323	CDISASM_ARM_NAME_CPYMRTWN	generated_upstream	1	0	A64	1	0
cpymt	760	324	CDISASM_ARM_NAME_CPYMT	generated_upstream	1	0	A64	1	0
cpymtn	761	325	CDISASM_ARM_NAME_CPYMTN	generated_upstream	1	0	A64	1	0
cpymtrn	762	326	CDISASM_ARM_NAME_CPYMTRN	generated_upstream	1	0	A64	1	0
cpymtwn	763	327	CDISASM_ARM_NAME_CPYMTWN	generated_upstream	1	0	A64	1	0
cpymwn	764	328	CDISASM_ARM_NAME_CPYMWN	generated_upstream	1	0	A64	1	0
cpymwt	765	329	CDISASM_ARM_NAME_CPYMWT	generated_upstream	1	0	A64	1	0
cpymwtn	766	330	CDISASM_ARM_NAME_CPYMWTN	generated_upstream	1	0	A64	1	0
cpymwtrn	767	331	CDISASM_ARM_NAME_CPYMWTRN	generated_upstream	1	0	A64	1	0
cpymwtwn	768	332	CDISASM_ARM_NAME_CPYMWTWN	generated_upstream	1	0	A64	1	0
cpyp	769	333	CDISASM_ARM_NAME_CPYP	generated_upstream	1	0	A64	1	0
cpypn	770	334	CDISASM_ARM_NAME_CPYPN	generated_upstream	1	0	A64	1	0
cpyprn	771	335	CDISASM_ARM_NAME_CPYPRN	generated_upstream	1	0	A64	1	0
cpyprt	772	336	CDISASM_ARM_NAME_CPYPRT	generated_upstream	1	0	A64	1	0
cpyprtn	773	337	CDISASM_ARM_NAME_CPYPRTN	generated_upstream	1	0	A64	1	0
cpyprtrn	774	338	CDISASM_ARM_NAME_CPYPRTRN	generated_upstream	1	0	A64	1	0
cpyprtwn	775	339	CDISASM_ARM_NAME_CPYPRTWN	generated_upstream	1	0	A64	1	0
cpypt	776	340	CDISASM_ARM_NAME_CPYPT	generated_upstream	1	0	A64	1	0
cpyptn	777	341	CDISASM_ARM_NAME_CPYPTN	generated_upstream	1	0	A64	1	0
cpyptrn	778	342	CDISASM_ARM_NAME_CPYPTRN	generated_upstream	1	0	A64	1	0
cpyptwn	779	343	CDISASM_ARM_NAME_CPYPTWN	generated_upstream	1	0	A64	1	0
cpypwn	780	344	CDISASM_ARM_NAME_CPYPWN	generated_upstream	1	0	A64	1	0
cpypwt	781	345	CDISASM_ARM_NAME_CPYPWT	generated_upstream	1	0	A64	1	0
cpypwtn	782	346	CDISASM_ARM_NAME_CPYPWTN	generated_upstream	1	0	A64	1	0
cpypwtrn	783	347	CDISASM_ARM_NAME_CPYPWTRN	generated_upstream	1	0	A64	1	0
cpypwtwn	784	348	CDISASM_ARM_NAME_CPYPWTWN	generated_upstream	1	0	A64	1	0
csdb	785	357	CDISASM_ARM_NAME_CSDB	generated_upstream	1	0	A32,A64,T32	3	0
ctermeq	786	364	CDISASM_ARM_NAME_CTERMEQ	generated_upstream	1	0	A64	1	0
ctermne	787	365	CDISASM_ARM_NAME_CTERMNE	generated_upstream	1	0	A64	1	0
dbg	788	367	CDISASM_ARM_NAME_DBG	generated_upstream	1	0	A32,T32	2	0
dc	789	368	CDISASM_ARM_NAME_DC	generated_upstream	0	1	A64	0	1
dcps1	790	369	CDISASM_ARM_NAME_DCPS1	generated_upstream	1	0	A64,T32	2	0
dcps2	791	370	CDISASM_ARM_NAME_DCPS2	generated_upstream	1	0	A64,T32	2	0
dcps3	792	371	CDISASM_ARM_NAME_DCPS3	generated_upstream	1	0	A64,T32	2	0
decb	793	372	CDISASM_ARM_NAME_DECB	generated_upstream	1	0	A64	1	0
decd	794	373	CDISASM_ARM_NAME_DECD	generated_upstream	1	0	A64	2	0
dech	795	374	CDISASM_ARM_NAME_DECH	generated_upstream	1	0	A64	2	0
decp	796	375	CDISASM_ARM_NAME_DECP	generated_upstream	1	0	A64	2	0
decw	797	376	CDISASM_ARM_NAME_DECW	generated_upstream	1	0	A64	2	0
dgh	798	377	CDISASM_ARM_NAME_DGH	generated_upstream	1	0	A64	1	0
drps	799	379	CDISASM_ARM_NAME_DRPS	generated_upstream	1	0	A64	1	0
dup	800	381	CDISASM_ARM_NAME_DUP	generated_upstream	1	0	A64	6	0
dupm	801	382	CDISASM_ARM_NAME_DUPM	generated_upstream	1	0	A64	1	0
dvp	802	384	CDISASM_ARM_NAME_DVP	generated_upstream	0	1	A64	0	1
eon	803	385	CDISASM_ARM_NAME_EON	generated_upstream	1	1	A64	2	1
eorbt	804	388	CDISASM_ARM_NAME_EORBT	generated_upstream	1	0	A64	1	0
eorqv	805	389	CDISASM_ARM_NAME_EORQV	generated_upstream	1	0	A64	1	0
eortb	806	391	CDISASM_ARM_NAME_EORTB	generated_upstream	1	0	A64	1	0
eorv	807	392	CDISASM_ARM_NAME_EORV	generated_upstream	1	0	A64	1	0
eretaa	808	394	CDISASM_ARM_NAME_ERETAA	generated_upstream	1	0	A64	1	0
eretab	809	395	CDISASM_ARM_NAME_ERETAB	generated_upstream	1	0	A64	1	0
esb	810	396	CDISASM_ARM_NAME_ESB	generated_upstream	1	0	A32,A64,T32	3	0
expand	811	397	CDISASM_ARM_NAME_EXPAND	generated_upstream	1	0	A64	1	0
ext	812	398	CDISASM_ARM_NAME_EXT	generated_upstream	1	0	A64	3	0
extq	813	399	CDISASM_ARM_NAME_EXTQ	generated_upstream	1	0	A64	1	0
f1cvt	814	401	CDISASM_ARM_NAME_F1CVT	generated_upstream	1	0	A64	2	0
f1cvtl	815	402	CDISASM_ARM_NAME_F1CVTL	generated_upstream	1	0	A64	2	0
f1cvtlt	816	403	CDISASM_ARM_NAME_F1CVTLT	generated_upstream	1	0	A64	1	0
f2cvt	817	404	CDISASM_ARM_NAME_F2CVT	generated_upstream	1	0	A64	2	0
f2cvtl	818	405	CDISASM_ARM_NAME_F2CVTL	generated_upstream	1	0	A64	2	0
f2cvtlt	819	406	CDISASM_ARM_NAME_F2CVTLT	generated_upstream	1	0	A64	1	0
facle	820	411	CDISASM_ARM_NAME_FACLE	generated_upstream	0	1	A64	0	1
faclt	821	412	CDISASM_ARM_NAME_FACLT	generated_upstream	0	1	A64	0	1
faddp	822	415	CDISASM_ARM_NAME_FADDP	generated_upstream	1	0	A64	5	0
faddqv	823	416	CDISASM_ARM_NAME_FADDQV	generated_upstream	1	0	A64	1	0
fcadd	824	420	CDISASM_ARM_NAME_FCADD	generated_upstream	1	0	A64	2	0
fccmp	825	421	CDISASM_ARM_NAME_FCCMP	generated_upstream	1	0	A64	3	0
fccmpe	826	422	CDISASM_ARM_NAME_FCCMPE	generated_upstream	1	0	A64	3	0
fclamp	827	423	CDISASM_ARM_NAME_FCLAMP	generated_upstream	1	0	A64	3	0
fcmla	828	427	CDISASM_ARM_NAME_FCMLA	generated_upstream	1	0	A64	5	0
fcmpe	829	432	CDISASM_ARM_NAME_FCMPE	generated_upstream	1	0	A64	6	0
fcpy	830	434	CDISASM_ARM_NAME_FCPY	generated_upstream	1	0	A64	1	0
fcvtas	831	437	CDISASM_ARM_NAME_FCVTAS	generated_upstream	1	0	A64	14	0
fcvtau	832	438	CDISASM_ARM_NAME_FCVTAU	generated_upstream	1	0	A64	14	0
fcvtl	833	439	CDISASM_ARM_NAME_FCVTL	generated_upstream	1	0	A64	2	0
fcvtlt	834	440	CDISASM_ARM_NAME_FCVTLT	generated_upstream	1	0	A64	4	0
fcvtms	835	441	CDISASM_ARM_NAME_FCVTMS	generated_upstream	1	0	A64	14	0
fcvtmu	836	442	CDISASM_ARM_NAME_FCVTMU	generated_upstream	1	0	A64	14	0
fcvtn	837	443	CDISASM_ARM_NAME_FCVTN	generated_upstream	1	0	A64	6	0
fcvtnb	838	444	CDISASM_ARM_NAME_FCVTNB	generated_upstream	1	0	A64	1	0
fcvtns	839	445	CDISASM_ARM_NAME_FCVTNS	generated_upstream	1	0	A64	14	0
fcvtnt	840	446	CDISASM_ARM_NAME_FCVTNT	generated_upstream	1	0	A64	5	0
fcvtnu	841	447	CDISASM_ARM_NAME_FCVTNU	generated_upstream	1	0	A64	14	0
fcvtps	842	448	CDISASM_ARM_NAME_FCVTPS	generated_upstream	1	0	A64	14	0
fcvtpu	843	449	CDISASM_ARM_NAME_FCVTPU	generated_upstream	1	0	A64	14	0
fcvtx	844	450	CDISASM_ARM_NAME_FCVTX	generated_upstream	1	0	A64	2	0
fcvtxn	845	451	CDISASM_ARM_NAME_FCVTXN	generated_upstream	1	0	A64	2	0
fcvtxnt	846	452	CDISASM_ARM_NAME_FCVTXNT	generated_upstream	1	0	A64	2	0
fcvtzsn	847	454	CDISASM_ARM_NAME_FCVTZSN	generated_upstream	1	0	A64	1	0
fcvtzun	848	456	CDISASM_ARM_NAME_FCVTZUN	generated_upstream	1	0	A64	1	0
fdot	849	459	CDISASM_ARM_NAME_FDOT	generated_upstream	1	0	A64	30	0
fdup	850	460	CDISASM_ARM_NAME_FDUP	generated_upstream	1	0	A64	1	0
fexpa	851	461	CDISASM_ARM_NAME_FEXPA	generated_upstream	1	0	A64	1	0
firstp	852	462	CDISASM_ARM_NAME_FIRSTP	generated_upstream	1	0	A64	1	0
fjcvtzs	853	463	CDISASM_ARM_NAME_FJCVTZS	generated_upstream	1	0	A64	1	0
fldmdbx	854	464	CDISASM_ARM_NAME_FLDMDBX	generated_upstream	1	0	A32,T32	2	0
fldmiax	855	465	CDISASM_ARM_NAME_FLDMIAX	generated_upstream	1	0	A32,T32	2	0
flogb	856	466	CDISASM_ARM_NAME_FLOGB	generated_upstream	1	0	A64	2	0
fmad	857	467	CDISASM_ARM_NAME_FMAD	generated_upstream	1	0	A64	1	0
fmadd	858	468	CDISASM_ARM_NAME_FMADD	generated_upstream	1	0	A64	3	0
fmaxnmp	859	471	CDISASM_ARM_NAME_FMAXNMP	generated_upstream	1	0	A64	5	0
fmaxnmqv	860	472	CDISASM_ARM_NAME_FMAXNMQV	generated_upstream	1	0	A64	1	0
fmaxp	861	474	CDISASM_ARM_NAME_FMAXP	generated_upstream	1	0	A64	5	0
fmaxqv	862	475	CDISASM_ARM_NAME_FMAXQV	generated_upstream	1	0	A64	1	0
fminnmp	863	479	CDISASM_ARM_NAME_FMINNMP	generated_upstream	1	0	A64	5	0
fminnmqv	864	480	CDISASM_ARM_NAME_FMINNMQV	generated_upstream	1	0	A64	1	0
fminp	865	482	CDISASM_ARM_NAME_FMINP	generated_upstream	1	0	A64	5	0
fminqv	866	483	CDISASM_ARM_NAME_FMINQV	generated_upstream	1	0	A64	1	0
fmlal	867	486	CDISASM_ARM_NAME_FMLAL	generated_upstream	1	0	A64	18	0
fmlal2	868	487	CDISASM_ARM_NAME_FMLAL2	generated_upstream	1	0	A64	2	0
fmlalb	869	488	CDISASM_ARM_NAME_FMLALB	generated_upstream	1	0	A64	6	0
fmlall	870	489	CDISASM_ARM_NAME_FMLALL	generated_upstream	1	0	A64	8	0
fmlallbb	871	490	CDISASM_ARM_NAME_FMLALLBB	generated_upstream	1	0	A64	4	0
fmlallbt	872	491	CDISASM_ARM_NAME_FMLALLBT	generated_upstream	1	0	A64	4	0
fmlalltb	873	492	CDISASM_ARM_NAME_FMLALLTB	generated_upstream	1	0	A64	4	0
fmlalltt	874	493	CDISASM_ARM_NAME_FMLALLTT	generated_upstream	1	0	A64	4	0
fmlalt	875	494	CDISASM_ARM_NAME_FMLALT	generated_upstream	1	0	A64	6	0
fmlsl	876	496	CDISASM_ARM_NAME_FMLSL	generated_upstream	1	0	A64	10	0
fmlsl2	877	497	CDISASM_ARM_NAME_FMLSL2	generated_upstream	1	0	A64	2	0
fmlslb	878	498	CDISASM_ARM_NAME_FMLSLB	generated_upstream	1	0	A64	2	0
fmlslt	879	499	CDISASM_ARM_NAME_FMLSLT	generated_upstream	1	0	A64	2	0
fmmla	880	500	CDISASM_ARM_NAME_FMMLA	generated_upstream	1	0	A64	10	0
fmop4a	881	501	CDISASM_ARM_NAME_FMOP4A	generated_upstream	1	0	A64	24	0
fmop4s	882	502	CDISASM_ARM_NAME_FMOP4S	generated_upstream	1	0	A64	16	0
fmops	883	504	CDISASM_ARM_NAME_FMOPS	generated_upstream	1	0	A64	4	0
fmov	884	505	CDISASM_ARM_NAME_FMOV	generated_upstream	1	1	A64	19	4
fmsb	885	506	CDISASM_ARM_NAME_FMSB	generated_upstream	1	0	A64	1	0
fmsub	886	507	CDISASM_ARM_NAME_FMSUB	generated_upstream	1	0	A64	3	0
fnmad	887	511	CDISASM_ARM_NAME_FNMAD	generated_upstream	1	0	A64	1	0
fnmadd	888	512	CDISASM_ARM_NAME_FNMADD	generated_upstream	1	0	A64	3	0
fnmla	889	513	CDISASM_ARM_NAME_FNMLA	generated_upstream	1	0	A64	1	0
fnmls	890	514	CDISASM_ARM_NAME_FNMLS	generated_upstream	1	0	A64	1	0
fnmsb	891	515	CDISASM_ARM_NAME_FNMSB	generated_upstream	1	0	A64	1	0
fnmsub	892	516	CDISASM_ARM_NAME_FNMSUB	generated_upstream	1	0	A64	3	0
fnmul	893	517	CDISASM_ARM_NAME_FNMUL	generated_upstream	1	0	A64	3	0
frecps	894	519	CDISASM_ARM_NAME_FRECPS	generated_upstream	1	0	A64	5	0
frint32x	895	521	CDISASM_ARM_NAME_FRINT32X	generated_upstream	1	0	A64	5	0
frint32z	896	522	CDISASM_ARM_NAME_FRINT32Z	generated_upstream	1	0	A64	5	0
frint64x	897	523	CDISASM_ARM_NAME_FRINT64X	generated_upstream	1	0	A64	5	0
frint64z	898	524	CDISASM_ARM_NAME_FRINT64Z	generated_upstream	1	0	A64	5	0
frsqrts	899	533	CDISASM_ARM_NAME_FRSQRTS	generated_upstream	1	0	A64	5	0
fstmdbx	900	536	CDISASM_ARM_NAME_FSTMDBX	generated_upstream	1	0	A32,T32	2	0
fstmiax	901	537	CDISASM_ARM_NAME_FSTMIAX	generated_upstream	1	0	A32,T32	2	0
ftmad	902	540	CDISASM_ARM_NAME_FTMAD	generated_upstream	1	0	A64	1	0
ftmopa	903	541	CDISASM_ARM_NAME_FTMOPA	generated_upstream	1	0	A64	5	0
ftsmul	904	542	CDISASM_ARM_NAME_FTSMUL	generated_upstream	1	0	A64	1	0
ftssel	905	543	CDISASM_ARM_NAME_FTSSEL	generated_upstream	1	0	A64	1	0
fvdot	906	544	CDISASM_ARM_NAME_FVDOT	generated_upstream	1	0	A64	2	0
fvdotb	907	545	CDISASM_ARM_NAME_FVDOTB	generated_upstream	1	0	A64	1	0
fvdott	908	546	CDISASM_ARM_NAME_FVDOTT	generated_upstream	1	0	A64	1	0
gcsb	909	547	CDISASM_ARM_NAME_GCSB	generated_upstream	1	0	A64	1	0
gcspopcx	910	548	CDISASM_ARM_NAME_GCSPOPCX	generated_upstream	0	1	A64	0	1
gcspopm	911	549	CDISASM_ARM_NAME_GCSPOPM	generated_upstream	0	1	A64	0	1
gcspopx	912	550	CDISASM_ARM_NAME_GCSPOPX	generated_upstream	0	1	A64	0	1
gcspushm	913	551	CDISASM_ARM_NAME_GCSPUSHM	generated_upstream	0	1	A64	0	1
gcspushx	914	552	CDISASM_ARM_NAME_GCSPUSHX	generated_upstream	0	1	A64	0	1
gcsss1	915	553	CDISASM_ARM_NAME_GCSSS1	generated_upstream	0	1	A64	0	1
gcsss2	916	554	CDISASM_ARM_NAME_GCSSS2	generated_upstream	0	1	A64	0	1
gcsstr	917	555	CDISASM_ARM_NAME_GCSSTR	generated_upstream	1	0	A64	1	0
gcssttr	918	556	CDISASM_ARM_NAME_GCSSTTR	generated_upstream	1	0	A64	1	0
gic	919	557	CDISASM_ARM_NAME_GIC	generated_upstream	0	1	A64	0	1
gicr	920	558	CDISASM_ARM_NAME_GICR	generated_upstream	0	1	A64	0	1
gsb	921	560	CDISASM_ARM_NAME_GSB	generated_upstream	0	1	A64	0	1
histcnt	922	562	CDISASM_ARM_NAME_HISTCNT	generated_upstream	1	0	A64	1	0
histseg	923	563	CDISASM_ARM_NAME_HISTSEG	generated_upstream	1	0	A64	1	0
hlt	924	564	CDISASM_ARM_NAME_HLT	generated_upstream	1	0	A32,A64,T32	3	0
ic	925	566	CDISASM_ARM_NAME_IC	generated_upstream	0	1	A64	0	1
incb	926	567	CDISASM_ARM_NAME_INCB	generated_upstream	1	0	A64	1	0
incd	927	568	CDISASM_ARM_NAME_INCD	generated_upstream	1	0	A64	2	0
inch	928	569	CDISASM_ARM_NAME_INCH	generated_upstream	1	0	A64	2	0
incp	929	570	CDISASM_ARM_NAME_INCP	generated_upstream	1	0	A64	2	0
incw	930	571	CDISASM_ARM_NAME_INCW	generated_upstream	1	0	A64	2	0
index	931	572	CDISASM_ARM_NAME_INDEX	generated_upstream	1	0	A64	4	0
ins	932	573	CDISASM_ARM_NAME_INS	generated_upstream	1	0	A64	2	0
lasta	933	578	CDISASM_ARM_NAME_LASTA	generated_upstream	1	0	A64	2	0
lastb	934	579	CDISASM_ARM_NAME_LASTB	generated_upstream	1	0	A64	2	0
lastp	935	580	CDISASM_ARM_NAME_LASTP	generated_upstream	1	0	A64	1	0
ld1	936	581	CDISASM_ARM_NAME_LD1	generated_upstream	1	0	A64	24	0
ld1q	937	585	CDISASM_ARM_NAME_LD1Q	generated_upstream	1	0	A64	2	0
ld1r	938	586	CDISASM_ARM_NAME_LD1R	generated_upstream	1	0	A64	3	0
ld1rb	939	587	CDISASM_ARM_NAME_LD1RB	generated_upstream	1	0	A64	4	0
ld1rd	940	588	CDISASM_ARM_NAME_LD1RD	generated_upstream	1	0	A64	1	0
ld1rh	941	589	CDISASM_ARM_NAME_LD1RH	generated_upstream	1	0	A64	3	0
ld1rob	942	590	CDISASM_ARM_NAME_LD1ROB	generated_upstream	1	0	A64	2	0
ld1rod	943	591	CDISASM_ARM_NAME_LD1ROD	generated_upstream	1	0	A64	2	0
ld1roh	944	592	CDISASM_ARM_NAME_LD1ROH	generated_upstream	1	0	A64	2	0
ld1row	945	593	CDISASM_ARM_NAME_LD1ROW	generated_upstream	1	0	A64	2	0
ld1rqb	946	594	CDISASM_ARM_NAME_LD1RQB	generated_upstream	1	0	A64	2	0
ld1rqd	947	595	CDISASM_ARM_NAME_LD1RQD	generated_upstream	1	0	A64	2	0
ld1rqh	948	596	CDISASM_ARM_NAME_LD1RQH	generated_upstream	1	0	A64	2	0
ld1rqw	949	597	CDISASM_ARM_NAME_LD1RQW	generated_upstream	1	0	A64	2	0
ld1rsb	950	598	CDISASM_ARM_NAME_LD1RSB	generated_upstream	1	0	A64	3	0
ld1rsh	951	599	CDISASM_ARM_NAME_LD1RSH	generated_upstream	1	0	A64	2	0
ld1rsw	952	600	CDISASM_ARM_NAME_LD1RSW	generated_upstream	1	0	A64	1	0
ld1rw	953	601	CDISASM_ARM_NAME_LD1RW	generated_upstream	1	0	A64	2	0
ld1sb	954	602	CDISASM_ARM_NAME_LD1SB	generated_upstream	1	0	A64	11	0
ld1sh	955	603	CDISASM_ARM_NAME_LD1SH	generated_upstream	1	0	A64	12	0
ld1sw	956	604	CDISASM_ARM_NAME_LD1SW	generated_upstream	1	0	A64	7	0
ld2	957	606	CDISASM_ARM_NAME_LD2	generated_upstream	1	0	A64	15	0
ld2b	958	607	CDISASM_ARM_NAME_LD2B	generated_upstream	1	0	A64	2	0
ld2d	959	608	CDISASM_ARM_NAME_LD2D	generated_upstream	1	0	A64	2	0
ld2h	960	609	CDISASM_ARM_NAME_LD2H	generated_upstream	1	0	A64	2	0
ld2q	961	610	CDISASM_ARM_NAME_LD2Q	generated_upstream	1	0	A64	2	0
ld2r	962	611	CDISASM_ARM_NAME_LD2R	generated_upstream	1	0	A64	3	0
ld2w	963	612	CDISASM_ARM_NAME_LD2W	generated_upstream	1	0	A64	2	0
ld3	964	613	CDISASM_ARM_NAME_LD3	generated_upstream	1	0	A64	15	0
ld3b	965	614	CDISASM_ARM_NAME_LD3B	generated_upstream	1	0	A64	2	0
ld3d	966	615	CDISASM_ARM_NAME_LD3D	generated_upstream	1	0	A64	2	0
ld3h	967	616	CDISASM_ARM_NAME_LD3H	generated_upstream	1	0	A64	2	0
ld3q	968	617	CDISASM_ARM_NAME_LD3Q	generated_upstream	1	0	A64	2	0
ld3r	969	618	CDISASM_ARM_NAME_LD3R	generated_upstream	1	0	A64	3	0
ld3w	970	619	CDISASM_ARM_NAME_LD3W	generated_upstream	1	0	A64	2	0
ld4	971	620	CDISASM_ARM_NAME_LD4	generated_upstream	1	0	A64	15	0
ld4b	972	621	CDISASM_ARM_NAME_LD4B	generated_upstream	1	0	A64	2	0
ld4d	973	622	CDISASM_ARM_NAME_LD4D	generated_upstream	1	0	A64	2	0
ld4h	974	623	CDISASM_ARM_NAME_LD4H	generated_upstream	1	0	A64	2	0
ld4q	975	624	CDISASM_ARM_NAME_LD4Q	generated_upstream	1	0	A64	2	0
ld4r	976	625	CDISASM_ARM_NAME_LD4R	generated_upstream	1	0	A64	3	0
ld4w	977	626	CDISASM_ARM_NAME_LD4W	generated_upstream	1	0	A64	2	0
lda	978	628	CDISASM_ARM_NAME_LDA	generated_upstream	1	0	A32,T32	2	0
ldab	979	629	CDISASM_ARM_NAME_LDAB	generated_upstream	1	0	A32,T32	2	0
ldaex	980	642	CDISASM_ARM_NAME_LDAEX	generated_upstream	1	0	A32,T32	2	0
ldaexb	981	643	CDISASM_ARM_NAME_LDAEXB	generated_upstream	1	0	A32,T32	2	0
ldaexd	982	644	CDISASM_ARM_NAME_LDAEXD	generated_upstream	1	0	A32,T32	2	0
ldaexh	983	645	CDISASM_ARM_NAME_LDAEXH	generated_upstream	1	0	A32,T32	2	0
ldah	984	646	CDISASM_ARM_NAME_LDAH	generated_upstream	1	0	A32,T32	2	0
ldap	985	647	CDISASM_ARM_NAME_LDAP	generated_upstream	1	0	A64	1	0
ldap1	986	648	CDISASM_ARM_NAME_LDAP1	generated_upstream	1	0	A64	1	0
ldapp	987	649	CDISASM_ARM_NAME_LDAPP	generated_upstream	1	0	A64	1	0
ldapur	988	653	CDISASM_ARM_NAME_LDAPUR	generated_upstream	1	0	A64	7	0
ldapurb	989	654	CDISASM_ARM_NAME_LDAPURB	generated_upstream	1	0	A64	1	0
ldapurh	990	655	CDISASM_ARM_NAME_LDAPURH	generated_upstream	1	0	A64	1	0
ldapursb	991	656	CDISASM_ARM_NAME_LDAPURSB	generated_upstream	1	0	A64	2	0
ldapursh	992	657	CDISASM_ARM_NAME_LDAPURSH	generated_upstream	1	0	A64	2	0
ldapursw	993	658	CDISASM_ARM_NAME_LDAPURSW	generated_upstream	1	0	A64	1	0
ldatxr	994	662	CDISASM_ARM_NAME_LDATXR	generated_upstream	1	0	A64	2	0
ldbfadd	995	667	CDISASM_ARM_NAME_LDBFADD	generated_upstream	1	0	A64	1	0
ldbfadda	996	668	CDISASM_ARM_NAME_LDBFADDA	generated_upstream	1	0	A64	1	0
ldbfaddal	997	669	CDISASM_ARM_NAME_LDBFADDAL	generated_upstream	1	0	A64	1	0
ldbfaddl	998	670	CDISASM_ARM_NAME_LDBFADDL	generated_upstream	1	0	A64	1	0
ldbfmax	999	671	CDISASM_ARM_NAME_LDBFMAX	generated_upstream	1	0	A64	1	0
ldbfmaxa	1000	672	CDISASM_ARM_NAME_LDBFMAXA	generated_upstream	1	0	A64	1	0
ldbfmaxal	1001	673	CDISASM_ARM_NAME_LDBFMAXAL	generated_upstream	1	0	A64	1	0
ldbfmaxl	1002	674	CDISASM_ARM_NAME_LDBFMAXL	generated_upstream	1	0	A64	1	0
ldbfmaxnm	1003	675	CDISASM_ARM_NAME_LDBFMAXNM	generated_upstream	1	0	A64	1	0
ldbfmaxnma	1004	676	CDISASM_ARM_NAME_LDBFMAXNMA	generated_upstream	1	0	A64	1	0
ldbfmaxnmal	1005	677	CDISASM_ARM_NAME_LDBFMAXNMAL	generated_upstream	1	0	A64	1	0
ldbfmaxnml	1006	678	CDISASM_ARM_NAME_LDBFMAXNML	generated_upstream	1	0	A64	1	0
ldbfmin	1007	679	CDISASM_ARM_NAME_LDBFMIN	generated_upstream	1	0	A64	1	0
ldbfmina	1008	680	CDISASM_ARM_NAME_LDBFMINA	generated_upstream	1	0	A64	1	0
ldbfminal	1009	681	CDISASM_ARM_NAME_LDBFMINAL	generated_upstream	1	0	A64	1	0
ldbfminl	1010	682	CDISASM_ARM_NAME_LDBFMINL	generated_upstream	1	0	A64	1	0
ldbfminnm	1011	683	CDISASM_ARM_NAME_LDBFMINNM	generated_upstream	1	0	A64	1	0
ldbfminnma	1012	684	CDISASM_ARM_NAME_LDBFMINNMA	generated_upstream	1	0	A64	1	0
ldbfminnmal	1013	685	CDISASM_ARM_NAME_LDBFMINNMAL	generated_upstream	1	0	A64	1	0
ldbfminnml	1014	686	CDISASM_ARM_NAME_LDBFMINNML	generated_upstream	1	0	A64	1	0
ldc	1015	687	CDISASM_ARM_NAME_LDC	generated_upstream	1	1	A32,T32	10	3
ldfadd	1016	716	CDISASM_ARM_NAME_LDFADD	generated_upstream	1	0	A64	3	0
ldfadda	1017	717	CDISASM_ARM_NAME_LDFADDA	generated_upstream	1	0	A64	3	0
ldfaddal	1018	718	CDISASM_ARM_NAME_LDFADDAL	generated_upstream	1	0	A64	3	0
ldfaddl	1019	719	CDISASM_ARM_NAME_LDFADDL	generated_upstream	1	0	A64	3	0
ldff1b	1020	720	CDISASM_ARM_NAME_LDFF1B	generated_upstream	1	0	A64	9	0
ldff1d	1021	721	CDISASM_ARM_NAME_LDFF1D	generated_upstream	1	0	A64	6	0
ldff1h	1022	722	CDISASM_ARM_NAME_LDFF1H	generated_upstream	1	0	A64	11	0
ldff1sb	1023	723	CDISASM_ARM_NAME_LDFF1SB	generated_upstream	1	0	A64	8	0
ldff1sh	1024	724	CDISASM_ARM_NAME_LDFF1SH	generated_upstream	1	0	A64	10	0
ldff1sw	1025	725	CDISASM_ARM_NAME_LDFF1SW	generated_upstream	1	0	A64	6	0
ldff1w	1026	726	CDISASM_ARM_NAME_LDFF1W	generated_upstream	1	0	A64	10	0
ldfmax	1027	727	CDISASM_ARM_NAME_LDFMAX	generated_upstream	1	0	A64	3	0
ldfmaxa	1028	728	CDISASM_ARM_NAME_LDFMAXA	generated_upstream	1	0	A64	3	0
ldfmaxal	1029	729	CDISASM_ARM_NAME_LDFMAXAL	generated_upstream	1	0	A64	3	0
ldfmaxl	1030	730	CDISASM_ARM_NAME_LDFMAXL	generated_upstream	1	0	A64	3	0
ldfmaxnm	1031	731	CDISASM_ARM_NAME_LDFMAXNM	generated_upstream	1	0	A64	3	0
ldfmaxnma	1032	732	CDISASM_ARM_NAME_LDFMAXNMA	generated_upstream	1	0	A64	3	0
ldfmaxnmal	1033	733	CDISASM_ARM_NAME_LDFMAXNMAL	generated_upstream	1	0	A64	3	0
ldfmaxnml	1034	734	CDISASM_ARM_NAME_LDFMAXNML	generated_upstream	1	0	A64	3	0
ldfmin	1035	735	CDISASM_ARM_NAME_LDFMIN	generated_upstream	1	0	A64	3	0
ldfmina	1036	736	CDISASM_ARM_NAME_LDFMINA	generated_upstream	1	0	A64	3	0
ldfminal	1037	737	CDISASM_ARM_NAME_LDFMINAL	generated_upstream	1	0	A64	3	0
ldfminl	1038	738	CDISASM_ARM_NAME_LDFMINL	generated_upstream	1	0	A64	3	0
ldfminnm	1039	739	CDISASM_ARM_NAME_LDFMINNM	generated_upstream	1	0	A64	3	0
ldfminnma	1040	740	CDISASM_ARM_NAME_LDFMINNMA	generated_upstream	1	0	A64	3	0
ldfminnmal	1041	741	CDISASM_ARM_NAME_LDFMINNMAL	generated_upstream	1	0	A64	3	0
ldfminnml	1042	742	CDISASM_ARM_NAME_LDFMINNML	generated_upstream	1	0	A64	3	0
ldgm	1043	744	CDISASM_ARM_NAME_LDGM	generated_upstream	1	0	A64	1	0
ldmda	1044	750	CDISASM_ARM_NAME_LDMDA	generated_upstream	1	0	A32	1	0
ldmdb	1045	751	CDISASM_ARM_NAME_LDMDB	generated_upstream	1	0	A32,T32	2	0
ldmea	1046	752	CDISASM_ARM_NAME_LDMEA	generated_upstream	0	1	A32,T32	0	2
ldmed	1047	753	CDISASM_ARM_NAME_LDMED	generated_upstream	0	1	A32	0	1
ldmfa	1048	754	CDISASM_ARM_NAME_LDMFA	generated_upstream	0	1	A32	0	1
ldmfd	1049	755	CDISASM_ARM_NAME_LDMFD	generated_upstream	0	1	A32,T32	0	4
ldmib	1050	756	CDISASM_ARM_NAME_LDMIB	generated_upstream	1	0	A32	1	0
ldnf1b	1051	757	CDISASM_ARM_NAME_LDNF1B	generated_upstream	1	0	A64	4	0
ldnf1d	1052	758	CDISASM_ARM_NAME_LDNF1D	generated_upstream	1	0	A64	1	0
ldnf1h	1053	759	CDISASM_ARM_NAME_LDNF1H	generated_upstream	1	0	A64	3	0
ldnf1sb	1054	760	CDISASM_ARM_NAME_LDNF1SB	generated_upstream	1	0	A64	3	0
ldnf1sh	1055	761	CDISASM_ARM_NAME_LDNF1SH	generated_upstream	1	0	A64	2	0
ldnf1sw	1056	762	CDISASM_ARM_NAME_LDNF1SW	generated_upstream	1	0	A64	1	0
ldnf1w	1057	763	CDISASM_ARM_NAME_LDNF1W	generated_upstream	1	0	A64	2	0
ldnp	1058	764	CDISASM_ARM_NAME_LDNP	generated_upstream	1	0	A64	5	0
ldnt1b	1059	765	CDISASM_ARM_NAME_LDNT1B	generated_upstream	1	0	A64	12	0
ldnt1d	1060	766	CDISASM_ARM_NAME_LDNT1D	generated_upstream	1	0	A64	11	0
ldnt1h	1061	767	CDISASM_ARM_NAME_LDNT1H	generated_upstream	1	0	A64	12	0
ldnt1sb	1062	768	CDISASM_ARM_NAME_LDNT1SB	generated_upstream	1	0	A64	2	0
ldnt1sh	1063	769	CDISASM_ARM_NAME_LDNT1SH	generated_upstream	1	0	A64	2	0
ldnt1sw	1064	770	CDISASM_ARM_NAME_LDNT1SW	generated_upstream	1	0	A64	1	0
ldnt1w	1065	771	CDISASM_ARM_NAME_LDNT1W	generated_upstream	1	0	A64	12	0
ldpsw	1066	773	CDISASM_ARM_NAME_LDPSW	generated_upstream	1	0	A64	3	0
ldraa	1067	775	CDISASM_ARM_NAME_LDRAA	generated_upstream	1	0	A64	2	0
ldrab	1068	776	CDISASM_ARM_NAME_LDRAB	generated_upstream	1	0	A64	2	0
ldrd	1069	779	CDISASM_ARM_NAME_LDRD	generated_upstream	1	1	A32,T32	11	2
ldrex	1070	780	CDISASM_ARM_NAME_LDREX	generated_upstream	1	0	A32,T32	2	0
ldrexb	1071	781	CDISASM_ARM_NAME_LDREXB	generated_upstream	1	0	A32,T32	2	0
ldrexd	1072	782	CDISASM_ARM_NAME_LDREXD	generated_upstream	1	0	A32,T32	2	0
ldrexh	1073	783	CDISASM_ARM_NAME_LDREXH	generated_upstream	1	0	A32,T32	2	0
ldrht	1074	785	CDISASM_ARM_NAME_LDRHT	generated_upstream	1	0	A32,T32	3	0
ldrsbt	1075	787	CDISASM_ARM_NAME_LDRSBT	generated_upstream	1	0	A32,T32	3	0
ldrsht	1076	789	CDISASM_ARM_NAME_LDRSHT	generated_upstream	1	0	A32,T32	3	0
ldrsw	1077	790	CDISASM_ARM_NAME_LDRSW	generated_upstream	1	0	A64	5	0
ldtadd	1078	832	CDISASM_ARM_NAME_LDTADD	generated_upstream	1	0	A64	2	0
ldtadda	1079	833	CDISASM_ARM_NAME_LDTADDA	generated_upstream	1	0	A64	2	0
ldtaddal	1080	834	CDISASM_ARM_NAME_LDTADDAL	generated_upstream	1	0	A64	2	0
ldtaddl	1081	835	CDISASM_ARM_NAME_LDTADDL	generated_upstream	1	0	A64	2	0
ldtclr	1082	836	CDISASM_ARM_NAME_LDTCLR	generated_upstream	1	0	A64	2	0
ldtclra	1083	837	CDISASM_ARM_NAME_LDTCLRA	generated_upstream	1	0	A64	2	0
ldtclral	1084	838	CDISASM_ARM_NAME_LDTCLRAL	generated_upstream	1	0	A64	2	0
ldtclrl	1085	839	CDISASM_ARM_NAME_LDTCLRL	generated_upstream	1	0	A64	2	0
ldtnp	1086	840	CDISASM_ARM_NAME_LDTNP	generated_upstream	1	0	A64	2	0
ldtp	1087	841	CDISASM_ARM_NAME_LDTP	generated_upstream	1	0	A64	6	0
ldtr	1088	842	CDISASM_ARM_NAME_LDTR	generated_upstream	1	0	A64	2	0
ldtrb	1089	843	CDISASM_ARM_NAME_LDTRB	generated_upstream	1	0	A64	1	0
ldtrh	1090	844	CDISASM_ARM_NAME_LDTRH	generated_upstream	1	0	A64	1	0
ldtrsb	1091	845	CDISASM_ARM_NAME_LDTRSB	generated_upstream	1	0	A64	2	0
ldtrsh	1092	846	CDISASM_ARM_NAME_LDTRSH	generated_upstream	1	0	A64	2	0
ldtrsw	1093	847	CDISASM_ARM_NAME_LDTRSW	generated_upstream	1	0	A64	1	0
ldtset	1094	848	CDISASM_ARM_NAME_LDTSET	generated_upstream	1	0	A64	2	0
ldtseta	1095	849	CDISASM_ARM_NAME_LDTSETA	generated_upstream	1	0	A64	2	0
ldtsetal	1096	850	CDISASM_ARM_NAME_LDTSETAL	generated_upstream	1	0	A64	2	0
ldtsetl	1097	851	CDISASM_ARM_NAME_LDTSETL	generated_upstream	1	0	A64	2	0
ldtxr	1098	852	CDISASM_ARM_NAME_LDTXR	generated_upstream	1	0	A64	2	0
ldursb	1099	880	CDISASM_ARM_NAME_LDURSB	generated_upstream	1	0	A64	2	0
ldursh	1100	881	CDISASM_ARM_NAME_LDURSH	generated_upstream	1	0	A64	2	0
ldursw	1101	882	CDISASM_ARM_NAME_LDURSW	generated_upstream	1	0	A64	1	0
lsls	1102	889	CDISASM_ARM_NAME_LSLS	generated_upstream	0	1	A32,T32	0	8
lslv	1103	890	CDISASM_ARM_NAME_LSLV	generated_upstream	1	0	A64	2	0
lsrs	1104	893	CDISASM_ARM_NAME_LSRS	generated_upstream	0	1	A32,T32	0	8
lsrv	1105	894	CDISASM_ARM_NAME_LSRV	generated_upstream	1	0	A64	2	0
luti4	1106	896	CDISASM_ARM_NAME_LUTI4	generated_upstream	1	0	A64	12	0
luti6	1107	897	CDISASM_ARM_NAME_LUTI6	generated_upstream	1	0	A64	7	0
mad	1108	898	CDISASM_ARM_NAME_MAD	generated_upstream	1	0	A64	1	0
maddpt	1109	900	CDISASM_ARM_NAME_MADDPT	generated_upstream	1	0	A64	1	0
madpt	1110	901	CDISASM_ARM_NAME_MADPT	generated_upstream	1	0	A64	1	0
match	1111	902	CDISASM_ARM_NAME_MATCH	generated_upstream	1	0	A64	1	0
mcr	1112	903	CDISASM_ARM_NAME_MCR	generated_upstream	1	0	A32,T32	2	0
mcrr	1113	904	CDISASM_ARM_NAME_MCRR	generated_upstream	1	0	A32,T32	2	0
mlapt	1114	906	CDISASM_ARM_NAME_MLAPT	generated_upstream	1	0	A64	1	0
mlas	1115	907	CDISASM_ARM_NAME_MLAS	generated_upstream	1	0	A32	1	0
mova	1116	911	CDISASM_ARM_NAME_MOVA	generated_upstream	1	0	A64	30	0
movaz	1117	912	CDISASM_ARM_NAME_MOVAZ	generated_upstream	1	0	A64	15	0
movi	1118	913	CDISASM_ARM_NAME_MOVI	generated_upstream	1	0	A64	6	0
movprfx	1119	916	CDISASM_ARM_NAME_MOVPRFX	generated_upstream	1	0	A64	2	0
movs	1120	917	CDISASM_ARM_NAME_MOVS	generated_upstream	1	1	A32,A64,T32	8	11
mrc	1121	921	CDISASM_ARM_NAME_MRC	generated_upstream	1	0	A32,T32	2	0
mrrc	1122	922	CDISASM_ARM_NAME_MRRC	generated_upstream	1	0	A32,T32	2	0
mrrs	1123	923	CDISASM_ARM_NAME_MRRS	generated_upstream	1	0	A64	1	0
msb	1124	925	CDISASM_ARM_NAME_MSB	generated_upstream	1	0	A64	1	0
msrr	1125	927	CDISASM_ARM_NAME_MSRR	generated_upstream	1	0	A64	1	0
msubpt	1126	929	CDISASM_ARM_NAME_MSUBPT	generated_upstream	1	0	A64	1	0
muls	1127	931	CDISASM_ARM_NAME_MULS	generated_upstream	1	1	A32,T32	1	1
mvni	1128	933	CDISASM_ARM_NAME_MVNI	generated_upstream	1	0	A64	3	0
mvns	1129	934	CDISASM_ARM_NAME_MVNS	generated_upstream	1	1	A32,T32	7	2
nbsl	1130	937	CDISASM_ARM_NAME_NBSL	generated_upstream	1	0	A64	1	0
nmatch	1131	942	CDISASM_ARM_NAME_NMATCH	generated_upstream	1	0	A64	1	0
nots	1132	947	CDISASM_ARM_NAME_NOTS	generated_upstream	0	1	A64	0	1
orqv	1133	950	CDISASM_ARM_NAME_ORQV	generated_upstream	1	0	A64	1	0
orv	1134	953	CDISASM_ARM_NAME_ORV	generated_upstream	1	0	A64	1	0
pacda	1135	954	CDISASM_ARM_NAME_PACDA	generated_upstream	1	0	A64	1	0
pacdb	1136	955	CDISASM_ARM_NAME_PACDB	generated_upstream	1	0	A64	1	0
pacdza	1137	956	CDISASM_ARM_NAME_PACDZA	generated_upstream	1	0	A64	1	0
pacdzb	1138	957	CDISASM_ARM_NAME_PACDZB	generated_upstream	1	0	A64	1	0
pacga	1139	958	CDISASM_ARM_NAME_PACGA	generated_upstream	1	0	A64	1	0
pacia1716	1140	960	CDISASM_ARM_NAME_PACIA1716	generated_upstream	1	0	A64	1	0
pacia171615	1141	961	CDISASM_ARM_NAME_PACIA171615	generated_upstream	1	0	A64	1	0
paciasppc	1142	963	CDISASM_ARM_NAME_PACIASPPC	generated_upstream	1	0	A64	1	0
paciaz	1143	964	CDISASM_ARM_NAME_PACIAZ	generated_upstream	1	0	A64	1	0
pacib	1144	965	CDISASM_ARM_NAME_PACIB	generated_upstream	1	0	A64	1	0
pacib1716	1145	966	CDISASM_ARM_NAME_PACIB1716	generated_upstream	1	0	A64	1	0
pacib171615	1146	967	CDISASM_ARM_NAME_PACIB171615	generated_upstream	1	0	A64	1	0
pacibsp	1147	968	CDISASM_ARM_NAME_PACIBSP	generated_upstream	1	0	A64	1	0
pacibsppc	1148	969	CDISASM_ARM_NAME_PACIBSPPC	generated_upstream	1	0	A64	1	0
pacibz	1149	970	CDISASM_ARM_NAME_PACIBZ	generated_upstream	1	0	A64	1	0
paciza	1150	971	CDISASM_ARM_NAME_PACIZA	generated_upstream	1	0	A64	1	0
pacizb	1151	972	CDISASM_ARM_NAME_PACIZB	generated_upstream	1	0	A64	1	0
pacm	1152	973	CDISASM_ARM_NAME_PACM	generated_upstream	1	0	A64	1	0
pacnbiasppc	1153	974	CDISASM_ARM_NAME_PACNBIASPPC	generated_upstream	1	0	A64	1	0
pacnbibsppc	1154	975	CDISASM_ARM_NAME_PACNBIBSPPC	generated_upstream	1	0	A64	1	0
pext	1155	976	CDISASM_ARM_NAME_PEXT	generated_upstream	1	0	A64	2	0
pfalse	1156	977	CDISASM_ARM_NAME_PFALSE	generated_upstream	1	0	A64	1	0
pfirst	1157	978	CDISASM_ARM_NAME_PFIRST	generated_upstream	1	0	A64	1	0
pkhbt	1158	979	CDISASM_ARM_NAME_PKHBT	generated_upstream	1	0	A32,T32	2	0
pkhtb	1159	980	CDISASM_ARM_NAME_PKHTB	generated_upstream	1	0	A32,T32	2	0
plbi	1160	981	CDISASM_ARM_NAME_PLBI	generated_upstream	0	1	A64	0	1
pld	1161	982	CDISASM_ARM_NAME_PLD	generated_upstream	1	1	A32,T32	8	2
pldw	1162	983	CDISASM_ARM_NAME_PLDW	generated_upstream	1	0	A32,T32	6	0
pli	1163	984	CDISASM_ARM_NAME_PLI	generated_upstream	1	1	A32,T32	7	3
pmlal	1164	985	CDISASM_ARM_NAME_PMLAL	generated_upstream	1	0	A64	1	0
pmov	1165	986	CDISASM_ARM_NAME_PMOV	generated_upstream	1	0	A64	8	0
pmul	1166	987	CDISASM_ARM_NAME_PMUL	generated_upstream	1	0	A64	2	0
pmull	1167	988	CDISASM_ARM_NAME_PMULL	generated_upstream	1	0	A64	2	0
pmullb	1168	989	CDISASM_ARM_NAME_PMULLB	generated_upstream	1	0	A64	2	0
pmullt	1169	990	CDISASM_ARM_NAME_PMULLT	generated_upstream	1	0	A64	2	0
pnext	1170	991	CDISASM_ARM_NAME_PNEXT	generated_upstream	1	0	A64	1	0
prfb	1171	993	CDISASM_ARM_NAME_PRFB	generated_upstream	1	0	A64	7	0
prfd	1172	994	CDISASM_ARM_NAME_PRFD	generated_upstream	1	0	A64	7	0
prfh	1173	995	CDISASM_ARM_NAME_PRFH	generated_upstream	1	0	A64	7	0
prfm	1174	996	CDISASM_ARM_NAME_PRFM	generated_upstream	1	0	A64	3	0
prfum	1175	997	CDISASM_ARM_NAME_PRFUM	generated_upstream	1	0	A64	1	0
prfw	1176	998	CDISASM_ARM_NAME_PRFW	generated_upstream	1	0	A64	7	0
psb	1177	999	CDISASM_ARM_NAME_PSB	generated_upstream	1	0	A64	1	0
psel	1178	1000	CDISASM_ARM_NAME_PSEL	generated_upstream	1	0	A64	1	0
pssbb	1179	1001	CDISASM_ARM_NAME_PSSBB	generated_upstream	1	1	A32,A64,T32	2	1
ptest	1180	1002	CDISASM_ARM_NAME_PTEST	generated_upstream	1	0	A64	1	0
ptrues	1181	1004	CDISASM_ARM_NAME_PTRUES	generated_upstream	1	0	A64	1	0
punpkhi	1182	1005	CDISASM_ARM_NAME_PUNPKHI	generated_upstream	1	0	A64	1	0
punpklo	1183	1006	CDISASM_ARM_NAME_PUNPKLO	generated_upstream	1	0	A64	1	0
qadd	1184	1008	CDISASM_ARM_NAME_QADD	generated_upstream	1	0	A32,T32	2	0
qadd16	1185	1009	CDISASM_ARM_NAME_QADD16	generated_upstream	1	0	A32,T32	2	0
qadd8	1186	1010	CDISASM_ARM_NAME_QADD8	generated_upstream	1	0	A32,T32	2	0
qasx	1187	1011	CDISASM_ARM_NAME_QASX	generated_upstream	1	0	A32,T32	2	0
qdadd	1188	1012	CDISASM_ARM_NAME_QDADD	generated_upstream	1	0	A32,T32	2	0
qdsub	1189	1013	CDISASM_ARM_NAME_QDSUB	generated_upstream	1	0	A32,T32	2	0
qsax	1190	1014	CDISASM_ARM_NAME_QSAX	generated_upstream	1	0	A32,T32	2	0
qsub	1191	1015	CDISASM_ARM_NAME_QSUB	generated_upstream	1	0	A32,T32	2	0
qsub16	1192	1016	CDISASM_ARM_NAME_QSUB16	generated_upstream	1	0	A32,T32	2	0
qsub8	1193	1017	CDISASM_ARM_NAME_QSUB8	generated_upstream	1	0	A32,T32	2	0
raddhn	1194	1018	CDISASM_ARM_NAME_RADDHN	generated_upstream	1	0	A64	1	0
raddhnb	1195	1019	CDISASM_ARM_NAME_RADDHNB	generated_upstream	1	0	A64	1	0
raddhnt	1196	1020	CDISASM_ARM_NAME_RADDHNT	generated_upstream	1	0	A64	1	0
rcwcas	1197	1023	CDISASM_ARM_NAME_RCWCAS	generated_upstream	1	0	A64	1	0
rcwcasa	1198	1024	CDISASM_ARM_NAME_RCWCASA	generated_upstream	1	0	A64	1	0
rcwcasal	1199	1025	CDISASM_ARM_NAME_RCWCASAL	generated_upstream	1	0	A64	1	0
rcwcasl	1200	1026	CDISASM_ARM_NAME_RCWCASL	generated_upstream	1	0	A64	1	0
rcwcasp	1201	1027	CDISASM_ARM_NAME_RCWCASP	generated_upstream	1	0	A64	1	0
rcwcaspa	1202	1028	CDISASM_ARM_NAME_RCWCASPA	generated_upstream	1	0	A64	1	0
rcwcaspal	1203	1029	CDISASM_ARM_NAME_RCWCASPAL	generated_upstream	1	0	A64	1	0
rcwcaspl	1204	1030	CDISASM_ARM_NAME_RCWCASPL	generated_upstream	1	0	A64	1	0
rcwclr	1205	1031	CDISASM_ARM_NAME_RCWCLR	generated_upstream	1	0	A64	1	0
rcwclra	1206	1032	CDISASM_ARM_NAME_RCWCLRA	generated_upstream	1	0	A64	1	0
rcwclral	1207	1033	CDISASM_ARM_NAME_RCWCLRAL	generated_upstream	1	0	A64	1	0
rcwclrl	1208	1034	CDISASM_ARM_NAME_RCWCLRL	generated_upstream	1	0	A64	1	0
rcwclrp	1209	1035	CDISASM_ARM_NAME_RCWCLRP	generated_upstream	1	0	A64	1	0
rcwclrpa	1210	1036	CDISASM_ARM_NAME_RCWCLRPA	generated_upstream	1	0	A64	1	0
rcwclrpal	1211	1037	CDISASM_ARM_NAME_RCWCLRPAL	generated_upstream	1	0	A64	1	0
rcwclrpl	1212	1038	CDISASM_ARM_NAME_RCWCLRPL	generated_upstream	1	0	A64	1	0
rcwscas	1213	1039	CDISASM_ARM_NAME_RCWSCAS	generated_upstream	1	0	A64	1	0
rcwscasa	1214	1040	CDISASM_ARM_NAME_RCWSCASA	generated_upstream	1	0	A64	1	0
rcwscasal	1215	1041	CDISASM_ARM_NAME_RCWSCASAL	generated_upstream	1	0	A64	1	0
rcwscasl	1216	1042	CDISASM_ARM_NAME_RCWSCASL	generated_upstream	1	0	A64	1	0
rcwscasp	1217	1043	CDISASM_ARM_NAME_RCWSCASP	generated_upstream	1	0	A64	1	0
rcwscaspa	1218	1044	CDISASM_ARM_NAME_RCWSCASPA	generated_upstream	1	0	A64	1	0
rcwscaspal	1219	1045	CDISASM_ARM_NAME_RCWSCASPAL	generated_upstream	1	0	A64	1	0
rcwscaspl	1220	1046	CDISASM_ARM_NAME_RCWSCASPL	generated_upstream	1	0	A64	1	0
rcwsclr	1221	1047	CDISASM_ARM_NAME_RCWSCLR	generated_upstream	1	0	A64	1	0
rcwsclra	1222	1048	CDISASM_ARM_NAME_RCWSCLRA	generated_upstream	1	0	A64	1	0
rcwsclral	1223	1049	CDISASM_ARM_NAME_RCWSCLRAL	generated_upstream	1	0	A64	1	0
rcwsclrl	1224	1050	CDISASM_ARM_NAME_RCWSCLRL	generated_upstream	1	0	A64	1	0
rcwsclrp	1225	1051	CDISASM_ARM_NAME_RCWSCLRP	generated_upstream	1	0	A64	1	0
rcwsclrpa	1226	1052	CDISASM_ARM_NAME_RCWSCLRPA	generated_upstream	1	0	A64	1	0
rcwsclrpal	1227	1053	CDISASM_ARM_NAME_RCWSCLRPAL	generated_upstream	1	0	A64	1	0
rcwsclrpl	1228	1054	CDISASM_ARM_NAME_RCWSCLRPL	generated_upstream	1	0	A64	1	0
rcwset	1229	1055	CDISASM_ARM_NAME_RCWSET	generated_upstream	1	0	A64	1	0
rcwseta	1230	1056	CDISASM_ARM_NAME_RCWSETA	generated_upstream	1	0	A64	1	0
rcwsetal	1231	1057	CDISASM_ARM_NAME_RCWSETAL	generated_upstream	1	0	A64	1	0
rcwsetl	1232	1058	CDISASM_ARM_NAME_RCWSETL	generated_upstream	1	0	A64	1	0
rcwsetp	1233	1059	CDISASM_ARM_NAME_RCWSETP	generated_upstream	1	0	A64	1	0
rcwsetpa	1234	1060	CDISASM_ARM_NAME_RCWSETPA	generated_upstream	1	0	A64	1	0
rcwsetpal	1235	1061	CDISASM_ARM_NAME_RCWSETPAL	generated_upstream	1	0	A64	1	0
rcwsetpl	1236	1062	CDISASM_ARM_NAME_RCWSETPL	generated_upstream	1	0	A64	1	0
rcwsset	1237	1063	CDISASM_ARM_NAME_RCWSSET	generated_upstream	1	0	A64	1	0
rcwsseta	1238	1064	CDISASM_ARM_NAME_RCWSSETA	generated_upstream	1	0	A64	1	0
rcwssetal	1239	1065	CDISASM_ARM_NAME_RCWSSETAL	generated_upstream	1	0	A64	1	0
rcwssetl	1240	1066	CDISASM_ARM_NAME_RCWSSETL	generated_upstream	1	0	A64	1	0
rcwssetp	1241	1067	CDISASM_ARM_NAME_RCWSSETP	generated_upstream	1	0	A64	1	0
rcwssetpa	1242	1068	CDISASM_ARM_NAME_RCWSSETPA	generated_upstream	1	0	A64	1	0
rcwssetpal	1243	1069	CDISASM_ARM_NAME_RCWSSETPAL	generated_upstream	1	0	A64	1	0
rcwssetpl	1244	1070	CDISASM_ARM_NAME_RCWSSETPL	generated_upstream	1	0	A64	1	0
rcwsswp	1245	1071	CDISASM_ARM_NAME_RCWSSWP	generated_upstream	1	0	A64	1	0
rcwsswpa	1246	1072	CDISASM_ARM_NAME_RCWSSWPA	generated_upstream	1	0	A64	1	0
rcwsswpal	1247	1073	CDISASM_ARM_NAME_RCWSSWPAL	generated_upstream	1	0	A64	1	0
rcwsswpl	1248	1074	CDISASM_ARM_NAME_RCWSSWPL	generated_upstream	1	0	A64	1	0
rcwsswpp	1249	1075	CDISASM_ARM_NAME_RCWSSWPP	generated_upstream	1	0	A64	1	0
rcwsswppa	1250	1076	CDISASM_ARM_NAME_RCWSSWPPA	generated_upstream	1	0	A64	1	0
rcwsswppal	1251	1077	CDISASM_ARM_NAME_RCWSSWPPAL	generated_upstream	1	0	A64	1	0
rcwsswppl	1252	1078	CDISASM_ARM_NAME_RCWSSWPPL	generated_upstream	1	0	A64	1	0
rcwswp	1253	1079	CDISASM_ARM_NAME_RCWSWP	generated_upstream	1	0	A64	1	0
rcwswpa	1254	1080	CDISASM_ARM_NAME_RCWSWPA	generated_upstream	1	0	A64	1	0
rcwswpal	1255	1081	CDISASM_ARM_NAME_RCWSWPAL	generated_upstream	1	0	A64	1	0
rcwswpl	1256	1082	CDISASM_ARM_NAME_RCWSWPL	generated_upstream	1	0	A64	1	0
rcwswpp	1257	1083	CDISASM_ARM_NAME_RCWSWPP	generated_upstream	1	0	A64	1	0
rcwswppa	1258	1084	CDISASM_ARM_NAME_RCWSWPPA	generated_upstream	1	0	A64	1	0
rcwswppal	1259	1085	CDISASM_ARM_NAME_RCWSWPPAL	generated_upstream	1	0	A64	1	0
rcwswppl	1260	1086	CDISASM_ARM_NAME_RCWSWPPL	generated_upstream	1	0	A64	1	0
rdffr	1261	1087	CDISASM_ARM_NAME_RDFFR	generated_upstream	1	0	A64	2	0
rdffrs	1262	1088	CDISASM_ARM_NAME_RDFFRS	generated_upstream	1	0	A64	1	0
rdvl	1263	1090	CDISASM_ARM_NAME_RDVL	generated_upstream	1	0	A64	1	0
retaa	1264	1092	CDISASM_ARM_NAME_RETAA	generated_upstream	1	0	A64	1	0
retaasppc	1265	1093	CDISASM_ARM_NAME_RETAASPPC	generated_upstream	1	0	A64	1	0
retaasppcr	1266	1094	CDISASM_ARM_NAME_RETAASPPCR	generated_upstream	1	0	A64	1	0
retab	1267	1095	CDISASM_ARM_NAME_RETAB	generated_upstream	1	0	A64	1	0
retabsppc	1268	1096	CDISASM_ARM_NAME_RETABSPPC	generated_upstream	1	0	A64	1	0
retabsppcr	1269	1097	CDISASM_ARM_NAME_RETABSPPCR	generated_upstream	1	0	A64	1	0
rev16	1270	1099	CDISASM_ARM_NAME_REV16	generated_upstream	1	1	A32,A64,T32	6	1
rev32	1271	1100	CDISASM_ARM_NAME_REV32	generated_upstream	1	0	A64	2	0
rev64	1272	1101	CDISASM_ARM_NAME_REV64	generated_upstream	1	1	A64	1	1
revd	1273	1103	CDISASM_ARM_NAME_REVD	generated_upstream	1	0	A64	2	0
revsh	1274	1105	CDISASM_ARM_NAME_REVSH	generated_upstream	1	1	A32,T32	3	1
rfe	1275	1107	CDISASM_ARM_NAME_RFE	generated_upstream	1	0	A32,T32	2	0
rfeda	1276	1108	CDISASM_ARM_NAME_RFEDA	generated_upstream	1	0	A32	1	0
rfedb	1277	1109	CDISASM_ARM_NAME_RFEDB	generated_upstream	1	0	A32,T32	2	0
rfeea	1278	1110	CDISASM_ARM_NAME_RFEEA	generated_upstream	0	1	A32	0	1
rfeed	1279	1111	CDISASM_ARM_NAME_RFEED	generated_upstream	0	1	A32	0	1
rfefa	1280	1112	CDISASM_ARM_NAME_RFEFA	generated_upstream	0	1	A32,T32	0	2
rfefd	1281	1113	CDISASM_ARM_NAME_RFEFD	generated_upstream	0	1	A32,T32	0	2
rfeib	1282	1114	CDISASM_ARM_NAME_RFEIB	generated_upstream	1	0	A32	1	0
rmif	1283	1115	CDISASM_ARM_NAME_RMIF	generated_upstream	1	0	A64	1	0
rors	1284	1117	CDISASM_ARM_NAME_RORS	generated_upstream	0	1	A32,T32	0	6
rorv	1285	1118	CDISASM_ARM_NAME_RORV	generated_upstream	1	0	A64	2	0
rprfm	1286	1119	CDISASM_ARM_NAME_RPRFM	generated_upstream	1	0	A64	1	0
rrx	1287	1120	CDISASM_ARM_NAME_RRX	generated_upstream	0	1	A32,T32	0	2
rrxs	1288	1121	CDISASM_ARM_NAME_RRXS	generated_upstream	0	1	A32,T32	0	2
rsbs	1289	1123	CDISASM_ARM_NAME_RSBS	generated_upstream	1	1	A32,T32	7	2
rscs	1290	1125	CDISASM_ARM_NAME_RSCS	generated_upstream	1	0	A32	4	0
rshrn	1291	1126	CDISASM_ARM_NAME_RSHRN	generated_upstream	1	0	A64	1	0
rshrnb	1292	1127	CDISASM_ARM_NAME_RSHRNB	generated_upstream	1	0	A64	1	0
rshrnt	1293	1128	CDISASM_ARM_NAME_RSHRNT	generated_upstream	1	0	A64	1	0
rsubhn	1294	1129	CDISASM_ARM_NAME_RSUBHN	generated_upstream	1	0	A64	1	0
rsubhnb	1295	1130	CDISASM_ARM_NAME_RSUBHNB	generated_upstream	1	0	A64	1	0
rsubhnt	1296	1131	CDISASM_ARM_NAME_RSUBHNT	generated_upstream	1	0	A64	1	0
saba	1297	1132	CDISASM_ARM_NAME_SABA	generated_upstream	1	0	A64	2	0
sabal	1298	1133	CDISASM_ARM_NAME_SABAL	generated_upstream	1	0	A64	2	0
sabalb	1299	1134	CDISASM_ARM_NAME_SABALB	generated_upstream	1	0	A64	1	0
sabalt	1300	1135	CDISASM_ARM_NAME_SABALT	generated_upstream	1	0	A64	1	0
sabdl	1301	1137	CDISASM_ARM_NAME_SABDL	generated_upstream	1	0	A64	1	0
sabdlb	1302	1138	CDISASM_ARM_NAME_SABDLB	generated_upstream	1	0	A64	1	0
sabdlt	1303	1139	CDISASM_ARM_NAME_SABDLT	generated_upstream	1	0	A64	1	0
sadalp	1304	1140	CDISASM_ARM_NAME_SADALP	generated_upstream	1	0	A64	2	0
sadd16	1305	1141	CDISASM_ARM_NAME_SADD16	generated_upstream	1	0	A32,T32	2	0
sadd8	1306	1142	CDISASM_ARM_NAME_SADD8	generated_upstream	1	0	A32,T32	2	0
saddl	1307	1143	CDISASM_ARM_NAME_SADDL	generated_upstream	1	0	A64	1	0
saddlb	1308	1144	CDISASM_ARM_NAME_SADDLB	generated_upstream	1	0	A64	1	0
saddlbt	1309	1145	CDISASM_ARM_NAME_SADDLBT	generated_upstream	1	0	A64	1	0
saddlp	1310	1146	CDISASM_ARM_NAME_SADDLP	generated_upstream	1	0	A64	1	0
saddlt	1311	1147	CDISASM_ARM_NAME_SADDLT	generated_upstream	1	0	A64	1	0
saddlv	1312	1148	CDISASM_ARM_NAME_SADDLV	generated_upstream	1	0	A64	1	0
saddv	1313	1149	CDISASM_ARM_NAME_SADDV	generated_upstream	1	0	A64	1	0
saddw	1314	1150	CDISASM_ARM_NAME_SADDW	generated_upstream	1	0	A64	1	0
saddwb	1315	1151	CDISASM_ARM_NAME_SADDWB	generated_upstream	1	0	A64	1	0
saddwt	1316	1152	CDISASM_ARM_NAME_SADDWT	generated_upstream	1	0	A64	1	0
sasx	1317	1153	CDISASM_ARM_NAME_SASX	generated_upstream	1	0	A32,T32	2	0
sb	1318	1154	CDISASM_ARM_NAME_SB	generated_upstream	1	0	A32,A64,T32	3	0
sbclb	1319	1156	CDISASM_ARM_NAME_SBCLB	generated_upstream	1	0	A64	1	0
sbclt	1320	1157	CDISASM_ARM_NAME_SBCLT	generated_upstream	1	0	A64	1	0
sbfiz	1321	1159	CDISASM_ARM_NAME_SBFIZ	generated_upstream	0	1	A64	0	2
sbfx	1322	1161	CDISASM_ARM_NAME_SBFX	generated_upstream	1	1	A32,A64,T32	2	2
sclamp	1323	1162	CDISASM_ARM_NAME_SCLAMP	generated_upstream	1	0	A64	3	0
scvtflt	1324	1164	CDISASM_ARM_NAME_SCVTFLT	generated_upstream	1	0	A64	1	0
sdot	1325	1167	CDISASM_ARM_NAME_SDOT	generated_upstream	1	0	A64	23	0
seten	1326	1170	CDISASM_ARM_NAME_SETEN	generated_upstream	1	0	A64	1	0
setend	1327	1171	CDISASM_ARM_NAME_SETEND	generated_upstream	1	0	A32,T32	2	0
setet	1328	1172	CDISASM_ARM_NAME_SETET	generated_upstream	1	0	A64	1	0
setetn	1329	1173	CDISASM_ARM_NAME_SETETN	generated_upstream	1	0	A64	1	0
setf16	1330	1174	CDISASM_ARM_NAME_SETF16	generated_upstream	1	0	A64	1	0
setf8	1331	1175	CDISASM_ARM_NAME_SETF8	generated_upstream	1	0	A64	1	0
setffr	1332	1176	CDISASM_ARM_NAME_SETFFR	generated_upstream	1	0	A64	1	0
setge	1333	1177	CDISASM_ARM_NAME_SETGE	generated_upstream	1	0	A64	1	0
setgen	1334	1178	CDISASM_ARM_NAME_SETGEN	generated_upstream	1	0	A64	1	0
setget	1335	1179	CDISASM_ARM_NAME_SETGET	generated_upstream	1	0	A64	1	0
setgetn	1336	1180	CDISASM_ARM_NAME_SETGETN	generated_upstream	1	0	A64	1	0
setgm	1337	1181	CDISASM_ARM_NAME_SETGM	generated_upstream	1	0	A64	1	0
setgmn	1338	1182	CDISASM_ARM_NAME_SETGMN	generated_upstream	1	0	A64	1	0
setgmt	1339	1183	CDISASM_ARM_NAME_SETGMT	generated_upstream	1	0	A64	1	0
setgmtn	1340	1184	CDISASM_ARM_NAME_SETGMTN	generated_upstream	1	0	A64	1	0
setgoe	1341	1185	CDISASM_ARM_NAME_SETGOE	generated_upstream	1	0	A64	1	0
setgoen	1342	1186	CDISASM_ARM_NAME_SETGOEN	generated_upstream	1	0	A64	1	0
setgoet	1343	1187	CDISASM_ARM_NAME_SETGOET	generated_upstream	1	0	A64	1	0
setgoetn	1344	1188	CDISASM_ARM_NAME_SETGOETN	generated_upstream	1	0	A64	1	0
setgom	1345	1189	CDISASM_ARM_NAME_SETGOM	generated_upstream	1	0	A64	1	0
setgomn	1346	1190	CDISASM_ARM_NAME_SETGOMN	generated_upstream	1	0	A64	1	0
setgomt	1347	1191	CDISASM_ARM_NAME_SETGOMT	generated_upstream	1	0	A64	1	0
setgomtn	1348	1192	CDISASM_ARM_NAME_SETGOMTN	generated_upstream	1	0	A64	1	0
setgop	1349	1193	CDISASM_ARM_NAME_SETGOP	generated_upstream	1	0	A64	1	0
setgopn	1350	1194	CDISASM_ARM_NAME_SETGOPN	generated_upstream	1	0	A64	1	0
setgopt	1351	1195	CDISASM_ARM_NAME_SETGOPT	generated_upstream	1	0	A64	1	0
setgoptn	1352	1196	CDISASM_ARM_NAME_SETGOPTN	generated_upstream	1	0	A64	1	0
setgp	1353	1197	CDISASM_ARM_NAME_SETGP	generated_upstream	1	0	A64	1	0
setgpn	1354	1198	CDISASM_ARM_NAME_SETGPN	generated_upstream	1	0	A64	1	0
setgpt	1355	1199	CDISASM_ARM_NAME_SETGPT	generated_upstream	1	0	A64	1	0
setgptn	1356	1200	CDISASM_ARM_NAME_SETGPTN	generated_upstream	1	0	A64	1	0
setmn	1357	1202	CDISASM_ARM_NAME_SETMN	generated_upstream	1	0	A64	1	0
setmt	1358	1203	CDISASM_ARM_NAME_SETMT	generated_upstream	1	0	A64	1	0
setmtn	1359	1204	CDISASM_ARM_NAME_SETMTN	generated_upstream	1	0	A64	1	0
setpan	1360	1206	CDISASM_ARM_NAME_SETPAN	generated_upstream	1	0	A32,T32	2	0
setpn	1361	1207	CDISASM_ARM_NAME_SETPN	generated_upstream	1	0	A64	1	0
setpt	1362	1208	CDISASM_ARM_NAME_SETPT	generated_upstream	1	0	A64	1	0
setptn	1363	1209	CDISASM_ARM_NAME_SETPTN	generated_upstream	1	0	A64	1	0
sha1c	1364	1212	CDISASM_ARM_NAME_SHA1C	generated_upstream	1	0	A32,A64,T32	3	0
sha1h	1365	1213	CDISASM_ARM_NAME_SHA1H	generated_upstream	1	0	A32,A64,T32	3	0
sha1m	1366	1214	CDISASM_ARM_NAME_SHA1M	generated_upstream	1	0	A32,A64,T32	3	0
sha1p	1367	1215	CDISASM_ARM_NAME_SHA1P	generated_upstream	1	0	A32,A64,T32	3	0
sha1su0	1368	1216	CDISASM_ARM_NAME_SHA1SU0	generated_upstream	1	0	A32,A64,T32	3	0
sha1su1	1369	1217	CDISASM_ARM_NAME_SHA1SU1	generated_upstream	1	0	A32,A64,T32	3	0
sha256h	1370	1218	CDISASM_ARM_NAME_SHA256H	generated_upstream	1	0	A32,A64,T32	3	0
sha256h2	1371	1219	CDISASM_ARM_NAME_SHA256H2	generated_upstream	1	0	A32,A64,T32	3	0
sha256su0	1372	1220	CDISASM_ARM_NAME_SHA256SU0	generated_upstream	1	0	A32,A64,T32	3	0
sha256su1	1373	1221	CDISASM_ARM_NAME_SHA256SU1	generated_upstream	1	0	A32,A64,T32	3	0
sha512h	1374	1222	CDISASM_ARM_NAME_SHA512H	generated_upstream	1	0	A64	1	0
sha512h2	1375	1223	CDISASM_ARM_NAME_SHA512H2	generated_upstream	1	0	A64	1	0
sha512su0	1376	1224	CDISASM_ARM_NAME_SHA512SU0	generated_upstream	1	0	A64	1	0
sha512su1	1377	1225	CDISASM_ARM_NAME_SHA512SU1	generated_upstream	1	0	A64	1	0
shadd	1378	1226	CDISASM_ARM_NAME_SHADD	generated_upstream	1	0	A64	2	0
shadd16	1379	1227	CDISASM_ARM_NAME_SHADD16	generated_upstream	1	0	A32,T32	2	0
shadd8	1380	1228	CDISASM_ARM_NAME_SHADD8	generated_upstream	1	0	A32,T32	2	0
shasx	1381	1229	CDISASM_ARM_NAME_SHASX	generated_upstream	1	0	A32,T32	2	0
shl	1382	1230	CDISASM_ARM_NAME_SHL	generated_upstream	1	0	A64	2	0
shll	1383	1231	CDISASM_ARM_NAME_SHLL	generated_upstream	1	0	A64	1	0
shrn	1384	1232	CDISASM_ARM_NAME_SHRN	generated_upstream	1	0	A64	1	0
shrnb	1385	1233	CDISASM_ARM_NAME_SHRNB	generated_upstream	1	0	A64	1	0
shrnt	1386	1234	CDISASM_ARM_NAME_SHRNT	generated_upstream	1	0	A64	1	0
shsax	1387	1235	CDISASM_ARM_NAME_SHSAX	generated_upstream	1	0	A32,T32	2	0
shsub	1388	1236	CDISASM_ARM_NAME_SHSUB	generated_upstream	1	0	A64	2	0
shsub16	1389	1237	CDISASM_ARM_NAME_SHSUB16	generated_upstream	1	0	A32,T32	2	0
shsub8	1390	1238	CDISASM_ARM_NAME_SHSUB8	generated_upstream	1	0	A32,T32	2	0
shsubr	1391	1239	CDISASM_ARM_NAME_SHSUBR	generated_upstream	1	0	A64	1	0
shuh	1392	1240	CDISASM_ARM_NAME_SHUH	generated_upstream	1	0	A64	1	0
sli	1393	1241	CDISASM_ARM_NAME_SLI	generated_upstream	1	0	A64	3	0
sm3partw1	1394	1242	CDISASM_ARM_NAME_SM3PARTW1	generated_upstream	1	0	A64	1	0
sm3partw2	1395	1243	CDISASM_ARM_NAME_SM3PARTW2	generated_upstream	1	0	A64	1	0
sm3ss1	1396	1244	CDISASM_ARM_NAME_SM3SS1	generated_upstream	1	0	A64	1	0
sm3tt1a	1397	1245	CDISASM_ARM_NAME_SM3TT1A	generated_upstream	1	0	A64	1	0
sm3tt1b	1398	1246	CDISASM_ARM_NAME_SM3TT1B	generated_upstream	1	0	A64	1	0
sm3tt2a	1399	1247	CDISASM_ARM_NAME_SM3TT2A	generated_upstream	1	0	A64	1	0
sm3tt2b	1400	1248	CDISASM_ARM_NAME_SM3TT2B	generated_upstream	1	0	A64	1	0
sm4e	1401	1249	CDISASM_ARM_NAME_SM4E	generated_upstream	1	0	A64	2	0
sm4ekey	1402	1250	CDISASM_ARM_NAME_SM4EKEY	generated_upstream	1	0	A64	2	0
smaddl	1403	1251	CDISASM_ARM_NAME_SMADDL	generated_upstream	1	0	A64	1	0
smaxp	1404	1253	CDISASM_ARM_NAME_SMAXP	generated_upstream	1	0	A64	2	0
smaxqv	1405	1254	CDISASM_ARM_NAME_SMAXQV	generated_upstream	1	0	A64	1	0
smaxv	1406	1255	CDISASM_ARM_NAME_SMAXV	generated_upstream	1	0	A64	2	0
sminp	1407	1258	CDISASM_ARM_NAME_SMINP	generated_upstream	1	0	A64	2	0
sminqv	1408	1259	CDISASM_ARM_NAME_SMINQV	generated_upstream	1	0	A64	1	0
sminv	1409	1260	CDISASM_ARM_NAME_SMINV	generated_upstream	1	0	A64	2	0
smlabb	1410	1261	CDISASM_ARM_NAME_SMLABB	generated_upstream	1	0	A32,T32	2	0
smlabt	1411	1262	CDISASM_ARM_NAME_SMLABT	generated_upstream	1	0	A32,T32	2	0
smlad	1412	1263	CDISASM_ARM_NAME_SMLAD	generated_upstream	1	0	A32,T32	2	0
smladx	1413	1264	CDISASM_ARM_NAME_SMLADX	generated_upstream	1	0	A32,T32	2	0
smlal	1414	1265	CDISASM_ARM_NAME_SMLAL	generated_upstream	1	0	A32,A64,T32	12	0
smlalb	1415	1266	CDISASM_ARM_NAME_SMLALB	generated_upstream	1	0	A64	3	0
smlalbb	1416	1267	CDISASM_ARM_NAME_SMLALBB	generated_upstream	1	0	A32,T32	2	0
smlalbt	1417	1268	CDISASM_ARM_NAME_SMLALBT	generated_upstream	1	0	A32,T32	2	0
smlald	1418	1269	CDISASM_ARM_NAME_SMLALD	generated_upstream	1	0	A32,T32	2	0
smlaldx	1419	1270	CDISASM_ARM_NAME_SMLALDX	generated_upstream	1	0	A32,T32	2	0
smlall	1420	1271	CDISASM_ARM_NAME_SMLALL	generated_upstream	1	0	A64	11	0
smlals	1421	1272	CDISASM_ARM_NAME_SMLALS	generated_upstream	1	0	A32	1	0
smlalt	1422	1273	CDISASM_ARM_NAME_SMLALT	generated_upstream	1	0	A64	3	0
smlaltb	1423	1274	CDISASM_ARM_NAME_SMLALTB	generated_upstream	1	0	A32,T32	2	0
smlaltt	1424	1275	CDISASM_ARM_NAME_SMLALTT	generated_upstream	1	0	A32,T32	2	0
smlatb	1425	1276	CDISASM_ARM_NAME_SMLATB	generated_upstream	1	0	A32,T32	2	0
smlatt	1426	1277	CDISASM_ARM_NAME_SMLATT	generated_upstream	1	0	A32,T32	2	0
smlawb	1427	1278	CDISASM_ARM_NAME_SMLAWB	generated_upstream	1	0	A32,T32	2	0
smlawt	1428	1279	CDISASM_ARM_NAME_SMLAWT	generated_upstream	1	0	A32,T32	2	0
smlsd	1429	1280	CDISASM_ARM_NAME_SMLSD	generated_upstream	1	0	A32,T32	2	0
smlsdx	1430	1281	CDISASM_ARM_NAME_SMLSDX	generated_upstream	1	0	A32,T32	2	0
smlsl	1431	1282	CDISASM_ARM_NAME_SMLSL	generated_upstream	1	0	A64	10	0
smlslb	1432	1283	CDISASM_ARM_NAME_SMLSLB	generated_upstream	1	0	A64	3	0
smlsld	1433	1284	CDISASM_ARM_NAME_SMLSLD	generated_upstream	1	0	A32,T32	2	0
smlsldx	1434	1285	CDISASM_ARM_NAME_SMLSLDX	generated_upstream	1	0	A32,T32	2	0
smlsll	1435	1286	CDISASM_ARM_NAME_SMLSLL	generated_upstream	1	0	A64	11	0
smlslt	1436	1287	CDISASM_ARM_NAME_SMLSLT	generated_upstream	1	0	A64	3	0
smmla	1437	1288	CDISASM_ARM_NAME_SMMLA	generated_upstream	1	0	A32,A64,T32	4	0
smmlar	1438	1289	CDISASM_ARM_NAME_SMMLAR	generated_upstream	1	0	A32,T32	2	0
smmls	1439	1290	CDISASM_ARM_NAME_SMMLS	generated_upstream	1	0	A32,T32	2	0
smmlsr	1440	1291	CDISASM_ARM_NAME_SMMLSR	generated_upstream	1	0	A32,T32	2	0
smmul	1441	1292	CDISASM_ARM_NAME_SMMUL	generated_upstream	1	0	A32,T32	2	0
smmulr	1442	1293	CDISASM_ARM_NAME_SMMULR	generated_upstream	1	0	A32,T32	2	0
smnegl	1443	1294	CDISASM_ARM_NAME_SMNEGL	generated_upstream	0	1	A64	0	1
smop4a	1444	1295	CDISASM_ARM_NAME_SMOP4A	generated_upstream	1	0	A64	12	0
smop4s	1445	1296	CDISASM_ARM_NAME_SMOP4S	generated_upstream	1	0	A64	12	0
smops	1446	1298	CDISASM_ARM_NAME_SMOPS	generated_upstream	1	0	A64	3	0
smov	1447	1299	CDISASM_ARM_NAME_SMOV	generated_upstream	1	0	A64	2	0
smsubl	1448	1302	CDISASM_ARM_NAME_SMSUBL	generated_upstream	1	0	A64	1	0
smuad	1449	1303	CDISASM_ARM_NAME_SMUAD	generated_upstream	1	0	A32,T32	2	0
smuadx	1450	1304	CDISASM_ARM_NAME_SMUADX	generated_upstream	1	0	A32,T32	2	0
smulbb	1451	1305	CDISASM_ARM_NAME_SMULBB	generated_upstream	1	0	A32,T32	2	0
smulbt	1452	1306	CDISASM_ARM_NAME_SMULBT	generated_upstream	1	0	A32,T32	2	0
smull	1453	1308	CDISASM_ARM_NAME_SMULL	generated_upstream	1	1	A32,A64,T32	4	1
smullb	1454	1309	CDISASM_ARM_NAME_SMULLB	generated_upstream	1	0	A64	3	0
smulls	1455	1310	CDISASM_ARM_NAME_SMULLS	generated_upstream	1	0	A32	1	0
smullt	1456	1311	CDISASM_ARM_NAME_SMULLT	generated_upstream	1	0	A64	3	0
smultb	1457	1312	CDISASM_ARM_NAME_SMULTB	generated_upstream	1	0	A32,T32	2	0
smultt	1458	1313	CDISASM_ARM_NAME_SMULTT	generated_upstream	1	0	A32,T32	2	0
smulwb	1459	1314	CDISASM_ARM_NAME_SMULWB	generated_upstream	1	0	A32,T32	2	0
smulwt	1460	1315	CDISASM_ARM_NAME_SMULWT	generated_upstream	1	0	A32,T32	2	0
smusd	1461	1316	CDISASM_ARM_NAME_SMUSD	generated_upstream	1	0	A32,T32	2	0
smusdx	1462	1317	CDISASM_ARM_NAME_SMUSDX	generated_upstream	1	0	A32,T32	2	0
splice	1463	1318	CDISASM_ARM_NAME_SPLICE	generated_upstream	1	0	A64	2	0
sqabs	1464	1319	CDISASM_ARM_NAME_SQABS	generated_upstream	1	0	A64	4	0
sqcadd	1465	1321	CDISASM_ARM_NAME_SQCADD	generated_upstream	1	0	A64	1	0
sqcvt	1466	1322	CDISASM_ARM_NAME_SQCVT	generated_upstream	1	0	A64	2	0
sqcvtn	1467	1323	CDISASM_ARM_NAME_SQCVTN	generated_upstream	1	0	A64	2	0
sqcvtu	1468	1324	CDISASM_ARM_NAME_SQCVTU	generated_upstream	1	0	A64	2	0
sqcvtun	1469	1325	CDISASM_ARM_NAME_SQCVTUN	generated_upstream	1	0	A64	2	0
sqdecb	1470	1326	CDISASM_ARM_NAME_SQDECB	generated_upstream	1	0	A64	2	0
sqdecd	1471	1327	CDISASM_ARM_NAME_SQDECD	generated_upstream	1	0	A64	3	0
sqdech	1472	1328	CDISASM_ARM_NAME_SQDECH	generated_upstream	1	0	A64	3	0
sqdecp	1473	1329	CDISASM_ARM_NAME_SQDECP	generated_upstream	1	0	A64	3	0
sqdecw	1474	1330	CDISASM_ARM_NAME_SQDECW	generated_upstream	1	0	A64	3	0
sqdmlal	1475	1331	CDISASM_ARM_NAME_SQDMLAL	generated_upstream	1	0	A64	4	0
sqdmlalb	1476	1332	CDISASM_ARM_NAME_SQDMLALB	generated_upstream	1	0	A64	3	0
sqdmlalbt	1477	1333	CDISASM_ARM_NAME_SQDMLALBT	generated_upstream	1	0	A64	1	0
sqdmlalt	1478	1334	CDISASM_ARM_NAME_SQDMLALT	generated_upstream	1	0	A64	3	0
sqdmlsl	1479	1335	CDISASM_ARM_NAME_SQDMLSL	generated_upstream	1	0	A64	4	0
sqdmlslb	1480	1336	CDISASM_ARM_NAME_SQDMLSLB	generated_upstream	1	0	A64	3	0
sqdmlslbt	1481	1337	CDISASM_ARM_NAME_SQDMLSLBT	generated_upstream	1	0	A64	1	0
sqdmlslt	1482	1338	CDISASM_ARM_NAME_SQDMLSLT	generated_upstream	1	0	A64	3	0
sqdmulh	1483	1339	CDISASM_ARM_NAME_SQDMULH	generated_upstream	1	0	A64	12	0
sqdmull	1484	1340	CDISASM_ARM_NAME_SQDMULL	generated_upstream	1	0	A64	4	0
sqdmullb	1485	1341	CDISASM_ARM_NAME_SQDMULLB	generated_upstream	1	0	A64	3	0
sqdmullt	1486	1342	CDISASM_ARM_NAME_SQDMULLT	generated_upstream	1	0	A64	3	0
sqincb	1487	1343	CDISASM_ARM_NAME_SQINCB	generated_upstream	1	0	A64	2	0
sqincd	1488	1344	CDISASM_ARM_NAME_SQINCD	generated_upstream	1	0	A64	3	0
sqinch	1489	1345	CDISASM_ARM_NAME_SQINCH	generated_upstream	1	0	A64	3	0
sqincp	1490	1346	CDISASM_ARM_NAME_SQINCP	generated_upstream	1	0	A64	3	0
sqincw	1491	1347	CDISASM_ARM_NAME_SQINCW	generated_upstream	1	0	A64	3	0
sqneg	1492	1348	CDISASM_ARM_NAME_SQNEG	generated_upstream	1	0	A64	4	0
sqrdcmlah	1493	1349	CDISASM_ARM_NAME_SQRDCMLAH	generated_upstream	1	0	A64	3	0
sqrdmlsh	1494	1351	CDISASM_ARM_NAME_SQRDMLSH	generated_upstream	1	0	A64	8	0
sqrdmulh	1495	1352	CDISASM_ARM_NAME_SQRDMULH	generated_upstream	1	0	A64	8	0
sqrshl	1496	1353	CDISASM_ARM_NAME_SQRSHL	generated_upstream	1	0	A64	3	0
sqrshlr	1497	1354	CDISASM_ARM_NAME_SQRSHLR	generated_upstream	1	0	A64	1	0
sqrshr	1498	1355	CDISASM_ARM_NAME_SQRSHR	generated_upstream	1	0	A64	2	0
sqrshrn	1499	1356	CDISASM_ARM_NAME_SQRSHRN	generated_upstream	1	0	A64	5	0
sqrshrnb	1500	1357	CDISASM_ARM_NAME_SQRSHRNB	generated_upstream	1	0	A64	1	0
sqrshrnt	1501	1358	CDISASM_ARM_NAME_SQRSHRNT	generated_upstream	1	0	A64	1	0
sqrshru	1502	1359	CDISASM_ARM_NAME_SQRSHRU	generated_upstream	1	0	A64	2	0
sqrshrun	1503	1360	CDISASM_ARM_NAME_SQRSHRUN	generated_upstream	1	0	A64	5	0
sqrshrunb	1504	1361	CDISASM_ARM_NAME_SQRSHRUNB	generated_upstream	1	0	A64	1	0
sqrshrunt	1505	1362	CDISASM_ARM_NAME_SQRSHRUNT	generated_upstream	1	0	A64	1	0
sqshlr	1506	1364	CDISASM_ARM_NAME_SQSHLR	generated_upstream	1	0	A64	1	0
sqshrn	1507	1366	CDISASM_ARM_NAME_SQSHRN	generated_upstream	1	0	A64	3	0
sqshrnb	1508	1367	CDISASM_ARM_NAME_SQSHRNB	generated_upstream	1	0	A64	1	0
sqshrnt	1509	1368	CDISASM_ARM_NAME_SQSHRNT	generated_upstream	1	0	A64	1	0
sqshrun	1510	1369	CDISASM_ARM_NAME_SQSHRUN	generated_upstream	1	0	A64	3	0
sqshrunb	1511	1370	CDISASM_ARM_NAME_SQSHRUNB	generated_upstream	1	0	A64	1	0
sqshrunt	1512	1371	CDISASM_ARM_NAME_SQSHRUNT	generated_upstream	1	0	A64	1	0
sqsubr	1513	1373	CDISASM_ARM_NAME_SQSUBR	generated_upstream	1	0	A64	1	0
sqxtn	1514	1374	CDISASM_ARM_NAME_SQXTN	generated_upstream	1	0	A64	2	0
sqxtnb	1515	1375	CDISASM_ARM_NAME_SQXTNB	generated_upstream	1	0	A64	1	0
sqxtnt	1516	1376	CDISASM_ARM_NAME_SQXTNT	generated_upstream	1	0	A64	1	0
sqxtun	1517	1377	CDISASM_ARM_NAME_SQXTUN	generated_upstream	1	0	A64	2	0
sqxtunb	1518	1378	CDISASM_ARM_NAME_SQXTUNB	generated_upstream	1	0	A64	1	0
sqxtunt	1519	1379	CDISASM_ARM_NAME_SQXTUNT	generated_upstream	1	0	A64	1	0
srhadd	1520	1380	CDISASM_ARM_NAME_SRHADD	generated_upstream	1	0	A64	2	0
sri	1521	1381	CDISASM_ARM_NAME_SRI	generated_upstream	1	0	A64	3	0
srs	1522	1382	CDISASM_ARM_NAME_SRS	generated_upstream	1	0	A32,T32	2	0
srsda	1523	1383	CDISASM_ARM_NAME_SRSDA	generated_upstream	1	0	A32	1	0
srsdb	1524	1384	CDISASM_ARM_NAME_SRSDB	generated_upstream	1	0	A32,T32	2	0
srshl	1525	1385	CDISASM_ARM_NAME_SRSHL	generated_upstream	1	0	A64	7	0
srshlr	1526	1386	CDISASM_ARM_NAME_SRSHLR	generated_upstream	1	0	A64	1	0
srsib	1527	1388	CDISASM_ARM_NAME_SRSIB	generated_upstream	1	0	A32	1	0
srsra	1528	1389	CDISASM_ARM_NAME_SRSRA	generated_upstream	1	0	A64	3	0
ssat	1529	1390	CDISASM_ARM_NAME_SSAT	generated_upstream	1	0	A32,T32	4	0
ssat16	1530	1391	CDISASM_ARM_NAME_SSAT16	generated_upstream	1	0	A32,T32	2	0
ssax	1531	1392	CDISASM_ARM_NAME_SSAX	generated_upstream	1	0	A32,T32	2	0
ssbb	1532	1393	CDISASM_ARM_NAME_SSBB	generated_upstream	1	1	A32,A64,T32	2	1
sshl	1533	1394	CDISASM_ARM_NAME_SSHL	generated_upstream	1	0	A64	2	0
sshll	1534	1395	CDISASM_ARM_NAME_SSHLL	generated_upstream	1	0	A64	1	0
sshllb	1535	1396	CDISASM_ARM_NAME_SSHLLB	generated_upstream	1	0	A64	1	0
sshllt	1536	1397	CDISASM_ARM_NAME_SSHLLT	generated_upstream	1	0	A64	1	0
sshr	1537	1398	CDISASM_ARM_NAME_SSHR	generated_upstream	1	0	A64	2	0
ssra	1538	1399	CDISASM_ARM_NAME_SSRA	generated_upstream	1	0	A64	3	0
ssub16	1539	1400	CDISASM_ARM_NAME_SSUB16	generated_upstream	1	0	A32,T32	2	0
ssub8	1540	1401	CDISASM_ARM_NAME_SSUB8	generated_upstream	1	0	A32,T32	2	0
ssubl	1541	1402	CDISASM_ARM_NAME_SSUBL	generated_upstream	1	0	A64	1	0
ssublb	1542	1403	CDISASM_ARM_NAME_SSUBLB	generated_upstream	1	0	A64	1	0
ssublbt	1543	1404	CDISASM_ARM_NAME_SSUBLBT	generated_upstream	1	0	A64	1	0
ssublt	1544	1405	CDISASM_ARM_NAME_SSUBLT	generated_upstream	1	0	A64	1	0
ssubltb	1545	1406	CDISASM_ARM_NAME_SSUBLTB	generated_upstream	1	0	A64	1	0
ssubw	1546	1407	CDISASM_ARM_NAME_SSUBW	generated_upstream	1	0	A64	1	0
ssubwb	1547	1408	CDISASM_ARM_NAME_SSUBWB	generated_upstream	1	0	A64	1	0
ssubwt	1548	1409	CDISASM_ARM_NAME_SSUBWT	generated_upstream	1	0	A64	1	0
st1	1549	1410	CDISASM_ARM_NAME_ST1	generated_upstream	1	0	A64	24	0
st1q	1550	1414	CDISASM_ARM_NAME_ST1Q	generated_upstream	1	0	A64	2	0
st2	1551	1416	CDISASM_ARM_NAME_ST2	generated_upstream	1	0	A64	15	0
st2b	1552	1417	CDISASM_ARM_NAME_ST2B	generated_upstream	1	0	A64	2	0
st2d	1553	1418	CDISASM_ARM_NAME_ST2D	generated_upstream	1	0	A64	2	0
st2g	1554	1419	CDISASM_ARM_NAME_ST2G	generated_upstream	1	0	A64	3	0
st2h	1555	1420	CDISASM_ARM_NAME_ST2H	generated_upstream	1	0	A64	2	0
st2q	1556	1421	CDISASM_ARM_NAME_ST2Q	generated_upstream	1	0	A64	2	0
st2w	1557	1422	CDISASM_ARM_NAME_ST2W	generated_upstream	1	0	A64	2	0
st3	1558	1423	CDISASM_ARM_NAME_ST3	generated_upstream	1	0	A64	15	0
st3b	1559	1424	CDISASM_ARM_NAME_ST3B	generated_upstream	1	0	A64	2	0
st3d	1560	1425	CDISASM_ARM_NAME_ST3D	generated_upstream	1	0	A64	2	0
st3h	1561	1426	CDISASM_ARM_NAME_ST3H	generated_upstream	1	0	A64	2	0
st3q	1562	1427	CDISASM_ARM_NAME_ST3Q	generated_upstream	1	0	A64	2	0
st3w	1563	1428	CDISASM_ARM_NAME_ST3W	generated_upstream	1	0	A64	2	0
st4	1564	1429	CDISASM_ARM_NAME_ST4	generated_upstream	1	0	A64	15	0
st4b	1565	1430	CDISASM_ARM_NAME_ST4B	generated_upstream	1	0	A64	2	0
st4d	1566	1431	CDISASM_ARM_NAME_ST4D	generated_upstream	1	0	A64	2	0
st4h	1567	1432	CDISASM_ARM_NAME_ST4H	generated_upstream	1	0	A64	2	0
st4q	1568	1433	CDISASM_ARM_NAME_ST4Q	generated_upstream	1	0	A64	2	0
st4w	1569	1434	CDISASM_ARM_NAME_ST4W	generated_upstream	1	0	A64	2	0
stadd	1570	1438	CDISASM_ARM_NAME_STADD	generated_upstream	0	1	A64	0	2
staddb	1571	1439	CDISASM_ARM_NAME_STADDB	generated_upstream	0	1	A64	0	1
staddh	1572	1440	CDISASM_ARM_NAME_STADDH	generated_upstream	0	1	A64	0	1
staddl	1573	1441	CDISASM_ARM_NAME_STADDL	generated_upstream	0	1	A64	0	2
staddlb	1574	1442	CDISASM_ARM_NAME_STADDLB	generated_upstream	0	1	A64	0	1
staddlh	1575	1443	CDISASM_ARM_NAME_STADDLH	generated_upstream	0	1	A64	0	1
stbfadd	1576	1444	CDISASM_ARM_NAME_STBFADD	generated_upstream	1	0	A64	1	0
stbfaddl	1577	1445	CDISASM_ARM_NAME_STBFADDL	generated_upstream	1	0	A64	1	0
stbfmax	1578	1446	CDISASM_ARM_NAME_STBFMAX	generated_upstream	1	0	A64	1	0
stbfmaxl	1579	1447	CDISASM_ARM_NAME_STBFMAXL	generated_upstream	1	0	A64	1	0
stbfmaxnm	1580	1448	CDISASM_ARM_NAME_STBFMAXNM	generated_upstream	1	0	A64	1	0
stbfmaxnml	1581	1449	CDISASM_ARM_NAME_STBFMAXNML	generated_upstream	1	0	A64	1	0
stbfmin	1582	1450	CDISASM_ARM_NAME_STBFMIN	generated_upstream	1	0	A64	1	0
stbfminl	1583	1451	CDISASM_ARM_NAME_STBFMINL	generated_upstream	1	0	A64	1	0
stbfminnm	1584	1452	CDISASM_ARM_NAME_STBFMINNM	generated_upstream	1	0	A64	1	0
stbfminnml	1585	1453	CDISASM_ARM_NAME_STBFMINNML	generated_upstream	1	0	A64	1	0
stc	1586	1454	CDISASM_ARM_NAME_STC	generated_upstream	1	0	A32,T32	8	0
stclr	1587	1455	CDISASM_ARM_NAME_STCLR	generated_upstream	0	1	A64	0	2
stclrb	1588	1456	CDISASM_ARM_NAME_STCLRB	generated_upstream	0	1	A64	0	1
stclrh	1589	1457	CDISASM_ARM_NAME_STCLRH	generated_upstream	0	1	A64	0	1
stclrl	1590	1458	CDISASM_ARM_NAME_STCLRL	generated_upstream	0	1	A64	0	2
stclrlb	1591	1459	CDISASM_ARM_NAME_STCLRLB	generated_upstream	0	1	A64	0	1
stclrlh	1592	1460	CDISASM_ARM_NAME_STCLRLH	generated_upstream	0	1	A64	0	1
stcph	1593	1461	CDISASM_ARM_NAME_STCPH	generated_upstream	1	0	A64	1	0
steor	1594	1462	CDISASM_ARM_NAME_STEOR	generated_upstream	0	1	A64	0	2
steorb	1595	1463	CDISASM_ARM_NAME_STEORB	generated_upstream	0	1	A64	0	1
steorh	1596	1464	CDISASM_ARM_NAME_STEORH	generated_upstream	0	1	A64	0	1
steorl	1597	1465	CDISASM_ARM_NAME_STEORL	generated_upstream	0	1	A64	0	2
steorlb	1598	1466	CDISASM_ARM_NAME_STEORLB	generated_upstream	0	1	A64	0	1
steorlh	1599	1467	CDISASM_ARM_NAME_STEORLH	generated_upstream	0	1	A64	0	1
stfadd	1600	1468	CDISASM_ARM_NAME_STFADD	generated_upstream	1	0	A64	3	0
stfaddl	1601	1469	CDISASM_ARM_NAME_STFADDL	generated_upstream	1	0	A64	3	0
stfmax	1602	1470	CDISASM_ARM_NAME_STFMAX	generated_upstream	1	0	A64	3	0
stfmaxl	1603	1471	CDISASM_ARM_NAME_STFMAXL	generated_upstream	1	0	A64	3	0
stfmaxnm	1604	1472	CDISASM_ARM_NAME_STFMAXNM	generated_upstream	1	0	A64	3	0
stfmaxnml	1605	1473	CDISASM_ARM_NAME_STFMAXNML	generated_upstream	1	0	A64	3	0
stfmin	1606	1474	CDISASM_ARM_NAME_STFMIN	generated_upstream	1	0	A64	3	0
stfminl	1607	1475	CDISASM_ARM_NAME_STFMINL	generated_upstream	1	0	A64	3	0
stfminnm	1608	1476	CDISASM_ARM_NAME_STFMINNM	generated_upstream	1	0	A64	3	0
stfminnml	1609	1477	CDISASM_ARM_NAME_STFMINNML	generated_upstream	1	0	A64	3	0
stgm	1610	1479	CDISASM_ARM_NAME_STGM	generated_upstream	1	0	A64	1	0
stgp	1611	1480	CDISASM_ARM_NAME_STGP	generated_upstream	1	0	A64	3	0
stl	1612	1482	CDISASM_ARM_NAME_STL	generated_upstream	1	0	A32,T32	2	0
stl1	1613	1483	CDISASM_ARM_NAME_STL1	generated_upstream	1	0	A64	1	0
stlb	1614	1484	CDISASM_ARM_NAME_STLB	generated_upstream	1	0	A32,T32	2	0
stlex	1615	1485	CDISASM_ARM_NAME_STLEX	generated_upstream	1	0	A32,T32	2	0
stlexb	1616	1486	CDISASM_ARM_NAME_STLEXB	generated_upstream	1	0	A32,T32	2	0
stlexd	1617	1487	CDISASM_ARM_NAME_STLEXD	generated_upstream	1	0	A32,T32	2	0
stlexh	1618	1488	CDISASM_ARM_NAME_STLEXH	generated_upstream	1	0	A32,T32	2	0
stlh	1619	1489	CDISASM_ARM_NAME_STLH	generated_upstream	1	0	A32,T32	2	0
stlp	1620	1493	CDISASM_ARM_NAME_STLP	generated_upstream	1	0	A64	1	0
stltxr	1621	1497	CDISASM_ARM_NAME_STLTXR	generated_upstream	1	0	A64	2	0
stlur	1622	1498	CDISASM_ARM_NAME_STLUR	generated_upstream	1	0	A64	7	0
stlurb	1623	1499	CDISASM_ARM_NAME_STLURB	generated_upstream	1	0	A64	1	0
stlurh	1624	1500	CDISASM_ARM_NAME_STLURH	generated_upstream	1	0	A64	1	0
stmda	1625	1506	CDISASM_ARM_NAME_STMDA	generated_upstream	1	0	A32	1	0
stmdb	1626	1507	CDISASM_ARM_NAME_STMDB	generated_upstream	1	1	A32,T32	2	1
stmea	1627	1508	CDISASM_ARM_NAME_STMEA	generated_upstream	0	1	A32,T32	0	4
stmed	1628	1509	CDISASM_ARM_NAME_STMED	generated_upstream	0	1	A32	0	1
stmfa	1629	1510	CDISASM_ARM_NAME_STMFA	generated_upstream	0	1	A32	0	1
stmfd	1630	1511	CDISASM_ARM_NAME_STMFD	generated_upstream	0	1	A32,T32	0	2
stmib	1631	1512	CDISASM_ARM_NAME_STMIB	generated_upstream	1	0	A32	1	0
stmopa	1632	1513	CDISASM_ARM_NAME_STMOPA	generated_upstream	1	0	A64	2	0
stnp	1633	1514	CDISASM_ARM_NAME_STNP	generated_upstream	1	0	A64	5	0
stnt1b	1634	1515	CDISASM_ARM_NAME_STNT1B	generated_upstream	1	0	A64	12	0
stnt1d	1635	1516	CDISASM_ARM_NAME_STNT1D	generated_upstream	1	0	A64	11	0
stnt1h	1636	1517	CDISASM_ARM_NAME_STNT1H	generated_upstream	1	0	A64	12	0
stnt1w	1637	1518	CDISASM_ARM_NAME_STNT1W	generated_upstream	1	0	A64	12	0
strd	1638	1523	CDISASM_ARM_NAME_STRD	generated_upstream	1	0	A32,T32	9	0
strex	1639	1524	CDISASM_ARM_NAME_STREX	generated_upstream	1	0	A32,T32	2	0
strexb	1640	1525	CDISASM_ARM_NAME_STREXB	generated_upstream	1	0	A32,T32	2	0
strexd	1641	1526	CDISASM_ARM_NAME_STREXD	generated_upstream	1	0	A32,T32	2	0
strexh	1642	1527	CDISASM_ARM_NAME_STREXH	generated_upstream	1	0	A32,T32	2	0
strht	1643	1529	CDISASM_ARM_NAME_STRHT	generated_upstream	1	0	A32,T32	3	0
stset	1644	1531	CDISASM_ARM_NAME_STSET	generated_upstream	0	1	A64	0	2
stsetb	1645	1532	CDISASM_ARM_NAME_STSETB	generated_upstream	0	1	A64	0	1
stseth	1646	1533	CDISASM_ARM_NAME_STSETH	generated_upstream	0	1	A64	0	1
stsetl	1647	1534	CDISASM_ARM_NAME_STSETL	generated_upstream	0	1	A64	0	2
stsetlb	1648	1535	CDISASM_ARM_NAME_STSETLB	generated_upstream	0	1	A64	0	1
stsetlh	1649	1536	CDISASM_ARM_NAME_STSETLH	generated_upstream	0	1	A64	0	1
stshh	1650	1537	CDISASM_ARM_NAME_STSHH	generated_upstream	1	0	A64	1	0
stsmax	1651	1538	CDISASM_ARM_NAME_STSMAX	generated_upstream	0	1	A64	0	2
stsmaxb	1652	1539	CDISASM_ARM_NAME_STSMAXB	generated_upstream	0	1	A64	0	1
stsmaxh	1653	1540	CDISASM_ARM_NAME_STSMAXH	generated_upstream	0	1	A64	0	1
stsmaxl	1654	1541	CDISASM_ARM_NAME_STSMAXL	generated_upstream	0	1	A64	0	2
stsmaxlb	1655	1542	CDISASM_ARM_NAME_STSMAXLB	generated_upstream	0	1	A64	0	1
stsmaxlh	1656	1543	CDISASM_ARM_NAME_STSMAXLH	generated_upstream	0	1	A64	0	1
stsmin	1657	1544	CDISASM_ARM_NAME_STSMIN	generated_upstream	0	1	A64	0	2
stsminb	1658	1545	CDISASM_ARM_NAME_STSMINB	generated_upstream	0	1	A64	0	1
stsminh	1659	1546	CDISASM_ARM_NAME_STSMINH	generated_upstream	0	1	A64	0	1
stsminl	1660	1547	CDISASM_ARM_NAME_STSMINL	generated_upstream	0	1	A64	0	2
stsminlb	1661	1548	CDISASM_ARM_NAME_STSMINLB	generated_upstream	0	1	A64	0	1
stsminlh	1662	1549	CDISASM_ARM_NAME_STSMINLH	generated_upstream	0	1	A64	0	1
sttadd	1663	1550	CDISASM_ARM_NAME_STTADD	generated_upstream	0	1	A64	0	2
sttaddl	1664	1551	CDISASM_ARM_NAME_STTADDL	generated_upstream	0	1	A64	0	2
sttclr	1665	1552	CDISASM_ARM_NAME_STTCLR	generated_upstream	0	1	A64	0	2
sttclrl	1666	1553	CDISASM_ARM_NAME_STTCLRL	generated_upstream	0	1	A64	0	2
sttnp	1667	1554	CDISASM_ARM_NAME_STTNP	generated_upstream	1	0	A64	2	0
sttp	1668	1555	CDISASM_ARM_NAME_STTP	generated_upstream	1	0	A64	6	0
sttr	1669	1556	CDISASM_ARM_NAME_STTR	generated_upstream	1	0	A64	2	0
sttrb	1670	1557	CDISASM_ARM_NAME_STTRB	generated_upstream	1	0	A64	1	0
sttrh	1671	1558	CDISASM_ARM_NAME_STTRH	generated_upstream	1	0	A64	1	0
sttset	1672	1559	CDISASM_ARM_NAME_STTSET	generated_upstream	0	1	A64	0	2
sttsetl	1673	1560	CDISASM_ARM_NAME_STTSETL	generated_upstream	0	1	A64	0	2
sttxr	1674	1561	CDISASM_ARM_NAME_STTXR	generated_upstream	1	0	A64	2	0
stumax	1675	1562	CDISASM_ARM_NAME_STUMAX	generated_upstream	0	1	A64	0	2
stumaxb	1676	1563	CDISASM_ARM_NAME_STUMAXB	generated_upstream	0	1	A64	0	1
stumaxh	1677	1564	CDISASM_ARM_NAME_STUMAXH	generated_upstream	0	1	A64	0	1
stumaxl	1678	1565	CDISASM_ARM_NAME_STUMAXL	generated_upstream	0	1	A64	0	2
stumaxlb	1679	1566	CDISASM_ARM_NAME_STUMAXLB	generated_upstream	0	1	A64	0	1
stumaxlh	1680	1567	CDISASM_ARM_NAME_STUMAXLH	generated_upstream	0	1	A64	0	1
stumin	1681	1568	CDISASM_ARM_NAME_STUMIN	generated_upstream	0	1	A64	0	2
stuminb	1682	1569	CDISASM_ARM_NAME_STUMINB	generated_upstream	0	1	A64	0	1
stuminh	1683	1570	CDISASM_ARM_NAME_STUMINH	generated_upstream	0	1	A64	0	1
stuminl	1684	1571	CDISASM_ARM_NAME_STUMINL	generated_upstream	0	1	A64	0	2
stuminlb	1685	1572	CDISASM_ARM_NAME_STUMINLB	generated_upstream	0	1	A64	0	1
stuminlh	1686	1573	CDISASM_ARM_NAME_STUMINLH	generated_upstream	0	1	A64	0	1
stz2g	1687	1581	CDISASM_ARM_NAME_STZ2G	generated_upstream	1	0	A64	3	0
stzgm	1688	1583	CDISASM_ARM_NAME_STZGM	generated_upstream	1	0	A64	1	0
subhn	1689	1586	CDISASM_ARM_NAME_SUBHN	generated_upstream	1	0	A64	1	0
subhnb	1690	1587	CDISASM_ARM_NAME_SUBHNB	generated_upstream	1	0	A64	1	0
subhnt	1691	1588	CDISASM_ARM_NAME_SUBHNT	generated_upstream	1	0	A64	1	0
subp	1692	1589	CDISASM_ARM_NAME_SUBP	generated_upstream	1	0	A64	2	0
subps	1693	1590	CDISASM_ARM_NAME_SUBPS	generated_upstream	1	0	A64	1	0
subw	1694	1594	CDISASM_ARM_NAME_SUBW	generated_upstream	0	1	T32	0	2
sudot	1695	1595	CDISASM_ARM_NAME_SUDOT	generated_upstream	1	0	A64	6	0
sumlall	1696	1596	CDISASM_ARM_NAME_SUMLALL	generated_upstream	1	0	A64	5	0
sumop4a	1697	1597	CDISASM_ARM_NAME_SUMOP4A	generated_upstream	1	0	A64	8	0
sumop4s	1698	1598	CDISASM_ARM_NAME_SUMOP4S	generated_upstream	1	0	A64	8	0
sumopa	1699	1599	CDISASM_ARM_NAME_SUMOPA	generated_upstream	1	0	A64	2	0
sumops	1700	1600	CDISASM_ARM_NAME_SUMOPS	generated_upstream	1	0	A64	2	0
sunpk	1701	1601	CDISASM_ARM_NAME_SUNPK	generated_upstream	1	0	A64	2	0
sunpkhi	1702	1602	CDISASM_ARM_NAME_SUNPKHI	generated_upstream	1	0	A64	1	0
sunpklo	1703	1603	CDISASM_ARM_NAME_SUNPKLO	generated_upstream	1	0	A64	1	0
suqadd	1704	1604	CDISASM_ARM_NAME_SUQADD	generated_upstream	1	0	A64	3	0
sutmopa	1705	1605	CDISASM_ARM_NAME_SUTMOPA	generated_upstream	1	0	A64	1	0
suvdot	1706	1606	CDISASM_ARM_NAME_SUVDOT	generated_upstream	1	0	A64	1	0
svdot	1707	1608	CDISASM_ARM_NAME_SVDOT	generated_upstream	1	0	A64	3	0
swpt	1708	1625	CDISASM_ARM_NAME_SWPT	generated_upstream	1	0	A64	2	0
swpta	1709	1626	CDISASM_ARM_NAME_SWPTA	generated_upstream	1	0	A64	2	0
swptal	1710	1627	CDISASM_ARM_NAME_SWPTAL	generated_upstream	1	0	A64	2	0
swptl	1711	1628	CDISASM_ARM_NAME_SWPTL	generated_upstream	1	0	A64	2	0
sxtab	1712	1629	CDISASM_ARM_NAME_SXTAB	generated_upstream	1	0	A32,T32	2	0
sxtab16	1713	1630	CDISASM_ARM_NAME_SXTAB16	generated_upstream	1	0	A32,T32	2	0
sxtah	1714	1631	CDISASM_ARM_NAME_SXTAH	generated_upstream	1	0	A32,T32	2	0
sxtb16	1715	1633	CDISASM_ARM_NAME_SXTB16	generated_upstream	1	0	A32,T32	2	0
sxtl	1716	1635	CDISASM_ARM_NAME_SXTL	generated_upstream	0	1	A64	0	1
sysp	1717	1639	CDISASM_ARM_NAME_SYSP	generated_upstream	1	0	A64	1	0
tbb	1718	1640	CDISASM_ARM_NAME_TBB	generated_upstream	1	0	T32	1	0
tbh	1719	1641	CDISASM_ARM_NAME_TBH	generated_upstream	1	0	T32	1	0
tchangeb	1720	1648	CDISASM_ARM_NAME_TCHANGEB	generated_upstream	1	0	A64	2	0
tchangef	1721	1649	CDISASM_ARM_NAME_TCHANGEF	generated_upstream	1	0	A64	2	0
tenter	1722	1650	CDISASM_ARM_NAME_TENTER	generated_upstream	1	0	A64	1	0
texit	1723	1652	CDISASM_ARM_NAME_TEXIT	generated_upstream	1	0	A64	1	0
tlbi	1724	1653	CDISASM_ARM_NAME_TLBI	generated_upstream	0	1	A64	0	1
tlbip	1725	1654	CDISASM_ARM_NAME_TLBIP	generated_upstream	0	1	A64	0	1
trcit	1726	1655	CDISASM_ARM_NAME_TRCIT	generated_upstream	0	1	A64	0	1
tsb	1727	1658	CDISASM_ARM_NAME_TSB	generated_upstream	1	0	A32,A64,T32	3	0
uaba	1728	1660	CDISASM_ARM_NAME_UABA	generated_upstream	1	0	A64	2	0
uabal	1729	1661	CDISASM_ARM_NAME_UABAL	generated_upstream	1	0	A64	2	0
uabalb	1730	1662	CDISASM_ARM_NAME_UABALB	generated_upstream	1	0	A64	1	0
uabalt	1731	1663	CDISASM_ARM_NAME_UABALT	generated_upstream	1	0	A64	1	0
uabdl	1732	1665	CDISASM_ARM_NAME_UABDL	generated_upstream	1	0	A64	1	0
uabdlb	1733	1666	CDISASM_ARM_NAME_UABDLB	generated_upstream	1	0	A64	1	0
uabdlt	1734	1667	CDISASM_ARM_NAME_UABDLT	generated_upstream	1	0	A64	1	0
uadalp	1735	1668	CDISASM_ARM_NAME_UADALP	generated_upstream	1	0	A64	2	0
uadd16	1736	1669	CDISASM_ARM_NAME_UADD16	generated_upstream	1	0	A32,T32	2	0
uadd8	1737	1670	CDISASM_ARM_NAME_UADD8	generated_upstream	1	0	A32,T32	2	0
uaddl	1738	1671	CDISASM_ARM_NAME_UADDL	generated_upstream	1	0	A64	1	0
uaddlb	1739	1672	CDISASM_ARM_NAME_UADDLB	generated_upstream	1	0	A64	1	0
uaddlp	1740	1673	CDISASM_ARM_NAME_UADDLP	generated_upstream	1	0	A64	1	0
uaddlt	1741	1674	CDISASM_ARM_NAME_UADDLT	generated_upstream	1	0	A64	1	0
uaddlv	1742	1675	CDISASM_ARM_NAME_UADDLV	generated_upstream	1	0	A64	1	0
uaddv	1743	1676	CDISASM_ARM_NAME_UADDV	generated_upstream	1	0	A64	1	0
uaddw	1744	1677	CDISASM_ARM_NAME_UADDW	generated_upstream	1	0	A64	1	0
uaddwb	1745	1678	CDISASM_ARM_NAME_UADDWB	generated_upstream	1	0	A64	1	0
uaddwt	1746	1679	CDISASM_ARM_NAME_UADDWT	generated_upstream	1	0	A64	1	0
uasx	1747	1680	CDISASM_ARM_NAME_UASX	generated_upstream	1	0	A32,T32	2	0
ubfiz	1748	1681	CDISASM_ARM_NAME_UBFIZ	generated_upstream	0	1	A64	0	2
ubfx	1749	1683	CDISASM_ARM_NAME_UBFX	generated_upstream	1	1	A32,A64,T32	2	2
uclamp	1750	1684	CDISASM_ARM_NAME_UCLAMP	generated_upstream	1	0	A64	3	0
ucvtflt	1751	1686	CDISASM_ARM_NAME_UCVTFLT	generated_upstream	1	0	A64	1	0
udf	1752	1687	CDISASM_ARM_NAME_UDF	generated_upstream	1	1	A32,A64,T32	4	1
udot	1753	1690	CDISASM_ARM_NAME_UDOT	generated_upstream	1	0	A64	23	0
uhadd	1754	1691	CDISASM_ARM_NAME_UHADD	generated_upstream	1	0	A64	2	0
uhadd16	1755	1692	CDISASM_ARM_NAME_UHADD16	generated_upstream	1	0	A32,T32	2	0
uhadd8	1756	1693	CDISASM_ARM_NAME_UHADD8	generated_upstream	1	0	A32,T32	2	0
uhasx	1757	1694	CDISASM_ARM_NAME_UHASX	generated_upstream	1	0	A32,T32	2	0
uhsax	1758	1695	CDISASM_ARM_NAME_UHSAX	generated_upstream	1	0	A32,T32	2	0
uhsub	1759	1696	CDISASM_ARM_NAME_UHSUB	generated_upstream	1	0	A64	2	0
uhsub16	1760	1697	CDISASM_ARM_NAME_UHSUB16	generated_upstream	1	0	A32,T32	2	0
uhsub8	1761	1698	CDISASM_ARM_NAME_UHSUB8	generated_upstream	1	0	A32,T32	2	0
uhsubr	1762	1699	CDISASM_ARM_NAME_UHSUBR	generated_upstream	1	0	A64	1	0
umaal	1763	1700	CDISASM_ARM_NAME_UMAAL	generated_upstream	1	0	A32,T32	2	0
umaddl	1764	1701	CDISASM_ARM_NAME_UMADDL	generated_upstream	1	0	A64	1	0
umaxp	1765	1703	CDISASM_ARM_NAME_UMAXP	generated_upstream	1	0	A64	2	0
umaxqv	1766	1704	CDISASM_ARM_NAME_UMAXQV	generated_upstream	1	0	A64	1	0
umaxv	1767	1705	CDISASM_ARM_NAME_UMAXV	generated_upstream	1	0	A64	2	0
uminp	1768	1707	CDISASM_ARM_NAME_UMINP	generated_upstream	1	0	A64	2	0
uminqv	1769	1708	CDISASM_ARM_NAME_UMINQV	generated_upstream	1	0	A64	1	0
uminv	1770	1709	CDISASM_ARM_NAME_UMINV	generated_upstream	1	0	A64	2	0
umlal	1771	1710	CDISASM_ARM_NAME_UMLAL	generated_upstream	1	0	A32,A64,T32	12	0
umlalb	1772	1711	CDISASM_ARM_NAME_UMLALB	generated_upstream	1	0	A64	3	0
umlall	1773	1712	CDISASM_ARM_NAME_UMLALL	generated_upstream	1	0	A64	11	0
umlals	1774	1713	CDISASM_ARM_NAME_UMLALS	generated_upstream	1	0	A32	1	0
umlalt	1775	1714	CDISASM_ARM_NAME_UMLALT	generated_upstream	1	0	A64	3	0
umlsl	1776	1715	CDISASM_ARM_NAME_UMLSL	generated_upstream	1	0	A64	10	0
umlslb	1777	1716	CDISASM_ARM_NAME_UMLSLB	generated_upstream	1	0	A64	3	0
umlsll	1778	1717	CDISASM_ARM_NAME_UMLSLL	generated_upstream	1	0	A64	11	0
umlslt	1779	1718	CDISASM_ARM_NAME_UMLSLT	generated_upstream	1	0	A64	3	0
ummla	1780	1719	CDISASM_ARM_NAME_UMMLA	generated_upstream	1	0	A64	2	0
umnegl	1781	1720	CDISASM_ARM_NAME_UMNEGL	generated_upstream	0	1	A64	0	1
umop4a	1782	1721	CDISASM_ARM_NAME_UMOP4A	generated_upstream	1	0	A64	12	0
umop4s	1783	1722	CDISASM_ARM_NAME_UMOP4S	generated_upstream	1	0	A64	12	0
umops	1784	1724	CDISASM_ARM_NAME_UMOPS	generated_upstream	1	0	A64	3	0
umov	1785	1725	CDISASM_ARM_NAME_UMOV	generated_upstream	1	0	A64	2	0
umsubl	1786	1726	CDISASM_ARM_NAME_UMSUBL	generated_upstream	1	0	A64	1	0
umull	1787	1728	CDISASM_ARM_NAME_UMULL	generated_upstream	1	1	A32,A64,T32	4	1
umullb	1788	1729	CDISASM_ARM_NAME_UMULLB	generated_upstream	1	0	A64	3	0
umulls	1789	1730	CDISASM_ARM_NAME_UMULLS	generated_upstream	1	0	A32	1	0
umullt	1790	1731	CDISASM_ARM_NAME_UMULLT	generated_upstream	1	0	A64	3	0
uqadd16	1791	1733	CDISASM_ARM_NAME_UQADD16	generated_upstream	1	0	A32,T32	2	0
uqadd8	1792	1734	CDISASM_ARM_NAME_UQADD8	generated_upstream	1	0	A32,T32	2	0
uqasx	1793	1735	CDISASM_ARM_NAME_UQASX	generated_upstream	1	0	A32,T32	2	0
uqcvt	1794	1736	CDISASM_ARM_NAME_UQCVT	generated_upstream	1	0	A64	2	0
uqcvtn	1795	1737	CDISASM_ARM_NAME_UQCVTN	generated_upstream	1	0	A64	2	0
uqdecb	1796	1738	CDISASM_ARM_NAME_UQDECB	generated_upstream	1	0	A64	2	0
uqdecd	1797	1739	CDISASM_ARM_NAME_UQDECD	generated_upstream	1	0	A64	3	0
uqdech	1798	1740	CDISASM_ARM_NAME_UQDECH	generated_upstream	1	0	A64	3	0
uqdecp	1799	1741	CDISASM_ARM_NAME_UQDECP	generated_upstream	1	0	A64	3	0
uqdecw	1800	1742	CDISASM_ARM_NAME_UQDECW	generated_upstream	1	0	A64	3	0
uqincb	1801	1743	CDISASM_ARM_NAME_UQINCB	generated_upstream	1	0	A64	2	0
uqincd	1802	1744	CDISASM_ARM_NAME_UQINCD	generated_upstream	1	0	A64	3	0
uqinch	1803	1745	CDISASM_ARM_NAME_UQINCH	generated_upstream	1	0	A64	3	0
uqincp	1804	1746	CDISASM_ARM_NAME_UQINCP	generated_upstream	1	0	A64	3	0
uqincw	1805	1747	CDISASM_ARM_NAME_UQINCW	generated_upstream	1	0	A64	3	0
uqrshl	1806	1748	CDISASM_ARM_NAME_UQRSHL	generated_upstream	1	0	A64	3	0
uqrshlr	1807	1749	CDISASM_ARM_NAME_UQRSHLR	generated_upstream	1	0	A64	1	0
uqrshr	1808	1750	CDISASM_ARM_NAME_UQRSHR	generated_upstream	1	0	A64	2	0
uqrshrn	1809	1751	CDISASM_ARM_NAME_UQRSHRN	generated_upstream	1	0	A64	5	0
uqrshrnb	1810	1752	CDISASM_ARM_NAME_UQRSHRNB	generated_upstream	1	0	A64	1	0
uqrshrnt	1811	1753	CDISASM_ARM_NAME_UQRSHRNT	generated_upstream	1	0	A64	1	0
uqsax	1812	1754	CDISASM_ARM_NAME_UQSAX	generated_upstream	1	0	A32,T32	2	0
uqshlr	1813	1756	CDISASM_ARM_NAME_UQSHLR	generated_upstream	1	0	A64	1	0
uqshrn	1814	1757	CDISASM_ARM_NAME_UQSHRN	generated_upstream	1	0	A64	3	0
uqshrnb	1815	1758	CDISASM_ARM_NAME_UQSHRNB	generated_upstream	1	0	A64	1	0
uqshrnt	1816	1759	CDISASM_ARM_NAME_UQSHRNT	generated_upstream	1	0	A64	1	0
uqsub16	1817	1761	CDISASM_ARM_NAME_UQSUB16	generated_upstream	1	0	A32,T32	2	0
uqsub8	1818	1762	CDISASM_ARM_NAME_UQSUB8	generated_upstream	1	0	A32,T32	2	0
uqsubr	1819	1763	CDISASM_ARM_NAME_UQSUBR	generated_upstream	1	0	A64	1	0
uqxtn	1820	1764	CDISASM_ARM_NAME_UQXTN	generated_upstream	1	0	A64	2	0
uqxtnb	1821	1765	CDISASM_ARM_NAME_UQXTNB	generated_upstream	1	0	A64	1	0
uqxtnt	1822	1766	CDISASM_ARM_NAME_UQXTNT	generated_upstream	1	0	A64	1	0
urecpe	1823	1767	CDISASM_ARM_NAME_URECPE	generated_upstream	1	0	A64	3	0
urhadd	1824	1768	CDISASM_ARM_NAME_URHADD	generated_upstream	1	0	A64	2	0
urshl	1825	1769	CDISASM_ARM_NAME_URSHL	generated_upstream	1	0	A64	7	0
urshlr	1826	1770	CDISASM_ARM_NAME_URSHLR	generated_upstream	1	0	A64	1	0
ursqrte	1827	1772	CDISASM_ARM_NAME_URSQRTE	generated_upstream	1	0	A64	3	0
ursra	1828	1773	CDISASM_ARM_NAME_URSRA	generated_upstream	1	0	A64	3	0
usad8	1829	1774	CDISASM_ARM_NAME_USAD8	generated_upstream	1	0	A32,T32	2	0
usada8	1830	1775	CDISASM_ARM_NAME_USADA8	generated_upstream	1	0	A32,T32	2	0
usat	1831	1776	CDISASM_ARM_NAME_USAT	generated_upstream	1	0	A32,T32	4	0
usat16	1832	1777	CDISASM_ARM_NAME_USAT16	generated_upstream	1	0	A32,T32	2	0
usax	1833	1778	CDISASM_ARM_NAME_USAX	generated_upstream	1	0	A32,T32	2	0
usdot	1834	1779	CDISASM_ARM_NAME_USDOT	generated_upstream	1	0	A64	10	0
ushl	1835	1780	CDISASM_ARM_NAME_USHL	generated_upstream	1	0	A64	2	0
ushll	1836	1781	CDISASM_ARM_NAME_USHLL	generated_upstream	1	0	A64	1	0
ushllb	1837	1782	CDISASM_ARM_NAME_USHLLB	generated_upstream	1	0	A64	1	0
ushllt	1838	1783	CDISASM_ARM_NAME_USHLLT	generated_upstream	1	0	A64	1	0
ushr	1839	1784	CDISASM_ARM_NAME_USHR	generated_upstream	1	0	A64	2	0
usmlall	1840	1785	CDISASM_ARM_NAME_USMLALL	generated_upstream	1	0	A64	8	0
usmmla	1841	1786	CDISASM_ARM_NAME_USMMLA	generated_upstream	1	0	A64	2	0
usmop4a	1842	1787	CDISASM_ARM_NAME_USMOP4A	generated_upstream	1	0	A64	8	0
usmop4s	1843	1788	CDISASM_ARM_NAME_USMOP4S	generated_upstream	1	0	A64	8	0
usmopa	1844	1789	CDISASM_ARM_NAME_USMOPA	generated_upstream	1	0	A64	2	0
usmops	1845	1790	CDISASM_ARM_NAME_USMOPS	generated_upstream	1	0	A64	2	0
usqadd	1846	1791	CDISASM_ARM_NAME_USQADD	generated_upstream	1	0	A64	3	0
usra	1847	1792	CDISASM_ARM_NAME_USRA	generated_upstream	1	0	A64	3	0
ustmopa	1848	1793	CDISASM_ARM_NAME_USTMOPA	generated_upstream	1	0	A64	1	0
usub16	1849	1794	CDISASM_ARM_NAME_USUB16	generated_upstream	1	0	A32,T32	2	0
usub8	1850	1795	CDISASM_ARM_NAME_USUB8	generated_upstream	1	0	A32,T32	2	0
usubl	1851	1796	CDISASM_ARM_NAME_USUBL	generated_upstream	1	0	A64	1	0
usublb	1852	1797	CDISASM_ARM_NAME_USUBLB	generated_upstream	1	0	A64	1	0
usublt	1853	1798	CDISASM_ARM_NAME_USUBLT	generated_upstream	1	0	A64	1	0
usubw	1854	1799	CDISASM_ARM_NAME_USUBW	generated_upstream	1	0	A64	1	0
usubwb	1855	1800	CDISASM_ARM_NAME_USUBWB	generated_upstream	1	0	A64	1	0
usubwt	1856	1801	CDISASM_ARM_NAME_USUBWT	generated_upstream	1	0	A64	1	0
usvdot	1857	1802	CDISASM_ARM_NAME_USVDOT	generated_upstream	1	0	A64	1	0
utmopa	1858	1803	CDISASM_ARM_NAME_UTMOPA	generated_upstream	1	0	A64	2	0
uunpk	1859	1804	CDISASM_ARM_NAME_UUNPK	generated_upstream	1	0	A64	2	0
uunpkhi	1860	1805	CDISASM_ARM_NAME_UUNPKHI	generated_upstream	1	0	A64	1	0
uunpklo	1861	1806	CDISASM_ARM_NAME_UUNPKLO	generated_upstream	1	0	A64	1	0
uvdot	1862	1807	CDISASM_ARM_NAME_UVDOT	generated_upstream	1	0	A64	3	0
uxtab	1863	1808	CDISASM_ARM_NAME_UXTAB	generated_upstream	1	0	A32,T32	2	0
uxtab16	1864	1809	CDISASM_ARM_NAME_UXTAB16	generated_upstream	1	0	A32,T32	2	0
uxtah	1865	1810	CDISASM_ARM_NAME_UXTAH	generated_upstream	1	0	A32,T32	2	0
uxtb16	1866	1812	CDISASM_ARM_NAME_UXTB16	generated_upstream	1	0	A32,T32	2	0
uxtl	1867	1814	CDISASM_ARM_NAME_UXTL	generated_upstream	0	1	A64	0	1
uzp	1868	1816	CDISASM_ARM_NAME_UZP	generated_upstream	1	0	A64	4	0
uzpq1	1869	1819	CDISASM_ARM_NAME_UZPQ1	generated_upstream	1	0	A64	1	0
uzpq2	1870	1820	CDISASM_ARM_NAME_UZPQ2	generated_upstream	1	0	A64	1	0
vaba	1871	1821	CDISASM_ARM_NAME_VABA	generated_upstream	1	0	A32,T32	4	0
vabal	1872	1822	CDISASM_ARM_NAME_VABAL	generated_upstream	1	0	A32,T32	2	0
vabd	1873	1823	CDISASM_ARM_NAME_VABD	generated_upstream	1	0	A32,T32	8	0
vabdl	1874	1824	CDISASM_ARM_NAME_VABDL	generated_upstream	1	0	A32,T32	2	0
vabs	1875	1825	CDISASM_ARM_NAME_VABS	generated_upstream	1	0	A32,T32	10	0
vacge	1876	1826	CDISASM_ARM_NAME_VACGE	generated_upstream	1	0	A32,T32	4	0
vacgt	1877	1827	CDISASM_ARM_NAME_VACGT	generated_upstream	1	0	A32,T32	4	0
vacle	1878	1828	CDISASM_ARM_NAME_VACLE	generated_upstream	0	1	A32,T32	0	4
vaclt	1879	1829	CDISASM_ARM_NAME_VACLT	generated_upstream	0	1	A32,T32	0	4
vaddhn	1880	1831	CDISASM_ARM_NAME_VADDHN	generated_upstream	1	0	A32,T32	2	0
vaddl	1881	1832	CDISASM_ARM_NAME_VADDL	generated_upstream	1	0	A32,T32	2	0
vaddw	1882	1833	CDISASM_ARM_NAME_VADDW	generated_upstream	1	0	A32,T32	2	0
vbif	1883	1836	CDISASM_ARM_NAME_VBIF	generated_upstream	1	0	A32,T32	4	0
vbit	1884	1837	CDISASM_ARM_NAME_VBIT	generated_upstream	1	0	A32,T32	4	0
vbsl	1885	1838	CDISASM_ARM_NAME_VBSL	generated_upstream	1	0	A32,T32	4	0
vcadd	1886	1839	CDISASM_ARM_NAME_VCADD	generated_upstream	1	0	A32,T32	4	0
vceq	1887	1840	CDISASM_ARM_NAME_VCEQ	generated_upstream	1	0	A32,T32	12	0
vcge	1888	1841	CDISASM_ARM_NAME_VCGE	generated_upstream	1	0	A32,T32	12	0
vcgt	1889	1842	CDISASM_ARM_NAME_VCGT	generated_upstream	1	0	A32,T32	12	0
vcle	1890	1843	CDISASM_ARM_NAME_VCLE	generated_upstream	1	1	A32,T32	4	8
vcls	1891	1844	CDISASM_ARM_NAME_VCLS	generated_upstream	1	0	A32,T32	4	0
vclt	1892	1845	CDISASM_ARM_NAME_VCLT	generated_upstream	1	1	A32,T32	4	8
vclz	1893	1846	CDISASM_ARM_NAME_VCLZ	generated_upstream	1	0	A32,T32	4	0
vcmla	1894	1847	CDISASM_ARM_NAME_VCMLA	generated_upstream	1	0	A32,T32	12	0
vcmp	1895	1848	CDISASM_ARM_NAME_VCMP	generated_upstream	1	0	A32,T32	12	0
vcmpe	1896	1849	CDISASM_ARM_NAME_VCMPE	generated_upstream	1	0	A32,T32	12	0
vcnt	1897	1850	CDISASM_ARM_NAME_VCNT	generated_upstream	1	0	A32,T32	4	0
vcvt	1898	1851	CDISASM_ARM_NAME_VCVT	generated_upstream	1	0	A32,T32	48	0
vcvta	1899	1852	CDISASM_ARM_NAME_VCVTA	generated_upstream	1	0	A32,T32	10	0
vcvtb	1900	1853	CDISASM_ARM_NAME_VCVTB	generated_upstream	1	0	A32,T32	10	0
vcvtm	1901	1854	CDISASM_ARM_NAME_VCVTM	generated_upstream	1	0	A32,T32	10	0
vcvtn	1902	1855	CDISASM_ARM_NAME_VCVTN	generated_upstream	1	0	A32,T32	10	0
vcvtp	1903	1856	CDISASM_ARM_NAME_VCVTP	generated_upstream	1	0	A32,T32	10	0
vcvtr	1904	1857	CDISASM_ARM_NAME_VCVTR	generated_upstream	1	0	A32,T32	12	0
vcvtt	1905	1858	CDISASM_ARM_NAME_VCVTT	generated_upstream	1	0	A32,T32	10	0
vdot	1906	1860	CDISASM_ARM_NAME_VDOT	generated_upstream	1	0	A32,T32	8	0
vdup	1907	1861	CDISASM_ARM_NAME_VDUP	generated_upstream	1	0	A32,T32	8	0
vext	1908	1863	CDISASM_ARM_NAME_VEXT	generated_upstream	1	1	A32,T32	4	4
vfma	1909	1864	CDISASM_ARM_NAME_VFMA	generated_upstream	1	0	A32,T32	14	0
vfmal	1910	1865	CDISASM_ARM_NAME_VFMAL	generated_upstream	1	0	A32,T32	8	0
vfms	1911	1866	CDISASM_ARM_NAME_VFMS	generated_upstream	1	0	A32,T32	10	0
vfmsl	1912	1867	CDISASM_ARM_NAME_VFMSL	generated_upstream	1	0	A32,T32	8	0
vfnma	1913	1868	CDISASM_ARM_NAME_VFNMA	generated_upstream	1	0	A32,T32	6	0
vfnms	1914	1869	CDISASM_ARM_NAME_VFNMS	generated_upstream	1	0	A32,T32	6	0
vhadd	1915	1870	CDISASM_ARM_NAME_VHADD	generated_upstream	1	0	A32,T32	4	0
vhsub	1916	1871	CDISASM_ARM_NAME_VHSUB	generated_upstream	1	0	A32,T32	4	0
vins	1917	1872	CDISASM_ARM_NAME_VINS	generated_upstream	1	0	A32,T32	2	0
vjcvt	1918	1873	CDISASM_ARM_NAME_VJCVT	generated_upstream	1	0	A32,T32	2	0
vld1	1919	1874	CDISASM_ARM_NAME_VLD1	generated_upstream	1	0	A32,T32	48	0
vld2	1920	1875	CDISASM_ARM_NAME_VLD2	generated_upstream	1	0	A32,T32	36	0
vld3	1921	1876	CDISASM_ARM_NAME_VLD3	generated_upstream	1	0	A32,T32	30	0
vld4	1922	1877	CDISASM_ARM_NAME_VLD4	generated_upstream	1	0	A32,T32	30	0
vldm	1923	1878	CDISASM_ARM_NAME_VLDM	generated_upstream	1	0	A32,T32	4	0
vldmdb	1924	1879	CDISASM_ARM_NAME_VLDMDB	generated_upstream	1	0	A32,T32	4	0
vldmia	1925	1880	CDISASM_ARM_NAME_VLDMIA	generated_upstream	0	1	A32,T32	0	4
vldr	1926	1881	CDISASM_ARM_NAME_VLDR	generated_upstream	1	1	A32,T32	12	6
vmax	1927	1882	CDISASM_ARM_NAME_VMAX	generated_upstream	1	0	A32,T32	8	0
vmaxnm	1928	1883	CDISASM_ARM_NAME_VMAXNM	generated_upstream	1	0	A32,T32	10	0
vmin	1929	1884	CDISASM_ARM_NAME_VMIN	generated_upstream	1	0	A32,T32	8	0
vminnm	1930	1885	CDISASM_ARM_NAME_VMINNM	generated_upstream	1	0	A32,T32	10	0
vmlal	1931	1887	CDISASM_ARM_NAME_VMLAL	generated_upstream	1	0	A32,T32	4	0
vmlsl	1932	1889	CDISASM_ARM_NAME_VMLSL	generated_upstream	1	0	A32,T32	4	0
vmmla	1933	1890	CDISASM_ARM_NAME_VMMLA	generated_upstream	1	0	A32,T32	2	0
vmov	1934	1891	CDISASM_ARM_NAME_VMOV	generated_upstream	1	1	A32,T32	46	4
vmovl	1935	1892	CDISASM_ARM_NAME_VMOVL	generated_upstream	1	0	A32,T32	2	0
vmovn	1936	1893	CDISASM_ARM_NAME_VMOVN	generated_upstream	1	0	A32,T32	2	0
vmovx	1937	1894	CDISASM_ARM_NAME_VMOVX	generated_upstream	1	0	A32,T32	2	0
vmrs	1938	1895	CDISASM_ARM_NAME_VMRS	generated_upstream	1	0	A32,T32	2	0
vmsr	1939	1896	CDISASM_ARM_NAME_VMSR	generated_upstream	1	0	A32,T32	2	0
vmull	1940	1898	CDISASM_ARM_NAME_VMULL	generated_upstream	1	0	A32,T32	4	0
vmvn	1941	1899	CDISASM_ARM_NAME_VMVN	generated_upstream	1	0	A32,T32	16	0
vneg	1942	1900	CDISASM_ARM_NAME_VNEG	generated_upstream	1	0	A32,T32	10	0
vnmla	1943	1901	CDISASM_ARM_NAME_VNMLA	generated_upstream	1	0	A32,T32	6	0
vnmls	1944	1902	CDISASM_ARM_NAME_VNMLS	generated_upstream	1	0	A32,T32	6	0
vnmul	1945	1903	CDISASM_ARM_NAME_VNMUL	generated_upstream	1	0	A32,T32	6	0
vorn	1946	1904	CDISASM_ARM_NAME_VORN	generated_upstream	1	1	A32,T32	4	8
vpadal	1947	1906	CDISASM_ARM_NAME_VPADAL	generated_upstream	1	0	A32,T32	4	0
vpadd	1948	1907	CDISASM_ARM_NAME_VPADD	generated_upstream	1	0	A32,T32	4	0
vpaddl	1949	1908	CDISASM_ARM_NAME_VPADDL	generated_upstream	1	0	A32,T32	4	0
vpmax	1950	1909	CDISASM_ARM_NAME_VPMAX	generated_upstream	1	0	A32,T32	4	0
vpmin	1951	1910	CDISASM_ARM_NAME_VPMIN	generated_upstream	1	0	A32,T32	4	0
vpop	1952	1911	CDISASM_ARM_NAME_VPOP	generated_upstream	0	1	A32,T32	0	4
vpush	1953	1912	CDISASM_ARM_NAME_VPUSH	generated_upstream	0	1	A32,T32	0	4
vqabs	1954	1913	CDISASM_ARM_NAME_VQABS	generated_upstream	1	0	A32,T32	4	0
vqadd	1955	1914	CDISASM_ARM_NAME_VQADD	generated_upstream	1	0	A32,T32	4	0
vqdmlal	1956	1915	CDISASM_ARM_NAME_VQDMLAL	generated_upstream	1	0	A32,T32	4	0
vqdmlsl	1957	1916	CDISASM_ARM_NAME_VQDMLSL	generated_upstream	1	0	A32,T32	4	0
vqdmulh	1958	1917	CDISASM_ARM_NAME_VQDMULH	generated_upstream	1	0	A32,T32	8	0
vqdmull	1959	1918	CDISASM_ARM_NAME_VQDMULL	generated_upstream	1	0	A32,T32	4	0
vqmovn	1960	1919	CDISASM_ARM_NAME_VQMOVN	generated_upstream	1	0	A32,T32	2	0
vqmovun	1961	1920	CDISASM_ARM_NAME_VQMOVUN	generated_upstream	1	0	A32,T32	2	0
vqneg	1962	1921	CDISASM_ARM_NAME_VQNEG	generated_upstream	1	0	A32,T32	4	0
vqrdmlah	1963	1922	CDISASM_ARM_NAME_VQRDMLAH	generated_upstream	1	0	A32,T32	8	0
vqrdmlsh	1964	1923	CDISASM_ARM_NAME_VQRDMLSH	generated_upstream	1	0	A32,T32	8	0
vqrdmulh	1965	1924	CDISASM_ARM_NAME_VQRDMULH	generated_upstream	1	0	A32,T32	8	0
vqrshl	1966	1925	CDISASM_ARM_NAME_VQRSHL	generated_upstream	1	0	A32,T32	4	0
vqrshrn	1967	1926	CDISASM_ARM_NAME_VQRSHRN	generated_upstream	1	1	A32,T32	2	2
vqrshrun	1968	1927	CDISASM_ARM_NAME_VQRSHRUN	generated_upstream	1	1	A32,T32	2	2
vqshl	1969	1928	CDISASM_ARM_NAME_VQSHL	generated_upstream	1	0	A32,T32	8	0
vqshlu	1970	1929	CDISASM_ARM_NAME_VQSHLU	generated_upstream	1	0	A32,T32	4	0
vqshrn	1971	1930	CDISASM_ARM_NAME_VQSHRN	generated_upstream	1	1	A32,T32	2	2
vqshrun	1972	1931	CDISASM_ARM_NAME_VQSHRUN	generated_upstream	1	1	A32,T32	2	2
vqsub	1973	1932	CDISASM_ARM_NAME_VQSUB	generated_upstream	1	0	A32,T32	4	0
vraddhn	1974	1933	CDISASM_ARM_NAME_VRADDHN	generated_upstream	1	0	A32,T32	2	0
vrecpe	1975	1934	CDISASM_ARM_NAME_VRECPE	generated_upstream	1	0	A32,T32	4	0
vrecps	1976	1935	CDISASM_ARM_NAME_VRECPS	generated_upstream	1	0	A32,T32	4	0
vrev16	1977	1936	CDISASM_ARM_NAME_VREV16	generated_upstream	1	0	A32,T32	4	0
vrev32	1978	1937	CDISASM_ARM_NAME_VREV32	generated_upstream	1	0	A32,T32	4	0
vrev64	1979	1938	CDISASM_ARM_NAME_VREV64	generated_upstream	1	0	A32,T32	4	0
vrhadd	1980	1939	CDISASM_ARM_NAME_VRHADD	generated_upstream	1	0	A32,T32	4	0
vrinta	1981	1940	CDISASM_ARM_NAME_VRINTA	generated_upstream	1	0	A32,T32	10	0
vrintm	1982	1941	CDISASM_ARM_NAME_VRINTM	generated_upstream	1	0	A32,T32	10	0
vrintn	1983	1942	CDISASM_ARM_NAME_VRINTN	generated_upstream	1	0	A32,T32	10	0
vrintp	1984	1943	CDISASM_ARM_NAME_VRINTP	generated_upstream	1	0	A32,T32	10	0
vrintr	1985	1944	CDISASM_ARM_NAME_VRINTR	generated_upstream	1	0	A32,T32	6	0
vrintx	1986	1945	CDISASM_ARM_NAME_VRINTX	generated_upstream	1	0	A32,T32	10	0
vrintz	1987	1946	CDISASM_ARM_NAME_VRINTZ	generated_upstream	1	0	A32,T32	10	0
vrshl	1988	1947	CDISASM_ARM_NAME_VRSHL	generated_upstream	1	0	A32,T32	4	0
vrshr	1989	1948	CDISASM_ARM_NAME_VRSHR	generated_upstream	1	1	A32,T32	4	4
vrshrn	1990	1949	CDISASM_ARM_NAME_VRSHRN	generated_upstream	1	1	A32,T32	2	2
vrsqrte	1991	1950	CDISASM_ARM_NAME_VRSQRTE	generated_upstream	1	0	A32,T32	4	0
vrsqrts	1992	1951	CDISASM_ARM_NAME_VRSQRTS	generated_upstream	1	0	A32,T32	4	0
vrsra	1993	1952	CDISASM_ARM_NAME_VRSRA	generated_upstream	1	0	A32,T32	4	0
vrsubhn	1994	1953	CDISASM_ARM_NAME_VRSUBHN	generated_upstream	1	0	A32,T32	2	0
vsdot	1995	1954	CDISASM_ARM_NAME_VSDOT	generated_upstream	1	0	A32,T32	8	0
vseleq	1996	1955	CDISASM_ARM_NAME_VSELEQ	generated_upstream	1	0	A32,T32	6	0
vselge	1997	1956	CDISASM_ARM_NAME_VSELGE	generated_upstream	1	0	A32,T32	6	0
vselgt	1998	1957	CDISASM_ARM_NAME_VSELGT	generated_upstream	1	0	A32,T32	6	0
vselvs	1999	1958	CDISASM_ARM_NAME_VSELVS	generated_upstream	1	0	A32,T32	6	0
vshl	2000	1959	CDISASM_ARM_NAME_VSHL	generated_upstream	1	0	A32,T32	8	0
vshll	2001	1960	CDISASM_ARM_NAME_VSHLL	generated_upstream	1	0	A32,T32	4	0
vshr	2002	1961	CDISASM_ARM_NAME_VSHR	generated_upstream	1	1	A32,T32	4	4
vshrn	2003	1962	CDISASM_ARM_NAME_VSHRN	generated_upstream	1	1	A32,T32	2	2
vsli	2004	1963	CDISASM_ARM_NAME_VSLI	generated_upstream	1	0	A32,T32	4	0
vsmmla	2005	1964	CDISASM_ARM_NAME_VSMMLA	generated_upstream	1	0	A32,T32	2	0
vsqrt	2006	1965	CDISASM_ARM_NAME_VSQRT	generated_upstream	1	0	A32,T32	6	0
vsra	2007	1966	CDISASM_ARM_NAME_VSRA	generated_upstream	1	0	A32,T32	4	0
vsri	2008	1967	CDISASM_ARM_NAME_VSRI	generated_upstream	1	0	A32,T32	4	0
vst1	2009	1968	CDISASM_ARM_NAME_VST1	generated_upstream	1	0	A32,T32	42	0
vst2	2010	1969	CDISASM_ARM_NAME_VST2	generated_upstream	1	0	A32,T32	30	0
vst3	2011	1970	CDISASM_ARM_NAME_VST3	generated_upstream	1	0	A32,T32	24	0
vst4	2012	1971	CDISASM_ARM_NAME_VST4	generated_upstream	1	0	A32,T32	24	0
vstm	2013	1972	CDISASM_ARM_NAME_VSTM	generated_upstream	1	0	A32,T32	4	0
vstmdb	2014	1973	CDISASM_ARM_NAME_VSTMDB	generated_upstream	1	0	A32,T32	4	0
vstmia	2015	1974	CDISASM_ARM_NAME_VSTMIA	generated_upstream	0	1	A32,T32	0	4
vstr	2016	1975	CDISASM_ARM_NAME_VSTR	generated_upstream	1	0	A32,T32	6	0
vsubhn	2017	1977	CDISASM_ARM_NAME_VSUBHN	generated_upstream	1	0	A32,T32	2	0
vsubl	2018	1978	CDISASM_ARM_NAME_VSUBL	generated_upstream	1	0	A32,T32	2	0
vsubw	2019	1979	CDISASM_ARM_NAME_VSUBW	generated_upstream	1	0	A32,T32	2	0
vsudot	2020	1980	CDISASM_ARM_NAME_VSUDOT	generated_upstream	1	0	A32,T32	4	0
vswp	2021	1981	CDISASM_ARM_NAME_VSWP	generated_upstream	1	0	A32,T32	4	0
vtbl	2022	1982	CDISASM_ARM_NAME_VTBL	generated_upstream	1	0	A32,T32	2	0
vtbx	2023	1983	CDISASM_ARM_NAME_VTBX	generated_upstream	1	0	A32,T32	2	0
vtrn	2024	1984	CDISASM_ARM_NAME_VTRN	generated_upstream	1	0	A32,T32	4	0
vtst	2025	1985	CDISASM_ARM_NAME_VTST	generated_upstream	1	0	A32,T32	4	0
vudot	2026	1986	CDISASM_ARM_NAME_VUDOT	generated_upstream	1	0	A32,T32	8	0
vummla	2027	1987	CDISASM_ARM_NAME_VUMMLA	generated_upstream	1	0	A32,T32	2	0
vusdot	2028	1988	CDISASM_ARM_NAME_VUSDOT	generated_upstream	1	0	A32,T32	8	0
vusmmla	2029	1989	CDISASM_ARM_NAME_VUSMMLA	generated_upstream	1	0	A32,T32	2	0
vuzp	2030	1990	CDISASM_ARM_NAME_VUZP	generated_upstream	1	1	A32,T32	4	2
vzip	2031	1991	CDISASM_ARM_NAME_VZIP	generated_upstream	1	1	A32,T32	4	2
wfet	2032	1993	CDISASM_ARM_NAME_WFET	generated_upstream	1	0	A64	1	0
wfit	2033	1995	CDISASM_ARM_NAME_WFIT	generated_upstream	1	0	A64	1	0
whilege	2034	1996	CDISASM_ARM_NAME_WHILEGE	generated_upstream	1	0	A64	3	0
whilegt	2035	1997	CDISASM_ARM_NAME_WHILEGT	generated_upstream	1	0	A64	3	0
whilehi	2036	1998	CDISASM_ARM_NAME_WHILEHI	generated_upstream	1	0	A64	3	0
whilehs	2037	1999	CDISASM_ARM_NAME_WHILEHS	generated_upstream	1	0	A64	3	0
whilele	2038	2000	CDISASM_ARM_NAME_WHILELE	generated_upstream	1	0	A64	3	0
whilels	2039	2002	CDISASM_ARM_NAME_WHILELS	generated_upstream	1	0	A64	3	0
whilelt	2040	2003	CDISASM_ARM_NAME_WHILELT	generated_upstream	1	0	A64	3	0
whilerw	2041	2004	CDISASM_ARM_NAME_WHILERW	generated_upstream	1	0	A64	1	0
whilewr	2042	2005	CDISASM_ARM_NAME_WHILEWR	generated_upstream	1	0	A64	1	0
wrffr	2043	2006	CDISASM_ARM_NAME_WRFFR	generated_upstream	1	0	A64	1	0
xaflag	2044	2007	CDISASM_ARM_NAME_XAFLAG	generated_upstream	1	0	A64	1	0
xar	2045	2008	CDISASM_ARM_NAME_XAR	generated_upstream	1	0	A64	2	0
xpacd	2046	2009	CDISASM_ARM_NAME_XPACD	generated_upstream	1	0	A64	1	0
xpaclri	2047	2011	CDISASM_ARM_NAME_XPACLRI	generated_upstream	1	0	A64	1	0
xtn	2048	2012	CDISASM_ARM_NAME_XTN	generated_upstream	1	0	A64	1	0
zero	2049	2014	CDISASM_ARM_NAME_ZERO	generated_upstream	1	0	A64	10	0
zip	2050	2015	CDISASM_ARM_NAME_ZIP	generated_upstream	1	0	A64	4	0
zipq1	2051	2018	CDISASM_ARM_NAME_ZIPQ1	generated_upstream	1	0	A64	1	0
zipq2	2052	2019	CDISASM_ARM_NAME_ZIPQ2	generated_upstream	1	0	A64	1	0
hinte	2053		CDISASM_ARM_NAME_HINTE	arm_isa_2026_06	0	0	A64	0	0
