form_id	source_form_id	mnemonic	isa	width	authority	witnesses	operand_semantics	capstone_real_name	capstone_groups
93	A32/dp/dpmisc/except/SMC_A1_AS	smc	A32	32	capstone	0x01600071,0x01600070,0x01600072,0x01600073,0x01600077,0x01600078,0x0160007e,0x0160007f	"[{""access"":1,""addend"":0,""bit_start"":0,""bit_width"":4,""kind"":2,""multiplier"":1,""reg_class"":0,""second_start"":0,""second_width"":0,""size"":1,""special31"":0,""transform"":0}]"	smc	HasTrustZone,IsARM,privilege
251	A32/dp/dpimm/movsr_hint_imm/DBG_A1	dbg	A32	32	capstone	0x0320f0f1,0x0320f0f0,0x0320f0f2,0x0320f0f3,0x0320f0f7,0x0320f0f8,0x0320f0fe,0x0320f0ff	"[{""access"":1,""addend"":0,""bit_start"":0,""bit_width"":4,""kind"":2,""multiplier"":1,""reg_class"":0,""second_start"":0,""second_width"":0,""size"":1,""special31"":0,""transform"":0}]"	dbg	HasV7,IsARM
337	A32/media/sat16/SSAT16_A1	ssat16	A32	32	capstone	0x06a11f36,0x06a12f37,0x06a17f3c,0x06a1bf30,0x06a01f36,0x06a21f36,0x06a31f36,0x06a71f36,0x06a81f36,0x06ae1f36,0x06af1f36	"[{""access"":2,""addend"":0,""bit_start"":12,""bit_width"":4,""kind"":1,""multiplier"":0,""reg_class"":1,""second_start"":0,""second_width"":0,""size"":4,""special31"":0,""transform"":0},{""access"":1,""addend"":1,""bit_start"":16,""bit_width"":4,""kind"":2,""multiplier"":1,""reg_class"":0,""second_start"":0,""second_width"":0,""size"":1,""special31"":0,""transform"":0},{""access"":1,""addend"":0,""bit_start"":0,""bit_width"":4,""kind"":1,""multiplier"":0,""reg_class"":1,""second_start"":0,""second_width"":0,""size"":4,""special31"":0,""transform"":0}]"	ssat16	HasV6,IsARM
338	A32/media/sat16/USAT16_A1	usat16	A32	32	capstone	0x06e11f36,0x06e12f37,0x06e17f3c,0x06e1bf30,0x06e01f36,0x06e21f36,0x06e31f36,0x06e71f36,0x06e81f36,0x06ee1f36,0x06ef1f36	"[{""access"":2,""addend"":0,""bit_start"":12,""bit_width"":4,""kind"":1,""multiplier"":0,""reg_class"":1,""second_start"":0,""second_width"":0,""size"":4,""special31"":0,""transform"":0},{""access"":1,""addend"":0,""bit_start"":16,""bit_width"":4,""kind"":2,""multiplier"":1,""reg_class"":0,""second_start"":0,""second_width"":0,""size"":1,""special31"":0,""transform"":0},{""access"":1,""addend"":0,""bit_start"":0,""bit_width"":4,""kind"":1,""multiplier"":0,""reg_class"":1,""second_start"":0,""second_width"":0,""size"":4,""special31"":0,""transform"":0}]"	usat16	HasV6,IsARM
405	A32/brblk/b_imm/B_A1	b	A32	32	aarchmrs+capstone	0x0a000000,0x0affffff	"[{""access"":1,""addend"":0,""bit_start"":0,""bit_width"":0,""kind"":3,""multiplier"":0,""reg_class"":0,""second_start"":0,""second_width"":0,""size"":8,""special31"":0,""transform"":1}]"	b	IsARM,branch_relative,jump
406	A32/brblk/b_imm/BL_i_A1	bl	A32	32	aarchmrs+capstone	0x0b000000,0x0bffffff	"[{""access"":1,""addend"":0,""bit_start"":0,""bit_width"":0,""kind"":3,""multiplier"":0,""reg_class"":0,""second_start"":0,""second_width"":0,""size"":8,""special31"":0,""transform"":1}]"	bl	IsARM,branch_relative,call
407	A32/brblk/b_imm/BL_i_A2	blx	A32	32	aarchmrs+capstone	0xfa000000,0xfbffffff	"[{""access"":1,""addend"":0,""bit_start"":0,""bit_width"":0,""kind"":3,""multiplier"":0,""reg_class"":0,""second_start"":0,""second_width"":0,""size"":8,""special31"":0,""transform"":2}]"	blx	HasV5T,IsARM,branch_relative,call
408	A32/cops_as/svcall/svc/SVC_A1	svc	A32	32	capstone	0x0f000001,0x0f000000,0x0f000002,0x0f000003,0x0f7fffff,0x0f800000,0x0ffffffe,0x0fffffff	"[{""access"":1,""addend"":0,""bit_start"":0,""bit_width"":24,""kind"":2,""multiplier"":1,""reg_class"":0,""second_start"":0,""second_width"":0,""size"":3,""special31"":0,""transform"":0}]"	svc	IsARM,call,int
650	A32/uncond_as/uncondmisc/cps/CPS_A1_AS	cps	A32	32	capstone	0xf1020001,0xf1020000,0xf1020002,0xf1020003,0xf102000f,0xf1020010,0xf102001e,0xf102001f	"[{""access"":1,""addend"":0,""bit_start"":0,""bit_width"":5,""kind"":2,""multiplier"":1,""reg_class"":0,""second_start"":0,""second_width"":0,""size"":1,""special31"":0,""transform"":0}]"	cps	IsARM
655	A32/uncond_as/uncondmisc/setpan/SETPAN_A1	setpan	A32	32	aarchmrs	0xf1100200,0xf1100000	"[{""access"":1,""addend"":0,""bit_start"":9,""bit_width"":1,""kind"":2,""multiplier"":1,""reg_class"":0,""second_start"":0,""second_width"":0,""size"":1,""special31"":0,""transform"":0}]"		
1102	T32/n/sftdpi/addsub16_2l_imm/ADD_i_T1	add	T32	16	capstone	0x1c71,0x1c7a,0x1c67,0x1c43,0x1c31,0x1cb1,0x1cf1,0x1d31,0x1db1,0x1df1	"[{""access"":2,""addend"":0,""bit_start"":0,""bit_width"":3,""kind"":1,""multiplier"":0,""reg_class"":1,""second_start"":0,""second_width"":0,""size"":4,""special31"":0,""transform"":0},{""access"":1,""addend"":0,""bit_start"":3,""bit_width"":3,""kind"":1,""multiplier"":0,""reg_class"":1,""second_start"":0,""second_width"":0,""size"":4,""special31"":0,""transform"":0},{""access"":1,""addend"":0,""bit_start"":6,""bit_width"":3,""kind"":2,""multiplier"":1,""reg_class"":0,""second_start"":0,""second_width"":0,""size"":4,""special31"":0,""transform"":0}]"	add	IsThumb
1103	T32/n/sftdpi/addsub16_2l_imm/SUB_i_T1	sub	T32	16	capstone	0x1e71,0x1e7a,0x1e67,0x1e43,0x1e31,0x1eb1,0x1ef1,0x1f31,0x1fb1,0x1ff1	"[{""access"":2,""addend"":0,""bit_start"":0,""bit_width"":3,""kind"":1,""multiplier"":0,""reg_class"":1,""second_start"":0,""second_width"":0,""size"":4,""special31"":0,""transform"":0},{""access"":1,""addend"":0,""bit_start"":3,""bit_width"":3,""kind"":1,""multiplier"":0,""reg_class"":1,""second_start"":0,""second_width"":0,""size"":4,""special31"":0,""transform"":0},{""access"":1,""addend"":0,""bit_start"":6,""bit_width"":3,""kind"":2,""multiplier"":1,""reg_class"":0,""second_start"":0,""second_width"":0,""size"":4,""special31"":0,""transform"":0}]"	sub	IsThumb
1105	T32/n/sftdpi/addsub16_1l_imm/MOV_i_T1	mov	T32	16	capstone	0x2101,0x2201,0x2701,0x2301,0x2100,0x2102,0x2103,0x217f,0x2180,0x21fe,0x21ff	"[{""access"":2,""addend"":0,""bit_start"":8,""bit_width"":3,""kind"":1,""multiplier"":0,""reg_class"":1,""second_start"":0,""second_width"":0,""size"":4,""special31"":0,""transform"":0},{""access"":1,""addend"":0,""bit_start"":0,""bit_width"":8,""kind"":2,""multiplier"":1,""reg_class"":0,""second_start"":0,""second_width"":0,""size"":4,""special31"":0,""transform"":0}]"	mov	IsThumb
1106	T32/n/sftdpi/addsub16_1l_imm/CMP_i_T1	cmp	T32	16	capstone	0x2901,0x2a01,0x2f01,0x2b01,0x2900,0x2902,0x2903,0x297f,0x2980,0x29fe,0x29ff	"[{""access"":1,""addend"":0,""bit_start"":8,""bit_width"":3,""kind"":1,""multiplier"":0,""reg_class"":1,""second_start"":0,""second_width"":0,""size"":4,""special31"":0,""transform"":0},{""access"":1,""addend"":0,""bit_start"":0,""bit_width"":8,""kind"":2,""multiplier"":1,""reg_class"":0,""second_start"":0,""second_width"":0,""size"":4,""special31"":0,""transform"":0}]"	cmp	IsThumb
1107	T32/n/sftdpi/addsub16_1l_imm/ADD_i_T2	add	T32	16	capstone	0x3101,0x3201,0x3701,0x3301,0x3100,0x3102,0x3103,0x317f,0x3180,0x31fe,0x31ff	"[{""access"":3,""addend"":0,""bit_start"":8,""bit_width"":3,""kind"":1,""multiplier"":0,""reg_class"":1,""second_start"":0,""second_width"":0,""size"":4,""special31"":0,""transform"":0},{""access"":1,""addend"":0,""bit_start"":0,""bit_width"":8,""kind"":2,""multiplier"":1,""reg_class"":0,""second_start"":0,""second_width"":0,""size"":4,""special31"":0,""transform"":0}]"	add	IsThumb
1108	T32/n/sftdpi/addsub16_1l_imm/SUB_i_T2	sub	T32	16	capstone	0x3901,0x3a01,0x3f01,0x3b01,0x3900,0x3902,0x3903,0x397f,0x3980,0x39fe,0x39ff	"[{""access"":3,""addend"":0,""bit_start"":8,""bit_width"":3,""kind"":1,""multiplier"":0,""reg_class"":1,""second_start"":0,""second_width"":0,""size"":4,""special31"":0,""transform"":0},{""access"":1,""addend"":0,""bit_start"":0,""bit_width"":8,""kind"":2,""multiplier"":1,""reg_class"":0,""second_start"":0,""second_width"":0,""size"":4,""special31"":0,""transform"":0}]"	sub	IsThumb
1157	T32/n/misc16/setpan16/SETPAN_T1	setpan	T32	16	aarchmrs	0xb618,0xb610	"[{""access"":1,""addend"":0,""bit_start"":3,""bit_width"":1,""kind"":2,""multiplier"":1,""reg_class"":0,""second_start"":0,""second_width"":0,""size"":1,""special31"":0,""transform"":0}]"		
1161	T32/n/misc16/hlt16/HLT_T1	hlt	T32	16	capstone	0xba81,0xba80,0xba82,0xba83,0xba9f,0xbaa0,0xbabe,0xbabf	"[{""access"":1,""addend"":0,""bit_start"":0,""bit_width"":6,""kind"":2,""multiplier"":1,""reg_class"":0,""second_start"":0,""second_width"":0,""size"":1,""special31"":0,""transform"":0}]"	hlt	HasV8,IsThumb
1165	T32/n/misc16/bkpt16/BKPT_T1	bkpt	T32	16	capstone	0xbe01,0xbe00,0xbe02,0xbe03,0xbe7f,0xbe80,0xbefe,0xbeff	"[{""access"":1,""addend"":0,""bit_start"":0,""bit_width"":8,""kind"":2,""multiplier"":1,""reg_class"":0,""second_start"":0,""second_width"":0,""size"":1,""special31"":0,""transform"":0}]"	bkpt	IsThumb
1173	T32/n/misc16/cbznz16/CBNZ_T1	cbnz	T32	16	aarchmrs+capstone	0xb901,0xb900,0xbbf9	"[{""access"":1,""addend"":0,""bit_start"":0,""bit_width"":3,""kind"":1,""multiplier"":0,""reg_class"":1,""second_start"":0,""second_width"":0,""size"":4,""special31"":0,""transform"":0},{""access"":1,""addend"":0,""bit_start"":0,""bit_width"":0,""kind"":3,""multiplier"":0,""reg_class"":0,""second_start"":0,""second_width"":0,""size"":4,""special31"":0,""transform"":3}]"	cbnz	HasV8MBaseline,IsThumb,branch_relative,jump
1174	T32/n/misc16/cbznz16/CBZ_T1	cbz	T32	16	aarchmrs+capstone	0xb101,0xb100,0xb3f9	"[{""access"":1,""addend"":0,""bit_start"":0,""bit_width"":3,""kind"":1,""multiplier"":0,""reg_class"":1,""second_start"":0,""second_width"":0,""size"":4,""special31"":0,""transform"":0},{""access"":1,""addend"":0,""bit_start"":0,""bit_width"":0,""kind"":3,""multiplier"":0,""reg_class"":0,""second_start"":0,""second_width"":0,""size"":4,""special31"":0,""transform"":3}]"	cbz	HasV8MBaseline,IsThumb,branch_relative,jump
1179	T32/n/brc/except16/UDF_T1	udf	T32	16	capstone	0xde01,0xde00,0xde02,0xde03,0xde7f,0xde80,0xdeff	"[{""access"":1,""addend"":0,""bit_start"":0,""bit_width"":8,""kind"":2,""multiplier"":1,""reg_class"":0,""second_start"":0,""second_width"":0,""size"":1,""special31"":0,""transform"":0}]"	udf	IsThumb
1180	T32/n/brc/except16/SVC_T1	svc	T32	16	capstone	0xdf01,0xdf00,0xdf02,0xdf03,0xdf7f,0xdf80,0xdffe,0xdfff	"[{""access"":1,""addend"":0,""bit_start"":0,""bit_width"":8,""kind"":2,""multiplier"":1,""reg_class"":0,""second_start"":0,""second_width"":0,""size"":1,""special31"":0,""transform"":0}]"	svc	IsThumb,call,int
1181	T32/n/brc/bcond16/B_T1	b	T32	16	aarchmrs+capstone	0xd000,0xd0ff	"[{""access"":1,""addend"":0,""bit_start"":0,""bit_width"":0,""kind"":3,""multiplier"":0,""reg_class"":0,""second_start"":0,""second_width"":0,""size"":4,""special31"":0,""transform"":4}]"	b	IsThumb,branch_relative,jump
1182	T32/b16/B_T2	b	T32	16	aarchmrs+capstone	0xe000,0xe7ff	"[{""access"":1,""addend"":0,""bit_start"":0,""bit_width"":0,""kind"":3,""multiplier"":0,""reg_class"":0,""second_start"":0,""second_width"":0,""size"":4,""special31"":0,""transform"":5}]"	b	IsThumb,branch_relative,jump
1835	T32/w/bcrtrl/hints/DBG_T1	dbg	T32	32	capstone	0xf3af80f1,0xf3af80f0,0xf3af80f2,0xf3af80f3,0xf3af80f7,0xf3af80f8,0xf3af80fe,0xf3af80ff	"[{""access"":1,""addend"":0,""bit_start"":0,""bit_width"":4,""kind"":2,""multiplier"":1,""reg_class"":0,""second_start"":0,""second_width"":0,""size"":1,""special31"":0,""transform"":0}]"	dbg	IsThumb2
1836	T32/w/bcrtrl/cps/CPS_T2_AS	cps	T32	32	capstone	0xf3af8101,0xf3af8100,0xf3af8102,0xf3af8103,0xf3af810f,0xf3af8110,0xf3af811e,0xf3af811f	"[{""access"":1,""addend"":0,""bit_start"":0,""bit_width"":5,""kind"":2,""multiplier"":1,""reg_class"":0,""second_start"":0,""second_width"":0,""size"":1,""special31"":0,""transform"":0}]"	cps	IsNotMClass,IsThumb2
1857	T32/w/bcrtrl/except/SMC_T1_AS	smc	T32	32	capstone	0xf7f18000,0xf7f08000,0xf7f28000,0xf7f38000,0xf7f78000,0xf7f88000,0xf7fe8000,0xf7ff8000	"[{""access"":1,""addend"":0,""bit_start"":16,""bit_width"":4,""kind"":2,""multiplier"":1,""reg_class"":0,""second_start"":0,""second_width"":0,""size"":1,""special31"":0,""transform"":0}]"	smc	HasTrustZone,IsThumb2,call,privilege
1859	T32/w/bcrtrl/bcond/B_T3	b	T32	32	aarchmrs+capstone	0xf0008000,0xf43fafff	"[{""access"":1,""addend"":0,""bit_start"":0,""bit_width"":0,""kind"":3,""multiplier"":0,""reg_class"":0,""second_start"":0,""second_width"":0,""size"":4,""special31"":0,""transform"":6}]"	b	IsThumb2,branch_relative,jump
1860	T32/w/bcrtrl/b/B_T4	b	T32	32	aarchmrs+capstone	0xf0009000,0xf7ffbfff	"[{""access"":1,""addend"":0,""bit_start"":0,""bit_width"":0,""kind"":3,""multiplier"":0,""reg_class"":0,""second_start"":0,""second_width"":0,""size"":4,""special31"":0,""transform"":7}]"	b	HasV8MBaseline,IsThumb,branch_relative,jump
1861	T32/w/bcrtrl/blx/BL_i_T2	blx	T32	32	aarchmrs+capstone	0xf000c000,0xf7ffefff	"[{""access"":1,""addend"":0,""bit_start"":0,""bit_width"":0,""kind"":3,""multiplier"":0,""reg_class"":0,""second_start"":0,""second_width"":0,""size"":4,""special31"":0,""transform"":9}]"	blx	HasV5T,IsNotMClass,IsThumb,branch_relative,call
1862	T32/w/bcrtrl/bl/BL_i_T1	bl	T32	32	aarchmrs+capstone	0xf000d000,0xf7ffffff	"[{""access"":1,""addend"":0,""bit_start"":0,""bit_width"":0,""kind"":3,""multiplier"":0,""reg_class"":0,""second_start"":0,""second_width"":0,""size"":4,""special31"":0,""transform"":8}]"	bl	IsThumb,branch_relative,call
1905	T32/w/imm/sat_bit/SSAT16_T1	ssat16	T32	32	capstone	0xf3260101,0xf3270201,0xf32c0701,0xf3200b01,0xf3260100,0xf3260102,0xf3260103,0xf3260107,0xf3260108,0xf326010e,0xf326010f	"[{""access"":2,""addend"":0,""bit_start"":8,""bit_width"":4,""kind"":1,""multiplier"":0,""reg_class"":1,""second_start"":0,""second_width"":0,""size"":4,""special31"":0,""transform"":0},{""access"":1,""addend"":1,""bit_start"":0,""bit_width"":4,""kind"":2,""multiplier"":1,""reg_class"":0,""second_start"":0,""second_width"":0,""size"":1,""special31"":0,""transform"":0},{""access"":1,""addend"":0,""bit_start"":16,""bit_width"":4,""kind"":1,""multiplier"":0,""reg_class"":1,""second_start"":0,""second_width"":0,""size"":4,""special31"":0,""transform"":0}]"	ssat16	HasDSP,IsThumb2
1911	T32/w/imm/sat_bit/USAT16_T1	usat16	T32	32	capstone	0xf3a60101,0xf3a70201,0xf3ac0701,0xf3a00b01,0xf3a60100,0xf3a60102,0xf3a60103,0xf3a60107,0xf3a60108,0xf3a6010e,0xf3a6010f	"[{""access"":2,""addend"":0,""bit_start"":8,""bit_width"":4,""kind"":1,""multiplier"":0,""reg_class"":1,""second_start"":0,""second_width"":0,""size"":4,""special31"":0,""transform"":0},{""access"":1,""addend"":0,""bit_start"":0,""bit_width"":4,""kind"":2,""multiplier"":1,""reg_class"":0,""second_start"":0,""second_width"":0,""size"":1,""special31"":0,""transform"":0},{""access"":1,""addend"":0,""bit_start"":16,""bit_width"":4,""kind"":1,""multiplier"":0,""reg_class"":1,""second_start"":0,""second_width"":0,""size"":4,""special31"":0,""transform"":0}]"	usat16	HasDSP,IsThumb2
2221	A64/sve/sve_int_pred_bin/sve_int_bin_pred_arit_0/add_z_p_zz_	add	A64	32	aarchmrs+capstone	0x04001961,0x04001d82,0x04001227,0x040002ab,0x04001960,0x0400197f,0x04000161,0x04001d61,0x04001801,0x04001be1,0x04401961,0x04801961,0x04c01961	"[{""access"":3,""addend"":0,""bit_start"":0,""bit_width"":5,""kind"":6,""multiplier"":1,""reg_class"":8,""second_start"":22,""second_width"":2,""size"":0,""special31"":0,""transform"":0},{""access"":1,""addend"":0,""bit_start"":10,""bit_width"":3,""kind"":7,""multiplier"":1,""reg_class"":9,""second_start"":22,""second_width"":2,""size"":0,""special31"":0,""transform"":1},{""access"":3,""addend"":0,""bit_start"":0,""bit_width"":5,""kind"":6,""multiplier"":1,""reg_class"":8,""second_start"":22,""second_width"":2,""size"":0,""special31"":0,""transform"":0},{""access"":1,""addend"":0,""bit_start"":5,""bit_width"":5,""kind"":6,""multiplier"":1,""reg_class"":8,""second_start"":22,""second_width"":2,""size"":0,""special31"":0,""transform"":0}]"	add	HasSVEorSME
2222	A64/sve/sve_int_pred_bin/sve_int_bin_pred_arit_0/sub_z_p_zz_	sub	A64	32	aarchmrs+capstone	0x04011961,0x04011d82,0x04011227,0x040102ab,0x04011960,0x0401197f,0x04010161,0x04011d61,0x04011801,0x04011be1,0x04411961,0x04811961,0x04c11961	"[{""access"":3,""addend"":0,""bit_start"":0,""bit_width"":5,""kind"":6,""multiplier"":1,""reg_class"":8,""second_start"":22,""second_width"":2,""size"":0,""special31"":0,""transform"":0},{""access"":1,""addend"":0,""bit_start"":10,""bit_width"":3,""kind"":7,""multiplier"":1,""reg_class"":9,""second_start"":22,""second_width"":2,""size"":0,""special31"":0,""transform"":1},{""access"":3,""addend"":0,""bit_start"":0,""bit_width"":5,""kind"":6,""multiplier"":1,""reg_class"":8,""second_start"":22,""second_width"":2,""size"":0,""special31"":0,""transform"":0},{""access"":1,""addend"":0,""bit_start"":5,""bit_width"":5,""kind"":6,""multiplier"":1,""reg_class"":8,""second_start"":22,""second_width"":2,""size"":0,""special31"":0,""transform"":0}]"	sub	HasSVEorSME
2223	A64/sve/sve_int_pred_bin/sve_int_bin_pred_arit_0/subr_z_p_zz_	subr	A64	32	aarchmrs+capstone	0x04031961,0x04031d82,0x04031227,0x040302ab,0x04031960,0x0403197f,0x04030161,0x04031d61,0x04031801,0x04031be1,0x04431961,0x04831961,0x04c31961	"[{""access"":3,""addend"":0,""bit_start"":0,""bit_width"":5,""kind"":6,""multiplier"":1,""reg_class"":8,""second_start"":22,""second_width"":2,""size"":0,""special31"":0,""transform"":0},{""access"":1,""addend"":0,""bit_start"":10,""bit_width"":3,""kind"":7,""multiplier"":1,""reg_class"":9,""second_start"":22,""second_width"":2,""size"":0,""special31"":0,""transform"":1},{""access"":3,""addend"":0,""bit_start"":0,""bit_width"":5,""kind"":6,""multiplier"":1,""reg_class"":8,""second_start"":22,""second_width"":2,""size"":0,""special31"":0,""transform"":0},{""access"":1,""addend"":0,""bit_start"":5,""bit_width"":5,""kind"":6,""multiplier"":1,""reg_class"":8,""second_start"":22,""second_width"":2,""size"":0,""special31"":0,""transform"":0}]"	subr	HasSVEorSME
2224	A64/sve/sve_int_pred_bin/sve_int_bin_pred_arit_0/addpt_z_p_zz_	addpt	A64	32	aarchmrs+capstone	0x04c41961,0x04c41d82,0x04c41227,0x04c402ab,0x04c41960,0x04c4197f,0x04c40161,0x04c41d61,0x04c41801,0x04c41be1	"[{""access"":3,""addend"":3,""bit_start"":0,""bit_width"":5,""kind"":6,""multiplier"":0,""reg_class"":8,""second_start"":0,""second_width"":0,""size"":0,""special31"":0,""transform"":0},{""access"":1,""addend"":3,""bit_start"":10,""bit_width"":3,""kind"":7,""multiplier"":0,""reg_class"":9,""second_start"":0,""second_width"":0,""size"":0,""special31"":0,""transform"":1},{""access"":3,""addend"":3,""bit_start"":0,""bit_width"":5,""kind"":6,""multiplier"":0,""reg_class"":8,""second_start"":0,""second_width"":0,""size"":0,""special31"":0,""transform"":0},{""access"":1,""addend"":3,""bit_start"":5,""bit_width"":5,""kind"":6,""multiplier"":0,""reg_class"":8,""second_start"":0,""second_width"":0,""size"":0,""special31"":0,""transform"":0}]"	addpt	HasCPA,HasSVE
2225	A64/sve/sve_int_pred_bin/sve_int_bin_pred_arit_0/subpt_z_p_zz_	subpt	A64	32	aarchmrs+capstone	0x04c51961,0x04c51d82,0x04c51227,0x04c502ab,0x04c51960,0x04c5197f,0x04c50161,0x04c51d61,0x04c51801,0x04c51be1	"[{""access"":3,""addend"":3,""bit_start"":0,""bit_width"":5,""kind"":6,""multiplier"":0,""reg_class"":8,""second_start"":0,""second_width"":0,""size"":0,""special31"":0,""transform"":0},{""access"":1,""addend"":3,""bit_start"":10,""bit_width"":3,""kind"":7,""multiplier"":0,""reg_class"":9,""second_start"":0,""second_width"":0,""size"":0,""special31"":0,""transform"":1},{""access"":3,""addend"":3,""bit_start"":0,""bit_width"":5,""kind"":6,""multiplier"":0,""reg_class"":8,""second_start"":0,""second_width"":0,""size"":0,""special31"":0,""transform"":0},{""access"":1,""addend"":3,""bit_start"":5,""bit_width"":5,""kind"":6,""multiplier"":0,""reg_class"":8,""second_start"":0,""second_width"":0,""size"":0,""special31"":0,""transform"":0}]"	subpt	HasCPA,HasSVE
2226	A64/sve/sve_int_pred_bin/sve_int_bin_pred_arit_1/smax_z_p_zz_	smax	A64	32	aarchmrs+capstone	0x04081961,0x04081d82,0x04081227,0x040802ab,0x04081960,0x0408197f,0x04080161,0x04081d61,0x04081801,0x04081be1,0x04481961,0x04881961,0x04c81961	"[{""access"":3,""addend"":0,""bit_start"":0,""bit_width"":5,""kind"":6,""multiplier"":1,""reg_class"":8,""second_start"":22,""second_width"":2,""size"":0,""special31"":0,""transform"":0},{""access"":1,""addend"":0,""bit_start"":10,""bit_width"":3,""kind"":7,""multiplier"":1,""reg_class"":9,""second_start"":22,""second_width"":2,""size"":0,""special31"":0,""transform"":1},{""access"":3,""addend"":0,""bit_start"":0,""bit_width"":5,""kind"":6,""multiplier"":1,""reg_class"":8,""second_start"":22,""second_width"":2,""size"":0,""special31"":0,""transform"":0},{""access"":1,""addend"":0,""bit_start"":5,""bit_width"":5,""kind"":6,""multiplier"":1,""reg_class"":8,""second_start"":22,""second_width"":2,""size"":0,""special31"":0,""transform"":0}]"	smax	HasSVEorSME
2227	A64/sve/sve_int_pred_bin/sve_int_bin_pred_arit_1/smin_z_p_zz_	smin	A64	32	aarchmrs+capstone	0x040a1961,0x040a1d82,0x040a1227,0x040a02ab,0x040a1960,0x040a197f,0x040a0161,0x040a1d61,0x040a1801,0x040a1be1,0x044a1961,0x048a1961,0x04ca1961	"[{""access"":3,""addend"":0,""bit_start"":0,""bit_width"":5,""kind"":6,""multiplier"":1,""reg_class"":8,""second_start"":22,""second_width"":2,""size"":0,""special31"":0,""transform"":0},{""access"":1,""addend"":0,""bit_start"":10,""bit_width"":3,""kind"":7,""multiplier"":1,""reg_class"":9,""second_start"":22,""second_width"":2,""size"":0,""special31"":0,""transform"":1},{""access"":3,""addend"":0,""bit_start"":0,""bit_width"":5,""kind"":6,""multiplier"":1,""reg_class"":8,""second_start"":22,""second_width"":2,""size"":0,""special31"":0,""transform"":0},{""access"":1,""addend"":0,""bit_start"":5,""bit_width"":5,""kind"":6,""multiplier"":1,""reg_class"":8,""second_start"":22,""second_width"":2,""size"":0,""special31"":0,""transform"":0}]"	smin	HasSVEorSME
2228	A64/sve/sve_int_pred_bin/sve_int_bin_pred_arit_1/sabd_z_p_zz_	sabd	A64	32	aarchmrs+capstone	0x040c1961,0x040c1d82,0x040c1227,0x040c02ab,0x040c1960,0x040c197f,0x040c0161,0x040c1d61,0x040c1801,0x040c1be1,0x044c1961,0x048c1961,0x04cc1961	"[{""access"":3,""addend"":0,""bit_start"":0,""bit_width"":5,""kind"":6,""multiplier"":1,""reg_class"":8,""second_start"":22,""second_width"":2,""size"":0,""special31"":0,""transform"":0},{""access"":1,""addend"":0,""bit_start"":10,""bit_width"":3,""kind"":7,""multiplier"":1,""reg_class"":9,""second_start"":22,""second_width"":2,""size"":0,""special31"":0,""transform"":1},{""access"":3,""addend"":0,""bit_start"":0,""bit_width"":5,""kind"":6,""multiplier"":1,""reg_class"":8,""second_start"":22,""second_width"":2,""size"":0,""special31"":0,""transform"":0},{""access"":1,""addend"":0,""bit_start"":5,""bit_width"":5,""kind"":6,""multiplier"":1,""reg_class"":8,""second_start"":22,""second_width"":2,""size"":0,""special31"":0,""transform"":0}]"	sabd	HasSVEorSME
2229	A64/sve/sve_int_pred_bin/sve_int_bin_pred_arit_1/umax_z_p_zz_	umax	A64	32	aarchmrs+capstone	0x04091961,0x04091d82,0x04091227,0x040902ab,0x04091960,0x0409197f,0x04090161,0x04091d61,0x04091801,0x04091be1,0x04491961,0x04891961,0x04c91961	"[{""access"":3,""addend"":0,""bit_start"":0,""bit_width"":5,""kind"":6,""multiplier"":1,""reg_class"":8,""second_start"":22,""second_width"":2,""size"":0,""special31"":0,""transform"":0},{""access"":1,""addend"":0,""bit_start"":10,""bit_width"":3,""kind"":7,""multiplier"":1,""reg_class"":9,""second_start"":22,""second_width"":2,""size"":0,""special31"":0,""transform"":1},{""access"":3,""addend"":0,""bit_start"":0,""bit_width"":5,""kind"":6,""multiplier"":1,""reg_class"":8,""second_start"":22,""second_width"":2,""size"":0,""special31"":0,""transform"":0},{""access"":1,""addend"":0,""bit_start"":5,""bit_width"":5,""kind"":6,""multiplier"":1,""reg_class"":8,""second_start"":22,""second_width"":2,""size"":0,""special31"":0,""transform"":0}]"	umax	HasSVEorSME
2230	A64/sve/sve_int_pred_bin/sve_int_bin_pred_arit_1/umin_z_p_zz_	umin	A64	32	aarchmrs+capstone	0x040b1961,0x040b1d82,0x040b1227,0x040b02ab,0x040b1960,0x040b197f,0x040b0161,0x040b1d61,0x040b1801,0x040b1be1,0x044b1961,0x048b1961,0x04cb1961	"[{""access"":3,""addend"":0,""bit_start"":0,""bit_width"":5,""kind"":6,""multiplier"":1,""reg_class"":8,""second_start"":22,""second_width"":2,""size"":0,""special31"":0,""transform"":0},{""access"":1,""addend"":0,""bit_start"":10,""bit_width"":3,""kind"":7,""multiplier"":1,""reg_class"":9,""second_start"":22,""second_width"":2,""size"":0,""special31"":0,""transform"":1},{""access"":3,""addend"":0,""bit_start"":0,""bit_width"":5,""kind"":6,""multiplier"":1,""reg_class"":8,""second_start"":22,""second_width"":2,""size"":0,""special31"":0,""transform"":0},{""access"":1,""addend"":0,""bit_start"":5,""bit_width"":5,""kind"":6,""multiplier"":1,""reg_class"":8,""second_start"":22,""second_width"":2,""size"":0,""special31"":0,""transform"":0}]"	umin	HasSVEorSME
2231	A64/sve/sve_int_pred_bin/sve_int_bin_pred_arit_1/uabd_z_p_zz_	uabd	A64	32	aarchmrs+capstone	0x040d1961,0x040d1d82,0x040d1227,0x040d02ab,0x040d1960,0x040d197f,0x040d0161,0x040d1d61,0x040d1801,0x040d1be1,0x044d1961,0x048d1961,0x04cd1961	"[{""access"":3,""addend"":0,""bit_start"":0,""bit_width"":5,""kind"":6,""multiplier"":1,""reg_class"":8,""second_start"":22,""second_width"":2,""size"":0,""special31"":0,""transform"":0},{""access"":1,""addend"":0,""bit_start"":10,""bit_width"":3,""kind"":7,""multiplier"":1,""reg_class"":9,""second_start"":22,""second_width"":2,""size"":0,""special31"":0,""transform"":1},{""access"":3,""addend"":0,""bit_start"":0,""bit_width"":5,""kind"":6,""multiplier"":1,""reg_class"":8,""second_start"":22,""second_width"":2,""size"":0,""special31"":0,""transform"":0},{""access"":1,""addend"":0,""bit_start"":5,""bit_width"":5,""kind"":6,""multiplier"":1,""reg_class"":8,""second_start"":22,""second_width"":2,""size"":0,""special31"":0,""transform"":0}]"	uabd	HasSVEorSME
2232	A64/sve/sve_int_pred_bin/sve_int_bin_pred_arit_2/mul_z_p_zz_	mul	A64	32	aarchmrs+capstone	0x04101961,0x04101d82,0x04101227,0x041002ab,0x04101960,0x0410197f,0x04100161,0x04101d61,0x04101801,0x04101be1,0x04501961,0x04901961,0x04d01961	"[{""access"":3,""addend"":0,""bit_start"":0,""bit_width"":5,""kind"":6,""multiplier"":1,""reg_class"":8,""second_start"":22,""second_width"":2,""size"":0,""special31"":0,""transform"":0},{""access"":1,""addend"":0,""bit_start"":10,""bit_width"":3,""kind"":7,""multiplier"":1,""reg_class"":9,""second_start"":22,""second_width"":2,""size"":0,""special31"":0,""transform"":1},{""access"":3,""addend"":0,""bit_start"":0,""bit_width"":5,""kind"":6,""multiplier"":1,""reg_class"":8,""second_start"":22,""second_width"":2,""size"":0,""special31"":0,""transform"":0},{""access"":1,""addend"":0,""bit_start"":5,""bit_width"":5,""kind"":6,""multiplier"":1,""reg_class"":8,""second_start"":22,""second_width"":2,""size"":0,""special31"":0,""transform"":0}]"	mul	HasSVEorSME
2233	A64/sve/sve_int_pred_bin/sve_int_bin_pred_arit_2/smulh_z_p_zz_	smulh	A64	32	aarchmrs+capstone	0x04121961,0x04121d82,0x04121227,0x041202ab,0x04121960,0x0412197f,0x04120161,0x04121d61,0x04121801,0x04121be1,0x04521961,0x04921961,0x04d21961	"[{""access"":3,""addend"":0,""bit_start"":0,""bit_width"":5,""kind"":6,""multiplier"":1,""reg_class"":8,""second_start"":22,""second_width"":2,""size"":0,""special31"":0,""transform"":0},{""access"":1,""addend"":0,""bit_start"":10,""bit_width"":3,""kind"":7,""multiplier"":1,""reg_class"":9,""second_start"":22,""second_width"":2,""size"":0,""special31"":0,""transform"":1},{""access"":3,""addend"":0,""bit_start"":0,""bit_width"":5,""kind"":6,""multiplier"":1,""reg_class"":8,""second_start"":22,""second_width"":2,""size"":0,""special31"":0,""transform"":0},{""access"":1,""addend"":0,""bit_start"":5,""bit_width"":5,""kind"":6,""multiplier"":1,""reg_class"":8,""second_start"":22,""second_width"":2,""size"":0,""special31"":0,""transform"":0}]"	smulh	HasSVEorSME
2234	A64/sve/sve_int_pred_bin/sve_int_bin_pred_arit_2/umulh_z_p_zz_	umulh	A64	32	aarchmrs+capstone	0x04131961,0x04131d82,0x04131227,0x041302ab,0x04131960,0x0413197f,0x04130161,0x04131d61,0x04131801,0x04131be1,0x04531961,0x04931961,0x04d31961	"[{""access"":3,""addend"":0,""bit_start"":0,""bit_width"":5,""kind"":6,""multiplier"":1,""reg_class"":8,""second_start"":22,""second_width"":2,""size"":0,""special31"":0,""transform"":0},{""access"":1,""addend"":0,""bit_start"":10,""bit_width"":3,""kind"":7,""multiplier"":1,""reg_class"":9,""second_start"":22,""second_width"":2,""size"":0,""special31"":0,""transform"":1},{""access"":3,""addend"":0,""bit_start"":0,""bit_width"":5,""kind"":6,""multiplier"":1,""reg_class"":8,""second_start"":22,""second_width"":2,""size"":0,""special31"":0,""transform"":0},{""access"":1,""addend"":0,""bit_start"":5,""bit_width"":5,""kind"":6,""multiplier"":1,""reg_class"":8,""second_start"":22,""second_width"":2,""size"":0,""special31"":0,""transform"":0}]"	umulh	HasSVEorSME
2239	A64/sve/sve_int_pred_bin/sve_int_bin_pred_log/orr_z_p_zz_	orr	A64	32	aarchmrs+capstone	0x04181961,0x04181d82,0x04181227,0x041802ab,0x04181960,0x0418197f,0x04180161,0x04181d61,0x04181801,0x04181be1,0x04581961,0x04981961,0x04d81961	"[{""access"":3,""addend"":0,""bit_start"":0,""bit_width"":5,""kind"":6,""multiplier"":1,""reg_class"":8,""second_start"":22,""second_width"":2,""size"":0,""special31"":0,""transform"":0},{""access"":1,""addend"":0,""bit_start"":10,""bit_width"":3,""kind"":7,""multiplier"":1,""reg_class"":9,""second_start"":22,""second_width"":2,""size"":0,""special31"":0,""transform"":1},{""access"":3,""addend"":0,""bit_start"":0,""bit_width"":5,""kind"":6,""multiplier"":1,""reg_class"":8,""second_start"":22,""second_width"":2,""size"":0,""special31"":0,""transform"":0},{""access"":1,""addend"":0,""bit_start"":5,""bit_width"":5,""kind"":6,""multiplier"":1,""reg_class"":8,""second_start"":22,""second_width"":2,""size"":0,""special31"":0,""transform"":0}]"	orr	HasSVEorSME
2240	A64/sve/sve_int_pred_bin/sve_int_bin_pred_log/eor_z_p_zz_	eor	A64	32	aarchmrs+capstone	0x04191961,0x04191d82,0x04191227,0x041902ab,0x04191960,0x0419197f,0x04190161,0x04191d61,0x04191801,0x04191be1,0x04591961,0x04991961,0x04d91961	"[{""access"":3,""addend"":0,""bit_start"":0,""bit_width"":5,""kind"":6,""multiplier"":1,""reg_class"":8,""second_start"":22,""second_width"":2,""size"":0,""special31"":0,""transform"":0},{""access"":1,""addend"":0,""bit_start"":10,""bit_width"":3,""kind"":7,""multiplier"":1,""reg_class"":9,""second_start"":22,""second_width"":2,""size"":0,""special31"":0,""transform"":1},{""access"":3,""addend"":0,""bit_start"":0,""bit_width"":5,""kind"":6,""multiplier"":1,""reg_class"":8,""second_start"":22,""second_width"":2,""size"":0,""special31"":0,""transform"":0},{""access"":1,""addend"":0,""bit_start"":5,""bit_width"":5,""kind"":6,""multiplier"":1,""reg_class"":8,""second_start"":22,""second_width"":2,""size"":0,""special31"":0,""transform"":0}]"	eor	HasSVEorSME
2241	A64/sve/sve_int_pred_bin/sve_int_bin_pred_log/and_z_p_zz_	and	A64	32	aarchmrs+capstone	0x041a1961,0x041a1d82,0x041a1227,0x041a02ab,0x041a1960,0x041a197f,0x041a0161,0x041a1d61,0x041a1801,0x041a1be1,0x045a1961,0x049a1961,0x04da1961	"[{""access"":3,""addend"":0,""bit_start"":0,""bit_width"":5,""kind"":6,""multiplier"":1,""reg_class"":8,""second_start"":22,""second_width"":2,""size"":0,""special31"":0,""transform"":0},{""access"":1,""addend"":0,""bit_start"":10,""bit_width"":3,""kind"":7,""multiplier"":1,""reg_class"":9,""second_start"":22,""second_width"":2,""size"":0,""special31"":0,""transform"":1},{""access"":3,""addend"":0,""bit_start"":0,""bit_width"":5,""kind"":6,""multiplier"":1,""reg_class"":8,""second_start"":22,""second_width"":2,""size"":0,""special31"":0,""transform"":0},{""access"":1,""addend"":0,""bit_start"":5,""bit_width"":5,""kind"":6,""multiplier"":1,""reg_class"":8,""second_start"":22,""second_width"":2,""size"":0,""special31"":0,""transform"":0}]"	and	HasSVEorSME
2242	A64/sve/sve_int_pred_bin/sve_int_bin_pred_log/bic_z_p_zz_	bic	A64	32	aarchmrs+capstone	0x041b1961,0x041b1d82,0x041b1227,0x041b02ab,0x041b1960,0x041b197f,0x041b0161,0x041b1d61,0x041b1801,0x041b1be1,0x045b1961,0x049b1961,0x04db1961	"[{""access"":3,""addend"":0,""bit_start"":0,""bit_width"":5,""kind"":6,""multiplier"":1,""reg_class"":8,""second_start"":22,""second_width"":2,""size"":0,""special31"":0,""transform"":0},{""access"":1,""addend"":0,""bit_start"":10,""bit_width"":3,""kind"":7,""multiplier"":1,""reg_class"":9,""second_start"":22,""second_width"":2,""size"":0,""special31"":0,""transform"":1},{""access"":3,""addend"":0,""bit_start"":0,""bit_width"":5,""kind"":6,""multiplier"":1,""reg_class"":8,""second_start"":22,""second_width"":2,""size"":0,""special31"":0,""transform"":0},{""access"":1,""addend"":0,""bit_start"":5,""bit_width"":5,""kind"":6,""multiplier"":1,""reg_class"":8,""second_start"":22,""second_width"":2,""size"":0,""special31"":0,""transform"":0}]"	bic	HasSVEorSME
2270	A64/sve/sve_int_pred_shift/sve_int_bin_pred_shift_1/asr_z_p_zz_	asr	A64	32	aarchmrs+capstone	0x04109961,0x04109d82,0x04109227,0x041082ab,0x04109960,0x0410997f,0x04108161,0x04109d61,0x04109801,0x04109be1,0x04509961,0x04909961,0x04d09961	"[{""access"":3,""addend"":0,""bit_start"":0,""bit_width"":5,""kind"":6,""multiplier"":1,""reg_class"":8,""second_start"":22,""second_width"":2,""size"":0,""special31"":0,""transform"":0},{""access"":1,""addend"":0,""bit_start"":10,""bit_width"":3,""kind"":7,""multiplier"":1,""reg_class"":9,""second_start"":22,""second_width"":2,""size"":0,""special31"":0,""transform"":1},{""access"":3,""addend"":0,""bit_start"":0,""bit_width"":5,""kind"":6,""multiplier"":1,""reg_class"":8,""second_start"":22,""second_width"":2,""size"":0,""special31"":0,""transform"":0},{""access"":1,""addend"":0,""bit_start"":5,""bit_width"":5,""kind"":6,""multiplier"":1,""reg_class"":8,""second_start"":22,""second_width"":2,""size"":0,""special31"":0,""transform"":0}]"	asr	HasSVEorSME
2271	A64/sve/sve_int_pred_shift/sve_int_bin_pred_shift_1/lsl_z_p_zz_	lsl	A64	32	aarchmrs+capstone	0x04139961,0x04139d82,0x04139227,0x041382ab,0x04139960,0x0413997f,0x04138161,0x04139d61,0x04139801,0x04139be1,0x04539961,0x04939961,0x04d39961	"[{""access"":3,""addend"":0,""bit_start"":0,""bit_width"":5,""kind"":6,""multiplier"":1,""reg_class"":8,""second_start"":22,""second_width"":2,""size"":0,""special31"":0,""transform"":0},{""access"":1,""addend"":0,""bit_start"":10,""bit_width"":3,""kind"":7,""multiplier"":1,""reg_class"":9,""second_start"":22,""second_width"":2,""size"":0,""special31"":0,""transform"":1},{""access"":3,""addend"":0,""bit_start"":0,""bit_width"":5,""kind"":6,""multiplier"":1,""reg_class"":8,""second_start"":22,""second_width"":2,""size"":0,""special31"":0,""transform"":0},{""access"":1,""addend"":0,""bit_start"":5,""bit_width"":5,""kind"":6,""multiplier"":1,""reg_class"":8,""second_start"":22,""second_width"":2,""size"":0,""special31"":0,""transform"":0}]"	lsl	HasSVEorSME
2272	A64/sve/sve_int_pred_shift/sve_int_bin_pred_shift_1/asrr_z_p_zz_	asrr	A64	32	aarchmrs+capstone	0x04149961,0x04149d82,0x04149227,0x041482ab,0x04149960,0x0414997f,0x04148161,0x04149d61,0x04149801,0x04149be1,0x04549961,0x04949961,0x04d49961	"[{""access"":3,""addend"":0,""bit_start"":0,""bit_width"":5,""kind"":6,""multiplier"":1,""reg_class"":8,""second_start"":22,""second_width"":2,""size"":0,""special31"":0,""transform"":0},{""access"":1,""addend"":0,""bit_start"":10,""bit_width"":3,""kind"":7,""multiplier"":1,""reg_class"":9,""second_start"":22,""second_width"":2,""size"":0,""special31"":0,""transform"":1},{""access"":3,""addend"":0,""bit_start"":0,""bit_width"":5,""kind"":6,""multiplier"":1,""reg_class"":8,""second_start"":22,""second_width"":2,""size"":0,""special31"":0,""transform"":0},{""access"":1,""addend"":0,""bit_start"":5,""bit_width"":5,""kind"":6,""multiplier"":1,""reg_class"":8,""second_start"":22,""second_width"":2,""size"":0,""special31"":0,""transform"":0}]"	asrr	HasSVEorSME
2273	A64/sve/sve_int_pred_shift/sve_int_bin_pred_shift_1/lslr_z_p_zz_	lslr	A64	32	aarchmrs+capstone	0x04179961,0x04179d82,0x04179227,0x041782ab,0x04179960,0x0417997f,0x04178161,0x04179d61,0x04179801,0x04179be1,0x04579961,0x04979961,0x04d79961	"[{""access"":3,""addend"":0,""bit_start"":0,""bit_width"":5,""kind"":6,""multiplier"":1,""reg_class"":8,""second_start"":22,""second_width"":2,""size"":0,""special31"":0,""transform"":0},{""access"":1,""addend"":0,""bit_start"":10,""bit_width"":3,""kind"":7,""multiplier"":1,""reg_class"":9,""second_start"":22,""second_width"":2,""size"":0,""special31"":0,""transform"":1},{""access"":3,""addend"":0,""bit_start"":0,""bit_width"":5,""kind"":6,""multiplier"":1,""reg_class"":8,""second_start"":22,""second_width"":2,""size"":0,""special31"":0,""transform"":0},{""access"":1,""addend"":0,""bit_start"":5,""bit_width"":5,""kind"":6,""multiplier"":1,""reg_class"":8,""second_start"":22,""second_width"":2,""size"":0,""special31"":0,""transform"":0}]"	lslr	HasSVEorSME
2274	A64/sve/sve_int_pred_shift/sve_int_bin_pred_shift_1/lsr_z_p_zz_	lsr	A64	32	aarchmrs+capstone	0x04119961,0x04119d82,0x04119227,0x041182ab,0x04119960,0x0411997f,0x04118161,0x04119d61,0x04119801,0x04119be1,0x04519961,0x04919961,0x04d19961	"[{""access"":3,""addend"":0,""bit_start"":0,""bit_width"":5,""kind"":6,""multiplier"":1,""reg_class"":8,""second_start"":22,""second_width"":2,""size"":0,""special31"":0,""transform"":0},{""access"":1,""addend"":0,""bit_start"":10,""bit_width"":3,""kind"":7,""multiplier"":1,""reg_class"":9,""second_start"":22,""second_width"":2,""size"":0,""special31"":0,""transform"":1},{""access"":3,""addend"":0,""bit_start"":0,""bit_width"":5,""kind"":6,""multiplier"":1,""reg_class"":8,""second_start"":22,""second_width"":2,""size"":0,""special31"":0,""transform"":0},{""access"":1,""addend"":0,""bit_start"":5,""bit_width"":5,""kind"":6,""multiplier"":1,""reg_class"":8,""second_start"":22,""second_width"":2,""size"":0,""special31"":0,""transform"":0}]"	lsr	HasSVEorSME
2275	A64/sve/sve_int_pred_shift/sve_int_bin_pred_shift_1/lsrr_z_p_zz_	lsrr	A64	32	aarchmrs+capstone	0x04159961,0x04159d82,0x04159227,0x041582ab,0x04159960,0x0415997f,0x04158161,0x04159d61,0x04159801,0x04159be1,0x04559961,0x04959961,0x04d59961	"[{""access"":3,""addend"":0,""bit_start"":0,""bit_width"":5,""kind"":6,""multiplier"":1,""reg_class"":8,""second_start"":22,""second_width"":2,""size"":0,""special31"":0,""transform"":0},{""access"":1,""addend"":0,""bit_start"":10,""bit_width"":3,""kind"":7,""multiplier"":1,""reg_class"":9,""second_start"":22,""second_width"":2,""size"":0,""special31"":0,""transform"":1},{""access"":3,""addend"":0,""bit_start"":0,""bit_width"":5,""kind"":6,""multiplier"":1,""reg_class"":8,""second_start"":22,""second_width"":2,""size"":0,""special31"":0,""transform"":0},{""access"":1,""addend"":0,""bit_start"":5,""bit_width"":5,""kind"":6,""multiplier"":1,""reg_class"":8,""second_start"":22,""second_width"":2,""size"":0,""special31"":0,""transform"":0}]"	lsrr	HasSVEorSME
2279	A64/sve/sve_int_pred_un/sve_int_un_pred_arit_0/abs_z_p_z_m	abs	A64	32	aarchmrs+capstone	0x0416b961,0x0416bd82,0x0416b227,0x0416a2ab,0x0416b960,0x0416b97f,0x0416a161,0x0416bd61,0x0416b801,0x0416bbe1,0x0456b961,0x0496b961,0x04d6b961	"[{""access"":3,""addend"":0,""bit_start"":0,""bit_width"":5,""kind"":6,""multiplier"":1,""reg_class"":8,""second_start"":22,""second_width"":2,""size"":0,""special31"":0,""transform"":0},{""access"":1,""addend"":0,""bit_start"":10,""bit_width"":3,""kind"":7,""multiplier"":1,""reg_class"":9,""second_start"":22,""second_width"":2,""size"":0,""special31"":0,""transform"":1},{""access"":1,""addend"":0,""bit_start"":5,""bit_width"":5,""kind"":6,""multiplier"":1,""reg_class"":8,""second_start"":22,""second_width"":2,""size"":0,""special31"":0,""transform"":0}]"	abs	HasSVEorSME
2281	A64/sve/sve_int_pred_un/sve_int_un_pred_arit_0/neg_z_p_z_m	neg	A64	32	aarchmrs+capstone	0x0417b961,0x0417bd82,0x0417b227,0x0417a2ab,0x0417b960,0x0417b97f,0x0417a161,0x0417bd61,0x0417b801,0x0417bbe1,0x0457b961,0x0497b961,0x04d7b961	"[{""access"":3,""addend"":0,""bit_start"":0,""bit_width"":5,""kind"":6,""multiplier"":1,""reg_class"":8,""second_start"":22,""second_width"":2,""size"":0,""special31"":0,""transform"":0},{""access"":1,""addend"":0,""bit_start"":10,""bit_width"":3,""kind"":7,""multiplier"":1,""reg_class"":9,""second_start"":22,""second_width"":2,""size"":0,""special31"":0,""transform"":1},{""access"":1,""addend"":0,""bit_start"":5,""bit_width"":5,""kind"":6,""multiplier"":1,""reg_class"":8,""second_start"":22,""second_width"":2,""size"":0,""special31"":0,""transform"":0}]"	neg	HasSVEorSME
2295	A64/sve/sve_int_pred_un/sve_int_un_pred_arit_1/cls_z_p_z_m	cls	A64	32	aarchmrs+capstone	0x0418b961,0x0418bd82,0x0418b227,0x0418a2ab,0x0418b960,0x0418b97f,0x0418a161,0x0418bd61,0x0418b801,0x0418bbe1,0x0458b961,0x0498b961,0x04d8b961	"[{""access"":3,""addend"":0,""bit_start"":0,""bit_width"":5,""kind"":6,""multiplier"":1,""reg_class"":8,""second_start"":22,""second_width"":2,""size"":0,""special31"":0,""transform"":0},{""access"":1,""addend"":0,""bit_start"":10,""bit_width"":3,""kind"":7,""multiplier"":1,""reg_class"":9,""second_start"":22,""second_width"":2,""size"":0,""special31"":0,""transform"":1},{""access"":1,""addend"":0,""bit_start"":5,""bit_width"":5,""kind"":6,""multiplier"":1,""reg_class"":8,""second_start"":22,""second_width"":2,""size"":0,""special31"":0,""transform"":0}]"	cls	HasSVEorSME
2297	A64/sve/sve_int_pred_un/sve_int_un_pred_arit_1/clz_z_p_z_m	clz	A64	32	aarchmrs+capstone	0x0419b961,0x0419bd82,0x0419b227,0x0419a2ab,0x0419b960,0x0419b97f,0x0419a161,0x0419bd61,0x0419b801,0x0419bbe1,0x0459b961,0x0499b961,0x04d9b961	"[{""access"":3,""addend"":0,""bit_start"":0,""bit_width"":5,""kind"":6,""multiplier"":1,""reg_class"":8,""second_start"":22,""second_width"":2,""size"":0,""special31"":0,""transform"":0},{""access"":1,""addend"":0,""bit_start"":10,""bit_width"":3,""kind"":7,""multiplier"":1,""reg_class"":9,""second_start"":22,""second_width"":2,""size"":0,""special31"":0,""transform"":1},{""access"":1,""addend"":0,""bit_start"":5,""bit_width"":5,""kind"":6,""multiplier"":1,""reg_class"":8,""second_start"":22,""second_width"":2,""size"":0,""special31"":0,""transform"":0}]"	clz	HasSVEorSME
2299	A64/sve/sve_int_pred_un/sve_int_un_pred_arit_1/cnt_z_p_z_m	cnt	A64	32	aarchmrs+capstone	0x041ab961,0x041abd82,0x041ab227,0x041aa2ab,0x041ab960,0x041ab97f,0x041aa161,0x041abd61,0x041ab801,0x041abbe1,0x045ab961,0x049ab961,0x04dab961	"[{""access"":3,""addend"":0,""bit_start"":0,""bit_width"":5,""kind"":6,""multiplier"":1,""reg_class"":8,""second_start"":22,""second_width"":2,""size"":0,""special31"":0,""transform"":0},{""access"":1,""addend"":0,""bit_start"":10,""bit_width"":3,""kind"":7,""multiplier"":1,""reg_class"":9,""second_start"":22,""second_width"":2,""size"":0,""special31"":0,""transform"":1},{""access"":1,""addend"":0,""bit_start"":5,""bit_width"":5,""kind"":6,""multiplier"":1,""reg_class"":8,""second_start"":22,""second_width"":2,""size"":0,""special31"":0,""transform"":0}]"	cnt	HasSVEorSME
2301	A64/sve/sve_int_pred_un/sve_int_un_pred_arit_1/cnot_z_p_z_m	cnot	A64	32	aarchmrs+capstone	0x041bb961,0x041bbd82,0x041bb227,0x041ba2ab,0x041bb960,0x041bb97f,0x041ba161,0x041bbd61,0x041bb801,0x041bbbe1,0x045bb961,0x049bb961,0x04dbb961	"[{""access"":3,""addend"":0,""bit_start"":0,""bit_width"":5,""kind"":6,""multiplier"":1,""reg_class"":8,""second_start"":22,""second_width"":2,""size"":0,""special31"":0,""transform"":0},{""access"":1,""addend"":0,""bit_start"":10,""bit_width"":3,""kind"":7,""multiplier"":1,""reg_class"":9,""second_start"":22,""second_width"":2,""size"":0,""special31"":0,""transform"":1},{""access"":1,""addend"":0,""bit_start"":5,""bit_width"":5,""kind"":6,""multiplier"":1,""reg_class"":8,""second_start"":22,""second_width"":2,""size"":0,""special31"":0,""transform"":0}]"	cnot	HasSVEorSME
2307	A64/sve/sve_int_pred_un/sve_int_un_pred_arit_1/not_z_p_z_m	not	A64	32	aarchmrs+capstone	0x041eb961,0x041ebd82,0x041eb227,0x041ea2ab,0x041eb960,0x041eb97f,0x041ea161,0x041ebd61,0x041eb801,0x041ebbe1,0x045eb961,0x049eb961,0x04deb961	"[{""access"":3,""addend"":0,""bit_start"":0,""bit_width"":5,""kind"":6,""multiplier"":1,""reg_class"":8,""second_start"":22,""second_width"":2,""size"":0,""special31"":0,""transform"":0},{""access"":1,""addend"":0,""bit_start"":10,""bit_width"":3,""kind"":7,""multiplier"":1,""reg_class"":9,""second_start"":22,""second_width"":2,""size"":0,""special31"":0,""transform"":1},{""access"":1,""addend"":0,""bit_start"":5,""bit_width"":5,""kind"":6,""multiplier"":1,""reg_class"":8,""second_start"":22,""second_width"":2,""size"":0,""special31"":0,""transform"":0}]"	not	HasSVEorSME
2309	A64/sve/sve_int_muladd_pred/sve_int_mlas_vvv_pred/mla_z_p_zzz_	mla	A64	32	aarchmrs+capstone	0x04105961,0x04115d82,0x04165227,0x041a42ab,0x04105960,0x0410597f,0x04104161,0x04105d61,0x04105801,0x04105be1,0x04005961,0x041f5961,0x04505961,0x04905961,0x04d05961	"[{""access"":3,""addend"":0,""bit_start"":0,""bit_width"":5,""kind"":6,""multiplier"":1,""reg_class"":8,""second_start"":22,""second_width"":2,""size"":0,""special31"":0,""transform"":0},{""access"":1,""addend"":0,""bit_start"":10,""bit_width"":3,""kind"":7,""multiplier"":1,""reg_class"":9,""second_start"":22,""second_width"":2,""size"":0,""special31"":0,""transform"":1},{""access"":1,""addend"":0,""bit_start"":5,""bit_width"":5,""kind"":6,""multiplier"":1,""reg_class"":8,""second_start"":22,""second_width"":2,""size"":0,""special31"":0,""transform"":0},{""access"":1,""addend"":0,""bit_start"":16,""bit_width"":5,""kind"":6,""multiplier"":1,""reg_class"":8,""second_start"":22,""second_width"":2,""size"":0,""special31"":0,""transform"":0}]"	mla	HasSVEorSME
2310	A64/sve/sve_int_muladd_pred/sve_int_mlas_vvv_pred/mls_z_p_zzz_	mls	A64	32	aarchmrs+capstone	0x04107961,0x04117d82,0x04167227,0x041a62ab,0x04107960,0x0410797f,0x04106161,0x04107d61,0x04107801,0x04107be1,0x04007961,0x041f7961,0x04507961,0x04907961,0x04d07961	"[{""access"":3,""addend"":0,""bit_start"":0,""bit_width"":5,""kind"":6,""multiplier"":1,""reg_class"":8,""second_start"":22,""second_width"":2,""size"":0,""special31"":0,""transform"":0},{""access"":1,""addend"":0,""bit_start"":10,""bit_width"":3,""kind"":7,""multiplier"":1,""reg_class"":9,""second_start"":22,""second_width"":2,""size"":0,""special31"":0,""transform"":1},{""access"":1,""addend"":0,""bit_start"":5,""bit_width"":5,""kind"":6,""multiplier"":1,""reg_class"":8,""second_start"":22,""second_width"":2,""size"":0,""special31"":0,""transform"":0},{""access"":1,""addend"":0,""bit_start"":16,""bit_width"":5,""kind"":6,""multiplier"":1,""reg_class"":8,""second_start"":22,""second_width"":2,""size"":0,""special31"":0,""transform"":0}]"	mls	HasSVEorSME
2311	A64/sve/sve_int_muladd_pred/sve_int_mladdsub_vvv_pred/mad_z_p_zzz_	mad	A64	32	aarchmrs+capstone	0x040bda01,0x040cde22,0x0411d2c7,0x0415c34b,0x040bda00,0x040bda1f,0x040bc201,0x040bde01,0x0400da01,0x041fda01,0x040bd801,0x040bdbe1,0x044bda01,0x048bda01,0x04cbda01	"[{""access"":3,""addend"":0,""bit_start"":0,""bit_width"":5,""kind"":6,""multiplier"":1,""reg_class"":8,""second_start"":22,""second_width"":2,""size"":0,""special31"":0,""transform"":0},{""access"":1,""addend"":0,""bit_start"":10,""bit_width"":3,""kind"":7,""multiplier"":1,""reg_class"":9,""second_start"":22,""second_width"":2,""size"":0,""special31"":0,""transform"":1},{""access"":1,""addend"":0,""bit_start"":16,""bit_width"":5,""kind"":6,""multiplier"":1,""reg_class"":8,""second_start"":22,""second_width"":2,""size"":0,""special31"":0,""transform"":0},{""access"":1,""addend"":0,""bit_start"":5,""bit_width"":5,""kind"":6,""multiplier"":1,""reg_class"":8,""second_start"":22,""second_width"":2,""size"":0,""special31"":0,""transform"":0}]"	mad	HasSVEorSME
2312	A64/sve/sve_int_muladd_pred/sve_int_mladdsub_vvv_pred/msb_z_p_zzz_	msb	A64	32	aarchmrs+capstone	0x040bfa01,0x040cfe22,0x0411f2c7,0x0415e34b,0x040bfa00,0x040bfa1f,0x040be201,0x040bfe01,0x0400fa01,0x041ffa01,0x040bf801,0x040bfbe1,0x044bfa01,0x048bfa01,0x04cbfa01	"[{""access"":3,""addend"":0,""bit_start"":0,""bit_width"":5,""kind"":6,""multiplier"":1,""reg_class"":8,""second_start"":22,""second_width"":2,""size"":0,""special31"":0,""transform"":0},{""access"":1,""addend"":0,""bit_start"":10,""bit_width"":3,""kind"":7,""multiplier"":1,""reg_class"":9,""second_start"":22,""second_width"":2,""size"":0,""special31"":0,""transform"":1},{""access"":1,""addend"":0,""bit_start"":16,""bit_width"":5,""kind"":6,""multiplier"":1,""reg_class"":8,""second_start"":22,""second_width"":2,""size"":0,""special31"":0,""transform"":0},{""access"":1,""addend"":0,""bit_start"":5,""bit_width"":5,""kind"":6,""multiplier"":1,""reg_class"":8,""second_start"":22,""second_width"":2,""size"":0,""special31"":0,""transform"":0}]"	msb	HasSVEorSME
2313	A64/sve/sve_int_unpred_arit/sve_int_bin_cons_arit_0/add_z_zz_	add	A64	32	aarchmrs+capstone	0x042b00c1,0x042c00e2,0x04310187,0x0435020b,0x042b00c0,0x042b00df,0x042b0001,0x042b03e1,0x042000c1,0x043f00c1,0x046b00c1,0x04ab00c1,0x04eb00c1	"[{""access"":2,""addend"":0,""bit_start"":0,""bit_width"":5,""kind"":6,""multiplier"":1,""reg_class"":8,""second_start"":22,""second_width"":2,""size"":0,""special31"":0,""transform"":0},{""access"":1,""addend"":0,""bit_start"":5,""bit_width"":5,""kind"":6,""multiplier"":1,""reg_class"":8,""second_start"":22,""second_width"":2,""size"":0,""special31"":0,""transform"":0},{""access"":1,""addend"":0,""bit_start"":16,""bit_width"":5,""kind"":6,""multiplier"":1,""reg_class"":8,""second_start"":22,""second_width"":2,""size"":0,""special31"":0,""transform"":0}]"	add	HasSVEorSME
2314	A64/sve/sve_int_unpred_arit/sve_int_bin_cons_arit_0/sub_z_zz_	sub	A64	32	aarchmrs+capstone	0x042b04c1,0x042c04e2,0x04310587,0x0435060b,0x042b04c0,0x042b04df,0x042b0401,0x042b07e1,0x042004c1,0x043f04c1,0x046b04c1,0x04ab04c1,0x04eb04c1	"[{""access"":2,""addend"":0,""bit_start"":0,""bit_width"":5,""kind"":6,""multiplier"":1,""reg_class"":8,""second_start"":22,""second_width"":2,""size"":0,""special31"":0,""transform"":0},{""access"":1,""addend"":0,""bit_start"":5,""bit_width"":5,""kind"":6,""multiplier"":1,""reg_class"":8,""second_start"":22,""second_width"":2,""size"":0,""special31"":0,""transform"":0},{""access"":1,""addend"":0,""bit_start"":16,""bit_width"":5,""kind"":6,""multiplier"":1,""reg_class"":8,""second_start"":22,""second_width"":2,""size"":0,""special31"":0,""transform"":0}]"	sub	HasSVEorSME
2315	A64/sve/sve_int_unpred_arit/sve_int_bin_cons_arit_0/addpt_z_zz_	addpt	A64	32	aarchmrs+capstone	0x04eb08c1,0x04ec08e2,0x04f10987,0x04f50a0b,0x04eb08c0,0x04eb08df,0x04eb0801,0x04eb0be1,0x04e008c1,0x04ff08c1	"[{""access"":2,""addend"":3,""bit_start"":0,""bit_width"":5,""kind"":6,""multiplier"":0,""reg_class"":8,""second_start"":0,""second_width"":0,""size"":0,""special31"":0,""transform"":0},{""access"":1,""addend"":3,""bit_start"":5,""bit_width"":5,""kind"":6,""multiplier"":0,""reg_class"":8,""second_start"":0,""second_width"":0,""size"":0,""special31"":0,""transform"":0},{""access"":1,""addend"":3,""bit_start"":16,""bit_width"":5,""kind"":6,""multiplier"":0,""reg_class"":8,""second_start"":0,""second_width"":0,""size"":0,""special31"":0,""transform"":0}]"	addpt	HasCPA,HasSVE
2316	A64/sve/sve_int_unpred_arit/sve_int_bin_cons_arit_0/subpt_z_zz_	subpt	A64	32	aarchmrs+capstone	0x04eb0cc1,0x04ec0ce2,0x04f10d87,0x04f50e0b,0x04eb0cc0,0x04eb0cdf,0x04eb0c01,0x04eb0fe1,0x04e00cc1,0x04ff0cc1	"[{""access"":2,""addend"":3,""bit_start"":0,""bit_width"":5,""kind"":6,""multiplier"":0,""reg_class"":8,""second_start"":0,""second_width"":0,""size"":0,""special31"":0,""transform"":0},{""access"":1,""addend"":3,""bit_start"":5,""bit_width"":5,""kind"":6,""multiplier"":0,""reg_class"":8,""second_start"":0,""second_width"":0,""size"":0,""special31"":0,""transform"":0},{""access"":1,""addend"":3,""bit_start"":16,""bit_width"":5,""kind"":6,""multiplier"":0,""reg_class"":8,""second_start"":0,""second_width"":0,""size"":0,""special31"":0,""transform"":0}]"	subpt	HasCPA,HasSVE
2317	A64/sve/sve_int_unpred_arit/sve_int_bin_cons_arit_0/sqadd_z_zz_	sqadd	A64	32	aarchmrs+capstone	0x042b10c1,0x042c10e2,0x04311187,0x0435120b,0x042b10c0,0x042b10df,0x042b1001,0x042b13e1,0x042010c1,0x043f10c1,0x046b10c1,0x04ab10c1,0x04eb10c1	"[{""access"":2,""addend"":0,""bit_start"":0,""bit_width"":5,""kind"":6,""multiplier"":1,""reg_class"":8,""second_start"":22,""second_width"":2,""size"":0,""special31"":0,""transform"":0},{""access"":1,""addend"":0,""bit_start"":5,""bit_width"":5,""kind"":6,""multiplier"":1,""reg_class"":8,""second_start"":22,""second_width"":2,""size"":0,""special31"":0,""transform"":0},{""access"":1,""addend"":0,""bit_start"":16,""bit_width"":5,""kind"":6,""multiplier"":1,""reg_class"":8,""second_start"":22,""second_width"":2,""size"":0,""special31"":0,""transform"":0}]"	sqadd	HasSVEorSME
2318	A64/sve/sve_int_unpred_arit/sve_int_bin_cons_arit_0/sqsub_z_zz_	sqsub	A64	32	aarchmrs+capstone	0x042b18c1,0x042c18e2,0x04311987,0x04351a0b,0x042b18c0,0x042b18df,0x042b1801,0x042b1be1,0x042018c1,0x043f18c1,0x046b18c1,0x04ab18c1,0x04eb18c1	"[{""access"":2,""addend"":0,""bit_start"":0,""bit_width"":5,""kind"":6,""multiplier"":1,""reg_class"":8,""second_start"":22,""second_width"":2,""size"":0,""special31"":0,""transform"":0},{""access"":1,""addend"":0,""bit_start"":5,""bit_width"":5,""kind"":6,""multiplier"":1,""reg_class"":8,""second_start"":22,""second_width"":2,""size"":0,""special31"":0,""transform"":0},{""access"":1,""addend"":0,""bit_start"":16,""bit_width"":5,""kind"":6,""multiplier"":1,""reg_class"":8,""second_start"":22,""second_width"":2,""size"":0,""special31"":0,""transform"":0}]"	sqsub	HasSVEorSME
2319	A64/sve/sve_int_unpred_arit/sve_int_bin_cons_arit_0/uqadd_z_zz_	uqadd	A64	32	aarchmrs+capstone	0x042b14c1,0x042c14e2,0x04311587,0x0435160b,0x042b14c0,0x042b14df,0x042b1401,0x042b17e1,0x042014c1,0x043f14c1,0x046b14c1,0x04ab14c1,0x04eb14c1	"[{""access"":2,""addend"":0,""bit_start"":0,""bit_width"":5,""kind"":6,""multiplier"":1,""reg_class"":8,""second_start"":22,""second_width"":2,""size"":0,""special31"":0,""transform"":0},{""access"":1,""addend"":0,""bit_start"":5,""bit_width"":5,""kind"":6,""multiplier"":1,""reg_class"":8,""second_start"":22,""second_width"":2,""size"":0,""special31"":0,""transform"":0},{""access"":1,""addend"":0,""bit_start"":16,""bit_width"":5,""kind"":6,""multiplier"":1,""reg_class"":8,""second_start"":22,""second_width"":2,""size"":0,""special31"":0,""transform"":0}]"	uqadd	HasSVEorSME
2320	A64/sve/sve_int_unpred_arit/sve_int_bin_cons_arit_0/uqsub_z_zz_	uqsub	A64	32	aarchmrs+capstone	0x042b1cc1,0x042c1ce2,0x04311d87,0x04351e0b,0x042b1cc0,0x042b1cdf,0x042b1c01,0x042b1fe1,0x04201cc1,0x043f1cc1,0x046b1cc1,0x04ab1cc1,0x04eb1cc1	"[{""access"":2,""addend"":0,""bit_start"":0,""bit_width"":5,""kind"":6,""multiplier"":1,""reg_class"":8,""second_start"":22,""second_width"":2,""size"":0,""special31"":0,""transform"":0},{""access"":1,""addend"":0,""bit_start"":5,""bit_width"":5,""kind"":6,""multiplier"":1,""reg_class"":8,""second_start"":22,""second_width"":2,""size"":0,""special31"":0,""transform"":0},{""access"":1,""addend"":0,""bit_start"":16,""bit_width"":5,""kind"":6,""multiplier"":1,""reg_class"":8,""second_start"":22,""second_width"":2,""size"":0,""special31"":0,""transform"":0}]"	uqsub	HasSVEorSME
2321	A64/sve/sve_int_unpred_logical/sve_int_bin_cons_log/and_z_zz_	and	A64	32	aarchmrs+capstone	0x042b30c1,0x042c30e2,0x04313187,0x0435320b,0x042b30c0,0x042b30df,0x042b3001,0x042b33e1,0x042030c1,0x043f30c1	"[{""access"":2,""addend"":3,""bit_start"":0,""bit_width"":5,""kind"":6,""multiplier"":0,""reg_class"":8,""second_start"":0,""second_width"":0,""size"":0,""special31"":0,""transform"":0},{""access"":1,""addend"":3,""bit_start"":5,""bit_width"":5,""kind"":6,""multiplier"":0,""reg_class"":8,""second_start"":0,""second_width"":0,""size"":0,""special31"":0,""transform"":0},{""access"":1,""addend"":3,""bit_start"":16,""bit_width"":5,""kind"":6,""multiplier"":0,""reg_class"":8,""second_start"":0,""second_width"":0,""size"":0,""special31"":0,""transform"":0}]"	and	HasSVEorSME
2322	A64/sve/sve_int_unpred_logical/sve_int_bin_cons_log/orr_z_zz_	orr	A64	32	aarchmrs+capstone	0x046b30c1,0x046c30e2,0x04713187,0x0475320b,0x046b30c0,0x046b30df,0x046b3001,0x046b33e1,0x046030c1,0x047f30c1	"[{""access"":2,""addend"":3,""bit_start"":0,""bit_width"":5,""kind"":6,""multiplier"":0,""reg_class"":8,""second_start"":0,""second_width"":0,""size"":0,""special31"":0,""transform"":0},{""access"":1,""addend"":3,""bit_start"":5,""bit_width"":5,""kind"":6,""multiplier"":0,""reg_class"":8,""second_start"":0,""second_width"":0,""size"":0,""special31"":0,""transform"":0},{""access"":1,""addend"":3,""bit_start"":16,""bit_width"":5,""kind"":6,""multiplier"":0,""reg_class"":8,""second_start"":0,""second_width"":0,""size"":0,""special31"":0,""transform"":0}]"	orr	HasSVEorSME
2323	A64/sve/sve_int_unpred_logical/sve_int_bin_cons_log/eor_z_zz_	eor	A64	32	aarchmrs+capstone	0x04ab30c1,0x04ac30e2,0x04b13187,0x04b5320b,0x04ab30c0,0x04ab30df,0x04ab3001,0x04ab33e1,0x04a030c1,0x04bf30c1	"[{""access"":2,""addend"":3,""bit_start"":0,""bit_width"":5,""kind"":6,""multiplier"":0,""reg_class"":8,""second_start"":0,""second_width"":0,""size"":0,""special31"":0,""transform"":0},{""access"":1,""addend"":3,""bit_start"":5,""bit_width"":5,""kind"":6,""multiplier"":0,""reg_class"":8,""second_start"":0,""second_width"":0,""size"":0,""special31"":0,""transform"":0},{""access"":1,""addend"":3,""bit_start"":16,""bit_width"":5,""kind"":6,""multiplier"":0,""reg_class"":8,""second_start"":0,""second_width"":0,""size"":0,""special31"":0,""transform"":0}]"	eor	HasSVEorSME
2324	A64/sve/sve_int_unpred_logical/sve_int_bin_cons_log/bic_z_zz_	bic	A64	32	aarchmrs+capstone	0x04eb30c1,0x04ec30e2,0x04f13187,0x04f5320b,0x04eb30c0,0x04eb30df,0x04eb3001,0x04eb33e1,0x04e030c1,0x04ff30c1	"[{""access"":2,""addend"":3,""bit_start"":0,""bit_width"":5,""kind"":6,""multiplier"":0,""reg_class"":8,""second_start"":0,""second_width"":0,""size"":0,""special31"":0,""transform"":0},{""access"":1,""addend"":3,""bit_start"":5,""bit_width"":5,""kind"":6,""multiplier"":0,""reg_class"":8,""second_start"":0,""second_width"":0,""size"":0,""special31"":0,""transform"":0},{""access"":1,""addend"":3,""bit_start"":16,""bit_width"":5,""kind"":6,""multiplier"":0,""reg_class"":8,""second_start"":0,""second_width"":0,""size"":0,""special31"":0,""transform"":0}]"	bic	HasSVEorSME
2326	A64/sve/sve_int_unpred_logical/sve_int_tern_log/eor3_z_zzz_	eor3	A64	32	aarchmrs+capstone	0x04263961,0x04273982,0x042c3a27,0x04303aab,0x04263960,0x0426397f,0x04203961,0x043f3961,0x04263801,0x04263be1	"[{""access"":3,""addend"":3,""bit_start"":0,""bit_width"":5,""kind"":6,""multiplier"":0,""reg_class"":8,""second_start"":0,""second_width"":0,""size"":0,""special31"":0,""transform"":0},{""access"":3,""addend"":3,""bit_start"":0,""bit_width"":5,""kind"":6,""multiplier"":0,""reg_class"":8,""second_start"":0,""second_width"":0,""size"":0,""special31"":0,""transform"":0},{""access"":1,""addend"":3,""bit_start"":16,""bit_width"":5,""kind"":6,""multiplier"":0,""reg_class"":8,""second_start"":0,""second_width"":0,""size"":0,""special31"":0,""transform"":0},{""access"":1,""addend"":3,""bit_start"":5,""bit_width"":5,""kind"":6,""multiplier"":0,""reg_class"":8,""second_start"":0,""second_width"":0,""size"":0,""special31"":0,""transform"":0}]"	eor3	HasSVE2orSME
2327	A64/sve/sve_int_unpred_logical/sve_int_tern_log/bcax_z_zzz_	bcax	A64	32	aarchmrs+capstone	0x04663961,0x04673982,0x046c3a27,0x04703aab,0x04663960,0x0466397f,0x04603961,0x047f3961,0x04663801,0x04663be1	"[{""access"":3,""addend"":3,""bit_start"":0,""bit_width"":5,""kind"":6,""multiplier"":0,""reg_class"":8,""second_start"":0,""second_width"":0,""size"":0,""special31"":0,""transform"":0},{""access"":3,""addend"":3,""bit_start"":0,""bit_width"":5,""kind"":6,""multiplier"":0,""reg_class"":8,""second_start"":0,""second_width"":0,""size"":0,""special31"":0,""transform"":0},{""access"":1,""addend"":3,""bit_start"":16,""bit_width"":5,""kind"":6,""multiplier"":0,""reg_class"":8,""second_start"":0,""second_width"":0,""size"":0,""special31"":0,""transform"":0},{""access"":1,""addend"":3,""bit_start"":5,""bit_width"":5,""kind"":6,""multiplier"":0,""reg_class"":8,""second_start"":0,""second_width"":0,""size"":0,""special31"":0,""transform"":0}]"	bcax	HasSVE2orSME
2328	A64/sve/sve_int_unpred_logical/sve_int_tern_log/bsl_z_zzz_	bsl	A64	32	aarchmrs+capstone	0x04263d61,0x04273d82,0x042c3e27,0x04303eab,0x04263d60,0x04263d7f,0x04203d61,0x043f3d61,0x04263c01,0x04263fe1	"[{""access"":3,""addend"":3,""bit_start"":0,""bit_width"":5,""kind"":6,""multiplier"":0,""reg_class"":8,""second_start"":0,""second_width"":0,""size"":0,""special31"":0,""transform"":0},{""access"":3,""addend"":3,""bit_start"":0,""bit_width"":5,""kind"":6,""multiplier"":0,""reg_class"":8,""second_start"":0,""second_width"":0,""size"":0,""special31"":0,""transform"":0},{""access"":1,""addend"":3,""bit_start"":16,""bit_width"":5,""kind"":6,""multiplier"":0,""reg_class"":8,""second_start"":0,""second_width"":0,""size"":0,""special31"":0,""transform"":0},{""access"":1,""addend"":3,""bit_start"":5,""bit_width"":5,""kind"":6,""multiplier"":0,""reg_class"":8,""second_start"":0,""second_width"":0,""size"":0,""special31"":0,""transform"":0}]"	bsl	HasSVE2orSME
2329	A64/sve/sve_int_unpred_logical/sve_int_tern_log/bsl1n_z_zzz_	bsl1n	A64	32	aarchmrs+capstone	0x04663d61,0x04673d82,0x046c3e27,0x04703eab,0x04663d60,0x04663d7f,0x04603d61,0x047f3d61,0x04663c01,0x04663fe1	"[{""access"":3,""addend"":3,""bit_start"":0,""bit_width"":5,""kind"":6,""multiplier"":0,""reg_class"":8,""second_start"":0,""second_width"":0,""size"":0,""special31"":0,""transform"":0},{""access"":3,""addend"":3,""bit_start"":0,""bit_width"":5,""kind"":6,""multiplier"":0,""reg_class"":8,""second_start"":0,""second_width"":0,""size"":0,""special31"":0,""transform"":0},{""access"":1,""addend"":3,""bit_start"":16,""bit_width"":5,""kind"":6,""multiplier"":0,""reg_class"":8,""second_start"":0,""second_width"":0,""size"":0,""special31"":0,""transform"":0},{""access"":1,""addend"":3,""bit_start"":5,""bit_width"":5,""kind"":6,""multiplier"":0,""reg_class"":8,""second_start"":0,""second_width"":0,""size"":0,""special31"":0,""transform"":0}]"	bsl1n	HasSVE2orSME
2330	A64/sve/sve_int_unpred_logical/sve_int_tern_log/bsl2n_z_zzz_	bsl2n	A64	32	aarchmrs+capstone	0x04a63d61,0x04a73d82,0x04ac3e27,0x04b03eab,0x04a63d60,0x04a63d7f,0x04a03d61,0x04bf3d61,0x04a63c01,0x04a63fe1	"[{""access"":3,""addend"":3,""bit_start"":0,""bit_width"":5,""kind"":6,""multiplier"":0,""reg_class"":8,""second_start"":0,""second_width"":0,""size"":0,""special31"":0,""transform"":0},{""access"":3,""addend"":3,""bit_start"":0,""bit_width"":5,""kind"":6,""multiplier"":0,""reg_class"":8,""second_start"":0,""second_width"":0,""size"":0,""special31"":0,""transform"":0},{""access"":1,""addend"":3,""bit_start"":16,""bit_width"":5,""kind"":6,""multiplier"":0,""reg_class"":8,""second_start"":0,""second_width"":0,""size"":0,""special31"":0,""transform"":0},{""access"":1,""addend"":3,""bit_start"":5,""bit_width"":5,""kind"":6,""multiplier"":0,""reg_class"":8,""second_start"":0,""second_width"":0,""size"":0,""special31"":0,""transform"":0}]"	bsl2n	HasSVE2orSME
2331	A64/sve/sve_int_unpred_logical/sve_int_tern_log/nbsl_z_zzz_	nbsl	A64	32	aarchmrs+capstone	0x04e63d61,0x04e73d82,0x04ec3e27,0x04f03eab,0x04e63d60,0x04e63d7f,0x04e03d61,0x04ff3d61,0x04e63c01,0x04e63fe1	"[{""access"":3,""addend"":3,""bit_start"":0,""bit_width"":5,""kind"":6,""multiplier"":0,""reg_class"":8,""second_start"":0,""second_width"":0,""size"":0,""special31"":0,""transform"":0},{""access"":3,""addend"":3,""bit_start"":0,""bit_width"":5,""kind"":6,""multiplier"":0,""reg_class"":8,""second_start"":0,""second_width"":0,""size"":0,""special31"":0,""transform"":0},{""access"":1,""addend"":3,""bit_start"":16,""bit_width"":5,""kind"":6,""multiplier"":0,""reg_class"":8,""second_start"":0,""second_width"":0,""size"":0,""special31"":0,""transform"":0},{""access"":1,""addend"":3,""bit_start"":5,""bit_width"":5,""kind"":6,""multiplier"":0,""reg_class"":8,""second_start"":0,""second_width"":0,""size"":0,""special31"":0,""transform"":0}]"	nbsl	HasSVE2orSME
2348	A64/sve/sve_alloca/sve_int_arith_vl/addvl_r_ri_	addvl	A64	32	capstone	0x04265021,0x04275022,0x042c5027,0x0430502b,0x0426503f,0x043f5021,0x04265001,0x04265041,0x04265061,0x042653e1,0x04265401,0x042657c1,0x042657e1	"[{""access"":2,""addend"":0,""bit_start"":0,""bit_width"":5,""kind"":1,""multiplier"":0,""reg_class"":3,""second_start"":0,""second_width"":0,""size"":8,""special31"":5,""transform"":0},{""access"":1,""addend"":0,""bit_start"":16,""bit_width"":5,""kind"":1,""multiplier"":0,""reg_class"":3,""second_start"":0,""second_width"":0,""size"":8,""special31"":5,""transform"":0},{""access"":1,""addend"":0,""bit_start"":5,""bit_width"":6,""kind"":2,""multiplier"":1,""reg_class"":0,""second_start"":0,""second_width"":0,""size"":1,""special31"":0,""transform"":1}]"	addvl	HasSVEorSME
2349	A64/sve/sve_alloca/sve_int_arith_vl/addpl_r_ri_	addpl	A64	32	capstone	0x04665021,0x04675022,0x046c5027,0x0470502b,0x0466503f,0x047f5021,0x04665001,0x04665041,0x04665061,0x046653e1,0x04665401,0x046657c1,0x046657e1	"[{""access"":2,""addend"":0,""bit_start"":0,""bit_width"":5,""kind"":1,""multiplier"":0,""reg_class"":3,""second_start"":0,""second_width"":0,""size"":8,""special31"":5,""transform"":0},{""access"":1,""addend"":0,""bit_start"":16,""bit_width"":5,""kind"":1,""multiplier"":0,""reg_class"":3,""second_start"":0,""second_width"":0,""size"":8,""special31"":5,""transform"":0},{""access"":1,""addend"":0,""bit_start"":5,""bit_width"":6,""kind"":2,""multiplier"":1,""reg_class"":0,""second_start"":0,""second_width"":0,""size"":1,""special31"":0,""transform"":1}]"	addpl	HasSVEorSME
2350	A64/sve/sve_alloca/sve_int_arith_svl/addsvl_r_ri_	addsvl	A64	32	capstone	0x04265821,0x04275822,0x042c5827,0x0430582b,0x0426583f,0x043f5821,0x04265801,0x04265841,0x04265861,0x04265be1,0x04265c01,0x04265fc1,0x04265fe1	"[{""access"":2,""addend"":0,""bit_start"":0,""bit_width"":5,""kind"":1,""multiplier"":0,""reg_class"":3,""second_start"":0,""second_width"":0,""size"":8,""special31"":5,""transform"":0},{""access"":1,""addend"":0,""bit_start"":16,""bit_width"":5,""kind"":1,""multiplier"":0,""reg_class"":3,""second_start"":0,""second_width"":0,""size"":8,""special31"":5,""transform"":0},{""access"":1,""addend"":0,""bit_start"":5,""bit_width"":6,""kind"":2,""multiplier"":1,""reg_class"":0,""second_start"":0,""second_width"":0,""size"":1,""special31"":0,""transform"":1}]"	addsvl	HasSME
2351	A64/sve/sve_alloca/sve_int_arith_svl/addspl_r_ri_	addspl	A64	32	capstone	0x04665821,0x04675822,0x046c5827,0x0470582b,0x0466583f,0x047f5821,0x04665801,0x04665841,0x04665861,0x04665be1,0x04665c01,0x04665fc1,0x04665fe1	"[{""access"":2,""addend"":0,""bit_start"":0,""bit_width"":5,""kind"":1,""multiplier"":0,""reg_class"":3,""second_start"":0,""second_width"":0,""size"":8,""special31"":5,""transform"":0},{""access"":1,""addend"":0,""bit_start"":16,""bit_width"":5,""kind"":1,""multiplier"":0,""reg_class"":3,""second_start"":0,""second_width"":0,""size"":8,""special31"":5,""transform"":0},{""access"":1,""addend"":0,""bit_start"":5,""bit_width"":6,""kind"":2,""multiplier"":1,""reg_class"":0,""second_start"":0,""second_width"":0,""size"":1,""special31"":0,""transform"":1}]"	addspl	HasSME
2352	A64/sve/sve_alloca/sve_int_read_vl_a/rdvl_r_i_	rdvl	A64	32	capstone	0x04bf5021,0x04bf5022,0x04bf5027,0x04bf502b,0x04bf5001,0x04bf5041,0x04bf5061,0x04bf53e1,0x04bf5401,0x04bf57c1,0x04bf57e1	"[{""access"":2,""addend"":0,""bit_start"":0,""bit_width"":5,""kind"":1,""multiplier"":0,""reg_class"":3,""second_start"":0,""second_width"":0,""size"":8,""special31"":0,""transform"":0},{""access"":1,""addend"":0,""bit_start"":5,""bit_width"":6,""kind"":2,""multiplier"":1,""reg_class"":0,""second_start"":0,""second_width"":0,""size"":1,""special31"":0,""transform"":1}]"	rdvl	HasSVEorSME
2353	A64/sve/sve_alloca/sve_int_read_svl_a/rdsvl_r_i_	rdsvl	A64	32	capstone	0x04bf5821,0x04bf5822,0x04bf5827,0x04bf582b,0x04bf5801,0x04bf5841,0x04bf5861,0x04bf5be1,0x04bf5c01,0x04bf5fc1,0x04bf5fe1	"[{""access"":2,""addend"":0,""bit_start"":0,""bit_width"":5,""kind"":1,""multiplier"":0,""reg_class"":3,""second_start"":0,""second_width"":0,""size"":8,""special31"":0,""transform"":0},{""access"":1,""addend"":0,""bit_start"":5,""bit_width"":6,""kind"":2,""multiplier"":1,""reg_class"":0,""second_start"":0,""second_width"":0,""size"":1,""special31"":0,""transform"":1}]"	rdsvl	HasSME
2354	A64/sve/sve_int_unpred_arit_b/sve_int_mul_b/mul_z_zz_	mul	A64	32	aarchmrs+capstone	0x042b60c1,0x042c60e2,0x04316187,0x0435620b,0x042b60c0,0x042b60df,0x042b6001,0x042b63e1,0x042060c1,0x043f60c1,0x046b60c1,0x04ab60c1,0x04eb60c1	"[{""access"":2,""addend"":0,""bit_start"":0,""bit_width"":5,""kind"":6,""multiplier"":1,""reg_class"":8,""second_start"":22,""second_width"":2,""size"":0,""special31"":0,""transform"":0},{""access"":1,""addend"":0,""bit_start"":5,""bit_width"":5,""kind"":6,""multiplier"":1,""reg_class"":8,""second_start"":22,""second_width"":2,""size"":0,""special31"":0,""transform"":0},{""access"":1,""addend"":0,""bit_start"":16,""bit_width"":5,""kind"":6,""multiplier"":1,""reg_class"":8,""second_start"":22,""second_width"":2,""size"":0,""special31"":0,""transform"":0}]"	mul	HasSVE2orSME
2355	A64/sve/sve_int_unpred_arit_b/sve_int_mul_b/pmul_z_zz_	pmul	A64	32	aarchmrs+capstone	0x042b64c1,0x042c64e2,0x04316587,0x0435660b,0x042b64c0,0x042b64df,0x042b6401,0x042b67e1,0x042064c1,0x043f64c1	"[{""access"":2,""addend"":0,""bit_start"":0,""bit_width"":5,""kind"":6,""multiplier"":0,""reg_class"":8,""second_start"":0,""second_width"":0,""size"":0,""special31"":0,""transform"":0},{""access"":1,""addend"":0,""bit_start"":5,""bit_width"":5,""kind"":6,""multiplier"":0,""reg_class"":8,""second_start"":0,""second_width"":0,""size"":0,""special31"":0,""transform"":0},{""access"":1,""addend"":0,""bit_start"":16,""bit_width"":5,""kind"":6,""multiplier"":0,""reg_class"":8,""second_start"":0,""second_width"":0,""size"":0,""special31"":0,""transform"":0}]"	pmul	HasSVE2orSME
2356	A64/sve/sve_int_unpred_arit_b/sve_int_mul_b/smulh_z_zz_	smulh	A64	32	aarchmrs+capstone	0x042b68c1,0x042c68e2,0x04316987,0x04356a0b,0x042b68c0,0x042b68df,0x042b6801,0x042b6be1,0x042068c1,0x043f68c1,0x046b68c1,0x04ab68c1,0x04eb68c1	"[{""access"":2,""addend"":0,""bit_start"":0,""bit_width"":5,""kind"":6,""multiplier"":1,""reg_class"":8,""second_start"":22,""second_width"":2,""size"":0,""special31"":0,""transform"":0},{""access"":1,""addend"":0,""bit_start"":5,""bit_width"":5,""kind"":6,""multiplier"":1,""reg_class"":8,""second_start"":22,""second_width"":2,""size"":0,""special31"":0,""transform"":0},{""access"":1,""addend"":0,""bit_start"":16,""bit_width"":5,""kind"":6,""multiplier"":1,""reg_class"":8,""second_start"":22,""second_width"":2,""size"":0,""special31"":0,""transform"":0}]"	smulh	HasSVE2orSME
2357	A64/sve/sve_int_unpred_arit_b/sve_int_mul_b/umulh_z_zz_	umulh	A64	32	aarchmrs+capstone	0x042b6cc1,0x042c6ce2,0x04316d87,0x04356e0b,0x042b6cc0,0x042b6cdf,0x042b6c01,0x042b6fe1,0x04206cc1,0x043f6cc1,0x046b6cc1,0x04ab6cc1,0x04eb6cc1	"[{""access"":2,""addend"":0,""bit_start"":0,""bit_width"":5,""kind"":6,""multiplier"":1,""reg_class"":8,""second_start"":22,""second_width"":2,""size"":0,""special31"":0,""transform"":0},{""access"":1,""addend"":0,""bit_start"":5,""bit_width"":5,""kind"":6,""multiplier"":1,""reg_class"":8,""second_start"":22,""second_width"":2,""size"":0,""special31"":0,""transform"":0},{""access"":1,""addend"":0,""bit_start"":16,""bit_width"":5,""kind"":6,""multiplier"":1,""reg_class"":8,""second_start"":22,""second_width"":2,""size"":0,""special31"":0,""transform"":0}]"	umulh	HasSVE2orSME
2358	A64/sve/sve_int_unpred_arit_b/sve_int_sqdmulh/sqdmulh_z_zz_	sqdmulh	A64	32	aarchmrs+capstone	0x042b70c1,0x042c70e2,0x04317187,0x0435720b,0x042b70c0,0x042b70df,0x042b7001,0x042b73e1,0x042070c1,0x043f70c1,0x046b70c1,0x04ab70c1,0x04eb70c1	"[{""access"":2,""addend"":0,""bit_start"":0,""bit_width"":5,""kind"":6,""multiplier"":1,""reg_class"":8,""second_start"":22,""second_width"":2,""size"":0,""special31"":0,""transform"":0},{""access"":1,""addend"":0,""bit_start"":5,""bit_width"":5,""kind"":6,""multiplier"":1,""reg_class"":8,""second_start"":22,""second_width"":2,""size"":0,""special31"":0,""transform"":0},{""access"":1,""addend"":0,""bit_start"":16,""bit_width"":5,""kind"":6,""multiplier"":1,""reg_class"":8,""second_start"":22,""second_width"":2,""size"":0,""special31"":0,""transform"":0}]"	sqdmulh	HasSVE2orSME
2359	A64/sve/sve_int_unpred_arit_b/sve_int_sqdmulh/sqrdmulh_z_zz_	sqrdmulh	A64	32	aarchmrs+capstone	0x042b74c1,0x042c74e2,0x04317587,0x0435760b,0x042b74c0,0x042b74df,0x042b7401,0x042b77e1,0x042074c1,0x043f74c1,0x046b74c1,0x04ab74c1,0x04eb74c1	"[{""access"":2,""addend"":0,""bit_start"":0,""bit_width"":5,""kind"":6,""multiplier"":1,""reg_class"":8,""second_start"":22,""second_width"":2,""size"":0,""special31"":0,""transform"":0},{""access"":1,""addend"":0,""bit_start"":5,""bit_width"":5,""kind"":6,""multiplier"":1,""reg_class"":8,""second_start"":22,""second_width"":2,""size"":0,""special31"":0,""transform"":0},{""access"":1,""addend"":0,""bit_start"":16,""bit_width"":5,""kind"":6,""multiplier"":1,""reg_class"":8,""second_start"":22,""second_width"":2,""size"":0,""special31"":0,""transform"":0}]"	sqrdmulh	HasSVE2orSME
2443	A64/sve/sve_perm_unpred_b/sve_int_perm_tbl_3src/tbx_z_zz_	tbx	A64	32	aarchmrs+capstone	0x052b2cc1,0x052c2ce2,0x05312d87,0x05352e0b,0x052b2cc0,0x052b2cdf,0x052b2c01,0x052b2fe1,0x05202cc1,0x053f2cc1,0x056b2cc1,0x05ab2cc1,0x05eb2cc1	"[{""access"":3,""addend"":0,""bit_start"":0,""bit_width"":5,""kind"":6,""multiplier"":1,""reg_class"":8,""second_start"":22,""second_width"":2,""size"":0,""special31"":0,""transform"":0},{""access"":1,""addend"":0,""bit_start"":5,""bit_width"":5,""kind"":6,""multiplier"":1,""reg_class"":8,""second_start"":22,""second_width"":2,""size"":0,""special31"":0,""transform"":0},{""access"":1,""addend"":0,""bit_start"":16,""bit_width"":5,""kind"":6,""multiplier"":1,""reg_class"":8,""second_start"":22,""second_width"":2,""size"":0,""special31"":0,""transform"":0}]"	tbx	HasSVE2orSME
2445	A64/sve/sve_perm_quads_c/sve_int_perm_tbxquads/tbxq_z_zz_	tbxq	A64	32	aarchmrs+capstone	0x052b34c1,0x052c34e2,0x05313587,0x0535360b,0x052b34c0,0x052b34df,0x052b3401,0x052b37e1,0x052034c1,0x053f34c1,0x056b34c1,0x05ab34c1,0x05eb34c1	"[{""access"":3,""addend"":0,""bit_start"":0,""bit_width"":5,""kind"":6,""multiplier"":1,""reg_class"":8,""second_start"":22,""second_width"":2,""size"":0,""special31"":0,""transform"":0},{""access"":1,""addend"":0,""bit_start"":5,""bit_width"":5,""kind"":6,""multiplier"":1,""reg_class"":8,""second_start"":22,""second_width"":2,""size"":0,""special31"":0,""transform"":0},{""access"":1,""addend"":0,""bit_start"":16,""bit_width"":5,""kind"":6,""multiplier"":1,""reg_class"":8,""second_start"":22,""second_width"":2,""size"":0,""special31"":0,""transform"":0}]"	tbxq	HasSVE2p1_or_HasSME2p1
2461	A64/sve/sve_perm_unpred_d/sve_int_perm_reverse_z/rev_z_z_	rev	A64	32	aarchmrs+capstone	0x053838c1,0x053838e2,0x05383987,0x05383a0b,0x053838c0,0x053838df,0x05383801,0x05383be1,0x057838c1,0x05b838c1,0x05f838c1	"[{""access"":2,""addend"":0,""bit_start"":0,""bit_width"":5,""kind"":6,""multiplier"":1,""reg_class"":8,""second_start"":22,""second_width"":2,""size"":0,""special31"":0,""transform"":0},{""access"":1,""addend"":0,""bit_start"":5,""bit_width"":5,""kind"":6,""multiplier"":1,""reg_class"":8,""second_start"":22,""second_width"":2,""size"":0,""special31"":0,""transform"":0}]"	rev	HasSVEorSME
2462	A64/sve/sve_perm_predicates/sve_int_perm_bin_perm_pp/zip1_p_pp_	zip1	A64	32	aarchmrs+capstone	0x052b40c1,0x052c40e2,0x05214187,0x0525400b,0x052b40c0,0x052b40cf,0x052b4001,0x052b41e1,0x052040c1,0x052f40c1,0x056b40c1,0x05ab40c1,0x05eb40c1	"[{""access"":2,""addend"":0,""bit_start"":0,""bit_width"":4,""kind"":7,""multiplier"":1,""reg_class"":9,""second_start"":22,""second_width"":2,""size"":0,""special31"":0,""transform"":16},{""access"":1,""addend"":0,""bit_start"":5,""bit_width"":4,""kind"":7,""multiplier"":1,""reg_class"":9,""second_start"":22,""second_width"":2,""size"":0,""special31"":0,""transform"":16},{""access"":1,""addend"":0,""bit_start"":16,""bit_width"":4,""kind"":7,""multiplier"":1,""reg_class"":9,""second_start"":22,""second_width"":2,""size"":0,""special31"":0,""transform"":16}]"	zip1	HasSVEorSME
2463	A64/sve/sve_perm_predicates/sve_int_perm_bin_perm_pp/uzp1_p_pp_	uzp1	A64	32	aarchmrs+capstone	0x052b48c1,0x052c48e2,0x05214987,0x0525480b,0x052b48c0,0x052b48cf,0x052b4801,0x052b49e1,0x052048c1,0x052f48c1,0x056b48c1,0x05ab48c1,0x05eb48c1	"[{""access"":2,""addend"":0,""bit_start"":0,""bit_width"":4,""kind"":7,""multiplier"":1,""reg_class"":9,""second_start"":22,""second_width"":2,""size"":0,""special31"":0,""transform"":16},{""access"":1,""addend"":0,""bit_start"":5,""bit_width"":4,""kind"":7,""multiplier"":1,""reg_class"":9,""second_start"":22,""second_width"":2,""size"":0,""special31"":0,""transform"":16},{""access"":1,""addend"":0,""bit_start"":16,""bit_width"":4,""kind"":7,""multiplier"":1,""reg_class"":9,""second_start"":22,""second_width"":2,""size"":0,""special31"":0,""transform"":16}]"	uzp1	HasSVEorSME
2464	A64/sve/sve_perm_predicates/sve_int_perm_bin_perm_pp/trn1_p_pp_	trn1	A64	32	aarchmrs+capstone	0x052b50c1,0x052c50e2,0x05215187,0x0525500b,0x052b50c0,0x052b50cf,0x052b5001,0x052b51e1,0x052050c1,0x052f50c1,0x056b50c1,0x05ab50c1,0x05eb50c1	"[{""access"":2,""addend"":0,""bit_start"":0,""bit_width"":4,""kind"":7,""multiplier"":1,""reg_class"":9,""second_start"":22,""second_width"":2,""size"":0,""special31"":0,""transform"":16},{""access"":1,""addend"":0,""bit_start"":5,""bit_width"":4,""kind"":7,""multiplier"":1,""reg_class"":9,""second_start"":22,""second_width"":2,""size"":0,""special31"":0,""transform"":16},{""access"":1,""addend"":0,""bit_start"":16,""bit_width"":4,""kind"":7,""multiplier"":1,""reg_class"":9,""second_start"":22,""second_width"":2,""size"":0,""special31"":0,""transform"":16}]"	trn1	HasSVEorSME
2465	A64/sve/sve_perm_predicates/sve_int_perm_bin_perm_pp/zip2_p_pp_	zip2	A64	32	aarchmrs+capstone	0x052b44c1,0x052c44e2,0x05214587,0x0525440b,0x052b44c0,0x052b44cf,0x052b4401,0x052b45e1,0x052044c1,0x052f44c1,0x056b44c1,0x05ab44c1,0x05eb44c1	"[{""access"":2,""addend"":0,""bit_start"":0,""bit_width"":4,""kind"":7,""multiplier"":1,""reg_class"":9,""second_start"":22,""second_width"":2,""size"":0,""special31"":0,""transform"":16},{""access"":1,""addend"":0,""bit_start"":5,""bit_width"":4,""kind"":7,""multiplier"":1,""reg_class"":9,""second_start"":22,""second_width"":2,""size"":0,""special31"":0,""transform"":16},{""access"":1,""addend"":0,""bit_start"":16,""bit_width"":4,""kind"":7,""multiplier"":1,""reg_class"":9,""second_start"":22,""second_width"":2,""size"":0,""special31"":0,""transform"":16}]"	zip2	HasSVEorSME
2466	A64/sve/sve_perm_predicates/sve_int_perm_bin_perm_pp/uzp2_p_pp_	uzp2	A64	32	aarchmrs+capstone	0x052b4cc1,0x052c4ce2,0x05214d87,0x05254c0b,0x052b4cc0,0x052b4ccf,0x052b4c01,0x052b4de1,0x05204cc1,0x052f4cc1,0x056b4cc1,0x05ab4cc1,0x05eb4cc1	"[{""access"":2,""addend"":0,""bit_start"":0,""bit_width"":4,""kind"":7,""multiplier"":1,""reg_class"":9,""second_start"":22,""second_width"":2,""size"":0,""special31"":0,""transform"":16},{""access"":1,""addend"":0,""bit_start"":5,""bit_width"":4,""kind"":7,""multiplier"":1,""reg_class"":9,""second_start"":22,""second_width"":2,""size"":0,""special31"":0,""transform"":16},{""access"":1,""addend"":0,""bit_start"":16,""bit_width"":4,""kind"":7,""multiplier"":1,""reg_class"":9,""second_start"":22,""second_width"":2,""size"":0,""special31"":0,""transform"":16}]"	uzp2	HasSVEorSME
2467	A64/sve/sve_perm_predicates/sve_int_perm_bin_perm_pp/trn2_p_pp_	trn2	A64	32	aarchmrs+capstone	0x052b54c1,0x052c54e2,0x05215587,0x0525540b,0x052b54c0,0x052b54cf,0x052b5401,0x052b55e1,0x052054c1,0x052f54c1,0x056b54c1,0x05ab54c1,0x05eb54c1	"[{""access"":2,""addend"":0,""bit_start"":0,""bit_width"":4,""kind"":7,""multiplier"":1,""reg_class"":9,""second_start"":22,""second_width"":2,""size"":0,""special31"":0,""transform"":16},{""access"":1,""addend"":0,""bit_start"":5,""bit_width"":4,""kind"":7,""multiplier"":1,""reg_class"":9,""second_start"":22,""second_width"":2,""size"":0,""special31"":0,""transform"":16},{""access"":1,""addend"":0,""bit_start"":16,""bit_width"":4,""kind"":7,""multiplier"":1,""reg_class"":9,""second_start"":22,""second_width"":2,""size"":0,""special31"":0,""transform"":16}]"	trn2	HasSVEorSME
2468	A64/sve/sve_perm_predicates/sve_int_perm_punpk/punpklo_p_p_	punpklo	A64	32	aarchmrs+capstone	0x053040c1,0x053040e2,0x05304187,0x0530400b,0x053040c0,0x053040cf,0x05304001,0x053041e1	"[{""access"":2,""addend"":1,""bit_start"":0,""bit_width"":4,""kind"":7,""multiplier"":0,""reg_class"":9,""second_start"":0,""second_width"":0,""size"":0,""special31"":0,""transform"":16},{""access"":1,""addend"":0,""bit_start"":5,""bit_width"":4,""kind"":7,""multiplier"":0,""reg_class"":9,""second_start"":0,""second_width"":0,""size"":0,""special31"":0,""transform"":16}]"	punpklo	HasSVEorSME
2469	A64/sve/sve_perm_predicates/sve_int_perm_punpk/punpkhi_p_p_	punpkhi	A64	32	aarchmrs+capstone	0x053140c1,0x053140e2,0x05314187,0x0531400b,0x053140c0,0x053140cf,0x05314001,0x053141e1	"[{""access"":2,""addend"":1,""bit_start"":0,""bit_width"":4,""kind"":7,""multiplier"":0,""reg_class"":9,""second_start"":0,""second_width"":0,""size"":0,""special31"":0,""transform"":16},{""access"":1,""addend"":0,""bit_start"":5,""bit_width"":4,""kind"":7,""multiplier"":0,""reg_class"":9,""second_start"":0,""second_width"":0,""size"":0,""special31"":0,""transform"":16}]"	punpkhi	HasSVEorSME
2470	A64/sve/sve_perm_predicates/sve_int_perm_reverse_p/rev_p_p_	rev	A64	32	aarchmrs+capstone	0x053440c1,0x053440e2,0x05344187,0x0534400b,0x053440c0,0x053440cf,0x05344001,0x053441e1,0x057440c1,0x05b440c1,0x05f440c1	"[{""access"":2,""addend"":0,""bit_start"":0,""bit_width"":4,""kind"":7,""multiplier"":1,""reg_class"":9,""second_start"":22,""second_width"":2,""size"":0,""special31"":0,""transform"":16},{""access"":1,""addend"":0,""bit_start"":5,""bit_width"":4,""kind"":7,""multiplier"":1,""reg_class"":9,""second_start"":22,""second_width"":2,""size"":0,""special31"":0,""transform"":16}]"	rev	HasSVEorSME
2471	A64/sve/sve_perm_inter/sve_int_perm_bin_perm_zz/zip1_z_zz_	zip1	A64	32	aarchmrs+capstone	0x052b60c1,0x052c60e2,0x05316187,0x0535620b,0x052b60c0,0x052b60df,0x052b6001,0x052b63e1,0x052060c1,0x053f60c1,0x056b60c1,0x05ab60c1,0x05eb60c1	"[{""access"":2,""addend"":0,""bit_start"":0,""bit_width"":5,""kind"":6,""multiplier"":1,""reg_class"":8,""second_start"":22,""second_width"":2,""size"":0,""special31"":0,""transform"":0},{""access"":1,""addend"":0,""bit_start"":5,""bit_width"":5,""kind"":6,""multiplier"":1,""reg_class"":8,""second_start"":22,""second_width"":2,""size"":0,""special31"":0,""transform"":0},{""access"":1,""addend"":0,""bit_start"":16,""bit_width"":5,""kind"":6,""multiplier"":1,""reg_class"":8,""second_start"":22,""second_width"":2,""size"":0,""special31"":0,""transform"":0}]"	zip1	HasSVEorSME
2472	A64/sve/sve_perm_inter/sve_int_perm_bin_perm_zz/uzp1_z_zz_	uzp1	A64	32	aarchmrs+capstone	0x052b68c1,0x052c68e2,0x05316987,0x05356a0b,0x052b68c0,0x052b68df,0x052b6801,0x052b6be1,0x052068c1,0x053f68c1,0x056b68c1,0x05ab68c1,0x05eb68c1	"[{""access"":2,""addend"":0,""bit_start"":0,""bit_width"":5,""kind"":6,""multiplier"":1,""reg_class"":8,""second_start"":22,""second_width"":2,""size"":0,""special31"":0,""transform"":0},{""access"":1,""addend"":0,""bit_start"":5,""bit_width"":5,""kind"":6,""multiplier"":1,""reg_class"":8,""second_start"":22,""second_width"":2,""size"":0,""special31"":0,""transform"":0},{""access"":1,""addend"":0,""bit_start"":16,""bit_width"":5,""kind"":6,""multiplier"":1,""reg_class"":8,""second_start"":22,""second_width"":2,""size"":0,""special31"":0,""transform"":0}]"	uzp1	HasSVEorSME
2473	A64/sve/sve_perm_inter/sve_int_perm_bin_perm_zz/trn1_z_zz_	trn1	A64	32	aarchmrs+capstone	0x052b70c1,0x052c70e2,0x05317187,0x0535720b,0x052b70c0,0x052b70df,0x052b7001,0x052b73e1,0x052070c1,0x053f70c1,0x056b70c1,0x05ab70c1,0x05eb70c1	"[{""access"":2,""addend"":0,""bit_start"":0,""bit_width"":5,""kind"":6,""multiplier"":1,""reg_class"":8,""second_start"":22,""second_width"":2,""size"":0,""special31"":0,""transform"":0},{""access"":1,""addend"":0,""bit_start"":5,""bit_width"":5,""kind"":6,""multiplier"":1,""reg_class"":8,""second_start"":22,""second_width"":2,""size"":0,""special31"":0,""transform"":0},{""access"":1,""addend"":0,""bit_start"":16,""bit_width"":5,""kind"":6,""multiplier"":1,""reg_class"":8,""second_start"":22,""second_width"":2,""size"":0,""special31"":0,""transform"":0}]"	trn1	HasSVEorSME
2474	A64/sve/sve_perm_inter/sve_int_perm_bin_perm_zz/zip2_z_zz_	zip2	A64	32	aarchmrs+capstone	0x052b64c1,0x052c64e2,0x05316587,0x0535660b,0x052b64c0,0x052b64df,0x052b6401,0x052b67e1,0x052064c1,0x053f64c1,0x056b64c1,0x05ab64c1,0x05eb64c1	"[{""access"":2,""addend"":0,""bit_start"":0,""bit_width"":5,""kind"":6,""multiplier"":1,""reg_class"":8,""second_start"":22,""second_width"":2,""size"":0,""special31"":0,""transform"":0},{""access"":1,""addend"":0,""bit_start"":5,""bit_width"":5,""kind"":6,""multiplier"":1,""reg_class"":8,""second_start"":22,""second_width"":2,""size"":0,""special31"":0,""transform"":0},{""access"":1,""addend"":0,""bit_start"":16,""bit_width"":5,""kind"":6,""multiplier"":1,""reg_class"":8,""second_start"":22,""second_width"":2,""size"":0,""special31"":0,""transform"":0}]"	zip2	HasSVEorSME
2475	A64/sve/sve_perm_inter/sve_int_perm_bin_perm_zz/uzp2_z_zz_	uzp2	A64	32	aarchmrs+capstone	0x052b6cc1,0x052c6ce2,0x05316d87,0x05356e0b,0x052b6cc0,0x052b6cdf,0x052b6c01,0x052b6fe1,0x05206cc1,0x053f6cc1,0x056b6cc1,0x05ab6cc1,0x05eb6cc1	"[{""access"":2,""addend"":0,""bit_start"":0,""bit_width"":5,""kind"":6,""multiplier"":1,""reg_class"":8,""second_start"":22,""second_width"":2,""size"":0,""special31"":0,""transform"":0},{""access"":1,""addend"":0,""bit_start"":5,""bit_width"":5,""kind"":6,""multiplier"":1,""reg_class"":8,""second_start"":22,""second_width"":2,""size"":0,""special31"":0,""transform"":0},{""access"":1,""addend"":0,""bit_start"":16,""bit_width"":5,""kind"":6,""multiplier"":1,""reg_class"":8,""second_start"":22,""second_width"":2,""size"":0,""special31"":0,""transform"":0}]"	uzp2	HasSVEorSME
2476	A64/sve/sve_perm_inter/sve_int_perm_bin_perm_zz/trn2_z_zz_	trn2	A64	32	aarchmrs+capstone	0x052b74c1,0x052c74e2,0x05317587,0x0535760b,0x052b74c0,0x052b74df,0x052b7401,0x052b77e1,0x052074c1,0x053f74c1,0x056b74c1,0x05ab74c1,0x05eb74c1	"[{""access"":2,""addend"":0,""bit_start"":0,""bit_width"":5,""kind"":6,""multiplier"":1,""reg_class"":8,""second_start"":22,""second_width"":2,""size"":0,""special31"":0,""transform"":0},{""access"":1,""addend"":0,""bit_start"":5,""bit_width"":5,""kind"":6,""multiplier"":1,""reg_class"":8,""second_start"":22,""second_width"":2,""size"":0,""special31"":0,""transform"":0},{""access"":1,""addend"":0,""bit_start"":16,""bit_width"":5,""kind"":6,""multiplier"":1,""reg_class"":8,""second_start"":22,""second_width"":2,""size"":0,""special31"":0,""transform"":0}]"	trn2	HasSVEorSME
2488	A64/sve/sve_perm_pred/sve_int_perm_rev/rbit_z_p_z_m	rbit	A64	32	aarchmrs+capstone	0x05279961,0x05279d82,0x05279227,0x052782ab,0x05279960,0x0527997f,0x05278161,0x05279d61,0x05279801,0x05279be1,0x05679961,0x05a79961,0x05e79961	"[{""access"":3,""addend"":0,""bit_start"":0,""bit_width"":5,""kind"":6,""multiplier"":1,""reg_class"":8,""second_start"":22,""second_width"":2,""size"":0,""special31"":0,""transform"":0},{""access"":1,""addend"":0,""bit_start"":10,""bit_width"":3,""kind"":7,""multiplier"":1,""reg_class"":9,""second_start"":22,""second_width"":2,""size"":0,""special31"":0,""transform"":1},{""access"":1,""addend"":0,""bit_start"":5,""bit_width"":5,""kind"":6,""multiplier"":1,""reg_class"":8,""second_start"":22,""second_width"":2,""size"":0,""special31"":0,""transform"":0}]"	rbit	HasSVEorSME
2490	A64/sve/sve_perm_pred/sve_int_perm_clast_zz/clasta_z_p_zz_	clasta	A64	32	aarchmrs+capstone	0x05289961,0x05289d82,0x05289227,0x052882ab,0x05289960,0x0528997f,0x05288161,0x05289d61,0x05289801,0x05289be1,0x05689961,0x05a89961,0x05e89961	"[{""access"":3,""addend"":0,""bit_start"":0,""bit_width"":5,""kind"":6,""multiplier"":1,""reg_class"":8,""second_start"":22,""second_width"":2,""size"":0,""special31"":0,""transform"":0},{""access"":1,""addend"":0,""bit_start"":10,""bit_width"":3,""kind"":7,""multiplier"":1,""reg_class"":9,""second_start"":22,""second_width"":2,""size"":0,""special31"":0,""transform"":0},{""access"":3,""addend"":0,""bit_start"":0,""bit_width"":5,""kind"":6,""multiplier"":1,""reg_class"":8,""second_start"":22,""second_width"":2,""size"":0,""special31"":0,""transform"":0},{""access"":1,""addend"":0,""bit_start"":5,""bit_width"":5,""kind"":6,""multiplier"":1,""reg_class"":8,""second_start"":22,""second_width"":2,""size"":0,""special31"":0,""transform"":0}]"	clasta	HasSVEorSME
2491	A64/sve/sve_perm_pred/sve_int_perm_clast_zz/clastb_z_p_zz_	clastb	A64	32	aarchmrs+capstone	0x05299961,0x05299d82,0x05299227,0x052982ab,0x05299960,0x0529997f,0x05298161,0x05299d61,0x05299801,0x05299be1,0x05699961,0x05a99961,0x05e99961	"[{""access"":3,""addend"":0,""bit_start"":0,""bit_width"":5,""kind"":6,""multiplier"":1,""reg_class"":8,""second_start"":22,""second_width"":2,""size"":0,""special31"":0,""transform"":0},{""access"":1,""addend"":0,""bit_start"":10,""bit_width"":3,""kind"":7,""multiplier"":1,""reg_class"":9,""second_start"":22,""second_width"":2,""size"":0,""special31"":0,""transform"":0},{""access"":3,""addend"":0,""bit_start"":0,""bit_width"":5,""kind"":6,""multiplier"":1,""reg_class"":8,""second_start"":22,""second_width"":2,""size"":0,""special31"":0,""transform"":0},{""access"":1,""addend"":0,""bit_start"":5,""bit_width"":5,""kind"":6,""multiplier"":1,""reg_class"":8,""second_start"":22,""second_width"":2,""size"":0,""special31"":0,""transform"":0}]"	clastb	HasSVEorSME
2494	A64/sve/sve_perm_pred/sve_int_perm_splice/splice_z_p_zz_des	splice	A64	32	aarchmrs+capstone	0x052c9961,0x052c9d82,0x052c9227,0x052c82ab,0x052c9960,0x052c997f,0x052c8161,0x052c9d61,0x052c9801,0x052c9be1,0x056c9961,0x05ac9961,0x05ec9961	"[{""access"":3,""addend"":0,""bit_start"":0,""bit_width"":5,""kind"":6,""multiplier"":1,""reg_class"":8,""second_start"":22,""second_width"":2,""size"":0,""special31"":0,""transform"":0},{""access"":1,""addend"":0,""bit_start"":10,""bit_width"":3,""kind"":7,""multiplier"":1,""reg_class"":9,""second_start"":22,""second_width"":2,""size"":0,""special31"":0,""transform"":0},{""access"":3,""addend"":0,""bit_start"":0,""bit_width"":5,""kind"":6,""multiplier"":1,""reg_class"":8,""second_start"":22,""second_width"":2,""size"":0,""special31"":0,""transform"":0},{""access"":1,""addend"":0,""bit_start"":5,""bit_width"":5,""kind"":6,""multiplier"":1,""reg_class"":8,""second_start"":22,""second_width"":2,""size"":0,""special31"":0,""transform"":0}]"	splice	HasSVEorSME
2504	A64/sve/sve_int_select/sve_int_sel_vvv/sel_z_p_zz_	sel	A64	32	aarchmrs+capstone	0x0530d961,0x0531dd82,0x0536f227,0x053ac2ab,0x0530d960,0x0530d97f,0x0530c161,0x0530fd61,0x0530d801,0x0530dbe1,0x0520d961,0x053fd961,0x0570d961,0x05b0d961,0x05f0d961	"[{""access"":2,""addend"":0,""bit_start"":0,""bit_width"":5,""kind"":6,""multiplier"":1,""reg_class"":8,""second_start"":22,""second_width"":2,""size"":0,""special31"":0,""transform"":0},{""access"":1,""addend"":0,""bit_start"":10,""bit_width"":4,""kind"":7,""multiplier"":1,""reg_class"":9,""second_start"":22,""second_width"":2,""size"":0,""special31"":0,""transform"":0},{""access"":1,""addend"":0,""bit_start"":5,""bit_width"":5,""kind"":6,""multiplier"":1,""reg_class"":8,""second_start"":22,""second_width"":2,""size"":0,""special31"":0,""transform"":0},{""access"":1,""addend"":0,""bit_start"":16,""bit_width"":5,""kind"":6,""multiplier"":1,""reg_class"":8,""second_start"":22,""second_width"":2,""size"":0,""special31"":0,""transform"":0}]"	sel	HasSVEorSME
2505	A64/sve/sve_cmpvec/sve_int_cmp_0/cmphs_p_p_zz_	cmphs	A64	32	aarchmrs+capstone	0x24101961,0x24111d82,0x24161227,0x241a02ab,0x24101960,0x2410196f,0x24100161,0x24101d61,0x24101801,0x24101be1,0x24001961,0x241f1961,0x24501961,0x24901961,0x24d01961	"[{""access"":2,""addend"":0,""bit_start"":0,""bit_width"":4,""kind"":7,""multiplier"":1,""reg_class"":9,""second_start"":22,""second_width"":2,""size"":0,""special31"":0,""transform"":16},{""access"":1,""addend"":0,""bit_start"":10,""bit_width"":3,""kind"":7,""multiplier"":1,""reg_class"":9,""second_start"":22,""second_width"":2,""size"":0,""special31"":0,""transform"":2},{""access"":1,""addend"":0,""bit_start"":5,""bit_width"":5,""kind"":6,""multiplier"":1,""reg_class"":8,""second_start"":22,""second_width"":2,""size"":0,""special31"":0,""transform"":0},{""access"":1,""addend"":0,""bit_start"":16,""bit_width"":5,""kind"":6,""multiplier"":1,""reg_class"":8,""second_start"":22,""second_width"":2,""size"":0,""special31"":0,""transform"":0}]"	cmphs	HasSVEorSME
2506	A64/sve/sve_cmpvec/sve_int_cmp_0/cmpge_p_p_zz_	cmpge	A64	32	aarchmrs+capstone	0x24109961,0x24119d82,0x24169227,0x241a82ab,0x24109960,0x2410996f,0x24108161,0x24109d61,0x24109801,0x24109be1,0x24009961,0x241f9961,0x24509961,0x24909961,0x24d09961	"[{""access"":2,""addend"":0,""bit_start"":0,""bit_width"":4,""kind"":7,""multiplier"":1,""reg_class"":9,""second_start"":22,""second_width"":2,""size"":0,""special31"":0,""transform"":16},{""access"":1,""addend"":0,""bit_start"":10,""bit_width"":3,""kind"":7,""multiplier"":1,""reg_class"":9,""second_start"":22,""second_width"":2,""size"":0,""special31"":0,""transform"":2},{""access"":1,""addend"":0,""bit_start"":5,""bit_width"":5,""kind"":6,""multiplier"":1,""reg_class"":8,""second_start"":22,""second_width"":2,""size"":0,""special31"":0,""transform"":0},{""access"":1,""addend"":0,""bit_start"":16,""bit_width"":5,""kind"":6,""multiplier"":1,""reg_class"":8,""second_start"":22,""second_width"":2,""size"":0,""special31"":0,""transform"":0}]"	cmpge	HasSVEorSME
2508	A64/sve/sve_cmpvec/sve_int_cmp_0/cmpeq_p_p_zz_	cmpeq	A64	32	aarchmrs+capstone	0x2410b961,0x2411bd82,0x2416b227,0x241aa2ab,0x2410b960,0x2410b96f,0x2410a161,0x2410bd61,0x2410b801,0x2410bbe1,0x2400b961,0x241fb961,0x2450b961,0x2490b961,0x24d0b961	"[{""access"":2,""addend"":0,""bit_start"":0,""bit_width"":4,""kind"":7,""multiplier"":1,""reg_class"":9,""second_start"":22,""second_width"":2,""size"":0,""special31"":0,""transform"":16},{""access"":1,""addend"":0,""bit_start"":10,""bit_width"":3,""kind"":7,""multiplier"":1,""reg_class"":9,""second_start"":22,""second_width"":2,""size"":0,""special31"":0,""transform"":2},{""access"":1,""addend"":0,""bit_start"":5,""bit_width"":5,""kind"":6,""multiplier"":1,""reg_class"":8,""second_start"":22,""second_width"":2,""size"":0,""special31"":0,""transform"":0},{""access"":1,""addend"":0,""bit_start"":16,""bit_width"":5,""kind"":6,""multiplier"":1,""reg_class"":8,""second_start"":22,""second_width"":2,""size"":0,""special31"":0,""transform"":0}]"	cmpeq	HasSVEorSME
2509	A64/sve/sve_cmpvec/sve_int_cmp_0/cmphi_p_p_zz_	cmphi	A64	32	aarchmrs+capstone	0x24101971,0x24111d92,0x24161237,0x241a02bb,0x24101970,0x2410197f,0x24100171,0x24101d71,0x24101811,0x24101bf1,0x24001971,0x241f1971,0x24501971,0x24901971,0x24d01971	"[{""access"":2,""addend"":0,""bit_start"":0,""bit_width"":4,""kind"":7,""multiplier"":1,""reg_class"":9,""second_start"":22,""second_width"":2,""size"":0,""special31"":0,""transform"":16},{""access"":1,""addend"":0,""bit_start"":10,""bit_width"":3,""kind"":7,""multiplier"":1,""reg_class"":9,""second_start"":22,""second_width"":2,""size"":0,""special31"":0,""transform"":2},{""access"":1,""addend"":0,""bit_start"":5,""bit_width"":5,""kind"":6,""multiplier"":1,""reg_class"":8,""second_start"":22,""second_width"":2,""size"":0,""special31"":0,""transform"":0},{""access"":1,""addend"":0,""bit_start"":16,""bit_width"":5,""kind"":6,""multiplier"":1,""reg_class"":8,""second_start"":22,""second_width"":2,""size"":0,""special31"":0,""transform"":0}]"	cmphi	HasSVEorSME
2510	A64/sve/sve_cmpvec/sve_int_cmp_0/cmpgt_p_p_zz_	cmpgt	A64	32	aarchmrs+capstone	0x24109971,0x24119d92,0x24169237,0x241a82bb,0x24109970,0x2410997f,0x24108171,0x24109d71,0x24109811,0x24109bf1,0x24009971,0x241f9971,0x24509971,0x24909971,0x24d09971	"[{""access"":2,""addend"":0,""bit_start"":0,""bit_width"":4,""kind"":7,""multiplier"":1,""reg_class"":9,""second_start"":22,""second_width"":2,""size"":0,""special31"":0,""transform"":16},{""access"":1,""addend"":0,""bit_start"":10,""bit_width"":3,""kind"":7,""multiplier"":1,""reg_class"":9,""second_start"":22,""second_width"":2,""size"":0,""special31"":0,""transform"":2},{""access"":1,""addend"":0,""bit_start"":5,""bit_width"":5,""kind"":6,""multiplier"":1,""reg_class"":8,""second_start"":22,""second_width"":2,""size"":0,""special31"":0,""transform"":0},{""access"":1,""addend"":0,""bit_start"":16,""bit_width"":5,""kind"":6,""multiplier"":1,""reg_class"":8,""second_start"":22,""second_width"":2,""size"":0,""special31"":0,""transform"":0}]"	cmpgt	HasSVEorSME
2512	A64/sve/sve_cmpvec/sve_int_cmp_0/cmpne_p_p_zz_	cmpne	A64	32	aarchmrs+capstone	0x2410b971,0x2411bd92,0x2416b237,0x241aa2bb,0x2410b970,0x2410b97f,0x2410a171,0x2410bd71,0x2410b811,0x2410bbf1,0x2400b971,0x241fb971,0x2450b971,0x2490b971,0x24d0b971	"[{""access"":2,""addend"":0,""bit_start"":0,""bit_width"":4,""kind"":7,""multiplier"":1,""reg_class"":9,""second_start"":22,""second_width"":2,""size"":0,""special31"":0,""transform"":16},{""access"":1,""addend"":0,""bit_start"":10,""bit_width"":3,""kind"":7,""multiplier"":1,""reg_class"":9,""second_start"":22,""second_width"":2,""size"":0,""special31"":0,""transform"":2},{""access"":1,""addend"":0,""bit_start"":5,""bit_width"":5,""kind"":6,""multiplier"":1,""reg_class"":8,""second_start"":22,""second_width"":2,""size"":0,""special31"":0,""transform"":0},{""access"":1,""addend"":0,""bit_start"":16,""bit_width"":5,""kind"":6,""multiplier"":1,""reg_class"":8,""second_start"":22,""second_width"":2,""size"":0,""special31"":0,""transform"":0}]"	cmpne	HasSVEorSME
2531	A64/sve/sve_pred_gen_a/sve_int_pred_log/and_p_p_pp_z	and	A64	32	aarchmrs+capstone	0x25005961,0x25015d82,0x25067027,0x250a40ab,0x25005960,0x2500596f,0x25004161,0x25007d61,0x25005801,0x250059e1,0x250f5961	"[{""access"":2,""addend"":0,""bit_start"":0,""bit_width"":4,""kind"":7,""multiplier"":0,""reg_class"":9,""second_start"":0,""second_width"":0,""size"":0,""special31"":0,""transform"":16},{""access"":1,""addend"":0,""bit_start"":10,""bit_width"":4,""kind"":7,""multiplier"":0,""reg_class"":9,""second_start"":0,""second_width"":0,""size"":0,""special31"":0,""transform"":2},{""access"":1,""addend"":0,""bit_start"":5,""bit_width"":4,""kind"":7,""multiplier"":0,""reg_class"":9,""second_start"":0,""second_width"":0,""size"":0,""special31"":0,""transform"":16},{""access"":1,""addend"":0,""bit_start"":16,""bit_width"":4,""kind"":7,""multiplier"":0,""reg_class"":9,""second_start"":0,""second_width"":0,""size"":0,""special31"":0,""transform"":16}]"	and	HasSVEorSME
2532	A64/sve/sve_pred_gen_a/sve_int_pred_log/bic_p_p_pp_z	bic	A64	32	aarchmrs+capstone	0x25005971,0x25015d92,0x25067037,0x250a40bb,0x25005970,0x2500597f,0x25004171,0x25007d71,0x25005811,0x250059f1,0x250f5971	"[{""access"":2,""addend"":0,""bit_start"":0,""bit_width"":4,""kind"":7,""multiplier"":0,""reg_class"":9,""second_start"":0,""second_width"":0,""size"":0,""special31"":0,""transform"":16},{""access"":1,""addend"":0,""bit_start"":10,""bit_width"":4,""kind"":7,""multiplier"":0,""reg_class"":9,""second_start"":0,""second_width"":0,""size"":0,""special31"":0,""transform"":2},{""access"":1,""addend"":0,""bit_start"":5,""bit_width"":4,""kind"":7,""multiplier"":0,""reg_class"":9,""second_start"":0,""second_width"":0,""size"":0,""special31"":0,""transform"":16},{""access"":1,""addend"":0,""bit_start"":16,""bit_width"":4,""kind"":7,""multiplier"":0,""reg_class"":9,""second_start"":0,""second_width"":0,""size"":0,""special31"":0,""transform"":16}]"	bic	HasSVEorSME
2533	A64/sve/sve_pred_gen_a/sve_int_pred_log/orr_p_p_pp_z	orr	A64	32	aarchmrs+capstone	0x25805961,0x25815d82,0x25867027,0x258a40ab,0x25805960,0x2580596f,0x25804161,0x25807d61,0x25805801,0x258059e1,0x258f5961	"[{""access"":2,""addend"":0,""bit_start"":0,""bit_width"":4,""kind"":7,""multiplier"":0,""reg_class"":9,""second_start"":0,""second_width"":0,""size"":0,""special31"":0,""transform"":16},{""access"":1,""addend"":0,""bit_start"":10,""bit_width"":4,""kind"":7,""multiplier"":0,""reg_class"":9,""second_start"":0,""second_width"":0,""size"":0,""special31"":0,""transform"":2},{""access"":1,""addend"":0,""bit_start"":5,""bit_width"":4,""kind"":7,""multiplier"":0,""reg_class"":9,""second_start"":0,""second_width"":0,""size"":0,""special31"":0,""transform"":16},{""access"":1,""addend"":0,""bit_start"":16,""bit_width"":4,""kind"":7,""multiplier"":0,""reg_class"":9,""second_start"":0,""second_width"":0,""size"":0,""special31"":0,""transform"":16}]"	orr	HasSVEorSME
2534	A64/sve/sve_pred_gen_a/sve_int_pred_log/orn_p_p_pp_z	orn	A64	32	aarchmrs+capstone	0x25805971,0x25815d92,0x25867037,0x258a40bb,0x25805970,0x2580597f,0x25804171,0x25807d71,0x25805811,0x258059f1,0x258f5971	"[{""access"":2,""addend"":0,""bit_start"":0,""bit_width"":4,""kind"":7,""multiplier"":0,""reg_class"":9,""second_start"":0,""second_width"":0,""size"":0,""special31"":0,""transform"":16},{""access"":1,""addend"":0,""bit_start"":10,""bit_width"":4,""kind"":7,""multiplier"":0,""reg_class"":9,""second_start"":0,""second_width"":0,""size"":0,""special31"":0,""transform"":2},{""access"":1,""addend"":0,""bit_start"":5,""bit_width"":4,""kind"":7,""multiplier"":0,""reg_class"":9,""second_start"":0,""second_width"":0,""size"":0,""special31"":0,""transform"":16},{""access"":1,""addend"":0,""bit_start"":16,""bit_width"":4,""kind"":7,""multiplier"":0,""reg_class"":9,""second_start"":0,""second_width"":0,""size"":0,""special31"":0,""transform"":16}]"	orn	HasSVEorSME
2535	A64/sve/sve_pred_gen_a/sve_int_pred_log/eor_p_p_pp_z	eor	A64	32	aarchmrs+capstone	0x25005b61,0x25015f82,0x25067227,0x250a42ab,0x25005b60,0x25005b6f,0x25004361,0x25007f61,0x25005a01,0x25005be1,0x250f5b61	"[{""access"":2,""addend"":0,""bit_start"":0,""bit_width"":4,""kind"":7,""multiplier"":0,""reg_class"":9,""second_start"":0,""second_width"":0,""size"":0,""special31"":0,""transform"":16},{""access"":1,""addend"":0,""bit_start"":10,""bit_width"":4,""kind"":7,""multiplier"":0,""reg_class"":9,""second_start"":0,""second_width"":0,""size"":0,""special31"":0,""transform"":2},{""access"":1,""addend"":0,""bit_start"":5,""bit_width"":4,""kind"":7,""multiplier"":0,""reg_class"":9,""second_start"":0,""second_width"":0,""size"":0,""special31"":0,""transform"":16},{""access"":1,""addend"":0,""bit_start"":16,""bit_width"":4,""kind"":7,""multiplier"":0,""reg_class"":9,""second_start"":0,""second_width"":0,""size"":0,""special31"":0,""transform"":16}]"	eor	HasSVEorSME
2536	A64/sve/sve_pred_gen_a/sve_int_pred_log/sel_p_p_pp_	sel	A64	32	aarchmrs+capstone	0x25005b71,0x25015f92,0x25067237,0x250a42bb,0x25005b70,0x25005b7f,0x25004371,0x25007f71,0x25005a11,0x25005bf1,0x250f5b71	"[{""access"":2,""addend"":0,""bit_start"":0,""bit_width"":4,""kind"":7,""multiplier"":0,""reg_class"":9,""second_start"":0,""second_width"":0,""size"":0,""special31"":0,""transform"":16},{""access"":1,""addend"":0,""bit_start"":10,""bit_width"":4,""kind"":7,""multiplier"":0,""reg_class"":9,""second_start"":0,""second_width"":0,""size"":0,""special31"":0,""transform"":0},{""access"":1,""addend"":0,""bit_start"":5,""bit_width"":4,""kind"":7,""multiplier"":0,""reg_class"":9,""second_start"":0,""second_width"":0,""size"":0,""special31"":0,""transform"":16},{""access"":1,""addend"":0,""bit_start"":16,""bit_width"":4,""kind"":7,""multiplier"":0,""reg_class"":9,""second_start"":0,""second_width"":0,""size"":0,""special31"":0,""transform"":16}]"	sel	HasSVEorSME
2537	A64/sve/sve_pred_gen_a/sve_int_pred_log/nor_p_p_pp_z	nor	A64	32	aarchmrs+capstone	0x25805b61,0x25815f82,0x25867227,0x258a42ab,0x25805b60,0x25805b6f,0x25804361,0x25807f61,0x25805a01,0x25805be1,0x258f5b61	"[{""access"":2,""addend"":0,""bit_start"":0,""bit_width"":4,""kind"":7,""multiplier"":0,""reg_class"":9,""second_start"":0,""second_width"":0,""size"":0,""special31"":0,""transform"":16},{""access"":1,""addend"":0,""bit_start"":10,""bit_width"":4,""kind"":7,""multiplier"":0,""reg_class"":9,""second_start"":0,""second_width"":0,""size"":0,""special31"":0,""transform"":2},{""access"":1,""addend"":0,""bit_start"":5,""bit_width"":4,""kind"":7,""multiplier"":0,""reg_class"":9,""second_start"":0,""second_width"":0,""size"":0,""special31"":0,""transform"":16},{""access"":1,""addend"":0,""bit_start"":16,""bit_width"":4,""kind"":7,""multiplier"":0,""reg_class"":9,""second_start"":0,""second_width"":0,""size"":0,""special31"":0,""transform"":16}]"	nor	HasSVEorSME
2538	A64/sve/sve_pred_gen_a/sve_int_pred_log/nand_p_p_pp_z	nand	A64	32	aarchmrs+capstone	0x25805b71,0x25815f92,0x25867237,0x258a42bb,0x25805b70,0x25805b7f,0x25804371,0x25807f71,0x25805a11,0x25805bf1,0x258f5b71	"[{""access"":2,""addend"":0,""bit_start"":0,""bit_width"":4,""kind"":7,""multiplier"":0,""reg_class"":9,""second_start"":0,""second_width"":0,""size"":0,""special31"":0,""transform"":16},{""access"":1,""addend"":0,""bit_start"":10,""bit_width"":4,""kind"":7,""multiplier"":0,""reg_class"":9,""second_start"":0,""second_width"":0,""size"":0,""special31"":0,""transform"":2},{""access"":1,""addend"":0,""bit_start"":5,""bit_width"":4,""kind"":7,""multiplier"":0,""reg_class"":9,""second_start"":0,""second_width"":0,""size"":0,""special31"":0,""transform"":16},{""access"":1,""addend"":0,""bit_start"":16,""bit_width"":4,""kind"":7,""multiplier"":0,""reg_class"":9,""second_start"":0,""second_width"":0,""size"":0,""special31"":0,""transform"":16}]"	nand	HasSVEorSME
2539	A64/sve/sve_pred_gen_a/sve_int_pred_log/ands_p_p_pp_z	ands	A64	32	aarchmrs+capstone	0x25405961,0x25415d82,0x25467027,0x254a40ab,0x25405960,0x2540596f,0x25404161,0x25407d61,0x25405801,0x254059e1,0x254f5961	"[{""access"":2,""addend"":0,""bit_start"":0,""bit_width"":4,""kind"":7,""multiplier"":0,""reg_class"":9,""second_start"":0,""second_width"":0,""size"":0,""special31"":0,""transform"":16},{""access"":1,""addend"":0,""bit_start"":10,""bit_width"":4,""kind"":7,""multiplier"":0,""reg_class"":9,""second_start"":0,""second_width"":0,""size"":0,""special31"":0,""transform"":2},{""access"":1,""addend"":0,""bit_start"":5,""bit_width"":4,""kind"":7,""multiplier"":0,""reg_class"":9,""second_start"":0,""second_width"":0,""size"":0,""special31"":0,""transform"":16},{""access"":1,""addend"":0,""bit_start"":16,""bit_width"":4,""kind"":7,""multiplier"":0,""reg_class"":9,""second_start"":0,""second_width"":0,""size"":0,""special31"":0,""transform"":16}]"	ands	HasSVEorSME
2540	A64/sve/sve_pred_gen_a/sve_int_pred_log/bics_p_p_pp_z	bics	A64	32	aarchmrs+capstone	0x25405971,0x25415d92,0x25467037,0x254a40bb,0x25405970,0x2540597f,0x25404171,0x25407d71,0x25405811,0x254059f1,0x254f5971	"[{""access"":2,""addend"":0,""bit_start"":0,""bit_width"":4,""kind"":7,""multiplier"":0,""reg_class"":9,""second_start"":0,""second_width"":0,""size"":0,""special31"":0,""transform"":16},{""access"":1,""addend"":0,""bit_start"":10,""bit_width"":4,""kind"":7,""multiplier"":0,""reg_class"":9,""second_start"":0,""second_width"":0,""size"":0,""special31"":0,""transform"":2},{""access"":1,""addend"":0,""bit_start"":5,""bit_width"":4,""kind"":7,""multiplier"":0,""reg_class"":9,""second_start"":0,""second_width"":0,""size"":0,""special31"":0,""transform"":16},{""access"":1,""addend"":0,""bit_start"":16,""bit_width"":4,""kind"":7,""multiplier"":0,""reg_class"":9,""second_start"":0,""second_width"":0,""size"":0,""special31"":0,""transform"":16}]"	bics	HasSVEorSME
2541	A64/sve/sve_pred_gen_a/sve_int_pred_log/orrs_p_p_pp_z	orrs	A64	32	aarchmrs+capstone	0x25c05961,0x25c15d82,0x25c67027,0x25ca40ab,0x25c05960,0x25c0596f,0x25c04161,0x25c07d61,0x25c05801,0x25c059e1,0x25cf5961	"[{""access"":2,""addend"":0,""bit_start"":0,""bit_width"":4,""kind"":7,""multiplier"":0,""reg_class"":9,""second_start"":0,""second_width"":0,""size"":0,""special31"":0,""transform"":16},{""access"":1,""addend"":0,""bit_start"":10,""bit_width"":4,""kind"":7,""multiplier"":0,""reg_class"":9,""second_start"":0,""second_width"":0,""size"":0,""special31"":0,""transform"":2},{""access"":1,""addend"":0,""bit_start"":5,""bit_width"":4,""kind"":7,""multiplier"":0,""reg_class"":9,""second_start"":0,""second_width"":0,""size"":0,""special31"":0,""transform"":16},{""access"":1,""addend"":0,""bit_start"":16,""bit_width"":4,""kind"":7,""multiplier"":0,""reg_class"":9,""second_start"":0,""second_width"":0,""size"":0,""special31"":0,""transform"":16}]"	orrs	HasSVEorSME
2542	A64/sve/sve_pred_gen_a/sve_int_pred_log/orns_p_p_pp_z	orns	A64	32	aarchmrs+capstone	0x25c05971,0x25c15d92,0x25c67037,0x25ca40bb,0x25c05970,0x25c0597f,0x25c04171,0x25c07d71,0x25c05811,0x25c059f1,0x25cf5971	"[{""access"":2,""addend"":0,""bit_start"":0,""bit_width"":4,""kind"":7,""multiplier"":0,""reg_class"":9,""second_start"":0,""second_width"":0,""size"":0,""special31"":0,""transform"":16},{""access"":1,""addend"":0,""bit_start"":10,""bit_width"":4,""kind"":7,""multiplier"":0,""reg_class"":9,""second_start"":0,""second_width"":0,""size"":0,""special31"":0,""transform"":2},{""access"":1,""addend"":0,""bit_start"":5,""bit_width"":4,""kind"":7,""multiplier"":0,""reg_class"":9,""second_start"":0,""second_width"":0,""size"":0,""special31"":0,""transform"":16},{""access"":1,""addend"":0,""bit_start"":16,""bit_width"":4,""kind"":7,""multiplier"":0,""reg_class"":9,""second_start"":0,""second_width"":0,""size"":0,""special31"":0,""transform"":16}]"	orns	HasSVEorSME
2543	A64/sve/sve_pred_gen_a/sve_int_pred_log/eors_p_p_pp_z	eors	A64	32	aarchmrs+capstone	0x25405b61,0x25415f82,0x25467227,0x254a42ab,0x25405b60,0x25405b6f,0x25404361,0x25407f61,0x25405a01,0x25405be1,0x254f5b61	"[{""access"":2,""addend"":0,""bit_start"":0,""bit_width"":4,""kind"":7,""multiplier"":0,""reg_class"":9,""second_start"":0,""second_width"":0,""size"":0,""special31"":0,""transform"":16},{""access"":1,""addend"":0,""bit_start"":10,""bit_width"":4,""kind"":7,""multiplier"":0,""reg_class"":9,""second_start"":0,""second_width"":0,""size"":0,""special31"":0,""transform"":2},{""access"":1,""addend"":0,""bit_start"":5,""bit_width"":4,""kind"":7,""multiplier"":0,""reg_class"":9,""second_start"":0,""second_width"":0,""size"":0,""special31"":0,""transform"":16},{""access"":1,""addend"":0,""bit_start"":16,""bit_width"":4,""kind"":7,""multiplier"":0,""reg_class"":9,""second_start"":0,""second_width"":0,""size"":0,""special31"":0,""transform"":16}]"	eors	HasSVEorSME
2544	A64/sve/sve_pred_gen_a/sve_int_pred_log/nors_p_p_pp_z	nors	A64	32	aarchmrs+capstone	0x25c05b61,0x25c15f82,0x25c67227,0x25ca42ab,0x25c05b60,0x25c05b6f,0x25c04361,0x25c07f61,0x25c05a01,0x25c05be1,0x25cf5b61	"[{""access"":2,""addend"":0,""bit_start"":0,""bit_width"":4,""kind"":7,""multiplier"":0,""reg_class"":9,""second_start"":0,""second_width"":0,""size"":0,""special31"":0,""transform"":16},{""access"":1,""addend"":0,""bit_start"":10,""bit_width"":4,""kind"":7,""multiplier"":0,""reg_class"":9,""second_start"":0,""second_width"":0,""size"":0,""special31"":0,""transform"":2},{""access"":1,""addend"":0,""bit_start"":5,""bit_width"":4,""kind"":7,""multiplier"":0,""reg_class"":9,""second_start"":0,""second_width"":0,""size"":0,""special31"":0,""transform"":16},{""access"":1,""addend"":0,""bit_start"":16,""bit_width"":4,""kind"":7,""multiplier"":0,""reg_class"":9,""second_start"":0,""second_width"":0,""size"":0,""special31"":0,""transform"":16}]"	nors	HasSVEorSME
2545	A64/sve/sve_pred_gen_a/sve_int_pred_log/nands_p_p_pp_z	nands	A64	32	aarchmrs+capstone	0x25c05b71,0x25c15f92,0x25c67237,0x25ca42bb,0x25c05b70,0x25c05b7f,0x25c04371,0x25c07f71,0x25c05a11,0x25c05bf1,0x25cf5b71	"[{""access"":2,""addend"":0,""bit_start"":0,""bit_width"":4,""kind"":7,""multiplier"":0,""reg_class"":9,""second_start"":0,""second_width"":0,""size"":0,""special31"":0,""transform"":16},{""access"":1,""addend"":0,""bit_start"":10,""bit_width"":4,""kind"":7,""multiplier"":0,""reg_class"":9,""second_start"":0,""second_width"":0,""size"":0,""special31"":0,""transform"":2},{""access"":1,""addend"":0,""bit_start"":5,""bit_width"":4,""kind"":7,""multiplier"":0,""reg_class"":9,""second_start"":0,""second_width"":0,""size"":0,""special31"":0,""transform"":16},{""access"":1,""addend"":0,""bit_start"":16,""bit_width"":4,""kind"":7,""multiplier"":0,""reg_class"":9,""second_start"":0,""second_width"":0,""size"":0,""special31"":0,""transform"":16}]"	nands	HasSVEorSME
2546	A64/sve/sve_pred_gen_b/sve_int_brkp/brkpa_p_p_pp_	brkpa	A64	32	aarchmrs+capstone	0x2500d961,0x2501dd82,0x2506f027,0x250ac0ab,0x2500d960,0x2500d96f,0x2500c161,0x2500fd61,0x2500d801,0x2500d9e1,0x250fd961	"[{""access"":2,""addend"":0,""bit_start"":0,""bit_width"":4,""kind"":7,""multiplier"":0,""reg_class"":9,""second_start"":0,""second_width"":0,""size"":0,""special31"":0,""transform"":16},{""access"":1,""addend"":0,""bit_start"":10,""bit_width"":4,""kind"":7,""multiplier"":0,""reg_class"":9,""second_start"":0,""second_width"":0,""size"":0,""special31"":0,""transform"":2},{""access"":1,""addend"":0,""bit_start"":5,""bit_width"":4,""kind"":7,""multiplier"":0,""reg_class"":9,""second_start"":0,""second_width"":0,""size"":0,""special31"":0,""transform"":16},{""access"":1,""addend"":0,""bit_start"":16,""bit_width"":4,""kind"":7,""multiplier"":0,""reg_class"":9,""second_start"":0,""second_width"":0,""size"":0,""special31"":0,""transform"":16}]"	brkpa	HasSVEorSME
2547	A64/sve/sve_pred_gen_b/sve_int_brkp/brkpas_p_p_pp_	brkpas	A64	32	aarchmrs+capstone	0x2540d961,0x2541dd82,0x2546f027,0x254ac0ab,0x2540d960,0x2540d96f,0x2540c161,0x2540fd61,0x2540d801,0x2540d9e1,0x254fd961	"[{""access"":2,""addend"":0,""bit_start"":0,""bit_width"":4,""kind"":7,""multiplier"":0,""reg_class"":9,""second_start"":0,""second_width"":0,""size"":0,""special31"":0,""transform"":16},{""access"":1,""addend"":0,""bit_start"":10,""bit_width"":4,""kind"":7,""multiplier"":0,""reg_class"":9,""second_start"":0,""second_width"":0,""size"":0,""special31"":0,""transform"":2},{""access"":1,""addend"":0,""bit_start"":5,""bit_width"":4,""kind"":7,""multiplier"":0,""reg_class"":9,""second_start"":0,""second_width"":0,""size"":0,""special31"":0,""transform"":16},{""access"":1,""addend"":0,""bit_start"":16,""bit_width"":4,""kind"":7,""multiplier"":0,""reg_class"":9,""second_start"":0,""second_width"":0,""size"":0,""special31"":0,""transform"":16}]"	brkpas	HasSVEorSME
2548	A64/sve/sve_pred_gen_b/sve_int_brkp/brkpb_p_p_pp_	brkpb	A64	32	aarchmrs+capstone	0x2500d971,0x2501dd92,0x2506f037,0x250ac0bb,0x2500d970,0x2500d97f,0x2500c171,0x2500fd71,0x2500d811,0x2500d9f1,0x250fd971	"[{""access"":2,""addend"":0,""bit_start"":0,""bit_width"":4,""kind"":7,""multiplier"":0,""reg_class"":9,""second_start"":0,""second_width"":0,""size"":0,""special31"":0,""transform"":16},{""access"":1,""addend"":0,""bit_start"":10,""bit_width"":4,""kind"":7,""multiplier"":0,""reg_class"":9,""second_start"":0,""second_width"":0,""size"":0,""special31"":0,""transform"":2},{""access"":1,""addend"":0,""bit_start"":5,""bit_width"":4,""kind"":7,""multiplier"":0,""reg_class"":9,""second_start"":0,""second_width"":0,""size"":0,""special31"":0,""transform"":16},{""access"":1,""addend"":0,""bit_start"":16,""bit_width"":4,""kind"":7,""multiplier"":0,""reg_class"":9,""second_start"":0,""second_width"":0,""size"":0,""special31"":0,""transform"":16}]"	brkpb	HasSVEorSME
2549	A64/sve/sve_pred_gen_b/sve_int_brkp/brkpbs_p_p_pp_	brkpbs	A64	32	aarchmrs+capstone	0x2540d971,0x2541dd92,0x2546f037,0x254ac0bb,0x2540d970,0x2540d97f,0x2540c171,0x2540fd71,0x2540d811,0x2540d9f1,0x254fd971	"[{""access"":2,""addend"":0,""bit_start"":0,""bit_width"":4,""kind"":7,""multiplier"":0,""reg_class"":9,""second_start"":0,""second_width"":0,""size"":0,""special31"":0,""transform"":16},{""access"":1,""addend"":0,""bit_start"":10,""bit_width"":4,""kind"":7,""multiplier"":0,""reg_class"":9,""second_start"":0,""second_width"":0,""size"":0,""special31"":0,""transform"":2},{""access"":1,""addend"":0,""bit_start"":5,""bit_width"":4,""kind"":7,""multiplier"":0,""reg_class"":9,""second_start"":0,""second_width"":0,""size"":0,""special31"":0,""transform"":16},{""access"":1,""addend"":0,""bit_start"":16,""bit_width"":4,""kind"":7,""multiplier"":0,""reg_class"":9,""second_start"":0,""second_width"":0,""size"":0,""special31"":0,""transform"":16}]"	brkpbs	HasSVEorSME
2551	A64/sve/sve_pred_gen_c/sve_int_break/brkas_p_p_p_z	brkas	A64	32	aarchmrs+capstone	0x25505961,0x25505d82,0x25507027,0x255040ab,0x25505960,0x2550596f,0x25504161,0x25507d61,0x25505801,0x255059e1	"[{""access"":2,""addend"":0,""bit_start"":0,""bit_width"":4,""kind"":7,""multiplier"":0,""reg_class"":9,""second_start"":0,""second_width"":0,""size"":0,""special31"":0,""transform"":16},{""access"":1,""addend"":0,""bit_start"":10,""bit_width"":4,""kind"":7,""multiplier"":0,""reg_class"":9,""second_start"":0,""second_width"":0,""size"":0,""special31"":0,""transform"":2},{""access"":1,""addend"":0,""bit_start"":5,""bit_width"":4,""kind"":7,""multiplier"":0,""reg_class"":9,""second_start"":0,""second_width"":0,""size"":0,""special31"":0,""transform"":16}]"	brkas	HasSVEorSME
2553	A64/sve/sve_pred_gen_c/sve_int_break/brkbs_p_p_p_z	brkbs	A64	32	aarchmrs+capstone	0x25d05961,0x25d05d82,0x25d07027,0x25d040ab,0x25d05960,0x25d0596f,0x25d04161,0x25d07d61,0x25d05801,0x25d059e1	"[{""access"":2,""addend"":0,""bit_start"":0,""bit_width"":4,""kind"":7,""multiplier"":0,""reg_class"":9,""second_start"":0,""second_width"":0,""size"":0,""special31"":0,""transform"":16},{""access"":1,""addend"":0,""bit_start"":10,""bit_width"":4,""kind"":7,""multiplier"":0,""reg_class"":9,""second_start"":0,""second_width"":0,""size"":0,""special31"":0,""transform"":2},{""access"":1,""addend"":0,""bit_start"":5,""bit_width"":4,""kind"":7,""multiplier"":0,""reg_class"":9,""second_start"":0,""second_width"":0,""size"":0,""special31"":0,""transform"":16}]"	brkbs	HasSVEorSME
2554	A64/sve/sve_pred_gen_c/sve_int_brkn/brkn_p_p_pp_	brkn	A64	32	aarchmrs+capstone	0x25185961,0x25185d82,0x25187027,0x251840ab,0x25185960,0x2518596f,0x25184161,0x25187d61,0x25185801,0x251859e1	"[{""access"":3,""addend"":0,""bit_start"":0,""bit_width"":4,""kind"":7,""multiplier"":0,""reg_class"":9,""second_start"":0,""second_width"":0,""size"":0,""special31"":0,""transform"":16},{""access"":1,""addend"":0,""bit_start"":10,""bit_width"":4,""kind"":7,""multiplier"":0,""reg_class"":9,""second_start"":0,""second_width"":0,""size"":0,""special31"":0,""transform"":2},{""access"":1,""addend"":0,""bit_start"":5,""bit_width"":4,""kind"":7,""multiplier"":0,""reg_class"":9,""second_start"":0,""second_width"":0,""size"":0,""special31"":0,""transform"":16},{""access"":3,""addend"":0,""bit_start"":0,""bit_width"":4,""kind"":7,""multiplier"":0,""reg_class"":9,""second_start"":0,""second_width"":0,""size"":0,""special31"":0,""transform"":16}]"	brkn	HasSVEorSME
2555	A64/sve/sve_pred_gen_c/sve_int_brkn/brkns_p_p_pp_	brkns	A64	32	aarchmrs+capstone	0x25585961,0x25585d82,0x25587027,0x255840ab,0x25585960,0x2558596f,0x25584161,0x25587d61,0x25585801,0x255859e1	"[{""access"":3,""addend"":0,""bit_start"":0,""bit_width"":4,""kind"":7,""multiplier"":0,""reg_class"":9,""second_start"":0,""second_width"":0,""size"":0,""special31"":0,""transform"":16},{""access"":1,""addend"":0,""bit_start"":10,""bit_width"":4,""kind"":7,""multiplier"":0,""reg_class"":9,""second_start"":0,""second_width"":0,""size"":0,""special31"":0,""transform"":2},{""access"":1,""addend"":0,""bit_start"":5,""bit_width"":4,""kind"":7,""multiplier"":0,""reg_class"":9,""second_start"":0,""second_width"":0,""size"":0,""special31"":0,""transform"":16},{""access"":3,""addend"":0,""bit_start"":0,""bit_width"":4,""kind"":7,""multiplier"":0,""reg_class"":9,""second_start"":0,""second_width"":0,""size"":0,""special31"":0,""transform"":16}]"	brkns	HasSVEorSME
2556	A64/sve/sve_pred_gen_d/sve_int_ptest/ptest__p_p_	ptest	A64	32	aarchmrs+capstone	0x2550c4c0,0x2550c8e0,0x2550dd80,0x2550ec00,0x2550c0c0,0x2550fcc0,0x2550c400,0x2550c5e0	"[{""access"":1,""addend"":0,""bit_start"":10,""bit_width"":4,""kind"":7,""multiplier"":0,""reg_class"":9,""second_start"":0,""second_width"":0,""size"":0,""special31"":0,""transform"":0},{""access"":1,""addend"":0,""bit_start"":5,""bit_width"":4,""kind"":7,""multiplier"":0,""reg_class"":9,""second_start"":0,""second_width"":0,""size"":0,""special31"":0,""transform"":16}]"	ptest	HasSVEorSME
2557	A64/sve/sve_pred_gen_d/sve_int_pfirst/pfirst_p_p_p_	pfirst	A64	32	aarchmrs+capstone	0x2558c0c1,0x2558c0e2,0x2558c187,0x2558c00b,0x2558c0c0,0x2558c0cf,0x2558c001,0x2558c1e1	"[{""access"":3,""addend"":0,""bit_start"":0,""bit_width"":4,""kind"":7,""multiplier"":0,""reg_class"":9,""second_start"":0,""second_width"":0,""size"":0,""special31"":0,""transform"":16},{""access"":1,""addend"":0,""bit_start"":5,""bit_width"":4,""kind"":7,""multiplier"":0,""reg_class"":9,""second_start"":0,""second_width"":0,""size"":0,""special31"":0,""transform"":0},{""access"":3,""addend"":0,""bit_start"":0,""bit_width"":4,""kind"":7,""multiplier"":0,""reg_class"":9,""second_start"":0,""second_width"":0,""size"":0,""special31"":0,""transform"":16}]"	pfirst	HasSVEorSME
2558	A64/sve/sve_pred_gen_d/sve_int_pnext/pnext_p_p_p_	pnext	A64	32	aarchmrs+capstone	0x2519c4c1,0x2519c4e2,0x2519c587,0x2519c40b,0x2519c4c0,0x2519c4cf,0x2519c401,0x2519c5e1,0x2559c4c1,0x2599c4c1,0x25d9c4c1	"[{""access"":3,""addend"":0,""bit_start"":0,""bit_width"":4,""kind"":7,""multiplier"":1,""reg_class"":9,""second_start"":22,""second_width"":2,""size"":0,""special31"":0,""transform"":16},{""access"":1,""addend"":0,""bit_start"":5,""bit_width"":4,""kind"":7,""multiplier"":1,""reg_class"":9,""second_start"":22,""second_width"":2,""size"":0,""special31"":0,""transform"":0},{""access"":3,""addend"":0,""bit_start"":0,""bit_width"":4,""kind"":7,""multiplier"":1,""reg_class"":9,""second_start"":22,""second_width"":2,""size"":0,""special31"":0,""transform"":16}]"	pnext	HasSVEorSME
2561	A64/sve/sve_pred_gen_d/sve_int_pfalse/pfalse_p_	pfalse	A64	32	aarchmrs+capstone	0x2518e401,0x2518e402,0x2518e407,0x2518e40b,0x2518e400,0x2518e40f	"[{""access"":2,""addend"":0,""bit_start"":0,""bit_width"":4,""kind"":7,""multiplier"":0,""reg_class"":9,""second_start"":0,""second_width"":0,""size"":0,""special31"":0,""transform"":16}]"	pfalse	HasSVEorSME
2562	A64/sve/sve_pred_gen_d/sve_int_rdffr/rdffr_p_p_f_	rdffr	A64	32	aarchmrs+capstone	0x2518f0c1,0x2518f0e2,0x2518f187,0x2518f00b,0x2518f0c0,0x2518f0cf,0x2518f001,0x2518f1e1	"[{""access"":2,""addend"":0,""bit_start"":0,""bit_width"":4,""kind"":7,""multiplier"":0,""reg_class"":9,""second_start"":0,""second_width"":0,""size"":0,""special31"":0,""transform"":16},{""access"":1,""addend"":0,""bit_start"":5,""bit_width"":4,""kind"":7,""multiplier"":0,""reg_class"":9,""second_start"":0,""second_width"":0,""size"":0,""special31"":0,""transform"":2}]"	rdffr	HasSVE
2563	A64/sve/sve_pred_gen_d/sve_int_rdffr/rdffrs_p_p_f_	rdffrs	A64	32	aarchmrs+capstone	0x2558f0c1,0x2558f0e2,0x2558f187,0x2558f00b,0x2558f0c0,0x2558f0cf,0x2558f001,0x2558f1e1	"[{""access"":2,""addend"":0,""bit_start"":0,""bit_width"":4,""kind"":7,""multiplier"":0,""reg_class"":9,""second_start"":0,""second_width"":0,""size"":0,""special31"":0,""transform"":16},{""access"":1,""addend"":0,""bit_start"":5,""bit_width"":4,""kind"":7,""multiplier"":0,""reg_class"":9,""second_start"":0,""second_width"":0,""size"":0,""special31"":0,""transform"":2}]"	rdffrs	HasSVE
2564	A64/sve/sve_pred_gen_d/sve_int_rdffr_2/rdffr_p_f_	rdffr	A64	32	aarchmrs+capstone	0x2519f001,0x2519f002,0x2519f007,0x2519f00b,0x2519f000,0x2519f00f	"[{""access"":2,""addend"":0,""bit_start"":0,""bit_width"":4,""kind"":7,""multiplier"":0,""reg_class"":9,""second_start"":0,""second_width"":0,""size"":0,""special31"":0,""transform"":16}]"	rdffr	HasSVE
2617	A64/sve/sve_pred_wrffr/sve_int_wrffr/wrffr_f_p_	wrffr	A64	32	aarchmrs+capstone	0x25289020,0x25289040,0x252890e0,0x25289160,0x25289000,0x252891e0	"[{""access"":1,""addend"":0,""bit_start"":5,""bit_width"":4,""kind"":7,""multiplier"":0,""reg_class"":9,""second_start"":0,""second_width"":0,""size"":0,""special31"":0,""transform"":16}]"	wrffr	HasSVE
2654	A64/sve/sve_intx_muladd_unpred/sve_intx_qrdmlah/sqrdmlah_z_zzz_	sqrdmlah	A64	32	aarchmrs+capstone	0x440b70c1,0x440c70e2,0x44117187,0x4415720b,0x440b70c0,0x440b70df,0x440b7001,0x440b73e1,0x440070c1,0x441f70c1,0x444b70c1,0x448b70c1,0x44cb70c1	"[{""access"":3,""addend"":0,""bit_start"":0,""bit_width"":5,""kind"":6,""multiplier"":1,""reg_class"":8,""second_start"":22,""second_width"":2,""size"":0,""special31"":0,""transform"":0},{""access"":1,""addend"":0,""bit_start"":5,""bit_width"":5,""kind"":6,""multiplier"":1,""reg_class"":8,""second_start"":22,""second_width"":2,""size"":0,""special31"":0,""transform"":0},{""access"":1,""addend"":0,""bit_start"":16,""bit_width"":5,""kind"":6,""multiplier"":1,""reg_class"":8,""second_start"":22,""second_width"":2,""size"":0,""special31"":0,""transform"":0}]"	sqrdmlah	HasSVE2orSME
2655	A64/sve/sve_intx_muladd_unpred/sve_intx_qrdmlah/sqrdmlsh_z_zzz_	sqrdmlsh	A64	32	aarchmrs+capstone	0x440b74c1,0x440c74e2,0x44117587,0x4415760b,0x440b74c0,0x440b74df,0x440b7401,0x440b77e1,0x440074c1,0x441f74c1,0x444b74c1,0x448b74c1,0x44cb74c1	"[{""access"":3,""addend"":0,""bit_start"":0,""bit_width"":5,""kind"":6,""multiplier"":1,""reg_class"":8,""second_start"":22,""second_width"":2,""size"":0,""special31"":0,""transform"":0},{""access"":1,""addend"":0,""bit_start"":5,""bit_width"":5,""kind"":6,""multiplier"":1,""reg_class"":8,""second_start"":22,""second_width"":2,""size"":0,""special31"":0,""transform"":0},{""access"":1,""addend"":0,""bit_start"":16,""bit_width"":5,""kind"":6,""multiplier"":1,""reg_class"":8,""second_start"":22,""second_width"":2,""size"":0,""special31"":0,""transform"":0}]"	sqrdmlsh	HasSVE2orSME
2656	A64/sve/sve_intx_muladd_unpred/sve_intx_mixed_dot/usdot_z_zzz_s	usdot	A64	32	aarchmrs+capstone	0x448b78c1,0x448c78e2,0x44917987,0x44957a0b,0x448b78c0,0x448b78df,0x448b7801,0x448b7be1,0x448078c1,0x449f78c1	"[{""access"":3,""addend"":2,""bit_start"":0,""bit_width"":5,""kind"":6,""multiplier"":0,""reg_class"":8,""second_start"":0,""second_width"":0,""size"":0,""special31"":0,""transform"":0},{""access"":1,""addend"":0,""bit_start"":5,""bit_width"":5,""kind"":6,""multiplier"":0,""reg_class"":8,""second_start"":0,""second_width"":0,""size"":0,""special31"":0,""transform"":0},{""access"":1,""addend"":0,""bit_start"":16,""bit_width"":5,""kind"":6,""multiplier"":0,""reg_class"":8,""second_start"":0,""second_width"":0,""size"":0,""special31"":0,""transform"":0}]"	usdot	HasMatMulInt8,HasSVEorSME
2657	A64/sve/sve_intx_predicated/sve_intx_bin_pred_shift_sat_round/srshl_z_p_zz_	srshl	A64	32	aarchmrs+capstone	0x44029961,0x44029d82,0x44029227,0x440282ab,0x44029960,0x4402997f,0x44028161,0x44029d61,0x44029801,0x44029be1,0x44429961,0x44829961,0x44c29961	"[{""access"":3,""addend"":0,""bit_start"":0,""bit_width"":5,""kind"":6,""multiplier"":1,""reg_class"":8,""second_start"":22,""second_width"":2,""size"":0,""special31"":0,""transform"":0},{""access"":1,""addend"":0,""bit_start"":10,""bit_width"":3,""kind"":7,""multiplier"":1,""reg_class"":9,""second_start"":22,""second_width"":2,""size"":0,""special31"":0,""transform"":1},{""access"":3,""addend"":0,""bit_start"":0,""bit_width"":5,""kind"":6,""multiplier"":1,""reg_class"":8,""second_start"":22,""second_width"":2,""size"":0,""special31"":0,""transform"":0},{""access"":1,""addend"":0,""bit_start"":5,""bit_width"":5,""kind"":6,""multiplier"":1,""reg_class"":8,""second_start"":22,""second_width"":2,""size"":0,""special31"":0,""transform"":0}]"	srshl	HasSVE2orSME
2658	A64/sve/sve_intx_predicated/sve_intx_bin_pred_shift_sat_round/srshlr_z_p_zz_	srshlr	A64	32	aarchmrs+capstone	0x44069961,0x44069d82,0x44069227,0x440682ab,0x44069960,0x4406997f,0x44068161,0x44069d61,0x44069801,0x44069be1,0x44469961,0x44869961,0x44c69961	"[{""access"":3,""addend"":0,""bit_start"":0,""bit_width"":5,""kind"":6,""multiplier"":1,""reg_class"":8,""second_start"":22,""second_width"":2,""size"":0,""special31"":0,""transform"":0},{""access"":1,""addend"":0,""bit_start"":10,""bit_width"":3,""kind"":7,""multiplier"":1,""reg_class"":9,""second_start"":22,""second_width"":2,""size"":0,""special31"":0,""transform"":1},{""access"":3,""addend"":0,""bit_start"":0,""bit_width"":5,""kind"":6,""multiplier"":1,""reg_class"":8,""second_start"":22,""second_width"":2,""size"":0,""special31"":0,""transform"":0},{""access"":1,""addend"":0,""bit_start"":5,""bit_width"":5,""kind"":6,""multiplier"":1,""reg_class"":8,""second_start"":22,""second_width"":2,""size"":0,""special31"":0,""transform"":0}]"	srshlr	HasSVE2orSME
2659	A64/sve/sve_intx_predicated/sve_intx_bin_pred_shift_sat_round/sqshl_z_p_zz_	sqshl	A64	32	aarchmrs+capstone	0x44089961,0x44089d82,0x44089227,0x440882ab,0x44089960,0x4408997f,0x44088161,0x44089d61,0x44089801,0x44089be1,0x44489961,0x44889961,0x44c89961	"[{""access"":3,""addend"":0,""bit_start"":0,""bit_width"":5,""kind"":6,""multiplier"":1,""reg_class"":8,""second_start"":22,""second_width"":2,""size"":0,""special31"":0,""transform"":0},{""access"":1,""addend"":0,""bit_start"":10,""bit_width"":3,""kind"":7,""multiplier"":1,""reg_class"":9,""second_start"":22,""second_width"":2,""size"":0,""special31"":0,""transform"":1},{""access"":3,""addend"":0,""bit_start"":0,""bit_width"":5,""kind"":6,""multiplier"":1,""reg_class"":8,""second_start"":22,""second_width"":2,""size"":0,""special31"":0,""transform"":0},{""access"":1,""addend"":0,""bit_start"":5,""bit_width"":5,""kind"":6,""multiplier"":1,""reg_class"":8,""second_start"":22,""second_width"":2,""size"":0,""special31"":0,""transform"":0}]"	sqshl	HasSVE2orSME
2660	A64/sve/sve_intx_predicated/sve_intx_bin_pred_shift_sat_round/sqrshl_z_p_zz_	sqrshl	A64	32	aarchmrs+capstone	0x440a9961,0x440a9d82,0x440a9227,0x440a82ab,0x440a9960,0x440a997f,0x440a8161,0x440a9d61,0x440a9801,0x440a9be1,0x444a9961,0x448a9961,0x44ca9961	"[{""access"":3,""addend"":0,""bit_start"":0,""bit_width"":5,""kind"":6,""multiplier"":1,""reg_class"":8,""second_start"":22,""second_width"":2,""size"":0,""special31"":0,""transform"":0},{""access"":1,""addend"":0,""bit_start"":10,""bit_width"":3,""kind"":7,""multiplier"":1,""reg_class"":9,""second_start"":22,""second_width"":2,""size"":0,""special31"":0,""transform"":1},{""access"":3,""addend"":0,""bit_start"":0,""bit_width"":5,""kind"":6,""multiplier"":1,""reg_class"":8,""second_start"":22,""second_width"":2,""size"":0,""special31"":0,""transform"":0},{""access"":1,""addend"":0,""bit_start"":5,""bit_width"":5,""kind"":6,""multiplier"":1,""reg_class"":8,""second_start"":22,""second_width"":2,""size"":0,""special31"":0,""transform"":0}]"	sqrshl	HasSVE2orSME
2661	A64/sve/sve_intx_predicated/sve_intx_bin_pred_shift_sat_round/sqshlr_z_p_zz_	sqshlr	A64	32	aarchmrs+capstone	0x440c9961,0x440c9d82,0x440c9227,0x440c82ab,0x440c9960,0x440c997f,0x440c8161,0x440c9d61,0x440c9801,0x440c9be1,0x444c9961,0x448c9961,0x44cc9961	"[{""access"":3,""addend"":0,""bit_start"":0,""bit_width"":5,""kind"":6,""multiplier"":1,""reg_class"":8,""second_start"":22,""second_width"":2,""size"":0,""special31"":0,""transform"":0},{""access"":1,""addend"":0,""bit_start"":10,""bit_width"":3,""kind"":7,""multiplier"":1,""reg_class"":9,""second_start"":22,""second_width"":2,""size"":0,""special31"":0,""transform"":1},{""access"":3,""addend"":0,""bit_start"":0,""bit_width"":5,""kind"":6,""multiplier"":1,""reg_class"":8,""second_start"":22,""second_width"":2,""size"":0,""special31"":0,""transform"":0},{""access"":1,""addend"":0,""bit_start"":5,""bit_width"":5,""kind"":6,""multiplier"":1,""reg_class"":8,""second_start"":22,""second_width"":2,""size"":0,""special31"":0,""transform"":0}]"	sqshlr	HasSVE2orSME
2662	A64/sve/sve_intx_predicated/sve_intx_bin_pred_shift_sat_round/sqrshlr_z_p_zz_	sqrshlr	A64	32	aarchmrs+capstone	0x440e9961,0x440e9d82,0x440e9227,0x440e82ab,0x440e9960,0x440e997f,0x440e8161,0x440e9d61,0x440e9801,0x440e9be1,0x444e9961,0x448e9961,0x44ce9961	"[{""access"":3,""addend"":0,""bit_start"":0,""bit_width"":5,""kind"":6,""multiplier"":1,""reg_class"":8,""second_start"":22,""second_width"":2,""size"":0,""special31"":0,""transform"":0},{""access"":1,""addend"":0,""bit_start"":10,""bit_width"":3,""kind"":7,""multiplier"":1,""reg_class"":9,""second_start"":22,""second_width"":2,""size"":0,""special31"":0,""transform"":1},{""access"":3,""addend"":0,""bit_start"":0,""bit_width"":5,""kind"":6,""multiplier"":1,""reg_class"":8,""second_start"":22,""second_width"":2,""size"":0,""special31"":0,""transform"":0},{""access"":1,""addend"":0,""bit_start"":5,""bit_width"":5,""kind"":6,""multiplier"":1,""reg_class"":8,""second_start"":22,""second_width"":2,""size"":0,""special31"":0,""transform"":0}]"	sqrshlr	HasSVE2orSME
2663	A64/sve/sve_intx_predicated/sve_intx_bin_pred_shift_sat_round/urshl_z_p_zz_	urshl	A64	32	aarchmrs+capstone	0x44039961,0x44039d82,0x44039227,0x440382ab,0x44039960,0x4403997f,0x44038161,0x44039d61,0x44039801,0x44039be1,0x44439961,0x44839961,0x44c39961	"[{""access"":3,""addend"":0,""bit_start"":0,""bit_width"":5,""kind"":6,""multiplier"":1,""reg_class"":8,""second_start"":22,""second_width"":2,""size"":0,""special31"":0,""transform"":0},{""access"":1,""addend"":0,""bit_start"":10,""bit_width"":3,""kind"":7,""multiplier"":1,""reg_class"":9,""second_start"":22,""second_width"":2,""size"":0,""special31"":0,""transform"":1},{""access"":3,""addend"":0,""bit_start"":0,""bit_width"":5,""kind"":6,""multiplier"":1,""reg_class"":8,""second_start"":22,""second_width"":2,""size"":0,""special31"":0,""transform"":0},{""access"":1,""addend"":0,""bit_start"":5,""bit_width"":5,""kind"":6,""multiplier"":1,""reg_class"":8,""second_start"":22,""second_width"":2,""size"":0,""special31"":0,""transform"":0}]"	urshl	HasSVE2orSME
2664	A64/sve/sve_intx_predicated/sve_intx_bin_pred_shift_sat_round/urshlr_z_p_zz_	urshlr	A64	32	aarchmrs+capstone	0x44079961,0x44079d82,0x44079227,0x440782ab,0x44079960,0x4407997f,0x44078161,0x44079d61,0x44079801,0x44079be1,0x44479961,0x44879961,0x44c79961	"[{""access"":3,""addend"":0,""bit_start"":0,""bit_width"":5,""kind"":6,""multiplier"":1,""reg_class"":8,""second_start"":22,""second_width"":2,""size"":0,""special31"":0,""transform"":0},{""access"":1,""addend"":0,""bit_start"":10,""bit_width"":3,""kind"":7,""multiplier"":1,""reg_class"":9,""second_start"":22,""second_width"":2,""size"":0,""special31"":0,""transform"":1},{""access"":3,""addend"":0,""bit_start"":0,""bit_width"":5,""kind"":6,""multiplier"":1,""reg_class"":8,""second_start"":22,""second_width"":2,""size"":0,""special31"":0,""transform"":0},{""access"":1,""addend"":0,""bit_start"":5,""bit_width"":5,""kind"":6,""multiplier"":1,""reg_class"":8,""second_start"":22,""second_width"":2,""size"":0,""special31"":0,""transform"":0}]"	urshlr	HasSVE2orSME
2665	A64/sve/sve_intx_predicated/sve_intx_bin_pred_shift_sat_round/uqshl_z_p_zz_	uqshl	A64	32	aarchmrs+capstone	0x44099961,0x44099d82,0x44099227,0x440982ab,0x44099960,0x4409997f,0x44098161,0x44099d61,0x44099801,0x44099be1,0x44499961,0x44899961,0x44c99961	"[{""access"":3,""addend"":0,""bit_start"":0,""bit_width"":5,""kind"":6,""multiplier"":1,""reg_class"":8,""second_start"":22,""second_width"":2,""size"":0,""special31"":0,""transform"":0},{""access"":1,""addend"":0,""bit_start"":10,""bit_width"":3,""kind"":7,""multiplier"":1,""reg_class"":9,""second_start"":22,""second_width"":2,""size"":0,""special31"":0,""transform"":1},{""access"":3,""addend"":0,""bit_start"":0,""bit_width"":5,""kind"":6,""multiplier"":1,""reg_class"":8,""second_start"":22,""second_width"":2,""size"":0,""special31"":0,""transform"":0},{""access"":1,""addend"":0,""bit_start"":5,""bit_width"":5,""kind"":6,""multiplier"":1,""reg_class"":8,""second_start"":22,""second_width"":2,""size"":0,""special31"":0,""transform"":0}]"	uqshl	HasSVE2orSME
2666	A64/sve/sve_intx_predicated/sve_intx_bin_pred_shift_sat_round/uqrshl_z_p_zz_	uqrshl	A64	32	aarchmrs+capstone	0x440b9961,0x440b9d82,0x440b9227,0x440b82ab,0x440b9960,0x440b997f,0x440b8161,0x440b9d61,0x440b9801,0x440b9be1,0x444b9961,0x448b9961,0x44cb9961	"[{""access"":3,""addend"":0,""bit_start"":0,""bit_width"":5,""kind"":6,""multiplier"":1,""reg_class"":8,""second_start"":22,""second_width"":2,""size"":0,""special31"":0,""transform"":0},{""access"":1,""addend"":0,""bit_start"":10,""bit_width"":3,""kind"":7,""multiplier"":1,""reg_class"":9,""second_start"":22,""second_width"":2,""size"":0,""special31"":0,""transform"":1},{""access"":3,""addend"":0,""bit_start"":0,""bit_width"":5,""kind"":6,""multiplier"":1,""reg_class"":8,""second_start"":22,""second_width"":2,""size"":0,""special31"":0,""transform"":0},{""access"":1,""addend"":0,""bit_start"":5,""bit_width"":5,""kind"":6,""multiplier"":1,""reg_class"":8,""second_start"":22,""second_width"":2,""size"":0,""special31"":0,""transform"":0}]"	uqrshl	HasSVE2orSME
2667	A64/sve/sve_intx_predicated/sve_intx_bin_pred_shift_sat_round/uqshlr_z_p_zz_	uqshlr	A64	32	aarchmrs+capstone	0x440d9961,0x440d9d82,0x440d9227,0x440d82ab,0x440d9960,0x440d997f,0x440d8161,0x440d9d61,0x440d9801,0x440d9be1,0x444d9961,0x448d9961,0x44cd9961	"[{""access"":3,""addend"":0,""bit_start"":0,""bit_width"":5,""kind"":6,""multiplier"":1,""reg_class"":8,""second_start"":22,""second_width"":2,""size"":0,""special31"":0,""transform"":0},{""access"":1,""addend"":0,""bit_start"":10,""bit_width"":3,""kind"":7,""multiplier"":1,""reg_class"":9,""second_start"":22,""second_width"":2,""size"":0,""special31"":0,""transform"":1},{""access"":3,""addend"":0,""bit_start"":0,""bit_width"":5,""kind"":6,""multiplier"":1,""reg_class"":8,""second_start"":22,""second_width"":2,""size"":0,""special31"":0,""transform"":0},{""access"":1,""addend"":0,""bit_start"":5,""bit_width"":5,""kind"":6,""multiplier"":1,""reg_class"":8,""second_start"":22,""second_width"":2,""size"":0,""special31"":0,""transform"":0}]"	uqshlr	HasSVE2orSME
2668	A64/sve/sve_intx_predicated/sve_intx_bin_pred_shift_sat_round/uqrshlr_z_p_zz_	uqrshlr	A64	32	aarchmrs+capstone	0x440f9961,0x440f9d82,0x440f9227,0x440f82ab,0x440f9960,0x440f997f,0x440f8161,0x440f9d61,0x440f9801,0x440f9be1,0x444f9961,0x448f9961,0x44cf9961	"[{""access"":3,""addend"":0,""bit_start"":0,""bit_width"":5,""kind"":6,""multiplier"":1,""reg_class"":8,""second_start"":22,""second_width"":2,""size"":0,""special31"":0,""transform"":0},{""access"":1,""addend"":0,""bit_start"":10,""bit_width"":3,""kind"":7,""multiplier"":1,""reg_class"":9,""second_start"":22,""second_width"":2,""size"":0,""special31"":0,""transform"":1},{""access"":3,""addend"":0,""bit_start"":0,""bit_width"":5,""kind"":6,""multiplier"":1,""reg_class"":8,""second_start"":22,""second_width"":2,""size"":0,""special31"":0,""transform"":0},{""access"":1,""addend"":0,""bit_start"":5,""bit_width"":5,""kind"":6,""multiplier"":1,""reg_class"":8,""second_start"":22,""second_width"":2,""size"":0,""special31"":0,""transform"":0}]"	uqrshlr	HasSVE2orSME
2673	A64/sve/sve_intx_predicated/sve_intx_pred_arith_unary/sqabs_z_p_z_m	sqabs	A64	32	aarchmrs+capstone	0x4408b961,0x4408bd82,0x4408b227,0x4408a2ab,0x4408b960,0x4408b97f,0x4408a161,0x4408bd61,0x4408b801,0x4408bbe1,0x4448b961,0x4488b961,0x44c8b961	"[{""access"":3,""addend"":0,""bit_start"":0,""bit_width"":5,""kind"":6,""multiplier"":1,""reg_class"":8,""second_start"":22,""second_width"":2,""size"":0,""special31"":0,""transform"":0},{""access"":1,""addend"":0,""bit_start"":10,""bit_width"":3,""kind"":7,""multiplier"":1,""reg_class"":9,""second_start"":22,""second_width"":2,""size"":0,""special31"":0,""transform"":1},{""access"":1,""addend"":0,""bit_start"":5,""bit_width"":5,""kind"":6,""multiplier"":1,""reg_class"":8,""second_start"":22,""second_width"":2,""size"":0,""special31"":0,""transform"":0}]"	sqabs	HasSVE2orSME
2675	A64/sve/sve_intx_predicated/sve_intx_pred_arith_unary/sqneg_z_p_z_m	sqneg	A64	32	aarchmrs+capstone	0x4409b961,0x4409bd82,0x4409b227,0x4409a2ab,0x4409b960,0x4409b97f,0x4409a161,0x4409bd61,0x4409b801,0x4409bbe1,0x4449b961,0x4489b961,0x44c9b961	"[{""access"":3,""addend"":0,""bit_start"":0,""bit_width"":5,""kind"":6,""multiplier"":1,""reg_class"":8,""second_start"":22,""second_width"":2,""size"":0,""special31"":0,""transform"":0},{""access"":1,""addend"":0,""bit_start"":10,""bit_width"":3,""kind"":7,""multiplier"":1,""reg_class"":9,""second_start"":22,""second_width"":2,""size"":0,""special31"":0,""transform"":1},{""access"":1,""addend"":0,""bit_start"":5,""bit_width"":5,""kind"":6,""multiplier"":1,""reg_class"":8,""second_start"":22,""second_width"":2,""size"":0,""special31"":0,""transform"":0}]"	sqneg	HasSVE2orSME
2679	A64/sve/sve_intx_predicated/sve_intx_pred_arith_binary/shadd_z_p_zz_	shadd	A64	32	aarchmrs+capstone	0x44109961,0x44109d82,0x44109227,0x441082ab,0x44109960,0x4410997f,0x44108161,0x44109d61,0x44109801,0x44109be1,0x44509961,0x44909961,0x44d09961	"[{""access"":3,""addend"":0,""bit_start"":0,""bit_width"":5,""kind"":6,""multiplier"":1,""reg_class"":8,""second_start"":22,""second_width"":2,""size"":0,""special31"":0,""transform"":0},{""access"":1,""addend"":0,""bit_start"":10,""bit_width"":3,""kind"":7,""multiplier"":1,""reg_class"":9,""second_start"":22,""second_width"":2,""size"":0,""special31"":0,""transform"":1},{""access"":3,""addend"":0,""bit_start"":0,""bit_width"":5,""kind"":6,""multiplier"":1,""reg_class"":8,""second_start"":22,""second_width"":2,""size"":0,""special31"":0,""transform"":0},{""access"":1,""addend"":0,""bit_start"":5,""bit_width"":5,""kind"":6,""multiplier"":1,""reg_class"":8,""second_start"":22,""second_width"":2,""size"":0,""special31"":0,""transform"":0}]"	shadd	HasSVE2orSME
2680	A64/sve/sve_intx_predicated/sve_intx_pred_arith_binary/shsub_z_p_zz_	shsub	A64	32	aarchmrs+capstone	0x44129961,0x44129d82,0x44129227,0x441282ab,0x44129960,0x4412997f,0x44128161,0x44129d61,0x44129801,0x44129be1,0x44529961,0x44929961,0x44d29961	"[{""access"":3,""addend"":0,""bit_start"":0,""bit_width"":5,""kind"":6,""multiplier"":1,""reg_class"":8,""second_start"":22,""second_width"":2,""size"":0,""special31"":0,""transform"":0},{""access"":1,""addend"":0,""bit_start"":10,""bit_width"":3,""kind"":7,""multiplier"":1,""reg_class"":9,""second_start"":22,""second_width"":2,""size"":0,""special31"":0,""transform"":1},{""access"":3,""addend"":0,""bit_start"":0,""bit_width"":5,""kind"":6,""multiplier"":1,""reg_class"":8,""second_start"":22,""second_width"":2,""size"":0,""special31"":0,""transform"":0},{""access"":1,""addend"":0,""bit_start"":5,""bit_width"":5,""kind"":6,""multiplier"":1,""reg_class"":8,""second_start"":22,""second_width"":2,""size"":0,""special31"":0,""transform"":0}]"	shsub	HasSVE2orSME
2681	A64/sve/sve_intx_predicated/sve_intx_pred_arith_binary/srhadd_z_p_zz_	srhadd	A64	32	aarchmrs+capstone	0x44149961,0x44149d82,0x44149227,0x441482ab,0x44149960,0x4414997f,0x44148161,0x44149d61,0x44149801,0x44149be1,0x44549961,0x44949961,0x44d49961	"[{""access"":3,""addend"":0,""bit_start"":0,""bit_width"":5,""kind"":6,""multiplier"":1,""reg_class"":8,""second_start"":22,""second_width"":2,""size"":0,""special31"":0,""transform"":0},{""access"":1,""addend"":0,""bit_start"":10,""bit_width"":3,""kind"":7,""multiplier"":1,""reg_class"":9,""second_start"":22,""second_width"":2,""size"":0,""special31"":0,""transform"":1},{""access"":3,""addend"":0,""bit_start"":0,""bit_width"":5,""kind"":6,""multiplier"":1,""reg_class"":8,""second_start"":22,""second_width"":2,""size"":0,""special31"":0,""transform"":0},{""access"":1,""addend"":0,""bit_start"":5,""bit_width"":5,""kind"":6,""multiplier"":1,""reg_class"":8,""second_start"":22,""second_width"":2,""size"":0,""special31"":0,""transform"":0}]"	srhadd	HasSVE2orSME
2682	A64/sve/sve_intx_predicated/sve_intx_pred_arith_binary/shsubr_z_p_zz_	shsubr	A64	32	aarchmrs+capstone	0x44169961,0x44169d82,0x44169227,0x441682ab,0x44169960,0x4416997f,0x44168161,0x44169d61,0x44169801,0x44169be1,0x44569961,0x44969961,0x44d69961	"[{""access"":3,""addend"":0,""bit_start"":0,""bit_width"":5,""kind"":6,""multiplier"":1,""reg_class"":8,""second_start"":22,""second_width"":2,""size"":0,""special31"":0,""transform"":0},{""access"":1,""addend"":0,""bit_start"":10,""bit_width"":3,""kind"":7,""multiplier"":1,""reg_class"":9,""second_start"":22,""second_width"":2,""size"":0,""special31"":0,""transform"":1},{""access"":3,""addend"":0,""bit_start"":0,""bit_width"":5,""kind"":6,""multiplier"":1,""reg_class"":8,""second_start"":22,""second_width"":2,""size"":0,""special31"":0,""transform"":0},{""access"":1,""addend"":0,""bit_start"":5,""bit_width"":5,""kind"":6,""multiplier"":1,""reg_class"":8,""second_start"":22,""second_width"":2,""size"":0,""special31"":0,""transform"":0}]"	shsubr	HasSVE2orSME
2683	A64/sve/sve_intx_predicated/sve_intx_pred_arith_binary/uhadd_z_p_zz_	uhadd	A64	32	aarchmrs+capstone	0x44119961,0x44119d82,0x44119227,0x441182ab,0x44119960,0x4411997f,0x44118161,0x44119d61,0x44119801,0x44119be1,0x44519961,0x44919961,0x44d19961	"[{""access"":3,""addend"":0,""bit_start"":0,""bit_width"":5,""kind"":6,""multiplier"":1,""reg_class"":8,""second_start"":22,""second_width"":2,""size"":0,""special31"":0,""transform"":0},{""access"":1,""addend"":0,""bit_start"":10,""bit_width"":3,""kind"":7,""multiplier"":1,""reg_class"":9,""second_start"":22,""second_width"":2,""size"":0,""special31"":0,""transform"":1},{""access"":3,""addend"":0,""bit_start"":0,""bit_width"":5,""kind"":6,""multiplier"":1,""reg_class"":8,""second_start"":22,""second_width"":2,""size"":0,""special31"":0,""transform"":0},{""access"":1,""addend"":0,""bit_start"":5,""bit_width"":5,""kind"":6,""multiplier"":1,""reg_class"":8,""second_start"":22,""second_width"":2,""size"":0,""special31"":0,""transform"":0}]"	uhadd	HasSVE2orSME
2684	A64/sve/sve_intx_predicated/sve_intx_pred_arith_binary/uhsub_z_p_zz_	uhsub	A64	32	aarchmrs+capstone	0x44139961,0x44139d82,0x44139227,0x441382ab,0x44139960,0x4413997f,0x44138161,0x44139d61,0x44139801,0x44139be1,0x44539961,0x44939961,0x44d39961	"[{""access"":3,""addend"":0,""bit_start"":0,""bit_width"":5,""kind"":6,""multiplier"":1,""reg_class"":8,""second_start"":22,""second_width"":2,""size"":0,""special31"":0,""transform"":0},{""access"":1,""addend"":0,""bit_start"":10,""bit_width"":3,""kind"":7,""multiplier"":1,""reg_class"":9,""second_start"":22,""second_width"":2,""size"":0,""special31"":0,""transform"":1},{""access"":3,""addend"":0,""bit_start"":0,""bit_width"":5,""kind"":6,""multiplier"":1,""reg_class"":8,""second_start"":22,""second_width"":2,""size"":0,""special31"":0,""transform"":0},{""access"":1,""addend"":0,""bit_start"":5,""bit_width"":5,""kind"":6,""multiplier"":1,""reg_class"":8,""second_start"":22,""second_width"":2,""size"":0,""special31"":0,""transform"":0}]"	uhsub	HasSVE2orSME
2685	A64/sve/sve_intx_predicated/sve_intx_pred_arith_binary/urhadd_z_p_zz_	urhadd	A64	32	aarchmrs+capstone	0x44159961,0x44159d82,0x44159227,0x441582ab,0x44159960,0x4415997f,0x44158161,0x44159d61,0x44159801,0x44159be1,0x44559961,0x44959961,0x44d59961	"[{""access"":3,""addend"":0,""bit_start"":0,""bit_width"":5,""kind"":6,""multiplier"":1,""reg_class"":8,""second_start"":22,""second_width"":2,""size"":0,""special31"":0,""transform"":0},{""access"":1,""addend"":0,""bit_start"":10,""bit_width"":3,""kind"":7,""multiplier"":1,""reg_class"":9,""second_start"":22,""second_width"":2,""size"":0,""special31"":0,""transform"":1},{""access"":3,""addend"":0,""bit_start"":0,""bit_width"":5,""kind"":6,""multiplier"":1,""reg_class"":8,""second_start"":22,""second_width"":2,""size"":0,""special31"":0,""transform"":0},{""access"":1,""addend"":0,""bit_start"":5,""bit_width"":5,""kind"":6,""multiplier"":1,""reg_class"":8,""second_start"":22,""second_width"":2,""size"":0,""special31"":0,""transform"":0}]"	urhadd	HasSVE2orSME
2686	A64/sve/sve_intx_predicated/sve_intx_pred_arith_binary/uhsubr_z_p_zz_	uhsubr	A64	32	aarchmrs+capstone	0x44179961,0x44179d82,0x44179227,0x441782ab,0x44179960,0x4417997f,0x44178161,0x44179d61,0x44179801,0x44179be1,0x44579961,0x44979961,0x44d79961	"[{""access"":3,""addend"":0,""bit_start"":0,""bit_width"":5,""kind"":6,""multiplier"":1,""reg_class"":8,""second_start"":22,""second_width"":2,""size"":0,""special31"":0,""transform"":0},{""access"":1,""addend"":0,""bit_start"":10,""bit_width"":3,""kind"":7,""multiplier"":1,""reg_class"":9,""second_start"":22,""second_width"":2,""size"":0,""special31"":0,""transform"":1},{""access"":3,""addend"":0,""bit_start"":0,""bit_width"":5,""kind"":6,""multiplier"":1,""reg_class"":8,""second_start"":22,""second_width"":2,""size"":0,""special31"":0,""transform"":0},{""access"":1,""addend"":0,""bit_start"":5,""bit_width"":5,""kind"":6,""multiplier"":1,""reg_class"":8,""second_start"":22,""second_width"":2,""size"":0,""special31"":0,""transform"":0}]"	uhsubr	HasSVE2orSME
2688	A64/sve/sve_intx_predicated/sve_intx_arith_binary_pairs/addp_z_p_zz_	addp	A64	32	aarchmrs+capstone	0x4411b961,0x4411bd82,0x4411b227,0x4411a2ab,0x4411b960,0x4411b97f,0x4411a161,0x4411bd61,0x4411b801,0x4411bbe1,0x4451b961,0x4491b961,0x44d1b961	"[{""access"":3,""addend"":0,""bit_start"":0,""bit_width"":5,""kind"":6,""multiplier"":1,""reg_class"":8,""second_start"":22,""second_width"":2,""size"":0,""special31"":0,""transform"":0},{""access"":1,""addend"":0,""bit_start"":10,""bit_width"":3,""kind"":7,""multiplier"":1,""reg_class"":9,""second_start"":22,""second_width"":2,""size"":0,""special31"":0,""transform"":1},{""access"":3,""addend"":0,""bit_start"":0,""bit_width"":5,""kind"":6,""multiplier"":1,""reg_class"":8,""second_start"":22,""second_width"":2,""size"":0,""special31"":0,""transform"":0},{""access"":1,""addend"":0,""bit_start"":5,""bit_width"":5,""kind"":6,""multiplier"":1,""reg_class"":8,""second_start"":22,""second_width"":2,""size"":0,""special31"":0,""transform"":0}]"	addp	HasSVE2orSME
2689	A64/sve/sve_intx_predicated/sve_intx_arith_binary_pairs/smaxp_z_p_zz_	smaxp	A64	32	aarchmrs+capstone	0x4414b961,0x4414bd82,0x4414b227,0x4414a2ab,0x4414b960,0x4414b97f,0x4414a161,0x4414bd61,0x4414b801,0x4414bbe1,0x4454b961,0x4494b961,0x44d4b961	"[{""access"":3,""addend"":0,""bit_start"":0,""bit_width"":5,""kind"":6,""multiplier"":1,""reg_class"":8,""second_start"":22,""second_width"":2,""size"":0,""special31"":0,""transform"":0},{""access"":1,""addend"":0,""bit_start"":10,""bit_width"":3,""kind"":7,""multiplier"":1,""reg_class"":9,""second_start"":22,""second_width"":2,""size"":0,""special31"":0,""transform"":1},{""access"":3,""addend"":0,""bit_start"":0,""bit_width"":5,""kind"":6,""multiplier"":1,""reg_class"":8,""second_start"":22,""second_width"":2,""size"":0,""special31"":0,""transform"":0},{""access"":1,""addend"":0,""bit_start"":5,""bit_width"":5,""kind"":6,""multiplier"":1,""reg_class"":8,""second_start"":22,""second_width"":2,""size"":0,""special31"":0,""transform"":0}]"	smaxp	HasSVE2orSME
2690	A64/sve/sve_intx_predicated/sve_intx_arith_binary_pairs/sminp_z_p_zz_	sminp	A64	32	aarchmrs+capstone	0x4416b961,0x4416bd82,0x4416b227,0x4416a2ab,0x4416b960,0x4416b97f,0x4416a161,0x4416bd61,0x4416b801,0x4416bbe1,0x4456b961,0x4496b961,0x44d6b961	"[{""access"":3,""addend"":0,""bit_start"":0,""bit_width"":5,""kind"":6,""multiplier"":1,""reg_class"":8,""second_start"":22,""second_width"":2,""size"":0,""special31"":0,""transform"":0},{""access"":1,""addend"":0,""bit_start"":10,""bit_width"":3,""kind"":7,""multiplier"":1,""reg_class"":9,""second_start"":22,""second_width"":2,""size"":0,""special31"":0,""transform"":1},{""access"":3,""addend"":0,""bit_start"":0,""bit_width"":5,""kind"":6,""multiplier"":1,""reg_class"":8,""second_start"":22,""second_width"":2,""size"":0,""special31"":0,""transform"":0},{""access"":1,""addend"":0,""bit_start"":5,""bit_width"":5,""kind"":6,""multiplier"":1,""reg_class"":8,""second_start"":22,""second_width"":2,""size"":0,""special31"":0,""transform"":0}]"	sminp	HasSVE2orSME
2691	A64/sve/sve_intx_predicated/sve_intx_arith_binary_pairs/umaxp_z_p_zz_	umaxp	A64	32	aarchmrs+capstone	0x4415b961,0x4415bd82,0x4415b227,0x4415a2ab,0x4415b960,0x4415b97f,0x4415a161,0x4415bd61,0x4415b801,0x4415bbe1,0x4455b961,0x4495b961,0x44d5b961	"[{""access"":3,""addend"":0,""bit_start"":0,""bit_width"":5,""kind"":6,""multiplier"":1,""reg_class"":8,""second_start"":22,""second_width"":2,""size"":0,""special31"":0,""transform"":0},{""access"":1,""addend"":0,""bit_start"":10,""bit_width"":3,""kind"":7,""multiplier"":1,""reg_class"":9,""second_start"":22,""second_width"":2,""size"":0,""special31"":0,""transform"":1},{""access"":3,""addend"":0,""bit_start"":0,""bit_width"":5,""kind"":6,""multiplier"":1,""reg_class"":8,""second_start"":22,""second_width"":2,""size"":0,""special31"":0,""transform"":0},{""access"":1,""addend"":0,""bit_start"":5,""bit_width"":5,""kind"":6,""multiplier"":1,""reg_class"":8,""second_start"":22,""second_width"":2,""size"":0,""special31"":0,""transform"":0}]"	umaxp	HasSVE2orSME
2692	A64/sve/sve_intx_predicated/sve_intx_arith_binary_pairs/uminp_z_p_zz_	uminp	A64	32	aarchmrs+capstone	0x4417b961,0x4417bd82,0x4417b227,0x4417a2ab,0x4417b960,0x4417b97f,0x4417a161,0x4417bd61,0x4417b801,0x4417bbe1,0x4457b961,0x4497b961,0x44d7b961	"[{""access"":3,""addend"":0,""bit_start"":0,""bit_width"":5,""kind"":6,""multiplier"":1,""reg_class"":8,""second_start"":22,""second_width"":2,""size"":0,""special31"":0,""transform"":0},{""access"":1,""addend"":0,""bit_start"":10,""bit_width"":3,""kind"":7,""multiplier"":1,""reg_class"":9,""second_start"":22,""second_width"":2,""size"":0,""special31"":0,""transform"":1},{""access"":3,""addend"":0,""bit_start"":0,""bit_width"":5,""kind"":6,""multiplier"":1,""reg_class"":8,""second_start"":22,""second_width"":2,""size"":0,""special31"":0,""transform"":0},{""access"":1,""addend"":0,""bit_start"":5,""bit_width"":5,""kind"":6,""multiplier"":1,""reg_class"":8,""second_start"":22,""second_width"":2,""size"":0,""special31"":0,""transform"":0}]"	uminp	HasSVE2orSME
2693	A64/sve/sve_intx_predicated/sve_intx_pred_arith_binary_sat/sqadd_z_p_zz_	sqadd	A64	32	aarchmrs+capstone	0x44189961,0x44189d82,0x44189227,0x441882ab,0x44189960,0x4418997f,0x44188161,0x44189d61,0x44189801,0x44189be1,0x44589961,0x44989961,0x44d89961	"[{""access"":3,""addend"":0,""bit_start"":0,""bit_width"":5,""kind"":6,""multiplier"":1,""reg_class"":8,""second_start"":22,""second_width"":2,""size"":0,""special31"":0,""transform"":0},{""access"":1,""addend"":0,""bit_start"":10,""bit_width"":3,""kind"":7,""multiplier"":1,""reg_class"":9,""second_start"":22,""second_width"":2,""size"":0,""special31"":0,""transform"":1},{""access"":3,""addend"":0,""bit_start"":0,""bit_width"":5,""kind"":6,""multiplier"":1,""reg_class"":8,""second_start"":22,""second_width"":2,""size"":0,""special31"":0,""transform"":0},{""access"":1,""addend"":0,""bit_start"":5,""bit_width"":5,""kind"":6,""multiplier"":1,""reg_class"":8,""second_start"":22,""second_width"":2,""size"":0,""special31"":0,""transform"":0}]"	sqadd	HasSVE2orSME
2694	A64/sve/sve_intx_predicated/sve_intx_pred_arith_binary_sat/sqsub_z_p_zz_	sqsub	A64	32	aarchmrs+capstone	0x441a9961,0x441a9d82,0x441a9227,0x441a82ab,0x441a9960,0x441a997f,0x441a8161,0x441a9d61,0x441a9801,0x441a9be1,0x445a9961,0x449a9961,0x44da9961	"[{""access"":3,""addend"":0,""bit_start"":0,""bit_width"":5,""kind"":6,""multiplier"":1,""reg_class"":8,""second_start"":22,""second_width"":2,""size"":0,""special31"":0,""transform"":0},{""access"":1,""addend"":0,""bit_start"":10,""bit_width"":3,""kind"":7,""multiplier"":1,""reg_class"":9,""second_start"":22,""second_width"":2,""size"":0,""special31"":0,""transform"":1},{""access"":3,""addend"":0,""bit_start"":0,""bit_width"":5,""kind"":6,""multiplier"":1,""reg_class"":8,""second_start"":22,""second_width"":2,""size"":0,""special31"":0,""transform"":0},{""access"":1,""addend"":0,""bit_start"":5,""bit_width"":5,""kind"":6,""multiplier"":1,""reg_class"":8,""second_start"":22,""second_width"":2,""size"":0,""special31"":0,""transform"":0}]"	sqsub	HasSVE2orSME
2695	A64/sve/sve_intx_predicated/sve_intx_pred_arith_binary_sat/suqadd_z_p_zz_	suqadd	A64	32	aarchmrs+capstone	0x441c9961,0x441c9d82,0x441c9227,0x441c82ab,0x441c9960,0x441c997f,0x441c8161,0x441c9d61,0x441c9801,0x441c9be1,0x445c9961,0x449c9961,0x44dc9961	"[{""access"":3,""addend"":0,""bit_start"":0,""bit_width"":5,""kind"":6,""multiplier"":1,""reg_class"":8,""second_start"":22,""second_width"":2,""size"":0,""special31"":0,""transform"":0},{""access"":1,""addend"":0,""bit_start"":10,""bit_width"":3,""kind"":7,""multiplier"":1,""reg_class"":9,""second_start"":22,""second_width"":2,""size"":0,""special31"":0,""transform"":1},{""access"":3,""addend"":0,""bit_start"":0,""bit_width"":5,""kind"":6,""multiplier"":1,""reg_class"":8,""second_start"":22,""second_width"":2,""size"":0,""special31"":0,""transform"":0},{""access"":1,""addend"":0,""bit_start"":5,""bit_width"":5,""kind"":6,""multiplier"":1,""reg_class"":8,""second_start"":22,""second_width"":2,""size"":0,""special31"":0,""transform"":0}]"	suqadd	HasSVE2orSME
2696	A64/sve/sve_intx_predicated/sve_intx_pred_arith_binary_sat/usqadd_z_p_zz_	usqadd	A64	32	aarchmrs+capstone	0x441d9961,0x441d9d82,0x441d9227,0x441d82ab,0x441d9960,0x441d997f,0x441d8161,0x441d9d61,0x441d9801,0x441d9be1,0x445d9961,0x449d9961,0x44dd9961	"[{""access"":3,""addend"":0,""bit_start"":0,""bit_width"":5,""kind"":6,""multiplier"":1,""reg_class"":8,""second_start"":22,""second_width"":2,""size"":0,""special31"":0,""transform"":0},{""access"":1,""addend"":0,""bit_start"":10,""bit_width"":3,""kind"":7,""multiplier"":1,""reg_class"":9,""second_start"":22,""second_width"":2,""size"":0,""special31"":0,""transform"":1},{""access"":3,""addend"":0,""bit_start"":0,""bit_width"":5,""kind"":6,""multiplier"":1,""reg_class"":8,""second_start"":22,""second_width"":2,""size"":0,""special31"":0,""transform"":0},{""access"":1,""addend"":0,""bit_start"":5,""bit_width"":5,""kind"":6,""multiplier"":1,""reg_class"":8,""second_start"":22,""second_width"":2,""size"":0,""special31"":0,""transform"":0}]"	usqadd	HasSVE2orSME
2697	A64/sve/sve_intx_predicated/sve_intx_pred_arith_binary_sat/sqsubr_z_p_zz_	sqsubr	A64	32	aarchmrs+capstone	0x441e9961,0x441e9d82,0x441e9227,0x441e82ab,0x441e9960,0x441e997f,0x441e8161,0x441e9d61,0x441e9801,0x441e9be1,0x445e9961,0x449e9961,0x44de9961	"[{""access"":3,""addend"":0,""bit_start"":0,""bit_width"":5,""kind"":6,""multiplier"":1,""reg_class"":8,""second_start"":22,""second_width"":2,""size"":0,""special31"":0,""transform"":0},{""access"":1,""addend"":0,""bit_start"":10,""bit_width"":3,""kind"":7,""multiplier"":1,""reg_class"":9,""second_start"":22,""second_width"":2,""size"":0,""special31"":0,""transform"":1},{""access"":3,""addend"":0,""bit_start"":0,""bit_width"":5,""kind"":6,""multiplier"":1,""reg_class"":8,""second_start"":22,""second_width"":2,""size"":0,""special31"":0,""transform"":0},{""access"":1,""addend"":0,""bit_start"":5,""bit_width"":5,""kind"":6,""multiplier"":1,""reg_class"":8,""second_start"":22,""second_width"":2,""size"":0,""special31"":0,""transform"":0}]"	sqsubr	HasSVE2orSME
2698	A64/sve/sve_intx_predicated/sve_intx_pred_arith_binary_sat/uqadd_z_p_zz_	uqadd	A64	32	aarchmrs+capstone	0x44199961,0x44199d82,0x44199227,0x441982ab,0x44199960,0x4419997f,0x44198161,0x44199d61,0x44199801,0x44199be1,0x44599961,0x44999961,0x44d99961	"[{""access"":3,""addend"":0,""bit_start"":0,""bit_width"":5,""kind"":6,""multiplier"":1,""reg_class"":8,""second_start"":22,""second_width"":2,""size"":0,""special31"":0,""transform"":0},{""access"":1,""addend"":0,""bit_start"":10,""bit_width"":3,""kind"":7,""multiplier"":1,""reg_class"":9,""second_start"":22,""second_width"":2,""size"":0,""special31"":0,""transform"":1},{""access"":3,""addend"":0,""bit_start"":0,""bit_width"":5,""kind"":6,""multiplier"":1,""reg_class"":8,""second_start"":22,""second_width"":2,""size"":0,""special31"":0,""transform"":0},{""access"":1,""addend"":0,""bit_start"":5,""bit_width"":5,""kind"":6,""multiplier"":1,""reg_class"":8,""second_start"":22,""second_width"":2,""size"":0,""special31"":0,""transform"":0}]"	uqadd	HasSVE2orSME
2699	A64/sve/sve_intx_predicated/sve_intx_pred_arith_binary_sat/uqsub_z_p_zz_	uqsub	A64	32	aarchmrs+capstone	0x441b9961,0x441b9d82,0x441b9227,0x441b82ab,0x441b9960,0x441b997f,0x441b8161,0x441b9d61,0x441b9801,0x441b9be1,0x445b9961,0x449b9961,0x44db9961	"[{""access"":3,""addend"":0,""bit_start"":0,""bit_width"":5,""kind"":6,""multiplier"":1,""reg_class"":8,""second_start"":22,""second_width"":2,""size"":0,""special31"":0,""transform"":0},{""access"":1,""addend"":0,""bit_start"":10,""bit_width"":3,""kind"":7,""multiplier"":1,""reg_class"":9,""second_start"":22,""second_width"":2,""size"":0,""special31"":0,""transform"":1},{""access"":3,""addend"":0,""bit_start"":0,""bit_width"":5,""kind"":6,""multiplier"":1,""reg_class"":8,""second_start"":22,""second_width"":2,""size"":0,""special31"":0,""transform"":0},{""access"":1,""addend"":0,""bit_start"":5,""bit_width"":5,""kind"":6,""multiplier"":1,""reg_class"":8,""second_start"":22,""second_width"":2,""size"":0,""special31"":0,""transform"":0}]"	uqsub	HasSVE2orSME
2700	A64/sve/sve_intx_predicated/sve_intx_pred_arith_binary_sat/uqsubr_z_p_zz_	uqsubr	A64	32	aarchmrs+capstone	0x441f9961,0x441f9d82,0x441f9227,0x441f82ab,0x441f9960,0x441f997f,0x441f8161,0x441f9d61,0x441f9801,0x441f9be1,0x445f9961,0x449f9961,0x44df9961	"[{""access"":3,""addend"":0,""bit_start"":0,""bit_width"":5,""kind"":6,""multiplier"":1,""reg_class"":8,""second_start"":22,""second_width"":2,""size"":0,""special31"":0,""transform"":0},{""access"":1,""addend"":0,""bit_start"":10,""bit_width"":3,""kind"":7,""multiplier"":1,""reg_class"":9,""second_start"":22,""second_width"":2,""size"":0,""special31"":0,""transform"":1},{""access"":3,""addend"":0,""bit_start"":0,""bit_width"":5,""kind"":6,""multiplier"":1,""reg_class"":8,""second_start"":22,""second_width"":2,""size"":0,""special31"":0,""transform"":0},{""access"":1,""addend"":0,""bit_start"":5,""bit_width"":5,""kind"":6,""multiplier"":1,""reg_class"":8,""second_start"":22,""second_width"":2,""size"":0,""special31"":0,""transform"":0}]"	uqsubr	HasSVE2orSME
2701	A64/sve/sve_intx_clamp/sve_intx_clamp/sclamp_z_zz_	sclamp	A64	32	aarchmrs+capstone	0x440bc0c1,0x440cc0e2,0x4411c187,0x4415c20b,0x440bc0c0,0x440bc0df,0x440bc001,0x440bc3e1,0x4400c0c1,0x441fc0c1,0x444bc0c1,0x448bc0c1,0x44cbc0c1	"[{""access"":3,""addend"":0,""bit_start"":0,""bit_width"":5,""kind"":6,""multiplier"":1,""reg_class"":8,""second_start"":22,""second_width"":2,""size"":0,""special31"":0,""transform"":0},{""access"":1,""addend"":0,""bit_start"":5,""bit_width"":5,""kind"":6,""multiplier"":1,""reg_class"":8,""second_start"":22,""second_width"":2,""size"":0,""special31"":0,""transform"":0},{""access"":1,""addend"":0,""bit_start"":16,""bit_width"":5,""kind"":6,""multiplier"":1,""reg_class"":8,""second_start"":22,""second_width"":2,""size"":0,""special31"":0,""transform"":0}]"	sclamp	HasSVE2p1_or_HasSME
2702	A64/sve/sve_intx_clamp/sve_intx_clamp/uclamp_z_zz_	uclamp	A64	32	aarchmrs+capstone	0x440bc4c1,0x440cc4e2,0x4411c587,0x4415c60b,0x440bc4c0,0x440bc4df,0x440bc401,0x440bc7e1,0x4400c4c1,0x441fc4c1,0x444bc4c1,0x448bc4c1,0x44cbc4c1	"[{""access"":3,""addend"":0,""bit_start"":0,""bit_width"":5,""kind"":6,""multiplier"":1,""reg_class"":8,""second_start"":22,""second_width"":2,""size"":0,""special31"":0,""transform"":0},{""access"":1,""addend"":0,""bit_start"":5,""bit_width"":5,""kind"":6,""multiplier"":1,""reg_class"":8,""second_start"":22,""second_width"":2,""size"":0,""special31"":0,""transform"":0},{""access"":1,""addend"":0,""bit_start"":16,""bit_width"":5,""kind"":6,""multiplier"":1,""reg_class"":8,""second_start"":22,""second_width"":2,""size"":0,""special31"":0,""transform"":0}]"	uclamp	HasSVE2p1_or_HasSME
2703	A64/sve/sve_intx_dot2/sve_intx_dot2/sdot_z32_zzz_	sdot	A64	32	aarchmrs+capstone	0x440bc8c1,0x440cc8e2,0x4411c987,0x4415ca0b,0x440bc8c0,0x440bc8df,0x440bc801,0x440bcbe1,0x4400c8c1,0x441fc8c1	"[{""access"":3,""addend"":2,""bit_start"":0,""bit_width"":5,""kind"":6,""multiplier"":0,""reg_class"":8,""second_start"":0,""second_width"":0,""size"":0,""special31"":0,""transform"":0},{""access"":1,""addend"":1,""bit_start"":5,""bit_width"":5,""kind"":6,""multiplier"":0,""reg_class"":8,""second_start"":0,""second_width"":0,""size"":0,""special31"":0,""transform"":0},{""access"":1,""addend"":1,""bit_start"":16,""bit_width"":5,""kind"":6,""multiplier"":0,""reg_class"":8,""second_start"":0,""second_width"":0,""size"":0,""special31"":0,""transform"":0}]"	sdot	HasSVE2p1_or_HasSME2
2704	A64/sve/sve_intx_dot2/sve_intx_dot2/udot_z32_zzz_	udot	A64	32	aarchmrs+capstone	0x440bccc1,0x440ccce2,0x4411cd87,0x4415ce0b,0x440bccc0,0x440bccdf,0x440bcc01,0x440bcfe1,0x4400ccc1,0x441fccc1	"[{""access"":3,""addend"":2,""bit_start"":0,""bit_width"":5,""kind"":6,""multiplier"":0,""reg_class"":8,""second_start"":0,""second_width"":0,""size"":0,""special31"":0,""transform"":0},{""access"":1,""addend"":1,""bit_start"":5,""bit_width"":5,""kind"":6,""multiplier"":0,""reg_class"":8,""second_start"":0,""second_width"":0,""size"":0,""special31"":0,""transform"":0},{""access"":1,""addend"":1,""bit_start"":16,""bit_width"":5,""kind"":6,""multiplier"":0,""reg_class"":8,""second_start"":0,""second_width"":0,""size"":0,""special31"":0,""transform"":0}]"	udot	HasSVE2p1_or_HasSME2
2711	A64/sve/sve_perm_quads_b/sve_int_perm_binquads/zipq1_z_zz_	zipq1	A64	32	aarchmrs+capstone	0x440be0c1,0x440ce0e2,0x4411e187,0x4415e20b,0x440be0c0,0x440be0df,0x440be001,0x440be3e1,0x4400e0c1,0x441fe0c1,0x444be0c1,0x448be0c1,0x44cbe0c1	"[{""access"":2,""addend"":0,""bit_start"":0,""bit_width"":5,""kind"":6,""multiplier"":1,""reg_class"":8,""second_start"":22,""second_width"":2,""size"":0,""special31"":0,""transform"":0},{""access"":1,""addend"":0,""bit_start"":5,""bit_width"":5,""kind"":6,""multiplier"":1,""reg_class"":8,""second_start"":22,""second_width"":2,""size"":0,""special31"":0,""transform"":0},{""access"":1,""addend"":0,""bit_start"":16,""bit_width"":5,""kind"":6,""multiplier"":1,""reg_class"":8,""second_start"":22,""second_width"":2,""size"":0,""special31"":0,""transform"":0}]"	zipq1	HasSVE2p1_or_HasSME2p1
2712	A64/sve/sve_perm_quads_b/sve_int_perm_binquads/uzpq1_z_zz_	uzpq1	A64	32	aarchmrs+capstone	0x440be8c1,0x440ce8e2,0x4411e987,0x4415ea0b,0x440be8c0,0x440be8df,0x440be801,0x440bebe1,0x4400e8c1,0x441fe8c1,0x444be8c1,0x448be8c1,0x44cbe8c1	"[{""access"":2,""addend"":0,""bit_start"":0,""bit_width"":5,""kind"":6,""multiplier"":1,""reg_class"":8,""second_start"":22,""second_width"":2,""size"":0,""special31"":0,""transform"":0},{""access"":1,""addend"":0,""bit_start"":5,""bit_width"":5,""kind"":6,""multiplier"":1,""reg_class"":8,""second_start"":22,""second_width"":2,""size"":0,""special31"":0,""transform"":0},{""access"":1,""addend"":0,""bit_start"":16,""bit_width"":5,""kind"":6,""multiplier"":1,""reg_class"":8,""second_start"":22,""second_width"":2,""size"":0,""special31"":0,""transform"":0}]"	uzpq1	HasSVE2p1_or_HasSME2p1
2714	A64/sve/sve_perm_quads_b/sve_int_perm_binquads/zipq2_z_zz_	zipq2	A64	32	aarchmrs+capstone	0x440be4c1,0x440ce4e2,0x4411e587,0x4415e60b,0x440be4c0,0x440be4df,0x440be401,0x440be7e1,0x4400e4c1,0x441fe4c1,0x444be4c1,0x448be4c1,0x44cbe4c1	"[{""access"":2,""addend"":0,""bit_start"":0,""bit_width"":5,""kind"":6,""multiplier"":1,""reg_class"":8,""second_start"":22,""second_width"":2,""size"":0,""special31"":0,""transform"":0},{""access"":1,""addend"":0,""bit_start"":5,""bit_width"":5,""kind"":6,""multiplier"":1,""reg_class"":8,""second_start"":22,""second_width"":2,""size"":0,""special31"":0,""transform"":0},{""access"":1,""addend"":0,""bit_start"":16,""bit_width"":5,""kind"":6,""multiplier"":1,""reg_class"":8,""second_start"":22,""second_width"":2,""size"":0,""special31"":0,""transform"":0}]"	zipq2	HasSVE2p1_or_HasSME2p1
2715	A64/sve/sve_perm_quads_b/sve_int_perm_binquads/uzpq2_z_zz_	uzpq2	A64	32	aarchmrs+capstone	0x440becc1,0x440cece2,0x4411ed87,0x4415ee0b,0x440becc0,0x440becdf,0x440bec01,0x440befe1,0x4400ecc1,0x441fecc1,0x444becc1,0x448becc1,0x44cbecc1	"[{""access"":2,""addend"":0,""bit_start"":0,""bit_width"":5,""kind"":6,""multiplier"":1,""reg_class"":8,""second_start"":22,""second_width"":2,""size"":0,""special31"":0,""transform"":0},{""access"":1,""addend"":0,""bit_start"":5,""bit_width"":5,""kind"":6,""multiplier"":1,""reg_class"":8,""second_start"":22,""second_width"":2,""size"":0,""special31"":0,""transform"":0},{""access"":1,""addend"":0,""bit_start"":16,""bit_width"":5,""kind"":6,""multiplier"":1,""reg_class"":8,""second_start"":22,""second_width"":2,""size"":0,""special31"":0,""transform"":0}]"	uzpq2	HasSVE2p1_or_HasSME2p1
2820	A64/sve/sve_intx_constructive/sve_intx_eorx/eorbt_z_zz_	eorbt	A64	32	aarchmrs+capstone	0x450b90c1,0x450c90e2,0x45119187,0x4515920b,0x450b90c0,0x450b90df,0x450b9001,0x450b93e1,0x450090c1,0x451f90c1,0x454b90c1,0x458b90c1,0x45cb90c1	"[{""access"":3,""addend"":0,""bit_start"":0,""bit_width"":5,""kind"":6,""multiplier"":1,""reg_class"":8,""second_start"":22,""second_width"":2,""size"":0,""special31"":0,""transform"":0},{""access"":1,""addend"":0,""bit_start"":5,""bit_width"":5,""kind"":6,""multiplier"":1,""reg_class"":8,""second_start"":22,""second_width"":2,""size"":0,""special31"":0,""transform"":0},{""access"":1,""addend"":0,""bit_start"":16,""bit_width"":5,""kind"":6,""multiplier"":1,""reg_class"":8,""second_start"":22,""second_width"":2,""size"":0,""special31"":0,""transform"":0}]"	eorbt	HasSVE2orSME
2821	A64/sve/sve_intx_constructive/sve_intx_eorx/eortb_z_zz_	eortb	A64	32	aarchmrs+capstone	0x450b94c1,0x450c94e2,0x45119587,0x4515960b,0x450b94c0,0x450b94df,0x450b9401,0x450b97e1,0x450094c1,0x451f94c1,0x454b94c1,0x458b94c1,0x45cb94c1	"[{""access"":3,""addend"":0,""bit_start"":0,""bit_width"":5,""kind"":6,""multiplier"":1,""reg_class"":8,""second_start"":22,""second_width"":2,""size"":0,""special31"":0,""transform"":0},{""access"":1,""addend"":0,""bit_start"":5,""bit_width"":5,""kind"":6,""multiplier"":1,""reg_class"":8,""second_start"":22,""second_width"":2,""size"":0,""special31"":0,""transform"":0},{""access"":1,""addend"":0,""bit_start"":16,""bit_width"":5,""kind"":6,""multiplier"":1,""reg_class"":8,""second_start"":22,""second_width"":2,""size"":0,""special31"":0,""transform"":0}]"	eortb	HasSVE2orSME
2822	A64/sve/sve_intx_constructive/sve_intx_mmla/smmla_z_zzz_	smmla	A64	32	aarchmrs+capstone	0x450b98c1,0x450c98e2,0x45119987,0x45159a0b,0x450b98c0,0x450b98df,0x450b9801,0x450b9be1,0x450098c1,0x451f98c1	"[{""access"":3,""addend"":2,""bit_start"":0,""bit_width"":5,""kind"":6,""multiplier"":0,""reg_class"":8,""second_start"":0,""second_width"":0,""size"":0,""special31"":0,""transform"":0},{""access"":1,""addend"":0,""bit_start"":5,""bit_width"":5,""kind"":6,""multiplier"":0,""reg_class"":8,""second_start"":0,""second_width"":0,""size"":0,""special31"":0,""transform"":0},{""access"":1,""addend"":0,""bit_start"":16,""bit_width"":5,""kind"":6,""multiplier"":0,""reg_class"":8,""second_start"":0,""second_width"":0,""size"":0,""special31"":0,""transform"":0}]"	smmla	HasMatMulInt8,HasSVE
2823	A64/sve/sve_intx_constructive/sve_intx_mmla/usmmla_z_zzz_	usmmla	A64	32	aarchmrs+capstone	0x458b98c1,0x458c98e2,0x45919987,0x45959a0b,0x458b98c0,0x458b98df,0x458b9801,0x458b9be1,0x458098c1,0x459f98c1	"[{""access"":3,""addend"":2,""bit_start"":0,""bit_width"":5,""kind"":6,""multiplier"":0,""reg_class"":8,""second_start"":0,""second_width"":0,""size"":0,""special31"":0,""transform"":0},{""access"":1,""addend"":0,""bit_start"":5,""bit_width"":5,""kind"":6,""multiplier"":0,""reg_class"":8,""second_start"":0,""second_width"":0,""size"":0,""special31"":0,""transform"":0},{""access"":1,""addend"":0,""bit_start"":16,""bit_width"":5,""kind"":6,""multiplier"":0,""reg_class"":8,""second_start"":0,""second_width"":0,""size"":0,""special31"":0,""transform"":0}]"	usmmla	HasMatMulInt8,HasSVE
2824	A64/sve/sve_intx_constructive/sve_intx_mmla/ummla_z_zzz_	ummla	A64	32	aarchmrs+capstone	0x45cb98c1,0x45cc98e2,0x45d19987,0x45d59a0b,0x45cb98c0,0x45cb98df,0x45cb9801,0x45cb9be1,0x45c098c1,0x45df98c1	"[{""access"":3,""addend"":2,""bit_start"":0,""bit_width"":5,""kind"":6,""multiplier"":0,""reg_class"":8,""second_start"":0,""second_width"":0,""size"":0,""special31"":0,""transform"":0},{""access"":1,""addend"":0,""bit_start"":5,""bit_width"":5,""kind"":6,""multiplier"":0,""reg_class"":8,""second_start"":0,""second_width"":0,""size"":0,""special31"":0,""transform"":0},{""access"":1,""addend"":0,""bit_start"":16,""bit_width"":5,""kind"":6,""multiplier"":0,""reg_class"":8,""second_start"":0,""second_width"":0,""size"":0,""special31"":0,""transform"":0}]"	ummla	HasMatMulInt8,HasSVE
2829	A64/sve/sve_intx_constructive/sve_intx_perm_bit/bext_z_zz_	bext	A64	32	aarchmrs+capstone	0x450bb0c1,0x450cb0e2,0x4511b187,0x4515b20b,0x450bb0c0,0x450bb0df,0x450bb001,0x450bb3e1,0x4500b0c1,0x451fb0c1,0x454bb0c1,0x458bb0c1,0x45cbb0c1	"[{""access"":2,""addend"":0,""bit_start"":0,""bit_width"":5,""kind"":6,""multiplier"":1,""reg_class"":8,""second_start"":22,""second_width"":2,""size"":0,""special31"":0,""transform"":0},{""access"":1,""addend"":0,""bit_start"":5,""bit_width"":5,""kind"":6,""multiplier"":1,""reg_class"":8,""second_start"":22,""second_width"":2,""size"":0,""special31"":0,""transform"":0},{""access"":1,""addend"":0,""bit_start"":16,""bit_width"":5,""kind"":6,""multiplier"":1,""reg_class"":8,""second_start"":22,""second_width"":2,""size"":0,""special31"":0,""transform"":0}]"	bext	HasSVE2BitPerm
2830	A64/sve/sve_intx_constructive/sve_intx_perm_bit/bdep_z_zz_	bdep	A64	32	aarchmrs+capstone	0x450bb4c1,0x450cb4e2,0x4511b587,0x4515b60b,0x450bb4c0,0x450bb4df,0x450bb401,0x450bb7e1,0x4500b4c1,0x451fb4c1,0x454bb4c1,0x458bb4c1,0x45cbb4c1	"[{""access"":2,""addend"":0,""bit_start"":0,""bit_width"":5,""kind"":6,""multiplier"":1,""reg_class"":8,""second_start"":22,""second_width"":2,""size"":0,""special31"":0,""transform"":0},{""access"":1,""addend"":0,""bit_start"":5,""bit_width"":5,""kind"":6,""multiplier"":1,""reg_class"":8,""second_start"":22,""second_width"":2,""size"":0,""special31"":0,""transform"":0},{""access"":1,""addend"":0,""bit_start"":16,""bit_width"":5,""kind"":6,""multiplier"":1,""reg_class"":8,""second_start"":22,""second_width"":2,""size"":0,""special31"":0,""transform"":0}]"	bdep	HasSVE2BitPerm
2831	A64/sve/sve_intx_constructive/sve_intx_perm_bit/bgrp_z_zz_	bgrp	A64	32	aarchmrs+capstone	0x450bb8c1,0x450cb8e2,0x4511b987,0x4515ba0b,0x450bb8c0,0x450bb8df,0x450bb801,0x450bbbe1,0x4500b8c1,0x451fb8c1,0x454bb8c1,0x458bb8c1,0x45cbb8c1	"[{""access"":2,""addend"":0,""bit_start"":0,""bit_width"":5,""kind"":6,""multiplier"":1,""reg_class"":8,""second_start"":22,""second_width"":2,""size"":0,""special31"":0,""transform"":0},{""access"":1,""addend"":0,""bit_start"":5,""bit_width"":5,""kind"":6,""multiplier"":1,""reg_class"":8,""second_start"":22,""second_width"":2,""size"":0,""special31"":0,""transform"":0},{""access"":1,""addend"":0,""bit_start"":16,""bit_width"":5,""kind"":6,""multiplier"":1,""reg_class"":8,""second_start"":22,""second_width"":2,""size"":0,""special31"":0,""transform"":0}]"	bgrp	HasSVE2BitPerm
2836	A64/sve/sve_intx_acc/sve_intx_adc_long/adclb_z_zzz_	adclb	A64	32	aarchmrs+capstone	0x450bd0c1,0x450cd0e2,0x4511d187,0x4515d20b,0x450bd0c0,0x450bd0df,0x450bd001,0x450bd3e1,0x4500d0c1,0x451fd0c1,0x454bd0c1	"[{""access"":3,""addend"":0,""bit_start"":0,""bit_width"":5,""kind"":6,""multiplier"":1,""reg_class"":8,""second_start"":22,""second_width"":2,""size"":0,""special31"":0,""transform"":0},{""access"":1,""addend"":0,""bit_start"":5,""bit_width"":5,""kind"":6,""multiplier"":1,""reg_class"":8,""second_start"":22,""second_width"":2,""size"":0,""special31"":0,""transform"":0},{""access"":1,""addend"":0,""bit_start"":16,""bit_width"":5,""kind"":6,""multiplier"":1,""reg_class"":8,""second_start"":22,""second_width"":2,""size"":0,""special31"":0,""transform"":0}]"	adclb	HasSVE2orSME
2837	A64/sve/sve_intx_acc/sve_intx_adc_long/sbclb_z_zzz_	sbclb	A64	32	aarchmrs+capstone	0x458bd0c1,0x458cd0e2,0x4591d187,0x4595d20b,0x458bd0c0,0x458bd0df,0x458bd001,0x458bd3e1,0x4580d0c1,0x459fd0c1,0x45cbd0c1	"[{""access"":3,""addend"":0,""bit_start"":0,""bit_width"":5,""kind"":6,""multiplier"":1,""reg_class"":8,""second_start"":22,""second_width"":2,""size"":0,""special31"":0,""transform"":0},{""access"":1,""addend"":0,""bit_start"":5,""bit_width"":5,""kind"":6,""multiplier"":1,""reg_class"":8,""second_start"":22,""second_width"":2,""size"":0,""special31"":0,""transform"":0},{""access"":1,""addend"":0,""bit_start"":16,""bit_width"":5,""kind"":6,""multiplier"":1,""reg_class"":8,""second_start"":22,""second_width"":2,""size"":0,""special31"":0,""transform"":0}]"	sbclb	HasSVE2orSME
2838	A64/sve/sve_intx_acc/sve_intx_adc_long/adclt_z_zzz_	adclt	A64	32	aarchmrs+capstone	0x450bd4c1,0x450cd4e2,0x4511d587,0x4515d60b,0x450bd4c0,0x450bd4df,0x450bd401,0x450bd7e1,0x4500d4c1,0x451fd4c1,0x454bd4c1	"[{""access"":3,""addend"":0,""bit_start"":0,""bit_width"":5,""kind"":6,""multiplier"":1,""reg_class"":8,""second_start"":22,""second_width"":2,""size"":0,""special31"":0,""transform"":0},{""access"":1,""addend"":0,""bit_start"":5,""bit_width"":5,""kind"":6,""multiplier"":1,""reg_class"":8,""second_start"":22,""second_width"":2,""size"":0,""special31"":0,""transform"":0},{""access"":1,""addend"":0,""bit_start"":16,""bit_width"":5,""kind"":6,""multiplier"":1,""reg_class"":8,""second_start"":22,""second_width"":2,""size"":0,""special31"":0,""transform"":0}]"	adclt	HasSVE2orSME
2839	A64/sve/sve_intx_acc/sve_intx_adc_long/sbclt_z_zzz_	sbclt	A64	32	aarchmrs+capstone	0x458bd4c1,0x458cd4e2,0x4591d587,0x4595d60b,0x458bd4c0,0x458bd4df,0x458bd401,0x458bd7e1,0x4580d4c1,0x459fd4c1,0x45cbd4c1	"[{""access"":3,""addend"":0,""bit_start"":0,""bit_width"":5,""kind"":6,""multiplier"":1,""reg_class"":8,""second_start"":22,""second_width"":2,""size"":0,""special31"":0,""transform"":0},{""access"":1,""addend"":0,""bit_start"":5,""bit_width"":5,""kind"":6,""multiplier"":1,""reg_class"":8,""second_start"":22,""second_width"":2,""size"":0,""special31"":0,""transform"":0},{""access"":1,""addend"":0,""bit_start"":16,""bit_width"":5,""kind"":6,""multiplier"":1,""reg_class"":8,""second_start"":22,""second_width"":2,""size"":0,""special31"":0,""transform"":0}]"	sbclt	HasSVE2orSME
2848	A64/sve/sve_intx_acc/sve_intx_aba/saba_z_zzz_	saba	A64	32	aarchmrs+capstone	0x450bf8c1,0x450cf8e2,0x4511f987,0x4515fa0b,0x450bf8c0,0x450bf8df,0x450bf801,0x450bfbe1,0x4500f8c1,0x451ff8c1,0x454bf8c1,0x458bf8c1,0x45cbf8c1	"[{""access"":3,""addend"":0,""bit_start"":0,""bit_width"":5,""kind"":6,""multiplier"":1,""reg_class"":8,""second_start"":22,""second_width"":2,""size"":0,""special31"":0,""transform"":0},{""access"":1,""addend"":0,""bit_start"":5,""bit_width"":5,""kind"":6,""multiplier"":1,""reg_class"":8,""second_start"":22,""second_width"":2,""size"":0,""special31"":0,""transform"":0},{""access"":1,""addend"":0,""bit_start"":16,""bit_width"":5,""kind"":6,""multiplier"":1,""reg_class"":8,""second_start"":22,""second_width"":2,""size"":0,""special31"":0,""transform"":0}]"	saba	HasSVE2orSME
2849	A64/sve/sve_intx_acc/sve_intx_aba/uaba_z_zzz_	uaba	A64	32	aarchmrs+capstone	0x450bfcc1,0x450cfce2,0x4511fd87,0x4515fe0b,0x450bfcc0,0x450bfcdf,0x450bfc01,0x450bffe1,0x4500fcc1,0x451ffcc1,0x454bfcc1,0x458bfcc1,0x45cbfcc1	"[{""access"":3,""addend"":0,""bit_start"":0,""bit_width"":5,""kind"":6,""multiplier"":1,""reg_class"":8,""second_start"":22,""second_width"":2,""size"":0,""special31"":0,""transform"":0},{""access"":1,""addend"":0,""bit_start"":5,""bit_width"":5,""kind"":6,""multiplier"":1,""reg_class"":8,""second_start"":22,""second_width"":2,""size"":0,""special31"":0,""transform"":0},{""access"":1,""addend"":0,""bit_start"":16,""bit_width"":5,""kind"":6,""multiplier"":1,""reg_class"":8,""second_start"":22,""second_width"":2,""size"":0,""special31"":0,""transform"":0}]"	uaba	HasSVE2orSME
2894	A64/sve/sve_intx_histseg_lut/sve_intx_histseg/histseg_z_zz_	histseg	A64	32	aarchmrs+capstone	0x452ba0c1,0x452ca0e2,0x4531a187,0x4535a20b,0x452ba0c0,0x452ba0df,0x452ba001,0x452ba3e1,0x4520a0c1,0x453fa0c1	"[{""access"":2,""addend"":0,""bit_start"":0,""bit_width"":5,""kind"":6,""multiplier"":0,""reg_class"":8,""second_start"":0,""second_width"":0,""size"":0,""special31"":0,""transform"":0},{""access"":1,""addend"":0,""bit_start"":5,""bit_width"":5,""kind"":6,""multiplier"":0,""reg_class"":8,""second_start"":0,""second_width"":0,""size"":0,""special31"":0,""transform"":0},{""access"":1,""addend"":0,""bit_start"":16,""bit_width"":5,""kind"":6,""multiplier"":0,""reg_class"":8,""second_start"":0,""second_width"":0,""size"":0,""special31"":0,""transform"":0}]"	histseg	HasSVE2
2903	A64/sve/sve_intx_crypto/sve_crypto_unary/aesmc_z_z_	aesmc	A64	32	aarchmrs+capstone	0x4520e001,0x4520e002,0x4520e007,0x4520e00b,0x4520e000,0x4520e01f	"[{""access"":3,""addend"":0,""bit_start"":0,""bit_width"":5,""kind"":6,""multiplier"":0,""reg_class"":8,""second_start"":0,""second_width"":0,""size"":0,""special31"":0,""transform"":0},{""access"":3,""addend"":0,""bit_start"":0,""bit_width"":5,""kind"":6,""multiplier"":0,""reg_class"":8,""second_start"":0,""second_width"":0,""size"":0,""special31"":0,""transform"":0}]"	aesmc	HasSVE2AES
2904	A64/sve/sve_intx_crypto/sve_crypto_unary/aesimc_z_z_	aesimc	A64	32	aarchmrs+capstone	0x4520e401,0x4520e402,0x4520e407,0x4520e40b,0x4520e400,0x4520e41f	"[{""access"":3,""addend"":0,""bit_start"":0,""bit_width"":5,""kind"":6,""multiplier"":0,""reg_class"":8,""second_start"":0,""second_width"":0,""size"":0,""special31"":0,""transform"":0},{""access"":3,""addend"":0,""bit_start"":0,""bit_width"":5,""kind"":6,""multiplier"":0,""reg_class"":8,""second_start"":0,""second_width"":0,""size"":0,""special31"":0,""transform"":0}]"	aesimc	HasSVE2AES
2905	A64/sve/sve_intx_crypto/sve_crypto_binary_dest/aese_z_zz_	aese	A64	32	aarchmrs+capstone	0x4522e0c1,0x4522e0e2,0x4522e187,0x4522e20b,0x4522e0c0,0x4522e0df,0x4522e001,0x4522e3e1	"[{""access"":3,""addend"":0,""bit_start"":0,""bit_width"":5,""kind"":6,""multiplier"":0,""reg_class"":8,""second_start"":0,""second_width"":0,""size"":0,""special31"":0,""transform"":0},{""access"":3,""addend"":0,""bit_start"":0,""bit_width"":5,""kind"":6,""multiplier"":0,""reg_class"":8,""second_start"":0,""second_width"":0,""size"":0,""special31"":0,""transform"":0},{""access"":1,""addend"":0,""bit_start"":5,""bit_width"":5,""kind"":6,""multiplier"":0,""reg_class"":8,""second_start"":0,""second_width"":0,""size"":0,""special31"":0,""transform"":0}]"	aese	HasSVE2AES
2906	A64/sve/sve_intx_crypto/sve_crypto_binary_dest/aesd_z_zz_	aesd	A64	32	aarchmrs+capstone	0x4522e4c1,0x4522e4e2,0x4522e587,0x4522e60b,0x4522e4c0,0x4522e4df,0x4522e401,0x4522e7e1	"[{""access"":3,""addend"":0,""bit_start"":0,""bit_width"":5,""kind"":6,""multiplier"":0,""reg_class"":8,""second_start"":0,""second_width"":0,""size"":0,""special31"":0,""transform"":0},{""access"":3,""addend"":0,""bit_start"":0,""bit_width"":5,""kind"":6,""multiplier"":0,""reg_class"":8,""second_start"":0,""second_width"":0,""size"":0,""special31"":0,""transform"":0},{""access"":1,""addend"":0,""bit_start"":5,""bit_width"":5,""kind"":6,""multiplier"":0,""reg_class"":8,""second_start"":0,""second_width"":0,""size"":0,""special31"":0,""transform"":0}]"	aesd	HasSVE2AES
2907	A64/sve/sve_intx_crypto/sve_crypto_binary_dest/sm4e_z_zz_	sm4e	A64	32	aarchmrs+capstone	0x4523e0c1,0x4523e0e2,0x4523e187,0x4523e20b,0x4523e0c0,0x4523e0df,0x4523e001,0x4523e3e1	"[{""access"":3,""addend"":2,""bit_start"":0,""bit_width"":5,""kind"":6,""multiplier"":0,""reg_class"":8,""second_start"":0,""second_width"":0,""size"":0,""special31"":0,""transform"":0},{""access"":3,""addend"":2,""bit_start"":0,""bit_width"":5,""kind"":6,""multiplier"":0,""reg_class"":8,""second_start"":0,""second_width"":0,""size"":0,""special31"":0,""transform"":0},{""access"":1,""addend"":2,""bit_start"":5,""bit_width"":5,""kind"":6,""multiplier"":0,""reg_class"":8,""second_start"":0,""second_width"":0,""size"":0,""special31"":0,""transform"":0}]"	sm4e	HasSVE2SM4
2916	A64/sve/sve_intx_crypto/sve_crypto_binary_const/sm4ekey_z_zz_	sm4ekey	A64	32	aarchmrs+capstone	0x452bf0c1,0x452cf0e2,0x4531f187,0x4535f20b,0x452bf0c0,0x452bf0df,0x452bf001,0x452bf3e1,0x4520f0c1,0x453ff0c1	"[{""access"":2,""addend"":2,""bit_start"":0,""bit_width"":5,""kind"":6,""multiplier"":0,""reg_class"":8,""second_start"":0,""second_width"":0,""size"":0,""special31"":0,""transform"":0},{""access"":1,""addend"":2,""bit_start"":5,""bit_width"":5,""kind"":6,""multiplier"":0,""reg_class"":8,""second_start"":0,""second_width"":0,""size"":0,""special31"":0,""transform"":0},{""access"":1,""addend"":2,""bit_start"":16,""bit_width"":5,""kind"":6,""multiplier"":0,""reg_class"":8,""second_start"":0,""second_width"":0,""size"":0,""special31"":0,""transform"":0}]"	sm4ekey	HasSVE2SM4
2917	A64/sve/sve_intx_crypto/sve_crypto_binary_const/rax1_z_zz_	rax1	A64	32	aarchmrs+capstone	0x452bf4c1,0x452cf4e2,0x4531f587,0x4535f60b,0x452bf4c0,0x452bf4df,0x452bf401,0x452bf7e1,0x4520f4c1,0x453ff4c1	"[{""access"":2,""addend"":3,""bit_start"":0,""bit_width"":5,""kind"":6,""multiplier"":0,""reg_class"":8,""second_start"":0,""second_width"":0,""size"":0,""special31"":0,""transform"":0},{""access"":1,""addend"":3,""bit_start"":5,""bit_width"":5,""kind"":6,""multiplier"":0,""reg_class"":8,""second_start"":0,""second_width"":0,""size"":0,""special31"":0,""transform"":0},{""access"":1,""addend"":3,""bit_start"":16,""bit_width"":5,""kind"":6,""multiplier"":0,""reg_class"":8,""second_start"":0,""second_width"":0,""size"":0,""special31"":0,""transform"":0}]"	rax1	HasSVE2SHA3
4387	A64/reserved/perm_undef/UDF_only_perm_undef	udf	A64	32	capstone	0x00000001,0x00000000,0x00000002,0x00000003,0x00007fff,0x00008000,0x0000fffe,0x0000ffff	"[{""access"":1,""addend"":0,""bit_start"":0,""bit_width"":16,""kind"":2,""multiplier"":1,""reg_class"":0,""second_start"":0,""second_width"":0,""size"":2,""special31"":0,""transform"":0}]"	udf	
4390	A64/dpimm/extract/EXTR_32_extract	extr	A64	32	capstone	0x138b04c1,0x138c04e2,0x13910587,0x1395060b,0x138b04df,0x138b07e1,0x139f04c1,0x138b00c1,0x138b08c1,0x138b0cc1,0x138b78c1,0x138b7cc1	"[{""access"":2,""addend"":0,""bit_start"":0,""bit_width"":5,""kind"":1,""multiplier"":0,""reg_class"":2,""second_start"":0,""second_width"":0,""size"":4,""special31"":2,""transform"":0},{""access"":1,""addend"":0,""bit_start"":5,""bit_width"":5,""kind"":1,""multiplier"":0,""reg_class"":2,""second_start"":0,""second_width"":0,""size"":4,""special31"":2,""transform"":0},{""access"":1,""addend"":0,""bit_start"":16,""bit_width"":5,""kind"":1,""multiplier"":0,""reg_class"":2,""second_start"":0,""second_width"":0,""size"":4,""special31"":2,""transform"":0},{""access"":1,""addend"":0,""bit_start"":10,""bit_width"":6,""kind"":2,""multiplier"":1,""reg_class"":0,""second_start"":0,""second_width"":0,""size"":1,""special31"":0,""transform"":0}]"	extr	
4391	A64/dpimm/extract/EXTR_64_extract	extr	A64	32	capstone	0x93cb04c1,0x93cc04e2,0x93d10587,0x93d5060b,0x93cb04df,0x93cb07e1,0x93df04c1,0x93cb00c1,0x93cb08c1,0x93cb0cc1,0x93cb7cc1,0x93cb80c1,0x93cbf8c1,0x93cbfcc1	"[{""access"":2,""addend"":0,""bit_start"":0,""bit_width"":5,""kind"":1,""multiplier"":0,""reg_class"":3,""second_start"":0,""second_width"":0,""size"":8,""special31"":4,""transform"":0},{""access"":1,""addend"":0,""bit_start"":5,""bit_width"":5,""kind"":1,""multiplier"":0,""reg_class"":3,""second_start"":0,""second_width"":0,""size"":8,""special31"":4,""transform"":0},{""access"":1,""addend"":0,""bit_start"":16,""bit_width"":5,""kind"":1,""multiplier"":0,""reg_class"":3,""second_start"":0,""second_width"":0,""size"":8,""special31"":4,""transform"":0},{""access"":1,""addend"":0,""bit_start"":10,""bit_width"":6,""kind"":2,""multiplier"":1,""reg_class"":0,""second_start"":0,""second_width"":0,""size"":1,""special31"":0,""transform"":0}]"	extr	
4402	A64/dpimm/addsub_immtags/ADDG_64_addsub_immtags	addg	A64	32	capstone	0x918104c1,0x918104e2,0x91810587,0x9181060b,0x918104df,0x918107e1,0x918004c1,0x918204c1,0x918304c1,0x919f04c1,0x91a004c1,0x91be04c1,0x91bf04c1,0x918100c1,0x918108c1,0x91810cc1,0x91811cc1,0x918120c1,0x918138c1,0x91813cc1,0x918210c1,0x918314c1,0x91851cc1	"[{""access"":2,""addend"":0,""bit_start"":0,""bit_width"":5,""kind"":1,""multiplier"":0,""reg_class"":3,""second_start"":0,""second_width"":0,""size"":8,""special31"":5,""transform"":0},{""access"":1,""addend"":0,""bit_start"":5,""bit_width"":5,""kind"":1,""multiplier"":0,""reg_class"":3,""second_start"":0,""second_width"":0,""size"":8,""special31"":5,""transform"":0},{""access"":1,""addend"":0,""bit_start"":16,""bit_width"":6,""kind"":2,""multiplier"":16,""reg_class"":0,""second_start"":0,""second_width"":0,""size"":2,""special31"":0,""transform"":0},{""access"":1,""addend"":0,""bit_start"":10,""bit_width"":4,""kind"":2,""multiplier"":1,""reg_class"":0,""second_start"":0,""second_width"":0,""size"":1,""special31"":0,""transform"":0}]"	addg	HasMTE
4403	A64/dpimm/addsub_immtags/SUBG_64_addsub_immtags	subg	A64	32	capstone	0xd18104c1,0xd18104e2,0xd1810587,0xd181060b,0xd18104df,0xd18107e1,0xd18004c1,0xd18204c1,0xd18304c1,0xd19f04c1,0xd1a004c1,0xd1be04c1,0xd1bf04c1,0xd18100c1,0xd18108c1,0xd1810cc1,0xd1811cc1,0xd18120c1,0xd18138c1,0xd1813cc1,0xd18210c1,0xd18314c1,0xd1851cc1	"[{""access"":2,""addend"":0,""bit_start"":0,""bit_width"":5,""kind"":1,""multiplier"":0,""reg_class"":3,""second_start"":0,""second_width"":0,""size"":8,""special31"":5,""transform"":0},{""access"":1,""addend"":0,""bit_start"":5,""bit_width"":5,""kind"":1,""multiplier"":0,""reg_class"":3,""second_start"":0,""second_width"":0,""size"":8,""special31"":5,""transform"":0},{""access"":1,""addend"":0,""bit_start"":16,""bit_width"":6,""kind"":2,""multiplier"":16,""reg_class"":0,""second_start"":0,""second_width"":0,""size"":2,""special31"":0,""transform"":0},{""access"":1,""addend"":0,""bit_start"":10,""bit_width"":4,""kind"":2,""multiplier"":1,""reg_class"":0,""second_start"":0,""second_width"":0,""size"":1,""special31"":0,""transform"":0}]"	subg	HasMTE
4404	A64/dpimm/minmax_imm/SMAX_32_minmax_imm	smax	A64	32	capstone	0x11c004c1,0x11c004e2,0x11c00587,0x11c0060b,0x11c004df,0x11c007e1,0x11c000c1,0x11c008c1,0x11c00cc1,0x11c1fcc1,0x11c200c1,0x11c3f8c1,0x11c3fcc1	"[{""access"":2,""addend"":0,""bit_start"":0,""bit_width"":5,""kind"":1,""multiplier"":0,""reg_class"":2,""second_start"":0,""second_width"":0,""size"":4,""special31"":2,""transform"":0},{""access"":1,""addend"":0,""bit_start"":5,""bit_width"":5,""kind"":1,""multiplier"":0,""reg_class"":2,""second_start"":0,""second_width"":0,""size"":4,""special31"":2,""transform"":0},{""access"":1,""addend"":0,""bit_start"":10,""bit_width"":8,""kind"":2,""multiplier"":1,""reg_class"":0,""second_start"":0,""second_width"":0,""size"":4,""special31"":0,""transform"":1}]"	smax	HasCSSC
4405	A64/dpimm/minmax_imm/UMAX_32U_minmax_imm	umax	A64	32	capstone	0x11c404c1,0x11c404e2,0x11c40587,0x11c4060b,0x11c404df,0x11c407e1,0x11c400c1,0x11c408c1,0x11c40cc1,0x11c5fcc1,0x11c600c1,0x11c7f8c1,0x11c7fcc1	"[{""access"":2,""addend"":0,""bit_start"":0,""bit_width"":5,""kind"":1,""multiplier"":0,""reg_class"":2,""second_start"":0,""second_width"":0,""size"":4,""special31"":2,""transform"":0},{""access"":1,""addend"":0,""bit_start"":5,""bit_width"":5,""kind"":1,""multiplier"":0,""reg_class"":2,""second_start"":0,""second_width"":0,""size"":4,""special31"":2,""transform"":0},{""access"":1,""addend"":0,""bit_start"":10,""bit_width"":8,""kind"":2,""multiplier"":1,""reg_class"":0,""second_start"":0,""second_width"":0,""size"":4,""special31"":0,""transform"":0}]"	umax	HasCSSC
4406	A64/dpimm/minmax_imm/SMIN_32_minmax_imm	smin	A64	32	capstone	0x11c804c1,0x11c804e2,0x11c80587,0x11c8060b,0x11c804df,0x11c807e1,0x11c800c1,0x11c808c1,0x11c80cc1,0x11c9fcc1,0x11ca00c1,0x11cbf8c1,0x11cbfcc1	"[{""access"":2,""addend"":0,""bit_start"":0,""bit_width"":5,""kind"":1,""multiplier"":0,""reg_class"":2,""second_start"":0,""second_width"":0,""size"":4,""special31"":2,""transform"":0},{""access"":1,""addend"":0,""bit_start"":5,""bit_width"":5,""kind"":1,""multiplier"":0,""reg_class"":2,""second_start"":0,""second_width"":0,""size"":4,""special31"":2,""transform"":0},{""access"":1,""addend"":0,""bit_start"":10,""bit_width"":8,""kind"":2,""multiplier"":1,""reg_class"":0,""second_start"":0,""second_width"":0,""size"":4,""special31"":0,""transform"":1}]"	smin	HasCSSC
4407	A64/dpimm/minmax_imm/UMIN_32U_minmax_imm	umin	A64	32	capstone	0x11cc04c1,0x11cc04e2,0x11cc0587,0x11cc060b,0x11cc04df,0x11cc07e1,0x11cc00c1,0x11cc08c1,0x11cc0cc1,0x11cdfcc1,0x11ce00c1,0x11cff8c1,0x11cffcc1	"[{""access"":2,""addend"":0,""bit_start"":0,""bit_width"":5,""kind"":1,""multiplier"":0,""reg_class"":2,""second_start"":0,""second_width"":0,""size"":4,""special31"":2,""transform"":0},{""access"":1,""addend"":0,""bit_start"":5,""bit_width"":5,""kind"":1,""multiplier"":0,""reg_class"":2,""second_start"":0,""second_width"":0,""size"":4,""special31"":2,""transform"":0},{""access"":1,""addend"":0,""bit_start"":10,""bit_width"":8,""kind"":2,""multiplier"":1,""reg_class"":0,""second_start"":0,""second_width"":0,""size"":4,""special31"":0,""transform"":0}]"	umin	HasCSSC
4408	A64/dpimm/minmax_imm/SMAX_64_minmax_imm	smax	A64	32	capstone	0x91c004c1,0x91c004e2,0x91c00587,0x91c0060b,0x91c004df,0x91c007e1,0x91c000c1,0x91c008c1,0x91c00cc1,0x91c1fcc1,0x91c200c1,0x91c3f8c1,0x91c3fcc1	"[{""access"":2,""addend"":0,""bit_start"":0,""bit_width"":5,""kind"":1,""multiplier"":0,""reg_class"":3,""second_start"":0,""second_width"":0,""size"":8,""special31"":4,""transform"":0},{""access"":1,""addend"":0,""bit_start"":5,""bit_width"":5,""kind"":1,""multiplier"":0,""reg_class"":3,""second_start"":0,""second_width"":0,""size"":8,""special31"":4,""transform"":0},{""access"":1,""addend"":0,""bit_start"":10,""bit_width"":8,""kind"":2,""multiplier"":1,""reg_class"":0,""second_start"":0,""second_width"":0,""size"":8,""special31"":0,""transform"":1}]"	smax	HasCSSC
4409	A64/dpimm/minmax_imm/UMAX_64U_minmax_imm	umax	A64	32	capstone	0x91c404c1,0x91c404e2,0x91c40587,0x91c4060b,0x91c404df,0x91c407e1,0x91c400c1,0x91c408c1,0x91c40cc1,0x91c5fcc1,0x91c600c1,0x91c7f8c1,0x91c7fcc1	"[{""access"":2,""addend"":0,""bit_start"":0,""bit_width"":5,""kind"":1,""multiplier"":0,""reg_class"":3,""second_start"":0,""second_width"":0,""size"":8,""special31"":4,""transform"":0},{""access"":1,""addend"":0,""bit_start"":5,""bit_width"":5,""kind"":1,""multiplier"":0,""reg_class"":3,""second_start"":0,""second_width"":0,""size"":8,""special31"":4,""transform"":0},{""access"":1,""addend"":0,""bit_start"":10,""bit_width"":8,""kind"":2,""multiplier"":1,""reg_class"":0,""second_start"":0,""second_width"":0,""size"":8,""special31"":0,""transform"":0}]"	umax	HasCSSC
4410	A64/dpimm/minmax_imm/SMIN_64_minmax_imm	smin	A64	32	capstone	0x91c804c1,0x91c804e2,0x91c80587,0x91c8060b,0x91c804df,0x91c807e1,0x91c800c1,0x91c808c1,0x91c80cc1,0x91c9fcc1,0x91ca00c1,0x91cbf8c1,0x91cbfcc1	"[{""access"":2,""addend"":0,""bit_start"":0,""bit_width"":5,""kind"":1,""multiplier"":0,""reg_class"":3,""second_start"":0,""second_width"":0,""size"":8,""special31"":4,""transform"":0},{""access"":1,""addend"":0,""bit_start"":5,""bit_width"":5,""kind"":1,""multiplier"":0,""reg_class"":3,""second_start"":0,""second_width"":0,""size"":8,""special31"":4,""transform"":0},{""access"":1,""addend"":0,""bit_start"":10,""bit_width"":8,""kind"":2,""multiplier"":1,""reg_class"":0,""second_start"":0,""second_width"":0,""size"":8,""special31"":0,""transform"":1}]"	smin	HasCSSC
4411	A64/dpimm/minmax_imm/UMIN_64U_minmax_imm	umin	A64	32	capstone	0x91cc04c1,0x91cc04e2,0x91cc0587,0x91cc060b,0x91cc04df,0x91cc07e1,0x91cc00c1,0x91cc08c1,0x91cc0cc1,0x91cdfcc1,0x91ce00c1,0x91cff8c1,0x91cffcc1	"[{""access"":2,""addend"":0,""bit_start"":0,""bit_width"":5,""kind"":1,""multiplier"":0,""reg_class"":3,""second_start"":0,""second_width"":0,""size"":8,""special31"":4,""transform"":0},{""access"":1,""addend"":0,""bit_start"":5,""bit_width"":5,""kind"":1,""multiplier"":0,""reg_class"":3,""second_start"":0,""second_width"":0,""size"":8,""special31"":4,""transform"":0},{""access"":1,""addend"":0,""bit_start"":10,""bit_width"":8,""kind"":2,""multiplier"":1,""reg_class"":0,""second_start"":0,""second_width"":0,""size"":8,""special31"":0,""transform"":0}]"	umin	HasCSSC
4426	A64/dpimm/bitfield/SBFM_32M_bitfield	sbfm	A64	32	capstone	0x130104c1,0x130104e2,0x13010587,0x1301060b,0x130104df,0x130107e1,0x130004c1,0x130204c1,0x130304c1,0x131e04c1,0x131f04c1,0x130100c1,0x130108c1,0x13010cc1,0x130178c1,0x13017cc1,0x130210c1,0x130314c1,0x13051cc1	"[{""access"":2,""addend"":0,""bit_start"":0,""bit_width"":5,""kind"":1,""multiplier"":0,""reg_class"":2,""second_start"":0,""second_width"":0,""size"":4,""special31"":2,""transform"":0},{""access"":1,""addend"":0,""bit_start"":5,""bit_width"":5,""kind"":1,""multiplier"":0,""reg_class"":2,""second_start"":0,""second_width"":0,""size"":4,""special31"":2,""transform"":0},{""access"":1,""addend"":0,""bit_start"":16,""bit_width"":6,""kind"":2,""multiplier"":1,""reg_class"":0,""second_start"":0,""second_width"":0,""size"":1,""special31"":0,""transform"":0},{""access"":1,""addend"":0,""bit_start"":10,""bit_width"":6,""kind"":2,""multiplier"":1,""reg_class"":0,""second_start"":0,""second_width"":0,""size"":1,""special31"":0,""transform"":0}]"	sbfm	
4427	A64/dpimm/bitfield/BFM_32M_bitfield	bfm	A64	32	capstone	0x330104c1,0x330104e2,0x33010587,0x3301060b,0x330104df,0x330107e1,0x330004c1,0x330204c1,0x330304c1,0x331e04c1,0x331f04c1,0x330100c1,0x330108c1,0x33010cc1,0x330178c1,0x33017cc1,0x330210c1,0x330314c1,0x33051cc1	"[{""access"":3,""addend"":0,""bit_start"":0,""bit_width"":5,""kind"":1,""multiplier"":0,""reg_class"":2,""second_start"":0,""second_width"":0,""size"":4,""special31"":2,""transform"":0},{""access"":1,""addend"":0,""bit_start"":5,""bit_width"":5,""kind"":1,""multiplier"":0,""reg_class"":2,""second_start"":0,""second_width"":0,""size"":4,""special31"":2,""transform"":0},{""access"":1,""addend"":0,""bit_start"":16,""bit_width"":6,""kind"":2,""multiplier"":1,""reg_class"":0,""second_start"":0,""second_width"":0,""size"":1,""special31"":0,""transform"":0},{""access"":1,""addend"":0,""bit_start"":10,""bit_width"":6,""kind"":2,""multiplier"":1,""reg_class"":0,""second_start"":0,""second_width"":0,""size"":1,""special31"":0,""transform"":0}]"	bfm	
4428	A64/dpimm/bitfield/UBFM_32M_bitfield	ubfm	A64	32	capstone	0x530104c1,0x530104e2,0x53010587,0x5301060b,0x530104df,0x530107e1,0x530004c1,0x530204c1,0x530304c1,0x531e04c1,0x531f04c1,0x530100c1,0x530108c1,0x53010cc1,0x530178c1,0x53017cc1,0x530210c1,0x530314c1,0x53051cc1	"[{""access"":2,""addend"":0,""bit_start"":0,""bit_width"":5,""kind"":1,""multiplier"":0,""reg_class"":2,""second_start"":0,""second_width"":0,""size"":4,""special31"":2,""transform"":0},{""access"":1,""addend"":0,""bit_start"":5,""bit_width"":5,""kind"":1,""multiplier"":0,""reg_class"":2,""second_start"":0,""second_width"":0,""size"":4,""special31"":2,""transform"":0},{""access"":1,""addend"":0,""bit_start"":16,""bit_width"":6,""kind"":2,""multiplier"":1,""reg_class"":0,""second_start"":0,""second_width"":0,""size"":1,""special31"":0,""transform"":0},{""access"":1,""addend"":0,""bit_start"":10,""bit_width"":6,""kind"":2,""multiplier"":1,""reg_class"":0,""second_start"":0,""second_width"":0,""size"":1,""special31"":0,""transform"":0}]"	ubfm	
4429	A64/dpimm/bitfield/SBFM_64M_bitfield	sbfm	A64	32	capstone	0x934104c1,0x934104e2,0x93410587,0x9341060b,0x934104df,0x934107e1,0x934004c1,0x934204c1,0x934304c1,0x935f04c1,0x936004c1,0x937e04c1,0x937f04c1,0x934100c1,0x934108c1,0x93410cc1,0x93417cc1,0x934180c1,0x9341f8c1,0x9341fcc1,0x934210c1,0x934314c1,0x93451cc1	"[{""access"":2,""addend"":0,""bit_start"":0,""bit_width"":5,""kind"":1,""multiplier"":0,""reg_class"":3,""second_start"":0,""second_width"":0,""size"":8,""special31"":4,""transform"":0},{""access"":1,""addend"":0,""bit_start"":5,""bit_width"":5,""kind"":1,""multiplier"":0,""reg_class"":3,""second_start"":0,""second_width"":0,""size"":8,""special31"":4,""transform"":0},{""access"":1,""addend"":0,""bit_start"":16,""bit_width"":6,""kind"":2,""multiplier"":1,""reg_class"":0,""second_start"":0,""second_width"":0,""size"":1,""special31"":0,""transform"":0},{""access"":1,""addend"":0,""bit_start"":10,""bit_width"":6,""kind"":2,""multiplier"":1,""reg_class"":0,""second_start"":0,""second_width"":0,""size"":1,""special31"":0,""transform"":0}]"	sbfm	
4430	A64/dpimm/bitfield/BFM_64M_bitfield	bfm	A64	32	capstone	0xb34104c1,0xb34104e2,0xb3410587,0xb341060b,0xb34104df,0xb34107e1,0xb34004c1,0xb34204c1,0xb34304c1,0xb35f04c1,0xb36004c1,0xb37e04c1,0xb37f04c1,0xb34100c1,0xb34108c1,0xb3410cc1,0xb3417cc1,0xb34180c1,0xb341f8c1,0xb341fcc1,0xb34210c1,0xb34314c1,0xb3451cc1	"[{""access"":3,""addend"":0,""bit_start"":0,""bit_width"":5,""kind"":1,""multiplier"":0,""reg_class"":3,""second_start"":0,""second_width"":0,""size"":8,""special31"":4,""transform"":0},{""access"":1,""addend"":0,""bit_start"":5,""bit_width"":5,""kind"":1,""multiplier"":0,""reg_class"":3,""second_start"":0,""second_width"":0,""size"":8,""special31"":4,""transform"":0},{""access"":1,""addend"":0,""bit_start"":16,""bit_width"":6,""kind"":2,""multiplier"":1,""reg_class"":0,""second_start"":0,""second_width"":0,""size"":1,""special31"":0,""transform"":0},{""access"":1,""addend"":0,""bit_start"":10,""bit_width"":6,""kind"":2,""multiplier"":1,""reg_class"":0,""second_start"":0,""second_width"":0,""size"":1,""special31"":0,""transform"":0}]"	bfm	
4431	A64/dpimm/bitfield/UBFM_64M_bitfield	ubfm	A64	32	capstone	0xd34104c1,0xd34104e2,0xd3410587,0xd341060b,0xd34104df,0xd34107e1,0xd34004c1,0xd34204c1,0xd34304c1,0xd35f04c1,0xd36004c1,0xd37e04c1,0xd37f04c1,0xd34100c1,0xd34108c1,0xd3410cc1,0xd3417cc1,0xd34180c1,0xd341f8c1,0xd341fcc1,0xd34210c1,0xd34314c1,0xd3451cc1	"[{""access"":2,""addend"":0,""bit_start"":0,""bit_width"":5,""kind"":1,""multiplier"":0,""reg_class"":3,""second_start"":0,""second_width"":0,""size"":8,""special31"":4,""transform"":0},{""access"":1,""addend"":0,""bit_start"":5,""bit_width"":5,""kind"":1,""multiplier"":0,""reg_class"":3,""second_start"":0,""second_width"":0,""size"":8,""special31"":4,""transform"":0},{""access"":1,""addend"":0,""bit_start"":16,""bit_width"":6,""kind"":2,""multiplier"":1,""reg_class"":0,""second_start"":0,""second_width"":0,""size"":1,""special31"":0,""transform"":0},{""access"":1,""addend"":0,""bit_start"":10,""bit_width"":6,""kind"":2,""multiplier"":1,""reg_class"":0,""second_start"":0,""second_width"":0,""size"":1,""special31"":0,""transform"":0}]"	ubfm	
4432	A64/control/condbranch/B_only_condbranch	b	A64	32	aarchmrs+capstone	0x54000000,0x54ffffe0	"[{""access"":1,""addend"":0,""bit_start"":0,""bit_width"":0,""kind"":3,""multiplier"":0,""reg_class"":0,""second_start"":0,""second_width"":0,""size"":8,""special31"":0,""transform"":10}]"	b	branch_relative,jump
4433	A64/control/condbranch/BC_only_condbranch	bc	A64	32	aarchmrs+capstone	0x54000010,0x54fffff0	"[{""access"":1,""addend"":0,""bit_start"":0,""bit_width"":0,""kind"":3,""multiplier"":0,""reg_class"":0,""second_start"":0,""second_width"":0,""size"":8,""special31"":0,""transform"":10}]"	bc	HasHBC,branch_relative,jump
4436	A64/control/compbranch_regs2/CBBGT_8_regs	cbbgt	A64	32	aarchmrs	0x74068001,0x74008000,0x7406bfe1	"[{""access"":1,""addend"":0,""bit_start"":0,""bit_width"":5,""kind"":1,""multiplier"":0,""reg_class"":2,""second_start"":0,""second_width"":0,""size"":4,""special31"":2,""transform"":0},{""access"":1,""addend"":0,""bit_start"":16,""bit_width"":5,""kind"":1,""multiplier"":0,""reg_class"":2,""second_start"":0,""second_width"":0,""size"":4,""special31"":2,""transform"":0},{""access"":1,""addend"":0,""bit_start"":0,""bit_width"":0,""kind"":3,""multiplier"":0,""reg_class"":0,""second_start"":0,""second_width"":0,""size"":8,""special31"":0,""transform"":14}]"		
4437	A64/control/compbranch_regs2/CBBGE_8_regs	cbbge	A64	32	aarchmrs	0x74268001,0x74208000,0x7426bfe1	"[{""access"":1,""addend"":0,""bit_start"":0,""bit_width"":5,""kind"":1,""multiplier"":0,""reg_class"":2,""second_start"":0,""second_width"":0,""size"":4,""special31"":2,""transform"":0},{""access"":1,""addend"":0,""bit_start"":16,""bit_width"":5,""kind"":1,""multiplier"":0,""reg_class"":2,""second_start"":0,""second_width"":0,""size"":4,""special31"":2,""transform"":0},{""access"":1,""addend"":0,""bit_start"":0,""bit_width"":0,""kind"":3,""multiplier"":0,""reg_class"":0,""second_start"":0,""second_width"":0,""size"":8,""special31"":0,""transform"":14}]"		
4438	A64/control/compbranch_regs2/CBBHI_8_regs	cbbhi	A64	32	aarchmrs	0x74468001,0x74408000,0x7446bfe1	"[{""access"":1,""addend"":0,""bit_start"":0,""bit_width"":5,""kind"":1,""multiplier"":0,""reg_class"":2,""second_start"":0,""second_width"":0,""size"":4,""special31"":2,""transform"":0},{""access"":1,""addend"":0,""bit_start"":16,""bit_width"":5,""kind"":1,""multiplier"":0,""reg_class"":2,""second_start"":0,""second_width"":0,""size"":4,""special31"":2,""transform"":0},{""access"":1,""addend"":0,""bit_start"":0,""bit_width"":0,""kind"":3,""multiplier"":0,""reg_class"":0,""second_start"":0,""second_width"":0,""size"":8,""special31"":0,""transform"":14}]"		
4439	A64/control/compbranch_regs2/CBBHS_8_regs	cbbhs	A64	32	aarchmrs	0x74668001,0x74608000,0x7466bfe1	"[{""access"":1,""addend"":0,""bit_start"":0,""bit_width"":5,""kind"":1,""multiplier"":0,""reg_class"":2,""second_start"":0,""second_width"":0,""size"":4,""special31"":2,""transform"":0},{""access"":1,""addend"":0,""bit_start"":16,""bit_width"":5,""kind"":1,""multiplier"":0,""reg_class"":2,""second_start"":0,""second_width"":0,""size"":4,""special31"":2,""transform"":0},{""access"":1,""addend"":0,""bit_start"":0,""bit_width"":0,""kind"":3,""multiplier"":0,""reg_class"":0,""second_start"":0,""second_width"":0,""size"":8,""special31"":0,""transform"":14}]"		
4440	A64/control/compbranch_regs2/CBBEQ_8_regs	cbbeq	A64	32	aarchmrs	0x74c68001,0x74c08000,0x74c6bfe1	"[{""access"":1,""addend"":0,""bit_start"":0,""bit_width"":5,""kind"":1,""multiplier"":0,""reg_class"":2,""second_start"":0,""second_width"":0,""size"":4,""special31"":2,""transform"":0},{""access"":1,""addend"":0,""bit_start"":16,""bit_width"":5,""kind"":1,""multiplier"":0,""reg_class"":2,""second_start"":0,""second_width"":0,""size"":4,""special31"":2,""transform"":0},{""access"":1,""addend"":0,""bit_start"":0,""bit_width"":0,""kind"":3,""multiplier"":0,""reg_class"":0,""second_start"":0,""second_width"":0,""size"":8,""special31"":0,""transform"":14}]"		
4441	A64/control/compbranch_regs2/CBBNE_8_regs	cbbne	A64	32	aarchmrs	0x74e68001,0x74e08000,0x74e6bfe1	"[{""access"":1,""addend"":0,""bit_start"":0,""bit_width"":5,""kind"":1,""multiplier"":0,""reg_class"":2,""second_start"":0,""second_width"":0,""size"":4,""special31"":2,""transform"":0},{""access"":1,""addend"":0,""bit_start"":16,""bit_width"":5,""kind"":1,""multiplier"":0,""reg_class"":2,""second_start"":0,""second_width"":0,""size"":4,""special31"":2,""transform"":0},{""access"":1,""addend"":0,""bit_start"":0,""bit_width"":0,""kind"":3,""multiplier"":0,""reg_class"":0,""second_start"":0,""second_width"":0,""size"":8,""special31"":0,""transform"":14}]"		
4442	A64/control/compbranch_regs2/CBHGT_16_regs	cbhgt	A64	32	aarchmrs	0x7406c001,0x7400c000,0x7406ffe1	"[{""access"":1,""addend"":0,""bit_start"":0,""bit_width"":5,""kind"":1,""multiplier"":0,""reg_class"":2,""second_start"":0,""second_width"":0,""size"":4,""special31"":2,""transform"":0},{""access"":1,""addend"":0,""bit_start"":16,""bit_width"":5,""kind"":1,""multiplier"":0,""reg_class"":2,""second_start"":0,""second_width"":0,""size"":4,""special31"":2,""transform"":0},{""access"":1,""addend"":0,""bit_start"":0,""bit_width"":0,""kind"":3,""multiplier"":0,""reg_class"":0,""second_start"":0,""second_width"":0,""size"":8,""special31"":0,""transform"":14}]"		
4443	A64/control/compbranch_regs2/CBHGE_16_regs	cbhge	A64	32	aarchmrs	0x7426c001,0x7420c000,0x7426ffe1	"[{""access"":1,""addend"":0,""bit_start"":0,""bit_width"":5,""kind"":1,""multiplier"":0,""reg_class"":2,""second_start"":0,""second_width"":0,""size"":4,""special31"":2,""transform"":0},{""access"":1,""addend"":0,""bit_start"":16,""bit_width"":5,""kind"":1,""multiplier"":0,""reg_class"":2,""second_start"":0,""second_width"":0,""size"":4,""special31"":2,""transform"":0},{""access"":1,""addend"":0,""bit_start"":0,""bit_width"":0,""kind"":3,""multiplier"":0,""reg_class"":0,""second_start"":0,""second_width"":0,""size"":8,""special31"":0,""transform"":14}]"		
4444	A64/control/compbranch_regs2/CBHHI_16_regs	cbhhi	A64	32	aarchmrs	0x7446c001,0x7440c000,0x7446ffe1	"[{""access"":1,""addend"":0,""bit_start"":0,""bit_width"":5,""kind"":1,""multiplier"":0,""reg_class"":2,""second_start"":0,""second_width"":0,""size"":4,""special31"":2,""transform"":0},{""access"":1,""addend"":0,""bit_start"":16,""bit_width"":5,""kind"":1,""multiplier"":0,""reg_class"":2,""second_start"":0,""second_width"":0,""size"":4,""special31"":2,""transform"":0},{""access"":1,""addend"":0,""bit_start"":0,""bit_width"":0,""kind"":3,""multiplier"":0,""reg_class"":0,""second_start"":0,""second_width"":0,""size"":8,""special31"":0,""transform"":14}]"		
4445	A64/control/compbranch_regs2/CBHHS_16_regs	cbhhs	A64	32	aarchmrs	0x7466c001,0x7460c000,0x7466ffe1	"[{""access"":1,""addend"":0,""bit_start"":0,""bit_width"":5,""kind"":1,""multiplier"":0,""reg_class"":2,""second_start"":0,""second_width"":0,""size"":4,""special31"":2,""transform"":0},{""access"":1,""addend"":0,""bit_start"":16,""bit_width"":5,""kind"":1,""multiplier"":0,""reg_class"":2,""second_start"":0,""second_width"":0,""size"":4,""special31"":2,""transform"":0},{""access"":1,""addend"":0,""bit_start"":0,""bit_width"":0,""kind"":3,""multiplier"":0,""reg_class"":0,""second_start"":0,""second_width"":0,""size"":8,""special31"":0,""transform"":14}]"		
4446	A64/control/compbranch_regs2/CBHEQ_16_regs	cbheq	A64	32	aarchmrs	0x74c6c001,0x74c0c000,0x74c6ffe1	"[{""access"":1,""addend"":0,""bit_start"":0,""bit_width"":5,""kind"":1,""multiplier"":0,""reg_class"":2,""second_start"":0,""second_width"":0,""size"":4,""special31"":2,""transform"":0},{""access"":1,""addend"":0,""bit_start"":16,""bit_width"":5,""kind"":1,""multiplier"":0,""reg_class"":2,""second_start"":0,""second_width"":0,""size"":4,""special31"":2,""transform"":0},{""access"":1,""addend"":0,""bit_start"":0,""bit_width"":0,""kind"":3,""multiplier"":0,""reg_class"":0,""second_start"":0,""second_width"":0,""size"":8,""special31"":0,""transform"":14}]"		
4447	A64/control/compbranch_regs2/CBHNE_16_regs	cbhne	A64	32	aarchmrs	0x74e6c001,0x74e0c000,0x74e6ffe1	"[{""access"":1,""addend"":0,""bit_start"":0,""bit_width"":5,""kind"":1,""multiplier"":0,""reg_class"":2,""second_start"":0,""second_width"":0,""size"":4,""special31"":2,""transform"":0},{""access"":1,""addend"":0,""bit_start"":16,""bit_width"":5,""kind"":1,""multiplier"":0,""reg_class"":2,""second_start"":0,""second_width"":0,""size"":4,""special31"":2,""transform"":0},{""access"":1,""addend"":0,""bit_start"":0,""bit_width"":0,""kind"":3,""multiplier"":0,""reg_class"":0,""second_start"":0,""second_width"":0,""size"":8,""special31"":0,""transform"":14}]"		
4448	A64/control/exception/SVC_EX_exception	svc	A64	32	capstone	0xd4000021,0xd4000001,0xd4000041,0xd4000061,0xd40fffe1,0xd4100001,0xd41fffc1,0xd41fffe1	"[{""access"":1,""addend"":0,""bit_start"":5,""bit_width"":16,""kind"":2,""multiplier"":1,""reg_class"":0,""second_start"":0,""second_width"":0,""size"":2,""special31"":0,""transform"":0}]"	svc	call,int
4449	A64/control/exception/HVC_EX_exception	hvc	A64	32	capstone	0xd4000022,0xd4000002,0xd4000042,0xd4000062,0xd40fffe2,0xd4100002,0xd41fffc2,0xd41fffe2	"[{""access"":1,""addend"":0,""bit_start"":5,""bit_width"":16,""kind"":2,""multiplier"":1,""reg_class"":0,""second_start"":0,""second_width"":0,""size"":2,""special31"":0,""transform"":0}]"	hvc	call
4450	A64/control/exception/SMC_EX_exception	smc	A64	32	capstone	0xd4000023,0xd4000003,0xd4000043,0xd4000063,0xd40fffe3,0xd4100003,0xd41fffc3,0xd41fffe3	"[{""access"":1,""addend"":0,""bit_start"":5,""bit_width"":16,""kind"":2,""multiplier"":1,""reg_class"":0,""second_start"":0,""second_width"":0,""size"":2,""special31"":0,""transform"":0}]"	smc	HasEL3,call,privilege
4451	A64/control/exception/BRK_EX_exception	brk	A64	32	capstone	0xd4200020,0xd4200000,0xd4200040,0xd4200060,0xd42fffe0,0xd4300000,0xd43fffc0,0xd43fffe0	"[{""access"":1,""addend"":0,""bit_start"":5,""bit_width"":16,""kind"":2,""multiplier"":1,""reg_class"":0,""second_start"":0,""second_width"":0,""size"":2,""special31"":0,""transform"":0}]"	brk	
4452	A64/control/exception/HLT_EX_exception	hlt	A64	32	capstone	0xd4400020,0xd4400000,0xd4400040,0xd4400060,0xd44fffe0,0xd4500000,0xd45fffc0,0xd45fffe0	"[{""access"":1,""addend"":0,""bit_start"":5,""bit_width"":16,""kind"":2,""multiplier"":1,""reg_class"":0,""second_start"":0,""second_width"":0,""size"":2,""special31"":0,""transform"":0}]"	hlt	
4533	A64/control/branch_imm/B_only_branch_imm	b	A64	32	aarchmrs+capstone	0x14000000	"[{""access"":1,""addend"":0,""bit_start"":0,""bit_width"":0,""kind"":3,""multiplier"":0,""reg_class"":0,""second_start"":0,""second_width"":0,""size"":8,""special31"":0,""transform"":11}]"	b	branch_relative,jump
4534	A64/control/branch_imm/BL_only_branch_imm	bl	A64	32	aarchmrs+capstone	0x94000000	"[{""access"":1,""addend"":0,""bit_start"":0,""bit_width"":0,""kind"":3,""multiplier"":0,""reg_class"":0,""second_start"":0,""second_width"":0,""size"":8,""special31"":0,""transform"":11}]"	bl	branch_relative,call
4535	A64/control/compbranch/CBZ_32_compbranch	cbz	A64	32	aarchmrs+capstone	0x34000001,0x34000000,0x34ffffe1	"[{""access"":1,""addend"":0,""bit_start"":0,""bit_width"":5,""kind"":1,""multiplier"":0,""reg_class"":2,""second_start"":0,""second_width"":0,""size"":4,""special31"":2,""transform"":0},{""access"":1,""addend"":0,""bit_start"":0,""bit_width"":0,""kind"":3,""multiplier"":0,""reg_class"":0,""second_start"":0,""second_width"":0,""size"":8,""special31"":0,""transform"":12}]"	cbz	branch_relative,jump
4536	A64/control/compbranch/CBNZ_32_compbranch	cbnz	A64	32	aarchmrs+capstone	0x35000001,0x35000000,0x35ffffe1	"[{""access"":1,""addend"":0,""bit_start"":0,""bit_width"":5,""kind"":1,""multiplier"":0,""reg_class"":2,""second_start"":0,""second_width"":0,""size"":4,""special31"":2,""transform"":0},{""access"":1,""addend"":0,""bit_start"":0,""bit_width"":0,""kind"":3,""multiplier"":0,""reg_class"":0,""second_start"":0,""second_width"":0,""size"":8,""special31"":0,""transform"":12}]"	cbnz	branch_relative,jump
4537	A64/control/compbranch/CBZ_64_compbranch	cbz	A64	32	aarchmrs+capstone	0xb4000001,0xb4000000,0xb4ffffe1	"[{""access"":1,""addend"":0,""bit_start"":0,""bit_width"":5,""kind"":1,""multiplier"":0,""reg_class"":3,""second_start"":0,""second_width"":0,""size"":8,""special31"":4,""transform"":0},{""access"":1,""addend"":0,""bit_start"":0,""bit_width"":0,""kind"":3,""multiplier"":0,""reg_class"":0,""second_start"":0,""second_width"":0,""size"":8,""special31"":0,""transform"":12}]"	cbz	branch_relative,jump
4538	A64/control/compbranch/CBNZ_64_compbranch	cbnz	A64	32	aarchmrs+capstone	0xb5000001,0xb5000000,0xb5ffffe1	"[{""access"":1,""addend"":0,""bit_start"":0,""bit_width"":5,""kind"":1,""multiplier"":0,""reg_class"":3,""second_start"":0,""second_width"":0,""size"":8,""special31"":4,""transform"":0},{""access"":1,""addend"":0,""bit_start"":0,""bit_width"":0,""kind"":3,""multiplier"":0,""reg_class"":0,""second_start"":0,""second_width"":0,""size"":8,""special31"":0,""transform"":12}]"	cbnz	branch_relative,jump
4539	A64/control/compbranch_regs/CBGT_32_regs	cbgt	A64	32	aarchmrs	0x74060001,0x74000000,0x74063fe1	"[{""access"":1,""addend"":0,""bit_start"":0,""bit_width"":5,""kind"":1,""multiplier"":0,""reg_class"":2,""second_start"":0,""second_width"":0,""size"":4,""special31"":2,""transform"":0},{""access"":1,""addend"":0,""bit_start"":16,""bit_width"":5,""kind"":1,""multiplier"":0,""reg_class"":2,""second_start"":0,""second_width"":0,""size"":4,""special31"":2,""transform"":0},{""access"":1,""addend"":0,""bit_start"":0,""bit_width"":0,""kind"":3,""multiplier"":0,""reg_class"":0,""second_start"":0,""second_width"":0,""size"":8,""special31"":0,""transform"":14}]"		
4540	A64/control/compbranch_regs/CBGE_32_regs	cbge	A64	32	aarchmrs	0x74260001,0x74200000,0x74263fe1	"[{""access"":1,""addend"":0,""bit_start"":0,""bit_width"":5,""kind"":1,""multiplier"":0,""reg_class"":2,""second_start"":0,""second_width"":0,""size"":4,""special31"":2,""transform"":0},{""access"":1,""addend"":0,""bit_start"":16,""bit_width"":5,""kind"":1,""multiplier"":0,""reg_class"":2,""second_start"":0,""second_width"":0,""size"":4,""special31"":2,""transform"":0},{""access"":1,""addend"":0,""bit_start"":0,""bit_width"":0,""kind"":3,""multiplier"":0,""reg_class"":0,""second_start"":0,""second_width"":0,""size"":8,""special31"":0,""transform"":14}]"		
4541	A64/control/compbranch_regs/CBHI_32_regs	cbhi	A64	32	aarchmrs	0x74460001,0x74400000,0x74463fe1	"[{""access"":1,""addend"":0,""bit_start"":0,""bit_width"":5,""kind"":1,""multiplier"":0,""reg_class"":2,""second_start"":0,""second_width"":0,""size"":4,""special31"":2,""transform"":0},{""access"":1,""addend"":0,""bit_start"":16,""bit_width"":5,""kind"":1,""multiplier"":0,""reg_class"":2,""second_start"":0,""second_width"":0,""size"":4,""special31"":2,""transform"":0},{""access"":1,""addend"":0,""bit_start"":0,""bit_width"":0,""kind"":3,""multiplier"":0,""reg_class"":0,""second_start"":0,""second_width"":0,""size"":8,""special31"":0,""transform"":14}]"		
4542	A64/control/compbranch_regs/CBHS_32_regs	cbhs	A64	32	aarchmrs	0x74660001,0x74600000,0x74663fe1	"[{""access"":1,""addend"":0,""bit_start"":0,""bit_width"":5,""kind"":1,""multiplier"":0,""reg_class"":2,""second_start"":0,""second_width"":0,""size"":4,""special31"":2,""transform"":0},{""access"":1,""addend"":0,""bit_start"":16,""bit_width"":5,""kind"":1,""multiplier"":0,""reg_class"":2,""second_start"":0,""second_width"":0,""size"":4,""special31"":2,""transform"":0},{""access"":1,""addend"":0,""bit_start"":0,""bit_width"":0,""kind"":3,""multiplier"":0,""reg_class"":0,""second_start"":0,""second_width"":0,""size"":8,""special31"":0,""transform"":14}]"		
4543	A64/control/compbranch_regs/CBEQ_32_regs	cbeq	A64	32	aarchmrs	0x74c60001,0x74c00000,0x74c63fe1	"[{""access"":1,""addend"":0,""bit_start"":0,""bit_width"":5,""kind"":1,""multiplier"":0,""reg_class"":2,""second_start"":0,""second_width"":0,""size"":4,""special31"":2,""transform"":0},{""access"":1,""addend"":0,""bit_start"":16,""bit_width"":5,""kind"":1,""multiplier"":0,""reg_class"":2,""second_start"":0,""second_width"":0,""size"":4,""special31"":2,""transform"":0},{""access"":1,""addend"":0,""bit_start"":0,""bit_width"":0,""kind"":3,""multiplier"":0,""reg_class"":0,""second_start"":0,""second_width"":0,""size"":8,""special31"":0,""transform"":14}]"		
4544	A64/control/compbranch_regs/CBNE_32_regs	cbne	A64	32	aarchmrs	0x74e60001,0x74e00000,0x74e63fe1	"[{""access"":1,""addend"":0,""bit_start"":0,""bit_width"":5,""kind"":1,""multiplier"":0,""reg_class"":2,""second_start"":0,""second_width"":0,""size"":4,""special31"":2,""transform"":0},{""access"":1,""addend"":0,""bit_start"":16,""bit_width"":5,""kind"":1,""multiplier"":0,""reg_class"":2,""second_start"":0,""second_width"":0,""size"":4,""special31"":2,""transform"":0},{""access"":1,""addend"":0,""bit_start"":0,""bit_width"":0,""kind"":3,""multiplier"":0,""reg_class"":0,""second_start"":0,""second_width"":0,""size"":8,""special31"":0,""transform"":14}]"		
4545	A64/control/compbranch_regs/CBGT_64_regs	cbgt	A64	32	aarchmrs	0xf4060001,0xf4000000,0xf4063fe1	"[{""access"":1,""addend"":0,""bit_start"":0,""bit_width"":5,""kind"":1,""multiplier"":0,""reg_class"":3,""second_start"":0,""second_width"":0,""size"":8,""special31"":4,""transform"":0},{""access"":1,""addend"":0,""bit_start"":16,""bit_width"":5,""kind"":1,""multiplier"":0,""reg_class"":3,""second_start"":0,""second_width"":0,""size"":8,""special31"":4,""transform"":0},{""access"":1,""addend"":0,""bit_start"":0,""bit_width"":0,""kind"":3,""multiplier"":0,""reg_class"":0,""second_start"":0,""second_width"":0,""size"":8,""special31"":0,""transform"":14}]"		
4546	A64/control/compbranch_regs/CBGE_64_regs	cbge	A64	32	aarchmrs	0xf4260001,0xf4200000,0xf4263fe1	"[{""access"":1,""addend"":0,""bit_start"":0,""bit_width"":5,""kind"":1,""multiplier"":0,""reg_class"":3,""second_start"":0,""second_width"":0,""size"":8,""special31"":4,""transform"":0},{""access"":1,""addend"":0,""bit_start"":16,""bit_width"":5,""kind"":1,""multiplier"":0,""reg_class"":3,""second_start"":0,""second_width"":0,""size"":8,""special31"":4,""transform"":0},{""access"":1,""addend"":0,""bit_start"":0,""bit_width"":0,""kind"":3,""multiplier"":0,""reg_class"":0,""second_start"":0,""second_width"":0,""size"":8,""special31"":0,""transform"":14}]"		
4547	A64/control/compbranch_regs/CBHI_64_regs	cbhi	A64	32	aarchmrs	0xf4460001,0xf4400000,0xf4463fe1	"[{""access"":1,""addend"":0,""bit_start"":0,""bit_width"":5,""kind"":1,""multiplier"":0,""reg_class"":3,""second_start"":0,""second_width"":0,""size"":8,""special31"":4,""transform"":0},{""access"":1,""addend"":0,""bit_start"":16,""bit_width"":5,""kind"":1,""multiplier"":0,""reg_class"":3,""second_start"":0,""second_width"":0,""size"":8,""special31"":4,""transform"":0},{""access"":1,""addend"":0,""bit_start"":0,""bit_width"":0,""kind"":3,""multiplier"":0,""reg_class"":0,""second_start"":0,""second_width"":0,""size"":8,""special31"":0,""transform"":14}]"		
4548	A64/control/compbranch_regs/CBHS_64_regs	cbhs	A64	32	aarchmrs	0xf4660001,0xf4600000,0xf4663fe1	"[{""access"":1,""addend"":0,""bit_start"":0,""bit_width"":5,""kind"":1,""multiplier"":0,""reg_class"":3,""second_start"":0,""second_width"":0,""size"":8,""special31"":4,""transform"":0},{""access"":1,""addend"":0,""bit_start"":16,""bit_width"":5,""kind"":1,""multiplier"":0,""reg_class"":3,""second_start"":0,""second_width"":0,""size"":8,""special31"":4,""transform"":0},{""access"":1,""addend"":0,""bit_start"":0,""bit_width"":0,""kind"":3,""multiplier"":0,""reg_class"":0,""second_start"":0,""second_width"":0,""size"":8,""special31"":0,""transform"":14}]"		
4549	A64/control/compbranch_regs/CBEQ_64_regs	cbeq	A64	32	aarchmrs	0xf4c60001,0xf4c00000,0xf4c63fe1	"[{""access"":1,""addend"":0,""bit_start"":0,""bit_width"":5,""kind"":1,""multiplier"":0,""reg_class"":3,""second_start"":0,""second_width"":0,""size"":8,""special31"":4,""transform"":0},{""access"":1,""addend"":0,""bit_start"":16,""bit_width"":5,""kind"":1,""multiplier"":0,""reg_class"":3,""second_start"":0,""second_width"":0,""size"":8,""special31"":4,""transform"":0},{""access"":1,""addend"":0,""bit_start"":0,""bit_width"":0,""kind"":3,""multiplier"":0,""reg_class"":0,""second_start"":0,""second_width"":0,""size"":8,""special31"":0,""transform"":14}]"		
4550	A64/control/compbranch_regs/CBNE_64_regs	cbne	A64	32	aarchmrs	0xf4e60001,0xf4e00000,0xf4e63fe1	"[{""access"":1,""addend"":0,""bit_start"":0,""bit_width"":5,""kind"":1,""multiplier"":0,""reg_class"":3,""second_start"":0,""second_width"":0,""size"":8,""special31"":4,""transform"":0},{""access"":1,""addend"":0,""bit_start"":16,""bit_width"":5,""kind"":1,""multiplier"":0,""reg_class"":3,""second_start"":0,""second_width"":0,""size"":8,""special31"":4,""transform"":0},{""access"":1,""addend"":0,""bit_start"":0,""bit_width"":0,""kind"":3,""multiplier"":0,""reg_class"":0,""second_start"":0,""second_width"":0,""size"":8,""special31"":0,""transform"":14}]"		
4551	A64/control/compbranch_imm/CBGT_32_imm	cbgt	A64	32	aarchmrs	0x75008001,0x75000000,0x751fbfe1	"[{""access"":1,""addend"":0,""bit_start"":0,""bit_width"":5,""kind"":1,""multiplier"":0,""reg_class"":2,""second_start"":0,""second_width"":0,""size"":4,""special31"":2,""transform"":0},{""access"":1,""addend"":0,""bit_start"":15,""bit_width"":6,""kind"":2,""multiplier"":1,""reg_class"":0,""second_start"":0,""second_width"":0,""size"":4,""special31"":0,""transform"":0},{""access"":1,""addend"":0,""bit_start"":0,""bit_width"":0,""kind"":3,""multiplier"":0,""reg_class"":0,""second_start"":0,""second_width"":0,""size"":8,""special31"":0,""transform"":14}]"		
4552	A64/control/compbranch_imm/CBLT_32_imm	cblt	A64	32	aarchmrs	0x75208001,0x75200000,0x753fbfe1	"[{""access"":1,""addend"":0,""bit_start"":0,""bit_width"":5,""kind"":1,""multiplier"":0,""reg_class"":2,""second_start"":0,""second_width"":0,""size"":4,""special31"":2,""transform"":0},{""access"":1,""addend"":0,""bit_start"":15,""bit_width"":6,""kind"":2,""multiplier"":1,""reg_class"":0,""second_start"":0,""second_width"":0,""size"":4,""special31"":0,""transform"":0},{""access"":1,""addend"":0,""bit_start"":0,""bit_width"":0,""kind"":3,""multiplier"":0,""reg_class"":0,""second_start"":0,""second_width"":0,""size"":8,""special31"":0,""transform"":14}]"		
4553	A64/control/compbranch_imm/CBHI_32_imm	cbhi	A64	32	aarchmrs	0x75408001,0x75400000,0x755fbfe1	"[{""access"":1,""addend"":0,""bit_start"":0,""bit_width"":5,""kind"":1,""multiplier"":0,""reg_class"":2,""second_start"":0,""second_width"":0,""size"":4,""special31"":2,""transform"":0},{""access"":1,""addend"":0,""bit_start"":15,""bit_width"":6,""kind"":2,""multiplier"":1,""reg_class"":0,""second_start"":0,""second_width"":0,""size"":4,""special31"":0,""transform"":0},{""access"":1,""addend"":0,""bit_start"":0,""bit_width"":0,""kind"":3,""multiplier"":0,""reg_class"":0,""second_start"":0,""second_width"":0,""size"":8,""special31"":0,""transform"":14}]"		
4554	A64/control/compbranch_imm/CBLO_32_imm	cblo	A64	32	aarchmrs	0x75608001,0x75600000,0x757fbfe1	"[{""access"":1,""addend"":0,""bit_start"":0,""bit_width"":5,""kind"":1,""multiplier"":0,""reg_class"":2,""second_start"":0,""second_width"":0,""size"":4,""special31"":2,""transform"":0},{""access"":1,""addend"":0,""bit_start"":15,""bit_width"":6,""kind"":2,""multiplier"":1,""reg_class"":0,""second_start"":0,""second_width"":0,""size"":4,""special31"":0,""transform"":0},{""access"":1,""addend"":0,""bit_start"":0,""bit_width"":0,""kind"":3,""multiplier"":0,""reg_class"":0,""second_start"":0,""second_width"":0,""size"":8,""special31"":0,""transform"":14}]"		
4555	A64/control/compbranch_imm/CBEQ_32_imm	cbeq	A64	32	aarchmrs	0x75c08001,0x75c00000,0x75dfbfe1	"[{""access"":1,""addend"":0,""bit_start"":0,""bit_width"":5,""kind"":1,""multiplier"":0,""reg_class"":2,""second_start"":0,""second_width"":0,""size"":4,""special31"":2,""transform"":0},{""access"":1,""addend"":0,""bit_start"":15,""bit_width"":6,""kind"":2,""multiplier"":1,""reg_class"":0,""second_start"":0,""second_width"":0,""size"":4,""special31"":0,""transform"":0},{""access"":1,""addend"":0,""bit_start"":0,""bit_width"":0,""kind"":3,""multiplier"":0,""reg_class"":0,""second_start"":0,""second_width"":0,""size"":8,""special31"":0,""transform"":14}]"		
4556	A64/control/compbranch_imm/CBNE_32_imm	cbne	A64	32	aarchmrs	0x75e08001,0x75e00000,0x75ffbfe1	"[{""access"":1,""addend"":0,""bit_start"":0,""bit_width"":5,""kind"":1,""multiplier"":0,""reg_class"":2,""second_start"":0,""second_width"":0,""size"":4,""special31"":2,""transform"":0},{""access"":1,""addend"":0,""bit_start"":15,""bit_width"":6,""kind"":2,""multiplier"":1,""reg_class"":0,""second_start"":0,""second_width"":0,""size"":4,""special31"":0,""transform"":0},{""access"":1,""addend"":0,""bit_start"":0,""bit_width"":0,""kind"":3,""multiplier"":0,""reg_class"":0,""second_start"":0,""second_width"":0,""size"":8,""special31"":0,""transform"":14}]"		
4557	A64/control/compbranch_imm/CBGT_64_imm	cbgt	A64	32	aarchmrs	0xf5008001,0xf5000000,0xf51fbfe1	"[{""access"":1,""addend"":0,""bit_start"":0,""bit_width"":5,""kind"":1,""multiplier"":0,""reg_class"":3,""second_start"":0,""second_width"":0,""size"":8,""special31"":4,""transform"":0},{""access"":1,""addend"":0,""bit_start"":15,""bit_width"":6,""kind"":2,""multiplier"":1,""reg_class"":0,""second_start"":0,""second_width"":0,""size"":8,""special31"":0,""transform"":0},{""access"":1,""addend"":0,""bit_start"":0,""bit_width"":0,""kind"":3,""multiplier"":0,""reg_class"":0,""second_start"":0,""second_width"":0,""size"":8,""special31"":0,""transform"":14}]"		
4558	A64/control/compbranch_imm/CBLT_64_imm	cblt	A64	32	aarchmrs	0xf5208001,0xf5200000,0xf53fbfe1	"[{""access"":1,""addend"":0,""bit_start"":0,""bit_width"":5,""kind"":1,""multiplier"":0,""reg_class"":3,""second_start"":0,""second_width"":0,""size"":8,""special31"":4,""transform"":0},{""access"":1,""addend"":0,""bit_start"":15,""bit_width"":6,""kind"":2,""multiplier"":1,""reg_class"":0,""second_start"":0,""second_width"":0,""size"":8,""special31"":0,""transform"":0},{""access"":1,""addend"":0,""bit_start"":0,""bit_width"":0,""kind"":3,""multiplier"":0,""reg_class"":0,""second_start"":0,""second_width"":0,""size"":8,""special31"":0,""transform"":14}]"		
4559	A64/control/compbranch_imm/CBHI_64_imm	cbhi	A64	32	aarchmrs	0xf5408001,0xf5400000,0xf55fbfe1	"[{""access"":1,""addend"":0,""bit_start"":0,""bit_width"":5,""kind"":1,""multiplier"":0,""reg_class"":3,""second_start"":0,""second_width"":0,""size"":8,""special31"":4,""transform"":0},{""access"":1,""addend"":0,""bit_start"":15,""bit_width"":6,""kind"":2,""multiplier"":1,""reg_class"":0,""second_start"":0,""second_width"":0,""size"":8,""special31"":0,""transform"":0},{""access"":1,""addend"":0,""bit_start"":0,""bit_width"":0,""kind"":3,""multiplier"":0,""reg_class"":0,""second_start"":0,""second_width"":0,""size"":8,""special31"":0,""transform"":14}]"		
4560	A64/control/compbranch_imm/CBLO_64_imm	cblo	A64	32	aarchmrs	0xf5608001,0xf5600000,0xf57fbfe1	"[{""access"":1,""addend"":0,""bit_start"":0,""bit_width"":5,""kind"":1,""multiplier"":0,""reg_class"":3,""second_start"":0,""second_width"":0,""size"":8,""special31"":4,""transform"":0},{""access"":1,""addend"":0,""bit_start"":15,""bit_width"":6,""kind"":2,""multiplier"":1,""reg_class"":0,""second_start"":0,""second_width"":0,""size"":8,""special31"":0,""transform"":0},{""access"":1,""addend"":0,""bit_start"":0,""bit_width"":0,""kind"":3,""multiplier"":0,""reg_class"":0,""second_start"":0,""second_width"":0,""size"":8,""special31"":0,""transform"":14}]"		
4561	A64/control/compbranch_imm/CBEQ_64_imm	cbeq	A64	32	aarchmrs	0xf5c08001,0xf5c00000,0xf5dfbfe1	"[{""access"":1,""addend"":0,""bit_start"":0,""bit_width"":5,""kind"":1,""multiplier"":0,""reg_class"":3,""second_start"":0,""second_width"":0,""size"":8,""special31"":4,""transform"":0},{""access"":1,""addend"":0,""bit_start"":15,""bit_width"":6,""kind"":2,""multiplier"":1,""reg_class"":0,""second_start"":0,""second_width"":0,""size"":8,""special31"":0,""transform"":0},{""access"":1,""addend"":0,""bit_start"":0,""bit_width"":0,""kind"":3,""multiplier"":0,""reg_class"":0,""second_start"":0,""second_width"":0,""size"":8,""special31"":0,""transform"":14}]"		
4562	A64/control/compbranch_imm/CBNE_64_imm	cbne	A64	32	aarchmrs	0xf5e08001,0xf5e00000,0xf5ffbfe1	"[{""access"":1,""addend"":0,""bit_start"":0,""bit_width"":5,""kind"":1,""multiplier"":0,""reg_class"":3,""second_start"":0,""second_width"":0,""size"":8,""special31"":4,""transform"":0},{""access"":1,""addend"":0,""bit_start"":15,""bit_width"":6,""kind"":2,""multiplier"":1,""reg_class"":0,""second_start"":0,""second_width"":0,""size"":8,""special31"":0,""transform"":0},{""access"":1,""addend"":0,""bit_start"":0,""bit_width"":0,""kind"":3,""multiplier"":0,""reg_class"":0,""second_start"":0,""second_width"":0,""size"":8,""special31"":0,""transform"":14}]"		
4563	A64/control/testbranch/TBZ_only_testbranch	tbz	A64	32	aarchmrs+capstone	0x36080001,0x36000000,0x360fffe1	"[{""access"":1,""addend"":0,""bit_start"":0,""bit_width"":5,""kind"":4,""multiplier"":0,""reg_class"":7,""second_start"":31,""second_width"":1,""size"":0,""special31"":6,""transform"":0},{""access"":1,""addend"":0,""bit_start"":19,""bit_width"":5,""kind"":2,""multiplier"":1,""reg_class"":0,""second_start"":31,""second_width"":1,""size"":1,""special31"":0,""transform"":2},{""access"":1,""addend"":0,""bit_start"":0,""bit_width"":0,""kind"":3,""multiplier"":0,""reg_class"":0,""second_start"":0,""second_width"":0,""size"":8,""special31"":0,""transform"":13}]"	tbz	branch_relative,jump
4564	A64/control/testbranch/TBNZ_only_testbranch	tbnz	A64	32	aarchmrs+capstone	0x37080001,0x37000000,0x370fffe1	"[{""access"":1,""addend"":0,""bit_start"":0,""bit_width"":5,""kind"":4,""multiplier"":0,""reg_class"":7,""second_start"":31,""second_width"":1,""size"":0,""special31"":6,""transform"":0},{""access"":1,""addend"":0,""bit_start"":19,""bit_width"":5,""kind"":2,""multiplier"":1,""reg_class"":0,""second_start"":31,""second_width"":1,""size"":1,""special31"":0,""transform"":2},{""access"":1,""addend"":0,""bit_start"":0,""bit_width"":0,""kind"":3,""multiplier"":0,""reg_class"":0,""second_start"":0,""second_width"":0,""size"":8,""special31"":0,""transform"":13}]"	tbnz	branch_relative,jump
4882	A64/ldst/ldapstl_unscaled/STLURB_32_ldapstl_unscaled	stlurb	A64	32	aarchmrs	0x190010c1,0x190010e2,0x1900120b,0x190013be,0x190010df,0x190013e1,0x190000c1,0x190020c1,0x190030c1,0x190ff0c1,0x191000c1,0x191fe0c1,0x191ff0c1	"[{""access"":1,""addend"":0,""bit_start"":0,""bit_width"":5,""kind"":1,""multiplier"":0,""reg_class"":2,""second_start"":0,""second_width"":0,""size"":4,""special31"":2,""transform"":0},{""access"":2,""addend"":0,""bit_start"":5,""bit_width"":5,""kind"":5,""multiplier"":1,""reg_class"":3,""second_start"":12,""second_width"":9,""size"":1,""special31"":5,""transform"":1}]"		
4883	A64/ldst/ldapstl_unscaled/LDAPURB_32_ldapstl_unscaled	ldapurb	A64	32	capstone	0x194010c1,0x194010e2,0x1940120b,0x194013be,0x194010df,0x194013e1,0x194000c1,0x194020c1,0x194030c1,0x194ff0c1,0x195000c1,0x195fe0c1,0x195ff0c1	"[{""access"":2,""addend"":0,""bit_start"":0,""bit_width"":5,""kind"":1,""multiplier"":0,""reg_class"":2,""second_start"":0,""second_width"":0,""size"":4,""special31"":2,""transform"":0},{""access"":1,""addend"":0,""bit_start"":5,""bit_width"":5,""kind"":5,""multiplier"":1,""reg_class"":3,""second_start"":12,""second_width"":9,""size"":1,""special31"":5,""transform"":1}]"	ldapurb	HasRCPC_IMMO
4884	A64/ldst/ldapstl_unscaled/LDAPURSB_64_ldapstl_unscaled	ldapursb	A64	32	capstone	0x198010c1,0x198010e2,0x1980120b,0x198013be,0x198010df,0x198013e1,0x198000c1,0x198020c1,0x198030c1,0x198ff0c1,0x199000c1,0x199fe0c1,0x199ff0c1	"[{""access"":2,""addend"":0,""bit_start"":0,""bit_width"":5,""kind"":1,""multiplier"":0,""reg_class"":3,""second_start"":0,""second_width"":0,""size"":8,""special31"":4,""transform"":0},{""access"":1,""addend"":0,""bit_start"":5,""bit_width"":5,""kind"":5,""multiplier"":1,""reg_class"":3,""second_start"":12,""second_width"":9,""size"":1,""special31"":5,""transform"":1}]"	ldapursb	HasRCPC_IMMO
4885	A64/ldst/ldapstl_unscaled/LDAPURSB_32_ldapstl_unscaled	ldapursb	A64	32	capstone	0x19c010c1,0x19c010e2,0x19c0120b,0x19c013be,0x19c010df,0x19c013e1,0x19c000c1,0x19c020c1,0x19c030c1,0x19cff0c1,0x19d000c1,0x19dfe0c1,0x19dff0c1	"[{""access"":2,""addend"":0,""bit_start"":0,""bit_width"":5,""kind"":1,""multiplier"":0,""reg_class"":2,""second_start"":0,""second_width"":0,""size"":4,""special31"":2,""transform"":0},{""access"":1,""addend"":0,""bit_start"":5,""bit_width"":5,""kind"":5,""multiplier"":1,""reg_class"":3,""second_start"":12,""second_width"":9,""size"":1,""special31"":5,""transform"":1}]"	ldapursb	HasRCPC_IMMO
4886	A64/ldst/ldapstl_unscaled/STLURH_32_ldapstl_unscaled	stlurh	A64	32	aarchmrs	0x590010c1,0x590010e2,0x5900120b,0x590013be,0x590010df,0x590013e1,0x590000c1,0x590020c1,0x590030c1,0x590ff0c1,0x591000c1,0x591fe0c1,0x591ff0c1	"[{""access"":1,""addend"":0,""bit_start"":0,""bit_width"":5,""kind"":1,""multiplier"":0,""reg_class"":2,""second_start"":0,""second_width"":0,""size"":4,""special31"":2,""transform"":0},{""access"":2,""addend"":0,""bit_start"":5,""bit_width"":5,""kind"":5,""multiplier"":1,""reg_class"":3,""second_start"":12,""second_width"":9,""size"":2,""special31"":5,""transform"":1}]"		
4887	A64/ldst/ldapstl_unscaled/LDAPURH_32_ldapstl_unscaled	ldapurh	A64	32	capstone	0x594010c1,0x594010e2,0x5940120b,0x594013be,0x594010df,0x594013e1,0x594000c1,0x594020c1,0x594030c1,0x594ff0c1,0x595000c1,0x595fe0c1,0x595ff0c1	"[{""access"":2,""addend"":0,""bit_start"":0,""bit_width"":5,""kind"":1,""multiplier"":0,""reg_class"":2,""second_start"":0,""second_width"":0,""size"":4,""special31"":2,""transform"":0},{""access"":1,""addend"":0,""bit_start"":5,""bit_width"":5,""kind"":5,""multiplier"":1,""reg_class"":3,""second_start"":12,""second_width"":9,""size"":2,""special31"":5,""transform"":1}]"	ldapurh	HasRCPC_IMMO
4888	A64/ldst/ldapstl_unscaled/LDAPURSH_64_ldapstl_unscaled	ldapursh	A64	32	capstone	0x598010c1,0x598010e2,0x5980120b,0x598013be,0x598010df,0x598013e1,0x598000c1,0x598020c1,0x598030c1,0x598ff0c1,0x599000c1,0x599fe0c1,0x599ff0c1	"[{""access"":2,""addend"":0,""bit_start"":0,""bit_width"":5,""kind"":1,""multiplier"":0,""reg_class"":3,""second_start"":0,""second_width"":0,""size"":8,""special31"":4,""transform"":0},{""access"":1,""addend"":0,""bit_start"":5,""bit_width"":5,""kind"":5,""multiplier"":1,""reg_class"":3,""second_start"":12,""second_width"":9,""size"":2,""special31"":5,""transform"":1}]"	ldapursh	HasRCPC_IMMO
4889	A64/ldst/ldapstl_unscaled/LDAPURSH_32_ldapstl_unscaled	ldapursh	A64	32	capstone	0x59c010c1,0x59c010e2,0x59c0120b,0x59c013be,0x59c010df,0x59c013e1,0x59c000c1,0x59c020c1,0x59c030c1,0x59cff0c1,0x59d000c1,0x59dfe0c1,0x59dff0c1	"[{""access"":2,""addend"":0,""bit_start"":0,""bit_width"":5,""kind"":1,""multiplier"":0,""reg_class"":2,""second_start"":0,""second_width"":0,""size"":4,""special31"":2,""transform"":0},{""access"":1,""addend"":0,""bit_start"":5,""bit_width"":5,""kind"":5,""multiplier"":1,""reg_class"":3,""second_start"":12,""second_width"":9,""size"":2,""special31"":5,""transform"":1}]"	ldapursh	HasRCPC_IMMO
4890	A64/ldst/ldapstl_unscaled/STLUR_32_ldapstl_unscaled	stlur	A64	32	aarchmrs	0x990010c1,0x990010e2,0x9900120b,0x990013be,0x990010df,0x990013e1,0x990000c1,0x990020c1,0x990030c1,0x990ff0c1,0x991000c1,0x991fe0c1,0x991ff0c1	"[{""access"":1,""addend"":0,""bit_start"":0,""bit_width"":5,""kind"":1,""multiplier"":0,""reg_class"":2,""second_start"":0,""second_width"":0,""size"":4,""special31"":2,""transform"":0},{""access"":2,""addend"":0,""bit_start"":5,""bit_width"":5,""kind"":5,""multiplier"":1,""reg_class"":3,""second_start"":12,""second_width"":9,""size"":4,""special31"":5,""transform"":1}]"		
4891	A64/ldst/ldapstl_unscaled/LDAPUR_32_ldapstl_unscaled	ldapur	A64	32	capstone	0x994010c1,0x994010e2,0x9940120b,0x994013be,0x994010df,0x994013e1,0x994000c1,0x994020c1,0x994030c1,0x994ff0c1,0x995000c1,0x995fe0c1,0x995ff0c1	"[{""access"":2,""addend"":0,""bit_start"":0,""bit_width"":5,""kind"":1,""multiplier"":0,""reg_class"":2,""second_start"":0,""second_width"":0,""size"":4,""special31"":2,""transform"":0},{""access"":1,""addend"":0,""bit_start"":5,""bit_width"":5,""kind"":5,""multiplier"":1,""reg_class"":3,""second_start"":12,""second_width"":9,""size"":4,""special31"":5,""transform"":1}]"	ldapur	HasRCPC_IMMO
4892	A64/ldst/ldapstl_unscaled/LDAPURSW_64_ldapstl_unscaled	ldapursw	A64	32	capstone	0x998010c1,0x998010e2,0x9980120b,0x998013be,0x998010df,0x998013e1,0x998000c1,0x998020c1,0x998030c1,0x998ff0c1,0x999000c1,0x999fe0c1,0x999ff0c1	"[{""access"":2,""addend"":0,""bit_start"":0,""bit_width"":5,""kind"":1,""multiplier"":0,""reg_class"":3,""second_start"":0,""second_width"":0,""size"":8,""special31"":4,""transform"":0},{""access"":1,""addend"":0,""bit_start"":5,""bit_width"":5,""kind"":5,""multiplier"":1,""reg_class"":3,""second_start"":12,""second_width"":9,""size"":4,""special31"":5,""transform"":1}]"	ldapursw	HasRCPC_IMMO
4893	A64/ldst/ldapstl_unscaled/STLUR_64_ldapstl_unscaled	stlur	A64	32	aarchmrs	0xd90010c1,0xd90010e2,0xd900120b,0xd90013be,0xd90010df,0xd90013e1,0xd90000c1,0xd90020c1,0xd90030c1,0xd90ff0c1,0xd91000c1,0xd91fe0c1,0xd91ff0c1	"[{""access"":1,""addend"":0,""bit_start"":0,""bit_width"":5,""kind"":1,""multiplier"":0,""reg_class"":3,""second_start"":0,""second_width"":0,""size"":8,""special31"":4,""transform"":0},{""access"":2,""addend"":0,""bit_start"":5,""bit_width"":5,""kind"":5,""multiplier"":1,""reg_class"":3,""second_start"":12,""second_width"":9,""size"":8,""special31"":5,""transform"":1}]"		
4894	A64/ldst/ldapstl_unscaled/LDAPUR_64_ldapstl_unscaled	ldapur	A64	32	capstone	0xd94010c1,0xd94010e2,0xd940120b,0xd94013be,0xd94010df,0xd94013e1,0xd94000c1,0xd94020c1,0xd94030c1,0xd94ff0c1,0xd95000c1,0xd95fe0c1,0xd95ff0c1	"[{""access"":2,""addend"":0,""bit_start"":0,""bit_width"":5,""kind"":1,""multiplier"":0,""reg_class"":3,""second_start"":0,""second_width"":0,""size"":8,""special31"":4,""transform"":0},{""access"":1,""addend"":0,""bit_start"":5,""bit_width"":5,""kind"":5,""multiplier"":1,""reg_class"":3,""second_start"":12,""second_width"":9,""size"":8,""special31"":5,""transform"":1}]"	ldapur	HasRCPC_IMMO
5138	A64/ldst/ldst_unscaled/STURB_32_ldst_unscaled	sturb	A64	32	capstone	0x380010c1,0x380010e2,0x3800120b,0x380013be,0x380010df,0x380013e1,0x380000c1,0x380020c1,0x380030c1,0x380ff0c1,0x381000c1,0x381fe0c1,0x381ff0c1	"[{""access"":1,""addend"":0,""bit_start"":0,""bit_width"":5,""kind"":1,""multiplier"":0,""reg_class"":2,""second_start"":0,""second_width"":0,""size"":4,""special31"":2,""transform"":0},{""access"":2,""addend"":0,""bit_start"":5,""bit_width"":5,""kind"":5,""multiplier"":1,""reg_class"":3,""second_start"":12,""second_width"":9,""size"":1,""special31"":5,""transform"":1}]"	sturb	
5139	A64/ldst/ldst_unscaled/LDURB_32_ldst_unscaled	ldurb	A64	32	capstone	0x384010c1,0x384010e2,0x3840120b,0x384013be,0x384010df,0x384013e1,0x384000c1,0x384020c1,0x384030c1,0x384ff0c1,0x385000c1,0x385fe0c1,0x385ff0c1	"[{""access"":2,""addend"":0,""bit_start"":0,""bit_width"":5,""kind"":1,""multiplier"":0,""reg_class"":2,""second_start"":0,""second_width"":0,""size"":4,""special31"":2,""transform"":0},{""access"":1,""addend"":0,""bit_start"":5,""bit_width"":5,""kind"":5,""multiplier"":1,""reg_class"":3,""second_start"":12,""second_width"":9,""size"":1,""special31"":5,""transform"":1}]"	ldurb	
5140	A64/ldst/ldst_unscaled/LDURSB_64_ldst_unscaled	ldursb	A64	32	capstone	0x388010c1,0x388010e2,0x3880120b,0x388013be,0x388010df,0x388013e1,0x388000c1,0x388020c1,0x388030c1,0x388ff0c1,0x389000c1,0x389fe0c1,0x389ff0c1	"[{""access"":2,""addend"":0,""bit_start"":0,""bit_width"":5,""kind"":1,""multiplier"":0,""reg_class"":3,""second_start"":0,""second_width"":0,""size"":8,""special31"":4,""transform"":0},{""access"":1,""addend"":0,""bit_start"":5,""bit_width"":5,""kind"":5,""multiplier"":1,""reg_class"":3,""second_start"":12,""second_width"":9,""size"":1,""special31"":5,""transform"":1}]"	ldursb	
5141	A64/ldst/ldst_unscaled/LDURSB_32_ldst_unscaled	ldursb	A64	32	capstone	0x38c010c1,0x38c010e2,0x38c0120b,0x38c013be,0x38c010df,0x38c013e1,0x38c000c1,0x38c020c1,0x38c030c1,0x38cff0c1,0x38d000c1,0x38dfe0c1,0x38dff0c1	"[{""access"":2,""addend"":0,""bit_start"":0,""bit_width"":5,""kind"":1,""multiplier"":0,""reg_class"":2,""second_start"":0,""second_width"":0,""size"":4,""special31"":2,""transform"":0},{""access"":1,""addend"":0,""bit_start"":5,""bit_width"":5,""kind"":5,""multiplier"":1,""reg_class"":3,""second_start"":12,""second_width"":9,""size"":1,""special31"":5,""transform"":1}]"	ldursb	
5146	A64/ldst/ldst_unscaled/STURH_32_ldst_unscaled	sturh	A64	32	capstone	0x780010c1,0x780010e2,0x7800120b,0x780013be,0x780010df,0x780013e1,0x780000c1,0x780020c1,0x780030c1,0x780ff0c1,0x781000c1,0x781fe0c1,0x781ff0c1	"[{""access"":1,""addend"":0,""bit_start"":0,""bit_width"":5,""kind"":1,""multiplier"":0,""reg_class"":2,""second_start"":0,""second_width"":0,""size"":4,""special31"":2,""transform"":0},{""access"":2,""addend"":0,""bit_start"":5,""bit_width"":5,""kind"":5,""multiplier"":1,""reg_class"":3,""second_start"":12,""second_width"":9,""size"":2,""special31"":5,""transform"":1}]"	sturh	
5147	A64/ldst/ldst_unscaled/LDURH_32_ldst_unscaled	ldurh	A64	32	capstone	0x784010c1,0x784010e2,0x7840120b,0x784013be,0x784010df,0x784013e1,0x784000c1,0x784020c1,0x784030c1,0x784ff0c1,0x785000c1,0x785fe0c1,0x785ff0c1	"[{""access"":2,""addend"":0,""bit_start"":0,""bit_width"":5,""kind"":1,""multiplier"":0,""reg_class"":2,""second_start"":0,""second_width"":0,""size"":4,""special31"":2,""transform"":0},{""access"":1,""addend"":0,""bit_start"":5,""bit_width"":5,""kind"":5,""multiplier"":1,""reg_class"":3,""second_start"":12,""second_width"":9,""size"":2,""special31"":5,""transform"":1}]"	ldurh	
5148	A64/ldst/ldst_unscaled/LDURSH_64_ldst_unscaled	ldursh	A64	32	capstone	0x788010c1,0x788010e2,0x7880120b,0x788013be,0x788010df,0x788013e1,0x788000c1,0x788020c1,0x788030c1,0x788ff0c1,0x789000c1,0x789fe0c1,0x789ff0c1	"[{""access"":2,""addend"":0,""bit_start"":0,""bit_width"":5,""kind"":1,""multiplier"":0,""reg_class"":3,""second_start"":0,""second_width"":0,""size"":8,""special31"":4,""transform"":0},{""access"":1,""addend"":0,""bit_start"":5,""bit_width"":5,""kind"":5,""multiplier"":1,""reg_class"":3,""second_start"":12,""second_width"":9,""size"":2,""special31"":5,""transform"":1}]"	ldursh	
5149	A64/ldst/ldst_unscaled/LDURSH_32_ldst_unscaled	ldursh	A64	32	capstone	0x78c010c1,0x78c010e2,0x78c0120b,0x78c013be,0x78c010df,0x78c013e1,0x78c000c1,0x78c020c1,0x78c030c1,0x78cff0c1,0x78d000c1,0x78dfe0c1,0x78dff0c1	"[{""access"":2,""addend"":0,""bit_start"":0,""bit_width"":5,""kind"":1,""multiplier"":0,""reg_class"":2,""second_start"":0,""second_width"":0,""size"":4,""special31"":2,""transform"":0},{""access"":1,""addend"":0,""bit_start"":5,""bit_width"":5,""kind"":5,""multiplier"":1,""reg_class"":3,""second_start"":12,""second_width"":9,""size"":2,""special31"":5,""transform"":1}]"	ldursh	
5152	A64/ldst/ldst_unscaled/STUR_32_ldst_unscaled	stur	A64	32	capstone	0xb80010c1,0xb80010e2,0xb800120b,0xb80013be,0xb80010df,0xb80013e1,0xb80000c1,0xb80020c1,0xb80030c1,0xb80ff0c1,0xb81000c1,0xb81fe0c1,0xb81ff0c1	"[{""access"":1,""addend"":0,""bit_start"":0,""bit_width"":5,""kind"":1,""multiplier"":0,""reg_class"":2,""second_start"":0,""second_width"":0,""size"":4,""special31"":2,""transform"":0},{""access"":2,""addend"":0,""bit_start"":5,""bit_width"":5,""kind"":5,""multiplier"":1,""reg_class"":3,""second_start"":12,""second_width"":9,""size"":4,""special31"":5,""transform"":1}]"	stur	
5153	A64/ldst/ldst_unscaled/LDUR_32_ldst_unscaled	ldur	A64	32	capstone	0xb84010c1,0xb84010e2,0xb840120b,0xb84013be,0xb84010df,0xb84013e1,0xb84000c1,0xb84020c1,0xb84030c1,0xb84ff0c1,0xb85000c1,0xb85fe0c1,0xb85ff0c1	"[{""access"":2,""addend"":0,""bit_start"":0,""bit_width"":5,""kind"":1,""multiplier"":0,""reg_class"":2,""second_start"":0,""second_width"":0,""size"":4,""special31"":2,""transform"":0},{""access"":1,""addend"":0,""bit_start"":5,""bit_width"":5,""kind"":5,""multiplier"":1,""reg_class"":3,""second_start"":12,""second_width"":9,""size"":4,""special31"":5,""transform"":1}]"	ldur	
5154	A64/ldst/ldst_unscaled/LDURSW_64_ldst_unscaled	ldursw	A64	32	capstone	0xb88010c1,0xb88010e2,0xb880120b,0xb88013be,0xb88010df,0xb88013e1,0xb88000c1,0xb88020c1,0xb88030c1,0xb88ff0c1,0xb89000c1,0xb89fe0c1,0xb89ff0c1	"[{""access"":2,""addend"":0,""bit_start"":0,""bit_width"":5,""kind"":1,""multiplier"":0,""reg_class"":3,""second_start"":0,""second_width"":0,""size"":8,""special31"":4,""transform"":0},{""access"":1,""addend"":0,""bit_start"":5,""bit_width"":5,""kind"":5,""multiplier"":1,""reg_class"":3,""second_start"":12,""second_width"":9,""size"":4,""special31"":5,""transform"":1}]"	ldursw	
5157	A64/ldst/ldst_unscaled/STUR_64_ldst_unscaled	stur	A64	32	capstone	0xf80010c1,0xf80010e2,0xf800120b,0xf80013be,0xf80010df,0xf80013e1,0xf80000c1,0xf80020c1,0xf80030c1,0xf80ff0c1,0xf81000c1,0xf81fe0c1,0xf81ff0c1	"[{""access"":1,""addend"":0,""bit_start"":0,""bit_width"":5,""kind"":1,""multiplier"":0,""reg_class"":3,""second_start"":0,""second_width"":0,""size"":8,""special31"":4,""transform"":0},{""access"":2,""addend"":0,""bit_start"":5,""bit_width"":5,""kind"":5,""multiplier"":1,""reg_class"":3,""second_start"":12,""second_width"":9,""size"":8,""special31"":5,""transform"":1}]"	stur	
5158	A64/ldst/ldst_unscaled/LDUR_64_ldst_unscaled	ldur	A64	32	capstone	0xf84010c1,0xf84010e2,0xf840120b,0xf84013be,0xf84010df,0xf84013e1,0xf84000c1,0xf84020c1,0xf84030c1,0xf84ff0c1,0xf85000c1,0xf85fe0c1,0xf85ff0c1	"[{""access"":2,""addend"":0,""bit_start"":0,""bit_width"":5,""kind"":1,""multiplier"":0,""reg_class"":3,""second_start"":0,""second_width"":0,""size"":8,""special31"":4,""transform"":0},{""access"":1,""addend"":0,""bit_start"":5,""bit_width"":5,""kind"":5,""multiplier"":1,""reg_class"":3,""second_start"":12,""second_width"":9,""size"":8,""special31"":5,""transform"":1}]"	ldur	
5162	A64/ldst/ldst_immpost/STRB_32_ldst_immpost	strb	A64	32	capstone	0x380014c1,0x380014e2,0x3800160b,0x380017be,0x380014df,0x380017e1,0x380004c1,0x380024c1,0x380034c1,0x380ff4c1,0x381004c1,0x381fe4c1,0x381ff4c1	"[{""access"":1,""addend"":0,""bit_start"":0,""bit_width"":5,""kind"":1,""multiplier"":0,""reg_class"":2,""second_start"":0,""second_width"":0,""size"":4,""special31"":2,""transform"":0},{""access"":2,""addend"":0,""bit_start"":5,""bit_width"":5,""kind"":5,""multiplier"":1,""reg_class"":3,""second_start"":12,""second_width"":9,""size"":1,""special31"":5,""transform"":1}]"	strb	
5163	A64/ldst/ldst_immpost/LDRB_32_ldst_immpost	ldrb	A64	32	capstone	0x384014c1,0x384014e2,0x3840160b,0x384017be,0x384014df,0x384017e1,0x384004c1,0x384024c1,0x384034c1,0x384ff4c1,0x385004c1,0x385fe4c1,0x385ff4c1	"[{""access"":2,""addend"":0,""bit_start"":0,""bit_width"":5,""kind"":1,""multiplier"":0,""reg_class"":2,""second_start"":0,""second_width"":0,""size"":4,""special31"":2,""transform"":0},{""access"":1,""addend"":0,""bit_start"":5,""bit_width"":5,""kind"":5,""multiplier"":1,""reg_class"":3,""second_start"":12,""second_width"":9,""size"":1,""special31"":5,""transform"":1}]"	ldrb	
5164	A64/ldst/ldst_immpost/LDRSB_64_ldst_immpost	ldrsb	A64	32	capstone	0x388014c1,0x388014e2,0x3880160b,0x388017be,0x388014df,0x388017e1,0x388004c1,0x388024c1,0x388034c1,0x388ff4c1,0x389004c1,0x389fe4c1,0x389ff4c1	"[{""access"":2,""addend"":0,""bit_start"":0,""bit_width"":5,""kind"":1,""multiplier"":0,""reg_class"":3,""second_start"":0,""second_width"":0,""size"":8,""special31"":4,""transform"":0},{""access"":1,""addend"":0,""bit_start"":5,""bit_width"":5,""kind"":5,""multiplier"":1,""reg_class"":3,""second_start"":12,""second_width"":9,""size"":1,""special31"":5,""transform"":1}]"	ldrsb	
5165	A64/ldst/ldst_immpost/LDRSB_32_ldst_immpost	ldrsb	A64	32	capstone	0x38c014c1,0x38c014e2,0x38c0160b,0x38c017be,0x38c014df,0x38c017e1,0x38c004c1,0x38c024c1,0x38c034c1,0x38cff4c1,0x38d004c1,0x38dfe4c1,0x38dff4c1	"[{""access"":2,""addend"":0,""bit_start"":0,""bit_width"":5,""kind"":1,""multiplier"":0,""reg_class"":2,""second_start"":0,""second_width"":0,""size"":4,""special31"":2,""transform"":0},{""access"":1,""addend"":0,""bit_start"":5,""bit_width"":5,""kind"":5,""multiplier"":1,""reg_class"":3,""second_start"":12,""second_width"":9,""size"":1,""special31"":5,""transform"":1}]"	ldrsb	
5170	A64/ldst/ldst_immpost/STRH_32_ldst_immpost	strh	A64	32	capstone	0x780014c1,0x780014e2,0x7800160b,0x780017be,0x780014df,0x780017e1,0x780004c1,0x780024c1,0x780034c1,0x780ff4c1,0x781004c1,0x781fe4c1,0x781ff4c1	"[{""access"":1,""addend"":0,""bit_start"":0,""bit_width"":5,""kind"":1,""multiplier"":0,""reg_class"":2,""second_start"":0,""second_width"":0,""size"":4,""special31"":2,""transform"":0},{""access"":2,""addend"":0,""bit_start"":5,""bit_width"":5,""kind"":5,""multiplier"":1,""reg_class"":3,""second_start"":12,""second_width"":9,""size"":2,""special31"":5,""transform"":1}]"	strh	
5171	A64/ldst/ldst_immpost/LDRH_32_ldst_immpost	ldrh	A64	32	capstone	0x784014c1,0x784014e2,0x7840160b,0x784017be,0x784014df,0x784017e1,0x784004c1,0x784024c1,0x784034c1,0x784ff4c1,0x785004c1,0x785fe4c1,0x785ff4c1	"[{""access"":2,""addend"":0,""bit_start"":0,""bit_width"":5,""kind"":1,""multiplier"":0,""reg_class"":2,""second_start"":0,""second_width"":0,""size"":4,""special31"":2,""transform"":0},{""access"":1,""addend"":0,""bit_start"":5,""bit_width"":5,""kind"":5,""multiplier"":1,""reg_class"":3,""second_start"":12,""second_width"":9,""size"":2,""special31"":5,""transform"":1}]"	ldrh	
5172	A64/ldst/ldst_immpost/LDRSH_64_ldst_immpost	ldrsh	A64	32	capstone	0x788014c1,0x788014e2,0x7880160b,0x788017be,0x788014df,0x788017e1,0x788004c1,0x788024c1,0x788034c1,0x788ff4c1,0x789004c1,0x789fe4c1,0x789ff4c1	"[{""access"":2,""addend"":0,""bit_start"":0,""bit_width"":5,""kind"":1,""multiplier"":0,""reg_class"":3,""second_start"":0,""second_width"":0,""size"":8,""special31"":4,""transform"":0},{""access"":1,""addend"":0,""bit_start"":5,""bit_width"":5,""kind"":5,""multiplier"":1,""reg_class"":3,""second_start"":12,""second_width"":9,""size"":2,""special31"":5,""transform"":1}]"	ldrsh	
5173	A64/ldst/ldst_immpost/LDRSH_32_ldst_immpost	ldrsh	A64	32	capstone	0x78c014c1,0x78c014e2,0x78c0160b,0x78c017be,0x78c014df,0x78c017e1,0x78c004c1,0x78c024c1,0x78c034c1,0x78cff4c1,0x78d004c1,0x78dfe4c1,0x78dff4c1	"[{""access"":2,""addend"":0,""bit_start"":0,""bit_width"":5,""kind"":1,""multiplier"":0,""reg_class"":2,""second_start"":0,""second_width"":0,""size"":4,""special31"":2,""transform"":0},{""access"":1,""addend"":0,""bit_start"":5,""bit_width"":5,""kind"":5,""multiplier"":1,""reg_class"":3,""second_start"":12,""second_width"":9,""size"":2,""special31"":5,""transform"":1}]"	ldrsh	
5176	A64/ldst/ldst_immpost/STR_32_ldst_immpost	str	A64	32	capstone	0xb80014c1,0xb80014e2,0xb800160b,0xb80017be,0xb80014df,0xb80017e1,0xb80004c1,0xb80024c1,0xb80034c1,0xb80ff4c1,0xb81004c1,0xb81fe4c1,0xb81ff4c1	"[{""access"":1,""addend"":0,""bit_start"":0,""bit_width"":5,""kind"":1,""multiplier"":0,""reg_class"":2,""second_start"":0,""second_width"":0,""size"":4,""special31"":2,""transform"":0},{""access"":2,""addend"":0,""bit_start"":5,""bit_width"":5,""kind"":5,""multiplier"":1,""reg_class"":3,""second_start"":12,""second_width"":9,""size"":4,""special31"":5,""transform"":1}]"	str	
5177	A64/ldst/ldst_immpost/LDR_32_ldst_immpost	ldr	A64	32	capstone	0xb84014c1,0xb84014e2,0xb840160b,0xb84017be,0xb84014df,0xb84017e1,0xb84004c1,0xb84024c1,0xb84034c1,0xb84ff4c1,0xb85004c1,0xb85fe4c1,0xb85ff4c1	"[{""access"":2,""addend"":0,""bit_start"":0,""bit_width"":5,""kind"":1,""multiplier"":0,""reg_class"":2,""second_start"":0,""second_width"":0,""size"":4,""special31"":2,""transform"":0},{""access"":1,""addend"":0,""bit_start"":5,""bit_width"":5,""kind"":5,""multiplier"":1,""reg_class"":3,""second_start"":12,""second_width"":9,""size"":4,""special31"":5,""transform"":1}]"	ldr	
5178	A64/ldst/ldst_immpost/LDRSW_64_ldst_immpost	ldrsw	A64	32	capstone	0xb88014c1,0xb88014e2,0xb880160b,0xb88017be,0xb88014df,0xb88017e1,0xb88004c1,0xb88024c1,0xb88034c1,0xb88ff4c1,0xb89004c1,0xb89fe4c1,0xb89ff4c1	"[{""access"":2,""addend"":0,""bit_start"":0,""bit_width"":5,""kind"":1,""multiplier"":0,""reg_class"":3,""second_start"":0,""second_width"":0,""size"":8,""special31"":4,""transform"":0},{""access"":1,""addend"":0,""bit_start"":5,""bit_width"":5,""kind"":5,""multiplier"":1,""reg_class"":3,""second_start"":12,""second_width"":9,""size"":4,""special31"":5,""transform"":1}]"	ldrsw	
5181	A64/ldst/ldst_immpost/STR_64_ldst_immpost	str	A64	32	capstone	0xf80014c1,0xf80014e2,0xf800160b,0xf80017be,0xf80014df,0xf80017e1,0xf80004c1,0xf80024c1,0xf80034c1,0xf80ff4c1,0xf81004c1,0xf81fe4c1,0xf81ff4c1	"[{""access"":1,""addend"":0,""bit_start"":0,""bit_width"":5,""kind"":1,""multiplier"":0,""reg_class"":3,""second_start"":0,""second_width"":0,""size"":8,""special31"":4,""transform"":0},{""access"":2,""addend"":0,""bit_start"":5,""bit_width"":5,""kind"":5,""multiplier"":1,""reg_class"":3,""second_start"":12,""second_width"":9,""size"":8,""special31"":5,""transform"":1}]"	str	
5182	A64/ldst/ldst_immpost/LDR_64_ldst_immpost	ldr	A64	32	capstone	0xf84014c1,0xf84014e2,0xf840160b,0xf84017be,0xf84014df,0xf84017e1,0xf84004c1,0xf84024c1,0xf84034c1,0xf84ff4c1,0xf85004c1,0xf85fe4c1,0xf85ff4c1	"[{""access"":2,""addend"":0,""bit_start"":0,""bit_width"":5,""kind"":1,""multiplier"":0,""reg_class"":3,""second_start"":0,""second_width"":0,""size"":8,""special31"":4,""transform"":0},{""access"":1,""addend"":0,""bit_start"":5,""bit_width"":5,""kind"":5,""multiplier"":1,""reg_class"":3,""second_start"":12,""second_width"":9,""size"":8,""special31"":5,""transform"":1}]"	ldr	
5185	A64/ldst/ldst_unpriv/STTRB_32_ldst_unpriv	sttrb	A64	32	capstone	0x380018c1,0x380018e2,0x38001a0b,0x38001bbe,0x380018df,0x38001be1,0x380008c1,0x380028c1,0x380038c1,0x380ff8c1,0x381008c1,0x381fe8c1,0x381ff8c1	"[{""access"":1,""addend"":0,""bit_start"":0,""bit_width"":5,""kind"":1,""multiplier"":0,""reg_class"":2,""second_start"":0,""second_width"":0,""size"":4,""special31"":2,""transform"":0},{""access"":2,""addend"":0,""bit_start"":5,""bit_width"":5,""kind"":5,""multiplier"":1,""reg_class"":3,""second_start"":12,""second_width"":9,""size"":1,""special31"":5,""transform"":1}]"	sttrb	
5186	A64/ldst/ldst_unpriv/LDTRB_32_ldst_unpriv	ldtrb	A64	32	capstone	0x384018c1,0x384018e2,0x38401a0b,0x38401bbe,0x384018df,0x38401be1,0x384008c1,0x384028c1,0x384038c1,0x384ff8c1,0x385008c1,0x385fe8c1,0x385ff8c1	"[{""access"":2,""addend"":0,""bit_start"":0,""bit_width"":5,""kind"":1,""multiplier"":0,""reg_class"":2,""second_start"":0,""second_width"":0,""size"":4,""special31"":2,""transform"":0},{""access"":1,""addend"":0,""bit_start"":5,""bit_width"":5,""kind"":5,""multiplier"":1,""reg_class"":3,""second_start"":12,""second_width"":9,""size"":1,""special31"":5,""transform"":1}]"	ldtrb	
5187	A64/ldst/ldst_unpriv/LDTRSB_64_ldst_unpriv	ldtrsb	A64	32	capstone	0x388018c1,0x388018e2,0x38801a0b,0x38801bbe,0x388018df,0x38801be1,0x388008c1,0x388028c1,0x388038c1,0x388ff8c1,0x389008c1,0x389fe8c1,0x389ff8c1	"[{""access"":2,""addend"":0,""bit_start"":0,""bit_width"":5,""kind"":1,""multiplier"":0,""reg_class"":3,""second_start"":0,""second_width"":0,""size"":8,""special31"":4,""transform"":0},{""access"":1,""addend"":0,""bit_start"":5,""bit_width"":5,""kind"":5,""multiplier"":1,""reg_class"":3,""second_start"":12,""second_width"":9,""size"":1,""special31"":5,""transform"":1}]"	ldtrsb	
5188	A64/ldst/ldst_unpriv/LDTRSB_32_ldst_unpriv	ldtrsb	A64	32	capstone	0x38c018c1,0x38c018e2,0x38c01a0b,0x38c01bbe,0x38c018df,0x38c01be1,0x38c008c1,0x38c028c1,0x38c038c1,0x38cff8c1,0x38d008c1,0x38dfe8c1,0x38dff8c1	"[{""access"":2,""addend"":0,""bit_start"":0,""bit_width"":5,""kind"":1,""multiplier"":0,""reg_class"":2,""second_start"":0,""second_width"":0,""size"":4,""special31"":2,""transform"":0},{""access"":1,""addend"":0,""bit_start"":5,""bit_width"":5,""kind"":5,""multiplier"":1,""reg_class"":3,""second_start"":12,""second_width"":9,""size"":1,""special31"":5,""transform"":1}]"	ldtrsb	
5189	A64/ldst/ldst_unpriv/STTRH_32_ldst_unpriv	sttrh	A64	32	capstone	0x780018c1,0x780018e2,0x78001a0b,0x78001bbe,0x780018df,0x78001be1,0x780008c1,0x780028c1,0x780038c1,0x780ff8c1,0x781008c1,0x781fe8c1,0x781ff8c1	"[{""access"":1,""addend"":0,""bit_start"":0,""bit_width"":5,""kind"":1,""multiplier"":0,""reg_class"":2,""second_start"":0,""second_width"":0,""size"":4,""special31"":2,""transform"":0},{""access"":2,""addend"":0,""bit_start"":5,""bit_width"":5,""kind"":5,""multiplier"":1,""reg_class"":3,""second_start"":12,""second_width"":9,""size"":2,""special31"":5,""transform"":1}]"	sttrh	
5190	A64/ldst/ldst_unpriv/LDTRH_32_ldst_unpriv	ldtrh	A64	32	capstone	0x784018c1,0x784018e2,0x78401a0b,0x78401bbe,0x784018df,0x78401be1,0x784008c1,0x784028c1,0x784038c1,0x784ff8c1,0x785008c1,0x785fe8c1,0x785ff8c1	"[{""access"":2,""addend"":0,""bit_start"":0,""bit_width"":5,""kind"":1,""multiplier"":0,""reg_class"":2,""second_start"":0,""second_width"":0,""size"":4,""special31"":2,""transform"":0},{""access"":1,""addend"":0,""bit_start"":5,""bit_width"":5,""kind"":5,""multiplier"":1,""reg_class"":3,""second_start"":12,""second_width"":9,""size"":2,""special31"":5,""transform"":1}]"	ldtrh	
5191	A64/ldst/ldst_unpriv/LDTRSH_64_ldst_unpriv	ldtrsh	A64	32	capstone	0x788018c1,0x788018e2,0x78801a0b,0x78801bbe,0x788018df,0x78801be1,0x788008c1,0x788028c1,0x788038c1,0x788ff8c1,0x789008c1,0x789fe8c1,0x789ff8c1	"[{""access"":2,""addend"":0,""bit_start"":0,""bit_width"":5,""kind"":1,""multiplier"":0,""reg_class"":3,""second_start"":0,""second_width"":0,""size"":8,""special31"":4,""transform"":0},{""access"":1,""addend"":0,""bit_start"":5,""bit_width"":5,""kind"":5,""multiplier"":1,""reg_class"":3,""second_start"":12,""second_width"":9,""size"":2,""special31"":5,""transform"":1}]"	ldtrsh	
5192	A64/ldst/ldst_unpriv/LDTRSH_32_ldst_unpriv	ldtrsh	A64	32	capstone	0x78c018c1,0x78c018e2,0x78c01a0b,0x78c01bbe,0x78c018df,0x78c01be1,0x78c008c1,0x78c028c1,0x78c038c1,0x78cff8c1,0x78d008c1,0x78dfe8c1,0x78dff8c1	"[{""access"":2,""addend"":0,""bit_start"":0,""bit_width"":5,""kind"":1,""multiplier"":0,""reg_class"":2,""second_start"":0,""second_width"":0,""size"":4,""special31"":2,""transform"":0},{""access"":1,""addend"":0,""bit_start"":5,""bit_width"":5,""kind"":5,""multiplier"":1,""reg_class"":3,""second_start"":12,""second_width"":9,""size"":2,""special31"":5,""transform"":1}]"	ldtrsh	
5193	A64/ldst/ldst_unpriv/STTR_32_ldst_unpriv	sttr	A64	32	capstone	0xb80018c1,0xb80018e2,0xb8001a0b,0xb8001bbe,0xb80018df,0xb8001be1,0xb80008c1,0xb80028c1,0xb80038c1,0xb80ff8c1,0xb81008c1,0xb81fe8c1,0xb81ff8c1	"[{""access"":1,""addend"":0,""bit_start"":0,""bit_width"":5,""kind"":1,""multiplier"":0,""reg_class"":2,""second_start"":0,""second_width"":0,""size"":4,""special31"":2,""transform"":0},{""access"":2,""addend"":0,""bit_start"":5,""bit_width"":5,""kind"":5,""multiplier"":1,""reg_class"":3,""second_start"":12,""second_width"":9,""size"":4,""special31"":5,""transform"":1}]"	sttr	
5194	A64/ldst/ldst_unpriv/LDTR_32_ldst_unpriv	ldtr	A64	32	capstone	0xb84018c1,0xb84018e2,0xb8401a0b,0xb8401bbe,0xb84018df,0xb8401be1,0xb84008c1,0xb84028c1,0xb84038c1,0xb84ff8c1,0xb85008c1,0xb85fe8c1,0xb85ff8c1	"[{""access"":2,""addend"":0,""bit_start"":0,""bit_width"":5,""kind"":1,""multiplier"":0,""reg_class"":2,""second_start"":0,""second_width"":0,""size"":4,""special31"":2,""transform"":0},{""access"":1,""addend"":0,""bit_start"":5,""bit_width"":5,""kind"":5,""multiplier"":1,""reg_class"":3,""second_start"":12,""second_width"":9,""size"":4,""special31"":5,""transform"":1}]"	ldtr	
5195	A64/ldst/ldst_unpriv/LDTRSW_64_ldst_unpriv	ldtrsw	A64	32	capstone	0xb88018c1,0xb88018e2,0xb8801a0b,0xb8801bbe,0xb88018df,0xb8801be1,0xb88008c1,0xb88028c1,0xb88038c1,0xb88ff8c1,0xb89008c1,0xb89fe8c1,0xb89ff8c1	"[{""access"":2,""addend"":0,""bit_start"":0,""bit_width"":5,""kind"":1,""multiplier"":0,""reg_class"":3,""second_start"":0,""second_width"":0,""size"":8,""special31"":4,""transform"":0},{""access"":1,""addend"":0,""bit_start"":5,""bit_width"":5,""kind"":5,""multiplier"":1,""reg_class"":3,""second_start"":12,""second_width"":9,""size"":4,""special31"":5,""transform"":1}]"	ldtrsw	
5196	A64/ldst/ldst_unpriv/STTR_64_ldst_unpriv	sttr	A64	32	capstone	0xf80018c1,0xf80018e2,0xf8001a0b,0xf8001bbe,0xf80018df,0xf8001be1,0xf80008c1,0xf80028c1,0xf80038c1,0xf80ff8c1,0xf81008c1,0xf81fe8c1,0xf81ff8c1	"[{""access"":1,""addend"":0,""bit_start"":0,""bit_width"":5,""kind"":1,""multiplier"":0,""reg_class"":3,""second_start"":0,""second_width"":0,""size"":8,""special31"":4,""transform"":0},{""access"":2,""addend"":0,""bit_start"":5,""bit_width"":5,""kind"":5,""multiplier"":1,""reg_class"":3,""second_start"":12,""second_width"":9,""size"":8,""special31"":5,""transform"":1}]"	sttr	
5197	A64/ldst/ldst_unpriv/LDTR_64_ldst_unpriv	ldtr	A64	32	capstone	0xf84018c1,0xf84018e2,0xf8401a0b,0xf8401bbe,0xf84018df,0xf8401be1,0xf84008c1,0xf84028c1,0xf84038c1,0xf84ff8c1,0xf85008c1,0xf85fe8c1,0xf85ff8c1	"[{""access"":2,""addend"":0,""bit_start"":0,""bit_width"":5,""kind"":1,""multiplier"":0,""reg_class"":3,""second_start"":0,""second_width"":0,""size"":8,""special31"":4,""transform"":0},{""access"":1,""addend"":0,""bit_start"":5,""bit_width"":5,""kind"":5,""multiplier"":1,""reg_class"":3,""second_start"":12,""second_width"":9,""size"":8,""special31"":5,""transform"":1}]"	ldtr	
5198	A64/ldst/ldst_immpre/STRB_32_ldst_immpre	strb	A64	32	capstone	0x38001cc1,0x38001ce2,0x38001e0b,0x38001fbe,0x38001cdf,0x38001fe1,0x38000cc1,0x38002cc1,0x38003cc1,0x380ffcc1,0x38100cc1,0x381fecc1,0x381ffcc1	"[{""access"":1,""addend"":0,""bit_start"":0,""bit_width"":5,""kind"":1,""multiplier"":0,""reg_class"":2,""second_start"":0,""second_width"":0,""size"":4,""special31"":2,""transform"":0},{""access"":2,""addend"":0,""bit_start"":5,""bit_width"":5,""kind"":5,""multiplier"":1,""reg_class"":3,""second_start"":12,""second_width"":9,""size"":1,""special31"":5,""transform"":1}]"	strb	
5199	A64/ldst/ldst_immpre/LDRB_32_ldst_immpre	ldrb	A64	32	capstone	0x38401cc1,0x38401ce2,0x38401e0b,0x38401fbe,0x38401cdf,0x38401fe1,0x38400cc1,0x38402cc1,0x38403cc1,0x384ffcc1,0x38500cc1,0x385fecc1,0x385ffcc1	"[{""access"":2,""addend"":0,""bit_start"":0,""bit_width"":5,""kind"":1,""multiplier"":0,""reg_class"":2,""second_start"":0,""second_width"":0,""size"":4,""special31"":2,""transform"":0},{""access"":1,""addend"":0,""bit_start"":5,""bit_width"":5,""kind"":5,""multiplier"":1,""reg_class"":3,""second_start"":12,""second_width"":9,""size"":1,""special31"":5,""transform"":1}]"	ldrb	
5200	A64/ldst/ldst_immpre/LDRSB_64_ldst_immpre	ldrsb	A64	32	capstone	0x38801cc1,0x38801ce2,0x38801e0b,0x38801fbe,0x38801cdf,0x38801fe1,0x38800cc1,0x38802cc1,0x38803cc1,0x388ffcc1,0x38900cc1,0x389fecc1,0x389ffcc1	"[{""access"":2,""addend"":0,""bit_start"":0,""bit_width"":5,""kind"":1,""multiplier"":0,""reg_class"":3,""second_start"":0,""second_width"":0,""size"":8,""special31"":4,""transform"":0},{""access"":1,""addend"":0,""bit_start"":5,""bit_width"":5,""kind"":5,""multiplier"":1,""reg_class"":3,""second_start"":12,""second_width"":9,""size"":1,""special31"":5,""transform"":1}]"	ldrsb	
5201	A64/ldst/ldst_immpre/LDRSB_32_ldst_immpre	ldrsb	A64	32	capstone	0x38c01cc1,0x38c01ce2,0x38c01e0b,0x38c01fbe,0x38c01cdf,0x38c01fe1,0x38c00cc1,0x38c02cc1,0x38c03cc1,0x38cffcc1,0x38d00cc1,0x38dfecc1,0x38dffcc1	"[{""access"":2,""addend"":0,""bit_start"":0,""bit_width"":5,""kind"":1,""multiplier"":0,""reg_class"":2,""second_start"":0,""second_width"":0,""size"":4,""special31"":2,""transform"":0},{""access"":1,""addend"":0,""bit_start"":5,""bit_width"":5,""kind"":5,""multiplier"":1,""reg_class"":3,""second_start"":12,""second_width"":9,""size"":1,""special31"":5,""transform"":1}]"	ldrsb	
5206	A64/ldst/ldst_immpre/STRH_32_ldst_immpre	strh	A64	32	capstone	0x78001cc1,0x78001ce2,0x78001e0b,0x78001fbe,0x78001cdf,0x78001fe1,0x78000cc1,0x78002cc1,0x78003cc1,0x780ffcc1,0x78100cc1,0x781fecc1,0x781ffcc1	"[{""access"":1,""addend"":0,""bit_start"":0,""bit_width"":5,""kind"":1,""multiplier"":0,""reg_class"":2,""second_start"":0,""second_width"":0,""size"":4,""special31"":2,""transform"":0},{""access"":2,""addend"":0,""bit_start"":5,""bit_width"":5,""kind"":5,""multiplier"":1,""reg_class"":3,""second_start"":12,""second_width"":9,""size"":2,""special31"":5,""transform"":1}]"	strh	
5207	A64/ldst/ldst_immpre/LDRH_32_ldst_immpre	ldrh	A64	32	capstone	0x78401cc1,0x78401ce2,0x78401e0b,0x78401fbe,0x78401cdf,0x78401fe1,0x78400cc1,0x78402cc1,0x78403cc1,0x784ffcc1,0x78500cc1,0x785fecc1,0x785ffcc1	"[{""access"":2,""addend"":0,""bit_start"":0,""bit_width"":5,""kind"":1,""multiplier"":0,""reg_class"":2,""second_start"":0,""second_width"":0,""size"":4,""special31"":2,""transform"":0},{""access"":1,""addend"":0,""bit_start"":5,""bit_width"":5,""kind"":5,""multiplier"":1,""reg_class"":3,""second_start"":12,""second_width"":9,""size"":2,""special31"":5,""transform"":1}]"	ldrh	
5208	A64/ldst/ldst_immpre/LDRSH_64_ldst_immpre	ldrsh	A64	32	capstone	0x78801cc1,0x78801ce2,0x78801e0b,0x78801fbe,0x78801cdf,0x78801fe1,0x78800cc1,0x78802cc1,0x78803cc1,0x788ffcc1,0x78900cc1,0x789fecc1,0x789ffcc1	"[{""access"":2,""addend"":0,""bit_start"":0,""bit_width"":5,""kind"":1,""multiplier"":0,""reg_class"":3,""second_start"":0,""second_width"":0,""size"":8,""special31"":4,""transform"":0},{""access"":1,""addend"":0,""bit_start"":5,""bit_width"":5,""kind"":5,""multiplier"":1,""reg_class"":3,""second_start"":12,""second_width"":9,""size"":2,""special31"":5,""transform"":1}]"	ldrsh	
5209	A64/ldst/ldst_immpre/LDRSH_32_ldst_immpre	ldrsh	A64	32	capstone	0x78c01cc1,0x78c01ce2,0x78c01e0b,0x78c01fbe,0x78c01cdf,0x78c01fe1,0x78c00cc1,0x78c02cc1,0x78c03cc1,0x78cffcc1,0x78d00cc1,0x78dfecc1,0x78dffcc1	"[{""access"":2,""addend"":0,""bit_start"":0,""bit_width"":5,""kind"":1,""multiplier"":0,""reg_class"":2,""second_start"":0,""second_width"":0,""size"":4,""special31"":2,""transform"":0},{""access"":1,""addend"":0,""bit_start"":5,""bit_width"":5,""kind"":5,""multiplier"":1,""reg_class"":3,""second_start"":12,""second_width"":9,""size"":2,""special31"":5,""transform"":1}]"	ldrsh	
5212	A64/ldst/ldst_immpre/STR_32_ldst_immpre	str	A64	32	capstone	0xb8001cc1,0xb8001ce2,0xb8001e0b,0xb8001fbe,0xb8001cdf,0xb8001fe1,0xb8000cc1,0xb8002cc1,0xb8003cc1,0xb80ffcc1,0xb8100cc1,0xb81fecc1,0xb81ffcc1	"[{""access"":1,""addend"":0,""bit_start"":0,""bit_width"":5,""kind"":1,""multiplier"":0,""reg_class"":2,""second_start"":0,""second_width"":0,""size"":4,""special31"":2,""transform"":0},{""access"":2,""addend"":0,""bit_start"":5,""bit_width"":5,""kind"":5,""multiplier"":1,""reg_class"":3,""second_start"":12,""second_width"":9,""size"":4,""special31"":5,""transform"":1}]"	str	
5213	A64/ldst/ldst_immpre/LDR_32_ldst_immpre	ldr	A64	32	capstone	0xb8401cc1,0xb8401ce2,0xb8401e0b,0xb8401fbe,0xb8401cdf,0xb8401fe1,0xb8400cc1,0xb8402cc1,0xb8403cc1,0xb84ffcc1,0xb8500cc1,0xb85fecc1,0xb85ffcc1	"[{""access"":2,""addend"":0,""bit_start"":0,""bit_width"":5,""kind"":1,""multiplier"":0,""reg_class"":2,""second_start"":0,""second_width"":0,""size"":4,""special31"":2,""transform"":0},{""access"":1,""addend"":0,""bit_start"":5,""bit_width"":5,""kind"":5,""multiplier"":1,""reg_class"":3,""second_start"":12,""second_width"":9,""size"":4,""special31"":5,""transform"":1}]"	ldr	
5214	A64/ldst/ldst_immpre/LDRSW_64_ldst_immpre	ldrsw	A64	32	capstone	0xb8801cc1,0xb8801ce2,0xb8801e0b,0xb8801fbe,0xb8801cdf,0xb8801fe1,0xb8800cc1,0xb8802cc1,0xb8803cc1,0xb88ffcc1,0xb8900cc1,0xb89fecc1,0xb89ffcc1	"[{""access"":2,""addend"":0,""bit_start"":0,""bit_width"":5,""kind"":1,""multiplier"":0,""reg_class"":3,""second_start"":0,""second_width"":0,""size"":8,""special31"":4,""transform"":0},{""access"":1,""addend"":0,""bit_start"":5,""bit_width"":5,""kind"":5,""multiplier"":1,""reg_class"":3,""second_start"":12,""second_width"":9,""size"":4,""special31"":5,""transform"":1}]"	ldrsw	
5217	A64/ldst/ldst_immpre/STR_64_ldst_immpre	str	A64	32	capstone	0xf8001cc1,0xf8001ce2,0xf8001e0b,0xf8001fbe,0xf8001cdf,0xf8001fe1,0xf8000cc1,0xf8002cc1,0xf8003cc1,0xf80ffcc1,0xf8100cc1,0xf81fecc1,0xf81ffcc1	"[{""access"":1,""addend"":0,""bit_start"":0,""bit_width"":5,""kind"":1,""multiplier"":0,""reg_class"":3,""second_start"":0,""second_width"":0,""size"":8,""special31"":4,""transform"":0},{""access"":2,""addend"":0,""bit_start"":5,""bit_width"":5,""kind"":5,""multiplier"":1,""reg_class"":3,""second_start"":12,""second_width"":9,""size"":8,""special31"":5,""transform"":1}]"	str	
5218	A64/ldst/ldst_immpre/LDR_64_ldst_immpre	ldr	A64	32	capstone	0xf8401cc1,0xf8401ce2,0xf8401e0b,0xf8401fbe,0xf8401cdf,0xf8401fe1,0xf8400cc1,0xf8402cc1,0xf8403cc1,0xf84ffcc1,0xf8500cc1,0xf85fecc1,0xf85ffcc1	"[{""access"":2,""addend"":0,""bit_start"":0,""bit_width"":5,""kind"":1,""multiplier"":0,""reg_class"":3,""second_start"":0,""second_width"":0,""size"":8,""special31"":4,""transform"":0},{""access"":1,""addend"":0,""bit_start"":5,""bit_width"":5,""kind"":5,""multiplier"":1,""reg_class"":3,""second_start"":12,""second_width"":9,""size"":8,""special31"":5,""transform"":1}]"	ldr	
5552	A64/ldst/ldst_pos/STRB_32_ldst_pos	strb	A64	32	capstone	0x390004c1,0x390004e2,0x3900060b,0x390007be,0x390004df,0x390007e1,0x390000c1,0x390008c1,0x39000cc1,0x391ffcc1,0x392000c1,0x393ff8c1,0x393ffcc1	"[{""access"":1,""addend"":0,""bit_start"":0,""bit_width"":5,""kind"":1,""multiplier"":0,""reg_class"":2,""second_start"":0,""second_width"":0,""size"":4,""special31"":2,""transform"":0},{""access"":2,""addend"":0,""bit_start"":5,""bit_width"":5,""kind"":5,""multiplier"":1,""reg_class"":3,""second_start"":10,""second_width"":12,""size"":1,""special31"":5,""transform"":0}]"	strb	
5553	A64/ldst/ldst_pos/LDRB_32_ldst_pos	ldrb	A64	32	capstone	0x394004c1,0x394004e2,0x3940060b,0x394007be,0x394004df,0x394007e1,0x394000c1,0x394008c1,0x39400cc1,0x395ffcc1,0x396000c1,0x397ff8c1,0x397ffcc1	"[{""access"":2,""addend"":0,""bit_start"":0,""bit_width"":5,""kind"":1,""multiplier"":0,""reg_class"":2,""second_start"":0,""second_width"":0,""size"":4,""special31"":2,""transform"":0},{""access"":1,""addend"":0,""bit_start"":5,""bit_width"":5,""kind"":5,""multiplier"":1,""reg_class"":3,""second_start"":10,""second_width"":12,""size"":1,""special31"":5,""transform"":0}]"	ldrb	
5554	A64/ldst/ldst_pos/LDRSB_64_ldst_pos	ldrsb	A64	32	capstone	0x398004c1,0x398004e2,0x3980060b,0x398007be,0x398004df,0x398007e1,0x398000c1,0x398008c1,0x39800cc1,0x399ffcc1,0x39a000c1,0x39bff8c1,0x39bffcc1	"[{""access"":2,""addend"":0,""bit_start"":0,""bit_width"":5,""kind"":1,""multiplier"":0,""reg_class"":3,""second_start"":0,""second_width"":0,""size"":8,""special31"":4,""transform"":0},{""access"":1,""addend"":0,""bit_start"":5,""bit_width"":5,""kind"":5,""multiplier"":1,""reg_class"":3,""second_start"":10,""second_width"":12,""size"":1,""special31"":5,""transform"":0}]"	ldrsb	
5555	A64/ldst/ldst_pos/LDRSB_32_ldst_pos	ldrsb	A64	32	capstone	0x39c004c1,0x39c004e2,0x39c0060b,0x39c007be,0x39c004df,0x39c007e1,0x39c000c1,0x39c008c1,0x39c00cc1,0x39dffcc1,0x39e000c1,0x39fff8c1,0x39fffcc1	"[{""access"":2,""addend"":0,""bit_start"":0,""bit_width"":5,""kind"":1,""multiplier"":0,""reg_class"":2,""second_start"":0,""second_width"":0,""size"":4,""special31"":2,""transform"":0},{""access"":1,""addend"":0,""bit_start"":5,""bit_width"":5,""kind"":5,""multiplier"":1,""reg_class"":3,""second_start"":10,""second_width"":12,""size"":1,""special31"":5,""transform"":0}]"	ldrsb	
5560	A64/ldst/ldst_pos/STRH_32_ldst_pos	strh	A64	32	capstone	0x790004c1,0x790004e2,0x7900060b,0x790007be,0x790004df,0x790007e1,0x790000c1,0x790008c1,0x79000cc1,0x791ffcc1,0x792000c1,0x793ff8c1,0x793ffcc1	"[{""access"":1,""addend"":0,""bit_start"":0,""bit_width"":5,""kind"":1,""multiplier"":0,""reg_class"":2,""second_start"":0,""second_width"":0,""size"":4,""special31"":2,""transform"":0},{""access"":2,""addend"":0,""bit_start"":5,""bit_width"":5,""kind"":5,""multiplier"":2,""reg_class"":3,""second_start"":10,""second_width"":12,""size"":2,""special31"":5,""transform"":0}]"	strh	
5561	A64/ldst/ldst_pos/LDRH_32_ldst_pos	ldrh	A64	32	capstone	0x794004c1,0x794004e2,0x7940060b,0x794007be,0x794004df,0x794007e1,0x794000c1,0x794008c1,0x79400cc1,0x795ffcc1,0x796000c1,0x797ff8c1,0x797ffcc1	"[{""access"":2,""addend"":0,""bit_start"":0,""bit_width"":5,""kind"":1,""multiplier"":0,""reg_class"":2,""second_start"":0,""second_width"":0,""size"":4,""special31"":2,""transform"":0},{""access"":1,""addend"":0,""bit_start"":5,""bit_width"":5,""kind"":5,""multiplier"":2,""reg_class"":3,""second_start"":10,""second_width"":12,""size"":2,""special31"":5,""transform"":0}]"	ldrh	
5562	A64/ldst/ldst_pos/LDRSH_64_ldst_pos	ldrsh	A64	32	capstone	0x798004c1,0x798004e2,0x7980060b,0x798007be,0x798004df,0x798007e1,0x798000c1,0x798008c1,0x79800cc1,0x799ffcc1,0x79a000c1,0x79bff8c1,0x79bffcc1	"[{""access"":2,""addend"":0,""bit_start"":0,""bit_width"":5,""kind"":1,""multiplier"":0,""reg_class"":3,""second_start"":0,""second_width"":0,""size"":8,""special31"":4,""transform"":0},{""access"":1,""addend"":0,""bit_start"":5,""bit_width"":5,""kind"":5,""multiplier"":2,""reg_class"":3,""second_start"":10,""second_width"":12,""size"":2,""special31"":5,""transform"":0}]"	ldrsh	
5563	A64/ldst/ldst_pos/LDRSH_32_ldst_pos	ldrsh	A64	32	capstone	0x79c004c1,0x79c004e2,0x79c0060b,0x79c007be,0x79c004df,0x79c007e1,0x79c000c1,0x79c008c1,0x79c00cc1,0x79dffcc1,0x79e000c1,0x79fff8c1,0x79fffcc1	"[{""access"":2,""addend"":0,""bit_start"":0,""bit_width"":5,""kind"":1,""multiplier"":0,""reg_class"":2,""second_start"":0,""second_width"":0,""size"":4,""special31"":2,""transform"":0},{""access"":1,""addend"":0,""bit_start"":5,""bit_width"":5,""kind"":5,""multiplier"":2,""reg_class"":3,""second_start"":10,""second_width"":12,""size"":2,""special31"":5,""transform"":0}]"	ldrsh	
5566	A64/ldst/ldst_pos/STR_32_ldst_pos	str	A64	32	capstone	0xb90004c1,0xb90004e2,0xb900060b,0xb90007be,0xb90004df,0xb90007e1,0xb90000c1,0xb90008c1,0xb9000cc1,0xb91ffcc1,0xb92000c1,0xb93ff8c1,0xb93ffcc1	"[{""access"":1,""addend"":0,""bit_start"":0,""bit_width"":5,""kind"":1,""multiplier"":0,""reg_class"":2,""second_start"":0,""second_width"":0,""size"":4,""special31"":2,""transform"":0},{""access"":2,""addend"":0,""bit_start"":5,""bit_width"":5,""kind"":5,""multiplier"":4,""reg_class"":3,""second_start"":10,""second_width"":12,""size"":4,""special31"":5,""transform"":0}]"	str	
5567	A64/ldst/ldst_pos/LDR_32_ldst_pos	ldr	A64	32	capstone	0xb94004c1,0xb94004e2,0xb940060b,0xb94007be,0xb94004df,0xb94007e1,0xb94000c1,0xb94008c1,0xb9400cc1,0xb95ffcc1,0xb96000c1,0xb97ff8c1,0xb97ffcc1	"[{""access"":2,""addend"":0,""bit_start"":0,""bit_width"":5,""kind"":1,""multiplier"":0,""reg_class"":2,""second_start"":0,""second_width"":0,""size"":4,""special31"":2,""transform"":0},{""access"":1,""addend"":0,""bit_start"":5,""bit_width"":5,""kind"":5,""multiplier"":4,""reg_class"":3,""second_start"":10,""second_width"":12,""size"":4,""special31"":5,""transform"":0}]"	ldr	
5568	A64/ldst/ldst_pos/LDRSW_64_ldst_pos	ldrsw	A64	32	capstone	0xb98004c1,0xb98004e2,0xb980060b,0xb98007be,0xb98004df,0xb98007e1,0xb98000c1,0xb98008c1,0xb9800cc1,0xb99ffcc1,0xb9a000c1,0xb9bff8c1,0xb9bffcc1	"[{""access"":2,""addend"":0,""bit_start"":0,""bit_width"":5,""kind"":1,""multiplier"":0,""reg_class"":3,""second_start"":0,""second_width"":0,""size"":8,""special31"":4,""transform"":0},{""access"":1,""addend"":0,""bit_start"":5,""bit_width"":5,""kind"":5,""multiplier"":4,""reg_class"":3,""second_start"":10,""second_width"":12,""size"":4,""special31"":5,""transform"":0}]"	ldrsw	
5571	A64/ldst/ldst_pos/STR_64_ldst_pos	str	A64	32	capstone	0xf90004c1,0xf90004e2,0xf900060b,0xf90007be,0xf90004df,0xf90007e1,0xf90000c1,0xf90008c1,0xf9000cc1,0xf91ffcc1,0xf92000c1,0xf93ff8c1,0xf93ffcc1	"[{""access"":1,""addend"":0,""bit_start"":0,""bit_width"":5,""kind"":1,""multiplier"":0,""reg_class"":3,""second_start"":0,""second_width"":0,""size"":8,""special31"":4,""transform"":0},{""access"":2,""addend"":0,""bit_start"":5,""bit_width"":5,""kind"":5,""multiplier"":8,""reg_class"":3,""second_start"":10,""second_width"":12,""size"":8,""special31"":5,""transform"":0}]"	str	
5572	A64/ldst/ldst_pos/LDR_64_ldst_pos	ldr	A64	32	capstone	0xf94004c1,0xf94004e2,0xf940060b,0xf94007be,0xf94004df,0xf94007e1,0xf94000c1,0xf94008c1,0xf9400cc1,0xf95ffcc1,0xf96000c1,0xf97ff8c1,0xf97ffcc1	"[{""access"":2,""addend"":0,""bit_start"":0,""bit_width"":5,""kind"":1,""multiplier"":0,""reg_class"":3,""second_start"":0,""second_width"":0,""size"":8,""special31"":4,""transform"":0},{""access"":1,""addend"":0,""bit_start"":5,""bit_width"":5,""kind"":5,""multiplier"":8,""reg_class"":3,""second_start"":10,""second_width"":12,""size"":8,""special31"":5,""transform"":0}]"	ldr	
5696	A64/dpreg/rmif/RMIF_only_rmif	rmif	A64	32	capstone	0xba008421,0xba008441,0xba0084e1,0xba008561,0xba0087e1,0xba000421,0xba010421,0xba018421,0xba0f8421,0xba100421,0xba1f0421,0xba1f8421,0xba008420,0xba008422,0xba008423,0xba008427,0xba008428,0xba00842e,0xba00842f,0xba010424,0xba018425,0xba028427	"[{""access"":1,""addend"":0,""bit_start"":5,""bit_width"":5,""kind"":1,""multiplier"":0,""reg_class"":3,""second_start"":0,""second_width"":0,""size"":8,""special31"":4,""transform"":0},{""access"":1,""addend"":0,""bit_start"":15,""bit_width"":6,""kind"":2,""multiplier"":1,""reg_class"":0,""second_start"":0,""second_width"":0,""size"":1,""special31"":0,""transform"":0},{""access"":1,""addend"":0,""bit_start"":0,""bit_width"":4,""kind"":2,""multiplier"":1,""reg_class"":0,""second_start"":0,""second_width"":0,""size"":1,""special31"":0,""transform"":0}]"	rmif	HasFlagM
6304	A64/simd_dp/float2fix/SCVTF_S32_float2fix	scvtf	A64	32	capstone	0x1e0280c1,0x1e0280e2,0x1e028187,0x1e02820b,0x1e0283e1,0x1e0284c1,0x1e0288c1,0x1e028cc1,0x1e02f8c1,0x1e02fcc1	"[{""access"":2,""addend"":0,""bit_start"":0,""bit_width"":5,""kind"":1,""multiplier"":0,""reg_class"":5,""second_start"":0,""second_width"":0,""size"":4,""special31"":0,""transform"":0},{""access"":1,""addend"":0,""bit_start"":5,""bit_width"":5,""kind"":1,""multiplier"":0,""reg_class"":2,""second_start"":0,""second_width"":0,""size"":4,""special31"":2,""transform"":0},{""access"":1,""addend"":64,""bit_start"":10,""bit_width"":6,""kind"":2,""multiplier"":-1,""reg_class"":0,""second_start"":0,""second_width"":0,""size"":1,""special31"":0,""transform"":0}]"	scvtf	HasFPARMv8
6305	A64/simd_dp/float2fix/UCVTF_S32_float2fix	ucvtf	A64	32	capstone	0x1e0380c1,0x1e0380e2,0x1e038187,0x1e03820b,0x1e0383e1,0x1e0384c1,0x1e0388c1,0x1e038cc1,0x1e03f8c1,0x1e03fcc1	"[{""access"":2,""addend"":0,""bit_start"":0,""bit_width"":5,""kind"":1,""multiplier"":0,""reg_class"":5,""second_start"":0,""second_width"":0,""size"":4,""special31"":0,""transform"":0},{""access"":1,""addend"":0,""bit_start"":5,""bit_width"":5,""kind"":1,""multiplier"":0,""reg_class"":2,""second_start"":0,""second_width"":0,""size"":4,""special31"":2,""transform"":0},{""access"":1,""addend"":64,""bit_start"":10,""bit_width"":6,""kind"":2,""multiplier"":-1,""reg_class"":0,""second_start"":0,""second_width"":0,""size"":1,""special31"":0,""transform"":0}]"	ucvtf	HasFPARMv8
6306	A64/simd_dp/float2fix/FCVTZS_32S_float2fix	fcvtzs	A64	32	capstone	0x1e1880c1,0x1e1880e2,0x1e188187,0x1e18820b,0x1e1880df,0x1e1884c1,0x1e1888c1,0x1e188cc1,0x1e18f8c1,0x1e18fcc1	"[{""access"":2,""addend"":0,""bit_start"":0,""bit_width"":5,""kind"":1,""multiplier"":0,""reg_class"":2,""second_start"":0,""second_width"":0,""size"":4,""special31"":2,""transform"":0},{""access"":1,""addend"":0,""bit_start"":5,""bit_width"":5,""kind"":1,""multiplier"":0,""reg_class"":5,""second_start"":0,""second_width"":0,""size"":4,""special31"":0,""transform"":0},{""access"":1,""addend"":64,""bit_start"":10,""bit_width"":6,""kind"":2,""multiplier"":-1,""reg_class"":0,""second_start"":0,""second_width"":0,""size"":1,""special31"":0,""transform"":0}]"	fcvtzs	HasFPARMv8
6307	A64/simd_dp/float2fix/FCVTZU_32S_float2fix	fcvtzu	A64	32	capstone	0x1e1980c1,0x1e1980e2,0x1e198187,0x1e19820b,0x1e1980df,0x1e1984c1,0x1e1988c1,0x1e198cc1,0x1e19f8c1,0x1e19fcc1	"[{""access"":2,""addend"":0,""bit_start"":0,""bit_width"":5,""kind"":1,""multiplier"":0,""reg_class"":2,""second_start"":0,""second_width"":0,""size"":4,""special31"":2,""transform"":0},{""access"":1,""addend"":0,""bit_start"":5,""bit_width"":5,""kind"":1,""multiplier"":0,""reg_class"":5,""second_start"":0,""second_width"":0,""size"":4,""special31"":0,""transform"":0},{""access"":1,""addend"":64,""bit_start"":10,""bit_width"":6,""kind"":2,""multiplier"":-1,""reg_class"":0,""second_start"":0,""second_width"":0,""size"":1,""special31"":0,""transform"":0}]"	fcvtzu	HasFPARMv8
6308	A64/simd_dp/float2fix/SCVTF_D32_float2fix	scvtf	A64	32	capstone	0x1e4280c1,0x1e4280e2,0x1e428187,0x1e42820b,0x1e4283e1,0x1e4284c1,0x1e4288c1,0x1e428cc1,0x1e42f8c1,0x1e42fcc1	"[{""access"":2,""addend"":0,""bit_start"":0,""bit_width"":5,""kind"":1,""multiplier"":0,""reg_class"":6,""second_start"":0,""second_width"":0,""size"":8,""special31"":0,""transform"":0},{""access"":1,""addend"":0,""bit_start"":5,""bit_width"":5,""kind"":1,""multiplier"":0,""reg_class"":2,""second_start"":0,""second_width"":0,""size"":4,""special31"":2,""transform"":0},{""access"":1,""addend"":64,""bit_start"":10,""bit_width"":6,""kind"":2,""multiplier"":-1,""reg_class"":0,""second_start"":0,""second_width"":0,""size"":1,""special31"":0,""transform"":0}]"	scvtf	HasFPARMv8
6309	A64/simd_dp/float2fix/UCVTF_D32_float2fix	ucvtf	A64	32	capstone	0x1e4380c1,0x1e4380e2,0x1e438187,0x1e43820b,0x1e4383e1,0x1e4384c1,0x1e4388c1,0x1e438cc1,0x1e43f8c1,0x1e43fcc1	"[{""access"":2,""addend"":0,""bit_start"":0,""bit_width"":5,""kind"":1,""multiplier"":0,""reg_class"":6,""second_start"":0,""second_width"":0,""size"":8,""special31"":0,""transform"":0},{""access"":1,""addend"":0,""bit_start"":5,""bit_width"":5,""kind"":1,""multiplier"":0,""reg_class"":2,""second_start"":0,""second_width"":0,""size"":4,""special31"":2,""transform"":0},{""access"":1,""addend"":64,""bit_start"":10,""bit_width"":6,""kind"":2,""multiplier"":-1,""reg_class"":0,""second_start"":0,""second_width"":0,""size"":1,""special31"":0,""transform"":0}]"	ucvtf	HasFPARMv8
6310	A64/simd_dp/float2fix/FCVTZS_32D_float2fix	fcvtzs	A64	32	capstone	0x1e5880c1,0x1e5880e2,0x1e588187,0x1e58820b,0x1e5880df,0x1e5884c1,0x1e5888c1,0x1e588cc1,0x1e58f8c1,0x1e58fcc1	"[{""access"":2,""addend"":0,""bit_start"":0,""bit_width"":5,""kind"":1,""multiplier"":0,""reg_class"":2,""second_start"":0,""second_width"":0,""size"":4,""special31"":2,""transform"":0},{""access"":1,""addend"":0,""bit_start"":5,""bit_width"":5,""kind"":1,""multiplier"":0,""reg_class"":6,""second_start"":0,""second_width"":0,""size"":8,""special31"":0,""transform"":0},{""access"":1,""addend"":64,""bit_start"":10,""bit_width"":6,""kind"":2,""multiplier"":-1,""reg_class"":0,""second_start"":0,""second_width"":0,""size"":1,""special31"":0,""transform"":0}]"	fcvtzs	HasFPARMv8
6311	A64/simd_dp/float2fix/FCVTZU_32D_float2fix	fcvtzu	A64	32	capstone	0x1e5980c1,0x1e5980e2,0x1e598187,0x1e59820b,0x1e5980df,0x1e5984c1,0x1e5988c1,0x1e598cc1,0x1e59f8c1,0x1e59fcc1	"[{""access"":2,""addend"":0,""bit_start"":0,""bit_width"":5,""kind"":1,""multiplier"":0,""reg_class"":2,""second_start"":0,""second_width"":0,""size"":4,""special31"":2,""transform"":0},{""access"":1,""addend"":0,""bit_start"":5,""bit_width"":5,""kind"":1,""multiplier"":0,""reg_class"":6,""second_start"":0,""second_width"":0,""size"":8,""special31"":0,""transform"":0},{""access"":1,""addend"":64,""bit_start"":10,""bit_width"":6,""kind"":2,""multiplier"":-1,""reg_class"":0,""second_start"":0,""second_width"":0,""size"":1,""special31"":0,""transform"":0}]"	fcvtzu	HasFPARMv8
6312	A64/simd_dp/float2fix/SCVTF_H32_float2fix	scvtf	A64	32	capstone	0x1ec280c1,0x1ec280e2,0x1ec28187,0x1ec2820b,0x1ec283e1,0x1ec284c1,0x1ec288c1,0x1ec28cc1,0x1ec2f8c1,0x1ec2fcc1	"[{""access"":2,""addend"":0,""bit_start"":0,""bit_width"":5,""kind"":1,""multiplier"":0,""reg_class"":4,""second_start"":0,""second_width"":0,""size"":2,""special31"":0,""transform"":0},{""access"":1,""addend"":0,""bit_start"":5,""bit_width"":5,""kind"":1,""multiplier"":0,""reg_class"":2,""second_start"":0,""second_width"":0,""size"":4,""special31"":2,""transform"":0},{""access"":1,""addend"":64,""bit_start"":10,""bit_width"":6,""kind"":2,""multiplier"":-1,""reg_class"":0,""second_start"":0,""second_width"":0,""size"":1,""special31"":0,""transform"":0}]"	scvtf	HasFullFP16
6313	A64/simd_dp/float2fix/UCVTF_H32_float2fix	ucvtf	A64	32	capstone	0x1ec380c1,0x1ec380e2,0x1ec38187,0x1ec3820b,0x1ec383e1,0x1ec384c1,0x1ec388c1,0x1ec38cc1,0x1ec3f8c1,0x1ec3fcc1	"[{""access"":2,""addend"":0,""bit_start"":0,""bit_width"":5,""kind"":1,""multiplier"":0,""reg_class"":4,""second_start"":0,""second_width"":0,""size"":2,""special31"":0,""transform"":0},{""access"":1,""addend"":0,""bit_start"":5,""bit_width"":5,""kind"":1,""multiplier"":0,""reg_class"":2,""second_start"":0,""second_width"":0,""size"":4,""special31"":2,""transform"":0},{""access"":1,""addend"":64,""bit_start"":10,""bit_width"":6,""kind"":2,""multiplier"":-1,""reg_class"":0,""second_start"":0,""second_width"":0,""size"":1,""special31"":0,""transform"":0}]"	ucvtf	HasFullFP16
6314	A64/simd_dp/float2fix/FCVTZS_32H_float2fix	fcvtzs	A64	32	capstone	0x1ed880c1,0x1ed880e2,0x1ed88187,0x1ed8820b,0x1ed880df,0x1ed884c1,0x1ed888c1,0x1ed88cc1,0x1ed8f8c1,0x1ed8fcc1	"[{""access"":2,""addend"":0,""bit_start"":0,""bit_width"":5,""kind"":1,""multiplier"":0,""reg_class"":2,""second_start"":0,""second_width"":0,""size"":4,""special31"":2,""transform"":0},{""access"":1,""addend"":0,""bit_start"":5,""bit_width"":5,""kind"":1,""multiplier"":0,""reg_class"":4,""second_start"":0,""second_width"":0,""size"":2,""special31"":0,""transform"":0},{""access"":1,""addend"":64,""bit_start"":10,""bit_width"":6,""kind"":2,""multiplier"":-1,""reg_class"":0,""second_start"":0,""second_width"":0,""size"":1,""special31"":0,""transform"":0}]"	fcvtzs	HasFullFP16
6315	A64/simd_dp/float2fix/FCVTZU_32H_float2fix	fcvtzu	A64	32	capstone	0x1ed980c1,0x1ed980e2,0x1ed98187,0x1ed9820b,0x1ed980df,0x1ed984c1,0x1ed988c1,0x1ed98cc1,0x1ed9f8c1,0x1ed9fcc1	"[{""access"":2,""addend"":0,""bit_start"":0,""bit_width"":5,""kind"":1,""multiplier"":0,""reg_class"":2,""second_start"":0,""second_width"":0,""size"":4,""special31"":2,""transform"":0},{""access"":1,""addend"":0,""bit_start"":5,""bit_width"":5,""kind"":1,""multiplier"":0,""reg_class"":4,""second_start"":0,""second_width"":0,""size"":2,""special31"":0,""transform"":0},{""access"":1,""addend"":64,""bit_start"":10,""bit_width"":6,""kind"":2,""multiplier"":-1,""reg_class"":0,""second_start"":0,""second_width"":0,""size"":1,""special31"":0,""transform"":0}]"	fcvtzu	HasFullFP16
6316	A64/simd_dp/float2fix/SCVTF_S64_float2fix	scvtf	A64	32	capstone	0x9e0204c1,0x9e0204e2,0x9e020587,0x9e02060b,0x9e0207e1,0x9e0200c1,0x9e0208c1,0x9e020cc1,0x9e027cc1,0x9e0280c1,0x9e02f8c1,0x9e02fcc1	"[{""access"":2,""addend"":0,""bit_start"":0,""bit_width"":5,""kind"":1,""multiplier"":0,""reg_class"":5,""second_start"":0,""second_width"":0,""size"":4,""special31"":0,""transform"":0},{""access"":1,""addend"":0,""bit_start"":5,""bit_width"":5,""kind"":1,""multiplier"":0,""reg_class"":3,""second_start"":0,""second_width"":0,""size"":8,""special31"":4,""transform"":0},{""access"":1,""addend"":64,""bit_start"":10,""bit_width"":6,""kind"":2,""multiplier"":-1,""reg_class"":0,""second_start"":0,""second_width"":0,""size"":1,""special31"":0,""transform"":0}]"	scvtf	HasFPARMv8
6317	A64/simd_dp/float2fix/UCVTF_S64_float2fix	ucvtf	A64	32	capstone	0x9e0304c1,0x9e0304e2,0x9e030587,0x9e03060b,0x9e0307e1,0x9e0300c1,0x9e0308c1,0x9e030cc1,0x9e037cc1,0x9e0380c1,0x9e03f8c1,0x9e03fcc1	"[{""access"":2,""addend"":0,""bit_start"":0,""bit_width"":5,""kind"":1,""multiplier"":0,""reg_class"":5,""second_start"":0,""second_width"":0,""size"":4,""special31"":0,""transform"":0},{""access"":1,""addend"":0,""bit_start"":5,""bit_width"":5,""kind"":1,""multiplier"":0,""reg_class"":3,""second_start"":0,""second_width"":0,""size"":8,""special31"":4,""transform"":0},{""access"":1,""addend"":64,""bit_start"":10,""bit_width"":6,""kind"":2,""multiplier"":-1,""reg_class"":0,""second_start"":0,""second_width"":0,""size"":1,""special31"":0,""transform"":0}]"	ucvtf	HasFPARMv8
6318	A64/simd_dp/float2fix/FCVTZS_64S_float2fix	fcvtzs	A64	32	capstone	0x9e1804c1,0x9e1804e2,0x9e180587,0x9e18060b,0x9e1804df,0x9e1800c1,0x9e1808c1,0x9e180cc1,0x9e187cc1,0x9e1880c1,0x9e18f8c1,0x9e18fcc1	"[{""access"":2,""addend"":0,""bit_start"":0,""bit_width"":5,""kind"":1,""multiplier"":0,""reg_class"":3,""second_start"":0,""second_width"":0,""size"":8,""special31"":4,""transform"":0},{""access"":1,""addend"":0,""bit_start"":5,""bit_width"":5,""kind"":1,""multiplier"":0,""reg_class"":5,""second_start"":0,""second_width"":0,""size"":4,""special31"":0,""transform"":0},{""access"":1,""addend"":64,""bit_start"":10,""bit_width"":6,""kind"":2,""multiplier"":-1,""reg_class"":0,""second_start"":0,""second_width"":0,""size"":1,""special31"":0,""transform"":0}]"	fcvtzs	HasFPARMv8
6319	A64/simd_dp/float2fix/FCVTZU_64S_float2fix	fcvtzu	A64	32	capstone	0x9e1904c1,0x9e1904e2,0x9e190587,0x9e19060b,0x9e1904df,0x9e1900c1,0x9e1908c1,0x9e190cc1,0x9e197cc1,0x9e1980c1,0x9e19f8c1,0x9e19fcc1	"[{""access"":2,""addend"":0,""bit_start"":0,""bit_width"":5,""kind"":1,""multiplier"":0,""reg_class"":3,""second_start"":0,""second_width"":0,""size"":8,""special31"":4,""transform"":0},{""access"":1,""addend"":0,""bit_start"":5,""bit_width"":5,""kind"":1,""multiplier"":0,""reg_class"":5,""second_start"":0,""second_width"":0,""size"":4,""special31"":0,""transform"":0},{""access"":1,""addend"":64,""bit_start"":10,""bit_width"":6,""kind"":2,""multiplier"":-1,""reg_class"":0,""second_start"":0,""second_width"":0,""size"":1,""special31"":0,""transform"":0}]"	fcvtzu	HasFPARMv8
6320	A64/simd_dp/float2fix/SCVTF_D64_float2fix	scvtf	A64	32	capstone	0x9e4204c1,0x9e4204e2,0x9e420587,0x9e42060b,0x9e4207e1,0x9e4200c1,0x9e4208c1,0x9e420cc1,0x9e427cc1,0x9e4280c1,0x9e42f8c1,0x9e42fcc1	"[{""access"":2,""addend"":0,""bit_start"":0,""bit_width"":5,""kind"":1,""multiplier"":0,""reg_class"":6,""second_start"":0,""second_width"":0,""size"":8,""special31"":0,""transform"":0},{""access"":1,""addend"":0,""bit_start"":5,""bit_width"":5,""kind"":1,""multiplier"":0,""reg_class"":3,""second_start"":0,""second_width"":0,""size"":8,""special31"":4,""transform"":0},{""access"":1,""addend"":64,""bit_start"":10,""bit_width"":6,""kind"":2,""multiplier"":-1,""reg_class"":0,""second_start"":0,""second_width"":0,""size"":1,""special31"":0,""transform"":0}]"	scvtf	HasFPARMv8
6321	A64/simd_dp/float2fix/UCVTF_D64_float2fix	ucvtf	A64	32	capstone	0x9e4304c1,0x9e4304e2,0x9e430587,0x9e43060b,0x9e4307e1,0x9e4300c1,0x9e4308c1,0x9e430cc1,0x9e437cc1,0x9e4380c1,0x9e43f8c1,0x9e43fcc1	"[{""access"":2,""addend"":0,""bit_start"":0,""bit_width"":5,""kind"":1,""multiplier"":0,""reg_class"":6,""second_start"":0,""second_width"":0,""size"":8,""special31"":0,""transform"":0},{""access"":1,""addend"":0,""bit_start"":5,""bit_width"":5,""kind"":1,""multiplier"":0,""reg_class"":3,""second_start"":0,""second_width"":0,""size"":8,""special31"":4,""transform"":0},{""access"":1,""addend"":64,""bit_start"":10,""bit_width"":6,""kind"":2,""multiplier"":-1,""reg_class"":0,""second_start"":0,""second_width"":0,""size"":1,""special31"":0,""transform"":0}]"	ucvtf	HasFPARMv8
6322	A64/simd_dp/float2fix/FCVTZS_64D_float2fix	fcvtzs	A64	32	capstone	0x9e5804c1,0x9e5804e2,0x9e580587,0x9e58060b,0x9e5804df,0x9e5800c1,0x9e5808c1,0x9e580cc1,0x9e587cc1,0x9e5880c1,0x9e58f8c1,0x9e58fcc1	"[{""access"":2,""addend"":0,""bit_start"":0,""bit_width"":5,""kind"":1,""multiplier"":0,""reg_class"":3,""second_start"":0,""second_width"":0,""size"":8,""special31"":4,""transform"":0},{""access"":1,""addend"":0,""bit_start"":5,""bit_width"":5,""kind"":1,""multiplier"":0,""reg_class"":6,""second_start"":0,""second_width"":0,""size"":8,""special31"":0,""transform"":0},{""access"":1,""addend"":64,""bit_start"":10,""bit_width"":6,""kind"":2,""multiplier"":-1,""reg_class"":0,""second_start"":0,""second_width"":0,""size"":1,""special31"":0,""transform"":0}]"	fcvtzs	HasFPARMv8
6323	A64/simd_dp/float2fix/FCVTZU_64D_float2fix	fcvtzu	A64	32	capstone	0x9e5904c1,0x9e5904e2,0x9e590587,0x9e59060b,0x9e5904df,0x9e5900c1,0x9e5908c1,0x9e590cc1,0x9e597cc1,0x9e5980c1,0x9e59f8c1,0x9e59fcc1	"[{""access"":2,""addend"":0,""bit_start"":0,""bit_width"":5,""kind"":1,""multiplier"":0,""reg_class"":3,""second_start"":0,""second_width"":0,""size"":8,""special31"":4,""transform"":0},{""access"":1,""addend"":0,""bit_start"":5,""bit_width"":5,""kind"":1,""multiplier"":0,""reg_class"":6,""second_start"":0,""second_width"":0,""size"":8,""special31"":0,""transform"":0},{""access"":1,""addend"":64,""bit_start"":10,""bit_width"":6,""kind"":2,""multiplier"":-1,""reg_class"":0,""second_start"":0,""second_width"":0,""size"":1,""special31"":0,""transform"":0}]"	fcvtzu	HasFPARMv8
6324	A64/simd_dp/float2fix/SCVTF_H64_float2fix	scvtf	A64	32	capstone	0x9ec204c1,0x9ec204e2,0x9ec20587,0x9ec2060b,0x9ec207e1,0x9ec200c1,0x9ec208c1,0x9ec20cc1,0x9ec27cc1,0x9ec280c1,0x9ec2f8c1,0x9ec2fcc1	"[{""access"":2,""addend"":0,""bit_start"":0,""bit_width"":5,""kind"":1,""multiplier"":0,""reg_class"":4,""second_start"":0,""second_width"":0,""size"":2,""special31"":0,""transform"":0},{""access"":1,""addend"":0,""bit_start"":5,""bit_width"":5,""kind"":1,""multiplier"":0,""reg_class"":3,""second_start"":0,""second_width"":0,""size"":8,""special31"":4,""transform"":0},{""access"":1,""addend"":64,""bit_start"":10,""bit_width"":6,""kind"":2,""multiplier"":-1,""reg_class"":0,""second_start"":0,""second_width"":0,""size"":1,""special31"":0,""transform"":0}]"	scvtf	HasFullFP16
6325	A64/simd_dp/float2fix/UCVTF_H64_float2fix	ucvtf	A64	32	capstone	0x9ec304c1,0x9ec304e2,0x9ec30587,0x9ec3060b,0x9ec307e1,0x9ec300c1,0x9ec308c1,0x9ec30cc1,0x9ec37cc1,0x9ec380c1,0x9ec3f8c1,0x9ec3fcc1	"[{""access"":2,""addend"":0,""bit_start"":0,""bit_width"":5,""kind"":1,""multiplier"":0,""reg_class"":4,""second_start"":0,""second_width"":0,""size"":2,""special31"":0,""transform"":0},{""access"":1,""addend"":0,""bit_start"":5,""bit_width"":5,""kind"":1,""multiplier"":0,""reg_class"":3,""second_start"":0,""second_width"":0,""size"":8,""special31"":4,""transform"":0},{""access"":1,""addend"":64,""bit_start"":10,""bit_width"":6,""kind"":2,""multiplier"":-1,""reg_class"":0,""second_start"":0,""second_width"":0,""size"":1,""special31"":0,""transform"":0}]"	ucvtf	HasFullFP16
6326	A64/simd_dp/float2fix/FCVTZS_64H_float2fix	fcvtzs	A64	32	capstone	0x9ed804c1,0x9ed804e2,0x9ed80587,0x9ed8060b,0x9ed804df,0x9ed800c1,0x9ed808c1,0x9ed80cc1,0x9ed87cc1,0x9ed880c1,0x9ed8f8c1,0x9ed8fcc1	"[{""access"":2,""addend"":0,""bit_start"":0,""bit_width"":5,""kind"":1,""multiplier"":0,""reg_class"":3,""second_start"":0,""second_width"":0,""size"":8,""special31"":4,""transform"":0},{""access"":1,""addend"":0,""bit_start"":5,""bit_width"":5,""kind"":1,""multiplier"":0,""reg_class"":4,""second_start"":0,""second_width"":0,""size"":2,""special31"":0,""transform"":0},{""access"":1,""addend"":64,""bit_start"":10,""bit_width"":6,""kind"":2,""multiplier"":-1,""reg_class"":0,""second_start"":0,""second_width"":0,""size"":1,""special31"":0,""transform"":0}]"	fcvtzs	HasFullFP16
6327	A64/simd_dp/float2fix/FCVTZU_64H_float2fix	fcvtzu	A64	32	capstone	0x9ed904c1,0x9ed904e2,0x9ed90587,0x9ed9060b,0x9ed904df,0x9ed900c1,0x9ed908c1,0x9ed90cc1,0x9ed97cc1,0x9ed980c1,0x9ed9f8c1,0x9ed9fcc1	"[{""access"":2,""addend"":0,""bit_start"":0,""bit_width"":5,""kind"":1,""multiplier"":0,""reg_class"":3,""second_start"":0,""second_width"":0,""size"":8,""special31"":4,""transform"":0},{""access"":1,""addend"":0,""bit_start"":5,""bit_width"":5,""kind"":1,""multiplier"":0,""reg_class"":4,""second_start"":0,""second_width"":0,""size"":2,""special31"":0,""transform"":0},{""access"":1,""addend"":64,""bit_start"":10,""bit_width"":6,""kind"":2,""multiplier"":-1,""reg_class"":0,""second_start"":0,""second_width"":0,""size"":1,""special31"":0,""transform"":0}]"	fcvtzu	HasFullFP16
