form_id	instruction_set	minimum_architecture	required_features_all_atoms	source_form_id
1	A32	unresolved-strict		A32/dp/xldst/ldstxreg/STRH_r_A1_off
2	A32	unresolved-strict		A32/dp/xldst/ldstxreg/STRH_r_A1_post
3	A32	unresolved-strict		A32/dp/xldst/ldstxreg/STRH_r_A1_pre
4	A32	unresolved-strict		A32/dp/xldst/ldstxreg/LDRD_r_A1_off
5	A32	unresolved-strict		A32/dp/xldst/ldstxreg/LDRD_r_A1_post
6	A32	unresolved-strict		A32/dp/xldst/ldstxreg/LDRD_r_A1_pre
7	A32	unresolved-strict		A32/dp/xldst/ldstxreg/STRD_r_A1_off
8	A32	unresolved-strict		A32/dp/xldst/ldstxreg/STRD_r_A1_post
9	A32	unresolved-strict		A32/dp/xldst/ldstxreg/STRD_r_A1_pre
10	A32	unresolved-strict		A32/dp/xldst/ldstxreg/LDRH_r_A1_off
11	A32	unresolved-strict		A32/dp/xldst/ldstxreg/LDRH_r_A1_post
12	A32	unresolved-strict		A32/dp/xldst/ldstxreg/LDRH_r_A1_pre
13	A32	unresolved-strict		A32/dp/xldst/ldstxreg/LDRSB_r_A1_off
14	A32	unresolved-strict		A32/dp/xldst/ldstxreg/LDRSB_r_A1_post
15	A32	unresolved-strict		A32/dp/xldst/ldstxreg/LDRSB_r_A1_pre
16	A32	unresolved-strict		A32/dp/xldst/ldstxreg/LDRSH_r_A1_off
17	A32	unresolved-strict		A32/dp/xldst/ldstxreg/LDRSH_r_A1_post
18	A32	unresolved-strict		A32/dp/xldst/ldstxreg/LDRSH_r_A1_pre
19	A32	unresolved-strict		A32/dp/xldst/ldstxreg/STRHT_A2
20	A32	unresolved-strict		A32/dp/xldst/ldstxreg/LDRHT_A2
21	A32	unresolved-strict		A32/dp/xldst/ldstxreg/LDRSBT_A2
22	A32	unresolved-strict		A32/dp/xldst/ldstxreg/LDRSHT_A2
23	A32	unresolved-strict		A32/dp/xldst/ldstximm/LDRD_l_A1
24	A32	unresolved-strict		A32/dp/xldst/ldstximm/LDRH_l_A1
25	A32	unresolved-strict		A32/dp/xldst/ldstximm/LDRSB_l_A1
26	A32	unresolved-strict		A32/dp/xldst/ldstximm/LDRSH_l_A1
27	A32	unresolved-strict		A32/dp/xldst/ldstximm/LDRD_i_A1_off
28	A32	unresolved-strict		A32/dp/xldst/ldstximm/LDRD_i_A1_post
29	A32	unresolved-strict		A32/dp/xldst/ldstximm/LDRD_i_A1_pre
30	A32	unresolved-strict		A32/dp/xldst/ldstximm/STRH_i_A1_off
31	A32	unresolved-strict		A32/dp/xldst/ldstximm/STRH_i_A1_post
32	A32	unresolved-strict		A32/dp/xldst/ldstximm/STRH_i_A1_pre
33	A32	unresolved-strict		A32/dp/xldst/ldstximm/STRD_i_A1_off
34	A32	unresolved-strict		A32/dp/xldst/ldstximm/STRD_i_A1_post
35	A32	unresolved-strict		A32/dp/xldst/ldstximm/STRD_i_A1_pre
36	A32	unresolved-strict		A32/dp/xldst/ldstximm/LDRH_i_A1_off
37	A32	unresolved-strict		A32/dp/xldst/ldstximm/LDRH_i_A1_post
38	A32	unresolved-strict		A32/dp/xldst/ldstximm/LDRH_i_A1_pre
39	A32	unresolved-strict		A32/dp/xldst/ldstximm/LDRSB_i_A1_off
40	A32	unresolved-strict		A32/dp/xldst/ldstximm/LDRSB_i_A1_post
41	A32	unresolved-strict		A32/dp/xldst/ldstximm/LDRSB_i_A1_pre
42	A32	unresolved-strict		A32/dp/xldst/ldstximm/LDRSH_i_A1_off
43	A32	unresolved-strict		A32/dp/xldst/ldstximm/LDRSH_i_A1_post
44	A32	unresolved-strict		A32/dp/xldst/ldstximm/LDRSH_i_A1_pre
45	A32	unresolved-strict		A32/dp/xldst/ldstximm/STRHT_A1
46	A32	unresolved-strict		A32/dp/xldst/ldstximm/LDRHT_A1
47	A32	unresolved-strict		A32/dp/xldst/ldstximm/LDRSBT_A1
48	A32	unresolved-strict		A32/dp/xldst/ldstximm/LDRSHT_A1
49	A32	unresolved-strict		A32/dp/mul_word/MULS_A1
50	A32	unresolved-strict		A32/dp/mul_word/MUL_A1
51	A32	unresolved-strict		A32/dp/mul_word/MLAS_A1
52	A32	unresolved-strict		A32/dp/mul_word/MLA_A1
53	A32	unresolved-strict		A32/dp/mul_word/UMAAL_A1
54	A32	unresolved-strict		A32/dp/mul_word/MLS_A1
55	A32	unresolved-strict		A32/dp/mul_word/UMULLS_A1
56	A32	unresolved-strict		A32/dp/mul_word/UMULL_A1
57	A32	unresolved-strict		A32/dp/mul_word/UMLALS_A1
58	A32	unresolved-strict		A32/dp/mul_word/UMLAL_A1
59	A32	unresolved-strict		A32/dp/mul_word/SMULLS_A1
60	A32	unresolved-strict		A32/dp/mul_word/SMULL_A1
61	A32	unresolved-strict		A32/dp/mul_word/SMLALS_A1
62	A32	unresolved-strict		A32/dp/mul_word/SMLAL_A1
63	A32	unresolved-strict		A32/dp/sync/ldst_excl/STL_A1
64	A32	unresolved-strict		A32/dp/sync/ldst_excl/STLEX_A1
65	A32	unresolved-strict		A32/dp/sync/ldst_excl/STREX_A1
66	A32	unresolved-strict		A32/dp/sync/ldst_excl/LDA_A1
67	A32	unresolved-strict		A32/dp/sync/ldst_excl/LDAEX_A1
68	A32	unresolved-strict		A32/dp/sync/ldst_excl/LDREX_A1
69	A32	unresolved-strict		A32/dp/sync/ldst_excl/STLEXD_A1
70	A32	unresolved-strict		A32/dp/sync/ldst_excl/STREXD_A1
71	A32	unresolved-strict		A32/dp/sync/ldst_excl/LDAEXD_A1
72	A32	unresolved-strict		A32/dp/sync/ldst_excl/LDREXD_A1
73	A32	unresolved-strict		A32/dp/sync/ldst_excl/STLB_A1
74	A32	unresolved-strict		A32/dp/sync/ldst_excl/STLEXB_A1
75	A32	unresolved-strict		A32/dp/sync/ldst_excl/STREXB_A1
76	A32	unresolved-strict		A32/dp/sync/ldst_excl/LDAB_A1
77	A32	unresolved-strict		A32/dp/sync/ldst_excl/LDAEXB_A1
78	A32	unresolved-strict		A32/dp/sync/ldst_excl/LDREXB_A1
79	A32	unresolved-strict		A32/dp/sync/ldst_excl/STLH_A1
80	A32	unresolved-strict		A32/dp/sync/ldst_excl/STLEXH_A1
81	A32	unresolved-strict		A32/dp/sync/ldst_excl/STREXH_A1
82	A32	unresolved-strict		A32/dp/sync/ldst_excl/LDAH_A1
83	A32	unresolved-strict		A32/dp/sync/ldst_excl/LDAEXH_A1
84	A32	unresolved-strict		A32/dp/sync/ldst_excl/LDREXH_A1
85	A32	unresolved-strict		A32/dp/dpmisc/bx_reg/BX_A1
86	A32	unresolved-strict		A32/dp/dpmisc/bxj_reg/BXJ_A1
87	A32	unresolved-strict		A32/dp/dpmisc/blx_reg/BLX_r_A1
88	A32	unresolved-strict		A32/dp/dpmisc/clz/CLZ_A1
89	A32	unresolved-strict		A32/dp/dpmisc/eret/ERET_A1
90	A32	unresolved-strict		A32/dp/dpmisc/except/HLT_A1
91	A32	unresolved-strict		A32/dp/dpmisc/except/BKPT_A1
92	A32	unresolved-strict		A32/dp/dpmisc/except/HVC_A1
93	A32	unresolved-strict		A32/dp/dpmisc/except/SMC_A1_AS
94	A32	unresolved-strict		A32/dp/dpmisc/movsr_reg/MRS_A1_AS
95	A32	unresolved-strict		A32/dp/dpmisc/movsr_reg/MRS_br_A1_AS
96	A32	unresolved-strict		A32/dp/dpmisc/movsr_reg/MSR_r_A1_AS
97	A32	unresolved-strict		A32/dp/dpmisc/movsr_reg/MSR_br_A1_AS
98	A32	unresolved-strict	FEAT_CRC32	A32/dp/dpmisc/crc32/CRC32B_A1
99	A32	unresolved-strict	FEAT_CRC32	A32/dp/dpmisc/crc32/CRC32H_A1
100	A32	unresolved-strict	FEAT_CRC32	A32/dp/dpmisc/crc32/CRC32W_A1
101	A32	unresolved-strict	FEAT_CRC32	A32/dp/dpmisc/crc32/CRC32CB_A1
102	A32	unresolved-strict	FEAT_CRC32	A32/dp/dpmisc/crc32/CRC32CH_A1
103	A32	unresolved-strict	FEAT_CRC32	A32/dp/dpmisc/crc32/CRC32CW_A1
104	A32	unresolved-strict		A32/dp/dpmisc/intsat/QADD_A1
105	A32	unresolved-strict		A32/dp/dpmisc/intsat/QSUB_A1
106	A32	unresolved-strict		A32/dp/dpmisc/intsat/QDADD_A1
107	A32	unresolved-strict		A32/dp/dpmisc/intsat/QDSUB_A1
108	A32	unresolved-strict		A32/dp/mul_half/SMLABB_A1
109	A32	unresolved-strict		A32/dp/mul_half/SMLABT_A1
110	A32	unresolved-strict		A32/dp/mul_half/SMLATB_A1
111	A32	unresolved-strict		A32/dp/mul_half/SMLATT_A1
112	A32	unresolved-strict		A32/dp/mul_half/SMLAWB_A1
113	A32	unresolved-strict		A32/dp/mul_half/SMLAWT_A1
114	A32	unresolved-strict		A32/dp/mul_half/SMULWB_A1
115	A32	unresolved-strict		A32/dp/mul_half/SMULWT_A1
116	A32	unresolved-strict		A32/dp/mul_half/SMLALBB_A1
117	A32	unresolved-strict		A32/dp/mul_half/SMLALBT_A1
118	A32	unresolved-strict		A32/dp/mul_half/SMLALTB_A1
119	A32	unresolved-strict		A32/dp/mul_half/SMLALTT_A1
120	A32	unresolved-strict		A32/dp/mul_half/SMULBB_A1
121	A32	unresolved-strict		A32/dp/mul_half/SMULBT_A1
122	A32	unresolved-strict		A32/dp/mul_half/SMULTB_A1
123	A32	unresolved-strict		A32/dp/mul_half/SMULTT_A1
124	A32	unresolved-strict		A32/dp/dpregis/intdp3reg_immsh/AND_r_A1_RRX
125	A32	unresolved-strict		A32/dp/dpregis/intdp3reg_immsh/AND_r_A1
126	A32	unresolved-strict		A32/dp/dpregis/intdp3reg_immsh/ANDS_r_A1_RRX
127	A32	unresolved-strict		A32/dp/dpregis/intdp3reg_immsh/ANDS_r_A1
128	A32	unresolved-strict		A32/dp/dpregis/intdp3reg_immsh/EOR_r_A1_RRX
129	A32	unresolved-strict		A32/dp/dpregis/intdp3reg_immsh/EOR_r_A1
130	A32	unresolved-strict		A32/dp/dpregis/intdp3reg_immsh/EORS_r_A1_RRX
131	A32	unresolved-strict		A32/dp/dpregis/intdp3reg_immsh/EORS_r_A1
132	A32	unresolved-strict		A32/dp/dpregis/intdp3reg_immsh/SUB_r_A1_RRX
133	A32	unresolved-strict		A32/dp/dpregis/intdp3reg_immsh/SUB_r_A1
134	A32	unresolved-strict		A32/dp/dpregis/intdp3reg_immsh/SUBS_r_A1_RRX
135	A32	unresolved-strict		A32/dp/dpregis/intdp3reg_immsh/SUBS_r_A1
136	A32	unresolved-strict		A32/dp/dpregis/intdp3reg_immsh/SUB_SP_r_A1_RRX
137	A32	unresolved-strict		A32/dp/dpregis/intdp3reg_immsh/SUB_SP_r_A1
138	A32	unresolved-strict		A32/dp/dpregis/intdp3reg_immsh/SUBS_SP_r_A1_RRX
139	A32	unresolved-strict		A32/dp/dpregis/intdp3reg_immsh/SUBS_SP_r_A1
140	A32	unresolved-strict		A32/dp/dpregis/intdp3reg_immsh/RSB_r_A1_RRX
141	A32	unresolved-strict		A32/dp/dpregis/intdp3reg_immsh/RSB_r_A1
142	A32	unresolved-strict		A32/dp/dpregis/intdp3reg_immsh/RSBS_r_A1_RRX
143	A32	unresolved-strict		A32/dp/dpregis/intdp3reg_immsh/RSBS_r_A1
144	A32	unresolved-strict		A32/dp/dpregis/intdp3reg_immsh/ADD_r_A1_RRX
145	A32	unresolved-strict		A32/dp/dpregis/intdp3reg_immsh/ADD_r_A1
146	A32	unresolved-strict		A32/dp/dpregis/intdp3reg_immsh/ADDS_r_A1_RRX
147	A32	unresolved-strict		A32/dp/dpregis/intdp3reg_immsh/ADDS_r_A1
148	A32	unresolved-strict		A32/dp/dpregis/intdp3reg_immsh/ADD_SP_r_A1_RRX
149	A32	unresolved-strict		A32/dp/dpregis/intdp3reg_immsh/ADD_SP_r_A1
150	A32	unresolved-strict		A32/dp/dpregis/intdp3reg_immsh/ADDS_SP_r_A1_RRX
151	A32	unresolved-strict		A32/dp/dpregis/intdp3reg_immsh/ADDS_SP_r_A1
152	A32	unresolved-strict		A32/dp/dpregis/intdp3reg_immsh/ADC_r_A1_RRX
153	A32	unresolved-strict		A32/dp/dpregis/intdp3reg_immsh/ADC_r_A1
154	A32	unresolved-strict		A32/dp/dpregis/intdp3reg_immsh/ADCS_r_A1_RRX
155	A32	unresolved-strict		A32/dp/dpregis/intdp3reg_immsh/ADCS_r_A1
156	A32	unresolved-strict		A32/dp/dpregis/intdp3reg_immsh/SBC_r_A1_RRX
157	A32	unresolved-strict		A32/dp/dpregis/intdp3reg_immsh/SBC_r_A1
158	A32	unresolved-strict		A32/dp/dpregis/intdp3reg_immsh/SBCS_r_A1_RRX
159	A32	unresolved-strict		A32/dp/dpregis/intdp3reg_immsh/SBCS_r_A1
160	A32	unresolved-strict		A32/dp/dpregis/intdp3reg_immsh/RSC_r_A1_RRX
161	A32	unresolved-strict		A32/dp/dpregis/intdp3reg_immsh/RSC_r_A1
162	A32	unresolved-strict		A32/dp/dpregis/intdp3reg_immsh/RSCS_r_A1_RRX
163	A32	unresolved-strict		A32/dp/dpregis/intdp3reg_immsh/RSCS_r_A1
164	A32	unresolved-strict		A32/dp/dpregis/intdp2reg_immsh/TST_r_A1_RRX
165	A32	unresolved-strict		A32/dp/dpregis/intdp2reg_immsh/TST_r_A1
166	A32	unresolved-strict		A32/dp/dpregis/intdp2reg_immsh/TEQ_r_A1_RRX
167	A32	unresolved-strict		A32/dp/dpregis/intdp2reg_immsh/TEQ_r_A1
168	A32	unresolved-strict		A32/dp/dpregis/intdp2reg_immsh/CMP_r_A1_RRX
169	A32	unresolved-strict		A32/dp/dpregis/intdp2reg_immsh/CMP_r_A1
170	A32	unresolved-strict		A32/dp/dpregis/intdp2reg_immsh/CMN_r_A1_RRX
171	A32	unresolved-strict		A32/dp/dpregis/intdp2reg_immsh/CMN_r_A1
172	A32	unresolved-strict		A32/dp/dpregis/logic3reg_immsh/ORR_r_A1_RRX
173	A32	unresolved-strict		A32/dp/dpregis/logic3reg_immsh/ORR_r_A1
174	A32	unresolved-strict		A32/dp/dpregis/logic3reg_immsh/ORRS_r_A1_RRX
175	A32	unresolved-strict		A32/dp/dpregis/logic3reg_immsh/ORRS_r_A1
176	A32	unresolved-strict		A32/dp/dpregis/logic3reg_immsh/MOV_r_A1_RRX
177	A32	unresolved-strict		A32/dp/dpregis/logic3reg_immsh/MOV_r_A1
178	A32	unresolved-strict		A32/dp/dpregis/logic3reg_immsh/MOVS_r_A1_RRX
179	A32	unresolved-strict		A32/dp/dpregis/logic3reg_immsh/MOVS_r_A1
180	A32	unresolved-strict		A32/dp/dpregis/logic3reg_immsh/BIC_r_A1_RRX
181	A32	unresolved-strict		A32/dp/dpregis/logic3reg_immsh/BIC_r_A1
182	A32	unresolved-strict		A32/dp/dpregis/logic3reg_immsh/BICS_r_A1_RRX
183	A32	unresolved-strict		A32/dp/dpregis/logic3reg_immsh/BICS_r_A1
184	A32	unresolved-strict		A32/dp/dpregis/logic3reg_immsh/MVN_r_A1_RRX
185	A32	unresolved-strict		A32/dp/dpregis/logic3reg_immsh/MVN_r_A1
186	A32	unresolved-strict		A32/dp/dpregis/logic3reg_immsh/MVNS_r_A1_RRX
187	A32	unresolved-strict		A32/dp/dpregis/logic3reg_immsh/MVNS_r_A1
188	A32	unresolved-strict		A32/dp/dpregrs/intdp3reg_regsh/ANDS_rr_A1
189	A32	unresolved-strict		A32/dp/dpregrs/intdp3reg_regsh/AND_rr_A1
190	A32	unresolved-strict		A32/dp/dpregrs/intdp3reg_regsh/EORS_rr_A1
191	A32	unresolved-strict		A32/dp/dpregrs/intdp3reg_regsh/EOR_rr_A1
192	A32	unresolved-strict		A32/dp/dpregrs/intdp3reg_regsh/SUBS_rr_A1
193	A32	unresolved-strict		A32/dp/dpregrs/intdp3reg_regsh/SUB_rr_A1
194	A32	unresolved-strict		A32/dp/dpregrs/intdp3reg_regsh/RSBS_rr_A1
195	A32	unresolved-strict		A32/dp/dpregrs/intdp3reg_regsh/RSB_rr_A1
196	A32	unresolved-strict		A32/dp/dpregrs/intdp3reg_regsh/ADDS_rr_A1
197	A32	unresolved-strict		A32/dp/dpregrs/intdp3reg_regsh/ADD_rr_A1
198	A32	unresolved-strict		A32/dp/dpregrs/intdp3reg_regsh/ADCS_rr_A1
199	A32	unresolved-strict		A32/dp/dpregrs/intdp3reg_regsh/ADC_rr_A1
200	A32	unresolved-strict		A32/dp/dpregrs/intdp3reg_regsh/SBCS_rr_A1
201	A32	unresolved-strict		A32/dp/dpregrs/intdp3reg_regsh/SBC_rr_A1
202	A32	unresolved-strict		A32/dp/dpregrs/intdp3reg_regsh/RSCS_rr_A1
203	A32	unresolved-strict		A32/dp/dpregrs/intdp3reg_regsh/RSC_rr_A1
204	A32	unresolved-strict		A32/dp/dpregrs/intdp2reg_regsh/TST_rr_A1
205	A32	unresolved-strict		A32/dp/dpregrs/intdp2reg_regsh/TEQ_rr_A1
206	A32	unresolved-strict		A32/dp/dpregrs/intdp2reg_regsh/CMP_rr_A1
207	A32	unresolved-strict		A32/dp/dpregrs/intdp2reg_regsh/CMN_rr_A1
208	A32	unresolved-strict		A32/dp/dpregrs/logic3reg_regsh/ORRS_rr_A1
209	A32	unresolved-strict		A32/dp/dpregrs/logic3reg_regsh/ORR_rr_A1
210	A32	unresolved-strict		A32/dp/dpregrs/logic3reg_regsh/MOVS_rr_A1
211	A32	unresolved-strict		A32/dp/dpregrs/logic3reg_regsh/MOV_rr_A1
212	A32	unresolved-strict		A32/dp/dpregrs/logic3reg_regsh/BICS_rr_A1
213	A32	unresolved-strict		A32/dp/dpregrs/logic3reg_regsh/BIC_rr_A1
214	A32	unresolved-strict		A32/dp/dpregrs/logic3reg_regsh/MVNS_rr_A1
215	A32	unresolved-strict		A32/dp/dpregrs/logic3reg_regsh/MVN_rr_A1
216	A32	unresolved-strict		A32/dp/dpimm/intdp2reg_imm/AND_i_A1
217	A32	unresolved-strict		A32/dp/dpimm/intdp2reg_imm/ANDS_i_A1
218	A32	unresolved-strict		A32/dp/dpimm/intdp2reg_imm/EOR_i_A1
219	A32	unresolved-strict		A32/dp/dpimm/intdp2reg_imm/EORS_i_A1
220	A32	unresolved-strict		A32/dp/dpimm/intdp2reg_imm/SUB_i_A1
221	A32	unresolved-strict		A32/dp/dpimm/intdp2reg_imm/SUBS_i_A1
222	A32	unresolved-strict		A32/dp/dpimm/intdp2reg_imm/SUB_SP_i_A1
223	A32	unresolved-strict		A32/dp/dpimm/intdp2reg_imm/SUBS_SP_i_A1
224	A32	unresolved-strict		A32/dp/dpimm/intdp2reg_imm/ADR_A2
225	A32	unresolved-strict		A32/dp/dpimm/intdp2reg_imm/RSB_i_A1
226	A32	unresolved-strict		A32/dp/dpimm/intdp2reg_imm/RSBS_i_A1
227	A32	unresolved-strict		A32/dp/dpimm/intdp2reg_imm/ADD_i_A1
228	A32	unresolved-strict		A32/dp/dpimm/intdp2reg_imm/ADDS_i_A1
229	A32	unresolved-strict		A32/dp/dpimm/intdp2reg_imm/ADD_SP_i_A1
230	A32	unresolved-strict		A32/dp/dpimm/intdp2reg_imm/ADDS_SP_i_A1
231	A32	unresolved-strict		A32/dp/dpimm/intdp2reg_imm/ADR_A1
232	A32	unresolved-strict		A32/dp/dpimm/intdp2reg_imm/ADC_i_A1
233	A32	unresolved-strict		A32/dp/dpimm/intdp2reg_imm/ADCS_i_A1
234	A32	unresolved-strict		A32/dp/dpimm/intdp2reg_imm/SBC_i_A1
235	A32	unresolved-strict		A32/dp/dpimm/intdp2reg_imm/SBCS_i_A1
236	A32	unresolved-strict		A32/dp/dpimm/intdp2reg_imm/RSC_i_A1
237	A32	unresolved-strict		A32/dp/dpimm/intdp2reg_imm/RSCS_i_A1
238	A32	unresolved-strict		A32/dp/dpimm/movw/MOV_i_A2
239	A32	unresolved-strict		A32/dp/dpimm/movw/MOVT_A1
240	A32	unresolved-strict		A32/dp/dpimm/movsr_hint_imm/MSR_i_A1_AS
241	A32	unresolved-strict		A32/dp/dpimm/movsr_hint_imm/NOP_A1
242	A32	unresolved-strict		A32/dp/dpimm/movsr_hint_imm/YIELD_A1
243	A32	unresolved-strict		A32/dp/dpimm/movsr_hint_imm/WFE_A1
244	A32	unresolved-strict		A32/dp/dpimm/movsr_hint_imm/WFI_A1
245	A32	unresolved-strict		A32/dp/dpimm/movsr_hint_imm/SEV_A1
246	A32	unresolved-strict		A32/dp/dpimm/movsr_hint_imm/SEVL_A1
247	A32	unresolved-strict	FEAT_RAS	A32/dp/dpimm/movsr_hint_imm/ESB_A1
248	A32	unresolved-strict	FEAT_TRF	A32/dp/dpimm/movsr_hint_imm/TSB_A1
249	A32	unresolved-strict		A32/dp/dpimm/movsr_hint_imm/CSDB_A1
250	A32	unresolved-strict	FEAT_CLRBHB	A32/dp/dpimm/movsr_hint_imm/CLRBHB_A1
251	A32	unresolved-strict		A32/dp/dpimm/movsr_hint_imm/DBG_A1
252	A32	unresolved-strict		A32/dp/dpimm/intdp1reg_imm/TST_i_A1
253	A32	unresolved-strict		A32/dp/dpimm/intdp1reg_imm/TEQ_i_A1
254	A32	unresolved-strict		A32/dp/dpimm/intdp1reg_imm/CMP_i_A1
255	A32	unresolved-strict		A32/dp/dpimm/intdp1reg_imm/CMN_i_A1
256	A32	unresolved-strict		A32/dp/dpimm/log2reg_imm/ORR_i_A1
257	A32	unresolved-strict		A32/dp/dpimm/log2reg_imm/ORRS_i_A1
258	A32	unresolved-strict		A32/dp/dpimm/log2reg_imm/MOV_i_A1
259	A32	unresolved-strict		A32/dp/dpimm/log2reg_imm/MOVS_i_A1
260	A32	unresolved-strict		A32/dp/dpimm/log2reg_imm/BIC_i_A1
261	A32	unresolved-strict		A32/dp/dpimm/log2reg_imm/BICS_i_A1
262	A32	unresolved-strict		A32/dp/dpimm/log2reg_imm/MVN_i_A1
263	A32	unresolved-strict		A32/dp/dpimm/log2reg_imm/MVNS_i_A1
264	A32	unresolved-strict		A32/ldstimm/LDR_l_A1
265	A32	unresolved-strict		A32/ldstimm/LDRB_l_A1
266	A32	unresolved-strict		A32/ldstimm/STR_i_A1_off
267	A32	unresolved-strict		A32/ldstimm/STR_i_A1_post
268	A32	unresolved-strict		A32/ldstimm/STR_i_A1_pre
269	A32	unresolved-strict		A32/ldstimm/LDR_i_A1_off
270	A32	unresolved-strict		A32/ldstimm/LDR_i_A1_post
271	A32	unresolved-strict		A32/ldstimm/LDR_i_A1_pre
272	A32	unresolved-strict		A32/ldstimm/STRB_i_A1_off
273	A32	unresolved-strict		A32/ldstimm/STRB_i_A1_post
274	A32	unresolved-strict		A32/ldstimm/STRB_i_A1_pre
275	A32	unresolved-strict		A32/ldstimm/LDRB_i_A1_off
276	A32	unresolved-strict		A32/ldstimm/LDRB_i_A1_post
277	A32	unresolved-strict		A32/ldstimm/LDRB_i_A1_pre
278	A32	unresolved-strict		A32/ldstimm/STRT_A1
279	A32	unresolved-strict		A32/ldstimm/LDRT_A1
280	A32	unresolved-strict		A32/ldstimm/STRBT_A1
281	A32	unresolved-strict		A32/ldstimm/LDRBT_A1
282	A32	unresolved-strict		A32/ldstreg/STR_r_A1_off
283	A32	unresolved-strict		A32/ldstreg/STR_r_A1_post
284	A32	unresolved-strict		A32/ldstreg/STR_r_A1_pre
285	A32	unresolved-strict		A32/ldstreg/LDR_r_A1_off
286	A32	unresolved-strict		A32/ldstreg/LDR_r_A1_post
287	A32	unresolved-strict		A32/ldstreg/LDR_r_A1_pre
288	A32	unresolved-strict		A32/ldstreg/STRT_A2
289	A32	unresolved-strict		A32/ldstreg/LDRT_A2
290	A32	unresolved-strict		A32/ldstreg/STRB_r_A1_off
291	A32	unresolved-strict		A32/ldstreg/STRB_r_A1_post
292	A32	unresolved-strict		A32/ldstreg/STRB_r_A1_pre
293	A32	unresolved-strict		A32/ldstreg/LDRB_r_A1_off
294	A32	unresolved-strict		A32/ldstreg/LDRB_r_A1_post
295	A32	unresolved-strict		A32/ldstreg/LDRB_r_A1_pre
296	A32	unresolved-strict		A32/ldstreg/STRBT_A2
297	A32	unresolved-strict		A32/ldstreg/LDRBT_A2
298	A32	unresolved-strict		A32/media/parallel/SADD16_A1
299	A32	unresolved-strict		A32/media/parallel/SASX_A1
300	A32	unresolved-strict		A32/media/parallel/SSAX_A1
301	A32	unresolved-strict		A32/media/parallel/SSUB16_A1
302	A32	unresolved-strict		A32/media/parallel/SADD8_A1
303	A32	unresolved-strict		A32/media/parallel/SSUB8_A1
304	A32	unresolved-strict		A32/media/parallel/QADD16_A1
305	A32	unresolved-strict		A32/media/parallel/QASX_A1
306	A32	unresolved-strict		A32/media/parallel/QSAX_A1
307	A32	unresolved-strict		A32/media/parallel/QSUB16_A1
308	A32	unresolved-strict		A32/media/parallel/QADD8_A1
309	A32	unresolved-strict		A32/media/parallel/QSUB8_A1
310	A32	unresolved-strict		A32/media/parallel/SHADD16_A1
311	A32	unresolved-strict		A32/media/parallel/SHASX_A1
312	A32	unresolved-strict		A32/media/parallel/SHSAX_A1
313	A32	unresolved-strict		A32/media/parallel/SHSUB16_A1
314	A32	unresolved-strict		A32/media/parallel/SHADD8_A1
315	A32	unresolved-strict		A32/media/parallel/SHSUB8_A1
316	A32	unresolved-strict		A32/media/parallel/UADD16_A1
317	A32	unresolved-strict		A32/media/parallel/UASX_A1
318	A32	unresolved-strict		A32/media/parallel/USAX_A1
319	A32	unresolved-strict		A32/media/parallel/USUB16_A1
320	A32	unresolved-strict		A32/media/parallel/UADD8_A1
321	A32	unresolved-strict		A32/media/parallel/USUB8_A1
322	A32	unresolved-strict		A32/media/parallel/UQADD16_A1
323	A32	unresolved-strict		A32/media/parallel/UQASX_A1
324	A32	unresolved-strict		A32/media/parallel/UQSAX_A1
325	A32	unresolved-strict		A32/media/parallel/UQSUB16_A1
326	A32	unresolved-strict		A32/media/parallel/UQADD8_A1
327	A32	unresolved-strict		A32/media/parallel/UQSUB8_A1
328	A32	unresolved-strict		A32/media/parallel/UHADD16_A1
329	A32	unresolved-strict		A32/media/parallel/UHASX_A1
330	A32	unresolved-strict		A32/media/parallel/UHSAX_A1
331	A32	unresolved-strict		A32/media/parallel/UHSUB16_A1
332	A32	unresolved-strict		A32/media/parallel/UHADD8_A1
333	A32	unresolved-strict		A32/media/parallel/UHSUB8_A1
334	A32	unresolved-strict		A32/media/selbytes/SEL_A1
335	A32	unresolved-strict		A32/media/pack/PKHBT_A1
336	A32	unresolved-strict		A32/media/pack/PKHTB_A1
337	A32	unresolved-strict		A32/media/sat16/SSAT16_A1
338	A32	unresolved-strict		A32/media/sat16/USAT16_A1
339	A32	unresolved-strict		A32/media/reverse/REV_A1
340	A32	unresolved-strict		A32/media/reverse/REV16_A1
341	A32	unresolved-strict		A32/media/reverse/RBIT_A1
342	A32	unresolved-strict		A32/media/reverse/REVSH_A1
343	A32	unresolved-strict		A32/media/sat32/SSAT_A1_ASR
344	A32	unresolved-strict		A32/media/sat32/SSAT_A1_LSL
345	A32	unresolved-strict		A32/media/sat32/USAT_A1_ASR
346	A32	unresolved-strict		A32/media/sat32/USAT_A1_LSL
347	A32	unresolved-strict		A32/media/extend/SXTAB16_A1
348	A32	unresolved-strict		A32/media/extend/SXTB16_A1
349	A32	unresolved-strict		A32/media/extend/SXTAB_A1
350	A32	unresolved-strict		A32/media/extend/SXTB_A1
351	A32	unresolved-strict		A32/media/extend/SXTAH_A1
352	A32	unresolved-strict		A32/media/extend/SXTH_A1
353	A32	unresolved-strict		A32/media/extend/UXTAB16_A1
354	A32	unresolved-strict		A32/media/extend/UXTB16_A1
355	A32	unresolved-strict		A32/media/extend/UXTAB_A1
356	A32	unresolved-strict		A32/media/extend/UXTB_A1
357	A32	unresolved-strict		A32/media/extend/UXTAH_A1
358	A32	unresolved-strict		A32/media/extend/UXTH_A1
359	A32	unresolved-strict		A32/media/smul_div/SMLAD_A1
360	A32	unresolved-strict		A32/media/smul_div/SMLADX_A1
361	A32	unresolved-strict		A32/media/smul_div/SMLSD_A1
362	A32	unresolved-strict		A32/media/smul_div/SMLSDX_A1
363	A32	unresolved-strict		A32/media/smul_div/SMUAD_A1
364	A32	unresolved-strict		A32/media/smul_div/SMUADX_A1
365	A32	unresolved-strict		A32/media/smul_div/SMUSD_A1
366	A32	unresolved-strict		A32/media/smul_div/SMUSDX_A1
367	A32	unresolved-strict		A32/media/smul_div/SDIV_A1
368	A32	unresolved-strict		A32/media/smul_div/UDIV_A1
369	A32	unresolved-strict		A32/media/smul_div/SMLALD_A1
370	A32	unresolved-strict		A32/media/smul_div/SMLALDX_A1
371	A32	unresolved-strict		A32/media/smul_div/SMLSLD_A1
372	A32	unresolved-strict		A32/media/smul_div/SMLSLDX_A1
373	A32	unresolved-strict		A32/media/smul_div/SMMLA_A1
374	A32	unresolved-strict		A32/media/smul_div/SMMLAR_A1
375	A32	unresolved-strict		A32/media/smul_div/SMMLS_A1
376	A32	unresolved-strict		A32/media/smul_div/SMMLSR_A1
377	A32	unresolved-strict		A32/media/smul_div/SMMUL_A1
378	A32	unresolved-strict		A32/media/smul_div/SMMULR_A1
379	A32	unresolved-strict		A32/media/usad/USADA8_A1
380	A32	unresolved-strict		A32/media/usad/USAD8_A1
381	A32	unresolved-strict		A32/media/bfi/BFI_A1
382	A32	unresolved-strict		A32/media/bfi/BFC_A1
383	A32	unresolved-strict		A32/media/udf/UDF_A1
384	A32	unresolved-strict		A32/media/bfx/SBFX_A1
385	A32	unresolved-strict		A32/media/bfx/UBFX_A1
386	A32	unresolved-strict		A32/brblk/ldstexcept/RFEDA_A1_AS
387	A32	unresolved-strict		A32/brblk/ldstexcept/RFEDB_A1_AS
388	A32	unresolved-strict		A32/brblk/ldstexcept/RFEIA_A1_AS
389	A32	unresolved-strict		A32/brblk/ldstexcept/RFEIB_A1_AS
390	A32	unresolved-strict		A32/brblk/ldstexcept/SRSDA_A1_AS
391	A32	unresolved-strict		A32/brblk/ldstexcept/SRSDB_A1_AS
392	A32	unresolved-strict		A32/brblk/ldstexcept/SRSIA_A1_AS
393	A32	unresolved-strict		A32/brblk/ldstexcept/SRSIB_A1_AS
394	A32	unresolved-strict		A32/brblk/ldstm/STMDA_A1
395	A32	unresolved-strict		A32/brblk/ldstm/LDMDA_A1
396	A32	unresolved-strict		A32/brblk/ldstm/STM_A1
397	A32	unresolved-strict		A32/brblk/ldstm/LDM_A1
398	A32	unresolved-strict		A32/brblk/ldstm/STM_u_A1_AS
399	A32	unresolved-strict		A32/brblk/ldstm/STMDB_A1
400	A32	unresolved-strict		A32/brblk/ldstm/LDMDB_A1
401	A32	unresolved-strict		A32/brblk/ldstm/LDM_u_A1_AS
402	A32	unresolved-strict		A32/brblk/ldstm/STMIB_A1
403	A32	unresolved-strict		A32/brblk/ldstm/LDMIB_A1
404	A32	unresolved-strict		A32/brblk/ldstm/LDM_e_A1_AS
405	A32	unresolved-strict		A32/brblk/b_imm/B_A1
406	A32	unresolved-strict		A32/brblk/b_imm/BL_i_A1
407	A32	unresolved-strict		A32/brblk/b_imm/BL_i_A2
408	A32	unresolved-strict		A32/cops_as/svcall/svc/SVC_A1
409	A32	unresolved-strict	FEAT_FCMA	A32/cops_as/advsimdext/simd3reg_sameext/VCADD_A1_D
410	A32	unresolved-strict	FEAT_FCMA	A32/cops_as/advsimdext/simd3reg_sameext/VCADD_A1_Q
411	A32	unresolved-strict	FEAT_AA32BF16	A32/cops_as/advsimdext/simd3reg_sameext/VMMLA_A1_Q
412	A32	unresolved-strict	FEAT_AA32BF16	A32/cops_as/advsimdext/simd3reg_sameext/VDOT_A1_D
413	A32	unresolved-strict	FEAT_AA32BF16	A32/cops_as/advsimdext/simd3reg_sameext/VDOT_A1_Q
414	A32	unresolved-strict	FEAT_FHM	A32/cops_as/advsimdext/simd3reg_sameext/VFMAL_A1_D
415	A32	unresolved-strict	FEAT_FHM	A32/cops_as/advsimdext/simd3reg_sameext/VFMAL_A1_Q
416	A32	unresolved-strict	FEAT_AA32I8MM	A32/cops_as/advsimdext/simd3reg_sameext/VSMMLA_A1_Q
417	A32	unresolved-strict	FEAT_AA32I8MM	A32/cops_as/advsimdext/simd3reg_sameext/VUMMLA_A1_Q
418	A32	unresolved-strict	FEAT_DotProd	A32/cops_as/advsimdext/simd3reg_sameext/VSDOT_A1_D
419	A32	unresolved-strict	FEAT_DotProd	A32/cops_as/advsimdext/simd3reg_sameext/VSDOT_A1_Q
420	A32	unresolved-strict	FEAT_DotProd	A32/cops_as/advsimdext/simd3reg_sameext/VUDOT_A1_D
421	A32	unresolved-strict	FEAT_DotProd	A32/cops_as/advsimdext/simd3reg_sameext/VUDOT_A1_Q
422	A32	unresolved-strict	FEAT_AA32BF16	A32/cops_as/advsimdext/simd3reg_sameext/VFMA_bf_A1_Q
423	A32	unresolved-strict	FEAT_FHM	A32/cops_as/advsimdext/simd3reg_sameext/VFMSL_A1_D
424	A32	unresolved-strict	FEAT_FHM	A32/cops_as/advsimdext/simd3reg_sameext/VFMSL_A1_Q
425	A32	unresolved-strict	FEAT_AA32I8MM	A32/cops_as/advsimdext/simd3reg_sameext/VUSMMLA_A1_Q
426	A32	unresolved-strict	FEAT_AA32I8MM	A32/cops_as/advsimdext/simd3reg_sameext/VUSDOT_A1_D
427	A32	unresolved-strict	FEAT_AA32I8MM	A32/cops_as/advsimdext/simd3reg_sameext/VUSDOT_A1_Q
428	A32	unresolved-strict	FEAT_FCMA	A32/cops_as/advsimdext/simd3reg_sameext/VCMLA_A1_D
429	A32	unresolved-strict	FEAT_FCMA	A32/cops_as/advsimdext/simd3reg_sameext/VCMLA_A1_Q
430	A32	unresolved-strict	FEAT_FP16	A32/cops_as/advsimdext/fpcsel/VSELEQ_A1_H
431	A32	unresolved-strict		A32/cops_as/advsimdext/fpcsel/VSELEQ_A1_S
432	A32	unresolved-strict		A32/cops_as/advsimdext/fpcsel/VSELEQ_A1_D
433	A32	unresolved-strict	FEAT_FP16	A32/cops_as/advsimdext/fpcsel/VSELGE_A1_H
434	A32	unresolved-strict		A32/cops_as/advsimdext/fpcsel/VSELGE_A1_S
435	A32	unresolved-strict		A32/cops_as/advsimdext/fpcsel/VSELGE_A1_D
436	A32	unresolved-strict	FEAT_FP16	A32/cops_as/advsimdext/fpcsel/VSELGT_A1_H
437	A32	unresolved-strict		A32/cops_as/advsimdext/fpcsel/VSELGT_A1_S
438	A32	unresolved-strict		A32/cops_as/advsimdext/fpcsel/VSELGT_A1_D
439	A32	unresolved-strict	FEAT_FP16	A32/cops_as/advsimdext/fpcsel/VSELVS_A1_H
440	A32	unresolved-strict		A32/cops_as/advsimdext/fpcsel/VSELVS_A1_S
441	A32	unresolved-strict		A32/cops_as/advsimdext/fpcsel/VSELVS_A1_D
442	A32	unresolved-strict	FEAT_FP16	A32/cops_as/advsimdext/fpminmaxnm/VMAXNM_A2_H
443	A32	unresolved-strict		A32/cops_as/advsimdext/fpminmaxnm/VMAXNM_A2_S
444	A32	unresolved-strict		A32/cops_as/advsimdext/fpminmaxnm/VMAXNM_A2_D
445	A32	unresolved-strict	FEAT_FP16	A32/cops_as/advsimdext/fpminmaxnm/VMINNM_A2_H
446	A32	unresolved-strict		A32/cops_as/advsimdext/fpminmaxnm/VMINNM_A2_S
447	A32	unresolved-strict		A32/cops_as/advsimdext/fpminmaxnm/VMINNM_A2_D
448	A32	unresolved-strict	FEAT_FP16	A32/cops_as/advsimdext/fpextins/VMOVX_A1
449	A32	unresolved-strict	FEAT_FP16	A32/cops_as/advsimdext/fpextins/VINS_A1
450	A32	unresolved-strict	FEAT_FP16	A32/cops_as/advsimdext/fpcvtrnd/VRINTA_vfp_A1_H
451	A32	unresolved-strict		A32/cops_as/advsimdext/fpcvtrnd/VRINTA_vfp_A1_S
452	A32	unresolved-strict		A32/cops_as/advsimdext/fpcvtrnd/VRINTA_vfp_A1_D
453	A32	unresolved-strict	FEAT_FP16	A32/cops_as/advsimdext/fpcvtrnd/VRINTN_vfp_A1_H
454	A32	unresolved-strict		A32/cops_as/advsimdext/fpcvtrnd/VRINTN_vfp_A1_S
455	A32	unresolved-strict		A32/cops_as/advsimdext/fpcvtrnd/VRINTN_vfp_A1_D
456	A32	unresolved-strict	FEAT_FP16	A32/cops_as/advsimdext/fpcvtrnd/VRINTP_vfp_A1_H
457	A32	unresolved-strict		A32/cops_as/advsimdext/fpcvtrnd/VRINTP_vfp_A1_S
458	A32	unresolved-strict		A32/cops_as/advsimdext/fpcvtrnd/VRINTP_vfp_A1_D
459	A32	unresolved-strict	FEAT_FP16	A32/cops_as/advsimdext/fpcvtrnd/VRINTM_vfp_A1_H
460	A32	unresolved-strict		A32/cops_as/advsimdext/fpcvtrnd/VRINTM_vfp_A1_S
461	A32	unresolved-strict		A32/cops_as/advsimdext/fpcvtrnd/VRINTM_vfp_A1_D
462	A32	unresolved-strict	FEAT_FP16	A32/cops_as/advsimdext/fpcvtrnd/VCVTA_vfp_A1_H
463	A32	unresolved-strict		A32/cops_as/advsimdext/fpcvtrnd/VCVTA_vfp_A1_S
464	A32	unresolved-strict		A32/cops_as/advsimdext/fpcvtrnd/VCVTA_vfp_A1_D
465	A32	unresolved-strict	FEAT_FP16	A32/cops_as/advsimdext/fpcvtrnd/VCVTN_vfp_A1_H
466	A32	unresolved-strict		A32/cops_as/advsimdext/fpcvtrnd/VCVTN_vfp_A1_S
467	A32	unresolved-strict		A32/cops_as/advsimdext/fpcvtrnd/VCVTN_vfp_A1_D
468	A32	unresolved-strict	FEAT_FP16	A32/cops_as/advsimdext/fpcvtrnd/VCVTP_vfp_A1_H
469	A32	unresolved-strict		A32/cops_as/advsimdext/fpcvtrnd/VCVTP_vfp_A1_S
470	A32	unresolved-strict		A32/cops_as/advsimdext/fpcvtrnd/VCVTP_vfp_A1_D
471	A32	unresolved-strict	FEAT_FP16	A32/cops_as/advsimdext/fpcvtrnd/VCVTM_vfp_A1_H
472	A32	unresolved-strict		A32/cops_as/advsimdext/fpcvtrnd/VCVTM_vfp_A1_S
473	A32	unresolved-strict		A32/cops_as/advsimdext/fpcvtrnd/VCVTM_vfp_A1_D
474	A32	unresolved-strict	FEAT_FCMA	A32/cops_as/advsimdext/floatdpmac/VCMLA_s_A1_DH
475	A32	unresolved-strict	FEAT_FCMA	A32/cops_as/advsimdext/floatdpmac/VCMLA_s_A1_DS
476	A32	unresolved-strict	FEAT_FCMA	A32/cops_as/advsimdext/floatdpmac/VCMLA_s_A1_QH
477	A32	unresolved-strict	FEAT_FCMA	A32/cops_as/advsimdext/floatdpmac/VCMLA_s_A1_QS
478	A32	unresolved-strict	FEAT_FHM	A32/cops_as/advsimdext/floatdpmac/VFMAL_s_A1_D
479	A32	unresolved-strict	FEAT_FHM	A32/cops_as/advsimdext/floatdpmac/VFMAL_s_A1_Q
480	A32	unresolved-strict	FEAT_FHM	A32/cops_as/advsimdext/floatdpmac/VFMSL_s_A1_D
481	A32	unresolved-strict	FEAT_FHM	A32/cops_as/advsimdext/floatdpmac/VFMSL_s_A1_Q
482	A32	unresolved-strict	FEAT_AA32BF16	A32/cops_as/advsimdext/floatdpmac/VFMA_bfs_A1_Q
483	A32	unresolved-strict	FEAT_AA32BF16	A32/cops_as/advsimdext/simd_dotprod/VDOT_s_A1_D
484	A32	unresolved-strict	FEAT_AA32BF16	A32/cops_as/advsimdext/simd_dotprod/VDOT_s_A1_Q
485	A32	unresolved-strict	FEAT_DotProd	A32/cops_as/advsimdext/simd_dotprod/VSDOT_s_A1_D
486	A32	unresolved-strict	FEAT_DotProd	A32/cops_as/advsimdext/simd_dotprod/VSDOT_s_A1_Q
487	A32	unresolved-strict	FEAT_DotProd	A32/cops_as/advsimdext/simd_dotprod/VUDOT_s_A1_D
488	A32	unresolved-strict	FEAT_DotProd	A32/cops_as/advsimdext/simd_dotprod/VUDOT_s_A1_Q
489	A32	unresolved-strict	FEAT_AA32I8MM	A32/cops_as/advsimdext/simd_dotprod/VUSDOT_s_A1_D
490	A32	unresolved-strict	FEAT_AA32I8MM	A32/cops_as/advsimdext/simd_dotprod/VUSDOT_s_A1_Q
491	A32	unresolved-strict	FEAT_AA32I8MM	A32/cops_as/advsimdext/simd_dotprod/VSUDOT_s_A1_D
492	A32	unresolved-strict	FEAT_AA32I8MM	A32/cops_as/advsimdext/simd_dotprod/VSUDOT_s_A1_Q
493	A32	unresolved-strict		A32/cops_as/sysldst_mov64/movsimdfpgp64/VMOV_toss_A1
494	A32	unresolved-strict		A32/cops_as/sysldst_mov64/movsimdfpgp64/VMOV_ss_A1
495	A32	unresolved-strict		A32/cops_as/sysldst_mov64/movsimdfpgp64/VMOV_tod_A1
496	A32	unresolved-strict		A32/cops_as/sysldst_mov64/movsimdfpgp64/VMOV_d_A1
497	A32	unresolved-strict		A32/cops_as/sysldst_mov64/movcpgp64/MCRR_A1
498	A32	unresolved-strict		A32/cops_as/sysldst_mov64/movcpgp64/MRRC_A1
499	A32	unresolved-strict		A32/cops_as/sysldst_mov64/ldstsimdfp/VSTMDB_A2
500	A32	unresolved-strict		A32/cops_as/sysldst_mov64/ldstsimdfp/VSTM_A2
501	A32	unresolved-strict		A32/cops_as/sysldst_mov64/ldstsimdfp/VSTMDB_A1
502	A32	unresolved-strict		A32/cops_as/sysldst_mov64/ldstsimdfp/VSTM_A1
503	A32	unresolved-strict		A32/cops_as/sysldst_mov64/ldstsimdfp/FSTMDBX_A1
504	A32	unresolved-strict		A32/cops_as/sysldst_mov64/ldstsimdfp/FSTMIAX_A1
505	A32	unresolved-strict		A32/cops_as/sysldst_mov64/ldstsimdfp/VLDMDB_A2
506	A32	unresolved-strict		A32/cops_as/sysldst_mov64/ldstsimdfp/VLDM_A2
507	A32	unresolved-strict		A32/cops_as/sysldst_mov64/ldstsimdfp/VLDMDB_A1
508	A32	unresolved-strict		A32/cops_as/sysldst_mov64/ldstsimdfp/VLDM_A1
509	A32	unresolved-strict		A32/cops_as/sysldst_mov64/ldstsimdfp/FLDMDBX_A1
510	A32	unresolved-strict		A32/cops_as/sysldst_mov64/ldstsimdfp/FLDMIAX_A1
511	A32	unresolved-strict	FEAT_FP16	A32/cops_as/sysldst_mov64/ldstsimdfp/VSTR_A1_H
512	A32	unresolved-strict		A32/cops_as/sysldst_mov64/ldstsimdfp/VSTR_A1_S
513	A32	unresolved-strict		A32/cops_as/sysldst_mov64/ldstsimdfp/VSTR_A1_D
514	A32	unresolved-strict	FEAT_FP16	A32/cops_as/sysldst_mov64/ldstsimdfp/VLDR_A1_H
515	A32	unresolved-strict		A32/cops_as/sysldst_mov64/ldstsimdfp/VLDR_A1_S
516	A32	unresolved-strict		A32/cops_as/sysldst_mov64/ldstsimdfp/VLDR_A1_D
517	A32	unresolved-strict	FEAT_FP16	A32/cops_as/sysldst_mov64/ldstsimdfp/VLDR_l_A1_H
518	A32	unresolved-strict		A32/cops_as/sysldst_mov64/ldstsimdfp/VLDR_l_A1_S
519	A32	unresolved-strict		A32/cops_as/sysldst_mov64/ldstsimdfp/VLDR_l_A1_D
520	A32	unresolved-strict		A32/cops_as/sysldst_mov64/ldstcp/LDC_l_A1
521	A32	unresolved-strict		A32/cops_as/sysldst_mov64/ldstcp/STC_A1_off
522	A32	unresolved-strict		A32/cops_as/sysldst_mov64/ldstcp/STC_A1_post
523	A32	unresolved-strict		A32/cops_as/sysldst_mov64/ldstcp/STC_A1_pre
524	A32	unresolved-strict		A32/cops_as/sysldst_mov64/ldstcp/STC_A1_unind
525	A32	unresolved-strict		A32/cops_as/sysldst_mov64/ldstcp/LDC_i_A1_off
526	A32	unresolved-strict		A32/cops_as/sysldst_mov64/ldstcp/LDC_i_A1_post
527	A32	unresolved-strict		A32/cops_as/sysldst_mov64/ldstcp/LDC_i_A1_pre
528	A32	unresolved-strict		A32/cops_as/sysldst_mov64/ldstcp/LDC_i_A1_unind
529	A32	unresolved-strict	FEAT_FP16	A32/cops_as/sys_mov32/movfpgp16/VMOV_toh_A1
530	A32	unresolved-strict	FEAT_FP16	A32/cops_as/sys_mov32/movfpgp16/VMOV_h_A1
531	A32	unresolved-strict		A32/cops_as/sys_mov32/movfpgp32/VMOV_tos_A1
532	A32	unresolved-strict		A32/cops_as/sys_mov32/movfpgp32/VMOV_s_A1
533	A32	unresolved-strict		A32/cops_as/sys_mov32/movfpsr/VMSR_A1_AS
534	A32	unresolved-strict		A32/cops_as/sys_mov32/movfpsr/VMRS_A1_AS
535	A32	unresolved-strict		A32/cops_as/sys_mov32/movsimdgp/VMOV_rs_A1
536	A32	unresolved-strict		A32/cops_as/sys_mov32/movsimdgp/VMOV_sr_A1
537	A32	unresolved-strict		A32/cops_as/sys_mov32/movsimdgp/VDUP_r_A1_Q
538	A32	unresolved-strict		A32/cops_as/sys_mov32/movsimdgp/VDUP_r_A1_D
539	A32	unresolved-strict		A32/cops_as/sys_mov32/movcpgp32/MCR_A1
540	A32	unresolved-strict		A32/cops_as/sys_mov32/movcpgp32/MRC_A1
541	A32	unresolved-strict	FEAT_FP16	A32/cops_as/fpdp/fpdp2reg/VABS_A2_H
542	A32	unresolved-strict		A32/cops_as/fpdp/fpdp2reg/VABS_A2_S
543	A32	unresolved-strict		A32/cops_as/fpdp/fpdp2reg/VABS_A2_D
544	A32	unresolved-strict		A32/cops_as/fpdp/fpdp2reg/VMOV_r_A2_S
545	A32	unresolved-strict		A32/cops_as/fpdp/fpdp2reg/VMOV_r_A2_D
546	A32	unresolved-strict	FEAT_FP16	A32/cops_as/fpdp/fpdp2reg/VNEG_A2_H
547	A32	unresolved-strict		A32/cops_as/fpdp/fpdp2reg/VNEG_A2_S
548	A32	unresolved-strict		A32/cops_as/fpdp/fpdp2reg/VNEG_A2_D
549	A32	unresolved-strict	FEAT_FP16	A32/cops_as/fpdp/fpdp2reg/VSQRT_A1_H
550	A32	unresolved-strict		A32/cops_as/fpdp/fpdp2reg/VSQRT_A1_S
551	A32	unresolved-strict		A32/cops_as/fpdp/fpdp2reg/VSQRT_A1_D
552	A32	unresolved-strict		A32/cops_as/fpdp/fpdp2reg/VCVTB_A1_SH
553	A32	unresolved-strict		A32/cops_as/fpdp/fpdp2reg/VCVTB_A1_DH
554	A32	unresolved-strict		A32/cops_as/fpdp/fpdp2reg/VCVTB_A1_HS
555	A32	unresolved-strict		A32/cops_as/fpdp/fpdp2reg/VCVTB_A1_HD
556	A32	unresolved-strict		A32/cops_as/fpdp/fpdp2reg/VCVTT_A1_SH
557	A32	unresolved-strict		A32/cops_as/fpdp/fpdp2reg/VCVTT_A1_DH
558	A32	unresolved-strict		A32/cops_as/fpdp/fpdp2reg/VCVTT_A1_HS
559	A32	unresolved-strict		A32/cops_as/fpdp/fpdp2reg/VCVTT_A1_HD
560	A32	unresolved-strict	FEAT_AA32BF16	A32/cops_as/fpdp/fpdp2reg/VCVTB_A1_bfs
561	A32	unresolved-strict	FEAT_AA32BF16	A32/cops_as/fpdp/fpdp2reg/VCVTT_A1_bfs
562	A32	unresolved-strict	FEAT_FP16	A32/cops_as/fpdp/fpdp2reg/VCMP_A1_H
563	A32	unresolved-strict		A32/cops_as/fpdp/fpdp2reg/VCMP_A1_S
564	A32	unresolved-strict		A32/cops_as/fpdp/fpdp2reg/VCMP_A1_D
565	A32	unresolved-strict	FEAT_FP16	A32/cops_as/fpdp/fpdp2reg/VCMPE_A1_H
566	A32	unresolved-strict		A32/cops_as/fpdp/fpdp2reg/VCMPE_A1_S
567	A32	unresolved-strict		A32/cops_as/fpdp/fpdp2reg/VCMPE_A1_D
568	A32	unresolved-strict	FEAT_FP16	A32/cops_as/fpdp/fpdp2reg/VCMP_A2_H
569	A32	unresolved-strict		A32/cops_as/fpdp/fpdp2reg/VCMP_A2_S
570	A32	unresolved-strict		A32/cops_as/fpdp/fpdp2reg/VCMP_A2_D
571	A32	unresolved-strict	FEAT_FP16	A32/cops_as/fpdp/fpdp2reg/VCMPE_A2_H
572	A32	unresolved-strict		A32/cops_as/fpdp/fpdp2reg/VCMPE_A2_S
573	A32	unresolved-strict		A32/cops_as/fpdp/fpdp2reg/VCMPE_A2_D
574	A32	unresolved-strict	FEAT_FP16	A32/cops_as/fpdp/fpdp2reg/VRINTR_vfp_A1_H
575	A32	unresolved-strict		A32/cops_as/fpdp/fpdp2reg/VRINTR_vfp_A1_S
576	A32	unresolved-strict		A32/cops_as/fpdp/fpdp2reg/VRINTR_vfp_A1_D
577	A32	unresolved-strict	FEAT_FP16	A32/cops_as/fpdp/fpdp2reg/VRINTZ_vfp_A1_H
578	A32	unresolved-strict		A32/cops_as/fpdp/fpdp2reg/VRINTZ_vfp_A1_S
579	A32	unresolved-strict		A32/cops_as/fpdp/fpdp2reg/VRINTZ_vfp_A1_D
580	A32	unresolved-strict	FEAT_FP16	A32/cops_as/fpdp/fpdp2reg/VRINTX_vfp_A1_H
581	A32	unresolved-strict		A32/cops_as/fpdp/fpdp2reg/VRINTX_vfp_A1_S
582	A32	unresolved-strict		A32/cops_as/fpdp/fpdp2reg/VRINTX_vfp_A1_D
583	A32	unresolved-strict		A32/cops_as/fpdp/fpdp2reg/VCVT_ds_A1
584	A32	unresolved-strict		A32/cops_as/fpdp/fpdp2reg/VCVT_sd_A1
585	A32	unresolved-strict	FEAT_FP16	A32/cops_as/fpdp/fpdp2reg/VCVT_vi_A1_H
586	A32	unresolved-strict		A32/cops_as/fpdp/fpdp2reg/VCVT_vi_A1_S
587	A32	unresolved-strict		A32/cops_as/fpdp/fpdp2reg/VCVT_vi_A1_D
588	A32	unresolved-strict	FEAT_JSCVT	A32/cops_as/fpdp/fpdp2reg/VJCVT_A1
589	A32	unresolved-strict	FEAT_FP16	A32/cops_as/fpdp/fpdp2reg/VCVT_toxv_A1_H
590	A32	unresolved-strict	FEAT_FP16	A32/cops_as/fpdp/fpdp2reg/VCVT_xv_A1_H
591	A32	unresolved-strict		A32/cops_as/fpdp/fpdp2reg/VCVT_toxv_A1_S
592	A32	unresolved-strict		A32/cops_as/fpdp/fpdp2reg/VCVT_xv_A1_S
593	A32	unresolved-strict		A32/cops_as/fpdp/fpdp2reg/VCVT_toxv_A1_D
594	A32	unresolved-strict		A32/cops_as/fpdp/fpdp2reg/VCVT_xv_A1_D
595	A32	unresolved-strict	FEAT_FP16	A32/cops_as/fpdp/fpdp2reg/VCVTR_uiv_A1_H
596	A32	unresolved-strict	FEAT_FP16	A32/cops_as/fpdp/fpdp2reg/VCVTR_siv_A1_H
597	A32	unresolved-strict		A32/cops_as/fpdp/fpdp2reg/VCVTR_uiv_A1_S
598	A32	unresolved-strict		A32/cops_as/fpdp/fpdp2reg/VCVTR_siv_A1_S
599	A32	unresolved-strict		A32/cops_as/fpdp/fpdp2reg/VCVTR_uiv_A1_D
600	A32	unresolved-strict		A32/cops_as/fpdp/fpdp2reg/VCVTR_siv_A1_D
601	A32	unresolved-strict	FEAT_FP16	A32/cops_as/fpdp/fpdp2reg/VCVT_uiv_A1_H
602	A32	unresolved-strict	FEAT_FP16	A32/cops_as/fpdp/fpdp2reg/VCVT_siv_A1_H
603	A32	unresolved-strict		A32/cops_as/fpdp/fpdp2reg/VCVT_uiv_A1_S
604	A32	unresolved-strict		A32/cops_as/fpdp/fpdp2reg/VCVT_siv_A1_S
605	A32	unresolved-strict		A32/cops_as/fpdp/fpdp2reg/VCVT_uiv_A1_D
606	A32	unresolved-strict		A32/cops_as/fpdp/fpdp2reg/VCVT_siv_A1_D
607	A32	unresolved-strict	FEAT_FP16	A32/cops_as/fpdp/fpimm/VMOV_i_A2_H
608	A32	unresolved-strict		A32/cops_as/fpdp/fpimm/VMOV_i_A2_S
609	A32	unresolved-strict		A32/cops_as/fpdp/fpimm/VMOV_i_A2_D
610	A32	unresolved-strict	FEAT_FP16	A32/cops_as/fpdp/fpdp3reg/VMLA_f_A2_H
611	A32	unresolved-strict		A32/cops_as/fpdp/fpdp3reg/VMLA_f_A2_S
612	A32	unresolved-strict		A32/cops_as/fpdp/fpdp3reg/VMLA_f_A2_D
613	A32	unresolved-strict	FEAT_FP16	A32/cops_as/fpdp/fpdp3reg/VMLS_f_A2_H
614	A32	unresolved-strict		A32/cops_as/fpdp/fpdp3reg/VMLS_f_A2_S
615	A32	unresolved-strict		A32/cops_as/fpdp/fpdp3reg/VMLS_f_A2_D
616	A32	unresolved-strict	FEAT_FP16	A32/cops_as/fpdp/fpdp3reg/VNMLS_A1_H
617	A32	unresolved-strict		A32/cops_as/fpdp/fpdp3reg/VNMLS_A1_S
618	A32	unresolved-strict		A32/cops_as/fpdp/fpdp3reg/VNMLS_A1_D
619	A32	unresolved-strict	FEAT_FP16	A32/cops_as/fpdp/fpdp3reg/VNMLA_A1_H
620	A32	unresolved-strict		A32/cops_as/fpdp/fpdp3reg/VNMLA_A1_S
621	A32	unresolved-strict		A32/cops_as/fpdp/fpdp3reg/VNMLA_A1_D
622	A32	unresolved-strict	FEAT_FP16	A32/cops_as/fpdp/fpdp3reg/VMUL_f_A2_H
623	A32	unresolved-strict		A32/cops_as/fpdp/fpdp3reg/VMUL_f_A2_S
624	A32	unresolved-strict		A32/cops_as/fpdp/fpdp3reg/VMUL_f_A2_D
625	A32	unresolved-strict	FEAT_FP16	A32/cops_as/fpdp/fpdp3reg/VNMUL_A1_H
626	A32	unresolved-strict		A32/cops_as/fpdp/fpdp3reg/VNMUL_A1_S
627	A32	unresolved-strict		A32/cops_as/fpdp/fpdp3reg/VNMUL_A1_D
628	A32	unresolved-strict	FEAT_FP16	A32/cops_as/fpdp/fpdp3reg/VADD_f_A2_H
629	A32	unresolved-strict		A32/cops_as/fpdp/fpdp3reg/VADD_f_A2_S
630	A32	unresolved-strict		A32/cops_as/fpdp/fpdp3reg/VADD_f_A2_D
631	A32	unresolved-strict	FEAT_FP16	A32/cops_as/fpdp/fpdp3reg/VSUB_f_A2_H
632	A32	unresolved-strict		A32/cops_as/fpdp/fpdp3reg/VSUB_f_A2_S
633	A32	unresolved-strict		A32/cops_as/fpdp/fpdp3reg/VSUB_f_A2_D
634	A32	unresolved-strict	FEAT_FP16	A32/cops_as/fpdp/fpdp3reg/VDIV_A1_H
635	A32	unresolved-strict		A32/cops_as/fpdp/fpdp3reg/VDIV_A1_S
636	A32	unresolved-strict		A32/cops_as/fpdp/fpdp3reg/VDIV_A1_D
637	A32	unresolved-strict	FEAT_FP16	A32/cops_as/fpdp/fpdp3reg/VFNMS_A1_H
638	A32	unresolved-strict		A32/cops_as/fpdp/fpdp3reg/VFNMS_A1_S
639	A32	unresolved-strict		A32/cops_as/fpdp/fpdp3reg/VFNMS_A1_D
640	A32	unresolved-strict	FEAT_FP16	A32/cops_as/fpdp/fpdp3reg/VFNMA_A1_H
641	A32	unresolved-strict		A32/cops_as/fpdp/fpdp3reg/VFNMA_A1_S
642	A32	unresolved-strict		A32/cops_as/fpdp/fpdp3reg/VFNMA_A1_D
643	A32	unresolved-strict	FEAT_FP16	A32/cops_as/fpdp/fpdp3reg/VFMA_A2_H
644	A32	unresolved-strict		A32/cops_as/fpdp/fpdp3reg/VFMA_A2_S
645	A32	unresolved-strict		A32/cops_as/fpdp/fpdp3reg/VFMA_A2_D
646	A32	unresolved-strict	FEAT_FP16	A32/cops_as/fpdp/fpdp3reg/VFMS_A2_H
647	A32	unresolved-strict		A32/cops_as/fpdp/fpdp3reg/VFMS_A2_S
648	A32	unresolved-strict		A32/cops_as/fpdp/fpdp3reg/VFMS_A2_D
649	A32	unresolved-strict		A32/uncond_as/uncondmisc/cps/SETEND_A1
650	A32	unresolved-strict		A32/uncond_as/uncondmisc/cps/CPS_A1_AS
651	A32	unresolved-strict		A32/uncond_as/uncondmisc/cps/CPSID_A1_AS
652	A32	unresolved-strict		A32/uncond_as/uncondmisc/cps/CPSID_A1_ASM
653	A32	unresolved-strict		A32/uncond_as/uncondmisc/cps/CPSIE_A1_AS
654	A32	unresolved-strict		A32/uncond_as/uncondmisc/cps/CPSIE_A1_ASM
655	A32	unresolved-strict	FEAT_PAN	A32/uncond_as/uncondmisc/setpan/SETPAN_A1
656	A32	unresolved-strict		A32/uncond_as/advsimddp/simd3reg_same/VFMA_A1_D
657	A32	unresolved-strict		A32/uncond_as/advsimddp/simd3reg_same/VFMA_A1_Q
658	A32	unresolved-strict		A32/uncond_as/advsimddp/simd3reg_same/VADD_f_A1_D
659	A32	unresolved-strict		A32/uncond_as/advsimddp/simd3reg_same/VADD_f_A1_Q
660	A32	unresolved-strict		A32/uncond_as/advsimddp/simd3reg_same/VMLA_f_A1_D
661	A32	unresolved-strict		A32/uncond_as/advsimddp/simd3reg_same/VMLA_f_A1_Q
662	A32	unresolved-strict		A32/uncond_as/advsimddp/simd3reg_same/VCEQ_r_A2_D
663	A32	unresolved-strict		A32/uncond_as/advsimddp/simd3reg_same/VCEQ_r_A2_Q
664	A32	unresolved-strict		A32/uncond_as/advsimddp/simd3reg_same/VMAX_f_A1_D
665	A32	unresolved-strict		A32/uncond_as/advsimddp/simd3reg_same/VMAX_f_A1_Q
666	A32	unresolved-strict		A32/uncond_as/advsimddp/simd3reg_same/VRECPS_A1_D
667	A32	unresolved-strict		A32/uncond_as/advsimddp/simd3reg_same/VRECPS_A1_Q
668	A32	unresolved-strict		A32/uncond_as/advsimddp/simd3reg_same/VHADD_A1_D
669	A32	unresolved-strict		A32/uncond_as/advsimddp/simd3reg_same/VHADD_A1_Q
670	A32	unresolved-strict		A32/uncond_as/advsimddp/simd3reg_same/VAND_r_A1_D
671	A32	unresolved-strict		A32/uncond_as/advsimddp/simd3reg_same/VAND_r_A1_Q
672	A32	unresolved-strict		A32/uncond_as/advsimddp/simd3reg_same/VQADD_A1_D
673	A32	unresolved-strict		A32/uncond_as/advsimddp/simd3reg_same/VQADD_A1_Q
674	A32	unresolved-strict		A32/uncond_as/advsimddp/simd3reg_same/VRHADD_A1_D
675	A32	unresolved-strict		A32/uncond_as/advsimddp/simd3reg_same/VRHADD_A1_Q
676	A32	unresolved-strict	FEAT_SHA1	A32/uncond_as/advsimddp/simd3reg_same/SHA1C_A1
677	A32	unresolved-strict		A32/uncond_as/advsimddp/simd3reg_same/VHSUB_A1_D
678	A32	unresolved-strict		A32/uncond_as/advsimddp/simd3reg_same/VHSUB_A1_Q
679	A32	unresolved-strict		A32/uncond_as/advsimddp/simd3reg_same/VBIC_r_A1_D
680	A32	unresolved-strict		A32/uncond_as/advsimddp/simd3reg_same/VBIC_r_A1_Q
681	A32	unresolved-strict		A32/uncond_as/advsimddp/simd3reg_same/VQSUB_A1_D
682	A32	unresolved-strict		A32/uncond_as/advsimddp/simd3reg_same/VQSUB_A1_Q
683	A32	unresolved-strict		A32/uncond_as/advsimddp/simd3reg_same/VCGT_r_A1_D
684	A32	unresolved-strict		A32/uncond_as/advsimddp/simd3reg_same/VCGT_r_A1_Q
685	A32	unresolved-strict		A32/uncond_as/advsimddp/simd3reg_same/VCGE_r_A1_D
686	A32	unresolved-strict		A32/uncond_as/advsimddp/simd3reg_same/VCGE_r_A1_Q
687	A32	unresolved-strict	FEAT_SHA1	A32/uncond_as/advsimddp/simd3reg_same/SHA1P_A1
688	A32	unresolved-strict		A32/uncond_as/advsimddp/simd3reg_same/VFMS_A1_D
689	A32	unresolved-strict		A32/uncond_as/advsimddp/simd3reg_same/VFMS_A1_Q
690	A32	unresolved-strict		A32/uncond_as/advsimddp/simd3reg_same/VSUB_f_A1_D
691	A32	unresolved-strict		A32/uncond_as/advsimddp/simd3reg_same/VSUB_f_A1_Q
692	A32	unresolved-strict		A32/uncond_as/advsimddp/simd3reg_same/VMLS_f_A1_D
693	A32	unresolved-strict		A32/uncond_as/advsimddp/simd3reg_same/VMLS_f_A1_Q
694	A32	unresolved-strict		A32/uncond_as/advsimddp/simd3reg_same/VMIN_f_A1_D
695	A32	unresolved-strict		A32/uncond_as/advsimddp/simd3reg_same/VMIN_f_A1_Q
696	A32	unresolved-strict		A32/uncond_as/advsimddp/simd3reg_same/VRSQRTS_A1_D
697	A32	unresolved-strict		A32/uncond_as/advsimddp/simd3reg_same/VRSQRTS_A1_Q
698	A32	unresolved-strict		A32/uncond_as/advsimddp/simd3reg_same/VSHL_r_A1_D
699	A32	unresolved-strict		A32/uncond_as/advsimddp/simd3reg_same/VSHL_r_A1_Q
700	A32	unresolved-strict		A32/uncond_as/advsimddp/simd3reg_same/VADD_i_A1_D
701	A32	unresolved-strict		A32/uncond_as/advsimddp/simd3reg_same/VADD_i_A1_Q
702	A32	unresolved-strict		A32/uncond_as/advsimddp/simd3reg_same/VORR_r_A1_D
703	A32	unresolved-strict		A32/uncond_as/advsimddp/simd3reg_same/VORR_r_A1_Q
704	A32	unresolved-strict		A32/uncond_as/advsimddp/simd3reg_same/VTST_A1_D
705	A32	unresolved-strict		A32/uncond_as/advsimddp/simd3reg_same/VTST_A1_Q
706	A32	unresolved-strict		A32/uncond_as/advsimddp/simd3reg_same/VQSHL_r_A1_D
707	A32	unresolved-strict		A32/uncond_as/advsimddp/simd3reg_same/VQSHL_r_A1_Q
708	A32	unresolved-strict		A32/uncond_as/advsimddp/simd3reg_same/VMLA_i_A1_D
709	A32	unresolved-strict		A32/uncond_as/advsimddp/simd3reg_same/VMLA_i_A1_Q
710	A32	unresolved-strict		A32/uncond_as/advsimddp/simd3reg_same/VRSHL_A1_D
711	A32	unresolved-strict		A32/uncond_as/advsimddp/simd3reg_same/VRSHL_A1_Q
712	A32	unresolved-strict		A32/uncond_as/advsimddp/simd3reg_same/VQRSHL_A1_D
713	A32	unresolved-strict		A32/uncond_as/advsimddp/simd3reg_same/VQRSHL_A1_Q
714	A32	unresolved-strict		A32/uncond_as/advsimddp/simd3reg_same/VQDMULH_A1_D
715	A32	unresolved-strict		A32/uncond_as/advsimddp/simd3reg_same/VQDMULH_A1_Q
716	A32	unresolved-strict	FEAT_SHA1	A32/uncond_as/advsimddp/simd3reg_same/SHA1M_A1
717	A32	unresolved-strict		A32/uncond_as/advsimddp/simd3reg_same/VPADD_i_A1
718	A32	unresolved-strict		A32/uncond_as/advsimddp/simd3reg_same/VMAX_i_A1_D
719	A32	unresolved-strict		A32/uncond_as/advsimddp/simd3reg_same/VMAX_i_A1_Q
720	A32	unresolved-strict		A32/uncond_as/advsimddp/simd3reg_same/VORN_r_A1_D
721	A32	unresolved-strict		A32/uncond_as/advsimddp/simd3reg_same/VORN_r_A1_Q
722	A32	unresolved-strict		A32/uncond_as/advsimddp/simd3reg_same/VMIN_i_A1_D
723	A32	unresolved-strict		A32/uncond_as/advsimddp/simd3reg_same/VMIN_i_A1_Q
724	A32	unresolved-strict		A32/uncond_as/advsimddp/simd3reg_same/VABD_i_A1_D
725	A32	unresolved-strict		A32/uncond_as/advsimddp/simd3reg_same/VABD_i_A1_Q
726	A32	unresolved-strict		A32/uncond_as/advsimddp/simd3reg_same/VABA_A1_D
727	A32	unresolved-strict		A32/uncond_as/advsimddp/simd3reg_same/VABA_A1_Q
728	A32	unresolved-strict	FEAT_SHA1	A32/uncond_as/advsimddp/simd3reg_same/SHA1SU0_A1
729	A32	unresolved-strict		A32/uncond_as/advsimddp/simd3reg_same/VPADD_f_A1
730	A32	unresolved-strict		A32/uncond_as/advsimddp/simd3reg_same/VMUL_f_A1_D
731	A32	unresolved-strict		A32/uncond_as/advsimddp/simd3reg_same/VMUL_f_A1_Q
732	A32	unresolved-strict		A32/uncond_as/advsimddp/simd3reg_same/VCGE_r_A2_D
733	A32	unresolved-strict		A32/uncond_as/advsimddp/simd3reg_same/VCGE_r_A2_Q
734	A32	unresolved-strict		A32/uncond_as/advsimddp/simd3reg_same/VACGE_A1_D
735	A32	unresolved-strict		A32/uncond_as/advsimddp/simd3reg_same/VACGE_A1_Q
736	A32	unresolved-strict		A32/uncond_as/advsimddp/simd3reg_same/VPMAX_f_A1
737	A32	unresolved-strict		A32/uncond_as/advsimddp/simd3reg_same/VMAXNM_A1_D
738	A32	unresolved-strict		A32/uncond_as/advsimddp/simd3reg_same/VMAXNM_A1_Q
739	A32	unresolved-strict		A32/uncond_as/advsimddp/simd3reg_same/VEOR_A1_D
740	A32	unresolved-strict		A32/uncond_as/advsimddp/simd3reg_same/VEOR_A1_Q
741	A32	unresolved-strict		A32/uncond_as/advsimddp/simd3reg_same/VMUL_i_A1_D
742	A32	unresolved-strict		A32/uncond_as/advsimddp/simd3reg_same/VMUL_i_A1_Q
743	A32	unresolved-strict	FEAT_SHA256	A32/uncond_as/advsimddp/simd3reg_same/SHA256H_A1
744	A32	unresolved-strict		A32/uncond_as/advsimddp/simd3reg_same/VPMAX_i_A1
745	A32	unresolved-strict		A32/uncond_as/advsimddp/simd3reg_same/VBSL_A1_D
746	A32	unresolved-strict		A32/uncond_as/advsimddp/simd3reg_same/VBSL_A1_Q
747	A32	unresolved-strict		A32/uncond_as/advsimddp/simd3reg_same/VPMIN_i_A1
748	A32	unresolved-strict	FEAT_SHA256	A32/uncond_as/advsimddp/simd3reg_same/SHA256H2_A1
749	A32	unresolved-strict		A32/uncond_as/advsimddp/simd3reg_same/VABD_f_A1_D
750	A32	unresolved-strict		A32/uncond_as/advsimddp/simd3reg_same/VABD_f_A1_Q
751	A32	unresolved-strict		A32/uncond_as/advsimddp/simd3reg_same/VCGT_r_A2_D
752	A32	unresolved-strict		A32/uncond_as/advsimddp/simd3reg_same/VCGT_r_A2_Q
753	A32	unresolved-strict		A32/uncond_as/advsimddp/simd3reg_same/VACGT_A1_D
754	A32	unresolved-strict		A32/uncond_as/advsimddp/simd3reg_same/VACGT_A1_Q
755	A32	unresolved-strict		A32/uncond_as/advsimddp/simd3reg_same/VPMIN_f_A1
756	A32	unresolved-strict		A32/uncond_as/advsimddp/simd3reg_same/VMINNM_A1_D
757	A32	unresolved-strict		A32/uncond_as/advsimddp/simd3reg_same/VMINNM_A1_Q
758	A32	unresolved-strict		A32/uncond_as/advsimddp/simd3reg_same/VSUB_i_A1_D
759	A32	unresolved-strict		A32/uncond_as/advsimddp/simd3reg_same/VSUB_i_A1_Q
760	A32	unresolved-strict		A32/uncond_as/advsimddp/simd3reg_same/VBIT_A1_D
761	A32	unresolved-strict		A32/uncond_as/advsimddp/simd3reg_same/VBIT_A1_Q
762	A32	unresolved-strict		A32/uncond_as/advsimddp/simd3reg_same/VCEQ_r_A1_D
763	A32	unresolved-strict		A32/uncond_as/advsimddp/simd3reg_same/VCEQ_r_A1_Q
764	A32	unresolved-strict		A32/uncond_as/advsimddp/simd3reg_same/VMLS_i_A1_D
765	A32	unresolved-strict		A32/uncond_as/advsimddp/simd3reg_same/VMLS_i_A1_Q
766	A32	unresolved-strict		A32/uncond_as/advsimddp/simd3reg_same/VQRDMULH_A1_D
767	A32	unresolved-strict		A32/uncond_as/advsimddp/simd3reg_same/VQRDMULH_A1_Q
768	A32	unresolved-strict	FEAT_SHA256	A32/uncond_as/advsimddp/simd3reg_same/SHA256SU1_A1
769	A32	unresolved-strict	FEAT_RDM	A32/uncond_as/advsimddp/simd3reg_same/VQRDMLAH_A1_D
770	A32	unresolved-strict	FEAT_RDM	A32/uncond_as/advsimddp/simd3reg_same/VQRDMLAH_A1_Q
771	A32	unresolved-strict		A32/uncond_as/advsimddp/simd3reg_same/VBIF_A1_D
772	A32	unresolved-strict		A32/uncond_as/advsimddp/simd3reg_same/VBIF_A1_Q
773	A32	unresolved-strict	FEAT_RDM	A32/uncond_as/advsimddp/simd3reg_same/VQRDMLSH_A1_D
774	A32	unresolved-strict	FEAT_RDM	A32/uncond_as/advsimddp/simd3reg_same/VQRDMLSH_A1_Q
775	A32	unresolved-strict		A32/uncond_as/advsimddp/a_simd_mulreg/simd3reg_ext/VEXT_A1_D
776	A32	unresolved-strict		A32/uncond_as/advsimddp/a_simd_mulreg/simd3reg_ext/VEXT_A1_Q
777	A32	unresolved-strict		A32/uncond_as/advsimddp/a_simd_mulreg/simd2reg_misc/VREV64_A1_D
778	A32	unresolved-strict		A32/uncond_as/advsimddp/a_simd_mulreg/simd2reg_misc/VREV64_A1_Q
779	A32	unresolved-strict		A32/uncond_as/advsimddp/a_simd_mulreg/simd2reg_misc/VREV32_A1_D
780	A32	unresolved-strict		A32/uncond_as/advsimddp/a_simd_mulreg/simd2reg_misc/VREV32_A1_Q
781	A32	unresolved-strict		A32/uncond_as/advsimddp/a_simd_mulreg/simd2reg_misc/VREV16_A1_D
782	A32	unresolved-strict		A32/uncond_as/advsimddp/a_simd_mulreg/simd2reg_misc/VREV16_A1_Q
783	A32	unresolved-strict		A32/uncond_as/advsimddp/a_simd_mulreg/simd2reg_misc/VPADDL_A1_D
784	A32	unresolved-strict		A32/uncond_as/advsimddp/a_simd_mulreg/simd2reg_misc/VPADDL_A1_Q
785	A32	unresolved-strict	FEAT_AES	A32/uncond_as/advsimddp/a_simd_mulreg/simd2reg_misc/AESE_A1
786	A32	unresolved-strict	FEAT_AES	A32/uncond_as/advsimddp/a_simd_mulreg/simd2reg_misc/AESD_A1
787	A32	unresolved-strict	FEAT_AES	A32/uncond_as/advsimddp/a_simd_mulreg/simd2reg_misc/AESMC_A1
788	A32	unresolved-strict	FEAT_AES	A32/uncond_as/advsimddp/a_simd_mulreg/simd2reg_misc/AESIMC_A1
789	A32	unresolved-strict		A32/uncond_as/advsimddp/a_simd_mulreg/simd2reg_misc/VCLS_A1_D
790	A32	unresolved-strict		A32/uncond_as/advsimddp/a_simd_mulreg/simd2reg_misc/VCLS_A1_Q
791	A32	unresolved-strict		A32/uncond_as/advsimddp/a_simd_mulreg/simd2reg_misc/VSWP_A1_D
792	A32	unresolved-strict		A32/uncond_as/advsimddp/a_simd_mulreg/simd2reg_misc/VSWP_A1_Q
793	A32	unresolved-strict		A32/uncond_as/advsimddp/a_simd_mulreg/simd2reg_misc/VCLZ_A1_D
794	A32	unresolved-strict		A32/uncond_as/advsimddp/a_simd_mulreg/simd2reg_misc/VCLZ_A1_Q
795	A32	unresolved-strict		A32/uncond_as/advsimddp/a_simd_mulreg/simd2reg_misc/VCNT_A1_D
796	A32	unresolved-strict		A32/uncond_as/advsimddp/a_simd_mulreg/simd2reg_misc/VCNT_A1_Q
797	A32	unresolved-strict		A32/uncond_as/advsimddp/a_simd_mulreg/simd2reg_misc/VMVN_r_A1_D
798	A32	unresolved-strict		A32/uncond_as/advsimddp/a_simd_mulreg/simd2reg_misc/VMVN_r_A1_Q
799	A32	unresolved-strict		A32/uncond_as/advsimddp/a_simd_mulreg/simd2reg_misc/VPADAL_A1_D
800	A32	unresolved-strict		A32/uncond_as/advsimddp/a_simd_mulreg/simd2reg_misc/VPADAL_A1_Q
801	A32	unresolved-strict		A32/uncond_as/advsimddp/a_simd_mulreg/simd2reg_misc/VQABS_A1_D
802	A32	unresolved-strict		A32/uncond_as/advsimddp/a_simd_mulreg/simd2reg_misc/VQABS_A1_Q
803	A32	unresolved-strict		A32/uncond_as/advsimddp/a_simd_mulreg/simd2reg_misc/VQNEG_A1_D
804	A32	unresolved-strict		A32/uncond_as/advsimddp/a_simd_mulreg/simd2reg_misc/VQNEG_A1_Q
805	A32	unresolved-strict		A32/uncond_as/advsimddp/a_simd_mulreg/simd2reg_misc/VCGT_i_A1_D
806	A32	unresolved-strict		A32/uncond_as/advsimddp/a_simd_mulreg/simd2reg_misc/VCGT_i_A1_Q
807	A32	unresolved-strict		A32/uncond_as/advsimddp/a_simd_mulreg/simd2reg_misc/VCGE_i_A1_D
808	A32	unresolved-strict		A32/uncond_as/advsimddp/a_simd_mulreg/simd2reg_misc/VCGE_i_A1_Q
809	A32	unresolved-strict		A32/uncond_as/advsimddp/a_simd_mulreg/simd2reg_misc/VCEQ_i_A1_D
810	A32	unresolved-strict		A32/uncond_as/advsimddp/a_simd_mulreg/simd2reg_misc/VCEQ_i_A1_Q
811	A32	unresolved-strict		A32/uncond_as/advsimddp/a_simd_mulreg/simd2reg_misc/VCLE_i_A1_D
812	A32	unresolved-strict		A32/uncond_as/advsimddp/a_simd_mulreg/simd2reg_misc/VCLE_i_A1_Q
813	A32	unresolved-strict		A32/uncond_as/advsimddp/a_simd_mulreg/simd2reg_misc/VCLT_i_A1_D
814	A32	unresolved-strict		A32/uncond_as/advsimddp/a_simd_mulreg/simd2reg_misc/VCLT_i_A1_Q
815	A32	unresolved-strict		A32/uncond_as/advsimddp/a_simd_mulreg/simd2reg_misc/VABS_A1_D
816	A32	unresolved-strict		A32/uncond_as/advsimddp/a_simd_mulreg/simd2reg_misc/VABS_A1_Q
817	A32	unresolved-strict		A32/uncond_as/advsimddp/a_simd_mulreg/simd2reg_misc/VNEG_A1_D
818	A32	unresolved-strict		A32/uncond_as/advsimddp/a_simd_mulreg/simd2reg_misc/VNEG_A1_Q
819	A32	unresolved-strict	FEAT_SHA1	A32/uncond_as/advsimddp/a_simd_mulreg/simd2reg_misc/SHA1H_A1
820	A32	unresolved-strict	FEAT_AA32BF16	A32/uncond_as/advsimddp/a_simd_mulreg/simd2reg_misc/VCVT_bfs_A1
821	A32	unresolved-strict		A32/uncond_as/advsimddp/a_simd_mulreg/simd2reg_misc/VTRN_A1_D
822	A32	unresolved-strict		A32/uncond_as/advsimddp/a_simd_mulreg/simd2reg_misc/VTRN_A1_Q
823	A32	unresolved-strict		A32/uncond_as/advsimddp/a_simd_mulreg/simd2reg_misc/VUZP_A1_D
824	A32	unresolved-strict		A32/uncond_as/advsimddp/a_simd_mulreg/simd2reg_misc/VUZP_A1_Q
825	A32	unresolved-strict		A32/uncond_as/advsimddp/a_simd_mulreg/simd2reg_misc/VZIP_A1_D
826	A32	unresolved-strict		A32/uncond_as/advsimddp/a_simd_mulreg/simd2reg_misc/VZIP_A1_Q
827	A32	unresolved-strict		A32/uncond_as/advsimddp/a_simd_mulreg/simd2reg_misc/VMOVN_A1
828	A32	unresolved-strict		A32/uncond_as/advsimddp/a_simd_mulreg/simd2reg_misc/VQMOVN_A1
829	A32	unresolved-strict		A32/uncond_as/advsimddp/a_simd_mulreg/simd2reg_misc/VQMOVUN_A1
830	A32	unresolved-strict		A32/uncond_as/advsimddp/a_simd_mulreg/simd2reg_misc/VSHLL_A2
831	A32	unresolved-strict	FEAT_SHA1	A32/uncond_as/advsimddp/a_simd_mulreg/simd2reg_misc/SHA1SU1_A1
832	A32	unresolved-strict	FEAT_SHA256	A32/uncond_as/advsimddp/a_simd_mulreg/simd2reg_misc/SHA256SU0_A1
833	A32	unresolved-strict		A32/uncond_as/advsimddp/a_simd_mulreg/simd2reg_misc/VRINTN_asimd_A1_D
834	A32	unresolved-strict		A32/uncond_as/advsimddp/a_simd_mulreg/simd2reg_misc/VRINTN_asimd_A1_Q
835	A32	unresolved-strict		A32/uncond_as/advsimddp/a_simd_mulreg/simd2reg_misc/VRINTX_asimd_A1_D
836	A32	unresolved-strict		A32/uncond_as/advsimddp/a_simd_mulreg/simd2reg_misc/VRINTX_asimd_A1_Q
837	A32	unresolved-strict		A32/uncond_as/advsimddp/a_simd_mulreg/simd2reg_misc/VRINTA_asimd_A1_D
838	A32	unresolved-strict		A32/uncond_as/advsimddp/a_simd_mulreg/simd2reg_misc/VRINTA_asimd_A1_Q
839	A32	unresolved-strict		A32/uncond_as/advsimddp/a_simd_mulreg/simd2reg_misc/VRINTZ_asimd_A1_D
840	A32	unresolved-strict		A32/uncond_as/advsimddp/a_simd_mulreg/simd2reg_misc/VRINTZ_asimd_A1_Q
841	A32	unresolved-strict		A32/uncond_as/advsimddp/a_simd_mulreg/simd2reg_misc/VCVT_sh_A1
842	A32	unresolved-strict		A32/uncond_as/advsimddp/a_simd_mulreg/simd2reg_misc/VCVT_hs_A1
843	A32	unresolved-strict		A32/uncond_as/advsimddp/a_simd_mulreg/simd2reg_misc/VRINTM_asimd_A1_D
844	A32	unresolved-strict		A32/uncond_as/advsimddp/a_simd_mulreg/simd2reg_misc/VRINTM_asimd_A1_Q
845	A32	unresolved-strict		A32/uncond_as/advsimddp/a_simd_mulreg/simd2reg_misc/VRINTP_asimd_A1_D
846	A32	unresolved-strict		A32/uncond_as/advsimddp/a_simd_mulreg/simd2reg_misc/VRINTP_asimd_A1_Q
847	A32	unresolved-strict		A32/uncond_as/advsimddp/a_simd_mulreg/simd2reg_misc/VCVTA_asimd_A1_D
848	A32	unresolved-strict		A32/uncond_as/advsimddp/a_simd_mulreg/simd2reg_misc/VCVTA_asimd_A1_Q
849	A32	unresolved-strict		A32/uncond_as/advsimddp/a_simd_mulreg/simd2reg_misc/VCVTN_asimd_A1_D
850	A32	unresolved-strict		A32/uncond_as/advsimddp/a_simd_mulreg/simd2reg_misc/VCVTN_asimd_A1_Q
851	A32	unresolved-strict		A32/uncond_as/advsimddp/a_simd_mulreg/simd2reg_misc/VCVTP_asimd_A1_D
852	A32	unresolved-strict		A32/uncond_as/advsimddp/a_simd_mulreg/simd2reg_misc/VCVTP_asimd_A1_Q
853	A32	unresolved-strict		A32/uncond_as/advsimddp/a_simd_mulreg/simd2reg_misc/VCVTM_asimd_A1_D
854	A32	unresolved-strict		A32/uncond_as/advsimddp/a_simd_mulreg/simd2reg_misc/VCVTM_asimd_A1_Q
855	A32	unresolved-strict		A32/uncond_as/advsimddp/a_simd_mulreg/simd2reg_misc/VRECPE_A1_D
856	A32	unresolved-strict		A32/uncond_as/advsimddp/a_simd_mulreg/simd2reg_misc/VRECPE_A1_Q
857	A32	unresolved-strict		A32/uncond_as/advsimddp/a_simd_mulreg/simd2reg_misc/VRSQRTE_A1_D
858	A32	unresolved-strict		A32/uncond_as/advsimddp/a_simd_mulreg/simd2reg_misc/VRSQRTE_A1_Q
859	A32	unresolved-strict		A32/uncond_as/advsimddp/a_simd_mulreg/simd2reg_misc/VCVT_is_A1_D
860	A32	unresolved-strict		A32/uncond_as/advsimddp/a_simd_mulreg/simd2reg_misc/VCVT_is_A1_Q
861	A32	unresolved-strict		A32/uncond_as/advsimddp/a_simd_mulreg/simd3reg_tbl/VTBL_A1
862	A32	unresolved-strict		A32/uncond_as/advsimddp/a_simd_mulreg/simd3reg_tbl/VTBX_A1
863	A32	unresolved-strict		A32/uncond_as/advsimddp/a_simd_mulreg/simd2reg_dup/VDUP_s_A1_D
864	A32	unresolved-strict		A32/uncond_as/advsimddp/a_simd_mulreg/simd2reg_dup/VDUP_s_A1_Q
865	A32	unresolved-strict		A32/uncond_as/advsimddp/a_simd_mulreg/simd3reg_diff/VADDL_A1
866	A32	unresolved-strict		A32/uncond_as/advsimddp/a_simd_mulreg/simd3reg_diff/VADDW_A1
867	A32	unresolved-strict		A32/uncond_as/advsimddp/a_simd_mulreg/simd3reg_diff/VSUBL_A1
868	A32	unresolved-strict		A32/uncond_as/advsimddp/a_simd_mulreg/simd3reg_diff/VADDHN_A1
869	A32	unresolved-strict		A32/uncond_as/advsimddp/a_simd_mulreg/simd3reg_diff/VSUBW_A1
870	A32	unresolved-strict		A32/uncond_as/advsimddp/a_simd_mulreg/simd3reg_diff/VSUBHN_A1
871	A32	unresolved-strict		A32/uncond_as/advsimddp/a_simd_mulreg/simd3reg_diff/VQDMLAL_A1
872	A32	unresolved-strict		A32/uncond_as/advsimddp/a_simd_mulreg/simd3reg_diff/VABAL_A1
873	A32	unresolved-strict		A32/uncond_as/advsimddp/a_simd_mulreg/simd3reg_diff/VQDMLSL_A1
874	A32	unresolved-strict		A32/uncond_as/advsimddp/a_simd_mulreg/simd3reg_diff/VQDMULL_A1
875	A32	unresolved-strict		A32/uncond_as/advsimddp/a_simd_mulreg/simd3reg_diff/VABDL_i_A1
876	A32	unresolved-strict		A32/uncond_as/advsimddp/a_simd_mulreg/simd3reg_diff/VMLAL_i_A1
877	A32	unresolved-strict		A32/uncond_as/advsimddp/a_simd_mulreg/simd3reg_diff/VMLSL_i_A1
878	A32	unresolved-strict		A32/uncond_as/advsimddp/a_simd_mulreg/simd3reg_diff/VRADDHN_A1
879	A32	unresolved-strict		A32/uncond_as/advsimddp/a_simd_mulreg/simd3reg_diff/VRSUBHN_A1
880	A32	unresolved-strict		A32/uncond_as/advsimddp/a_simd_mulreg/simd3reg_diff/VMULL_i_A1
881	A32	unresolved-strict		A32/uncond_as/advsimddp/a_simd_mulreg/simd2reg_scalar/VMLA_s_A1_D
882	A32	unresolved-strict		A32/uncond_as/advsimddp/a_simd_mulreg/simd2reg_scalar/VMLA_s_A1_Q
883	A32	unresolved-strict		A32/uncond_as/advsimddp/a_simd_mulreg/simd2reg_scalar/VQDMLAL_A2
884	A32	unresolved-strict		A32/uncond_as/advsimddp/a_simd_mulreg/simd2reg_scalar/VMLAL_s_A1
885	A32	unresolved-strict		A32/uncond_as/advsimddp/a_simd_mulreg/simd2reg_scalar/VQDMLSL_A2
886	A32	unresolved-strict		A32/uncond_as/advsimddp/a_simd_mulreg/simd2reg_scalar/VMLS_s_A1_D
887	A32	unresolved-strict		A32/uncond_as/advsimddp/a_simd_mulreg/simd2reg_scalar/VMLS_s_A1_Q
888	A32	unresolved-strict		A32/uncond_as/advsimddp/a_simd_mulreg/simd2reg_scalar/VQDMULL_A2
889	A32	unresolved-strict		A32/uncond_as/advsimddp/a_simd_mulreg/simd2reg_scalar/VMLSL_s_A1
890	A32	unresolved-strict		A32/uncond_as/advsimddp/a_simd_mulreg/simd2reg_scalar/VMUL_s_A1_D
891	A32	unresolved-strict		A32/uncond_as/advsimddp/a_simd_mulreg/simd2reg_scalar/VMUL_s_A1_Q
892	A32	unresolved-strict		A32/uncond_as/advsimddp/a_simd_mulreg/simd2reg_scalar/VMULL_s_A1
893	A32	unresolved-strict		A32/uncond_as/advsimddp/a_simd_mulreg/simd2reg_scalar/VQDMULH_A2_D
894	A32	unresolved-strict		A32/uncond_as/advsimddp/a_simd_mulreg/simd2reg_scalar/VQDMULH_A2_Q
895	A32	unresolved-strict		A32/uncond_as/advsimddp/a_simd_mulreg/simd2reg_scalar/VQRDMULH_A2_D
896	A32	unresolved-strict		A32/uncond_as/advsimddp/a_simd_mulreg/simd2reg_scalar/VQRDMULH_A2_Q
897	A32	unresolved-strict	FEAT_RDM	A32/uncond_as/advsimddp/a_simd_mulreg/simd2reg_scalar/VQRDMLAH_A2_D
898	A32	unresolved-strict	FEAT_RDM	A32/uncond_as/advsimddp/a_simd_mulreg/simd2reg_scalar/VQRDMLAH_A2_Q
899	A32	unresolved-strict	FEAT_RDM	A32/uncond_as/advsimddp/a_simd_mulreg/simd2reg_scalar/VQRDMLSH_A2_D
900	A32	unresolved-strict	FEAT_RDM	A32/uncond_as/advsimddp/a_simd_mulreg/simd2reg_scalar/VQRDMLSH_A2_Q
901	A32	unresolved-strict		A32/uncond_as/advsimddp/a_simd_12reg/simd1reg_imm/VMOV_i_A1_D
902	A32	unresolved-strict		A32/uncond_as/advsimddp/a_simd_12reg/simd1reg_imm/VMOV_i_A1_Q
903	A32	unresolved-strict		A32/uncond_as/advsimddp/a_simd_12reg/simd1reg_imm/VMVN_i_A1_D
904	A32	unresolved-strict		A32/uncond_as/advsimddp/a_simd_12reg/simd1reg_imm/VMVN_i_A1_Q
905	A32	unresolved-strict		A32/uncond_as/advsimddp/a_simd_12reg/simd1reg_imm/VORR_i_A1_D
906	A32	unresolved-strict		A32/uncond_as/advsimddp/a_simd_12reg/simd1reg_imm/VORR_i_A1_Q
907	A32	unresolved-strict		A32/uncond_as/advsimddp/a_simd_12reg/simd1reg_imm/VBIC_i_A1_D
908	A32	unresolved-strict		A32/uncond_as/advsimddp/a_simd_12reg/simd1reg_imm/VBIC_i_A1_Q
909	A32	unresolved-strict		A32/uncond_as/advsimddp/a_simd_12reg/simd1reg_imm/VMOV_i_A3_D
910	A32	unresolved-strict		A32/uncond_as/advsimddp/a_simd_12reg/simd1reg_imm/VMOV_i_A3_Q
911	A32	unresolved-strict		A32/uncond_as/advsimddp/a_simd_12reg/simd1reg_imm/VMVN_i_A2_D
912	A32	unresolved-strict		A32/uncond_as/advsimddp/a_simd_12reg/simd1reg_imm/VMVN_i_A2_Q
913	A32	unresolved-strict		A32/uncond_as/advsimddp/a_simd_12reg/simd1reg_imm/VORR_i_A2_D
914	A32	unresolved-strict		A32/uncond_as/advsimddp/a_simd_12reg/simd1reg_imm/VORR_i_A2_Q
915	A32	unresolved-strict		A32/uncond_as/advsimddp/a_simd_12reg/simd1reg_imm/VBIC_i_A2_D
916	A32	unresolved-strict		A32/uncond_as/advsimddp/a_simd_12reg/simd1reg_imm/VBIC_i_A2_Q
917	A32	unresolved-strict		A32/uncond_as/advsimddp/a_simd_12reg/simd1reg_imm/VMOV_i_A4_D
918	A32	unresolved-strict		A32/uncond_as/advsimddp/a_simd_12reg/simd1reg_imm/VMOV_i_A4_Q
919	A32	unresolved-strict		A32/uncond_as/advsimddp/a_simd_12reg/simd1reg_imm/VMVN_i_A3_D
920	A32	unresolved-strict		A32/uncond_as/advsimddp/a_simd_12reg/simd1reg_imm/VMVN_i_A3_Q
921	A32	unresolved-strict		A32/uncond_as/advsimddp/a_simd_12reg/simd1reg_imm/VMOV_i_A5_D
922	A32	unresolved-strict		A32/uncond_as/advsimddp/a_simd_12reg/simd1reg_imm/VMOV_i_A5_Q
923	A32	unresolved-strict		A32/uncond_as/advsimddp/a_simd_12reg/simd2reg_shift/VSHR_A1_D
924	A32	unresolved-strict		A32/uncond_as/advsimddp/a_simd_12reg/simd2reg_shift/VSHR_A1_Q
925	A32	unresolved-strict		A32/uncond_as/advsimddp/a_simd_12reg/simd2reg_shift/VSRA_A1_D
926	A32	unresolved-strict		A32/uncond_as/advsimddp/a_simd_12reg/simd2reg_shift/VSRA_A1_Q
927	A32	unresolved-strict		A32/uncond_as/advsimddp/a_simd_12reg/simd2reg_shift/VMOVL_A1
928	A32	unresolved-strict		A32/uncond_as/advsimddp/a_simd_12reg/simd2reg_shift/VRSHR_A1_D
929	A32	unresolved-strict		A32/uncond_as/advsimddp/a_simd_12reg/simd2reg_shift/VRSHR_A1_Q
930	A32	unresolved-strict		A32/uncond_as/advsimddp/a_simd_12reg/simd2reg_shift/VRSRA_A1_Q
931	A32	unresolved-strict		A32/uncond_as/advsimddp/a_simd_12reg/simd2reg_shift/VRSRA_A1_D
932	A32	unresolved-strict		A32/uncond_as/advsimddp/a_simd_12reg/simd2reg_shift/VQSHL_i_A1_D
933	A32	unresolved-strict		A32/uncond_as/advsimddp/a_simd_12reg/simd2reg_shift/VQSHLU_i_A1_D
934	A32	unresolved-strict		A32/uncond_as/advsimddp/a_simd_12reg/simd2reg_shift/VQSHL_i_A1_Q
935	A32	unresolved-strict		A32/uncond_as/advsimddp/a_simd_12reg/simd2reg_shift/VQSHLU_i_A1_Q
936	A32	unresolved-strict		A32/uncond_as/advsimddp/a_simd_12reg/simd2reg_shift/VQSHRN_A1
937	A32	unresolved-strict		A32/uncond_as/advsimddp/a_simd_12reg/simd2reg_shift/VQSHRUN_A1
938	A32	unresolved-strict		A32/uncond_as/advsimddp/a_simd_12reg/simd2reg_shift/VQRSHRN_A1
939	A32	unresolved-strict		A32/uncond_as/advsimddp/a_simd_12reg/simd2reg_shift/VQRSHRUN_A1
940	A32	unresolved-strict		A32/uncond_as/advsimddp/a_simd_12reg/simd2reg_shift/VSHLL_A1
941	A32	unresolved-strict		A32/uncond_as/advsimddp/a_simd_12reg/simd2reg_shift/VCVT_xs_A1_D
942	A32	unresolved-strict		A32/uncond_as/advsimddp/a_simd_12reg/simd2reg_shift/VCVT_xs_A1_Q
943	A32	unresolved-strict		A32/uncond_as/advsimddp/a_simd_12reg/simd2reg_shift/VSHL_i_A1_D
944	A32	unresolved-strict		A32/uncond_as/advsimddp/a_simd_12reg/simd2reg_shift/VSHL_i_A1_Q
945	A32	unresolved-strict		A32/uncond_as/advsimddp/a_simd_12reg/simd2reg_shift/VSHRN_A1
946	A32	unresolved-strict		A32/uncond_as/advsimddp/a_simd_12reg/simd2reg_shift/VRSHRN_A1
947	A32	unresolved-strict		A32/uncond_as/advsimddp/a_simd_12reg/simd2reg_shift/VSRI_A1_D
948	A32	unresolved-strict		A32/uncond_as/advsimddp/a_simd_12reg/simd2reg_shift/VSRI_A1_Q
949	A32	unresolved-strict		A32/uncond_as/advsimddp/a_simd_12reg/simd2reg_shift/VSLI_A1_D
950	A32	unresolved-strict		A32/uncond_as/advsimddp/a_simd_12reg/simd2reg_shift/VSLI_A1_Q
951	A32	unresolved-strict		A32/uncond_as/uncondhints/barriers/CLREX_A1
952	A32	unresolved-strict		A32/uncond_as/uncondhints/barriers/DSB_A1
953	A32	unresolved-strict		A32/uncond_as/uncondhints/barriers/SSBB_A1
954	A32	unresolved-strict		A32/uncond_as/uncondhints/barriers/PSSBB_A1
955	A32	unresolved-strict		A32/uncond_as/uncondhints/barriers/DMB_A1
956	A32	unresolved-strict		A32/uncond_as/uncondhints/barriers/ISB_A1
957	A32	unresolved-strict	FEAT_SB	A32/uncond_as/uncondhints/barriers/SB_A1
958	A32	unresolved-strict		A32/uncond_as/uncondhints/preload_imm/PLI_i_A1
959	A32	unresolved-strict		A32/uncond_as/uncondhints/preload_imm/PLD_l_A1
960	A32	unresolved-strict		A32/uncond_as/uncondhints/preload_imm/PLD_i_A1
961	A32	unresolved-strict		A32/uncond_as/uncondhints/preload_imm/PLDW_i_A1
962	A32	unresolved-strict		A32/uncond_as/uncondhints/preload_reg/PLI_r_A1_RRX
963	A32	unresolved-strict		A32/uncond_as/uncondhints/preload_reg/PLI_r_A1
964	A32	unresolved-strict		A32/uncond_as/uncondhints/preload_reg/PLD_r_A1
965	A32	unresolved-strict		A32/uncond_as/uncondhints/preload_reg/PLD_r_A1_RRX
966	A32	unresolved-strict		A32/uncond_as/uncondhints/preload_reg/PLDW_r_A1
967	A32	unresolved-strict		A32/uncond_as/uncondhints/preload_reg/PLDW_r_A1_RRX
968	A32	unresolved-strict		A32/uncond_as/advsimdls/ldstv_ms/VST4_m_A1_nowb
969	A32	unresolved-strict		A32/uncond_as/advsimdls/ldstv_ms/VST4_m_A1_posti
970	A32	unresolved-strict		A32/uncond_as/advsimdls/ldstv_ms/VST4_m_A1_postr
971	A32	unresolved-strict		A32/uncond_as/advsimdls/ldstv_ms/VST1_m_A4_nowb
972	A32	unresolved-strict		A32/uncond_as/advsimdls/ldstv_ms/VST1_m_A4_posti
973	A32	unresolved-strict		A32/uncond_as/advsimdls/ldstv_ms/VST1_m_A4_postr
974	A32	unresolved-strict		A32/uncond_as/advsimdls/ldstv_ms/VST2_m_A2_nowb
975	A32	unresolved-strict		A32/uncond_as/advsimdls/ldstv_ms/VST2_m_A2_posti
976	A32	unresolved-strict		A32/uncond_as/advsimdls/ldstv_ms/VST2_m_A2_postr
977	A32	unresolved-strict		A32/uncond_as/advsimdls/ldstv_ms/VST3_m_A1_nowb
978	A32	unresolved-strict		A32/uncond_as/advsimdls/ldstv_ms/VST3_m_A1_posti
979	A32	unresolved-strict		A32/uncond_as/advsimdls/ldstv_ms/VST3_m_A1_postr
980	A32	unresolved-strict		A32/uncond_as/advsimdls/ldstv_ms/VST1_m_A3_nowb
981	A32	unresolved-strict		A32/uncond_as/advsimdls/ldstv_ms/VST1_m_A3_posti
982	A32	unresolved-strict		A32/uncond_as/advsimdls/ldstv_ms/VST1_m_A3_postr
983	A32	unresolved-strict		A32/uncond_as/advsimdls/ldstv_ms/VST1_m_A1_nowb
984	A32	unresolved-strict		A32/uncond_as/advsimdls/ldstv_ms/VST1_m_A1_posti
985	A32	unresolved-strict		A32/uncond_as/advsimdls/ldstv_ms/VST1_m_A1_postr
986	A32	unresolved-strict		A32/uncond_as/advsimdls/ldstv_ms/VST2_m_A1_nowb
987	A32	unresolved-strict		A32/uncond_as/advsimdls/ldstv_ms/VST2_m_A1_posti
988	A32	unresolved-strict		A32/uncond_as/advsimdls/ldstv_ms/VST2_m_A1_postr
989	A32	unresolved-strict		A32/uncond_as/advsimdls/ldstv_ms/VST1_m_A2_nowb
990	A32	unresolved-strict		A32/uncond_as/advsimdls/ldstv_ms/VST1_m_A2_posti
991	A32	unresolved-strict		A32/uncond_as/advsimdls/ldstv_ms/VST1_m_A2_postr
992	A32	unresolved-strict		A32/uncond_as/advsimdls/ldstv_ms/VLD4_m_A1_nowb
993	A32	unresolved-strict		A32/uncond_as/advsimdls/ldstv_ms/VLD4_m_A1_posti
994	A32	unresolved-strict		A32/uncond_as/advsimdls/ldstv_ms/VLD4_m_A1_postr
995	A32	unresolved-strict		A32/uncond_as/advsimdls/ldstv_ms/VLD1_m_A4_nowb
996	A32	unresolved-strict		A32/uncond_as/advsimdls/ldstv_ms/VLD1_m_A4_posti
997	A32	unresolved-strict		A32/uncond_as/advsimdls/ldstv_ms/VLD1_m_A4_postr
998	A32	unresolved-strict		A32/uncond_as/advsimdls/ldstv_ms/VLD2_m_A2_nowb
999	A32	unresolved-strict		A32/uncond_as/advsimdls/ldstv_ms/VLD2_m_A2_posti
1000	A32	unresolved-strict		A32/uncond_as/advsimdls/ldstv_ms/VLD2_m_A2_postr
1001	A32	unresolved-strict		A32/uncond_as/advsimdls/ldstv_ms/VLD3_m_A1_nowb
1002	A32	unresolved-strict		A32/uncond_as/advsimdls/ldstv_ms/VLD3_m_A1_posti
1003	A32	unresolved-strict		A32/uncond_as/advsimdls/ldstv_ms/VLD3_m_A1_postr
1004	A32	unresolved-strict		A32/uncond_as/advsimdls/ldstv_ms/VLD1_m_A3_nowb
1005	A32	unresolved-strict		A32/uncond_as/advsimdls/ldstv_ms/VLD1_m_A3_posti
1006	A32	unresolved-strict		A32/uncond_as/advsimdls/ldstv_ms/VLD1_m_A3_postr
1007	A32	unresolved-strict		A32/uncond_as/advsimdls/ldstv_ms/VLD1_m_A1_nowb
1008	A32	unresolved-strict		A32/uncond_as/advsimdls/ldstv_ms/VLD1_m_A1_posti
1009	A32	unresolved-strict		A32/uncond_as/advsimdls/ldstv_ms/VLD1_m_A1_postr
1010	A32	unresolved-strict		A32/uncond_as/advsimdls/ldstv_ms/VLD2_m_A1_nowb
1011	A32	unresolved-strict		A32/uncond_as/advsimdls/ldstv_ms/VLD2_m_A1_posti
1012	A32	unresolved-strict		A32/uncond_as/advsimdls/ldstv_ms/VLD2_m_A1_postr
1013	A32	unresolved-strict		A32/uncond_as/advsimdls/ldstv_ms/VLD1_m_A2_nowb
1014	A32	unresolved-strict		A32/uncond_as/advsimdls/ldstv_ms/VLD1_m_A2_posti
1015	A32	unresolved-strict		A32/uncond_as/advsimdls/ldstv_ms/VLD1_m_A2_postr
1016	A32	unresolved-strict		A32/uncond_as/advsimdls/ldv_ssall/VLD1_a_A1_nowb
1017	A32	unresolved-strict		A32/uncond_as/advsimdls/ldv_ssall/VLD1_a_A1_posti
1018	A32	unresolved-strict		A32/uncond_as/advsimdls/ldv_ssall/VLD1_a_A1_postr
1019	A32	unresolved-strict		A32/uncond_as/advsimdls/ldv_ssall/VLD2_a_A1_nowb
1020	A32	unresolved-strict		A32/uncond_as/advsimdls/ldv_ssall/VLD2_a_A1_posti
1021	A32	unresolved-strict		A32/uncond_as/advsimdls/ldv_ssall/VLD2_a_A1_postr
1022	A32	unresolved-strict		A32/uncond_as/advsimdls/ldv_ssall/VLD3_a_A1_nowb
1023	A32	unresolved-strict		A32/uncond_as/advsimdls/ldv_ssall/VLD3_a_A1_posti
1024	A32	unresolved-strict		A32/uncond_as/advsimdls/ldv_ssall/VLD3_a_A1_postr
1025	A32	unresolved-strict		A32/uncond_as/advsimdls/ldv_ssall/VLD4_a_A1_nowb
1026	A32	unresolved-strict		A32/uncond_as/advsimdls/ldv_ssall/VLD4_a_A1_posti
1027	A32	unresolved-strict		A32/uncond_as/advsimdls/ldv_ssall/VLD4_a_A1_postr
1028	A32	unresolved-strict		A32/uncond_as/advsimdls/ldstv_ssone/VST1_1_A1_nowb
1029	A32	unresolved-strict		A32/uncond_as/advsimdls/ldstv_ssone/VST1_1_A1_posti
1030	A32	unresolved-strict		A32/uncond_as/advsimdls/ldstv_ssone/VST1_1_A1_postr
1031	A32	unresolved-strict		A32/uncond_as/advsimdls/ldstv_ssone/VST2_1_A1_nowb
1032	A32	unresolved-strict		A32/uncond_as/advsimdls/ldstv_ssone/VST2_1_A1_posti
1033	A32	unresolved-strict		A32/uncond_as/advsimdls/ldstv_ssone/VST2_1_A1_postr
1034	A32	unresolved-strict		A32/uncond_as/advsimdls/ldstv_ssone/VST3_1_A1_nowb
1035	A32	unresolved-strict		A32/uncond_as/advsimdls/ldstv_ssone/VST3_1_A1_posti
1036	A32	unresolved-strict		A32/uncond_as/advsimdls/ldstv_ssone/VST3_1_A1_postr
1037	A32	unresolved-strict		A32/uncond_as/advsimdls/ldstv_ssone/VST4_1_A1_nowb
1038	A32	unresolved-strict		A32/uncond_as/advsimdls/ldstv_ssone/VST4_1_A1_posti
1039	A32	unresolved-strict		A32/uncond_as/advsimdls/ldstv_ssone/VST4_1_A1_postr
1040	A32	unresolved-strict		A32/uncond_as/advsimdls/ldstv_ssone/VST1_1_A2_nowb
1041	A32	unresolved-strict		A32/uncond_as/advsimdls/ldstv_ssone/VST1_1_A2_posti
1042	A32	unresolved-strict		A32/uncond_as/advsimdls/ldstv_ssone/VST1_1_A2_postr
1043	A32	unresolved-strict		A32/uncond_as/advsimdls/ldstv_ssone/VST2_1_A2_nowb
1044	A32	unresolved-strict		A32/uncond_as/advsimdls/ldstv_ssone/VST2_1_A2_posti
1045	A32	unresolved-strict		A32/uncond_as/advsimdls/ldstv_ssone/VST2_1_A2_postr
1046	A32	unresolved-strict		A32/uncond_as/advsimdls/ldstv_ssone/VST3_1_A2_nowb
1047	A32	unresolved-strict		A32/uncond_as/advsimdls/ldstv_ssone/VST3_1_A2_posti
1048	A32	unresolved-strict		A32/uncond_as/advsimdls/ldstv_ssone/VST3_1_A2_postr
1049	A32	unresolved-strict		A32/uncond_as/advsimdls/ldstv_ssone/VST4_1_A2_nowb
1050	A32	unresolved-strict		A32/uncond_as/advsimdls/ldstv_ssone/VST4_1_A2_posti
1051	A32	unresolved-strict		A32/uncond_as/advsimdls/ldstv_ssone/VST4_1_A2_postr
1052	A32	unresolved-strict		A32/uncond_as/advsimdls/ldstv_ssone/VST1_1_A3_nowb
1053	A32	unresolved-strict		A32/uncond_as/advsimdls/ldstv_ssone/VST1_1_A3_posti
1054	A32	unresolved-strict		A32/uncond_as/advsimdls/ldstv_ssone/VST1_1_A3_postr
1055	A32	unresolved-strict		A32/uncond_as/advsimdls/ldstv_ssone/VST2_1_A3_nowb
1056	A32	unresolved-strict		A32/uncond_as/advsimdls/ldstv_ssone/VST2_1_A3_posti
1057	A32	unresolved-strict		A32/uncond_as/advsimdls/ldstv_ssone/VST2_1_A3_postr
1058	A32	unresolved-strict		A32/uncond_as/advsimdls/ldstv_ssone/VST3_1_A3_nowb
1059	A32	unresolved-strict		A32/uncond_as/advsimdls/ldstv_ssone/VST3_1_A3_posti
1060	A32	unresolved-strict		A32/uncond_as/advsimdls/ldstv_ssone/VST3_1_A3_postr
1061	A32	unresolved-strict		A32/uncond_as/advsimdls/ldstv_ssone/VST4_1_A3_nowb
1062	A32	unresolved-strict		A32/uncond_as/advsimdls/ldstv_ssone/VST4_1_A3_posti
1063	A32	unresolved-strict		A32/uncond_as/advsimdls/ldstv_ssone/VST4_1_A3_postr
1064	A32	unresolved-strict		A32/uncond_as/advsimdls/ldstv_ssone/VLD1_1_A1_nowb
1065	A32	unresolved-strict		A32/uncond_as/advsimdls/ldstv_ssone/VLD1_1_A1_posti
1066	A32	unresolved-strict		A32/uncond_as/advsimdls/ldstv_ssone/VLD1_1_A1_postr
1067	A32	unresolved-strict		A32/uncond_as/advsimdls/ldstv_ssone/VLD2_1_A1_nowb
1068	A32	unresolved-strict		A32/uncond_as/advsimdls/ldstv_ssone/VLD2_1_A1_posti
1069	A32	unresolved-strict		A32/uncond_as/advsimdls/ldstv_ssone/VLD2_1_A1_postr
1070	A32	unresolved-strict		A32/uncond_as/advsimdls/ldstv_ssone/VLD3_1_A1_nowb
1071	A32	unresolved-strict		A32/uncond_as/advsimdls/ldstv_ssone/VLD3_1_A1_posti
1072	A32	unresolved-strict		A32/uncond_as/advsimdls/ldstv_ssone/VLD3_1_A1_postr
1073	A32	unresolved-strict		A32/uncond_as/advsimdls/ldstv_ssone/VLD4_1_A1_nowb
1074	A32	unresolved-strict		A32/uncond_as/advsimdls/ldstv_ssone/VLD4_1_A1_posti
1075	A32	unresolved-strict		A32/uncond_as/advsimdls/ldstv_ssone/VLD4_1_A1_postr
1076	A32	unresolved-strict		A32/uncond_as/advsimdls/ldstv_ssone/VLD1_1_A2_nowb
1077	A32	unresolved-strict		A32/uncond_as/advsimdls/ldstv_ssone/VLD1_1_A2_posti
1078	A32	unresolved-strict		A32/uncond_as/advsimdls/ldstv_ssone/VLD1_1_A2_postr
1079	A32	unresolved-strict		A32/uncond_as/advsimdls/ldstv_ssone/VLD2_1_A2_nowb
1080	A32	unresolved-strict		A32/uncond_as/advsimdls/ldstv_ssone/VLD2_1_A2_posti
1081	A32	unresolved-strict		A32/uncond_as/advsimdls/ldstv_ssone/VLD2_1_A2_postr
1082	A32	unresolved-strict		A32/uncond_as/advsimdls/ldstv_ssone/VLD3_1_A2_nowb
1083	A32	unresolved-strict		A32/uncond_as/advsimdls/ldstv_ssone/VLD3_1_A2_posti
1084	A32	unresolved-strict		A32/uncond_as/advsimdls/ldstv_ssone/VLD3_1_A2_postr
1085	A32	unresolved-strict		A32/uncond_as/advsimdls/ldstv_ssone/VLD4_1_A2_nowb
1086	A32	unresolved-strict		A32/uncond_as/advsimdls/ldstv_ssone/VLD4_1_A2_posti
1087	A32	unresolved-strict		A32/uncond_as/advsimdls/ldstv_ssone/VLD4_1_A2_postr
1088	A32	unresolved-strict		A32/uncond_as/advsimdls/ldstv_ssone/VLD1_1_A3_nowb
1089	A32	unresolved-strict		A32/uncond_as/advsimdls/ldstv_ssone/VLD1_1_A3_posti
1090	A32	unresolved-strict		A32/uncond_as/advsimdls/ldstv_ssone/VLD1_1_A3_postr
1091	A32	unresolved-strict		A32/uncond_as/advsimdls/ldstv_ssone/VLD2_1_A3_nowb
1092	A32	unresolved-strict		A32/uncond_as/advsimdls/ldstv_ssone/VLD2_1_A3_posti
1093	A32	unresolved-strict		A32/uncond_as/advsimdls/ldstv_ssone/VLD2_1_A3_postr
1094	A32	unresolved-strict		A32/uncond_as/advsimdls/ldstv_ssone/VLD3_1_A3_nowb
1095	A32	unresolved-strict		A32/uncond_as/advsimdls/ldstv_ssone/VLD3_1_A3_posti
1096	A32	unresolved-strict		A32/uncond_as/advsimdls/ldstv_ssone/VLD3_1_A3_postr
1097	A32	unresolved-strict		A32/uncond_as/advsimdls/ldstv_ssone/VLD4_1_A3_nowb
1098	A32	unresolved-strict		A32/uncond_as/advsimdls/ldstv_ssone/VLD4_1_A3_posti
1099	A32	unresolved-strict		A32/uncond_as/advsimdls/ldstv_ssone/VLD4_1_A3_postr
1100	T32	unresolved-strict		T32/n/sftdpi/addsub16_3l/ADD_r_T1
1101	T32	unresolved-strict		T32/n/sftdpi/addsub16_3l/SUB_r_T1
1102	T32	unresolved-strict		T32/n/sftdpi/addsub16_2l_imm/ADD_i_T1
1103	T32	unresolved-strict		T32/n/sftdpi/addsub16_2l_imm/SUB_i_T1
1104	T32	unresolved-strict		T32/n/sftdpi/shift16_imm/MOV_r_T2
1105	T32	unresolved-strict		T32/n/sftdpi/addsub16_1l_imm/MOV_i_T1
1106	T32	unresolved-strict		T32/n/sftdpi/addsub16_1l_imm/CMP_i_T1
1107	T32	unresolved-strict		T32/n/sftdpi/addsub16_1l_imm/ADD_i_T2
1108	T32	unresolved-strict		T32/n/sftdpi/addsub16_1l_imm/SUB_i_T2
1109	T32	unresolved-strict		T32/n/dpint16_2l/AND_r_T1
1110	T32	unresolved-strict		T32/n/dpint16_2l/EOR_r_T1
1111	T32	unresolved-strict		T32/n/dpint16_2l/MOV_rr_T1_ASR
1112	T32	unresolved-strict		T32/n/dpint16_2l/MOV_rr_T1_LSL
1113	T32	unresolved-strict		T32/n/dpint16_2l/MOV_rr_T1_LSR
1114	T32	unresolved-strict		T32/n/dpint16_2l/MOV_rr_T1_ROR
1115	T32	unresolved-strict		T32/n/dpint16_2l/ADC_r_T1
1116	T32	unresolved-strict		T32/n/dpint16_2l/SBC_r_T1
1117	T32	unresolved-strict		T32/n/dpint16_2l/TST_r_T1
1118	T32	unresolved-strict		T32/n/dpint16_2l/RSB_i_T1
1119	T32	unresolved-strict		T32/n/dpint16_2l/CMP_r_T1
1120	T32	unresolved-strict		T32/n/dpint16_2l/CMN_r_T1
1121	T32	unresolved-strict		T32/n/dpint16_2l/ORR_r_T1
1122	T32	unresolved-strict		T32/n/dpint16_2l/MUL_T1
1123	T32	unresolved-strict		T32/n/dpint16_2l/BIC_r_T1
1124	T32	unresolved-strict		T32/n/dpint16_2l/MVN_r_T1
1125	T32	unresolved-strict		T32/n/spcd/bx16/BX_T1
1126	T32	unresolved-strict		T32/n/spcd/bx16/BLX_r_T1
1127	T32	unresolved-strict		T32/n/spcd/addsub16_2h/ADD_r_T2
1128	T32	unresolved-strict		T32/n/spcd/addsub16_2h/ADD_SP_r_T1
1129	T32	unresolved-strict		T32/n/spcd/addsub16_2h/ADD_SP_r_T2
1130	T32	unresolved-strict		T32/n/spcd/addsub16_2h/CMP_r_T2
1131	T32	unresolved-strict		T32/n/spcd/addsub16_2h/MOV_r_T1
1132	T32	unresolved-strict		T32/n/ldlit16/LDR_l_T1
1133	T32	unresolved-strict		T32/n/ldst16_reg/STR_r_T1
1134	T32	unresolved-strict		T32/n/ldst16_reg/STRH_r_T1
1135	T32	unresolved-strict		T32/n/ldst16_reg/STRB_r_T1
1136	T32	unresolved-strict		T32/n/ldst16_reg/LDRSB_r_T1
1137	T32	unresolved-strict		T32/n/ldst16_reg/LDR_r_T1
1138	T32	unresolved-strict		T32/n/ldst16_reg/LDRH_r_T1
1139	T32	unresolved-strict		T32/n/ldst16_reg/LDRB_r_T1
1140	T32	unresolved-strict		T32/n/ldst16_reg/LDRSH_r_T1
1141	T32	unresolved-strict		T32/n/ldst16_imm/STR_i_T1
1142	T32	unresolved-strict		T32/n/ldst16_imm/LDR_i_T1
1143	T32	unresolved-strict		T32/n/ldst16_imm/STRB_i_T1
1144	T32	unresolved-strict		T32/n/ldst16_imm/LDRB_i_T1
1145	T32	unresolved-strict		T32/n/ldsth16_imm/STRH_i_T1
1146	T32	unresolved-strict		T32/n/ldsth16_imm/LDRH_i_T1
1147	T32	unresolved-strict		T32/n/ldst16_sp/STR_i_T2
1148	T32	unresolved-strict		T32/n/ldst16_sp/LDR_i_T2
1149	T32	unresolved-strict		T32/n/addpcsp16/ADR_T1
1150	T32	unresolved-strict		T32/n/addpcsp16/ADD_SP_i_T1
1151	T32	unresolved-strict		T32/n/misc16/adjsp16/ADD_SP_i_T2
1152	T32	unresolved-strict		T32/n/misc16/adjsp16/SUB_SP_i_T1
1153	T32	unresolved-strict		T32/n/misc16/ext16/SXTH_T1
1154	T32	unresolved-strict		T32/n/misc16/ext16/SXTB_T1
1155	T32	unresolved-strict		T32/n/misc16/ext16/UXTH_T1
1156	T32	unresolved-strict		T32/n/misc16/ext16/UXTB_T1
1157	T32	unresolved-strict	FEAT_PAN	T32/n/misc16/setpan16/SETPAN_T1
1158	T32	unresolved-strict		T32/n/misc16/cps16/SETEND_T1
1159	T32	unresolved-strict		T32/n/misc16/cps16/CPSID_T1_AS
1160	T32	unresolved-strict		T32/n/misc16/cps16/CPSIE_T1_AS
1161	T32	unresolved-strict		T32/n/misc16/hlt16/HLT_T1
1162	T32	unresolved-strict		T32/n/misc16/rev16/REV_T1
1163	T32	unresolved-strict		T32/n/misc16/rev16/REV16_T1
1164	T32	unresolved-strict		T32/n/misc16/rev16/REVSH_T1
1165	T32	unresolved-strict		T32/n/misc16/bkpt16/BKPT_T1
1166	T32	unresolved-strict		T32/n/misc16/hints16/NOP_T1
1167	T32	unresolved-strict		T32/n/misc16/hints16/YIELD_T1
1168	T32	unresolved-strict		T32/n/misc16/hints16/WFE_T1
1169	T32	unresolved-strict		T32/n/misc16/hints16/WFI_T1
1170	T32	unresolved-strict		T32/n/misc16/hints16/SEV_T1
1171	T32	unresolved-strict		T32/n/misc16/hints16/SEVL_T1
1172	T32	unresolved-strict		T32/n/misc16/it16/IT_T1
1173	T32	unresolved-strict		T32/n/misc16/cbznz16/CBNZ_T1
1174	T32	unresolved-strict		T32/n/misc16/cbznz16/CBZ_T1
1175	T32	unresolved-strict		T32/n/misc16/pushpop16/PUSH_T1
1176	T32	unresolved-strict		T32/n/misc16/pushpop16/POP_T1
1177	T32	unresolved-strict		T32/n/ldstm16/STM_T1
1178	T32	unresolved-strict		T32/n/ldstm16/LDM_T1
1179	T32	unresolved-strict		T32/n/brc/except16/UDF_T1
1180	T32	unresolved-strict		T32/n/brc/except16/SVC_T1
1181	T32	unresolved-strict		T32/n/brc/bcond16/B_T1
1182	T32	unresolved-strict		T32/b16/B_T2
1183	T32	unresolved-strict		T32/w/cpaf/simddp/simd_3same/VFMA_T1_D
1184	T32	unresolved-strict		T32/w/cpaf/simddp/simd_3same/VFMA_T1_Q
1185	T32	unresolved-strict		T32/w/cpaf/simddp/simd_3same/VADD_f_T1_D
1186	T32	unresolved-strict		T32/w/cpaf/simddp/simd_3same/VADD_f_T1_Q
1187	T32	unresolved-strict		T32/w/cpaf/simddp/simd_3same/VMLA_f_T1_D
1188	T32	unresolved-strict		T32/w/cpaf/simddp/simd_3same/VMLA_f_T1_Q
1189	T32	unresolved-strict		T32/w/cpaf/simddp/simd_3same/VCEQ_r_T2_D
1190	T32	unresolved-strict		T32/w/cpaf/simddp/simd_3same/VCEQ_r_T2_Q
1191	T32	unresolved-strict		T32/w/cpaf/simddp/simd_3same/VMAX_f_T1_D
1192	T32	unresolved-strict		T32/w/cpaf/simddp/simd_3same/VMAX_f_T1_Q
1193	T32	unresolved-strict		T32/w/cpaf/simddp/simd_3same/VRECPS_T1_D
1194	T32	unresolved-strict		T32/w/cpaf/simddp/simd_3same/VRECPS_T1_Q
1195	T32	unresolved-strict		T32/w/cpaf/simddp/simd_3same/VHADD_T1_D
1196	T32	unresolved-strict		T32/w/cpaf/simddp/simd_3same/VHADD_T1_Q
1197	T32	unresolved-strict		T32/w/cpaf/simddp/simd_3same/VAND_r_T1_D
1198	T32	unresolved-strict		T32/w/cpaf/simddp/simd_3same/VAND_r_T1_Q
1199	T32	unresolved-strict		T32/w/cpaf/simddp/simd_3same/VQADD_T1_D
1200	T32	unresolved-strict		T32/w/cpaf/simddp/simd_3same/VQADD_T1_Q
1201	T32	unresolved-strict		T32/w/cpaf/simddp/simd_3same/VRHADD_T1_D
1202	T32	unresolved-strict		T32/w/cpaf/simddp/simd_3same/VRHADD_T1_Q
1203	T32	unresolved-strict	FEAT_SHA1	T32/w/cpaf/simddp/simd_3same/SHA1C_T1
1204	T32	unresolved-strict		T32/w/cpaf/simddp/simd_3same/VHSUB_T1_D
1205	T32	unresolved-strict		T32/w/cpaf/simddp/simd_3same/VHSUB_T1_Q
1206	T32	unresolved-strict		T32/w/cpaf/simddp/simd_3same/VBIC_r_T1_D
1207	T32	unresolved-strict		T32/w/cpaf/simddp/simd_3same/VBIC_r_T1_Q
1208	T32	unresolved-strict		T32/w/cpaf/simddp/simd_3same/VQSUB_T1_D
1209	T32	unresolved-strict		T32/w/cpaf/simddp/simd_3same/VQSUB_T1_Q
1210	T32	unresolved-strict		T32/w/cpaf/simddp/simd_3same/VCGT_r_T1_D
1211	T32	unresolved-strict		T32/w/cpaf/simddp/simd_3same/VCGT_r_T1_Q
1212	T32	unresolved-strict		T32/w/cpaf/simddp/simd_3same/VCGE_r_T1_D
1213	T32	unresolved-strict		T32/w/cpaf/simddp/simd_3same/VCGE_r_T1_Q
1214	T32	unresolved-strict	FEAT_SHA1	T32/w/cpaf/simddp/simd_3same/SHA1P_T1
1215	T32	unresolved-strict		T32/w/cpaf/simddp/simd_3same/VFMS_T1_D
1216	T32	unresolved-strict		T32/w/cpaf/simddp/simd_3same/VFMS_T1_Q
1217	T32	unresolved-strict		T32/w/cpaf/simddp/simd_3same/VSUB_f_T1_D
1218	T32	unresolved-strict		T32/w/cpaf/simddp/simd_3same/VSUB_f_T1_Q
1219	T32	unresolved-strict		T32/w/cpaf/simddp/simd_3same/VMLS_f_T1_D
1220	T32	unresolved-strict		T32/w/cpaf/simddp/simd_3same/VMLS_f_T1_Q
1221	T32	unresolved-strict		T32/w/cpaf/simddp/simd_3same/VMIN_f_T1_D
1222	T32	unresolved-strict		T32/w/cpaf/simddp/simd_3same/VMIN_f_T1_Q
1223	T32	unresolved-strict		T32/w/cpaf/simddp/simd_3same/VRSQRTS_T1_D
1224	T32	unresolved-strict		T32/w/cpaf/simddp/simd_3same/VRSQRTS_T1_Q
1225	T32	unresolved-strict		T32/w/cpaf/simddp/simd_3same/VSHL_r_T1_D
1226	T32	unresolved-strict		T32/w/cpaf/simddp/simd_3same/VSHL_r_T1_Q
1227	T32	unresolved-strict		T32/w/cpaf/simddp/simd_3same/VADD_i_T1_D
1228	T32	unresolved-strict		T32/w/cpaf/simddp/simd_3same/VADD_i_T1_Q
1229	T32	unresolved-strict		T32/w/cpaf/simddp/simd_3same/VORR_r_T1_D
1230	T32	unresolved-strict		T32/w/cpaf/simddp/simd_3same/VORR_r_T1_Q
1231	T32	unresolved-strict		T32/w/cpaf/simddp/simd_3same/VTST_T1_D
1232	T32	unresolved-strict		T32/w/cpaf/simddp/simd_3same/VTST_T1_Q
1233	T32	unresolved-strict		T32/w/cpaf/simddp/simd_3same/VQSHL_r_T1_D
1234	T32	unresolved-strict		T32/w/cpaf/simddp/simd_3same/VQSHL_r_T1_Q
1235	T32	unresolved-strict		T32/w/cpaf/simddp/simd_3same/VMLA_i_T1_D
1236	T32	unresolved-strict		T32/w/cpaf/simddp/simd_3same/VMLA_i_T1_Q
1237	T32	unresolved-strict		T32/w/cpaf/simddp/simd_3same/VRSHL_T1_D
1238	T32	unresolved-strict		T32/w/cpaf/simddp/simd_3same/VRSHL_T1_Q
1239	T32	unresolved-strict		T32/w/cpaf/simddp/simd_3same/VQRSHL_T1_D
1240	T32	unresolved-strict		T32/w/cpaf/simddp/simd_3same/VQRSHL_T1_Q
1241	T32	unresolved-strict		T32/w/cpaf/simddp/simd_3same/VQDMULH_T1_D
1242	T32	unresolved-strict		T32/w/cpaf/simddp/simd_3same/VQDMULH_T1_Q
1243	T32	unresolved-strict	FEAT_SHA1	T32/w/cpaf/simddp/simd_3same/SHA1M_T1
1244	T32	unresolved-strict		T32/w/cpaf/simddp/simd_3same/VPADD_i_T1
1245	T32	unresolved-strict		T32/w/cpaf/simddp/simd_3same/VMAX_i_T1_D
1246	T32	unresolved-strict		T32/w/cpaf/simddp/simd_3same/VMAX_i_T1_Q
1247	T32	unresolved-strict		T32/w/cpaf/simddp/simd_3same/VORN_r_T1_D
1248	T32	unresolved-strict		T32/w/cpaf/simddp/simd_3same/VORN_r_T1_Q
1249	T32	unresolved-strict		T32/w/cpaf/simddp/simd_3same/VMIN_i_T1_D
1250	T32	unresolved-strict		T32/w/cpaf/simddp/simd_3same/VMIN_i_T1_Q
1251	T32	unresolved-strict		T32/w/cpaf/simddp/simd_3same/VABD_i_T1_D
1252	T32	unresolved-strict		T32/w/cpaf/simddp/simd_3same/VABD_i_T1_Q
1253	T32	unresolved-strict		T32/w/cpaf/simddp/simd_3same/VABA_T1_D
1254	T32	unresolved-strict		T32/w/cpaf/simddp/simd_3same/VABA_T1_Q
1255	T32	unresolved-strict	FEAT_SHA1	T32/w/cpaf/simddp/simd_3same/SHA1SU0_T1
1256	T32	unresolved-strict		T32/w/cpaf/simddp/simd_3same/VPADD_f_T1
1257	T32	unresolved-strict		T32/w/cpaf/simddp/simd_3same/VMUL_f_T1_D
1258	T32	unresolved-strict		T32/w/cpaf/simddp/simd_3same/VMUL_f_T1_Q
1259	T32	unresolved-strict		T32/w/cpaf/simddp/simd_3same/VCGE_r_T2_D
1260	T32	unresolved-strict		T32/w/cpaf/simddp/simd_3same/VCGE_r_T2_Q
1261	T32	unresolved-strict		T32/w/cpaf/simddp/simd_3same/VACGE_T1_D
1262	T32	unresolved-strict		T32/w/cpaf/simddp/simd_3same/VACGE_T1_Q
1263	T32	unresolved-strict		T32/w/cpaf/simddp/simd_3same/VPMAX_f_T1
1264	T32	unresolved-strict		T32/w/cpaf/simddp/simd_3same/VMAXNM_T1_D
1265	T32	unresolved-strict		T32/w/cpaf/simddp/simd_3same/VMAXNM_T1_Q
1266	T32	unresolved-strict		T32/w/cpaf/simddp/simd_3same/VEOR_T1_D
1267	T32	unresolved-strict		T32/w/cpaf/simddp/simd_3same/VEOR_T1_Q
1268	T32	unresolved-strict		T32/w/cpaf/simddp/simd_3same/VMUL_i_T1_D
1269	T32	unresolved-strict		T32/w/cpaf/simddp/simd_3same/VMUL_i_T1_Q
1270	T32	unresolved-strict	FEAT_SHA256	T32/w/cpaf/simddp/simd_3same/SHA256H_T1
1271	T32	unresolved-strict		T32/w/cpaf/simddp/simd_3same/VPMAX_i_T1
1272	T32	unresolved-strict		T32/w/cpaf/simddp/simd_3same/VBSL_T1_D
1273	T32	unresolved-strict		T32/w/cpaf/simddp/simd_3same/VBSL_T1_Q
1274	T32	unresolved-strict		T32/w/cpaf/simddp/simd_3same/VPMIN_i_T1
1275	T32	unresolved-strict	FEAT_SHA256	T32/w/cpaf/simddp/simd_3same/SHA256H2_T1
1276	T32	unresolved-strict		T32/w/cpaf/simddp/simd_3same/VABD_f_T1_D
1277	T32	unresolved-strict		T32/w/cpaf/simddp/simd_3same/VABD_f_T1_Q
1278	T32	unresolved-strict		T32/w/cpaf/simddp/simd_3same/VCGT_r_T2_D
1279	T32	unresolved-strict		T32/w/cpaf/simddp/simd_3same/VCGT_r_T2_Q
1280	T32	unresolved-strict		T32/w/cpaf/simddp/simd_3same/VACGT_T1_D
1281	T32	unresolved-strict		T32/w/cpaf/simddp/simd_3same/VACGT_T1_Q
1282	T32	unresolved-strict		T32/w/cpaf/simddp/simd_3same/VPMIN_f_T1
1283	T32	unresolved-strict		T32/w/cpaf/simddp/simd_3same/VMINNM_T1_D
1284	T32	unresolved-strict		T32/w/cpaf/simddp/simd_3same/VMINNM_T1_Q
1285	T32	unresolved-strict		T32/w/cpaf/simddp/simd_3same/VSUB_i_T1_D
1286	T32	unresolved-strict		T32/w/cpaf/simddp/simd_3same/VSUB_i_T1_Q
1287	T32	unresolved-strict		T32/w/cpaf/simddp/simd_3same/VBIT_T1_D
1288	T32	unresolved-strict		T32/w/cpaf/simddp/simd_3same/VBIT_T1_Q
1289	T32	unresolved-strict		T32/w/cpaf/simddp/simd_3same/VCEQ_r_T1_D
1290	T32	unresolved-strict		T32/w/cpaf/simddp/simd_3same/VCEQ_r_T1_Q
1291	T32	unresolved-strict		T32/w/cpaf/simddp/simd_3same/VMLS_i_T1_D
1292	T32	unresolved-strict		T32/w/cpaf/simddp/simd_3same/VMLS_i_T1_Q
1293	T32	unresolved-strict		T32/w/cpaf/simddp/simd_3same/VQRDMULH_T1_D
1294	T32	unresolved-strict		T32/w/cpaf/simddp/simd_3same/VQRDMULH_T1_Q
1295	T32	unresolved-strict	FEAT_SHA256	T32/w/cpaf/simddp/simd_3same/SHA256SU1_T1
1296	T32	unresolved-strict	FEAT_RDM	T32/w/cpaf/simddp/simd_3same/VQRDMLAH_T1_D
1297	T32	unresolved-strict	FEAT_RDM	T32/w/cpaf/simddp/simd_3same/VQRDMLAH_T1_Q
1298	T32	unresolved-strict		T32/w/cpaf/simddp/simd_3same/VBIF_T1_D
1299	T32	unresolved-strict		T32/w/cpaf/simddp/simd_3same/VBIF_T1_Q
1300	T32	unresolved-strict	FEAT_RDM	T32/w/cpaf/simddp/simd_3same/VQRDMLSH_T1_D
1301	T32	unresolved-strict	FEAT_RDM	T32/w/cpaf/simddp/simd_3same/VQRDMLSH_T1_Q
1302	T32	unresolved-strict		T32/w/cpaf/simddp/t_simd_mulreg/simd_ext/VEXT_T1_D
1303	T32	unresolved-strict		T32/w/cpaf/simddp/t_simd_mulreg/simd_ext/VEXT_T1_Q
1304	T32	unresolved-strict		T32/w/cpaf/simddp/t_simd_mulreg/simd_2r_misc/VREV64_T1_D
1305	T32	unresolved-strict		T32/w/cpaf/simddp/t_simd_mulreg/simd_2r_misc/VREV64_T1_Q
1306	T32	unresolved-strict		T32/w/cpaf/simddp/t_simd_mulreg/simd_2r_misc/VREV32_T1_D
1307	T32	unresolved-strict		T32/w/cpaf/simddp/t_simd_mulreg/simd_2r_misc/VREV32_T1_Q
1308	T32	unresolved-strict		T32/w/cpaf/simddp/t_simd_mulreg/simd_2r_misc/VREV16_T1_D
1309	T32	unresolved-strict		T32/w/cpaf/simddp/t_simd_mulreg/simd_2r_misc/VREV16_T1_Q
1310	T32	unresolved-strict		T32/w/cpaf/simddp/t_simd_mulreg/simd_2r_misc/VPADDL_T1_D
1311	T32	unresolved-strict		T32/w/cpaf/simddp/t_simd_mulreg/simd_2r_misc/VPADDL_T1_Q
1312	T32	unresolved-strict	FEAT_AES	T32/w/cpaf/simddp/t_simd_mulreg/simd_2r_misc/AESE_T1
1313	T32	unresolved-strict	FEAT_AES	T32/w/cpaf/simddp/t_simd_mulreg/simd_2r_misc/AESD_T1
1314	T32	unresolved-strict	FEAT_AES	T32/w/cpaf/simddp/t_simd_mulreg/simd_2r_misc/AESMC_T1
1315	T32	unresolved-strict	FEAT_AES	T32/w/cpaf/simddp/t_simd_mulreg/simd_2r_misc/AESIMC_T1
1316	T32	unresolved-strict		T32/w/cpaf/simddp/t_simd_mulreg/simd_2r_misc/VCLS_T1_D
1317	T32	unresolved-strict		T32/w/cpaf/simddp/t_simd_mulreg/simd_2r_misc/VCLS_T1_Q
1318	T32	unresolved-strict		T32/w/cpaf/simddp/t_simd_mulreg/simd_2r_misc/VSWP_T1_D
1319	T32	unresolved-strict		T32/w/cpaf/simddp/t_simd_mulreg/simd_2r_misc/VSWP_T1_Q
1320	T32	unresolved-strict		T32/w/cpaf/simddp/t_simd_mulreg/simd_2r_misc/VCLZ_T1_D
1321	T32	unresolved-strict		T32/w/cpaf/simddp/t_simd_mulreg/simd_2r_misc/VCLZ_T1_Q
1322	T32	unresolved-strict		T32/w/cpaf/simddp/t_simd_mulreg/simd_2r_misc/VCNT_T1_D
1323	T32	unresolved-strict		T32/w/cpaf/simddp/t_simd_mulreg/simd_2r_misc/VCNT_T1_Q
1324	T32	unresolved-strict		T32/w/cpaf/simddp/t_simd_mulreg/simd_2r_misc/VMVN_r_T1_D
1325	T32	unresolved-strict		T32/w/cpaf/simddp/t_simd_mulreg/simd_2r_misc/VMVN_r_T1_Q
1326	T32	unresolved-strict		T32/w/cpaf/simddp/t_simd_mulreg/simd_2r_misc/VPADAL_T1_D
1327	T32	unresolved-strict		T32/w/cpaf/simddp/t_simd_mulreg/simd_2r_misc/VPADAL_T1_Q
1328	T32	unresolved-strict		T32/w/cpaf/simddp/t_simd_mulreg/simd_2r_misc/VQABS_T1_D
1329	T32	unresolved-strict		T32/w/cpaf/simddp/t_simd_mulreg/simd_2r_misc/VQABS_T1_Q
1330	T32	unresolved-strict		T32/w/cpaf/simddp/t_simd_mulreg/simd_2r_misc/VQNEG_T1_D
1331	T32	unresolved-strict		T32/w/cpaf/simddp/t_simd_mulreg/simd_2r_misc/VQNEG_T1_Q
1332	T32	unresolved-strict		T32/w/cpaf/simddp/t_simd_mulreg/simd_2r_misc/VCGT_i_T1_D
1333	T32	unresolved-strict		T32/w/cpaf/simddp/t_simd_mulreg/simd_2r_misc/VCGT_i_T1_Q
1334	T32	unresolved-strict		T32/w/cpaf/simddp/t_simd_mulreg/simd_2r_misc/VCGE_i_T1_D
1335	T32	unresolved-strict		T32/w/cpaf/simddp/t_simd_mulreg/simd_2r_misc/VCGE_i_T1_Q
1336	T32	unresolved-strict		T32/w/cpaf/simddp/t_simd_mulreg/simd_2r_misc/VCEQ_i_T1_D
1337	T32	unresolved-strict		T32/w/cpaf/simddp/t_simd_mulreg/simd_2r_misc/VCEQ_i_T1_Q
1338	T32	unresolved-strict		T32/w/cpaf/simddp/t_simd_mulreg/simd_2r_misc/VCLE_i_T1_D
1339	T32	unresolved-strict		T32/w/cpaf/simddp/t_simd_mulreg/simd_2r_misc/VCLE_i_T1_Q
1340	T32	unresolved-strict		T32/w/cpaf/simddp/t_simd_mulreg/simd_2r_misc/VCLT_i_T1_D
1341	T32	unresolved-strict		T32/w/cpaf/simddp/t_simd_mulreg/simd_2r_misc/VCLT_i_T1_Q
1342	T32	unresolved-strict		T32/w/cpaf/simddp/t_simd_mulreg/simd_2r_misc/VABS_T1_D
1343	T32	unresolved-strict		T32/w/cpaf/simddp/t_simd_mulreg/simd_2r_misc/VABS_T1_Q
1344	T32	unresolved-strict		T32/w/cpaf/simddp/t_simd_mulreg/simd_2r_misc/VNEG_T1_D
1345	T32	unresolved-strict		T32/w/cpaf/simddp/t_simd_mulreg/simd_2r_misc/VNEG_T1_Q
1346	T32	unresolved-strict	FEAT_SHA1	T32/w/cpaf/simddp/t_simd_mulreg/simd_2r_misc/SHA1H_T1
1347	T32	unresolved-strict	FEAT_AA32BF16	T32/w/cpaf/simddp/t_simd_mulreg/simd_2r_misc/VCVT_bfs_T1
1348	T32	unresolved-strict		T32/w/cpaf/simddp/t_simd_mulreg/simd_2r_misc/VTRN_T1_D
1349	T32	unresolved-strict		T32/w/cpaf/simddp/t_simd_mulreg/simd_2r_misc/VTRN_T1_Q
1350	T32	unresolved-strict		T32/w/cpaf/simddp/t_simd_mulreg/simd_2r_misc/VUZP_T1_D
1351	T32	unresolved-strict		T32/w/cpaf/simddp/t_simd_mulreg/simd_2r_misc/VUZP_T1_Q
1352	T32	unresolved-strict		T32/w/cpaf/simddp/t_simd_mulreg/simd_2r_misc/VZIP_T1_D
1353	T32	unresolved-strict		T32/w/cpaf/simddp/t_simd_mulreg/simd_2r_misc/VZIP_T1_Q
1354	T32	unresolved-strict		T32/w/cpaf/simddp/t_simd_mulreg/simd_2r_misc/VMOVN_T1
1355	T32	unresolved-strict		T32/w/cpaf/simddp/t_simd_mulreg/simd_2r_misc/VQMOVN_T1
1356	T32	unresolved-strict		T32/w/cpaf/simddp/t_simd_mulreg/simd_2r_misc/VQMOVUN_T1
1357	T32	unresolved-strict		T32/w/cpaf/simddp/t_simd_mulreg/simd_2r_misc/VSHLL_T2
1358	T32	unresolved-strict	FEAT_SHA1	T32/w/cpaf/simddp/t_simd_mulreg/simd_2r_misc/SHA1SU1_T1
1359	T32	unresolved-strict	FEAT_SHA256	T32/w/cpaf/simddp/t_simd_mulreg/simd_2r_misc/SHA256SU0_T1
1360	T32	unresolved-strict		T32/w/cpaf/simddp/t_simd_mulreg/simd_2r_misc/VRINTN_asimd_T1_D
1361	T32	unresolved-strict		T32/w/cpaf/simddp/t_simd_mulreg/simd_2r_misc/VRINTN_asimd_T1_Q
1362	T32	unresolved-strict		T32/w/cpaf/simddp/t_simd_mulreg/simd_2r_misc/VRINTX_asimd_T1_D
1363	T32	unresolved-strict		T32/w/cpaf/simddp/t_simd_mulreg/simd_2r_misc/VRINTX_asimd_T1_Q
1364	T32	unresolved-strict		T32/w/cpaf/simddp/t_simd_mulreg/simd_2r_misc/VRINTA_asimd_T1_D
1365	T32	unresolved-strict		T32/w/cpaf/simddp/t_simd_mulreg/simd_2r_misc/VRINTA_asimd_T1_Q
1366	T32	unresolved-strict		T32/w/cpaf/simddp/t_simd_mulreg/simd_2r_misc/VRINTZ_asimd_T1_D
1367	T32	unresolved-strict		T32/w/cpaf/simddp/t_simd_mulreg/simd_2r_misc/VRINTZ_asimd_T1_Q
1368	T32	unresolved-strict		T32/w/cpaf/simddp/t_simd_mulreg/simd_2r_misc/VCVT_sh_T1
1369	T32	unresolved-strict		T32/w/cpaf/simddp/t_simd_mulreg/simd_2r_misc/VCVT_hs_T1
1370	T32	unresolved-strict		T32/w/cpaf/simddp/t_simd_mulreg/simd_2r_misc/VRINTM_asimd_T1_D
1371	T32	unresolved-strict		T32/w/cpaf/simddp/t_simd_mulreg/simd_2r_misc/VRINTM_asimd_T1_Q
1372	T32	unresolved-strict		T32/w/cpaf/simddp/t_simd_mulreg/simd_2r_misc/VRINTP_asimd_T1_D
1373	T32	unresolved-strict		T32/w/cpaf/simddp/t_simd_mulreg/simd_2r_misc/VRINTP_asimd_T1_Q
1374	T32	unresolved-strict		T32/w/cpaf/simddp/t_simd_mulreg/simd_2r_misc/VCVTA_asimd_T1_D
1375	T32	unresolved-strict		T32/w/cpaf/simddp/t_simd_mulreg/simd_2r_misc/VCVTA_asimd_T1_Q
1376	T32	unresolved-strict		T32/w/cpaf/simddp/t_simd_mulreg/simd_2r_misc/VCVTN_asimd_T1_D
1377	T32	unresolved-strict		T32/w/cpaf/simddp/t_simd_mulreg/simd_2r_misc/VCVTN_asimd_T1_Q
1378	T32	unresolved-strict		T32/w/cpaf/simddp/t_simd_mulreg/simd_2r_misc/VCVTP_asimd_T1_D
1379	T32	unresolved-strict		T32/w/cpaf/simddp/t_simd_mulreg/simd_2r_misc/VCVTP_asimd_T1_Q
1380	T32	unresolved-strict		T32/w/cpaf/simddp/t_simd_mulreg/simd_2r_misc/VCVTM_asimd_T1_D
1381	T32	unresolved-strict		T32/w/cpaf/simddp/t_simd_mulreg/simd_2r_misc/VCVTM_asimd_T1_Q
1382	T32	unresolved-strict		T32/w/cpaf/simddp/t_simd_mulreg/simd_2r_misc/VRECPE_T1_D
1383	T32	unresolved-strict		T32/w/cpaf/simddp/t_simd_mulreg/simd_2r_misc/VRECPE_T1_Q
1384	T32	unresolved-strict		T32/w/cpaf/simddp/t_simd_mulreg/simd_2r_misc/VRSQRTE_T1_D
1385	T32	unresolved-strict		T32/w/cpaf/simddp/t_simd_mulreg/simd_2r_misc/VRSQRTE_T1_Q
1386	T32	unresolved-strict		T32/w/cpaf/simddp/t_simd_mulreg/simd_2r_misc/VCVT_is_T1_D
1387	T32	unresolved-strict		T32/w/cpaf/simddp/t_simd_mulreg/simd_2r_misc/VCVT_is_T1_Q
1388	T32	unresolved-strict		T32/w/cpaf/simddp/t_simd_mulreg/simd_tbl/VTBL_T1
1389	T32	unresolved-strict		T32/w/cpaf/simddp/t_simd_mulreg/simd_tbl/VTBX_T1
1390	T32	unresolved-strict		T32/w/cpaf/simddp/t_simd_mulreg/simd_dup_sc/VDUP_s_T1_D
1391	T32	unresolved-strict		T32/w/cpaf/simddp/t_simd_mulreg/simd_dup_sc/VDUP_s_T1_Q
1392	T32	unresolved-strict		T32/w/cpaf/simddp/t_simd_mulreg/simd_3diff/VADDL_T1
1393	T32	unresolved-strict		T32/w/cpaf/simddp/t_simd_mulreg/simd_3diff/VADDW_T1
1394	T32	unresolved-strict		T32/w/cpaf/simddp/t_simd_mulreg/simd_3diff/VSUBL_T1
1395	T32	unresolved-strict		T32/w/cpaf/simddp/t_simd_mulreg/simd_3diff/VADDHN_T1
1396	T32	unresolved-strict		T32/w/cpaf/simddp/t_simd_mulreg/simd_3diff/VSUBW_T1
1397	T32	unresolved-strict		T32/w/cpaf/simddp/t_simd_mulreg/simd_3diff/VSUBHN_T1
1398	T32	unresolved-strict		T32/w/cpaf/simddp/t_simd_mulreg/simd_3diff/VQDMLAL_T1
1399	T32	unresolved-strict		T32/w/cpaf/simddp/t_simd_mulreg/simd_3diff/VABAL_T1
1400	T32	unresolved-strict		T32/w/cpaf/simddp/t_simd_mulreg/simd_3diff/VQDMLSL_T1
1401	T32	unresolved-strict		T32/w/cpaf/simddp/t_simd_mulreg/simd_3diff/VQDMULL_T1
1402	T32	unresolved-strict		T32/w/cpaf/simddp/t_simd_mulreg/simd_3diff/VABDL_i_T1
1403	T32	unresolved-strict		T32/w/cpaf/simddp/t_simd_mulreg/simd_3diff/VMLAL_i_T1
1404	T32	unresolved-strict		T32/w/cpaf/simddp/t_simd_mulreg/simd_3diff/VMLSL_i_T1
1405	T32	unresolved-strict		T32/w/cpaf/simddp/t_simd_mulreg/simd_3diff/VRADDHN_T1
1406	T32	unresolved-strict		T32/w/cpaf/simddp/t_simd_mulreg/simd_3diff/VRSUBHN_T1
1407	T32	unresolved-strict		T32/w/cpaf/simddp/t_simd_mulreg/simd_3diff/VMULL_i_T1
1408	T32	unresolved-strict		T32/w/cpaf/simddp/t_simd_mulreg/simd_2r_sc/VMLA_s_T1_D
1409	T32	unresolved-strict		T32/w/cpaf/simddp/t_simd_mulreg/simd_2r_sc/VMLA_s_T1_Q
1410	T32	unresolved-strict		T32/w/cpaf/simddp/t_simd_mulreg/simd_2r_sc/VQDMLAL_T2
1411	T32	unresolved-strict		T32/w/cpaf/simddp/t_simd_mulreg/simd_2r_sc/VMLAL_s_T1
1412	T32	unresolved-strict		T32/w/cpaf/simddp/t_simd_mulreg/simd_2r_sc/VQDMLSL_T2
1413	T32	unresolved-strict		T32/w/cpaf/simddp/t_simd_mulreg/simd_2r_sc/VMLS_s_T1_D
1414	T32	unresolved-strict		T32/w/cpaf/simddp/t_simd_mulreg/simd_2r_sc/VMLS_s_T1_Q
1415	T32	unresolved-strict		T32/w/cpaf/simddp/t_simd_mulreg/simd_2r_sc/VQDMULL_T2
1416	T32	unresolved-strict		T32/w/cpaf/simddp/t_simd_mulreg/simd_2r_sc/VMLSL_s_T1
1417	T32	unresolved-strict		T32/w/cpaf/simddp/t_simd_mulreg/simd_2r_sc/VMUL_s_T1_D
1418	T32	unresolved-strict		T32/w/cpaf/simddp/t_simd_mulreg/simd_2r_sc/VMUL_s_T1_Q
1419	T32	unresolved-strict		T32/w/cpaf/simddp/t_simd_mulreg/simd_2r_sc/VMULL_s_T1
1420	T32	unresolved-strict		T32/w/cpaf/simddp/t_simd_mulreg/simd_2r_sc/VQDMULH_T2_D
1421	T32	unresolved-strict		T32/w/cpaf/simddp/t_simd_mulreg/simd_2r_sc/VQDMULH_T2_Q
1422	T32	unresolved-strict		T32/w/cpaf/simddp/t_simd_mulreg/simd_2r_sc/VQRDMULH_T2_D
1423	T32	unresolved-strict		T32/w/cpaf/simddp/t_simd_mulreg/simd_2r_sc/VQRDMULH_T2_Q
1424	T32	unresolved-strict	FEAT_RDM	T32/w/cpaf/simddp/t_simd_mulreg/simd_2r_sc/VQRDMLAH_T2_D
1425	T32	unresolved-strict	FEAT_RDM	T32/w/cpaf/simddp/t_simd_mulreg/simd_2r_sc/VQRDMLAH_T2_Q
1426	T32	unresolved-strict	FEAT_RDM	T32/w/cpaf/simddp/t_simd_mulreg/simd_2r_sc/VQRDMLSH_T2_D
1427	T32	unresolved-strict	FEAT_RDM	T32/w/cpaf/simddp/t_simd_mulreg/simd_2r_sc/VQRDMLSH_T2_Q
1428	T32	unresolved-strict		T32/w/cpaf/simddp/t_simd_12reg/simd_1r_imm/VMOV_i_T1_D
1429	T32	unresolved-strict		T32/w/cpaf/simddp/t_simd_12reg/simd_1r_imm/VMOV_i_T1_Q
1430	T32	unresolved-strict		T32/w/cpaf/simddp/t_simd_12reg/simd_1r_imm/VMVN_i_T1_D
1431	T32	unresolved-strict		T32/w/cpaf/simddp/t_simd_12reg/simd_1r_imm/VMVN_i_T1_Q
1432	T32	unresolved-strict		T32/w/cpaf/simddp/t_simd_12reg/simd_1r_imm/VORR_i_T1_D
1433	T32	unresolved-strict		T32/w/cpaf/simddp/t_simd_12reg/simd_1r_imm/VORR_i_T1_Q
1434	T32	unresolved-strict		T32/w/cpaf/simddp/t_simd_12reg/simd_1r_imm/VBIC_i_T1_D
1435	T32	unresolved-strict		T32/w/cpaf/simddp/t_simd_12reg/simd_1r_imm/VBIC_i_T1_Q
1436	T32	unresolved-strict		T32/w/cpaf/simddp/t_simd_12reg/simd_1r_imm/VMOV_i_T3_D
1437	T32	unresolved-strict		T32/w/cpaf/simddp/t_simd_12reg/simd_1r_imm/VMOV_i_T3_Q
1438	T32	unresolved-strict		T32/w/cpaf/simddp/t_simd_12reg/simd_1r_imm/VMVN_i_T2_D
1439	T32	unresolved-strict		T32/w/cpaf/simddp/t_simd_12reg/simd_1r_imm/VMVN_i_T2_Q
1440	T32	unresolved-strict		T32/w/cpaf/simddp/t_simd_12reg/simd_1r_imm/VORR_i_T2_D
1441	T32	unresolved-strict		T32/w/cpaf/simddp/t_simd_12reg/simd_1r_imm/VORR_i_T2_Q
1442	T32	unresolved-strict		T32/w/cpaf/simddp/t_simd_12reg/simd_1r_imm/VBIC_i_T2_D
1443	T32	unresolved-strict		T32/w/cpaf/simddp/t_simd_12reg/simd_1r_imm/VBIC_i_T2_Q
1444	T32	unresolved-strict		T32/w/cpaf/simddp/t_simd_12reg/simd_1r_imm/VMOV_i_T4_D
1445	T32	unresolved-strict		T32/w/cpaf/simddp/t_simd_12reg/simd_1r_imm/VMOV_i_T4_Q
1446	T32	unresolved-strict		T32/w/cpaf/simddp/t_simd_12reg/simd_1r_imm/VMVN_i_T3_D
1447	T32	unresolved-strict		T32/w/cpaf/simddp/t_simd_12reg/simd_1r_imm/VMVN_i_T3_Q
1448	T32	unresolved-strict		T32/w/cpaf/simddp/t_simd_12reg/simd_1r_imm/VMOV_i_T5_D
1449	T32	unresolved-strict		T32/w/cpaf/simddp/t_simd_12reg/simd_1r_imm/VMOV_i_T5_Q
1450	T32	unresolved-strict		T32/w/cpaf/simddp/t_simd_12reg/simd_2r_shift/VSHR_T1_D
1451	T32	unresolved-strict		T32/w/cpaf/simddp/t_simd_12reg/simd_2r_shift/VSHR_T1_Q
1452	T32	unresolved-strict		T32/w/cpaf/simddp/t_simd_12reg/simd_2r_shift/VSRA_T1_D
1453	T32	unresolved-strict		T32/w/cpaf/simddp/t_simd_12reg/simd_2r_shift/VSRA_T1_Q
1454	T32	unresolved-strict		T32/w/cpaf/simddp/t_simd_12reg/simd_2r_shift/VMOVL_T1
1455	T32	unresolved-strict		T32/w/cpaf/simddp/t_simd_12reg/simd_2r_shift/VRSHR_T1_D
1456	T32	unresolved-strict		T32/w/cpaf/simddp/t_simd_12reg/simd_2r_shift/VRSHR_T1_Q
1457	T32	unresolved-strict		T32/w/cpaf/simddp/t_simd_12reg/simd_2r_shift/VRSRA_T1_D
1458	T32	unresolved-strict		T32/w/cpaf/simddp/t_simd_12reg/simd_2r_shift/VRSRA_T1_Q
1459	T32	unresolved-strict		T32/w/cpaf/simddp/t_simd_12reg/simd_2r_shift/VQSHL_i_T1_D
1460	T32	unresolved-strict		T32/w/cpaf/simddp/t_simd_12reg/simd_2r_shift/VQSHLU_i_T1_D
1461	T32	unresolved-strict		T32/w/cpaf/simddp/t_simd_12reg/simd_2r_shift/VQSHL_i_T1_Q
1462	T32	unresolved-strict		T32/w/cpaf/simddp/t_simd_12reg/simd_2r_shift/VQSHLU_i_T1_Q
1463	T32	unresolved-strict		T32/w/cpaf/simddp/t_simd_12reg/simd_2r_shift/VQSHRN_T1
1464	T32	unresolved-strict		T32/w/cpaf/simddp/t_simd_12reg/simd_2r_shift/VQSHRUN_T1
1465	T32	unresolved-strict		T32/w/cpaf/simddp/t_simd_12reg/simd_2r_shift/VQRSHRN_T1
1466	T32	unresolved-strict		T32/w/cpaf/simddp/t_simd_12reg/simd_2r_shift/VQRSHRUN_T1
1467	T32	unresolved-strict		T32/w/cpaf/simddp/t_simd_12reg/simd_2r_shift/VSHLL_T1
1468	T32	unresolved-strict		T32/w/cpaf/simddp/t_simd_12reg/simd_2r_shift/VCVT_xs_T1_D
1469	T32	unresolved-strict		T32/w/cpaf/simddp/t_simd_12reg/simd_2r_shift/VCVT_xs_T1_Q
1470	T32	unresolved-strict		T32/w/cpaf/simddp/t_simd_12reg/simd_2r_shift/VSHL_i_T1_D
1471	T32	unresolved-strict		T32/w/cpaf/simddp/t_simd_12reg/simd_2r_shift/VSHL_i_T1_Q
1472	T32	unresolved-strict		T32/w/cpaf/simddp/t_simd_12reg/simd_2r_shift/VSHRN_T1
1473	T32	unresolved-strict		T32/w/cpaf/simddp/t_simd_12reg/simd_2r_shift/VRSHRN_T1
1474	T32	unresolved-strict		T32/w/cpaf/simddp/t_simd_12reg/simd_2r_shift/VSRI_T1_D
1475	T32	unresolved-strict		T32/w/cpaf/simddp/t_simd_12reg/simd_2r_shift/VSRI_T1_Q
1476	T32	unresolved-strict		T32/w/cpaf/simddp/t_simd_12reg/simd_2r_shift/VSLI_T1_D
1477	T32	unresolved-strict		T32/w/cpaf/simddp/t_simd_12reg/simd_2r_shift/VSLI_T1_Q
1478	T32	unresolved-strict		T32/w/cpaf/sysldst_mov64/simdfp_mov64/VMOV_toss_T1
1479	T32	unresolved-strict		T32/w/cpaf/sysldst_mov64/simdfp_mov64/VMOV_ss_T1
1480	T32	unresolved-strict		T32/w/cpaf/sysldst_mov64/simdfp_mov64/VMOV_tod_T1
1481	T32	unresolved-strict		T32/w/cpaf/sysldst_mov64/simdfp_mov64/VMOV_d_T1
1482	T32	unresolved-strict		T32/w/cpaf/sysldst_mov64/cp_mov64/MCRR_T1
1483	T32	unresolved-strict		T32/w/cpaf/sysldst_mov64/cp_mov64/MRRC_T1
1484	T32	unresolved-strict		T32/w/cpaf/sysldst_mov64/simdfp_ldst/VSTMDB_T2
1485	T32	unresolved-strict		T32/w/cpaf/sysldst_mov64/simdfp_ldst/VSTM_T2
1486	T32	unresolved-strict		T32/w/cpaf/sysldst_mov64/simdfp_ldst/VSTMDB_T1
1487	T32	unresolved-strict		T32/w/cpaf/sysldst_mov64/simdfp_ldst/VSTM_T1
1488	T32	unresolved-strict		T32/w/cpaf/sysldst_mov64/simdfp_ldst/FSTMDBX_T1
1489	T32	unresolved-strict		T32/w/cpaf/sysldst_mov64/simdfp_ldst/FSTMIAX_T1
1490	T32	unresolved-strict		T32/w/cpaf/sysldst_mov64/simdfp_ldst/VLDMDB_T2
1491	T32	unresolved-strict		T32/w/cpaf/sysldst_mov64/simdfp_ldst/VLDM_T2
1492	T32	unresolved-strict		T32/w/cpaf/sysldst_mov64/simdfp_ldst/VLDMDB_T1
1493	T32	unresolved-strict		T32/w/cpaf/sysldst_mov64/simdfp_ldst/VLDM_T1
1494	T32	unresolved-strict		T32/w/cpaf/sysldst_mov64/simdfp_ldst/FLDMDBX_T1
1495	T32	unresolved-strict		T32/w/cpaf/sysldst_mov64/simdfp_ldst/FLDMIAX_T1
1496	T32	unresolved-strict	FEAT_FP16	T32/w/cpaf/sysldst_mov64/simdfp_ldst/VSTR_T1_H
1497	T32	unresolved-strict		T32/w/cpaf/sysldst_mov64/simdfp_ldst/VSTR_T1_S
1498	T32	unresolved-strict		T32/w/cpaf/sysldst_mov64/simdfp_ldst/VSTR_T1_D
1499	T32	unresolved-strict	FEAT_FP16	T32/w/cpaf/sysldst_mov64/simdfp_ldst/VLDR_T1_H
1500	T32	unresolved-strict		T32/w/cpaf/sysldst_mov64/simdfp_ldst/VLDR_T1_S
1501	T32	unresolved-strict		T32/w/cpaf/sysldst_mov64/simdfp_ldst/VLDR_T1_D
1502	T32	unresolved-strict	FEAT_FP16	T32/w/cpaf/sysldst_mov64/simdfp_ldst/VLDR_l_T1_H
1503	T32	unresolved-strict		T32/w/cpaf/sysldst_mov64/simdfp_ldst/VLDR_l_T1_S
1504	T32	unresolved-strict		T32/w/cpaf/sysldst_mov64/simdfp_ldst/VLDR_l_T1_D
1505	T32	unresolved-strict		T32/w/cpaf/sysldst_mov64/cp_ldst/LDC_l_T1
1506	T32	unresolved-strict		T32/w/cpaf/sysldst_mov64/cp_ldst/STC_T1_off
1507	T32	unresolved-strict		T32/w/cpaf/sysldst_mov64/cp_ldst/STC_T1_post
1508	T32	unresolved-strict		T32/w/cpaf/sysldst_mov64/cp_ldst/STC_T1_pre
1509	T32	unresolved-strict		T32/w/cpaf/sysldst_mov64/cp_ldst/STC_T1_unind
1510	T32	unresolved-strict		T32/w/cpaf/sysldst_mov64/cp_ldst/LDC_i_T1_off
1511	T32	unresolved-strict		T32/w/cpaf/sysldst_mov64/cp_ldst/LDC_i_T1_post
1512	T32	unresolved-strict		T32/w/cpaf/sysldst_mov64/cp_ldst/LDC_i_T1_pre
1513	T32	unresolved-strict		T32/w/cpaf/sysldst_mov64/cp_ldst/LDC_i_T1_unind
1514	T32	unresolved-strict	FEAT_FP16	T32/w/cpaf/sys_mov32/fp_mov16/VMOV_toh_T1
1515	T32	unresolved-strict	FEAT_FP16	T32/w/cpaf/sys_mov32/fp_mov16/VMOV_h_T1
1516	T32	unresolved-strict		T32/w/cpaf/sys_mov32/fp_mov32/VMOV_tos_T1
1517	T32	unresolved-strict		T32/w/cpaf/sys_mov32/fp_mov32/VMOV_s_T1
1518	T32	unresolved-strict		T32/w/cpaf/sys_mov32/fp_msr/VMSR_T1_AS
1519	T32	unresolved-strict		T32/w/cpaf/sys_mov32/fp_msr/VMRS_T1_AS
1520	T32	unresolved-strict		T32/w/cpaf/sys_mov32/simd_dup_el/VMOV_rs_T1
1521	T32	unresolved-strict		T32/w/cpaf/sys_mov32/simd_dup_el/VMOV_sr_T1
1522	T32	unresolved-strict		T32/w/cpaf/sys_mov32/simd_dup_el/VDUP_r_T1_Q
1523	T32	unresolved-strict		T32/w/cpaf/sys_mov32/simd_dup_el/VDUP_r_T1_D
1524	T32	unresolved-strict		T32/w/cpaf/sys_mov32/cp_mov32/MCR_T1
1525	T32	unresolved-strict		T32/w/cpaf/sys_mov32/cp_mov32/MRC_T1
1526	T32	unresolved-strict	FEAT_FP16	T32/w/cpaf/fpdp/fp_2r/VABS_T2_H
1527	T32	unresolved-strict		T32/w/cpaf/fpdp/fp_2r/VABS_T2_S
1528	T32	unresolved-strict		T32/w/cpaf/fpdp/fp_2r/VABS_T2_D
1529	T32	unresolved-strict		T32/w/cpaf/fpdp/fp_2r/VMOV_r_T2_S
1530	T32	unresolved-strict		T32/w/cpaf/fpdp/fp_2r/VMOV_r_T2_D
1531	T32	unresolved-strict	FEAT_FP16	T32/w/cpaf/fpdp/fp_2r/VNEG_T2_H
1532	T32	unresolved-strict		T32/w/cpaf/fpdp/fp_2r/VNEG_T2_S
1533	T32	unresolved-strict		T32/w/cpaf/fpdp/fp_2r/VNEG_T2_D
1534	T32	unresolved-strict	FEAT_FP16	T32/w/cpaf/fpdp/fp_2r/VSQRT_T1_H
1535	T32	unresolved-strict		T32/w/cpaf/fpdp/fp_2r/VSQRT_T1_S
1536	T32	unresolved-strict		T32/w/cpaf/fpdp/fp_2r/VSQRT_T1_D
1537	T32	unresolved-strict		T32/w/cpaf/fpdp/fp_2r/VCVTB_T1_SH
1538	T32	unresolved-strict		T32/w/cpaf/fpdp/fp_2r/VCVTB_T1_DH
1539	T32	unresolved-strict		T32/w/cpaf/fpdp/fp_2r/VCVTB_T1_HS
1540	T32	unresolved-strict		T32/w/cpaf/fpdp/fp_2r/VCVTB_T1_HD
1541	T32	unresolved-strict		T32/w/cpaf/fpdp/fp_2r/VCVTT_T1_SH
1542	T32	unresolved-strict		T32/w/cpaf/fpdp/fp_2r/VCVTT_T1_DH
1543	T32	unresolved-strict		T32/w/cpaf/fpdp/fp_2r/VCVTT_T1_HS
1544	T32	unresolved-strict		T32/w/cpaf/fpdp/fp_2r/VCVTT_T1_HD
1545	T32	unresolved-strict	FEAT_AA32BF16	T32/w/cpaf/fpdp/fp_2r/VCVTB_T1_bfs
1546	T32	unresolved-strict	FEAT_AA32BF16	T32/w/cpaf/fpdp/fp_2r/VCVTT_T1_bfs
1547	T32	unresolved-strict	FEAT_FP16	T32/w/cpaf/fpdp/fp_2r/VCMP_T1_H
1548	T32	unresolved-strict		T32/w/cpaf/fpdp/fp_2r/VCMP_T1_S
1549	T32	unresolved-strict		T32/w/cpaf/fpdp/fp_2r/VCMP_T1_D
1550	T32	unresolved-strict	FEAT_FP16	T32/w/cpaf/fpdp/fp_2r/VCMPE_T1_H
1551	T32	unresolved-strict		T32/w/cpaf/fpdp/fp_2r/VCMPE_T1_S
1552	T32	unresolved-strict		T32/w/cpaf/fpdp/fp_2r/VCMPE_T1_D
1553	T32	unresolved-strict	FEAT_FP16	T32/w/cpaf/fpdp/fp_2r/VCMP_T2_H
1554	T32	unresolved-strict		T32/w/cpaf/fpdp/fp_2r/VCMP_T2_S
1555	T32	unresolved-strict		T32/w/cpaf/fpdp/fp_2r/VCMP_T2_D
1556	T32	unresolved-strict	FEAT_FP16	T32/w/cpaf/fpdp/fp_2r/VCMPE_T2_H
1557	T32	unresolved-strict		T32/w/cpaf/fpdp/fp_2r/VCMPE_T2_S
1558	T32	unresolved-strict		T32/w/cpaf/fpdp/fp_2r/VCMPE_T2_D
1559	T32	unresolved-strict	FEAT_FP16	T32/w/cpaf/fpdp/fp_2r/VRINTR_vfp_T1_H
1560	T32	unresolved-strict		T32/w/cpaf/fpdp/fp_2r/VRINTR_vfp_T1_S
1561	T32	unresolved-strict		T32/w/cpaf/fpdp/fp_2r/VRINTR_vfp_T1_D
1562	T32	unresolved-strict	FEAT_FP16	T32/w/cpaf/fpdp/fp_2r/VRINTZ_vfp_T1_H
1563	T32	unresolved-strict		T32/w/cpaf/fpdp/fp_2r/VRINTZ_vfp_T1_S
1564	T32	unresolved-strict		T32/w/cpaf/fpdp/fp_2r/VRINTZ_vfp_T1_D
1565	T32	unresolved-strict	FEAT_FP16	T32/w/cpaf/fpdp/fp_2r/VRINTX_vfp_T1_H
1566	T32	unresolved-strict		T32/w/cpaf/fpdp/fp_2r/VRINTX_vfp_T1_S
1567	T32	unresolved-strict		T32/w/cpaf/fpdp/fp_2r/VRINTX_vfp_T1_D
1568	T32	unresolved-strict		T32/w/cpaf/fpdp/fp_2r/VCVT_ds_T1
1569	T32	unresolved-strict		T32/w/cpaf/fpdp/fp_2r/VCVT_sd_T1
1570	T32	unresolved-strict	FEAT_FP16	T32/w/cpaf/fpdp/fp_2r/VCVT_vi_T1_H
1571	T32	unresolved-strict		T32/w/cpaf/fpdp/fp_2r/VCVT_vi_T1_S
1572	T32	unresolved-strict		T32/w/cpaf/fpdp/fp_2r/VCVT_vi_T1_D
1573	T32	unresolved-strict	FEAT_JSCVT	T32/w/cpaf/fpdp/fp_2r/VJCVT_T1
1574	T32	unresolved-strict	FEAT_FP16	T32/w/cpaf/fpdp/fp_2r/VCVT_toxv_T1_H
1575	T32	unresolved-strict	FEAT_FP16	T32/w/cpaf/fpdp/fp_2r/VCVT_xv_T1_H
1576	T32	unresolved-strict		T32/w/cpaf/fpdp/fp_2r/VCVT_toxv_T1_S
1577	T32	unresolved-strict		T32/w/cpaf/fpdp/fp_2r/VCVT_xv_T1_S
1578	T32	unresolved-strict		T32/w/cpaf/fpdp/fp_2r/VCVT_toxv_T1_D
1579	T32	unresolved-strict		T32/w/cpaf/fpdp/fp_2r/VCVT_xv_T1_D
1580	T32	unresolved-strict	FEAT_FP16	T32/w/cpaf/fpdp/fp_2r/VCVTR_uiv_T1_H
1581	T32	unresolved-strict	FEAT_FP16	T32/w/cpaf/fpdp/fp_2r/VCVTR_siv_T1_H
1582	T32	unresolved-strict		T32/w/cpaf/fpdp/fp_2r/VCVTR_uiv_T1_S
1583	T32	unresolved-strict		T32/w/cpaf/fpdp/fp_2r/VCVTR_siv_T1_S
1584	T32	unresolved-strict		T32/w/cpaf/fpdp/fp_2r/VCVTR_uiv_T1_D
1585	T32	unresolved-strict		T32/w/cpaf/fpdp/fp_2r/VCVTR_siv_T1_D
1586	T32	unresolved-strict	FEAT_FP16	T32/w/cpaf/fpdp/fp_2r/VCVT_uiv_T1_H
1587	T32	unresolved-strict	FEAT_FP16	T32/w/cpaf/fpdp/fp_2r/VCVT_siv_T1_H
1588	T32	unresolved-strict		T32/w/cpaf/fpdp/fp_2r/VCVT_uiv_T1_S
1589	T32	unresolved-strict		T32/w/cpaf/fpdp/fp_2r/VCVT_siv_T1_S
1590	T32	unresolved-strict		T32/w/cpaf/fpdp/fp_2r/VCVT_uiv_T1_D
1591	T32	unresolved-strict		T32/w/cpaf/fpdp/fp_2r/VCVT_siv_T1_D
1592	T32	unresolved-strict	FEAT_FP16	T32/w/cpaf/fpdp/fp_movi/VMOV_i_T2_H
1593	T32	unresolved-strict		T32/w/cpaf/fpdp/fp_movi/VMOV_i_T2_S
1594	T32	unresolved-strict		T32/w/cpaf/fpdp/fp_movi/VMOV_i_T2_D
1595	T32	unresolved-strict	FEAT_FP16	T32/w/cpaf/fpdp/fp_3r/VMLA_f_T2_H
1596	T32	unresolved-strict		T32/w/cpaf/fpdp/fp_3r/VMLA_f_T2_S
1597	T32	unresolved-strict		T32/w/cpaf/fpdp/fp_3r/VMLA_f_T2_D
1598	T32	unresolved-strict	FEAT_FP16	T32/w/cpaf/fpdp/fp_3r/VMLS_f_T2_H
1599	T32	unresolved-strict		T32/w/cpaf/fpdp/fp_3r/VMLS_f_T2_S
1600	T32	unresolved-strict		T32/w/cpaf/fpdp/fp_3r/VMLS_f_T2_D
1601	T32	unresolved-strict	FEAT_FP16	T32/w/cpaf/fpdp/fp_3r/VNMLS_T1_H
1602	T32	unresolved-strict		T32/w/cpaf/fpdp/fp_3r/VNMLS_T1_S
1603	T32	unresolved-strict		T32/w/cpaf/fpdp/fp_3r/VNMLS_T1_D
1604	T32	unresolved-strict	FEAT_FP16	T32/w/cpaf/fpdp/fp_3r/VNMLA_T1_H
1605	T32	unresolved-strict		T32/w/cpaf/fpdp/fp_3r/VNMLA_T1_S
1606	T32	unresolved-strict		T32/w/cpaf/fpdp/fp_3r/VNMLA_T1_D
1607	T32	unresolved-strict	FEAT_FP16	T32/w/cpaf/fpdp/fp_3r/VMUL_f_T2_H
1608	T32	unresolved-strict		T32/w/cpaf/fpdp/fp_3r/VMUL_f_T2_S
1609	T32	unresolved-strict		T32/w/cpaf/fpdp/fp_3r/VMUL_f_T2_D
1610	T32	unresolved-strict	FEAT_FP16	T32/w/cpaf/fpdp/fp_3r/VNMUL_T1_H
1611	T32	unresolved-strict		T32/w/cpaf/fpdp/fp_3r/VNMUL_T1_S
1612	T32	unresolved-strict		T32/w/cpaf/fpdp/fp_3r/VNMUL_T1_D
1613	T32	unresolved-strict	FEAT_FP16	T32/w/cpaf/fpdp/fp_3r/VADD_f_T2_H
1614	T32	unresolved-strict		T32/w/cpaf/fpdp/fp_3r/VADD_f_T2_S
1615	T32	unresolved-strict		T32/w/cpaf/fpdp/fp_3r/VADD_f_T2_D
1616	T32	unresolved-strict	FEAT_FP16	T32/w/cpaf/fpdp/fp_3r/VSUB_f_T2_H
1617	T32	unresolved-strict		T32/w/cpaf/fpdp/fp_3r/VSUB_f_T2_S
1618	T32	unresolved-strict		T32/w/cpaf/fpdp/fp_3r/VSUB_f_T2_D
1619	T32	unresolved-strict	FEAT_FP16	T32/w/cpaf/fpdp/fp_3r/VDIV_T1_H
1620	T32	unresolved-strict		T32/w/cpaf/fpdp/fp_3r/VDIV_T1_S
1621	T32	unresolved-strict		T32/w/cpaf/fpdp/fp_3r/VDIV_T1_D
1622	T32	unresolved-strict	FEAT_FP16	T32/w/cpaf/fpdp/fp_3r/VFNMS_T1_H
1623	T32	unresolved-strict		T32/w/cpaf/fpdp/fp_3r/VFNMS_T1_S
1624	T32	unresolved-strict		T32/w/cpaf/fpdp/fp_3r/VFNMS_T1_D
1625	T32	unresolved-strict	FEAT_FP16	T32/w/cpaf/fpdp/fp_3r/VFNMA_T1_H
1626	T32	unresolved-strict		T32/w/cpaf/fpdp/fp_3r/VFNMA_T1_S
1627	T32	unresolved-strict		T32/w/cpaf/fpdp/fp_3r/VFNMA_T1_D
1628	T32	unresolved-strict	FEAT_FP16	T32/w/cpaf/fpdp/fp_3r/VFMA_T2_H
1629	T32	unresolved-strict		T32/w/cpaf/fpdp/fp_3r/VFMA_T2_S
1630	T32	unresolved-strict		T32/w/cpaf/fpdp/fp_3r/VFMA_T2_D
1631	T32	unresolved-strict	FEAT_FP16	T32/w/cpaf/fpdp/fp_3r/VFMS_T2_H
1632	T32	unresolved-strict		T32/w/cpaf/fpdp/fp_3r/VFMS_T2_S
1633	T32	unresolved-strict		T32/w/cpaf/fpdp/fp_3r/VFMS_T2_D
1634	T32	unresolved-strict	FEAT_FCMA	T32/w/cpaf/advsimdext/simd_3sameext/VCADD_T1_D
1635	T32	unresolved-strict	FEAT_FCMA	T32/w/cpaf/advsimdext/simd_3sameext/VCADD_T1_Q
1636	T32	unresolved-strict	FEAT_AA32BF16	T32/w/cpaf/advsimdext/simd_3sameext/VMMLA_T1_Q
1637	T32	unresolved-strict	FEAT_AA32BF16	T32/w/cpaf/advsimdext/simd_3sameext/VDOT_T1_D
1638	T32	unresolved-strict	FEAT_AA32BF16	T32/w/cpaf/advsimdext/simd_3sameext/VDOT_T1_Q
1639	T32	unresolved-strict	FEAT_FHM	T32/w/cpaf/advsimdext/simd_3sameext/VFMAL_T1_D
1640	T32	unresolved-strict	FEAT_FHM	T32/w/cpaf/advsimdext/simd_3sameext/VFMAL_T1_Q
1641	T32	unresolved-strict	FEAT_AA32I8MM	T32/w/cpaf/advsimdext/simd_3sameext/VSMMLA_T1_Q
1642	T32	unresolved-strict	FEAT_AA32I8MM	T32/w/cpaf/advsimdext/simd_3sameext/VUMMLA_T1_Q
1643	T32	unresolved-strict	FEAT_DotProd	T32/w/cpaf/advsimdext/simd_3sameext/VSDOT_T1_D
1644	T32	unresolved-strict	FEAT_DotProd	T32/w/cpaf/advsimdext/simd_3sameext/VSDOT_T1_Q
1645	T32	unresolved-strict	FEAT_DotProd	T32/w/cpaf/advsimdext/simd_3sameext/VUDOT_T1_D
1646	T32	unresolved-strict	FEAT_DotProd	T32/w/cpaf/advsimdext/simd_3sameext/VUDOT_T1_Q
1647	T32	unresolved-strict	FEAT_AA32BF16	T32/w/cpaf/advsimdext/simd_3sameext/VFMA_bf_T1_Q
1648	T32	unresolved-strict	FEAT_FHM	T32/w/cpaf/advsimdext/simd_3sameext/VFMSL_T1_D
1649	T32	unresolved-strict	FEAT_FHM	T32/w/cpaf/advsimdext/simd_3sameext/VFMSL_T1_Q
1650	T32	unresolved-strict	FEAT_AA32I8MM	T32/w/cpaf/advsimdext/simd_3sameext/VUSMMLA_T1_Q
1651	T32	unresolved-strict	FEAT_AA32I8MM	T32/w/cpaf/advsimdext/simd_3sameext/VUSDOT_T1_D
1652	T32	unresolved-strict	FEAT_AA32I8MM	T32/w/cpaf/advsimdext/simd_3sameext/VUSDOT_T1_Q
1653	T32	unresolved-strict	FEAT_FCMA	T32/w/cpaf/advsimdext/simd_3sameext/VCMLA_T1_D
1654	T32	unresolved-strict	FEAT_FCMA	T32/w/cpaf/advsimdext/simd_3sameext/VCMLA_T1_Q
1655	T32	unresolved-strict	FEAT_FP16	T32/w/cpaf/advsimdext/fp_csel/VSELEQ_T1_H
1656	T32	unresolved-strict		T32/w/cpaf/advsimdext/fp_csel/VSELEQ_T1_S
1657	T32	unresolved-strict		T32/w/cpaf/advsimdext/fp_csel/VSELEQ_T1_D
1658	T32	unresolved-strict	FEAT_FP16	T32/w/cpaf/advsimdext/fp_csel/VSELGE_T1_H
1659	T32	unresolved-strict		T32/w/cpaf/advsimdext/fp_csel/VSELGE_T1_S
1660	T32	unresolved-strict		T32/w/cpaf/advsimdext/fp_csel/VSELGE_T1_D
1661	T32	unresolved-strict	FEAT_FP16	T32/w/cpaf/advsimdext/fp_csel/VSELGT_T1_H
1662	T32	unresolved-strict		T32/w/cpaf/advsimdext/fp_csel/VSELGT_T1_S
1663	T32	unresolved-strict		T32/w/cpaf/advsimdext/fp_csel/VSELGT_T1_D
1664	T32	unresolved-strict	FEAT_FP16	T32/w/cpaf/advsimdext/fp_csel/VSELVS_T1_H
1665	T32	unresolved-strict		T32/w/cpaf/advsimdext/fp_csel/VSELVS_T1_S
1666	T32	unresolved-strict		T32/w/cpaf/advsimdext/fp_csel/VSELVS_T1_D
1667	T32	unresolved-strict	FEAT_FP16	T32/w/cpaf/advsimdext/fp_minmax/VMAXNM_T2_H
1668	T32	unresolved-strict		T32/w/cpaf/advsimdext/fp_minmax/VMAXNM_T2_S
1669	T32	unresolved-strict		T32/w/cpaf/advsimdext/fp_minmax/VMAXNM_T2_D
1670	T32	unresolved-strict	FEAT_FP16	T32/w/cpaf/advsimdext/fp_minmax/VMINNM_T2_H
1671	T32	unresolved-strict		T32/w/cpaf/advsimdext/fp_minmax/VMINNM_T2_S
1672	T32	unresolved-strict		T32/w/cpaf/advsimdext/fp_minmax/VMINNM_T2_D
1673	T32	unresolved-strict	FEAT_FP16	T32/w/cpaf/advsimdext/fp_extins/VMOVX_T1
1674	T32	unresolved-strict	FEAT_FP16	T32/w/cpaf/advsimdext/fp_extins/VINS_T1
1675	T32	unresolved-strict	FEAT_FP16	T32/w/cpaf/advsimdext/fp_toint/VRINTA_vfp_T1_H
1676	T32	unresolved-strict		T32/w/cpaf/advsimdext/fp_toint/VRINTA_vfp_T1_S
1677	T32	unresolved-strict		T32/w/cpaf/advsimdext/fp_toint/VRINTA_vfp_T1_D
1678	T32	unresolved-strict	FEAT_FP16	T32/w/cpaf/advsimdext/fp_toint/VRINTN_vfp_T1_H
1679	T32	unresolved-strict		T32/w/cpaf/advsimdext/fp_toint/VRINTN_vfp_T1_S
1680	T32	unresolved-strict		T32/w/cpaf/advsimdext/fp_toint/VRINTN_vfp_T1_D
1681	T32	unresolved-strict	FEAT_FP16	T32/w/cpaf/advsimdext/fp_toint/VRINTP_vfp_T1_H
1682	T32	unresolved-strict		T32/w/cpaf/advsimdext/fp_toint/VRINTP_vfp_T1_S
1683	T32	unresolved-strict		T32/w/cpaf/advsimdext/fp_toint/VRINTP_vfp_T1_D
1684	T32	unresolved-strict	FEAT_FP16	T32/w/cpaf/advsimdext/fp_toint/VRINTM_vfp_T1_H
1685	T32	unresolved-strict		T32/w/cpaf/advsimdext/fp_toint/VRINTM_vfp_T1_S
1686	T32	unresolved-strict		T32/w/cpaf/advsimdext/fp_toint/VRINTM_vfp_T1_D
1687	T32	unresolved-strict	FEAT_FP16	T32/w/cpaf/advsimdext/fp_toint/VCVTA_vfp_T1_H
1688	T32	unresolved-strict		T32/w/cpaf/advsimdext/fp_toint/VCVTA_vfp_T1_S
1689	T32	unresolved-strict		T32/w/cpaf/advsimdext/fp_toint/VCVTA_vfp_T1_D
1690	T32	unresolved-strict	FEAT_FP16	T32/w/cpaf/advsimdext/fp_toint/VCVTN_vfp_T1_H
1691	T32	unresolved-strict		T32/w/cpaf/advsimdext/fp_toint/VCVTN_vfp_T1_S
1692	T32	unresolved-strict		T32/w/cpaf/advsimdext/fp_toint/VCVTN_vfp_T1_D
1693	T32	unresolved-strict	FEAT_FP16	T32/w/cpaf/advsimdext/fp_toint/VCVTP_vfp_T1_H
1694	T32	unresolved-strict		T32/w/cpaf/advsimdext/fp_toint/VCVTP_vfp_T1_S
1695	T32	unresolved-strict		T32/w/cpaf/advsimdext/fp_toint/VCVTP_vfp_T1_D
1696	T32	unresolved-strict	FEAT_FP16	T32/w/cpaf/advsimdext/fp_toint/VCVTM_vfp_T1_H
1697	T32	unresolved-strict		T32/w/cpaf/advsimdext/fp_toint/VCVTM_vfp_T1_S
1698	T32	unresolved-strict		T32/w/cpaf/advsimdext/fp_toint/VCVTM_vfp_T1_D
1699	T32	unresolved-strict	FEAT_FCMA	T32/w/cpaf/advsimdext/tfloatdpmac/VCMLA_s_T1_DH
1700	T32	unresolved-strict	FEAT_FCMA	T32/w/cpaf/advsimdext/tfloatdpmac/VCMLA_s_T1_DS
1701	T32	unresolved-strict	FEAT_FCMA	T32/w/cpaf/advsimdext/tfloatdpmac/VCMLA_s_T1_QH
1702	T32	unresolved-strict	FEAT_FCMA	T32/w/cpaf/advsimdext/tfloatdpmac/VCMLA_s_T1_QS
1703	T32	unresolved-strict	FEAT_FHM	T32/w/cpaf/advsimdext/tfloatdpmac/VFMAL_s_T1_D
1704	T32	unresolved-strict	FEAT_FHM	T32/w/cpaf/advsimdext/tfloatdpmac/VFMAL_s_T1_Q
1705	T32	unresolved-strict	FEAT_FHM	T32/w/cpaf/advsimdext/tfloatdpmac/VFMSL_s_T1_D
1706	T32	unresolved-strict	FEAT_FHM	T32/w/cpaf/advsimdext/tfloatdpmac/VFMSL_s_T1_Q
1707	T32	unresolved-strict	FEAT_AA32BF16	T32/w/cpaf/advsimdext/tfloatdpmac/VFMA_bfs_T1_Q
1708	T32	unresolved-strict	FEAT_AA32BF16	T32/w/cpaf/advsimdext/tsimd_dotprod/VDOT_s_T1_D
1709	T32	unresolved-strict	FEAT_AA32BF16	T32/w/cpaf/advsimdext/tsimd_dotprod/VDOT_s_T1_Q
1710	T32	unresolved-strict	FEAT_DotProd	T32/w/cpaf/advsimdext/tsimd_dotprod/VSDOT_s_T1_D
1711	T32	unresolved-strict	FEAT_DotProd	T32/w/cpaf/advsimdext/tsimd_dotprod/VSDOT_s_T1_Q
1712	T32	unresolved-strict	FEAT_DotProd	T32/w/cpaf/advsimdext/tsimd_dotprod/VUDOT_s_T1_D
1713	T32	unresolved-strict	FEAT_DotProd	T32/w/cpaf/advsimdext/tsimd_dotprod/VUDOT_s_T1_Q
1714	T32	unresolved-strict	FEAT_AA32I8MM	T32/w/cpaf/advsimdext/tsimd_dotprod/VUSDOT_s_T1_D
1715	T32	unresolved-strict	FEAT_AA32I8MM	T32/w/cpaf/advsimdext/tsimd_dotprod/VUSDOT_s_T1_Q
1716	T32	unresolved-strict	FEAT_AA32I8MM	T32/w/cpaf/advsimdext/tsimd_dotprod/VSUDOT_s_T1_D
1717	T32	unresolved-strict	FEAT_AA32I8MM	T32/w/cpaf/advsimdext/tsimd_dotprod/VSUDOT_s_T1_Q
1718	T32	unresolved-strict		T32/w/ldstm/SRS_T1_AS
1719	T32	unresolved-strict		T32/w/ldstm/RFE_T1_AS
1720	T32	unresolved-strict		T32/w/ldstm/STM_T2
1721	T32	unresolved-strict		T32/w/ldstm/LDM_T2
1722	T32	unresolved-strict		T32/w/ldstm/STMDB_T1
1723	T32	unresolved-strict		T32/w/ldstm/LDMDB_T1
1724	T32	unresolved-strict		T32/w/ldstm/SRS_T2_AS
1725	T32	unresolved-strict		T32/w/ldstm/RFE_T2_AS
1726	T32	unresolved-strict		T32/w/dstd/ldstex/STREX_T1
1727	T32	unresolved-strict		T32/w/dstd/ldstex/LDREX_T1
1728	T32	unresolved-strict		T32/w/dstd/tblbr/TBB_T1
1729	T32	unresolved-strict		T32/w/dstd/tblbr/TBH_T1
1730	T32	unresolved-strict		T32/w/dstd/ldstex_bhd/STREXB_T1
1731	T32	unresolved-strict		T32/w/dstd/ldstex_bhd/STREXH_T1
1732	T32	unresolved-strict		T32/w/dstd/ldstex_bhd/STREXD_T1
1733	T32	unresolved-strict		T32/w/dstd/ldstex_bhd/LDREXB_T1
1734	T32	unresolved-strict		T32/w/dstd/ldstex_bhd/LDREXH_T1
1735	T32	unresolved-strict		T32/w/dstd/ldstex_bhd/LDREXD_T1
1736	T32	unresolved-strict		T32/w/dstd/ldastl/STLB_T1
1737	T32	unresolved-strict		T32/w/dstd/ldastl/STLH_T1
1738	T32	unresolved-strict		T32/w/dstd/ldastl/STL_T1
1739	T32	unresolved-strict		T32/w/dstd/ldastl/STLEXB_T1
1740	T32	unresolved-strict		T32/w/dstd/ldastl/STLEXH_T1
1741	T32	unresolved-strict		T32/w/dstd/ldastl/STLEX_T1
1742	T32	unresolved-strict		T32/w/dstd/ldastl/STLEXD_T1
1743	T32	unresolved-strict		T32/w/dstd/ldastl/LDAB_T1
1744	T32	unresolved-strict		T32/w/dstd/ldastl/LDAH_T1
1745	T32	unresolved-strict		T32/w/dstd/ldastl/LDA_T1
1746	T32	unresolved-strict		T32/w/dstd/ldastl/LDAEXB_T1
1747	T32	unresolved-strict		T32/w/dstd/ldastl/LDAEXH_T1
1748	T32	unresolved-strict		T32/w/dstd/ldastl/LDAEX_T1
1749	T32	unresolved-strict		T32/w/dstd/ldastl/LDAEXD_T1
1750	T32	unresolved-strict		T32/w/dstd/ldstd_post/STRD_i_T1_post
1751	T32	unresolved-strict		T32/w/dstd/ldstd_post/LDRD_i_T1_post
1752	T32	unresolved-strict		T32/w/dstd/ldstd_imm/STRD_i_T1_off
1753	T32	unresolved-strict		T32/w/dstd/ldstd_imm/LDRD_i_T1_off
1754	T32	unresolved-strict		T32/w/dstd/ldstd_pre/STRD_i_T1_pre
1755	T32	unresolved-strict		T32/w/dstd/ldstd_pre/LDRD_i_T1_pre
1756	T32	unresolved-strict		T32/w/dstd/lddlit/LDRD_l_T1
1757	T32	unresolved-strict		T32/w/dpint_shiftr/AND_r_T2_RRX
1758	T32	unresolved-strict		T32/w/dpint_shiftr/AND_r_T2
1759	T32	unresolved-strict		T32/w/dpint_shiftr/ANDS_r_T2_RRX
1760	T32	unresolved-strict		T32/w/dpint_shiftr/ANDS_r_T2
1761	T32	unresolved-strict		T32/w/dpint_shiftr/TST_r_T2_RRX
1762	T32	unresolved-strict		T32/w/dpint_shiftr/TST_r_T2
1763	T32	unresolved-strict		T32/w/dpint_shiftr/BIC_r_T2_RRX
1764	T32	unresolved-strict		T32/w/dpint_shiftr/BIC_r_T2
1765	T32	unresolved-strict		T32/w/dpint_shiftr/BICS_r_T2_RRX
1766	T32	unresolved-strict		T32/w/dpint_shiftr/BICS_r_T2
1767	T32	unresolved-strict		T32/w/dpint_shiftr/ORR_r_T2_RRX
1768	T32	unresolved-strict		T32/w/dpint_shiftr/ORR_r_T2
1769	T32	unresolved-strict		T32/w/dpint_shiftr/ORRS_r_T2_RRX
1770	T32	unresolved-strict		T32/w/dpint_shiftr/ORRS_r_T2
1771	T32	unresolved-strict		T32/w/dpint_shiftr/MOV_r_T3_RRX
1772	T32	unresolved-strict		T32/w/dpint_shiftr/MOV_r_T3
1773	T32	unresolved-strict		T32/w/dpint_shiftr/MOVS_r_T3_RRX
1774	T32	unresolved-strict		T32/w/dpint_shiftr/MOVS_r_T3
1775	T32	unresolved-strict		T32/w/dpint_shiftr/ORN_r_T1_RRX
1776	T32	unresolved-strict		T32/w/dpint_shiftr/ORN_r_T1
1777	T32	unresolved-strict		T32/w/dpint_shiftr/ORNS_r_T1_RRX
1778	T32	unresolved-strict		T32/w/dpint_shiftr/ORNS_r_T1
1779	T32	unresolved-strict		T32/w/dpint_shiftr/MVN_r_T2_RRX
1780	T32	unresolved-strict		T32/w/dpint_shiftr/MVN_r_T2
1781	T32	unresolved-strict		T32/w/dpint_shiftr/MVNS_r_T2_RRX
1782	T32	unresolved-strict		T32/w/dpint_shiftr/MVNS_r_T2
1783	T32	unresolved-strict		T32/w/dpint_shiftr/EOR_r_T2_RRX
1784	T32	unresolved-strict		T32/w/dpint_shiftr/EOR_r_T2
1785	T32	unresolved-strict		T32/w/dpint_shiftr/EORS_r_T2_RRX
1786	T32	unresolved-strict		T32/w/dpint_shiftr/EORS_r_T2
1787	T32	unresolved-strict		T32/w/dpint_shiftr/TEQ_r_T1_RRX
1788	T32	unresolved-strict		T32/w/dpint_shiftr/TEQ_r_T1
1789	T32	unresolved-strict		T32/w/dpint_shiftr/PKHBT_T1
1790	T32	unresolved-strict		T32/w/dpint_shiftr/PKHTB_T1
1791	T32	unresolved-strict		T32/w/dpint_shiftr/ADD_r_T3_RRX
1792	T32	unresolved-strict		T32/w/dpint_shiftr/ADD_r_T3
1793	T32	unresolved-strict		T32/w/dpint_shiftr/ADDS_r_T3_RRX
1794	T32	unresolved-strict		T32/w/dpint_shiftr/ADDS_r_T3
1795	T32	unresolved-strict		T32/w/dpint_shiftr/ADD_SP_r_T3_RRX
1796	T32	unresolved-strict		T32/w/dpint_shiftr/ADD_SP_r_T3
1797	T32	unresolved-strict		T32/w/dpint_shiftr/ADDS_SP_r_T3_RRX
1798	T32	unresolved-strict		T32/w/dpint_shiftr/ADDS_SP_r_T3
1799	T32	unresolved-strict		T32/w/dpint_shiftr/CMN_r_T2_RRX
1800	T32	unresolved-strict		T32/w/dpint_shiftr/CMN_r_T2
1801	T32	unresolved-strict		T32/w/dpint_shiftr/ADC_r_T2_RRX
1802	T32	unresolved-strict		T32/w/dpint_shiftr/ADC_r_T2
1803	T32	unresolved-strict		T32/w/dpint_shiftr/ADCS_r_T2_RRX
1804	T32	unresolved-strict		T32/w/dpint_shiftr/ADCS_r_T2
1805	T32	unresolved-strict		T32/w/dpint_shiftr/SBC_r_T2_RRX
1806	T32	unresolved-strict		T32/w/dpint_shiftr/SBC_r_T2
1807	T32	unresolved-strict		T32/w/dpint_shiftr/SBCS_r_T2_RRX
1808	T32	unresolved-strict		T32/w/dpint_shiftr/SBCS_r_T2
1809	T32	unresolved-strict		T32/w/dpint_shiftr/SUB_r_T2_RRX
1810	T32	unresolved-strict		T32/w/dpint_shiftr/SUB_r_T2
1811	T32	unresolved-strict		T32/w/dpint_shiftr/SUBS_r_T2_RRX
1812	T32	unresolved-strict		T32/w/dpint_shiftr/SUBS_r_T2
1813	T32	unresolved-strict		T32/w/dpint_shiftr/SUB_SP_r_T1_RRX
1814	T32	unresolved-strict		T32/w/dpint_shiftr/SUB_SP_r_T1
1815	T32	unresolved-strict		T32/w/dpint_shiftr/SUBS_SP_r_T1_RRX
1816	T32	unresolved-strict		T32/w/dpint_shiftr/SUBS_SP_r_T1
1817	T32	unresolved-strict		T32/w/dpint_shiftr/CMP_r_T3_RRX
1818	T32	unresolved-strict		T32/w/dpint_shiftr/CMP_r_T3
1819	T32	unresolved-strict		T32/w/dpint_shiftr/RSB_r_T1_RRX
1820	T32	unresolved-strict		T32/w/dpint_shiftr/RSB_r_T1
1821	T32	unresolved-strict		T32/w/dpint_shiftr/RSBS_r_T1_RRX
1822	T32	unresolved-strict		T32/w/dpint_shiftr/RSBS_r_T1
1823	T32	unresolved-strict		T32/w/bcrtrl/msr_spec/MSR_r_T1_AS
1824	T32	unresolved-strict		T32/w/bcrtrl/msr_bank/MSR_br_T1_AS
1825	T32	unresolved-strict		T32/w/bcrtrl/hints/NOP_T2
1826	T32	unresolved-strict		T32/w/bcrtrl/hints/YIELD_T2
1827	T32	unresolved-strict		T32/w/bcrtrl/hints/WFE_T2
1828	T32	unresolved-strict		T32/w/bcrtrl/hints/WFI_T2
1829	T32	unresolved-strict		T32/w/bcrtrl/hints/SEV_T2
1830	T32	unresolved-strict		T32/w/bcrtrl/hints/SEVL_T2
1831	T32	unresolved-strict	FEAT_RAS	T32/w/bcrtrl/hints/ESB_T1
1832	T32	unresolved-strict	FEAT_TRF	T32/w/bcrtrl/hints/TSB_T1
1833	T32	unresolved-strict		T32/w/bcrtrl/hints/CSDB_T1
1834	T32	unresolved-strict	FEAT_CLRBHB	T32/w/bcrtrl/hints/CLRBHB_T1
1835	T32	unresolved-strict		T32/w/bcrtrl/hints/DBG_T1
1836	T32	unresolved-strict		T32/w/bcrtrl/cps/CPS_T2_AS
1837	T32	unresolved-strict		T32/w/bcrtrl/cps/CPSID_T2_AS
1838	T32	unresolved-strict		T32/w/bcrtrl/cps/CPSID_T2_ASM
1839	T32	unresolved-strict		T32/w/bcrtrl/cps/CPSIE_T2_AS
1840	T32	unresolved-strict		T32/w/bcrtrl/cps/CPSIE_T2_ASM
1841	T32	unresolved-strict		T32/w/bcrtrl/system/CLREX_T1
1842	T32	unresolved-strict		T32/w/bcrtrl/system/DSB_T1
1843	T32	unresolved-strict		T32/w/bcrtrl/system/SSBB_T1
1844	T32	unresolved-strict		T32/w/bcrtrl/system/PSSBB_T1
1845	T32	unresolved-strict		T32/w/bcrtrl/system/DMB_T1
1846	T32	unresolved-strict		T32/w/bcrtrl/system/ISB_T1
1847	T32	unresolved-strict	FEAT_SB	T32/w/bcrtrl/system/SB_T1
1848	T32	unresolved-strict		T32/w/bcrtrl/bx_jaz/BXJ_T1
1849	T32	unresolved-strict		T32/w/bcrtrl/eret/SUBS_PC_T5_AS
1850	T32	unresolved-strict		T32/w/bcrtrl/eret/ERET_T1
1851	T32	unresolved-strict		T32/w/bcrtrl/mrs_spec/MRS_T1_AS
1852	T32	unresolved-strict		T32/w/bcrtrl/mrs_bank/MRS_br_T1_AS
1853	T32	unresolved-strict		T32/w/bcrtrl/dcps/DCPS1_T1
1854	T32	unresolved-strict		T32/w/bcrtrl/dcps/DCPS2_T1
1855	T32	unresolved-strict		T32/w/bcrtrl/dcps/DCPS3_T1
1856	T32	unresolved-strict		T32/w/bcrtrl/except/HVC_T1
1857	T32	unresolved-strict		T32/w/bcrtrl/except/SMC_T1_AS
1858	T32	unresolved-strict		T32/w/bcrtrl/except/UDF_T2
1859	T32	unresolved-strict		T32/w/bcrtrl/bcond/B_T3
1860	T32	unresolved-strict		T32/w/bcrtrl/b/B_T4
1861	T32	unresolved-strict		T32/w/bcrtrl/blx/BL_i_T2
1862	T32	unresolved-strict		T32/w/bcrtrl/bl/BL_i_T1
1863	T32	unresolved-strict		T32/w/dpint_immm/AND_i_T1
1864	T32	unresolved-strict		T32/w/dpint_immm/ANDS_i_T1
1865	T32	unresolved-strict		T32/w/dpint_immm/TST_i_T1
1866	T32	unresolved-strict		T32/w/dpint_immm/BIC_i_T1
1867	T32	unresolved-strict		T32/w/dpint_immm/BICS_i_T1
1868	T32	unresolved-strict		T32/w/dpint_immm/ORR_i_T1
1869	T32	unresolved-strict		T32/w/dpint_immm/ORRS_i_T1
1870	T32	unresolved-strict		T32/w/dpint_immm/MOV_i_T2
1871	T32	unresolved-strict		T32/w/dpint_immm/MOVS_i_T2
1872	T32	unresolved-strict		T32/w/dpint_immm/ORNS_i_T1
1873	T32	unresolved-strict		T32/w/dpint_immm/ORN_i_T1
1874	T32	unresolved-strict		T32/w/dpint_immm/MVN_i_T1
1875	T32	unresolved-strict		T32/w/dpint_immm/MVNS_i_T1
1876	T32	unresolved-strict		T32/w/dpint_immm/EOR_i_T1
1877	T32	unresolved-strict		T32/w/dpint_immm/EORS_i_T1
1878	T32	unresolved-strict		T32/w/dpint_immm/TEQ_i_T1
1879	T32	unresolved-strict		T32/w/dpint_immm/ADD_i_T3
1880	T32	unresolved-strict		T32/w/dpint_immm/ADDS_i_T3
1881	T32	unresolved-strict		T32/w/dpint_immm/ADD_SP_i_T3
1882	T32	unresolved-strict		T32/w/dpint_immm/ADDS_SP_i_T3
1883	T32	unresolved-strict		T32/w/dpint_immm/CMN_i_T1
1884	T32	unresolved-strict		T32/w/dpint_immm/ADC_i_T1
1885	T32	unresolved-strict		T32/w/dpint_immm/ADCS_i_T1
1886	T32	unresolved-strict		T32/w/dpint_immm/SBC_i_T1
1887	T32	unresolved-strict		T32/w/dpint_immm/SBCS_i_T1
1888	T32	unresolved-strict		T32/w/dpint_immm/SUB_i_T3
1889	T32	unresolved-strict		T32/w/dpint_immm/SUBS_i_T3
1890	T32	unresolved-strict		T32/w/dpint_immm/SUB_SP_i_T2
1891	T32	unresolved-strict		T32/w/dpint_immm/SUBS_SP_i_T2
1892	T32	unresolved-strict		T32/w/dpint_immm/CMP_i_T2
1893	T32	unresolved-strict		T32/w/dpint_immm/RSB_i_T2
1894	T32	unresolved-strict		T32/w/dpint_immm/RSBS_i_T2
1895	T32	unresolved-strict		T32/w/imm/dpint_imms/ADD_i_T4
1896	T32	unresolved-strict		T32/w/imm/dpint_imms/ADD_SP_i_T4
1897	T32	unresolved-strict		T32/w/imm/dpint_imms/ADR_T3
1898	T32	unresolved-strict		T32/w/imm/dpint_imms/SUB_i_T4
1899	T32	unresolved-strict		T32/w/imm/dpint_imms/SUB_SP_i_T3
1900	T32	unresolved-strict		T32/w/imm/dpint_imms/ADR_T2
1901	T32	unresolved-strict		T32/w/imm/movw/MOV_i_T3
1902	T32	unresolved-strict		T32/w/imm/movw/MOVT_T1
1903	T32	unresolved-strict		T32/w/imm/sat_bit/SSAT_T1_ASR
1904	T32	unresolved-strict		T32/w/imm/sat_bit/SSAT_T1_LSL
1905	T32	unresolved-strict		T32/w/imm/sat_bit/SSAT16_T1
1906	T32	unresolved-strict		T32/w/imm/sat_bit/SBFX_T1
1907	T32	unresolved-strict		T32/w/imm/sat_bit/BFI_T1
1908	T32	unresolved-strict		T32/w/imm/sat_bit/BFC_T1
1909	T32	unresolved-strict		T32/w/imm/sat_bit/USAT_T1_ASR
1910	T32	unresolved-strict		T32/w/imm/sat_bit/USAT_T1_LSL
1911	T32	unresolved-strict		T32/w/imm/sat_bit/USAT16_T1
1912	T32	unresolved-strict		T32/w/imm/sat_bit/UBFX_T1
1913	T32	unresolved-strict		T32/w/vldst/asimldstms/VST4_m_T1_nowb
1914	T32	unresolved-strict		T32/w/vldst/asimldstms/VST4_m_T1_posti
1915	T32	unresolved-strict		T32/w/vldst/asimldstms/VST4_m_T1_postr
1916	T32	unresolved-strict		T32/w/vldst/asimldstms/VST1_m_T4_nowb
1917	T32	unresolved-strict		T32/w/vldst/asimldstms/VST1_m_T4_posti
1918	T32	unresolved-strict		T32/w/vldst/asimldstms/VST1_m_T4_postr
1919	T32	unresolved-strict		T32/w/vldst/asimldstms/VST2_m_T2_nowb
1920	T32	unresolved-strict		T32/w/vldst/asimldstms/VST2_m_T2_posti
1921	T32	unresolved-strict		T32/w/vldst/asimldstms/VST2_m_T2_postr
1922	T32	unresolved-strict		T32/w/vldst/asimldstms/VST3_m_T1_nowb
1923	T32	unresolved-strict		T32/w/vldst/asimldstms/VST3_m_T1_posti
1924	T32	unresolved-strict		T32/w/vldst/asimldstms/VST3_m_T1_postr
1925	T32	unresolved-strict		T32/w/vldst/asimldstms/VST1_m_T3_nowb
1926	T32	unresolved-strict		T32/w/vldst/asimldstms/VST1_m_T3_posti
1927	T32	unresolved-strict		T32/w/vldst/asimldstms/VST1_m_T3_postr
1928	T32	unresolved-strict		T32/w/vldst/asimldstms/VST1_m_T1_nowb
1929	T32	unresolved-strict		T32/w/vldst/asimldstms/VST1_m_T1_posti
1930	T32	unresolved-strict		T32/w/vldst/asimldstms/VST1_m_T1_postr
1931	T32	unresolved-strict		T32/w/vldst/asimldstms/VST2_m_T1_nowb
1932	T32	unresolved-strict		T32/w/vldst/asimldstms/VST2_m_T1_posti
1933	T32	unresolved-strict		T32/w/vldst/asimldstms/VST2_m_T1_postr
1934	T32	unresolved-strict		T32/w/vldst/asimldstms/VST1_m_T2_nowb
1935	T32	unresolved-strict		T32/w/vldst/asimldstms/VST1_m_T2_posti
1936	T32	unresolved-strict		T32/w/vldst/asimldstms/VST1_m_T2_postr
1937	T32	unresolved-strict		T32/w/vldst/asimldstms/VLD4_m_T1_nowb
1938	T32	unresolved-strict		T32/w/vldst/asimldstms/VLD4_m_T1_posti
1939	T32	unresolved-strict		T32/w/vldst/asimldstms/VLD4_m_T1_postr
1940	T32	unresolved-strict		T32/w/vldst/asimldstms/VLD1_m_T4_nowb
1941	T32	unresolved-strict		T32/w/vldst/asimldstms/VLD1_m_T4_posti
1942	T32	unresolved-strict		T32/w/vldst/asimldstms/VLD1_m_T4_postr
1943	T32	unresolved-strict		T32/w/vldst/asimldstms/VLD2_m_T2_nowb
1944	T32	unresolved-strict		T32/w/vldst/asimldstms/VLD2_m_T2_posti
1945	T32	unresolved-strict		T32/w/vldst/asimldstms/VLD2_m_T2_postr
1946	T32	unresolved-strict		T32/w/vldst/asimldstms/VLD3_m_T1_nowb
1947	T32	unresolved-strict		T32/w/vldst/asimldstms/VLD3_m_T1_posti
1948	T32	unresolved-strict		T32/w/vldst/asimldstms/VLD3_m_T1_postr
1949	T32	unresolved-strict		T32/w/vldst/asimldstms/VLD1_m_T3_nowb
1950	T32	unresolved-strict		T32/w/vldst/asimldstms/VLD1_m_T3_posti
1951	T32	unresolved-strict		T32/w/vldst/asimldstms/VLD1_m_T3_postr
1952	T32	unresolved-strict		T32/w/vldst/asimldstms/VLD1_m_T1_nowb
1953	T32	unresolved-strict		T32/w/vldst/asimldstms/VLD1_m_T1_posti
1954	T32	unresolved-strict		T32/w/vldst/asimldstms/VLD1_m_T1_postr
1955	T32	unresolved-strict		T32/w/vldst/asimldstms/VLD2_m_T1_nowb
1956	T32	unresolved-strict		T32/w/vldst/asimldstms/VLD2_m_T1_posti
1957	T32	unresolved-strict		T32/w/vldst/asimldstms/VLD2_m_T1_postr
1958	T32	unresolved-strict		T32/w/vldst/asimldstms/VLD1_m_T2_nowb
1959	T32	unresolved-strict		T32/w/vldst/asimldstms/VLD1_m_T2_posti
1960	T32	unresolved-strict		T32/w/vldst/asimldstms/VLD1_m_T2_postr
1961	T32	unresolved-strict		T32/w/vldst/asimldall/VLD1_a_T1_nowb
1962	T32	unresolved-strict		T32/w/vldst/asimldall/VLD1_a_T1_posti
1963	T32	unresolved-strict		T32/w/vldst/asimldall/VLD1_a_T1_postr
1964	T32	unresolved-strict		T32/w/vldst/asimldall/VLD2_a_T1_nowb
1965	T32	unresolved-strict		T32/w/vldst/asimldall/VLD2_a_T1_posti
1966	T32	unresolved-strict		T32/w/vldst/asimldall/VLD2_a_T1_postr
1967	T32	unresolved-strict		T32/w/vldst/asimldall/VLD3_a_T1_nowb
1968	T32	unresolved-strict		T32/w/vldst/asimldall/VLD3_a_T1_posti
1969	T32	unresolved-strict		T32/w/vldst/asimldall/VLD3_a_T1_postr
1970	T32	unresolved-strict		T32/w/vldst/asimldall/VLD4_a_T1_nowb
1971	T32	unresolved-strict		T32/w/vldst/asimldall/VLD4_a_T1_posti
1972	T32	unresolved-strict		T32/w/vldst/asimldall/VLD4_a_T1_postr
1973	T32	unresolved-strict		T32/w/vldst/asimldstss/VST1_1_T1_nowb
1974	T32	unresolved-strict		T32/w/vldst/asimldstss/VST1_1_T1_posti
1975	T32	unresolved-strict		T32/w/vldst/asimldstss/VST1_1_T1_postr
1976	T32	unresolved-strict		T32/w/vldst/asimldstss/VST2_1_T1_nowb
1977	T32	unresolved-strict		T32/w/vldst/asimldstss/VST2_1_T1_posti
1978	T32	unresolved-strict		T32/w/vldst/asimldstss/VST2_1_T1_postr
1979	T32	unresolved-strict		T32/w/vldst/asimldstss/VST3_1_T1_nowb
1980	T32	unresolved-strict		T32/w/vldst/asimldstss/VST3_1_T1_posti
1981	T32	unresolved-strict		T32/w/vldst/asimldstss/VST3_1_T1_postr
1982	T32	unresolved-strict		T32/w/vldst/asimldstss/VST4_1_T1_nowb
1983	T32	unresolved-strict		T32/w/vldst/asimldstss/VST4_1_T1_posti
1984	T32	unresolved-strict		T32/w/vldst/asimldstss/VST4_1_T1_postr
1985	T32	unresolved-strict		T32/w/vldst/asimldstss/VST1_1_T2_nowb
1986	T32	unresolved-strict		T32/w/vldst/asimldstss/VST1_1_T2_posti
1987	T32	unresolved-strict		T32/w/vldst/asimldstss/VST1_1_T2_postr
1988	T32	unresolved-strict		T32/w/vldst/asimldstss/VST2_1_T2_nowb
1989	T32	unresolved-strict		T32/w/vldst/asimldstss/VST2_1_T2_posti
1990	T32	unresolved-strict		T32/w/vldst/asimldstss/VST2_1_T2_postr
1991	T32	unresolved-strict		T32/w/vldst/asimldstss/VST3_1_T2_nowb
1992	T32	unresolved-strict		T32/w/vldst/asimldstss/VST3_1_T2_posti
1993	T32	unresolved-strict		T32/w/vldst/asimldstss/VST3_1_T2_postr
1994	T32	unresolved-strict		T32/w/vldst/asimldstss/VST4_1_T2_nowb
1995	T32	unresolved-strict		T32/w/vldst/asimldstss/VST4_1_T2_posti
1996	T32	unresolved-strict		T32/w/vldst/asimldstss/VST4_1_T2_postr
1997	T32	unresolved-strict		T32/w/vldst/asimldstss/VST1_1_T3_nowb
1998	T32	unresolved-strict		T32/w/vldst/asimldstss/VST1_1_T3_posti
1999	T32	unresolved-strict		T32/w/vldst/asimldstss/VST1_1_T3_postr
2000	T32	unresolved-strict		T32/w/vldst/asimldstss/VST2_1_T3_nowb
2001	T32	unresolved-strict		T32/w/vldst/asimldstss/VST2_1_T3_posti
2002	T32	unresolved-strict		T32/w/vldst/asimldstss/VST2_1_T3_postr
2003	T32	unresolved-strict		T32/w/vldst/asimldstss/VST3_1_T3_nowb
2004	T32	unresolved-strict		T32/w/vldst/asimldstss/VST3_1_T3_posti
2005	T32	unresolved-strict		T32/w/vldst/asimldstss/VST3_1_T3_postr
2006	T32	unresolved-strict		T32/w/vldst/asimldstss/VST4_1_T3_nowb
2007	T32	unresolved-strict		T32/w/vldst/asimldstss/VST4_1_T3_postr
2008	T32	unresolved-strict		T32/w/vldst/asimldstss/VST4_1_T3_posti
2009	T32	unresolved-strict		T32/w/vldst/asimldstss/VLD1_1_T1_nowb
2010	T32	unresolved-strict		T32/w/vldst/asimldstss/VLD1_1_T1_posti
2011	T32	unresolved-strict		T32/w/vldst/asimldstss/VLD1_1_T1_postr
2012	T32	unresolved-strict		T32/w/vldst/asimldstss/VLD2_1_T1_nowb
2013	T32	unresolved-strict		T32/w/vldst/asimldstss/VLD2_1_T1_posti
2014	T32	unresolved-strict		T32/w/vldst/asimldstss/VLD2_1_T1_postr
2015	T32	unresolved-strict		T32/w/vldst/asimldstss/VLD3_1_T1_nowb
2016	T32	unresolved-strict		T32/w/vldst/asimldstss/VLD3_1_T1_posti
2017	T32	unresolved-strict		T32/w/vldst/asimldstss/VLD3_1_T1_postr
2018	T32	unresolved-strict		T32/w/vldst/asimldstss/VLD4_1_T1_nowb
2019	T32	unresolved-strict		T32/w/vldst/asimldstss/VLD4_1_T1_posti
2020	T32	unresolved-strict		T32/w/vldst/asimldstss/VLD4_1_T1_postr
2021	T32	unresolved-strict		T32/w/vldst/asimldstss/VLD1_1_T2_nowb
2022	T32	unresolved-strict		T32/w/vldst/asimldstss/VLD1_1_T2_posti
2023	T32	unresolved-strict		T32/w/vldst/asimldstss/VLD1_1_T2_postr
2024	T32	unresolved-strict		T32/w/vldst/asimldstss/VLD2_1_T2_nowb
2025	T32	unresolved-strict		T32/w/vldst/asimldstss/VLD2_1_T2_posti
2026	T32	unresolved-strict		T32/w/vldst/asimldstss/VLD2_1_T2_postr
2027	T32	unresolved-strict		T32/w/vldst/asimldstss/VLD3_1_T2_nowb
2028	T32	unresolved-strict		T32/w/vldst/asimldstss/VLD3_1_T2_posti
2029	T32	unresolved-strict		T32/w/vldst/asimldstss/VLD3_1_T2_postr
2030	T32	unresolved-strict		T32/w/vldst/asimldstss/VLD4_1_T2_nowb
2031	T32	unresolved-strict		T32/w/vldst/asimldstss/VLD4_1_T2_posti
2032	T32	unresolved-strict		T32/w/vldst/asimldstss/VLD4_1_T2_postr
2033	T32	unresolved-strict		T32/w/vldst/asimldstss/VLD1_1_T3_nowb
2034	T32	unresolved-strict		T32/w/vldst/asimldstss/VLD1_1_T3_posti
2035	T32	unresolved-strict		T32/w/vldst/asimldstss/VLD1_1_T3_postr
2036	T32	unresolved-strict		T32/w/vldst/asimldstss/VLD2_1_T3_nowb
2037	T32	unresolved-strict		T32/w/vldst/asimldstss/VLD2_1_T3_posti
2038	T32	unresolved-strict		T32/w/vldst/asimldstss/VLD2_1_T3_postr
2039	T32	unresolved-strict		T32/w/vldst/asimldstss/VLD3_1_T3_nowb
2040	T32	unresolved-strict		T32/w/vldst/asimldstss/VLD3_1_T3_posti
2041	T32	unresolved-strict		T32/w/vldst/asimldstss/VLD3_1_T3_postr
2042	T32	unresolved-strict		T32/w/vldst/asimldstss/VLD4_1_T3_nowb
2043	T32	unresolved-strict		T32/w/vldst/asimldstss/VLD4_1_T3_posti
2044	T32	unresolved-strict		T32/w/vldst/asimldstss/VLD4_1_T3_postr
2045	T32	unresolved-strict		T32/w/ldst/ldst_unsigned_reg/STRB_r_T2
2046	T32	unresolved-strict		T32/w/ldst/ldst_unsigned_reg/LDRB_r_T2
2047	T32	unresolved-strict		T32/w/ldst/ldst_unsigned_reg/PLD_r_T1
2048	T32	unresolved-strict		T32/w/ldst/ldst_unsigned_reg/PLDW_r_T1
2049	T32	unresolved-strict		T32/w/ldst/ldst_unsigned_reg/STRH_r_T2
2050	T32	unresolved-strict		T32/w/ldst/ldst_unsigned_reg/LDRH_r_T2
2051	T32	unresolved-strict		T32/w/ldst/ldst_unsigned_reg/STR_r_T2
2052	T32	unresolved-strict		T32/w/ldst/ldst_unsigned_reg/LDR_r_T2
2053	T32	unresolved-strict		T32/w/ldst/ldst_unsigned_post/STRB_i_T3_post
2054	T32	unresolved-strict		T32/w/ldst/ldst_unsigned_post/LDRB_i_T3_post
2055	T32	unresolved-strict		T32/w/ldst/ldst_unsigned_post/STRH_i_T3_post
2056	T32	unresolved-strict		T32/w/ldst/ldst_unsigned_post/LDRH_i_T3_post
2057	T32	unresolved-strict		T32/w/ldst/ldst_unsigned_post/STR_i_T4_post
2058	T32	unresolved-strict		T32/w/ldst/ldst_unsigned_post/LDR_i_T4_post
2059	T32	unresolved-strict		T32/w/ldst/ldst_unsigned_nimm/STRB_i_T3_offn
2060	T32	unresolved-strict		T32/w/ldst/ldst_unsigned_nimm/LDRB_i_T3_off
2061	T32	unresolved-strict		T32/w/ldst/ldst_unsigned_nimm/PLD_i_T2
2062	T32	unresolved-strict		T32/w/ldst/ldst_unsigned_nimm/STRH_i_T3_offn
2063	T32	unresolved-strict		T32/w/ldst/ldst_unsigned_nimm/LDRH_i_T3_off
2064	T32	unresolved-strict		T32/w/ldst/ldst_unsigned_nimm/PLDW_i_T2
2065	T32	unresolved-strict		T32/w/ldst/ldst_unsigned_nimm/STR_i_T4_off
2066	T32	unresolved-strict		T32/w/ldst/ldst_unsigned_nimm/LDR_i_T4_off
2067	T32	unresolved-strict		T32/w/ldst/ldst_unsigned_unpriv/STRBT_T1
2068	T32	unresolved-strict		T32/w/ldst/ldst_unsigned_unpriv/LDRBT_T1
2069	T32	unresolved-strict		T32/w/ldst/ldst_unsigned_unpriv/STRHT_T1
2070	T32	unresolved-strict		T32/w/ldst/ldst_unsigned_unpriv/LDRHT_T1
2071	T32	unresolved-strict		T32/w/ldst/ldst_unsigned_unpriv/STRT_T1
2072	T32	unresolved-strict		T32/w/ldst/ldst_unsigned_unpriv/LDRT_T1
2073	T32	unresolved-strict		T32/w/ldst/ldst_unsigned_pre/STRB_i_T3_pre
2074	T32	unresolved-strict		T32/w/ldst/ldst_unsigned_pre/LDRB_i_T3_pre
2075	T32	unresolved-strict		T32/w/ldst/ldst_unsigned_pre/STRH_i_T3_pre
2076	T32	unresolved-strict		T32/w/ldst/ldst_unsigned_pre/LDRH_i_T3_pre
2077	T32	unresolved-strict		T32/w/ldst/ldst_unsigned_pre/STR_i_T4_pre
2078	T32	unresolved-strict		T32/w/ldst/ldst_unsigned_pre/LDR_i_T4_pre
2079	T32	unresolved-strict		T32/w/ldst/ldst_unsigned_pimm/STRB_i_T2
2080	T32	unresolved-strict		T32/w/ldst/ldst_unsigned_pimm/LDRB_i_T2
2081	T32	unresolved-strict		T32/w/ldst/ldst_unsigned_pimm/PLD_i_T1
2082	T32	unresolved-strict		T32/w/ldst/ldst_unsigned_pimm/PLDW_i_T1
2083	T32	unresolved-strict		T32/w/ldst/ldst_unsigned_pimm/STRH_i_T2
2084	T32	unresolved-strict		T32/w/ldst/ldst_unsigned_pimm/LDRH_i_T2
2085	T32	unresolved-strict		T32/w/ldst/ldst_unsigned_pimm/STR_i_T3
2086	T32	unresolved-strict		T32/w/ldst/ldst_unsigned_pimm/LDR_i_T3
2087	T32	unresolved-strict		T32/w/ldst/ldlit_unsigned/PLD_l_T1
2088	T32	unresolved-strict		T32/w/ldst/ldlit_unsigned/LDRB_l_T1
2089	T32	unresolved-strict		T32/w/ldst/ldlit_unsigned/LDRH_l_T1
2090	T32	unresolved-strict		T32/w/ldst/ldlit_unsigned/LDR_l_T2
2091	T32	unresolved-strict		T32/w/ldst/ldst_signed_reg/LDRSB_r_T2
2092	T32	unresolved-strict		T32/w/ldst/ldst_signed_reg/PLI_r_T1
2093	T32	unresolved-strict		T32/w/ldst/ldst_signed_reg/LDRSH_r_T2
2094	T32	unresolved-strict		T32/w/ldst/ldst_signed_post/LDRSB_i_T2_post
2095	T32	unresolved-strict		T32/w/ldst/ldst_signed_post/LDRSH_i_T2_post
2096	T32	unresolved-strict		T32/w/ldst/ldst_signed_nimm/LDRSB_i_T2_off
2097	T32	unresolved-strict		T32/w/ldst/ldst_signed_nimm/PLI_i_T2
2098	T32	unresolved-strict		T32/w/ldst/ldst_signed_nimm/LDRSH_i_T2_off
2099	T32	unresolved-strict		T32/w/ldst/ldst_signed_unpriv/LDRSBT_T1
2100	T32	unresolved-strict		T32/w/ldst/ldst_signed_unpriv/LDRSHT_T1
2101	T32	unresolved-strict		T32/w/ldst/ldst_signed_pre/LDRSB_i_T2_pre
2102	T32	unresolved-strict		T32/w/ldst/ldst_signed_pre/LDRSH_i_T2_pre
2103	T32	unresolved-strict		T32/w/ldst/ldst_signed_pimm/LDRSB_i_T1
2104	T32	unresolved-strict		T32/w/ldst/ldst_signed_pimm/PLI_i_T1
2105	T32	unresolved-strict		T32/w/ldst/ldst_signed_pimm/LDRSH_i_T1
2106	T32	unresolved-strict		T32/w/ldst/ldlit_signed/LDRSB_l_T1
2107	T32	unresolved-strict		T32/w/ldst/ldlit_signed/PLI_i_T3
2108	T32	unresolved-strict		T32/w/ldst/ldlit_signed/LDRSH_l_T1
2109	T32	unresolved-strict		T32/w/reg/shiftr/MOVS_rr_T2
2110	T32	unresolved-strict		T32/w/reg/shiftr/MOV_rr_T2
2111	T32	unresolved-strict		T32/w/reg/extendr/SXTAH_T1
2112	T32	unresolved-strict		T32/w/reg/extendr/SXTH_T2
2113	T32	unresolved-strict		T32/w/reg/extendr/UXTAH_T1
2114	T32	unresolved-strict		T32/w/reg/extendr/UXTH_T2
2115	T32	unresolved-strict		T32/w/reg/extendr/SXTAB16_T1
2116	T32	unresolved-strict		T32/w/reg/extendr/SXTB16_T1
2117	T32	unresolved-strict		T32/w/reg/extendr/UXTAB16_T1
2118	T32	unresolved-strict		T32/w/reg/extendr/UXTB16_T1
2119	T32	unresolved-strict		T32/w/reg/extendr/SXTAB_T1
2120	T32	unresolved-strict		T32/w/reg/extendr/SXTB_T2
2121	T32	unresolved-strict		T32/w/reg/extendr/UXTAB_T1
2122	T32	unresolved-strict		T32/w/reg/extendr/UXTB_T2
2123	T32	unresolved-strict		T32/w/reg/addsub_par/SADD8_T1
2124	T32	unresolved-strict		T32/w/reg/addsub_par/QADD8_T1
2125	T32	unresolved-strict		T32/w/reg/addsub_par/SHADD8_T1
2126	T32	unresolved-strict		T32/w/reg/addsub_par/UADD8_T1
2127	T32	unresolved-strict		T32/w/reg/addsub_par/UQADD8_T1
2128	T32	unresolved-strict		T32/w/reg/addsub_par/UHADD8_T1
2129	T32	unresolved-strict		T32/w/reg/addsub_par/SADD16_T1
2130	T32	unresolved-strict		T32/w/reg/addsub_par/QADD16_T1
2131	T32	unresolved-strict		T32/w/reg/addsub_par/SHADD16_T1
2132	T32	unresolved-strict		T32/w/reg/addsub_par/UADD16_T1
2133	T32	unresolved-strict		T32/w/reg/addsub_par/UQADD16_T1
2134	T32	unresolved-strict		T32/w/reg/addsub_par/UHADD16_T1
2135	T32	unresolved-strict		T32/w/reg/addsub_par/SASX_T1
2136	T32	unresolved-strict		T32/w/reg/addsub_par/QASX_T1
2137	T32	unresolved-strict		T32/w/reg/addsub_par/SHASX_T1
2138	T32	unresolved-strict		T32/w/reg/addsub_par/UASX_T1
2139	T32	unresolved-strict		T32/w/reg/addsub_par/UQASX_T1
2140	T32	unresolved-strict		T32/w/reg/addsub_par/UHASX_T1
2141	T32	unresolved-strict		T32/w/reg/addsub_par/SSUB8_T1
2142	T32	unresolved-strict		T32/w/reg/addsub_par/QSUB8_T1
2143	T32	unresolved-strict		T32/w/reg/addsub_par/SHSUB8_T1
2144	T32	unresolved-strict		T32/w/reg/addsub_par/USUB8_T1
2145	T32	unresolved-strict		T32/w/reg/addsub_par/UQSUB8_T1
2146	T32	unresolved-strict		T32/w/reg/addsub_par/UHSUB8_T1
2147	T32	unresolved-strict		T32/w/reg/addsub_par/SSUB16_T1
2148	T32	unresolved-strict		T32/w/reg/addsub_par/QSUB16_T1
2149	T32	unresolved-strict		T32/w/reg/addsub_par/SHSUB16_T1
2150	T32	unresolved-strict		T32/w/reg/addsub_par/USUB16_T1
2151	T32	unresolved-strict		T32/w/reg/addsub_par/UQSUB16_T1
2152	T32	unresolved-strict		T32/w/reg/addsub_par/UHSUB16_T1
2153	T32	unresolved-strict		T32/w/reg/addsub_par/SSAX_T1
2154	T32	unresolved-strict		T32/w/reg/addsub_par/QSAX_T1
2155	T32	unresolved-strict		T32/w/reg/addsub_par/SHSAX_T1
2156	T32	unresolved-strict		T32/w/reg/addsub_par/USAX_T1
2157	T32	unresolved-strict		T32/w/reg/addsub_par/UQSAX_T1
2158	T32	unresolved-strict		T32/w/reg/addsub_par/UHSAX_T1
2159	T32	unresolved-strict		T32/w/reg/dpint_2r/QADD_T1
2160	T32	unresolved-strict		T32/w/reg/dpint_2r/QDADD_T1
2161	T32	unresolved-strict		T32/w/reg/dpint_2r/QSUB_T1
2162	T32	unresolved-strict		T32/w/reg/dpint_2r/QDSUB_T1
2163	T32	unresolved-strict		T32/w/reg/dpint_2r/REV_T2
2164	T32	unresolved-strict		T32/w/reg/dpint_2r/REV16_T2
2165	T32	unresolved-strict		T32/w/reg/dpint_2r/RBIT_T1
2166	T32	unresolved-strict		T32/w/reg/dpint_2r/REVSH_T2
2167	T32	unresolved-strict		T32/w/reg/dpint_2r/SEL_T1
2168	T32	unresolved-strict		T32/w/reg/dpint_2r/CLZ_T1
2169	T32	unresolved-strict	FEAT_CRC32	T32/w/reg/dpint_2r/CRC32B_T1
2170	T32	unresolved-strict	FEAT_CRC32	T32/w/reg/dpint_2r/CRC32H_T1
2171	T32	unresolved-strict	FEAT_CRC32	T32/w/reg/dpint_2r/CRC32W_T1
2172	T32	unresolved-strict	FEAT_CRC32	T32/w/reg/dpint_2r/CRC32CB_T1
2173	T32	unresolved-strict	FEAT_CRC32	T32/w/reg/dpint_2r/CRC32CH_T1
2174	T32	unresolved-strict	FEAT_CRC32	T32/w/reg/dpint_2r/CRC32CW_T1
2175	T32	unresolved-strict		T32/w/mul/mul_abd/MLA_T1
2176	T32	unresolved-strict		T32/w/mul/mul_abd/MLS_T1
2177	T32	unresolved-strict		T32/w/mul/mul_abd/MUL_T2
2178	T32	unresolved-strict		T32/w/mul/mul_abd/SMLABB_T1
2179	T32	unresolved-strict		T32/w/mul/mul_abd/SMLABT_T1
2180	T32	unresolved-strict		T32/w/mul/mul_abd/SMLATB_T1
2181	T32	unresolved-strict		T32/w/mul/mul_abd/SMLATT_T1
2182	T32	unresolved-strict		T32/w/mul/mul_abd/SMULBB_T1
2183	T32	unresolved-strict		T32/w/mul/mul_abd/SMULBT_T1
2184	T32	unresolved-strict		T32/w/mul/mul_abd/SMULTB_T1
2185	T32	unresolved-strict		T32/w/mul/mul_abd/SMULTT_T1
2186	T32	unresolved-strict		T32/w/mul/mul_abd/SMLAD_T1
2187	T32	unresolved-strict		T32/w/mul/mul_abd/SMLADX_T1
2188	T32	unresolved-strict		T32/w/mul/mul_abd/SMUAD_T1
2189	T32	unresolved-strict		T32/w/mul/mul_abd/SMUADX_T1
2190	T32	unresolved-strict		T32/w/mul/mul_abd/SMLAWB_T1
2191	T32	unresolved-strict		T32/w/mul/mul_abd/SMLAWT_T1
2192	T32	unresolved-strict		T32/w/mul/mul_abd/SMULWB_T1
2193	T32	unresolved-strict		T32/w/mul/mul_abd/SMULWT_T1
2194	T32	unresolved-strict		T32/w/mul/mul_abd/SMLSD_T1
2195	T32	unresolved-strict		T32/w/mul/mul_abd/SMLSDX_T1
2196	T32	unresolved-strict		T32/w/mul/mul_abd/SMUSD_T1
2197	T32	unresolved-strict		T32/w/mul/mul_abd/SMUSDX_T1
2198	T32	unresolved-strict		T32/w/mul/mul_abd/SMMLA_T1
2199	T32	unresolved-strict		T32/w/mul/mul_abd/SMMLAR_T1
2200	T32	unresolved-strict		T32/w/mul/mul_abd/SMMUL_T1
2201	T32	unresolved-strict		T32/w/mul/mul_abd/SMMULR_T1
2202	T32	unresolved-strict		T32/w/mul/mul_abd/SMMLS_T1
2203	T32	unresolved-strict		T32/w/mul/mul_abd/SMMLSR_T1
2204	T32	unresolved-strict		T32/w/mul/mul_abd/USADA8_T1
2205	T32	unresolved-strict		T32/w/mul/mul_abd/USAD8_T1
2206	T32	unresolved-strict		T32/w/lmul_div/lmul/SMULL_T1
2207	T32	unresolved-strict		T32/w/lmul_div/lmul/UMULL_T1
2208	T32	unresolved-strict		T32/w/lmul_div/lmul/SMLAL_T1
2209	T32	unresolved-strict		T32/w/lmul_div/lmul/SMLALBB_T1
2210	T32	unresolved-strict		T32/w/lmul_div/lmul/SMLALBT_T1
2211	T32	unresolved-strict		T32/w/lmul_div/lmul/SMLALTB_T1
2212	T32	unresolved-strict		T32/w/lmul_div/lmul/SMLALTT_T1
2213	T32	unresolved-strict		T32/w/lmul_div/lmul/SMLALD_T1
2214	T32	unresolved-strict		T32/w/lmul_div/lmul/SMLALDX_T1
2215	T32	unresolved-strict		T32/w/lmul_div/lmul/SMLSLD_T1
2216	T32	unresolved-strict		T32/w/lmul_div/lmul/SMLSLDX_T1
2217	T32	unresolved-strict		T32/w/lmul_div/lmul/UMLAL_T1
2218	T32	unresolved-strict		T32/w/lmul_div/lmul/UMAAL_T1
2219	T32	unresolved-strict		T32/w/lmul_div/div/SDIV_T1
2220	T32	unresolved-strict		T32/w/lmul_div/div/UDIV_T1
2221	A64	Armv8-A	FEAT_SME,FEAT_SVE	A64/sve/sve_int_pred_bin/sve_int_bin_pred_arit_0/add_z_p_zz_
2222	A64	Armv8-A	FEAT_SME,FEAT_SVE	A64/sve/sve_int_pred_bin/sve_int_bin_pred_arit_0/sub_z_p_zz_
2223	A64	Armv8-A	FEAT_SME,FEAT_SVE	A64/sve/sve_int_pred_bin/sve_int_bin_pred_arit_0/subr_z_p_zz_
2224	A64	Armv8-A	FEAT_CPA,FEAT_SVE	A64/sve/sve_int_pred_bin/sve_int_bin_pred_arit_0/addpt_z_p_zz_
2225	A64	Armv8-A	FEAT_CPA,FEAT_SVE	A64/sve/sve_int_pred_bin/sve_int_bin_pred_arit_0/subpt_z_p_zz_
2226	A64	Armv8-A	FEAT_SME,FEAT_SVE	A64/sve/sve_int_pred_bin/sve_int_bin_pred_arit_1/smax_z_p_zz_
2227	A64	Armv8-A	FEAT_SME,FEAT_SVE	A64/sve/sve_int_pred_bin/sve_int_bin_pred_arit_1/smin_z_p_zz_
2228	A64	Armv8-A	FEAT_SME,FEAT_SVE	A64/sve/sve_int_pred_bin/sve_int_bin_pred_arit_1/sabd_z_p_zz_
2229	A64	Armv8-A	FEAT_SME,FEAT_SVE	A64/sve/sve_int_pred_bin/sve_int_bin_pred_arit_1/umax_z_p_zz_
2230	A64	Armv8-A	FEAT_SME,FEAT_SVE	A64/sve/sve_int_pred_bin/sve_int_bin_pred_arit_1/umin_z_p_zz_
2231	A64	Armv8-A	FEAT_SME,FEAT_SVE	A64/sve/sve_int_pred_bin/sve_int_bin_pred_arit_1/uabd_z_p_zz_
2232	A64	Armv8-A	FEAT_SME,FEAT_SVE	A64/sve/sve_int_pred_bin/sve_int_bin_pred_arit_2/mul_z_p_zz_
2233	A64	Armv8-A	FEAT_SME,FEAT_SVE	A64/sve/sve_int_pred_bin/sve_int_bin_pred_arit_2/smulh_z_p_zz_
2234	A64	Armv8-A	FEAT_SME,FEAT_SVE	A64/sve/sve_int_pred_bin/sve_int_bin_pred_arit_2/umulh_z_p_zz_
2235	A64	Armv8-A	FEAT_SME,FEAT_SVE	A64/sve/sve_int_pred_bin/sve_int_bin_pred_div/sdiv_z_p_zz_
2236	A64	Armv8-A	FEAT_SME,FEAT_SVE	A64/sve/sve_int_pred_bin/sve_int_bin_pred_div/sdivr_z_p_zz_
2237	A64	Armv8-A	FEAT_SME,FEAT_SVE	A64/sve/sve_int_pred_bin/sve_int_bin_pred_div/udiv_z_p_zz_
2238	A64	Armv8-A	FEAT_SME,FEAT_SVE	A64/sve/sve_int_pred_bin/sve_int_bin_pred_div/udivr_z_p_zz_
2239	A64	Armv8-A	FEAT_SME,FEAT_SVE	A64/sve/sve_int_pred_bin/sve_int_bin_pred_log/orr_z_p_zz_
2240	A64	Armv8-A	FEAT_SME,FEAT_SVE	A64/sve/sve_int_pred_bin/sve_int_bin_pred_log/eor_z_p_zz_
2241	A64	Armv8-A	FEAT_SME,FEAT_SVE	A64/sve/sve_int_pred_bin/sve_int_bin_pred_log/and_z_p_zz_
2242	A64	Armv8-A	FEAT_SME,FEAT_SVE	A64/sve/sve_int_pred_bin/sve_int_bin_pred_log/bic_z_p_zz_
2243	A64	Armv8-A	FEAT_SME,FEAT_SVE	A64/sve/sve_int_pred_red/sve_int_reduce_0/saddv_r_p_z_
2244	A64	Armv8-A	FEAT_SME,FEAT_SVE	A64/sve/sve_int_pred_red/sve_int_reduce_0/uaddv_r_p_z_
2245	A64	Armv8-A	FEAT_SME2p1,FEAT_SVE2p1	A64/sve/sve_int_pred_red/sve_int_reduce_0q/addqv_z_p_z_
2246	A64	Armv8-A	FEAT_SME,FEAT_SVE	A64/sve/sve_int_pred_red/sve_int_reduce_1/smaxv_r_p_z_
2247	A64	Armv8-A	FEAT_SME,FEAT_SVE	A64/sve/sve_int_pred_red/sve_int_reduce_1/sminv_r_p_z_
2248	A64	Armv8-A	FEAT_SME,FEAT_SVE	A64/sve/sve_int_pred_red/sve_int_reduce_1/umaxv_r_p_z_
2249	A64	Armv8-A	FEAT_SME,FEAT_SVE	A64/sve/sve_int_pred_red/sve_int_reduce_1/uminv_r_p_z_
2250	A64	Armv8-A	FEAT_SME2p1,FEAT_SVE2p1	A64/sve/sve_int_pred_red/sve_int_reduce_1q/smaxqv_z_p_z_
2251	A64	Armv8-A	FEAT_SME2p1,FEAT_SVE2p1	A64/sve/sve_int_pred_red/sve_int_reduce_1q/sminqv_z_p_z_
2252	A64	Armv8-A	FEAT_SME2p1,FEAT_SVE2p1	A64/sve/sve_int_pred_red/sve_int_reduce_1q/umaxqv_z_p_z_
2253	A64	Armv8-A	FEAT_SME2p1,FEAT_SVE2p1	A64/sve/sve_int_pred_red/sve_int_reduce_1q/uminqv_z_p_z_
2254	A64	Armv8-A	FEAT_SME,FEAT_SVE	A64/sve/sve_int_pred_red/sve_int_movprfx_pred/movprfx_z_p_z_
2255	A64	Armv8-A	FEAT_SME,FEAT_SVE	A64/sve/sve_int_pred_red/sve_int_reduce_2/orv_r_p_z_
2256	A64	Armv8-A	FEAT_SME,FEAT_SVE	A64/sve/sve_int_pred_red/sve_int_reduce_2/eorv_r_p_z_
2257	A64	Armv8-A	FEAT_SME,FEAT_SVE	A64/sve/sve_int_pred_red/sve_int_reduce_2/andv_r_p_z_
2258	A64	Armv8-A	FEAT_SME2p1,FEAT_SVE2p1	A64/sve/sve_int_pred_red/sve_int_reduce_2q/orqv_z_p_z_
2259	A64	Armv8-A	FEAT_SME2p1,FEAT_SVE2p1	A64/sve/sve_int_pred_red/sve_int_reduce_2q/eorqv_z_p_z_
2260	A64	Armv8-A	FEAT_SME2p1,FEAT_SVE2p1	A64/sve/sve_int_pred_red/sve_int_reduce_2q/andqv_z_p_z_
2261	A64	Armv8-A	FEAT_SME,FEAT_SVE	A64/sve/sve_int_pred_shift/sve_int_bin_pred_shift_0/asr_z_p_zi_
2262	A64	Armv8-A	FEAT_SME,FEAT_SVE	A64/sve/sve_int_pred_shift/sve_int_bin_pred_shift_0/lsl_z_p_zi_
2263	A64	Armv8-A	FEAT_SME,FEAT_SVE	A64/sve/sve_int_pred_shift/sve_int_bin_pred_shift_0/asrd_z_p_zi_
2264	A64	Armv8-A	FEAT_SME,FEAT_SVE2	A64/sve/sve_int_pred_shift/sve_int_bin_pred_shift_0/sqshl_z_p_zi_
2265	A64	Armv8-A	FEAT_SME,FEAT_SVE2	A64/sve/sve_int_pred_shift/sve_int_bin_pred_shift_0/srshr_z_p_zi_
2266	A64	Armv8-A	FEAT_SME,FEAT_SVE2	A64/sve/sve_int_pred_shift/sve_int_bin_pred_shift_0/sqshlu_z_p_zi_
2267	A64	Armv8-A	FEAT_SME,FEAT_SVE	A64/sve/sve_int_pred_shift/sve_int_bin_pred_shift_0/lsr_z_p_zi_
2268	A64	Armv8-A	FEAT_SME,FEAT_SVE2	A64/sve/sve_int_pred_shift/sve_int_bin_pred_shift_0/uqshl_z_p_zi_
2269	A64	Armv8-A	FEAT_SME,FEAT_SVE2	A64/sve/sve_int_pred_shift/sve_int_bin_pred_shift_0/urshr_z_p_zi_
2270	A64	Armv8-A	FEAT_SME,FEAT_SVE	A64/sve/sve_int_pred_shift/sve_int_bin_pred_shift_1/asr_z_p_zz_
2271	A64	Armv8-A	FEAT_SME,FEAT_SVE	A64/sve/sve_int_pred_shift/sve_int_bin_pred_shift_1/lsl_z_p_zz_
2272	A64	Armv8-A	FEAT_SME,FEAT_SVE	A64/sve/sve_int_pred_shift/sve_int_bin_pred_shift_1/asrr_z_p_zz_
2273	A64	Armv8-A	FEAT_SME,FEAT_SVE	A64/sve/sve_int_pred_shift/sve_int_bin_pred_shift_1/lslr_z_p_zz_
2274	A64	Armv8-A	FEAT_SME,FEAT_SVE	A64/sve/sve_int_pred_shift/sve_int_bin_pred_shift_1/lsr_z_p_zz_
2275	A64	Armv8-A	FEAT_SME,FEAT_SVE	A64/sve/sve_int_pred_shift/sve_int_bin_pred_shift_1/lsrr_z_p_zz_
2276	A64	Armv8-A	FEAT_SME,FEAT_SVE	A64/sve/sve_int_pred_shift/sve_int_bin_pred_shift_2/asr_z_p_zw_
2277	A64	Armv8-A	FEAT_SME,FEAT_SVE	A64/sve/sve_int_pred_shift/sve_int_bin_pred_shift_2/lsl_z_p_zw_
2278	A64	Armv8-A	FEAT_SME,FEAT_SVE	A64/sve/sve_int_pred_shift/sve_int_bin_pred_shift_2/lsr_z_p_zw_
2279	A64	Armv8-A	FEAT_SME,FEAT_SVE	A64/sve/sve_int_pred_un/sve_int_un_pred_arit_0/abs_z_p_z_m
2280	A64	Armv8-A	FEAT_SME2p2,FEAT_SVE2p2	A64/sve/sve_int_pred_un/sve_int_un_pred_arit_0/abs_z_p_z_z
2281	A64	Armv8-A	FEAT_SME,FEAT_SVE	A64/sve/sve_int_pred_un/sve_int_un_pred_arit_0/neg_z_p_z_m
2282	A64	Armv8-A	FEAT_SME2p2,FEAT_SVE2p2	A64/sve/sve_int_pred_un/sve_int_un_pred_arit_0/neg_z_p_z_z
2283	A64	Armv8-A	FEAT_SME,FEAT_SVE	A64/sve/sve_int_pred_un/sve_int_un_pred_arit_0/sxtw_z_p_z_m
2284	A64	Armv8-A	FEAT_SME2p2,FEAT_SVE2p2	A64/sve/sve_int_pred_un/sve_int_un_pred_arit_0/sxtw_z_p_z_z
2285	A64	Armv8-A	FEAT_SME,FEAT_SVE	A64/sve/sve_int_pred_un/sve_int_un_pred_arit_0/sxth_z_p_z_m
2286	A64	Armv8-A	FEAT_SME2p2,FEAT_SVE2p2	A64/sve/sve_int_pred_un/sve_int_un_pred_arit_0/sxth_z_p_z_z
2287	A64	Armv8-A	FEAT_SME,FEAT_SVE	A64/sve/sve_int_pred_un/sve_int_un_pred_arit_0/sxtb_z_p_z_m
2288	A64	Armv8-A	FEAT_SME2p2,FEAT_SVE2p2	A64/sve/sve_int_pred_un/sve_int_un_pred_arit_0/sxtb_z_p_z_z
2289	A64	Armv8-A	FEAT_SME,FEAT_SVE	A64/sve/sve_int_pred_un/sve_int_un_pred_arit_0/uxtw_z_p_z_m
2290	A64	Armv8-A	FEAT_SME2p2,FEAT_SVE2p2	A64/sve/sve_int_pred_un/sve_int_un_pred_arit_0/uxtw_z_p_z_z
2291	A64	Armv8-A	FEAT_SME,FEAT_SVE	A64/sve/sve_int_pred_un/sve_int_un_pred_arit_0/uxth_z_p_z_m
2292	A64	Armv8-A	FEAT_SME2p2,FEAT_SVE2p2	A64/sve/sve_int_pred_un/sve_int_un_pred_arit_0/uxth_z_p_z_z
2293	A64	Armv8-A	FEAT_SME,FEAT_SVE	A64/sve/sve_int_pred_un/sve_int_un_pred_arit_0/uxtb_z_p_z_m
2294	A64	Armv8-A	FEAT_SME2p2,FEAT_SVE2p2	A64/sve/sve_int_pred_un/sve_int_un_pred_arit_0/uxtb_z_p_z_z
2295	A64	Armv8-A	FEAT_SME,FEAT_SVE	A64/sve/sve_int_pred_un/sve_int_un_pred_arit_1/cls_z_p_z_m
2296	A64	Armv8-A	FEAT_SME2p2,FEAT_SVE2p2	A64/sve/sve_int_pred_un/sve_int_un_pred_arit_1/cls_z_p_z_z
2297	A64	Armv8-A	FEAT_SME,FEAT_SVE	A64/sve/sve_int_pred_un/sve_int_un_pred_arit_1/clz_z_p_z_m
2298	A64	Armv8-A	FEAT_SME2p2,FEAT_SVE2p2	A64/sve/sve_int_pred_un/sve_int_un_pred_arit_1/clz_z_p_z_z
2299	A64	Armv8-A	FEAT_SME,FEAT_SVE	A64/sve/sve_int_pred_un/sve_int_un_pred_arit_1/cnt_z_p_z_m
2300	A64	Armv8-A	FEAT_SME2p2,FEAT_SVE2p2	A64/sve/sve_int_pred_un/sve_int_un_pred_arit_1/cnt_z_p_z_z
2301	A64	Armv8-A	FEAT_SME,FEAT_SVE	A64/sve/sve_int_pred_un/sve_int_un_pred_arit_1/cnot_z_p_z_m
2302	A64	Armv8-A	FEAT_SME2p2,FEAT_SVE2p2	A64/sve/sve_int_pred_un/sve_int_un_pred_arit_1/cnot_z_p_z_z
2303	A64	Armv8-A	FEAT_SME,FEAT_SVE	A64/sve/sve_int_pred_un/sve_int_un_pred_arit_1/fabs_z_p_z_m
2304	A64	Armv8-A	FEAT_SME2p2,FEAT_SVE2p2	A64/sve/sve_int_pred_un/sve_int_un_pred_arit_1/fabs_z_p_z_z
2305	A64	Armv8-A	FEAT_SME,FEAT_SVE	A64/sve/sve_int_pred_un/sve_int_un_pred_arit_1/fneg_z_p_z_m
2306	A64	Armv8-A	FEAT_SME2p2,FEAT_SVE2p2	A64/sve/sve_int_pred_un/sve_int_un_pred_arit_1/fneg_z_p_z_z
2307	A64	Armv8-A	FEAT_SME,FEAT_SVE	A64/sve/sve_int_pred_un/sve_int_un_pred_arit_1/not_z_p_z_m
2308	A64	Armv8-A	FEAT_SME2p2,FEAT_SVE2p2	A64/sve/sve_int_pred_un/sve_int_un_pred_arit_1/not_z_p_z_z
2309	A64	Armv8-A	FEAT_SME,FEAT_SVE	A64/sve/sve_int_muladd_pred/sve_int_mlas_vvv_pred/mla_z_p_zzz_
2310	A64	Armv8-A	FEAT_SME,FEAT_SVE	A64/sve/sve_int_muladd_pred/sve_int_mlas_vvv_pred/mls_z_p_zzz_
2311	A64	Armv8-A	FEAT_SME,FEAT_SVE	A64/sve/sve_int_muladd_pred/sve_int_mladdsub_vvv_pred/mad_z_p_zzz_
2312	A64	Armv8-A	FEAT_SME,FEAT_SVE	A64/sve/sve_int_muladd_pred/sve_int_mladdsub_vvv_pred/msb_z_p_zzz_
2313	A64	Armv8-A	FEAT_SME,FEAT_SVE	A64/sve/sve_int_unpred_arit/sve_int_bin_cons_arit_0/add_z_zz_
2314	A64	Armv8-A	FEAT_SME,FEAT_SVE	A64/sve/sve_int_unpred_arit/sve_int_bin_cons_arit_0/sub_z_zz_
2315	A64	Armv8-A	FEAT_CPA,FEAT_SVE	A64/sve/sve_int_unpred_arit/sve_int_bin_cons_arit_0/addpt_z_zz_
2316	A64	Armv8-A	FEAT_CPA,FEAT_SVE	A64/sve/sve_int_unpred_arit/sve_int_bin_cons_arit_0/subpt_z_zz_
2317	A64	Armv8-A	FEAT_SME,FEAT_SVE	A64/sve/sve_int_unpred_arit/sve_int_bin_cons_arit_0/sqadd_z_zz_
2318	A64	Armv8-A	FEAT_SME,FEAT_SVE	A64/sve/sve_int_unpred_arit/sve_int_bin_cons_arit_0/sqsub_z_zz_
2319	A64	Armv8-A	FEAT_SME,FEAT_SVE	A64/sve/sve_int_unpred_arit/sve_int_bin_cons_arit_0/uqadd_z_zz_
2320	A64	Armv8-A	FEAT_SME,FEAT_SVE	A64/sve/sve_int_unpred_arit/sve_int_bin_cons_arit_0/uqsub_z_zz_
2321	A64	Armv8-A	FEAT_SME,FEAT_SVE	A64/sve/sve_int_unpred_logical/sve_int_bin_cons_log/and_z_zz_
2322	A64	Armv8-A	FEAT_SME,FEAT_SVE	A64/sve/sve_int_unpred_logical/sve_int_bin_cons_log/orr_z_zz_
2323	A64	Armv8-A	FEAT_SME,FEAT_SVE	A64/sve/sve_int_unpred_logical/sve_int_bin_cons_log/eor_z_zz_
2324	A64	Armv8-A	FEAT_SME,FEAT_SVE	A64/sve/sve_int_unpred_logical/sve_int_bin_cons_log/bic_z_zz_
2325	A64	Armv8-A	FEAT_SME,FEAT_SVE2	A64/sve/sve_int_unpred_logical/sve_int_rotate_imm/xar_z_zzi_
2326	A64	Armv8-A	FEAT_SME,FEAT_SVE2	A64/sve/sve_int_unpred_logical/sve_int_tern_log/eor3_z_zzz_
2327	A64	Armv8-A	FEAT_SME,FEAT_SVE2	A64/sve/sve_int_unpred_logical/sve_int_tern_log/bcax_z_zzz_
2328	A64	Armv8-A	FEAT_SME,FEAT_SVE2	A64/sve/sve_int_unpred_logical/sve_int_tern_log/bsl_z_zzz_
2329	A64	Armv8-A	FEAT_SME,FEAT_SVE2	A64/sve/sve_int_unpred_logical/sve_int_tern_log/bsl1n_z_zzz_
2330	A64	Armv8-A	FEAT_SME,FEAT_SVE2	A64/sve/sve_int_unpred_logical/sve_int_tern_log/bsl2n_z_zzz_
2331	A64	Armv8-A	FEAT_SME,FEAT_SVE2	A64/sve/sve_int_unpred_logical/sve_int_tern_log/nbsl_z_zzz_
2332	A64	Armv8-A	FEAT_SME,FEAT_SVE	A64/sve/sve_int_unpred_shift/sve_int_bin_cons_shift_a/asr_z_zw_
2333	A64	Armv8-A	FEAT_SME,FEAT_SVE	A64/sve/sve_int_unpred_shift/sve_int_bin_cons_shift_a/lsl_z_zw_
2334	A64	Armv8-A	FEAT_SME,FEAT_SVE	A64/sve/sve_int_unpred_shift/sve_int_bin_cons_shift_a/lsr_z_zw_
2335	A64	Armv8-A	FEAT_SME,FEAT_SVE	A64/sve/sve_int_unpred_shift/sve_int_bin_cons_shift_b/asr_z_zi_
2336	A64	Armv8-A	FEAT_SME,FEAT_SVE	A64/sve/sve_int_unpred_shift/sve_int_bin_cons_shift_b/lsl_z_zi_
2337	A64	Armv8-A	FEAT_SME,FEAT_SVE	A64/sve/sve_int_unpred_shift/sve_int_bin_cons_shift_b/lsr_z_zi_
2338	A64	Armv8-A	FEAT_SVE	A64/sve/sve_int_adr/sve_int_bin_cons_misc_0_a/adr_z_az_d_s32_scaled
2339	A64	Armv8-A	FEAT_SVE	A64/sve/sve_int_adr/sve_int_bin_cons_misc_0_a/adr_z_az_d_u32_scaled
2340	A64	Armv8-A	FEAT_SVE	A64/sve/sve_int_adr/sve_int_bin_cons_misc_0_a/adr_z_az_sd_same_scaled
2341	A64	Armv8-A	FEAT_SVE	A64/sve/sve_int_unpred_misc/sve_int_bin_cons_misc_0_b/ftssel_z_zz_
2342	A64	Armv8-A	FEAT_SSVE_FEXPA,FEAT_SVE	A64/sve/sve_int_unpred_misc/sve_int_bin_cons_misc_0_c/fexpa_z_z_
2343	A64	Armv8-A	FEAT_SME,FEAT_SVE	A64/sve/sve_int_unpred_misc/sve_int_bin_cons_misc_0_d/movprfx_z_z_
2344	A64	Armv8-A	FEAT_SME,FEAT_SVE	A64/sve/sve_index/sve_int_index_ii/index_z_ii_
2345	A64	Armv8-A	FEAT_SME,FEAT_SVE	A64/sve/sve_index/sve_int_index_ri/index_z_ri_
2346	A64	Armv8-A	FEAT_SME,FEAT_SVE	A64/sve/sve_index/sve_int_index_ir/index_z_ir_
2347	A64	Armv8-A	FEAT_SME,FEAT_SVE	A64/sve/sve_index/sve_int_index_rr/index_z_rr_
2348	A64	Armv8-A	FEAT_SME,FEAT_SVE	A64/sve/sve_alloca/sve_int_arith_vl/addvl_r_ri_
2349	A64	Armv8-A	FEAT_SME,FEAT_SVE	A64/sve/sve_alloca/sve_int_arith_vl/addpl_r_ri_
2350	A64	Armv8-A	FEAT_SME	A64/sve/sve_alloca/sve_int_arith_svl/addsvl_r_ri_
2351	A64	Armv8-A	FEAT_SME	A64/sve/sve_alloca/sve_int_arith_svl/addspl_r_ri_
2352	A64	Armv8-A	FEAT_SME,FEAT_SVE	A64/sve/sve_alloca/sve_int_read_vl_a/rdvl_r_i_
2353	A64	Armv8-A	FEAT_SME	A64/sve/sve_alloca/sve_int_read_svl_a/rdsvl_r_i_
2354	A64	Armv8-A	FEAT_SME,FEAT_SVE2	A64/sve/sve_int_unpred_arit_b/sve_int_mul_b/mul_z_zz_
2355	A64	Armv8-A	FEAT_SME,FEAT_SVE2	A64/sve/sve_int_unpred_arit_b/sve_int_mul_b/pmul_z_zz_
2356	A64	Armv8-A	FEAT_SME,FEAT_SVE2	A64/sve/sve_int_unpred_arit_b/sve_int_mul_b/smulh_z_zz_
2357	A64	Armv8-A	FEAT_SME,FEAT_SVE2	A64/sve/sve_int_unpred_arit_b/sve_int_mul_b/umulh_z_zz_
2358	A64	Armv8-A	FEAT_SME,FEAT_SVE2	A64/sve/sve_int_unpred_arit_b/sve_int_sqdmulh/sqdmulh_z_zz_
2359	A64	Armv8-A	FEAT_SME,FEAT_SVE2	A64/sve/sve_int_unpred_arit_b/sve_int_sqdmulh/sqrdmulh_z_zz_
2360	A64	Armv8-A	FEAT_SME2p3,FEAT_SVE2p3	A64/sve/sve_int_unpred_arit_b/sve_int_addqp/addqp_z_zz_
2361	A64	Armv8-A	FEAT_SME2p3,FEAT_SVE2p3	A64/sve/sve_int_unpred_arit_b/sve_int_addsubp/addsubp_z_zz_
2362	A64	Armv8-A	FEAT_SME,FEAT_SVE	A64/sve/sve_countelt/sve_int_countvlv0/sqinch_z_zs_
2363	A64	Armv8-A	FEAT_SME,FEAT_SVE	A64/sve/sve_countelt/sve_int_countvlv0/sqdech_z_zs_
2364	A64	Armv8-A	FEAT_SME,FEAT_SVE	A64/sve/sve_countelt/sve_int_countvlv0/uqinch_z_zs_
2365	A64	Armv8-A	FEAT_SME,FEAT_SVE	A64/sve/sve_countelt/sve_int_countvlv0/uqdech_z_zs_
2366	A64	Armv8-A	FEAT_SME,FEAT_SVE	A64/sve/sve_countelt/sve_int_countvlv0/sqincw_z_zs_
2367	A64	Armv8-A	FEAT_SME,FEAT_SVE	A64/sve/sve_countelt/sve_int_countvlv0/sqdecw_z_zs_
2368	A64	Armv8-A	FEAT_SME,FEAT_SVE	A64/sve/sve_countelt/sve_int_countvlv0/uqincw_z_zs_
2369	A64	Armv8-A	FEAT_SME,FEAT_SVE	A64/sve/sve_countelt/sve_int_countvlv0/uqdecw_z_zs_
2370	A64	Armv8-A	FEAT_SME,FEAT_SVE	A64/sve/sve_countelt/sve_int_countvlv0/sqincd_z_zs_
2371	A64	Armv8-A	FEAT_SME,FEAT_SVE	A64/sve/sve_countelt/sve_int_countvlv0/sqdecd_z_zs_
2372	A64	Armv8-A	FEAT_SME,FEAT_SVE	A64/sve/sve_countelt/sve_int_countvlv0/uqincd_z_zs_
2373	A64	Armv8-A	FEAT_SME,FEAT_SVE	A64/sve/sve_countelt/sve_int_countvlv0/uqdecd_z_zs_
2374	A64	Armv8-A	FEAT_SME,FEAT_SVE	A64/sve/sve_countelt/sve_int_countvlv1/inch_z_zs_
2375	A64	Armv8-A	FEAT_SME,FEAT_SVE	A64/sve/sve_countelt/sve_int_countvlv1/dech_z_zs_
2376	A64	Armv8-A	FEAT_SME,FEAT_SVE	A64/sve/sve_countelt/sve_int_countvlv1/incw_z_zs_
2377	A64	Armv8-A	FEAT_SME,FEAT_SVE	A64/sve/sve_countelt/sve_int_countvlv1/decw_z_zs_
2378	A64	Armv8-A	FEAT_SME,FEAT_SVE	A64/sve/sve_countelt/sve_int_countvlv1/incd_z_zs_
2379	A64	Armv8-A	FEAT_SME,FEAT_SVE	A64/sve/sve_countelt/sve_int_countvlv1/decd_z_zs_
2380	A64	Armv8-A	FEAT_SME,FEAT_SVE	A64/sve/sve_countelt/sve_int_count/cntb_r_s_
2381	A64	Armv8-A	FEAT_SME,FEAT_SVE	A64/sve/sve_countelt/sve_int_count/cnth_r_s_
2382	A64	Armv8-A	FEAT_SME,FEAT_SVE	A64/sve/sve_countelt/sve_int_count/cntw_r_s_
2383	A64	Armv8-A	FEAT_SME,FEAT_SVE	A64/sve/sve_countelt/sve_int_count/cntd_r_s_
2384	A64	Armv8-A	FEAT_SME,FEAT_SVE	A64/sve/sve_countelt/sve_int_pred_pattern_a/incb_r_rs_
2385	A64	Armv8-A	FEAT_SME,FEAT_SVE	A64/sve/sve_countelt/sve_int_pred_pattern_a/decb_r_rs_
2386	A64	Armv8-A	FEAT_SME,FEAT_SVE	A64/sve/sve_countelt/sve_int_pred_pattern_a/inch_r_rs_
2387	A64	Armv8-A	FEAT_SME,FEAT_SVE	A64/sve/sve_countelt/sve_int_pred_pattern_a/dech_r_rs_
2388	A64	Armv8-A	FEAT_SME,FEAT_SVE	A64/sve/sve_countelt/sve_int_pred_pattern_a/incw_r_rs_
2389	A64	Armv8-A	FEAT_SME,FEAT_SVE	A64/sve/sve_countelt/sve_int_pred_pattern_a/decw_r_rs_
2390	A64	Armv8-A	FEAT_SME,FEAT_SVE	A64/sve/sve_countelt/sve_int_pred_pattern_a/incd_r_rs_
2391	A64	Armv8-A	FEAT_SME,FEAT_SVE	A64/sve/sve_countelt/sve_int_pred_pattern_a/decd_r_rs_
2392	A64	Armv8-A	FEAT_SME,FEAT_SVE	A64/sve/sve_countelt/sve_int_pred_pattern_b/sqincb_r_rs_sx
2393	A64	Armv8-A	FEAT_SME,FEAT_SVE	A64/sve/sve_countelt/sve_int_pred_pattern_b/uqincb_r_rs_uw
2394	A64	Armv8-A	FEAT_SME,FEAT_SVE	A64/sve/sve_countelt/sve_int_pred_pattern_b/sqdecb_r_rs_sx
2395	A64	Armv8-A	FEAT_SME,FEAT_SVE	A64/sve/sve_countelt/sve_int_pred_pattern_b/uqdecb_r_rs_uw
2396	A64	Armv8-A	FEAT_SME,FEAT_SVE	A64/sve/sve_countelt/sve_int_pred_pattern_b/sqincb_r_rs_x
2397	A64	Armv8-A	FEAT_SME,FEAT_SVE	A64/sve/sve_countelt/sve_int_pred_pattern_b/sqdecb_r_rs_x
2398	A64	Armv8-A	FEAT_SME,FEAT_SVE	A64/sve/sve_countelt/sve_int_pred_pattern_b/sqinch_r_rs_sx
2399	A64	Armv8-A	FEAT_SME,FEAT_SVE	A64/sve/sve_countelt/sve_int_pred_pattern_b/uqinch_r_rs_uw
2400	A64	Armv8-A	FEAT_SME,FEAT_SVE	A64/sve/sve_countelt/sve_int_pred_pattern_b/sqdech_r_rs_sx
2401	A64	Armv8-A	FEAT_SME,FEAT_SVE	A64/sve/sve_countelt/sve_int_pred_pattern_b/uqdech_r_rs_uw
2402	A64	Armv8-A	FEAT_SME,FEAT_SVE	A64/sve/sve_countelt/sve_int_pred_pattern_b/sqinch_r_rs_x
2403	A64	Armv8-A	FEAT_SME,FEAT_SVE	A64/sve/sve_countelt/sve_int_pred_pattern_b/sqdech_r_rs_x
2404	A64	Armv8-A	FEAT_SME,FEAT_SVE	A64/sve/sve_countelt/sve_int_pred_pattern_b/sqincw_r_rs_sx
2405	A64	Armv8-A	FEAT_SME,FEAT_SVE	A64/sve/sve_countelt/sve_int_pred_pattern_b/uqincw_r_rs_uw
2406	A64	Armv8-A	FEAT_SME,FEAT_SVE	A64/sve/sve_countelt/sve_int_pred_pattern_b/sqdecw_r_rs_sx
2407	A64	Armv8-A	FEAT_SME,FEAT_SVE	A64/sve/sve_countelt/sve_int_pred_pattern_b/uqdecw_r_rs_uw
2408	A64	Armv8-A	FEAT_SME,FEAT_SVE	A64/sve/sve_countelt/sve_int_pred_pattern_b/sqincw_r_rs_x
2409	A64	Armv8-A	FEAT_SME,FEAT_SVE	A64/sve/sve_countelt/sve_int_pred_pattern_b/sqdecw_r_rs_x
2410	A64	Armv8-A	FEAT_SME,FEAT_SVE	A64/sve/sve_countelt/sve_int_pred_pattern_b/sqincd_r_rs_sx
2411	A64	Armv8-A	FEAT_SME,FEAT_SVE	A64/sve/sve_countelt/sve_int_pred_pattern_b/uqincd_r_rs_uw
2412	A64	Armv8-A	FEAT_SME,FEAT_SVE	A64/sve/sve_countelt/sve_int_pred_pattern_b/sqdecd_r_rs_sx
2413	A64	Armv8-A	FEAT_SME,FEAT_SVE	A64/sve/sve_countelt/sve_int_pred_pattern_b/uqdecd_r_rs_uw
2414	A64	Armv8-A	FEAT_SME,FEAT_SVE	A64/sve/sve_countelt/sve_int_pred_pattern_b/sqincd_r_rs_x
2415	A64	Armv8-A	FEAT_SME,FEAT_SVE	A64/sve/sve_countelt/sve_int_pred_pattern_b/sqdecd_r_rs_x
2416	A64	Armv8-A	FEAT_SME,FEAT_SVE	A64/sve/sve_countelt/sve_int_pred_pattern_b/uqincb_r_rs_x
2417	A64	Armv8-A	FEAT_SME,FEAT_SVE	A64/sve/sve_countelt/sve_int_pred_pattern_b/uqdecb_r_rs_x
2418	A64	Armv8-A	FEAT_SME,FEAT_SVE	A64/sve/sve_countelt/sve_int_pred_pattern_b/uqinch_r_rs_x
2419	A64	Armv8-A	FEAT_SME,FEAT_SVE	A64/sve/sve_countelt/sve_int_pred_pattern_b/uqdech_r_rs_x
2420	A64	Armv8-A	FEAT_SME,FEAT_SVE	A64/sve/sve_countelt/sve_int_pred_pattern_b/uqincw_r_rs_x
2421	A64	Armv8-A	FEAT_SME,FEAT_SVE	A64/sve/sve_countelt/sve_int_pred_pattern_b/uqdecw_r_rs_x
2422	A64	Armv8-A	FEAT_SME,FEAT_SVE	A64/sve/sve_countelt/sve_int_pred_pattern_b/uqincd_r_rs_x
2423	A64	Armv8-A	FEAT_SME,FEAT_SVE	A64/sve/sve_countelt/sve_int_pred_pattern_b/uqdecd_r_rs_x
2424	A64	Armv8-A	FEAT_SME,FEAT_SVE	A64/sve/sve_maskimm/sve_int_log_imm/orr_z_zi_
2425	A64	Armv8-A	FEAT_SME,FEAT_SVE	A64/sve/sve_maskimm/sve_int_log_imm/eor_z_zi_
2426	A64	Armv8-A	FEAT_SME,FEAT_SVE	A64/sve/sve_maskimm/sve_int_log_imm/and_z_zi_
2427	A64	Armv8-A	FEAT_SME,FEAT_SVE	A64/sve/sve_maskimm/sve_int_dup_mask_imm/dupm_z_i_
2428	A64	Armv8-A	FEAT_SME,FEAT_SVE	A64/sve/sve_wideimm_pred/sve_int_dup_imm_pred/cpy_z_o_i_
2429	A64	Armv8-A	FEAT_SME,FEAT_SVE	A64/sve/sve_wideimm_pred/sve_int_dup_imm_pred/cpy_z_p_i_
2430	A64	Armv8-A	FEAT_SME,FEAT_SVE	A64/sve/sve_wideimm_pred/sve_int_dup_fpimm_pred/fcpy_z_p_i_
2431	A64	Armv8-A	FEAT_SME,FEAT_SVE	A64/sve/sve_perm_extract/sve_int_perm_extract_i/ext_z_zi_des
2432	A64	Armv8-A	FEAT_SME,FEAT_SVE2	A64/sve/sve_perm_extract/sve_intx_perm_extract_i/ext_z_zi_con
2433	A64	Armv8-A	FEAT_F64MM	A64/sve/sve_perm_inter_long/sve_int_perm_bin_long_perm_zz/zip1_z_zz_q
2434	A64	Armv8-A	FEAT_F64MM	A64/sve/sve_perm_inter_long/sve_int_perm_bin_long_perm_zz/uzp1_z_zz_q
2435	A64	Armv8-A	FEAT_F64MM	A64/sve/sve_perm_inter_long/sve_int_perm_bin_long_perm_zz/trn1_z_zz_q
2436	A64	Armv8-A	FEAT_F64MM	A64/sve/sve_perm_inter_long/sve_int_perm_bin_long_perm_zz/zip2_z_zz_q
2437	A64	Armv8-A	FEAT_F64MM	A64/sve/sve_perm_inter_long/sve_int_perm_bin_long_perm_zz/uzp2_z_zz_q
2438	A64	Armv8-A	FEAT_F64MM	A64/sve/sve_perm_inter_long/sve_int_perm_bin_long_perm_zz/trn2_z_zz_q
2439	A64	Armv8-A	FEAT_SME,FEAT_SVE	A64/sve/sve_perm_unpred_a/sve_int_perm_dup_i/dup_z_zi_
2440	A64	Armv8-A	FEAT_SME2p1,FEAT_SVE2p1	A64/sve/sve_perm_quads_a/sve_int_perm_dupq_i/dupq_z_zi_
2441	A64	Armv8-A	FEAT_SME2p1,FEAT_SVE2p1	A64/sve/sve_perm_quads_a/sve_int_perm_extq/extq_z_zi_des
2442	A64	Armv8-A	FEAT_SME,FEAT_SVE2	A64/sve/sve_perm_unpred_b/sve_int_perm_tbl_3src/tbl_z_zz_2
2443	A64	Armv8-A	FEAT_SME,FEAT_SVE2	A64/sve/sve_perm_unpred_b/sve_int_perm_tbl_3src/tbx_z_zz_
2444	A64	Armv8-A	FEAT_SME,FEAT_SVE	A64/sve/sve_perm_unpred_c/sve_int_perm_tbl/tbl_z_zz_1
2445	A64	Armv8-A	FEAT_SME2p1,FEAT_SVE2p1	A64/sve/sve_perm_quads_c/sve_int_perm_tbxquads/tbxq_z_zz_
2446	A64	Armv8-A	FEAT_SME,FEAT_SVE	A64/sve/sve_perm_unpred_d/sve_int_perm_dup_r/dup_z_r_
2447	A64	Armv8-A	FEAT_SME,FEAT_SVE	A64/sve/sve_perm_unpred_d/sve_int_perm_insrs/insr_z_r_
2448	A64	Armv8-A	FEAT_SME2p1,FEAT_SVE2p1	A64/sve/sve_perm_unpred_d/sve_int_mov_v2p/pmov_p_zi_b
2449	A64	Armv8-A	FEAT_SME2p1,FEAT_SVE2p1	A64/sve/sve_perm_unpred_d/sve_int_mov_v2p/pmov_p_zi_h
2450	A64	Armv8-A	FEAT_SME2p1,FEAT_SVE2p1	A64/sve/sve_perm_unpred_d/sve_int_mov_v2p/pmov_p_zi_s
2451	A64	Armv8-A	FEAT_SME2p1,FEAT_SVE2p1	A64/sve/sve_perm_unpred_d/sve_int_mov_v2p/pmov_p_zi_d
2452	A64	Armv8-A	FEAT_SME2p1,FEAT_SVE2p1	A64/sve/sve_perm_unpred_d/sve_int_mov_p2v/pmov_z_pi_b
2453	A64	Armv8-A	FEAT_SME2p1,FEAT_SVE2p1	A64/sve/sve_perm_unpred_d/sve_int_mov_p2v/pmov_z_pi_h
2454	A64	Armv8-A	FEAT_SME2p1,FEAT_SVE2p1	A64/sve/sve_perm_unpred_d/sve_int_mov_p2v/pmov_z_pi_s
2455	A64	Armv8-A	FEAT_SME2p1,FEAT_SVE2p1	A64/sve/sve_perm_unpred_d/sve_int_mov_p2v/pmov_z_pi_d
2456	A64	Armv8-A	FEAT_SME,FEAT_SVE	A64/sve/sve_perm_unpred_d/sve_int_perm_unpk/sunpklo_z_z_
2457	A64	Armv8-A	FEAT_SME,FEAT_SVE	A64/sve/sve_perm_unpred_d/sve_int_perm_unpk/sunpkhi_z_z_
2458	A64	Armv8-A	FEAT_SME,FEAT_SVE	A64/sve/sve_perm_unpred_d/sve_int_perm_unpk/uunpklo_z_z_
2459	A64	Armv8-A	FEAT_SME,FEAT_SVE	A64/sve/sve_perm_unpred_d/sve_int_perm_unpk/uunpkhi_z_z_
2460	A64	Armv8-A	FEAT_SME,FEAT_SVE	A64/sve/sve_perm_unpred_d/sve_int_perm_insrv/insr_z_v_
2461	A64	Armv8-A	FEAT_SME,FEAT_SVE	A64/sve/sve_perm_unpred_d/sve_int_perm_reverse_z/rev_z_z_
2462	A64	Armv8-A	FEAT_SME,FEAT_SVE	A64/sve/sve_perm_predicates/sve_int_perm_bin_perm_pp/zip1_p_pp_
2463	A64	Armv8-A	FEAT_SME,FEAT_SVE	A64/sve/sve_perm_predicates/sve_int_perm_bin_perm_pp/uzp1_p_pp_
2464	A64	Armv8-A	FEAT_SME,FEAT_SVE	A64/sve/sve_perm_predicates/sve_int_perm_bin_perm_pp/trn1_p_pp_
2465	A64	Armv8-A	FEAT_SME,FEAT_SVE	A64/sve/sve_perm_predicates/sve_int_perm_bin_perm_pp/zip2_p_pp_
2466	A64	Armv8-A	FEAT_SME,FEAT_SVE	A64/sve/sve_perm_predicates/sve_int_perm_bin_perm_pp/uzp2_p_pp_
2467	A64	Armv8-A	FEAT_SME,FEAT_SVE	A64/sve/sve_perm_predicates/sve_int_perm_bin_perm_pp/trn2_p_pp_
2468	A64	Armv8-A	FEAT_SME,FEAT_SVE	A64/sve/sve_perm_predicates/sve_int_perm_punpk/punpklo_p_p_
2469	A64	Armv8-A	FEAT_SME,FEAT_SVE	A64/sve/sve_perm_predicates/sve_int_perm_punpk/punpkhi_p_p_
2470	A64	Armv8-A	FEAT_SME,FEAT_SVE	A64/sve/sve_perm_predicates/sve_int_perm_reverse_p/rev_p_p_
2471	A64	Armv8-A	FEAT_SME,FEAT_SVE	A64/sve/sve_perm_inter/sve_int_perm_bin_perm_zz/zip1_z_zz_
2472	A64	Armv8-A	FEAT_SME,FEAT_SVE	A64/sve/sve_perm_inter/sve_int_perm_bin_perm_zz/uzp1_z_zz_
2473	A64	Armv8-A	FEAT_SME,FEAT_SVE	A64/sve/sve_perm_inter/sve_int_perm_bin_perm_zz/trn1_z_zz_
2474	A64	Armv8-A	FEAT_SME,FEAT_SVE	A64/sve/sve_perm_inter/sve_int_perm_bin_perm_zz/zip2_z_zz_
2475	A64	Armv8-A	FEAT_SME,FEAT_SVE	A64/sve/sve_perm_inter/sve_int_perm_bin_perm_zz/uzp2_z_zz_
2476	A64	Armv8-A	FEAT_SME,FEAT_SVE	A64/sve/sve_perm_inter/sve_int_perm_bin_perm_zz/trn2_z_zz_
2477	A64	Armv8-A	FEAT_SME,FEAT_SVE	A64/sve/sve_perm_pred/sve_int_perm_cpy_v/cpy_z_p_v_
2478	A64	Armv8-A	FEAT_SME2p2,FEAT_SVE2p2	A64/sve/sve_perm_pred/sve_int_perm_compact/compact_z_p_z_s
2479	A64	Armv8-A	FEAT_SME2p2,FEAT_SVE	A64/sve/sve_perm_pred/sve_int_perm_compact/compact_z_p_z_
2480	A64	Armv8-A	FEAT_SME,FEAT_SVE	A64/sve/sve_perm_pred/sve_int_perm_last_v/lasta_v_p_z_
2481	A64	Armv8-A	FEAT_SME,FEAT_SVE	A64/sve/sve_perm_pred/sve_int_perm_last_v/lastb_v_p_z_
2482	A64	Armv8-A	FEAT_SME,FEAT_SVE	A64/sve/sve_perm_pred/sve_int_perm_rev/revb_z_z_m
2483	A64	Armv8-A	FEAT_SME2p2,FEAT_SVE2p2	A64/sve/sve_perm_pred/sve_int_perm_rev/revb_z_z_z
2484	A64	Armv8-A	FEAT_SME,FEAT_SVE	A64/sve/sve_perm_pred/sve_int_perm_rev/revh_z_z_m
2485	A64	Armv8-A	FEAT_SME2p2,FEAT_SVE2p2	A64/sve/sve_perm_pred/sve_int_perm_rev/revh_z_z_z
2486	A64	Armv8-A	FEAT_SME,FEAT_SVE	A64/sve/sve_perm_pred/sve_int_perm_rev/revw_z_z_m
2487	A64	Armv8-A	FEAT_SME2p2,FEAT_SVE2p2	A64/sve/sve_perm_pred/sve_int_perm_rev/revw_z_z_z
2488	A64	Armv8-A	FEAT_SME,FEAT_SVE	A64/sve/sve_perm_pred/sve_int_perm_rev/rbit_z_p_z_m
2489	A64	Armv8-A	FEAT_SME2p2,FEAT_SVE2p2	A64/sve/sve_perm_pred/sve_int_perm_rev/rbit_z_p_z_z
2490	A64	Armv8-A	FEAT_SME,FEAT_SVE	A64/sve/sve_perm_pred/sve_int_perm_clast_zz/clasta_z_p_zz_
2491	A64	Armv8-A	FEAT_SME,FEAT_SVE	A64/sve/sve_perm_pred/sve_int_perm_clast_zz/clastb_z_p_zz_
2492	A64	Armv8-A	FEAT_SME,FEAT_SVE	A64/sve/sve_perm_pred/sve_int_perm_clast_vz/clasta_v_p_z_
2493	A64	Armv8-A	FEAT_SME,FEAT_SVE	A64/sve/sve_perm_pred/sve_int_perm_clast_vz/clastb_v_p_z_
2494	A64	Armv8-A	FEAT_SME,FEAT_SVE	A64/sve/sve_perm_pred/sve_int_perm_splice/splice_z_p_zz_des
2495	A64	Armv8-A	FEAT_SME,FEAT_SVE2	A64/sve/sve_perm_pred/sve_intx_perm_splice/splice_z_p_zz_con
2496	A64	Armv8-A	FEAT_SME,FEAT_SVE	A64/sve/sve_perm_pred/sve_int_perm_last_r/lasta_r_p_z_
2497	A64	Armv8-A	FEAT_SME,FEAT_SVE	A64/sve/sve_perm_pred/sve_int_perm_last_r/lastb_r_p_z_
2498	A64	Armv8-A	FEAT_SME,FEAT_SVE	A64/sve/sve_perm_pred/sve_int_perm_cpy_r/cpy_z_p_r_
2499	A64	Armv8-A	FEAT_SME,FEAT_SVE	A64/sve/sve_perm_pred/sve_int_perm_clast_rz/clasta_r_p_z_
2500	A64	Armv8-A	FEAT_SME,FEAT_SVE	A64/sve/sve_perm_pred/sve_int_perm_clast_rz/clastb_r_p_z_
2501	A64	Armv8-A	FEAT_SME,FEAT_SVE2p1	A64/sve/sve_perm_pred/sve_int_perm_revd/revd_z_p_z_m
2502	A64	Armv8-A	FEAT_SME2p2,FEAT_SVE2p2	A64/sve/sve_perm_pred/sve_int_perm_revd/revd_z_p_z_z
2503	A64	Armv8-A	FEAT_SME2p2,FEAT_SVE2p2	A64/sve/sve_perm_pred/sve_int_perm_expand/expand_z_p_z_
2504	A64	Armv8-A	FEAT_SME,FEAT_SVE	A64/sve/sve_int_select/sve_int_sel_vvv/sel_z_p_zz_
2505	A64	Armv8-A	FEAT_SME,FEAT_SVE	A64/sve/sve_cmpvec/sve_int_cmp_0/cmphs_p_p_zz_
2506	A64	Armv8-A	FEAT_SME,FEAT_SVE	A64/sve/sve_cmpvec/sve_int_cmp_0/cmpge_p_p_zz_
2507	A64	Armv8-A	FEAT_SME,FEAT_SVE	A64/sve/sve_cmpvec/sve_int_cmp_0/cmpeq_p_p_zw_
2508	A64	Armv8-A	FEAT_SME,FEAT_SVE	A64/sve/sve_cmpvec/sve_int_cmp_0/cmpeq_p_p_zz_
2509	A64	Armv8-A	FEAT_SME,FEAT_SVE	A64/sve/sve_cmpvec/sve_int_cmp_0/cmphi_p_p_zz_
2510	A64	Armv8-A	FEAT_SME,FEAT_SVE	A64/sve/sve_cmpvec/sve_int_cmp_0/cmpgt_p_p_zz_
2511	A64	Armv8-A	FEAT_SME,FEAT_SVE	A64/sve/sve_cmpvec/sve_int_cmp_0/cmpne_p_p_zw_
2512	A64	Armv8-A	FEAT_SME,FEAT_SVE	A64/sve/sve_cmpvec/sve_int_cmp_0/cmpne_p_p_zz_
2513	A64	Armv8-A	FEAT_SME,FEAT_SVE	A64/sve/sve_cmpvec/sve_int_cmp_1/cmpge_p_p_zw_
2514	A64	Armv8-A	FEAT_SME,FEAT_SVE	A64/sve/sve_cmpvec/sve_int_cmp_1/cmphs_p_p_zw_
2515	A64	Armv8-A	FEAT_SME,FEAT_SVE	A64/sve/sve_cmpvec/sve_int_cmp_1/cmpgt_p_p_zw_
2516	A64	Armv8-A	FEAT_SME,FEAT_SVE	A64/sve/sve_cmpvec/sve_int_cmp_1/cmphi_p_p_zw_
2517	A64	Armv8-A	FEAT_SME,FEAT_SVE	A64/sve/sve_cmpvec/sve_int_cmp_1/cmplt_p_p_zw_
2518	A64	Armv8-A	FEAT_SME,FEAT_SVE	A64/sve/sve_cmpvec/sve_int_cmp_1/cmplo_p_p_zw_
2519	A64	Armv8-A	FEAT_SME,FEAT_SVE	A64/sve/sve_cmpvec/sve_int_cmp_1/cmple_p_p_zw_
2520	A64	Armv8-A	FEAT_SME,FEAT_SVE	A64/sve/sve_cmpvec/sve_int_cmp_1/cmpls_p_p_zw_
2521	A64	Armv8-A	FEAT_SME,FEAT_SVE	A64/sve/sve_cmpuimm/sve_int_ucmp_vi/cmphs_p_p_zi_
2522	A64	Armv8-A	FEAT_SME,FEAT_SVE	A64/sve/sve_cmpuimm/sve_int_ucmp_vi/cmphi_p_p_zi_
2523	A64	Armv8-A	FEAT_SME,FEAT_SVE	A64/sve/sve_cmpuimm/sve_int_ucmp_vi/cmplo_p_p_zi_
2524	A64	Armv8-A	FEAT_SME,FEAT_SVE	A64/sve/sve_cmpuimm/sve_int_ucmp_vi/cmpls_p_p_zi_
2525	A64	Armv8-A	FEAT_SME,FEAT_SVE	A64/sve/sve_cmpsimm/sve_int_scmp_vi/cmpge_p_p_zi_
2526	A64	Armv8-A	FEAT_SME,FEAT_SVE	A64/sve/sve_cmpsimm/sve_int_scmp_vi/cmpeq_p_p_zi_
2527	A64	Armv8-A	FEAT_SME,FEAT_SVE	A64/sve/sve_cmpsimm/sve_int_scmp_vi/cmplt_p_p_zi_
2528	A64	Armv8-A	FEAT_SME,FEAT_SVE	A64/sve/sve_cmpsimm/sve_int_scmp_vi/cmpgt_p_p_zi_
2529	A64	Armv8-A	FEAT_SME,FEAT_SVE	A64/sve/sve_cmpsimm/sve_int_scmp_vi/cmpne_p_p_zi_
2530	A64	Armv8-A	FEAT_SME,FEAT_SVE	A64/sve/sve_cmpsimm/sve_int_scmp_vi/cmple_p_p_zi_
2531	A64	Armv8-A	FEAT_SME,FEAT_SVE	A64/sve/sve_pred_gen_a/sve_int_pred_log/and_p_p_pp_z
2532	A64	Armv8-A	FEAT_SME,FEAT_SVE	A64/sve/sve_pred_gen_a/sve_int_pred_log/bic_p_p_pp_z
2533	A64	Armv8-A	FEAT_SME,FEAT_SVE	A64/sve/sve_pred_gen_a/sve_int_pred_log/orr_p_p_pp_z
2534	A64	Armv8-A	FEAT_SME,FEAT_SVE	A64/sve/sve_pred_gen_a/sve_int_pred_log/orn_p_p_pp_z
2535	A64	Armv8-A	FEAT_SME,FEAT_SVE	A64/sve/sve_pred_gen_a/sve_int_pred_log/eor_p_p_pp_z
2536	A64	Armv8-A	FEAT_SME,FEAT_SVE	A64/sve/sve_pred_gen_a/sve_int_pred_log/sel_p_p_pp_
2537	A64	Armv8-A	FEAT_SME,FEAT_SVE	A64/sve/sve_pred_gen_a/sve_int_pred_log/nor_p_p_pp_z
2538	A64	Armv8-A	FEAT_SME,FEAT_SVE	A64/sve/sve_pred_gen_a/sve_int_pred_log/nand_p_p_pp_z
2539	A64	Armv8-A	FEAT_SME,FEAT_SVE	A64/sve/sve_pred_gen_a/sve_int_pred_log/ands_p_p_pp_z
2540	A64	Armv8-A	FEAT_SME,FEAT_SVE	A64/sve/sve_pred_gen_a/sve_int_pred_log/bics_p_p_pp_z
2541	A64	Armv8-A	FEAT_SME,FEAT_SVE	A64/sve/sve_pred_gen_a/sve_int_pred_log/orrs_p_p_pp_z
2542	A64	Armv8-A	FEAT_SME,FEAT_SVE	A64/sve/sve_pred_gen_a/sve_int_pred_log/orns_p_p_pp_z
2543	A64	Armv8-A	FEAT_SME,FEAT_SVE	A64/sve/sve_pred_gen_a/sve_int_pred_log/eors_p_p_pp_z
2544	A64	Armv8-A	FEAT_SME,FEAT_SVE	A64/sve/sve_pred_gen_a/sve_int_pred_log/nors_p_p_pp_z
2545	A64	Armv8-A	FEAT_SME,FEAT_SVE	A64/sve/sve_pred_gen_a/sve_int_pred_log/nands_p_p_pp_z
2546	A64	Armv8-A	FEAT_SME,FEAT_SVE	A64/sve/sve_pred_gen_b/sve_int_brkp/brkpa_p_p_pp_
2547	A64	Armv8-A	FEAT_SME,FEAT_SVE	A64/sve/sve_pred_gen_b/sve_int_brkp/brkpas_p_p_pp_
2548	A64	Armv8-A	FEAT_SME,FEAT_SVE	A64/sve/sve_pred_gen_b/sve_int_brkp/brkpb_p_p_pp_
2549	A64	Armv8-A	FEAT_SME,FEAT_SVE	A64/sve/sve_pred_gen_b/sve_int_brkp/brkpbs_p_p_pp_
2550	A64	Armv8-A	FEAT_SME,FEAT_SVE	A64/sve/sve_pred_gen_c/sve_int_break/brka_p_p_p_
2551	A64	Armv8-A	FEAT_SME,FEAT_SVE	A64/sve/sve_pred_gen_c/sve_int_break/brkas_p_p_p_z
2552	A64	Armv8-A	FEAT_SME,FEAT_SVE	A64/sve/sve_pred_gen_c/sve_int_break/brkb_p_p_p_
2553	A64	Armv8-A	FEAT_SME,FEAT_SVE	A64/sve/sve_pred_gen_c/sve_int_break/brkbs_p_p_p_z
2554	A64	Armv8-A	FEAT_SME,FEAT_SVE	A64/sve/sve_pred_gen_c/sve_int_brkn/brkn_p_p_pp_
2555	A64	Armv8-A	FEAT_SME,FEAT_SVE	A64/sve/sve_pred_gen_c/sve_int_brkn/brkns_p_p_pp_
2556	A64	Armv8-A	FEAT_SME,FEAT_SVE	A64/sve/sve_pred_gen_d/sve_int_ptest/ptest__p_p_
2557	A64	Armv8-A	FEAT_SME,FEAT_SVE	A64/sve/sve_pred_gen_d/sve_int_pfirst/pfirst_p_p_p_
2558	A64	Armv8-A	FEAT_SME,FEAT_SVE	A64/sve/sve_pred_gen_d/sve_int_pnext/pnext_p_p_p_
2559	A64	Armv8-A	FEAT_SME,FEAT_SVE	A64/sve/sve_pred_gen_d/sve_int_ptrue/ptrue_p_s_
2560	A64	Armv8-A	FEAT_SME,FEAT_SVE	A64/sve/sve_pred_gen_d/sve_int_ptrue/ptrues_p_s_
2561	A64	Armv8-A	FEAT_SME,FEAT_SVE	A64/sve/sve_pred_gen_d/sve_int_pfalse/pfalse_p_
2562	A64	Armv8-A	FEAT_SVE	A64/sve/sve_pred_gen_d/sve_int_rdffr/rdffr_p_p_f_
2563	A64	Armv8-A	FEAT_SVE	A64/sve/sve_pred_gen_d/sve_int_rdffr/rdffrs_p_p_f_
2564	A64	Armv8-A	FEAT_SVE	A64/sve/sve_pred_gen_d/sve_int_rdffr_2/rdffr_p_f_
2565	A64	Armv8-A	FEAT_SME,FEAT_SVE2p1	A64/sve/sve_pred_dup/sve_int_pred_dup/psel_p_ppi_
2566	A64	Armv8-A	FEAT_SME2,FEAT_SVE2p1	A64/sve/sve_while_pn/sve_int_while_rr_pn/whilege_pn_rr_
2567	A64	Armv8-A	FEAT_SME2,FEAT_SVE2p1	A64/sve/sve_while_pn/sve_int_while_rr_pn/whilehs_pn_rr_
2568	A64	Armv8-A	FEAT_SME2,FEAT_SVE2p1	A64/sve/sve_while_pn/sve_int_while_rr_pn/whilegt_pn_rr_
2569	A64	Armv8-A	FEAT_SME2,FEAT_SVE2p1	A64/sve/sve_while_pn/sve_int_while_rr_pn/whilehi_pn_rr_
2570	A64	Armv8-A	FEAT_SME2,FEAT_SVE2p1	A64/sve/sve_while_pn/sve_int_while_rr_pn/whilelt_pn_rr_
2571	A64	Armv8-A	FEAT_SME2,FEAT_SVE2p1	A64/sve/sve_while_pn/sve_int_while_rr_pn/whilelo_pn_rr_
2572	A64	Armv8-A	FEAT_SME2,FEAT_SVE2p1	A64/sve/sve_while_pn/sve_int_while_rr_pn/whilele_pn_rr_
2573	A64	Armv8-A	FEAT_SME2,FEAT_SVE2p1	A64/sve/sve_while_pn/sve_int_while_rr_pn/whilels_pn_rr_
2574	A64	Armv8-A	FEAT_SME2,FEAT_SVE2p1	A64/sve/sve_while_pn/sve_int_while_rr_pair/whilege_pp_rr_
2575	A64	Armv8-A	FEAT_SME2,FEAT_SVE2p1	A64/sve/sve_while_pn/sve_int_while_rr_pair/whilehs_pp_rr_
2576	A64	Armv8-A	FEAT_SME2,FEAT_SVE2p1	A64/sve/sve_while_pn/sve_int_while_rr_pair/whilegt_pp_rr_
2577	A64	Armv8-A	FEAT_SME2,FEAT_SVE2p1	A64/sve/sve_while_pn/sve_int_while_rr_pair/whilehi_pp_rr_
2578	A64	Armv8-A	FEAT_SME2,FEAT_SVE2p1	A64/sve/sve_while_pn/sve_int_while_rr_pair/whilelt_pp_rr_
2579	A64	Armv8-A	FEAT_SME2,FEAT_SVE2p1	A64/sve/sve_while_pn/sve_int_while_rr_pair/whilelo_pp_rr_
2580	A64	Armv8-A	FEAT_SME2,FEAT_SVE2p1	A64/sve/sve_while_pn/sve_int_while_rr_pair/whilele_pp_rr_
2581	A64	Armv8-A	FEAT_SME2,FEAT_SVE2p1	A64/sve/sve_while_pn/sve_int_while_rr_pair/whilels_pp_rr_
2582	A64	Armv8-A	FEAT_SME2,FEAT_SVE2p1	A64/sve/sve_while_pn/sve_int_ctr_to_mask/pext_pn_rr_
2583	A64	Armv8-A	FEAT_SME2,FEAT_SVE2p1	A64/sve/sve_while_pn/sve_int_ctr_to_mask/pext_pp_rr_
2584	A64	Armv8-A	FEAT_SME2,FEAT_SVE2p1	A64/sve/sve_while_pn/sve_int_pn_ptrue/ptrue_pn_i_
2585	A64	Armv8-A	FEAT_SME,FEAT_SVE2	A64/sve/sve_cmpgpr/sve_int_while_rr/whilege_p_p_rr_
2586	A64	Armv8-A	FEAT_SME,FEAT_SVE2	A64/sve/sve_cmpgpr/sve_int_while_rr/whilehs_p_p_rr_
2587	A64	Armv8-A	FEAT_SME,FEAT_SVE2	A64/sve/sve_cmpgpr/sve_int_while_rr/whilegt_p_p_rr_
2588	A64	Armv8-A	FEAT_SME,FEAT_SVE2	A64/sve/sve_cmpgpr/sve_int_while_rr/whilehi_p_p_rr_
2589	A64	Armv8-A	FEAT_SME,FEAT_SVE	A64/sve/sve_cmpgpr/sve_int_while_rr/whilelt_p_p_rr_
2590	A64	Armv8-A	FEAT_SME,FEAT_SVE	A64/sve/sve_cmpgpr/sve_int_while_rr/whilelo_p_p_rr_
2591	A64	Armv8-A	FEAT_SME,FEAT_SVE	A64/sve/sve_cmpgpr/sve_int_while_rr/whilele_p_p_rr_
2592	A64	Armv8-A	FEAT_SME,FEAT_SVE	A64/sve/sve_cmpgpr/sve_int_while_rr/whilels_p_p_rr_
2593	A64	Armv8-A	FEAT_SME,FEAT_SVE	A64/sve/sve_cmpgpr/sve_int_cterm/ctermeq_rr_
2594	A64	Armv8-A	FEAT_SME,FEAT_SVE	A64/sve/sve_cmpgpr/sve_int_cterm/ctermne_rr_
2595	A64	Armv8-A	FEAT_SME,FEAT_SVE2	A64/sve/sve_cmpgpr/sve_int_whilenc/whilewr_p_rr_
2596	A64	Armv8-A	FEAT_SME,FEAT_SVE2	A64/sve/sve_cmpgpr/sve_int_whilenc/whilerw_p_rr_
2597	A64	Armv8-A	FEAT_SME,FEAT_SVE	A64/sve/sve_pred_count_a/sve_int_pcount_pred/cntp_r_p_p_
2598	A64	Armv8-A	FEAT_SME2p2,FEAT_SVE2p2	A64/sve/sve_pred_count_a/sve_int_pcount_pred/firstp_r_p_p_
2599	A64	Armv8-A	FEAT_SME2p2,FEAT_SVE2p2	A64/sve/sve_pred_count_a/sve_int_pcount_pred/lastp_r_p_p_
2600	A64	Armv8-A	FEAT_SME2,FEAT_SVE2p1	A64/sve/sve_pred_count_a/sve_int_pcount_pn/cntp_r_pn_
2601	A64	Armv8-A	FEAT_SME,FEAT_SVE	A64/sve/sve_pred_count_b/sve_int_count_v_sat/sqincp_z_p_z_
2602	A64	Armv8-A	FEAT_SME,FEAT_SVE	A64/sve/sve_pred_count_b/sve_int_count_v_sat/sqdecp_z_p_z_
2603	A64	Armv8-A	FEAT_SME,FEAT_SVE	A64/sve/sve_pred_count_b/sve_int_count_v_sat/uqincp_z_p_z_
2604	A64	Armv8-A	FEAT_SME,FEAT_SVE	A64/sve/sve_pred_count_b/sve_int_count_v_sat/uqdecp_z_p_z_
2605	A64	Armv8-A	FEAT_SME,FEAT_SVE	A64/sve/sve_pred_count_b/sve_int_count_v/incp_z_p_z_
2606	A64	Armv8-A	FEAT_SME,FEAT_SVE	A64/sve/sve_pred_count_b/sve_int_count_v/decp_z_p_z_
2607	A64	Armv8-A	FEAT_SME,FEAT_SVE	A64/sve/sve_pred_count_b/sve_int_count_r_sat/sqincp_r_p_r_sx
2608	A64	Armv8-A	FEAT_SME,FEAT_SVE	A64/sve/sve_pred_count_b/sve_int_count_r_sat/uqincp_r_p_r_uw
2609	A64	Armv8-A	FEAT_SME,FEAT_SVE	A64/sve/sve_pred_count_b/sve_int_count_r_sat/sqdecp_r_p_r_sx
2610	A64	Armv8-A	FEAT_SME,FEAT_SVE	A64/sve/sve_pred_count_b/sve_int_count_r_sat/uqdecp_r_p_r_uw
2611	A64	Armv8-A	FEAT_SME,FEAT_SVE	A64/sve/sve_pred_count_b/sve_int_count_r_sat/sqincp_r_p_r_x
2612	A64	Armv8-A	FEAT_SME,FEAT_SVE	A64/sve/sve_pred_count_b/sve_int_count_r_sat/sqdecp_r_p_r_x
2613	A64	Armv8-A	FEAT_SME,FEAT_SVE	A64/sve/sve_pred_count_b/sve_int_count_r_sat/uqincp_r_p_r_x
2614	A64	Armv8-A	FEAT_SME,FEAT_SVE	A64/sve/sve_pred_count_b/sve_int_count_r_sat/uqdecp_r_p_r_x
2615	A64	Armv8-A	FEAT_SME,FEAT_SVE	A64/sve/sve_pred_count_b/sve_int_count_r/incp_r_p_r_
2616	A64	Armv8-A	FEAT_SME,FEAT_SVE	A64/sve/sve_pred_count_b/sve_int_count_r/decp_r_p_r_
2617	A64	Armv8-A	FEAT_SVE	A64/sve/sve_pred_wrffr/sve_int_wrffr/wrffr_f_p_
2618	A64	Armv8-A	FEAT_SVE	A64/sve/sve_pred_wrffr/sve_int_setffr/setffr_f_
2619	A64	Armv8-A	FEAT_SME,FEAT_SVE	A64/sve/sve_wideimm_unpred/sve_int_arith_imm0/add_z_zi_
2620	A64	Armv8-A	FEAT_SME,FEAT_SVE	A64/sve/sve_wideimm_unpred/sve_int_arith_imm0/sub_z_zi_
2621	A64	Armv8-A	FEAT_SME,FEAT_SVE	A64/sve/sve_wideimm_unpred/sve_int_arith_imm0/subr_z_zi_
2622	A64	Armv8-A	FEAT_SME,FEAT_SVE	A64/sve/sve_wideimm_unpred/sve_int_arith_imm0/sqadd_z_zi_
2623	A64	Armv8-A	FEAT_SME,FEAT_SVE	A64/sve/sve_wideimm_unpred/sve_int_arith_imm0/sqsub_z_zi_
2624	A64	Armv8-A	FEAT_SME,FEAT_SVE	A64/sve/sve_wideimm_unpred/sve_int_arith_imm0/uqadd_z_zi_
2625	A64	Armv8-A	FEAT_SME,FEAT_SVE	A64/sve/sve_wideimm_unpred/sve_int_arith_imm0/uqsub_z_zi_
2626	A64	Armv8-A	FEAT_SME,FEAT_SVE	A64/sve/sve_wideimm_unpred/sve_int_arith_imm1/smax_z_zi_
2627	A64	Armv8-A	FEAT_SME,FEAT_SVE	A64/sve/sve_wideimm_unpred/sve_int_arith_imm1/smin_z_zi_
2628	A64	Armv8-A	FEAT_SME,FEAT_SVE	A64/sve/sve_wideimm_unpred/sve_int_arith_imm1/umax_z_zi_
2629	A64	Armv8-A	FEAT_SME,FEAT_SVE	A64/sve/sve_wideimm_unpred/sve_int_arith_imm1/umin_z_zi_
2630	A64	Armv8-A	FEAT_SME,FEAT_SVE	A64/sve/sve_wideimm_unpred/sve_int_arith_imm2/mul_z_zi_
2631	A64	Armv8-A	FEAT_SME,FEAT_SVE	A64/sve/sve_wideimm_unpred/sve_int_dup_imm/dup_z_i_
2632	A64	Armv8-A	FEAT_SME,FEAT_SVE	A64/sve/sve_wideimm_unpred/sve_int_dup_fpimm/fdup_z_i_
2633	A64	Armv8-A	FEAT_SME,FEAT_SVE	A64/sve/sve_intx_muladd_unpred/sve_intx_dot/sdot_z_zzz_
2634	A64	Armv8-A	FEAT_SME2p3,FEAT_SVE2p3	A64/sve/sve_intx_muladd_unpred/sve_intx_dot/sdot_z16_zzz_h
2635	A64	Armv8-A	FEAT_SME,FEAT_SVE	A64/sve/sve_intx_muladd_unpred/sve_intx_dot/udot_z_zzz_
2636	A64	Armv8-A	FEAT_SME2p3,FEAT_SVE2p3	A64/sve/sve_intx_muladd_unpred/sve_intx_dot/udot_z16_zzz_h
2637	A64	Armv8-A	FEAT_SME,FEAT_SVE2	A64/sve/sve_intx_muladd_unpred/sve_intx_qdmlalbt/sqdmlalbt_z_zzz_
2638	A64	Armv8-A	FEAT_SME,FEAT_SVE2	A64/sve/sve_intx_muladd_unpred/sve_intx_qdmlalbt/sqdmlslbt_z_zzz_
2639	A64	Armv8-A	FEAT_SME,FEAT_SVE2	A64/sve/sve_intx_muladd_unpred/sve_intx_cdot/cdot_z_zzz_
2640	A64	Armv8-A	FEAT_SME,FEAT_SVE2	A64/sve/sve_intx_muladd_unpred/sve_intx_cmla/cmla_z_zzz_
2641	A64	Armv8-A	FEAT_SME,FEAT_SVE2	A64/sve/sve_intx_muladd_unpred/sve_intx_cmla/sqrdcmlah_z_zzz_
2642	A64	Armv8-A	FEAT_SME,FEAT_SVE2	A64/sve/sve_intx_muladd_unpred/sve_intx_mlal_long/smlalb_z_zzz_
2643	A64	Armv8-A	FEAT_SME,FEAT_SVE2	A64/sve/sve_intx_muladd_unpred/sve_intx_mlal_long/smlslb_z_zzz_
2644	A64	Armv8-A	FEAT_SME,FEAT_SVE2	A64/sve/sve_intx_muladd_unpred/sve_intx_mlal_long/smlalt_z_zzz_
2645	A64	Armv8-A	FEAT_SME,FEAT_SVE2	A64/sve/sve_intx_muladd_unpred/sve_intx_mlal_long/smlslt_z_zzz_
2646	A64	Armv8-A	FEAT_SME,FEAT_SVE2	A64/sve/sve_intx_muladd_unpred/sve_intx_mlal_long/umlalb_z_zzz_
2647	A64	Armv8-A	FEAT_SME,FEAT_SVE2	A64/sve/sve_intx_muladd_unpred/sve_intx_mlal_long/umlslb_z_zzz_
2648	A64	Armv8-A	FEAT_SME,FEAT_SVE2	A64/sve/sve_intx_muladd_unpred/sve_intx_mlal_long/umlalt_z_zzz_
2649	A64	Armv8-A	FEAT_SME,FEAT_SVE2	A64/sve/sve_intx_muladd_unpred/sve_intx_mlal_long/umlslt_z_zzz_
2650	A64	Armv8-A	FEAT_SME,FEAT_SVE2	A64/sve/sve_intx_muladd_unpred/sve_intx_qdmlal_long/sqdmlalb_z_zzz_
2651	A64	Armv8-A	FEAT_SME,FEAT_SVE2	A64/sve/sve_intx_muladd_unpred/sve_intx_qdmlal_long/sqdmlslb_z_zzz_
2652	A64	Armv8-A	FEAT_SME,FEAT_SVE2	A64/sve/sve_intx_muladd_unpred/sve_intx_qdmlal_long/sqdmlalt_z_zzz_
2653	A64	Armv8-A	FEAT_SME,FEAT_SVE2	A64/sve/sve_intx_muladd_unpred/sve_intx_qdmlal_long/sqdmlslt_z_zzz_
2654	A64	Armv8-A	FEAT_SME,FEAT_SVE2	A64/sve/sve_intx_muladd_unpred/sve_intx_qrdmlah/sqrdmlah_z_zzz_
2655	A64	Armv8-A	FEAT_SME,FEAT_SVE2	A64/sve/sve_intx_muladd_unpred/sve_intx_qrdmlah/sqrdmlsh_z_zzz_
2656	A64	Armv8-A	FEAT_I8MM,FEAT_SME,FEAT_SVE	A64/sve/sve_intx_muladd_unpred/sve_intx_mixed_dot/usdot_z_zzz_s
2657	A64	Armv8-A	FEAT_SME,FEAT_SVE2	A64/sve/sve_intx_predicated/sve_intx_bin_pred_shift_sat_round/srshl_z_p_zz_
2658	A64	Armv8-A	FEAT_SME,FEAT_SVE2	A64/sve/sve_intx_predicated/sve_intx_bin_pred_shift_sat_round/srshlr_z_p_zz_
2659	A64	Armv8-A	FEAT_SME,FEAT_SVE2	A64/sve/sve_intx_predicated/sve_intx_bin_pred_shift_sat_round/sqshl_z_p_zz_
2660	A64	Armv8-A	FEAT_SME,FEAT_SVE2	A64/sve/sve_intx_predicated/sve_intx_bin_pred_shift_sat_round/sqrshl_z_p_zz_
2661	A64	Armv8-A	FEAT_SME,FEAT_SVE2	A64/sve/sve_intx_predicated/sve_intx_bin_pred_shift_sat_round/sqshlr_z_p_zz_
2662	A64	Armv8-A	FEAT_SME,FEAT_SVE2	A64/sve/sve_intx_predicated/sve_intx_bin_pred_shift_sat_round/sqrshlr_z_p_zz_
2663	A64	Armv8-A	FEAT_SME,FEAT_SVE2	A64/sve/sve_intx_predicated/sve_intx_bin_pred_shift_sat_round/urshl_z_p_zz_
2664	A64	Armv8-A	FEAT_SME,FEAT_SVE2	A64/sve/sve_intx_predicated/sve_intx_bin_pred_shift_sat_round/urshlr_z_p_zz_
2665	A64	Armv8-A	FEAT_SME,FEAT_SVE2	A64/sve/sve_intx_predicated/sve_intx_bin_pred_shift_sat_round/uqshl_z_p_zz_
2666	A64	Armv8-A	FEAT_SME,FEAT_SVE2	A64/sve/sve_intx_predicated/sve_intx_bin_pred_shift_sat_round/uqrshl_z_p_zz_
2667	A64	Armv8-A	FEAT_SME,FEAT_SVE2	A64/sve/sve_intx_predicated/sve_intx_bin_pred_shift_sat_round/uqshlr_z_p_zz_
2668	A64	Armv8-A	FEAT_SME,FEAT_SVE2	A64/sve/sve_intx_predicated/sve_intx_bin_pred_shift_sat_round/uqrshlr_z_p_zz_
2669	A64	Armv8-A	FEAT_SME,FEAT_SVE2	A64/sve/sve_intx_predicated/sve_intx_pred_arith_unary/urecpe_z_p_z_m
2670	A64	Armv8-A	FEAT_SME2p2,FEAT_SVE2p2	A64/sve/sve_intx_predicated/sve_intx_pred_arith_unary/urecpe_z_p_z_z
2671	A64	Armv8-A	FEAT_SME,FEAT_SVE2	A64/sve/sve_intx_predicated/sve_intx_pred_arith_unary/ursqrte_z_p_z_m
2672	A64	Armv8-A	FEAT_SME2p2,FEAT_SVE2p2	A64/sve/sve_intx_predicated/sve_intx_pred_arith_unary/ursqrte_z_p_z_z
2673	A64	Armv8-A	FEAT_SME,FEAT_SVE2	A64/sve/sve_intx_predicated/sve_intx_pred_arith_unary/sqabs_z_p_z_m
2674	A64	Armv8-A	FEAT_SME2p2,FEAT_SVE2p2	A64/sve/sve_intx_predicated/sve_intx_pred_arith_unary/sqabs_z_p_z_z
2675	A64	Armv8-A	FEAT_SME,FEAT_SVE2	A64/sve/sve_intx_predicated/sve_intx_pred_arith_unary/sqneg_z_p_z_m
2676	A64	Armv8-A	FEAT_SME2p2,FEAT_SVE2p2	A64/sve/sve_intx_predicated/sve_intx_pred_arith_unary/sqneg_z_p_z_z
2677	A64	Armv8-A	FEAT_SME,FEAT_SVE2	A64/sve/sve_intx_predicated/sve_intx_accumulate_long_pairs/sadalp_z_p_z_
2678	A64	Armv8-A	FEAT_SME,FEAT_SVE2	A64/sve/sve_intx_predicated/sve_intx_accumulate_long_pairs/uadalp_z_p_z_
2679	A64	Armv8-A	FEAT_SME,FEAT_SVE2	A64/sve/sve_intx_predicated/sve_intx_pred_arith_binary/shadd_z_p_zz_
2680	A64	Armv8-A	FEAT_SME,FEAT_SVE2	A64/sve/sve_intx_predicated/sve_intx_pred_arith_binary/shsub_z_p_zz_
2681	A64	Armv8-A	FEAT_SME,FEAT_SVE2	A64/sve/sve_intx_predicated/sve_intx_pred_arith_binary/srhadd_z_p_zz_
2682	A64	Armv8-A	FEAT_SME,FEAT_SVE2	A64/sve/sve_intx_predicated/sve_intx_pred_arith_binary/shsubr_z_p_zz_
2683	A64	Armv8-A	FEAT_SME,FEAT_SVE2	A64/sve/sve_intx_predicated/sve_intx_pred_arith_binary/uhadd_z_p_zz_
2684	A64	Armv8-A	FEAT_SME,FEAT_SVE2	A64/sve/sve_intx_predicated/sve_intx_pred_arith_binary/uhsub_z_p_zz_
2685	A64	Armv8-A	FEAT_SME,FEAT_SVE2	A64/sve/sve_intx_predicated/sve_intx_pred_arith_binary/urhadd_z_p_zz_
2686	A64	Armv8-A	FEAT_SME,FEAT_SVE2	A64/sve/sve_intx_predicated/sve_intx_pred_arith_binary/uhsubr_z_p_zz_
2687	A64	Armv8-A	FEAT_SME2p3,FEAT_SVE2p3	A64/sve/sve_intx_predicated/sve_intx_arith_binary_pairs/subp_z_p_zz_
2688	A64	Armv8-A	FEAT_SME,FEAT_SVE2	A64/sve/sve_intx_predicated/sve_intx_arith_binary_pairs/addp_z_p_zz_
2689	A64	Armv8-A	FEAT_SME,FEAT_SVE2	A64/sve/sve_intx_predicated/sve_intx_arith_binary_pairs/smaxp_z_p_zz_
2690	A64	Armv8-A	FEAT_SME,FEAT_SVE2	A64/sve/sve_intx_predicated/sve_intx_arith_binary_pairs/sminp_z_p_zz_
2691	A64	Armv8-A	FEAT_SME,FEAT_SVE2	A64/sve/sve_intx_predicated/sve_intx_arith_binary_pairs/umaxp_z_p_zz_
2692	A64	Armv8-A	FEAT_SME,FEAT_SVE2	A64/sve/sve_intx_predicated/sve_intx_arith_binary_pairs/uminp_z_p_zz_
2693	A64	Armv8-A	FEAT_SME,FEAT_SVE2	A64/sve/sve_intx_predicated/sve_intx_pred_arith_binary_sat/sqadd_z_p_zz_
2694	A64	Armv8-A	FEAT_SME,FEAT_SVE2	A64/sve/sve_intx_predicated/sve_intx_pred_arith_binary_sat/sqsub_z_p_zz_
2695	A64	Armv8-A	FEAT_SME,FEAT_SVE2	A64/sve/sve_intx_predicated/sve_intx_pred_arith_binary_sat/suqadd_z_p_zz_
2696	A64	Armv8-A	FEAT_SME,FEAT_SVE2	A64/sve/sve_intx_predicated/sve_intx_pred_arith_binary_sat/usqadd_z_p_zz_
2697	A64	Armv8-A	FEAT_SME,FEAT_SVE2	A64/sve/sve_intx_predicated/sve_intx_pred_arith_binary_sat/sqsubr_z_p_zz_
2698	A64	Armv8-A	FEAT_SME,FEAT_SVE2	A64/sve/sve_intx_predicated/sve_intx_pred_arith_binary_sat/uqadd_z_p_zz_
2699	A64	Armv8-A	FEAT_SME,FEAT_SVE2	A64/sve/sve_intx_predicated/sve_intx_pred_arith_binary_sat/uqsub_z_p_zz_
2700	A64	Armv8-A	FEAT_SME,FEAT_SVE2	A64/sve/sve_intx_predicated/sve_intx_pred_arith_binary_sat/uqsubr_z_p_zz_
2701	A64	Armv8-A	FEAT_SME,FEAT_SVE2p1	A64/sve/sve_intx_clamp/sve_intx_clamp/sclamp_z_zz_
2702	A64	Armv8-A	FEAT_SME,FEAT_SVE2p1	A64/sve/sve_intx_clamp/sve_intx_clamp/uclamp_z_zz_
2703	A64	Armv8-A	FEAT_SME2,FEAT_SVE2p1	A64/sve/sve_intx_dot2/sve_intx_dot2/sdot_z32_zzz_
2704	A64	Armv8-A	FEAT_SME2,FEAT_SVE2p1	A64/sve/sve_intx_dot2/sve_intx_dot2/udot_z32_zzz_
2705	A64	Armv8-A	FEAT_SME2,FEAT_SVE2p1	A64/sve/sve_intx_dot2_by_indexed_elem/sve_intx_dot2_by_indexed_elem/sdot_z32_zzzi_
2706	A64	Armv8-A	FEAT_SME2,FEAT_SVE2p1	A64/sve/sve_intx_dot2_by_indexed_elem/sve_intx_dot2_by_indexed_elem/udot_z32_zzzi_
2707	A64	Armv8-A	FEAT_CPA,FEAT_SVE	A64/sve/sve_ptr_muladd_unpred/sve_ptr_muladd_unpred/mlapt_z_zzz_
2708	A64	Armv8-A	FEAT_CPA,FEAT_SVE	A64/sve/sve_ptr_muladd_unpred/sve_ptr_muladd_unpred/madpt_z_zzz_
2709	A64	Armv8-A	FEAT_SME2p3,FEAT_SVE2p3	A64/sve/sve_abal/sve_abal/sabal_z_zz_
2710	A64	Armv8-A	FEAT_SME2p3,FEAT_SVE2p3	A64/sve/sve_abal/sve_abal/uabal_z_zz_
2711	A64	Armv8-A	FEAT_SME2p1,FEAT_SVE2p1	A64/sve/sve_perm_quads_b/sve_int_perm_binquads/zipq1_z_zz_
2712	A64	Armv8-A	FEAT_SME2p1,FEAT_SVE2p1	A64/sve/sve_perm_quads_b/sve_int_perm_binquads/uzpq1_z_zz_
2713	A64	Armv8-A	FEAT_SME2p1,FEAT_SVE2p1	A64/sve/sve_perm_quads_b/sve_int_perm_binquads/tblq_z_zz_
2714	A64	Armv8-A	FEAT_SME2p1,FEAT_SVE2p1	A64/sve/sve_perm_quads_b/sve_int_perm_binquads/zipq2_z_zz_
2715	A64	Armv8-A	FEAT_SME2p1,FEAT_SVE2p1	A64/sve/sve_perm_quads_b/sve_int_perm_binquads/uzpq2_z_zz_
2716	A64	Armv8-A	FEAT_SME,FEAT_SVE	A64/sve/sve_intx_by_indexed_elem/sve_intx_dot_by_indexed_elem/sdot_z_zzzi_s
2717	A64	Armv8-A	FEAT_SME,FEAT_SVE	A64/sve/sve_intx_by_indexed_elem/sve_intx_dot_by_indexed_elem/sdot_z_zzzi_d
2718	A64	Armv8-A	FEAT_SME2p3,FEAT_SVE2p3	A64/sve/sve_intx_by_indexed_elem/sve_intx_dot_by_indexed_elem/sdot_z16_zzzi_h
2719	A64	Armv8-A	FEAT_SME,FEAT_SVE	A64/sve/sve_intx_by_indexed_elem/sve_intx_dot_by_indexed_elem/udot_z_zzzi_s
2720	A64	Armv8-A	FEAT_SME,FEAT_SVE	A64/sve/sve_intx_by_indexed_elem/sve_intx_dot_by_indexed_elem/udot_z_zzzi_d
2721	A64	Armv8-A	FEAT_SME2p3,FEAT_SVE2p3	A64/sve/sve_intx_by_indexed_elem/sve_intx_dot_by_indexed_elem/udot_z16_zzzi_h
2722	A64	Armv8-A	FEAT_SME,FEAT_SVE2	A64/sve/sve_intx_by_indexed_elem/sve_intx_mla_by_indexed_elem/mla_z_zzzi_h
2723	A64	Armv8-A	FEAT_SME,FEAT_SVE2	A64/sve/sve_intx_by_indexed_elem/sve_intx_mla_by_indexed_elem/mla_z_zzzi_s
2724	A64	Armv8-A	FEAT_SME,FEAT_SVE2	A64/sve/sve_intx_by_indexed_elem/sve_intx_mla_by_indexed_elem/mla_z_zzzi_d
2725	A64	Armv8-A	FEAT_SME,FEAT_SVE2	A64/sve/sve_intx_by_indexed_elem/sve_intx_mla_by_indexed_elem/mls_z_zzzi_h
2726	A64	Armv8-A	FEAT_SME,FEAT_SVE2	A64/sve/sve_intx_by_indexed_elem/sve_intx_mla_by_indexed_elem/mls_z_zzzi_s
2727	A64	Armv8-A	FEAT_SME,FEAT_SVE2	A64/sve/sve_intx_by_indexed_elem/sve_intx_mla_by_indexed_elem/mls_z_zzzi_d
2728	A64	Armv8-A	FEAT_SME,FEAT_SVE2	A64/sve/sve_intx_by_indexed_elem/sve_intx_qrdmlah_by_indexed_elem/sqrdmlah_z_zzzi_h
2729	A64	Armv8-A	FEAT_SME,FEAT_SVE2	A64/sve/sve_intx_by_indexed_elem/sve_intx_qrdmlah_by_indexed_elem/sqrdmlah_z_zzzi_s
2730	A64	Armv8-A	FEAT_SME,FEAT_SVE2	A64/sve/sve_intx_by_indexed_elem/sve_intx_qrdmlah_by_indexed_elem/sqrdmlah_z_zzzi_d
2731	A64	Armv8-A	FEAT_SME,FEAT_SVE2	A64/sve/sve_intx_by_indexed_elem/sve_intx_qrdmlah_by_indexed_elem/sqrdmlsh_z_zzzi_h
2732	A64	Armv8-A	FEAT_SME,FEAT_SVE2	A64/sve/sve_intx_by_indexed_elem/sve_intx_qrdmlah_by_indexed_elem/sqrdmlsh_z_zzzi_s
2733	A64	Armv8-A	FEAT_SME,FEAT_SVE2	A64/sve/sve_intx_by_indexed_elem/sve_intx_qrdmlah_by_indexed_elem/sqrdmlsh_z_zzzi_d
2734	A64	Armv8-A	FEAT_I8MM,FEAT_SME,FEAT_SVE	A64/sve/sve_intx_by_indexed_elem/sve_intx_mixed_dot_by_indexed_elem/usdot_z_zzzi_s
2735	A64	Armv8-A	FEAT_I8MM,FEAT_SME,FEAT_SVE	A64/sve/sve_intx_by_indexed_elem/sve_intx_mixed_dot_by_indexed_elem/sudot_z_zzzi_s
2736	A64	Armv8-A	FEAT_SME,FEAT_SVE2	A64/sve/sve_intx_by_indexed_elem/sve_intx_qdmla_long_by_indexed_elem/sqdmlalb_z_zzzi_s
2737	A64	Armv8-A	FEAT_SME,FEAT_SVE2	A64/sve/sve_intx_by_indexed_elem/sve_intx_qdmla_long_by_indexed_elem/sqdmlalb_z_zzzi_d
2738	A64	Armv8-A	FEAT_SME,FEAT_SVE2	A64/sve/sve_intx_by_indexed_elem/sve_intx_qdmla_long_by_indexed_elem/sqdmlslb_z_zzzi_s
2739	A64	Armv8-A	FEAT_SME,FEAT_SVE2	A64/sve/sve_intx_by_indexed_elem/sve_intx_qdmla_long_by_indexed_elem/sqdmlslb_z_zzzi_d
2740	A64	Armv8-A	FEAT_SME,FEAT_SVE2	A64/sve/sve_intx_by_indexed_elem/sve_intx_qdmla_long_by_indexed_elem/sqdmlalt_z_zzzi_s
2741	A64	Armv8-A	FEAT_SME,FEAT_SVE2	A64/sve/sve_intx_by_indexed_elem/sve_intx_qdmla_long_by_indexed_elem/sqdmlalt_z_zzzi_d
2742	A64	Armv8-A	FEAT_SME,FEAT_SVE2	A64/sve/sve_intx_by_indexed_elem/sve_intx_qdmla_long_by_indexed_elem/sqdmlslt_z_zzzi_s
2743	A64	Armv8-A	FEAT_SME,FEAT_SVE2	A64/sve/sve_intx_by_indexed_elem/sve_intx_qdmla_long_by_indexed_elem/sqdmlslt_z_zzzi_d
2744	A64	Armv8-A	FEAT_SME,FEAT_SVE2	A64/sve/sve_intx_by_indexed_elem/sve_intx_cdot_by_indexed_elem/cdot_z_zzzi_s
2745	A64	Armv8-A	FEAT_SME,FEAT_SVE2	A64/sve/sve_intx_by_indexed_elem/sve_intx_cdot_by_indexed_elem/cdot_z_zzzi_d
2746	A64	Armv8-A	FEAT_SME,FEAT_SVE2	A64/sve/sve_intx_by_indexed_elem/sve_intx_cmla_by_indexed_elem/cmla_z_zzzi_h
2747	A64	Armv8-A	FEAT_SME,FEAT_SVE2	A64/sve/sve_intx_by_indexed_elem/sve_intx_cmla_by_indexed_elem/cmla_z_zzzi_s
2748	A64	Armv8-A	FEAT_SME,FEAT_SVE2	A64/sve/sve_intx_by_indexed_elem/sve_intx_qrdcmla_by_indexed_elem/sqrdcmlah_z_zzzi_h
2749	A64	Armv8-A	FEAT_SME,FEAT_SVE2	A64/sve/sve_intx_by_indexed_elem/sve_intx_qrdcmla_by_indexed_elem/sqrdcmlah_z_zzzi_s
2750	A64	Armv8-A	FEAT_SME,FEAT_SVE2	A64/sve/sve_intx_by_indexed_elem/sve_intx_mla_long_by_indexed_elem/smlalb_z_zzzi_s
2751	A64	Armv8-A	FEAT_SME,FEAT_SVE2	A64/sve/sve_intx_by_indexed_elem/sve_intx_mla_long_by_indexed_elem/smlalb_z_zzzi_d
2752	A64	Armv8-A	FEAT_SME,FEAT_SVE2	A64/sve/sve_intx_by_indexed_elem/sve_intx_mla_long_by_indexed_elem/smlslb_z_zzzi_s
2753	A64	Armv8-A	FEAT_SME,FEAT_SVE2	A64/sve/sve_intx_by_indexed_elem/sve_intx_mla_long_by_indexed_elem/smlslb_z_zzzi_d
2754	A64	Armv8-A	FEAT_SME,FEAT_SVE2	A64/sve/sve_intx_by_indexed_elem/sve_intx_mla_long_by_indexed_elem/smlalt_z_zzzi_s
2755	A64	Armv8-A	FEAT_SME,FEAT_SVE2	A64/sve/sve_intx_by_indexed_elem/sve_intx_mla_long_by_indexed_elem/smlalt_z_zzzi_d
2756	A64	Armv8-A	FEAT_SME,FEAT_SVE2	A64/sve/sve_intx_by_indexed_elem/sve_intx_mla_long_by_indexed_elem/smlslt_z_zzzi_s
2757	A64	Armv8-A	FEAT_SME,FEAT_SVE2	A64/sve/sve_intx_by_indexed_elem/sve_intx_mla_long_by_indexed_elem/smlslt_z_zzzi_d
2758	A64	Armv8-A	FEAT_SME,FEAT_SVE2	A64/sve/sve_intx_by_indexed_elem/sve_intx_mla_long_by_indexed_elem/umlalb_z_zzzi_s
2759	A64	Armv8-A	FEAT_SME,FEAT_SVE2	A64/sve/sve_intx_by_indexed_elem/sve_intx_mla_long_by_indexed_elem/umlalb_z_zzzi_d
2760	A64	Armv8-A	FEAT_SME,FEAT_SVE2	A64/sve/sve_intx_by_indexed_elem/sve_intx_mla_long_by_indexed_elem/umlslb_z_zzzi_s
2761	A64	Armv8-A	FEAT_SME,FEAT_SVE2	A64/sve/sve_intx_by_indexed_elem/sve_intx_mla_long_by_indexed_elem/umlslb_z_zzzi_d
2762	A64	Armv8-A	FEAT_SME,FEAT_SVE2	A64/sve/sve_intx_by_indexed_elem/sve_intx_mla_long_by_indexed_elem/umlalt_z_zzzi_s
2763	A64	Armv8-A	FEAT_SME,FEAT_SVE2	A64/sve/sve_intx_by_indexed_elem/sve_intx_mla_long_by_indexed_elem/umlalt_z_zzzi_d
2764	A64	Armv8-A	FEAT_SME,FEAT_SVE2	A64/sve/sve_intx_by_indexed_elem/sve_intx_mla_long_by_indexed_elem/umlslt_z_zzzi_s
2765	A64	Armv8-A	FEAT_SME,FEAT_SVE2	A64/sve/sve_intx_by_indexed_elem/sve_intx_mla_long_by_indexed_elem/umlslt_z_zzzi_d
2766	A64	Armv8-A	FEAT_SME,FEAT_SVE2	A64/sve/sve_intx_by_indexed_elem/sve_intx_mul_long_by_indexed_elem/smullb_z_zzi_s
2767	A64	Armv8-A	FEAT_SME,FEAT_SVE2	A64/sve/sve_intx_by_indexed_elem/sve_intx_mul_long_by_indexed_elem/smullb_z_zzi_d
2768	A64	Armv8-A	FEAT_SME,FEAT_SVE2	A64/sve/sve_intx_by_indexed_elem/sve_intx_mul_long_by_indexed_elem/smullt_z_zzi_s
2769	A64	Armv8-A	FEAT_SME,FEAT_SVE2	A64/sve/sve_intx_by_indexed_elem/sve_intx_mul_long_by_indexed_elem/smullt_z_zzi_d
2770	A64	Armv8-A	FEAT_SME,FEAT_SVE2	A64/sve/sve_intx_by_indexed_elem/sve_intx_mul_long_by_indexed_elem/umullb_z_zzi_s
2771	A64	Armv8-A	FEAT_SME,FEAT_SVE2	A64/sve/sve_intx_by_indexed_elem/sve_intx_mul_long_by_indexed_elem/umullb_z_zzi_d
2772	A64	Armv8-A	FEAT_SME,FEAT_SVE2	A64/sve/sve_intx_by_indexed_elem/sve_intx_mul_long_by_indexed_elem/umullt_z_zzi_s
2773	A64	Armv8-A	FEAT_SME,FEAT_SVE2	A64/sve/sve_intx_by_indexed_elem/sve_intx_mul_long_by_indexed_elem/umullt_z_zzi_d
2774	A64	Armv8-A	FEAT_SME,FEAT_SVE2	A64/sve/sve_intx_by_indexed_elem/sve_intx_qdmul_long_by_indexed_elem/sqdmullb_z_zzi_s
2775	A64	Armv8-A	FEAT_SME,FEAT_SVE2	A64/sve/sve_intx_by_indexed_elem/sve_intx_qdmul_long_by_indexed_elem/sqdmullb_z_zzi_d
2776	A64	Armv8-A	FEAT_SME,FEAT_SVE2	A64/sve/sve_intx_by_indexed_elem/sve_intx_qdmul_long_by_indexed_elem/sqdmullt_z_zzi_s
2777	A64	Armv8-A	FEAT_SME,FEAT_SVE2	A64/sve/sve_intx_by_indexed_elem/sve_intx_qdmul_long_by_indexed_elem/sqdmullt_z_zzi_d
2778	A64	Armv8-A	FEAT_SME,FEAT_SVE2	A64/sve/sve_intx_by_indexed_elem/sve_intx_qdmulh_by_indexed_elem/sqdmulh_z_zzi_h
2779	A64	Armv8-A	FEAT_SME,FEAT_SVE2	A64/sve/sve_intx_by_indexed_elem/sve_intx_qdmulh_by_indexed_elem/sqdmulh_z_zzi_s
2780	A64	Armv8-A	FEAT_SME,FEAT_SVE2	A64/sve/sve_intx_by_indexed_elem/sve_intx_qdmulh_by_indexed_elem/sqdmulh_z_zzi_d
2781	A64	Armv8-A	FEAT_SME,FEAT_SVE2	A64/sve/sve_intx_by_indexed_elem/sve_intx_qdmulh_by_indexed_elem/sqrdmulh_z_zzi_h
2782	A64	Armv8-A	FEAT_SME,FEAT_SVE2	A64/sve/sve_intx_by_indexed_elem/sve_intx_qdmulh_by_indexed_elem/sqrdmulh_z_zzi_s
2783	A64	Armv8-A	FEAT_SME,FEAT_SVE2	A64/sve/sve_intx_by_indexed_elem/sve_intx_qdmulh_by_indexed_elem/sqrdmulh_z_zzi_d
2784	A64	Armv8-A	FEAT_SME,FEAT_SVE2	A64/sve/sve_intx_by_indexed_elem/sve_intx_mul_by_indexed_elem/mul_z_zzi_h
2785	A64	Armv8-A	FEAT_SME,FEAT_SVE2	A64/sve/sve_intx_by_indexed_elem/sve_intx_mul_by_indexed_elem/mul_z_zzi_s
2786	A64	Armv8-A	FEAT_SME,FEAT_SVE2	A64/sve/sve_intx_by_indexed_elem/sve_intx_mul_by_indexed_elem/mul_z_zzi_d
2787	A64	Armv8-A	FEAT_SME,FEAT_SVE2	A64/sve/sve_intx_cons_widening/sve_intx_cons_arith_long/saddlb_z_zz_
2788	A64	Armv8-A	FEAT_SME,FEAT_SVE2	A64/sve/sve_intx_cons_widening/sve_intx_cons_arith_long/ssublb_z_zz_
2789	A64	Armv8-A	FEAT_SME,FEAT_SVE2	A64/sve/sve_intx_cons_widening/sve_intx_cons_arith_long/sabdlb_z_zz_
2790	A64	Armv8-A	FEAT_SME,FEAT_SVE2	A64/sve/sve_intx_cons_widening/sve_intx_cons_arith_long/saddlt_z_zz_
2791	A64	Armv8-A	FEAT_SME,FEAT_SVE2	A64/sve/sve_intx_cons_widening/sve_intx_cons_arith_long/ssublt_z_zz_
2792	A64	Armv8-A	FEAT_SME,FEAT_SVE2	A64/sve/sve_intx_cons_widening/sve_intx_cons_arith_long/sabdlt_z_zz_
2793	A64	Armv8-A	FEAT_SME,FEAT_SVE2	A64/sve/sve_intx_cons_widening/sve_intx_cons_arith_long/uaddlb_z_zz_
2794	A64	Armv8-A	FEAT_SME,FEAT_SVE2	A64/sve/sve_intx_cons_widening/sve_intx_cons_arith_long/usublb_z_zz_
2795	A64	Armv8-A	FEAT_SME,FEAT_SVE2	A64/sve/sve_intx_cons_widening/sve_intx_cons_arith_long/uabdlb_z_zz_
2796	A64	Armv8-A	FEAT_SME,FEAT_SVE2	A64/sve/sve_intx_cons_widening/sve_intx_cons_arith_long/uaddlt_z_zz_
2797	A64	Armv8-A	FEAT_SME,FEAT_SVE2	A64/sve/sve_intx_cons_widening/sve_intx_cons_arith_long/usublt_z_zz_
2798	A64	Armv8-A	FEAT_SME,FEAT_SVE2	A64/sve/sve_intx_cons_widening/sve_intx_cons_arith_long/uabdlt_z_zz_
2799	A64	Armv8-A	FEAT_SME,FEAT_SVE2	A64/sve/sve_intx_cons_widening/sve_intx_cons_arith_wide/saddwb_z_zz_
2800	A64	Armv8-A	FEAT_SME,FEAT_SVE2	A64/sve/sve_intx_cons_widening/sve_intx_cons_arith_wide/ssubwb_z_zz_
2801	A64	Armv8-A	FEAT_SME,FEAT_SVE2	A64/sve/sve_intx_cons_widening/sve_intx_cons_arith_wide/saddwt_z_zz_
2802	A64	Armv8-A	FEAT_SME,FEAT_SVE2	A64/sve/sve_intx_cons_widening/sve_intx_cons_arith_wide/ssubwt_z_zz_
2803	A64	Armv8-A	FEAT_SME,FEAT_SVE2	A64/sve/sve_intx_cons_widening/sve_intx_cons_arith_wide/uaddwb_z_zz_
2804	A64	Armv8-A	FEAT_SME,FEAT_SVE2	A64/sve/sve_intx_cons_widening/sve_intx_cons_arith_wide/usubwb_z_zz_
2805	A64	Armv8-A	FEAT_SME,FEAT_SVE2	A64/sve/sve_intx_cons_widening/sve_intx_cons_arith_wide/uaddwt_z_zz_
2806	A64	Armv8-A	FEAT_SME,FEAT_SVE2	A64/sve/sve_intx_cons_widening/sve_intx_cons_arith_wide/usubwt_z_zz_
2807	A64	Armv8-A	FEAT_SME,FEAT_SVE2	A64/sve/sve_intx_cons_widening/sve_intx_cons_mul_long/sqdmullb_z_zz_
2808	A64	Armv8-A	FEAT_SVE_PMULL128	A64/sve/sve_intx_cons_widening/sve_intx_cons_mul_long/pmullb_z_zz_q
2809	A64	Armv8-A	FEAT_SME,FEAT_SVE2	A64/sve/sve_intx_cons_widening/sve_intx_cons_mul_long/pmullb_z_zz_
2810	A64	Armv8-A	FEAT_SME,FEAT_SVE2	A64/sve/sve_intx_cons_widening/sve_intx_cons_mul_long/smullb_z_zz_
2811	A64	Armv8-A	FEAT_SME,FEAT_SVE2	A64/sve/sve_intx_cons_widening/sve_intx_cons_mul_long/sqdmullt_z_zz_
2812	A64	Armv8-A	FEAT_SVE_PMULL128	A64/sve/sve_intx_cons_widening/sve_intx_cons_mul_long/pmullt_z_zz_q
2813	A64	Armv8-A	FEAT_SME,FEAT_SVE2	A64/sve/sve_intx_cons_widening/sve_intx_cons_mul_long/pmullt_z_zz_
2814	A64	Armv8-A	FEAT_SME,FEAT_SVE2	A64/sve/sve_intx_cons_widening/sve_intx_cons_mul_long/smullt_z_zz_
2815	A64	Armv8-A	FEAT_SME,FEAT_SVE2	A64/sve/sve_intx_cons_widening/sve_intx_cons_mul_long/umullb_z_zz_
2816	A64	Armv8-A	FEAT_SME,FEAT_SVE2	A64/sve/sve_intx_cons_widening/sve_intx_cons_mul_long/umullt_z_zz_
2817	A64	Armv8-A	FEAT_SME,FEAT_SVE2	A64/sve/sve_intx_constructive/sve_intx_clong/saddlbt_z_zz_
2818	A64	Armv8-A	FEAT_SME,FEAT_SVE2	A64/sve/sve_intx_constructive/sve_intx_clong/ssublbt_z_zz_
2819	A64	Armv8-A	FEAT_SME,FEAT_SVE2	A64/sve/sve_intx_constructive/sve_intx_clong/ssubltb_z_zz_
2820	A64	Armv8-A	FEAT_SME,FEAT_SVE2	A64/sve/sve_intx_constructive/sve_intx_eorx/eorbt_z_zz_
2821	A64	Armv8-A	FEAT_SME,FEAT_SVE2	A64/sve/sve_intx_constructive/sve_intx_eorx/eortb_z_zz_
2822	A64	Armv8-A	FEAT_I8MM,FEAT_SVE	A64/sve/sve_intx_constructive/sve_intx_mmla/smmla_z_zzz_
2823	A64	Armv8-A	FEAT_I8MM,FEAT_SVE	A64/sve/sve_intx_constructive/sve_intx_mmla/usmmla_z_zzz_
2824	A64	Armv8-A	FEAT_I8MM,FEAT_SVE	A64/sve/sve_intx_constructive/sve_intx_mmla/ummla_z_zzz_
2825	A64	Armv8-A	FEAT_SME,FEAT_SVE2	A64/sve/sve_intx_constructive/sve_intx_shift_long/sshllb_z_zi_
2826	A64	Armv8-A	FEAT_SME,FEAT_SVE2	A64/sve/sve_intx_constructive/sve_intx_shift_long/sshllt_z_zi_
2827	A64	Armv8-A	FEAT_SME,FEAT_SVE2	A64/sve/sve_intx_constructive/sve_intx_shift_long/ushllb_z_zi_
2828	A64	Armv8-A	FEAT_SME,FEAT_SVE2	A64/sve/sve_intx_constructive/sve_intx_shift_long/ushllt_z_zi_
2829	A64	Armv8-A	FEAT_SVE_BitPerm	A64/sve/sve_intx_constructive/sve_intx_perm_bit/bext_z_zz_
2830	A64	Armv8-A	FEAT_SVE_BitPerm	A64/sve/sve_intx_constructive/sve_intx_perm_bit/bdep_z_zz_
2831	A64	Armv8-A	FEAT_SVE_BitPerm	A64/sve/sve_intx_constructive/sve_intx_perm_bit/bgrp_z_zz_
2832	A64	Armv8-A	FEAT_SME,FEAT_SVE2	A64/sve/sve_intx_acc/sve_intx_aba_long/sabalb_z_zzz_
2833	A64	Armv8-A	FEAT_SME,FEAT_SVE2	A64/sve/sve_intx_acc/sve_intx_aba_long/sabalt_z_zzz_
2834	A64	Armv8-A	FEAT_SME,FEAT_SVE2	A64/sve/sve_intx_acc/sve_intx_aba_long/uabalb_z_zzz_
2835	A64	Armv8-A	FEAT_SME,FEAT_SVE2	A64/sve/sve_intx_acc/sve_intx_aba_long/uabalt_z_zzz_
2836	A64	Armv8-A	FEAT_SME,FEAT_SVE2	A64/sve/sve_intx_acc/sve_intx_adc_long/adclb_z_zzz_
2837	A64	Armv8-A	FEAT_SME,FEAT_SVE2	A64/sve/sve_intx_acc/sve_intx_adc_long/sbclb_z_zzz_
2838	A64	Armv8-A	FEAT_SME,FEAT_SVE2	A64/sve/sve_intx_acc/sve_intx_adc_long/adclt_z_zzz_
2839	A64	Armv8-A	FEAT_SME,FEAT_SVE2	A64/sve/sve_intx_acc/sve_intx_adc_long/sbclt_z_zzz_
2840	A64	Armv8-A	FEAT_SME,FEAT_SVE2	A64/sve/sve_intx_acc/sve_intx_cadd/cadd_z_zz_
2841	A64	Armv8-A	FEAT_SME,FEAT_SVE2	A64/sve/sve_intx_acc/sve_intx_cadd/sqcadd_z_zz_
2842	A64	Armv8-A	FEAT_SME,FEAT_SVE2	A64/sve/sve_intx_acc/sve_intx_sra/ssra_z_zi_
2843	A64	Armv8-A	FEAT_SME,FEAT_SVE2	A64/sve/sve_intx_acc/sve_intx_sra/srsra_z_zi_
2844	A64	Armv8-A	FEAT_SME,FEAT_SVE2	A64/sve/sve_intx_acc/sve_intx_sra/usra_z_zi_
2845	A64	Armv8-A	FEAT_SME,FEAT_SVE2	A64/sve/sve_intx_acc/sve_intx_sra/ursra_z_zi_
2846	A64	Armv8-A	FEAT_SME,FEAT_SVE2	A64/sve/sve_intx_acc/sve_intx_shift_insert/sri_z_zzi_
2847	A64	Armv8-A	FEAT_SME,FEAT_SVE2	A64/sve/sve_intx_acc/sve_intx_shift_insert/sli_z_zzi_
2848	A64	Armv8-A	FEAT_SME,FEAT_SVE2	A64/sve/sve_intx_acc/sve_intx_aba/saba_z_zzz_
2849	A64	Armv8-A	FEAT_SME,FEAT_SVE2	A64/sve/sve_intx_acc/sve_intx_aba/uaba_z_zzz_
2850	A64	Armv8-A	FEAT_SME,FEAT_SVE2	A64/sve/sve_intx_narrowing/sve_intx_shift_narrow/sqshrunb_z_zi_
2851	A64	Armv8-A	FEAT_SME,FEAT_SVE2	A64/sve/sve_intx_narrowing/sve_intx_shift_narrow/sqrshrunb_z_zi_
2852	A64	Armv8-A	FEAT_SME,FEAT_SVE2	A64/sve/sve_intx_narrowing/sve_intx_shift_narrow/shrnb_z_zi_
2853	A64	Armv8-A	FEAT_SME,FEAT_SVE2	A64/sve/sve_intx_narrowing/sve_intx_shift_narrow/rshrnb_z_zi_
2854	A64	Armv8-A	FEAT_SME,FEAT_SVE2	A64/sve/sve_intx_narrowing/sve_intx_shift_narrow/sqshrnb_z_zi_
2855	A64	Armv8-A	FEAT_SME,FEAT_SVE2	A64/sve/sve_intx_narrowing/sve_intx_shift_narrow/sqrshrnb_z_zi_
2856	A64	Armv8-A	FEAT_SME,FEAT_SVE2	A64/sve/sve_intx_narrowing/sve_intx_shift_narrow/sqshrunt_z_zi_
2857	A64	Armv8-A	FEAT_SME,FEAT_SVE2	A64/sve/sve_intx_narrowing/sve_intx_shift_narrow/sqrshrunt_z_zi_
2858	A64	Armv8-A	FEAT_SME,FEAT_SVE2	A64/sve/sve_intx_narrowing/sve_intx_shift_narrow/shrnt_z_zi_
2859	A64	Armv8-A	FEAT_SME,FEAT_SVE2	A64/sve/sve_intx_narrowing/sve_intx_shift_narrow/rshrnt_z_zi_
2860	A64	Armv8-A	FEAT_SME,FEAT_SVE2	A64/sve/sve_intx_narrowing/sve_intx_shift_narrow/sqshrnt_z_zi_
2861	A64	Armv8-A	FEAT_SME,FEAT_SVE2	A64/sve/sve_intx_narrowing/sve_intx_shift_narrow/sqrshrnt_z_zi_
2862	A64	Armv8-A	FEAT_SME,FEAT_SVE2	A64/sve/sve_intx_narrowing/sve_intx_shift_narrow/uqshrnb_z_zi_
2863	A64	Armv8-A	FEAT_SME,FEAT_SVE2	A64/sve/sve_intx_narrowing/sve_intx_shift_narrow/uqrshrnb_z_zi_
2864	A64	Armv8-A	FEAT_SME,FEAT_SVE2	A64/sve/sve_intx_narrowing/sve_intx_shift_narrow/uqshrnt_z_zi_
2865	A64	Armv8-A	FEAT_SME,FEAT_SVE2	A64/sve/sve_intx_narrowing/sve_intx_shift_narrow/uqrshrnt_z_zi_
2866	A64	Armv8-A	FEAT_SME2,FEAT_SVE2p1	A64/sve/sve_intx_narrowing/sve_intx_multi_shift_narrow/sqrshrn_z_mz2_
2867	A64	Armv8-A	FEAT_SME2p3,FEAT_SVE2p3	A64/sve/sve_intx_narrowing/sve_intx_multi_shift_narrow/sqrshrn_z_mz2_b
2868	A64	Armv8-A	FEAT_SME2,FEAT_SVE2p1	A64/sve/sve_intx_narrowing/sve_intx_multi_shift_narrow/sqrshrun_z_mz2_
2869	A64	Armv8-A	FEAT_SME2p3,FEAT_SVE2p3	A64/sve/sve_intx_narrowing/sve_intx_multi_shift_narrow/sqrshrun_z_mz2_b
2870	A64	Armv8-A	FEAT_SME2p3,FEAT_SVE2p3	A64/sve/sve_intx_narrowing/sve_intx_multi_shift_narrow/sqshrn_z_mz2_
2871	A64	Armv8-A	FEAT_SME2p3,FEAT_SVE2p3	A64/sve/sve_intx_narrowing/sve_intx_multi_shift_narrow/sqshrun_z_mz2_
2872	A64	Armv8-A	FEAT_SME2,FEAT_SVE2p1	A64/sve/sve_intx_narrowing/sve_intx_multi_shift_narrow/uqrshrn_z_mz2_
2873	A64	Armv8-A	FEAT_SME2p3,FEAT_SVE2p3	A64/sve/sve_intx_narrowing/sve_intx_multi_shift_narrow/uqrshrn_z_mz2_b
2874	A64	Armv8-A	FEAT_SME2p3,FEAT_SVE2p3	A64/sve/sve_intx_narrowing/sve_intx_multi_shift_narrow/uqshrn_z_mz2_
2875	A64	Armv8-A	FEAT_SME,FEAT_SVE2	A64/sve/sve_intx_narrowing/sve_intx_extract_narrow/sqxtnb_z_zz_
2876	A64	Armv8-A	FEAT_SME,FEAT_SVE2	A64/sve/sve_intx_narrowing/sve_intx_extract_narrow/sqxtunb_z_zz_
2877	A64	Armv8-A	FEAT_SME,FEAT_SVE2	A64/sve/sve_intx_narrowing/sve_intx_extract_narrow/sqxtnt_z_zz_
2878	A64	Armv8-A	FEAT_SME,FEAT_SVE2	A64/sve/sve_intx_narrowing/sve_intx_extract_narrow/sqxtunt_z_zz_
2879	A64	Armv8-A	FEAT_SME,FEAT_SVE2	A64/sve/sve_intx_narrowing/sve_intx_extract_narrow/uqxtnb_z_zz_
2880	A64	Armv8-A	FEAT_SME,FEAT_SVE2	A64/sve/sve_intx_narrowing/sve_intx_extract_narrow/uqxtnt_z_zz_
2881	A64	Armv8-A	FEAT_SME2,FEAT_SVE2p1	A64/sve/sve_intx_narrowing/sve_intx_multi_extract_narrow/sqcvtn_z_mz2_
2882	A64	Armv8-A	FEAT_SME2,FEAT_SVE2p1	A64/sve/sve_intx_narrowing/sve_intx_multi_extract_narrow/sqcvtun_z_mz2_
2883	A64	Armv8-A	FEAT_SME2,FEAT_SVE2p1	A64/sve/sve_intx_narrowing/sve_intx_multi_extract_narrow/uqcvtn_z_mz2_
2884	A64	Armv8-A	FEAT_SME,FEAT_SVE2	A64/sve/sve_intx_narrowing/sve_intx_arith_narrow/addhnb_z_zz_
2885	A64	Armv8-A	FEAT_SME,FEAT_SVE2	A64/sve/sve_intx_narrowing/sve_intx_arith_narrow/raddhnb_z_zz_
2886	A64	Armv8-A	FEAT_SME,FEAT_SVE2	A64/sve/sve_intx_narrowing/sve_intx_arith_narrow/subhnb_z_zz_
2887	A64	Armv8-A	FEAT_SME,FEAT_SVE2	A64/sve/sve_intx_narrowing/sve_intx_arith_narrow/rsubhnb_z_zz_
2888	A64	Armv8-A	FEAT_SME,FEAT_SVE2	A64/sve/sve_intx_narrowing/sve_intx_arith_narrow/addhnt_z_zz_
2889	A64	Armv8-A	FEAT_SME,FEAT_SVE2	A64/sve/sve_intx_narrowing/sve_intx_arith_narrow/raddhnt_z_zz_
2890	A64	Armv8-A	FEAT_SME,FEAT_SVE2	A64/sve/sve_intx_narrowing/sve_intx_arith_narrow/subhnt_z_zz_
2891	A64	Armv8-A	FEAT_SME,FEAT_SVE2	A64/sve/sve_intx_narrowing/sve_intx_arith_narrow/rsubhnt_z_zz_
2892	A64	Armv8-A	FEAT_SVE2	A64/sve/sve_intx_string/sve_intx_match/match_p_p_zz_
2893	A64	Armv8-A	FEAT_SVE2	A64/sve/sve_intx_string/sve_intx_match/nmatch_p_p_zz_
2894	A64	Armv8-A	FEAT_SVE2	A64/sve/sve_intx_histseg_lut/sve_intx_histseg/histseg_z_zz_
2895	A64	Armv8-A	FEAT_LUT,FEAT_SME2,FEAT_SVE2	A64/sve/sve_intx_histseg_lut/sve_intx_lut2_8/luti2_z_zz_8
2896	A64	Armv8-A	FEAT_LUT,FEAT_SME2,FEAT_SVE2	A64/sve/sve_intx_histseg_lut/sve_intx_lut2_16/luti2_z_zz_16
2897	A64	Armv8-A	FEAT_LUT,FEAT_SME2,FEAT_SVE2	A64/sve/sve_intx_histseg_lut/sve_intx_lut4_8/luti4_z_zz_8
2898	A64	Armv8-A	FEAT_LUT,FEAT_SME2,FEAT_SVE2	A64/sve/sve_intx_histseg_lut/sve_intx_lut4_16/luti4_z_zz_2x16
2899	A64	Armv8-A	FEAT_LUT,FEAT_SME2,FEAT_SVE2	A64/sve/sve_intx_histseg_lut/sve_intx_lut4_16/luti4_z_zz_1x16
2900	A64	Armv8-A	FEAT_SVE2p3	A64/sve/sve_intx_histseg_lut/sve_intx_lut6_8/luti6_z_zzz_8
2901	A64	Armv8-A	FEAT_SME2p3,FEAT_SVE2p3	A64/sve/sve_intx_histseg_lut/sve_intx_lut6_16/luti6_z_zzz_16
2902	A64	Armv8-A	FEAT_SVE2	A64/sve/sve_intx_histcnt/sve_intx_histcnt/histcnt_z_p_zz_
2903	A64	Armv8-A	FEAT_SVE_AES	A64/sve/sve_intx_crypto/sve_crypto_unary/aesmc_z_z_
2904	A64	Armv8-A	FEAT_SVE_AES	A64/sve/sve_intx_crypto/sve_crypto_unary/aesimc_z_z_
2905	A64	Armv8-A	FEAT_SVE_AES	A64/sve/sve_intx_crypto/sve_crypto_binary_dest/aese_z_zz_
2906	A64	Armv8-A	FEAT_SVE_AES	A64/sve/sve_intx_crypto/sve_crypto_binary_dest/aesd_z_zz_
2907	A64	Armv8-A	FEAT_SVE_SM4	A64/sve/sve_intx_crypto/sve_crypto_binary_dest/sm4e_z_zz_
2908	A64	Armv8-A	FEAT_SVE_AES2	A64/sve/sve_intx_crypto/sve_crypto_binary_multi2/aese_mz_zzi_2x1
2909	A64	Armv8-A	FEAT_SVE_AES2	A64/sve/sve_intx_crypto/sve_crypto_binary_multi2/aesd_mz_zzi_2x1
2910	A64	Armv8-A	FEAT_SVE_AES2	A64/sve/sve_intx_crypto/sve_crypto_binary_multi2/aesemc_mz_zzi_2x1
2911	A64	Armv8-A	FEAT_SVE_AES2	A64/sve/sve_intx_crypto/sve_crypto_binary_multi2/aesdimc_mz_zzi_2x1
2912	A64	Armv8-A	FEAT_SVE_AES2	A64/sve/sve_intx_crypto/sve_crypto_binary_multi4/aese_mz_zzi_4x1
2913	A64	Armv8-A	FEAT_SVE_AES2	A64/sve/sve_intx_crypto/sve_crypto_binary_multi4/aesd_mz_zzi_4x1
2914	A64	Armv8-A	FEAT_SVE_AES2	A64/sve/sve_intx_crypto/sve_crypto_binary_multi4/aesemc_mz_zzi_4x1
2915	A64	Armv8-A	FEAT_SVE_AES2	A64/sve/sve_intx_crypto/sve_crypto_binary_multi4/aesdimc_mz_zzi_4x1
2916	A64	Armv8-A	FEAT_SVE_SM4	A64/sve/sve_intx_crypto/sve_crypto_binary_const/sm4ekey_z_zz_
2917	A64	Armv8-A	FEAT_SVE_SHA3	A64/sve/sve_intx_crypto/sve_crypto_binary_const/rax1_z_zz_
2918	A64	Armv8-A	FEAT_SVE_AES2	A64/sve/sve_intx_crypto/sve_crypto_pmull_multi/pmull_mz_zzw_1x2
2919	A64	Armv8-A	FEAT_SVE_AES2	A64/sve/sve_intx_crypto/sve_crypto_pmlal_multi/pmlal_mz_zzzw_1x2
2920	A64	Armv8-A	FEAT_SME,FEAT_SVE	A64/sve/sve_fp_fcmla/sve_fp_fcmla/fcmla_z_p_zzz_
2921	A64	Armv8-A	FEAT_SME,FEAT_SVE	A64/sve/sve_fp_fcadd/sve_fp_fcadd/fcadd_z_p_zz_
2922	A64	Armv8-A	FEAT_SME2p2,FEAT_SVE2p2	A64/sve/sve_fp_fcvt2z/sve_fp_fcvt2z/fcvtxnt_z_p_z_d2sz
2923	A64	Armv8-A	FEAT_SME2p2,FEAT_SVE2p2	A64/sve/sve_fp_fcvt2z/sve_fp_fcvt2z/fcvtnt_z_p_z_s2hz
2924	A64	Armv8-A	FEAT_SME2p2,FEAT_SVE2p2	A64/sve/sve_fp_fcvt2z/sve_fp_fcvt2z/fcvtlt_z_p_z_h2sz
2925	A64	Armv8-A	FEAT_SME2p2,FEAT_SVE2p2	A64/sve/sve_fp_fcvt2z/sve_fp_fcvt2z/bfcvtnt_z_p_z_s2bfz
2926	A64	Armv8-A	FEAT_SME2p2,FEAT_SVE2p2	A64/sve/sve_fp_fcvt2z/sve_fp_fcvt2z/fcvtnt_z_p_z_d2sz
2927	A64	Armv8-A	FEAT_SME2p2,FEAT_SVE2p2	A64/sve/sve_fp_fcvt2z/sve_fp_fcvt2z/fcvtlt_z_p_z_s2dz
2928	A64	Armv8-A	FEAT_SME,FEAT_SVE2	A64/sve/sve_fp_fcvt2/sve_fp_fcvt2/fcvtxnt_z_p_z_d2s
2929	A64	Armv8-A	FEAT_SME,FEAT_SVE2	A64/sve/sve_fp_fcvt2/sve_fp_fcvt2/fcvtnt_z_p_z_s2h
2930	A64	Armv8-A	FEAT_SME,FEAT_SVE2	A64/sve/sve_fp_fcvt2/sve_fp_fcvt2/fcvtlt_z_p_z_h2s
2931	A64	Armv8-A	FEAT_BF16,FEAT_SME,FEAT_SVE	A64/sve/sve_fp_fcvt2/sve_fp_fcvt2/bfcvtnt_z_p_z_s2bf
2932	A64	Armv8-A	FEAT_SME,FEAT_SVE2	A64/sve/sve_fp_fcvt2/sve_fp_fcvt2/fcvtnt_z_p_z_d2s
2933	A64	Armv8-A	FEAT_SME,FEAT_SVE2	A64/sve/sve_fp_fcvt2/sve_fp_fcvt2/fcvtlt_z_p_z_s2d
2934	A64	Armv8-A	FEAT_SME,FEAT_SVE2	A64/sve/sve_fp_pairwise/sve_fp_pairwise/faddp_z_p_zz_
2935	A64	Armv8-A	FEAT_SME,FEAT_SVE2	A64/sve/sve_fp_pairwise/sve_fp_pairwise/fmaxnmp_z_p_zz_
2936	A64	Armv8-A	FEAT_SME,FEAT_SVE2	A64/sve/sve_fp_pairwise/sve_fp_pairwise/fminnmp_z_p_zz_
2937	A64	Armv8-A	FEAT_SME,FEAT_SVE2	A64/sve/sve_fp_pairwise/sve_fp_pairwise/fmaxp_z_p_zz_
2938	A64	Armv8-A	FEAT_SME,FEAT_SVE2	A64/sve/sve_fp_pairwise/sve_fp_pairwise/fminp_z_p_zz_
2939	A64	Armv8-A	FEAT_SME2p1,FEAT_SVE2p1	A64/sve/sve_fp_fastreduceq/sve_fp_fast_redq/faddqv_z_p_z_
2940	A64	Armv8-A	FEAT_SME2p1,FEAT_SVE2p1	A64/sve/sve_fp_fastreduceq/sve_fp_fast_redq/fmaxnmqv_z_p_z_
2941	A64	Armv8-A	FEAT_SME2p1,FEAT_SVE2p1	A64/sve/sve_fp_fastreduceq/sve_fp_fast_redq/fminnmqv_z_p_z_
2942	A64	Armv8-A	FEAT_SME2p1,FEAT_SVE2p1	A64/sve/sve_fp_fastreduceq/sve_fp_fast_redq/fmaxqv_z_p_z_
2943	A64	Armv8-A	FEAT_SME2p1,FEAT_SVE2p1	A64/sve/sve_fp_fastreduceq/sve_fp_fast_redq/fminqv_z_p_z_
2944	A64	Armv8-A	FEAT_SME2p2,FEAT_SVE2p2	A64/sve/sve_fp_zeroing_unary/sve_fp_z2op_p_zd_a/frintn_z_p_z_z
2945	A64	Armv8-A	FEAT_SME2p2,FEAT_SVE2p2	A64/sve/sve_fp_zeroing_unary/sve_fp_z2op_p_zd_a/frintp_z_p_z_z
2946	A64	Armv8-A	FEAT_SME2p2,FEAT_SVE2p2	A64/sve/sve_fp_zeroing_unary/sve_fp_z2op_p_zd_a/frintm_z_p_z_z
2947	A64	Armv8-A	FEAT_SME2p2,FEAT_SVE2p2	A64/sve/sve_fp_zeroing_unary/sve_fp_z2op_p_zd_a/frintz_z_p_z_z
2948	A64	Armv8-A	FEAT_SME2p2,FEAT_SVE2p2	A64/sve/sve_fp_zeroing_unary/sve_fp_z2op_p_zd_a/frinta_z_p_z_z
2949	A64	Armv8-A	FEAT_SME2p2,FEAT_SVE2p2	A64/sve/sve_fp_zeroing_unary/sve_fp_z2op_p_zd_a/frintx_z_p_z_z
2950	A64	Armv8-A	FEAT_SME2p2,FEAT_SVE2p2	A64/sve/sve_fp_zeroing_unary/sve_fp_z2op_p_zd_a/frinti_z_p_z_z
2951	A64	Armv8-A	FEAT_SME2p2,FEAT_SVE2p2	A64/sve/sve_fp_zeroing_unary/sve_fp_z2op_p_zd_b_0/fcvtx_z_p_z_d2sz
2952	A64	Armv8-A	FEAT_SME2p2,FEAT_SVE2p2	A64/sve/sve_fp_zeroing_unary/sve_fp_z2op_p_zd_b_0/fcvt_z_p_z_s2hz
2953	A64	Armv8-A	FEAT_SME2p2,FEAT_SVE2p2	A64/sve/sve_fp_zeroing_unary/sve_fp_z2op_p_zd_b_0/fcvt_z_p_z_h2sz
2954	A64	Armv8-A	FEAT_SME2p2,FEAT_SVE2p2	A64/sve/sve_fp_zeroing_unary/sve_fp_z2op_p_zd_b_0/bfcvt_z_p_z_s2bfz
2955	A64	Armv8-A	FEAT_SME2p2,FEAT_SVE2p2	A64/sve/sve_fp_zeroing_unary/sve_fp_z2op_p_zd_b_0/fcvt_z_p_z_d2hz
2956	A64	Armv8-A	FEAT_SME2p2,FEAT_SVE2p2	A64/sve/sve_fp_zeroing_unary/sve_fp_z2op_p_zd_b_0/fcvt_z_p_z_h2dz
2957	A64	Armv8-A	FEAT_SME2p2,FEAT_SVE2p2	A64/sve/sve_fp_zeroing_unary/sve_fp_z2op_p_zd_b_0/fcvt_z_p_z_d2sz
2958	A64	Armv8-A	FEAT_SME2p2,FEAT_SVE2p2	A64/sve/sve_fp_zeroing_unary/sve_fp_z2op_p_zd_b_0/fcvt_z_p_z_s2dz
2959	A64	Armv8-A	FEAT_SME2p2,FEAT_SVE2p2	A64/sve/sve_fp_zeroing_unary/sve_fp_z2op_p_zd_b_1/frecpx_z_p_z_z
2960	A64	Armv8-A	FEAT_SME2p2,FEAT_SVE2p2	A64/sve/sve_fp_zeroing_unary/sve_fp_z2op_p_zd_b_1/fsqrt_z_p_z_z
2961	A64	Armv8-A	FEAT_SME2p2,FEAT_SVE2p2	A64/sve/sve_fp_zeroing_unary/sve_fp_z2op_p_zd_c/frint32z_z_p_z_z
2962	A64	Armv8-A	FEAT_SME2p2,FEAT_SVE2p2	A64/sve/sve_fp_zeroing_unary/sve_fp_z2op_p_zd_c/frint32x_z_p_z_z
2963	A64	Armv8-A	FEAT_SME2p2,FEAT_SVE2p2	A64/sve/sve_fp_zeroing_unary/sve_fp_z2op_p_zd_c/frint64z_z_p_z_z
2964	A64	Armv8-A	FEAT_SME2p2,FEAT_SVE2p2	A64/sve/sve_fp_zeroing_unary/sve_fp_z2op_p_zd_c/frint64x_z_p_z_z
2965	A64	Armv8-A	FEAT_SME2p2,FEAT_SVE2p2	A64/sve/sve_fp_zeroing_unary/sve_fp_z2op_p_zd_c/scvtf_z_p_z_w2sz
2966	A64	Armv8-A	FEAT_SME2p2,FEAT_SVE2p2	A64/sve/sve_fp_zeroing_unary/sve_fp_z2op_p_zd_c/scvtf_z_p_z_w2dz
2967	A64	Armv8-A	FEAT_SME2p2,FEAT_SVE2p2	A64/sve/sve_fp_zeroing_unary/sve_fp_z2op_p_zd_c/scvtf_z_p_z_x2sz
2968	A64	Armv8-A	FEAT_SME2p2,FEAT_SVE2p2	A64/sve/sve_fp_zeroing_unary/sve_fp_z2op_p_zd_c/scvtf_z_p_z_x2dz
2969	A64	Armv8-A	FEAT_SME2p2,FEAT_SVE2p2	A64/sve/sve_fp_zeroing_unary/sve_fp_z2op_p_zd_c/scvtf_z_p_z_h2fp16z
2970	A64	Armv8-A	FEAT_SME2p2,FEAT_SVE2p2	A64/sve/sve_fp_zeroing_unary/sve_fp_z2op_p_zd_c/scvtf_z_p_z_w2fp16z
2971	A64	Armv8-A	FEAT_SME2p2,FEAT_SVE2p2	A64/sve/sve_fp_zeroing_unary/sve_fp_z2op_p_zd_c/scvtf_z_p_z_x2fp16z
2972	A64	Armv8-A	FEAT_SME2p2,FEAT_SVE2p2	A64/sve/sve_fp_zeroing_unary/sve_fp_z2op_p_zd_c/ucvtf_z_p_z_w2sz
2973	A64	Armv8-A	FEAT_SME2p2,FEAT_SVE2p2	A64/sve/sve_fp_zeroing_unary/sve_fp_z2op_p_zd_c/ucvtf_z_p_z_w2dz
2974	A64	Armv8-A	FEAT_SME2p2,FEAT_SVE2p2	A64/sve/sve_fp_zeroing_unary/sve_fp_z2op_p_zd_c/ucvtf_z_p_z_x2sz
2975	A64	Armv8-A	FEAT_SME2p2,FEAT_SVE2p2	A64/sve/sve_fp_zeroing_unary/sve_fp_z2op_p_zd_c/ucvtf_z_p_z_x2dz
2976	A64	Armv8-A	FEAT_SME2p2,FEAT_SVE2p2	A64/sve/sve_fp_zeroing_unary/sve_fp_z2op_p_zd_c/ucvtf_z_p_z_h2fp16z
2977	A64	Armv8-A	FEAT_SME2p2,FEAT_SVE2p2	A64/sve/sve_fp_zeroing_unary/sve_fp_z2op_p_zd_c/ucvtf_z_p_z_w2fp16z
2978	A64	Armv8-A	FEAT_SME2p2,FEAT_SVE2p2	A64/sve/sve_fp_zeroing_unary/sve_fp_z2op_p_zd_c/ucvtf_z_p_z_x2fp16z
2979	A64	Armv8-A	FEAT_SME2p2,FEAT_SVE2p2	A64/sve/sve_fp_zeroing_unary/sve_fp_z2op_p_zd_d/flogb_z_p_z_z
2980	A64	Armv8-A	FEAT_SME2p2,FEAT_SVE2p2	A64/sve/sve_fp_zeroing_unary/sve_fp_z2op_p_zd_d/fcvtzs_z_p_z_s2wz
2981	A64	Armv8-A	FEAT_SME2p2,FEAT_SVE2p2	A64/sve/sve_fp_zeroing_unary/sve_fp_z2op_p_zd_d/fcvtzs_z_p_z_d2wz
2982	A64	Armv8-A	FEAT_SME2p2,FEAT_SVE2p2	A64/sve/sve_fp_zeroing_unary/sve_fp_z2op_p_zd_d/fcvtzs_z_p_z_s2xz
2983	A64	Armv8-A	FEAT_SME2p2,FEAT_SVE2p2	A64/sve/sve_fp_zeroing_unary/sve_fp_z2op_p_zd_d/fcvtzs_z_p_z_d2xz
2984	A64	Armv8-A	FEAT_SME2p2,FEAT_SVE2p2	A64/sve/sve_fp_zeroing_unary/sve_fp_z2op_p_zd_d/fcvtzs_z_p_z_fp162hz
2985	A64	Armv8-A	FEAT_SME2p2,FEAT_SVE2p2	A64/sve/sve_fp_zeroing_unary/sve_fp_z2op_p_zd_d/fcvtzs_z_p_z_fp162wz
2986	A64	Armv8-A	FEAT_SME2p2,FEAT_SVE2p2	A64/sve/sve_fp_zeroing_unary/sve_fp_z2op_p_zd_d/fcvtzs_z_p_z_fp162xz
2987	A64	Armv8-A	FEAT_SME2p2,FEAT_SVE2p2	A64/sve/sve_fp_zeroing_unary/sve_fp_z2op_p_zd_d/fcvtzu_z_p_z_s2wz
2988	A64	Armv8-A	FEAT_SME2p2,FEAT_SVE2p2	A64/sve/sve_fp_zeroing_unary/sve_fp_z2op_p_zd_d/fcvtzu_z_p_z_d2wz
2989	A64	Armv8-A	FEAT_SME2p2,FEAT_SVE2p2	A64/sve/sve_fp_zeroing_unary/sve_fp_z2op_p_zd_d/fcvtzu_z_p_z_s2xz
2990	A64	Armv8-A	FEAT_SME2p2,FEAT_SVE2p2	A64/sve/sve_fp_zeroing_unary/sve_fp_z2op_p_zd_d/fcvtzu_z_p_z_d2xz
2991	A64	Armv8-A	FEAT_SME2p2,FEAT_SVE2p2	A64/sve/sve_fp_zeroing_unary/sve_fp_z2op_p_zd_d/fcvtzu_z_p_z_fp162hz
2992	A64	Armv8-A	FEAT_SME2p2,FEAT_SVE2p2	A64/sve/sve_fp_zeroing_unary/sve_fp_z2op_p_zd_d/fcvtzu_z_p_z_fp162wz
2993	A64	Armv8-A	FEAT_SME2p2,FEAT_SVE2p2	A64/sve/sve_fp_zeroing_unary/sve_fp_z2op_p_zd_d/fcvtzu_z_p_z_fp162xz
2994	A64	Armv8-A	FEAT_SME,FEAT_SVE	A64/sve/sve_fp_fma_by_indexed_elem/sve_fp_fma_by_indexed_elem/fmla_z_zzzi_h
2995	A64	Armv8-A	FEAT_SVE_B16B16	A64/sve/sve_fp_fma_by_indexed_elem/sve_fp_fma_by_indexed_elem/bfmla_z_zzzi_h
2996	A64	Armv8-A	FEAT_SME,FEAT_SVE	A64/sve/sve_fp_fma_by_indexed_elem/sve_fp_fma_by_indexed_elem/fmla_z_zzzi_s
2997	A64	Armv8-A	FEAT_SME,FEAT_SVE	A64/sve/sve_fp_fma_by_indexed_elem/sve_fp_fma_by_indexed_elem/fmla_z_zzzi_d
2998	A64	Armv8-A	FEAT_SME,FEAT_SVE	A64/sve/sve_fp_fma_by_indexed_elem/sve_fp_fma_by_indexed_elem/fmls_z_zzzi_h
2999	A64	Armv8-A	FEAT_SVE_B16B16	A64/sve/sve_fp_fma_by_indexed_elem/sve_fp_fma_by_indexed_elem/bfmls_z_zzzi_h
3000	A64	Armv8-A	FEAT_SME,FEAT_SVE	A64/sve/sve_fp_fma_by_indexed_elem/sve_fp_fma_by_indexed_elem/fmls_z_zzzi_s
3001	A64	Armv8-A	FEAT_SME,FEAT_SVE	A64/sve/sve_fp_fma_by_indexed_elem/sve_fp_fma_by_indexed_elem/fmls_z_zzzi_d
3002	A64	Armv8-A	FEAT_SME,FEAT_SVE	A64/sve/sve_fp_fcmla_by_indexed_elem/sve_fp_fcmla_by_indexed_elem/fcmla_z_zzzi_h
3003	A64	Armv8-A	FEAT_SME,FEAT_SVE	A64/sve/sve_fp_fcmla_by_indexed_elem/sve_fp_fcmla_by_indexed_elem/fcmla_z_zzzi_s
3004	A64	Armv8-A	FEAT_SME,FEAT_SVE	A64/sve/sve_fp_fmul_by_indexed_elem/sve_fp_fmul_by_indexed_elem/fmul_z_zzi_h
3005	A64	Armv8-A	FEAT_SVE_B16B16	A64/sve/sve_fp_fmul_by_indexed_elem/sve_fp_fmul_by_indexed_elem/bfmul_z_zzi_h
3006	A64	Armv8-A	FEAT_SME,FEAT_SVE	A64/sve/sve_fp_fmul_by_indexed_elem/sve_fp_fmul_by_indexed_elem/fmul_z_zzi_s
3007	A64	Armv8-A	FEAT_SME,FEAT_SVE	A64/sve/sve_fp_fmul_by_indexed_elem/sve_fp_fmul_by_indexed_elem/fmul_z_zzi_d
3008	A64	Armv8-A	FEAT_SME2,FEAT_SVE2p1	A64/sve/sve_fp_clamp/sve_fp_clamp/fclamp_z_zz_
3009	A64	Armv8-A	FEAT_SVE_B16B16	A64/sve/sve_fp_clamp/sve_fp_clamp/bfclamp_z_zz_
3010	A64	Armv8-A	FEAT_SME2,FEAT_SVE2p1	A64/sve/sve_fp_fma_w_by_indexed_elem/sve_fp_fdot_by_indexed_elem/fdot_z_zzzi_
3011	A64	Armv8-A	FEAT_BF16,FEAT_SME,FEAT_SVE	A64/sve/sve_fp_fma_w_by_indexed_elem/sve_fp_fdot_by_indexed_elem/bfdot_z_zzzi_
3012	A64	Armv8-A	FEAT_FP8DOT2,FEAT_SSVE_FP8DOT2,FEAT_SVE2	A64/sve/sve_fp_fma_w_by_indexed_elem/sve_fp_fdot_by_indexed_elem/fdot_z_zz8z8i_
3013	A64	Armv8-A	FEAT_FP8DOT4,FEAT_SSVE_FP8DOT4,FEAT_SVE2	A64/sve/sve_fp_fma_w_by_indexed_elem/sve_fp_fdot_by_indexed_elem/fdot_z32_zz8z8i_
3014	A64	Armv8-A	FEAT_SME,FEAT_SVE2	A64/sve/sve_fp_fma_w_by_indexed_elem/sve_fp_fma_long_by_indexed_elem/fmlalb_z_zzzi_s
3015	A64	Armv8-A	FEAT_BF16,FEAT_SME,FEAT_SVE	A64/sve/sve_fp_fma_w_by_indexed_elem/sve_fp_fma_long_by_indexed_elem/bfmlalb_z_zzzi_
3016	A64	Armv8-A	FEAT_SME,FEAT_SVE2	A64/sve/sve_fp_fma_w_by_indexed_elem/sve_fp_fma_long_by_indexed_elem/fmlslb_z_zzzi_s
3017	A64	Armv8-A	FEAT_SME2,FEAT_SVE2p1	A64/sve/sve_fp_fma_w_by_indexed_elem/sve_fp_fma_long_by_indexed_elem/bfmlslb_z_zzzi_
3018	A64	Armv8-A	FEAT_SME,FEAT_SVE2	A64/sve/sve_fp_fma_w_by_indexed_elem/sve_fp_fma_long_by_indexed_elem/fmlalt_z_zzzi_s
3019	A64	Armv8-A	FEAT_BF16,FEAT_SME,FEAT_SVE	A64/sve/sve_fp_fma_w_by_indexed_elem/sve_fp_fma_long_by_indexed_elem/bfmlalt_z_zzzi_
3020	A64	Armv8-A	FEAT_SME,FEAT_SVE2	A64/sve/sve_fp_fma_w_by_indexed_elem/sve_fp_fma_long_by_indexed_elem/fmlslt_z_zzzi_s
3021	A64	Armv8-A	FEAT_SME2,FEAT_SVE2p1	A64/sve/sve_fp_fma_w_by_indexed_elem/sve_fp_fma_long_by_indexed_elem/bfmlslt_z_zzzi_
3022	A64	Armv8-A	FEAT_FP8FMA,FEAT_SSVE_FP8FMA,FEAT_SVE2	A64/sve/sve_fp8_fma_w_by_indexed_elem/sve_fp8_fma_long_by_indexed_elem/fmlalb_z_z8z8z8i_
3023	A64	Armv8-A	FEAT_FP8FMA,FEAT_SSVE_FP8FMA,FEAT_SVE2	A64/sve/sve_fp8_fma_w_by_indexed_elem/sve_fp8_fma_long_by_indexed_elem/fmlalt_z_z8z8z8i_
3024	A64	Armv8-A	FEAT_SME2,FEAT_SVE2p1	A64/sve/sve_fp_fma_w/sve_fp_fdot/fdot_z_zzz_
3025	A64	Armv8-A	FEAT_BF16,FEAT_SME,FEAT_SVE	A64/sve/sve_fp_fma_w/sve_fp_fdot/bfdot_z_zzz_
3026	A64	Armv8-A	FEAT_FP8DOT2,FEAT_SSVE_FP8DOT2,FEAT_SVE2	A64/sve/sve_fp_fma_w/sve_fp_fdot/fdot_z_zz8z8_
3027	A64	Armv8-A	FEAT_FP8DOT4,FEAT_SSVE_FP8DOT4,FEAT_SVE2	A64/sve/sve_fp_fma_w/sve_fp_fdot/fdot_z32_zz8z8_
3028	A64	Armv8-A	FEAT_SME,FEAT_SVE2	A64/sve/sve_fp_fma_w/sve_fp_fma_long/fmlalb_z_zzz_
3029	A64	Armv8-A	FEAT_BF16,FEAT_SME,FEAT_SVE	A64/sve/sve_fp_fma_w/sve_fp_fma_long/bfmlalb_z_zzz_
3030	A64	Armv8-A	FEAT_SME,FEAT_SVE2	A64/sve/sve_fp_fma_w/sve_fp_fma_long/fmlslb_z_zzz_
3031	A64	Armv8-A	FEAT_SME2,FEAT_SVE2p1	A64/sve/sve_fp_fma_w/sve_fp_fma_long/bfmlslb_z_zzz_
3032	A64	Armv8-A	FEAT_SME,FEAT_SVE2	A64/sve/sve_fp_fma_w/sve_fp_fma_long/fmlalt_z_zzz_
3033	A64	Armv8-A	FEAT_BF16,FEAT_SME,FEAT_SVE	A64/sve/sve_fp_fma_w/sve_fp_fma_long/bfmlalt_z_zzz_
3034	A64	Armv8-A	FEAT_SME,FEAT_SVE2	A64/sve/sve_fp_fma_w/sve_fp_fma_long/fmlslt_z_zzz_
3035	A64	Armv8-A	FEAT_SME2,FEAT_SVE2p1	A64/sve/sve_fp_fma_w/sve_fp_fma_long/bfmlslt_z_zzz_
3036	A64	Armv8-A	FEAT_FP8FMA,FEAT_SSVE_FP8FMA,FEAT_SVE2	A64/sve/sve_fp8_fma_w/sve_fp8_fma_long_long/fmlallbb_z32_z8z8z8_
3037	A64	Armv8-A	FEAT_FP8FMA,FEAT_SSVE_FP8FMA,FEAT_SVE2	A64/sve/sve_fp8_fma_w/sve_fp8_fma_long_long/fmlallbt_z32_z8z8z8_
3038	A64	Armv8-A	FEAT_FP8FMA,FEAT_SSVE_FP8FMA,FEAT_SVE2	A64/sve/sve_fp8_fma_w/sve_fp8_fma_long_long/fmlalltb_z32_z8z8z8_
3039	A64	Armv8-A	FEAT_FP8FMA,FEAT_SSVE_FP8FMA,FEAT_SVE2	A64/sve/sve_fp8_fma_w/sve_fp8_fma_long_long/fmlalltt_z32_z8z8z8_
3040	A64	Armv8-A	FEAT_FP8FMA,FEAT_SSVE_FP8FMA,FEAT_SVE2	A64/sve/sve_fp8_fma_w/sve_fp8_fma_long/fmlalb_z_z8z8z8_
3041	A64	Armv8-A	FEAT_FP8FMA,FEAT_SSVE_FP8FMA,FEAT_SVE2	A64/sve/sve_fp8_fma_w/sve_fp8_fma_long/fmlalt_z_z8z8z8_
3042	A64	Armv8-A	FEAT_FP8FMA,FEAT_SSVE_FP8FMA,FEAT_SVE2	A64/sve/sve_fp8_fma_ww_by_indexed_elem/sve_fp8_fma_long_long_by_indexed_elem/fmlallbb_z32_z8z8z8i_
3043	A64	Armv8-A	FEAT_FP8FMA,FEAT_SSVE_FP8FMA,FEAT_SVE2	A64/sve/sve_fp8_fma_ww_by_indexed_elem/sve_fp8_fma_long_long_by_indexed_elem/fmlallbt_z32_z8z8z8i_
3044	A64	Armv8-A	FEAT_FP8FMA,FEAT_SSVE_FP8FMA,FEAT_SVE2	A64/sve/sve_fp8_fma_ww_by_indexed_elem/sve_fp8_fma_long_long_by_indexed_elem/fmlalltb_z32_z8z8z8i_
3045	A64	Armv8-A	FEAT_FP8FMA,FEAT_SSVE_FP8FMA,FEAT_SVE2	A64/sve/sve_fp8_fma_ww_by_indexed_elem/sve_fp8_fma_long_long_by_indexed_elem/fmlalltt_z32_z8z8z8i_
3046	A64	Armv8-A	FEAT_F8F32MM,FEAT_SVE2	A64/sve/sve_fp8_fmmla/sve_fp8_fmmla/fmmla_z32_zz8z8_
3047	A64	Armv8-A	FEAT_F8F16MM,FEAT_SVE2	A64/sve/sve_fp8_fmmla/sve_fp8_fmmla/fmmla_z16_zz8z8_
3048	A64	Armv8-A	FEAT_F16MM,FEAT_SVE2p2	A64/sve/sve_fp_fmmla_nw/sve_fp_fmmla_nw/fmmla_z_zzz_h
3049	A64	Armv8-A	FEAT_SVE_B16MM	A64/sve/sve_fp_fmmla_nw/sve_fp_fmmla_nw/bfmmla_z_zzz_h
3050	A64	Armv8-A	FEAT_SVE_F16F32MM	A64/sve/sve_fp_fmmla/sve_fp_fmmla/fmmla_z32_zzz_h
3051	A64	Armv8-A	FEAT_BF16,FEAT_SVE	A64/sve/sve_fp_fmmla/sve_fp_fmmla/bfmmla_z_zzz_
3052	A64	Armv8-A	FEAT_F32MM	A64/sve/sve_fp_fmmla/sve_fp_fmmla/fmmla_z_zzz_s
3053	A64	Armv8-A	FEAT_F64MM	A64/sve/sve_fp_fmmla/sve_fp_fmmla/fmmla_z_zzz_d
3054	A64	Armv8-A	FEAT_SME,FEAT_SVE	A64/sve/sve_fp_unpred/sve_fp_3op_u_zd/fadd_z_zz_
3055	A64	Armv8-A	FEAT_SVE_B16B16	A64/sve/sve_fp_unpred/sve_fp_3op_u_zd/bfadd_z_zz_
3056	A64	Armv8-A	FEAT_SME,FEAT_SVE	A64/sve/sve_fp_unpred/sve_fp_3op_u_zd/fsub_z_zz_
3057	A64	Armv8-A	FEAT_SVE_B16B16	A64/sve/sve_fp_unpred/sve_fp_3op_u_zd/bfsub_z_zz_
3058	A64	Armv8-A	FEAT_SME,FEAT_SVE	A64/sve/sve_fp_unpred/sve_fp_3op_u_zd/fmul_z_zz_
3059	A64	Armv8-A	FEAT_SVE_B16B16	A64/sve/sve_fp_unpred/sve_fp_3op_u_zd/bfmul_z_zz_
3060	A64	Armv8-A	FEAT_SVE	A64/sve/sve_fp_unpred/sve_fp_3op_u_zd/ftsmul_z_zz_
3061	A64	Armv8-A	FEAT_SME,FEAT_SVE	A64/sve/sve_fp_unpred/sve_fp_3op_u_zd/frecps_z_zz_
3062	A64	Armv8-A	FEAT_SME,FEAT_SVE	A64/sve/sve_fp_unpred/sve_fp_3op_u_zd/frsqrts_z_zz_
3063	A64	Armv8-A	FEAT_SME,FEAT_SVE	A64/sve/sve_fp_fastreduce/sve_fp_fast_red/faddv_v_p_z_
3064	A64	Armv8-A	FEAT_SME,FEAT_SVE	A64/sve/sve_fp_fastreduce/sve_fp_fast_red/fmaxnmv_v_p_z_
3065	A64	Armv8-A	FEAT_SME,FEAT_SVE	A64/sve/sve_fp_fastreduce/sve_fp_fast_red/fminnmv_v_p_z_
3066	A64	Armv8-A	FEAT_SME,FEAT_SVE	A64/sve/sve_fp_fastreduce/sve_fp_fast_red/fmaxv_v_p_z_
3067	A64	Armv8-A	FEAT_SME,FEAT_SVE	A64/sve/sve_fp_fastreduce/sve_fp_fast_red/fminv_v_p_z_
3068	A64	Armv8-A	FEAT_SME,FEAT_SVE	A64/sve/sve_fp_cmpvev/sve_fp_3op_p_pd/fcmge_p_p_zz_
3069	A64	Armv8-A	FEAT_SME,FEAT_SVE	A64/sve/sve_fp_cmpvev/sve_fp_3op_p_pd/fcmuo_p_p_zz_
3070	A64	Armv8-A	FEAT_SME,FEAT_SVE	A64/sve/sve_fp_cmpvev/sve_fp_3op_p_pd/facge_p_p_zz_
3071	A64	Armv8-A	FEAT_SME,FEAT_SVE	A64/sve/sve_fp_cmpvev/sve_fp_3op_p_pd/facgt_p_p_zz_
3072	A64	Armv8-A	FEAT_SME,FEAT_SVE	A64/sve/sve_fp_cmpvev/sve_fp_3op_p_pd/fcmgt_p_p_zz_
3073	A64	Armv8-A	FEAT_SME,FEAT_SVE	A64/sve/sve_fp_cmpvev/sve_fp_3op_p_pd/fcmeq_p_p_zz_
3074	A64	Armv8-A	FEAT_SME,FEAT_SVE	A64/sve/sve_fp_cmpvev/sve_fp_3op_p_pd/fcmne_p_p_zz_
3075	A64	Armv8-A	FEAT_SME,FEAT_SVE	A64/sve/sve_fp_pred/sve_fp_2op_p_zds/fadd_z_p_zz_
3076	A64	Armv8-A	FEAT_SVE_B16B16	A64/sve/sve_fp_pred/sve_fp_2op_p_zds/bfadd_z_p_zz_
3077	A64	Armv8-A	FEAT_SME,FEAT_SVE	A64/sve/sve_fp_pred/sve_fp_2op_p_zds/fsub_z_p_zz_
3078	A64	Armv8-A	FEAT_SVE_B16B16	A64/sve/sve_fp_pred/sve_fp_2op_p_zds/bfsub_z_p_zz_
3079	A64	Armv8-A	FEAT_SME,FEAT_SVE	A64/sve/sve_fp_pred/sve_fp_2op_p_zds/fmul_z_p_zz_
3080	A64	Armv8-A	FEAT_SVE_B16B16	A64/sve/sve_fp_pred/sve_fp_2op_p_zds/bfmul_z_p_zz_
3081	A64	Armv8-A	FEAT_SME,FEAT_SVE	A64/sve/sve_fp_pred/sve_fp_2op_p_zds/fsubr_z_p_zz_
3082	A64	Armv8-A	FEAT_SME,FEAT_SVE	A64/sve/sve_fp_pred/sve_fp_2op_p_zds/fmaxnm_z_p_zz_
3083	A64	Armv8-A	FEAT_SVE_B16B16	A64/sve/sve_fp_pred/sve_fp_2op_p_zds/bfmaxnm_z_p_zz_
3084	A64	Armv8-A	FEAT_SME,FEAT_SVE	A64/sve/sve_fp_pred/sve_fp_2op_p_zds/fminnm_z_p_zz_
3085	A64	Armv8-A	FEAT_SVE_B16B16	A64/sve/sve_fp_pred/sve_fp_2op_p_zds/bfminnm_z_p_zz_
3086	A64	Armv8-A	FEAT_SME,FEAT_SVE	A64/sve/sve_fp_pred/sve_fp_2op_p_zds/fmax_z_p_zz_
3087	A64	Armv8-A	FEAT_SVE_B16B16	A64/sve/sve_fp_pred/sve_fp_2op_p_zds/bfmax_z_p_zz_
3088	A64	Armv8-A	FEAT_SME,FEAT_SVE	A64/sve/sve_fp_pred/sve_fp_2op_p_zds/fmin_z_p_zz_
3089	A64	Armv8-A	FEAT_SVE_B16B16	A64/sve/sve_fp_pred/sve_fp_2op_p_zds/bfmin_z_p_zz_
3090	A64	Armv8-A	FEAT_SME,FEAT_SVE	A64/sve/sve_fp_pred/sve_fp_2op_p_zds/fabd_z_p_zz_
3091	A64	Armv8-A	FEAT_SME,FEAT_SVE	A64/sve/sve_fp_pred/sve_fp_2op_p_zds/fscale_z_p_zz_
3092	A64	Armv8-A	FEAT_SVE_BFSCALE	A64/sve/sve_fp_pred/sve_fp_2op_p_zds/bfscale_z_p_zz_
3093	A64	Armv8-A	FEAT_SME,FEAT_SVE	A64/sve/sve_fp_pred/sve_fp_2op_p_zds/fmulx_z_p_zz_
3094	A64	Armv8-A	FEAT_SME,FEAT_SVE	A64/sve/sve_fp_pred/sve_fp_2op_p_zds/fdivr_z_p_zz_
3095	A64	Armv8-A	FEAT_SME,FEAT_SVE	A64/sve/sve_fp_pred/sve_fp_2op_p_zds/fdiv_z_p_zz_
3096	A64	Armv8-A	FEAT_FAMINMAX,FEAT_SME2,FEAT_SVE2	A64/sve/sve_fp_pred/sve_fp_2op_p_zds/famax_z_p_zz_
3097	A64	Armv8-A	FEAT_FAMINMAX,FEAT_SME2,FEAT_SVE2	A64/sve/sve_fp_pred/sve_fp_2op_p_zds/famin_z_p_zz_
3098	A64	Armv8-A	FEAT_SVE	A64/sve/sve_fp_pred/sve_fp_ftmad/ftmad_z_zzi_
3099	A64	Armv8-A	FEAT_SME,FEAT_SVE	A64/sve/sve_fp_pred/sve_fp_2op_i_p_zds/fadd_z_p_zs_
3100	A64	Armv8-A	FEAT_SME,FEAT_SVE	A64/sve/sve_fp_pred/sve_fp_2op_i_p_zds/fsub_z_p_zs_
3101	A64	Armv8-A	FEAT_SME,FEAT_SVE	A64/sve/sve_fp_pred/sve_fp_2op_i_p_zds/fmul_z_p_zs_
3102	A64	Armv8-A	FEAT_SME,FEAT_SVE	A64/sve/sve_fp_pred/sve_fp_2op_i_p_zds/fsubr_z_p_zs_
3103	A64	Armv8-A	FEAT_SME,FEAT_SVE	A64/sve/sve_fp_pred/sve_fp_2op_i_p_zds/fmaxnm_z_p_zs_
3104	A64	Armv8-A	FEAT_SME,FEAT_SVE	A64/sve/sve_fp_pred/sve_fp_2op_i_p_zds/fminnm_z_p_zs_
3105	A64	Armv8-A	FEAT_SME,FEAT_SVE	A64/sve/sve_fp_pred/sve_fp_2op_i_p_zds/fmax_z_p_zs_
3106	A64	Armv8-A	FEAT_SME,FEAT_SVE	A64/sve/sve_fp_pred/sve_fp_2op_i_p_zds/fmin_z_p_zs_
3107	A64	Armv8-A	FEAT_SME,FEAT_SVE	A64/sve/sve_fp_unary/sve_fp_2op_p_zd_a/frintn_z_p_z_m
3108	A64	Armv8-A	FEAT_SME,FEAT_SVE	A64/sve/sve_fp_unary/sve_fp_2op_p_zd_a/frintp_z_p_z_m
3109	A64	Armv8-A	FEAT_SME,FEAT_SVE	A64/sve/sve_fp_unary/sve_fp_2op_p_zd_a/frintm_z_p_z_m
3110	A64	Armv8-A	FEAT_SME,FEAT_SVE	A64/sve/sve_fp_unary/sve_fp_2op_p_zd_a/frintz_z_p_z_m
3111	A64	Armv8-A	FEAT_SME,FEAT_SVE	A64/sve/sve_fp_unary/sve_fp_2op_p_zd_a/frinta_z_p_z_m
3112	A64	Armv8-A	FEAT_SME,FEAT_SVE	A64/sve/sve_fp_unary/sve_fp_2op_p_zd_a/frintx_z_p_z_m
3113	A64	Armv8-A	FEAT_SME,FEAT_SVE	A64/sve/sve_fp_unary/sve_fp_2op_p_zd_a/frinti_z_p_z_m
3114	A64	Armv8-A	FEAT_SME,FEAT_SVE2	A64/sve/sve_fp_unary/sve_fp_2op_p_zd_b_0/fcvtx_z_p_z_d2s
3115	A64	Armv8-A	FEAT_SME,FEAT_SVE	A64/sve/sve_fp_unary/sve_fp_2op_p_zd_b_0/fcvt_z_p_z_s2h
3116	A64	Armv8-A	FEAT_SME,FEAT_SVE	A64/sve/sve_fp_unary/sve_fp_2op_p_zd_b_0/fcvt_z_p_z_h2s
3117	A64	Armv8-A	FEAT_BF16,FEAT_SME,FEAT_SVE	A64/sve/sve_fp_unary/sve_fp_2op_p_zd_b_0/bfcvt_z_p_z_s2bf
3118	A64	Armv8-A	FEAT_SME,FEAT_SVE	A64/sve/sve_fp_unary/sve_fp_2op_p_zd_b_0/fcvt_z_p_z_d2h
3119	A64	Armv8-A	FEAT_SME,FEAT_SVE	A64/sve/sve_fp_unary/sve_fp_2op_p_zd_b_0/fcvt_z_p_z_h2d
3120	A64	Armv8-A	FEAT_SME,FEAT_SVE	A64/sve/sve_fp_unary/sve_fp_2op_p_zd_b_0/fcvt_z_p_z_d2s
3121	A64	Armv8-A	FEAT_SME,FEAT_SVE	A64/sve/sve_fp_unary/sve_fp_2op_p_zd_b_0/fcvt_z_p_z_s2d
3122	A64	Armv8-A	FEAT_SME,FEAT_SVE	A64/sve/sve_fp_unary/sve_fp_2op_p_zd_b_1/frecpx_z_p_z_m
3123	A64	Armv8-A	FEAT_SME,FEAT_SVE	A64/sve/sve_fp_unary/sve_fp_2op_p_zd_b_1/fsqrt_z_p_z_m
3124	A64	Armv8-A	FEAT_SME2p2,FEAT_SVE2p2	A64/sve/sve_fp_unary/sve_fp_2op_p_zd_c/frint32z_z_p_z_m
3125	A64	Armv8-A	FEAT_SME2p2,FEAT_SVE2p2	A64/sve/sve_fp_unary/sve_fp_2op_p_zd_c/frint32x_z_p_z_m
3126	A64	Armv8-A	FEAT_SME2p2,FEAT_SVE2p2	A64/sve/sve_fp_unary/sve_fp_2op_p_zd_c/frint64z_z_p_z_m
3127	A64	Armv8-A	FEAT_SME2p2,FEAT_SVE2p2	A64/sve/sve_fp_unary/sve_fp_2op_p_zd_c/frint64x_z_p_z_m
3128	A64	Armv8-A	FEAT_SME,FEAT_SVE	A64/sve/sve_fp_unary/sve_fp_2op_p_zd_c/scvtf_z_p_z_w2s
3129	A64	Armv8-A	FEAT_SME,FEAT_SVE	A64/sve/sve_fp_unary/sve_fp_2op_p_zd_c/scvtf_z_p_z_w2d
3130	A64	Armv8-A	FEAT_SME,FEAT_SVE	A64/sve/sve_fp_unary/sve_fp_2op_p_zd_c/scvtf_z_p_z_x2s
3131	A64	Armv8-A	FEAT_SME,FEAT_SVE	A64/sve/sve_fp_unary/sve_fp_2op_p_zd_c/scvtf_z_p_z_x2d
3132	A64	Armv8-A	FEAT_SME,FEAT_SVE	A64/sve/sve_fp_unary/sve_fp_2op_p_zd_c/scvtf_z_p_z_h2fp16
3133	A64	Armv8-A	FEAT_SME,FEAT_SVE	A64/sve/sve_fp_unary/sve_fp_2op_p_zd_c/scvtf_z_p_z_w2fp16
3134	A64	Armv8-A	FEAT_SME,FEAT_SVE	A64/sve/sve_fp_unary/sve_fp_2op_p_zd_c/scvtf_z_p_z_x2fp16
3135	A64	Armv8-A	FEAT_SME,FEAT_SVE	A64/sve/sve_fp_unary/sve_fp_2op_p_zd_c/ucvtf_z_p_z_w2s
3136	A64	Armv8-A	FEAT_SME,FEAT_SVE	A64/sve/sve_fp_unary/sve_fp_2op_p_zd_c/ucvtf_z_p_z_w2d
3137	A64	Armv8-A	FEAT_SME,FEAT_SVE	A64/sve/sve_fp_unary/sve_fp_2op_p_zd_c/ucvtf_z_p_z_x2s
3138	A64	Armv8-A	FEAT_SME,FEAT_SVE	A64/sve/sve_fp_unary/sve_fp_2op_p_zd_c/ucvtf_z_p_z_x2d
3139	A64	Armv8-A	FEAT_SME,FEAT_SVE	A64/sve/sve_fp_unary/sve_fp_2op_p_zd_c/ucvtf_z_p_z_h2fp16
3140	A64	Armv8-A	FEAT_SME,FEAT_SVE	A64/sve/sve_fp_unary/sve_fp_2op_p_zd_c/ucvtf_z_p_z_w2fp16
3141	A64	Armv8-A	FEAT_SME,FEAT_SVE	A64/sve/sve_fp_unary/sve_fp_2op_p_zd_c/ucvtf_z_p_z_x2fp16
3142	A64	Armv8-A	FEAT_SME,FEAT_SVE2	A64/sve/sve_fp_unary/sve_fp_2op_p_zd_d/flogb_z_p_z_m
3143	A64	Armv8-A	FEAT_SME,FEAT_SVE	A64/sve/sve_fp_unary/sve_fp_2op_p_zd_d/fcvtzs_z_p_z_s2w
3144	A64	Armv8-A	FEAT_SME,FEAT_SVE	A64/sve/sve_fp_unary/sve_fp_2op_p_zd_d/fcvtzs_z_p_z_d2w
3145	A64	Armv8-A	FEAT_SME,FEAT_SVE	A64/sve/sve_fp_unary/sve_fp_2op_p_zd_d/fcvtzs_z_p_z_s2x
3146	A64	Armv8-A	FEAT_SME,FEAT_SVE	A64/sve/sve_fp_unary/sve_fp_2op_p_zd_d/fcvtzs_z_p_z_d2x
3147	A64	Armv8-A	FEAT_SME,FEAT_SVE	A64/sve/sve_fp_unary/sve_fp_2op_p_zd_d/fcvtzs_z_p_z_fp162h
3148	A64	Armv8-A	FEAT_SME,FEAT_SVE	A64/sve/sve_fp_unary/sve_fp_2op_p_zd_d/fcvtzs_z_p_z_fp162w
3149	A64	Armv8-A	FEAT_SME,FEAT_SVE	A64/sve/sve_fp_unary/sve_fp_2op_p_zd_d/fcvtzs_z_p_z_fp162x
3150	A64	Armv8-A	FEAT_SME,FEAT_SVE	A64/sve/sve_fp_unary/sve_fp_2op_p_zd_d/fcvtzu_z_p_z_s2w
3151	A64	Armv8-A	FEAT_SME,FEAT_SVE	A64/sve/sve_fp_unary/sve_fp_2op_p_zd_d/fcvtzu_z_p_z_d2w
3152	A64	Armv8-A	FEAT_SME,FEAT_SVE	A64/sve/sve_fp_unary/sve_fp_2op_p_zd_d/fcvtzu_z_p_z_s2x
3153	A64	Armv8-A	FEAT_SME,FEAT_SVE	A64/sve/sve_fp_unary/sve_fp_2op_p_zd_d/fcvtzu_z_p_z_d2x
3154	A64	Armv8-A	FEAT_SME,FEAT_SVE	A64/sve/sve_fp_unary/sve_fp_2op_p_zd_d/fcvtzu_z_p_z_fp162h
3155	A64	Armv8-A	FEAT_SME,FEAT_SVE	A64/sve/sve_fp_unary/sve_fp_2op_p_zd_d/fcvtzu_z_p_z_fp162w
3156	A64	Armv8-A	FEAT_SME,FEAT_SVE	A64/sve/sve_fp_unary/sve_fp_2op_p_zd_d/fcvtzu_z_p_z_fp162x
3157	A64	Armv8-A	FEAT_FP8,FEAT_SME2,FEAT_SVE2	A64/sve/sve_fp_unary_unpred/sve_fp8_fcvt_wide/f1cvt_z_z8_b2h
3158	A64	Armv8-A	FEAT_FP8,FEAT_SME2,FEAT_SVE2	A64/sve/sve_fp_unary_unpred/sve_fp8_fcvt_wide/f2cvt_z_z8_b2h
3159	A64	Armv8-A	FEAT_FP8,FEAT_SME2,FEAT_SVE2	A64/sve/sve_fp_unary_unpred/sve_fp8_fcvt_wide/bf1cvt_z_z8_b2bf
3160	A64	Armv8-A	FEAT_FP8,FEAT_SME2,FEAT_SVE2	A64/sve/sve_fp_unary_unpred/sve_fp8_fcvt_wide/bf2cvt_z_z8_b2bf
3161	A64	Armv8-A	FEAT_FP8,FEAT_SME2,FEAT_SVE2	A64/sve/sve_fp_unary_unpred/sve_fp8_fcvt_wide/f1cvtlt_z_z8_b2h
3162	A64	Armv8-A	FEAT_FP8,FEAT_SME2,FEAT_SVE2	A64/sve/sve_fp_unary_unpred/sve_fp8_fcvt_wide/f2cvtlt_z_z8_b2h
3163	A64	Armv8-A	FEAT_FP8,FEAT_SME2,FEAT_SVE2	A64/sve/sve_fp_unary_unpred/sve_fp8_fcvt_wide/bf1cvtlt_z_z8_b2bf
3164	A64	Armv8-A	FEAT_FP8,FEAT_SME2,FEAT_SVE2	A64/sve/sve_fp_unary_unpred/sve_fp8_fcvt_wide/bf2cvtlt_z_z8_b2bf
3165	A64	Armv8-A	FEAT_FP8,FEAT_SME2,FEAT_SVE2	A64/sve/sve_fp_unary_unpred/sve_fp8_fcvt_narrow/fcvtn_z8_mz2_h2b
3166	A64	Armv8-A	FEAT_FP8,FEAT_SME2,FEAT_SVE2	A64/sve/sve_fp_unary_unpred/sve_fp8_fcvt_narrow/fcvtnb_z8_mz2_s2b
3167	A64	Armv8-A	FEAT_FP8,FEAT_SME2,FEAT_SVE2	A64/sve/sve_fp_unary_unpred/sve_fp8_fcvt_narrow/bfcvtn_z8_mz2_bf2b
3168	A64	Armv8-A	FEAT_FP8,FEAT_SME2,FEAT_SVE2	A64/sve/sve_fp_unary_unpred/sve_fp8_fcvt_narrow/fcvtnt_z8_mz2_s2b
3169	A64	Armv8-A	FEAT_SME2p3,FEAT_SVE2p3	A64/sve/sve_fp_unary_unpred/sve_fp_ucvtf_wide/scvtf_z_z_
3170	A64	Armv8-A	FEAT_SME2p3,FEAT_SVE2p3	A64/sve/sve_fp_unary_unpred/sve_fp_ucvtf_wide/scvtflt_z_z_
3171	A64	Armv8-A	FEAT_SME2p3,FEAT_SVE2p3	A64/sve/sve_fp_unary_unpred/sve_fp_ucvtf_wide/ucvtf_z_z_
3172	A64	Armv8-A	FEAT_SME2p3,FEAT_SVE2p3	A64/sve/sve_fp_unary_unpred/sve_fp_ucvtf_wide/ucvtflt_z_z_
3173	A64	Armv8-A	FEAT_SME2p3,FEAT_SVE2p3	A64/sve/sve_fp_unary_unpred/sve_fp_fcvtzu_narrow/fcvtzsn_z_mz2_
3174	A64	Armv8-A	FEAT_SME2p3,FEAT_SVE2p3	A64/sve/sve_fp_unary_unpred/sve_fp_fcvtzu_narrow/fcvtzun_z_mz2_
3175	A64	Armv8-A	FEAT_SME,FEAT_SVE	A64/sve/sve_fp_unary_unpred/sve_fp_2op_u_zd/frecpe_z_z_
3176	A64	Armv8-A	FEAT_SME,FEAT_SVE	A64/sve/sve_fp_unary_unpred/sve_fp_2op_u_zd/frsqrte_z_z_
3177	A64	Armv8-A	FEAT_SME,FEAT_SVE	A64/sve/sve_fp_cmpzero/sve_fp_2op_p_pd/fcmge_p_p_z0_
3178	A64	Armv8-A	FEAT_SME,FEAT_SVE	A64/sve/sve_fp_cmpzero/sve_fp_2op_p_pd/fcmeq_p_p_z0_
3179	A64	Armv8-A	FEAT_SME,FEAT_SVE	A64/sve/sve_fp_cmpzero/sve_fp_2op_p_pd/fcmgt_p_p_z0_
3180	A64	Armv8-A	FEAT_SME,FEAT_SVE	A64/sve/sve_fp_cmpzero/sve_fp_2op_p_pd/fcmlt_p_p_z0_
3181	A64	Armv8-A	FEAT_SME,FEAT_SVE	A64/sve/sve_fp_cmpzero/sve_fp_2op_p_pd/fcmne_p_p_z0_
3182	A64	Armv8-A	FEAT_SME,FEAT_SVE	A64/sve/sve_fp_cmpzero/sve_fp_2op_p_pd/fcmle_p_p_z0_
3183	A64	Armv8-A	FEAT_SVE	A64/sve/sve_fp_slowreduce/sve_fp_2op_p_vd/fadda_v_p_z_
3184	A64	Armv8-A	FEAT_SME,FEAT_SVE	A64/sve/sve_fp_fma/sve_fp_3op_p_zds_a/fmla_z_p_zzz_
3185	A64	Armv8-A	FEAT_SVE_B16B16	A64/sve/sve_fp_fma/sve_fp_3op_p_zds_a/bfmla_z_p_zzz_
3186	A64	Armv8-A	FEAT_SME,FEAT_SVE	A64/sve/sve_fp_fma/sve_fp_3op_p_zds_a/fmls_z_p_zzz_
3187	A64	Armv8-A	FEAT_SVE_B16B16	A64/sve/sve_fp_fma/sve_fp_3op_p_zds_a/bfmls_z_p_zzz_
3188	A64	Armv8-A	FEAT_SME,FEAT_SVE	A64/sve/sve_fp_fma/sve_fp_3op_p_zds_a/fnmla_z_p_zzz_
3189	A64	Armv8-A	FEAT_SME,FEAT_SVE	A64/sve/sve_fp_fma/sve_fp_3op_p_zds_a/fnmls_z_p_zzz_
3190	A64	Armv8-A	FEAT_SME,FEAT_SVE	A64/sve/sve_fp_fma/sve_fp_3op_p_zds_b/fmad_z_p_zzz_
3191	A64	Armv8-A	FEAT_SME,FEAT_SVE	A64/sve/sve_fp_fma/sve_fp_3op_p_zds_b/fmsb_z_p_zzz_
3192	A64	Armv8-A	FEAT_SME,FEAT_SVE	A64/sve/sve_fp_fma/sve_fp_3op_p_zds_b/fnmad_z_p_zzz_
3193	A64	Armv8-A	FEAT_SME,FEAT_SVE	A64/sve/sve_fp_fma/sve_fp_3op_p_zds_b/fnmsb_z_p_zzz_
3194	A64	Armv8-A	FEAT_SVE	A64/sve/sve_mem32/sve_mem_32b_gld_vs/ld1sb_z_p_bz_s_x32_unscaled
3195	A64	Armv8-A	FEAT_SVE	A64/sve/sve_mem32/sve_mem_32b_gld_vs/ld1sh_z_p_bz_s_x32_unscaled
3196	A64	Armv8-A	FEAT_SVE	A64/sve/sve_mem32/sve_mem_32b_gld_vs/ld1w_z_p_bz_s_x32_unscaled
3197	A64	Armv8-A	FEAT_SVE	A64/sve/sve_mem32/sve_mem_32b_gld_vs/ld1b_z_p_bz_s_x32_unscaled
3198	A64	Armv8-A	FEAT_SVE	A64/sve/sve_mem32/sve_mem_32b_gld_vs/ld1h_z_p_bz_s_x32_unscaled
3199	A64	Armv8-A	FEAT_SVE	A64/sve/sve_mem32/sve_mem_32b_gld_vs/ldff1sb_z_p_bz_s_x32_unscaled
3200	A64	Armv8-A	FEAT_SVE	A64/sve/sve_mem32/sve_mem_32b_gld_vs/ldff1sh_z_p_bz_s_x32_unscaled
3201	A64	Armv8-A	FEAT_SVE	A64/sve/sve_mem32/sve_mem_32b_gld_vs/ldff1w_z_p_bz_s_x32_unscaled
3202	A64	Armv8-A	FEAT_SVE	A64/sve/sve_mem32/sve_mem_32b_gld_vs/ldff1b_z_p_bz_s_x32_unscaled
3203	A64	Armv8-A	FEAT_SVE	A64/sve/sve_mem32/sve_mem_32b_gld_vs/ldff1h_z_p_bz_s_x32_unscaled
3204	A64	Armv8-A	FEAT_SVE	A64/sve/sve_mem32/sve_mem_32b_prfm_sv/prfb_i_p_bz_s_x32_scaled
3205	A64	Armv8-A	FEAT_SVE	A64/sve/sve_mem32/sve_mem_32b_prfm_sv/prfh_i_p_bz_s_x32_scaled
3206	A64	Armv8-A	FEAT_SVE	A64/sve/sve_mem32/sve_mem_32b_prfm_sv/prfw_i_p_bz_s_x32_scaled
3207	A64	Armv8-A	FEAT_SVE	A64/sve/sve_mem32/sve_mem_32b_prfm_sv/prfd_i_p_bz_s_x32_scaled
3208	A64	Armv8-A	FEAT_SVE	A64/sve/sve_mem32/sve_mem_32b_gld_sv_a/ld1sh_z_p_bz_s_x32_scaled
3209	A64	Armv8-A	FEAT_SVE	A64/sve/sve_mem32/sve_mem_32b_gld_sv_a/ld1h_z_p_bz_s_x32_scaled
3210	A64	Armv8-A	FEAT_SVE	A64/sve/sve_mem32/sve_mem_32b_gld_sv_a/ldff1sh_z_p_bz_s_x32_scaled
3211	A64	Armv8-A	FEAT_SVE	A64/sve/sve_mem32/sve_mem_32b_gld_sv_a/ldff1h_z_p_bz_s_x32_scaled
3212	A64	Armv8-A	FEAT_SVE	A64/sve/sve_mem32/sve_mem_32b_gld_sv_b/ld1w_z_p_bz_s_x32_scaled
3213	A64	Armv8-A	FEAT_SVE	A64/sve/sve_mem32/sve_mem_32b_gld_sv_b/ldff1w_z_p_bz_s_x32_scaled
3214	A64	Armv8-A	FEAT_SME,FEAT_SVE	A64/sve/sve_mem32/sve_mem_32b_pfill/ldr_p_bi_
3215	A64	Armv8-A	FEAT_SME,FEAT_SVE	A64/sve/sve_mem32/sve_mem_32b_fill/ldr_z_bi_
3216	A64	Armv8-A	FEAT_SME,FEAT_SVE	A64/sve/sve_mem32/sve_mem_prfm_si/prfb_i_p_bi_s
3217	A64	Armv8-A	FEAT_SME,FEAT_SVE	A64/sve/sve_mem32/sve_mem_prfm_si/prfh_i_p_bi_s
3218	A64	Armv8-A	FEAT_SME,FEAT_SVE	A64/sve/sve_mem32/sve_mem_prfm_si/prfw_i_p_bi_s
3219	A64	Armv8-A	FEAT_SME,FEAT_SVE	A64/sve/sve_mem32/sve_mem_prfm_si/prfd_i_p_bi_s
3220	A64	Armv8-A	FEAT_SVE2	A64/sve/sve_mem32/sve_mem_32b_gldnt_vs/ldnt1sb_z_p_ar_s_x32_unscaled
3221	A64	Armv8-A	FEAT_SVE2	A64/sve/sve_mem32/sve_mem_32b_gldnt_vs/ldnt1sh_z_p_ar_s_x32_unscaled
3222	A64	Armv8-A	FEAT_SVE2	A64/sve/sve_mem32/sve_mem_32b_gldnt_vs/ldnt1w_z_p_ar_s_x32_unscaled
3223	A64	Armv8-A	FEAT_SVE2	A64/sve/sve_mem32/sve_mem_32b_gldnt_vs/ldnt1b_z_p_ar_s_x32_unscaled
3224	A64	Armv8-A	FEAT_SVE2	A64/sve/sve_mem32/sve_mem_32b_gldnt_vs/ldnt1h_z_p_ar_s_x32_unscaled
3225	A64	Armv8-A	FEAT_SME,FEAT_SVE	A64/sve/sve_mem32/sve_mem_prfm_ss/prfb_i_p_br_s
3226	A64	Armv8-A	FEAT_SME,FEAT_SVE	A64/sve/sve_mem32/sve_mem_prfm_ss/prfh_i_p_br_s
3227	A64	Armv8-A	FEAT_SME,FEAT_SVE	A64/sve/sve_mem32/sve_mem_prfm_ss/prfw_i_p_br_s
3228	A64	Armv8-A	FEAT_SME,FEAT_SVE	A64/sve/sve_mem32/sve_mem_prfm_ss/prfd_i_p_br_s
3229	A64	Armv8-A	FEAT_SVE	A64/sve/sve_mem32/sve_mem_32b_prfm_vi/prfb_i_p_ai_s
3230	A64	Armv8-A	FEAT_SVE	A64/sve/sve_mem32/sve_mem_32b_prfm_vi/prfh_i_p_ai_s
3231	A64	Armv8-A	FEAT_SVE	A64/sve/sve_mem32/sve_mem_32b_prfm_vi/prfw_i_p_ai_s
3232	A64	Armv8-A	FEAT_SVE	A64/sve/sve_mem32/sve_mem_32b_prfm_vi/prfd_i_p_ai_s
3233	A64	Armv8-A	FEAT_SVE	A64/sve/sve_mem32/sve_mem_32b_gld_vi/ld1sb_z_p_ai_s
3234	A64	Armv8-A	FEAT_SVE	A64/sve/sve_mem32/sve_mem_32b_gld_vi/ld1sh_z_p_ai_s
3235	A64	Armv8-A	FEAT_SVE	A64/sve/sve_mem32/sve_mem_32b_gld_vi/ld1w_z_p_ai_s
3236	A64	Armv8-A	FEAT_SVE	A64/sve/sve_mem32/sve_mem_32b_gld_vi/ld1b_z_p_ai_s
3237	A64	Armv8-A	FEAT_SVE	A64/sve/sve_mem32/sve_mem_32b_gld_vi/ld1h_z_p_ai_s
3238	A64	Armv8-A	FEAT_SVE	A64/sve/sve_mem32/sve_mem_32b_gld_vi/ldff1sb_z_p_ai_s
3239	A64	Armv8-A	FEAT_SVE	A64/sve/sve_mem32/sve_mem_32b_gld_vi/ldff1sh_z_p_ai_s
3240	A64	Armv8-A	FEAT_SVE	A64/sve/sve_mem32/sve_mem_32b_gld_vi/ldff1w_z_p_ai_s
3241	A64	Armv8-A	FEAT_SVE	A64/sve/sve_mem32/sve_mem_32b_gld_vi/ldff1b_z_p_ai_s
3242	A64	Armv8-A	FEAT_SVE	A64/sve/sve_mem32/sve_mem_32b_gld_vi/ldff1h_z_p_ai_s
3243	A64	Armv8-A	FEAT_SME,FEAT_SVE	A64/sve/sve_mem32/sve_mem_ld_dup/ld1rb_z_p_bi_u8
3244	A64	Armv8-A	FEAT_SME,FEAT_SVE	A64/sve/sve_mem32/sve_mem_ld_dup/ld1rb_z_p_bi_u16
3245	A64	Armv8-A	FEAT_SME,FEAT_SVE	A64/sve/sve_mem32/sve_mem_ld_dup/ld1rb_z_p_bi_u32
3246	A64	Armv8-A	FEAT_SME,FEAT_SVE	A64/sve/sve_mem32/sve_mem_ld_dup/ld1rb_z_p_bi_u64
3247	A64	Armv8-A	FEAT_SME,FEAT_SVE	A64/sve/sve_mem32/sve_mem_ld_dup/ld1rsw_z_p_bi_s64
3248	A64	Armv8-A	FEAT_SME,FEAT_SVE	A64/sve/sve_mem32/sve_mem_ld_dup/ld1rh_z_p_bi_u16
3249	A64	Armv8-A	FEAT_SME,FEAT_SVE	A64/sve/sve_mem32/sve_mem_ld_dup/ld1rh_z_p_bi_u32
3250	A64	Armv8-A	FEAT_SME,FEAT_SVE	A64/sve/sve_mem32/sve_mem_ld_dup/ld1rh_z_p_bi_u64
3251	A64	Armv8-A	FEAT_SME,FEAT_SVE	A64/sve/sve_mem32/sve_mem_ld_dup/ld1rsh_z_p_bi_s64
3252	A64	Armv8-A	FEAT_SME,FEAT_SVE	A64/sve/sve_mem32/sve_mem_ld_dup/ld1rsh_z_p_bi_s32
3253	A64	Armv8-A	FEAT_SME,FEAT_SVE	A64/sve/sve_mem32/sve_mem_ld_dup/ld1rw_z_p_bi_u32
3254	A64	Armv8-A	FEAT_SME,FEAT_SVE	A64/sve/sve_mem32/sve_mem_ld_dup/ld1rw_z_p_bi_u64
3255	A64	Armv8-A	FEAT_SME,FEAT_SVE	A64/sve/sve_mem32/sve_mem_ld_dup/ld1rsb_z_p_bi_s64
3256	A64	Armv8-A	FEAT_SME,FEAT_SVE	A64/sve/sve_mem32/sve_mem_ld_dup/ld1rsb_z_p_bi_s32
3257	A64	Armv8-A	FEAT_SME,FEAT_SVE	A64/sve/sve_mem32/sve_mem_ld_dup/ld1rsb_z_p_bi_s16
3258	A64	Armv8-A	FEAT_SME,FEAT_SVE	A64/sve/sve_mem32/sve_mem_ld_dup/ld1rd_z_p_bi_u64
3259	A64	Armv8-A	FEAT_SME,FEAT_SVE	A64/sve/sve_memcld/sve_mem_ldqr_ss/ld1rqb_z_p_br_contiguous
3260	A64	Armv8-A	FEAT_F64MM	A64/sve/sve_memcld/sve_mem_ldqr_ss/ld1rob_z_p_br_contiguous
3261	A64	Armv8-A	FEAT_SME,FEAT_SVE	A64/sve/sve_memcld/sve_mem_ldqr_ss/ld1rqh_z_p_br_contiguous
3262	A64	Armv8-A	FEAT_F64MM	A64/sve/sve_memcld/sve_mem_ldqr_ss/ld1roh_z_p_br_contiguous
3263	A64	Armv8-A	FEAT_SME,FEAT_SVE	A64/sve/sve_memcld/sve_mem_ldqr_ss/ld1rqw_z_p_br_contiguous
3264	A64	Armv8-A	FEAT_F64MM	A64/sve/sve_memcld/sve_mem_ldqr_ss/ld1row_z_p_br_contiguous
3265	A64	Armv8-A	FEAT_SME,FEAT_SVE	A64/sve/sve_memcld/sve_mem_ldqr_ss/ld1rqd_z_p_br_contiguous
3266	A64	Armv8-A	FEAT_F64MM	A64/sve/sve_memcld/sve_mem_ldqr_ss/ld1rod_z_p_br_contiguous
3267	A64	Armv8-A	FEAT_SME,FEAT_SVE	A64/sve/sve_memcld/sve_mem_ldqr_si/ld1rqb_z_p_bi_u8
3268	A64	Armv8-A	FEAT_F64MM	A64/sve/sve_memcld/sve_mem_ldqr_si/ld1rob_z_p_bi_u8
3269	A64	Armv8-A	FEAT_SME,FEAT_SVE	A64/sve/sve_memcld/sve_mem_ldqr_si/ld1rqh_z_p_bi_u16
3270	A64	Armv8-A	FEAT_F64MM	A64/sve/sve_memcld/sve_mem_ldqr_si/ld1roh_z_p_bi_u16
3271	A64	Armv8-A	FEAT_SME,FEAT_SVE	A64/sve/sve_memcld/sve_mem_ldqr_si/ld1rqw_z_p_bi_u32
3272	A64	Armv8-A	FEAT_F64MM	A64/sve/sve_memcld/sve_mem_ldqr_si/ld1row_z_p_bi_u32
3273	A64	Armv8-A	FEAT_SME,FEAT_SVE	A64/sve/sve_memcld/sve_mem_ldqr_si/ld1rqd_z_p_bi_u64
3274	A64	Armv8-A	FEAT_F64MM	A64/sve/sve_memcld/sve_mem_ldqr_si/ld1rod_z_p_bi_u64
3275	A64	Armv8-A	FEAT_SVE2p1	A64/sve/sve_memcld/sve_mem_cld_si_q/ld1w_z_p_bi_u128
3276	A64	Armv8-A	FEAT_SVE2p1	A64/sve/sve_memcld/sve_mem_cld_si_q/ld1d_z_p_bi_u128
3277	A64	Armv8-A	FEAT_SME,FEAT_SVE	A64/sve/sve_memcld/sve_mem_cld_ss/ld1b_z_p_br_u8
3278	A64	Armv8-A	FEAT_SME,FEAT_SVE	A64/sve/sve_memcld/sve_mem_cld_ss/ld1b_z_p_br_u16
3279	A64	Armv8-A	FEAT_SME,FEAT_SVE	A64/sve/sve_memcld/sve_mem_cld_ss/ld1b_z_p_br_u32
3280	A64	Armv8-A	FEAT_SME,FEAT_SVE	A64/sve/sve_memcld/sve_mem_cld_ss/ld1b_z_p_br_u64
3281	A64	Armv8-A	FEAT_SME,FEAT_SVE	A64/sve/sve_memcld/sve_mem_cld_ss/ld1sw_z_p_br_s64
3282	A64	Armv8-A	FEAT_SME,FEAT_SVE	A64/sve/sve_memcld/sve_mem_cld_ss/ld1h_z_p_br_u16
3283	A64	Armv8-A	FEAT_SME,FEAT_SVE	A64/sve/sve_memcld/sve_mem_cld_ss/ld1h_z_p_br_u32
3284	A64	Armv8-A	FEAT_SME,FEAT_SVE	A64/sve/sve_memcld/sve_mem_cld_ss/ld1h_z_p_br_u64
3285	A64	Armv8-A	FEAT_SME,FEAT_SVE	A64/sve/sve_memcld/sve_mem_cld_ss/ld1sh_z_p_br_s64
3286	A64	Armv8-A	FEAT_SME,FEAT_SVE	A64/sve/sve_memcld/sve_mem_cld_ss/ld1sh_z_p_br_s32
3287	A64	Armv8-A	FEAT_SME,FEAT_SVE	A64/sve/sve_memcld/sve_mem_cld_ss/ld1w_z_p_br_u32
3288	A64	Armv8-A	FEAT_SME,FEAT_SVE	A64/sve/sve_memcld/sve_mem_cld_ss/ld1w_z_p_br_u64
3289	A64	Armv8-A	FEAT_SME,FEAT_SVE	A64/sve/sve_memcld/sve_mem_cld_ss/ld1sb_z_p_br_s64
3290	A64	Armv8-A	FEAT_SME,FEAT_SVE	A64/sve/sve_memcld/sve_mem_cld_ss/ld1sb_z_p_br_s32
3291	A64	Armv8-A	FEAT_SME,FEAT_SVE	A64/sve/sve_memcld/sve_mem_cld_ss/ld1sb_z_p_br_s16
3292	A64	Armv8-A	FEAT_SME,FEAT_SVE	A64/sve/sve_memcld/sve_mem_cld_ss/ld1d_z_p_br_u64
3293	A64	Armv8-A	FEAT_SVE	A64/sve/sve_memcld/sve_mem_cldff_ss/ldff1b_z_p_br_u8
3294	A64	Armv8-A	FEAT_SVE	A64/sve/sve_memcld/sve_mem_cldff_ss/ldff1b_z_p_br_u16
3295	A64	Armv8-A	FEAT_SVE	A64/sve/sve_memcld/sve_mem_cldff_ss/ldff1b_z_p_br_u32
3296	A64	Armv8-A	FEAT_SVE	A64/sve/sve_memcld/sve_mem_cldff_ss/ldff1b_z_p_br_u64
3297	A64	Armv8-A	FEAT_SVE	A64/sve/sve_memcld/sve_mem_cldff_ss/ldff1sw_z_p_br_s64
3298	A64	Armv8-A	FEAT_SVE	A64/sve/sve_memcld/sve_mem_cldff_ss/ldff1h_z_p_br_u16
3299	A64	Armv8-A	FEAT_SVE	A64/sve/sve_memcld/sve_mem_cldff_ss/ldff1h_z_p_br_u32
3300	A64	Armv8-A	FEAT_SVE	A64/sve/sve_memcld/sve_mem_cldff_ss/ldff1h_z_p_br_u64
3301	A64	Armv8-A	FEAT_SVE	A64/sve/sve_memcld/sve_mem_cldff_ss/ldff1sh_z_p_br_s64
3302	A64	Armv8-A	FEAT_SVE	A64/sve/sve_memcld/sve_mem_cldff_ss/ldff1sh_z_p_br_s32
3303	A64	Armv8-A	FEAT_SVE	A64/sve/sve_memcld/sve_mem_cldff_ss/ldff1w_z_p_br_u32
3304	A64	Armv8-A	FEAT_SVE	A64/sve/sve_memcld/sve_mem_cldff_ss/ldff1w_z_p_br_u64
3305	A64	Armv8-A	FEAT_SVE	A64/sve/sve_memcld/sve_mem_cldff_ss/ldff1sb_z_p_br_s64
3306	A64	Armv8-A	FEAT_SVE	A64/sve/sve_memcld/sve_mem_cldff_ss/ldff1sb_z_p_br_s32
3307	A64	Armv8-A	FEAT_SVE	A64/sve/sve_memcld/sve_mem_cldff_ss/ldff1sb_z_p_br_s16
3308	A64	Armv8-A	FEAT_SVE	A64/sve/sve_memcld/sve_mem_cldff_ss/ldff1d_z_p_br_u64
3309	A64	Armv8-A	FEAT_SVE2p1	A64/sve/sve_memcld/sve_mem_cld_ss_q/ld1w_z_p_br_u128
3310	A64	Armv8-A	FEAT_SVE2p1	A64/sve/sve_memcld/sve_mem_cld_ss_q/ld1d_z_p_br_u128
3311	A64	Armv8-A	FEAT_SME2p1,FEAT_SVE2p1	A64/sve/sve_memcld/sve_mem_eldq_ss/ld2q_z_p_br_contiguous
3312	A64	Armv8-A	FEAT_SME2p1,FEAT_SVE2p1	A64/sve/sve_memcld/sve_mem_eldq_ss/ld3q_z_p_br_contiguous
3313	A64	Armv8-A	FEAT_SME2p1,FEAT_SVE2p1	A64/sve/sve_memcld/sve_mem_eldq_ss/ld4q_z_p_br_contiguous
3314	A64	Armv8-A	FEAT_SME,FEAT_SVE	A64/sve/sve_memcld/sve_mem_cld_si/ld1b_z_p_bi_u8
3315	A64	Armv8-A	FEAT_SME,FEAT_SVE	A64/sve/sve_memcld/sve_mem_cld_si/ld1b_z_p_bi_u16
3316	A64	Armv8-A	FEAT_SME,FEAT_SVE	A64/sve/sve_memcld/sve_mem_cld_si/ld1b_z_p_bi_u32
3317	A64	Armv8-A	FEAT_SME,FEAT_SVE	A64/sve/sve_memcld/sve_mem_cld_si/ld1b_z_p_bi_u64
3318	A64	Armv8-A	FEAT_SME,FEAT_SVE	A64/sve/sve_memcld/sve_mem_cld_si/ld1sw_z_p_bi_s64
3319	A64	Armv8-A	FEAT_SME,FEAT_SVE	A64/sve/sve_memcld/sve_mem_cld_si/ld1h_z_p_bi_u16
3320	A64	Armv8-A	FEAT_SME,FEAT_SVE	A64/sve/sve_memcld/sve_mem_cld_si/ld1h_z_p_bi_u32
3321	A64	Armv8-A	FEAT_SME,FEAT_SVE	A64/sve/sve_memcld/sve_mem_cld_si/ld1h_z_p_bi_u64
3322	A64	Armv8-A	FEAT_SME,FEAT_SVE	A64/sve/sve_memcld/sve_mem_cld_si/ld1sh_z_p_bi_s64
3323	A64	Armv8-A	FEAT_SME,FEAT_SVE	A64/sve/sve_memcld/sve_mem_cld_si/ld1sh_z_p_bi_s32
3324	A64	Armv8-A	FEAT_SME,FEAT_SVE	A64/sve/sve_memcld/sve_mem_cld_si/ld1w_z_p_bi_u32
3325	A64	Armv8-A	FEAT_SME,FEAT_SVE	A64/sve/sve_memcld/sve_mem_cld_si/ld1w_z_p_bi_u64
3326	A64	Armv8-A	FEAT_SME,FEAT_SVE	A64/sve/sve_memcld/sve_mem_cld_si/ld1sb_z_p_bi_s64
3327	A64	Armv8-A	FEAT_SME,FEAT_SVE	A64/sve/sve_memcld/sve_mem_cld_si/ld1sb_z_p_bi_s32
3328	A64	Armv8-A	FEAT_SME,FEAT_SVE	A64/sve/sve_memcld/sve_mem_cld_si/ld1sb_z_p_bi_s16
3329	A64	Armv8-A	FEAT_SME,FEAT_SVE	A64/sve/sve_memcld/sve_mem_cld_si/ld1d_z_p_bi_u64
3330	A64	Armv8-A	FEAT_SVE	A64/sve/sve_memcld/sve_mem_cldnf_si/ldnf1b_z_p_bi_u8
3331	A64	Armv8-A	FEAT_SVE	A64/sve/sve_memcld/sve_mem_cldnf_si/ldnf1b_z_p_bi_u16
3332	A64	Armv8-A	FEAT_SVE	A64/sve/sve_memcld/sve_mem_cldnf_si/ldnf1b_z_p_bi_u32
3333	A64	Armv8-A	FEAT_SVE	A64/sve/sve_memcld/sve_mem_cldnf_si/ldnf1b_z_p_bi_u64
3334	A64	Armv8-A	FEAT_SVE	A64/sve/sve_memcld/sve_mem_cldnf_si/ldnf1sw_z_p_bi_s64
3335	A64	Armv8-A	FEAT_SVE	A64/sve/sve_memcld/sve_mem_cldnf_si/ldnf1h_z_p_bi_u16
3336	A64	Armv8-A	FEAT_SVE	A64/sve/sve_memcld/sve_mem_cldnf_si/ldnf1h_z_p_bi_u32
3337	A64	Armv8-A	FEAT_SVE	A64/sve/sve_memcld/sve_mem_cldnf_si/ldnf1h_z_p_bi_u64
3338	A64	Armv8-A	FEAT_SVE	A64/sve/sve_memcld/sve_mem_cldnf_si/ldnf1sh_z_p_bi_s64
3339	A64	Armv8-A	FEAT_SVE	A64/sve/sve_memcld/sve_mem_cldnf_si/ldnf1sh_z_p_bi_s32
3340	A64	Armv8-A	FEAT_SVE	A64/sve/sve_memcld/sve_mem_cldnf_si/ldnf1w_z_p_bi_u32
3341	A64	Armv8-A	FEAT_SVE	A64/sve/sve_memcld/sve_mem_cldnf_si/ldnf1w_z_p_bi_u64
3342	A64	Armv8-A	FEAT_SVE	A64/sve/sve_memcld/sve_mem_cldnf_si/ldnf1sb_z_p_bi_s64
3343	A64	Armv8-A	FEAT_SVE	A64/sve/sve_memcld/sve_mem_cldnf_si/ldnf1sb_z_p_bi_s32
3344	A64	Armv8-A	FEAT_SVE	A64/sve/sve_memcld/sve_mem_cldnf_si/ldnf1sb_z_p_bi_s16
3345	A64	Armv8-A	FEAT_SVE	A64/sve/sve_memcld/sve_mem_cldnf_si/ldnf1d_z_p_bi_u64
3346	A64	Armv8-A	FEAT_SME,FEAT_SVE	A64/sve/sve_memcld/sve_mem_cldnt_ss/ldnt1b_z_p_br_contiguous
3347	A64	Armv8-A	FEAT_SME,FEAT_SVE	A64/sve/sve_memcld/sve_mem_cldnt_ss/ldnt1h_z_p_br_contiguous
3348	A64	Armv8-A	FEAT_SME,FEAT_SVE	A64/sve/sve_memcld/sve_mem_cldnt_ss/ldnt1w_z_p_br_contiguous
3349	A64	Armv8-A	FEAT_SME,FEAT_SVE	A64/sve/sve_memcld/sve_mem_cldnt_ss/ldnt1d_z_p_br_contiguous
3350	A64	Armv8-A	FEAT_SME,FEAT_SVE	A64/sve/sve_memcld/sve_mem_eld_ss/ld2b_z_p_br_contiguous
3351	A64	Armv8-A	FEAT_SME,FEAT_SVE	A64/sve/sve_memcld/sve_mem_eld_ss/ld3b_z_p_br_contiguous
3352	A64	Armv8-A	FEAT_SME,FEAT_SVE	A64/sve/sve_memcld/sve_mem_eld_ss/ld4b_z_p_br_contiguous
3353	A64	Armv8-A	FEAT_SME,FEAT_SVE	A64/sve/sve_memcld/sve_mem_eld_ss/ld2h_z_p_br_contiguous
3354	A64	Armv8-A	FEAT_SME,FEAT_SVE	A64/sve/sve_memcld/sve_mem_eld_ss/ld3h_z_p_br_contiguous
3355	A64	Armv8-A	FEAT_SME,FEAT_SVE	A64/sve/sve_memcld/sve_mem_eld_ss/ld4h_z_p_br_contiguous
3356	A64	Armv8-A	FEAT_SME,FEAT_SVE	A64/sve/sve_memcld/sve_mem_eld_ss/ld2w_z_p_br_contiguous
3357	A64	Armv8-A	FEAT_SME,FEAT_SVE	A64/sve/sve_memcld/sve_mem_eld_ss/ld3w_z_p_br_contiguous
3358	A64	Armv8-A	FEAT_SME,FEAT_SVE	A64/sve/sve_memcld/sve_mem_eld_ss/ld4w_z_p_br_contiguous
3359	A64	Armv8-A	FEAT_SME,FEAT_SVE	A64/sve/sve_memcld/sve_mem_eld_ss/ld2d_z_p_br_contiguous
3360	A64	Armv8-A	FEAT_SME,FEAT_SVE	A64/sve/sve_memcld/sve_mem_eld_ss/ld3d_z_p_br_contiguous
3361	A64	Armv8-A	FEAT_SME,FEAT_SVE	A64/sve/sve_memcld/sve_mem_eld_ss/ld4d_z_p_br_contiguous
3362	A64	Armv8-A	FEAT_SME,FEAT_SVE	A64/sve/sve_memcld/sve_mem_cldnt_si/ldnt1b_z_p_bi_contiguous
3363	A64	Armv8-A	FEAT_SME,FEAT_SVE	A64/sve/sve_memcld/sve_mem_cldnt_si/ldnt1h_z_p_bi_contiguous
3364	A64	Armv8-A	FEAT_SME,FEAT_SVE	A64/sve/sve_memcld/sve_mem_cldnt_si/ldnt1w_z_p_bi_contiguous
3365	A64	Armv8-A	FEAT_SME,FEAT_SVE	A64/sve/sve_memcld/sve_mem_cldnt_si/ldnt1d_z_p_bi_contiguous
3366	A64	Armv8-A	FEAT_SME,FEAT_SVE	A64/sve/sve_memcld/sve_mem_eld_si/ld2b_z_p_bi_contiguous
3367	A64	Armv8-A	FEAT_SME,FEAT_SVE	A64/sve/sve_memcld/sve_mem_eld_si/ld3b_z_p_bi_contiguous
3368	A64	Armv8-A	FEAT_SME,FEAT_SVE	A64/sve/sve_memcld/sve_mem_eld_si/ld4b_z_p_bi_contiguous
3369	A64	Armv8-A	FEAT_SME,FEAT_SVE	A64/sve/sve_memcld/sve_mem_eld_si/ld2h_z_p_bi_contiguous
3370	A64	Armv8-A	FEAT_SME,FEAT_SVE	A64/sve/sve_memcld/sve_mem_eld_si/ld3h_z_p_bi_contiguous
3371	A64	Armv8-A	FEAT_SME,FEAT_SVE	A64/sve/sve_memcld/sve_mem_eld_si/ld4h_z_p_bi_contiguous
3372	A64	Armv8-A	FEAT_SME,FEAT_SVE	A64/sve/sve_memcld/sve_mem_eld_si/ld2w_z_p_bi_contiguous
3373	A64	Armv8-A	FEAT_SME,FEAT_SVE	A64/sve/sve_memcld/sve_mem_eld_si/ld3w_z_p_bi_contiguous
3374	A64	Armv8-A	FEAT_SME,FEAT_SVE	A64/sve/sve_memcld/sve_mem_eld_si/ld4w_z_p_bi_contiguous
3375	A64	Armv8-A	FEAT_SME,FEAT_SVE	A64/sve/sve_memcld/sve_mem_eld_si/ld2d_z_p_bi_contiguous
3376	A64	Armv8-A	FEAT_SME,FEAT_SVE	A64/sve/sve_memcld/sve_mem_eld_si/ld3d_z_p_bi_contiguous
3377	A64	Armv8-A	FEAT_SME,FEAT_SVE	A64/sve/sve_memcld/sve_mem_eld_si/ld4d_z_p_bi_contiguous
3378	A64	Armv8-A	FEAT_SME2p1,FEAT_SVE2p1	A64/sve/sve_memcld/sve_mem_eldq_si/ld2q_z_p_bi_contiguous
3379	A64	Armv8-A	FEAT_SME2p1,FEAT_SVE2p1	A64/sve/sve_memcld/sve_mem_eldq_si/ld3q_z_p_bi_contiguous
3380	A64	Armv8-A	FEAT_SME2p1,FEAT_SVE2p1	A64/sve/sve_memcld/sve_mem_eldq_si/ld4q_z_p_bi_contiguous
3381	A64	Armv8-A	FEAT_SVE	A64/sve/sve_mem64/sve_mem_64b_gld_vs/ld1sb_z_p_bz_d_x32_unscaled
3382	A64	Armv8-A	FEAT_SVE	A64/sve/sve_mem64/sve_mem_64b_gld_vs/ld1sh_z_p_bz_d_x32_unscaled
3383	A64	Armv8-A	FEAT_SVE	A64/sve/sve_mem64/sve_mem_64b_gld_vs/ld1sw_z_p_bz_d_x32_unscaled
3384	A64	Armv8-A	FEAT_SVE	A64/sve/sve_mem64/sve_mem_64b_gld_vs/ld1d_z_p_bz_d_x32_unscaled
3385	A64	Armv8-A	FEAT_SVE	A64/sve/sve_mem64/sve_mem_64b_gld_vs/ld1b_z_p_bz_d_x32_unscaled
3386	A64	Armv8-A	FEAT_SVE	A64/sve/sve_mem64/sve_mem_64b_gld_vs/ld1h_z_p_bz_d_x32_unscaled
3387	A64	Armv8-A	FEAT_SVE	A64/sve/sve_mem64/sve_mem_64b_gld_vs/ld1w_z_p_bz_d_x32_unscaled
3388	A64	Armv8-A	FEAT_SVE	A64/sve/sve_mem64/sve_mem_64b_gld_vs/ldff1sb_z_p_bz_d_x32_unscaled
3389	A64	Armv8-A	FEAT_SVE	A64/sve/sve_mem64/sve_mem_64b_gld_vs/ldff1sh_z_p_bz_d_x32_unscaled
3390	A64	Armv8-A	FEAT_SVE	A64/sve/sve_mem64/sve_mem_64b_gld_vs/ldff1sw_z_p_bz_d_x32_unscaled
3391	A64	Armv8-A	FEAT_SVE	A64/sve/sve_mem64/sve_mem_64b_gld_vs/ldff1d_z_p_bz_d_x32_unscaled
3392	A64	Armv8-A	FEAT_SVE	A64/sve/sve_mem64/sve_mem_64b_gld_vs/ldff1b_z_p_bz_d_x32_unscaled
3393	A64	Armv8-A	FEAT_SVE	A64/sve/sve_mem64/sve_mem_64b_gld_vs/ldff1h_z_p_bz_d_x32_unscaled
3394	A64	Armv8-A	FEAT_SVE	A64/sve/sve_mem64/sve_mem_64b_gld_vs/ldff1w_z_p_bz_d_x32_unscaled
3395	A64	Armv8-A	FEAT_SVE	A64/sve/sve_mem64/sve_mem_64b_prfm_sv/prfb_i_p_bz_d_x32_scaled
3396	A64	Armv8-A	FEAT_SVE	A64/sve/sve_mem64/sve_mem_64b_prfm_sv/prfh_i_p_bz_d_x32_scaled
3397	A64	Armv8-A	FEAT_SVE	A64/sve/sve_mem64/sve_mem_64b_prfm_sv/prfw_i_p_bz_d_x32_scaled
3398	A64	Armv8-A	FEAT_SVE	A64/sve/sve_mem64/sve_mem_64b_prfm_sv/prfd_i_p_bz_d_x32_scaled
3399	A64	Armv8-A	FEAT_SVE	A64/sve/sve_mem64/sve_mem_64b_gld_sv/ld1sh_z_p_bz_d_x32_scaled
3400	A64	Armv8-A	FEAT_SVE	A64/sve/sve_mem64/sve_mem_64b_gld_sv/ld1sw_z_p_bz_d_x32_scaled
3401	A64	Armv8-A	FEAT_SVE	A64/sve/sve_mem64/sve_mem_64b_gld_sv/ld1d_z_p_bz_d_x32_scaled
3402	A64	Armv8-A	FEAT_SVE	A64/sve/sve_mem64/sve_mem_64b_gld_sv/ld1h_z_p_bz_d_x32_scaled
3403	A64	Armv8-A	FEAT_SVE	A64/sve/sve_mem64/sve_mem_64b_gld_sv/ld1w_z_p_bz_d_x32_scaled
3404	A64	Armv8-A	FEAT_SVE	A64/sve/sve_mem64/sve_mem_64b_gld_sv/ldff1sh_z_p_bz_d_x32_scaled
3405	A64	Armv8-A	FEAT_SVE	A64/sve/sve_mem64/sve_mem_64b_gld_sv/ldff1sw_z_p_bz_d_x32_scaled
3406	A64	Armv8-A	FEAT_SVE	A64/sve/sve_mem64/sve_mem_64b_gld_sv/ldff1d_z_p_bz_d_x32_scaled
3407	A64	Armv8-A	FEAT_SVE	A64/sve/sve_mem64/sve_mem_64b_gld_sv/ldff1h_z_p_bz_d_x32_scaled
3408	A64	Armv8-A	FEAT_SVE	A64/sve/sve_mem64/sve_mem_64b_gld_sv/ldff1w_z_p_bz_d_x32_scaled
3409	A64	Armv8-A	FEAT_SVE2	A64/sve/sve_mem64/sve_mem_64b_gldnt_vs/ldnt1sb_z_p_ar_d_64_unscaled
3410	A64	Armv8-A	FEAT_SVE2	A64/sve/sve_mem64/sve_mem_64b_gldnt_vs/ldnt1sh_z_p_ar_d_64_unscaled
3411	A64	Armv8-A	FEAT_SVE2	A64/sve/sve_mem64/sve_mem_64b_gldnt_vs/ldnt1sw_z_p_ar_d_64_unscaled
3412	A64	Armv8-A	FEAT_SVE2	A64/sve/sve_mem64/sve_mem_64b_gldnt_vs/ldnt1d_z_p_ar_d_64_unscaled
3413	A64	Armv8-A	FEAT_SVE2	A64/sve/sve_mem64/sve_mem_64b_gldnt_vs/ldnt1b_z_p_ar_d_64_unscaled
3414	A64	Armv8-A	FEAT_SVE2	A64/sve/sve_mem64/sve_mem_64b_gldnt_vs/ldnt1h_z_p_ar_d_64_unscaled
3415	A64	Armv8-A	FEAT_SVE2	A64/sve/sve_mem64/sve_mem_64b_gldnt_vs/ldnt1w_z_p_ar_d_64_unscaled
3416	A64	Armv8-A	FEAT_SVE	A64/sve/sve_mem64/sve_mem_64b_prfm_vi/prfb_i_p_ai_d
3417	A64	Armv8-A	FEAT_SVE	A64/sve/sve_mem64/sve_mem_64b_prfm_vi/prfh_i_p_ai_d
3418	A64	Armv8-A	FEAT_SVE	A64/sve/sve_mem64/sve_mem_64b_prfm_vi/prfw_i_p_ai_d
3419	A64	Armv8-A	FEAT_SVE	A64/sve/sve_mem64/sve_mem_64b_prfm_vi/prfd_i_p_ai_d
3420	A64	Armv8-A	FEAT_SVE2p1	A64/sve/sve_mem64/sve_mem_64b_gldq_vs/ld1q_z_p_ar_d_64_unscaled
3421	A64	Armv8-A	FEAT_SVE	A64/sve/sve_mem64/sve_mem_64b_gld_vi/ld1sb_z_p_ai_d
3422	A64	Armv8-A	FEAT_SVE	A64/sve/sve_mem64/sve_mem_64b_gld_vi/ld1sh_z_p_ai_d
3423	A64	Armv8-A	FEAT_SVE	A64/sve/sve_mem64/sve_mem_64b_gld_vi/ld1sw_z_p_ai_d
3424	A64	Armv8-A	FEAT_SVE	A64/sve/sve_mem64/sve_mem_64b_gld_vi/ld1d_z_p_ai_d
3425	A64	Armv8-A	FEAT_SVE	A64/sve/sve_mem64/sve_mem_64b_gld_vi/ld1b_z_p_ai_d
3426	A64	Armv8-A	FEAT_SVE	A64/sve/sve_mem64/sve_mem_64b_gld_vi/ld1h_z_p_ai_d
3427	A64	Armv8-A	FEAT_SVE	A64/sve/sve_mem64/sve_mem_64b_gld_vi/ld1w_z_p_ai_d
3428	A64	Armv8-A	FEAT_SVE	A64/sve/sve_mem64/sve_mem_64b_gld_vi/ldff1sb_z_p_ai_d
3429	A64	Armv8-A	FEAT_SVE	A64/sve/sve_mem64/sve_mem_64b_gld_vi/ldff1sh_z_p_ai_d
3430	A64	Armv8-A	FEAT_SVE	A64/sve/sve_mem64/sve_mem_64b_gld_vi/ldff1sw_z_p_ai_d
3431	A64	Armv8-A	FEAT_SVE	A64/sve/sve_mem64/sve_mem_64b_gld_vi/ldff1d_z_p_ai_d
3432	A64	Armv8-A	FEAT_SVE	A64/sve/sve_mem64/sve_mem_64b_gld_vi/ldff1b_z_p_ai_d
3433	A64	Armv8-A	FEAT_SVE	A64/sve/sve_mem64/sve_mem_64b_gld_vi/ldff1h_z_p_ai_d
3434	A64	Armv8-A	FEAT_SVE	A64/sve/sve_mem64/sve_mem_64b_gld_vi/ldff1w_z_p_ai_d
3435	A64	Armv8-A	FEAT_SVE	A64/sve/sve_mem64/sve_mem_64b_gld_vs2/ld1sb_z_p_bz_d_64_unscaled
3436	A64	Armv8-A	FEAT_SVE	A64/sve/sve_mem64/sve_mem_64b_gld_vs2/ld1sh_z_p_bz_d_64_unscaled
3437	A64	Armv8-A	FEAT_SVE	A64/sve/sve_mem64/sve_mem_64b_gld_vs2/ld1sw_z_p_bz_d_64_unscaled
3438	A64	Armv8-A	FEAT_SVE	A64/sve/sve_mem64/sve_mem_64b_gld_vs2/ld1d_z_p_bz_d_64_unscaled
3439	A64	Armv8-A	FEAT_SVE	A64/sve/sve_mem64/sve_mem_64b_gld_vs2/ld1b_z_p_bz_d_64_unscaled
3440	A64	Armv8-A	FEAT_SVE	A64/sve/sve_mem64/sve_mem_64b_gld_vs2/ld1h_z_p_bz_d_64_unscaled
3441	A64	Armv8-A	FEAT_SVE	A64/sve/sve_mem64/sve_mem_64b_gld_vs2/ld1w_z_p_bz_d_64_unscaled
3442	A64	Armv8-A	FEAT_SVE	A64/sve/sve_mem64/sve_mem_64b_gld_vs2/ldff1sb_z_p_bz_d_64_unscaled
3443	A64	Armv8-A	FEAT_SVE	A64/sve/sve_mem64/sve_mem_64b_gld_vs2/ldff1sh_z_p_bz_d_64_unscaled
3444	A64	Armv8-A	FEAT_SVE	A64/sve/sve_mem64/sve_mem_64b_gld_vs2/ldff1sw_z_p_bz_d_64_unscaled
3445	A64	Armv8-A	FEAT_SVE	A64/sve/sve_mem64/sve_mem_64b_gld_vs2/ldff1d_z_p_bz_d_64_unscaled
3446	A64	Armv8-A	FEAT_SVE	A64/sve/sve_mem64/sve_mem_64b_gld_vs2/ldff1b_z_p_bz_d_64_unscaled
3447	A64	Armv8-A	FEAT_SVE	A64/sve/sve_mem64/sve_mem_64b_gld_vs2/ldff1h_z_p_bz_d_64_unscaled
3448	A64	Armv8-A	FEAT_SVE	A64/sve/sve_mem64/sve_mem_64b_gld_vs2/ldff1w_z_p_bz_d_64_unscaled
3449	A64	Armv8-A	FEAT_SVE	A64/sve/sve_mem64/sve_mem_64b_prfm_sv2/prfb_i_p_bz_d_64_scaled
3450	A64	Armv8-A	FEAT_SVE	A64/sve/sve_mem64/sve_mem_64b_prfm_sv2/prfh_i_p_bz_d_64_scaled
3451	A64	Armv8-A	FEAT_SVE	A64/sve/sve_mem64/sve_mem_64b_prfm_sv2/prfw_i_p_bz_d_64_scaled
3452	A64	Armv8-A	FEAT_SVE	A64/sve/sve_mem64/sve_mem_64b_prfm_sv2/prfd_i_p_bz_d_64_scaled
3453	A64	Armv8-A	FEAT_SVE	A64/sve/sve_mem64/sve_mem_64b_gld_sv2/ld1sh_z_p_bz_d_64_scaled
3454	A64	Armv8-A	FEAT_SVE	A64/sve/sve_mem64/sve_mem_64b_gld_sv2/ld1sw_z_p_bz_d_64_scaled
3455	A64	Armv8-A	FEAT_SVE	A64/sve/sve_mem64/sve_mem_64b_gld_sv2/ld1d_z_p_bz_d_64_scaled
3456	A64	Armv8-A	FEAT_SVE	A64/sve/sve_mem64/sve_mem_64b_gld_sv2/ld1h_z_p_bz_d_64_scaled
3457	A64	Armv8-A	FEAT_SVE	A64/sve/sve_mem64/sve_mem_64b_gld_sv2/ld1w_z_p_bz_d_64_scaled
3458	A64	Armv8-A	FEAT_SVE	A64/sve/sve_mem64/sve_mem_64b_gld_sv2/ldff1sh_z_p_bz_d_64_scaled
3459	A64	Armv8-A	FEAT_SVE	A64/sve/sve_mem64/sve_mem_64b_gld_sv2/ldff1sw_z_p_bz_d_64_scaled
3460	A64	Armv8-A	FEAT_SVE	A64/sve/sve_mem64/sve_mem_64b_gld_sv2/ldff1d_z_p_bz_d_64_scaled
3461	A64	Armv8-A	FEAT_SVE	A64/sve/sve_mem64/sve_mem_64b_gld_sv2/ldff1h_z_p_bz_d_64_scaled
3462	A64	Armv8-A	FEAT_SVE	A64/sve/sve_mem64/sve_mem_64b_gld_sv2/ldff1w_z_p_bz_d_64_scaled
3463	A64	Armv8-A	FEAT_SME2p1,FEAT_SVE2p1	A64/sve/sve_memst_cs/sve_mem_estq_si/st2q_z_p_bi_contiguous
3464	A64	Armv8-A	FEAT_SME2p1,FEAT_SVE2p1	A64/sve/sve_memst_cs/sve_mem_estq_si/st3q_z_p_bi_contiguous
3465	A64	Armv8-A	FEAT_SME2p1,FEAT_SVE2p1	A64/sve/sve_memst_cs/sve_mem_estq_si/st4q_z_p_bi_contiguous
3466	A64	Armv8-A	FEAT_SME2p1,FEAT_SVE2p1	A64/sve/sve_memst_cs/sve_mem_estq_ss/st2q_z_p_br_contiguous
3467	A64	Armv8-A	FEAT_SME2p1,FEAT_SVE2p1	A64/sve/sve_memst_cs/sve_mem_estq_ss/st3q_z_p_br_contiguous
3468	A64	Armv8-A	FEAT_SME2p1,FEAT_SVE2p1	A64/sve/sve_memst_cs/sve_mem_estq_ss/st4q_z_p_br_contiguous
3469	A64	Armv8-A	FEAT_SME,FEAT_SVE	A64/sve/sve_memst_cs/sve_mem_pspill/str_p_bi_
3470	A64	Armv8-A	FEAT_SME,FEAT_SVE	A64/sve/sve_memst_cs/sve_mem_cst_ss/st1b_z_p_br_
3471	A64	Armv8-A	FEAT_SME,FEAT_SVE	A64/sve/sve_memst_cs/sve_mem_cst_ss/st1h_z_p_br_
3472	A64	Armv8-A	FEAT_SVE2p1	A64/sve/sve_memst_cs/sve_mem_cst_ss/st1w_z_p_br_u128
3473	A64	Armv8-A	FEAT_SME,FEAT_SVE	A64/sve/sve_memst_cs/sve_mem_cst_ss/st1w_z_p_br_
3474	A64	Armv8-A	FEAT_SVE2p1	A64/sve/sve_memst_cs/sve_mem_cst_ss/st1d_z_p_br_u128
3475	A64	Armv8-A	FEAT_SME,FEAT_SVE	A64/sve/sve_memst_cs/sve_mem_cst_ss/st1d_z_p_br_
3476	A64	Armv8-A	FEAT_SME,FEAT_SVE	A64/sve/sve_memst_cs/sve_mem_spill/str_z_bi_
3477	A64	Armv8-A	FEAT_SVE2	A64/sve/sve_memsst_nt/sve_mem_sstnt_64b_vs/stnt1b_z_p_ar_d_64_unscaled
3478	A64	Armv8-A	FEAT_SVE2	A64/sve/sve_memsst_nt/sve_mem_sstnt_64b_vs/stnt1h_z_p_ar_d_64_unscaled
3479	A64	Armv8-A	FEAT_SVE2	A64/sve/sve_memsst_nt/sve_mem_sstnt_64b_vs/stnt1w_z_p_ar_d_64_unscaled
3480	A64	Armv8-A	FEAT_SVE2	A64/sve/sve_memsst_nt/sve_mem_sstnt_64b_vs/stnt1d_z_p_ar_d_64_unscaled
3481	A64	Armv8-A	FEAT_SVE2	A64/sve/sve_memsst_nt/sve_mem_sstnt_32b_vs/stnt1b_z_p_ar_s_x32_unscaled
3482	A64	Armv8-A	FEAT_SVE2	A64/sve/sve_memsst_nt/sve_mem_sstnt_32b_vs/stnt1h_z_p_ar_s_x32_unscaled
3483	A64	Armv8-A	FEAT_SVE2	A64/sve/sve_memsst_nt/sve_mem_sstnt_32b_vs/stnt1w_z_p_ar_s_x32_unscaled
3484	A64	Armv8-A	FEAT_SVE2p1	A64/sve/sve_memsst_nt/sve_mem_sstq_64b_vs/st1q_z_p_ar_d_64_unscaled
3485	A64	Armv8-A	FEAT_SME,FEAT_SVE	A64/sve/sve_memcst_nt/sve_mem_cstnt_ss/stnt1b_z_p_br_contiguous
3486	A64	Armv8-A	FEAT_SME,FEAT_SVE	A64/sve/sve_memcst_nt/sve_mem_cstnt_ss/stnt1h_z_p_br_contiguous
3487	A64	Armv8-A	FEAT_SME,FEAT_SVE	A64/sve/sve_memcst_nt/sve_mem_cstnt_ss/stnt1w_z_p_br_contiguous
3488	A64	Armv8-A	FEAT_SME,FEAT_SVE	A64/sve/sve_memcst_nt/sve_mem_cstnt_ss/stnt1d_z_p_br_contiguous
3489	A64	Armv8-A	FEAT_SME,FEAT_SVE	A64/sve/sve_memcst_nt/sve_mem_est_ss/st2b_z_p_br_contiguous
3490	A64	Armv8-A	FEAT_SME,FEAT_SVE	A64/sve/sve_memcst_nt/sve_mem_est_ss/st3b_z_p_br_contiguous
3491	A64	Armv8-A	FEAT_SME,FEAT_SVE	A64/sve/sve_memcst_nt/sve_mem_est_ss/st4b_z_p_br_contiguous
3492	A64	Armv8-A	FEAT_SME,FEAT_SVE	A64/sve/sve_memcst_nt/sve_mem_est_ss/st2h_z_p_br_contiguous
3493	A64	Armv8-A	FEAT_SME,FEAT_SVE	A64/sve/sve_memcst_nt/sve_mem_est_ss/st3h_z_p_br_contiguous
3494	A64	Armv8-A	FEAT_SME,FEAT_SVE	A64/sve/sve_memcst_nt/sve_mem_est_ss/st4h_z_p_br_contiguous
3495	A64	Armv8-A	FEAT_SME,FEAT_SVE	A64/sve/sve_memcst_nt/sve_mem_est_ss/st2w_z_p_br_contiguous
3496	A64	Armv8-A	FEAT_SME,FEAT_SVE	A64/sve/sve_memcst_nt/sve_mem_est_ss/st3w_z_p_br_contiguous
3497	A64	Armv8-A	FEAT_SME,FEAT_SVE	A64/sve/sve_memcst_nt/sve_mem_est_ss/st4w_z_p_br_contiguous
3498	A64	Armv8-A	FEAT_SME,FEAT_SVE	A64/sve/sve_memcst_nt/sve_mem_est_ss/st2d_z_p_br_contiguous
3499	A64	Armv8-A	FEAT_SME,FEAT_SVE	A64/sve/sve_memcst_nt/sve_mem_est_ss/st3d_z_p_br_contiguous
3500	A64	Armv8-A	FEAT_SME,FEAT_SVE	A64/sve/sve_memcst_nt/sve_mem_est_ss/st4d_z_p_br_contiguous
3501	A64	Armv8-A	FEAT_SVE	A64/sve/sve_memst_ss/sve_mem_sst_vs_a/st1b_z_p_bz_d_x32_unscaled
3502	A64	Armv8-A	FEAT_SVE	A64/sve/sve_memst_ss/sve_mem_sst_vs_a/st1h_z_p_bz_d_x32_unscaled
3503	A64	Armv8-A	FEAT_SVE	A64/sve/sve_memst_ss/sve_mem_sst_vs_a/st1w_z_p_bz_d_x32_unscaled
3504	A64	Armv8-A	FEAT_SVE	A64/sve/sve_memst_ss/sve_mem_sst_vs_a/st1d_z_p_bz_d_x32_unscaled
3505	A64	Armv8-A	FEAT_SVE	A64/sve/sve_memst_ss/sve_mem_sst_vs_b/st1b_z_p_bz_s_x32_unscaled
3506	A64	Armv8-A	FEAT_SVE	A64/sve/sve_memst_ss/sve_mem_sst_vs_b/st1h_z_p_bz_s_x32_unscaled
3507	A64	Armv8-A	FEAT_SVE	A64/sve/sve_memst_ss/sve_mem_sst_vs_b/st1w_z_p_bz_s_x32_unscaled
3508	A64	Armv8-A	FEAT_SVE	A64/sve/sve_memst_ss/sve_mem_sst_sv_a/st1h_z_p_bz_d_x32_scaled
3509	A64	Armv8-A	FEAT_SVE	A64/sve/sve_memst_ss/sve_mem_sst_sv_a/st1w_z_p_bz_d_x32_scaled
3510	A64	Armv8-A	FEAT_SVE	A64/sve/sve_memst_ss/sve_mem_sst_sv_a/st1d_z_p_bz_d_x32_scaled
3511	A64	Armv8-A	FEAT_SVE	A64/sve/sve_memst_ss/sve_mem_sst_sv_b/st1h_z_p_bz_s_x32_scaled
3512	A64	Armv8-A	FEAT_SVE	A64/sve/sve_memst_ss/sve_mem_sst_sv_b/st1w_z_p_bz_s_x32_scaled
3513	A64	Armv8-A	FEAT_SVE	A64/sve/sve_memst_ss2/sve_mem_sst_vs2/st1b_z_p_bz_d_64_unscaled
3514	A64	Armv8-A	FEAT_SVE	A64/sve/sve_memst_ss2/sve_mem_sst_vs2/st1h_z_p_bz_d_64_unscaled
3515	A64	Armv8-A	FEAT_SVE	A64/sve/sve_memst_ss2/sve_mem_sst_vs2/st1w_z_p_bz_d_64_unscaled
3516	A64	Armv8-A	FEAT_SVE	A64/sve/sve_memst_ss2/sve_mem_sst_vs2/st1d_z_p_bz_d_64_unscaled
3517	A64	Armv8-A	FEAT_SVE	A64/sve/sve_memst_ss2/sve_mem_sst_sv2/st1h_z_p_bz_d_64_scaled
3518	A64	Armv8-A	FEAT_SVE	A64/sve/sve_memst_ss2/sve_mem_sst_sv2/st1w_z_p_bz_d_64_scaled
3519	A64	Armv8-A	FEAT_SVE	A64/sve/sve_memst_ss2/sve_mem_sst_sv2/st1d_z_p_bz_d_64_scaled
3520	A64	Armv8-A	FEAT_SVE	A64/sve/sve_memst_ss2/sve_mem_sst_vi_a/st1b_z_p_ai_d
3521	A64	Armv8-A	FEAT_SVE	A64/sve/sve_memst_ss2/sve_mem_sst_vi_a/st1h_z_p_ai_d
3522	A64	Armv8-A	FEAT_SVE	A64/sve/sve_memst_ss2/sve_mem_sst_vi_a/st1w_z_p_ai_d
3523	A64	Armv8-A	FEAT_SVE	A64/sve/sve_memst_ss2/sve_mem_sst_vi_a/st1d_z_p_ai_d
3524	A64	Armv8-A	FEAT_SVE	A64/sve/sve_memst_ss2/sve_mem_sst_vi_b/st1b_z_p_ai_s
3525	A64	Armv8-A	FEAT_SVE	A64/sve/sve_memst_ss2/sve_mem_sst_vi_b/st1h_z_p_ai_s
3526	A64	Armv8-A	FEAT_SVE	A64/sve/sve_memst_ss2/sve_mem_sst_vi_b/st1w_z_p_ai_s
3527	A64	Armv8-A	FEAT_SME,FEAT_SVE	A64/sve/sve_memst_si/sve_mem_cst_si/st1b_z_p_bi_
3528	A64	Armv8-A	FEAT_SME,FEAT_SVE	A64/sve/sve_memst_si/sve_mem_cst_si/st1h_z_p_bi_
3529	A64	Armv8-A	FEAT_SVE2p1	A64/sve/sve_memst_si/sve_mem_cst_si/st1w_z_p_bi_u128
3530	A64	Armv8-A	FEAT_SME,FEAT_SVE	A64/sve/sve_memst_si/sve_mem_cst_si/st1w_z_p_bi_
3531	A64	Armv8-A	FEAT_SVE2p1	A64/sve/sve_memst_si/sve_mem_cst_si/st1d_z_p_bi_u128
3532	A64	Armv8-A	FEAT_SME,FEAT_SVE	A64/sve/sve_memst_si/sve_mem_cst_si/st1d_z_p_bi_
3533	A64	Armv8-A	FEAT_SME,FEAT_SVE	A64/sve/sve_memst_si/sve_mem_cstnt_si/stnt1b_z_p_bi_contiguous
3534	A64	Armv8-A	FEAT_SME,FEAT_SVE	A64/sve/sve_memst_si/sve_mem_cstnt_si/stnt1h_z_p_bi_contiguous
3535	A64	Armv8-A	FEAT_SME,FEAT_SVE	A64/sve/sve_memst_si/sve_mem_cstnt_si/stnt1w_z_p_bi_contiguous
3536	A64	Armv8-A	FEAT_SME,FEAT_SVE	A64/sve/sve_memst_si/sve_mem_cstnt_si/stnt1d_z_p_bi_contiguous
3537	A64	Armv8-A	FEAT_SME,FEAT_SVE	A64/sve/sve_memst_si/sve_mem_est_si/st2b_z_p_bi_contiguous
3538	A64	Armv8-A	FEAT_SME,FEAT_SVE	A64/sve/sve_memst_si/sve_mem_est_si/st3b_z_p_bi_contiguous
3539	A64	Armv8-A	FEAT_SME,FEAT_SVE	A64/sve/sve_memst_si/sve_mem_est_si/st4b_z_p_bi_contiguous
3540	A64	Armv8-A	FEAT_SME,FEAT_SVE	A64/sve/sve_memst_si/sve_mem_est_si/st2h_z_p_bi_contiguous
3541	A64	Armv8-A	FEAT_SME,FEAT_SVE	A64/sve/sve_memst_si/sve_mem_est_si/st3h_z_p_bi_contiguous
3542	A64	Armv8-A	FEAT_SME,FEAT_SVE	A64/sve/sve_memst_si/sve_mem_est_si/st4h_z_p_bi_contiguous
3543	A64	Armv8-A	FEAT_SME,FEAT_SVE	A64/sve/sve_memst_si/sve_mem_est_si/st2w_z_p_bi_contiguous
3544	A64	Armv8-A	FEAT_SME,FEAT_SVE	A64/sve/sve_memst_si/sve_mem_est_si/st3w_z_p_bi_contiguous
3545	A64	Armv8-A	FEAT_SME,FEAT_SVE	A64/sve/sve_memst_si/sve_mem_est_si/st4w_z_p_bi_contiguous
3546	A64	Armv8-A	FEAT_SME,FEAT_SVE	A64/sve/sve_memst_si/sve_mem_est_si/st2d_z_p_bi_contiguous
3547	A64	Armv8-A	FEAT_SME,FEAT_SVE	A64/sve/sve_memst_si/sve_mem_est_si/st3d_z_p_bi_contiguous
3548	A64	Armv8-A	FEAT_SME,FEAT_SVE	A64/sve/sve_memst_si/sve_mem_est_si/st4d_z_p_bi_contiguous
3549	A64	Armv8-A	FEAT_SME2,FEAT_SVE2p1	A64/sme/mortlach_multi_mem_ctg/mortlach_multi2_cld_cldnt_ss_ctg/ld1b_mz_p_br_2
3550	A64	Armv8-A	FEAT_SME2,FEAT_SVE2p1	A64/sme/mortlach_multi_mem_ctg/mortlach_multi2_cld_cldnt_ss_ctg/ldnt1b_mz_p_br_2
3551	A64	Armv8-A	FEAT_SME2,FEAT_SVE2p1	A64/sme/mortlach_multi_mem_ctg/mortlach_multi2_cld_cldnt_ss_ctg/ld1h_mz_p_br_2
3552	A64	Armv8-A	FEAT_SME2,FEAT_SVE2p1	A64/sme/mortlach_multi_mem_ctg/mortlach_multi2_cld_cldnt_ss_ctg/ldnt1h_mz_p_br_2
3553	A64	Armv8-A	FEAT_SME2,FEAT_SVE2p1	A64/sme/mortlach_multi_mem_ctg/mortlach_multi2_cld_cldnt_ss_ctg/ld1w_mz_p_br_2
3554	A64	Armv8-A	FEAT_SME2,FEAT_SVE2p1	A64/sme/mortlach_multi_mem_ctg/mortlach_multi2_cld_cldnt_ss_ctg/ldnt1w_mz_p_br_2
3555	A64	Armv8-A	FEAT_SME2,FEAT_SVE2p1	A64/sme/mortlach_multi_mem_ctg/mortlach_multi2_cld_cldnt_ss_ctg/ld1d_mz_p_br_2
3556	A64	Armv8-A	FEAT_SME2,FEAT_SVE2p1	A64/sme/mortlach_multi_mem_ctg/mortlach_multi2_cld_cldnt_ss_ctg/ldnt1d_mz_p_br_2
3557	A64	Armv8-A	FEAT_SME2,FEAT_SVE2p1	A64/sme/mortlach_multi_mem_ctg/mortlach_multi4_cld_cldnt_ss_ctg/ld1b_mz_p_br_4
3558	A64	Armv8-A	FEAT_SME2,FEAT_SVE2p1	A64/sme/mortlach_multi_mem_ctg/mortlach_multi4_cld_cldnt_ss_ctg/ldnt1b_mz_p_br_4
3559	A64	Armv8-A	FEAT_SME2,FEAT_SVE2p1	A64/sme/mortlach_multi_mem_ctg/mortlach_multi4_cld_cldnt_ss_ctg/ld1h_mz_p_br_4
3560	A64	Armv8-A	FEAT_SME2,FEAT_SVE2p1	A64/sme/mortlach_multi_mem_ctg/mortlach_multi4_cld_cldnt_ss_ctg/ldnt1h_mz_p_br_4
3561	A64	Armv8-A	FEAT_SME2,FEAT_SVE2p1	A64/sme/mortlach_multi_mem_ctg/mortlach_multi4_cld_cldnt_ss_ctg/ld1w_mz_p_br_4
3562	A64	Armv8-A	FEAT_SME2,FEAT_SVE2p1	A64/sme/mortlach_multi_mem_ctg/mortlach_multi4_cld_cldnt_ss_ctg/ldnt1w_mz_p_br_4
3563	A64	Armv8-A	FEAT_SME2,FEAT_SVE2p1	A64/sme/mortlach_multi_mem_ctg/mortlach_multi4_cld_cldnt_ss_ctg/ld1d_mz_p_br_4
3564	A64	Armv8-A	FEAT_SME2,FEAT_SVE2p1	A64/sme/mortlach_multi_mem_ctg/mortlach_multi4_cld_cldnt_ss_ctg/ldnt1d_mz_p_br_4
3565	A64	Armv8-A	FEAT_SME2,FEAT_SVE2p1	A64/sme/mortlach_multi_mem_ctg/mortlach_multi2_cst_cstnt_ss_ctg/st1b_mz_p_br_2
3566	A64	Armv8-A	FEAT_SME2,FEAT_SVE2p1	A64/sme/mortlach_multi_mem_ctg/mortlach_multi2_cst_cstnt_ss_ctg/stnt1b_mz_p_br_2
3567	A64	Armv8-A	FEAT_SME2,FEAT_SVE2p1	A64/sme/mortlach_multi_mem_ctg/mortlach_multi2_cst_cstnt_ss_ctg/st1h_mz_p_br_2
3568	A64	Armv8-A	FEAT_SME2,FEAT_SVE2p1	A64/sme/mortlach_multi_mem_ctg/mortlach_multi2_cst_cstnt_ss_ctg/stnt1h_mz_p_br_2
3569	A64	Armv8-A	FEAT_SME2,FEAT_SVE2p1	A64/sme/mortlach_multi_mem_ctg/mortlach_multi2_cst_cstnt_ss_ctg/st1w_mz_p_br_2
3570	A64	Armv8-A	FEAT_SME2,FEAT_SVE2p1	A64/sme/mortlach_multi_mem_ctg/mortlach_multi2_cst_cstnt_ss_ctg/stnt1w_mz_p_br_2
3571	A64	Armv8-A	FEAT_SME2,FEAT_SVE2p1	A64/sme/mortlach_multi_mem_ctg/mortlach_multi2_cst_cstnt_ss_ctg/st1d_mz_p_br_2
3572	A64	Armv8-A	FEAT_SME2,FEAT_SVE2p1	A64/sme/mortlach_multi_mem_ctg/mortlach_multi2_cst_cstnt_ss_ctg/stnt1d_mz_p_br_2
3573	A64	Armv8-A	FEAT_SME2,FEAT_SVE2p1	A64/sme/mortlach_multi_mem_ctg/mortlach_multi4_cst_cstnt_ss_ctg/st1b_mz_p_br_4
3574	A64	Armv8-A	FEAT_SME2,FEAT_SVE2p1	A64/sme/mortlach_multi_mem_ctg/mortlach_multi4_cst_cstnt_ss_ctg/stnt1b_mz_p_br_4
3575	A64	Armv8-A	FEAT_SME2,FEAT_SVE2p1	A64/sme/mortlach_multi_mem_ctg/mortlach_multi4_cst_cstnt_ss_ctg/st1h_mz_p_br_4
3576	A64	Armv8-A	FEAT_SME2,FEAT_SVE2p1	A64/sme/mortlach_multi_mem_ctg/mortlach_multi4_cst_cstnt_ss_ctg/stnt1h_mz_p_br_4
3577	A64	Armv8-A	FEAT_SME2,FEAT_SVE2p1	A64/sme/mortlach_multi_mem_ctg/mortlach_multi4_cst_cstnt_ss_ctg/st1w_mz_p_br_4
3578	A64	Armv8-A	FEAT_SME2,FEAT_SVE2p1	A64/sme/mortlach_multi_mem_ctg/mortlach_multi4_cst_cstnt_ss_ctg/stnt1w_mz_p_br_4
3579	A64	Armv8-A	FEAT_SME2,FEAT_SVE2p1	A64/sme/mortlach_multi_mem_ctg/mortlach_multi4_cst_cstnt_ss_ctg/st1d_mz_p_br_4
3580	A64	Armv8-A	FEAT_SME2,FEAT_SVE2p1	A64/sme/mortlach_multi_mem_ctg/mortlach_multi4_cst_cstnt_ss_ctg/stnt1d_mz_p_br_4
3581	A64	Armv8-A	FEAT_SME2,FEAT_SVE2p1	A64/sme/mortlach_multi_mem_ctg/mortlach_multi2_cld_cldnt_si_ctg/ld1b_mz_p_bi_2
3582	A64	Armv8-A	FEAT_SME2,FEAT_SVE2p1	A64/sme/mortlach_multi_mem_ctg/mortlach_multi2_cld_cldnt_si_ctg/ldnt1b_mz_p_bi_2
3583	A64	Armv8-A	FEAT_SME2,FEAT_SVE2p1	A64/sme/mortlach_multi_mem_ctg/mortlach_multi2_cld_cldnt_si_ctg/ld1h_mz_p_bi_2
3584	A64	Armv8-A	FEAT_SME2,FEAT_SVE2p1	A64/sme/mortlach_multi_mem_ctg/mortlach_multi2_cld_cldnt_si_ctg/ldnt1h_mz_p_bi_2
3585	A64	Armv8-A	FEAT_SME2,FEAT_SVE2p1	A64/sme/mortlach_multi_mem_ctg/mortlach_multi2_cld_cldnt_si_ctg/ld1w_mz_p_bi_2
3586	A64	Armv8-A	FEAT_SME2,FEAT_SVE2p1	A64/sme/mortlach_multi_mem_ctg/mortlach_multi2_cld_cldnt_si_ctg/ldnt1w_mz_p_bi_2
3587	A64	Armv8-A	FEAT_SME2,FEAT_SVE2p1	A64/sme/mortlach_multi_mem_ctg/mortlach_multi2_cld_cldnt_si_ctg/ld1d_mz_p_bi_2
3588	A64	Armv8-A	FEAT_SME2,FEAT_SVE2p1	A64/sme/mortlach_multi_mem_ctg/mortlach_multi2_cld_cldnt_si_ctg/ldnt1d_mz_p_bi_2
3589	A64	Armv8-A	FEAT_SME2,FEAT_SVE2p1	A64/sme/mortlach_multi_mem_ctg/mortlach_multi4_cld_cldnt_si_ctg/ld1b_mz_p_bi_4
3590	A64	Armv8-A	FEAT_SME2,FEAT_SVE2p1	A64/sme/mortlach_multi_mem_ctg/mortlach_multi4_cld_cldnt_si_ctg/ldnt1b_mz_p_bi_4
3591	A64	Armv8-A	FEAT_SME2,FEAT_SVE2p1	A64/sme/mortlach_multi_mem_ctg/mortlach_multi4_cld_cldnt_si_ctg/ld1h_mz_p_bi_4
3592	A64	Armv8-A	FEAT_SME2,FEAT_SVE2p1	A64/sme/mortlach_multi_mem_ctg/mortlach_multi4_cld_cldnt_si_ctg/ldnt1h_mz_p_bi_4
3593	A64	Armv8-A	FEAT_SME2,FEAT_SVE2p1	A64/sme/mortlach_multi_mem_ctg/mortlach_multi4_cld_cldnt_si_ctg/ld1w_mz_p_bi_4
3594	A64	Armv8-A	FEAT_SME2,FEAT_SVE2p1	A64/sme/mortlach_multi_mem_ctg/mortlach_multi4_cld_cldnt_si_ctg/ldnt1w_mz_p_bi_4
3595	A64	Armv8-A	FEAT_SME2,FEAT_SVE2p1	A64/sme/mortlach_multi_mem_ctg/mortlach_multi4_cld_cldnt_si_ctg/ld1d_mz_p_bi_4
3596	A64	Armv8-A	FEAT_SME2,FEAT_SVE2p1	A64/sme/mortlach_multi_mem_ctg/mortlach_multi4_cld_cldnt_si_ctg/ldnt1d_mz_p_bi_4
3597	A64	Armv8-A	FEAT_SME2,FEAT_SVE2p1	A64/sme/mortlach_multi_mem_ctg/mortlach_multi2_cst_cstnt_si_ctg/st1b_mz_p_bi_2
3598	A64	Armv8-A	FEAT_SME2,FEAT_SVE2p1	A64/sme/mortlach_multi_mem_ctg/mortlach_multi2_cst_cstnt_si_ctg/stnt1b_mz_p_bi_2
3599	A64	Armv8-A	FEAT_SME2,FEAT_SVE2p1	A64/sme/mortlach_multi_mem_ctg/mortlach_multi2_cst_cstnt_si_ctg/st1h_mz_p_bi_2
3600	A64	Armv8-A	FEAT_SME2,FEAT_SVE2p1	A64/sme/mortlach_multi_mem_ctg/mortlach_multi2_cst_cstnt_si_ctg/stnt1h_mz_p_bi_2
3601	A64	Armv8-A	FEAT_SME2,FEAT_SVE2p1	A64/sme/mortlach_multi_mem_ctg/mortlach_multi2_cst_cstnt_si_ctg/st1w_mz_p_bi_2
3602	A64	Armv8-A	FEAT_SME2,FEAT_SVE2p1	A64/sme/mortlach_multi_mem_ctg/mortlach_multi2_cst_cstnt_si_ctg/stnt1w_mz_p_bi_2
3603	A64	Armv8-A	FEAT_SME2,FEAT_SVE2p1	A64/sme/mortlach_multi_mem_ctg/mortlach_multi2_cst_cstnt_si_ctg/st1d_mz_p_bi_2
3604	A64	Armv8-A	FEAT_SME2,FEAT_SVE2p1	A64/sme/mortlach_multi_mem_ctg/mortlach_multi2_cst_cstnt_si_ctg/stnt1d_mz_p_bi_2
3605	A64	Armv8-A	FEAT_SME2,FEAT_SVE2p1	A64/sme/mortlach_multi_mem_ctg/mortlach_multi4_cst_cstnt_si_ctg/st1b_mz_p_bi_4
3606	A64	Armv8-A	FEAT_SME2,FEAT_SVE2p1	A64/sme/mortlach_multi_mem_ctg/mortlach_multi4_cst_cstnt_si_ctg/stnt1b_mz_p_bi_4
3607	A64	Armv8-A	FEAT_SME2,FEAT_SVE2p1	A64/sme/mortlach_multi_mem_ctg/mortlach_multi4_cst_cstnt_si_ctg/st1h_mz_p_bi_4
3608	A64	Armv8-A	FEAT_SME2,FEAT_SVE2p1	A64/sme/mortlach_multi_mem_ctg/mortlach_multi4_cst_cstnt_si_ctg/stnt1h_mz_p_bi_4
3609	A64	Armv8-A	FEAT_SME2,FEAT_SVE2p1	A64/sme/mortlach_multi_mem_ctg/mortlach_multi4_cst_cstnt_si_ctg/st1w_mz_p_bi_4
3610	A64	Armv8-A	FEAT_SME2,FEAT_SVE2p1	A64/sme/mortlach_multi_mem_ctg/mortlach_multi4_cst_cstnt_si_ctg/stnt1w_mz_p_bi_4
3611	A64	Armv8-A	FEAT_SME2,FEAT_SVE2p1	A64/sme/mortlach_multi_mem_ctg/mortlach_multi4_cst_cstnt_si_ctg/st1d_mz_p_bi_4
3612	A64	Armv8-A	FEAT_SME2,FEAT_SVE2p1	A64/sme/mortlach_multi_mem_ctg/mortlach_multi4_cst_cstnt_si_ctg/stnt1d_mz_p_bi_4
3613	A64	Armv8-A	FEAT_SME2	A64/sme/mortlach_multi_mem_nctg/mortlach_multi2_cld_cldnt_ss_nctg/ld1b_mzx_p_br_2x8
3614	A64	Armv8-A	FEAT_SME2	A64/sme/mortlach_multi_mem_nctg/mortlach_multi2_cld_cldnt_ss_nctg/ldnt1b_mzx_p_br_2x8
3615	A64	Armv8-A	FEAT_SME2	A64/sme/mortlach_multi_mem_nctg/mortlach_multi2_cld_cldnt_ss_nctg/ld1h_mzx_p_br_2x8
3616	A64	Armv8-A	FEAT_SME2	A64/sme/mortlach_multi_mem_nctg/mortlach_multi2_cld_cldnt_ss_nctg/ldnt1h_mzx_p_br_2x8
3617	A64	Armv8-A	FEAT_SME2	A64/sme/mortlach_multi_mem_nctg/mortlach_multi2_cld_cldnt_ss_nctg/ld1w_mzx_p_br_2x8
3618	A64	Armv8-A	FEAT_SME2	A64/sme/mortlach_multi_mem_nctg/mortlach_multi2_cld_cldnt_ss_nctg/ldnt1w_mzx_p_br_2x8
3619	A64	Armv8-A	FEAT_SME2	A64/sme/mortlach_multi_mem_nctg/mortlach_multi2_cld_cldnt_ss_nctg/ld1d_mzx_p_br_2x8
3620	A64	Armv8-A	FEAT_SME2	A64/sme/mortlach_multi_mem_nctg/mortlach_multi2_cld_cldnt_ss_nctg/ldnt1d_mzx_p_br_2x8
3621	A64	Armv8-A	FEAT_SME2	A64/sme/mortlach_multi_mem_nctg/mortlach_multi4_cld_cldnt_ss_nctg/ld1b_mzx_p_br_4x4
3622	A64	Armv8-A	FEAT_SME2	A64/sme/mortlach_multi_mem_nctg/mortlach_multi4_cld_cldnt_ss_nctg/ldnt1b_mzx_p_br_4x4
3623	A64	Armv8-A	FEAT_SME2	A64/sme/mortlach_multi_mem_nctg/mortlach_multi4_cld_cldnt_ss_nctg/ld1h_mzx_p_br_4x4
3624	A64	Armv8-A	FEAT_SME2	A64/sme/mortlach_multi_mem_nctg/mortlach_multi4_cld_cldnt_ss_nctg/ldnt1h_mzx_p_br_4x4
3625	A64	Armv8-A	FEAT_SME2	A64/sme/mortlach_multi_mem_nctg/mortlach_multi4_cld_cldnt_ss_nctg/ld1w_mzx_p_br_4x4
3626	A64	Armv8-A	FEAT_SME2	A64/sme/mortlach_multi_mem_nctg/mortlach_multi4_cld_cldnt_ss_nctg/ldnt1w_mzx_p_br_4x4
3627	A64	Armv8-A	FEAT_SME2	A64/sme/mortlach_multi_mem_nctg/mortlach_multi4_cld_cldnt_ss_nctg/ld1d_mzx_p_br_4x4
3628	A64	Armv8-A	FEAT_SME2	A64/sme/mortlach_multi_mem_nctg/mortlach_multi4_cld_cldnt_ss_nctg/ldnt1d_mzx_p_br_4x4
3629	A64	Armv8-A	FEAT_SME2	A64/sme/mortlach_multi_mem_nctg/mortlach_multi2_cst_cstnt_ss_nctg/st1b_mzx_p_br_2x8
3630	A64	Armv8-A	FEAT_SME2	A64/sme/mortlach_multi_mem_nctg/mortlach_multi2_cst_cstnt_ss_nctg/stnt1b_mzx_p_br_2x8
3631	A64	Armv8-A	FEAT_SME2	A64/sme/mortlach_multi_mem_nctg/mortlach_multi2_cst_cstnt_ss_nctg/st1h_mzx_p_br_2x8
3632	A64	Armv8-A	FEAT_SME2	A64/sme/mortlach_multi_mem_nctg/mortlach_multi2_cst_cstnt_ss_nctg/stnt1h_mzx_p_br_2x8
3633	A64	Armv8-A	FEAT_SME2	A64/sme/mortlach_multi_mem_nctg/mortlach_multi2_cst_cstnt_ss_nctg/st1w_mzx_p_br_2x8
3634	A64	Armv8-A	FEAT_SME2	A64/sme/mortlach_multi_mem_nctg/mortlach_multi2_cst_cstnt_ss_nctg/stnt1w_mzx_p_br_2x8
3635	A64	Armv8-A	FEAT_SME2	A64/sme/mortlach_multi_mem_nctg/mortlach_multi2_cst_cstnt_ss_nctg/st1d_mzx_p_br_2x8
3636	A64	Armv8-A	FEAT_SME2	A64/sme/mortlach_multi_mem_nctg/mortlach_multi2_cst_cstnt_ss_nctg/stnt1d_mzx_p_br_2x8
3637	A64	Armv8-A	FEAT_SME2	A64/sme/mortlach_multi_mem_nctg/mortlach_multi4_cst_cstnt_ss_nctg/st1b_mzx_p_br_4x4
3638	A64	Armv8-A	FEAT_SME2	A64/sme/mortlach_multi_mem_nctg/mortlach_multi4_cst_cstnt_ss_nctg/stnt1b_mzx_p_br_4x4
3639	A64	Armv8-A	FEAT_SME2	A64/sme/mortlach_multi_mem_nctg/mortlach_multi4_cst_cstnt_ss_nctg/st1h_mzx_p_br_4x4
3640	A64	Armv8-A	FEAT_SME2	A64/sme/mortlach_multi_mem_nctg/mortlach_multi4_cst_cstnt_ss_nctg/stnt1h_mzx_p_br_4x4
3641	A64	Armv8-A	FEAT_SME2	A64/sme/mortlach_multi_mem_nctg/mortlach_multi4_cst_cstnt_ss_nctg/st1w_mzx_p_br_4x4
3642	A64	Armv8-A	FEAT_SME2	A64/sme/mortlach_multi_mem_nctg/mortlach_multi4_cst_cstnt_ss_nctg/stnt1w_mzx_p_br_4x4
3643	A64	Armv8-A	FEAT_SME2	A64/sme/mortlach_multi_mem_nctg/mortlach_multi4_cst_cstnt_ss_nctg/st1d_mzx_p_br_4x4
3644	A64	Armv8-A	FEAT_SME2	A64/sme/mortlach_multi_mem_nctg/mortlach_multi4_cst_cstnt_ss_nctg/stnt1d_mzx_p_br_4x4
3645	A64	Armv8-A	FEAT_SME2	A64/sme/mortlach_multi_mem_nctg/mortlach_multi2_cld_cldnt_si_nctg/ld1b_mzx_p_bi_2x8
3646	A64	Armv8-A	FEAT_SME2	A64/sme/mortlach_multi_mem_nctg/mortlach_multi2_cld_cldnt_si_nctg/ldnt1b_mzx_p_bi_2x8
3647	A64	Armv8-A	FEAT_SME2	A64/sme/mortlach_multi_mem_nctg/mortlach_multi2_cld_cldnt_si_nctg/ld1h_mzx_p_bi_2x8
3648	A64	Armv8-A	FEAT_SME2	A64/sme/mortlach_multi_mem_nctg/mortlach_multi2_cld_cldnt_si_nctg/ldnt1h_mzx_p_bi_2x8
3649	A64	Armv8-A	FEAT_SME2	A64/sme/mortlach_multi_mem_nctg/mortlach_multi2_cld_cldnt_si_nctg/ld1w_mzx_p_bi_2x8
3650	A64	Armv8-A	FEAT_SME2	A64/sme/mortlach_multi_mem_nctg/mortlach_multi2_cld_cldnt_si_nctg/ldnt1w_mzx_p_bi_2x8
3651	A64	Armv8-A	FEAT_SME2	A64/sme/mortlach_multi_mem_nctg/mortlach_multi2_cld_cldnt_si_nctg/ld1d_mzx_p_bi_2x8
3652	A64	Armv8-A	FEAT_SME2	A64/sme/mortlach_multi_mem_nctg/mortlach_multi2_cld_cldnt_si_nctg/ldnt1d_mzx_p_bi_2x8
3653	A64	Armv8-A	FEAT_SME2	A64/sme/mortlach_multi_mem_nctg/mortlach_multi4_cld_cldnt_si_nctg/ld1b_mzx_p_bi_4x4
3654	A64	Armv8-A	FEAT_SME2	A64/sme/mortlach_multi_mem_nctg/mortlach_multi4_cld_cldnt_si_nctg/ldnt1b_mzx_p_bi_4x4
3655	A64	Armv8-A	FEAT_SME2	A64/sme/mortlach_multi_mem_nctg/mortlach_multi4_cld_cldnt_si_nctg/ld1h_mzx_p_bi_4x4
3656	A64	Armv8-A	FEAT_SME2	A64/sme/mortlach_multi_mem_nctg/mortlach_multi4_cld_cldnt_si_nctg/ldnt1h_mzx_p_bi_4x4
3657	A64	Armv8-A	FEAT_SME2	A64/sme/mortlach_multi_mem_nctg/mortlach_multi4_cld_cldnt_si_nctg/ld1w_mzx_p_bi_4x4
3658	A64	Armv8-A	FEAT_SME2	A64/sme/mortlach_multi_mem_nctg/mortlach_multi4_cld_cldnt_si_nctg/ldnt1w_mzx_p_bi_4x4
3659	A64	Armv8-A	FEAT_SME2	A64/sme/mortlach_multi_mem_nctg/mortlach_multi4_cld_cldnt_si_nctg/ld1d_mzx_p_bi_4x4
3660	A64	Armv8-A	FEAT_SME2	A64/sme/mortlach_multi_mem_nctg/mortlach_multi4_cld_cldnt_si_nctg/ldnt1d_mzx_p_bi_4x4
3661	A64	Armv8-A	FEAT_SME2	A64/sme/mortlach_multi_mem_nctg/mortlach_multi2_cst_cstnt_si_nctg/st1b_mzx_p_bi_2x8
3662	A64	Armv8-A	FEAT_SME2	A64/sme/mortlach_multi_mem_nctg/mortlach_multi2_cst_cstnt_si_nctg/stnt1b_mzx_p_bi_2x8
3663	A64	Armv8-A	FEAT_SME2	A64/sme/mortlach_multi_mem_nctg/mortlach_multi2_cst_cstnt_si_nctg/st1h_mzx_p_bi_2x8
3664	A64	Armv8-A	FEAT_SME2	A64/sme/mortlach_multi_mem_nctg/mortlach_multi2_cst_cstnt_si_nctg/stnt1h_mzx_p_bi_2x8
3665	A64	Armv8-A	FEAT_SME2	A64/sme/mortlach_multi_mem_nctg/mortlach_multi2_cst_cstnt_si_nctg/st1w_mzx_p_bi_2x8
3666	A64	Armv8-A	FEAT_SME2	A64/sme/mortlach_multi_mem_nctg/mortlach_multi2_cst_cstnt_si_nctg/stnt1w_mzx_p_bi_2x8
3667	A64	Armv8-A	FEAT_SME2	A64/sme/mortlach_multi_mem_nctg/mortlach_multi2_cst_cstnt_si_nctg/st1d_mzx_p_bi_2x8
3668	A64	Armv8-A	FEAT_SME2	A64/sme/mortlach_multi_mem_nctg/mortlach_multi2_cst_cstnt_si_nctg/stnt1d_mzx_p_bi_2x8
3669	A64	Armv8-A	FEAT_SME2	A64/sme/mortlach_multi_mem_nctg/mortlach_multi4_cst_cstnt_si_nctg/st1b_mzx_p_bi_4x4
3670	A64	Armv8-A	FEAT_SME2	A64/sme/mortlach_multi_mem_nctg/mortlach_multi4_cst_cstnt_si_nctg/stnt1b_mzx_p_bi_4x4
3671	A64	Armv8-A	FEAT_SME2	A64/sme/mortlach_multi_mem_nctg/mortlach_multi4_cst_cstnt_si_nctg/st1h_mzx_p_bi_4x4
3672	A64	Armv8-A	FEAT_SME2	A64/sme/mortlach_multi_mem_nctg/mortlach_multi4_cst_cstnt_si_nctg/stnt1h_mzx_p_bi_4x4
3673	A64	Armv8-A	FEAT_SME2	A64/sme/mortlach_multi_mem_nctg/mortlach_multi4_cst_cstnt_si_nctg/st1w_mzx_p_bi_4x4
3674	A64	Armv8-A	FEAT_SME2	A64/sme/mortlach_multi_mem_nctg/mortlach_multi4_cst_cstnt_si_nctg/stnt1w_mzx_p_bi_4x4
3675	A64	Armv8-A	FEAT_SME2	A64/sme/mortlach_multi_mem_nctg/mortlach_multi4_cst_cstnt_si_nctg/st1d_mzx_p_bi_4x4
3676	A64	Armv8-A	FEAT_SME2	A64/sme/mortlach_multi_mem_nctg/mortlach_multi4_cst_cstnt_si_nctg/stnt1d_mzx_p_bi_4x4
3677	A64	Armv8-A	FEAT_SME_MOP4	A64/sme/mortlach2_prod4/mortlach_f32f32_prod4/fmop4a_za_zz_s1x1
3678	A64	Armv8-A	FEAT_SME_MOP4	A64/sme/mortlach2_prod4/mortlach_f32f32_prod4/fmop4s_za_zz_s1x1
3679	A64	Armv8-A	FEAT_SME_MOP4	A64/sme/mortlach2_prod4/mortlach_f32f32_prod4/fmop4a_za_zz_s1x2
3680	A64	Armv8-A	FEAT_SME_MOP4	A64/sme/mortlach2_prod4/mortlach_f32f32_prod4/fmop4s_za_zz_s1x2
3681	A64	Armv8-A	FEAT_SME_MOP4	A64/sme/mortlach2_prod4/mortlach_f32f32_prod4/fmop4a_za_zz_s2x1
3682	A64	Armv8-A	FEAT_SME_MOP4	A64/sme/mortlach2_prod4/mortlach_f32f32_prod4/fmop4s_za_zz_s2x1
3683	A64	Armv8-A	FEAT_SME_MOP4	A64/sme/mortlach2_prod4/mortlach_f32f32_prod4/fmop4a_za_zz_s2x2
3684	A64	Armv8-A	FEAT_SME_MOP4	A64/sme/mortlach2_prod4/mortlach_f32f32_prod4/fmop4s_za_zz_s2x2
3685	A64	Armv8-A	FEAT_SME_F8F32,FEAT_SME_MOP4	A64/sme/mortlach2_prod4/mortlach_f8f32_prod4/fmop4a_za32_z8z8_b1x1
3686	A64	Armv8-A	FEAT_SME_F8F32,FEAT_SME_MOP4	A64/sme/mortlach2_prod4/mortlach_f8f32_prod4/fmop4a_za32_z8z8_b1x2
3687	A64	Armv8-A	FEAT_SME_F8F32,FEAT_SME_MOP4	A64/sme/mortlach2_prod4/mortlach_f8f32_prod4/fmop4a_za32_z8z8_b2x1
3688	A64	Armv8-A	FEAT_SME_F8F32,FEAT_SME_MOP4	A64/sme/mortlach2_prod4/mortlach_f8f32_prod4/fmop4a_za32_z8z8_b2x2
3689	A64	Armv8-A	FEAT_SME_MOP4	A64/sme/mortlach2_prod4/mortlach_b16f32_prod4/bfmop4a_za32_zz_h1x1
3690	A64	Armv8-A	FEAT_SME_MOP4	A64/sme/mortlach2_prod4/mortlach_b16f32_prod4/bfmop4s_za32_zz_h1x1
3691	A64	Armv8-A	FEAT_SME_MOP4	A64/sme/mortlach2_prod4/mortlach_b16f32_prod4/bfmop4a_za32_zz_h1x2
3692	A64	Armv8-A	FEAT_SME_MOP4	A64/sme/mortlach2_prod4/mortlach_b16f32_prod4/bfmop4s_za32_zz_h1x2
3693	A64	Armv8-A	FEAT_SME_MOP4	A64/sme/mortlach2_prod4/mortlach_b16f32_prod4/bfmop4a_za32_zz_h2x1
3694	A64	Armv8-A	FEAT_SME_MOP4	A64/sme/mortlach2_prod4/mortlach_b16f32_prod4/bfmop4s_za32_zz_h2x1
3695	A64	Armv8-A	FEAT_SME_MOP4	A64/sme/mortlach2_prod4/mortlach_b16f32_prod4/bfmop4a_za32_zz_h2x2
3696	A64	Armv8-A	FEAT_SME_MOP4	A64/sme/mortlach2_prod4/mortlach_b16f32_prod4/bfmop4s_za32_zz_h2x2
3697	A64	Armv8-A	FEAT_SME_MOP4	A64/sme/mortlach2_prod4/mortlach_f16f32_prod4/fmop4a_za32_zz_h1x1
3698	A64	Armv8-A	FEAT_SME_MOP4	A64/sme/mortlach2_prod4/mortlach_f16f32_prod4/fmop4s_za32_zz_h1x1
3699	A64	Armv8-A	FEAT_SME_MOP4	A64/sme/mortlach2_prod4/mortlach_f16f32_prod4/fmop4a_za32_zz_h1x2
3700	A64	Armv8-A	FEAT_SME_MOP4	A64/sme/mortlach2_prod4/mortlach_f16f32_prod4/fmop4s_za32_zz_h1x2
3701	A64	Armv8-A	FEAT_SME_MOP4	A64/sme/mortlach2_prod4/mortlach_f16f32_prod4/fmop4a_za32_zz_h2x1
3702	A64	Armv8-A	FEAT_SME_MOP4	A64/sme/mortlach2_prod4/mortlach_f16f32_prod4/fmop4s_za32_zz_h2x1
3703	A64	Armv8-A	FEAT_SME_MOP4	A64/sme/mortlach2_prod4/mortlach_f16f32_prod4/fmop4a_za32_zz_h2x2
3704	A64	Armv8-A	FEAT_SME_MOP4	A64/sme/mortlach2_prod4/mortlach_f16f32_prod4/fmop4s_za32_zz_h2x2
3705	A64	Armv8-A	FEAT_SME_MOP4	A64/sme/mortlach2_prod4/mortlach_i8i32_prod4/smop4a_za_zz_b1x1
3706	A64	Armv8-A	FEAT_SME_MOP4	A64/sme/mortlach2_prod4/mortlach_i8i32_prod4/sumop4a_za_zz_b1x1
3707	A64	Armv8-A	FEAT_SME_MOP4	A64/sme/mortlach2_prod4/mortlach_i8i32_prod4/usmop4a_za_zz_b1x1
3708	A64	Armv8-A	FEAT_SME_MOP4	A64/sme/mortlach2_prod4/mortlach_i8i32_prod4/umop4a_za_zz_b1x1
3709	A64	Armv8-A	FEAT_SME_MOP4	A64/sme/mortlach2_prod4/mortlach_i8i32_prod4/smop4s_za_zz_b1x1
3710	A64	Armv8-A	FEAT_SME_MOP4	A64/sme/mortlach2_prod4/mortlach_i8i32_prod4/sumop4s_za_zz_b1x1
3711	A64	Armv8-A	FEAT_SME_MOP4	A64/sme/mortlach2_prod4/mortlach_i8i32_prod4/usmop4s_za_zz_b1x1
3712	A64	Armv8-A	FEAT_SME_MOP4	A64/sme/mortlach2_prod4/mortlach_i8i32_prod4/umop4s_za_zz_b1x1
3713	A64	Armv8-A	FEAT_SME_MOP4	A64/sme/mortlach2_prod4/mortlach_i8i32_prod4/smop4a_za_zz_b1x2
3714	A64	Armv8-A	FEAT_SME_MOP4	A64/sme/mortlach2_prod4/mortlach_i8i32_prod4/sumop4a_za_zz_b1x2
3715	A64	Armv8-A	FEAT_SME_MOP4	A64/sme/mortlach2_prod4/mortlach_i8i32_prod4/usmop4a_za_zz_b1x2
3716	A64	Armv8-A	FEAT_SME_MOP4	A64/sme/mortlach2_prod4/mortlach_i8i32_prod4/umop4a_za_zz_b1x2
3717	A64	Armv8-A	FEAT_SME_MOP4	A64/sme/mortlach2_prod4/mortlach_i8i32_prod4/smop4s_za_zz_b1x2
3718	A64	Armv8-A	FEAT_SME_MOP4	A64/sme/mortlach2_prod4/mortlach_i8i32_prod4/sumop4s_za_zz_b1x2
3719	A64	Armv8-A	FEAT_SME_MOP4	A64/sme/mortlach2_prod4/mortlach_i8i32_prod4/usmop4s_za_zz_b1x2
3720	A64	Armv8-A	FEAT_SME_MOP4	A64/sme/mortlach2_prod4/mortlach_i8i32_prod4/umop4s_za_zz_b1x2
3721	A64	Armv8-A	FEAT_SME_MOP4	A64/sme/mortlach2_prod4/mortlach_i8i32_prod4/smop4a_za_zz_b2x1
3722	A64	Armv8-A	FEAT_SME_MOP4	A64/sme/mortlach2_prod4/mortlach_i8i32_prod4/sumop4a_za_zz_b2x1
3723	A64	Armv8-A	FEAT_SME_MOP4	A64/sme/mortlach2_prod4/mortlach_i8i32_prod4/usmop4a_za_zz_b2x1
3724	A64	Armv8-A	FEAT_SME_MOP4	A64/sme/mortlach2_prod4/mortlach_i8i32_prod4/umop4a_za_zz_b2x1
3725	A64	Armv8-A	FEAT_SME_MOP4	A64/sme/mortlach2_prod4/mortlach_i8i32_prod4/smop4s_za_zz_b2x1
3726	A64	Armv8-A	FEAT_SME_MOP4	A64/sme/mortlach2_prod4/mortlach_i8i32_prod4/sumop4s_za_zz_b2x1
3727	A64	Armv8-A	FEAT_SME_MOP4	A64/sme/mortlach2_prod4/mortlach_i8i32_prod4/usmop4s_za_zz_b2x1
3728	A64	Armv8-A	FEAT_SME_MOP4	A64/sme/mortlach2_prod4/mortlach_i8i32_prod4/umop4s_za_zz_b2x1
3729	A64	Armv8-A	FEAT_SME_MOP4	A64/sme/mortlach2_prod4/mortlach_i8i32_prod4/smop4a_za_zz_b2x2
3730	A64	Armv8-A	FEAT_SME_MOP4	A64/sme/mortlach2_prod4/mortlach_i8i32_prod4/sumop4a_za_zz_b2x2
3731	A64	Armv8-A	FEAT_SME_MOP4	A64/sme/mortlach2_prod4/mortlach_i8i32_prod4/usmop4a_za_zz_b2x2
3732	A64	Armv8-A	FEAT_SME_MOP4	A64/sme/mortlach2_prod4/mortlach_i8i32_prod4/umop4a_za_zz_b2x2
3733	A64	Armv8-A	FEAT_SME_MOP4	A64/sme/mortlach2_prod4/mortlach_i8i32_prod4/smop4s_za_zz_b2x2
3734	A64	Armv8-A	FEAT_SME_MOP4	A64/sme/mortlach2_prod4/mortlach_i8i32_prod4/sumop4s_za_zz_b2x2
3735	A64	Armv8-A	FEAT_SME_MOP4	A64/sme/mortlach2_prod4/mortlach_i8i32_prod4/usmop4s_za_zz_b2x2
3736	A64	Armv8-A	FEAT_SME_MOP4	A64/sme/mortlach2_prod4/mortlach_i8i32_prod4/umop4s_za_zz_b2x2
3737	A64	Armv8-A	FEAT_SME_F8F16,FEAT_SME_MOP4	A64/sme/mortlach2_prod4/mortlach_f8f16_prod4/fmop4a_za16_z8z8_b1x1
3738	A64	Armv8-A	FEAT_SME_F8F16,FEAT_SME_MOP4	A64/sme/mortlach2_prod4/mortlach_f8f16_prod4/fmop4a_za16_z8z8_b1x2
3739	A64	Armv8-A	FEAT_SME_F8F16,FEAT_SME_MOP4	A64/sme/mortlach2_prod4/mortlach_f8f16_prod4/fmop4a_za16_z8z8_b2x1
3740	A64	Armv8-A	FEAT_SME_F8F16,FEAT_SME_MOP4	A64/sme/mortlach2_prod4/mortlach_f8f16_prod4/fmop4a_za16_z8z8_b2x2
3741	A64	Armv8-A	FEAT_SME_F16F16,FEAT_SME_MOP4	A64/sme/mortlach2_prod4/mortlach_f16f16_prod4/fmop4a_za_zz_h1x1
3742	A64	Armv8-A	FEAT_SME_F16F16,FEAT_SME_MOP4	A64/sme/mortlach2_prod4/mortlach_f16f16_prod4/fmop4s_za_zz_h1x1
3743	A64	Armv8-A	FEAT_SME_F16F16,FEAT_SME_MOP4	A64/sme/mortlach2_prod4/mortlach_f16f16_prod4/fmop4a_za_zz_h1x2
3744	A64	Armv8-A	FEAT_SME_F16F16,FEAT_SME_MOP4	A64/sme/mortlach2_prod4/mortlach_f16f16_prod4/fmop4s_za_zz_h1x2
3745	A64	Armv8-A	FEAT_SME_F16F16,FEAT_SME_MOP4	A64/sme/mortlach2_prod4/mortlach_f16f16_prod4/fmop4a_za_zz_h2x1
3746	A64	Armv8-A	FEAT_SME_F16F16,FEAT_SME_MOP4	A64/sme/mortlach2_prod4/mortlach_f16f16_prod4/fmop4s_za_zz_h2x1
3747	A64	Armv8-A	FEAT_SME_F16F16,FEAT_SME_MOP4	A64/sme/mortlach2_prod4/mortlach_f16f16_prod4/fmop4a_za_zz_h2x2
3748	A64	Armv8-A	FEAT_SME_F16F16,FEAT_SME_MOP4	A64/sme/mortlach2_prod4/mortlach_f16f16_prod4/fmop4s_za_zz_h2x2
3749	A64	Armv8-A	FEAT_SME_B16B16,FEAT_SME_MOP4	A64/sme/mortlach2_prod4/mortlach_b16b16_prod4/bfmop4a_za_zz_h1x1
3750	A64	Armv8-A	FEAT_SME_B16B16,FEAT_SME_MOP4	A64/sme/mortlach2_prod4/mortlach_b16b16_prod4/bfmop4s_za_zz_h1x1
3751	A64	Armv8-A	FEAT_SME_B16B16,FEAT_SME_MOP4	A64/sme/mortlach2_prod4/mortlach_b16b16_prod4/bfmop4a_za_zz_h1x2
3752	A64	Armv8-A	FEAT_SME_B16B16,FEAT_SME_MOP4	A64/sme/mortlach2_prod4/mortlach_b16b16_prod4/bfmop4s_za_zz_h1x2
3753	A64	Armv8-A	FEAT_SME_B16B16,FEAT_SME_MOP4	A64/sme/mortlach2_prod4/mortlach_b16b16_prod4/bfmop4a_za_zz_h2x1
3754	A64	Armv8-A	FEAT_SME_B16B16,FEAT_SME_MOP4	A64/sme/mortlach2_prod4/mortlach_b16b16_prod4/bfmop4s_za_zz_h2x1
3755	A64	Armv8-A	FEAT_SME_B16B16,FEAT_SME_MOP4	A64/sme/mortlach2_prod4/mortlach_b16b16_prod4/bfmop4a_za_zz_h2x2
3756	A64	Armv8-A	FEAT_SME_B16B16,FEAT_SME_MOP4	A64/sme/mortlach2_prod4/mortlach_b16b16_prod4/bfmop4s_za_zz_h2x2
3757	A64	Armv8-A	FEAT_SME_MOP4	A64/sme/mortlach2_prod4/mortlach_i16i32_prod4/smop4a_za32_zz_h1x1
3758	A64	Armv8-A	FEAT_SME_MOP4	A64/sme/mortlach2_prod4/mortlach_i16i32_prod4/umop4a_za32_zz_h1x1
3759	A64	Armv8-A	FEAT_SME_MOP4	A64/sme/mortlach2_prod4/mortlach_i16i32_prod4/smop4s_za32_zz_h1x1
3760	A64	Armv8-A	FEAT_SME_MOP4	A64/sme/mortlach2_prod4/mortlach_i16i32_prod4/umop4s_za32_zz_h1x1
3761	A64	Armv8-A	FEAT_SME_MOP4	A64/sme/mortlach2_prod4/mortlach_i16i32_prod4/smop4a_za32_zz_h1x2
3762	A64	Armv8-A	FEAT_SME_MOP4	A64/sme/mortlach2_prod4/mortlach_i16i32_prod4/umop4a_za32_zz_h1x2
3763	A64	Armv8-A	FEAT_SME_MOP4	A64/sme/mortlach2_prod4/mortlach_i16i32_prod4/smop4s_za32_zz_h1x2
3764	A64	Armv8-A	FEAT_SME_MOP4	A64/sme/mortlach2_prod4/mortlach_i16i32_prod4/umop4s_za32_zz_h1x2
3765	A64	Armv8-A	FEAT_SME_MOP4	A64/sme/mortlach2_prod4/mortlach_i16i32_prod4/smop4a_za32_zz_h2x1
3766	A64	Armv8-A	FEAT_SME_MOP4	A64/sme/mortlach2_prod4/mortlach_i16i32_prod4/umop4a_za32_zz_h2x1
3767	A64	Armv8-A	FEAT_SME_MOP4	A64/sme/mortlach2_prod4/mortlach_i16i32_prod4/smop4s_za32_zz_h2x1
3768	A64	Armv8-A	FEAT_SME_MOP4	A64/sme/mortlach2_prod4/mortlach_i16i32_prod4/umop4s_za32_zz_h2x1
3769	A64	Armv8-A	FEAT_SME_MOP4	A64/sme/mortlach2_prod4/mortlach_i16i32_prod4/smop4a_za32_zz_h2x2
3770	A64	Armv8-A	FEAT_SME_MOP4	A64/sme/mortlach2_prod4/mortlach_i16i32_prod4/umop4a_za32_zz_h2x2
3771	A64	Armv8-A	FEAT_SME_MOP4	A64/sme/mortlach2_prod4/mortlach_i16i32_prod4/smop4s_za32_zz_h2x2
3772	A64	Armv8-A	FEAT_SME_MOP4	A64/sme/mortlach2_prod4/mortlach_i16i32_prod4/umop4s_za32_zz_h2x2
3773	A64	Armv8-A	FEAT_SME_TMOP	A64/sme/mortlach2_ss_prod/mortlach_f32f32_1in2ss_prod/ftmopa_za_zzzi_s2x1
3774	A64	Armv8-A	FEAT_SME_F8F32,FEAT_SME_TMOP	A64/sme/mortlach2_ss_prod/mortlach_f8f32_2in4ss_prod/ftmopa_za32_z8z8zi_b2x1
3775	A64	Armv8-A	FEAT_SME_TMOP	A64/sme/mortlach2_ss_prod/mortlach_b16f32_2in4ss_prod/bftmopa_za32_zzzi_h2x1
3776	A64	Armv8-A	FEAT_SME_TMOP	A64/sme/mortlach2_ss_prod/mortlach_f16f32_2in4ss_prod/ftmopa_za32_zzzi_h2x1
3777	A64	Armv8-A	FEAT_SME_TMOP	A64/sme/mortlach2_ss_prod/mortlach_i8i32_2in4ss_prod/stmopa_za_zzzi_b2x1
3778	A64	Armv8-A	FEAT_SME_TMOP	A64/sme/mortlach2_ss_prod/mortlach_i8i32_2in4ss_prod/sutmopa_za_zzzi_b2x1
3779	A64	Armv8-A	FEAT_SME_TMOP	A64/sme/mortlach2_ss_prod/mortlach_i8i32_2in4ss_prod/ustmopa_za_zzzi_b2x1
3780	A64	Armv8-A	FEAT_SME_TMOP	A64/sme/mortlach2_ss_prod/mortlach_i8i32_2in4ss_prod/utmopa_za_zzzi_b2x1
3781	A64	Armv8-A	FEAT_SME_F8F16,FEAT_SME_TMOP	A64/sme/mortlach2_ss_prod/mortlach_f8f16_2in4ss_prod/ftmopa_za16_z8z8zi_b2x1
3782	A64	Armv8-A	FEAT_SME_F16F16,FEAT_SME_TMOP	A64/sme/mortlach2_ss_prod/mortlach_f16f16_1in2ss_prod/ftmopa_za_zzzi_h2x1
3783	A64	Armv8-A	FEAT_SME_B16B16,FEAT_SME_TMOP	A64/sme/mortlach2_ss_prod/mortlach_b16b16_1in2ss_prod/bftmopa_za_zzzi_h2x1
3784	A64	Armv8-A	FEAT_SME_TMOP	A64/sme/mortlach2_ss_prod/mortlach_i16i32_2in4ss_prod/stmopa_za32_zzzi_h2x1
3785	A64	Armv8-A	FEAT_SME_TMOP	A64/sme/mortlach2_ss_prod/mortlach_i16i32_2in4ss_prod/utmopa_za32_zzzi_h2x1
3786	A64	Armv8-A	FEAT_SME	A64/sme/mortlach_32bit_fp_prod/mortlach_f32f32_prod/fmopa_za_pp_zz_32
3787	A64	Armv8-A	FEAT_SME	A64/sme/mortlach_32bit_fp_prod/mortlach_f32f32_prod/fmops_za_pp_zz_32
3788	A64	Armv8-A	FEAT_SME	A64/sme/mortlach_32bit_fp_prod/mortlach_b16f32_prod/bfmopa_za32_pp_zz_
3789	A64	Armv8-A	FEAT_SME	A64/sme/mortlach_32bit_fp_prod/mortlach_b16f32_prod/bfmops_za32_pp_zz_
3790	A64	Armv8-A	FEAT_SME	A64/sme/mortlach_32bit_fp_prod/mortlach_f16f32_prod/fmopa_za32_pp_zz_16
3791	A64	Armv8-A	FEAT_SME	A64/sme/mortlach_32bit_fp_prod/mortlach_f16f32_prod/fmops_za32_pp_zz_16
3792	A64	Armv8-A	FEAT_SME_F8F32	A64/sme/mortlach_32bit_fp_prod/mortlach_f8f32_prod/fmopa_za32_pp_z8z8_8
3793	A64	Armv8-A	FEAT_SME2	A64/sme/mortlach2_misc_prod/mortlach_bini32_prod/bmopa_za_pp_zz_32
3794	A64	Armv8-A	FEAT_SME2	A64/sme/mortlach2_misc_prod/mortlach_bini32_prod/bmops_za_pp_zz_32
3795	A64	Armv8-A	FEAT_SME_F8F16	A64/sme/mortlach2_misc_prod/mortlach_f8f16_prod/fmopa_za16_pp_z8z8_8
3796	A64	Armv8-A	FEAT_SME_F16F16	A64/sme/mortlach2_misc_prod/mortlach_f16f16_prod/fmopa_za_pp_zz_16
3797	A64	Armv8-A	FEAT_SME_F16F16	A64/sme/mortlach2_misc_prod/mortlach_f16f16_prod/fmops_za_pp_zz_16
3798	A64	Armv8-A	FEAT_SME_B16B16	A64/sme/mortlach2_misc_prod/mortlach_b16b16_prod/bfmopa_za_pp_zz_16
3799	A64	Armv8-A	FEAT_SME_B16B16	A64/sme/mortlach2_misc_prod/mortlach_b16b16_prod/bfmops_za_pp_zz_16
3800	A64	Armv8-A	FEAT_SME	A64/sme/mortlach_32bit_int_prod/mortlach_i8i32_prod/smopa_za_pp_zz_32
3801	A64	Armv8-A	FEAT_SME	A64/sme/mortlach_32bit_int_prod/mortlach_i8i32_prod/sumopa_za_pp_zz_32
3802	A64	Armv8-A	FEAT_SME	A64/sme/mortlach_32bit_int_prod/mortlach_i8i32_prod/usmopa_za_pp_zz_32
3803	A64	Armv8-A	FEAT_SME	A64/sme/mortlach_32bit_int_prod/mortlach_i8i32_prod/umopa_za_pp_zz_32
3804	A64	Armv8-A	FEAT_SME	A64/sme/mortlach_32bit_int_prod/mortlach_i8i32_prod/smops_za_pp_zz_32
3805	A64	Armv8-A	FEAT_SME	A64/sme/mortlach_32bit_int_prod/mortlach_i8i32_prod/sumops_za_pp_zz_32
3806	A64	Armv8-A	FEAT_SME	A64/sme/mortlach_32bit_int_prod/mortlach_i8i32_prod/usmops_za_pp_zz_32
3807	A64	Armv8-A	FEAT_SME	A64/sme/mortlach_32bit_int_prod/mortlach_i8i32_prod/umops_za_pp_zz_32
3808	A64	Armv8-A	FEAT_SME2	A64/sme/mortlach_32bit_int_prod/mortlach_i16i32_prod/smopa_za32_pp_zz_16
3809	A64	Armv8-A	FEAT_SME2	A64/sme/mortlach_32bit_int_prod/mortlach_i16i32_prod/umopa_za32_pp_zz_16
3810	A64	Armv8-A	FEAT_SME2	A64/sme/mortlach_32bit_int_prod/mortlach_i16i32_prod/smops_za32_pp_zz_16
3811	A64	Armv8-A	FEAT_SME2	A64/sme/mortlach_32bit_int_prod/mortlach_i16i32_prod/umops_za32_pp_zz_16
3812	A64	Armv8-A	FEAT_SME_F64F64	A64/sme/mortlach_64bit_prod/mortlach_f64f64_prod/fmopa_za_pp_zz_64
3813	A64	Armv8-A	FEAT_SME_F64F64	A64/sme/mortlach_64bit_prod/mortlach_f64f64_prod/fmops_za_pp_zz_64
3814	A64	Armv8-A	FEAT_SME_I16I64	A64/sme/mortlach_64bit_prod/mortlach_i16i64_prod/smopa_za_pp_zz_64
3815	A64	Armv8-A	FEAT_SME_I16I64	A64/sme/mortlach_64bit_prod/mortlach_i16i64_prod/sumopa_za_pp_zz_64
3816	A64	Armv8-A	FEAT_SME_I16I64	A64/sme/mortlach_64bit_prod/mortlach_i16i64_prod/usmopa_za_pp_zz_64
3817	A64	Armv8-A	FEAT_SME_I16I64	A64/sme/mortlach_64bit_prod/mortlach_i16i64_prod/umopa_za_pp_zz_64
3818	A64	Armv8-A	FEAT_SME_I16I64	A64/sme/mortlach_64bit_prod/mortlach_i16i64_prod/smops_za_pp_zz_64
3819	A64	Armv8-A	FEAT_SME_I16I64	A64/sme/mortlach_64bit_prod/mortlach_i16i64_prod/sumops_za_pp_zz_64
3820	A64	Armv8-A	FEAT_SME_I16I64	A64/sme/mortlach_64bit_prod/mortlach_i16i64_prod/usmops_za_pp_zz_64
3821	A64	Armv8-A	FEAT_SME_I16I64	A64/sme/mortlach_64bit_prod/mortlach_i16i64_prod/umops_za_pp_zz_64
3822	A64	Armv8-A	FEAT_SME_F64F64,FEAT_SME_MOP4	A64/sme/mortlach2_64bit_prod4/mortlach_f64f64_prod4/fmop4a_za_zz_d1x1
3823	A64	Armv8-A	FEAT_SME_F64F64,FEAT_SME_MOP4	A64/sme/mortlach2_64bit_prod4/mortlach_f64f64_prod4/fmop4s_za_zz_d1x1
3824	A64	Armv8-A	FEAT_SME_F64F64,FEAT_SME_MOP4	A64/sme/mortlach2_64bit_prod4/mortlach_f64f64_prod4/fmop4a_za_zz_d1x2
3825	A64	Armv8-A	FEAT_SME_F64F64,FEAT_SME_MOP4	A64/sme/mortlach2_64bit_prod4/mortlach_f64f64_prod4/fmop4s_za_zz_d1x2
3826	A64	Armv8-A	FEAT_SME_F64F64,FEAT_SME_MOP4	A64/sme/mortlach2_64bit_prod4/mortlach_f64f64_prod4/fmop4a_za_zz_d2x1
3827	A64	Armv8-A	FEAT_SME_F64F64,FEAT_SME_MOP4	A64/sme/mortlach2_64bit_prod4/mortlach_f64f64_prod4/fmop4s_za_zz_d2x1
3828	A64	Armv8-A	FEAT_SME_F64F64,FEAT_SME_MOP4	A64/sme/mortlach2_64bit_prod4/mortlach_f64f64_prod4/fmop4a_za_zz_d2x2
3829	A64	Armv8-A	FEAT_SME_F64F64,FEAT_SME_MOP4	A64/sme/mortlach2_64bit_prod4/mortlach_f64f64_prod4/fmop4s_za_zz_d2x2
3830	A64	Armv8-A	FEAT_SME_I16I64,FEAT_SME_MOP4	A64/sme/mortlach2_64bit_prod4/mortlach_i16i64_prod4/smop4a_za_zz_h1x1
3831	A64	Armv8-A	FEAT_SME_I16I64,FEAT_SME_MOP4	A64/sme/mortlach2_64bit_prod4/mortlach_i16i64_prod4/sumop4a_za_zz_h1x1
3832	A64	Armv8-A	FEAT_SME_I16I64,FEAT_SME_MOP4	A64/sme/mortlach2_64bit_prod4/mortlach_i16i64_prod4/usmop4a_za_zz_h1x1
3833	A64	Armv8-A	FEAT_SME_I16I64,FEAT_SME_MOP4	A64/sme/mortlach2_64bit_prod4/mortlach_i16i64_prod4/umop4a_za_zz_h1x1
3834	A64	Armv8-A	FEAT_SME_I16I64,FEAT_SME_MOP4	A64/sme/mortlach2_64bit_prod4/mortlach_i16i64_prod4/smop4s_za_zz_h1x1
3835	A64	Armv8-A	FEAT_SME_I16I64,FEAT_SME_MOP4	A64/sme/mortlach2_64bit_prod4/mortlach_i16i64_prod4/sumop4s_za_zz_h1x1
3836	A64	Armv8-A	FEAT_SME_I16I64,FEAT_SME_MOP4	A64/sme/mortlach2_64bit_prod4/mortlach_i16i64_prod4/usmop4s_za_zz_h1x1
3837	A64	Armv8-A	FEAT_SME_I16I64,FEAT_SME_MOP4	A64/sme/mortlach2_64bit_prod4/mortlach_i16i64_prod4/umop4s_za_zz_h1x1
3838	A64	Armv8-A	FEAT_SME_I16I64,FEAT_SME_MOP4	A64/sme/mortlach2_64bit_prod4/mortlach_i16i64_prod4/smop4a_za_zz_h1x2
3839	A64	Armv8-A	FEAT_SME_I16I64,FEAT_SME_MOP4	A64/sme/mortlach2_64bit_prod4/mortlach_i16i64_prod4/sumop4a_za_zz_h1x2
3840	A64	Armv8-A	FEAT_SME_I16I64,FEAT_SME_MOP4	A64/sme/mortlach2_64bit_prod4/mortlach_i16i64_prod4/usmop4a_za_zz_h1x2
3841	A64	Armv8-A	FEAT_SME_I16I64,FEAT_SME_MOP4	A64/sme/mortlach2_64bit_prod4/mortlach_i16i64_prod4/umop4a_za_zz_h1x2
3842	A64	Armv8-A	FEAT_SME_I16I64,FEAT_SME_MOP4	A64/sme/mortlach2_64bit_prod4/mortlach_i16i64_prod4/smop4s_za_zz_h1x2
3843	A64	Armv8-A	FEAT_SME_I16I64,FEAT_SME_MOP4	A64/sme/mortlach2_64bit_prod4/mortlach_i16i64_prod4/sumop4s_za_zz_h1x2
3844	A64	Armv8-A	FEAT_SME_I16I64,FEAT_SME_MOP4	A64/sme/mortlach2_64bit_prod4/mortlach_i16i64_prod4/usmop4s_za_zz_h1x2
3845	A64	Armv8-A	FEAT_SME_I16I64,FEAT_SME_MOP4	A64/sme/mortlach2_64bit_prod4/mortlach_i16i64_prod4/umop4s_za_zz_h1x2
3846	A64	Armv8-A	FEAT_SME_I16I64,FEAT_SME_MOP4	A64/sme/mortlach2_64bit_prod4/mortlach_i16i64_prod4/smop4a_za_zz_h2x1
3847	A64	Armv8-A	FEAT_SME_I16I64,FEAT_SME_MOP4	A64/sme/mortlach2_64bit_prod4/mortlach_i16i64_prod4/sumop4a_za_zz_h2x1
3848	A64	Armv8-A	FEAT_SME_I16I64,FEAT_SME_MOP4	A64/sme/mortlach2_64bit_prod4/mortlach_i16i64_prod4/usmop4a_za_zz_h2x1
3849	A64	Armv8-A	FEAT_SME_I16I64,FEAT_SME_MOP4	A64/sme/mortlach2_64bit_prod4/mortlach_i16i64_prod4/umop4a_za_zz_h2x1
3850	A64	Armv8-A	FEAT_SME_I16I64,FEAT_SME_MOP4	A64/sme/mortlach2_64bit_prod4/mortlach_i16i64_prod4/smop4s_za_zz_h2x1
3851	A64	Armv8-A	FEAT_SME_I16I64,FEAT_SME_MOP4	A64/sme/mortlach2_64bit_prod4/mortlach_i16i64_prod4/sumop4s_za_zz_h2x1
3852	A64	Armv8-A	FEAT_SME_I16I64,FEAT_SME_MOP4	A64/sme/mortlach2_64bit_prod4/mortlach_i16i64_prod4/usmop4s_za_zz_h2x1
3853	A64	Armv8-A	FEAT_SME_I16I64,FEAT_SME_MOP4	A64/sme/mortlach2_64bit_prod4/mortlach_i16i64_prod4/umop4s_za_zz_h2x1
3854	A64	Armv8-A	FEAT_SME_I16I64,FEAT_SME_MOP4	A64/sme/mortlach2_64bit_prod4/mortlach_i16i64_prod4/smop4a_za_zz_h2x2
3855	A64	Armv8-A	FEAT_SME_I16I64,FEAT_SME_MOP4	A64/sme/mortlach2_64bit_prod4/mortlach_i16i64_prod4/sumop4a_za_zz_h2x2
3856	A64	Armv8-A	FEAT_SME_I16I64,FEAT_SME_MOP4	A64/sme/mortlach2_64bit_prod4/mortlach_i16i64_prod4/usmop4a_za_zz_h2x2
3857	A64	Armv8-A	FEAT_SME_I16I64,FEAT_SME_MOP4	A64/sme/mortlach2_64bit_prod4/mortlach_i16i64_prod4/umop4a_za_zz_h2x2
3858	A64	Armv8-A	FEAT_SME_I16I64,FEAT_SME_MOP4	A64/sme/mortlach2_64bit_prod4/mortlach_i16i64_prod4/smop4s_za_zz_h2x2
3859	A64	Armv8-A	FEAT_SME_I16I64,FEAT_SME_MOP4	A64/sme/mortlach2_64bit_prod4/mortlach_i16i64_prod4/sumop4s_za_zz_h2x2
3860	A64	Armv8-A	FEAT_SME_I16I64,FEAT_SME_MOP4	A64/sme/mortlach2_64bit_prod4/mortlach_i16i64_prod4/usmop4s_za_zz_h2x2
3861	A64	Armv8-A	FEAT_SME_I16I64,FEAT_SME_MOP4	A64/sme/mortlach2_64bit_prod4/mortlach_i16i64_prod4/umop4s_za_zz_h2x2
3862	A64	Armv8-A	FEAT_SME	A64/sme/mortlach_ins/mortlach_insert_pred/mova_za_p_rz_b
3863	A64	Armv8-A	FEAT_SME	A64/sme/mortlach_ins/mortlach_insert_pred/mova_za_p_rz_h
3864	A64	Armv8-A	FEAT_SME	A64/sme/mortlach_ins/mortlach_insert_pred/mova_za_p_rz_w
3865	A64	Armv8-A	FEAT_SME	A64/sme/mortlach_ins/mortlach_insert_pred/mova_za_p_rz_d
3866	A64	Armv8-A	FEAT_SME	A64/sme/mortlach_ins/mortlach_insert_pred/mova_za_p_rz_q
3867	A64	Armv8-A	FEAT_SME2	A64/sme/mortlach_ins/mortlach_multi2_insert_ctg/mova_za2_z_b1
3868	A64	Armv8-A	FEAT_SME2	A64/sme/mortlach_ins/mortlach_multi2_insert_ctg/mova_za2_z_h1
3869	A64	Armv8-A	FEAT_SME2	A64/sme/mortlach_ins/mortlach_multi2_insert_ctg/mova_za2_z_w1
3870	A64	Armv8-A	FEAT_SME2	A64/sme/mortlach_ins/mortlach_multi2_insert_ctg/mova_za2_z_d1
3871	A64	Armv8-A	FEAT_SME2	A64/sme/mortlach_ins/mortlach_multi4_insert_ctg/mova_za4_z_b1
3872	A64	Armv8-A	FEAT_SME2	A64/sme/mortlach_ins/mortlach_multi4_insert_ctg/mova_za4_z_h1
3873	A64	Armv8-A	FEAT_SME2	A64/sme/mortlach_ins/mortlach_multi4_insert_ctg/mova_za4_z_w1
3874	A64	Armv8-A	FEAT_SME2	A64/sme/mortlach_ins/mortlach_multi4_insert_ctg/mova_za4_z_d1
3875	A64	Armv8-A	FEAT_SME2	A64/sme/mortlach_ins/mortlach_multi2_za_insert_ctg/mova_za_mz2_1
3876	A64	Armv8-A	FEAT_SME2	A64/sme/mortlach_ins/mortlach_multi4_za_insert_ctg/mova_za_mz4_1
3877	A64	Armv8-A	FEAT_SME	A64/sme/mortlach_ext/mortlach_extract_pred/mova_z_p_rza_b
3878	A64	Armv8-A	FEAT_SME	A64/sme/mortlach_ext/mortlach_extract_pred/mova_z_p_rza_h
3879	A64	Armv8-A	FEAT_SME	A64/sme/mortlach_ext/mortlach_extract_pred/mova_z_p_rza_w
3880	A64	Armv8-A	FEAT_SME	A64/sme/mortlach_ext/mortlach_extract_pred/mova_z_p_rza_d
3881	A64	Armv8-A	FEAT_SME	A64/sme/mortlach_ext/mortlach_extract_pred/mova_z_p_rza_q
3882	A64	Armv8-A	FEAT_SME2	A64/sme/mortlach_ext/mortlach_multi2_extract_ctg/mova_mz2_za_b1
3883	A64	Armv8-A	FEAT_SME2	A64/sme/mortlach_ext/mortlach_multi2_extract_ctg/mova_mz2_za_h1
3884	A64	Armv8-A	FEAT_SME2	A64/sme/mortlach_ext/mortlach_multi2_extract_ctg/mova_mz2_za_w1
3885	A64	Armv8-A	FEAT_SME2	A64/sme/mortlach_ext/mortlach_multi2_extract_ctg/mova_mz2_za_d1
3886	A64	Armv8-A	FEAT_SME2	A64/sme/mortlach_ext/mortlach_multi4_extract_ctg/mova_mz4_za_b1
3887	A64	Armv8-A	FEAT_SME2	A64/sme/mortlach_ext/mortlach_multi4_extract_ctg/mova_mz4_za_h1
3888	A64	Armv8-A	FEAT_SME2	A64/sme/mortlach_ext/mortlach_multi4_extract_ctg/mova_mz4_za_w1
3889	A64	Armv8-A	FEAT_SME2	A64/sme/mortlach_ext/mortlach_multi4_extract_ctg/mova_mz4_za_d1
3890	A64	Armv8-A	FEAT_SME2	A64/sme/mortlach_ext/mortlach_multi2_za_extract_ctg/mova_mz_za2_1
3891	A64	Armv8-A	FEAT_SME2	A64/sme/mortlach_ext/mortlach_multi4_za_extract_ctg/mova_mz_za4_1
3892	A64	Armv8-A	FEAT_SME2p1	A64/sme/mortlach_ext/mortlach_extract_zero/movaz_z_rza_b
3893	A64	Armv8-A	FEAT_SME2p1	A64/sme/mortlach_ext/mortlach_extract_zero/movaz_z_rza_h
3894	A64	Armv8-A	FEAT_SME2p1	A64/sme/mortlach_ext/mortlach_extract_zero/movaz_z_rza_w
3895	A64	Armv8-A	FEAT_SME2p1	A64/sme/mortlach_ext/mortlach_extract_zero/movaz_z_rza_d
3896	A64	Armv8-A	FEAT_SME2p1	A64/sme/mortlach_ext/mortlach_extract_zero/movaz_z_rza_q
3897	A64	Armv8-A	FEAT_SME2p1	A64/sme/mortlach_ext/mortlach_multi2_extract_zero/movaz_mz2_za_b1
3898	A64	Armv8-A	FEAT_SME2p1	A64/sme/mortlach_ext/mortlach_multi2_extract_zero/movaz_mz2_za_h1
3899	A64	Armv8-A	FEAT_SME2p1	A64/sme/mortlach_ext/mortlach_multi2_extract_zero/movaz_mz2_za_w1
3900	A64	Armv8-A	FEAT_SME2p1	A64/sme/mortlach_ext/mortlach_multi2_extract_zero/movaz_mz2_za_d1
3901	A64	Armv8-A	FEAT_SME2p1	A64/sme/mortlach_ext/mortlach_multi4_extract_zero/movaz_mz4_za_b1
3902	A64	Armv8-A	FEAT_SME2p1	A64/sme/mortlach_ext/mortlach_multi4_extract_zero/movaz_mz4_za_h1
3903	A64	Armv8-A	FEAT_SME2p1	A64/sme/mortlach_ext/mortlach_multi4_extract_zero/movaz_mz4_za_w1
3904	A64	Armv8-A	FEAT_SME2p1	A64/sme/mortlach_ext/mortlach_multi4_extract_zero/movaz_mz4_za_d1
3905	A64	Armv8-A	FEAT_SME2p1	A64/sme/mortlach_ext/mortlach_multi2_za_extract_zero/movaz_mz_za2_1
3906	A64	Armv8-A	FEAT_SME2p1	A64/sme/mortlach_ext/mortlach_multi4_za_extract_zero/movaz_mz_za4_1
3907	A64	Armv8-A	FEAT_SME	A64/sme/mortlach_zero/mortlach_zero/zero_za_i_
3908	A64	Armv8-A	FEAT_SME2p1	A64/sme/mortlach_multizero/mortlach_multi_zero/zero_za1_ri_2
3909	A64	Armv8-A	FEAT_SME2p1	A64/sme/mortlach_multizero/mortlach_multi_zero/zero_za1_ri_4
3910	A64	Armv8-A	FEAT_SME2p1	A64/sme/mortlach_multizero/mortlach_multi_zero/zero_za2_ri_1
3911	A64	Armv8-A	FEAT_SME2p1	A64/sme/mortlach_multizero/mortlach_multi_zero/zero_za2_ri_2
3912	A64	Armv8-A	FEAT_SME2p1	A64/sme/mortlach_multizero/mortlach_multi_zero/zero_za2_ri_4
3913	A64	Armv8-A	FEAT_SME2p1	A64/sme/mortlach_multizero/mortlach_multi_zero/zero_za4_ri_1
3914	A64	Armv8-A	FEAT_SME2p1	A64/sme/mortlach_multizero/mortlach_multi_zero/zero_za4_ri_2
3915	A64	Armv8-A	FEAT_SME2p1	A64/sme/mortlach_multizero/mortlach_multi_zero/zero_za4_ri_4
3916	A64	Armv8-A	FEAT_SME2	A64/sme/mortlach_zero_zt/zero_zt_i_
3917	A64	Armv8-A	FEAT_SME2	A64/sme/mortlach_mov_zt/mortlach_extract_zt/movt_r_zt_
3918	A64	Armv8-A	FEAT_SME2	A64/sme/mortlach_mov_zt/mortlach_insert_zt/movt_zt_r_
3919	A64	Armv8-A	FEAT_SME_LUTv2	A64/sme/mortlach_mov_zt/mortlach_move_to_zt/movt_zt_z_
3920	A64	Armv8-A	FEAT_SME2	A64/sme/mortlach_zt_expand_ctg/mortlach_expand_2dst_ctg/luti2_mz2_ztz_1
3921	A64	Armv8-A	FEAT_SME2	A64/sme/mortlach_zt_expand_ctg/mortlach_expand_2dst_ctg/luti4_mz2_ztz_1
3922	A64	Armv8-A	FEAT_SME2	A64/sme/mortlach_zt_expand_ctg/mortlach_expand_4dst_ctg/luti2_mz4_ztz_1
3923	A64	Armv8-A	FEAT_SME2	A64/sme/mortlach_zt_expand_ctg/mortlach_expand_4dst_ctg/luti4_mz4_ztz_1
3924	A64	Armv8-A	FEAT_SME2	A64/sme/mortlach_zt_expand_ctg/mortlach_expand_1dst/luti2_z_ztz_
3925	A64	Armv8-A	FEAT_SME2	A64/sme/mortlach_zt_expand_ctg/mortlach_expand_1dst/luti4_z_ztz_
3926	A64	Armv8-A	FEAT_SME2p3	A64/sme/mortlach_zt_expand_ctg/mortlach_expand_1dst/luti6_z_ztz_
3927	A64	Armv8-A	FEAT_SME_LUTv2	A64/sme/mortlach_zt_expand_ctg/mortlach_expand_4dst2src_ctg/luti4_mz4_ztmz2_1
3928	A64	Armv8-A	FEAT_SME2p3	A64/sme/mortlach_zt_expand_ctg/mortlach_expand_4dst3src_ctg/luti6_mz4_ztmz3_1
3929	A64	Armv8-A	FEAT_SME	A64/sme/mortlach_hvadd/mortlach_addhv/addha_za_pp_z_32
3930	A64	Armv8-A	FEAT_SME_I16I64	A64/sme/mortlach_hvadd/mortlach_addhv/addha_za_pp_z_64
3931	A64	Armv8-A	FEAT_SME	A64/sme/mortlach_hvadd/mortlach_addhv/addva_za_pp_z_32
3932	A64	Armv8-A	FEAT_SME_I16I64	A64/sme/mortlach_hvadd/mortlach_addhv/addva_za_pp_z_64
3933	A64	Armv8-A	FEAT_SME2p1	A64/sme/mortlach_zt_expand_nctg/mortlach_expand_2dst_nctg/luti2_mz2_ztz_8
3934	A64	Armv8-A	FEAT_SME2p1	A64/sme/mortlach_zt_expand_nctg/mortlach_expand_2dst_nctg/luti4_mz2_ztz_8
3935	A64	Armv8-A	FEAT_SME2p1	A64/sme/mortlach_zt_expand_nctg/mortlach_expand_4dst_nctg/luti2_mz4_ztz_4
3936	A64	Armv8-A	FEAT_SME2p1	A64/sme/mortlach_zt_expand_nctg/mortlach_expand_4dst_nctg/luti4_mz4_ztz_4
3937	A64	Armv8-A	FEAT_SME2p1,FEAT_SME_LUTv2	A64/sme/mortlach_zt_expand_nctg/mortlach_expand_4dst2src_nctg/luti4_mz4_ztmz2_4
3938	A64	Armv8-A	FEAT_SME2p3	A64/sme/mortlach_zt_expand_nctg/mortlach_expand_4dst3src_nctg/luti6_mz4_ztmz3_4
3939	A64	Armv8-A	FEAT_SME2	A64/sme/mortlach_multi_indexed_1/mortlach_multi1_mla_long_long_idx_s/smlall_za_zzi_s
3940	A64	Armv8-A	FEAT_SME2	A64/sme/mortlach_multi_indexed_1/mortlach_multi1_mla_long_long_idx_s/usmlall_za_zzi_s
3941	A64	Armv8-A	FEAT_SME2	A64/sme/mortlach_multi_indexed_1/mortlach_multi1_mla_long_long_idx_s/smlsll_za_zzi_s
3942	A64	Armv8-A	FEAT_SME2	A64/sme/mortlach_multi_indexed_1/mortlach_multi1_mla_long_long_idx_s/umlall_za_zzi_s
3943	A64	Armv8-A	FEAT_SME2	A64/sme/mortlach_multi_indexed_1/mortlach_multi1_mla_long_long_idx_s/sumlall_za_zzi_s
3944	A64	Armv8-A	FEAT_SME2	A64/sme/mortlach_multi_indexed_1/mortlach_multi1_mla_long_long_idx_s/umlsll_za_zzi_s
3945	A64	Armv8-A	FEAT_SME_F8F32	A64/sme/mortlach_multi_indexed_1/mortlach_multi1_fp8_fma_long_long_idx/fmlall_za32_z8z8i_1
3946	A64	Armv8-A	FEAT_SME2,FEAT_SME_I16I64	A64/sme/mortlach_multi_indexed_1/mortlach_multi1_mla_long_long_idx_d/smlall_za_zzi_d
3947	A64	Armv8-A	FEAT_SME2,FEAT_SME_I16I64	A64/sme/mortlach_multi_indexed_1/mortlach_multi1_mla_long_long_idx_d/smlsll_za_zzi_d
3948	A64	Armv8-A	FEAT_SME2,FEAT_SME_I16I64	A64/sme/mortlach_multi_indexed_1/mortlach_multi1_mla_long_long_idx_d/umlall_za_zzi_d
3949	A64	Armv8-A	FEAT_SME2,FEAT_SME_I16I64	A64/sme/mortlach_multi_indexed_1/mortlach_multi1_mla_long_long_idx_d/umlsll_za_zzi_d
3950	A64	Armv8-A	FEAT_SME2	A64/sme/mortlach_multi_indexed_1/mortlach_multi1_fma_long_idx/bfmlal_za_zzi_1
3951	A64	Armv8-A	FEAT_SME2	A64/sme/mortlach_multi_indexed_1/mortlach_multi1_fma_long_idx/fmlal_za_zzi_1
3952	A64	Armv8-A	FEAT_SME2	A64/sme/mortlach_multi_indexed_1/mortlach_multi1_fma_long_idx/bfmlsl_za_zzi_1
3953	A64	Armv8-A	FEAT_SME2	A64/sme/mortlach_multi_indexed_1/mortlach_multi1_fma_long_idx/fmlsl_za_zzi_1
3954	A64	Armv8-A	FEAT_SME_F8F16	A64/sme/mortlach_multi_indexed_1/mortlach_multi1_fp8_fma_long_idx/fmlal_za_z8z8i_1
3955	A64	Armv8-A	FEAT_SME2	A64/sme/mortlach_multi_indexed_1/mortlach_multi1_mla_long_idx/smlal_za_zzi_1
3956	A64	Armv8-A	FEAT_SME2	A64/sme/mortlach_multi_indexed_1/mortlach_multi1_mla_long_idx/smlsl_za_zzi_1
3957	A64	Armv8-A	FEAT_SME2	A64/sme/mortlach_multi_indexed_1/mortlach_multi1_mla_long_idx/umlal_za_zzi_1
3958	A64	Armv8-A	FEAT_SME2	A64/sme/mortlach_multi_indexed_1/mortlach_multi1_mla_long_idx/umlsl_za_zzi_1
3959	A64	Armv8-A	FEAT_SME2	A64/sme/mortlach_multi_indexed_2/mortlach_multi2_mla_long_long_idx_s/smlall_za_zzi_s2xi
3960	A64	Armv8-A	FEAT_SME2	A64/sme/mortlach_multi_indexed_2/mortlach_multi2_mla_long_long_idx_s/usmlall_za_zzi_s2xi
3961	A64	Armv8-A	FEAT_SME2	A64/sme/mortlach_multi_indexed_2/mortlach_multi2_mla_long_long_idx_s/smlsll_za_zzi_s2xi
3962	A64	Armv8-A	FEAT_SME2	A64/sme/mortlach_multi_indexed_2/mortlach_multi2_mla_long_long_idx_s/umlall_za_zzi_s2xi
3963	A64	Armv8-A	FEAT_SME2	A64/sme/mortlach_multi_indexed_2/mortlach_multi2_mla_long_long_idx_s/sumlall_za_zzi_s2xi
3964	A64	Armv8-A	FEAT_SME2	A64/sme/mortlach_multi_indexed_2/mortlach_multi2_mla_long_long_idx_s/umlsll_za_zzi_s2xi
3965	A64	Armv8-A	FEAT_SME_F16F16	A64/sme/mortlach_multi_indexed_2/mortlach_multi2_zza_idx_h/fmla_za_zzi_h2xi
3966	A64	Armv8-A	FEAT_SME_B16B16	A64/sme/mortlach_multi_indexed_2/mortlach_multi2_zza_idx_h/bfmla_za_zzi_h2xi
3967	A64	Armv8-A	FEAT_SME_F16F16	A64/sme/mortlach_multi_indexed_2/mortlach_multi2_zza_idx_h/fmls_za_zzi_h2xi
3968	A64	Armv8-A	FEAT_SME_B16B16	A64/sme/mortlach_multi_indexed_2/mortlach_multi2_zza_idx_h/bfmls_za_zzi_h2xi
3969	A64	Armv8-A	FEAT_SME2	A64/sme/mortlach_multi_indexed_2/mortlach_multi2_zza_idx_s/fmla_za_zzi_s2xi
3970	A64	Armv8-A	FEAT_SME2	A64/sme/mortlach_multi_indexed_2/mortlach_multi2_zza_idx_s/fvdot_za_zzi_2xi
3971	A64	Armv8-A	FEAT_SME2	A64/sme/mortlach_multi_indexed_2/mortlach_multi2_zza_idx_s/bfvdot_za_zzi_2xi
3972	A64	Armv8-A	FEAT_SME2	A64/sme/mortlach_multi_indexed_2/mortlach_multi2_zza_idx_s/svdot_za32_zzi_2xi
3973	A64	Armv8-A	FEAT_SME_F8F32	A64/sme/mortlach_multi_indexed_2/mortlach_multi2_zza_idx_s/fdot_za32_z8z8i_2xi
3974	A64	Armv8-A	FEAT_SME2	A64/sme/mortlach_multi_indexed_2/mortlach_multi2_zza_idx_s/sdot_za32_zzi_2xi
3975	A64	Armv8-A	FEAT_SME2	A64/sme/mortlach_multi_indexed_2/mortlach_multi2_zza_idx_s/fdot_za_zzi_2xi
3976	A64	Armv8-A	FEAT_SME2	A64/sme/mortlach_multi_indexed_2/mortlach_multi2_zza_idx_s/bfdot_za_zzi_2xi
3977	A64	Armv8-A	FEAT_SME2	A64/sme/mortlach_multi_indexed_2/mortlach_multi2_zza_idx_s/sdot_za_zzi_s2xi
3978	A64	Armv8-A	FEAT_SME2	A64/sme/mortlach_multi_indexed_2/mortlach_multi2_zza_idx_s/usdot_za_zzi_s2xi
3979	A64	Armv8-A	FEAT_SME2	A64/sme/mortlach_multi_indexed_2/mortlach_multi2_zza_idx_s/fmls_za_zzi_s2xi
3980	A64	Armv8-A	FEAT_SME2	A64/sme/mortlach_multi_indexed_2/mortlach_multi2_zza_idx_s/uvdot_za32_zzi_2xi
3981	A64	Armv8-A	FEAT_SME2	A64/sme/mortlach_multi_indexed_2/mortlach_multi2_zza_idx_s/udot_za32_zzi_2xi
3982	A64	Armv8-A	FEAT_SME2	A64/sme/mortlach_multi_indexed_2/mortlach_multi2_zza_idx_s/udot_za_zzi_s2xi
3983	A64	Armv8-A	FEAT_SME2	A64/sme/mortlach_multi_indexed_2/mortlach_multi2_zza_idx_s/sudot_za_zzi_s2xi
3984	A64	Armv8-A	FEAT_SME2,FEAT_SME_I16I64	A64/sme/mortlach_multi_indexed_2/mortlach_multi2_mla_long_long_idx_d/smlall_za_zzi_d2xi
3985	A64	Armv8-A	FEAT_SME2,FEAT_SME_I16I64	A64/sme/mortlach_multi_indexed_2/mortlach_multi2_mla_long_long_idx_d/smlsll_za_zzi_d2xi
3986	A64	Armv8-A	FEAT_SME2,FEAT_SME_I16I64	A64/sme/mortlach_multi_indexed_2/mortlach_multi2_mla_long_long_idx_d/umlall_za_zzi_d2xi
3987	A64	Armv8-A	FEAT_SME2,FEAT_SME_I16I64	A64/sme/mortlach_multi_indexed_2/mortlach_multi2_mla_long_long_idx_d/umlsll_za_zzi_d2xi
3988	A64	Armv8-A	FEAT_SME_F8F32	A64/sme/mortlach_multi_indexed_2/mortlach_multi2_fp8_fma_long_long_idx/fmlall_za32_z8z8i_2xi
3989	A64	Armv8-A	FEAT_SME2	A64/sme/mortlach_multi_indexed_2/mortlach_multi2_fma_long_idx/bfmlal_za_zzi_2xi
3990	A64	Armv8-A	FEAT_SME2	A64/sme/mortlach_multi_indexed_2/mortlach_multi2_fma_long_idx/fmlal_za_zzi_2xi
3991	A64	Armv8-A	FEAT_SME2	A64/sme/mortlach_multi_indexed_2/mortlach_multi2_fma_long_idx/bfmlsl_za_zzi_2xi
3992	A64	Armv8-A	FEAT_SME2	A64/sme/mortlach_multi_indexed_2/mortlach_multi2_fma_long_idx/fmlsl_za_zzi_2xi
3993	A64	Armv8-A	FEAT_SME_F8F16	A64/sme/mortlach_multi_indexed_2/mortlach_multi2_fp8_fma_long_idx/fmlal_za_z8z8i_2xi
3994	A64	Armv8-A	FEAT_SME_F8F32	A64/sme/mortlach_multi_indexed_2/mortlach_multi2_fp8_fvdot_idx_s/fvdotb_za32_z8z8i_2xi
3995	A64	Armv8-A	FEAT_SME_F8F32	A64/sme/mortlach_multi_indexed_2/mortlach_multi2_fp8_fvdot_idx_s/fvdott_za32_z8z8i_2xi
3996	A64	Armv8-A	FEAT_SME2,FEAT_SME_F64F64	A64/sme/mortlach_multi_indexed_2/mortlach_multi2_zza_idx_d/fmla_za_zzi_d2xi
3997	A64	Armv8-A	FEAT_SME2,FEAT_SME_I16I64	A64/sme/mortlach_multi_indexed_2/mortlach_multi2_zza_idx_d/sdot_za_zzi_d2xi
3998	A64	Armv8-A	FEAT_SME2,FEAT_SME_F64F64	A64/sme/mortlach_multi_indexed_2/mortlach_multi2_zza_idx_d/fmls_za_zzi_d2xi
3999	A64	Armv8-A	FEAT_SME2,FEAT_SME_I16I64	A64/sme/mortlach_multi_indexed_2/mortlach_multi2_zza_idx_d/udot_za_zzi_d2xi
4000	A64	Armv8-A	FEAT_SME2	A64/sme/mortlach_multi_indexed_2/mortlach_multi2_mla_long_idx/smlal_za_zzi_2xi
4001	A64	Armv8-A	FEAT_SME2	A64/sme/mortlach_multi_indexed_2/mortlach_multi2_mla_long_idx/smlsl_za_zzi_2xi
4002	A64	Armv8-A	FEAT_SME2	A64/sme/mortlach_multi_indexed_2/mortlach_multi2_mla_long_idx/umlal_za_zzi_2xi
4003	A64	Armv8-A	FEAT_SME2	A64/sme/mortlach_multi_indexed_2/mortlach_multi2_mla_long_idx/umlsl_za_zzi_2xi
4004	A64	Armv8-A	FEAT_SME_F8F16	A64/sme/mortlach_multi_indexed_2/mortlach_multi2_fp8_fdot_idx/fdot_za_z8z8i_2xi
4005	A64	Armv8-A	FEAT_SME_F8F16	A64/sme/mortlach_multi_indexed_2/mortlach_multi2_fp8_fdot_idx/fvdot_za_z8z8i_2xi
4006	A64	Armv8-A	FEAT_SME2	A64/sme/mortlach_multi_indexed_3/mortlach_multi4_mla_long_long_idx_s/smlall_za_zzi_s4xi
4007	A64	Armv8-A	FEAT_SME2	A64/sme/mortlach_multi_indexed_3/mortlach_multi4_mla_long_long_idx_s/usmlall_za_zzi_s4xi
4008	A64	Armv8-A	FEAT_SME2	A64/sme/mortlach_multi_indexed_3/mortlach_multi4_mla_long_long_idx_s/smlsll_za_zzi_s4xi
4009	A64	Armv8-A	FEAT_SME2	A64/sme/mortlach_multi_indexed_3/mortlach_multi4_mla_long_long_idx_s/umlall_za_zzi_s4xi
4010	A64	Armv8-A	FEAT_SME2	A64/sme/mortlach_multi_indexed_3/mortlach_multi4_mla_long_long_idx_s/sumlall_za_zzi_s4xi
4011	A64	Armv8-A	FEAT_SME2	A64/sme/mortlach_multi_indexed_3/mortlach_multi4_mla_long_long_idx_s/umlsll_za_zzi_s4xi
4012	A64	Armv8-A	FEAT_SME_F8F32	A64/sme/mortlach_multi_indexed_3/mortlach_multi4_fp8_fma_long_long_idx/fmlall_za32_z8z8i_4xi
4013	A64	Armv8-A	FEAT_SME_F16F16	A64/sme/mortlach_multi_indexed_3/mortlach_multi4_zza_idx_h/fmla_za_zzi_h4xi
4014	A64	Armv8-A	FEAT_SME_B16B16	A64/sme/mortlach_multi_indexed_3/mortlach_multi4_zza_idx_h/bfmla_za_zzi_h4xi
4015	A64	Armv8-A	FEAT_SME_F16F16	A64/sme/mortlach_multi_indexed_3/mortlach_multi4_zza_idx_h/fmls_za_zzi_h4xi
4016	A64	Armv8-A	FEAT_SME_B16B16	A64/sme/mortlach_multi_indexed_3/mortlach_multi4_zza_idx_h/bfmls_za_zzi_h4xi
4017	A64	Armv8-A	FEAT_SME_F8F16	A64/sme/mortlach_multi_indexed_3/mortlach_multi4_fp8_fdot_idx_h/fdot_za_z8z8i_4xi
4018	A64	Armv8-A	FEAT_SME2	A64/sme/mortlach_multi_indexed_3/mortlach_multi4_zza_idx_s/fmla_za_zzi_s4xi
4019	A64	Armv8-A	FEAT_SME_F8F32	A64/sme/mortlach_multi_indexed_3/mortlach_multi4_zza_idx_s/fdot_za32_z8z8i_4xi
4020	A64	Armv8-A	FEAT_SME2	A64/sme/mortlach_multi_indexed_3/mortlach_multi4_zza_idx_s/svdot_za_zzi_s4xi
4021	A64	Armv8-A	FEAT_SME2	A64/sme/mortlach_multi_indexed_3/mortlach_multi4_zza_idx_s/usvdot_za_zzi_s4xi
4022	A64	Armv8-A	FEAT_SME2	A64/sme/mortlach_multi_indexed_3/mortlach_multi4_zza_idx_s/sdot_za32_zzi_4xi
4023	A64	Armv8-A	FEAT_SME2	A64/sme/mortlach_multi_indexed_3/mortlach_multi4_zza_idx_s/fdot_za_zzi_4xi
4024	A64	Armv8-A	FEAT_SME2	A64/sme/mortlach_multi_indexed_3/mortlach_multi4_zza_idx_s/bfdot_za_zzi_4xi
4025	A64	Armv8-A	FEAT_SME2	A64/sme/mortlach_multi_indexed_3/mortlach_multi4_zza_idx_s/sdot_za_zzi_s4xi
4026	A64	Armv8-A	FEAT_SME2	A64/sme/mortlach_multi_indexed_3/mortlach_multi4_zza_idx_s/usdot_za_zzi_s4xi
4027	A64	Armv8-A	FEAT_SME2	A64/sme/mortlach_multi_indexed_3/mortlach_multi4_zza_idx_s/fmls_za_zzi_s4xi
4028	A64	Armv8-A	FEAT_SME2	A64/sme/mortlach_multi_indexed_3/mortlach_multi4_zza_idx_s/uvdot_za_zzi_s4xi
4029	A64	Armv8-A	FEAT_SME2	A64/sme/mortlach_multi_indexed_3/mortlach_multi4_zza_idx_s/suvdot_za_zzi_s4xi
4030	A64	Armv8-A	FEAT_SME2	A64/sme/mortlach_multi_indexed_3/mortlach_multi4_zza_idx_s/udot_za32_zzi_4xi
4031	A64	Armv8-A	FEAT_SME2	A64/sme/mortlach_multi_indexed_3/mortlach_multi4_zza_idx_s/udot_za_zzi_s4xi
4032	A64	Armv8-A	FEAT_SME2	A64/sme/mortlach_multi_indexed_3/mortlach_multi4_zza_idx_s/sudot_za_zzi_s4xi
4033	A64	Armv8-A	FEAT_SME2,FEAT_SME_I16I64	A64/sme/mortlach_multi_indexed_3/mortlach_multi4_mla_long_long_idx_d/smlall_za_zzi_d4xi
4034	A64	Armv8-A	FEAT_SME2,FEAT_SME_I16I64	A64/sme/mortlach_multi_indexed_3/mortlach_multi4_mla_long_long_idx_d/smlsll_za_zzi_d4xi
4035	A64	Armv8-A	FEAT_SME2,FEAT_SME_I16I64	A64/sme/mortlach_multi_indexed_3/mortlach_multi4_mla_long_long_idx_d/umlall_za_zzi_d4xi
4036	A64	Armv8-A	FEAT_SME2,FEAT_SME_I16I64	A64/sme/mortlach_multi_indexed_3/mortlach_multi4_mla_long_long_idx_d/umlsll_za_zzi_d4xi
4037	A64	Armv8-A	FEAT_SME2	A64/sme/mortlach_multi_indexed_3/mortlach_multi4_fma_long_idx/bfmlal_za_zzi_4xi
4038	A64	Armv8-A	FEAT_SME2	A64/sme/mortlach_multi_indexed_3/mortlach_multi4_fma_long_idx/fmlal_za_zzi_4xi
4039	A64	Armv8-A	FEAT_SME2	A64/sme/mortlach_multi_indexed_3/mortlach_multi4_fma_long_idx/bfmlsl_za_zzi_4xi
4040	A64	Armv8-A	FEAT_SME2	A64/sme/mortlach_multi_indexed_3/mortlach_multi4_fma_long_idx/fmlsl_za_zzi_4xi
4041	A64	Armv8-A	FEAT_SME_F8F16	A64/sme/mortlach_multi_indexed_3/mortlach_multi4_fp8_fma_long_idx/fmlal_za_z8z8i_4xi
4042	A64	Armv8-A	FEAT_SME2,FEAT_SME_F64F64	A64/sme/mortlach_multi_indexed_3/mortlach_multi4_zza_idx_d/fmla_za_zzi_d4xi
4043	A64	Armv8-A	FEAT_SME2,FEAT_SME_I16I64	A64/sme/mortlach_multi_indexed_3/mortlach_multi4_zza_idx_d/sdot_za_zzi_d4xi
4044	A64	Armv8-A	FEAT_SME2,FEAT_SME_I16I64	A64/sme/mortlach_multi_indexed_3/mortlach_multi4_zza_idx_d/svdot_za_zzi_d4xi
4045	A64	Armv8-A	FEAT_SME2,FEAT_SME_F64F64	A64/sme/mortlach_multi_indexed_3/mortlach_multi4_zza_idx_d/fmls_za_zzi_d4xi
4046	A64	Armv8-A	FEAT_SME2,FEAT_SME_I16I64	A64/sme/mortlach_multi_indexed_3/mortlach_multi4_zza_idx_d/udot_za_zzi_d4xi
4047	A64	Armv8-A	FEAT_SME2,FEAT_SME_I16I64	A64/sme/mortlach_multi_indexed_3/mortlach_multi4_zza_idx_d/uvdot_za_zzi_d4xi
4048	A64	Armv8-A	FEAT_SME2	A64/sme/mortlach_multi_indexed_3/mortlach_multi4_mla_long_idx/smlal_za_zzi_4xi
4049	A64	Armv8-A	FEAT_SME2	A64/sme/mortlach_multi_indexed_3/mortlach_multi4_mla_long_idx/smlsl_za_zzi_4xi
4050	A64	Armv8-A	FEAT_SME2	A64/sme/mortlach_multi_indexed_3/mortlach_multi4_mla_long_idx/umlal_za_zzi_4xi
4051	A64	Armv8-A	FEAT_SME2	A64/sme/mortlach_multi_indexed_3/mortlach_multi4_mla_long_idx/umlsl_za_zzi_4xi
4052	A64	Armv8-A	FEAT_SME2,FEAT_SME_I16I64	A64/sme/mortlach_multi_array_1a/mortlach_multi2_zz_za_mla_long_long_sm/smlall_za_zzv_2x1
4053	A64	Armv8-A	FEAT_SME2	A64/sme/mortlach_multi_array_1a/mortlach_multi2_zz_za_mla_long_long_sm/usmlall_za_zzv_s2x1
4054	A64	Armv8-A	FEAT_SME2,FEAT_SME_I16I64	A64/sme/mortlach_multi_array_1a/mortlach_multi2_zz_za_mla_long_long_sm/smlsll_za_zzv_2x1
4055	A64	Armv8-A	FEAT_SME2,FEAT_SME_I16I64	A64/sme/mortlach_multi_array_1a/mortlach_multi2_zz_za_mla_long_long_sm/umlall_za_zzv_2x1
4056	A64	Armv8-A	FEAT_SME2	A64/sme/mortlach_multi_array_1a/mortlach_multi2_zz_za_mla_long_long_sm/sumlall_za_zzv_s2x1
4057	A64	Armv8-A	FEAT_SME2,FEAT_SME_I16I64	A64/sme/mortlach_multi_array_1a/mortlach_multi2_zz_za_mla_long_long_sm/umlsll_za_zzv_2x1
4058	A64	Armv8-A	FEAT_SME_F8F32	A64/sme/mortlach_multi_array_1a/mortlach_multi2_zz_za_fp8_fma_long_long_sm/fmlall_za32_z8z8v_2x1
4059	A64	Armv8-A	FEAT_SME2,FEAT_SME_I16I64	A64/sme/mortlach_multi_array_1a/mortlach_multi1_zz_za_mla_long_long_sm/smlall_za_zzv_1
4060	A64	Armv8-A	FEAT_SME2	A64/sme/mortlach_multi_array_1a/mortlach_multi1_zz_za_mla_long_long_sm/usmlall_za_zzv_s
4061	A64	Armv8-A	FEAT_SME2,FEAT_SME_I16I64	A64/sme/mortlach_multi_array_1a/mortlach_multi1_zz_za_mla_long_long_sm/smlsll_za_zzv_1
4062	A64	Armv8-A	FEAT_SME2,FEAT_SME_I16I64	A64/sme/mortlach_multi_array_1a/mortlach_multi1_zz_za_mla_long_long_sm/umlall_za_zzv_1
4063	A64	Armv8-A	FEAT_SME2,FEAT_SME_I16I64	A64/sme/mortlach_multi_array_1a/mortlach_multi1_zz_za_mla_long_long_sm/umlsll_za_zzv_1
4064	A64	Armv8-A	FEAT_SME2	A64/sme/mortlach_multi_array_1a/mortlach_multi2_zz_za_fma_long_sm/bfmlal_za_zzv_2x1
4065	A64	Armv8-A	FEAT_SME2	A64/sme/mortlach_multi_array_1a/mortlach_multi2_zz_za_fma_long_sm/fmlal_za_zzv_2x1
4066	A64	Armv8-A	FEAT_SME_F8F16	A64/sme/mortlach_multi_array_1a/mortlach_multi2_zz_za_fma_long_sm/fmlal_za_z8z8v_2x1
4067	A64	Armv8-A	FEAT_SME2	A64/sme/mortlach_multi_array_1a/mortlach_multi2_zz_za_fma_long_sm/bfmlsl_za_zzv_2x1
4068	A64	Armv8-A	FEAT_SME2	A64/sme/mortlach_multi_array_1a/mortlach_multi2_zz_za_fma_long_sm/fmlsl_za_zzv_2x1
4069	A64	Armv8-A	FEAT_SME2	A64/sme/mortlach_multi_array_1a/mortlach_multi2_zz_za_mla_long_sm/smlal_za_zzv_2x1
4070	A64	Armv8-A	FEAT_SME2	A64/sme/mortlach_multi_array_1a/mortlach_multi2_zz_za_mla_long_sm/smlsl_za_zzv_2x1
4071	A64	Armv8-A	FEAT_SME2	A64/sme/mortlach_multi_array_1a/mortlach_multi2_zz_za_mla_long_sm/umlal_za_zzv_2x1
4072	A64	Armv8-A	FEAT_SME2	A64/sme/mortlach_multi_array_1a/mortlach_multi2_zz_za_mla_long_sm/umlsl_za_zzv_2x1
4073	A64	Armv8-A	FEAT_SME2	A64/sme/mortlach_multi_array_1a/mortlach_multi1_zz_za_fma_long_sm/bfmlal_za_zzv_1
4074	A64	Armv8-A	FEAT_SME2	A64/sme/mortlach_multi_array_1a/mortlach_multi1_zz_za_fma_long_sm/fmlal_za_zzv_1
4075	A64	Armv8-A	FEAT_SME2	A64/sme/mortlach_multi_array_1a/mortlach_multi1_zz_za_fma_long_sm/bfmlsl_za_zzv_1
4076	A64	Armv8-A	FEAT_SME2	A64/sme/mortlach_multi_array_1a/mortlach_multi1_zz_za_fma_long_sm/fmlsl_za_zzv_1
4077	A64	Armv8-A	FEAT_SME2	A64/sme/mortlach_multi_array_1a/mortlach_multi1_zz_za_mla_long_sm/smlal_za_zzv_1
4078	A64	Armv8-A	FEAT_SME2	A64/sme/mortlach_multi_array_1a/mortlach_multi1_zz_za_mla_long_sm/smlsl_za_zzv_1
4079	A64	Armv8-A	FEAT_SME2	A64/sme/mortlach_multi_array_1a/mortlach_multi1_zz_za_mla_long_sm/umlal_za_zzv_1
4080	A64	Armv8-A	FEAT_SME2	A64/sme/mortlach_multi_array_1a/mortlach_multi1_zz_za_mla_long_sm/umlsl_za_zzv_1
4081	A64	Armv8-A	FEAT_SME2	A64/sme/mortlach_multi_array_1a/mortlach_multi2_z_za_fpdot_sm/fdot_za_zzv_2x1
4082	A64	Armv8-A	FEAT_SME2	A64/sme/mortlach_multi_array_1a/mortlach_multi2_z_za_fpdot_sm/bfdot_za_zzv_2x1
4083	A64	Armv8-A	FEAT_SME_F8F16	A64/sme/mortlach_multi_array_1a/mortlach_multi2_z_za_fpdot_sm/fdot_za_z8z8v_2x1
4084	A64	Armv8-A	FEAT_SME_F8F32	A64/sme/mortlach_multi_array_1a/mortlach_multi2_z_za_fpdot_sm/fdot_za32_z8z8v_2x1
4085	A64	Armv8-A	FEAT_SME2,FEAT_SME_I16I64	A64/sme/mortlach_multi_array_1a/mortlach_multi2_z_za_4way_dot_sm/sdot_za_zzv_2x1
4086	A64	Armv8-A	FEAT_SME2,FEAT_SME_I16I64	A64/sme/mortlach_multi_array_1a/mortlach_multi2_z_za_4way_dot_sm/udot_za_zzv_2x1
4087	A64	Armv8-A	FEAT_SME2	A64/sme/mortlach_multi_array_1a/mortlach_multi2_z_za_mixed_dot_sm/usdot_za_zzv_s2x1
4088	A64	Armv8-A	FEAT_SME2	A64/sme/mortlach_multi_array_1a/mortlach_multi2_z_za_mixed_dot_sm/sudot_za_zzv_s2x1
4089	A64	Armv8-A	FEAT_SME2	A64/sme/mortlach_multi_array_1a/mortlach_multi2_z_za_2way_dot_sm/sdot_za32_zzv_2x1
4090	A64	Armv8-A	FEAT_SME2	A64/sme/mortlach_multi_array_1a/mortlach_multi2_z_za_2way_dot_sm/udot_za32_zzv_2x1
4091	A64	Armv8-A	FEAT_SME2,FEAT_SME_F64F64	A64/sme/mortlach_multi_array_1a/mortlach_multi2_zz_za_float_sm/fmla_za_zzv_2x1
4092	A64	Armv8-A	FEAT_SME2,FEAT_SME_F64F64	A64/sme/mortlach_multi_array_1a/mortlach_multi2_zz_za_float_sm/fmls_za_zzv_2x1
4093	A64	Armv8-A	FEAT_SME2,FEAT_SME_I16I64	A64/sme/mortlach_multi_array_1a/mortlach_multi2_zz_za_int_sm/add_za_zzv_2x1
4094	A64	Armv8-A	FEAT_SME2,FEAT_SME_I16I64	A64/sme/mortlach_multi_array_1a/mortlach_multi2_zz_za_int_sm/sub_za_zzv_2x1
4095	A64	Armv8-A	FEAT_SME_F16F16	A64/sme/mortlach_multi_array_1a/mortlach_multi2_zz_za_f16_sm/fmla_za_zzv_2x1_16
4096	A64	Armv8-A	FEAT_SME_B16B16	A64/sme/mortlach_multi_array_1a/mortlach_multi2_zz_za_f16_sm/bfmla_za_zzv_2x1_16
4097	A64	Armv8-A	FEAT_SME_F16F16	A64/sme/mortlach_multi_array_1a/mortlach_multi2_zz_za_f16_sm/fmls_za_zzv_2x1_16
4098	A64	Armv8-A	FEAT_SME_B16B16	A64/sme/mortlach_multi_array_1a/mortlach_multi2_zz_za_f16_sm/bfmls_za_zzv_2x1_16
4099	A64	Armv8-A	FEAT_SME2,FEAT_SME_I16I64	A64/sme/mortlach_multi_array_1b/mortlach_multi4_zz_za_mla_long_long_sm/smlall_za_zzv_4x1
4100	A64	Armv8-A	FEAT_SME2	A64/sme/mortlach_multi_array_1b/mortlach_multi4_zz_za_mla_long_long_sm/usmlall_za_zzv_s4x1
4101	A64	Armv8-A	FEAT_SME2,FEAT_SME_I16I64	A64/sme/mortlach_multi_array_1b/mortlach_multi4_zz_za_mla_long_long_sm/smlsll_za_zzv_4x1
4102	A64	Armv8-A	FEAT_SME2,FEAT_SME_I16I64	A64/sme/mortlach_multi_array_1b/mortlach_multi4_zz_za_mla_long_long_sm/umlall_za_zzv_4x1
4103	A64	Armv8-A	FEAT_SME2	A64/sme/mortlach_multi_array_1b/mortlach_multi4_zz_za_mla_long_long_sm/sumlall_za_zzv_s4x1
4104	A64	Armv8-A	FEAT_SME2,FEAT_SME_I16I64	A64/sme/mortlach_multi_array_1b/mortlach_multi4_zz_za_mla_long_long_sm/umlsll_za_zzv_4x1
4105	A64	Armv8-A	FEAT_SME_F8F32	A64/sme/mortlach_multi_array_1b/mortlach_multi4_zz_za_fp8_fma_long_long_sm/fmlall_za32_z8z8v_4x1
4106	A64	Armv8-A	FEAT_SME_F8F32	A64/sme/mortlach_multi_array_1b/mortlach_multi1_zz_za_fp8_fma_long_long_sm/fmlall_za32_z8z8v_1
4107	A64	Armv8-A	FEAT_SME2	A64/sme/mortlach_multi_array_1b/mortlach_multi4_zz_za_fma_long_sm/bfmlal_za_zzv_4x1
4108	A64	Armv8-A	FEAT_SME2	A64/sme/mortlach_multi_array_1b/mortlach_multi4_zz_za_fma_long_sm/fmlal_za_zzv_4x1
4109	A64	Armv8-A	FEAT_SME_F8F16	A64/sme/mortlach_multi_array_1b/mortlach_multi4_zz_za_fma_long_sm/fmlal_za_z8z8v_4x1
4110	A64	Armv8-A	FEAT_SME2	A64/sme/mortlach_multi_array_1b/mortlach_multi4_zz_za_fma_long_sm/bfmlsl_za_zzv_4x1
4111	A64	Armv8-A	FEAT_SME2	A64/sme/mortlach_multi_array_1b/mortlach_multi4_zz_za_fma_long_sm/fmlsl_za_zzv_4x1
4112	A64	Armv8-A	FEAT_SME2	A64/sme/mortlach_multi_array_1b/mortlach_multi4_zz_za_mla_long_sm/smlal_za_zzv_4x1
4113	A64	Armv8-A	FEAT_SME2	A64/sme/mortlach_multi_array_1b/mortlach_multi4_zz_za_mla_long_sm/smlsl_za_zzv_4x1
4114	A64	Armv8-A	FEAT_SME2	A64/sme/mortlach_multi_array_1b/mortlach_multi4_zz_za_mla_long_sm/umlal_za_zzv_4x1
4115	A64	Armv8-A	FEAT_SME2	A64/sme/mortlach_multi_array_1b/mortlach_multi4_zz_za_mla_long_sm/umlsl_za_zzv_4x1
4116	A64	Armv8-A	FEAT_SME_F8F16	A64/sme/mortlach_multi_array_1b/mortlach_multi1_zz_za_fp8_fma_long_sm/fmlal_za_z8z8v_1
4117	A64	Armv8-A	FEAT_SME2	A64/sme/mortlach_multi_array_1b/mortlach_multi4_z_za_fpdot_sm/fdot_za_zzv_4x1
4118	A64	Armv8-A	FEAT_SME2	A64/sme/mortlach_multi_array_1b/mortlach_multi4_z_za_fpdot_sm/bfdot_za_zzv_4x1
4119	A64	Armv8-A	FEAT_SME_F8F16	A64/sme/mortlach_multi_array_1b/mortlach_multi4_z_za_fpdot_sm/fdot_za_z8z8v_4x1
4120	A64	Armv8-A	FEAT_SME_F8F32	A64/sme/mortlach_multi_array_1b/mortlach_multi4_z_za_fpdot_sm/fdot_za32_z8z8v_4x1
4121	A64	Armv8-A	FEAT_SME2,FEAT_SME_I16I64	A64/sme/mortlach_multi_array_1b/mortlach_multi4_z_za_4way_dot_sm/sdot_za_zzv_4x1
4122	A64	Armv8-A	FEAT_SME2,FEAT_SME_I16I64	A64/sme/mortlach_multi_array_1b/mortlach_multi4_z_za_4way_dot_sm/udot_za_zzv_4x1
4123	A64	Armv8-A	FEAT_SME2	A64/sme/mortlach_multi_array_1b/mortlach_multi4_z_za_mixed_dot_sm/usdot_za_zzv_s4x1
4124	A64	Armv8-A	FEAT_SME2	A64/sme/mortlach_multi_array_1b/mortlach_multi4_z_za_mixed_dot_sm/sudot_za_zzv_s4x1
4125	A64	Armv8-A	FEAT_SME2	A64/sme/mortlach_multi_array_1b/mortlach_multi4_z_za_2way_dot_sm/sdot_za32_zzv_4x1
4126	A64	Armv8-A	FEAT_SME2	A64/sme/mortlach_multi_array_1b/mortlach_multi4_z_za_2way_dot_sm/udot_za32_zzv_4x1
4127	A64	Armv8-A	FEAT_SME2,FEAT_SME_F64F64	A64/sme/mortlach_multi_array_1b/mortlach_multi4_zz_za_float_sm/fmla_za_zzv_4x1
4128	A64	Armv8-A	FEAT_SME2,FEAT_SME_F64F64	A64/sme/mortlach_multi_array_1b/mortlach_multi4_zz_za_float_sm/fmls_za_zzv_4x1
4129	A64	Armv8-A	FEAT_SME2,FEAT_SME_I16I64	A64/sme/mortlach_multi_array_1b/mortlach_multi4_zz_za_int_sm/add_za_zzv_4x1
4130	A64	Armv8-A	FEAT_SME2,FEAT_SME_I16I64	A64/sme/mortlach_multi_array_1b/mortlach_multi4_zz_za_int_sm/sub_za_zzv_4x1
4131	A64	Armv8-A	FEAT_SME_F16F16	A64/sme/mortlach_multi_array_1b/mortlach_multi4_zz_za_f16_sm/fmla_za_zzv_4x1_16
4132	A64	Armv8-A	FEAT_SME_B16B16	A64/sme/mortlach_multi_array_1b/mortlach_multi4_zz_za_f16_sm/bfmla_za_zzv_4x1_16
4133	A64	Armv8-A	FEAT_SME_F16F16	A64/sme/mortlach_multi_array_1b/mortlach_multi4_zz_za_f16_sm/fmls_za_zzv_4x1_16
4134	A64	Armv8-A	FEAT_SME_B16B16	A64/sme/mortlach_multi_array_1b/mortlach_multi4_zz_za_f16_sm/bfmls_za_zzv_4x1_16
4135	A64	Armv8-A	FEAT_SME2,FEAT_SME_I16I64	A64/sme/mortlach_multi_array_2a/mortlach_multi2_zz_za_mla_long_long_mm/smlall_za_zzw_2x2
4136	A64	Armv8-A	FEAT_SME2	A64/sme/mortlach_multi_array_2a/mortlach_multi2_zz_za_mla_long_long_mm/usmlall_za_zzw_s2x2
4137	A64	Armv8-A	FEAT_SME2,FEAT_SME_I16I64	A64/sme/mortlach_multi_array_2a/mortlach_multi2_zz_za_mla_long_long_mm/smlsll_za_zzw_2x2
4138	A64	Armv8-A	FEAT_SME2,FEAT_SME_I16I64	A64/sme/mortlach_multi_array_2a/mortlach_multi2_zz_za_mla_long_long_mm/umlall_za_zzw_2x2
4139	A64	Armv8-A	FEAT_SME2,FEAT_SME_I16I64	A64/sme/mortlach_multi_array_2a/mortlach_multi2_zz_za_mla_long_long_mm/umlsll_za_zzw_2x2
4140	A64	Armv8-A	FEAT_SME_F8F32	A64/sme/mortlach_multi_array_2a/mortlach_multi2_zz_za_fp8_fma_long_long_mm/fmlall_za32_z8z8w_2x2
4141	A64	Armv8-A	FEAT_SME2	A64/sme/mortlach_multi_array_2a/mortlach_multi2_zz_za_fma_long_mm/bfmlal_za_zzw_2x2
4142	A64	Armv8-A	FEAT_SME2	A64/sme/mortlach_multi_array_2a/mortlach_multi2_zz_za_fma_long_mm/fmlal_za_zzw_2x2
4143	A64	Armv8-A	FEAT_SME2	A64/sme/mortlach_multi_array_2a/mortlach_multi2_zz_za_fma_long_mm/bfmlsl_za_zzw_2x2
4144	A64	Armv8-A	FEAT_SME2	A64/sme/mortlach_multi_array_2a/mortlach_multi2_zz_za_fma_long_mm/fmlsl_za_zzw_2x2
4145	A64	Armv8-A	FEAT_SME_F8F16	A64/sme/mortlach_multi_array_2a/mortlach_multi2_zz_za_fp8_fma_long_mm/fmlal_za_z8z8w_2x2
4146	A64	Armv8-A	FEAT_SME2	A64/sme/mortlach_multi_array_2a/mortlach_multi2_zz_za_mla_long_mm/smlal_za_zzw_2x2
4147	A64	Armv8-A	FEAT_SME2	A64/sme/mortlach_multi_array_2a/mortlach_multi2_zz_za_mla_long_mm/smlsl_za_zzw_2x2
4148	A64	Armv8-A	FEAT_SME2	A64/sme/mortlach_multi_array_2a/mortlach_multi2_zz_za_mla_long_mm/umlal_za_zzw_2x2
4149	A64	Armv8-A	FEAT_SME2	A64/sme/mortlach_multi_array_2a/mortlach_multi2_zz_za_mla_long_mm/umlsl_za_zzw_2x2
4150	A64	Armv8-A	FEAT_SME2	A64/sme/mortlach_multi_array_2a/mortlach_multi2_z_za_fpdot_mm/fdot_za_zzw_2x2
4151	A64	Armv8-A	FEAT_SME2	A64/sme/mortlach_multi_array_2a/mortlach_multi2_z_za_fpdot_mm/bfdot_za_zzw_2x2
4152	A64	Armv8-A	FEAT_SME_F8F16	A64/sme/mortlach_multi_array_2a/mortlach_multi2_z_za_fpdot_mm/fdot_za_z8z8w_2x2
4153	A64	Armv8-A	FEAT_SME_F8F32	A64/sme/mortlach_multi_array_2a/mortlach_multi2_z_za_fpdot_mm/fdot_za32_z8z8w_2x2
4154	A64	Armv8-A	FEAT_SME_F16F16	A64/sme/mortlach_multi_array_2a/mortlach_multi2_zz_za_f16_mm/fmla_za_zzw_2x2_16
4155	A64	Armv8-A	FEAT_SME_B16B16	A64/sme/mortlach_multi_array_2a/mortlach_multi2_zz_za_f16_mm/bfmla_za_zzw_2x2_16
4156	A64	Armv8-A	FEAT_SME_F16F16	A64/sme/mortlach_multi_array_2a/mortlach_multi2_zz_za_f16_mm/fmls_za_zzw_2x2_16
4157	A64	Armv8-A	FEAT_SME_B16B16	A64/sme/mortlach_multi_array_2a/mortlach_multi2_zz_za_f16_mm/bfmls_za_zzw_2x2_16
4158	A64	Armv8-A	FEAT_SME2,FEAT_SME_I16I64	A64/sme/mortlach_multi_array_2a/mortlach_multi2_z_za_4way_dot_mm/sdot_za_zzw_2x2
4159	A64	Armv8-A	FEAT_SME2,FEAT_SME_I16I64	A64/sme/mortlach_multi_array_2a/mortlach_multi2_z_za_4way_dot_mm/udot_za_zzw_2x2
4160	A64	Armv8-A	FEAT_SME2	A64/sme/mortlach_multi_array_2a/mortlach_multi2_z_za_mixed_dot_mm/usdot_za_zzw_s2x2
4161	A64	Armv8-A	FEAT_SME2	A64/sme/mortlach_multi_array_2a/mortlach_multi2_z_za_2way_dot_mm/sdot_za32_zzw_2x2
4162	A64	Armv8-A	FEAT_SME2	A64/sme/mortlach_multi_array_2a/mortlach_multi2_z_za_2way_dot_mm/udot_za32_zzw_2x2
4163	A64	Armv8-A	FEAT_SME2,FEAT_SME_F64F64	A64/sme/mortlach_multi_array_2a/mortlach_multi2_zz_za_float_mm/fmla_za_zzw_2x2
4164	A64	Armv8-A	FEAT_SME2,FEAT_SME_F64F64	A64/sme/mortlach_multi_array_2a/mortlach_multi2_zz_za_float_mm/fmls_za_zzw_2x2
4165	A64	Armv8-A	FEAT_SME2,FEAT_SME_I16I64	A64/sme/mortlach_multi_array_2a/mortlach_multi2_zz_za_int_mm/add_za_zzw_2x2
4166	A64	Armv8-A	FEAT_SME2,FEAT_SME_I16I64	A64/sme/mortlach_multi_array_2a/mortlach_multi2_zz_za_int_mm/sub_za_zzw_2x2
4167	A64	Armv8-A	FEAT_SME2,FEAT_SME_F64F64	A64/sme/mortlach_multi_array_2a/mortlach_multi2_z_za_float_mm/fadd_za_zw_2x2
4168	A64	Armv8-A	FEAT_SME2,FEAT_SME_F64F64	A64/sme/mortlach_multi_array_2a/mortlach_multi2_z_za_float_mm/fsub_za_zw_2x2
4169	A64	Armv8-A	FEAT_SME2,FEAT_SME_I16I64	A64/sme/mortlach_multi_array_2a/mortlach_multi2_z_za_int_mm/add_za_zw_2x2
4170	A64	Armv8-A	FEAT_SME2,FEAT_SME_I16I64	A64/sme/mortlach_multi_array_2a/mortlach_multi2_z_za_int_mm/sub_za_zw_2x2
4171	A64	Armv8-A	FEAT_SME_F16F16,FEAT_SME_F8F16	A64/sme/mortlach_multi_array_2a/mortlach_multi2_z_za_f16_mm/fadd_za_zw_2x2_16
4172	A64	Armv8-A	FEAT_SME_B16B16	A64/sme/mortlach_multi_array_2a/mortlach_multi2_z_za_f16_mm/bfadd_za_zw_2x2_16
4173	A64	Armv8-A	FEAT_SME_F16F16,FEAT_SME_F8F16	A64/sme/mortlach_multi_array_2a/mortlach_multi2_z_za_f16_mm/fsub_za_zw_2x2_16
4174	A64	Armv8-A	FEAT_SME_B16B16	A64/sme/mortlach_multi_array_2a/mortlach_multi2_z_za_f16_mm/bfsub_za_zw_2x2_16
4175	A64	Armv8-A	FEAT_SME2,FEAT_SME_I16I64	A64/sme/mortlach_multi_array_2b/mortlach_multi4_zz_za_mla_long_long_mm/smlall_za_zzw_4x4
4176	A64	Armv8-A	FEAT_SME2	A64/sme/mortlach_multi_array_2b/mortlach_multi4_zz_za_mla_long_long_mm/usmlall_za_zzw_s4x4
4177	A64	Armv8-A	FEAT_SME2,FEAT_SME_I16I64	A64/sme/mortlach_multi_array_2b/mortlach_multi4_zz_za_mla_long_long_mm/smlsll_za_zzw_4x4
4178	A64	Armv8-A	FEAT_SME2,FEAT_SME_I16I64	A64/sme/mortlach_multi_array_2b/mortlach_multi4_zz_za_mla_long_long_mm/umlall_za_zzw_4x4
4179	A64	Armv8-A	FEAT_SME2,FEAT_SME_I16I64	A64/sme/mortlach_multi_array_2b/mortlach_multi4_zz_za_mla_long_long_mm/umlsll_za_zzw_4x4
4180	A64	Armv8-A	FEAT_SME_F8F32	A64/sme/mortlach_multi_array_2b/mortlach_multi4_zz_za_fp8_fma_long_long_mm/fmlall_za32_z8z8w_4x4
4181	A64	Armv8-A	FEAT_SME2	A64/sme/mortlach_multi_array_2b/mortlach_multi4_zz_za_fma_long_mm/bfmlal_za_zzw_4x4
4182	A64	Armv8-A	FEAT_SME2	A64/sme/mortlach_multi_array_2b/mortlach_multi4_zz_za_fma_long_mm/fmlal_za_zzw_4x4
4183	A64	Armv8-A	FEAT_SME2	A64/sme/mortlach_multi_array_2b/mortlach_multi4_zz_za_fma_long_mm/bfmlsl_za_zzw_4x4
4184	A64	Armv8-A	FEAT_SME2	A64/sme/mortlach_multi_array_2b/mortlach_multi4_zz_za_fma_long_mm/fmlsl_za_zzw_4x4
4185	A64	Armv8-A	FEAT_SME_F8F16	A64/sme/mortlach_multi_array_2b/mortlach_multi4_zz_za_fp8_fma_long_mm/fmlal_za_z8z8w_4x4
4186	A64	Armv8-A	FEAT_SME2	A64/sme/mortlach_multi_array_2b/mortlach_multi4_zz_za_mla_long_mm/smlal_za_zzw_4x4
4187	A64	Armv8-A	FEAT_SME2	A64/sme/mortlach_multi_array_2b/mortlach_multi4_zz_za_mla_long_mm/smlsl_za_zzw_4x4
4188	A64	Armv8-A	FEAT_SME2	A64/sme/mortlach_multi_array_2b/mortlach_multi4_zz_za_mla_long_mm/umlal_za_zzw_4x4
4189	A64	Armv8-A	FEAT_SME2	A64/sme/mortlach_multi_array_2b/mortlach_multi4_zz_za_mla_long_mm/umlsl_za_zzw_4x4
4190	A64	Armv8-A	FEAT_SME2	A64/sme/mortlach_multi_array_2b/mortlach_multi4_z_za_fpdot_mm/fdot_za_zzw_4x4
4191	A64	Armv8-A	FEAT_SME2	A64/sme/mortlach_multi_array_2b/mortlach_multi4_z_za_fpdot_mm/bfdot_za_zzw_4x4
4192	A64	Armv8-A	FEAT_SME_F8F16	A64/sme/mortlach_multi_array_2b/mortlach_multi4_z_za_fpdot_mm/fdot_za_z8z8w_4x4
4193	A64	Armv8-A	FEAT_SME_F8F32	A64/sme/mortlach_multi_array_2b/mortlach_multi4_z_za_fpdot_mm/fdot_za32_z8z8w_4x4
4194	A64	Armv8-A	FEAT_SME_F16F16	A64/sme/mortlach_multi_array_2b/mortlach_multi4_zz_za_f16_mm/fmla_za_zzw_4x4_16
4195	A64	Armv8-A	FEAT_SME_B16B16	A64/sme/mortlach_multi_array_2b/mortlach_multi4_zz_za_f16_mm/bfmla_za_zzw_4x4_16
4196	A64	Armv8-A	FEAT_SME_F16F16	A64/sme/mortlach_multi_array_2b/mortlach_multi4_zz_za_f16_mm/fmls_za_zzw_4x4_16
4197	A64	Armv8-A	FEAT_SME_B16B16	A64/sme/mortlach_multi_array_2b/mortlach_multi4_zz_za_f16_mm/bfmls_za_zzw_4x4_16
4198	A64	Armv8-A	FEAT_SME2,FEAT_SME_I16I64	A64/sme/mortlach_multi_array_2b/mortlach_multi4_z_za_4way_dot_mm/sdot_za_zzw_4x4
4199	A64	Armv8-A	FEAT_SME2,FEAT_SME_I16I64	A64/sme/mortlach_multi_array_2b/mortlach_multi4_z_za_4way_dot_mm/udot_za_zzw_4x4
4200	A64	Armv8-A	FEAT_SME2	A64/sme/mortlach_multi_array_2b/mortlach_multi4_z_za_mixed_dot_mm/usdot_za_zzw_s4x4
4201	A64	Armv8-A	FEAT_SME2	A64/sme/mortlach_multi_array_2b/mortlach_multi4_z_za_2way_dot_mm/sdot_za32_zzw_4x4
4202	A64	Armv8-A	FEAT_SME2	A64/sme/mortlach_multi_array_2b/mortlach_multi4_z_za_2way_dot_mm/udot_za32_zzw_4x4
4203	A64	Armv8-A	FEAT_SME2,FEAT_SME_F64F64	A64/sme/mortlach_multi_array_2b/mortlach_multi4_zz_za_float_mm/fmla_za_zzw_4x4
4204	A64	Armv8-A	FEAT_SME2,FEAT_SME_F64F64	A64/sme/mortlach_multi_array_2b/mortlach_multi4_zz_za_float_mm/fmls_za_zzw_4x4
4205	A64	Armv8-A	FEAT_SME2,FEAT_SME_I16I64	A64/sme/mortlach_multi_array_2b/mortlach_multi4_zz_za_int_mm/add_za_zzw_4x4
4206	A64	Armv8-A	FEAT_SME2,FEAT_SME_I16I64	A64/sme/mortlach_multi_array_2b/mortlach_multi4_zz_za_int_mm/sub_za_zzw_4x4
4207	A64	Armv8-A	FEAT_SME2,FEAT_SME_F64F64	A64/sme/mortlach_multi_array_2b/mortlach_multi4_z_za_float_mm/fadd_za_zw_4x4
4208	A64	Armv8-A	FEAT_SME2,FEAT_SME_F64F64	A64/sme/mortlach_multi_array_2b/mortlach_multi4_z_za_float_mm/fsub_za_zw_4x4
4209	A64	Armv8-A	FEAT_SME2,FEAT_SME_I16I64	A64/sme/mortlach_multi_array_2b/mortlach_multi4_z_za_int_mm/add_za_zw_4x4
4210	A64	Armv8-A	FEAT_SME2,FEAT_SME_I16I64	A64/sme/mortlach_multi_array_2b/mortlach_multi4_z_za_int_mm/sub_za_zw_4x4
4211	A64	Armv8-A	FEAT_SME_F16F16,FEAT_SME_F8F16	A64/sme/mortlach_multi_array_2b/mortlach_multi4_z_za_f16_mm/fadd_za_zw_4x4_16
4212	A64	Armv8-A	FEAT_SME_B16B16	A64/sme/mortlach_multi_array_2b/mortlach_multi4_z_za_f16_mm/bfadd_za_zw_4x4_16
4213	A64	Armv8-A	FEAT_SME_F16F16,FEAT_SME_F8F16	A64/sme/mortlach_multi_array_2b/mortlach_multi4_z_za_f16_mm/fsub_za_zw_4x4_16
4214	A64	Armv8-A	FEAT_SME_B16B16	A64/sme/mortlach_multi_array_2b/mortlach_multi4_z_za_f16_mm/bfsub_za_zw_4x4_16
4215	A64	Armv8-A	FEAT_SME2	A64/sme/mortlach_multi_sve_1/mortlach_multi2_select_int/sel_mz_p_zz_2
4216	A64	Armv8-A	FEAT_SME2	A64/sme/mortlach_multi_sve_1/mortlach_multi4_select_int/sel_mz_p_zz_4
4217	A64	Armv8-A	FEAT_SME2	A64/sme/mortlach_multi_sve_2a/mortlach_multi2_z_z_minmax_sm/smax_mz_zzv_2x1
4218	A64	Armv8-A	FEAT_SME2	A64/sme/mortlach_multi_sve_2a/mortlach_multi2_z_z_minmax_sm/smin_mz_zzv_2x1
4219	A64	Armv8-A	FEAT_SME2	A64/sme/mortlach_multi_sve_2a/mortlach_multi2_z_z_minmax_sm/umax_mz_zzv_2x1
4220	A64	Armv8-A	FEAT_SME2	A64/sme/mortlach_multi_sve_2a/mortlach_multi2_z_z_minmax_sm/umin_mz_zzv_2x1
4221	A64	Armv8-A	FEAT_SME2	A64/sme/mortlach_multi_sve_2a/mortlach_multi2_z_z_fminmax_sm/fmax_mz_zzv_2x1
4222	A64	Armv8-A	FEAT_SME2,FEAT_SVE_B16B16	A64/sme/mortlach_multi_sve_2a/mortlach_multi2_z_z_fminmax_sm/bfmax_mz_zzv_2x1
4223	A64	Armv8-A	FEAT_SME2	A64/sme/mortlach_multi_sve_2a/mortlach_multi2_z_z_fminmax_sm/fmin_mz_zzv_2x1
4224	A64	Armv8-A	FEAT_SME2,FEAT_SVE_B16B16	A64/sme/mortlach_multi_sve_2a/mortlach_multi2_z_z_fminmax_sm/bfmin_mz_zzv_2x1
4225	A64	Armv8-A	FEAT_SME2	A64/sme/mortlach_multi_sve_2a/mortlach_multi2_z_z_fminmax_sm/fmaxnm_mz_zzv_2x1
4226	A64	Armv8-A	FEAT_SME2,FEAT_SVE_B16B16	A64/sme/mortlach_multi_sve_2a/mortlach_multi2_z_z_fminmax_sm/bfmaxnm_mz_zzv_2x1
4227	A64	Armv8-A	FEAT_SME2	A64/sme/mortlach_multi_sve_2a/mortlach_multi2_z_z_fminmax_sm/fminnm_mz_zzv_2x1
4228	A64	Armv8-A	FEAT_SME2,FEAT_SVE_B16B16	A64/sme/mortlach_multi_sve_2a/mortlach_multi2_z_z_fminmax_sm/bfminnm_mz_zzv_2x1
4229	A64	Armv8-A	FEAT_FP8,FEAT_SME2	A64/sme/mortlach_multi_sve_2a/mortlach_multi2_z_z_fscale_sm/fscale_mz_zzv_2x1
4230	A64	Armv8-A	FEAT_SME2,FEAT_SVE_BFSCALE	A64/sme/mortlach_multi_sve_2a/mortlach_multi2_z_z_fscale_sm/bfscale_mz_zzv_2x1
4231	A64	Armv8-A	FEAT_SME2	A64/sme/mortlach_multi_sve_2a/mortlach_multi2_z_z_shift_sm/srshl_mz_zzv_2x1
4232	A64	Armv8-A	FEAT_SME2	A64/sme/mortlach_multi_sve_2a/mortlach_multi2_z_z_shift_sm/urshl_mz_zzv_2x1
4233	A64	Armv8-A	FEAT_SME2	A64/sme/mortlach_multi_sve_2a/mortlach_multi2_z_z_add_sm/add_mz_zzv_2x1
4234	A64	Armv8-A	FEAT_SME2	A64/sme/mortlach_multi_sve_2a/mortlach_multi2_z_z_sqdmulh_sm/sqdmulh_mz_zzv_2x1
4235	A64	Armv8-A	FEAT_SME2	A64/sme/mortlach_multi_sve_2b/mortlach_multi4_z_z_minmax_sm/smax_mz_zzv_4x1
4236	A64	Armv8-A	FEAT_SME2	A64/sme/mortlach_multi_sve_2b/mortlach_multi4_z_z_minmax_sm/smin_mz_zzv_4x1
4237	A64	Armv8-A	FEAT_SME2	A64/sme/mortlach_multi_sve_2b/mortlach_multi4_z_z_minmax_sm/umax_mz_zzv_4x1
4238	A64	Armv8-A	FEAT_SME2	A64/sme/mortlach_multi_sve_2b/mortlach_multi4_z_z_minmax_sm/umin_mz_zzv_4x1
4239	A64	Armv8-A	FEAT_SME2	A64/sme/mortlach_multi_sve_2b/mortlach_multi4_z_z_fminmax_sm/fmax_mz_zzv_4x1
4240	A64	Armv8-A	FEAT_SME2,FEAT_SVE_B16B16	A64/sme/mortlach_multi_sve_2b/mortlach_multi4_z_z_fminmax_sm/bfmax_mz_zzv_4x1
4241	A64	Armv8-A	FEAT_SME2	A64/sme/mortlach_multi_sve_2b/mortlach_multi4_z_z_fminmax_sm/fmin_mz_zzv_4x1
4242	A64	Armv8-A	FEAT_SME2,FEAT_SVE_B16B16	A64/sme/mortlach_multi_sve_2b/mortlach_multi4_z_z_fminmax_sm/bfmin_mz_zzv_4x1
4243	A64	Armv8-A	FEAT_SME2	A64/sme/mortlach_multi_sve_2b/mortlach_multi4_z_z_fminmax_sm/fmaxnm_mz_zzv_4x1
4244	A64	Armv8-A	FEAT_SME2,FEAT_SVE_B16B16	A64/sme/mortlach_multi_sve_2b/mortlach_multi4_z_z_fminmax_sm/bfmaxnm_mz_zzv_4x1
4245	A64	Armv8-A	FEAT_SME2	A64/sme/mortlach_multi_sve_2b/mortlach_multi4_z_z_fminmax_sm/fminnm_mz_zzv_4x1
4246	A64	Armv8-A	FEAT_SME2,FEAT_SVE_B16B16	A64/sme/mortlach_multi_sve_2b/mortlach_multi4_z_z_fminmax_sm/bfminnm_mz_zzv_4x1
4247	A64	Armv8-A	FEAT_FP8,FEAT_SME2	A64/sme/mortlach_multi_sve_2b/mortlach_multi4_z_z_fscale_sm/fscale_mz_zzv_4x1
4248	A64	Armv8-A	FEAT_SME2,FEAT_SVE_BFSCALE	A64/sme/mortlach_multi_sve_2b/mortlach_multi4_z_z_fscale_sm/bfscale_mz_zzv_4x1
4249	A64	Armv8-A	FEAT_SME2	A64/sme/mortlach_multi_sve_2b/mortlach_multi4_z_z_shift_sm/srshl_mz_zzv_4x1
4250	A64	Armv8-A	FEAT_SME2	A64/sme/mortlach_multi_sve_2b/mortlach_multi4_z_z_shift_sm/urshl_mz_zzv_4x1
4251	A64	Armv8-A	FEAT_SME2	A64/sme/mortlach_multi_sve_2b/mortlach_multi4_z_z_add_sm/add_mz_zzv_4x1
4252	A64	Armv8-A	FEAT_SME2	A64/sme/mortlach_multi_sve_2b/mortlach_multi4_z_z_sqdmulh_sm/sqdmulh_mz_zzv_4x1
4253	A64	Armv8-A	FEAT_SME2	A64/sme/mortlach_multi_sve_2c0/mortlach_multi2_z_z_minmax_mm/smax_mz_zzw_2x2
4254	A64	Armv8-A	FEAT_SME2	A64/sme/mortlach_multi_sve_2c0/mortlach_multi2_z_z_minmax_mm/smin_mz_zzw_2x2
4255	A64	Armv8-A	FEAT_SME2	A64/sme/mortlach_multi_sve_2c0/mortlach_multi2_z_z_minmax_mm/umax_mz_zzw_2x2
4256	A64	Armv8-A	FEAT_SME2	A64/sme/mortlach_multi_sve_2c0/mortlach_multi2_z_z_minmax_mm/umin_mz_zzw_2x2
4257	A64	Armv8-A	FEAT_SME2	A64/sme/mortlach_multi_sve_2c0/mortlach_multi2_z_z_fminmax_mm/fmax_mz_zzw_2x2
4258	A64	Armv8-A	FEAT_SME2,FEAT_SVE_B16B16	A64/sme/mortlach_multi_sve_2c0/mortlach_multi2_z_z_fminmax_mm/bfmax_mz_zzw_2x2
4259	A64	Armv8-A	FEAT_SME2	A64/sme/mortlach_multi_sve_2c0/mortlach_multi2_z_z_fminmax_mm/fmin_mz_zzw_2x2
4260	A64	Armv8-A	FEAT_SME2,FEAT_SVE_B16B16	A64/sme/mortlach_multi_sve_2c0/mortlach_multi2_z_z_fminmax_mm/bfmin_mz_zzw_2x2
4261	A64	Armv8-A	FEAT_SME2	A64/sme/mortlach_multi_sve_2c0/mortlach_multi2_z_z_fminmax_mm/fmaxnm_mz_zzw_2x2
4262	A64	Armv8-A	FEAT_SME2,FEAT_SVE_B16B16	A64/sme/mortlach_multi_sve_2c0/mortlach_multi2_z_z_fminmax_mm/bfmaxnm_mz_zzw_2x2
4263	A64	Armv8-A	FEAT_SME2	A64/sme/mortlach_multi_sve_2c0/mortlach_multi2_z_z_fminmax_mm/fminnm_mz_zzw_2x2
4264	A64	Armv8-A	FEAT_SME2,FEAT_SVE_B16B16	A64/sme/mortlach_multi_sve_2c0/mortlach_multi2_z_z_fminmax_mm/bfminnm_mz_zzw_2x2
4265	A64	Armv8-A	FEAT_FAMINMAX,FEAT_SME2	A64/sme/mortlach_multi_sve_2c0/mortlach_multi2_z_z_fminmax_mm/famax_mz_zzw_2x2
4266	A64	Armv8-A	FEAT_FAMINMAX,FEAT_SME2	A64/sme/mortlach_multi_sve_2c0/mortlach_multi2_z_z_fminmax_mm/famin_mz_zzw_2x2
4267	A64	Armv8-A	FEAT_FP8,FEAT_SME2	A64/sme/mortlach_multi_sve_2c0/mortlach_multi2_z_z_fscale_mm/fscale_mz_zzw_2x2
4268	A64	Armv8-A	FEAT_SME2,FEAT_SVE_BFSCALE	A64/sme/mortlach_multi_sve_2c0/mortlach_multi2_z_z_fscale_mm/bfscale_mz_zzw_2x2
4269	A64	Armv8-A	FEAT_SME2	A64/sme/mortlach_multi_sve_2c0/mortlach_multi2_z_z_shift_mm/srshl_mz_zzw_2x2
4270	A64	Armv8-A	FEAT_SME2	A64/sme/mortlach_multi_sve_2c0/mortlach_multi2_z_z_shift_mm/urshl_mz_zzw_2x2
4271	A64	Armv8-A	FEAT_SME2	A64/sme/mortlach_multi_sve_2c1/mortlach_multi2_z_z_sqdmulh_mm/sqdmulh_mz_zzw_2x2
4272	A64	Armv8-A	FEAT_SME2	A64/sme/mortlach_multi_sve_2d0/mortlach_multi4_z_z_minmax_mm/smax_mz_zzw_4x4
4273	A64	Armv8-A	FEAT_SME2	A64/sme/mortlach_multi_sve_2d0/mortlach_multi4_z_z_minmax_mm/smin_mz_zzw_4x4
4274	A64	Armv8-A	FEAT_SME2	A64/sme/mortlach_multi_sve_2d0/mortlach_multi4_z_z_minmax_mm/umax_mz_zzw_4x4
4275	A64	Armv8-A	FEAT_SME2	A64/sme/mortlach_multi_sve_2d0/mortlach_multi4_z_z_minmax_mm/umin_mz_zzw_4x4
4276	A64	Armv8-A	FEAT_SME2	A64/sme/mortlach_multi_sve_2d0/mortlach_multi4_z_z_fminmax_mm/fmax_mz_zzw_4x4
4277	A64	Armv8-A	FEAT_SME2,FEAT_SVE_B16B16	A64/sme/mortlach_multi_sve_2d0/mortlach_multi4_z_z_fminmax_mm/bfmax_mz_zzw_4x4
4278	A64	Armv8-A	FEAT_SME2	A64/sme/mortlach_multi_sve_2d0/mortlach_multi4_z_z_fminmax_mm/fmin_mz_zzw_4x4
4279	A64	Armv8-A	FEAT_SME2,FEAT_SVE_B16B16	A64/sme/mortlach_multi_sve_2d0/mortlach_multi4_z_z_fminmax_mm/bfmin_mz_zzw_4x4
4280	A64	Armv8-A	FEAT_SME2	A64/sme/mortlach_multi_sve_2d0/mortlach_multi4_z_z_fminmax_mm/fmaxnm_mz_zzw_4x4
4281	A64	Armv8-A	FEAT_SME2,FEAT_SVE_B16B16	A64/sme/mortlach_multi_sve_2d0/mortlach_multi4_z_z_fminmax_mm/bfmaxnm_mz_zzw_4x4
4282	A64	Armv8-A	FEAT_SME2	A64/sme/mortlach_multi_sve_2d0/mortlach_multi4_z_z_fminmax_mm/fminnm_mz_zzw_4x4
4283	A64	Armv8-A	FEAT_SME2,FEAT_SVE_B16B16	A64/sme/mortlach_multi_sve_2d0/mortlach_multi4_z_z_fminmax_mm/bfminnm_mz_zzw_4x4
4284	A64	Armv8-A	FEAT_FAMINMAX,FEAT_SME2	A64/sme/mortlach_multi_sve_2d0/mortlach_multi4_z_z_fminmax_mm/famax_mz_zzw_4x4
4285	A64	Armv8-A	FEAT_FAMINMAX,FEAT_SME2	A64/sme/mortlach_multi_sve_2d0/mortlach_multi4_z_z_fminmax_mm/famin_mz_zzw_4x4
4286	A64	Armv8-A	FEAT_FP8,FEAT_SME2	A64/sme/mortlach_multi_sve_2d0/mortlach_multi4_z_z_fscale_mm/fscale_mz_zzw_4x4
4287	A64	Armv8-A	FEAT_SME2,FEAT_SVE_BFSCALE	A64/sme/mortlach_multi_sve_2d0/mortlach_multi4_z_z_fscale_mm/bfscale_mz_zzw_4x4
4288	A64	Armv8-A	FEAT_SME2	A64/sme/mortlach_multi_sve_2d0/mortlach_multi4_z_z_shift_mm/srshl_mz_zzw_4x4
4289	A64	Armv8-A	FEAT_SME2	A64/sme/mortlach_multi_sve_2d0/mortlach_multi4_z_z_shift_mm/urshl_mz_zzw_4x4
4290	A64	Armv8-A	FEAT_SME2	A64/sme/mortlach_multi_sve_2d1/mortlach_multi4_z_z_sqdmulh_mm/sqdmulh_mz_zzw_4x4
4291	A64	Armv8-A	FEAT_SME2	A64/sme/mortlach_multi_sve_3/mortlach_multi2_fclamp/fclamp_mz_zz_2
4292	A64	Armv8-A	FEAT_SME2,FEAT_SVE_B16B16	A64/sme/mortlach_multi_sve_3/mortlach_multi2_fclamp/bfclamp_mz_zz_2
4293	A64	Armv8-A	FEAT_SME2	A64/sme/mortlach_multi_sve_3/mortlach_multi2_clamp_int/sclamp_mz_zz_2
4294	A64	Armv8-A	FEAT_SME2	A64/sme/mortlach_multi_sve_3/mortlach_multi2_clamp_int/uclamp_mz_zz_2
4295	A64	Armv8-A	FEAT_SME2	A64/sme/mortlach_multi_sve_3/mortlach_multi4_fclamp/fclamp_mz_zz_4
4296	A64	Armv8-A	FEAT_SME2,FEAT_SVE_B16B16	A64/sme/mortlach_multi_sve_3/mortlach_multi4_fclamp/bfclamp_mz_zz_4
4297	A64	Armv8-A	FEAT_SME2	A64/sme/mortlach_multi_sve_3/mortlach_multi4_clamp_int/sclamp_mz_zz_4
4298	A64	Armv8-A	FEAT_SME2	A64/sme/mortlach_multi_sve_3/mortlach_multi4_clamp_int/uclamp_mz_zz_4
4299	A64	Armv8-A	FEAT_SME2	A64/sme/mortlach_multi_sve_3/mortlach_multi2_z_z_zip/zip_mz_zz_2
4300	A64	Armv8-A	FEAT_SME2	A64/sme/mortlach_multi_sve_3/mortlach_multi2_z_z_zip/uzp_mz_zz_2
4301	A64	Armv8-A	FEAT_SME2	A64/sme/mortlach_multi_sve_3/mortlach_multi2_z_z_long_zip/zip_mz_zz_2q
4302	A64	Armv8-A	FEAT_SME2	A64/sme/mortlach_multi_sve_3/mortlach_multi2_z_z_long_zip/uzp_mz_zz_2q
4303	A64	Armv8-A	FEAT_SME2	A64/sme/mortlach_multi_sve_3/mortlach_multi2_qrshr/sqrshr_z_mz2_
4304	A64	Armv8-A	FEAT_SME2	A64/sme/mortlach_multi_sve_3/mortlach_multi2_qrshr/sqrshru_z_mz2_
4305	A64	Armv8-A	FEAT_SME2	A64/sme/mortlach_multi_sve_3/mortlach_multi2_qrshr/uqrshr_z_mz2_
4306	A64	Armv8-A	FEAT_SME2	A64/sme/mortlach_multi_sve_3/mortlach_multi4_qrshr/sqrshr_z_mz4_
4307	A64	Armv8-A	FEAT_SME2	A64/sme/mortlach_multi_sve_3/mortlach_multi4_qrshr/sqrshru_z_mz4_
4308	A64	Armv8-A	FEAT_SME2	A64/sme/mortlach_multi_sve_3/mortlach_multi4_qrshr/sqrshrn_z_mz4_
4309	A64	Armv8-A	FEAT_SME2	A64/sme/mortlach_multi_sve_3/mortlach_multi4_qrshr/sqrshrun_z_mz4_
4310	A64	Armv8-A	FEAT_SME2	A64/sme/mortlach_multi_sve_3/mortlach_multi4_qrshr/uqrshr_z_mz4_
4311	A64	Armv8-A	FEAT_SME2	A64/sme/mortlach_multi_sve_3/mortlach_multi4_qrshr/uqrshrn_z_mz4_
4312	A64	Armv8-A	FEAT_SME2	A64/sme/mortlach_multi_sve_4/mortlach_multi2_narrow_fp_cvrt/bfcvt_z_mz2_
4313	A64	Armv8-A	FEAT_SME2	A64/sme/mortlach_multi_sve_4/mortlach_multi2_narrow_fp_cvrt/fcvt_z_mz2_
4314	A64	Armv8-A	FEAT_SME2	A64/sme/mortlach_multi_sve_4/mortlach_multi2_narrow_fp_cvrt/bfcvtn_z_mz2_
4315	A64	Armv8-A	FEAT_SME2	A64/sme/mortlach_multi_sve_4/mortlach_multi2_narrow_fp_cvrt/fcvtn_z_mz2_
4316	A64	Armv8-A	FEAT_SME2	A64/sme/mortlach_multi_sve_4/mortlach_multi2_fpint_cvrt/fcvtzs_mz_z_2
4317	A64	Armv8-A	FEAT_SME2	A64/sme/mortlach_multi_sve_4/mortlach_multi2_fpint_cvrt/fcvtzu_mz_z_2
4318	A64	Armv8-A	FEAT_SME2	A64/sme/mortlach_multi_sve_4/mortlach_multi2_intfp_cvrt/scvtf_mz_z_2
4319	A64	Armv8-A	FEAT_SME2	A64/sme/mortlach_multi_sve_4/mortlach_multi2_intfp_cvrt/ucvtf_mz_z_2
4320	A64	Armv8-A	FEAT_SME2	A64/sme/mortlach_multi_sve_4/mortlach_multi2_narrow_int_cvrt/sqcvt_z_mz2_
4321	A64	Armv8-A	FEAT_SME2	A64/sme/mortlach_multi_sve_4/mortlach_multi2_narrow_int_cvrt/sqcvtu_z_mz2_
4322	A64	Armv8-A	FEAT_SME2	A64/sme/mortlach_multi_sve_4/mortlach_multi2_narrow_int_cvrt/uqcvt_z_mz2_
4323	A64	Armv8-A	FEAT_FP8,FEAT_SME2	A64/sme/mortlach_multi_sve_4/mortlach_multi2_narrow_fp8_cvrt/bfcvt_z8_mz2_
4324	A64	Armv8-A	FEAT_FP8,FEAT_SME2	A64/sme/mortlach_multi_sve_4/mortlach_multi2_narrow_fp8_cvrt/fcvt_z8_mz2_
4325	A64	Armv8-A	FEAT_SME2	A64/sme/mortlach_multi_sve_4/mortlach_multi2_wide_int/sunpk_mz_z_2
4326	A64	Armv8-A	FEAT_SME2	A64/sme/mortlach_multi_sve_4/mortlach_multi2_wide_int/uunpk_mz_z_2
4327	A64	Armv8-A	FEAT_FP8,FEAT_SME2	A64/sme/mortlach_multi_sve_4/mortlach_multi2_wide_fp8_cvrt/f1cvt_mz2_z8_
4328	A64	Armv8-A	FEAT_FP8,FEAT_SME2	A64/sme/mortlach_multi_sve_4/mortlach_multi2_wide_fp8_cvrt/bf1cvt_mz2_z8_
4329	A64	Armv8-A	FEAT_FP8,FEAT_SME2	A64/sme/mortlach_multi_sve_4/mortlach_multi2_wide_fp8_cvrt/f2cvt_mz2_z8_
4330	A64	Armv8-A	FEAT_FP8,FEAT_SME2	A64/sme/mortlach_multi_sve_4/mortlach_multi2_wide_fp8_cvrt/bf2cvt_mz2_z8_
4331	A64	Armv8-A	FEAT_FP8,FEAT_SME2	A64/sme/mortlach_multi_sve_4/mortlach_multi2_wide_fp8_cvrt/f1cvtl_mz2_z8_
4332	A64	Armv8-A	FEAT_FP8,FEAT_SME2	A64/sme/mortlach_multi_sve_4/mortlach_multi2_wide_fp8_cvrt/bf1cvtl_mz2_z8_
4333	A64	Armv8-A	FEAT_FP8,FEAT_SME2	A64/sme/mortlach_multi_sve_4/mortlach_multi2_wide_fp8_cvrt/f2cvtl_mz2_z8_
4334	A64	Armv8-A	FEAT_FP8,FEAT_SME2	A64/sme/mortlach_multi_sve_4/mortlach_multi2_wide_fp8_cvrt/bf2cvtl_mz2_z8_
4335	A64	Armv8-A	FEAT_SME2	A64/sme/mortlach_multi_sve_4/mortlach_multi2_frint/frintn_mz_z_2
4336	A64	Armv8-A	FEAT_SME2	A64/sme/mortlach_multi_sve_4/mortlach_multi2_frint/frintp_mz_z_2
4337	A64	Armv8-A	FEAT_SME2	A64/sme/mortlach_multi_sve_4/mortlach_multi2_frint/frintm_mz_z_2
4338	A64	Armv8-A	FEAT_SME2	A64/sme/mortlach_multi_sve_4/mortlach_multi2_frint/frinta_mz_z_2
4339	A64	Armv8-A	FEAT_SME_F16F16	A64/sme/mortlach_multi_sve_4/mortlach_multi2_wide_fp_cvrt/fcvt_mz2_z_
4340	A64	Armv8-A	FEAT_SME_F16F16	A64/sme/mortlach_multi_sve_4/mortlach_multi2_wide_fp_cvrt/fcvtl_mz2_z_
4341	A64	Armv8-A	FEAT_SME2	A64/sme/mortlach_multi_sve_4/mortlach_multi4_fpint_cvrt/fcvtzs_mz_z_4
4342	A64	Armv8-A	FEAT_SME2	A64/sme/mortlach_multi_sve_4/mortlach_multi4_fpint_cvrt/fcvtzu_mz_z_4
4343	A64	Armv8-A	FEAT_SME2	A64/sme/mortlach_multi_sve_4/mortlach_multi4_intfp_cvrt/scvtf_mz_z_4
4344	A64	Armv8-A	FEAT_SME2	A64/sme/mortlach_multi_sve_4/mortlach_multi4_intfp_cvrt/ucvtf_mz_z_4
4345	A64	Armv8-A	FEAT_SME2	A64/sme/mortlach_multi_sve_4/mortlach_multi4_narrow_int_cvrt/sqcvt_z_mz4_
4346	A64	Armv8-A	FEAT_SME2	A64/sme/mortlach_multi_sve_4/mortlach_multi4_narrow_int_cvrt/sqcvtu_z_mz4_
4347	A64	Armv8-A	FEAT_SME2	A64/sme/mortlach_multi_sve_4/mortlach_multi4_narrow_int_cvrt/sqcvtn_z_mz4_
4348	A64	Armv8-A	FEAT_SME2	A64/sme/mortlach_multi_sve_4/mortlach_multi4_narrow_int_cvrt/sqcvtun_z_mz4_
4349	A64	Armv8-A	FEAT_SME2	A64/sme/mortlach_multi_sve_4/mortlach_multi4_narrow_int_cvrt/uqcvt_z_mz4_
4350	A64	Armv8-A	FEAT_SME2	A64/sme/mortlach_multi_sve_4/mortlach_multi4_narrow_int_cvrt/uqcvtn_z_mz4_
4351	A64	Armv8-A	FEAT_FP8,FEAT_SME2	A64/sme/mortlach_multi_sve_4/mortlach_multi4_narrow_fp8_cvrt/fcvt_z8_mz4_
4352	A64	Armv8-A	FEAT_FP8,FEAT_SME2	A64/sme/mortlach_multi_sve_4/mortlach_multi4_narrow_fp8_cvrt/fcvtn_z8_mz4_
4353	A64	Armv8-A	FEAT_SME2	A64/sme/mortlach_multi_sve_4/mortlach_multi4_wide_int/sunpk_mz_z_4
4354	A64	Armv8-A	FEAT_SME2	A64/sme/mortlach_multi_sve_4/mortlach_multi4_wide_int/uunpk_mz_z_4
4355	A64	Armv8-A	FEAT_SME2	A64/sme/mortlach_multi_sve_4/mortlach_multi4_z_z_zip/zip_mz_z_4
4356	A64	Armv8-A	FEAT_SME2	A64/sme/mortlach_multi_sve_4/mortlach_multi4_z_z_zip/uzp_mz_z_4
4357	A64	Armv8-A	FEAT_SME2	A64/sme/mortlach_multi_sve_4/mortlach_multi4_z_z_long_zip/zip_mz_z_4q
4358	A64	Armv8-A	FEAT_SME2	A64/sme/mortlach_multi_sve_4/mortlach_multi4_z_z_long_zip/uzp_mz_z_4q
4359	A64	Armv8-A	FEAT_SME2	A64/sme/mortlach_multi_sve_4/mortlach_multi4_frint/frintn_mz_z_4
4360	A64	Armv8-A	FEAT_SME2	A64/sme/mortlach_multi_sve_4/mortlach_multi4_frint/frintp_mz_z_4
4361	A64	Armv8-A	FEAT_SME2	A64/sme/mortlach_multi_sve_4/mortlach_multi4_frint/frintm_mz_z_4
4362	A64	Armv8-A	FEAT_SME2	A64/sme/mortlach_multi_sve_4/mortlach_multi4_frint/frinta_mz_z_4
4363	A64	Armv8-A	FEAT_SME2p2	A64/sme/mortlach_multi_sve_5a/mortlach_multi2_fmul_mm/fmul_mz_zzw_2x2
4364	A64	Armv8-A	FEAT_SME2,FEAT_SVE_BFSCALE	A64/sme/mortlach_multi_sve_5a/mortlach_multi2_fmul_mm/bfmul_mz_zzw_2x2
4365	A64	Armv8-A	FEAT_SME2p2	A64/sme/mortlach_multi_sve_5a/mortlach_multi4_fmul_mm/fmul_mz_zzw_4x4
4366	A64	Armv8-A	FEAT_SME2,FEAT_SVE_BFSCALE	A64/sme/mortlach_multi_sve_5a/mortlach_multi4_fmul_mm/bfmul_mz_zzw_4x4
4367	A64	Armv8-A	FEAT_SME2p2	A64/sme/mortlach_multi_sve_5b/mortlach_multi2_fmul_sm/fmul_mz_zzv_2x1
4368	A64	Armv8-A	FEAT_SME2,FEAT_SVE_BFSCALE	A64/sme/mortlach_multi_sve_5b/mortlach_multi2_fmul_sm/bfmul_mz_zzv_2x1
4369	A64	Armv8-A	FEAT_SME2p2	A64/sme/mortlach_multi_sve_5b/mortlach_multi4_fmul_sm/fmul_mz_zzv_4x1
4370	A64	Armv8-A	FEAT_SME2,FEAT_SVE_BFSCALE	A64/sme/mortlach_multi_sve_5b/mortlach_multi4_fmul_sm/bfmul_mz_zzv_4x1
4371	A64	Armv8-A	FEAT_SME2p3	A64/sme/mortlach_multi_sve_6/mortlach_multi4_lut6_16_ctg/luti6_mz4_zmz2_1
4372	A64	Armv8-A	FEAT_SME2p3	A64/sme/mortlach_multi_sve_6/mortlach_multi4_lut6_16_nctg/luti6_mz4_zmz2_4
4373	A64	Armv8-A	FEAT_SME	A64/sme/mortlach_mem/mortlach_contig_load/ld1b_za_p_rrr_
4374	A64	Armv8-A	FEAT_SME	A64/sme/mortlach_mem/mortlach_contig_load/ld1h_za_p_rrr_
4375	A64	Armv8-A	FEAT_SME	A64/sme/mortlach_mem/mortlach_contig_load/ld1w_za_p_rrr_
4376	A64	Armv8-A	FEAT_SME	A64/sme/mortlach_mem/mortlach_contig_load/ld1d_za_p_rrr_
4377	A64	Armv8-A	FEAT_SME	A64/sme/mortlach_mem/mortlach_contig_store/st1b_za_p_rrr_
4378	A64	Armv8-A	FEAT_SME	A64/sme/mortlach_mem/mortlach_contig_store/st1h_za_p_rrr_
4379	A64	Armv8-A	FEAT_SME	A64/sme/mortlach_mem/mortlach_contig_store/st1w_za_p_rrr_
4380	A64	Armv8-A	FEAT_SME	A64/sme/mortlach_mem/mortlach_contig_store/st1d_za_p_rrr_
4381	A64	Armv8-A	FEAT_SME	A64/sme/mortlach_mem/mortlach_ctxt_ldst/ldr_za_ri_
4382	A64	Armv8-A	FEAT_SME	A64/sme/mortlach_mem/mortlach_ctxt_ldst/str_za_ri_
4383	A64	Armv8-A	FEAT_SME2	A64/sme/mortlach_mem/mortlach_zt_ldst/ldr_zt_br_
4384	A64	Armv8-A	FEAT_SME2	A64/sme/mortlach_mem/mortlach_zt_ldst/str_zt_br_
4385	A64	Armv8-A	FEAT_SME	A64/sme/mortlach_mem/mortlach_contig_qload/ld1q_za_p_rrr_
4386	A64	Armv8-A	FEAT_SME	A64/sme/mortlach_mem/mortlach_contig_qstore/st1q_za_p_rrr_
4387	A64	Armv8-A		A64/reserved/perm_undef/UDF_only_perm_undef
4388	A64	Armv8-A	FEAT_PAuth_LR	A64/dpimm/dp_1src_imm/AUTIASPPC_only_dp_1src_imm
4389	A64	Armv8-A	FEAT_PAuth_LR	A64/dpimm/dp_1src_imm/AUTIBSPPC_only_dp_1src_imm
4390	A64	Armv8-A		A64/dpimm/extract/EXTR_32_extract
4391	A64	Armv8-A		A64/dpimm/extract/EXTR_64_extract
4392	A64	Armv8-A		A64/dpimm/pcreladdr/ADR_only_pcreladdr
4393	A64	Armv8-A		A64/dpimm/pcreladdr/ADRP_only_pcreladdr
4394	A64	Armv8-A		A64/dpimm/addsub_imm/ADD_32_addsub_imm
4395	A64	Armv8-A		A64/dpimm/addsub_imm/ADDS_32S_addsub_imm
4396	A64	Armv8-A		A64/dpimm/addsub_imm/SUB_32_addsub_imm
4397	A64	Armv8-A		A64/dpimm/addsub_imm/SUBS_32S_addsub_imm
4398	A64	Armv8-A		A64/dpimm/addsub_imm/ADD_64_addsub_imm
4399	A64	Armv8-A		A64/dpimm/addsub_imm/ADDS_64S_addsub_imm
4400	A64	Armv8-A		A64/dpimm/addsub_imm/SUB_64_addsub_imm
4401	A64	Armv8-A		A64/dpimm/addsub_imm/SUBS_64S_addsub_imm
4402	A64	Armv8-A	FEAT_MTE	A64/dpimm/addsub_immtags/ADDG_64_addsub_immtags
4403	A64	Armv8-A	FEAT_MTE	A64/dpimm/addsub_immtags/SUBG_64_addsub_immtags
4404	A64	Armv8-A	FEAT_CSSC	A64/dpimm/minmax_imm/SMAX_32_minmax_imm
4405	A64	Armv8-A	FEAT_CSSC	A64/dpimm/minmax_imm/UMAX_32U_minmax_imm
4406	A64	Armv8-A	FEAT_CSSC	A64/dpimm/minmax_imm/SMIN_32_minmax_imm
4407	A64	Armv8-A	FEAT_CSSC	A64/dpimm/minmax_imm/UMIN_32U_minmax_imm
4408	A64	Armv8-A	FEAT_CSSC	A64/dpimm/minmax_imm/SMAX_64_minmax_imm
4409	A64	Armv8-A	FEAT_CSSC	A64/dpimm/minmax_imm/UMAX_64U_minmax_imm
4410	A64	Armv8-A	FEAT_CSSC	A64/dpimm/minmax_imm/SMIN_64_minmax_imm
4411	A64	Armv8-A	FEAT_CSSC	A64/dpimm/minmax_imm/UMIN_64U_minmax_imm
4412	A64	Armv8-A		A64/dpimm/log_imm/AND_32_log_imm
4413	A64	Armv8-A		A64/dpimm/log_imm/ORR_32_log_imm
4414	A64	Armv8-A		A64/dpimm/log_imm/EOR_32_log_imm
4415	A64	Armv8-A		A64/dpimm/log_imm/ANDS_32S_log_imm
4416	A64	Armv8-A		A64/dpimm/log_imm/AND_64_log_imm
4417	A64	Armv8-A		A64/dpimm/log_imm/ORR_64_log_imm
4418	A64	Armv8-A		A64/dpimm/log_imm/EOR_64_log_imm
4419	A64	Armv8-A		A64/dpimm/log_imm/ANDS_64S_log_imm
4420	A64	Armv8-A		A64/dpimm/movewide/MOVN_32_movewide
4421	A64	Armv8-A		A64/dpimm/movewide/MOVZ_32_movewide
4422	A64	Armv8-A		A64/dpimm/movewide/MOVK_32_movewide
4423	A64	Armv8-A		A64/dpimm/movewide/MOVN_64_movewide
4424	A64	Armv8-A		A64/dpimm/movewide/MOVZ_64_movewide
4425	A64	Armv8-A		A64/dpimm/movewide/MOVK_64_movewide
4426	A64	Armv8-A		A64/dpimm/bitfield/SBFM_32M_bitfield
4427	A64	Armv8-A		A64/dpimm/bitfield/BFM_32M_bitfield
4428	A64	Armv8-A		A64/dpimm/bitfield/UBFM_32M_bitfield
4429	A64	Armv8-A		A64/dpimm/bitfield/SBFM_64M_bitfield
4430	A64	Armv8-A		A64/dpimm/bitfield/BFM_64M_bitfield
4431	A64	Armv8-A		A64/dpimm/bitfield/UBFM_64M_bitfield
4432	A64	Armv8-A		A64/control/condbranch/B_only_condbranch
4433	A64	Armv8-A	FEAT_HBC	A64/control/condbranch/BC_only_condbranch
4434	A64	Armv8-A	FEAT_PAuth_LR	A64/control/miscbranch/RETAASPPC_only_miscbranch
4435	A64	Armv8-A	FEAT_PAuth_LR	A64/control/miscbranch/RETABSPPC_only_miscbranch
4436	A64	Armv8-A	FEAT_CMPBR	A64/control/compbranch_regs2/CBBGT_8_regs
4437	A64	Armv8-A	FEAT_CMPBR	A64/control/compbranch_regs2/CBBGE_8_regs
4438	A64	Armv8-A	FEAT_CMPBR	A64/control/compbranch_regs2/CBBHI_8_regs
4439	A64	Armv8-A	FEAT_CMPBR	A64/control/compbranch_regs2/CBBHS_8_regs
4440	A64	Armv8-A	FEAT_CMPBR	A64/control/compbranch_regs2/CBBEQ_8_regs
4441	A64	Armv8-A	FEAT_CMPBR	A64/control/compbranch_regs2/CBBNE_8_regs
4442	A64	Armv8-A	FEAT_CMPBR	A64/control/compbranch_regs2/CBHGT_16_regs
4443	A64	Armv8-A	FEAT_CMPBR	A64/control/compbranch_regs2/CBHGE_16_regs
4444	A64	Armv8-A	FEAT_CMPBR	A64/control/compbranch_regs2/CBHHI_16_regs
4445	A64	Armv8-A	FEAT_CMPBR	A64/control/compbranch_regs2/CBHHS_16_regs
4446	A64	Armv8-A	FEAT_CMPBR	A64/control/compbranch_regs2/CBHEQ_16_regs
4447	A64	Armv8-A	FEAT_CMPBR	A64/control/compbranch_regs2/CBHNE_16_regs
4448	A64	Armv8-A		A64/control/exception/SVC_EX_exception
4449	A64	Armv8-A		A64/control/exception/HVC_EX_exception
4450	A64	Armv8-A		A64/control/exception/SMC_EX_exception
4451	A64	Armv8-A		A64/control/exception/BRK_EX_exception
4452	A64	Armv8-A		A64/control/exception/HLT_EX_exception
4453	A64	Armv8-A		A64/control/exception/DCPS1_DC_exception
4454	A64	Armv8-A		A64/control/exception/DCPS2_DC_exception
4455	A64	Armv8-A		A64/control/exception/DCPS3_DC_exception
4456	A64	Armv8-A	FEAT_TEV	A64/control/exception/TENTER_te_exception
4457	A64	Armv8-A	FEAT_WFxT	A64/control/systeminstrswithreg/WFET_only_systeminstrswithreg
4458	A64	Armv8-A	FEAT_WFxT	A64/control/systeminstrswithreg/WFIT_only_systeminstrswithreg
4459	A64	Armv8-A		A64/control/hints/NOP_HI_hints
4460	A64	Armv8-A		A64/control/hints/YIELD_HI_hints
4461	A64	Armv8-A		A64/control/hints/WFE_HI_hints
4462	A64	Armv8-A		A64/control/hints/WFI_HI_hints
4463	A64	Armv8-A		A64/control/hints/SEV_HI_hints
4464	A64	Armv8-A		A64/control/hints/SEVL_HI_hints
4465	A64	Armv8-A	FEAT_DGH	A64/control/hints/DGH_HI_hints
4466	A64	Armv8-A	FEAT_PAuth	A64/control/hints/XPACLRI_HI_hints
4467	A64	Armv8-A	FEAT_PAuth	A64/control/hints/PACIA1716_HI_hints
4468	A64	Armv8-A	FEAT_PAuth	A64/control/hints/PACIB1716_HI_hints
4469	A64	Armv8-A	FEAT_PAuth	A64/control/hints/AUTIA1716_HI_hints
4470	A64	Armv8-A	FEAT_PAuth	A64/control/hints/AUTIB1716_HI_hints
4471	A64	Armv8-A	FEAT_RAS	A64/control/hints/ESB_HI_hints
4472	A64	Armv8-A	FEAT_SPE	A64/control/hints/PSB_HC_hints
4473	A64	Armv8-A	FEAT_TRF	A64/control/hints/TSB_HC_hints
4474	A64	Armv8-A	FEAT_GCS	A64/control/hints/GCSB_HD_hints
4475	A64	Armv8-A		A64/control/hints/CSDB_HI_hints
4476	A64	Armv8-A	FEAT_CLRBHB	A64/control/hints/CLRBHB_HI_hints
4477	A64	Armv8-A	FEAT_PAuth	A64/control/hints/PACIAZ_HI_hints
4478	A64	Armv8-A	FEAT_PAuth	A64/control/hints/PACIASP_HI_hints
4479	A64	Armv8-A	FEAT_PAuth	A64/control/hints/PACIBZ_HI_hints
4480	A64	Armv8-A	FEAT_PAuth	A64/control/hints/PACIBSP_HI_hints
4481	A64	Armv8-A	FEAT_PAuth	A64/control/hints/AUTIAZ_HI_hints
4482	A64	Armv8-A	FEAT_PAuth	A64/control/hints/AUTIASP_HI_hints
4483	A64	Armv8-A	FEAT_PAuth	A64/control/hints/AUTIBZ_HI_hints
4484	A64	Armv8-A	FEAT_PAuth	A64/control/hints/AUTIBSP_HI_hints
4485	A64	Armv8-A	FEAT_BTI	A64/control/hints/BTI_HB_hints
4486	A64	Armv8-A	FEAT_PAuth_LR	A64/control/hints/PACM_HI_hints
4487	A64	Armv8-A	FEAT_CHK	A64/control/hints/CHKFEAT_HF_hints
4488	A64	Armv8-A	FEAT_PCDPHINT	A64/control/hints/STSHH_HI_hints
4489	A64	Armv8-A	FEAT_CMH	A64/control/hints/SHUH_HI_hints
4490	A64	Armv8-A	FEAT_CMH	A64/control/hints/STCPH_HI_hints
4491	A64	Armv8-A		A64/control/hints/HINT_HM_hints
4492	A64	Armv8-A		A64/control/barriers/CLREX_BN_barriers
4493	A64	Armv8-A		A64/control/barriers/DSB_BO_barriers
4494	A64	Armv8-A		A64/control/barriers/DMB_BO_barriers
4495	A64	Armv8-A		A64/control/barriers/ISB_BI_barriers
4496	A64	Armv8-A	FEAT_SB	A64/control/barriers/SB_only_barriers
4497	A64	Armv8-A	FEAT_XS	A64/control/barriers/DSB_BOn_barriers
4498	A64	Armv8-A		A64/control/pstate/MSR_SI_pstate
4499	A64	Armv8-A	FEAT_FlagM	A64/control/pstate/CFINV_M_pstate
4500	A64	Armv8-A	FEAT_FlagM2	A64/control/pstate/XAFLAG_M_pstate
4501	A64	Armv8-A	FEAT_FlagM2	A64/control/pstate/AXFLAG_M_pstate
4502	A64	Armv8-A		A64/control/systeminstrs/SYS_CR_systeminstrs
4503	A64	Armv8-A		A64/control/systeminstrs/SYSL_RC_systeminstrs
4504	A64	Armv8-A		A64/control/systemmove/MSR_SR_systemmove
4505	A64	Armv8-A		A64/control/systemmove/MRS_RS_systemmove
4506	A64	Armv8-A	FEAT_SYSINSTR128	A64/control/syspairinstrs/SYSP_CR_syspairinstrs
4507	A64	Armv8-A	FEAT_SYSREG128	A64/control/systemmovepr/MSRR_SR_systemmovepr
4508	A64	Armv8-A	FEAT_SYSREG128	A64/control/systemmovepr/MRRS_RS_systemmovepr
4509	A64	Armv8-A		A64/control/branch_reg/BR_64_branch_reg
4510	A64	Armv8-A	FEAT_PAuth	A64/control/branch_reg/BRAAZ_64_branch_reg
4511	A64	Armv8-A	FEAT_PAuth	A64/control/branch_reg/BRABZ_64_branch_reg
4512	A64	Armv8-A		A64/control/branch_reg/BLR_64_branch_reg
4513	A64	Armv8-A	FEAT_PAuth	A64/control/branch_reg/BLRAAZ_64_branch_reg
4514	A64	Armv8-A	FEAT_PAuth	A64/control/branch_reg/BLRABZ_64_branch_reg
4515	A64	Armv8-A		A64/control/branch_reg/RET_64R_branch_reg
4516	A64	Armv8-A	FEAT_PAuth_LR	A64/control/branch_reg/RETAASPPCR_64M_branch_reg
4517	A64	Armv8-A	FEAT_PAuth	A64/control/branch_reg/RETAA_64E_branch_reg
4518	A64	Armv8-A	FEAT_PAuth_LR	A64/control/branch_reg/RETABSPPCR_64M_branch_reg
4519	A64	Armv8-A	FEAT_PAuth	A64/control/branch_reg/RETAB_64E_branch_reg
4520	A64	Armv8-A		A64/control/branch_reg/ERET_64E_branch_reg
4521	A64	Armv8-A	FEAT_PAuth	A64/control/branch_reg/ERETAA_64E_branch_reg
4522	A64	Armv8-A	FEAT_PAuth	A64/control/branch_reg/ERETAB_64E_branch_reg
4523	A64	Armv8-A	FEAT_TEV	A64/control/branch_reg/TEXIT_te_branch_reg
4524	A64	Armv8-A		A64/control/branch_reg/DRPS_64E_branch_reg
4525	A64	Armv8-A	FEAT_PAuth	A64/control/branch_reg/BRAA_64P_branch_reg
4526	A64	Armv8-A	FEAT_PAuth	A64/control/branch_reg/BRAB_64P_branch_reg
4527	A64	Armv8-A	FEAT_PAuth	A64/control/branch_reg/BLRAA_64P_branch_reg
4528	A64	Armv8-A	FEAT_PAuth	A64/control/branch_reg/BLRAB_64P_branch_reg
4529	A64	Armv8-A	FEAT_S1POE2	A64/control/tchange_reg/TCHANGEB_tc_reg
4530	A64	Armv8-A	FEAT_S1POE2	A64/control/tchange_reg/TCHANGEF_tc_reg
4531	A64	Armv8-A	FEAT_S1POE2	A64/control/tchange_imm/TCHANGEB_tc_imm
4532	A64	Armv8-A	FEAT_S1POE2	A64/control/tchange_imm/TCHANGEF_tc_imm
4533	A64	Armv8-A		A64/control/branch_imm/B_only_branch_imm
4534	A64	Armv8-A		A64/control/branch_imm/BL_only_branch_imm
4535	A64	Armv8-A		A64/control/compbranch/CBZ_32_compbranch
4536	A64	Armv8-A		A64/control/compbranch/CBNZ_32_compbranch
4537	A64	Armv8-A		A64/control/compbranch/CBZ_64_compbranch
4538	A64	Armv8-A		A64/control/compbranch/CBNZ_64_compbranch
4539	A64	Armv8-A	FEAT_CMPBR	A64/control/compbranch_regs/CBGT_32_regs
4540	A64	Armv8-A	FEAT_CMPBR	A64/control/compbranch_regs/CBGE_32_regs
4541	A64	Armv8-A	FEAT_CMPBR	A64/control/compbranch_regs/CBHI_32_regs
4542	A64	Armv8-A	FEAT_CMPBR	A64/control/compbranch_regs/CBHS_32_regs
4543	A64	Armv8-A	FEAT_CMPBR	A64/control/compbranch_regs/CBEQ_32_regs
4544	A64	Armv8-A	FEAT_CMPBR	A64/control/compbranch_regs/CBNE_32_regs
4545	A64	Armv8-A	FEAT_CMPBR	A64/control/compbranch_regs/CBGT_64_regs
4546	A64	Armv8-A	FEAT_CMPBR	A64/control/compbranch_regs/CBGE_64_regs
4547	A64	Armv8-A	FEAT_CMPBR	A64/control/compbranch_regs/CBHI_64_regs
4548	A64	Armv8-A	FEAT_CMPBR	A64/control/compbranch_regs/CBHS_64_regs
4549	A64	Armv8-A	FEAT_CMPBR	A64/control/compbranch_regs/CBEQ_64_regs
4550	A64	Armv8-A	FEAT_CMPBR	A64/control/compbranch_regs/CBNE_64_regs
4551	A64	Armv8-A	FEAT_CMPBR	A64/control/compbranch_imm/CBGT_32_imm
4552	A64	Armv8-A	FEAT_CMPBR	A64/control/compbranch_imm/CBLT_32_imm
4553	A64	Armv8-A	FEAT_CMPBR	A64/control/compbranch_imm/CBHI_32_imm
4554	A64	Armv8-A	FEAT_CMPBR	A64/control/compbranch_imm/CBLO_32_imm
4555	A64	Armv8-A	FEAT_CMPBR	A64/control/compbranch_imm/CBEQ_32_imm
4556	A64	Armv8-A	FEAT_CMPBR	A64/control/compbranch_imm/CBNE_32_imm
4557	A64	Armv8-A	FEAT_CMPBR	A64/control/compbranch_imm/CBGT_64_imm
4558	A64	Armv8-A	FEAT_CMPBR	A64/control/compbranch_imm/CBLT_64_imm
4559	A64	Armv8-A	FEAT_CMPBR	A64/control/compbranch_imm/CBHI_64_imm
4560	A64	Armv8-A	FEAT_CMPBR	A64/control/compbranch_imm/CBLO_64_imm
4561	A64	Armv8-A	FEAT_CMPBR	A64/control/compbranch_imm/CBEQ_64_imm
4562	A64	Armv8-A	FEAT_CMPBR	A64/control/compbranch_imm/CBNE_64_imm
4563	A64	Armv8-A		A64/control/testbranch/TBZ_only_testbranch
4564	A64	Armv8-A		A64/control/testbranch/TBNZ_only_testbranch
4565	A64	Armv8-A	FEAT_LSE	A64/ldst/comswappr/CASP_CP32_comswappr
4566	A64	Armv8-A	FEAT_LSE	A64/ldst/comswappr/CASPL_CP32_comswappr
4567	A64	Armv8-A	FEAT_LSE	A64/ldst/comswappr/CASPA_CP32_comswappr
4568	A64	Armv8-A	FEAT_LSE	A64/ldst/comswappr/CASPAL_CP32_comswappr
4569	A64	Armv8-A	FEAT_LSE	A64/ldst/comswappr/CASP_CP64_comswappr
4570	A64	Armv8-A	FEAT_LSE	A64/ldst/comswappr/CASPL_CP64_comswappr
4571	A64	Armv8-A	FEAT_LSE	A64/ldst/comswappr/CASPA_CP64_comswappr
4572	A64	Armv8-A	FEAT_LSE	A64/ldst/comswappr/CASPAL_CP64_comswappr
4573	A64	Armv8-A	FEAT_AdvSIMD	A64/ldst/asisdlse/ST4_asisdlse_R4
4574	A64	Armv8-A	FEAT_AdvSIMD	A64/ldst/asisdlse/ST1_asisdlse_R4_4v
4575	A64	Armv8-A	FEAT_AdvSIMD	A64/ldst/asisdlse/ST3_asisdlse_R3
4576	A64	Armv8-A	FEAT_AdvSIMD	A64/ldst/asisdlse/ST1_asisdlse_R3_3v
4577	A64	Armv8-A	FEAT_AdvSIMD	A64/ldst/asisdlse/ST1_asisdlse_R1_1v
4578	A64	Armv8-A	FEAT_AdvSIMD	A64/ldst/asisdlse/ST2_asisdlse_R2
4579	A64	Armv8-A	FEAT_AdvSIMD	A64/ldst/asisdlse/ST1_asisdlse_R2_2v
4580	A64	Armv8-A	FEAT_AdvSIMD	A64/ldst/asisdlse/LD4_asisdlse_R4
4581	A64	Armv8-A	FEAT_AdvSIMD	A64/ldst/asisdlse/LD1_asisdlse_R4_4v
4582	A64	Armv8-A	FEAT_AdvSIMD	A64/ldst/asisdlse/LD3_asisdlse_R3
4583	A64	Armv8-A	FEAT_AdvSIMD	A64/ldst/asisdlse/LD1_asisdlse_R3_3v
4584	A64	Armv8-A	FEAT_AdvSIMD	A64/ldst/asisdlse/LD1_asisdlse_R1_1v
4585	A64	Armv8-A	FEAT_AdvSIMD	A64/ldst/asisdlse/LD2_asisdlse_R2
4586	A64	Armv8-A	FEAT_AdvSIMD	A64/ldst/asisdlse/LD1_asisdlse_R2_2v
4587	A64	Armv8-A	FEAT_AdvSIMD	A64/ldst/asisdlsep/ST4_asisdlsep_R4_r
4588	A64	Armv8-A	FEAT_AdvSIMD	A64/ldst/asisdlsep/ST1_asisdlsep_R4_r4
4589	A64	Armv8-A	FEAT_AdvSIMD	A64/ldst/asisdlsep/ST3_asisdlsep_R3_r
4590	A64	Armv8-A	FEAT_AdvSIMD	A64/ldst/asisdlsep/ST1_asisdlsep_R3_r3
4591	A64	Armv8-A	FEAT_AdvSIMD	A64/ldst/asisdlsep/ST1_asisdlsep_R1_r1
4592	A64	Armv8-A	FEAT_AdvSIMD	A64/ldst/asisdlsep/ST2_asisdlsep_R2_r
4593	A64	Armv8-A	FEAT_AdvSIMD	A64/ldst/asisdlsep/ST1_asisdlsep_R2_r2
4594	A64	Armv8-A	FEAT_AdvSIMD	A64/ldst/asisdlsep/ST4_asisdlsep_I4_i
4595	A64	Armv8-A	FEAT_AdvSIMD	A64/ldst/asisdlsep/ST1_asisdlsep_I4_i4
4596	A64	Armv8-A	FEAT_AdvSIMD	A64/ldst/asisdlsep/ST3_asisdlsep_I3_i
4597	A64	Armv8-A	FEAT_AdvSIMD	A64/ldst/asisdlsep/ST1_asisdlsep_I3_i3
4598	A64	Armv8-A	FEAT_AdvSIMD	A64/ldst/asisdlsep/ST1_asisdlsep_I1_i1
4599	A64	Armv8-A	FEAT_AdvSIMD	A64/ldst/asisdlsep/ST2_asisdlsep_I2_i
4600	A64	Armv8-A	FEAT_AdvSIMD	A64/ldst/asisdlsep/ST1_asisdlsep_I2_i2
4601	A64	Armv8-A	FEAT_AdvSIMD	A64/ldst/asisdlsep/LD4_asisdlsep_R4_r
4602	A64	Armv8-A	FEAT_AdvSIMD	A64/ldst/asisdlsep/LD1_asisdlsep_R4_r4
4603	A64	Armv8-A	FEAT_AdvSIMD	A64/ldst/asisdlsep/LD3_asisdlsep_R3_r
4604	A64	Armv8-A	FEAT_AdvSIMD	A64/ldst/asisdlsep/LD1_asisdlsep_R3_r3
4605	A64	Armv8-A	FEAT_AdvSIMD	A64/ldst/asisdlsep/LD1_asisdlsep_R1_r1
4606	A64	Armv8-A	FEAT_AdvSIMD	A64/ldst/asisdlsep/LD2_asisdlsep_R2_r
4607	A64	Armv8-A	FEAT_AdvSIMD	A64/ldst/asisdlsep/LD1_asisdlsep_R2_r2
4608	A64	Armv8-A	FEAT_AdvSIMD	A64/ldst/asisdlsep/LD4_asisdlsep_I4_i
4609	A64	Armv8-A	FEAT_AdvSIMD	A64/ldst/asisdlsep/LD1_asisdlsep_I4_i4
4610	A64	Armv8-A	FEAT_AdvSIMD	A64/ldst/asisdlsep/LD3_asisdlsep_I3_i
4611	A64	Armv8-A	FEAT_AdvSIMD	A64/ldst/asisdlsep/LD1_asisdlsep_I3_i3
4612	A64	Armv8-A	FEAT_AdvSIMD	A64/ldst/asisdlsep/LD1_asisdlsep_I1_i1
4613	A64	Armv8-A	FEAT_AdvSIMD	A64/ldst/asisdlsep/LD2_asisdlsep_I2_i
4614	A64	Armv8-A	FEAT_AdvSIMD	A64/ldst/asisdlsep/LD1_asisdlsep_I2_i2
4615	A64	Armv8-A	FEAT_AdvSIMD	A64/ldst/asisdlso/ST1_asisdlso_B1_1b
4616	A64	Armv8-A	FEAT_AdvSIMD	A64/ldst/asisdlso/ST3_asisdlso_B3_3b
4617	A64	Armv8-A	FEAT_AdvSIMD	A64/ldst/asisdlso/ST1_asisdlso_H1_1h
4618	A64	Armv8-A	FEAT_AdvSIMD	A64/ldst/asisdlso/ST3_asisdlso_H3_3h
4619	A64	Armv8-A	FEAT_AdvSIMD	A64/ldst/asisdlso/ST1_asisdlso_S1_1s
4620	A64	Armv8-A	FEAT_AdvSIMD	A64/ldst/asisdlso/ST1_asisdlso_D1_1d
4621	A64	Armv8-A	FEAT_AdvSIMD	A64/ldst/asisdlso/ST3_asisdlso_S3_3s
4622	A64	Armv8-A	FEAT_AdvSIMD	A64/ldst/asisdlso/ST3_asisdlso_D3_3d
4623	A64	Armv8-A	FEAT_AdvSIMD,FEAT_LRCPC3	A64/ldst/asisdlso/STL1_asisdlso_D1
4624	A64	Armv8-A	FEAT_AdvSIMD	A64/ldst/asisdlso/ST2_asisdlso_B2_2b
4625	A64	Armv8-A	FEAT_AdvSIMD	A64/ldst/asisdlso/ST4_asisdlso_B4_4b
4626	A64	Armv8-A	FEAT_AdvSIMD	A64/ldst/asisdlso/ST2_asisdlso_H2_2h
4627	A64	Armv8-A	FEAT_AdvSIMD	A64/ldst/asisdlso/ST4_asisdlso_H4_4h
4628	A64	Armv8-A	FEAT_AdvSIMD	A64/ldst/asisdlso/ST2_asisdlso_S2_2s
4629	A64	Armv8-A	FEAT_AdvSIMD	A64/ldst/asisdlso/ST2_asisdlso_D2_2d
4630	A64	Armv8-A	FEAT_AdvSIMD	A64/ldst/asisdlso/ST4_asisdlso_S4_4s
4631	A64	Armv8-A	FEAT_AdvSIMD	A64/ldst/asisdlso/ST4_asisdlso_D4_4d
4632	A64	Armv8-A	FEAT_AdvSIMD	A64/ldst/asisdlso/LD1_asisdlso_B1_1b
4633	A64	Armv8-A	FEAT_AdvSIMD	A64/ldst/asisdlso/LD3_asisdlso_B3_3b
4634	A64	Armv8-A	FEAT_AdvSIMD	A64/ldst/asisdlso/LD1_asisdlso_H1_1h
4635	A64	Armv8-A	FEAT_AdvSIMD	A64/ldst/asisdlso/LD3_asisdlso_H3_3h
4636	A64	Armv8-A	FEAT_AdvSIMD	A64/ldst/asisdlso/LD1_asisdlso_S1_1s
4637	A64	Armv8-A	FEAT_AdvSIMD	A64/ldst/asisdlso/LD1_asisdlso_D1_1d
4638	A64	Armv8-A	FEAT_AdvSIMD	A64/ldst/asisdlso/LD3_asisdlso_S3_3s
4639	A64	Armv8-A	FEAT_AdvSIMD	A64/ldst/asisdlso/LD3_asisdlso_D3_3d
4640	A64	Armv8-A	FEAT_AdvSIMD	A64/ldst/asisdlso/LD1R_asisdlso_R1
4641	A64	Armv8-A	FEAT_AdvSIMD	A64/ldst/asisdlso/LD3R_asisdlso_R3
4642	A64	Armv8-A	FEAT_AdvSIMD,FEAT_LRCPC3	A64/ldst/asisdlso/LDAP1_asisdlso_D1
4643	A64	Armv8-A	FEAT_AdvSIMD	A64/ldst/asisdlso/LD2_asisdlso_B2_2b
4644	A64	Armv8-A	FEAT_AdvSIMD	A64/ldst/asisdlso/LD4_asisdlso_B4_4b
4645	A64	Armv8-A	FEAT_AdvSIMD	A64/ldst/asisdlso/LD2_asisdlso_H2_2h
4646	A64	Armv8-A	FEAT_AdvSIMD	A64/ldst/asisdlso/LD4_asisdlso_H4_4h
4647	A64	Armv8-A	FEAT_AdvSIMD	A64/ldst/asisdlso/LD2_asisdlso_S2_2s
4648	A64	Armv8-A	FEAT_AdvSIMD	A64/ldst/asisdlso/LD2_asisdlso_D2_2d
4649	A64	Armv8-A	FEAT_AdvSIMD	A64/ldst/asisdlso/LD4_asisdlso_S4_4s
4650	A64	Armv8-A	FEAT_AdvSIMD	A64/ldst/asisdlso/LD4_asisdlso_D4_4d
4651	A64	Armv8-A	FEAT_AdvSIMD	A64/ldst/asisdlso/LD2R_asisdlso_R2
4652	A64	Armv8-A	FEAT_AdvSIMD	A64/ldst/asisdlso/LD4R_asisdlso_R4
4653	A64	Armv8-A	FEAT_AdvSIMD	A64/ldst/asisdlsop/ST1_asisdlsop_BX1_r1b
4654	A64	Armv8-A	FEAT_AdvSIMD	A64/ldst/asisdlsop/ST3_asisdlsop_BX3_r3b
4655	A64	Armv8-A	FEAT_AdvSIMD	A64/ldst/asisdlsop/ST1_asisdlsop_HX1_r1h
4656	A64	Armv8-A	FEAT_AdvSIMD	A64/ldst/asisdlsop/ST3_asisdlsop_HX3_r3h
4657	A64	Armv8-A	FEAT_AdvSIMD	A64/ldst/asisdlsop/ST1_asisdlsop_SX1_r1s
4658	A64	Armv8-A	FEAT_AdvSIMD	A64/ldst/asisdlsop/ST1_asisdlsop_DX1_r1d
4659	A64	Armv8-A	FEAT_AdvSIMD	A64/ldst/asisdlsop/ST3_asisdlsop_SX3_r3s
4660	A64	Armv8-A	FEAT_AdvSIMD	A64/ldst/asisdlsop/ST3_asisdlsop_DX3_r3d
4661	A64	Armv8-A	FEAT_AdvSIMD	A64/ldst/asisdlsop/ST1_asisdlsop_B1_i1b
4662	A64	Armv8-A	FEAT_AdvSIMD	A64/ldst/asisdlsop/ST3_asisdlsop_B3_i3b
4663	A64	Armv8-A	FEAT_AdvSIMD	A64/ldst/asisdlsop/ST1_asisdlsop_H1_i1h
4664	A64	Armv8-A	FEAT_AdvSIMD	A64/ldst/asisdlsop/ST3_asisdlsop_H3_i3h
4665	A64	Armv8-A	FEAT_AdvSIMD	A64/ldst/asisdlsop/ST1_asisdlsop_S1_i1s
4666	A64	Armv8-A	FEAT_AdvSIMD	A64/ldst/asisdlsop/ST1_asisdlsop_D1_i1d
4667	A64	Armv8-A	FEAT_AdvSIMD	A64/ldst/asisdlsop/ST3_asisdlsop_S3_i3s
4668	A64	Armv8-A	FEAT_AdvSIMD	A64/ldst/asisdlsop/ST3_asisdlsop_D3_i3d
4669	A64	Armv8-A	FEAT_AdvSIMD	A64/ldst/asisdlsop/ST2_asisdlsop_BX2_r2b
4670	A64	Armv8-A	FEAT_AdvSIMD	A64/ldst/asisdlsop/ST4_asisdlsop_BX4_r4b
4671	A64	Armv8-A	FEAT_AdvSIMD	A64/ldst/asisdlsop/ST2_asisdlsop_HX2_r2h
4672	A64	Armv8-A	FEAT_AdvSIMD	A64/ldst/asisdlsop/ST4_asisdlsop_HX4_r4h
4673	A64	Armv8-A	FEAT_AdvSIMD	A64/ldst/asisdlsop/ST2_asisdlsop_SX2_r2s
4674	A64	Armv8-A	FEAT_AdvSIMD	A64/ldst/asisdlsop/ST2_asisdlsop_DX2_r2d
4675	A64	Armv8-A	FEAT_AdvSIMD	A64/ldst/asisdlsop/ST4_asisdlsop_SX4_r4s
4676	A64	Armv8-A	FEAT_AdvSIMD	A64/ldst/asisdlsop/ST4_asisdlsop_DX4_r4d
4677	A64	Armv8-A	FEAT_AdvSIMD	A64/ldst/asisdlsop/ST2_asisdlsop_B2_i2b
4678	A64	Armv8-A	FEAT_AdvSIMD	A64/ldst/asisdlsop/ST4_asisdlsop_B4_i4b
4679	A64	Armv8-A	FEAT_AdvSIMD	A64/ldst/asisdlsop/ST2_asisdlsop_H2_i2h
4680	A64	Armv8-A	FEAT_AdvSIMD	A64/ldst/asisdlsop/ST4_asisdlsop_H4_i4h
4681	A64	Armv8-A	FEAT_AdvSIMD	A64/ldst/asisdlsop/ST2_asisdlsop_S2_i2s
4682	A64	Armv8-A	FEAT_AdvSIMD	A64/ldst/asisdlsop/ST2_asisdlsop_D2_i2d
4683	A64	Armv8-A	FEAT_AdvSIMD	A64/ldst/asisdlsop/ST4_asisdlsop_S4_i4s
4684	A64	Armv8-A	FEAT_AdvSIMD	A64/ldst/asisdlsop/ST4_asisdlsop_D4_i4d
4685	A64	Armv8-A	FEAT_AdvSIMD	A64/ldst/asisdlsop/LD1_asisdlsop_BX1_r1b
4686	A64	Armv8-A	FEAT_AdvSIMD	A64/ldst/asisdlsop/LD3_asisdlsop_BX3_r3b
4687	A64	Armv8-A	FEAT_AdvSIMD	A64/ldst/asisdlsop/LD1_asisdlsop_HX1_r1h
4688	A64	Armv8-A	FEAT_AdvSIMD	A64/ldst/asisdlsop/LD3_asisdlsop_HX3_r3h
4689	A64	Armv8-A	FEAT_AdvSIMD	A64/ldst/asisdlsop/LD1_asisdlsop_SX1_r1s
4690	A64	Armv8-A	FEAT_AdvSIMD	A64/ldst/asisdlsop/LD1_asisdlsop_DX1_r1d
4691	A64	Armv8-A	FEAT_AdvSIMD	A64/ldst/asisdlsop/LD3_asisdlsop_SX3_r3s
4692	A64	Armv8-A	FEAT_AdvSIMD	A64/ldst/asisdlsop/LD3_asisdlsop_DX3_r3d
4693	A64	Armv8-A	FEAT_AdvSIMD	A64/ldst/asisdlsop/LD1R_asisdlsop_RX1_r
4694	A64	Armv8-A	FEAT_AdvSIMD	A64/ldst/asisdlsop/LD3R_asisdlsop_RX3_r
4695	A64	Armv8-A	FEAT_AdvSIMD	A64/ldst/asisdlsop/LD1_asisdlsop_B1_i1b
4696	A64	Armv8-A	FEAT_AdvSIMD	A64/ldst/asisdlsop/LD3_asisdlsop_B3_i3b
4697	A64	Armv8-A	FEAT_AdvSIMD	A64/ldst/asisdlsop/LD1_asisdlsop_H1_i1h
4698	A64	Armv8-A	FEAT_AdvSIMD	A64/ldst/asisdlsop/LD3_asisdlsop_H3_i3h
4699	A64	Armv8-A	FEAT_AdvSIMD	A64/ldst/asisdlsop/LD1_asisdlsop_S1_i1s
4700	A64	Armv8-A	FEAT_AdvSIMD	A64/ldst/asisdlsop/LD1_asisdlsop_D1_i1d
4701	A64	Armv8-A	FEAT_AdvSIMD	A64/ldst/asisdlsop/LD3_asisdlsop_S3_i3s
4702	A64	Armv8-A	FEAT_AdvSIMD	A64/ldst/asisdlsop/LD3_asisdlsop_D3_i3d
4703	A64	Armv8-A	FEAT_AdvSIMD	A64/ldst/asisdlsop/LD1R_asisdlsop_R1_i
4704	A64	Armv8-A	FEAT_AdvSIMD	A64/ldst/asisdlsop/LD3R_asisdlsop_R3_i
4705	A64	Armv8-A	FEAT_AdvSIMD	A64/ldst/asisdlsop/LD2_asisdlsop_BX2_r2b
4706	A64	Armv8-A	FEAT_AdvSIMD	A64/ldst/asisdlsop/LD4_asisdlsop_BX4_r4b
4707	A64	Armv8-A	FEAT_AdvSIMD	A64/ldst/asisdlsop/LD2_asisdlsop_HX2_r2h
4708	A64	Armv8-A	FEAT_AdvSIMD	A64/ldst/asisdlsop/LD4_asisdlsop_HX4_r4h
4709	A64	Armv8-A	FEAT_AdvSIMD	A64/ldst/asisdlsop/LD2_asisdlsop_SX2_r2s
4710	A64	Armv8-A	FEAT_AdvSIMD	A64/ldst/asisdlsop/LD2_asisdlsop_DX2_r2d
4711	A64	Armv8-A	FEAT_AdvSIMD	A64/ldst/asisdlsop/LD4_asisdlsop_SX4_r4s
4712	A64	Armv8-A	FEAT_AdvSIMD	A64/ldst/asisdlsop/LD4_asisdlsop_DX4_r4d
4713	A64	Armv8-A	FEAT_AdvSIMD	A64/ldst/asisdlsop/LD2R_asisdlsop_RX2_r
4714	A64	Armv8-A	FEAT_AdvSIMD	A64/ldst/asisdlsop/LD4R_asisdlsop_RX4_r
4715	A64	Armv8-A	FEAT_AdvSIMD	A64/ldst/asisdlsop/LD2_asisdlsop_B2_i2b
4716	A64	Armv8-A	FEAT_AdvSIMD	A64/ldst/asisdlsop/LD4_asisdlsop_B4_i4b
4717	A64	Armv8-A	FEAT_AdvSIMD	A64/ldst/asisdlsop/LD2_asisdlsop_H2_i2h
4718	A64	Armv8-A	FEAT_AdvSIMD	A64/ldst/asisdlsop/LD4_asisdlsop_H4_i4h
4719	A64	Armv8-A	FEAT_AdvSIMD	A64/ldst/asisdlsop/LD2_asisdlsop_S2_i2s
4720	A64	Armv8-A	FEAT_AdvSIMD	A64/ldst/asisdlsop/LD2_asisdlsop_D2_i2d
4721	A64	Armv8-A	FEAT_AdvSIMD	A64/ldst/asisdlsop/LD4_asisdlsop_S4_i4s
4722	A64	Armv8-A	FEAT_AdvSIMD	A64/ldst/asisdlsop/LD4_asisdlsop_D4_i4d
4723	A64	Armv8-A	FEAT_AdvSIMD	A64/ldst/asisdlsop/LD2R_asisdlsop_R2_i
4724	A64	Armv8-A	FEAT_AdvSIMD	A64/ldst/asisdlsop/LD4R_asisdlsop_R4_i
4725	A64	Armv8-A	FEAT_THE	A64/ldst/rcwcomswap/RCWCAS_C64_rcwcomswap
4726	A64	Armv8-A	FEAT_THE	A64/ldst/rcwcomswap/RCWCASL_C64_rcwcomswap
4727	A64	Armv8-A	FEAT_THE	A64/ldst/rcwcomswap/RCWCASA_C64_rcwcomswap
4728	A64	Armv8-A	FEAT_THE	A64/ldst/rcwcomswap/RCWCASAL_C64_rcwcomswap
4729	A64	Armv8-A	FEAT_THE	A64/ldst/rcwcomswap/RCWSCAS_C64_rcwcomswap
4730	A64	Armv8-A	FEAT_THE	A64/ldst/rcwcomswap/RCWSCASL_C64_rcwcomswap
4731	A64	Armv8-A	FEAT_THE	A64/ldst/rcwcomswap/RCWSCASA_C64_rcwcomswap
4732	A64	Armv8-A	FEAT_THE	A64/ldst/rcwcomswap/RCWSCASAL_C64_rcwcomswap
4733	A64	Armv8-A	FEAT_D128,FEAT_THE	A64/ldst/rcwcomswappr/RCWCASP_C64_rcwcomswappr
4734	A64	Armv8-A	FEAT_D128,FEAT_THE	A64/ldst/rcwcomswappr/RCWCASPL_C64_rcwcomswappr
4735	A64	Armv8-A	FEAT_D128,FEAT_THE	A64/ldst/rcwcomswappr/RCWCASPA_C64_rcwcomswappr
4736	A64	Armv8-A	FEAT_D128,FEAT_THE	A64/ldst/rcwcomswappr/RCWCASPAL_C64_rcwcomswappr
4737	A64	Armv8-A	FEAT_D128,FEAT_THE	A64/ldst/rcwcomswappr/RCWSCASP_C64_rcwcomswappr
4738	A64	Armv8-A	FEAT_D128,FEAT_THE	A64/ldst/rcwcomswappr/RCWSCASPL_C64_rcwcomswappr
4739	A64	Armv8-A	FEAT_D128,FEAT_THE	A64/ldst/rcwcomswappr/RCWSCASPA_C64_rcwcomswappr
4740	A64	Armv8-A	FEAT_D128,FEAT_THE	A64/ldst/rcwcomswappr/RCWSCASPAL_C64_rcwcomswappr
4741	A64	Armv8-A	FEAT_LSE128	A64/ldst/memop_128/LDCLRP_128_memop_128
4742	A64	Armv8-A	FEAT_LSE128	A64/ldst/memop_128/LDSETP_128_memop_128
4743	A64	Armv8-A	FEAT_LSE128	A64/ldst/memop_128/SWPP_128_memop_128
4744	A64	Armv8-A	FEAT_D128,FEAT_THE	A64/ldst/memop_128/RCWCLRP_128_memop_128
4745	A64	Armv8-A	FEAT_D128,FEAT_THE	A64/ldst/memop_128/RCWSWPP_128_memop_128
4746	A64	Armv8-A	FEAT_D128,FEAT_THE	A64/ldst/memop_128/RCWSETP_128_memop_128
4747	A64	Armv8-A	FEAT_LSE128	A64/ldst/memop_128/LDCLRPL_128_memop_128
4748	A64	Armv8-A	FEAT_LSE128	A64/ldst/memop_128/LDSETPL_128_memop_128
4749	A64	Armv8-A	FEAT_LSE128	A64/ldst/memop_128/SWPPL_128_memop_128
4750	A64	Armv8-A	FEAT_D128,FEAT_THE	A64/ldst/memop_128/RCWCLRPL_128_memop_128
4751	A64	Armv8-A	FEAT_D128,FEAT_THE	A64/ldst/memop_128/RCWSWPPL_128_memop_128
4752	A64	Armv8-A	FEAT_D128,FEAT_THE	A64/ldst/memop_128/RCWSETPL_128_memop_128
4753	A64	Armv8-A	FEAT_LSE128	A64/ldst/memop_128/LDCLRPA_128_memop_128
4754	A64	Armv8-A	FEAT_LSE128	A64/ldst/memop_128/LDSETPA_128_memop_128
4755	A64	Armv8-A	FEAT_LSE128	A64/ldst/memop_128/SWPPA_128_memop_128
4756	A64	Armv8-A	FEAT_D128,FEAT_THE	A64/ldst/memop_128/RCWCLRPA_128_memop_128
4757	A64	Armv8-A	FEAT_D128,FEAT_THE	A64/ldst/memop_128/RCWSWPPA_128_memop_128
4758	A64	Armv8-A	FEAT_D128,FEAT_THE	A64/ldst/memop_128/RCWSETPA_128_memop_128
4759	A64	Armv8-A	FEAT_LSE128	A64/ldst/memop_128/LDCLRPAL_128_memop_128
4760	A64	Armv8-A	FEAT_LSE128	A64/ldst/memop_128/LDSETPAL_128_memop_128
4761	A64	Armv8-A	FEAT_LSE128	A64/ldst/memop_128/SWPPAL_128_memop_128
4762	A64	Armv8-A	FEAT_D128,FEAT_THE	A64/ldst/memop_128/RCWCLRPAL_128_memop_128
4763	A64	Armv8-A	FEAT_D128,FEAT_THE	A64/ldst/memop_128/RCWSWPPAL_128_memop_128
4764	A64	Armv8-A	FEAT_D128,FEAT_THE	A64/ldst/memop_128/RCWSETPAL_128_memop_128
4765	A64	Armv8-A	FEAT_D128,FEAT_THE	A64/ldst/memop_128/RCWSCLRP_128_memop_128
4766	A64	Armv8-A	FEAT_D128,FEAT_THE	A64/ldst/memop_128/RCWSSWPP_128_memop_128
4767	A64	Armv8-A	FEAT_D128,FEAT_THE	A64/ldst/memop_128/RCWSSETP_128_memop_128
4768	A64	Armv8-A	FEAT_D128,FEAT_THE	A64/ldst/memop_128/RCWSCLRPL_128_memop_128
4769	A64	Armv8-A	FEAT_D128,FEAT_THE	A64/ldst/memop_128/RCWSSWPPL_128_memop_128
4770	A64	Armv8-A	FEAT_D128,FEAT_THE	A64/ldst/memop_128/RCWSSETPL_128_memop_128
4771	A64	Armv8-A	FEAT_D128,FEAT_THE	A64/ldst/memop_128/RCWSCLRPA_128_memop_128
4772	A64	Armv8-A	FEAT_D128,FEAT_THE	A64/ldst/memop_128/RCWSSWPPA_128_memop_128
4773	A64	Armv8-A	FEAT_D128,FEAT_THE	A64/ldst/memop_128/RCWSSETPA_128_memop_128
4774	A64	Armv8-A	FEAT_D128,FEAT_THE	A64/ldst/memop_128/RCWSCLRPAL_128_memop_128
4775	A64	Armv8-A	FEAT_D128,FEAT_THE	A64/ldst/memop_128/RCWSSWPPAL_128_memop_128
4776	A64	Armv8-A	FEAT_D128,FEAT_THE	A64/ldst/memop_128/RCWSSETPAL_128_memop_128
4777	A64	Armv8-A	FEAT_LSUI	A64/ldst/comswappr_unpriv/CASPT_CP64_comswappr_unpriv
4778	A64	Armv8-A	FEAT_LSUI	A64/ldst/comswappr_unpriv/CASPLT_CP64_comswappr_unpriv
4779	A64	Armv8-A	FEAT_LSUI	A64/ldst/comswappr_unpriv/CASPAT_CP64_comswappr_unpriv
4780	A64	Armv8-A	FEAT_LSUI	A64/ldst/comswappr_unpriv/CASPALT_CP64_comswappr_unpriv
4781	A64	Armv8-A	FEAT_LSUI	A64/ldst/comswap_unpriv/CAST_C64_comswap_unpriv
4782	A64	Armv8-A	FEAT_LSUI	A64/ldst/comswap_unpriv/CASLT_C64_comswap_unpriv
4783	A64	Armv8-A	FEAT_LSUI	A64/ldst/comswap_unpriv/CASAT_C64_comswap_unpriv
4784	A64	Armv8-A	FEAT_LSUI	A64/ldst/comswap_unpriv/CASALT_C64_comswap_unpriv
4785	A64	Armv8-A	FEAT_GCS	A64/ldst/ldst_gcs/GCSSTR_64_ldst_gcs
4786	A64	Armv8-A	FEAT_GCS	A64/ldst/ldst_gcs/GCSSTTR_64_ldst_gcs
4787	A64	Armv8-A	FEAT_MTE	A64/ldst/ldsttags/STG_64Spost_ldsttags
4788	A64	Armv8-A	FEAT_MTE	A64/ldst/ldsttags/STG_64Soffset_ldsttags
4789	A64	Armv8-A	FEAT_MTE	A64/ldst/ldsttags/STG_64Spre_ldsttags
4790	A64	Armv8-A	FEAT_MTE2	A64/ldst/ldsttags/STZGM_64bulk_ldsttags
4791	A64	Armv8-A	FEAT_MTE	A64/ldst/ldsttags/LDG_64Loffset_ldsttags
4792	A64	Armv8-A	FEAT_MTE	A64/ldst/ldsttags/STZG_64Spost_ldsttags
4793	A64	Armv8-A	FEAT_MTE	A64/ldst/ldsttags/STZG_64Soffset_ldsttags
4794	A64	Armv8-A	FEAT_MTE	A64/ldst/ldsttags/STZG_64Spre_ldsttags
4795	A64	Armv8-A	FEAT_MTE	A64/ldst/ldsttags/ST2G_64Spost_ldsttags
4796	A64	Armv8-A	FEAT_MTE	A64/ldst/ldsttags/ST2G_64Soffset_ldsttags
4797	A64	Armv8-A	FEAT_MTE	A64/ldst/ldsttags/ST2G_64Spre_ldsttags
4798	A64	Armv8-A	FEAT_MTE2	A64/ldst/ldsttags/STGM_64bulk_ldsttags
4799	A64	Armv8-A	FEAT_MTE	A64/ldst/ldsttags/STZ2G_64Spost_ldsttags
4800	A64	Armv8-A	FEAT_MTE	A64/ldst/ldsttags/STZ2G_64Soffset_ldsttags
4801	A64	Armv8-A	FEAT_MTE	A64/ldst/ldsttags/STZ2G_64Spre_ldsttags
4802	A64	Armv8-A	FEAT_MTE2	A64/ldst/ldsttags/LDGM_64bulk_ldsttags
4803	A64	Armv8-A		A64/ldst/ldstexclp/STXP_SP32_ldstexclp
4804	A64	Armv8-A		A64/ldst/ldstexclp/STLXP_SP32_ldstexclp
4805	A64	Armv8-A		A64/ldst/ldstexclp/LDXP_LP32_ldstexclp
4806	A64	Armv8-A		A64/ldst/ldstexclp/LDAXP_LP32_ldstexclp
4807	A64	Armv8-A		A64/ldst/ldstexclp/STXP_SP64_ldstexclp
4808	A64	Armv8-A		A64/ldst/ldstexclp/STLXP_SP64_ldstexclp
4809	A64	Armv8-A		A64/ldst/ldstexclp/LDXP_LP64_ldstexclp
4810	A64	Armv8-A		A64/ldst/ldstexclp/LDAXP_LP64_ldstexclp
4811	A64	Armv8-A	FEAT_LSUI	A64/ldst/ldstexclr_unpriv/STTXR_SR32_ldstexclr_unpriv
4812	A64	Armv8-A	FEAT_LSUI	A64/ldst/ldstexclr_unpriv/STLTXR_SR32_ldstexclr_unpriv
4813	A64	Armv8-A	FEAT_LSUI	A64/ldst/ldstexclr_unpriv/LDTXR_LR32_ldstexclr_unpriv
4814	A64	Armv8-A	FEAT_LSUI	A64/ldst/ldstexclr_unpriv/LDATXR_LR32_ldstexclr_unpriv
4815	A64	Armv8-A	FEAT_LSUI	A64/ldst/ldstexclr_unpriv/STTXR_SR64_ldstexclr_unpriv
4816	A64	Armv8-A	FEAT_LSUI	A64/ldst/ldstexclr_unpriv/STLTXR_SR64_ldstexclr_unpriv
4817	A64	Armv8-A	FEAT_LSUI	A64/ldst/ldstexclr_unpriv/LDTXR_LR64_ldstexclr_unpriv
4818	A64	Armv8-A	FEAT_LSUI	A64/ldst/ldstexclr_unpriv/LDATXR_LR64_ldstexclr_unpriv
4819	A64	Armv8-A		A64/ldst/ldstexclr/STXRB_SR32_ldstexclr
4820	A64	Armv8-A		A64/ldst/ldstexclr/STLXRB_SR32_ldstexclr
4821	A64	Armv8-A		A64/ldst/ldstexclr/LDXRB_LR32_ldstexclr
4822	A64	Armv8-A		A64/ldst/ldstexclr/LDAXRB_LR32_ldstexclr
4823	A64	Armv8-A		A64/ldst/ldstexclr/STXRH_SR32_ldstexclr
4824	A64	Armv8-A		A64/ldst/ldstexclr/STLXRH_SR32_ldstexclr
4825	A64	Armv8-A		A64/ldst/ldstexclr/LDXRH_LR32_ldstexclr
4826	A64	Armv8-A		A64/ldst/ldstexclr/LDAXRH_LR32_ldstexclr
4827	A64	Armv8-A		A64/ldst/ldstexclr/STXR_SR32_ldstexclr
4828	A64	Armv8-A		A64/ldst/ldstexclr/STLXR_SR32_ldstexclr
4829	A64	Armv8-A		A64/ldst/ldstexclr/LDXR_LR32_ldstexclr
4830	A64	Armv8-A		A64/ldst/ldstexclr/LDAXR_LR32_ldstexclr
4831	A64	Armv8-A		A64/ldst/ldstexclr/STXR_SR64_ldstexclr
4832	A64	Armv8-A		A64/ldst/ldstexclr/STLXR_SR64_ldstexclr
4833	A64	Armv8-A		A64/ldst/ldstexclr/LDXR_LR64_ldstexclr
4834	A64	Armv8-A		A64/ldst/ldstexclr/LDAXR_LR64_ldstexclr
4835	A64	Armv8-A	FEAT_LOR	A64/ldst/ldstord/STLLRB_SL32_ldstord
4836	A64	Armv8-A		A64/ldst/ldstord/STLRB_SL32_ldstord
4837	A64	Armv8-A	FEAT_LOR	A64/ldst/ldstord/LDLARB_LR32_ldstord
4838	A64	Armv8-A		A64/ldst/ldstord/LDARB_LR32_ldstord
4839	A64	Armv8-A	FEAT_LOR	A64/ldst/ldstord/STLLRH_SL32_ldstord
4840	A64	Armv8-A		A64/ldst/ldstord/STLRH_SL32_ldstord
4841	A64	Armv8-A	FEAT_LOR	A64/ldst/ldstord/LDLARH_LR32_ldstord
4842	A64	Armv8-A		A64/ldst/ldstord/LDARH_LR32_ldstord
4843	A64	Armv8-A	FEAT_LOR	A64/ldst/ldstord/STLLR_SL32_ldstord
4844	A64	Armv8-A		A64/ldst/ldstord/STLR_SL32_ldstord
4845	A64	Armv8-A	FEAT_LOR	A64/ldst/ldstord/LDLAR_LR32_ldstord
4846	A64	Armv8-A		A64/ldst/ldstord/LDAR_LR32_ldstord
4847	A64	Armv8-A	FEAT_LOR	A64/ldst/ldstord/STLLR_SL64_ldstord
4848	A64	Armv8-A		A64/ldst/ldstord/STLR_SL64_ldstord
4849	A64	Armv8-A	FEAT_LOR	A64/ldst/ldstord/LDLAR_LR64_ldstord
4850	A64	Armv8-A		A64/ldst/ldstord/LDAR_LR64_ldstord
4851	A64	Armv8-A	FEAT_LSE	A64/ldst/comswap/CASB_C32_comswap
4852	A64	Armv8-A	FEAT_LSE	A64/ldst/comswap/CASLB_C32_comswap
4853	A64	Armv8-A	FEAT_LSE	A64/ldst/comswap/CASAB_C32_comswap
4854	A64	Armv8-A	FEAT_LSE	A64/ldst/comswap/CASALB_C32_comswap
4855	A64	Armv8-A	FEAT_LSE	A64/ldst/comswap/CASH_C32_comswap
4856	A64	Armv8-A	FEAT_LSE	A64/ldst/comswap/CASLH_C32_comswap
4857	A64	Armv8-A	FEAT_LSE	A64/ldst/comswap/CASAH_C32_comswap
4858	A64	Armv8-A	FEAT_LSE	A64/ldst/comswap/CASALH_C32_comswap
4859	A64	Armv8-A	FEAT_LSE	A64/ldst/comswap/CAS_C32_comswap
4860	A64	Armv8-A	FEAT_LSE	A64/ldst/comswap/CASL_C32_comswap
4861	A64	Armv8-A	FEAT_LSE	A64/ldst/comswap/CASA_C32_comswap
4862	A64	Armv8-A	FEAT_LSE	A64/ldst/comswap/CASAL_C32_comswap
4863	A64	Armv8-A	FEAT_LSE	A64/ldst/comswap/CAS_C64_comswap
4864	A64	Armv8-A	FEAT_LSE	A64/ldst/comswap/CASL_C64_comswap
4865	A64	Armv8-A	FEAT_LSE	A64/ldst/comswap/CASA_C64_comswap
4866	A64	Armv8-A	FEAT_LSE	A64/ldst/comswap/CASAL_C64_comswap
4867	A64	Armv8-A	FEAT_LRCPC3	A64/ldst/ldiappstilp/STILP_32SE_ldiappstilp
4868	A64	Armv8-A	FEAT_LRCPC3	A64/ldst/ldiappstilp/STILP_32S_ldiappstilp
4869	A64	Armv8-A	FEAT_LRCPC3	A64/ldst/ldiappstilp/LDIAPP_32LE_ldiappstilp
4870	A64	Armv8-A	FEAT_LRCPC3	A64/ldst/ldiappstilp/LDIAPP_32L_ldiappstilp
4871	A64	Armv8-A	FEAT_LRCPC3	A64/ldst/ldiappstilp/STILP_64SS_ldiappstilp
4872	A64	Armv8-A	FEAT_LRCPC3	A64/ldst/ldiappstilp/STILP_64S_ldiappstilp
4873	A64	Armv8-A	FEAT_LSCP	A64/ldst/ldiappstilp/STLP_64_ldiappstilp
4874	A64	Armv8-A	FEAT_LRCPC3	A64/ldst/ldiappstilp/LDIAPP_64LS_ldiappstilp
4875	A64	Armv8-A	FEAT_LRCPC3	A64/ldst/ldiappstilp/LDIAPP_64L_ldiappstilp
4876	A64	Armv8-A	FEAT_LSCP	A64/ldst/ldiappstilp/LDAP_64_ldiappstilp
4877	A64	Armv8-A	FEAT_LSCP	A64/ldst/ldiappstilp/LDAPP_64_ldiappstilp
4878	A64	Armv8-A	FEAT_LRCPC3	A64/ldst/ldapstl_writeback/STLR_32S_ldapstl_writeback
4879	A64	Armv8-A	FEAT_LRCPC3	A64/ldst/ldapstl_writeback/LDAPR_32L_ldapstl_writeback
4880	A64	Armv8-A	FEAT_LRCPC3	A64/ldst/ldapstl_writeback/STLR_64S_ldapstl_writeback
4881	A64	Armv8-A	FEAT_LRCPC3	A64/ldst/ldapstl_writeback/LDAPR_64L_ldapstl_writeback
4882	A64	Armv8-A	FEAT_LRCPC2	A64/ldst/ldapstl_unscaled/STLURB_32_ldapstl_unscaled
4883	A64	Armv8-A	FEAT_LRCPC2	A64/ldst/ldapstl_unscaled/LDAPURB_32_ldapstl_unscaled
4884	A64	Armv8-A	FEAT_LRCPC2	A64/ldst/ldapstl_unscaled/LDAPURSB_64_ldapstl_unscaled
4885	A64	Armv8-A	FEAT_LRCPC2	A64/ldst/ldapstl_unscaled/LDAPURSB_32_ldapstl_unscaled
4886	A64	Armv8-A	FEAT_LRCPC2	A64/ldst/ldapstl_unscaled/STLURH_32_ldapstl_unscaled
4887	A64	Armv8-A	FEAT_LRCPC2	A64/ldst/ldapstl_unscaled/LDAPURH_32_ldapstl_unscaled
4888	A64	Armv8-A	FEAT_LRCPC2	A64/ldst/ldapstl_unscaled/LDAPURSH_64_ldapstl_unscaled
4889	A64	Armv8-A	FEAT_LRCPC2	A64/ldst/ldapstl_unscaled/LDAPURSH_32_ldapstl_unscaled
4890	A64	Armv8-A	FEAT_LRCPC2	A64/ldst/ldapstl_unscaled/STLUR_32_ldapstl_unscaled
4891	A64	Armv8-A	FEAT_LRCPC2	A64/ldst/ldapstl_unscaled/LDAPUR_32_ldapstl_unscaled
4892	A64	Armv8-A	FEAT_LRCPC2	A64/ldst/ldapstl_unscaled/LDAPURSW_64_ldapstl_unscaled
4893	A64	Armv8-A	FEAT_LRCPC2	A64/ldst/ldapstl_unscaled/STLUR_64_ldapstl_unscaled
4894	A64	Armv8-A	FEAT_LRCPC2	A64/ldst/ldapstl_unscaled/LDAPUR_64_ldapstl_unscaled
4895	A64	Armv8-A	FEAT_MOPS_GO,FEAT_MTE	A64/ldst/memset_go/SETGOP_memset_go
4896	A64	Armv8-A	FEAT_MOPS_GO,FEAT_MTE	A64/ldst/memset_go/SETGOPT_memset_go
4897	A64	Armv8-A	FEAT_MOPS_GO,FEAT_MTE	A64/ldst/memset_go/SETGOPN_memset_go
4898	A64	Armv8-A	FEAT_MOPS_GO,FEAT_MTE	A64/ldst/memset_go/SETGOPTN_memset_go
4899	A64	Armv8-A	FEAT_MOPS_GO,FEAT_MTE	A64/ldst/memset_go/SETGOM_memset_go
4900	A64	Armv8-A	FEAT_MOPS_GO,FEAT_MTE	A64/ldst/memset_go/SETGOMT_memset_go
4901	A64	Armv8-A	FEAT_MOPS_GO,FEAT_MTE	A64/ldst/memset_go/SETGOMN_memset_go
4902	A64	Armv8-A	FEAT_MOPS_GO,FEAT_MTE	A64/ldst/memset_go/SETGOMTN_memset_go
4903	A64	Armv8-A	FEAT_MOPS_GO,FEAT_MTE	A64/ldst/memset_go/SETGOE_memset_go
4904	A64	Armv8-A	FEAT_MOPS_GO,FEAT_MTE	A64/ldst/memset_go/SETGOET_memset_go
4905	A64	Armv8-A	FEAT_MOPS_GO,FEAT_MTE	A64/ldst/memset_go/SETGOEN_memset_go
4906	A64	Armv8-A	FEAT_MOPS_GO,FEAT_MTE	A64/ldst/memset_go/SETGOETN_memset_go
4907	A64	Armv8-A	FEAT_FP,FEAT_LRCPC3	A64/ldst/ldapstl_simd/STLUR_B_ldapstl_simd
4908	A64	Armv8-A	FEAT_FP,FEAT_LRCPC3	A64/ldst/ldapstl_simd/LDAPUR_B_ldapstl_simd
4909	A64	Armv8-A	FEAT_FP,FEAT_LRCPC3	A64/ldst/ldapstl_simd/STLUR_Q_ldapstl_simd
4910	A64	Armv8-A	FEAT_FP,FEAT_LRCPC3	A64/ldst/ldapstl_simd/LDAPUR_Q_ldapstl_simd
4911	A64	Armv8-A	FEAT_FP,FEAT_LRCPC3	A64/ldst/ldapstl_simd/STLUR_H_ldapstl_simd
4912	A64	Armv8-A	FEAT_FP,FEAT_LRCPC3	A64/ldst/ldapstl_simd/LDAPUR_H_ldapstl_simd
4913	A64	Armv8-A	FEAT_FP,FEAT_LRCPC3	A64/ldst/ldapstl_simd/STLUR_S_ldapstl_simd
4914	A64	Armv8-A	FEAT_FP,FEAT_LRCPC3	A64/ldst/ldapstl_simd/LDAPUR_S_ldapstl_simd
4915	A64	Armv8-A	FEAT_FP,FEAT_LRCPC3	A64/ldst/ldapstl_simd/STLUR_D_ldapstl_simd
4916	A64	Armv8-A	FEAT_FP,FEAT_LRCPC3	A64/ldst/ldapstl_simd/LDAPUR_D_ldapstl_simd
4917	A64	Armv8-A		A64/ldst/loadlit/LDR_32_loadlit
4918	A64	Armv8-A	FEAT_FP	A64/ldst/loadlit/LDR_S_loadlit
4919	A64	Armv8-A		A64/ldst/loadlit/LDR_64_loadlit
4920	A64	Armv8-A	FEAT_FP	A64/ldst/loadlit/LDR_D_loadlit
4921	A64	Armv8-A		A64/ldst/loadlit/LDRSW_64_loadlit
4922	A64	Armv8-A	FEAT_FP	A64/ldst/loadlit/LDR_Q_loadlit
4923	A64	Armv8-A		A64/ldst/loadlit/PRFM_P_loadlit
4924	A64	Armv8-A	FEAT_MOPS	A64/ldst/memcms/CPYFP_CPY_memcms
4925	A64	Armv8-A	FEAT_MOPS	A64/ldst/memcms/CPYFPWT_CPY_memcms
4926	A64	Armv8-A	FEAT_MOPS	A64/ldst/memcms/CPYFPRT_CPY_memcms
4927	A64	Armv8-A	FEAT_MOPS	A64/ldst/memcms/CPYFPT_CPY_memcms
4928	A64	Armv8-A	FEAT_MOPS	A64/ldst/memcms/CPYFPWN_CPY_memcms
4929	A64	Armv8-A	FEAT_MOPS	A64/ldst/memcms/CPYFPWTWN_CPY_memcms
4930	A64	Armv8-A	FEAT_MOPS	A64/ldst/memcms/CPYFPRTWN_CPY_memcms
4931	A64	Armv8-A	FEAT_MOPS	A64/ldst/memcms/CPYFPTWN_CPY_memcms
4932	A64	Armv8-A	FEAT_MOPS	A64/ldst/memcms/CPYFPRN_CPY_memcms
4933	A64	Armv8-A	FEAT_MOPS	A64/ldst/memcms/CPYFPWTRN_CPY_memcms
4934	A64	Armv8-A	FEAT_MOPS	A64/ldst/memcms/CPYFPRTRN_CPY_memcms
4935	A64	Armv8-A	FEAT_MOPS	A64/ldst/memcms/CPYFPTRN_CPY_memcms
4936	A64	Armv8-A	FEAT_MOPS	A64/ldst/memcms/CPYFPN_CPY_memcms
4937	A64	Armv8-A	FEAT_MOPS	A64/ldst/memcms/CPYFPWTN_CPY_memcms
4938	A64	Armv8-A	FEAT_MOPS	A64/ldst/memcms/CPYFPRTN_CPY_memcms
4939	A64	Armv8-A	FEAT_MOPS	A64/ldst/memcms/CPYFPTN_CPY_memcms
4940	A64	Armv8-A	FEAT_MOPS	A64/ldst/memcms/CPYFM_CPY_memcms
4941	A64	Armv8-A	FEAT_MOPS	A64/ldst/memcms/CPYFMWT_CPY_memcms
4942	A64	Armv8-A	FEAT_MOPS	A64/ldst/memcms/CPYFMRT_CPY_memcms
4943	A64	Armv8-A	FEAT_MOPS	A64/ldst/memcms/CPYFMT_CPY_memcms
4944	A64	Armv8-A	FEAT_MOPS	A64/ldst/memcms/CPYFMWN_CPY_memcms
4945	A64	Armv8-A	FEAT_MOPS	A64/ldst/memcms/CPYFMWTWN_CPY_memcms
4946	A64	Armv8-A	FEAT_MOPS	A64/ldst/memcms/CPYFMRTWN_CPY_memcms
4947	A64	Armv8-A	FEAT_MOPS	A64/ldst/memcms/CPYFMTWN_CPY_memcms
4948	A64	Armv8-A	FEAT_MOPS	A64/ldst/memcms/CPYFMRN_CPY_memcms
4949	A64	Armv8-A	FEAT_MOPS	A64/ldst/memcms/CPYFMWTRN_CPY_memcms
4950	A64	Armv8-A	FEAT_MOPS	A64/ldst/memcms/CPYFMRTRN_CPY_memcms
4951	A64	Armv8-A	FEAT_MOPS	A64/ldst/memcms/CPYFMTRN_CPY_memcms
4952	A64	Armv8-A	FEAT_MOPS	A64/ldst/memcms/CPYFMN_CPY_memcms
4953	A64	Armv8-A	FEAT_MOPS	A64/ldst/memcms/CPYFMWTN_CPY_memcms
4954	A64	Armv8-A	FEAT_MOPS	A64/ldst/memcms/CPYFMRTN_CPY_memcms
4955	A64	Armv8-A	FEAT_MOPS	A64/ldst/memcms/CPYFMTN_CPY_memcms
4956	A64	Armv8-A	FEAT_MOPS	A64/ldst/memcms/CPYFE_CPY_memcms
4957	A64	Armv8-A	FEAT_MOPS	A64/ldst/memcms/CPYFEWT_CPY_memcms
4958	A64	Armv8-A	FEAT_MOPS	A64/ldst/memcms/CPYFERT_CPY_memcms
4959	A64	Armv8-A	FEAT_MOPS	A64/ldst/memcms/CPYFET_CPY_memcms
4960	A64	Armv8-A	FEAT_MOPS	A64/ldst/memcms/CPYFEWN_CPY_memcms
4961	A64	Armv8-A	FEAT_MOPS	A64/ldst/memcms/CPYFEWTWN_CPY_memcms
4962	A64	Armv8-A	FEAT_MOPS	A64/ldst/memcms/CPYFERTWN_CPY_memcms
4963	A64	Armv8-A	FEAT_MOPS	A64/ldst/memcms/CPYFETWN_CPY_memcms
4964	A64	Armv8-A	FEAT_MOPS	A64/ldst/memcms/CPYFERN_CPY_memcms
4965	A64	Armv8-A	FEAT_MOPS	A64/ldst/memcms/CPYFEWTRN_CPY_memcms
4966	A64	Armv8-A	FEAT_MOPS	A64/ldst/memcms/CPYFERTRN_CPY_memcms
4967	A64	Armv8-A	FEAT_MOPS	A64/ldst/memcms/CPYFETRN_CPY_memcms
4968	A64	Armv8-A	FEAT_MOPS	A64/ldst/memcms/CPYFEN_CPY_memcms
4969	A64	Armv8-A	FEAT_MOPS	A64/ldst/memcms/CPYFEWTN_CPY_memcms
4970	A64	Armv8-A	FEAT_MOPS	A64/ldst/memcms/CPYFERTN_CPY_memcms
4971	A64	Armv8-A	FEAT_MOPS	A64/ldst/memcms/CPYFETN_CPY_memcms
4972	A64	Armv8-A	FEAT_MOPS	A64/ldst/memcms/SETP_SET_memcms
4973	A64	Armv8-A	FEAT_MOPS	A64/ldst/memcms/SETPT_SET_memcms
4974	A64	Armv8-A	FEAT_MOPS	A64/ldst/memcms/SETPN_SET_memcms
4975	A64	Armv8-A	FEAT_MOPS	A64/ldst/memcms/SETPTN_SET_memcms
4976	A64	Armv8-A	FEAT_MOPS	A64/ldst/memcms/SETM_SET_memcms
4977	A64	Armv8-A	FEAT_MOPS	A64/ldst/memcms/SETMT_SET_memcms
4978	A64	Armv8-A	FEAT_MOPS	A64/ldst/memcms/SETMN_SET_memcms
4979	A64	Armv8-A	FEAT_MOPS	A64/ldst/memcms/SETMTN_SET_memcms
4980	A64	Armv8-A	FEAT_MOPS	A64/ldst/memcms/SETE_SET_memcms
4981	A64	Armv8-A	FEAT_MOPS	A64/ldst/memcms/SETET_SET_memcms
4982	A64	Armv8-A	FEAT_MOPS	A64/ldst/memcms/SETEN_SET_memcms
4983	A64	Armv8-A	FEAT_MOPS	A64/ldst/memcms/SETETN_SET_memcms
4984	A64	Armv8-A	FEAT_MOPS	A64/ldst/memcms/CPYP_CPY_memcms
4985	A64	Armv8-A	FEAT_MOPS	A64/ldst/memcms/CPYPWT_CPY_memcms
4986	A64	Armv8-A	FEAT_MOPS	A64/ldst/memcms/CPYPRT_CPY_memcms
4987	A64	Armv8-A	FEAT_MOPS	A64/ldst/memcms/CPYPT_CPY_memcms
4988	A64	Armv8-A	FEAT_MOPS	A64/ldst/memcms/CPYPWN_CPY_memcms
4989	A64	Armv8-A	FEAT_MOPS	A64/ldst/memcms/CPYPWTWN_CPY_memcms
4990	A64	Armv8-A	FEAT_MOPS	A64/ldst/memcms/CPYPRTWN_CPY_memcms
4991	A64	Armv8-A	FEAT_MOPS	A64/ldst/memcms/CPYPTWN_CPY_memcms
4992	A64	Armv8-A	FEAT_MOPS	A64/ldst/memcms/CPYPRN_CPY_memcms
4993	A64	Armv8-A	FEAT_MOPS	A64/ldst/memcms/CPYPWTRN_CPY_memcms
4994	A64	Armv8-A	FEAT_MOPS	A64/ldst/memcms/CPYPRTRN_CPY_memcms
4995	A64	Armv8-A	FEAT_MOPS	A64/ldst/memcms/CPYPTRN_CPY_memcms
4996	A64	Armv8-A	FEAT_MOPS	A64/ldst/memcms/CPYPN_CPY_memcms
4997	A64	Armv8-A	FEAT_MOPS	A64/ldst/memcms/CPYPWTN_CPY_memcms
4998	A64	Armv8-A	FEAT_MOPS	A64/ldst/memcms/CPYPRTN_CPY_memcms
4999	A64	Armv8-A	FEAT_MOPS	A64/ldst/memcms/CPYPTN_CPY_memcms
5000	A64	Armv8-A	FEAT_MOPS	A64/ldst/memcms/CPYM_CPY_memcms
5001	A64	Armv8-A	FEAT_MOPS	A64/ldst/memcms/CPYMWT_CPY_memcms
5002	A64	Armv8-A	FEAT_MOPS	A64/ldst/memcms/CPYMRT_CPY_memcms
5003	A64	Armv8-A	FEAT_MOPS	A64/ldst/memcms/CPYMT_CPY_memcms
5004	A64	Armv8-A	FEAT_MOPS	A64/ldst/memcms/CPYMWN_CPY_memcms
5005	A64	Armv8-A	FEAT_MOPS	A64/ldst/memcms/CPYMWTWN_CPY_memcms
5006	A64	Armv8-A	FEAT_MOPS	A64/ldst/memcms/CPYMRTWN_CPY_memcms
5007	A64	Armv8-A	FEAT_MOPS	A64/ldst/memcms/CPYMTWN_CPY_memcms
5008	A64	Armv8-A	FEAT_MOPS	A64/ldst/memcms/CPYMRN_CPY_memcms
5009	A64	Armv8-A	FEAT_MOPS	A64/ldst/memcms/CPYMWTRN_CPY_memcms
5010	A64	Armv8-A	FEAT_MOPS	A64/ldst/memcms/CPYMRTRN_CPY_memcms
5011	A64	Armv8-A	FEAT_MOPS	A64/ldst/memcms/CPYMTRN_CPY_memcms
5012	A64	Armv8-A	FEAT_MOPS	A64/ldst/memcms/CPYMN_CPY_memcms
5013	A64	Armv8-A	FEAT_MOPS	A64/ldst/memcms/CPYMWTN_CPY_memcms
5014	A64	Armv8-A	FEAT_MOPS	A64/ldst/memcms/CPYMRTN_CPY_memcms
5015	A64	Armv8-A	FEAT_MOPS	A64/ldst/memcms/CPYMTN_CPY_memcms
5016	A64	Armv8-A	FEAT_MOPS	A64/ldst/memcms/CPYE_CPY_memcms
5017	A64	Armv8-A	FEAT_MOPS	A64/ldst/memcms/CPYEWT_CPY_memcms
5018	A64	Armv8-A	FEAT_MOPS	A64/ldst/memcms/CPYERT_CPY_memcms
5019	A64	Armv8-A	FEAT_MOPS	A64/ldst/memcms/CPYET_CPY_memcms
5020	A64	Armv8-A	FEAT_MOPS	A64/ldst/memcms/CPYEWN_CPY_memcms
5021	A64	Armv8-A	FEAT_MOPS	A64/ldst/memcms/CPYEWTWN_CPY_memcms
5022	A64	Armv8-A	FEAT_MOPS	A64/ldst/memcms/CPYERTWN_CPY_memcms
5023	A64	Armv8-A	FEAT_MOPS	A64/ldst/memcms/CPYETWN_CPY_memcms
5024	A64	Armv8-A	FEAT_MOPS	A64/ldst/memcms/CPYERN_CPY_memcms
5025	A64	Armv8-A	FEAT_MOPS	A64/ldst/memcms/CPYEWTRN_CPY_memcms
5026	A64	Armv8-A	FEAT_MOPS	A64/ldst/memcms/CPYERTRN_CPY_memcms
5027	A64	Armv8-A	FEAT_MOPS	A64/ldst/memcms/CPYETRN_CPY_memcms
5028	A64	Armv8-A	FEAT_MOPS	A64/ldst/memcms/CPYEN_CPY_memcms
5029	A64	Armv8-A	FEAT_MOPS	A64/ldst/memcms/CPYEWTN_CPY_memcms
5030	A64	Armv8-A	FEAT_MOPS	A64/ldst/memcms/CPYERTN_CPY_memcms
5031	A64	Armv8-A	FEAT_MOPS	A64/ldst/memcms/CPYETN_CPY_memcms
5032	A64	Armv8-A	FEAT_MOPS,FEAT_MTE	A64/ldst/memcms/SETGP_SET_memcms
5033	A64	Armv8-A	FEAT_MOPS,FEAT_MTE	A64/ldst/memcms/SETGPT_SET_memcms
5034	A64	Armv8-A	FEAT_MOPS,FEAT_MTE	A64/ldst/memcms/SETGPN_SET_memcms
5035	A64	Armv8-A	FEAT_MOPS,FEAT_MTE	A64/ldst/memcms/SETGPTN_SET_memcms
5036	A64	Armv8-A	FEAT_MOPS,FEAT_MTE	A64/ldst/memcms/SETGM_SET_memcms
5037	A64	Armv8-A	FEAT_MOPS,FEAT_MTE	A64/ldst/memcms/SETGMT_SET_memcms
5038	A64	Armv8-A	FEAT_MOPS,FEAT_MTE	A64/ldst/memcms/SETGMN_SET_memcms
5039	A64	Armv8-A	FEAT_MOPS,FEAT_MTE	A64/ldst/memcms/SETGMTN_SET_memcms
5040	A64	Armv8-A	FEAT_MOPS,FEAT_MTE	A64/ldst/memcms/SETGE_SET_memcms
5041	A64	Armv8-A	FEAT_MOPS,FEAT_MTE	A64/ldst/memcms/SETGET_SET_memcms
5042	A64	Armv8-A	FEAT_MOPS,FEAT_MTE	A64/ldst/memcms/SETGEN_SET_memcms
5043	A64	Armv8-A	FEAT_MOPS,FEAT_MTE	A64/ldst/memcms/SETGETN_SET_memcms
5044	A64	Armv8-A	FEAT_LSUI	A64/ldst/memop_unpriv/LDTADD_32_memop_unpriv
5045	A64	Armv8-A	FEAT_LSUI	A64/ldst/memop_unpriv/LDTCLR_32_memop_unpriv
5046	A64	Armv8-A	FEAT_LSUI	A64/ldst/memop_unpriv/LDTSET_32_memop_unpriv
5047	A64	Armv8-A	FEAT_LSUI	A64/ldst/memop_unpriv/SWPT_32_memop_unpriv
5048	A64	Armv8-A	FEAT_LSUI	A64/ldst/memop_unpriv/LDTADDL_32_memop_unpriv
5049	A64	Armv8-A	FEAT_LSUI	A64/ldst/memop_unpriv/LDTCLRL_32_memop_unpriv
5050	A64	Armv8-A	FEAT_LSUI	A64/ldst/memop_unpriv/LDTSETL_32_memop_unpriv
5051	A64	Armv8-A	FEAT_LSUI	A64/ldst/memop_unpriv/SWPTL_32_memop_unpriv
5052	A64	Armv8-A	FEAT_LSUI	A64/ldst/memop_unpriv/LDTADDA_32_memop_unpriv
5053	A64	Armv8-A	FEAT_LSUI	A64/ldst/memop_unpriv/LDTCLRA_32_memop_unpriv
5054	A64	Armv8-A	FEAT_LSUI	A64/ldst/memop_unpriv/LDTSETA_32_memop_unpriv
5055	A64	Armv8-A	FEAT_LSUI	A64/ldst/memop_unpriv/SWPTA_32_memop_unpriv
5056	A64	Armv8-A	FEAT_LSUI	A64/ldst/memop_unpriv/LDTADDAL_32_memop_unpriv
5057	A64	Armv8-A	FEAT_LSUI	A64/ldst/memop_unpriv/LDTCLRAL_32_memop_unpriv
5058	A64	Armv8-A	FEAT_LSUI	A64/ldst/memop_unpriv/LDTSETAL_32_memop_unpriv
5059	A64	Armv8-A	FEAT_LSUI	A64/ldst/memop_unpriv/SWPTAL_32_memop_unpriv
5060	A64	Armv8-A	FEAT_LSUI	A64/ldst/memop_unpriv/LDTADD_64_memop_unpriv
5061	A64	Armv8-A	FEAT_LSUI	A64/ldst/memop_unpriv/LDTCLR_64_memop_unpriv
5062	A64	Armv8-A	FEAT_LSUI	A64/ldst/memop_unpriv/LDTSET_64_memop_unpriv
5063	A64	Armv8-A	FEAT_LSUI	A64/ldst/memop_unpriv/SWPT_64_memop_unpriv
5064	A64	Armv8-A	FEAT_LSUI	A64/ldst/memop_unpriv/LDTADDL_64_memop_unpriv
5065	A64	Armv8-A	FEAT_LSUI	A64/ldst/memop_unpriv/LDTCLRL_64_memop_unpriv
5066	A64	Armv8-A	FEAT_LSUI	A64/ldst/memop_unpriv/LDTSETL_64_memop_unpriv
5067	A64	Armv8-A	FEAT_LSUI	A64/ldst/memop_unpriv/SWPTL_64_memop_unpriv
5068	A64	Armv8-A	FEAT_LSUI	A64/ldst/memop_unpriv/LDTADDA_64_memop_unpriv
5069	A64	Armv8-A	FEAT_LSUI	A64/ldst/memop_unpriv/LDTCLRA_64_memop_unpriv
5070	A64	Armv8-A	FEAT_LSUI	A64/ldst/memop_unpriv/LDTSETA_64_memop_unpriv
5071	A64	Armv8-A	FEAT_LSUI	A64/ldst/memop_unpriv/SWPTA_64_memop_unpriv
5072	A64	Armv8-A	FEAT_LSUI	A64/ldst/memop_unpriv/LDTADDAL_64_memop_unpriv
5073	A64	Armv8-A	FEAT_LSUI	A64/ldst/memop_unpriv/LDTCLRAL_64_memop_unpriv
5074	A64	Armv8-A	FEAT_LSUI	A64/ldst/memop_unpriv/LDTSETAL_64_memop_unpriv
5075	A64	Armv8-A	FEAT_LSUI	A64/ldst/memop_unpriv/SWPTAL_64_memop_unpriv
5076	A64	Armv8-A		A64/ldst/ldstnapair_offs/STNP_32_ldstnapair_offs
5077	A64	Armv8-A		A64/ldst/ldstnapair_offs/LDNP_32_ldstnapair_offs
5078	A64	Armv8-A	FEAT_FP	A64/ldst/ldstnapair_offs/STNP_S_ldstnapair_offs
5079	A64	Armv8-A	FEAT_FP	A64/ldst/ldstnapair_offs/LDNP_S_ldstnapair_offs
5080	A64	Armv8-A	FEAT_FP	A64/ldst/ldstnapair_offs/STNP_D_ldstnapair_offs
5081	A64	Armv8-A	FEAT_FP	A64/ldst/ldstnapair_offs/LDNP_D_ldstnapair_offs
5082	A64	Armv8-A		A64/ldst/ldstnapair_offs/STNP_64_ldstnapair_offs
5083	A64	Armv8-A		A64/ldst/ldstnapair_offs/LDNP_64_ldstnapair_offs
5084	A64	Armv8-A	FEAT_FP	A64/ldst/ldstnapair_offs/STNP_Q_ldstnapair_offs
5085	A64	Armv8-A	FEAT_FP	A64/ldst/ldstnapair_offs/LDNP_Q_ldstnapair_offs
5086	A64	Armv8-A	FEAT_LSUI	A64/ldst/ldstnapair_offs/STTNP_64_ldstnapair_offs
5087	A64	Armv8-A	FEAT_LSUI	A64/ldst/ldstnapair_offs/LDTNP_64_ldstnapair_offs
5088	A64	Armv8-A	FEAT_FP,FEAT_LSUI	A64/ldst/ldstnapair_offs/STTNP_Q_ldstnapair_offs
5089	A64	Armv8-A	FEAT_FP,FEAT_LSUI	A64/ldst/ldstnapair_offs/LDTNP_Q_ldstnapair_offs
5090	A64	Armv8-A		A64/ldst/ldstpair_post/STP_32_ldstpair_post
5091	A64	Armv8-A		A64/ldst/ldstpair_post/LDP_32_ldstpair_post
5092	A64	Armv8-A	FEAT_FP	A64/ldst/ldstpair_post/STP_S_ldstpair_post
5093	A64	Armv8-A	FEAT_FP	A64/ldst/ldstpair_post/LDP_S_ldstpair_post
5094	A64	Armv8-A	FEAT_MTE	A64/ldst/ldstpair_post/STGP_64_ldstpair_post
5095	A64	Armv8-A		A64/ldst/ldstpair_post/LDPSW_64_ldstpair_post
5096	A64	Armv8-A	FEAT_FP	A64/ldst/ldstpair_post/STP_D_ldstpair_post
5097	A64	Armv8-A	FEAT_FP	A64/ldst/ldstpair_post/LDP_D_ldstpair_post
5098	A64	Armv8-A		A64/ldst/ldstpair_post/STP_64_ldstpair_post
5099	A64	Armv8-A		A64/ldst/ldstpair_post/LDP_64_ldstpair_post
5100	A64	Armv8-A	FEAT_FP	A64/ldst/ldstpair_post/STP_Q_ldstpair_post
5101	A64	Armv8-A	FEAT_FP	A64/ldst/ldstpair_post/LDP_Q_ldstpair_post
5102	A64	Armv8-A	FEAT_LSUI	A64/ldst/ldstpair_post/STTP_64_ldstpair_post
5103	A64	Armv8-A	FEAT_LSUI	A64/ldst/ldstpair_post/LDTP_64_ldstpair_post
5104	A64	Armv8-A	FEAT_FP,FEAT_LSUI	A64/ldst/ldstpair_post/STTP_Q_ldstpair_post
5105	A64	Armv8-A	FEAT_FP,FEAT_LSUI	A64/ldst/ldstpair_post/LDTP_Q_ldstpair_post
5106	A64	Armv8-A		A64/ldst/ldstpair_off/STP_32_ldstpair_off
5107	A64	Armv8-A		A64/ldst/ldstpair_off/LDP_32_ldstpair_off
5108	A64	Armv8-A	FEAT_FP	A64/ldst/ldstpair_off/STP_S_ldstpair_off
5109	A64	Armv8-A	FEAT_FP	A64/ldst/ldstpair_off/LDP_S_ldstpair_off
5110	A64	Armv8-A	FEAT_MTE	A64/ldst/ldstpair_off/STGP_64_ldstpair_off
5111	A64	Armv8-A		A64/ldst/ldstpair_off/LDPSW_64_ldstpair_off
5112	A64	Armv8-A	FEAT_FP	A64/ldst/ldstpair_off/STP_D_ldstpair_off
5113	A64	Armv8-A	FEAT_FP	A64/ldst/ldstpair_off/LDP_D_ldstpair_off
5114	A64	Armv8-A		A64/ldst/ldstpair_off/STP_64_ldstpair_off
5115	A64	Armv8-A		A64/ldst/ldstpair_off/LDP_64_ldstpair_off
5116	A64	Armv8-A	FEAT_FP	A64/ldst/ldstpair_off/STP_Q_ldstpair_off
5117	A64	Armv8-A	FEAT_FP	A64/ldst/ldstpair_off/LDP_Q_ldstpair_off
5118	A64	Armv8-A	FEAT_LSUI	A64/ldst/ldstpair_off/STTP_64_ldstpair_off
5119	A64	Armv8-A	FEAT_LSUI	A64/ldst/ldstpair_off/LDTP_64_ldstpair_off
5120	A64	Armv8-A	FEAT_FP,FEAT_LSUI	A64/ldst/ldstpair_off/STTP_Q_ldstpair_off
5121	A64	Armv8-A	FEAT_FP,FEAT_LSUI	A64/ldst/ldstpair_off/LDTP_Q_ldstpair_off
5122	A64	Armv8-A		A64/ldst/ldstpair_pre/STP_32_ldstpair_pre
5123	A64	Armv8-A		A64/ldst/ldstpair_pre/LDP_32_ldstpair_pre
5124	A64	Armv8-A	FEAT_FP	A64/ldst/ldstpair_pre/STP_S_ldstpair_pre
5125	A64	Armv8-A	FEAT_FP	A64/ldst/ldstpair_pre/LDP_S_ldstpair_pre
5126	A64	Armv8-A	FEAT_MTE	A64/ldst/ldstpair_pre/STGP_64_ldstpair_pre
5127	A64	Armv8-A		A64/ldst/ldstpair_pre/LDPSW_64_ldstpair_pre
5128	A64	Armv8-A	FEAT_FP	A64/ldst/ldstpair_pre/STP_D_ldstpair_pre
5129	A64	Armv8-A	FEAT_FP	A64/ldst/ldstpair_pre/LDP_D_ldstpair_pre
5130	A64	Armv8-A		A64/ldst/ldstpair_pre/STP_64_ldstpair_pre
5131	A64	Armv8-A		A64/ldst/ldstpair_pre/LDP_64_ldstpair_pre
5132	A64	Armv8-A	FEAT_FP	A64/ldst/ldstpair_pre/STP_Q_ldstpair_pre
5133	A64	Armv8-A	FEAT_FP	A64/ldst/ldstpair_pre/LDP_Q_ldstpair_pre
5134	A64	Armv8-A	FEAT_LSUI	A64/ldst/ldstpair_pre/STTP_64_ldstpair_pre
5135	A64	Armv8-A	FEAT_LSUI	A64/ldst/ldstpair_pre/LDTP_64_ldstpair_pre
5136	A64	Armv8-A	FEAT_FP,FEAT_LSUI	A64/ldst/ldstpair_pre/STTP_Q_ldstpair_pre
5137	A64	Armv8-A	FEAT_FP,FEAT_LSUI	A64/ldst/ldstpair_pre/LDTP_Q_ldstpair_pre
5138	A64	Armv8-A		A64/ldst/ldst_unscaled/STURB_32_ldst_unscaled
5139	A64	Armv8-A		A64/ldst/ldst_unscaled/LDURB_32_ldst_unscaled
5140	A64	Armv8-A		A64/ldst/ldst_unscaled/LDURSB_64_ldst_unscaled
5141	A64	Armv8-A		A64/ldst/ldst_unscaled/LDURSB_32_ldst_unscaled
5142	A64	Armv8-A	FEAT_FP	A64/ldst/ldst_unscaled/STUR_B_ldst_unscaled
5143	A64	Armv8-A	FEAT_FP	A64/ldst/ldst_unscaled/LDUR_B_ldst_unscaled
5144	A64	Armv8-A	FEAT_FP	A64/ldst/ldst_unscaled/STUR_Q_ldst_unscaled
5145	A64	Armv8-A	FEAT_FP	A64/ldst/ldst_unscaled/LDUR_Q_ldst_unscaled
5146	A64	Armv8-A		A64/ldst/ldst_unscaled/STURH_32_ldst_unscaled
5147	A64	Armv8-A		A64/ldst/ldst_unscaled/LDURH_32_ldst_unscaled
5148	A64	Armv8-A		A64/ldst/ldst_unscaled/LDURSH_64_ldst_unscaled
5149	A64	Armv8-A		A64/ldst/ldst_unscaled/LDURSH_32_ldst_unscaled
5150	A64	Armv8-A	FEAT_FP	A64/ldst/ldst_unscaled/STUR_H_ldst_unscaled
5151	A64	Armv8-A	FEAT_FP	A64/ldst/ldst_unscaled/LDUR_H_ldst_unscaled
5152	A64	Armv8-A		A64/ldst/ldst_unscaled/STUR_32_ldst_unscaled
5153	A64	Armv8-A		A64/ldst/ldst_unscaled/LDUR_32_ldst_unscaled
5154	A64	Armv8-A		A64/ldst/ldst_unscaled/LDURSW_64_ldst_unscaled
5155	A64	Armv8-A	FEAT_FP	A64/ldst/ldst_unscaled/STUR_S_ldst_unscaled
5156	A64	Armv8-A	FEAT_FP	A64/ldst/ldst_unscaled/LDUR_S_ldst_unscaled
5157	A64	Armv8-A		A64/ldst/ldst_unscaled/STUR_64_ldst_unscaled
5158	A64	Armv8-A		A64/ldst/ldst_unscaled/LDUR_64_ldst_unscaled
5159	A64	Armv8-A		A64/ldst/ldst_unscaled/PRFUM_P_ldst_unscaled
5160	A64	Armv8-A	FEAT_FP	A64/ldst/ldst_unscaled/STUR_D_ldst_unscaled
5161	A64	Armv8-A	FEAT_FP	A64/ldst/ldst_unscaled/LDUR_D_ldst_unscaled
5162	A64	Armv8-A		A64/ldst/ldst_immpost/STRB_32_ldst_immpost
5163	A64	Armv8-A		A64/ldst/ldst_immpost/LDRB_32_ldst_immpost
5164	A64	Armv8-A		A64/ldst/ldst_immpost/LDRSB_64_ldst_immpost
5165	A64	Armv8-A		A64/ldst/ldst_immpost/LDRSB_32_ldst_immpost
5166	A64	Armv8-A	FEAT_FP	A64/ldst/ldst_immpost/STR_B_ldst_immpost
5167	A64	Armv8-A	FEAT_FP	A64/ldst/ldst_immpost/LDR_B_ldst_immpost
5168	A64	Armv8-A	FEAT_FP	A64/ldst/ldst_immpost/STR_Q_ldst_immpost
5169	A64	Armv8-A	FEAT_FP	A64/ldst/ldst_immpost/LDR_Q_ldst_immpost
5170	A64	Armv8-A		A64/ldst/ldst_immpost/STRH_32_ldst_immpost
5171	A64	Armv8-A		A64/ldst/ldst_immpost/LDRH_32_ldst_immpost
5172	A64	Armv8-A		A64/ldst/ldst_immpost/LDRSH_64_ldst_immpost
5173	A64	Armv8-A		A64/ldst/ldst_immpost/LDRSH_32_ldst_immpost
5174	A64	Armv8-A	FEAT_FP	A64/ldst/ldst_immpost/STR_H_ldst_immpost
5175	A64	Armv8-A	FEAT_FP	A64/ldst/ldst_immpost/LDR_H_ldst_immpost
5176	A64	Armv8-A		A64/ldst/ldst_immpost/STR_32_ldst_immpost
5177	A64	Armv8-A		A64/ldst/ldst_immpost/LDR_32_ldst_immpost
5178	A64	Armv8-A		A64/ldst/ldst_immpost/LDRSW_64_ldst_immpost
5179	A64	Armv8-A	FEAT_FP	A64/ldst/ldst_immpost/STR_S_ldst_immpost
5180	A64	Armv8-A	FEAT_FP	A64/ldst/ldst_immpost/LDR_S_ldst_immpost
5181	A64	Armv8-A		A64/ldst/ldst_immpost/STR_64_ldst_immpost
5182	A64	Armv8-A		A64/ldst/ldst_immpost/LDR_64_ldst_immpost
5183	A64	Armv8-A	FEAT_FP	A64/ldst/ldst_immpost/STR_D_ldst_immpost
5184	A64	Armv8-A	FEAT_FP	A64/ldst/ldst_immpost/LDR_D_ldst_immpost
5185	A64	Armv8-A		A64/ldst/ldst_unpriv/STTRB_32_ldst_unpriv
5186	A64	Armv8-A		A64/ldst/ldst_unpriv/LDTRB_32_ldst_unpriv
5187	A64	Armv8-A		A64/ldst/ldst_unpriv/LDTRSB_64_ldst_unpriv
5188	A64	Armv8-A		A64/ldst/ldst_unpriv/LDTRSB_32_ldst_unpriv
5189	A64	Armv8-A		A64/ldst/ldst_unpriv/STTRH_32_ldst_unpriv
5190	A64	Armv8-A		A64/ldst/ldst_unpriv/LDTRH_32_ldst_unpriv
5191	A64	Armv8-A		A64/ldst/ldst_unpriv/LDTRSH_64_ldst_unpriv
5192	A64	Armv8-A		A64/ldst/ldst_unpriv/LDTRSH_32_ldst_unpriv
5193	A64	Armv8-A		A64/ldst/ldst_unpriv/STTR_32_ldst_unpriv
5194	A64	Armv8-A		A64/ldst/ldst_unpriv/LDTR_32_ldst_unpriv
5195	A64	Armv8-A		A64/ldst/ldst_unpriv/LDTRSW_64_ldst_unpriv
5196	A64	Armv8-A		A64/ldst/ldst_unpriv/STTR_64_ldst_unpriv
5197	A64	Armv8-A		A64/ldst/ldst_unpriv/LDTR_64_ldst_unpriv
5198	A64	Armv8-A		A64/ldst/ldst_immpre/STRB_32_ldst_immpre
5199	A64	Armv8-A		A64/ldst/ldst_immpre/LDRB_32_ldst_immpre
5200	A64	Armv8-A		A64/ldst/ldst_immpre/LDRSB_64_ldst_immpre
5201	A64	Armv8-A		A64/ldst/ldst_immpre/LDRSB_32_ldst_immpre
5202	A64	Armv8-A	FEAT_FP	A64/ldst/ldst_immpre/STR_B_ldst_immpre
5203	A64	Armv8-A	FEAT_FP	A64/ldst/ldst_immpre/LDR_B_ldst_immpre
5204	A64	Armv8-A	FEAT_FP	A64/ldst/ldst_immpre/STR_Q_ldst_immpre
5205	A64	Armv8-A	FEAT_FP	A64/ldst/ldst_immpre/LDR_Q_ldst_immpre
5206	A64	Armv8-A		A64/ldst/ldst_immpre/STRH_32_ldst_immpre
5207	A64	Armv8-A		A64/ldst/ldst_immpre/LDRH_32_ldst_immpre
5208	A64	Armv8-A		A64/ldst/ldst_immpre/LDRSH_64_ldst_immpre
5209	A64	Armv8-A		A64/ldst/ldst_immpre/LDRSH_32_ldst_immpre
5210	A64	Armv8-A	FEAT_FP	A64/ldst/ldst_immpre/STR_H_ldst_immpre
5211	A64	Armv8-A	FEAT_FP	A64/ldst/ldst_immpre/LDR_H_ldst_immpre
5212	A64	Armv8-A		A64/ldst/ldst_immpre/STR_32_ldst_immpre
5213	A64	Armv8-A		A64/ldst/ldst_immpre/LDR_32_ldst_immpre
5214	A64	Armv8-A		A64/ldst/ldst_immpre/LDRSW_64_ldst_immpre
5215	A64	Armv8-A	FEAT_FP	A64/ldst/ldst_immpre/STR_S_ldst_immpre
5216	A64	Armv8-A	FEAT_FP	A64/ldst/ldst_immpre/LDR_S_ldst_immpre
5217	A64	Armv8-A		A64/ldst/ldst_immpre/STR_64_ldst_immpre
5218	A64	Armv8-A		A64/ldst/ldst_immpre/LDR_64_ldst_immpre
5219	A64	Armv8-A	FEAT_FP	A64/ldst/ldst_immpre/STR_D_ldst_immpre
5220	A64	Armv8-A	FEAT_FP	A64/ldst/ldst_immpre/LDR_D_ldst_immpre
5221	A64	Armv8-A	FEAT_LSE	A64/ldst/memop/LDADDB_32_memop
5222	A64	Armv8-A	FEAT_LSE	A64/ldst/memop/LDCLRB_32_memop
5223	A64	Armv8-A	FEAT_LSE	A64/ldst/memop/LDEORB_32_memop
5224	A64	Armv8-A	FEAT_LSE	A64/ldst/memop/LDSETB_32_memop
5225	A64	Armv8-A	FEAT_LSE	A64/ldst/memop/LDSMAXB_32_memop
5226	A64	Armv8-A	FEAT_LSE	A64/ldst/memop/LDSMINB_32_memop
5227	A64	Armv8-A	FEAT_LSE	A64/ldst/memop/LDUMAXB_32_memop
5228	A64	Armv8-A	FEAT_LSE	A64/ldst/memop/LDUMINB_32_memop
5229	A64	Armv8-A	FEAT_LSE	A64/ldst/memop/SWPB_32_memop
5230	A64	Armv8-A	FEAT_THE	A64/ldst/memop/RCWCLR_64_memop
5231	A64	Armv8-A	FEAT_THE	A64/ldst/memop/RCWSWP_64_memop
5232	A64	Armv8-A	FEAT_THE	A64/ldst/memop/RCWSET_64_memop
5233	A64	Armv8-A	FEAT_LSE	A64/ldst/memop/LDADDLB_32_memop
5234	A64	Armv8-A	FEAT_LSE	A64/ldst/memop/LDCLRLB_32_memop
5235	A64	Armv8-A	FEAT_LSE	A64/ldst/memop/LDEORLB_32_memop
5236	A64	Armv8-A	FEAT_LSE	A64/ldst/memop/LDSETLB_32_memop
5237	A64	Armv8-A	FEAT_LSE	A64/ldst/memop/LDSMAXLB_32_memop
5238	A64	Armv8-A	FEAT_LSE	A64/ldst/memop/LDSMINLB_32_memop
5239	A64	Armv8-A	FEAT_LSE	A64/ldst/memop/LDUMAXLB_32_memop
5240	A64	Armv8-A	FEAT_LSE	A64/ldst/memop/LDUMINLB_32_memop
5241	A64	Armv8-A	FEAT_LSE	A64/ldst/memop/SWPLB_32_memop
5242	A64	Armv8-A	FEAT_THE	A64/ldst/memop/RCWCLRL_64_memop
5243	A64	Armv8-A	FEAT_THE	A64/ldst/memop/RCWSWPL_64_memop
5244	A64	Armv8-A	FEAT_THE	A64/ldst/memop/RCWSETL_64_memop
5245	A64	Armv8-A	FEAT_LSE	A64/ldst/memop/LDADDAB_32_memop
5246	A64	Armv8-A	FEAT_LSE	A64/ldst/memop/LDCLRAB_32_memop
5247	A64	Armv8-A	FEAT_LSE	A64/ldst/memop/LDEORAB_32_memop
5248	A64	Armv8-A	FEAT_LSE	A64/ldst/memop/LDSETAB_32_memop
5249	A64	Armv8-A	FEAT_LSE	A64/ldst/memop/LDSMAXAB_32_memop
5250	A64	Armv8-A	FEAT_LSE	A64/ldst/memop/LDSMINAB_32_memop
5251	A64	Armv8-A	FEAT_LSE	A64/ldst/memop/LDUMAXAB_32_memop
5252	A64	Armv8-A	FEAT_LSE	A64/ldst/memop/LDUMINAB_32_memop
5253	A64	Armv8-A	FEAT_LSE	A64/ldst/memop/SWPAB_32_memop
5254	A64	Armv8-A	FEAT_THE	A64/ldst/memop/RCWCLRA_64_memop
5255	A64	Armv8-A	FEAT_THE	A64/ldst/memop/RCWSWPA_64_memop
5256	A64	Armv8-A	FEAT_THE	A64/ldst/memop/RCWSETA_64_memop
5257	A64	Armv8-A	FEAT_LRCPC	A64/ldst/memop/LDAPRB_32L_memop
5258	A64	Armv8-A	FEAT_LSE	A64/ldst/memop/LDADDALB_32_memop
5259	A64	Armv8-A	FEAT_LSE	A64/ldst/memop/LDCLRALB_32_memop
5260	A64	Armv8-A	FEAT_LSE	A64/ldst/memop/LDEORALB_32_memop
5261	A64	Armv8-A	FEAT_LSE	A64/ldst/memop/LDSETALB_32_memop
5262	A64	Armv8-A	FEAT_LSE	A64/ldst/memop/LDSMAXALB_32_memop
5263	A64	Armv8-A	FEAT_LSE	A64/ldst/memop/LDSMINALB_32_memop
5264	A64	Armv8-A	FEAT_LSE	A64/ldst/memop/LDUMAXALB_32_memop
5265	A64	Armv8-A	FEAT_LSE	A64/ldst/memop/LDUMINALB_32_memop
5266	A64	Armv8-A	FEAT_LSE	A64/ldst/memop/SWPALB_32_memop
5267	A64	Armv8-A	FEAT_THE	A64/ldst/memop/RCWCLRAL_64_memop
5268	A64	Armv8-A	FEAT_THE	A64/ldst/memop/RCWSWPAL_64_memop
5269	A64	Armv8-A	FEAT_THE	A64/ldst/memop/RCWSETAL_64_memop
5270	A64	Armv8-A	FEAT_LSE	A64/ldst/memop/LDADDH_32_memop
5271	A64	Armv8-A	FEAT_LSE	A64/ldst/memop/LDCLRH_32_memop
5272	A64	Armv8-A	FEAT_LSE	A64/ldst/memop/LDEORH_32_memop
5273	A64	Armv8-A	FEAT_LSE	A64/ldst/memop/LDSETH_32_memop
5274	A64	Armv8-A	FEAT_LSE	A64/ldst/memop/LDSMAXH_32_memop
5275	A64	Armv8-A	FEAT_LSE	A64/ldst/memop/LDSMINH_32_memop
5276	A64	Armv8-A	FEAT_LSE	A64/ldst/memop/LDUMAXH_32_memop
5277	A64	Armv8-A	FEAT_LSE	A64/ldst/memop/LDUMINH_32_memop
5278	A64	Armv8-A	FEAT_LSE	A64/ldst/memop/SWPH_32_memop
5279	A64	Armv8-A	FEAT_THE	A64/ldst/memop/RCWSCLR_64_memop
5280	A64	Armv8-A	FEAT_THE	A64/ldst/memop/RCWSSWP_64_memop
5281	A64	Armv8-A	FEAT_THE	A64/ldst/memop/RCWSSET_64_memop
5282	A64	Armv8-A	FEAT_LSE	A64/ldst/memop/LDADDLH_32_memop
5283	A64	Armv8-A	FEAT_LSE	A64/ldst/memop/LDCLRLH_32_memop
5284	A64	Armv8-A	FEAT_LSE	A64/ldst/memop/LDEORLH_32_memop
5285	A64	Armv8-A	FEAT_LSE	A64/ldst/memop/LDSETLH_32_memop
5286	A64	Armv8-A	FEAT_LSE	A64/ldst/memop/LDSMAXLH_32_memop
5287	A64	Armv8-A	FEAT_LSE	A64/ldst/memop/LDSMINLH_32_memop
5288	A64	Armv8-A	FEAT_LSE	A64/ldst/memop/LDUMAXLH_32_memop
5289	A64	Armv8-A	FEAT_LSE	A64/ldst/memop/LDUMINLH_32_memop
5290	A64	Armv8-A	FEAT_LSE	A64/ldst/memop/SWPLH_32_memop
5291	A64	Armv8-A	FEAT_THE	A64/ldst/memop/RCWSCLRL_64_memop
5292	A64	Armv8-A	FEAT_THE	A64/ldst/memop/RCWSSWPL_64_memop
5293	A64	Armv8-A	FEAT_THE	A64/ldst/memop/RCWSSETL_64_memop
5294	A64	Armv8-A	FEAT_LSE	A64/ldst/memop/LDADDAH_32_memop
5295	A64	Armv8-A	FEAT_LSE	A64/ldst/memop/LDCLRAH_32_memop
5296	A64	Armv8-A	FEAT_LSE	A64/ldst/memop/LDEORAH_32_memop
5297	A64	Armv8-A	FEAT_LSE	A64/ldst/memop/LDSETAH_32_memop
5298	A64	Armv8-A	FEAT_LSE	A64/ldst/memop/LDSMAXAH_32_memop
5299	A64	Armv8-A	FEAT_LSE	A64/ldst/memop/LDSMINAH_32_memop
5300	A64	Armv8-A	FEAT_LSE	A64/ldst/memop/LDUMAXAH_32_memop
5301	A64	Armv8-A	FEAT_LSE	A64/ldst/memop/LDUMINAH_32_memop
5302	A64	Armv8-A	FEAT_LSE	A64/ldst/memop/SWPAH_32_memop
5303	A64	Armv8-A	FEAT_THE	A64/ldst/memop/RCWSCLRA_64_memop
5304	A64	Armv8-A	FEAT_THE	A64/ldst/memop/RCWSSWPA_64_memop
5305	A64	Armv8-A	FEAT_THE	A64/ldst/memop/RCWSSETA_64_memop
5306	A64	Armv8-A	FEAT_LRCPC	A64/ldst/memop/LDAPRH_32L_memop
5307	A64	Armv8-A	FEAT_LSE	A64/ldst/memop/LDADDALH_32_memop
5308	A64	Armv8-A	FEAT_LSE	A64/ldst/memop/LDCLRALH_32_memop
5309	A64	Armv8-A	FEAT_LSE	A64/ldst/memop/LDEORALH_32_memop
5310	A64	Armv8-A	FEAT_LSE	A64/ldst/memop/LDSETALH_32_memop
5311	A64	Armv8-A	FEAT_LSE	A64/ldst/memop/LDSMAXALH_32_memop
5312	A64	Armv8-A	FEAT_LSE	A64/ldst/memop/LDSMINALH_32_memop
5313	A64	Armv8-A	FEAT_LSE	A64/ldst/memop/LDUMAXALH_32_memop
5314	A64	Armv8-A	FEAT_LSE	A64/ldst/memop/LDUMINALH_32_memop
5315	A64	Armv8-A	FEAT_LSE	A64/ldst/memop/SWPALH_32_memop
5316	A64	Armv8-A	FEAT_THE	A64/ldst/memop/RCWSCLRAL_64_memop
5317	A64	Armv8-A	FEAT_THE	A64/ldst/memop/RCWSSWPAL_64_memop
5318	A64	Armv8-A	FEAT_THE	A64/ldst/memop/RCWSSETAL_64_memop
5319	A64	Armv8-A	FEAT_LSE	A64/ldst/memop/LDADD_32_memop
5320	A64	Armv8-A	FEAT_LSE	A64/ldst/memop/LDCLR_32_memop
5321	A64	Armv8-A	FEAT_LSE	A64/ldst/memop/LDEOR_32_memop
5322	A64	Armv8-A	FEAT_LSE	A64/ldst/memop/LDSET_32_memop
5323	A64	Armv8-A	FEAT_LSE	A64/ldst/memop/LDSMAX_32_memop
5324	A64	Armv8-A	FEAT_LSE	A64/ldst/memop/LDSMIN_32_memop
5325	A64	Armv8-A	FEAT_LSE	A64/ldst/memop/LDUMAX_32_memop
5326	A64	Armv8-A	FEAT_LSE	A64/ldst/memop/LDUMIN_32_memop
5327	A64	Armv8-A	FEAT_LSE	A64/ldst/memop/SWP_32_memop
5328	A64	Armv8-A	FEAT_LSE	A64/ldst/memop/LDADDL_32_memop
5329	A64	Armv8-A	FEAT_LSE	A64/ldst/memop/LDCLRL_32_memop
5330	A64	Armv8-A	FEAT_LSE	A64/ldst/memop/LDEORL_32_memop
5331	A64	Armv8-A	FEAT_LSE	A64/ldst/memop/LDSETL_32_memop
5332	A64	Armv8-A	FEAT_LSE	A64/ldst/memop/LDSMAXL_32_memop
5333	A64	Armv8-A	FEAT_LSE	A64/ldst/memop/LDSMINL_32_memop
5334	A64	Armv8-A	FEAT_LSE	A64/ldst/memop/LDUMAXL_32_memop
5335	A64	Armv8-A	FEAT_LSE	A64/ldst/memop/LDUMINL_32_memop
5336	A64	Armv8-A	FEAT_LSE	A64/ldst/memop/SWPL_32_memop
5337	A64	Armv8-A	FEAT_LSE	A64/ldst/memop/LDADDA_32_memop
5338	A64	Armv8-A	FEAT_LSE	A64/ldst/memop/LDCLRA_32_memop
5339	A64	Armv8-A	FEAT_LSE	A64/ldst/memop/LDEORA_32_memop
5340	A64	Armv8-A	FEAT_LSE	A64/ldst/memop/LDSETA_32_memop
5341	A64	Armv8-A	FEAT_LSE	A64/ldst/memop/LDSMAXA_32_memop
5342	A64	Armv8-A	FEAT_LSE	A64/ldst/memop/LDSMINA_32_memop
5343	A64	Armv8-A	FEAT_LSE	A64/ldst/memop/LDUMAXA_32_memop
5344	A64	Armv8-A	FEAT_LSE	A64/ldst/memop/LDUMINA_32_memop
5345	A64	Armv8-A	FEAT_LSE	A64/ldst/memop/SWPA_32_memop
5346	A64	Armv8-A	FEAT_LRCPC	A64/ldst/memop/LDAPR_32L_memop
5347	A64	Armv8-A	FEAT_LSE	A64/ldst/memop/LDADDAL_32_memop
5348	A64	Armv8-A	FEAT_LSE	A64/ldst/memop/LDCLRAL_32_memop
5349	A64	Armv8-A	FEAT_LSE	A64/ldst/memop/LDEORAL_32_memop
5350	A64	Armv8-A	FEAT_LSE	A64/ldst/memop/LDSETAL_32_memop
5351	A64	Armv8-A	FEAT_LSE	A64/ldst/memop/LDSMAXAL_32_memop
5352	A64	Armv8-A	FEAT_LSE	A64/ldst/memop/LDSMINAL_32_memop
5353	A64	Armv8-A	FEAT_LSE	A64/ldst/memop/LDUMAXAL_32_memop
5354	A64	Armv8-A	FEAT_LSE	A64/ldst/memop/LDUMINAL_32_memop
5355	A64	Armv8-A	FEAT_LSE	A64/ldst/memop/SWPAL_32_memop
5356	A64	Armv8-A	FEAT_LSE	A64/ldst/memop/LDADD_64_memop
5357	A64	Armv8-A	FEAT_LSE	A64/ldst/memop/LDCLR_64_memop
5358	A64	Armv8-A	FEAT_LSE	A64/ldst/memop/LDEOR_64_memop
5359	A64	Armv8-A	FEAT_LSE	A64/ldst/memop/LDSET_64_memop
5360	A64	Armv8-A	FEAT_LSE	A64/ldst/memop/LDSMAX_64_memop
5361	A64	Armv8-A	FEAT_LSE	A64/ldst/memop/LDSMIN_64_memop
5362	A64	Armv8-A	FEAT_LSE	A64/ldst/memop/LDUMAX_64_memop
5363	A64	Armv8-A	FEAT_LSE	A64/ldst/memop/LDUMIN_64_memop
5364	A64	Armv8-A	FEAT_LSE	A64/ldst/memop/SWP_64_memop
5365	A64	Armv8-A	FEAT_LS64_ACCDATA	A64/ldst/memop/ST64BV0_64_memop
5366	A64	Armv8-A	FEAT_LS64_V	A64/ldst/memop/ST64BV_64_memop
5367	A64	Armv8-A	FEAT_LS64	A64/ldst/memop/ST64B_64L_memop
5368	A64	Armv8-A	FEAT_LS64	A64/ldst/memop/LD64B_64L_memop
5369	A64	Armv8-A	FEAT_LSE	A64/ldst/memop/LDADDL_64_memop
5370	A64	Armv8-A	FEAT_LSE	A64/ldst/memop/LDCLRL_64_memop
5371	A64	Armv8-A	FEAT_LSE	A64/ldst/memop/LDEORL_64_memop
5372	A64	Armv8-A	FEAT_LSE	A64/ldst/memop/LDSETL_64_memop
5373	A64	Armv8-A	FEAT_LSE	A64/ldst/memop/LDSMAXL_64_memop
5374	A64	Armv8-A	FEAT_LSE	A64/ldst/memop/LDSMINL_64_memop
5375	A64	Armv8-A	FEAT_LSE	A64/ldst/memop/LDUMAXL_64_memop
5376	A64	Armv8-A	FEAT_LSE	A64/ldst/memop/LDUMINL_64_memop
5377	A64	Armv8-A	FEAT_LSE	A64/ldst/memop/SWPL_64_memop
5378	A64	Armv8-A	FEAT_LSE	A64/ldst/memop/LDADDA_64_memop
5379	A64	Armv8-A	FEAT_LSE	A64/ldst/memop/LDCLRA_64_memop
5380	A64	Armv8-A	FEAT_LSE	A64/ldst/memop/LDEORA_64_memop
5381	A64	Armv8-A	FEAT_LSE	A64/ldst/memop/LDSETA_64_memop
5382	A64	Armv8-A	FEAT_LSE	A64/ldst/memop/LDSMAXA_64_memop
5383	A64	Armv8-A	FEAT_LSE	A64/ldst/memop/LDSMINA_64_memop
5384	A64	Armv8-A	FEAT_LSE	A64/ldst/memop/LDUMAXA_64_memop
5385	A64	Armv8-A	FEAT_LSE	A64/ldst/memop/LDUMINA_64_memop
5386	A64	Armv8-A	FEAT_LSE	A64/ldst/memop/SWPA_64_memop
5387	A64	Armv8-A	FEAT_LRCPC	A64/ldst/memop/LDAPR_64L_memop
5388	A64	Armv8-A	FEAT_LSE	A64/ldst/memop/LDADDAL_64_memop
5389	A64	Armv8-A	FEAT_LSE	A64/ldst/memop/LDCLRAL_64_memop
5390	A64	Armv8-A	FEAT_LSE	A64/ldst/memop/LDEORAL_64_memop
5391	A64	Armv8-A	FEAT_LSE	A64/ldst/memop/LDSETAL_64_memop
5392	A64	Armv8-A	FEAT_LSE	A64/ldst/memop/LDSMAXAL_64_memop
5393	A64	Armv8-A	FEAT_LSE	A64/ldst/memop/LDSMINAL_64_memop
5394	A64	Armv8-A	FEAT_LSE	A64/ldst/memop/LDUMAXAL_64_memop
5395	A64	Armv8-A	FEAT_LSE	A64/ldst/memop/LDUMINAL_64_memop
5396	A64	Armv8-A	FEAT_LSE	A64/ldst/memop/SWPAL_64_memop
5397	A64	Armv8-A	FEAT_LSFE	A64/ldst/memop/LDBFADD_16
5398	A64	Armv8-A	FEAT_LSFE	A64/ldst/memop/LDBFMAX_16
5399	A64	Armv8-A	FEAT_LSFE	A64/ldst/memop/LDBFMIN_16
5400	A64	Armv8-A	FEAT_LSFE	A64/ldst/memop/LDBFMAXNM_16
5401	A64	Armv8-A	FEAT_LSFE	A64/ldst/memop/LDBFMINNM_16
5402	A64	Armv8-A	FEAT_LSFE	A64/ldst/memop/STBFADD_16
5403	A64	Armv8-A	FEAT_LSFE	A64/ldst/memop/STBFMAX_16
5404	A64	Armv8-A	FEAT_LSFE	A64/ldst/memop/STBFMIN_16
5405	A64	Armv8-A	FEAT_LSFE	A64/ldst/memop/STBFMAXNM_16
5406	A64	Armv8-A	FEAT_LSFE	A64/ldst/memop/STBFMINNM_16
5407	A64	Armv8-A	FEAT_LSFE	A64/ldst/memop/STBFADDL_16
5408	A64	Armv8-A	FEAT_LSFE	A64/ldst/memop/STBFMAXL_16
5409	A64	Armv8-A	FEAT_LSFE	A64/ldst/memop/STBFMINL_16
5410	A64	Armv8-A	FEAT_LSFE	A64/ldst/memop/STBFMAXNML_16
5411	A64	Armv8-A	FEAT_LSFE	A64/ldst/memop/STBFMINNML_16
5412	A64	Armv8-A	FEAT_LSFE	A64/ldst/memop/LDBFADDL_16
5413	A64	Armv8-A	FEAT_LSFE	A64/ldst/memop/LDBFMAXL_16
5414	A64	Armv8-A	FEAT_LSFE	A64/ldst/memop/LDBFMINL_16
5415	A64	Armv8-A	FEAT_LSFE	A64/ldst/memop/LDBFMAXNML_16
5416	A64	Armv8-A	FEAT_LSFE	A64/ldst/memop/LDBFMINNML_16
5417	A64	Armv8-A	FEAT_LSFE	A64/ldst/memop/LDBFADDA_16
5418	A64	Armv8-A	FEAT_LSFE	A64/ldst/memop/LDBFMAXA_16
5419	A64	Armv8-A	FEAT_LSFE	A64/ldst/memop/LDBFMINA_16
5420	A64	Armv8-A	FEAT_LSFE	A64/ldst/memop/LDBFMAXNMA_16
5421	A64	Armv8-A	FEAT_LSFE	A64/ldst/memop/LDBFMINNMA_16
5422	A64	Armv8-A	FEAT_LSFE	A64/ldst/memop/LDBFADDAL_16
5423	A64	Armv8-A	FEAT_LSFE	A64/ldst/memop/LDBFMAXAL_16
5424	A64	Armv8-A	FEAT_LSFE	A64/ldst/memop/LDBFMINAL_16
5425	A64	Armv8-A	FEAT_LSFE	A64/ldst/memop/LDBFMAXNMAL_16
5426	A64	Armv8-A	FEAT_LSFE	A64/ldst/memop/LDBFMINNMAL_16
5427	A64	Armv8-A	FEAT_LSFE	A64/ldst/memop/LDFADD_16
5428	A64	Armv8-A	FEAT_LSFE	A64/ldst/memop/LDFMAX_16
5429	A64	Armv8-A	FEAT_LSFE	A64/ldst/memop/LDFMIN_16
5430	A64	Armv8-A	FEAT_LSFE	A64/ldst/memop/LDFMAXNM_16
5431	A64	Armv8-A	FEAT_LSFE	A64/ldst/memop/LDFMINNM_16
5432	A64	Armv8-A	FEAT_LSFE	A64/ldst/memop/STFADD_16
5433	A64	Armv8-A	FEAT_LSFE	A64/ldst/memop/STFMAX_16
5434	A64	Armv8-A	FEAT_LSFE	A64/ldst/memop/STFMIN_16
5435	A64	Armv8-A	FEAT_LSFE	A64/ldst/memop/STFMAXNM_16
5436	A64	Armv8-A	FEAT_LSFE	A64/ldst/memop/STFMINNM_16
5437	A64	Armv8-A	FEAT_LSFE	A64/ldst/memop/STFADDL_16
5438	A64	Armv8-A	FEAT_LSFE	A64/ldst/memop/STFMAXL_16
5439	A64	Armv8-A	FEAT_LSFE	A64/ldst/memop/STFMINL_16
5440	A64	Armv8-A	FEAT_LSFE	A64/ldst/memop/STFMAXNML_16
5441	A64	Armv8-A	FEAT_LSFE	A64/ldst/memop/STFMINNML_16
5442	A64	Armv8-A	FEAT_LSFE	A64/ldst/memop/LDFADDL_16
5443	A64	Armv8-A	FEAT_LSFE	A64/ldst/memop/LDFMAXL_16
5444	A64	Armv8-A	FEAT_LSFE	A64/ldst/memop/LDFMINL_16
5445	A64	Armv8-A	FEAT_LSFE	A64/ldst/memop/LDFMAXNML_16
5446	A64	Armv8-A	FEAT_LSFE	A64/ldst/memop/LDFMINNML_16
5447	A64	Armv8-A	FEAT_LSFE	A64/ldst/memop/LDFADDA_16
5448	A64	Armv8-A	FEAT_LSFE	A64/ldst/memop/LDFMAXA_16
5449	A64	Armv8-A	FEAT_LSFE	A64/ldst/memop/LDFMINA_16
5450	A64	Armv8-A	FEAT_LSFE	A64/ldst/memop/LDFMAXNMA_16
5451	A64	Armv8-A	FEAT_LSFE	A64/ldst/memop/LDFMINNMA_16
5452	A64	Armv8-A	FEAT_LSFE	A64/ldst/memop/LDFADDAL_16
5453	A64	Armv8-A	FEAT_LSFE	A64/ldst/memop/LDFMAXAL_16
5454	A64	Armv8-A	FEAT_LSFE	A64/ldst/memop/LDFMINAL_16
5455	A64	Armv8-A	FEAT_LSFE	A64/ldst/memop/LDFMAXNMAL_16
5456	A64	Armv8-A	FEAT_LSFE	A64/ldst/memop/LDFMINNMAL_16
5457	A64	Armv8-A	FEAT_LSFE	A64/ldst/memop/LDFADD_32
5458	A64	Armv8-A	FEAT_LSFE	A64/ldst/memop/LDFMAX_32
5459	A64	Armv8-A	FEAT_LSFE	A64/ldst/memop/LDFMIN_32
5460	A64	Armv8-A	FEAT_LSFE	A64/ldst/memop/LDFMAXNM_32
5461	A64	Armv8-A	FEAT_LSFE	A64/ldst/memop/LDFMINNM_32
5462	A64	Armv8-A	FEAT_LSFE	A64/ldst/memop/STFADD_32
5463	A64	Armv8-A	FEAT_LSFE	A64/ldst/memop/STFMAX_32
5464	A64	Armv8-A	FEAT_LSFE	A64/ldst/memop/STFMIN_32
5465	A64	Armv8-A	FEAT_LSFE	A64/ldst/memop/STFMAXNM_32
5466	A64	Armv8-A	FEAT_LSFE	A64/ldst/memop/STFMINNM_32
5467	A64	Armv8-A	FEAT_LSFE	A64/ldst/memop/STFADDL_32
5468	A64	Armv8-A	FEAT_LSFE	A64/ldst/memop/STFMAXL_32
5469	A64	Armv8-A	FEAT_LSFE	A64/ldst/memop/STFMINL_32
5470	A64	Armv8-A	FEAT_LSFE	A64/ldst/memop/STFMAXNML_32
5471	A64	Armv8-A	FEAT_LSFE	A64/ldst/memop/STFMINNML_32
5472	A64	Armv8-A	FEAT_LSFE	A64/ldst/memop/LDFADDL_32
5473	A64	Armv8-A	FEAT_LSFE	A64/ldst/memop/LDFMAXL_32
5474	A64	Armv8-A	FEAT_LSFE	A64/ldst/memop/LDFMINL_32
5475	A64	Armv8-A	FEAT_LSFE	A64/ldst/memop/LDFMAXNML_32
5476	A64	Armv8-A	FEAT_LSFE	A64/ldst/memop/LDFMINNML_32
5477	A64	Armv8-A	FEAT_LSFE	A64/ldst/memop/LDFADDA_32
5478	A64	Armv8-A	FEAT_LSFE	A64/ldst/memop/LDFMAXA_32
5479	A64	Armv8-A	FEAT_LSFE	A64/ldst/memop/LDFMINA_32
5480	A64	Armv8-A	FEAT_LSFE	A64/ldst/memop/LDFMAXNMA_32
5481	A64	Armv8-A	FEAT_LSFE	A64/ldst/memop/LDFMINNMA_32
5482	A64	Armv8-A	FEAT_LSFE	A64/ldst/memop/LDFADDAL_32
5483	A64	Armv8-A	FEAT_LSFE	A64/ldst/memop/LDFMAXAL_32
5484	A64	Armv8-A	FEAT_LSFE	A64/ldst/memop/LDFMINAL_32
5485	A64	Armv8-A	FEAT_LSFE	A64/ldst/memop/LDFMAXNMAL_32
5486	A64	Armv8-A	FEAT_LSFE	A64/ldst/memop/LDFMINNMAL_32
5487	A64	Armv8-A	FEAT_LSFE	A64/ldst/memop/LDFADD_64
5488	A64	Armv8-A	FEAT_LSFE	A64/ldst/memop/LDFMAX_64
5489	A64	Armv8-A	FEAT_LSFE	A64/ldst/memop/LDFMIN_64
5490	A64	Armv8-A	FEAT_LSFE	A64/ldst/memop/LDFMAXNM_64
5491	A64	Armv8-A	FEAT_LSFE	A64/ldst/memop/LDFMINNM_64
5492	A64	Armv8-A	FEAT_LSFE	A64/ldst/memop/STFADD_64
5493	A64	Armv8-A	FEAT_LSFE	A64/ldst/memop/STFMAX_64
5494	A64	Armv8-A	FEAT_LSFE	A64/ldst/memop/STFMIN_64
5495	A64	Armv8-A	FEAT_LSFE	A64/ldst/memop/STFMAXNM_64
5496	A64	Armv8-A	FEAT_LSFE	A64/ldst/memop/STFMINNM_64
5497	A64	Armv8-A	FEAT_LSFE	A64/ldst/memop/STFADDL_64
5498	A64	Armv8-A	FEAT_LSFE	A64/ldst/memop/STFMAXL_64
5499	A64	Armv8-A	FEAT_LSFE	A64/ldst/memop/STFMINL_64
5500	A64	Armv8-A	FEAT_LSFE	A64/ldst/memop/STFMAXNML_64
5501	A64	Armv8-A	FEAT_LSFE	A64/ldst/memop/STFMINNML_64
5502	A64	Armv8-A	FEAT_LSFE	A64/ldst/memop/LDFADDL_64
5503	A64	Armv8-A	FEAT_LSFE	A64/ldst/memop/LDFMAXL_64
5504	A64	Armv8-A	FEAT_LSFE	A64/ldst/memop/LDFMINL_64
5505	A64	Armv8-A	FEAT_LSFE	A64/ldst/memop/LDFMAXNML_64
5506	A64	Armv8-A	FEAT_LSFE	A64/ldst/memop/LDFMINNML_64
5507	A64	Armv8-A	FEAT_LSFE	A64/ldst/memop/LDFADDA_64
5508	A64	Armv8-A	FEAT_LSFE	A64/ldst/memop/LDFMAXA_64
5509	A64	Armv8-A	FEAT_LSFE	A64/ldst/memop/LDFMINA_64
5510	A64	Armv8-A	FEAT_LSFE	A64/ldst/memop/LDFMAXNMA_64
5511	A64	Armv8-A	FEAT_LSFE	A64/ldst/memop/LDFMINNMA_64
5512	A64	Armv8-A	FEAT_LSFE	A64/ldst/memop/LDFADDAL_64
5513	A64	Armv8-A	FEAT_LSFE	A64/ldst/memop/LDFMAXAL_64
5514	A64	Armv8-A	FEAT_LSFE	A64/ldst/memop/LDFMINAL_64
5515	A64	Armv8-A	FEAT_LSFE	A64/ldst/memop/LDFMAXNMAL_64
5516	A64	Armv8-A	FEAT_LSFE	A64/ldst/memop/LDFMINNMAL_64
5517	A64	Armv8-A		A64/ldst/ldst_regoff/STRB_32B_ldst_regoff
5518	A64	Armv8-A		A64/ldst/ldst_regoff/STRB_32BL_ldst_regoff
5519	A64	Armv8-A		A64/ldst/ldst_regoff/LDRB_32B_ldst_regoff
5520	A64	Armv8-A		A64/ldst/ldst_regoff/LDRB_32BL_ldst_regoff
5521	A64	Armv8-A		A64/ldst/ldst_regoff/LDRSB_64B_ldst_regoff
5522	A64	Armv8-A		A64/ldst/ldst_regoff/LDRSB_64BL_ldst_regoff
5523	A64	Armv8-A		A64/ldst/ldst_regoff/LDRSB_32B_ldst_regoff
5524	A64	Armv8-A		A64/ldst/ldst_regoff/LDRSB_32BL_ldst_regoff
5525	A64	Armv8-A	FEAT_FP	A64/ldst/ldst_regoff/STR_B_ldst_regoff
5526	A64	Armv8-A	FEAT_FP	A64/ldst/ldst_regoff/STR_BL_ldst_regoff
5527	A64	Armv8-A	FEAT_FP	A64/ldst/ldst_regoff/LDR_B_ldst_regoff
5528	A64	Armv8-A	FEAT_FP	A64/ldst/ldst_regoff/LDR_BL_ldst_regoff
5529	A64	Armv8-A	FEAT_FP	A64/ldst/ldst_regoff/STR_Q_ldst_regoff
5530	A64	Armv8-A	FEAT_FP	A64/ldst/ldst_regoff/LDR_Q_ldst_regoff
5531	A64	Armv8-A		A64/ldst/ldst_regoff/STRH_32_ldst_regoff
5532	A64	Armv8-A		A64/ldst/ldst_regoff/LDRH_32_ldst_regoff
5533	A64	Armv8-A		A64/ldst/ldst_regoff/LDRSH_64_ldst_regoff
5534	A64	Armv8-A		A64/ldst/ldst_regoff/LDRSH_32_ldst_regoff
5535	A64	Armv8-A	FEAT_FP	A64/ldst/ldst_regoff/STR_H_ldst_regoff
5536	A64	Armv8-A	FEAT_FP	A64/ldst/ldst_regoff/LDR_H_ldst_regoff
5537	A64	Armv8-A		A64/ldst/ldst_regoff/STR_32_ldst_regoff
5538	A64	Armv8-A		A64/ldst/ldst_regoff/LDR_32_ldst_regoff
5539	A64	Armv8-A		A64/ldst/ldst_regoff/LDRSW_64_ldst_regoff
5540	A64	Armv8-A	FEAT_FP	A64/ldst/ldst_regoff/STR_S_ldst_regoff
5541	A64	Armv8-A	FEAT_FP	A64/ldst/ldst_regoff/LDR_S_ldst_regoff
5542	A64	Armv8-A		A64/ldst/ldst_regoff/STR_64_ldst_regoff
5543	A64	Armv8-A		A64/ldst/ldst_regoff/LDR_64_ldst_regoff
5544	A64	Armv8-A		A64/ldst/ldst_regoff/PRFM_P_ldst_regoff
5545	A64	Armv8-A	FEAT_RPRFM	A64/ldst/ldst_regoff/RPRFM_R_ldst_regoff
5546	A64	Armv8-A	FEAT_FP	A64/ldst/ldst_regoff/STR_D_ldst_regoff
5547	A64	Armv8-A	FEAT_FP	A64/ldst/ldst_regoff/LDR_D_ldst_regoff
5548	A64	Armv8-A	FEAT_PAuth	A64/ldst/ldst_pac/LDRAA_64_ldst_pac
5549	A64	Armv8-A	FEAT_PAuth	A64/ldst/ldst_pac/LDRAA_64W_ldst_pac
5550	A64	Armv8-A	FEAT_PAuth	A64/ldst/ldst_pac/LDRAB_64_ldst_pac
5551	A64	Armv8-A	FEAT_PAuth	A64/ldst/ldst_pac/LDRAB_64W_ldst_pac
5552	A64	Armv8-A		A64/ldst/ldst_pos/STRB_32_ldst_pos
5553	A64	Armv8-A		A64/ldst/ldst_pos/LDRB_32_ldst_pos
5554	A64	Armv8-A		A64/ldst/ldst_pos/LDRSB_64_ldst_pos
5555	A64	Armv8-A		A64/ldst/ldst_pos/LDRSB_32_ldst_pos
5556	A64	Armv8-A	FEAT_FP	A64/ldst/ldst_pos/STR_B_ldst_pos
5557	A64	Armv8-A	FEAT_FP	A64/ldst/ldst_pos/LDR_B_ldst_pos
5558	A64	Armv8-A	FEAT_FP	A64/ldst/ldst_pos/STR_Q_ldst_pos
5559	A64	Armv8-A	FEAT_FP	A64/ldst/ldst_pos/LDR_Q_ldst_pos
5560	A64	Armv8-A		A64/ldst/ldst_pos/STRH_32_ldst_pos
5561	A64	Armv8-A		A64/ldst/ldst_pos/LDRH_32_ldst_pos
5562	A64	Armv8-A		A64/ldst/ldst_pos/LDRSH_64_ldst_pos
5563	A64	Armv8-A		A64/ldst/ldst_pos/LDRSH_32_ldst_pos
5564	A64	Armv8-A	FEAT_FP	A64/ldst/ldst_pos/STR_H_ldst_pos
5565	A64	Armv8-A	FEAT_FP	A64/ldst/ldst_pos/LDR_H_ldst_pos
5566	A64	Armv8-A		A64/ldst/ldst_pos/STR_32_ldst_pos
5567	A64	Armv8-A		A64/ldst/ldst_pos/LDR_32_ldst_pos
5568	A64	Armv8-A		A64/ldst/ldst_pos/LDRSW_64_ldst_pos
5569	A64	Armv8-A	FEAT_FP	A64/ldst/ldst_pos/STR_S_ldst_pos
5570	A64	Armv8-A	FEAT_FP	A64/ldst/ldst_pos/LDR_S_ldst_pos
5571	A64	Armv8-A		A64/ldst/ldst_pos/STR_64_ldst_pos
5572	A64	Armv8-A		A64/ldst/ldst_pos/LDR_64_ldst_pos
5573	A64	Armv8-A		A64/ldst/ldst_pos/PRFM_P_ldst_pos
5574	A64	Armv8-A	FEAT_FP	A64/ldst/ldst_pos/STR_D_ldst_pos
5575	A64	Armv8-A	FEAT_FP	A64/ldst/ldst_pos/LDR_D_ldst_pos
5576	A64	Armv8-A		A64/dpreg/dp_2src/UDIV_32_dp_2src
5577	A64	Armv8-A		A64/dpreg/dp_2src/SDIV_32_dp_2src
5578	A64	Armv8-A		A64/dpreg/dp_2src/LSLV_32_dp_2src
5579	A64	Armv8-A		A64/dpreg/dp_2src/LSRV_32_dp_2src
5580	A64	Armv8-A		A64/dpreg/dp_2src/ASRV_32_dp_2src
5581	A64	Armv8-A		A64/dpreg/dp_2src/RORV_32_dp_2src
5582	A64	Armv8-A	FEAT_CRC32	A64/dpreg/dp_2src/CRC32B_32C_dp_2src
5583	A64	Armv8-A	FEAT_CRC32	A64/dpreg/dp_2src/CRC32H_32C_dp_2src
5584	A64	Armv8-A	FEAT_CRC32	A64/dpreg/dp_2src/CRC32W_32C_dp_2src
5585	A64	Armv8-A	FEAT_CRC32	A64/dpreg/dp_2src/CRC32CB_32C_dp_2src
5586	A64	Armv8-A	FEAT_CRC32	A64/dpreg/dp_2src/CRC32CH_32C_dp_2src
5587	A64	Armv8-A	FEAT_CRC32	A64/dpreg/dp_2src/CRC32CW_32C_dp_2src
5588	A64	Armv8-A	FEAT_CSSC	A64/dpreg/dp_2src/SMAX_32_dp_2src
5589	A64	Armv8-A	FEAT_CSSC	A64/dpreg/dp_2src/UMAX_32_dp_2src
5590	A64	Armv8-A	FEAT_CSSC	A64/dpreg/dp_2src/SMIN_32_dp_2src
5591	A64	Armv8-A	FEAT_CSSC	A64/dpreg/dp_2src/UMIN_32_dp_2src
5592	A64	Armv8-A	FEAT_MTE	A64/dpreg/dp_2src/SUBP_64S_dp_2src
5593	A64	Armv8-A		A64/dpreg/dp_2src/UDIV_64_dp_2src
5594	A64	Armv8-A		A64/dpreg/dp_2src/SDIV_64_dp_2src
5595	A64	Armv8-A	FEAT_MTE	A64/dpreg/dp_2src/IRG_64I_dp_2src
5596	A64	Armv8-A	FEAT_MTE	A64/dpreg/dp_2src/GMI_64G_dp_2src
5597	A64	Armv8-A		A64/dpreg/dp_2src/LSLV_64_dp_2src
5598	A64	Armv8-A		A64/dpreg/dp_2src/LSRV_64_dp_2src
5599	A64	Armv8-A		A64/dpreg/dp_2src/ASRV_64_dp_2src
5600	A64	Armv8-A		A64/dpreg/dp_2src/RORV_64_dp_2src
5601	A64	Armv8-A	FEAT_PAuth	A64/dpreg/dp_2src/PACGA_64P_dp_2src
5602	A64	Armv8-A	FEAT_CRC32	A64/dpreg/dp_2src/CRC32X_64C_dp_2src
5603	A64	Armv8-A	FEAT_CRC32	A64/dpreg/dp_2src/CRC32CX_64C_dp_2src
5604	A64	Armv8-A	FEAT_CSSC	A64/dpreg/dp_2src/SMAX_64_dp_2src
5605	A64	Armv8-A	FEAT_CSSC	A64/dpreg/dp_2src/UMAX_64_dp_2src
5606	A64	Armv8-A	FEAT_CSSC	A64/dpreg/dp_2src/SMIN_64_dp_2src
5607	A64	Armv8-A	FEAT_CSSC	A64/dpreg/dp_2src/UMIN_64_dp_2src
5608	A64	Armv8-A	FEAT_MTE	A64/dpreg/dp_2src/SUBPS_64S_dp_2src
5609	A64	Armv8-A		A64/dpreg/dp_1src/RBIT_32_dp_1src
5610	A64	Armv8-A		A64/dpreg/dp_1src/REV16_32_dp_1src
5611	A64	Armv8-A		A64/dpreg/dp_1src/REV_32_dp_1src
5612	A64	Armv8-A		A64/dpreg/dp_1src/CLZ_32_dp_1src
5613	A64	Armv8-A		A64/dpreg/dp_1src/CLS_32_dp_1src
5614	A64	Armv8-A	FEAT_CSSC	A64/dpreg/dp_1src/CTZ_32_dp_1src
5615	A64	Armv8-A	FEAT_CSSC	A64/dpreg/dp_1src/CNT_32_dp_1src
5616	A64	Armv8-A	FEAT_CSSC	A64/dpreg/dp_1src/ABS_32_dp_1src
5617	A64	Armv8-A		A64/dpreg/dp_1src/RBIT_64_dp_1src
5618	A64	Armv8-A		A64/dpreg/dp_1src/REV16_64_dp_1src
5619	A64	Armv8-A		A64/dpreg/dp_1src/REV32_64_dp_1src
5620	A64	Armv8-A		A64/dpreg/dp_1src/REV_64_dp_1src
5621	A64	Armv8-A		A64/dpreg/dp_1src/CLZ_64_dp_1src
5622	A64	Armv8-A		A64/dpreg/dp_1src/CLS_64_dp_1src
5623	A64	Armv8-A	FEAT_CSSC	A64/dpreg/dp_1src/CTZ_64_dp_1src
5624	A64	Armv8-A	FEAT_CSSC	A64/dpreg/dp_1src/CNT_64_dp_1src
5625	A64	Armv8-A	FEAT_CSSC	A64/dpreg/dp_1src/ABS_64_dp_1src
5626	A64	Armv8-A	FEAT_PAuth	A64/dpreg/dp_1src/PACIA_64P_dp_1src
5627	A64	Armv8-A	FEAT_PAuth	A64/dpreg/dp_1src/PACIB_64P_dp_1src
5628	A64	Armv8-A	FEAT_PAuth	A64/dpreg/dp_1src/PACDA_64P_dp_1src
5629	A64	Armv8-A	FEAT_PAuth	A64/dpreg/dp_1src/PACDB_64P_dp_1src
5630	A64	Armv8-A	FEAT_PAuth	A64/dpreg/dp_1src/AUTIA_64P_dp_1src
5631	A64	Armv8-A	FEAT_PAuth	A64/dpreg/dp_1src/AUTIB_64P_dp_1src
5632	A64	Armv8-A	FEAT_PAuth	A64/dpreg/dp_1src/AUTDA_64P_dp_1src
5633	A64	Armv8-A	FEAT_PAuth	A64/dpreg/dp_1src/AUTDB_64P_dp_1src
5634	A64	Armv8-A	FEAT_PAuth	A64/dpreg/dp_1src/PACIZA_64Z_dp_1src
5635	A64	Armv8-A	FEAT_PAuth	A64/dpreg/dp_1src/PACIZB_64Z_dp_1src
5636	A64	Armv8-A	FEAT_PAuth	A64/dpreg/dp_1src/PACDZA_64Z_dp_1src
5637	A64	Armv8-A	FEAT_PAuth	A64/dpreg/dp_1src/PACDZB_64Z_dp_1src
5638	A64	Armv8-A	FEAT_PAuth	A64/dpreg/dp_1src/AUTIZA_64Z_dp_1src
5639	A64	Armv8-A	FEAT_PAuth	A64/dpreg/dp_1src/AUTIZB_64Z_dp_1src
5640	A64	Armv8-A	FEAT_PAuth	A64/dpreg/dp_1src/AUTDZA_64Z_dp_1src
5641	A64	Armv8-A	FEAT_PAuth	A64/dpreg/dp_1src/AUTDZB_64Z_dp_1src
5642	A64	Armv8-A	FEAT_PAuth	A64/dpreg/dp_1src/XPACI_64Z_dp_1src
5643	A64	Armv8-A	FEAT_PAuth	A64/dpreg/dp_1src/XPACD_64Z_dp_1src
5644	A64	Armv8-A	FEAT_PAuth_LR	A64/dpreg/dp_1src/PACNBIASPPC_64LR_dp_1src
5645	A64	Armv8-A	FEAT_PAuth_LR	A64/dpreg/dp_1src/PACNBIBSPPC_64LR_dp_1src
5646	A64	Armv8-A	FEAT_PAuth_LR	A64/dpreg/dp_1src/PACIA171615_64LR_dp_1src
5647	A64	Armv8-A	FEAT_PAuth_LR	A64/dpreg/dp_1src/PACIB171615_64LR_dp_1src
5648	A64	Armv8-A	FEAT_PAuth_LR	A64/dpreg/dp_1src/AUTIASPPCR_64LRR_dp_1src
5649	A64	Armv8-A	FEAT_PAuth_LR	A64/dpreg/dp_1src/AUTIBSPPCR_64LRR_dp_1src
5650	A64	Armv8-A	FEAT_PAuth_LR	A64/dpreg/dp_1src/PACIASPPC_64LR_dp_1src
5651	A64	Armv8-A	FEAT_PAuth_LR	A64/dpreg/dp_1src/PACIBSPPC_64LR_dp_1src
5652	A64	Armv8-A	FEAT_PAuth_LR	A64/dpreg/dp_1src/AUTIA171615_64LR_dp_1src
5653	A64	Armv8-A	FEAT_PAuth_LR	A64/dpreg/dp_1src/AUTIB171615_64LR_dp_1src
5654	A64	Armv8-A		A64/dpreg/log_shift/AND_32_log_shift
5655	A64	Armv8-A		A64/dpreg/log_shift/BIC_32_log_shift
5656	A64	Armv8-A		A64/dpreg/log_shift/ORR_32_log_shift
5657	A64	Armv8-A		A64/dpreg/log_shift/ORN_32_log_shift
5658	A64	Armv8-A		A64/dpreg/log_shift/EOR_32_log_shift
5659	A64	Armv8-A		A64/dpreg/log_shift/EON_32_log_shift
5660	A64	Armv8-A		A64/dpreg/log_shift/ANDS_32_log_shift
5661	A64	Armv8-A		A64/dpreg/log_shift/BICS_32_log_shift
5662	A64	Armv8-A		A64/dpreg/log_shift/AND_64_log_shift
5663	A64	Armv8-A		A64/dpreg/log_shift/BIC_64_log_shift
5664	A64	Armv8-A		A64/dpreg/log_shift/ORR_64_log_shift
5665	A64	Armv8-A		A64/dpreg/log_shift/ORN_64_log_shift
5666	A64	Armv8-A		A64/dpreg/log_shift/EOR_64_log_shift
5667	A64	Armv8-A		A64/dpreg/log_shift/EON_64_log_shift
5668	A64	Armv8-A		A64/dpreg/log_shift/ANDS_64_log_shift
5669	A64	Armv8-A		A64/dpreg/log_shift/BICS_64_log_shift
5670	A64	Armv8-A		A64/dpreg/addsub_shift/ADD_32_addsub_shift
5671	A64	Armv8-A		A64/dpreg/addsub_shift/ADDS_32_addsub_shift
5672	A64	Armv8-A		A64/dpreg/addsub_shift/SUB_32_addsub_shift
5673	A64	Armv8-A		A64/dpreg/addsub_shift/SUBS_32_addsub_shift
5674	A64	Armv8-A		A64/dpreg/addsub_shift/ADD_64_addsub_shift
5675	A64	Armv8-A		A64/dpreg/addsub_shift/ADDS_64_addsub_shift
5676	A64	Armv8-A		A64/dpreg/addsub_shift/SUB_64_addsub_shift
5677	A64	Armv8-A		A64/dpreg/addsub_shift/SUBS_64_addsub_shift
5678	A64	Armv8-A		A64/dpreg/addsub_ext/ADD_32_addsub_ext
5679	A64	Armv8-A		A64/dpreg/addsub_ext/ADDS_32S_addsub_ext
5680	A64	Armv8-A		A64/dpreg/addsub_ext/SUB_32_addsub_ext
5681	A64	Armv8-A		A64/dpreg/addsub_ext/SUBS_32S_addsub_ext
5682	A64	Armv8-A		A64/dpreg/addsub_ext/ADD_64_addsub_ext
5683	A64	Armv8-A		A64/dpreg/addsub_ext/ADDS_64S_addsub_ext
5684	A64	Armv8-A		A64/dpreg/addsub_ext/SUB_64_addsub_ext
5685	A64	Armv8-A		A64/dpreg/addsub_ext/SUBS_64S_addsub_ext
5686	A64	Armv8-A		A64/dpreg/addsub_carry/ADC_32_addsub_carry
5687	A64	Armv8-A		A64/dpreg/addsub_carry/ADCS_32_addsub_carry
5688	A64	Armv8-A		A64/dpreg/addsub_carry/SBC_32_addsub_carry
5689	A64	Armv8-A		A64/dpreg/addsub_carry/SBCS_32_addsub_carry
5690	A64	Armv8-A		A64/dpreg/addsub_carry/ADC_64_addsub_carry
5691	A64	Armv8-A		A64/dpreg/addsub_carry/ADCS_64_addsub_carry
5692	A64	Armv8-A		A64/dpreg/addsub_carry/SBC_64_addsub_carry
5693	A64	Armv8-A		A64/dpreg/addsub_carry/SBCS_64_addsub_carry
5694	A64	Armv8-A	FEAT_CPA	A64/dpreg/addsub_pt/ADDPT_64_addsub_pt
5695	A64	Armv8-A	FEAT_CPA	A64/dpreg/addsub_pt/SUBPT_64_addsub_pt
5696	A64	Armv8-A	FEAT_FlagM	A64/dpreg/rmif/RMIF_only_rmif
5697	A64	Armv8-A	FEAT_FlagM	A64/dpreg/setf/SETF8_only_setf
5698	A64	Armv8-A	FEAT_FlagM	A64/dpreg/setf/SETF16_only_setf
5699	A64	Armv8-A		A64/dpreg/condcmp_reg/CCMN_32_condcmp_reg
5700	A64	Armv8-A		A64/dpreg/condcmp_reg/CCMP_32_condcmp_reg
5701	A64	Armv8-A		A64/dpreg/condcmp_reg/CCMN_64_condcmp_reg
5702	A64	Armv8-A		A64/dpreg/condcmp_reg/CCMP_64_condcmp_reg
5703	A64	Armv8-A		A64/dpreg/condcmp_imm/CCMN_32_condcmp_imm
5704	A64	Armv8-A		A64/dpreg/condcmp_imm/CCMP_32_condcmp_imm
5705	A64	Armv8-A		A64/dpreg/condcmp_imm/CCMN_64_condcmp_imm
5706	A64	Armv8-A		A64/dpreg/condcmp_imm/CCMP_64_condcmp_imm
5707	A64	Armv8-A		A64/dpreg/condsel/CSEL_32_condsel
5708	A64	Armv8-A		A64/dpreg/condsel/CSINC_32_condsel
5709	A64	Armv8-A		A64/dpreg/condsel/CSINV_32_condsel
5710	A64	Armv8-A		A64/dpreg/condsel/CSNEG_32_condsel
5711	A64	Armv8-A		A64/dpreg/condsel/CSEL_64_condsel
5712	A64	Armv8-A		A64/dpreg/condsel/CSINC_64_condsel
5713	A64	Armv8-A		A64/dpreg/condsel/CSINV_64_condsel
5714	A64	Armv8-A		A64/dpreg/condsel/CSNEG_64_condsel
5715	A64	Armv8-A		A64/dpreg/dp_3src/MADD_32A_dp_3src
5716	A64	Armv8-A		A64/dpreg/dp_3src/MSUB_32A_dp_3src
5717	A64	Armv8-A		A64/dpreg/dp_3src/MADD_64A_dp_3src
5718	A64	Armv8-A		A64/dpreg/dp_3src/MSUB_64A_dp_3src
5719	A64	Armv8-A		A64/dpreg/dp_3src/SMADDL_64WA_dp_3src
5720	A64	Armv8-A		A64/dpreg/dp_3src/SMSUBL_64WA_dp_3src
5721	A64	Armv8-A		A64/dpreg/dp_3src/SMULH_64_dp_3src
5722	A64	Armv8-A	FEAT_CPA	A64/dpreg/dp_3src/MADDPT_64A_dp_3src
5723	A64	Armv8-A	FEAT_CPA	A64/dpreg/dp_3src/MSUBPT_64A_dp_3src
5724	A64	Armv8-A		A64/dpreg/dp_3src/UMADDL_64WA_dp_3src
5725	A64	Armv8-A		A64/dpreg/dp_3src/UMSUBL_64WA_dp_3src
5726	A64	Armv8-A		A64/dpreg/dp_3src/UMULH_64_dp_3src
5727	A64	Armv8-A	FEAT_AES	A64/simd_dp/cryptoaes/AESE_B_cryptoaes
5728	A64	Armv8-A	FEAT_AES	A64/simd_dp/cryptoaes/AESD_B_cryptoaes
5729	A64	Armv8-A	FEAT_AES	A64/simd_dp/cryptoaes/AESMC_B_cryptoaes
5730	A64	Armv8-A	FEAT_AES	A64/simd_dp/cryptoaes/AESIMC_B_cryptoaes
5731	A64	Armv8-A	FEAT_SHA1	A64/simd_dp/cryptosha3/SHA1C_QSV_cryptosha3
5732	A64	Armv8-A	FEAT_SHA1	A64/simd_dp/cryptosha3/SHA1P_QSV_cryptosha3
5733	A64	Armv8-A	FEAT_SHA1	A64/simd_dp/cryptosha3/SHA1M_QSV_cryptosha3
5734	A64	Armv8-A	FEAT_SHA1	A64/simd_dp/cryptosha3/SHA1SU0_VVV_cryptosha3
5735	A64	Armv8-A	FEAT_SHA256	A64/simd_dp/cryptosha3/SHA256H_QQV_cryptosha3
5736	A64	Armv8-A	FEAT_SHA256	A64/simd_dp/cryptosha3/SHA256H2_QQV_cryptosha3
5737	A64	Armv8-A	FEAT_SHA256	A64/simd_dp/cryptosha3/SHA256SU1_VVV_cryptosha3
5738	A64	Armv8-A	FEAT_SHA1	A64/simd_dp/cryptosha2/SHA1H_SS_cryptosha2
5739	A64	Armv8-A	FEAT_SHA1	A64/simd_dp/cryptosha2/SHA1SU1_VV_cryptosha2
5740	A64	Armv8-A	FEAT_SHA256	A64/simd_dp/cryptosha2/SHA256SU0_VV_cryptosha2
5741	A64	Armv8-A	FEAT_AdvSIMD	A64/simd_dp/asisdone/DUP_asisdone_only
5742	A64	Armv8-A	FEAT_AdvSIMD,FEAT_FP16	A64/simd_dp/asisdsamefp16/FMULX_asisdsamefp16_only
5743	A64	Armv8-A	FEAT_AdvSIMD,FEAT_FP16	A64/simd_dp/asisdsamefp16/FCMEQ_asisdsamefp16_only
5744	A64	Armv8-A	FEAT_AdvSIMD,FEAT_FP16	A64/simd_dp/asisdsamefp16/FRECPS_asisdsamefp16_only
5745	A64	Armv8-A	FEAT_AdvSIMD,FEAT_FP16	A64/simd_dp/asisdsamefp16/FRSQRTS_asisdsamefp16_only
5746	A64	Armv8-A	FEAT_AdvSIMD,FEAT_FP16	A64/simd_dp/asisdsamefp16/FCMGE_asisdsamefp16_only
5747	A64	Armv8-A	FEAT_AdvSIMD,FEAT_FP16	A64/simd_dp/asisdsamefp16/FACGE_asisdsamefp16_only
5748	A64	Armv8-A	FEAT_AdvSIMD,FEAT_FP16	A64/simd_dp/asisdsamefp16/FABD_asisdsamefp16_only
5749	A64	Armv8-A	FEAT_AdvSIMD,FEAT_FP16	A64/simd_dp/asisdsamefp16/FCMGT_asisdsamefp16_only
5750	A64	Armv8-A	FEAT_AdvSIMD,FEAT_FP16	A64/simd_dp/asisdsamefp16/FACGT_asisdsamefp16_only
5751	A64	Armv8-A	FEAT_AdvSIMD,FEAT_FP16	A64/simd_dp/asisdmiscfp16/FCVTNS_asisdmiscfp16_R
5752	A64	Armv8-A	FEAT_AdvSIMD,FEAT_FP16	A64/simd_dp/asisdmiscfp16/FCVTMS_asisdmiscfp16_R
5753	A64	Armv8-A	FEAT_AdvSIMD,FEAT_FP16	A64/simd_dp/asisdmiscfp16/FCVTAS_asisdmiscfp16_R
5754	A64	Armv8-A	FEAT_AdvSIMD,FEAT_FP16	A64/simd_dp/asisdmiscfp16/SCVTF_asisdmiscfp16_R
5755	A64	Armv8-A	FEAT_AdvSIMD,FEAT_FP16	A64/simd_dp/asisdmiscfp16/FCMGT_asisdmiscfp16_FZ
5756	A64	Armv8-A	FEAT_AdvSIMD,FEAT_FP16	A64/simd_dp/asisdmiscfp16/FCMEQ_asisdmiscfp16_FZ
5757	A64	Armv8-A	FEAT_AdvSIMD,FEAT_FP16	A64/simd_dp/asisdmiscfp16/FCMLT_asisdmiscfp16_FZ
5758	A64	Armv8-A	FEAT_AdvSIMD,FEAT_FP16	A64/simd_dp/asisdmiscfp16/FCVTPS_asisdmiscfp16_R
5759	A64	Armv8-A	FEAT_AdvSIMD,FEAT_FP16	A64/simd_dp/asisdmiscfp16/FCVTZS_asisdmiscfp16_R
5760	A64	Armv8-A	FEAT_AdvSIMD,FEAT_FP16	A64/simd_dp/asisdmiscfp16/FRECPE_asisdmiscfp16_R
5761	A64	Armv8-A	FEAT_AdvSIMD,FEAT_FP16	A64/simd_dp/asisdmiscfp16/FRECPX_asisdmiscfp16_R
5762	A64	Armv8-A	FEAT_AdvSIMD,FEAT_FP16	A64/simd_dp/asisdmiscfp16/FCVTNU_asisdmiscfp16_R
5763	A64	Armv8-A	FEAT_AdvSIMD,FEAT_FP16	A64/simd_dp/asisdmiscfp16/FCVTMU_asisdmiscfp16_R
5764	A64	Armv8-A	FEAT_AdvSIMD,FEAT_FP16	A64/simd_dp/asisdmiscfp16/FCVTAU_asisdmiscfp16_R
5765	A64	Armv8-A	FEAT_AdvSIMD,FEAT_FP16	A64/simd_dp/asisdmiscfp16/UCVTF_asisdmiscfp16_R
5766	A64	Armv8-A	FEAT_AdvSIMD,FEAT_FP16	A64/simd_dp/asisdmiscfp16/FCMGE_asisdmiscfp16_FZ
5767	A64	Armv8-A	FEAT_AdvSIMD,FEAT_FP16	A64/simd_dp/asisdmiscfp16/FCMLE_asisdmiscfp16_FZ
5768	A64	Armv8-A	FEAT_AdvSIMD,FEAT_FP16	A64/simd_dp/asisdmiscfp16/FCVTPU_asisdmiscfp16_R
5769	A64	Armv8-A	FEAT_AdvSIMD,FEAT_FP16	A64/simd_dp/asisdmiscfp16/FCVTZU_asisdmiscfp16_R
5770	A64	Armv8-A	FEAT_AdvSIMD,FEAT_FP16	A64/simd_dp/asisdmiscfp16/FRSQRTE_asisdmiscfp16_R
5771	A64	Armv8-A	FEAT_RDM	A64/simd_dp/asisdsame2/SQRDMLAH_asisdsame2_only
5772	A64	Armv8-A	FEAT_RDM	A64/simd_dp/asisdsame2/SQRDMLSH_asisdsame2_only
5773	A64	Armv8-A	FEAT_AdvSIMD	A64/simd_dp/asisdmisc/SUQADD_asisdmisc_R
5774	A64	Armv8-A	FEAT_AdvSIMD	A64/simd_dp/asisdmisc/SQABS_asisdmisc_R
5775	A64	Armv8-A	FEAT_AdvSIMD	A64/simd_dp/asisdmisc/CMGT_asisdmisc_Z
5776	A64	Armv8-A	FEAT_AdvSIMD	A64/simd_dp/asisdmisc/CMEQ_asisdmisc_Z
5777	A64	Armv8-A	FEAT_AdvSIMD	A64/simd_dp/asisdmisc/CMLT_asisdmisc_Z
5778	A64	Armv8-A	FEAT_AdvSIMD	A64/simd_dp/asisdmisc/ABS_asisdmisc_R
5779	A64	Armv8-A	FEAT_AdvSIMD	A64/simd_dp/asisdmisc/SQXTN_asisdmisc_N
5780	A64	Armv8-A	FEAT_AdvSIMD	A64/simd_dp/asisdmisc/FCVTNS_asisdmisc_R
5781	A64	Armv8-A	FEAT_AdvSIMD	A64/simd_dp/asisdmisc/FCVTMS_asisdmisc_R
5782	A64	Armv8-A	FEAT_AdvSIMD	A64/simd_dp/asisdmisc/FCVTAS_asisdmisc_R
5783	A64	Armv8-A	FEAT_AdvSIMD	A64/simd_dp/asisdmisc/SCVTF_asisdmisc_R
5784	A64	Armv8-A	FEAT_AdvSIMD	A64/simd_dp/asisdmisc/FCMGT_asisdmisc_FZ
5785	A64	Armv8-A	FEAT_AdvSIMD	A64/simd_dp/asisdmisc/FCMEQ_asisdmisc_FZ
5786	A64	Armv8-A	FEAT_AdvSIMD	A64/simd_dp/asisdmisc/FCMLT_asisdmisc_FZ
5787	A64	Armv8-A	FEAT_AdvSIMD	A64/simd_dp/asisdmisc/FCVTPS_asisdmisc_R
5788	A64	Armv8-A	FEAT_AdvSIMD	A64/simd_dp/asisdmisc/FCVTZS_asisdmisc_R
5789	A64	Armv8-A	FEAT_AdvSIMD	A64/simd_dp/asisdmisc/FRECPE_asisdmisc_R
5790	A64	Armv8-A	FEAT_AdvSIMD	A64/simd_dp/asisdmisc/FRECPX_asisdmisc_R
5791	A64	Armv8-A	FEAT_AdvSIMD	A64/simd_dp/asisdmisc/USQADD_asisdmisc_R
5792	A64	Armv8-A	FEAT_AdvSIMD	A64/simd_dp/asisdmisc/SQNEG_asisdmisc_R
5793	A64	Armv8-A	FEAT_AdvSIMD	A64/simd_dp/asisdmisc/CMGE_asisdmisc_Z
5794	A64	Armv8-A	FEAT_AdvSIMD	A64/simd_dp/asisdmisc/CMLE_asisdmisc_Z
5795	A64	Armv8-A	FEAT_AdvSIMD	A64/simd_dp/asisdmisc/NEG_asisdmisc_R
5796	A64	Armv8-A	FEAT_AdvSIMD	A64/simd_dp/asisdmisc/SQXTUN_asisdmisc_N
5797	A64	Armv8-A	FEAT_AdvSIMD	A64/simd_dp/asisdmisc/UQXTN_asisdmisc_N
5798	A64	Armv8-A	FEAT_AdvSIMD	A64/simd_dp/asisdmisc/FCVTXN_asisdmisc_N
5799	A64	Armv8-A	FEAT_AdvSIMD	A64/simd_dp/asisdmisc/FCVTNU_asisdmisc_R
5800	A64	Armv8-A	FEAT_AdvSIMD	A64/simd_dp/asisdmisc/FCVTMU_asisdmisc_R
5801	A64	Armv8-A	FEAT_AdvSIMD	A64/simd_dp/asisdmisc/FCVTAU_asisdmisc_R
5802	A64	Armv8-A	FEAT_AdvSIMD	A64/simd_dp/asisdmisc/UCVTF_asisdmisc_R
5803	A64	Armv8-A	FEAT_AdvSIMD	A64/simd_dp/asisdmisc/FCMGE_asisdmisc_FZ
5804	A64	Armv8-A	FEAT_AdvSIMD	A64/simd_dp/asisdmisc/FCMLE_asisdmisc_FZ
5805	A64	Armv8-A	FEAT_AdvSIMD	A64/simd_dp/asisdmisc/FCVTPU_asisdmisc_R
5806	A64	Armv8-A	FEAT_AdvSIMD	A64/simd_dp/asisdmisc/FCVTZU_asisdmisc_R
5807	A64	Armv8-A	FEAT_AdvSIMD	A64/simd_dp/asisdmisc/FRSQRTE_asisdmisc_R
5808	A64	Armv8-A	FEAT_AdvSIMD	A64/simd_dp/asisdpair/ADDP_asisdpair_only
5809	A64	Armv8-A	FEAT_AdvSIMD,FEAT_FP16	A64/simd_dp/asisdpair/FMAXNMP_asisdpair_only_H
5810	A64	Armv8-A	FEAT_AdvSIMD,FEAT_FP16	A64/simd_dp/asisdpair/FADDP_asisdpair_only_H
5811	A64	Armv8-A	FEAT_AdvSIMD,FEAT_FP16	A64/simd_dp/asisdpair/FMAXP_asisdpair_only_H
5812	A64	Armv8-A	FEAT_AdvSIMD,FEAT_FP16	A64/simd_dp/asisdpair/FMINNMP_asisdpair_only_H
5813	A64	Armv8-A	FEAT_AdvSIMD,FEAT_FP16	A64/simd_dp/asisdpair/FMINP_asisdpair_only_H
5814	A64	Armv8-A	FEAT_AdvSIMD	A64/simd_dp/asisdpair/FMAXNMP_asisdpair_only_SD
5815	A64	Armv8-A	FEAT_AdvSIMD	A64/simd_dp/asisdpair/FADDP_asisdpair_only_SD
5816	A64	Armv8-A	FEAT_AdvSIMD	A64/simd_dp/asisdpair/FMAXP_asisdpair_only_SD
5817	A64	Armv8-A	FEAT_AdvSIMD	A64/simd_dp/asisdpair/FMINNMP_asisdpair_only_SD
5818	A64	Armv8-A	FEAT_AdvSIMD	A64/simd_dp/asisdpair/FMINP_asisdpair_only_SD
5819	A64	Armv8-A	FEAT_AdvSIMD	A64/simd_dp/asisddiff/SQDMLAL_asisddiff_only
5820	A64	Armv8-A	FEAT_AdvSIMD	A64/simd_dp/asisddiff/SQDMLSL_asisddiff_only
5821	A64	Armv8-A	FEAT_AdvSIMD	A64/simd_dp/asisddiff/SQDMULL_asisddiff_only
5822	A64	Armv8-A	FEAT_AdvSIMD	A64/simd_dp/asisdsame/SQADD_asisdsame_only
5823	A64	Armv8-A	FEAT_AdvSIMD	A64/simd_dp/asisdsame/SQSUB_asisdsame_only
5824	A64	Armv8-A	FEAT_AdvSIMD	A64/simd_dp/asisdsame/CMGT_asisdsame_only
5825	A64	Armv8-A	FEAT_AdvSIMD	A64/simd_dp/asisdsame/CMGE_asisdsame_only
5826	A64	Armv8-A	FEAT_AdvSIMD	A64/simd_dp/asisdsame/SSHL_asisdsame_only
5827	A64	Armv8-A	FEAT_AdvSIMD	A64/simd_dp/asisdsame/SQSHL_asisdsame_only
5828	A64	Armv8-A	FEAT_AdvSIMD	A64/simd_dp/asisdsame/SRSHL_asisdsame_only
5829	A64	Armv8-A	FEAT_AdvSIMD	A64/simd_dp/asisdsame/SQRSHL_asisdsame_only
5830	A64	Armv8-A	FEAT_AdvSIMD	A64/simd_dp/asisdsame/ADD_asisdsame_only
5831	A64	Armv8-A	FEAT_AdvSIMD	A64/simd_dp/asisdsame/CMTST_asisdsame_only
5832	A64	Armv8-A	FEAT_AdvSIMD	A64/simd_dp/asisdsame/SQDMULH_asisdsame_only
5833	A64	Armv8-A	FEAT_AdvSIMD	A64/simd_dp/asisdsame/FMULX_asisdsame_only
5834	A64	Armv8-A	FEAT_AdvSIMD	A64/simd_dp/asisdsame/FCMEQ_asisdsame_only
5835	A64	Armv8-A	FEAT_AdvSIMD	A64/simd_dp/asisdsame/FRECPS_asisdsame_only
5836	A64	Armv8-A	FEAT_AdvSIMD	A64/simd_dp/asisdsame/FRSQRTS_asisdsame_only
5837	A64	Armv8-A	FEAT_AdvSIMD	A64/simd_dp/asisdsame/UQADD_asisdsame_only
5838	A64	Armv8-A	FEAT_AdvSIMD	A64/simd_dp/asisdsame/UQSUB_asisdsame_only
5839	A64	Armv8-A	FEAT_AdvSIMD	A64/simd_dp/asisdsame/CMHI_asisdsame_only
5840	A64	Armv8-A	FEAT_AdvSIMD	A64/simd_dp/asisdsame/CMHS_asisdsame_only
5841	A64	Armv8-A	FEAT_AdvSIMD	A64/simd_dp/asisdsame/USHL_asisdsame_only
5842	A64	Armv8-A	FEAT_AdvSIMD	A64/simd_dp/asisdsame/UQSHL_asisdsame_only
5843	A64	Armv8-A	FEAT_AdvSIMD	A64/simd_dp/asisdsame/URSHL_asisdsame_only
5844	A64	Armv8-A	FEAT_AdvSIMD	A64/simd_dp/asisdsame/UQRSHL_asisdsame_only
5845	A64	Armv8-A	FEAT_AdvSIMD	A64/simd_dp/asisdsame/SUB_asisdsame_only
5846	A64	Armv8-A	FEAT_AdvSIMD	A64/simd_dp/asisdsame/CMEQ_asisdsame_only
5847	A64	Armv8-A	FEAT_AdvSIMD	A64/simd_dp/asisdsame/SQRDMULH_asisdsame_only
5848	A64	Armv8-A	FEAT_AdvSIMD	A64/simd_dp/asisdsame/FCMGE_asisdsame_only
5849	A64	Armv8-A	FEAT_AdvSIMD	A64/simd_dp/asisdsame/FACGE_asisdsame_only
5850	A64	Armv8-A	FEAT_AdvSIMD	A64/simd_dp/asisdsame/FABD_asisdsame_only
5851	A64	Armv8-A	FEAT_AdvSIMD	A64/simd_dp/asisdsame/FCMGT_asisdsame_only
5852	A64	Armv8-A	FEAT_AdvSIMD	A64/simd_dp/asisdsame/FACGT_asisdsame_only
5853	A64	Armv8-A	FEAT_AdvSIMD	A64/simd_dp/asisdshf/SSHR_asisdshf_R
5854	A64	Armv8-A	FEAT_AdvSIMD	A64/simd_dp/asisdshf/SSRA_asisdshf_R
5855	A64	Armv8-A	FEAT_AdvSIMD	A64/simd_dp/asisdshf/SRSHR_asisdshf_R
5856	A64	Armv8-A	FEAT_AdvSIMD	A64/simd_dp/asisdshf/SRSRA_asisdshf_R
5857	A64	Armv8-A	FEAT_AdvSIMD	A64/simd_dp/asisdshf/SHL_asisdshf_R
5858	A64	Armv8-A	FEAT_AdvSIMD	A64/simd_dp/asisdshf/SQSHL_asisdshf_R
5859	A64	Armv8-A	FEAT_AdvSIMD	A64/simd_dp/asisdshf/SQSHRN_asisdshf_N
5860	A64	Armv8-A	FEAT_AdvSIMD	A64/simd_dp/asisdshf/SQRSHRN_asisdshf_N
5861	A64	Armv8-A	FEAT_AdvSIMD	A64/simd_dp/asisdshf/SCVTF_asisdshf_C
5862	A64	Armv8-A	FEAT_AdvSIMD	A64/simd_dp/asisdshf/FCVTZS_asisdshf_C
5863	A64	Armv8-A	FEAT_AdvSIMD	A64/simd_dp/asisdshf/USHR_asisdshf_R
5864	A64	Armv8-A	FEAT_AdvSIMD	A64/simd_dp/asisdshf/USRA_asisdshf_R
5865	A64	Armv8-A	FEAT_AdvSIMD	A64/simd_dp/asisdshf/URSHR_asisdshf_R
5866	A64	Armv8-A	FEAT_AdvSIMD	A64/simd_dp/asisdshf/URSRA_asisdshf_R
5867	A64	Armv8-A	FEAT_AdvSIMD	A64/simd_dp/asisdshf/SRI_asisdshf_R
5868	A64	Armv8-A	FEAT_AdvSIMD	A64/simd_dp/asisdshf/SLI_asisdshf_R
5869	A64	Armv8-A	FEAT_AdvSIMD	A64/simd_dp/asisdshf/SQSHLU_asisdshf_R
5870	A64	Armv8-A	FEAT_AdvSIMD	A64/simd_dp/asisdshf/UQSHL_asisdshf_R
5871	A64	Armv8-A	FEAT_AdvSIMD	A64/simd_dp/asisdshf/SQSHRUN_asisdshf_N
5872	A64	Armv8-A	FEAT_AdvSIMD	A64/simd_dp/asisdshf/SQRSHRUN_asisdshf_N
5873	A64	Armv8-A	FEAT_AdvSIMD	A64/simd_dp/asisdshf/UQSHRN_asisdshf_N
5874	A64	Armv8-A	FEAT_AdvSIMD	A64/simd_dp/asisdshf/UQRSHRN_asisdshf_N
5875	A64	Armv8-A	FEAT_AdvSIMD	A64/simd_dp/asisdshf/UCVTF_asisdshf_C
5876	A64	Armv8-A	FEAT_AdvSIMD	A64/simd_dp/asisdshf/FCVTZU_asisdshf_C
5877	A64	Armv8-A	FEAT_AdvSIMD	A64/simd_dp/asisdelem/SQDMLAL_asisdelem_L
5878	A64	Armv8-A	FEAT_AdvSIMD	A64/simd_dp/asisdelem/SQDMLSL_asisdelem_L
5879	A64	Armv8-A	FEAT_AdvSIMD	A64/simd_dp/asisdelem/SQDMULL_asisdelem_L
5880	A64	Armv8-A	FEAT_AdvSIMD	A64/simd_dp/asisdelem/SQDMULH_asisdelem_R
5881	A64	Armv8-A	FEAT_AdvSIMD	A64/simd_dp/asisdelem/SQRDMULH_asisdelem_R
5882	A64	Armv8-A	FEAT_AdvSIMD,FEAT_FP16	A64/simd_dp/asisdelem/FMLA_asisdelem_RH_H
5883	A64	Armv8-A	FEAT_AdvSIMD,FEAT_FP16	A64/simd_dp/asisdelem/FMLS_asisdelem_RH_H
5884	A64	Armv8-A	FEAT_AdvSIMD,FEAT_FP16	A64/simd_dp/asisdelem/FMUL_asisdelem_RH_H
5885	A64	Armv8-A	FEAT_AdvSIMD	A64/simd_dp/asisdelem/FMLA_asisdelem_R_SD
5886	A64	Armv8-A	FEAT_AdvSIMD	A64/simd_dp/asisdelem/FMLS_asisdelem_R_SD
5887	A64	Armv8-A	FEAT_AdvSIMD	A64/simd_dp/asisdelem/FMUL_asisdelem_R_SD
5888	A64	Armv8-A	FEAT_RDM	A64/simd_dp/asisdelem/SQRDMLAH_asisdelem_R
5889	A64	Armv8-A	FEAT_RDM	A64/simd_dp/asisdelem/SQRDMLSH_asisdelem_R
5890	A64	Armv8-A	FEAT_AdvSIMD,FEAT_FP16	A64/simd_dp/asisdelem/FMULX_asisdelem_RH_H
5891	A64	Armv8-A	FEAT_AdvSIMD	A64/simd_dp/asisdelem/FMULX_asisdelem_R_SD
5892	A64	Armv8-A	FEAT_AdvSIMD	A64/simd_dp/asimdtbl/TBL_asimdtbl_L1_1
5893	A64	Armv8-A	FEAT_AdvSIMD	A64/simd_dp/asimdtbl/TBX_asimdtbl_L1_1
5894	A64	Armv8-A	FEAT_AdvSIMD	A64/simd_dp/asimdtbl/TBL_asimdtbl_L2_2
5895	A64	Armv8-A	FEAT_AdvSIMD	A64/simd_dp/asimdtbl/TBX_asimdtbl_L2_2
5896	A64	Armv8-A	FEAT_AdvSIMD	A64/simd_dp/asimdtbl/TBL_asimdtbl_L3_3
5897	A64	Armv8-A	FEAT_AdvSIMD	A64/simd_dp/asimdtbl/TBX_asimdtbl_L3_3
5898	A64	Armv8-A	FEAT_AdvSIMD	A64/simd_dp/asimdtbl/TBL_asimdtbl_L4_4
5899	A64	Armv8-A	FEAT_AdvSIMD	A64/simd_dp/asimdtbl/TBX_asimdtbl_L4_4
5900	A64	Armv8-A	FEAT_AdvSIMD,FEAT_LUT	A64/simd_dp/asimdtbl/LUTI4_asimdtbl_L7
5901	A64	Armv8-A	FEAT_AdvSIMD,FEAT_LUT	A64/simd_dp/asimdtbl/LUTI4_asimdtbl_L5
5902	A64	Armv8-A	FEAT_AdvSIMD,FEAT_LUT	A64/simd_dp/asimdtbl/LUTI2_asimdtbl_L5
5903	A64	Armv8-A	FEAT_AdvSIMD,FEAT_LUT	A64/simd_dp/asimdtbl/LUTI2_asimdtbl_L6
5904	A64	Armv8-A	FEAT_AdvSIMD	A64/simd_dp/asimdperm/UZP1_asimdperm_only
5905	A64	Armv8-A	FEAT_AdvSIMD	A64/simd_dp/asimdperm/TRN1_asimdperm_only
5906	A64	Armv8-A	FEAT_AdvSIMD	A64/simd_dp/asimdperm/ZIP1_asimdperm_only
5907	A64	Armv8-A	FEAT_AdvSIMD	A64/simd_dp/asimdperm/UZP2_asimdperm_only
5908	A64	Armv8-A	FEAT_AdvSIMD	A64/simd_dp/asimdperm/TRN2_asimdperm_only
5909	A64	Armv8-A	FEAT_AdvSIMD	A64/simd_dp/asimdperm/ZIP2_asimdperm_only
5910	A64	Armv8-A	FEAT_AdvSIMD	A64/simd_dp/asimdext/EXT_asimdext_only
5911	A64	Armv8-A	FEAT_AdvSIMD	A64/simd_dp/asimdins/DUP_asimdins_DV_v
5912	A64	Armv8-A	FEAT_AdvSIMD	A64/simd_dp/asimdins/DUP_asimdins_DR_r
5913	A64	Armv8-A	FEAT_AdvSIMD	A64/simd_dp/asimdins/SMOV_asimdins_W_w
5914	A64	Armv8-A	FEAT_AdvSIMD	A64/simd_dp/asimdins/UMOV_asimdins_W_w
5915	A64	Armv8-A	FEAT_AdvSIMD	A64/simd_dp/asimdins/INS_asimdins_IR_r
5916	A64	Armv8-A	FEAT_AdvSIMD	A64/simd_dp/asimdins/SMOV_asimdins_X_x
5917	A64	Armv8-A	FEAT_AdvSIMD	A64/simd_dp/asimdins/UMOV_asimdins_X_x
5918	A64	Armv8-A	FEAT_AdvSIMD	A64/simd_dp/asimdins/INS_asimdins_IV_v
5919	A64	Armv8-A	FEAT_AdvSIMD,FEAT_FP16	A64/simd_dp/asimdsamefp16/FMAXNM_asimdsamefp16_only
5920	A64	Armv8-A	FEAT_AdvSIMD,FEAT_FP16	A64/simd_dp/asimdsamefp16/FMLA_asimdsamefp16_only
5921	A64	Armv8-A	FEAT_AdvSIMD,FEAT_FP16	A64/simd_dp/asimdsamefp16/FADD_asimdsamefp16_only
5922	A64	Armv8-A	FEAT_AdvSIMD,FEAT_FP16	A64/simd_dp/asimdsamefp16/FMULX_asimdsamefp16_only
5923	A64	Armv8-A	FEAT_AdvSIMD,FEAT_FP16	A64/simd_dp/asimdsamefp16/FCMEQ_asimdsamefp16_only
5924	A64	Armv8-A	FEAT_AdvSIMD,FEAT_FP16	A64/simd_dp/asimdsamefp16/FMAX_asimdsamefp16_only
5925	A64	Armv8-A	FEAT_AdvSIMD,FEAT_FP16	A64/simd_dp/asimdsamefp16/FRECPS_asimdsamefp16_only
5926	A64	Armv8-A	FEAT_AdvSIMD,FEAT_FP16	A64/simd_dp/asimdsamefp16/FMINNM_asimdsamefp16_only
5927	A64	Armv8-A	FEAT_AdvSIMD,FEAT_FP16	A64/simd_dp/asimdsamefp16/FMLS_asimdsamefp16_only
5928	A64	Armv8-A	FEAT_AdvSIMD,FEAT_FP16	A64/simd_dp/asimdsamefp16/FSUB_asimdsamefp16_only
5929	A64	Armv8-A	FEAT_AdvSIMD,FEAT_FAMINMAX	A64/simd_dp/asimdsamefp16/FAMAX_asimdsamefp16_only
5930	A64	Armv8-A	FEAT_AdvSIMD,FEAT_FP16	A64/simd_dp/asimdsamefp16/FMIN_asimdsamefp16_only
5931	A64	Armv8-A	FEAT_AdvSIMD,FEAT_FP16	A64/simd_dp/asimdsamefp16/FRSQRTS_asimdsamefp16_only
5932	A64	Armv8-A	FEAT_AdvSIMD,FEAT_FP16	A64/simd_dp/asimdsamefp16/FMAXNMP_asimdsamefp16_only
5933	A64	Armv8-A	FEAT_AdvSIMD,FEAT_FP16	A64/simd_dp/asimdsamefp16/FADDP_asimdsamefp16_only
5934	A64	Armv8-A	FEAT_AdvSIMD,FEAT_FP16	A64/simd_dp/asimdsamefp16/FMUL_asimdsamefp16_only
5935	A64	Armv8-A	FEAT_AdvSIMD,FEAT_FP16	A64/simd_dp/asimdsamefp16/FCMGE_asimdsamefp16_only
5936	A64	Armv8-A	FEAT_AdvSIMD,FEAT_FP16	A64/simd_dp/asimdsamefp16/FACGE_asimdsamefp16_only
5937	A64	Armv8-A	FEAT_AdvSIMD,FEAT_FP16	A64/simd_dp/asimdsamefp16/FMAXP_asimdsamefp16_only
5938	A64	Armv8-A	FEAT_AdvSIMD,FEAT_FP16	A64/simd_dp/asimdsamefp16/FDIV_asimdsamefp16_only
5939	A64	Armv8-A	FEAT_AdvSIMD,FEAT_FP16	A64/simd_dp/asimdsamefp16/FMINNMP_asimdsamefp16_only
5940	A64	Armv8-A	FEAT_AdvSIMD,FEAT_FP16	A64/simd_dp/asimdsamefp16/FABD_asimdsamefp16_only
5941	A64	Armv8-A	FEAT_AdvSIMD,FEAT_FAMINMAX	A64/simd_dp/asimdsamefp16/FAMIN_asimdsamefp16_only
5942	A64	Armv8-A	FEAT_AdvSIMD,FEAT_FP16	A64/simd_dp/asimdsamefp16/FCMGT_asimdsamefp16_only
5943	A64	Armv8-A	FEAT_AdvSIMD,FEAT_FP16	A64/simd_dp/asimdsamefp16/FACGT_asimdsamefp16_only
5944	A64	Armv8-A	FEAT_AdvSIMD,FEAT_FP16	A64/simd_dp/asimdsamefp16/FMINP_asimdsamefp16_only
5945	A64	Armv8-A	FEAT_FP8	A64/simd_dp/asimdsamefp16/FSCALE_asimdsamefp16_only
5946	A64	Armv8-A	FEAT_AdvSIMD,FEAT_FP16	A64/simd_dp/asimdmiscfp16/FRINTN_asimdmiscfp16_R
5947	A64	Armv8-A	FEAT_AdvSIMD,FEAT_FP16	A64/simd_dp/asimdmiscfp16/FRINTM_asimdmiscfp16_R
5948	A64	Armv8-A	FEAT_AdvSIMD,FEAT_FP16	A64/simd_dp/asimdmiscfp16/FCVTNS_asimdmiscfp16_R
5949	A64	Armv8-A	FEAT_AdvSIMD,FEAT_FP16	A64/simd_dp/asimdmiscfp16/FCVTMS_asimdmiscfp16_R
5950	A64	Armv8-A	FEAT_AdvSIMD,FEAT_FP16	A64/simd_dp/asimdmiscfp16/FCVTAS_asimdmiscfp16_R
5951	A64	Armv8-A	FEAT_AdvSIMD,FEAT_FP16	A64/simd_dp/asimdmiscfp16/SCVTF_asimdmiscfp16_R
5952	A64	Armv8-A	FEAT_AdvSIMD,FEAT_FP16	A64/simd_dp/asimdmiscfp16/FCMGT_asimdmiscfp16_FZ
5953	A64	Armv8-A	FEAT_AdvSIMD,FEAT_FP16	A64/simd_dp/asimdmiscfp16/FCMEQ_asimdmiscfp16_FZ
5954	A64	Armv8-A	FEAT_AdvSIMD,FEAT_FP16	A64/simd_dp/asimdmiscfp16/FCMLT_asimdmiscfp16_FZ
5955	A64	Armv8-A	FEAT_AdvSIMD,FEAT_FP16	A64/simd_dp/asimdmiscfp16/FABS_asimdmiscfp16_R
5956	A64	Armv8-A	FEAT_AdvSIMD,FEAT_FP16	A64/simd_dp/asimdmiscfp16/FRINTP_asimdmiscfp16_R
5957	A64	Armv8-A	FEAT_AdvSIMD,FEAT_FP16	A64/simd_dp/asimdmiscfp16/FRINTZ_asimdmiscfp16_R
5958	A64	Armv8-A	FEAT_AdvSIMD,FEAT_FP16	A64/simd_dp/asimdmiscfp16/FCVTPS_asimdmiscfp16_R
5959	A64	Armv8-A	FEAT_AdvSIMD,FEAT_FP16	A64/simd_dp/asimdmiscfp16/FCVTZS_asimdmiscfp16_R
5960	A64	Armv8-A	FEAT_AdvSIMD,FEAT_FP16	A64/simd_dp/asimdmiscfp16/FRECPE_asimdmiscfp16_R
5961	A64	Armv8-A	FEAT_AdvSIMD,FEAT_FP16	A64/simd_dp/asimdmiscfp16/FRINTA_asimdmiscfp16_R
5962	A64	Armv8-A	FEAT_AdvSIMD,FEAT_FP16	A64/simd_dp/asimdmiscfp16/FRINTX_asimdmiscfp16_R
5963	A64	Armv8-A	FEAT_AdvSIMD,FEAT_FP16	A64/simd_dp/asimdmiscfp16/FCVTNU_asimdmiscfp16_R
5964	A64	Armv8-A	FEAT_AdvSIMD,FEAT_FP16	A64/simd_dp/asimdmiscfp16/FCVTMU_asimdmiscfp16_R
5965	A64	Armv8-A	FEAT_AdvSIMD,FEAT_FP16	A64/simd_dp/asimdmiscfp16/FCVTAU_asimdmiscfp16_R
5966	A64	Armv8-A	FEAT_AdvSIMD,FEAT_FP16	A64/simd_dp/asimdmiscfp16/UCVTF_asimdmiscfp16_R
5967	A64	Armv8-A	FEAT_AdvSIMD,FEAT_FP16	A64/simd_dp/asimdmiscfp16/FCMGE_asimdmiscfp16_FZ
5968	A64	Armv8-A	FEAT_AdvSIMD,FEAT_FP16	A64/simd_dp/asimdmiscfp16/FCMLE_asimdmiscfp16_FZ
5969	A64	Armv8-A	FEAT_AdvSIMD,FEAT_FP16	A64/simd_dp/asimdmiscfp16/FNEG_asimdmiscfp16_R
5970	A64	Armv8-A	FEAT_AdvSIMD,FEAT_FP16	A64/simd_dp/asimdmiscfp16/FRINTI_asimdmiscfp16_R
5971	A64	Armv8-A	FEAT_AdvSIMD,FEAT_FP16	A64/simd_dp/asimdmiscfp16/FCVTPU_asimdmiscfp16_R
5972	A64	Armv8-A	FEAT_AdvSIMD,FEAT_FP16	A64/simd_dp/asimdmiscfp16/FCVTZU_asimdmiscfp16_R
5973	A64	Armv8-A	FEAT_AdvSIMD,FEAT_FP16	A64/simd_dp/asimdmiscfp16/FRSQRTE_asimdmiscfp16_R
5974	A64	Armv8-A	FEAT_AdvSIMD,FEAT_FP16	A64/simd_dp/asimdmiscfp16/FSQRT_asimdmiscfp16_R
5975	A64	Armv8-A	FEAT_DotProd	A64/simd_dp/asimdsame2/SDOT_asimdsame2_D
5976	A64	Armv8-A	FEAT_FP8	A64/simd_dp/asimdsame2/FCVTN_asimdsame2_H
5977	A64	Armv8-A	FEAT_FP8DOT4	A64/simd_dp/asimdsame2/FDOT_asimdsame2_DD
5978	A64	Armv8-A	FEAT_FP8	A64/simd_dp/asimdsame2/FCVTN_asimdsame2_D
5979	A64	Armv8-A	FEAT_FP8DOT2	A64/simd_dp/asimdsame2/FDOT_asimdsame2_D
5980	A64	Armv8-A	FEAT_I8MM	A64/simd_dp/asimdsame2/USDOT_asimdsame2_D
5981	A64	Armv8-A	FEAT_F16F32DOT	A64/simd_dp/asimdsame2/FDOT_asimdsame2_FP16FP32
5982	A64	Armv8-A	FEAT_RDM	A64/simd_dp/asimdsame2/SQRDMLAH_asimdsame2_only
5983	A64	Armv8-A	FEAT_RDM	A64/simd_dp/asimdsame2/SQRDMLSH_asimdsame2_only
5984	A64	Armv8-A	FEAT_DotProd	A64/simd_dp/asimdsame2/UDOT_asimdsame2_D
5985	A64	Armv8-A	FEAT_FCMA	A64/simd_dp/asimdsame2/FCMLA_asimdsame2_C
5986	A64	Armv8-A	FEAT_FCMA	A64/simd_dp/asimdsame2/FCADD_asimdsame2_C
5987	A64	Armv8-A	FEAT_BF16	A64/simd_dp/asimdsame2/BFDOT_asimdsame2_D
5988	A64	Armv8-A	FEAT_BF16	A64/simd_dp/asimdsame2/BFMLAL_asimdsame2_F_
5989	A64	Armv8-A	FEAT_FP8FMA	A64/simd_dp/asimdsame2/FMLALLBB_asimdsame2_G
5990	A64	Armv8-A	FEAT_FP8FMA	A64/simd_dp/asimdsame2/FMLALLBT_asimdsame2_G
5991	A64	Armv8-A	FEAT_FP8FMA	A64/simd_dp/asimdsame2/FMLALB_asimdsame2_J
5992	A64	Armv8-A	FEAT_FP8FMA	A64/simd_dp/asimdsame2/FMLALLTB_asimdsame2_G
5993	A64	Armv8-A	FEAT_FP8FMA	A64/simd_dp/asimdsame2/FMLALLTT_asimdsame2_G
5994	A64	Armv8-A	FEAT_I8MM	A64/simd_dp/asimdsame2/SMMLA_asimdsame2_G
5995	A64	Armv8-A	FEAT_I8MM	A64/simd_dp/asimdsame2/USMMLA_asimdsame2_G
5996	A64	Armv8-A	FEAT_F16MM	A64/simd_dp/asimdsame2/FMMLA_asimd_FP16FP16
5997	A64	Armv8-A	FEAT_FP8FMA	A64/simd_dp/asimdsame2/FMLALT_asimdsame2_J
5998	A64	Armv8-A	FEAT_F8F16MM	A64/simd_dp/asimdsame2/FMMLA_asimd_FP8FP16
5999	A64	Armv8-A	FEAT_F16F32MM	A64/simd_dp/asimdsame2/FMMLA_asimd_FP16FP32
6000	A64	Armv8-A	FEAT_BF16	A64/simd_dp/asimdsame2/BFMMLA_asimdsame2_E
6001	A64	Armv8-A	FEAT_F8F32MM	A64/simd_dp/asimdsame2/FMMLA_asimd_FP8FP32
6002	A64	Armv8-A	FEAT_I8MM	A64/simd_dp/asimdsame2/UMMLA_asimdsame2_G
6003	A64	Armv8-A	FEAT_AdvSIMD	A64/simd_dp/asimdmisc/REV64_asimdmisc_R
6004	A64	Armv8-A	FEAT_AdvSIMD	A64/simd_dp/asimdmisc/REV16_asimdmisc_R
6005	A64	Armv8-A	FEAT_AdvSIMD	A64/simd_dp/asimdmisc/SADDLP_asimdmisc_P
6006	A64	Armv8-A	FEAT_AdvSIMD	A64/simd_dp/asimdmisc/SUQADD_asimdmisc_R
6007	A64	Armv8-A	FEAT_AdvSIMD	A64/simd_dp/asimdmisc/CLS_asimdmisc_R
6008	A64	Armv8-A	FEAT_AdvSIMD	A64/simd_dp/asimdmisc/CNT_asimdmisc_R
6009	A64	Armv8-A	FEAT_AdvSIMD	A64/simd_dp/asimdmisc/SADALP_asimdmisc_P
6010	A64	Armv8-A	FEAT_AdvSIMD	A64/simd_dp/asimdmisc/SQABS_asimdmisc_R
6011	A64	Armv8-A	FEAT_AdvSIMD	A64/simd_dp/asimdmisc/CMGT_asimdmisc_Z
6012	A64	Armv8-A	FEAT_AdvSIMD	A64/simd_dp/asimdmisc/CMEQ_asimdmisc_Z
6013	A64	Armv8-A	FEAT_AdvSIMD	A64/simd_dp/asimdmisc/CMLT_asimdmisc_Z
6014	A64	Armv8-A	FEAT_AdvSIMD	A64/simd_dp/asimdmisc/ABS_asimdmisc_R
6015	A64	Armv8-A	FEAT_AdvSIMD	A64/simd_dp/asimdmisc/XTN_asimdmisc_N
6016	A64	Armv8-A	FEAT_AdvSIMD	A64/simd_dp/asimdmisc/SQXTN_asimdmisc_N
6017	A64	Armv8-A	FEAT_AdvSIMD	A64/simd_dp/asimdmisc/FCVTN_asimdmisc_N
6018	A64	Armv8-A	FEAT_AdvSIMD	A64/simd_dp/asimdmisc/FCVTL_asimdmisc_L
6019	A64	Armv8-A	FEAT_AdvSIMD	A64/simd_dp/asimdmisc/FRINTN_asimdmisc_R
6020	A64	Armv8-A	FEAT_AdvSIMD	A64/simd_dp/asimdmisc/FRINTM_asimdmisc_R
6021	A64	Armv8-A	FEAT_AdvSIMD	A64/simd_dp/asimdmisc/FCVTNS_asimdmisc_R
6022	A64	Armv8-A	FEAT_AdvSIMD	A64/simd_dp/asimdmisc/FCVTMS_asimdmisc_R
6023	A64	Armv8-A	FEAT_AdvSIMD	A64/simd_dp/asimdmisc/FCVTAS_asimdmisc_R
6024	A64	Armv8-A	FEAT_AdvSIMD	A64/simd_dp/asimdmisc/SCVTF_asimdmisc_R
6025	A64	Armv8-A	FEAT_FRINTTS	A64/simd_dp/asimdmisc/FRINT32Z_asimdmisc_R
6026	A64	Armv8-A	FEAT_FRINTTS	A64/simd_dp/asimdmisc/FRINT64Z_asimdmisc_R
6027	A64	Armv8-A	FEAT_AdvSIMD	A64/simd_dp/asimdmisc/FCMGT_asimdmisc_FZ
6028	A64	Armv8-A	FEAT_AdvSIMD	A64/simd_dp/asimdmisc/FCMEQ_asimdmisc_FZ
6029	A64	Armv8-A	FEAT_AdvSIMD	A64/simd_dp/asimdmisc/FCMLT_asimdmisc_FZ
6030	A64	Armv8-A	FEAT_AdvSIMD	A64/simd_dp/asimdmisc/FABS_asimdmisc_R
6031	A64	Armv8-A	FEAT_AdvSIMD	A64/simd_dp/asimdmisc/FRINTP_asimdmisc_R
6032	A64	Armv8-A	FEAT_AdvSIMD	A64/simd_dp/asimdmisc/FRINTZ_asimdmisc_R
6033	A64	Armv8-A	FEAT_AdvSIMD	A64/simd_dp/asimdmisc/FCVTPS_asimdmisc_R
6034	A64	Armv8-A	FEAT_AdvSIMD	A64/simd_dp/asimdmisc/FCVTZS_asimdmisc_R
6035	A64	Armv8-A	FEAT_AdvSIMD	A64/simd_dp/asimdmisc/URECPE_asimdmisc_R
6036	A64	Armv8-A	FEAT_AdvSIMD	A64/simd_dp/asimdmisc/FRECPE_asimdmisc_R
6037	A64	Armv8-A	FEAT_BF16	A64/simd_dp/asimdmisc/BFCVTN_asimdmisc_4S
6038	A64	Armv8-A	FEAT_AdvSIMD	A64/simd_dp/asimdmisc/REV32_asimdmisc_R
6039	A64	Armv8-A	FEAT_AdvSIMD	A64/simd_dp/asimdmisc/UADDLP_asimdmisc_P
6040	A64	Armv8-A	FEAT_AdvSIMD	A64/simd_dp/asimdmisc/USQADD_asimdmisc_R
6041	A64	Armv8-A	FEAT_AdvSIMD	A64/simd_dp/asimdmisc/CLZ_asimdmisc_R
6042	A64	Armv8-A	FEAT_AdvSIMD	A64/simd_dp/asimdmisc/UADALP_asimdmisc_P
6043	A64	Armv8-A	FEAT_AdvSIMD	A64/simd_dp/asimdmisc/SQNEG_asimdmisc_R
6044	A64	Armv8-A	FEAT_AdvSIMD	A64/simd_dp/asimdmisc/CMGE_asimdmisc_Z
6045	A64	Armv8-A	FEAT_AdvSIMD	A64/simd_dp/asimdmisc/CMLE_asimdmisc_Z
6046	A64	Armv8-A	FEAT_AdvSIMD	A64/simd_dp/asimdmisc/NEG_asimdmisc_R
6047	A64	Armv8-A	FEAT_AdvSIMD	A64/simd_dp/asimdmisc/SQXTUN_asimdmisc_N
6048	A64	Armv8-A	FEAT_AdvSIMD	A64/simd_dp/asimdmisc/SHLL_asimdmisc_S
6049	A64	Armv8-A	FEAT_AdvSIMD	A64/simd_dp/asimdmisc/UQXTN_asimdmisc_N
6050	A64	Armv8-A	FEAT_AdvSIMD	A64/simd_dp/asimdmisc/FCVTXN_asimdmisc_N
6051	A64	Armv8-A	FEAT_AdvSIMD	A64/simd_dp/asimdmisc/FRINTA_asimdmisc_R
6052	A64	Armv8-A	FEAT_AdvSIMD	A64/simd_dp/asimdmisc/FRINTX_asimdmisc_R
6053	A64	Armv8-A	FEAT_AdvSIMD	A64/simd_dp/asimdmisc/FCVTNU_asimdmisc_R
6054	A64	Armv8-A	FEAT_AdvSIMD	A64/simd_dp/asimdmisc/FCVTMU_asimdmisc_R
6055	A64	Armv8-A	FEAT_AdvSIMD	A64/simd_dp/asimdmisc/FCVTAU_asimdmisc_R
6056	A64	Armv8-A	FEAT_AdvSIMD	A64/simd_dp/asimdmisc/UCVTF_asimdmisc_R
6057	A64	Armv8-A	FEAT_FRINTTS	A64/simd_dp/asimdmisc/FRINT32X_asimdmisc_R
6058	A64	Armv8-A	FEAT_FRINTTS	A64/simd_dp/asimdmisc/FRINT64X_asimdmisc_R
6059	A64	Armv8-A	FEAT_AdvSIMD	A64/simd_dp/asimdmisc/NOT_asimdmisc_R
6060	A64	Armv8-A	FEAT_FP8	A64/simd_dp/asimdmisc/F1CVTL_asimdmisc_V
6061	A64	Armv8-A	FEAT_AdvSIMD	A64/simd_dp/asimdmisc/RBIT_asimdmisc_R
6062	A64	Armv8-A	FEAT_FP8	A64/simd_dp/asimdmisc/F2CVTL_asimdmisc_V
6063	A64	Armv8-A	FEAT_AdvSIMD	A64/simd_dp/asimdmisc/FCMGE_asimdmisc_FZ
6064	A64	Armv8-A	FEAT_AdvSIMD	A64/simd_dp/asimdmisc/FCMLE_asimdmisc_FZ
6065	A64	Armv8-A	FEAT_AdvSIMD	A64/simd_dp/asimdmisc/FNEG_asimdmisc_R
6066	A64	Armv8-A	FEAT_AdvSIMD	A64/simd_dp/asimdmisc/FRINTI_asimdmisc_R
6067	A64	Armv8-A	FEAT_AdvSIMD	A64/simd_dp/asimdmisc/FCVTPU_asimdmisc_R
6068	A64	Armv8-A	FEAT_AdvSIMD	A64/simd_dp/asimdmisc/FCVTZU_asimdmisc_R
6069	A64	Armv8-A	FEAT_AdvSIMD	A64/simd_dp/asimdmisc/URSQRTE_asimdmisc_R
6070	A64	Armv8-A	FEAT_AdvSIMD	A64/simd_dp/asimdmisc/FRSQRTE_asimdmisc_R
6071	A64	Armv8-A	FEAT_AdvSIMD	A64/simd_dp/asimdmisc/FSQRT_asimdmisc_R
6072	A64	Armv8-A	FEAT_FP8	A64/simd_dp/asimdmisc/BF1CVTL_asimdmisc_V
6073	A64	Armv8-A	FEAT_FP8	A64/simd_dp/asimdmisc/BF2CVTL_asimdmisc_V
6074	A64	Armv8-A	FEAT_AdvSIMD	A64/simd_dp/asimdall/SADDLV_asimdall_only
6075	A64	Armv8-A	FEAT_AdvSIMD	A64/simd_dp/asimdall/SMAXV_asimdall_only
6076	A64	Armv8-A	FEAT_AdvSIMD	A64/simd_dp/asimdall/SMINV_asimdall_only
6077	A64	Armv8-A	FEAT_AdvSIMD	A64/simd_dp/asimdall/ADDV_asimdall_only
6078	A64	Armv8-A	FEAT_AdvSIMD,FEAT_FP16	A64/simd_dp/asimdall/FMAXNMV_asimdall_only_H
6079	A64	Armv8-A	FEAT_AdvSIMD,FEAT_FP16	A64/simd_dp/asimdall/FMAXV_asimdall_only_H
6080	A64	Armv8-A	FEAT_AdvSIMD,FEAT_FP16	A64/simd_dp/asimdall/FMINNMV_asimdall_only_H
6081	A64	Armv8-A	FEAT_AdvSIMD,FEAT_FP16	A64/simd_dp/asimdall/FMINV_asimdall_only_H
6082	A64	Armv8-A	FEAT_AdvSIMD	A64/simd_dp/asimdall/UADDLV_asimdall_only
6083	A64	Armv8-A	FEAT_AdvSIMD	A64/simd_dp/asimdall/UMAXV_asimdall_only
6084	A64	Armv8-A	FEAT_AdvSIMD	A64/simd_dp/asimdall/UMINV_asimdall_only
6085	A64	Armv8-A	FEAT_AdvSIMD	A64/simd_dp/asimdall/FMAXNMV_asimdall_only_SD
6086	A64	Armv8-A	FEAT_AdvSIMD	A64/simd_dp/asimdall/FMAXV_asimdall_only_SD
6087	A64	Armv8-A	FEAT_AdvSIMD	A64/simd_dp/asimdall/FMINNMV_asimdall_only_SD
6088	A64	Armv8-A	FEAT_AdvSIMD	A64/simd_dp/asimdall/FMINV_asimdall_only_SD
6089	A64	Armv8-A	FEAT_AdvSIMD	A64/simd_dp/asimddiff/SADDL_asimddiff_L
6090	A64	Armv8-A	FEAT_AdvSIMD	A64/simd_dp/asimddiff/SADDW_asimddiff_W
6091	A64	Armv8-A	FEAT_AdvSIMD	A64/simd_dp/asimddiff/SSUBL_asimddiff_L
6092	A64	Armv8-A	FEAT_AdvSIMD	A64/simd_dp/asimddiff/SSUBW_asimddiff_W
6093	A64	Armv8-A	FEAT_AdvSIMD	A64/simd_dp/asimddiff/ADDHN_asimddiff_N
6094	A64	Armv8-A	FEAT_AdvSIMD	A64/simd_dp/asimddiff/SABAL_asimddiff_L
6095	A64	Armv8-A	FEAT_AdvSIMD	A64/simd_dp/asimddiff/SUBHN_asimddiff_N
6096	A64	Armv8-A	FEAT_AdvSIMD	A64/simd_dp/asimddiff/SABDL_asimddiff_L
6097	A64	Armv8-A	FEAT_AdvSIMD	A64/simd_dp/asimddiff/SMLAL_asimddiff_L
6098	A64	Armv8-A	FEAT_AdvSIMD	A64/simd_dp/asimddiff/SQDMLAL_asimddiff_L
6099	A64	Armv8-A	FEAT_AdvSIMD	A64/simd_dp/asimddiff/SMLSL_asimddiff_L
6100	A64	Armv8-A	FEAT_AdvSIMD	A64/simd_dp/asimddiff/SQDMLSL_asimddiff_L
6101	A64	Armv8-A	FEAT_AdvSIMD	A64/simd_dp/asimddiff/SMULL_asimddiff_L
6102	A64	Armv8-A	FEAT_AdvSIMD	A64/simd_dp/asimddiff/SQDMULL_asimddiff_L
6103	A64	Armv8-A	FEAT_AdvSIMD	A64/simd_dp/asimddiff/PMULL_asimddiff_L
6104	A64	Armv8-A	FEAT_AdvSIMD	A64/simd_dp/asimddiff/UADDL_asimddiff_L
6105	A64	Armv8-A	FEAT_AdvSIMD	A64/simd_dp/asimddiff/UADDW_asimddiff_W
6106	A64	Armv8-A	FEAT_AdvSIMD	A64/simd_dp/asimddiff/USUBL_asimddiff_L
6107	A64	Armv8-A	FEAT_AdvSIMD	A64/simd_dp/asimddiff/USUBW_asimddiff_W
6108	A64	Armv8-A	FEAT_AdvSIMD	A64/simd_dp/asimddiff/RADDHN_asimddiff_N
6109	A64	Armv8-A	FEAT_AdvSIMD	A64/simd_dp/asimddiff/UABAL_asimddiff_L
6110	A64	Armv8-A	FEAT_AdvSIMD	A64/simd_dp/asimddiff/RSUBHN_asimddiff_N
6111	A64	Armv8-A	FEAT_AdvSIMD	A64/simd_dp/asimddiff/UABDL_asimddiff_L
6112	A64	Armv8-A	FEAT_AdvSIMD	A64/simd_dp/asimddiff/UMLAL_asimddiff_L
6113	A64	Armv8-A	FEAT_AdvSIMD	A64/simd_dp/asimddiff/UMLSL_asimddiff_L
6114	A64	Armv8-A	FEAT_AdvSIMD	A64/simd_dp/asimddiff/UMULL_asimddiff_L
6115	A64	Armv8-A	FEAT_AdvSIMD	A64/simd_dp/asimdsame/SHADD_asimdsame_only
6116	A64	Armv8-A	FEAT_AdvSIMD	A64/simd_dp/asimdsame/SQADD_asimdsame_only
6117	A64	Armv8-A	FEAT_AdvSIMD	A64/simd_dp/asimdsame/SRHADD_asimdsame_only
6118	A64	Armv8-A	FEAT_AdvSIMD	A64/simd_dp/asimdsame/SHSUB_asimdsame_only
6119	A64	Armv8-A	FEAT_AdvSIMD	A64/simd_dp/asimdsame/SQSUB_asimdsame_only
6120	A64	Armv8-A	FEAT_AdvSIMD	A64/simd_dp/asimdsame/CMGT_asimdsame_only
6121	A64	Armv8-A	FEAT_AdvSIMD	A64/simd_dp/asimdsame/CMGE_asimdsame_only
6122	A64	Armv8-A	FEAT_AdvSIMD	A64/simd_dp/asimdsame/SSHL_asimdsame_only
6123	A64	Armv8-A	FEAT_AdvSIMD	A64/simd_dp/asimdsame/SQSHL_asimdsame_only
6124	A64	Armv8-A	FEAT_AdvSIMD	A64/simd_dp/asimdsame/SRSHL_asimdsame_only
6125	A64	Armv8-A	FEAT_AdvSIMD	A64/simd_dp/asimdsame/SQRSHL_asimdsame_only
6126	A64	Armv8-A	FEAT_AdvSIMD	A64/simd_dp/asimdsame/SMAX_asimdsame_only
6127	A64	Armv8-A	FEAT_AdvSIMD	A64/simd_dp/asimdsame/SMIN_asimdsame_only
6128	A64	Armv8-A	FEAT_AdvSIMD	A64/simd_dp/asimdsame/SABD_asimdsame_only
6129	A64	Armv8-A	FEAT_AdvSIMD	A64/simd_dp/asimdsame/SABA_asimdsame_only
6130	A64	Armv8-A	FEAT_AdvSIMD	A64/simd_dp/asimdsame/ADD_asimdsame_only
6131	A64	Armv8-A	FEAT_AdvSIMD	A64/simd_dp/asimdsame/CMTST_asimdsame_only
6132	A64	Armv8-A	FEAT_AdvSIMD	A64/simd_dp/asimdsame/MLA_asimdsame_only
6133	A64	Armv8-A	FEAT_AdvSIMD	A64/simd_dp/asimdsame/MUL_asimdsame_only
6134	A64	Armv8-A	FEAT_AdvSIMD	A64/simd_dp/asimdsame/SMAXP_asimdsame_only
6135	A64	Armv8-A	FEAT_AdvSIMD	A64/simd_dp/asimdsame/SMINP_asimdsame_only
6136	A64	Armv8-A	FEAT_AdvSIMD	A64/simd_dp/asimdsame/SQDMULH_asimdsame_only
6137	A64	Armv8-A	FEAT_AdvSIMD	A64/simd_dp/asimdsame/ADDP_asimdsame_only
6138	A64	Armv8-A	FEAT_AdvSIMD	A64/simd_dp/asimdsame/FMAXNM_asimdsame_only
6139	A64	Armv8-A	FEAT_AdvSIMD	A64/simd_dp/asimdsame/FMLA_asimdsame_only
6140	A64	Armv8-A	FEAT_AdvSIMD	A64/simd_dp/asimdsame/FADD_asimdsame_only
6141	A64	Armv8-A	FEAT_AdvSIMD	A64/simd_dp/asimdsame/FMULX_asimdsame_only
6142	A64	Armv8-A	FEAT_AdvSIMD	A64/simd_dp/asimdsame/FCMEQ_asimdsame_only
6143	A64	Armv8-A	FEAT_AdvSIMD	A64/simd_dp/asimdsame/FMAX_asimdsame_only
6144	A64	Armv8-A	FEAT_AdvSIMD	A64/simd_dp/asimdsame/FRECPS_asimdsame_only
6145	A64	Armv8-A	FEAT_AdvSIMD	A64/simd_dp/asimdsame/AND_asimdsame_only
6146	A64	Armv8-A	FEAT_FHM	A64/simd_dp/asimdsame/FMLAL_asimdsame_F
6147	A64	Armv8-A	FEAT_AdvSIMD	A64/simd_dp/asimdsame/BIC_asimdsame_only
6148	A64	Armv8-A	FEAT_AdvSIMD	A64/simd_dp/asimdsame/FMINNM_asimdsame_only
6149	A64	Armv8-A	FEAT_AdvSIMD	A64/simd_dp/asimdsame/FMLS_asimdsame_only
6150	A64	Armv8-A	FEAT_AdvSIMD	A64/simd_dp/asimdsame/FSUB_asimdsame_only
6151	A64	Armv8-A	FEAT_AdvSIMD,FEAT_FAMINMAX	A64/simd_dp/asimdsame/FAMAX_asimdsame_only
6152	A64	Armv8-A	FEAT_AdvSIMD	A64/simd_dp/asimdsame/FMIN_asimdsame_only
6153	A64	Armv8-A	FEAT_AdvSIMD	A64/simd_dp/asimdsame/FRSQRTS_asimdsame_only
6154	A64	Armv8-A	FEAT_AdvSIMD	A64/simd_dp/asimdsame/ORR_asimdsame_only
6155	A64	Armv8-A	FEAT_FHM	A64/simd_dp/asimdsame/FMLSL_asimdsame_F
6156	A64	Armv8-A	FEAT_AdvSIMD	A64/simd_dp/asimdsame/ORN_asimdsame_only
6157	A64	Armv8-A	FEAT_AdvSIMD	A64/simd_dp/asimdsame/UHADD_asimdsame_only
6158	A64	Armv8-A	FEAT_AdvSIMD	A64/simd_dp/asimdsame/UQADD_asimdsame_only
6159	A64	Armv8-A	FEAT_AdvSIMD	A64/simd_dp/asimdsame/URHADD_asimdsame_only
6160	A64	Armv8-A	FEAT_AdvSIMD	A64/simd_dp/asimdsame/UHSUB_asimdsame_only
6161	A64	Armv8-A	FEAT_AdvSIMD	A64/simd_dp/asimdsame/UQSUB_asimdsame_only
6162	A64	Armv8-A	FEAT_AdvSIMD	A64/simd_dp/asimdsame/CMHI_asimdsame_only
6163	A64	Armv8-A	FEAT_AdvSIMD	A64/simd_dp/asimdsame/CMHS_asimdsame_only
6164	A64	Armv8-A	FEAT_AdvSIMD	A64/simd_dp/asimdsame/USHL_asimdsame_only
6165	A64	Armv8-A	FEAT_AdvSIMD	A64/simd_dp/asimdsame/UQSHL_asimdsame_only
6166	A64	Armv8-A	FEAT_AdvSIMD	A64/simd_dp/asimdsame/URSHL_asimdsame_only
6167	A64	Armv8-A	FEAT_AdvSIMD	A64/simd_dp/asimdsame/UQRSHL_asimdsame_only
6168	A64	Armv8-A	FEAT_AdvSIMD	A64/simd_dp/asimdsame/UMAX_asimdsame_only
6169	A64	Armv8-A	FEAT_AdvSIMD	A64/simd_dp/asimdsame/UMIN_asimdsame_only
6170	A64	Armv8-A	FEAT_AdvSIMD	A64/simd_dp/asimdsame/UABD_asimdsame_only
6171	A64	Armv8-A	FEAT_AdvSIMD	A64/simd_dp/asimdsame/UABA_asimdsame_only
6172	A64	Armv8-A	FEAT_AdvSIMD	A64/simd_dp/asimdsame/SUB_asimdsame_only
6173	A64	Armv8-A	FEAT_AdvSIMD	A64/simd_dp/asimdsame/CMEQ_asimdsame_only
6174	A64	Armv8-A	FEAT_AdvSIMD	A64/simd_dp/asimdsame/MLS_asimdsame_only
6175	A64	Armv8-A	FEAT_AdvSIMD	A64/simd_dp/asimdsame/PMUL_asimdsame_only
6176	A64	Armv8-A	FEAT_AdvSIMD	A64/simd_dp/asimdsame/UMAXP_asimdsame_only
6177	A64	Armv8-A	FEAT_AdvSIMD	A64/simd_dp/asimdsame/UMINP_asimdsame_only
6178	A64	Armv8-A	FEAT_AdvSIMD	A64/simd_dp/asimdsame/SQRDMULH_asimdsame_only
6179	A64	Armv8-A	FEAT_AdvSIMD	A64/simd_dp/asimdsame/FMAXNMP_asimdsame_only
6180	A64	Armv8-A	FEAT_AdvSIMD	A64/simd_dp/asimdsame/FADDP_asimdsame_only
6181	A64	Armv8-A	FEAT_AdvSIMD	A64/simd_dp/asimdsame/FMUL_asimdsame_only
6182	A64	Armv8-A	FEAT_AdvSIMD	A64/simd_dp/asimdsame/FCMGE_asimdsame_only
6183	A64	Armv8-A	FEAT_AdvSIMD	A64/simd_dp/asimdsame/FACGE_asimdsame_only
6184	A64	Armv8-A	FEAT_AdvSIMD	A64/simd_dp/asimdsame/FMAXP_asimdsame_only
6185	A64	Armv8-A	FEAT_AdvSIMD	A64/simd_dp/asimdsame/FDIV_asimdsame_only
6186	A64	Armv8-A	FEAT_AdvSIMD	A64/simd_dp/asimdsame/EOR_asimdsame_only
6187	A64	Armv8-A	FEAT_FHM	A64/simd_dp/asimdsame/FMLAL2_asimdsame_F
6188	A64	Armv8-A	FEAT_AdvSIMD	A64/simd_dp/asimdsame/BSL_asimdsame_only
6189	A64	Armv8-A	FEAT_AdvSIMD	A64/simd_dp/asimdsame/FMINNMP_asimdsame_only
6190	A64	Armv8-A	FEAT_AdvSIMD	A64/simd_dp/asimdsame/FABD_asimdsame_only
6191	A64	Armv8-A	FEAT_AdvSIMD,FEAT_FAMINMAX	A64/simd_dp/asimdsame/FAMIN_asimdsame_only
6192	A64	Armv8-A	FEAT_AdvSIMD	A64/simd_dp/asimdsame/FCMGT_asimdsame_only
6193	A64	Armv8-A	FEAT_AdvSIMD	A64/simd_dp/asimdsame/FACGT_asimdsame_only
6194	A64	Armv8-A	FEAT_AdvSIMD	A64/simd_dp/asimdsame/FMINP_asimdsame_only
6195	A64	Armv8-A	FEAT_FP8	A64/simd_dp/asimdsame/FSCALE_asimdsame_only
6196	A64	Armv8-A	FEAT_AdvSIMD	A64/simd_dp/asimdsame/BIT_asimdsame_only
6197	A64	Armv8-A	FEAT_FHM	A64/simd_dp/asimdsame/FMLSL2_asimdsame_F
6198	A64	Armv8-A	FEAT_AdvSIMD	A64/simd_dp/asimdsame/BIF_asimdsame_only
6199	A64	Armv8-A	FEAT_AdvSIMD	A64/simd_dp/asimdimm/MOVI_asimdimm_L_sl
6200	A64	Armv8-A	FEAT_AdvSIMD	A64/simd_dp/asimdimm/ORR_asimdimm_L_sl
6201	A64	Armv8-A	FEAT_AdvSIMD	A64/simd_dp/asimdimm/MOVI_asimdimm_L_hl
6202	A64	Armv8-A	FEAT_AdvSIMD	A64/simd_dp/asimdimm/ORR_asimdimm_L_hl
6203	A64	Armv8-A	FEAT_AdvSIMD	A64/simd_dp/asimdimm/MOVI_asimdimm_M_sm
6204	A64	Armv8-A	FEAT_AdvSIMD	A64/simd_dp/asimdimm/MOVI_asimdimm_N_b
6205	A64	Armv8-A	FEAT_AdvSIMD	A64/simd_dp/asimdimm/FMOV_asimdimm_S_s
6206	A64	Armv8-A	FEAT_AdvSIMD,FEAT_FP16	A64/simd_dp/asimdimm/FMOV_asimdimm_H_h
6207	A64	Armv8-A	FEAT_AdvSIMD	A64/simd_dp/asimdimm/MVNI_asimdimm_L_sl
6208	A64	Armv8-A	FEAT_AdvSIMD	A64/simd_dp/asimdimm/BIC_asimdimm_L_sl
6209	A64	Armv8-A	FEAT_AdvSIMD	A64/simd_dp/asimdimm/MVNI_asimdimm_L_hl
6210	A64	Armv8-A	FEAT_AdvSIMD	A64/simd_dp/asimdimm/BIC_asimdimm_L_hl
6211	A64	Armv8-A	FEAT_AdvSIMD	A64/simd_dp/asimdimm/MVNI_asimdimm_M_sm
6212	A64	Armv8-A	FEAT_AdvSIMD	A64/simd_dp/asimdimm/MOVI_asimdimm_D_ds
6213	A64	Armv8-A	FEAT_AdvSIMD	A64/simd_dp/asimdimm/MOVI_asimdimm_D2_d
6214	A64	Armv8-A	FEAT_AdvSIMD	A64/simd_dp/asimdimm/FMOV_asimdimm_D2_d
6215	A64	Armv8-A	FEAT_AdvSIMD	A64/simd_dp/asimdshf/SSHR_asimdshf_R
6216	A64	Armv8-A	FEAT_AdvSIMD	A64/simd_dp/asimdshf/SSRA_asimdshf_R
6217	A64	Armv8-A	FEAT_AdvSIMD	A64/simd_dp/asimdshf/SRSHR_asimdshf_R
6218	A64	Armv8-A	FEAT_AdvSIMD	A64/simd_dp/asimdshf/SRSRA_asimdshf_R
6219	A64	Armv8-A	FEAT_AdvSIMD	A64/simd_dp/asimdshf/SHL_asimdshf_R
6220	A64	Armv8-A	FEAT_AdvSIMD	A64/simd_dp/asimdshf/SQSHL_asimdshf_R
6221	A64	Armv8-A	FEAT_AdvSIMD	A64/simd_dp/asimdshf/SHRN_asimdshf_N
6222	A64	Armv8-A	FEAT_AdvSIMD	A64/simd_dp/asimdshf/RSHRN_asimdshf_N
6223	A64	Armv8-A	FEAT_AdvSIMD	A64/simd_dp/asimdshf/SQSHRN_asimdshf_N
6224	A64	Armv8-A	FEAT_AdvSIMD	A64/simd_dp/asimdshf/SQRSHRN_asimdshf_N
6225	A64	Armv8-A	FEAT_AdvSIMD	A64/simd_dp/asimdshf/SSHLL_asimdshf_L
6226	A64	Armv8-A	FEAT_AdvSIMD	A64/simd_dp/asimdshf/SCVTF_asimdshf_C
6227	A64	Armv8-A	FEAT_AdvSIMD	A64/simd_dp/asimdshf/FCVTZS_asimdshf_C
6228	A64	Armv8-A	FEAT_AdvSIMD	A64/simd_dp/asimdshf/USHR_asimdshf_R
6229	A64	Armv8-A	FEAT_AdvSIMD	A64/simd_dp/asimdshf/USRA_asimdshf_R
6230	A64	Armv8-A	FEAT_AdvSIMD	A64/simd_dp/asimdshf/URSHR_asimdshf_R
6231	A64	Armv8-A	FEAT_AdvSIMD	A64/simd_dp/asimdshf/URSRA_asimdshf_R
6232	A64	Armv8-A	FEAT_AdvSIMD	A64/simd_dp/asimdshf/SRI_asimdshf_R
6233	A64	Armv8-A	FEAT_AdvSIMD	A64/simd_dp/asimdshf/SLI_asimdshf_R
6234	A64	Armv8-A	FEAT_AdvSIMD	A64/simd_dp/asimdshf/SQSHLU_asimdshf_R
6235	A64	Armv8-A	FEAT_AdvSIMD	A64/simd_dp/asimdshf/UQSHL_asimdshf_R
6236	A64	Armv8-A	FEAT_AdvSIMD	A64/simd_dp/asimdshf/SQSHRUN_asimdshf_N
6237	A64	Armv8-A	FEAT_AdvSIMD	A64/simd_dp/asimdshf/SQRSHRUN_asimdshf_N
6238	A64	Armv8-A	FEAT_AdvSIMD	A64/simd_dp/asimdshf/UQSHRN_asimdshf_N
6239	A64	Armv8-A	FEAT_AdvSIMD	A64/simd_dp/asimdshf/UQRSHRN_asimdshf_N
6240	A64	Armv8-A	FEAT_AdvSIMD	A64/simd_dp/asimdshf/USHLL_asimdshf_L
6241	A64	Armv8-A	FEAT_AdvSIMD	A64/simd_dp/asimdshf/UCVTF_asimdshf_C
6242	A64	Armv8-A	FEAT_AdvSIMD	A64/simd_dp/asimdshf/FCVTZU_asimdshf_C
6243	A64	Armv8-A	FEAT_AdvSIMD	A64/simd_dp/asimdelem/SMLAL_asimdelem_L
6244	A64	Armv8-A	FEAT_AdvSIMD	A64/simd_dp/asimdelem/SQDMLAL_asimdelem_L
6245	A64	Armv8-A	FEAT_AdvSIMD	A64/simd_dp/asimdelem/SMLSL_asimdelem_L
6246	A64	Armv8-A	FEAT_AdvSIMD	A64/simd_dp/asimdelem/SQDMLSL_asimdelem_L
6247	A64	Armv8-A	FEAT_AdvSIMD	A64/simd_dp/asimdelem/MUL_asimdelem_R
6248	A64	Armv8-A	FEAT_AdvSIMD	A64/simd_dp/asimdelem/SMULL_asimdelem_L
6249	A64	Armv8-A	FEAT_AdvSIMD	A64/simd_dp/asimdelem/SQDMULL_asimdelem_L
6250	A64	Armv8-A	FEAT_AdvSIMD	A64/simd_dp/asimdelem/SQDMULH_asimdelem_R
6251	A64	Armv8-A	FEAT_AdvSIMD	A64/simd_dp/asimdelem/SQRDMULH_asimdelem_R
6252	A64	Armv8-A	FEAT_DotProd	A64/simd_dp/asimdelem/SDOT_asimdelem_D
6253	A64	Armv8-A	FEAT_FP8DOT4	A64/simd_dp/asimdelem/FDOT_asimdelem_D
6254	A64	Armv8-A	FEAT_AdvSIMD,FEAT_FP16	A64/simd_dp/asimdelem/FMLA_asimdelem_RH_H
6255	A64	Armv8-A	FEAT_AdvSIMD,FEAT_FP16	A64/simd_dp/asimdelem/FMLS_asimdelem_RH_H
6256	A64	Armv8-A	FEAT_AdvSIMD,FEAT_FP16	A64/simd_dp/asimdelem/FMUL_asimdelem_RH_H
6257	A64	Armv8-A	FEAT_I8MM	A64/simd_dp/asimdelem/SUDOT_asimdelem_D
6258	A64	Armv8-A	FEAT_FP8DOT2	A64/simd_dp/asimdelem/FDOT_asimdelem_G
6259	A64	Armv8-A	FEAT_F16F32DOT	A64/simd_dp/asimdelem/FDOT_asimdelem_FP16FP32
6260	A64	Armv8-A	FEAT_BF16	A64/simd_dp/asimdelem/BFDOT_asimdelem_E
6261	A64	Armv8-A	FEAT_AdvSIMD	A64/simd_dp/asimdelem/FMLA_asimdelem_R_SD
6262	A64	Armv8-A	FEAT_AdvSIMD	A64/simd_dp/asimdelem/FMLS_asimdelem_R_SD
6263	A64	Armv8-A	FEAT_AdvSIMD	A64/simd_dp/asimdelem/FMUL_asimdelem_R_SD
6264	A64	Armv8-A	FEAT_FHM	A64/simd_dp/asimdelem/FMLAL_asimdelem_LH
6265	A64	Armv8-A	FEAT_FHM	A64/simd_dp/asimdelem/FMLSL_asimdelem_LH
6266	A64	Armv8-A	FEAT_I8MM	A64/simd_dp/asimdelem/USDOT_asimdelem_D
6267	A64	Armv8-A	FEAT_BF16	A64/simd_dp/asimdelem/BFMLAL_asimdelem_F
6268	A64	Armv8-A	FEAT_AdvSIMD	A64/simd_dp/asimdelem/MLA_asimdelem_R
6269	A64	Armv8-A	FEAT_AdvSIMD	A64/simd_dp/asimdelem/UMLAL_asimdelem_L
6270	A64	Armv8-A	FEAT_AdvSIMD	A64/simd_dp/asimdelem/MLS_asimdelem_R
6271	A64	Armv8-A	FEAT_AdvSIMD	A64/simd_dp/asimdelem/UMLSL_asimdelem_L
6272	A64	Armv8-A	FEAT_AdvSIMD	A64/simd_dp/asimdelem/UMULL_asimdelem_L
6273	A64	Armv8-A	FEAT_RDM	A64/simd_dp/asimdelem/SQRDMLAH_asimdelem_R
6274	A64	Armv8-A	FEAT_DotProd	A64/simd_dp/asimdelem/UDOT_asimdelem_D
6275	A64	Armv8-A	FEAT_RDM	A64/simd_dp/asimdelem/SQRDMLSH_asimdelem_R
6276	A64	Armv8-A	FEAT_AdvSIMD,FEAT_FP16	A64/simd_dp/asimdelem/FMULX_asimdelem_RH_H
6277	A64	Armv8-A	FEAT_FCMA	A64/simd_dp/asimdelem/FCMLA_advsimd_elt
6278	A64	Armv8-A	FEAT_AdvSIMD	A64/simd_dp/asimdelem/FMULX_asimdelem_R_SD
6279	A64	Armv8-A	FEAT_FHM	A64/simd_dp/asimdelem/FMLAL2_asimdelem_LH
6280	A64	Armv8-A	FEAT_FHM	A64/simd_dp/asimdelem/FMLSL2_asimdelem_LH
6281	A64	Armv8-A	FEAT_FP8FMA	A64/simd_dp/asimdelem/FMLALB_asimdelem_H
6282	A64	Armv8-A	FEAT_FP8FMA	A64/simd_dp/asimdelem/FMLALLBB_asimdelem_J
6283	A64	Armv8-A	FEAT_FP8FMA	A64/simd_dp/asimdelem/FMLALLBT_asimdelem_J
6284	A64	Armv8-A	FEAT_FP8FMA	A64/simd_dp/asimdelem/FMLALT_asimdelem_H
6285	A64	Armv8-A	FEAT_FP8FMA	A64/simd_dp/asimdelem/FMLALLTB_asimdelem_J
6286	A64	Armv8-A	FEAT_FP8FMA	A64/simd_dp/asimdelem/FMLALLTT_asimdelem_J
6287	A64	Armv8-A	FEAT_SM3	A64/simd_dp/crypto3_imm2/SM3TT1A_VVV4_crypto3_imm2
6288	A64	Armv8-A	FEAT_SM3	A64/simd_dp/crypto3_imm2/SM3TT1B_VVV4_crypto3_imm2
6289	A64	Armv8-A	FEAT_SM3	A64/simd_dp/crypto3_imm2/SM3TT2A_VVV4_crypto3_imm2
6290	A64	Armv8-A	FEAT_SM3	A64/simd_dp/crypto3_imm2/SM3TT2B_VVV_crypto3_imm2
6291	A64	Armv8-A	FEAT_SHA512	A64/simd_dp/cryptosha512_3/SHA512H_QQV_cryptosha512_3
6292	A64	Armv8-A	FEAT_SHA512	A64/simd_dp/cryptosha512_3/SHA512H2_QQV_cryptosha512_3
6293	A64	Armv8-A	FEAT_SHA512	A64/simd_dp/cryptosha512_3/SHA512SU1_VVV2_cryptosha512_3
6294	A64	Armv8-A	FEAT_SHA3	A64/simd_dp/cryptosha512_3/RAX1_VVV2_cryptosha512_3
6295	A64	Armv8-A	FEAT_SM3	A64/simd_dp/cryptosha512_3/SM3PARTW1_VVV4_cryptosha512_3
6296	A64	Armv8-A	FEAT_SM3	A64/simd_dp/cryptosha512_3/SM3PARTW2_VVV4_cryptosha512_3
6297	A64	Armv8-A	FEAT_SM4	A64/simd_dp/cryptosha512_3/SM4EKEY_VVV4_cryptosha512_3
6298	A64	Armv8-A	FEAT_SHA3	A64/simd_dp/crypto4/EOR3_VVV16_crypto4
6299	A64	Armv8-A	FEAT_SHA3	A64/simd_dp/crypto4/BCAX_VVV16_crypto4
6300	A64	Armv8-A	FEAT_SM3	A64/simd_dp/crypto4/SM3SS1_VVV4_crypto4
6301	A64	Armv8-A	FEAT_SHA3	A64/simd_dp/crypto3_imm6/XAR_VVV2_crypto3_imm6
6302	A64	Armv8-A	FEAT_SHA512	A64/simd_dp/cryptosha512_2/SHA512SU0_VV2_cryptosha512_2
6303	A64	Armv8-A	FEAT_SM4	A64/simd_dp/cryptosha512_2/SM4E_VV4_cryptosha512_2
6304	A64	Armv8-A	FEAT_FP	A64/simd_dp/float2fix/SCVTF_S32_float2fix
6305	A64	Armv8-A	FEAT_FP	A64/simd_dp/float2fix/UCVTF_S32_float2fix
6306	A64	Armv8-A	FEAT_FP	A64/simd_dp/float2fix/FCVTZS_32S_float2fix
6307	A64	Armv8-A	FEAT_FP	A64/simd_dp/float2fix/FCVTZU_32S_float2fix
6308	A64	Armv8-A	FEAT_FP	A64/simd_dp/float2fix/SCVTF_D32_float2fix
6309	A64	Armv8-A	FEAT_FP	A64/simd_dp/float2fix/UCVTF_D32_float2fix
6310	A64	Armv8-A	FEAT_FP	A64/simd_dp/float2fix/FCVTZS_32D_float2fix
6311	A64	Armv8-A	FEAT_FP	A64/simd_dp/float2fix/FCVTZU_32D_float2fix
6312	A64	Armv8-A	FEAT_FP16	A64/simd_dp/float2fix/SCVTF_H32_float2fix
6313	A64	Armv8-A	FEAT_FP16	A64/simd_dp/float2fix/UCVTF_H32_float2fix
6314	A64	Armv8-A	FEAT_FP16	A64/simd_dp/float2fix/FCVTZS_32H_float2fix
6315	A64	Armv8-A	FEAT_FP16	A64/simd_dp/float2fix/FCVTZU_32H_float2fix
6316	A64	Armv8-A	FEAT_FP	A64/simd_dp/float2fix/SCVTF_S64_float2fix
6317	A64	Armv8-A	FEAT_FP	A64/simd_dp/float2fix/UCVTF_S64_float2fix
6318	A64	Armv8-A	FEAT_FP	A64/simd_dp/float2fix/FCVTZS_64S_float2fix
6319	A64	Armv8-A	FEAT_FP	A64/simd_dp/float2fix/FCVTZU_64S_float2fix
6320	A64	Armv8-A	FEAT_FP	A64/simd_dp/float2fix/SCVTF_D64_float2fix
6321	A64	Armv8-A	FEAT_FP	A64/simd_dp/float2fix/UCVTF_D64_float2fix
6322	A64	Armv8-A	FEAT_FP	A64/simd_dp/float2fix/FCVTZS_64D_float2fix
6323	A64	Armv8-A	FEAT_FP	A64/simd_dp/float2fix/FCVTZU_64D_float2fix
6324	A64	Armv8-A	FEAT_FP16	A64/simd_dp/float2fix/SCVTF_H64_float2fix
6325	A64	Armv8-A	FEAT_FP16	A64/simd_dp/float2fix/UCVTF_H64_float2fix
6326	A64	Armv8-A	FEAT_FP16	A64/simd_dp/float2fix/FCVTZS_64H_float2fix
6327	A64	Armv8-A	FEAT_FP16	A64/simd_dp/float2fix/FCVTZU_64H_float2fix
6328	A64	Armv8-A	FEAT_FP	A64/simd_dp/float2int/FCVTNS_32S_float2int
6329	A64	Armv8-A	FEAT_FP	A64/simd_dp/float2int/FCVTNU_32S_float2int
6330	A64	Armv8-A	FEAT_FP	A64/simd_dp/float2int/SCVTF_S32_float2int
6331	A64	Armv8-A	FEAT_FP	A64/simd_dp/float2int/UCVTF_S32_float2int
6332	A64	Armv8-A	FEAT_FP	A64/simd_dp/float2int/FCVTAS_32S_float2int
6333	A64	Armv8-A	FEAT_FP	A64/simd_dp/float2int/FCVTAU_32S_float2int
6334	A64	Armv8-A	FEAT_FP	A64/simd_dp/float2int/FMOV_32S_float2int
6335	A64	Armv8-A	FEAT_FP	A64/simd_dp/float2int/FMOV_S32_float2int
6336	A64	Armv8-A	FEAT_FP	A64/simd_dp/float2int/FCVTPS_32S_float2int
6337	A64	Armv8-A	FEAT_FP	A64/simd_dp/float2int/FCVTPU_32S_float2int
6338	A64	Armv8-A	FEAT_FP	A64/simd_dp/float2int/FCVTMS_32S_float2int
6339	A64	Armv8-A	FEAT_FP	A64/simd_dp/float2int/FCVTMU_32S_float2int
6340	A64	Armv8-A	FEAT_FP	A64/simd_dp/float2int/FCVTZS_32S_float2int
6341	A64	Armv8-A	FEAT_FP	A64/simd_dp/float2int/FCVTZU_32S_float2int
6342	A64	Armv8-A	FEAT_FP	A64/simd_dp/float2int/FCVTNS_32D_float2int
6343	A64	Armv8-A	FEAT_FP	A64/simd_dp/float2int/FCVTNU_32D_float2int
6344	A64	Armv8-A	FEAT_FP	A64/simd_dp/float2int/SCVTF_D32_float2int
6345	A64	Armv8-A	FEAT_FP	A64/simd_dp/float2int/UCVTF_D32_float2int
6346	A64	Armv8-A	FEAT_FP	A64/simd_dp/float2int/FCVTAS_32D_float2int
6347	A64	Armv8-A	FEAT_FP	A64/simd_dp/float2int/FCVTAU_32D_float2int
6348	A64	Armv8-A	FEAT_FP	A64/simd_dp/float2int/FCVTPS_32D_float2int
6349	A64	Armv8-A	FEAT_FP	A64/simd_dp/float2int/FCVTPU_32D_float2int
6350	A64	Armv8-A	FEAT_FP	A64/simd_dp/float2int/FCVTMS_32D_float2int
6351	A64	Armv8-A	FEAT_FP	A64/simd_dp/float2int/FCVTMU_32D_float2int
6352	A64	Armv8-A	FEAT_FP	A64/simd_dp/float2int/FCVTZS_32D_float2int
6353	A64	Armv8-A	FEAT_FP	A64/simd_dp/float2int/FCVTZU_32D_float2int
6354	A64	Armv8-A	FEAT_JSCVT	A64/simd_dp/float2int/FJCVTZS_32D_float2int
6355	A64	Armv8-A	FEAT_FP16	A64/simd_dp/float2int/FCVTNS_32H_float2int
6356	A64	Armv8-A	FEAT_FP16	A64/simd_dp/float2int/FCVTNU_32H_float2int
6357	A64	Armv8-A	FEAT_FP16	A64/simd_dp/float2int/SCVTF_H32_float2int
6358	A64	Armv8-A	FEAT_FP16	A64/simd_dp/float2int/UCVTF_H32_float2int
6359	A64	Armv8-A	FEAT_FP16	A64/simd_dp/float2int/FCVTAS_32H_float2int
6360	A64	Armv8-A	FEAT_FP16	A64/simd_dp/float2int/FCVTAU_32H_float2int
6361	A64	Armv8-A	FEAT_FP16	A64/simd_dp/float2int/FMOV_32H_float2int
6362	A64	Armv8-A	FEAT_FP16	A64/simd_dp/float2int/FMOV_H32_float2int
6363	A64	Armv8-A	FEAT_FP16	A64/simd_dp/float2int/FCVTPS_32H_float2int
6364	A64	Armv8-A	FEAT_FP16	A64/simd_dp/float2int/FCVTPU_32H_float2int
6365	A64	Armv8-A	FEAT_FP16	A64/simd_dp/float2int/FCVTMS_32H_float2int
6366	A64	Armv8-A	FEAT_FP16	A64/simd_dp/float2int/FCVTMU_32H_float2int
6367	A64	Armv8-A	FEAT_FP16	A64/simd_dp/float2int/FCVTZS_32H_float2int
6368	A64	Armv8-A	FEAT_FP16	A64/simd_dp/float2int/FCVTZU_32H_float2int
6369	A64	Armv8-A	FEAT_FP	A64/simd_dp/float2int/FCVTNS_64S_float2int
6370	A64	Armv8-A	FEAT_FP	A64/simd_dp/float2int/FCVTNU_64S_float2int
6371	A64	Armv8-A	FEAT_FP	A64/simd_dp/float2int/SCVTF_S64_float2int
6372	A64	Armv8-A	FEAT_FP	A64/simd_dp/float2int/UCVTF_S64_float2int
6373	A64	Armv8-A	FEAT_FP	A64/simd_dp/float2int/FCVTAS_64S_float2int
6374	A64	Armv8-A	FEAT_FP	A64/simd_dp/float2int/FCVTAU_64S_float2int
6375	A64	Armv8-A	FEAT_FP	A64/simd_dp/float2int/FCVTPS_64S_float2int
6376	A64	Armv8-A	FEAT_FP	A64/simd_dp/float2int/FCVTPU_64S_float2int
6377	A64	Armv8-A	FEAT_FP	A64/simd_dp/float2int/FCVTMS_64S_float2int
6378	A64	Armv8-A	FEAT_FP	A64/simd_dp/float2int/FCVTMU_64S_float2int
6379	A64	Armv8-A	FEAT_FP	A64/simd_dp/float2int/FCVTZS_64S_float2int
6380	A64	Armv8-A	FEAT_FP	A64/simd_dp/float2int/FCVTZU_64S_float2int
6381	A64	Armv8-A	FEAT_FP	A64/simd_dp/float2int/FCVTNS_64D_float2int
6382	A64	Armv8-A	FEAT_FP	A64/simd_dp/float2int/FCVTNU_64D_float2int
6383	A64	Armv8-A	FEAT_FP	A64/simd_dp/float2int/SCVTF_D64_float2int
6384	A64	Armv8-A	FEAT_FP	A64/simd_dp/float2int/UCVTF_D64_float2int
6385	A64	Armv8-A	FEAT_FP	A64/simd_dp/float2int/FCVTAS_64D_float2int
6386	A64	Armv8-A	FEAT_FP	A64/simd_dp/float2int/FCVTAU_64D_float2int
6387	A64	Armv8-A	FEAT_FP	A64/simd_dp/float2int/FMOV_64D_float2int
6388	A64	Armv8-A	FEAT_FP	A64/simd_dp/float2int/FMOV_D64_float2int
6389	A64	Armv8-A	FEAT_FP	A64/simd_dp/float2int/FCVTPS_64D_float2int
6390	A64	Armv8-A	FEAT_FP	A64/simd_dp/float2int/FCVTPU_64D_float2int
6391	A64	Armv8-A	FEAT_FP	A64/simd_dp/float2int/FCVTMS_64D_float2int
6392	A64	Armv8-A	FEAT_FP	A64/simd_dp/float2int/FCVTMU_64D_float2int
6393	A64	Armv8-A	FEAT_FP	A64/simd_dp/float2int/FCVTZS_64D_float2int
6394	A64	Armv8-A	FEAT_FP	A64/simd_dp/float2int/FCVTZU_64D_float2int
6395	A64	Armv8-A	FEAT_FP	A64/simd_dp/float2int/FMOV_64VX_float2int
6396	A64	Armv8-A	FEAT_FP	A64/simd_dp/float2int/FMOV_V64I_float2int
6397	A64	Armv8-A	FEAT_FP16	A64/simd_dp/float2int/FCVTNS_64H_float2int
6398	A64	Armv8-A	FEAT_FP16	A64/simd_dp/float2int/FCVTNU_64H_float2int
6399	A64	Armv8-A	FEAT_FP16	A64/simd_dp/float2int/SCVTF_H64_float2int
6400	A64	Armv8-A	FEAT_FP16	A64/simd_dp/float2int/UCVTF_H64_float2int
6401	A64	Armv8-A	FEAT_FP16	A64/simd_dp/float2int/FCVTAS_64H_float2int
6402	A64	Armv8-A	FEAT_FP16	A64/simd_dp/float2int/FCVTAU_64H_float2int
6403	A64	Armv8-A	FEAT_FP16	A64/simd_dp/float2int/FMOV_64H_float2int
6404	A64	Armv8-A	FEAT_FP16	A64/simd_dp/float2int/FMOV_H64_float2int
6405	A64	Armv8-A	FEAT_FP16	A64/simd_dp/float2int/FCVTPS_64H_float2int
6406	A64	Armv8-A	FEAT_FP16	A64/simd_dp/float2int/FCVTPU_64H_float2int
6407	A64	Armv8-A	FEAT_FP16	A64/simd_dp/float2int/FCVTMS_64H_float2int
6408	A64	Armv8-A	FEAT_FP16	A64/simd_dp/float2int/FCVTMU_64H_float2int
6409	A64	Armv8-A	FEAT_FP16	A64/simd_dp/float2int/FCVTZS_64H_float2int
6410	A64	Armv8-A	FEAT_FP16	A64/simd_dp/float2int/FCVTZU_64H_float2int
6411	A64	Armv8-A	FEAT_FPRCVT	A64/simd_dp/float2int/FCVTNS_sisd_32D
6412	A64	Armv8-A	FEAT_FPRCVT	A64/simd_dp/float2int/FCVTAS_sisd_32D
6413	A64	Armv8-A	FEAT_FPRCVT	A64/simd_dp/float2int/FCVTPS_sisd_32D
6414	A64	Armv8-A	FEAT_FPRCVT	A64/simd_dp/float2int/FCVTMS_sisd_32D
6415	A64	Armv8-A	FEAT_FPRCVT	A64/simd_dp/float2int/FCVTZS_sisd_32D
6416	A64	Armv8-A	FEAT_FPRCVT	A64/simd_dp/float2int/SCVTF_sisd_32D
6417	A64	Armv8-A	FEAT_FPRCVT	A64/simd_dp/float2int/FCVTNU_sisd_32D
6418	A64	Armv8-A	FEAT_FPRCVT	A64/simd_dp/float2int/FCVTAU_sisd_32D
6419	A64	Armv8-A	FEAT_FPRCVT	A64/simd_dp/float2int/FCVTPU_sisd_32D
6420	A64	Armv8-A	FEAT_FPRCVT	A64/simd_dp/float2int/FCVTMU_sisd_32D
6421	A64	Armv8-A	FEAT_FPRCVT	A64/simd_dp/float2int/FCVTZU_sisd_32D
6422	A64	Armv8-A	FEAT_FPRCVT	A64/simd_dp/float2int/UCVTF_sisd_32D
6423	A64	Armv8-A	FEAT_FPRCVT	A64/simd_dp/float2int/FCVTNS_sisd_32H
6424	A64	Armv8-A	FEAT_FPRCVT	A64/simd_dp/float2int/FCVTAS_sisd_32H
6425	A64	Armv8-A	FEAT_FPRCVT	A64/simd_dp/float2int/FCVTPS_sisd_32H
6426	A64	Armv8-A	FEAT_FPRCVT	A64/simd_dp/float2int/FCVTMS_sisd_32H
6427	A64	Armv8-A	FEAT_FPRCVT	A64/simd_dp/float2int/FCVTZS_sisd_32H
6428	A64	Armv8-A	FEAT_FPRCVT	A64/simd_dp/float2int/SCVTF_sisd_32H
6429	A64	Armv8-A	FEAT_FPRCVT	A64/simd_dp/float2int/FCVTNU_sisd_32H
6430	A64	Armv8-A	FEAT_FPRCVT	A64/simd_dp/float2int/FCVTAU_sisd_32H
6431	A64	Armv8-A	FEAT_FPRCVT	A64/simd_dp/float2int/FCVTPU_sisd_32H
6432	A64	Armv8-A	FEAT_FPRCVT	A64/simd_dp/float2int/FCVTMU_sisd_32H
6433	A64	Armv8-A	FEAT_FPRCVT	A64/simd_dp/float2int/FCVTZU_sisd_32H
6434	A64	Armv8-A	FEAT_FPRCVT	A64/simd_dp/float2int/UCVTF_sisd_32H
6435	A64	Armv8-A	FEAT_FPRCVT	A64/simd_dp/float2int/FCVTNS_sisd_64H
6436	A64	Armv8-A	FEAT_FPRCVT	A64/simd_dp/float2int/FCVTAS_sisd_64H
6437	A64	Armv8-A	FEAT_FPRCVT	A64/simd_dp/float2int/FCVTPS_sisd_64H
6438	A64	Armv8-A	FEAT_FPRCVT	A64/simd_dp/float2int/FCVTMS_sisd_64H
6439	A64	Armv8-A	FEAT_FPRCVT	A64/simd_dp/float2int/FCVTZS_sisd_64H
6440	A64	Armv8-A	FEAT_FPRCVT	A64/simd_dp/float2int/SCVTF_sisd_64H
6441	A64	Armv8-A	FEAT_FPRCVT	A64/simd_dp/float2int/FCVTNU_sisd_64H
6442	A64	Armv8-A	FEAT_FPRCVT	A64/simd_dp/float2int/FCVTAU_sisd_64H
6443	A64	Armv8-A	FEAT_FPRCVT	A64/simd_dp/float2int/FCVTPU_sisd_64H
6444	A64	Armv8-A	FEAT_FPRCVT	A64/simd_dp/float2int/FCVTMU_sisd_64H
6445	A64	Armv8-A	FEAT_FPRCVT	A64/simd_dp/float2int/FCVTZU_sisd_64H
6446	A64	Armv8-A	FEAT_FPRCVT	A64/simd_dp/float2int/UCVTF_sisd_64H
6447	A64	Armv8-A	FEAT_FPRCVT	A64/simd_dp/float2int/FCVTNS_sisd_64S
6448	A64	Armv8-A	FEAT_FPRCVT	A64/simd_dp/float2int/FCVTAS_sisd_64S
6449	A64	Armv8-A	FEAT_FPRCVT	A64/simd_dp/float2int/FCVTPS_sisd_64S
6450	A64	Armv8-A	FEAT_FPRCVT	A64/simd_dp/float2int/FCVTMS_sisd_64S
6451	A64	Armv8-A	FEAT_FPRCVT	A64/simd_dp/float2int/FCVTZS_sisd_64S
6452	A64	Armv8-A	FEAT_FPRCVT	A64/simd_dp/float2int/SCVTF_sisd_64S
6453	A64	Armv8-A	FEAT_FPRCVT	A64/simd_dp/float2int/FCVTNU_sisd_64S
6454	A64	Armv8-A	FEAT_FPRCVT	A64/simd_dp/float2int/FCVTAU_sisd_64S
6455	A64	Armv8-A	FEAT_FPRCVT	A64/simd_dp/float2int/FCVTPU_sisd_64S
6456	A64	Armv8-A	FEAT_FPRCVT	A64/simd_dp/float2int/FCVTMU_sisd_64S
6457	A64	Armv8-A	FEAT_FPRCVT	A64/simd_dp/float2int/FCVTZU_sisd_64S
6458	A64	Armv8-A	FEAT_FPRCVT	A64/simd_dp/float2int/UCVTF_sisd_64S
6459	A64	Armv8-A	FEAT_FP	A64/simd_dp/floatdp1/FMOV_S_floatdp1
6460	A64	Armv8-A	FEAT_FP	A64/simd_dp/floatdp1/FABS_S_floatdp1
6461	A64	Armv8-A	FEAT_FP	A64/simd_dp/floatdp1/FNEG_S_floatdp1
6462	A64	Armv8-A	FEAT_FP	A64/simd_dp/floatdp1/FSQRT_S_floatdp1
6463	A64	Armv8-A	FEAT_FP	A64/simd_dp/floatdp1/FCVT_DS_floatdp1
6464	A64	Armv8-A	FEAT_FP	A64/simd_dp/floatdp1/FCVT_HS_floatdp1
6465	A64	Armv8-A	FEAT_FP	A64/simd_dp/floatdp1/FRINTN_S_floatdp1
6466	A64	Armv8-A	FEAT_FP	A64/simd_dp/floatdp1/FRINTP_S_floatdp1
6467	A64	Armv8-A	FEAT_FP	A64/simd_dp/floatdp1/FRINTM_S_floatdp1
6468	A64	Armv8-A	FEAT_FP	A64/simd_dp/floatdp1/FRINTZ_S_floatdp1
6469	A64	Armv8-A	FEAT_FP	A64/simd_dp/floatdp1/FRINTA_S_floatdp1
6470	A64	Armv8-A	FEAT_FP	A64/simd_dp/floatdp1/FRINTX_S_floatdp1
6471	A64	Armv8-A	FEAT_FP	A64/simd_dp/floatdp1/FRINTI_S_floatdp1
6472	A64	Armv8-A	FEAT_FRINTTS	A64/simd_dp/floatdp1/FRINT32Z_S_floatdp1
6473	A64	Armv8-A	FEAT_FRINTTS	A64/simd_dp/floatdp1/FRINT32X_S_floatdp1
6474	A64	Armv8-A	FEAT_FRINTTS	A64/simd_dp/floatdp1/FRINT64Z_S_floatdp1
6475	A64	Armv8-A	FEAT_FRINTTS	A64/simd_dp/floatdp1/FRINT64X_S_floatdp1
6476	A64	Armv8-A	FEAT_FP	A64/simd_dp/floatdp1/FMOV_D_floatdp1
6477	A64	Armv8-A	FEAT_FP	A64/simd_dp/floatdp1/FABS_D_floatdp1
6478	A64	Armv8-A	FEAT_FP	A64/simd_dp/floatdp1/FNEG_D_floatdp1
6479	A64	Armv8-A	FEAT_FP	A64/simd_dp/floatdp1/FSQRT_D_floatdp1
6480	A64	Armv8-A	FEAT_FP	A64/simd_dp/floatdp1/FCVT_SD_floatdp1
6481	A64	Armv8-A	FEAT_BF16	A64/simd_dp/floatdp1/BFCVT_BS_floatdp1
6482	A64	Armv8-A	FEAT_FP	A64/simd_dp/floatdp1/FCVT_HD_floatdp1
6483	A64	Armv8-A	FEAT_FP	A64/simd_dp/floatdp1/FRINTN_D_floatdp1
6484	A64	Armv8-A	FEAT_FP	A64/simd_dp/floatdp1/FRINTP_D_floatdp1
6485	A64	Armv8-A	FEAT_FP	A64/simd_dp/floatdp1/FRINTM_D_floatdp1
6486	A64	Armv8-A	FEAT_FP	A64/simd_dp/floatdp1/FRINTZ_D_floatdp1
6487	A64	Armv8-A	FEAT_FP	A64/simd_dp/floatdp1/FRINTA_D_floatdp1
6488	A64	Armv8-A	FEAT_FP	A64/simd_dp/floatdp1/FRINTX_D_floatdp1
6489	A64	Armv8-A	FEAT_FP	A64/simd_dp/floatdp1/FRINTI_D_floatdp1
6490	A64	Armv8-A	FEAT_FRINTTS	A64/simd_dp/floatdp1/FRINT32Z_D_floatdp1
6491	A64	Armv8-A	FEAT_FRINTTS	A64/simd_dp/floatdp1/FRINT32X_D_floatdp1
6492	A64	Armv8-A	FEAT_FRINTTS	A64/simd_dp/floatdp1/FRINT64Z_D_floatdp1
6493	A64	Armv8-A	FEAT_FRINTTS	A64/simd_dp/floatdp1/FRINT64X_D_floatdp1
6494	A64	Armv8-A	FEAT_FP16	A64/simd_dp/floatdp1/FMOV_H_floatdp1
6495	A64	Armv8-A	FEAT_FP16	A64/simd_dp/floatdp1/FABS_H_floatdp1
6496	A64	Armv8-A	FEAT_FP16	A64/simd_dp/floatdp1/FNEG_H_floatdp1
6497	A64	Armv8-A	FEAT_FP16	A64/simd_dp/floatdp1/FSQRT_H_floatdp1
6498	A64	Armv8-A	FEAT_FP	A64/simd_dp/floatdp1/FCVT_SH_floatdp1
6499	A64	Armv8-A	FEAT_FP	A64/simd_dp/floatdp1/FCVT_DH_floatdp1
6500	A64	Armv8-A	FEAT_FP16	A64/simd_dp/floatdp1/FRINTN_H_floatdp1
6501	A64	Armv8-A	FEAT_FP16	A64/simd_dp/floatdp1/FRINTP_H_floatdp1
6502	A64	Armv8-A	FEAT_FP16	A64/simd_dp/floatdp1/FRINTM_H_floatdp1
6503	A64	Armv8-A	FEAT_FP16	A64/simd_dp/floatdp1/FRINTZ_H_floatdp1
6504	A64	Armv8-A	FEAT_FP16	A64/simd_dp/floatdp1/FRINTA_H_floatdp1
6505	A64	Armv8-A	FEAT_FP16	A64/simd_dp/floatdp1/FRINTX_H_floatdp1
6506	A64	Armv8-A	FEAT_FP16	A64/simd_dp/floatdp1/FRINTI_H_floatdp1
6507	A64	Armv8-A	FEAT_FP	A64/simd_dp/floatcmp/FCMP_S_floatcmp
6508	A64	Armv8-A	FEAT_FP	A64/simd_dp/floatcmp/FCMP_SZ_floatcmp
6509	A64	Armv8-A	FEAT_FP	A64/simd_dp/floatcmp/FCMPE_S_floatcmp
6510	A64	Armv8-A	FEAT_FP	A64/simd_dp/floatcmp/FCMPE_SZ_floatcmp
6511	A64	Armv8-A	FEAT_FP	A64/simd_dp/floatcmp/FCMP_D_floatcmp
6512	A64	Armv8-A	FEAT_FP	A64/simd_dp/floatcmp/FCMP_DZ_floatcmp
6513	A64	Armv8-A	FEAT_FP	A64/simd_dp/floatcmp/FCMPE_D_floatcmp
6514	A64	Armv8-A	FEAT_FP	A64/simd_dp/floatcmp/FCMPE_DZ_floatcmp
6515	A64	Armv8-A	FEAT_FP16	A64/simd_dp/floatcmp/FCMP_H_floatcmp
6516	A64	Armv8-A	FEAT_FP16	A64/simd_dp/floatcmp/FCMP_HZ_floatcmp
6517	A64	Armv8-A	FEAT_FP16	A64/simd_dp/floatcmp/FCMPE_H_floatcmp
6518	A64	Armv8-A	FEAT_FP16	A64/simd_dp/floatcmp/FCMPE_HZ_floatcmp
6519	A64	Armv8-A	FEAT_FP	A64/simd_dp/floatimm/FMOV_S_floatimm
6520	A64	Armv8-A	FEAT_FP	A64/simd_dp/floatimm/FMOV_D_floatimm
6521	A64	Armv8-A	FEAT_FP16	A64/simd_dp/floatimm/FMOV_H_floatimm
6522	A64	Armv8-A	FEAT_FP	A64/simd_dp/floatccmp/FCCMP_S_floatccmp
6523	A64	Armv8-A	FEAT_FP	A64/simd_dp/floatccmp/FCCMPE_S_floatccmp
6524	A64	Armv8-A	FEAT_FP	A64/simd_dp/floatccmp/FCCMP_D_floatccmp
6525	A64	Armv8-A	FEAT_FP	A64/simd_dp/floatccmp/FCCMPE_D_floatccmp
6526	A64	Armv8-A	FEAT_FP16	A64/simd_dp/floatccmp/FCCMP_H_floatccmp
6527	A64	Armv8-A	FEAT_FP16	A64/simd_dp/floatccmp/FCCMPE_H_floatccmp
6528	A64	Armv8-A	FEAT_FP	A64/simd_dp/floatdp2/FMUL_S_floatdp2
6529	A64	Armv8-A	FEAT_FP	A64/simd_dp/floatdp2/FDIV_S_floatdp2
6530	A64	Armv8-A	FEAT_FP	A64/simd_dp/floatdp2/FADD_S_floatdp2
6531	A64	Armv8-A	FEAT_FP	A64/simd_dp/floatdp2/FSUB_S_floatdp2
6532	A64	Armv8-A	FEAT_FP	A64/simd_dp/floatdp2/FMAX_S_floatdp2
6533	A64	Armv8-A	FEAT_FP	A64/simd_dp/floatdp2/FMIN_S_floatdp2
6534	A64	Armv8-A	FEAT_FP	A64/simd_dp/floatdp2/FMAXNM_S_floatdp2
6535	A64	Armv8-A	FEAT_FP	A64/simd_dp/floatdp2/FMINNM_S_floatdp2
6536	A64	Armv8-A	FEAT_FP	A64/simd_dp/floatdp2/FNMUL_S_floatdp2
6537	A64	Armv8-A	FEAT_FP	A64/simd_dp/floatdp2/FMUL_D_floatdp2
6538	A64	Armv8-A	FEAT_FP	A64/simd_dp/floatdp2/FDIV_D_floatdp2
6539	A64	Armv8-A	FEAT_FP	A64/simd_dp/floatdp2/FADD_D_floatdp2
6540	A64	Armv8-A	FEAT_FP	A64/simd_dp/floatdp2/FSUB_D_floatdp2
6541	A64	Armv8-A	FEAT_FP	A64/simd_dp/floatdp2/FMAX_D_floatdp2
6542	A64	Armv8-A	FEAT_FP	A64/simd_dp/floatdp2/FMIN_D_floatdp2
6543	A64	Armv8-A	FEAT_FP	A64/simd_dp/floatdp2/FMAXNM_D_floatdp2
6544	A64	Armv8-A	FEAT_FP	A64/simd_dp/floatdp2/FMINNM_D_floatdp2
6545	A64	Armv8-A	FEAT_FP	A64/simd_dp/floatdp2/FNMUL_D_floatdp2
6546	A64	Armv8-A	FEAT_FP16	A64/simd_dp/floatdp2/FMUL_H_floatdp2
6547	A64	Armv8-A	FEAT_FP16	A64/simd_dp/floatdp2/FDIV_H_floatdp2
6548	A64	Armv8-A	FEAT_FP16	A64/simd_dp/floatdp2/FADD_H_floatdp2
6549	A64	Armv8-A	FEAT_FP16	A64/simd_dp/floatdp2/FSUB_H_floatdp2
6550	A64	Armv8-A	FEAT_FP16	A64/simd_dp/floatdp2/FMAX_H_floatdp2
6551	A64	Armv8-A	FEAT_FP16	A64/simd_dp/floatdp2/FMIN_H_floatdp2
6552	A64	Armv8-A	FEAT_FP16	A64/simd_dp/floatdp2/FMAXNM_H_floatdp2
6553	A64	Armv8-A	FEAT_FP16	A64/simd_dp/floatdp2/FMINNM_H_floatdp2
6554	A64	Armv8-A	FEAT_FP16	A64/simd_dp/floatdp2/FNMUL_H_floatdp2
6555	A64	Armv8-A	FEAT_FP	A64/simd_dp/floatsel/FCSEL_S_floatsel
6556	A64	Armv8-A	FEAT_FP	A64/simd_dp/floatsel/FCSEL_D_floatsel
6557	A64	Armv8-A	FEAT_FP16	A64/simd_dp/floatsel/FCSEL_H_floatsel
6558	A64	Armv8-A	FEAT_FP	A64/simd_dp/floatdp3/FMADD_S_floatdp3
6559	A64	Armv8-A	FEAT_FP	A64/simd_dp/floatdp3/FMSUB_S_floatdp3
6560	A64	Armv8-A	FEAT_FP	A64/simd_dp/floatdp3/FNMADD_S_floatdp3
6561	A64	Armv8-A	FEAT_FP	A64/simd_dp/floatdp3/FNMSUB_S_floatdp3
6562	A64	Armv8-A	FEAT_FP	A64/simd_dp/floatdp3/FMADD_D_floatdp3
6563	A64	Armv8-A	FEAT_FP	A64/simd_dp/floatdp3/FMSUB_D_floatdp3
6564	A64	Armv8-A	FEAT_FP	A64/simd_dp/floatdp3/FNMADD_D_floatdp3
6565	A64	Armv8-A	FEAT_FP	A64/simd_dp/floatdp3/FNMSUB_D_floatdp3
6566	A64	Armv8-A	FEAT_FP16	A64/simd_dp/floatdp3/FMADD_H_floatdp3
6567	A64	Armv8-A	FEAT_FP16	A64/simd_dp/floatdp3/FMSUB_H_floatdp3
6568	A64	Armv8-A	FEAT_FP16	A64/simd_dp/floatdp3/FNMADD_H_floatdp3
6569	A64	Armv8-A	FEAT_FP16	A64/simd_dp/floatdp3/FNMSUB_H_floatdp3
