form_id	internal_name	mnemonic	assembly_template	feature_condition_id	condition_digest	preferred_digest	operation_id
A32/brblk/ldstexcept/RFEDA_A1_AS	A1B	RFEFA	RFEFA<rule:al_option_choice><rule:qw_option_choice><rule:SPACE><rule:Rn__12><rule:bang_choice>	0	3f3e8c0ebb34eeb59b973d8c6b666af50137c2d7825c63003348002d7b0a1d8f	850f8e42ca7684e4cadd817bea33cd2105d151a5bf077b3f35a6ed77d5b639bd	RFE
A32/brblk/ldstexcept/RFEDB_A1_AS	A1B	RFEEA	RFEEA<rule:al_option_choice><rule:qw_option_choice><rule:SPACE><rule:Rn__12><rule:bang_choice>	0	3f3e8c0ebb34eeb59b973d8c6b666af50137c2d7825c63003348002d7b0a1d8f	850f8e42ca7684e4cadd817bea33cd2105d151a5bf077b3f35a6ed77d5b639bd	RFE
A32/brblk/ldstexcept/RFEIA_A1_AS	A1B	RFEFD	RFEFD<rule:al_option_choice><rule:qw_option_choice><rule:SPACE><rule:Rn__12><rule:bang_choice>	0	3f3e8c0ebb34eeb59b973d8c6b666af50137c2d7825c63003348002d7b0a1d8f	850f8e42ca7684e4cadd817bea33cd2105d151a5bf077b3f35a6ed77d5b639bd	RFE
A32/brblk/ldstexcept/RFEIB_A1_AS	A1B	RFEED	RFEED<rule:al_option_choice><rule:qw_option_choice><rule:SPACE><rule:Rn__12><rule:bang_choice>	0	3f3e8c0ebb34eeb59b973d8c6b666af50137c2d7825c63003348002d7b0a1d8f	850f8e42ca7684e4cadd817bea33cd2105d151a5bf077b3f35a6ed77d5b639bd	RFE
A32/brblk/ldstm/LDMDA_A1	A1B	LDMFA	LDMFA<rule:cond_choice><rule:qw_option_choice><rule:SPACE><rule:Rn__12><rule:bang_choice><rule:COMMA><rule:registers__2>	0	a3b54a0855bf9c68cc0a68335fdb749b2008892f9fff366cbb06b3dc875a6ada	850f8e42ca7684e4cadd817bea33cd2105d151a5bf077b3f35a6ed77d5b639bd	LDMDA
A32/brblk/ldstm/LDMDB_A1	A1B	LDMEA	LDMEA<rule:cond_choice><rule:qw_option_choice><rule:SPACE><rule:Rn__12><rule:bang_choice><rule:COMMA><rule:registers__4>	0	a3b54a0855bf9c68cc0a68335fdb749b2008892f9fff366cbb06b3dc875a6ada	850f8e42ca7684e4cadd817bea33cd2105d151a5bf077b3f35a6ed77d5b639bd	LDMDB
A32/brblk/ldstm/LDMIB_A1	A1B	LDMED	LDMED<rule:cond_choice><rule:qw_option_choice><rule:SPACE><rule:Rn__12><rule:bang_choice><rule:COMMA><rule:registers__2>	0	a3b54a0855bf9c68cc0a68335fdb749b2008892f9fff366cbb06b3dc875a6ada	850f8e42ca7684e4cadd817bea33cd2105d151a5bf077b3f35a6ed77d5b639bd	LDMIB
A32/brblk/ldstm/LDM_A1	A1B	LDMFD	LDMFD<rule:cond_choice><rule:qw_option_choice><rule:SPACE><rule:Rn__12><rule:bang_choice__2><rule:COMMA><rule:registers__4>	0	a3b54a0855bf9c68cc0a68335fdb749b2008892f9fff366cbb06b3dc875a6ada	850f8e42ca7684e4cadd817bea33cd2105d151a5bf077b3f35a6ed77d5b639bd	LDM
A32/brblk/ldstm/LDM_A1	POP	POP	POP<rule:cond_choice><rule:qw_option_choice><rule:SPACE><rule:registers__5>	0	c91a2003a56b5adad16c2131f5c0f5ef5b723f35e4cc769f1d63bffb632c1b97	19884134700bb2410292b2185c63e4ecb1883d504f706fd17e7b04ce48cbd9d7	POP_LDM
A32/brblk/ldstm/STMDA_A1	A1B	STMED	STMED<rule:cond_choice><rule:qw_option_choice><rule:SPACE><rule:Rn__12><rule:bang_choice><rule:COMMA><rule:registers__1>	0	a3b54a0855bf9c68cc0a68335fdb749b2008892f9fff366cbb06b3dc875a6ada	850f8e42ca7684e4cadd817bea33cd2105d151a5bf077b3f35a6ed77d5b639bd	STMDA
A32/brblk/ldstm/STMDB_A1	A1B	STMFD	STMFD<rule:cond_choice><rule:qw_option_choice><rule:SPACE><rule:Rn__12><rule:bang_choice><rule:COMMA><rule:registers__3>	0	a3b54a0855bf9c68cc0a68335fdb749b2008892f9fff366cbb06b3dc875a6ada	850f8e42ca7684e4cadd817bea33cd2105d151a5bf077b3f35a6ed77d5b639bd	STMDB
A32/brblk/ldstm/STMDB_A1	PUSH	PUSH	PUSH<rule:cond_choice><rule:qw_option_choice><rule:SPACE><rule:registers__7>	0	c91a2003a56b5adad16c2131f5c0f5ef5b723f35e4cc769f1d63bffb632c1b97	19884134700bb2410292b2185c63e4ecb1883d504f706fd17e7b04ce48cbd9d7	PUSH_STMDB
A32/brblk/ldstm/STMIB_A1	A1B	STMFA	STMFA<rule:cond_choice><rule:qw_option_choice><rule:SPACE><rule:Rn__12><rule:bang_choice><rule:COMMA><rule:registers__1>	0	a3b54a0855bf9c68cc0a68335fdb749b2008892f9fff366cbb06b3dc875a6ada	850f8e42ca7684e4cadd817bea33cd2105d151a5bf077b3f35a6ed77d5b639bd	STMIB
A32/brblk/ldstm/STM_A1	A1B	STMEA	STMEA<rule:cond_choice><rule:qw_option_choice><rule:SPACE><rule:Rn__12><rule:bang_choice><rule:COMMA><rule:registers__3>	0	a3b54a0855bf9c68cc0a68335fdb749b2008892f9fff366cbb06b3dc875a6ada	850f8e42ca7684e4cadd817bea33cd2105d151a5bf077b3f35a6ed77d5b639bd	STM
A32/cops_as/sysldst_mov64/ldstcp/LDC_l_A1	A1B	LDC	LDC<rule:cond_choice><rule:qw_option_choice><rule:SPACE>p14<rule:COMMA>c5<rule:COMMA>[PC<rule:COMMA><rule:hash><rule:plus_or_minus_option><rule:imm__100>]	0	2f9f1e4522686a73b4ee4ad219f928211382131e49f56a9aef35e2f379c527a6	850f8e42ca7684e4cadd817bea33cd2105d151a5bf077b3f35a6ed77d5b639bd	LDC_l
A32/cops_as/sysldst_mov64/ldstcp/LDC_l_A1	A1C	LDC	LDC<rule:cond_choice><rule:qw_option_choice><rule:SPACE>p14<rule:COMMA>c5<rule:COMMA>[PC]<rule:COMMA><rule:option__5>	0	2f9f1e4522686a73b4ee4ad219f928211382131e49f56a9aef35e2f379c527a6	850f8e42ca7684e4cadd817bea33cd2105d151a5bf077b3f35a6ed77d5b639bd	LDC_l
A32/cops_as/sysldst_mov64/ldstsimdfp/VLDM_A1	A1B	VLDMIA	VLDMIA<rule:cond_choice><rule:qw_option_choice><rule:dot_vstm_size_choice><rule:SPACE><rule:Rn__30><rule:bang_choice__3><rule:COMMA><rule:registers__11>	0	a3b54a0855bf9c68cc0a68335fdb749b2008892f9fff366cbb06b3dc875a6ada	850f8e42ca7684e4cadd817bea33cd2105d151a5bf077b3f35a6ed77d5b639bd	VLDM
A32/cops_as/sysldst_mov64/ldstsimdfp/VLDM_A1	VPOP	VPOP	VPOP<rule:cond_choice><rule:qw_option_choice><rule:dot_vstm_size_choice><rule:SPACE><rule:registers__11>	0	05f1bd5296867ab30658a3bb8a39dd3c960ae7b8f9c9f2cd39bd422431502295	3f3e8c0ebb34eeb59b973d8c6b666af50137c2d7825c63003348002d7b0a1d8f	VPOP_VLDM
A32/cops_as/sysldst_mov64/ldstsimdfp/VLDM_A2	A2B	VLDMIA	VLDMIA<rule:cond_choice><rule:qw_option_choice><rule:dot_vstm_size_choice><rule:SPACE><rule:Rn__30><rule:bang_choice__3><rule:COMMA><rule:registers__10>	0	a3b54a0855bf9c68cc0a68335fdb749b2008892f9fff366cbb06b3dc875a6ada	850f8e42ca7684e4cadd817bea33cd2105d151a5bf077b3f35a6ed77d5b639bd	VLDM
A32/cops_as/sysldst_mov64/ldstsimdfp/VLDM_A2	VPOP	VPOP	VPOP<rule:cond_choice><rule:qw_option_choice><rule:dot_vstm_size_choice><rule:SPACE><rule:registers__10>	0	05f1bd5296867ab30658a3bb8a39dd3c960ae7b8f9c9f2cd39bd422431502295	3f3e8c0ebb34eeb59b973d8c6b666af50137c2d7825c63003348002d7b0a1d8f	VPOP_VLDM
A32/cops_as/sysldst_mov64/ldstsimdfp/VLDR_l_A1_D	A1B	VLDR	VLDR<rule:cond_choice><rule:qw_option_choice><rule:dot_64_choice><rule:SPACE><rule:D_Vd><rule:COMMA>[PC<rule:COMMA><rule:hash><rule:plus_or_minus_option><rule:imm__97>]	0	a3b54a0855bf9c68cc0a68335fdb749b2008892f9fff366cbb06b3dc875a6ada	850f8e42ca7684e4cadd817bea33cd2105d151a5bf077b3f35a6ed77d5b639bd	VLDR_l
A32/cops_as/sysldst_mov64/ldstsimdfp/VLDR_l_A1_H	A1B	VLDR	VLDR<rule:cond_choice><rule:qw_option_choice><rule:DOT>16<rule:SPACE><rule:Vd_D><rule:COMMA>[PC<rule:COMMA><rule:hash><rule:plus_or_minus_option><rule:imm__96>]	35	8347c0620478aaf1f69a241bff60b0299127c09175134bd031a268c616ee6295	850f8e42ca7684e4cadd817bea33cd2105d151a5bf077b3f35a6ed77d5b639bd	VLDR_l
A32/cops_as/sysldst_mov64/ldstsimdfp/VLDR_l_A1_S	A1B	VLDR	VLDR<rule:cond_choice><rule:qw_option_choice><rule:dot_32_choice><rule:SPACE><rule:Vd_D><rule:COMMA>[PC<rule:COMMA><rule:hash><rule:plus_or_minus_option><rule:imm__97>]	0	a3b54a0855bf9c68cc0a68335fdb749b2008892f9fff366cbb06b3dc875a6ada	850f8e42ca7684e4cadd817bea33cd2105d151a5bf077b3f35a6ed77d5b639bd	VLDR_l
A32/cops_as/sysldst_mov64/ldstsimdfp/VSTMDB_A1	VPUSH	VPUSH	VPUSH<rule:cond_choice><rule:qw_option_choice><rule:dot_vstm_size_choice><rule:SPACE><rule:registers__11>	0	39c4236ca3f174d43d728985c620554bcaa9fed5e6e5b1941946cc212d672ad6	3f3e8c0ebb34eeb59b973d8c6b666af50137c2d7825c63003348002d7b0a1d8f	VPUSH_VSTM
A32/cops_as/sysldst_mov64/ldstsimdfp/VSTMDB_A2	VPUSH	VPUSH	VPUSH<rule:cond_choice><rule:qw_option_choice><rule:dot_vstm_size_choice><rule:SPACE><rule:registers__10>	0	39c4236ca3f174d43d728985c620554bcaa9fed5e6e5b1941946cc212d672ad6	3f3e8c0ebb34eeb59b973d8c6b666af50137c2d7825c63003348002d7b0a1d8f	VPUSH_VSTM
A32/cops_as/sysldst_mov64/ldstsimdfp/VSTM_A1	A1B	VSTMIA	VSTMIA<rule:cond_choice><rule:qw_option_choice><rule:dot_vstm_size_choice><rule:SPACE><rule:Rn__29><rule:bang_choice__3><rule:COMMA><rule:registers__11>	0	a3b54a0855bf9c68cc0a68335fdb749b2008892f9fff366cbb06b3dc875a6ada	850f8e42ca7684e4cadd817bea33cd2105d151a5bf077b3f35a6ed77d5b639bd	VSTM
A32/cops_as/sysldst_mov64/ldstsimdfp/VSTM_A2	A2B	VSTMIA	VSTMIA<rule:cond_choice><rule:qw_option_choice><rule:dot_vstm_size_choice><rule:SPACE><rule:Rn__29><rule:bang_choice__3><rule:COMMA><rule:registers__10>	0	a3b54a0855bf9c68cc0a68335fdb749b2008892f9fff366cbb06b3dc875a6ada	850f8e42ca7684e4cadd817bea33cd2105d151a5bf077b3f35a6ed77d5b639bd	VSTM
A32/dp/dpimm/intdp2reg_imm/ADR_A1	ADD	ADD	ADD<rule:cond_choice><rule:qw_option_choice><rule:SPACE><rule:Rd__23><rule:COMMA>PC<rule:COMMA><rule:hash><rule:const__15>	0	a3b54a0855bf9c68cc0a68335fdb749b2008892f9fff366cbb06b3dc875a6ada	850f8e42ca7684e4cadd817bea33cd2105d151a5bf077b3f35a6ed77d5b639bd	ADD_ADR
A32/dp/dpimm/intdp2reg_imm/ADR_A2	SUB	SUB	SUB<rule:cond_choice><rule:qw_option_choice><rule:SPACE><rule:Rd__23><rule:COMMA>PC<rule:COMMA><rule:hash><rule:const__15>	0	a3b54a0855bf9c68cc0a68335fdb749b2008892f9fff366cbb06b3dc875a6ada	19e67cbf4fb3cadddf7ae850457e5e5cd7650f99b1d3f991f3cb6386711372f2	SUB_ADR
A32/dp/dpimm/movw/MOV_i_A2	A2B	MOVW	MOVW<rule:cond_choice><rule:qw_option_choice><rule:SPACE><rule:Rd__25><rule:COMMA><rule:hash><rule:imm4_imm12>	0	a3b54a0855bf9c68cc0a68335fdb749b2008892f9fff366cbb06b3dc875a6ada	6d4fd9a8b8f725b6cb56bd4cd617abedd8471eac33e0ebfb3717d13e52a18160	MOV_i
A32/dp/dpregis/logic3reg_immsh/MOVS_r_A1	ASRS	ASRS	ASRS<rule:cond_choice><rule:qw_option_choice><rule:SPACE><rule:rd_choice__13><rule:Rm__7><rule:COMMA><rule:hash><rule:imm__7>	0	79eae49490863f4a1c3fe2ab374b4cc5f8062cbf3ffd81b67446900a0f115cfd	3f3e8c0ebb34eeb59b973d8c6b666af50137c2d7825c63003348002d7b0a1d8f	ASRS_MOV_r
A32/dp/dpregis/logic3reg_immsh/MOVS_r_A1	LSLS	LSLS	LSLS<rule:cond_choice><rule:qw_option_choice><rule:SPACE><rule:rd_choice__13><rule:Rm__7><rule:COMMA><rule:hash><rule:imm__10>	0	909e233f461b6f63e83acce6a050b814b250911f40c0c007ce4a33aa3b4e2e55	3f3e8c0ebb34eeb59b973d8c6b666af50137c2d7825c63003348002d7b0a1d8f	LSLS_MOV_r
A32/dp/dpregis/logic3reg_immsh/MOVS_r_A1	LSRS	LSRS	LSRS<rule:cond_choice><rule:qw_option_choice><rule:SPACE><rule:rd_choice__13><rule:Rm__7><rule:COMMA><rule:hash><rule:imm__11>	0	7b708e9a66b4e03264f4ea760131067537822db8a2ba54e09abf2ffdc037d76e	3f3e8c0ebb34eeb59b973d8c6b666af50137c2d7825c63003348002d7b0a1d8f	LSRS_MOV_r
A32/dp/dpregis/logic3reg_immsh/MOVS_r_A1	RORS	RORS	RORS<rule:cond_choice><rule:qw_option_choice><rule:SPACE><rule:rd_choice__13><rule:Rm__7><rule:COMMA><rule:hash><rule:imm__9>	0	8eea5a0b953ac28e34841257de237152d739164c6fa2c0b28e9be63d42681ee6	3f3e8c0ebb34eeb59b973d8c6b666af50137c2d7825c63003348002d7b0a1d8f	RORS_MOV_r
A32/dp/dpregis/logic3reg_immsh/MOVS_r_A1_RRX	RRXS	RRXS	RRXS<rule:cond_choice><rule:qw_option_choice><rule:SPACE><rule:rd_choice__13><rule:Rm__7>	0	e6cb07e5b374e375ad5518d7c0158432a0d49efdb841abbfa8f4e72e17c9e9ba	3f3e8c0ebb34eeb59b973d8c6b666af50137c2d7825c63003348002d7b0a1d8f	RRXS_MOV_r
A32/dp/dpregis/logic3reg_immsh/MOV_r_A1	ASR	ASR	ASR<rule:cond_choice><rule:qw_option_choice><rule:SPACE><rule:rd_choice__14><rule:Rm__7><rule:COMMA><rule:hash><rule:imm__7>	0	0054b31696def4896360f30eaa46f21eb1a343e9a74fcfdf19fde53648ace273	3f3e8c0ebb34eeb59b973d8c6b666af50137c2d7825c63003348002d7b0a1d8f	ASR_MOV_r
A32/dp/dpregis/logic3reg_immsh/MOV_r_A1	LSL	LSL	LSL<rule:cond_choice><rule:qw_option_choice><rule:SPACE><rule:rd_choice__14><rule:Rm__7><rule:COMMA><rule:hash><rule:imm__10>	0	a622d009020c68084d3163cb67b309a8450f78951441d8172731b88ccf1a678c	3f3e8c0ebb34eeb59b973d8c6b666af50137c2d7825c63003348002d7b0a1d8f	LSL_MOV_r
A32/dp/dpregis/logic3reg_immsh/MOV_r_A1	LSR	LSR	LSR<rule:cond_choice><rule:qw_option_choice><rule:SPACE><rule:rd_choice__14><rule:Rm__7><rule:COMMA><rule:hash><rule:imm__11>	0	2cdfa868ef5247b6c0f65d8e0663719e100f13f18a9e503743f6e412eea4703d	3f3e8c0ebb34eeb59b973d8c6b666af50137c2d7825c63003348002d7b0a1d8f	LSR_MOV_r
A32/dp/dpregis/logic3reg_immsh/MOV_r_A1	ROR	ROR	ROR<rule:cond_choice><rule:qw_option_choice><rule:SPACE><rule:rd_choice__14><rule:Rm__7><rule:COMMA><rule:hash><rule:imm__9>	0	db9350418f22a47ee1bfeb45fb2c6fe700ceae729fe247c09dee6240f34ab235	3f3e8c0ebb34eeb59b973d8c6b666af50137c2d7825c63003348002d7b0a1d8f	ROR_MOV_r
A32/dp/dpregis/logic3reg_immsh/MOV_r_A1_RRX	RRX	RRX	RRX<rule:cond_choice><rule:qw_option_choice><rule:SPACE><rule:rd_choice__14><rule:Rm__7>	0	7cc9fa055b62d1bbb6054b9ce756d95617af9fe97918ad6c8901480c7d3a7afc	3f3e8c0ebb34eeb59b973d8c6b666af50137c2d7825c63003348002d7b0a1d8f	RRX_MOV_r
A32/dp/dpregrs/logic3reg_regsh/MOVS_rr_A1	ASRS	ASRS	ASRS<rule:cond_choice><rule:qw_option_choice><rule:SPACE><rule:rd_choice><rule:Rm__3><rule:COMMA><rule:Rs__3>	0	4c2b103ec0479bcf7f37123795298d7a3d2f117f51d92a0c151a274f2afea909	3f3e8c0ebb34eeb59b973d8c6b666af50137c2d7825c63003348002d7b0a1d8f	ASRS_MOV_rr
A32/dp/dpregrs/logic3reg_regsh/MOVS_rr_A1	LSLS	LSLS	LSLS<rule:cond_choice><rule:qw_option_choice><rule:SPACE><rule:rd_choice><rule:Rm__3><rule:COMMA><rule:Rs__3>	0	723d3feebeaff59a07b28c2d476e83eeadc61c110068ab20d18975145335aaff	3f3e8c0ebb34eeb59b973d8c6b666af50137c2d7825c63003348002d7b0a1d8f	LSLS_MOV_rr
A32/dp/dpregrs/logic3reg_regsh/MOVS_rr_A1	LSRS	LSRS	LSRS<rule:cond_choice><rule:qw_option_choice><rule:SPACE><rule:rd_choice><rule:Rm__3><rule:COMMA><rule:Rs__3>	0	005d458fe0321b7458ae5712dd6c221691e14e3012df51b2a8c942f1730d603b	3f3e8c0ebb34eeb59b973d8c6b666af50137c2d7825c63003348002d7b0a1d8f	LSRS_MOV_rr
A32/dp/dpregrs/logic3reg_regsh/MOVS_rr_A1	RORS	RORS	RORS<rule:cond_choice><rule:qw_option_choice><rule:SPACE><rule:rd_choice><rule:Rm__3><rule:COMMA><rule:Rs__4>	0	45e738c32fad6ff2821943a45ff0d8a750f643fd28bf2e67cfd88a5f924ade21	3f3e8c0ebb34eeb59b973d8c6b666af50137c2d7825c63003348002d7b0a1d8f	RORS_MOV_rr
A32/dp/dpregrs/logic3reg_regsh/MOV_rr_A1	ASR	ASR	ASR<rule:cond_choice><rule:qw_option_choice><rule:SPACE><rule:rd_choice><rule:Rm__3><rule:COMMA><rule:Rs__3>	0	13b0b3b1a23ee5509c182bb7e2d68313232d50d1e101bb71b3b0c753ea908164	3f3e8c0ebb34eeb59b973d8c6b666af50137c2d7825c63003348002d7b0a1d8f	ASR_MOV_rr
A32/dp/dpregrs/logic3reg_regsh/MOV_rr_A1	LSL	LSL	LSL<rule:cond_choice><rule:qw_option_choice><rule:SPACE><rule:rd_choice><rule:Rm__3><rule:COMMA><rule:Rs__3>	0	de39bea8aa3d1ed25e003e50193b35a794583f01ae30f71960346662099e1522	3f3e8c0ebb34eeb59b973d8c6b666af50137c2d7825c63003348002d7b0a1d8f	LSL_MOV_rr
A32/dp/dpregrs/logic3reg_regsh/MOV_rr_A1	LSR	LSR	LSR<rule:cond_choice><rule:qw_option_choice><rule:SPACE><rule:rd_choice><rule:Rm__3><rule:COMMA><rule:Rs__3>	0	90a35d21d7dce9acd513bab12553f4d78706c67783acdce0f3174fce26cf0465	3f3e8c0ebb34eeb59b973d8c6b666af50137c2d7825c63003348002d7b0a1d8f	LSR_MOV_rr
A32/dp/dpregrs/logic3reg_regsh/MOV_rr_A1	ROR	ROR	ROR<rule:cond_choice><rule:qw_option_choice><rule:SPACE><rule:rd_choice><rule:Rm__3><rule:COMMA><rule:Rs__4>	0	d5841360901961973f70b76fec95e133674c375bfc8c9f868f376f9ba4ead329	3f3e8c0ebb34eeb59b973d8c6b666af50137c2d7825c63003348002d7b0a1d8f	ROR_MOV_rr
A32/dp/xldst/ldstximm/LDRD_l_A1	A1B	LDRD	LDRD<rule:cond_choice><rule:qw_option_choice><rule:SPACE><rule:Rt__3><rule:COMMA><rule:Rt2__2><rule:COMMA>[PC<rule:COMMA><rule:hash><rule:plus_or_minus_option><rule:imm4H_imm4L__2>]	0	a3b54a0855bf9c68cc0a68335fdb749b2008892f9fff366cbb06b3dc875a6ada	850f8e42ca7684e4cadd817bea33cd2105d151a5bf077b3f35a6ed77d5b639bd	LDRD_l
A32/dp/xldst/ldstximm/LDRH_l_A1	A1B	LDRH	LDRH<rule:cond_choice><rule:qw_option_choice><rule:SPACE><rule:Rt><rule:COMMA>[PC<rule:COMMA><rule:hash><rule:plus_or_minus_option><rule:imm4H_imm4L__2>]	0	24b45cc568ec3338f38cf12cb056edb8a658aee46c035d7893bb2860fb823de5	850f8e42ca7684e4cadd817bea33cd2105d151a5bf077b3f35a6ed77d5b639bd	LDRH_l
A32/dp/xldst/ldstximm/LDRSB_l_A1	A1B	LDRSB	LDRSB<rule:cond_choice><rule:qw_option_choice><rule:SPACE><rule:Rt><rule:COMMA>[PC<rule:COMMA><rule:hash><rule:plus_or_minus_option><rule:imm4H_imm4L__2>]	0	24b45cc568ec3338f38cf12cb056edb8a658aee46c035d7893bb2860fb823de5	850f8e42ca7684e4cadd817bea33cd2105d151a5bf077b3f35a6ed77d5b639bd	LDRSB_l
A32/dp/xldst/ldstximm/LDRSH_l_A1	A1B	LDRSH	LDRSH<rule:cond_choice><rule:qw_option_choice><rule:SPACE><rule:Rt><rule:COMMA>[PC<rule:COMMA><rule:hash><rule:plus_or_minus_option><rule:imm4H_imm4L__2>]	0	24b45cc568ec3338f38cf12cb056edb8a658aee46c035d7893bb2860fb823de5	850f8e42ca7684e4cadd817bea33cd2105d151a5bf077b3f35a6ed77d5b639bd	LDRSH_l
A32/ldstimm/LDRB_l_A1	A1B	LDRB	LDRB<rule:cond_choice><rule:qw_option_choice><rule:SPACE><rule:Rt><rule:COMMA>[PC<rule:COMMA><rule:hash><rule:plus_or_minus_option><rule:imm__25>]	0	24b45cc568ec3338f38cf12cb056edb8a658aee46c035d7893bb2860fb823de5	850f8e42ca7684e4cadd817bea33cd2105d151a5bf077b3f35a6ed77d5b639bd	LDRB_l
A32/ldstimm/LDR_i_A1_post	POP	POP	POP<rule:cond_choice><rule:qw_option_choice><rule:SPACE><rule:single_register_list__2>	0	5016d6f12c887e06b8a1c0c33caab6f98e6296ccaddc7490d7ac26ee4a50e350	3f3e8c0ebb34eeb59b973d8c6b666af50137c2d7825c63003348002d7b0a1d8f	POP_LDR_i
A32/ldstimm/LDR_l_A1	A1B	LDR	LDR<rule:cond_choice><rule:qw_option_choice><rule:SPACE><rule:Rt__5><rule:COMMA>[PC<rule:COMMA><rule:hash><rule:plus_or_minus_option><rule:imm__25>]	0	24b45cc568ec3338f38cf12cb056edb8a658aee46c035d7893bb2860fb823de5	850f8e42ca7684e4cadd817bea33cd2105d151a5bf077b3f35a6ed77d5b639bd	LDR_l
A32/ldstimm/STR_i_A1_pre	PUSH	PUSH	PUSH<rule:cond_choice><rule:qw_option_choice><rule:SPACE><rule:single_register_list>	0	81d86f32c2dddff6e413b188ee68dfbde94222bd1957975626edce5e62784a64	3f3e8c0ebb34eeb59b973d8c6b666af50137c2d7825c63003348002d7b0a1d8f	PUSH_STR_i
A32/uncond_as/advsimddp/a_simd_12reg/simd1reg_imm/VBIC_i_A1_D	VAND	VAND	VAND<rule:al_option_choice__3><rule:qw_option_choice><rule:DOT>I32<rule:SPACE><rule:d_vd_choice><rule:D_Vd><rule:COMMA><rule:hash><rule:imm__114>	0	3f3e8c0ebb34eeb59b973d8c6b666af50137c2d7825c63003348002d7b0a1d8f	850f8e42ca7684e4cadd817bea33cd2105d151a5bf077b3f35a6ed77d5b639bd	VAND_VBIC_i
A32/uncond_as/advsimddp/a_simd_12reg/simd1reg_imm/VBIC_i_A1_Q	VAND	VAND	VAND<rule:al_option_choice__3><rule:qw_option_choice><rule:DOT>I32<rule:SPACE><rule:d_vd_choice__2><rule:D_Vd__4><rule:COMMA><rule:hash><rule:imm__114>	0	3f3e8c0ebb34eeb59b973d8c6b666af50137c2d7825c63003348002d7b0a1d8f	850f8e42ca7684e4cadd817bea33cd2105d151a5bf077b3f35a6ed77d5b639bd	VAND_VBIC_i
A32/uncond_as/advsimddp/a_simd_12reg/simd1reg_imm/VBIC_i_A2_D	VAND	VAND	VAND<rule:al_option_choice__3><rule:qw_option_choice><rule:DOT>I16<rule:SPACE><rule:d_vd_choice><rule:D_Vd><rule:COMMA><rule:hash><rule:imm__114>	0	3f3e8c0ebb34eeb59b973d8c6b666af50137c2d7825c63003348002d7b0a1d8f	850f8e42ca7684e4cadd817bea33cd2105d151a5bf077b3f35a6ed77d5b639bd	VAND_VBIC_i
A32/uncond_as/advsimddp/a_simd_12reg/simd1reg_imm/VBIC_i_A2_Q	VAND	VAND	VAND<rule:al_option_choice__3><rule:qw_option_choice><rule:DOT>I16<rule:SPACE><rule:d_vd_choice__2><rule:D_Vd__4><rule:COMMA><rule:hash><rule:imm__114>	0	3f3e8c0ebb34eeb59b973d8c6b666af50137c2d7825c63003348002d7b0a1d8f	850f8e42ca7684e4cadd817bea33cd2105d151a5bf077b3f35a6ed77d5b639bd	VAND_VBIC_i
A32/uncond_as/advsimddp/a_simd_12reg/simd1reg_imm/VORR_i_A1_D	VORN	VORN	VORN<rule:al_option_choice__3><rule:qw_option_choice><rule:DOT>I32<rule:SPACE><rule:d_vd_choice><rule:D_Vd><rule:COMMA><rule:hash><rule:imm__114>	0	3f3e8c0ebb34eeb59b973d8c6b666af50137c2d7825c63003348002d7b0a1d8f	850f8e42ca7684e4cadd817bea33cd2105d151a5bf077b3f35a6ed77d5b639bd	VORN_VORR_i
A32/uncond_as/advsimddp/a_simd_12reg/simd1reg_imm/VORR_i_A1_Q	VORN	VORN	VORN<rule:al_option_choice__3><rule:qw_option_choice><rule:DOT>I32<rule:SPACE><rule:d_vd_choice__2><rule:D_Vd__4><rule:COMMA><rule:hash><rule:imm__114>	0	3f3e8c0ebb34eeb59b973d8c6b666af50137c2d7825c63003348002d7b0a1d8f	850f8e42ca7684e4cadd817bea33cd2105d151a5bf077b3f35a6ed77d5b639bd	VORN_VORR_i
A32/uncond_as/advsimddp/a_simd_12reg/simd1reg_imm/VORR_i_A2_D	VORN	VORN	VORN<rule:al_option_choice__3><rule:qw_option_choice><rule:DOT>I16<rule:SPACE><rule:d_vd_choice><rule:D_Vd><rule:COMMA><rule:hash><rule:imm__114>	0	3f3e8c0ebb34eeb59b973d8c6b666af50137c2d7825c63003348002d7b0a1d8f	850f8e42ca7684e4cadd817bea33cd2105d151a5bf077b3f35a6ed77d5b639bd	VORN_VORR_i
A32/uncond_as/advsimddp/a_simd_12reg/simd1reg_imm/VORR_i_A2_Q	VORN	VORN	VORN<rule:al_option_choice__3><rule:qw_option_choice><rule:DOT>I16<rule:SPACE><rule:d_vd_choice__2><rule:D_Vd__4><rule:COMMA><rule:hash><rule:imm__114>	0	3f3e8c0ebb34eeb59b973d8c6b666af50137c2d7825c63003348002d7b0a1d8f	850f8e42ca7684e4cadd817bea33cd2105d151a5bf077b3f35a6ed77d5b639bd	VORN_VORR_i
A32/uncond_as/advsimddp/a_simd_mulreg/simd2reg_misc/VMOVN_A1	VRSHRN	VRSHRN	VRSHRN<rule:al_option_choice__3><rule:qw_option_choice><rule:DOT><rule:dt_option__34><rule:SPACE><rule:D_Vd><rule:COMMA><rule:M_Vm__8><rule:COMMA><rule:hash>0	0	3f3e8c0ebb34eeb59b973d8c6b666af50137c2d7825c63003348002d7b0a1d8f	850f8e42ca7684e4cadd817bea33cd2105d151a5bf077b3f35a6ed77d5b639bd	VRSHRN_VMOVN
A32/uncond_as/advsimddp/a_simd_mulreg/simd2reg_misc/VMOVN_A1	VSHRN	VSHRN	VSHRN<rule:al_option_choice__3><rule:qw_option_choice><rule:DOT><rule:dt_option__34><rule:SPACE><rule:D_Vd><rule:COMMA><rule:M_Vm__8><rule:COMMA><rule:hash>0	0	3f3e8c0ebb34eeb59b973d8c6b666af50137c2d7825c63003348002d7b0a1d8f	850f8e42ca7684e4cadd817bea33cd2105d151a5bf077b3f35a6ed77d5b639bd	VSHRN_VMOVN
A32/uncond_as/advsimddp/a_simd_mulreg/simd2reg_misc/VQMOVN_A1	VQRSHRN	VQRSHRN	VQRSHRN<rule:al_option_choice__3><rule:qw_option_choice><rule:DOT><rule:dt_option__38><rule:SPACE><rule:D_Vd><rule:COMMA><rule:M_Vm__8><rule:COMMA><rule:hash>0	0	3f3e8c0ebb34eeb59b973d8c6b666af50137c2d7825c63003348002d7b0a1d8f	850f8e42ca7684e4cadd817bea33cd2105d151a5bf077b3f35a6ed77d5b639bd	VQRSHRN_VQMOVN
A32/uncond_as/advsimddp/a_simd_mulreg/simd2reg_misc/VQMOVN_A1	VQSHRN	VQSHRN	VQSHRN<rule:al_option_choice__3><rule:qw_option_choice><rule:DOT><rule:dt_option__38><rule:SPACE><rule:D_Vd><rule:COMMA><rule:M_Vm__8><rule:COMMA><rule:hash>0	0	3f3e8c0ebb34eeb59b973d8c6b666af50137c2d7825c63003348002d7b0a1d8f	850f8e42ca7684e4cadd817bea33cd2105d151a5bf077b3f35a6ed77d5b639bd	VQSHRN_VQMOVN
A32/uncond_as/advsimddp/a_simd_mulreg/simd2reg_misc/VQMOVUN_A1	VQRSHRUN	VQRSHRUN	VQRSHRUN<rule:al_option_choice__3><rule:qw_option_choice><rule:DOT><rule:dt_option__36><rule:SPACE><rule:D_Vd><rule:COMMA><rule:M_Vm__8><rule:COMMA><rule:hash>0	0	3f3e8c0ebb34eeb59b973d8c6b666af50137c2d7825c63003348002d7b0a1d8f	850f8e42ca7684e4cadd817bea33cd2105d151a5bf077b3f35a6ed77d5b639bd	VQRSHRUN_VQMOVN
A32/uncond_as/advsimddp/a_simd_mulreg/simd2reg_misc/VQMOVUN_A1	VQSHRUN	VQSHRUN	VQSHRUN<rule:al_option_choice__3><rule:qw_option_choice><rule:DOT><rule:dt_option__36><rule:SPACE><rule:D_Vd><rule:COMMA><rule:M_Vm__8><rule:COMMA><rule:hash>0	0	3f3e8c0ebb34eeb59b973d8c6b666af50137c2d7825c63003348002d7b0a1d8f	850f8e42ca7684e4cadd817bea33cd2105d151a5bf077b3f35a6ed77d5b639bd	VQSHRUN_VQMOVN
A32/uncond_as/advsimddp/a_simd_mulreg/simd2reg_misc/VTRN_A1_D	VUZP	VUZP	VUZP<rule:al_option_choice__3><rule:qw_option_choice><rule:DOT>32<rule:SPACE><rule:D_Vd><rule:COMMA><rule:M_Vm__2>	0	42f45048f171e1ce35cadac8c7cbe741adc561c41578ad70619a55ea6496ff21	850f8e42ca7684e4cadd817bea33cd2105d151a5bf077b3f35a6ed77d5b639bd	VUZP_VTRN
A32/uncond_as/advsimddp/a_simd_mulreg/simd2reg_misc/VTRN_A1_D	VZIP	VZIP	VZIP<rule:al_option_choice__3><rule:qw_option_choice><rule:DOT>32<rule:SPACE><rule:D_Vd><rule:COMMA><rule:M_Vm__2>	0	42f45048f171e1ce35cadac8c7cbe741adc561c41578ad70619a55ea6496ff21	850f8e42ca7684e4cadd817bea33cd2105d151a5bf077b3f35a6ed77d5b639bd	VZIP_VTRN
A32/uncond_as/advsimddp/a_simd_mulreg/simd3reg_ext/VEXT_A1_D	VEXT	VEXT	VEXT<rule:al_option_choice__3><rule:qw_option_choice><rule:DOT><rule:size__7><rule:SPACE><rule:d_vd_choice><rule:N_Vn><rule:COMMA><rule:M_Vm><rule:COMMA><rule:hash><rule:imm__112>	0	3f3e8c0ebb34eeb59b973d8c6b666af50137c2d7825c63003348002d7b0a1d8f	850f8e42ca7684e4cadd817bea33cd2105d151a5bf077b3f35a6ed77d5b639bd	VEXT_VEXT
A32/uncond_as/advsimddp/a_simd_mulreg/simd3reg_ext/VEXT_A1_Q	VEXT	VEXT	VEXT<rule:al_option_choice__3><rule:qw_option_choice><rule:DOT><rule:size__6><rule:SPACE><rule:d_vd_choice__2><rule:N_Vn__2><rule:COMMA><rule:M_Vm__5><rule:COMMA><rule:hash><rule:imm__110>	0	3f3e8c0ebb34eeb59b973d8c6b666af50137c2d7825c63003348002d7b0a1d8f	850f8e42ca7684e4cadd817bea33cd2105d151a5bf077b3f35a6ed77d5b639bd	VEXT_VEXT
A32/uncond_as/advsimddp/simd3reg_same/VACGE_A1_D	VACLE	VACLE	VACLE<rule:al_option_choice__3><rule:qw_option_choice><rule:DOT><rule:dt_option__5><rule:SPACE><rule:d_vd_choice><rule:N_Vn><rule:COMMA><rule:M_Vm>	0	3f3e8c0ebb34eeb59b973d8c6b666af50137c2d7825c63003348002d7b0a1d8f	850f8e42ca7684e4cadd817bea33cd2105d151a5bf077b3f35a6ed77d5b639bd	VACLE_VACGE
A32/uncond_as/advsimddp/simd3reg_same/VACGE_A1_Q	VACLE	VACLE	VACLE<rule:al_option_choice__3><rule:qw_option_choice><rule:DOT><rule:dt_option__5><rule:SPACE><rule:d_vd_choice__2><rule:N_Vn__2><rule:COMMA><rule:M_Vm__5>	0	3f3e8c0ebb34eeb59b973d8c6b666af50137c2d7825c63003348002d7b0a1d8f	850f8e42ca7684e4cadd817bea33cd2105d151a5bf077b3f35a6ed77d5b639bd	VACLE_VACGE
A32/uncond_as/advsimddp/simd3reg_same/VACGT_A1_D	VACLT	VACLT	VACLT<rule:al_option_choice__3><rule:qw_option_choice><rule:DOT><rule:dt_option__5><rule:SPACE><rule:d_vd_choice><rule:N_Vn><rule:COMMA><rule:M_Vm>	0	3f3e8c0ebb34eeb59b973d8c6b666af50137c2d7825c63003348002d7b0a1d8f	850f8e42ca7684e4cadd817bea33cd2105d151a5bf077b3f35a6ed77d5b639bd	VACLT_VACGT
A32/uncond_as/advsimddp/simd3reg_same/VACGT_A1_Q	VACLT	VACLT	VACLT<rule:al_option_choice__3><rule:qw_option_choice><rule:DOT><rule:dt_option__5><rule:SPACE><rule:d_vd_choice__2><rule:N_Vn__2><rule:COMMA><rule:M_Vm__5>	0	3f3e8c0ebb34eeb59b973d8c6b666af50137c2d7825c63003348002d7b0a1d8f	850f8e42ca7684e4cadd817bea33cd2105d151a5bf077b3f35a6ed77d5b639bd	VACLT_VACGT
A32/uncond_as/advsimddp/simd3reg_same/VCGE_r_A1_D	VCLE	VCLE	VCLE<rule:al_option_choice__3><rule:qw_option_choice><rule:DOT><rule:dt_option__10><rule:SPACE><rule:d_vd_choice><rule:N_Vn><rule:COMMA><rule:M_Vm>	0	3f3e8c0ebb34eeb59b973d8c6b666af50137c2d7825c63003348002d7b0a1d8f	850f8e42ca7684e4cadd817bea33cd2105d151a5bf077b3f35a6ed77d5b639bd	VCLE_VCGE_r
A32/uncond_as/advsimddp/simd3reg_same/VCGE_r_A1_Q	VCLE	VCLE	VCLE<rule:al_option_choice__3><rule:qw_option_choice><rule:DOT><rule:dt_option__10><rule:SPACE><rule:d_vd_choice__2><rule:N_Vn__2><rule:COMMA><rule:M_Vm__5>	0	3f3e8c0ebb34eeb59b973d8c6b666af50137c2d7825c63003348002d7b0a1d8f	850f8e42ca7684e4cadd817bea33cd2105d151a5bf077b3f35a6ed77d5b639bd	VCLE_VCGE_r
A32/uncond_as/advsimddp/simd3reg_same/VCGE_r_A2_D	VCLE	VCLE	VCLE<rule:al_option_choice__3><rule:qw_option_choice><rule:DOT><rule:dt_option__6><rule:SPACE><rule:d_vd_choice><rule:N_Vn><rule:COMMA><rule:M_Vm>	0	3f3e8c0ebb34eeb59b973d8c6b666af50137c2d7825c63003348002d7b0a1d8f	850f8e42ca7684e4cadd817bea33cd2105d151a5bf077b3f35a6ed77d5b639bd	VCLE_VCGE_r
A32/uncond_as/advsimddp/simd3reg_same/VCGE_r_A2_Q	VCLE	VCLE	VCLE<rule:al_option_choice__3><rule:qw_option_choice><rule:DOT><rule:dt_option__6><rule:SPACE><rule:d_vd_choice__2><rule:N_Vn__2><rule:COMMA><rule:M_Vm__5>	0	3f3e8c0ebb34eeb59b973d8c6b666af50137c2d7825c63003348002d7b0a1d8f	850f8e42ca7684e4cadd817bea33cd2105d151a5bf077b3f35a6ed77d5b639bd	VCLE_VCGE_r
A32/uncond_as/advsimddp/simd3reg_same/VCGT_r_A1_D	VCLT	VCLT	VCLT<rule:al_option_choice__3><rule:qw_option_choice><rule:DOT><rule:dt_option__10><rule:SPACE><rule:d_vd_choice><rule:N_Vn><rule:COMMA><rule:M_Vm>	0	3f3e8c0ebb34eeb59b973d8c6b666af50137c2d7825c63003348002d7b0a1d8f	850f8e42ca7684e4cadd817bea33cd2105d151a5bf077b3f35a6ed77d5b639bd	VCLT_VCGT_r
A32/uncond_as/advsimddp/simd3reg_same/VCGT_r_A1_Q	VCLT	VCLT	VCLT<rule:al_option_choice__3><rule:qw_option_choice><rule:DOT><rule:dt_option__10><rule:SPACE><rule:d_vd_choice__2><rule:N_Vn__2><rule:COMMA><rule:M_Vm__5>	0	3f3e8c0ebb34eeb59b973d8c6b666af50137c2d7825c63003348002d7b0a1d8f	850f8e42ca7684e4cadd817bea33cd2105d151a5bf077b3f35a6ed77d5b639bd	VCLT_VCGT_r
A32/uncond_as/advsimddp/simd3reg_same/VCGT_r_A2_D	VCLT	VCLT	VCLT<rule:al_option_choice__3><rule:qw_option_choice><rule:DOT><rule:dt_option__6><rule:SPACE><rule:d_vd_choice><rule:N_Vn><rule:COMMA><rule:M_Vm>	0	3f3e8c0ebb34eeb59b973d8c6b666af50137c2d7825c63003348002d7b0a1d8f	850f8e42ca7684e4cadd817bea33cd2105d151a5bf077b3f35a6ed77d5b639bd	VCLT_VCGT_r
A32/uncond_as/advsimddp/simd3reg_same/VCGT_r_A2_Q	VCLT	VCLT	VCLT<rule:al_option_choice__3><rule:qw_option_choice><rule:DOT><rule:dt_option__6><rule:SPACE><rule:d_vd_choice__2><rule:N_Vn__2><rule:COMMA><rule:M_Vm__5>	0	3f3e8c0ebb34eeb59b973d8c6b666af50137c2d7825c63003348002d7b0a1d8f	850f8e42ca7684e4cadd817bea33cd2105d151a5bf077b3f35a6ed77d5b639bd	VCLT_VCGT_r
A32/uncond_as/advsimddp/simd3reg_same/VORR_r_A1_D	VMOV	VMOV	VMOV<rule:al_option_choice__3><rule:qw_option_choice><rule:dot_dt_choice__3><rule:SPACE><rule:D_Vd><rule:COMMA><rule:N_Vn_M_Vm__2>	0	3f3e8c0ebb34eeb59b973d8c6b666af50137c2d7825c63003348002d7b0a1d8f	b09395c21abb1b6b752de44d9716dee1b9b3b86fe0427313cae219a55977c313	VMOV_VORR_r
A32/uncond_as/advsimddp/simd3reg_same/VORR_r_A1_D	VRSHR	VRSHR	VRSHR<rule:al_option_choice__3><rule:qw_option_choice><rule:DOT><rule:dt__3><rule:SPACE><rule:D_Vd><rule:COMMA><rule:N_Vn_M_Vm__2><rule:COMMA><rule:hash>0	0	3f3e8c0ebb34eeb59b973d8c6b666af50137c2d7825c63003348002d7b0a1d8f	850f8e42ca7684e4cadd817bea33cd2105d151a5bf077b3f35a6ed77d5b639bd	VRSHR_VORR_r
A32/uncond_as/advsimddp/simd3reg_same/VORR_r_A1_D	VSHR	VSHR	VSHR<rule:al_option_choice__3><rule:qw_option_choice><rule:DOT><rule:dt__3><rule:SPACE><rule:D_Vd><rule:COMMA><rule:N_Vn_M_Vm__2><rule:COMMA><rule:hash>0	0	3f3e8c0ebb34eeb59b973d8c6b666af50137c2d7825c63003348002d7b0a1d8f	850f8e42ca7684e4cadd817bea33cd2105d151a5bf077b3f35a6ed77d5b639bd	VSHR_VORR_r
A32/uncond_as/advsimddp/simd3reg_same/VORR_r_A1_Q	VMOV	VMOV	VMOV<rule:al_option_choice__3><rule:qw_option_choice><rule:dot_dt_choice__3><rule:SPACE><rule:D_Vd__4><rule:COMMA><rule:N_Vn_M_Vm>	0	3f3e8c0ebb34eeb59b973d8c6b666af50137c2d7825c63003348002d7b0a1d8f	b09395c21abb1b6b752de44d9716dee1b9b3b86fe0427313cae219a55977c313	VMOV_VORR_r
A32/uncond_as/advsimddp/simd3reg_same/VORR_r_A1_Q	VRSHR	VRSHR	VRSHR<rule:al_option_choice__3><rule:qw_option_choice><rule:DOT><rule:dt__3><rule:SPACE><rule:D_Vd__4><rule:COMMA><rule:N_Vn_M_Vm><rule:COMMA><rule:hash>0	0	3f3e8c0ebb34eeb59b973d8c6b666af50137c2d7825c63003348002d7b0a1d8f	850f8e42ca7684e4cadd817bea33cd2105d151a5bf077b3f35a6ed77d5b639bd	VRSHR_VORR_r
A32/uncond_as/advsimddp/simd3reg_same/VORR_r_A1_Q	VSHR	VSHR	VSHR<rule:al_option_choice__3><rule:qw_option_choice><rule:DOT><rule:dt__3><rule:SPACE><rule:D_Vd__4><rule:COMMA><rule:N_Vn_M_Vm><rule:COMMA><rule:hash>0	0	3f3e8c0ebb34eeb59b973d8c6b666af50137c2d7825c63003348002d7b0a1d8f	850f8e42ca7684e4cadd817bea33cd2105d151a5bf077b3f35a6ed77d5b639bd	VSHR_VORR_r
A32/uncond_as/uncondhints/preload_imm/PLD_l_A1	A1B	PLD	PLD<rule:al_option_choice__2><rule:qw_option_choice><rule:SPACE>[PC<rule:COMMA><rule:hash><rule:plus_or_minus_option><rule:imm__107>]	0	3f3e8c0ebb34eeb59b973d8c6b666af50137c2d7825c63003348002d7b0a1d8f	850f8e42ca7684e4cadd817bea33cd2105d151a5bf077b3f35a6ed77d5b639bd	PLD_l
A32/uncond_as/uncondhints/preload_imm/PLI_i_A1	A1B	PLI	PLI<rule:al_option_choice__2><rule:qw_option_choice><rule:SPACE><rule:imm__105>	0	3f3e8c0ebb34eeb59b973d8c6b666af50137c2d7825c63003348002d7b0a1d8f	3f3e8c0ebb34eeb59b973d8c6b666af50137c2d7825c63003348002d7b0a1d8f	PLI_i
A32/uncond_as/uncondhints/preload_imm/PLI_i_A1	A1C	PLI	PLI<rule:al_option_choice__2><rule:qw_option_choice><rule:SPACE>[PC<rule:COMMA><rule:hash><rule:plus_or_minus_option><rule:imm__104>]	0	3f3e8c0ebb34eeb59b973d8c6b666af50137c2d7825c63003348002d7b0a1d8f	850f8e42ca7684e4cadd817bea33cd2105d151a5bf077b3f35a6ed77d5b639bd	PLI_i
A64/control/barriers/DSB_BO_barriers	PSSBB	PSSBB	PSSBB	0	820c9a9c7cd2d3dc4e28b471d11f93af95f07a6fe273cc6e8bc87ce0c7e13b36	3f3e8c0ebb34eeb59b973d8c6b666af50137c2d7825c63003348002d7b0a1d8f	PSSBB_DSB
A64/control/barriers/DSB_BO_barriers	SSBB	SSBB	SSBB	0	5f16ee63fb1eddf17b6c3ce75aa22ab7923a2db704245b26edfd0e4ae2bedd7c	3f3e8c0ebb34eeb59b973d8c6b666af50137c2d7825c63003348002d7b0a1d8f	SSBB_DSB
A64/control/compbranch_imm/CBGT_32_imm	CBGE	CBGE	CBGE<rule:SPACE><rule:WtOrWZR><rule:COMMA><rule:hash><rule:immp1_cbr><rule:COMMA><rule:imm9_offset>	126	34f95761108710ffce5c5c2811c45853db23eb233cb6a6a0306ced18f08f2be8	850f8e42ca7684e4cadd817bea33cd2105d151a5bf077b3f35a6ed77d5b639bd	CBGE_imm
A64/control/compbranch_imm/CBGT_64_imm	CBGE	CBGE	CBGE<rule:SPACE><rule:XtOrXZR><rule:COMMA><rule:hash><rule:immp1_cbr><rule:COMMA><rule:imm9_offset>	126	34f95761108710ffce5c5c2811c45853db23eb233cb6a6a0306ced18f08f2be8	850f8e42ca7684e4cadd817bea33cd2105d151a5bf077b3f35a6ed77d5b639bd	CBGE_imm
A64/control/compbranch_imm/CBHI_32_imm	CBHS	CBHS	CBHS<rule:SPACE><rule:WtOrWZR><rule:COMMA><rule:hash><rule:immp1_cbr><rule:COMMA><rule:imm9_offset>	126	34f95761108710ffce5c5c2811c45853db23eb233cb6a6a0306ced18f08f2be8	850f8e42ca7684e4cadd817bea33cd2105d151a5bf077b3f35a6ed77d5b639bd	CBHS_imm
A64/control/compbranch_imm/CBHI_64_imm	CBHS	CBHS	CBHS<rule:SPACE><rule:XtOrXZR><rule:COMMA><rule:hash><rule:immp1_cbr><rule:COMMA><rule:imm9_offset>	126	34f95761108710ffce5c5c2811c45853db23eb233cb6a6a0306ced18f08f2be8	850f8e42ca7684e4cadd817bea33cd2105d151a5bf077b3f35a6ed77d5b639bd	CBHS_imm
A64/control/compbranch_imm/CBLO_32_imm	CBLS	CBLS	CBLS<rule:SPACE><rule:WtOrWZR><rule:COMMA><rule:hash><rule:imms1_cbr><rule:COMMA><rule:imm9_offset>	126	34f95761108710ffce5c5c2811c45853db23eb233cb6a6a0306ced18f08f2be8	850f8e42ca7684e4cadd817bea33cd2105d151a5bf077b3f35a6ed77d5b639bd	CBLS_imm
A64/control/compbranch_imm/CBLO_64_imm	CBLS	CBLS	CBLS<rule:SPACE><rule:XtOrXZR><rule:COMMA><rule:hash><rule:imms1_cbr><rule:COMMA><rule:imm9_offset>	126	34f95761108710ffce5c5c2811c45853db23eb233cb6a6a0306ced18f08f2be8	850f8e42ca7684e4cadd817bea33cd2105d151a5bf077b3f35a6ed77d5b639bd	CBLS_imm
A64/control/compbranch_imm/CBLT_32_imm	CBLE	CBLE	CBLE<rule:SPACE><rule:WtOrWZR><rule:COMMA><rule:hash><rule:imms1_cbr><rule:COMMA><rule:imm9_offset>	126	34f95761108710ffce5c5c2811c45853db23eb233cb6a6a0306ced18f08f2be8	850f8e42ca7684e4cadd817bea33cd2105d151a5bf077b3f35a6ed77d5b639bd	CBLE_imm
A64/control/compbranch_imm/CBLT_64_imm	CBLE	CBLE	CBLE<rule:SPACE><rule:XtOrXZR><rule:COMMA><rule:hash><rule:imms1_cbr><rule:COMMA><rule:imm9_offset>	126	34f95761108710ffce5c5c2811c45853db23eb233cb6a6a0306ced18f08f2be8	850f8e42ca7684e4cadd817bea33cd2105d151a5bf077b3f35a6ed77d5b639bd	CBLE_imm
A64/control/compbranch_regs/CBGE_32_regs	CBLE	CBLE	CBLE<rule:SPACE><rule:WmOrWZR__2><rule:COMMA><rule:WtOrWZR><rule:COMMA><rule:imm9_offset>	126	34f95761108710ffce5c5c2811c45853db23eb233cb6a6a0306ced18f08f2be8	850f8e42ca7684e4cadd817bea33cd2105d151a5bf077b3f35a6ed77d5b639bd	CBLE_regs
A64/control/compbranch_regs/CBGE_64_regs	CBLE	CBLE	CBLE<rule:SPACE><rule:XmOrXZR__4><rule:COMMA><rule:XtOrXZR><rule:COMMA><rule:imm9_offset>	126	34f95761108710ffce5c5c2811c45853db23eb233cb6a6a0306ced18f08f2be8	850f8e42ca7684e4cadd817bea33cd2105d151a5bf077b3f35a6ed77d5b639bd	CBLE_regs
A64/control/compbranch_regs/CBGT_32_regs	CBLT	CBLT	CBLT<rule:SPACE><rule:WmOrWZR__2><rule:COMMA><rule:WtOrWZR><rule:COMMA><rule:imm9_offset>	126	34f95761108710ffce5c5c2811c45853db23eb233cb6a6a0306ced18f08f2be8	850f8e42ca7684e4cadd817bea33cd2105d151a5bf077b3f35a6ed77d5b639bd	CBLT_regs
A64/control/compbranch_regs/CBGT_64_regs	CBLT	CBLT	CBLT<rule:SPACE><rule:XmOrXZR__4><rule:COMMA><rule:XtOrXZR><rule:COMMA><rule:imm9_offset>	126	34f95761108710ffce5c5c2811c45853db23eb233cb6a6a0306ced18f08f2be8	850f8e42ca7684e4cadd817bea33cd2105d151a5bf077b3f35a6ed77d5b639bd	CBLT_regs
A64/control/compbranch_regs/CBHI_32_regs	CBLO	CBLO	CBLO<rule:SPACE><rule:WmOrWZR__2><rule:COMMA><rule:WtOrWZR><rule:COMMA><rule:imm9_offset>	126	34f95761108710ffce5c5c2811c45853db23eb233cb6a6a0306ced18f08f2be8	850f8e42ca7684e4cadd817bea33cd2105d151a5bf077b3f35a6ed77d5b639bd	CBLO_regs
A64/control/compbranch_regs/CBHI_64_regs	CBLO	CBLO	CBLO<rule:SPACE><rule:XmOrXZR__4><rule:COMMA><rule:XtOrXZR><rule:COMMA><rule:imm9_offset>	126	34f95761108710ffce5c5c2811c45853db23eb233cb6a6a0306ced18f08f2be8	850f8e42ca7684e4cadd817bea33cd2105d151a5bf077b3f35a6ed77d5b639bd	CBLO_regs
A64/control/compbranch_regs/CBHS_32_regs	CBLS	CBLS	CBLS<rule:SPACE><rule:WmOrWZR__2><rule:COMMA><rule:WtOrWZR><rule:COMMA><rule:imm9_offset>	126	34f95761108710ffce5c5c2811c45853db23eb233cb6a6a0306ced18f08f2be8	850f8e42ca7684e4cadd817bea33cd2105d151a5bf077b3f35a6ed77d5b639bd	CBLS_regs
A64/control/compbranch_regs/CBHS_64_regs	CBLS	CBLS	CBLS<rule:SPACE><rule:XmOrXZR__4><rule:COMMA><rule:XtOrXZR><rule:COMMA><rule:imm9_offset>	126	34f95761108710ffce5c5c2811c45853db23eb233cb6a6a0306ced18f08f2be8	850f8e42ca7684e4cadd817bea33cd2105d151a5bf077b3f35a6ed77d5b639bd	CBLS_regs
A64/control/compbranch_regs2/CBBGE_8_regs	CBBLE	CBBLE	CBBLE<rule:SPACE><rule:WmOrWZR__2><rule:COMMA><rule:WtOrWZR><rule:COMMA><rule:imm9_offset>	126	34f95761108710ffce5c5c2811c45853db23eb233cb6a6a0306ced18f08f2be8	850f8e42ca7684e4cadd817bea33cd2105d151a5bf077b3f35a6ed77d5b639bd	CBBLE_regs
A64/control/compbranch_regs2/CBBGT_8_regs	CBBLT	CBBLT	CBBLT<rule:SPACE><rule:WmOrWZR__2><rule:COMMA><rule:WtOrWZR><rule:COMMA><rule:imm9_offset>	126	34f95761108710ffce5c5c2811c45853db23eb233cb6a6a0306ced18f08f2be8	850f8e42ca7684e4cadd817bea33cd2105d151a5bf077b3f35a6ed77d5b639bd	CBBLT_regs
A64/control/compbranch_regs2/CBBHI_8_regs	CBBLO	CBBLO	CBBLO<rule:SPACE><rule:WmOrWZR__2><rule:COMMA><rule:WtOrWZR><rule:COMMA><rule:imm9_offset>	126	34f95761108710ffce5c5c2811c45853db23eb233cb6a6a0306ced18f08f2be8	850f8e42ca7684e4cadd817bea33cd2105d151a5bf077b3f35a6ed77d5b639bd	CBBLO_regs
A64/control/compbranch_regs2/CBBHS_8_regs	CBBLS	CBBLS	CBBLS<rule:SPACE><rule:WmOrWZR__2><rule:COMMA><rule:WtOrWZR><rule:COMMA><rule:imm9_offset>	126	34f95761108710ffce5c5c2811c45853db23eb233cb6a6a0306ced18f08f2be8	850f8e42ca7684e4cadd817bea33cd2105d151a5bf077b3f35a6ed77d5b639bd	CBBLS_regs
A64/control/compbranch_regs2/CBHGE_16_regs	CBHLE	CBHLE	CBHLE<rule:SPACE><rule:WmOrWZR__2><rule:COMMA><rule:WtOrWZR><rule:COMMA><rule:imm9_offset>	126	34f95761108710ffce5c5c2811c45853db23eb233cb6a6a0306ced18f08f2be8	850f8e42ca7684e4cadd817bea33cd2105d151a5bf077b3f35a6ed77d5b639bd	CBHLE_regs
A64/control/compbranch_regs2/CBHGT_16_regs	CBHLT	CBHLT	CBHLT<rule:SPACE><rule:WmOrWZR__2><rule:COMMA><rule:WtOrWZR><rule:COMMA><rule:imm9_offset>	126	34f95761108710ffce5c5c2811c45853db23eb233cb6a6a0306ced18f08f2be8	850f8e42ca7684e4cadd817bea33cd2105d151a5bf077b3f35a6ed77d5b639bd	CBHLT_regs
A64/control/compbranch_regs2/CBHHI_16_regs	CBHLO	CBHLO	CBHLO<rule:SPACE><rule:WmOrWZR__2><rule:COMMA><rule:WtOrWZR><rule:COMMA><rule:imm9_offset>	126	34f95761108710ffce5c5c2811c45853db23eb233cb6a6a0306ced18f08f2be8	850f8e42ca7684e4cadd817bea33cd2105d151a5bf077b3f35a6ed77d5b639bd	CBHLO_regs
A64/control/compbranch_regs2/CBHHS_16_regs	CBHLS	CBHLS	CBHLS<rule:SPACE><rule:WmOrWZR__2><rule:COMMA><rule:WtOrWZR><rule:COMMA><rule:imm9_offset>	126	34f95761108710ffce5c5c2811c45853db23eb233cb6a6a0306ced18f08f2be8	850f8e42ca7684e4cadd817bea33cd2105d151a5bf077b3f35a6ed77d5b639bd	CBHLS_regs
A64/control/pstate/MSR_SI_pstate	SMSTART	SMSTART	SMSTART<rule:optional_targets__2>	113	6e56bd0add67df04258d2185028eac1806152acf635d39fd43beefaff5e8389e	3f3e8c0ebb34eeb59b973d8c6b666af50137c2d7825c63003348002d7b0a1d8f	SMSTART_MSR_imm
A64/control/pstate/MSR_SI_pstate	SMSTOP	SMSTOP	SMSTOP<rule:optional_targets__3>	112	fd36cad631b725e4568ee28e8982ea503689ad41381b3a6a84bcd3d816a042ed	3f3e8c0ebb34eeb59b973d8c6b666af50137c2d7825c63003348002d7b0a1d8f	SMSTOP_MSR_imm
A64/control/syspairinstrs/SYSP_CR_syspairinstrs	TLBIP	TLBIP	TLBIP<rule:SPACE><rule:tlbip_op_option><rule:SYSP_optional_xt1_xt2>	251	a7523abb4b253dd01161c2fa7e9bdae46c92dbdac198a069f7da03b598ed156d	fd9d90735b5c5a5856676bfea8b107666d549760e3317ef30f079f14042455b2	TLBIP_SYSP
A64/control/systeminstrs/SYSL_RC_systeminstrs	GCSPOPM	GCSPOPM	GCSPOPM<rule:SPACE><rule:optional_XtOrXZR_destination_container>	5	31977f4ba968ce2e6f5c1e063ed326f4db77c7ee9bdac69718ff6e51e6721582	3f3e8c0ebb34eeb59b973d8c6b666af50137c2d7825c63003348002d7b0a1d8f	GCSPOPM_SYSL
A64/control/systeminstrs/SYSL_RC_systeminstrs	GCSSS2	GCSSS2	GCSSS2<rule:SPACE><rule:XtOrXZR__4>	7	c6716073a6afa2fc15c541daeea6c1ca04e4630c8822ad2b14c1a877e2996cfc	3f3e8c0ebb34eeb59b973d8c6b666af50137c2d7825c63003348002d7b0a1d8f	GCSSS2_SYSL
A64/control/systeminstrs/SYSL_RC_systeminstrs	GICR	GICR	GICR<rule:SPACE><rule:XtOrXZR__4><rule:COMMA><rule:gicr_op_option>	16	f9fbb606ad0fd2af2a6c96061a9479ce56d29b9f3742d0873b214b6c294f9fb9	460191b7c5b0cbe58468a5efe396d934931afc58d963480c4b08e4041daf9123	GICR_SYSL
A64/control/systeminstrs/SYS_CR_systeminstrs	APAS	APAS	APAS<rule:SPACE><rule:XtOrXZR__3>	9	3a7df01202e2aeb6dbf7e557fb99b042b08f8802fcbd92ee43862a1099e978ac	3f3e8c0ebb34eeb59b973d8c6b666af50137c2d7825c63003348002d7b0a1d8f	APAS_SYS
A64/control/systeminstrs/SYS_CR_systeminstrs	AT	AT	AT<rule:SPACE><rule:at_op_option><rule:COMMA><rule:XtOrXZR__3>	0	08a346a4ff2296a4a2c1550ba7eedf69d866fd3a5bf89469b9546cd5e39e2cba	0e52a2424107945b709669d776a431338f77831677b5468e66c990e527b3c37a	AT_SYS
A64/control/systeminstrs/SYS_CR_systeminstrs	BRB	BRB	BRB<rule:SPACE><rule:brb_op_option>	14	d5e11bedfb53def19201e987f839b07a37c34368e3c92c8d6a62c717605ab314	24ff8502229078c11cb87de94cf93ac78b72fdf98e2b1c885dd6596e0d52916f	BRB_SYS
A64/control/systeminstrs/SYS_CR_systeminstrs	CFP	CFP	CFP<rule:SPACE>RCTX<rule:COMMA><rule:XtOrXZR__3>	10	0aec74631c082fb37afdf3cb9e09e969f44ebbb2a1f03c75aaead3ebf0e4555e	3f3e8c0ebb34eeb59b973d8c6b666af50137c2d7825c63003348002d7b0a1d8f	CFP_SYS
A64/control/systeminstrs/SYS_CR_systeminstrs	COSP	COSP	COSP<rule:SPACE>RCTX<rule:COMMA><rule:XtOrXZR__3>	13	600e088db3193ac8fce7dfa7fc7c7ecfadbbbfb9cf0f408a70df53708e83b633	3f3e8c0ebb34eeb59b973d8c6b666af50137c2d7825c63003348002d7b0a1d8f	COSP_SYS
A64/control/systeminstrs/SYS_CR_systeminstrs	CPP	CPP	CPP<rule:SPACE>RCTX<rule:COMMA><rule:XtOrXZR__3>	12	4522cbb70ba5c04ea52e80545737e38cef56078f4851d9bcb5246269cb7d9044	3f3e8c0ebb34eeb59b973d8c6b666af50137c2d7825c63003348002d7b0a1d8f	CPP_SYS
A64/control/systeminstrs/SYS_CR_systeminstrs	DC	DC	DC<rule:SPACE><rule:dc_op_option><rule:COMMA><rule:XtOrXZR__3>	0	fb5ca1528be6de357d8e6791d4d861e0ae7233f1b1501471414366b47b864deb	e2fc44459901fc693261fe93c7d46a794532fca9407040107c0a579b591a73bc	DC_SYS
A64/control/systeminstrs/SYS_CR_systeminstrs	DVP	DVP	DVP<rule:SPACE>RCTX<rule:COMMA><rule:XtOrXZR__3>	11	06613ee46fd2afb0e4652cd6f5381b9553be843bd6b9f6428801014138fd89e1	3f3e8c0ebb34eeb59b973d8c6b666af50137c2d7825c63003348002d7b0a1d8f	DVP_SYS
A64/control/systeminstrs/SYS_CR_systeminstrs	GCSPOPCX	GCSPOPCX	GCSPOPCX	2	6e57fdc4825f2735fd744c663b80983d83b45dd488576087b8100b2c15d2e895	3f3e8c0ebb34eeb59b973d8c6b666af50137c2d7825c63003348002d7b0a1d8f	GCSPOPCX_SYS
A64/control/systeminstrs/SYS_CR_systeminstrs	GCSPOPX	GCSPOPX	GCSPOPX	3	05f2cca48a8fa5272b822bbc96c67243ac3fd7116fb64e78a4afe9de99eb2513	3f3e8c0ebb34eeb59b973d8c6b666af50137c2d7825c63003348002d7b0a1d8f	GCSPOPX_SYS
A64/control/systeminstrs/SYS_CR_systeminstrs	GCSPUSHM	GCSPUSHM	GCSPUSHM<rule:SPACE><rule:XtOrXZR__3>	4	7db62f72f9991dea4844316fd5a7e905630a57542e6ce60c64b0dd50c7c57a7a	3f3e8c0ebb34eeb59b973d8c6b666af50137c2d7825c63003348002d7b0a1d8f	GCSPUSHM_SYS
A64/control/systeminstrs/SYS_CR_systeminstrs	GCSPUSHX	GCSPUSHX	GCSPUSHX	1	0c3323c722e540f825ba51220cc2067004cbcb5e4445ecdd95846a3c196ea5e5	3f3e8c0ebb34eeb59b973d8c6b666af50137c2d7825c63003348002d7b0a1d8f	GCSPUSHX_SYS
A64/control/systeminstrs/SYS_CR_systeminstrs	GCSSS1	GCSSS1	GCSSS1<rule:SPACE><rule:XtOrXZR__3>	6	cf26ddcbcc9ac5a6263521116bd24ea26a125eb7ca7f140686a64c0793400383	3f3e8c0ebb34eeb59b973d8c6b666af50137c2d7825c63003348002d7b0a1d8f	GCSSS1_SYS
A64/control/systeminstrs/SYS_CR_systeminstrs	GIC	GIC	GIC<rule:SPACE><rule:gic_op_option><rule:optional_Xm>	17	b2458e2fc64db139faea79b1b161a4200abc3c5c05f4014c9661265eaffc40a0	d9e8b40186fbdb65f201d27d42343f0aa037ba438b06d2ca3679f50bd4b21679	GIC_SYS
A64/control/systeminstrs/SYS_CR_systeminstrs	GSB	GSB	GSB<rule:SPACE><rule:gsb_op_option>	15	a69919af85004b16088cf874f52f6de178724f32310b2c7ecb03051cfe1be63c	6869c4162282f6cc19b9142032cf36292be48621e61b40ed6b09c9643d3dc32d	GSB_SYS
A64/control/systeminstrs/SYS_CR_systeminstrs	IC	IC	IC<rule:SPACE><rule:ic_op_option><rule:optional_Xm>	0	fb5ca1528be6de357d8e6791d4d861e0ae7233f1b1501471414366b47b864deb	ef7e6a27789f2934413ea38ae333ec1d1b0155cbc7179ebace097fbf0dbe3612	IC_SYS
A64/control/systeminstrs/SYS_CR_systeminstrs	PLBI	PLBI	PLBI<rule:SPACE><rule:plbi_op_option><rule:optional_Xm>	62	a3554c009180dda785e1214f0a49f87e89097d960e825214f085d380d50e7fce	58761781b5a5587c6e68b9bbbb14e9d0bbab1bd4964e39ba432dcc8c8538e116	PLBI_SYS
A64/control/systeminstrs/SYS_CR_systeminstrs	TLBI	TLBI	TLBI<rule:SPACE><rule:tlbi_op_option><rule:optional_Xm>	0	ae1c9c4bcd584f89edf8fcb3711b3724d0d670ed2d67100e85d9c491ef03d84b	4cd59ad947938a818190d59b7690f6ee117de8264e751edad1388d6426bfbe76	TLBI_SYS
A64/control/systeminstrs/SYS_CR_systeminstrs	TRCIT	TRCIT	TRCIT<rule:SPACE><rule:XtOrXZR__3>	8	b0789437328667740062653a27e9d336ae7c309611328961edc21450febda461	3f3e8c0ebb34eeb59b973d8c6b666af50137c2d7825c63003348002d7b0a1d8f	TRCIT_SYS
A64/dpimm/addsub_imm/ADDS_32S_addsub_imm	CMN	CMN	CMN<rule:SPACE><rule:WnWSP_option><rule:COMMA><rule:hash><rule:imm__17><rule:optional_shift>	0	61356a75e0624d24922637b174a5e5f8952d83871def68efa1c656039dd80c09	3f3e8c0ebb34eeb59b973d8c6b666af50137c2d7825c63003348002d7b0a1d8f	CMN_ADDS_addsub_imm
A64/dpimm/addsub_imm/ADDS_64S_addsub_imm	CMN	CMN	CMN<rule:SPACE><rule:XnSP_option__3><rule:COMMA><rule:hash><rule:imm__17><rule:optional_shift>	0	61356a75e0624d24922637b174a5e5f8952d83871def68efa1c656039dd80c09	3f3e8c0ebb34eeb59b973d8c6b666af50137c2d7825c63003348002d7b0a1d8f	CMN_ADDS_addsub_imm
A64/dpimm/addsub_imm/ADD_32_addsub_imm	MOV	MOV	MOV<rule:SPACE><rule:WdWSP_option><rule:COMMA><rule:WnWSP_option>	0	b5c222fc53b2cb52384a74a953c35f3b7177a8359b51192e873b124608fa5f93	053c682245465d98a49a51d958e62386760951b350a38c79b88f4f99e8135c9d	MOV_ADD_addsub_imm
A64/dpimm/addsub_imm/ADD_64_addsub_imm	MOV	MOV	MOV<rule:SPACE><rule:XdSP_option><rule:COMMA><rule:XnSP_option__3>	0	b5c222fc53b2cb52384a74a953c35f3b7177a8359b51192e873b124608fa5f93	053c682245465d98a49a51d958e62386760951b350a38c79b88f4f99e8135c9d	MOV_ADD_addsub_imm
A64/dpimm/addsub_imm/SUBS_32S_addsub_imm	CMP	CMP	CMP<rule:SPACE><rule:WnWSP_option><rule:COMMA><rule:hash><rule:imm__17><rule:optional_shift>	0	61356a75e0624d24922637b174a5e5f8952d83871def68efa1c656039dd80c09	3f3e8c0ebb34eeb59b973d8c6b666af50137c2d7825c63003348002d7b0a1d8f	CMP_SUBS_addsub_imm
A64/dpimm/addsub_imm/SUBS_64S_addsub_imm	CMP	CMP	CMP<rule:SPACE><rule:XnSP_option__3><rule:COMMA><rule:hash><rule:imm__17><rule:optional_shift>	0	61356a75e0624d24922637b174a5e5f8952d83871def68efa1c656039dd80c09	3f3e8c0ebb34eeb59b973d8c6b666af50137c2d7825c63003348002d7b0a1d8f	CMP_SUBS_addsub_imm
A64/dpimm/bitfield/BFM_32M_bitfield	BFC	BFC	BFC<rule:SPACE><rule:WdOrWZR><rule:COMMA><rule:hash><rule:lsb><rule:COMMA><rule:hash><rule:width>	47	37574762b4d5956897c0b23cf4648b51ea8cf24ad8c1703a6389be9d77ff7479	3f9465a278d242bd1ab7be9e29bb9b119809497f3de4ec117e1f2eb8049067d1	BFC_BFM
A64/dpimm/bitfield/BFM_32M_bitfield	BFI	BFI	BFI<rule:SPACE><rule:WdOrWZR><rule:COMMA><rule:WnOrWZR><rule:COMMA><rule:hash><rule:lsb><rule:COMMA><rule:hash><rule:width>	0	2d8ae027bdac0fcf475ba1fe9e10bc703bfde8a656be337c8aca6a7a1bf67756	3f9465a278d242bd1ab7be9e29bb9b119809497f3de4ec117e1f2eb8049067d1	BFI_BFM
A64/dpimm/bitfield/BFM_32M_bitfield	BFXIL	BFXIL	BFXIL<rule:SPACE><rule:WdOrWZR><rule:COMMA><rule:WnOrWZR><rule:COMMA><rule:hash><rule:lsb__2><rule:COMMA><rule:hash><rule:width>	0	3f3e8c0ebb34eeb59b973d8c6b666af50137c2d7825c63003348002d7b0a1d8f	61b50ba6b62b729b0366eb86ad74d1157f74d3878d4530070d3f0c9c7f5a1db9	BFXIL_BFM
A64/dpimm/bitfield/BFM_64M_bitfield	BFC	BFC	BFC<rule:SPACE><rule:XdOrXZR__6><rule:COMMA><rule:hash><rule:lsb__3><rule:COMMA><rule:hash><rule:width__2>	47	37574762b4d5956897c0b23cf4648b51ea8cf24ad8c1703a6389be9d77ff7479	3f9465a278d242bd1ab7be9e29bb9b119809497f3de4ec117e1f2eb8049067d1	BFC_BFM
A64/dpimm/bitfield/BFM_64M_bitfield	BFI	BFI	BFI<rule:SPACE><rule:XdOrXZR__6><rule:COMMA><rule:XnOrXZR__11><rule:COMMA><rule:hash><rule:lsb__3><rule:COMMA><rule:hash><rule:width__2>	0	2d8ae027bdac0fcf475ba1fe9e10bc703bfde8a656be337c8aca6a7a1bf67756	3f9465a278d242bd1ab7be9e29bb9b119809497f3de4ec117e1f2eb8049067d1	BFI_BFM
A64/dpimm/bitfield/BFM_64M_bitfield	BFXIL	BFXIL	BFXIL<rule:SPACE><rule:XdOrXZR__6><rule:COMMA><rule:XnOrXZR__11><rule:COMMA><rule:hash><rule:lsb__4><rule:COMMA><rule:hash><rule:width__2>	0	3f3e8c0ebb34eeb59b973d8c6b666af50137c2d7825c63003348002d7b0a1d8f	61b50ba6b62b729b0366eb86ad74d1157f74d3878d4530070d3f0c9c7f5a1db9	BFXIL_BFM
A64/dpimm/bitfield/SBFM_32M_bitfield	ASR	ASR	ASR<rule:SPACE><rule:WdOrWZR><rule:COMMA><rule:WnOrWZR><rule:COMMA><rule:hash><rule:shift>	0	497dbda5a6a0b3cecb2daa7f1cf61038887f7e5d41731a932f5fdf916675f977	3f3e8c0ebb34eeb59b973d8c6b666af50137c2d7825c63003348002d7b0a1d8f	ASR_SBFM
A64/dpimm/bitfield/SBFM_32M_bitfield	SBFIZ	SBFIZ	SBFIZ<rule:SPACE><rule:WdOrWZR><rule:COMMA><rule:WnOrWZR><rule:COMMA><rule:hash><rule:lsb><rule:COMMA><rule:hash><rule:width>	0	3f3e8c0ebb34eeb59b973d8c6b666af50137c2d7825c63003348002d7b0a1d8f	3f9465a278d242bd1ab7be9e29bb9b119809497f3de4ec117e1f2eb8049067d1	SBFIZ_SBFM
A64/dpimm/bitfield/SBFM_32M_bitfield	SBFX	SBFX	SBFX<rule:SPACE><rule:WdOrWZR><rule:COMMA><rule:WnOrWZR><rule:COMMA><rule:hash><rule:lsb__2><rule:COMMA><rule:hash><rule:width>	0	3f3e8c0ebb34eeb59b973d8c6b666af50137c2d7825c63003348002d7b0a1d8f	d3d8b98322e9da6753df535b487bbe9363f41b5c8e859d4628754d2ba02719db	SBFX_SBFM
A64/dpimm/bitfield/SBFM_32M_bitfield	SXTB	SXTB	SXTB<rule:SPACE><rule:WdOrWZR><rule:COMMA><rule:WnOrWZR>	0	256e1bd1d649c3866920e234dc60aaef34cbc1c45c747172b74118009d2b0109	3f3e8c0ebb34eeb59b973d8c6b666af50137c2d7825c63003348002d7b0a1d8f	SXTB_SBFM
A64/dpimm/bitfield/SBFM_32M_bitfield	SXTH	SXTH	SXTH<rule:SPACE><rule:WdOrWZR><rule:COMMA><rule:WnOrWZR>	0	51f3ba717fe45e7e759682d192184240b320b94dfddb34209cbdd862b72d6a5e	3f3e8c0ebb34eeb59b973d8c6b666af50137c2d7825c63003348002d7b0a1d8f	SXTH_SBFM
A64/dpimm/bitfield/SBFM_64M_bitfield	ASR	ASR	ASR<rule:SPACE><rule:XdOrXZR__6><rule:COMMA><rule:XnOrXZR__11><rule:COMMA><rule:hash><rule:shift__3>	0	6a2bc8c90bfe374cf7c90668e74780c0505eefb670dcaf12d0d3e525d08d44b1	3f3e8c0ebb34eeb59b973d8c6b666af50137c2d7825c63003348002d7b0a1d8f	ASR_SBFM
A64/dpimm/bitfield/SBFM_64M_bitfield	SBFIZ	SBFIZ	SBFIZ<rule:SPACE><rule:XdOrXZR__6><rule:COMMA><rule:XnOrXZR__11><rule:COMMA><rule:hash><rule:lsb__3><rule:COMMA><rule:hash><rule:width__2>	0	3f3e8c0ebb34eeb59b973d8c6b666af50137c2d7825c63003348002d7b0a1d8f	3f9465a278d242bd1ab7be9e29bb9b119809497f3de4ec117e1f2eb8049067d1	SBFIZ_SBFM
A64/dpimm/bitfield/SBFM_64M_bitfield	SBFX	SBFX	SBFX<rule:SPACE><rule:XdOrXZR__6><rule:COMMA><rule:XnOrXZR__11><rule:COMMA><rule:hash><rule:lsb__4><rule:COMMA><rule:hash><rule:width__2>	0	3f3e8c0ebb34eeb59b973d8c6b666af50137c2d7825c63003348002d7b0a1d8f	d3d8b98322e9da6753df535b487bbe9363f41b5c8e859d4628754d2ba02719db	SBFX_SBFM
A64/dpimm/bitfield/SBFM_64M_bitfield	SXTB	SXTB	SXTB<rule:SPACE><rule:XdOrXZR__6><rule:COMMA><rule:WnOrWZR__2>	0	256e1bd1d649c3866920e234dc60aaef34cbc1c45c747172b74118009d2b0109	3f3e8c0ebb34eeb59b973d8c6b666af50137c2d7825c63003348002d7b0a1d8f	SXTB_SBFM
A64/dpimm/bitfield/SBFM_64M_bitfield	SXTH	SXTH	SXTH<rule:SPACE><rule:XdOrXZR__6><rule:COMMA><rule:WnOrWZR__2>	0	51f3ba717fe45e7e759682d192184240b320b94dfddb34209cbdd862b72d6a5e	3f3e8c0ebb34eeb59b973d8c6b666af50137c2d7825c63003348002d7b0a1d8f	SXTH_SBFM
A64/dpimm/bitfield/SBFM_64M_bitfield	SXTW	SXTW	SXTW<rule:SPACE><rule:XdOrXZR__6><rule:COMMA><rule:WnOrWZR__2>	0	710d2fbc943b0f45a944378c13cc3d9922f9680b2a32d329bd2ee9a346da55eb	3f3e8c0ebb34eeb59b973d8c6b666af50137c2d7825c63003348002d7b0a1d8f	SXTW_SBFM
A64/dpimm/bitfield/UBFM_32M_bitfield	LSL	LSL	LSL<rule:SPACE><rule:WdOrWZR><rule:COMMA><rule:WnOrWZR><rule:COMMA><rule:hash><rule:shift__2>	0	404d0dad65f83f42263d85023d117e0ec104af2538afce246ec915d678c76ee3	2bf9fcf9502f73444224ac20f48889ab2990b030257bb967649c89b736ce7575	LSL_UBFM
A64/dpimm/bitfield/UBFM_32M_bitfield	LSR	LSR	LSR<rule:SPACE><rule:WdOrWZR><rule:COMMA><rule:WnOrWZR><rule:COMMA><rule:hash><rule:shift>	0	497dbda5a6a0b3cecb2daa7f1cf61038887f7e5d41731a932f5fdf916675f977	3f3e8c0ebb34eeb59b973d8c6b666af50137c2d7825c63003348002d7b0a1d8f	LSR_UBFM
A64/dpimm/bitfield/UBFM_32M_bitfield	UBFIZ	UBFIZ	UBFIZ<rule:SPACE><rule:WdOrWZR><rule:COMMA><rule:WnOrWZR><rule:COMMA><rule:hash><rule:lsb><rule:COMMA><rule:hash><rule:width>	0	3f3e8c0ebb34eeb59b973d8c6b666af50137c2d7825c63003348002d7b0a1d8f	3f9465a278d242bd1ab7be9e29bb9b119809497f3de4ec117e1f2eb8049067d1	UBFIZ_UBFM
A64/dpimm/bitfield/UBFM_32M_bitfield	UBFX	UBFX	UBFX<rule:SPACE><rule:WdOrWZR><rule:COMMA><rule:WnOrWZR><rule:COMMA><rule:hash><rule:lsb__2><rule:COMMA><rule:hash><rule:width>	0	3f3e8c0ebb34eeb59b973d8c6b666af50137c2d7825c63003348002d7b0a1d8f	d3d8b98322e9da6753df535b487bbe9363f41b5c8e859d4628754d2ba02719db	UBFX_UBFM
A64/dpimm/bitfield/UBFM_32M_bitfield	UXTB	UXTB	UXTB<rule:SPACE><rule:WdOrWZR><rule:COMMA><rule:WnOrWZR>	0	256e1bd1d649c3866920e234dc60aaef34cbc1c45c747172b74118009d2b0109	3f3e8c0ebb34eeb59b973d8c6b666af50137c2d7825c63003348002d7b0a1d8f	UXTB_UBFM
A64/dpimm/bitfield/UBFM_32M_bitfield	UXTH	UXTH	UXTH<rule:SPACE><rule:WdOrWZR><rule:COMMA><rule:WnOrWZR>	0	51f3ba717fe45e7e759682d192184240b320b94dfddb34209cbdd862b72d6a5e	3f3e8c0ebb34eeb59b973d8c6b666af50137c2d7825c63003348002d7b0a1d8f	UXTH_UBFM
A64/dpimm/bitfield/UBFM_64M_bitfield	LSL	LSL	LSL<rule:SPACE><rule:XdOrXZR__6><rule:COMMA><rule:XnOrXZR__11><rule:COMMA><rule:hash><rule:shift__4>	0	035484b06f46c501ad67834a12edaac8b65a0a3f2ed6e82561919f3fad643dac	2bf9fcf9502f73444224ac20f48889ab2990b030257bb967649c89b736ce7575	LSL_UBFM
A64/dpimm/bitfield/UBFM_64M_bitfield	LSR	LSR	LSR<rule:SPACE><rule:XdOrXZR__6><rule:COMMA><rule:XnOrXZR__11><rule:COMMA><rule:hash><rule:shift__3>	0	6a2bc8c90bfe374cf7c90668e74780c0505eefb670dcaf12d0d3e525d08d44b1	3f3e8c0ebb34eeb59b973d8c6b666af50137c2d7825c63003348002d7b0a1d8f	LSR_UBFM
A64/dpimm/bitfield/UBFM_64M_bitfield	UBFIZ	UBFIZ	UBFIZ<rule:SPACE><rule:XdOrXZR__6><rule:COMMA><rule:XnOrXZR__11><rule:COMMA><rule:hash><rule:lsb__3><rule:COMMA><rule:hash><rule:width__2>	0	3f3e8c0ebb34eeb59b973d8c6b666af50137c2d7825c63003348002d7b0a1d8f	3f9465a278d242bd1ab7be9e29bb9b119809497f3de4ec117e1f2eb8049067d1	UBFIZ_UBFM
A64/dpimm/bitfield/UBFM_64M_bitfield	UBFX	UBFX	UBFX<rule:SPACE><rule:XdOrXZR__6><rule:COMMA><rule:XnOrXZR__11><rule:COMMA><rule:hash><rule:lsb__4><rule:COMMA><rule:hash><rule:width__2>	0	3f3e8c0ebb34eeb59b973d8c6b666af50137c2d7825c63003348002d7b0a1d8f	d3d8b98322e9da6753df535b487bbe9363f41b5c8e859d4628754d2ba02719db	UBFX_UBFM
A64/dpimm/extract/EXTR_32_extract	ROR	ROR	ROR<rule:SPACE><rule:WdOrWZR><rule:COMMA><rule:RmRn_option><rule:COMMA><rule:hash><rule:shift__5>	0	3f3e8c0ebb34eeb59b973d8c6b666af50137c2d7825c63003348002d7b0a1d8f	50698dd23b17c8dd6b03d3afd33f0e436d5c6d535908bbcc42864b08be5f399a	ROR_EXTR
A64/dpimm/extract/EXTR_64_extract	ROR	ROR	ROR<rule:SPACE><rule:XdOrXZR__6><rule:COMMA><rule:RmRn_option__2><rule:COMMA><rule:hash><rule:shift__6>	0	3f3e8c0ebb34eeb59b973d8c6b666af50137c2d7825c63003348002d7b0a1d8f	50698dd23b17c8dd6b03d3afd33f0e436d5c6d535908bbcc42864b08be5f399a	ROR_EXTR
A64/dpimm/log_imm/ANDS_32S_log_imm	TST	TST	TST<rule:SPACE><rule:WnOrWZR><rule:COMMA><rule:hash><rule:imm__bitmask>	0	61356a75e0624d24922637b174a5e5f8952d83871def68efa1c656039dd80c09	3f3e8c0ebb34eeb59b973d8c6b666af50137c2d7825c63003348002d7b0a1d8f	TST_ANDS_log_imm
A64/dpimm/log_imm/ANDS_64S_log_imm	TST	TST	TST<rule:SPACE><rule:XnOrXZR__11><rule:COMMA><rule:hash><rule:imm__bitmask>	0	61356a75e0624d24922637b174a5e5f8952d83871def68efa1c656039dd80c09	3f3e8c0ebb34eeb59b973d8c6b666af50137c2d7825c63003348002d7b0a1d8f	TST_ANDS_log_imm
A64/dpimm/log_imm/ORR_32_log_imm	MOV	MOV	MOV<rule:SPACE><rule:WdWSP_option><rule:COMMA><rule:hash><rule:imm__bitmask_w2>	0	337a8434c9b7ffef1a057501cd469fbea48bc64f4ec65bc84b5c09ceec54c28c	460b7d0f2b4b1891cd428672ec0fa1402c1c76ef9d66fb96ad89ad39a4de4d8b	MOV_ORR_log_imm
A64/dpimm/log_imm/ORR_64_log_imm	MOV	MOV	MOV<rule:SPACE><rule:XdSP_option><rule:COMMA><rule:hash><rule:imm__bitmask_x2>	0	337a8434c9b7ffef1a057501cd469fbea48bc64f4ec65bc84b5c09ceec54c28c	460b7d0f2b4b1891cd428672ec0fa1402c1c76ef9d66fb96ad89ad39a4de4d8b	MOV_ORR_log_imm
A64/dpimm/movewide/MOVN_32_movewide	MOV	MOV	MOV<rule:SPACE><rule:WdOrWZR><rule:COMMA><rule:hash><rule:hw_imm16>	0	3f3e8c0ebb34eeb59b973d8c6b666af50137c2d7825c63003348002d7b0a1d8f	6564d26cbb4dce2c28ed4ae155faa843b2ce9e9bd792cdfd8d4ce21ce68370c2	MOV_MOVN
A64/dpimm/movewide/MOVN_64_movewide	MOV	MOV	MOV<rule:SPACE><rule:XdOrXZR__6><rule:COMMA><rule:hash><rule:hw_imm16__3>	0	3f3e8c0ebb34eeb59b973d8c6b666af50137c2d7825c63003348002d7b0a1d8f	10b2092e12138e42985ecb38723065688b7c447853854eddd5f7002c47396b13	MOV_MOVN
A64/dpimm/movewide/MOVZ_32_movewide	MOV	MOV	MOV<rule:SPACE><rule:WdOrWZR><rule:COMMA><rule:hash><rule:hw_imm16__2>	0	3f3e8c0ebb34eeb59b973d8c6b666af50137c2d7825c63003348002d7b0a1d8f	10b2092e12138e42985ecb38723065688b7c447853854eddd5f7002c47396b13	MOV_MOVZ
A64/dpimm/movewide/MOVZ_64_movewide	MOV	MOV	MOV<rule:SPACE><rule:XdOrXZR__6><rule:COMMA><rule:hash><rule:hw_imm16__4>	0	3f3e8c0ebb34eeb59b973d8c6b666af50137c2d7825c63003348002d7b0a1d8f	10b2092e12138e42985ecb38723065688b7c447853854eddd5f7002c47396b13	MOV_MOVZ
A64/dpreg/addsub_carry/SBCS_32_addsub_carry	NGCS	NGCS	NGCS<rule:SPACE><rule:WdOrWZR><rule:COMMA><rule:WmOrWZR__3>	0	337a8434c9b7ffef1a057501cd469fbea48bc64f4ec65bc84b5c09ceec54c28c	3f3e8c0ebb34eeb59b973d8c6b666af50137c2d7825c63003348002d7b0a1d8f	NGCS_SBCS
A64/dpreg/addsub_carry/SBCS_64_addsub_carry	NGCS	NGCS	NGCS<rule:SPACE><rule:XdOrXZR__6><rule:COMMA><rule:XmOrXZR>	0	337a8434c9b7ffef1a057501cd469fbea48bc64f4ec65bc84b5c09ceec54c28c	3f3e8c0ebb34eeb59b973d8c6b666af50137c2d7825c63003348002d7b0a1d8f	NGCS_SBCS
A64/dpreg/addsub_carry/SBC_32_addsub_carry	NGC	NGC	NGC<rule:SPACE><rule:WdOrWZR><rule:COMMA><rule:WmOrWZR__3>	0	337a8434c9b7ffef1a057501cd469fbea48bc64f4ec65bc84b5c09ceec54c28c	3f3e8c0ebb34eeb59b973d8c6b666af50137c2d7825c63003348002d7b0a1d8f	NGC_SBC
A64/dpreg/addsub_carry/SBC_64_addsub_carry	NGC	NGC	NGC<rule:SPACE><rule:XdOrXZR__6><rule:COMMA><rule:XmOrXZR>	0	337a8434c9b7ffef1a057501cd469fbea48bc64f4ec65bc84b5c09ceec54c28c	3f3e8c0ebb34eeb59b973d8c6b666af50137c2d7825c63003348002d7b0a1d8f	NGC_SBC
A64/dpreg/addsub_ext/ADDS_32S_addsub_ext	CMN	CMN	CMN<rule:SPACE><rule:WnWSP_option__2><rule:COMMA><rule:WmOrWZR__2><rule:optional_extend__15>	0	61356a75e0624d24922637b174a5e5f8952d83871def68efa1c656039dd80c09	3f3e8c0ebb34eeb59b973d8c6b666af50137c2d7825c63003348002d7b0a1d8f	CMN_ADDS_addsub_ext
A64/dpreg/addsub_ext/ADDS_64S_addsub_ext	CMN	CMN	CMN<rule:SPACE><rule:XnSP_option__6><rule:COMMA><rule:R_option__2><rule:Rm_option><rule:optional_extend__17>	0	61356a75e0624d24922637b174a5e5f8952d83871def68efa1c656039dd80c09	3f3e8c0ebb34eeb59b973d8c6b666af50137c2d7825c63003348002d7b0a1d8f	CMN_ADDS_addsub_ext
A64/dpreg/addsub_ext/SUBS_32S_addsub_ext	CMP	CMP	CMP<rule:SPACE><rule:WnWSP_option__2><rule:COMMA><rule:WmOrWZR__2><rule:optional_extend__15>	0	61356a75e0624d24922637b174a5e5f8952d83871def68efa1c656039dd80c09	3f3e8c0ebb34eeb59b973d8c6b666af50137c2d7825c63003348002d7b0a1d8f	CMP_SUBS_addsub_ext
A64/dpreg/addsub_ext/SUBS_64S_addsub_ext	CMP	CMP	CMP<rule:SPACE><rule:XnSP_option__6><rule:COMMA><rule:R_option__2><rule:Rm_option><rule:optional_extend__17>	0	61356a75e0624d24922637b174a5e5f8952d83871def68efa1c656039dd80c09	3f3e8c0ebb34eeb59b973d8c6b666af50137c2d7825c63003348002d7b0a1d8f	CMP_SUBS_addsub_ext
A64/dpreg/addsub_shift/ADDS_32_addsub_shift	CMN	CMN	CMN<rule:SPACE><rule:WnOrWZR__3><rule:COMMA><rule:WmOrWZR__2><rule:optional_shift__2>	0	61356a75e0624d24922637b174a5e5f8952d83871def68efa1c656039dd80c09	3f3e8c0ebb34eeb59b973d8c6b666af50137c2d7825c63003348002d7b0a1d8f	CMN_ADDS_addsub_shift
A64/dpreg/addsub_shift/ADDS_64_addsub_shift	CMN	CMN	CMN<rule:SPACE><rule:XnOrXZR__12><rule:COMMA><rule:XmOrXZR__4><rule:optional_shift__3>	0	61356a75e0624d24922637b174a5e5f8952d83871def68efa1c656039dd80c09	3f3e8c0ebb34eeb59b973d8c6b666af50137c2d7825c63003348002d7b0a1d8f	CMN_ADDS_addsub_shift
A64/dpreg/addsub_shift/SUBS_32_addsub_shift	CMP	CMP	CMP<rule:SPACE><rule:WnOrWZR__3><rule:COMMA><rule:WmOrWZR__2><rule:optional_shift__2>	0	61356a75e0624d24922637b174a5e5f8952d83871def68efa1c656039dd80c09	3f3e8c0ebb34eeb59b973d8c6b666af50137c2d7825c63003348002d7b0a1d8f	CMP_SUBS_addsub_shift
A64/dpreg/addsub_shift/SUBS_32_addsub_shift	NEGS	NEGS	NEGS<rule:SPACE><rule:WdOrWZR><rule:COMMA><rule:WmOrWZR__3><rule:optional_shift__2>	0	3d4a730146ae2e5a39c75e26dd2cb068469d9c19eec5054ce711673fc0247507	3f3e8c0ebb34eeb59b973d8c6b666af50137c2d7825c63003348002d7b0a1d8f	NEGS_SUBS_addsub_shift
A64/dpreg/addsub_shift/SUBS_64_addsub_shift	CMP	CMP	CMP<rule:SPACE><rule:XnOrXZR__12><rule:COMMA><rule:XmOrXZR__4><rule:optional_shift__3>	0	61356a75e0624d24922637b174a5e5f8952d83871def68efa1c656039dd80c09	3f3e8c0ebb34eeb59b973d8c6b666af50137c2d7825c63003348002d7b0a1d8f	CMP_SUBS_addsub_shift
A64/dpreg/addsub_shift/SUBS_64_addsub_shift	NEGS	NEGS	NEGS<rule:SPACE><rule:XdOrXZR__6><rule:COMMA><rule:XmOrXZR><rule:optional_shift__3>	0	3d4a730146ae2e5a39c75e26dd2cb068469d9c19eec5054ce711673fc0247507	3f3e8c0ebb34eeb59b973d8c6b666af50137c2d7825c63003348002d7b0a1d8f	NEGS_SUBS_addsub_shift
A64/dpreg/addsub_shift/SUB_32_addsub_shift	NEG	NEG	NEG<rule:SPACE><rule:WdOrWZR><rule:COMMA><rule:WmOrWZR__3><rule:optional_shift__2>	0	337a8434c9b7ffef1a057501cd469fbea48bc64f4ec65bc84b5c09ceec54c28c	3f3e8c0ebb34eeb59b973d8c6b666af50137c2d7825c63003348002d7b0a1d8f	NEG_SUB_addsub_shift
A64/dpreg/addsub_shift/SUB_64_addsub_shift	NEG	NEG	NEG<rule:SPACE><rule:XdOrXZR__6><rule:COMMA><rule:XmOrXZR><rule:optional_shift__3>	0	337a8434c9b7ffef1a057501cd469fbea48bc64f4ec65bc84b5c09ceec54c28c	3f3e8c0ebb34eeb59b973d8c6b666af50137c2d7825c63003348002d7b0a1d8f	NEG_SUB_addsub_shift
A64/dpreg/condsel/CSINC_32_condsel	CINC	CINC	CINC<rule:SPACE><rule:WdOrWZR><rule:COMMA><rule:RmRn_option__3><rule:COMMA><rule:cond_option__2>	0	98591d01eb203ce85266e5ae7ec17a92661205aa6880c1a418bbd0a4565b3d0e	50698dd23b17c8dd6b03d3afd33f0e436d5c6d535908bbcc42864b08be5f399a	CINC_CSINC
A64/dpreg/condsel/CSINC_32_condsel	CSET	CSET	CSET<rule:SPACE><rule:WdOrWZR><rule:COMMA><rule:cond_option__2>	0	ff133f5823d0acd63079d4544fa48b06e87174407a4488a92ecefc25585ff7f7	3f3e8c0ebb34eeb59b973d8c6b666af50137c2d7825c63003348002d7b0a1d8f	CSET_CSINC
A64/dpreg/condsel/CSINC_64_condsel	CINC	CINC	CINC<rule:SPACE><rule:XdOrXZR__6><rule:COMMA><rule:RmRn_option__4><rule:COMMA><rule:cond_option__2>	0	98591d01eb203ce85266e5ae7ec17a92661205aa6880c1a418bbd0a4565b3d0e	50698dd23b17c8dd6b03d3afd33f0e436d5c6d535908bbcc42864b08be5f399a	CINC_CSINC
A64/dpreg/condsel/CSINC_64_condsel	CSET	CSET	CSET<rule:SPACE><rule:XdOrXZR__6><rule:COMMA><rule:cond_option__2>	0	ff133f5823d0acd63079d4544fa48b06e87174407a4488a92ecefc25585ff7f7	3f3e8c0ebb34eeb59b973d8c6b666af50137c2d7825c63003348002d7b0a1d8f	CSET_CSINC
A64/dpreg/condsel/CSINV_32_condsel	CINV	CINV	CINV<rule:SPACE><rule:WdOrWZR><rule:COMMA><rule:RmRn_option__3><rule:COMMA><rule:cond_option__2>	0	98591d01eb203ce85266e5ae7ec17a92661205aa6880c1a418bbd0a4565b3d0e	50698dd23b17c8dd6b03d3afd33f0e436d5c6d535908bbcc42864b08be5f399a	CINV_CSINV
A64/dpreg/condsel/CSINV_32_condsel	CSETM	CSETM	CSETM<rule:SPACE><rule:WdOrWZR><rule:COMMA><rule:cond_option__2>	0	ff133f5823d0acd63079d4544fa48b06e87174407a4488a92ecefc25585ff7f7	3f3e8c0ebb34eeb59b973d8c6b666af50137c2d7825c63003348002d7b0a1d8f	CSETM_CSINV
A64/dpreg/condsel/CSINV_64_condsel	CINV	CINV	CINV<rule:SPACE><rule:XdOrXZR__6><rule:COMMA><rule:RmRn_option__4><rule:COMMA><rule:cond_option__2>	0	98591d01eb203ce85266e5ae7ec17a92661205aa6880c1a418bbd0a4565b3d0e	50698dd23b17c8dd6b03d3afd33f0e436d5c6d535908bbcc42864b08be5f399a	CINV_CSINV
A64/dpreg/condsel/CSINV_64_condsel	CSETM	CSETM	CSETM<rule:SPACE><rule:XdOrXZR__6><rule:COMMA><rule:cond_option__2>	0	ff133f5823d0acd63079d4544fa48b06e87174407a4488a92ecefc25585ff7f7	3f3e8c0ebb34eeb59b973d8c6b666af50137c2d7825c63003348002d7b0a1d8f	CSETM_CSINV
A64/dpreg/condsel/CSNEG_32_condsel	CNEG	CNEG	CNEG<rule:SPACE><rule:WdOrWZR><rule:COMMA><rule:RmRn_option__3><rule:COMMA><rule:cond_option__2>	0	1a5a7e80cd1d97ba6c83671e37119a4ba2c8e2f9594ac75114682aba512b0194	50698dd23b17c8dd6b03d3afd33f0e436d5c6d535908bbcc42864b08be5f399a	CNEG_CSNEG
A64/dpreg/condsel/CSNEG_64_condsel	CNEG	CNEG	CNEG<rule:SPACE><rule:XdOrXZR__6><rule:COMMA><rule:RmRn_option__4><rule:COMMA><rule:cond_option__2>	0	1a5a7e80cd1d97ba6c83671e37119a4ba2c8e2f9594ac75114682aba512b0194	50698dd23b17c8dd6b03d3afd33f0e436d5c6d535908bbcc42864b08be5f399a	CNEG_CSNEG
A64/dpreg/dp_1src/REV_64_dp_1src	REV64	REV64	REV64<rule:SPACE><rule:XdOrXZR__6><rule:COMMA><rule:XnOrXZR__11>	0	3f3e8c0ebb34eeb59b973d8c6b666af50137c2d7825c63003348002d7b0a1d8f	850f8e42ca7684e4cadd817bea33cd2105d151a5bf077b3f35a6ed77d5b639bd	REV64_REV
A64/dpreg/dp_2src/ASRV_32_dp_2src	ASR	ASR	ASR<rule:SPACE><rule:WdOrWZR><rule:COMMA><rule:WnOrWZR__3><rule:COMMA><rule:WmOrWZR__4>	0	3f3e8c0ebb34eeb59b973d8c6b666af50137c2d7825c63003348002d7b0a1d8f	3f3e8c0ebb34eeb59b973d8c6b666af50137c2d7825c63003348002d7b0a1d8f	ASR_ASRV
A64/dpreg/dp_2src/ASRV_64_dp_2src	ASR	ASR	ASR<rule:SPACE><rule:XdOrXZR__6><rule:COMMA><rule:XnOrXZR__12><rule:COMMA><rule:XmOrXZR__7>	0	3f3e8c0ebb34eeb59b973d8c6b666af50137c2d7825c63003348002d7b0a1d8f	3f3e8c0ebb34eeb59b973d8c6b666af50137c2d7825c63003348002d7b0a1d8f	ASR_ASRV
A64/dpreg/dp_2src/LSLV_32_dp_2src	LSL	LSL	LSL<rule:SPACE><rule:WdOrWZR><rule:COMMA><rule:WnOrWZR__3><rule:COMMA><rule:WmOrWZR__4>	0	3f3e8c0ebb34eeb59b973d8c6b666af50137c2d7825c63003348002d7b0a1d8f	3f3e8c0ebb34eeb59b973d8c6b666af50137c2d7825c63003348002d7b0a1d8f	LSL_LSLV
A64/dpreg/dp_2src/LSLV_64_dp_2src	LSL	LSL	LSL<rule:SPACE><rule:XdOrXZR__6><rule:COMMA><rule:XnOrXZR__12><rule:COMMA><rule:XmOrXZR__7>	0	3f3e8c0ebb34eeb59b973d8c6b666af50137c2d7825c63003348002d7b0a1d8f	3f3e8c0ebb34eeb59b973d8c6b666af50137c2d7825c63003348002d7b0a1d8f	LSL_LSLV
A64/dpreg/dp_2src/LSRV_32_dp_2src	LSR	LSR	LSR<rule:SPACE><rule:WdOrWZR><rule:COMMA><rule:WnOrWZR__3><rule:COMMA><rule:WmOrWZR__4>	0	3f3e8c0ebb34eeb59b973d8c6b666af50137c2d7825c63003348002d7b0a1d8f	3f3e8c0ebb34eeb59b973d8c6b666af50137c2d7825c63003348002d7b0a1d8f	LSR_LSRV
A64/dpreg/dp_2src/LSRV_64_dp_2src	LSR	LSR	LSR<rule:SPACE><rule:XdOrXZR__6><rule:COMMA><rule:XnOrXZR__12><rule:COMMA><rule:XmOrXZR__7>	0	3f3e8c0ebb34eeb59b973d8c6b666af50137c2d7825c63003348002d7b0a1d8f	3f3e8c0ebb34eeb59b973d8c6b666af50137c2d7825c63003348002d7b0a1d8f	LSR_LSRV
A64/dpreg/dp_2src/RORV_32_dp_2src	ROR	ROR	ROR<rule:SPACE><rule:WdOrWZR><rule:COMMA><rule:WnOrWZR__3><rule:COMMA><rule:WmOrWZR__4>	0	3f3e8c0ebb34eeb59b973d8c6b666af50137c2d7825c63003348002d7b0a1d8f	3f3e8c0ebb34eeb59b973d8c6b666af50137c2d7825c63003348002d7b0a1d8f	ROR_RORV
A64/dpreg/dp_2src/RORV_64_dp_2src	ROR	ROR	ROR<rule:SPACE><rule:XdOrXZR__6><rule:COMMA><rule:XnOrXZR__12><rule:COMMA><rule:XmOrXZR__7>	0	3f3e8c0ebb34eeb59b973d8c6b666af50137c2d7825c63003348002d7b0a1d8f	3f3e8c0ebb34eeb59b973d8c6b666af50137c2d7825c63003348002d7b0a1d8f	ROR_RORV
A64/dpreg/dp_2src/SUBPS_64S_dp_2src	CMPP	CMPP	CMPP<rule:SPACE><rule:XnSP_option__6><rule:COMMA><rule:XmSP_option__2>	173	baf959bb5dce9792a3da20bd3b35255208f9e018794b5fbca625969683b5173c	3f3e8c0ebb34eeb59b973d8c6b666af50137c2d7825c63003348002d7b0a1d8f	CMPP_SUBPS
A64/dpreg/dp_3src/MADD_32A_dp_3src	MUL	MUL	MUL<rule:SPACE><rule:WdOrWZR><rule:COMMA><rule:WnOrWZR__5><rule:COMMA><rule:WmOrWZR__6>	0	fb49a9aef3bbb9437007467269ea60eb60505b24a1fe06c3dd1132fd2384f5a7	3f3e8c0ebb34eeb59b973d8c6b666af50137c2d7825c63003348002d7b0a1d8f	MUL_MADD
A64/dpreg/dp_3src/MADD_64A_dp_3src	MUL	MUL	MUL<rule:SPACE><rule:XdOrXZR__6><rule:COMMA><rule:XnOrXZR__13><rule:COMMA><rule:XmOrXZR__9>	0	fb49a9aef3bbb9437007467269ea60eb60505b24a1fe06c3dd1132fd2384f5a7	3f3e8c0ebb34eeb59b973d8c6b666af50137c2d7825c63003348002d7b0a1d8f	MUL_MADD
A64/dpreg/dp_3src/MSUB_32A_dp_3src	MNEG	MNEG	MNEG<rule:SPACE><rule:WdOrWZR><rule:COMMA><rule:WnOrWZR__5><rule:COMMA><rule:WmOrWZR__6>	0	fb49a9aef3bbb9437007467269ea60eb60505b24a1fe06c3dd1132fd2384f5a7	3f3e8c0ebb34eeb59b973d8c6b666af50137c2d7825c63003348002d7b0a1d8f	MNEG_MSUB
A64/dpreg/dp_3src/MSUB_64A_dp_3src	MNEG	MNEG	MNEG<rule:SPACE><rule:XdOrXZR__6><rule:COMMA><rule:XnOrXZR__13><rule:COMMA><rule:XmOrXZR__9>	0	fb49a9aef3bbb9437007467269ea60eb60505b24a1fe06c3dd1132fd2384f5a7	3f3e8c0ebb34eeb59b973d8c6b666af50137c2d7825c63003348002d7b0a1d8f	MNEG_MSUB
A64/dpreg/dp_3src/SMADDL_64WA_dp_3src	SMULL	SMULL	SMULL<rule:SPACE><rule:XdOrXZR__6><rule:COMMA><rule:WnOrWZR__5><rule:COMMA><rule:WmOrWZR__6>	0	fb49a9aef3bbb9437007467269ea60eb60505b24a1fe06c3dd1132fd2384f5a7	3f3e8c0ebb34eeb59b973d8c6b666af50137c2d7825c63003348002d7b0a1d8f	SMULL_SMADDL
A64/dpreg/dp_3src/SMSUBL_64WA_dp_3src	SMNEGL	SMNEGL	SMNEGL<rule:SPACE><rule:XdOrXZR__6><rule:COMMA><rule:WnOrWZR__5><rule:COMMA><rule:WmOrWZR__6>	0	fb49a9aef3bbb9437007467269ea60eb60505b24a1fe06c3dd1132fd2384f5a7	3f3e8c0ebb34eeb59b973d8c6b666af50137c2d7825c63003348002d7b0a1d8f	SMNEGL_SMSUBL
A64/dpreg/dp_3src/UMADDL_64WA_dp_3src	UMULL	UMULL	UMULL<rule:SPACE><rule:XdOrXZR__6><rule:COMMA><rule:WnOrWZR__5><rule:COMMA><rule:WmOrWZR__6>	0	fb49a9aef3bbb9437007467269ea60eb60505b24a1fe06c3dd1132fd2384f5a7	3f3e8c0ebb34eeb59b973d8c6b666af50137c2d7825c63003348002d7b0a1d8f	UMULL_UMADDL
A64/dpreg/dp_3src/UMSUBL_64WA_dp_3src	UMNEGL	UMNEGL	UMNEGL<rule:SPACE><rule:XdOrXZR__6><rule:COMMA><rule:WnOrWZR__5><rule:COMMA><rule:WmOrWZR__6>	0	fb49a9aef3bbb9437007467269ea60eb60505b24a1fe06c3dd1132fd2384f5a7	3f3e8c0ebb34eeb59b973d8c6b666af50137c2d7825c63003348002d7b0a1d8f	UMNEGL_UMSUBL
A64/dpreg/log_shift/ANDS_32_log_shift	TST	TST	TST<rule:SPACE><rule:WnOrWZR__3><rule:COMMA><rule:WmOrWZR__2><rule:optional_shift__4>	0	61356a75e0624d24922637b174a5e5f8952d83871def68efa1c656039dd80c09	3f3e8c0ebb34eeb59b973d8c6b666af50137c2d7825c63003348002d7b0a1d8f	TST_ANDS_log_shift
A64/dpreg/log_shift/ANDS_64_log_shift	TST	TST	TST<rule:SPACE><rule:XnOrXZR__12><rule:COMMA><rule:XmOrXZR__4><rule:optional_shift__5>	0	61356a75e0624d24922637b174a5e5f8952d83871def68efa1c656039dd80c09	3f3e8c0ebb34eeb59b973d8c6b666af50137c2d7825c63003348002d7b0a1d8f	TST_ANDS_log_shift
A64/dpreg/log_shift/ORN_32_log_shift	MVN	MVN	MVN<rule:SPACE><rule:WdOrWZR><rule:COMMA><rule:WmOrWZR__3><rule:optional_shift__4>	0	337a8434c9b7ffef1a057501cd469fbea48bc64f4ec65bc84b5c09ceec54c28c	3f3e8c0ebb34eeb59b973d8c6b666af50137c2d7825c63003348002d7b0a1d8f	MVN_ORN_log_shift
A64/dpreg/log_shift/ORN_64_log_shift	MVN	MVN	MVN<rule:SPACE><rule:XdOrXZR__6><rule:COMMA><rule:XmOrXZR><rule:optional_shift__5>	0	337a8434c9b7ffef1a057501cd469fbea48bc64f4ec65bc84b5c09ceec54c28c	3f3e8c0ebb34eeb59b973d8c6b666af50137c2d7825c63003348002d7b0a1d8f	MVN_ORN_log_shift
A64/dpreg/log_shift/ORR_32_log_shift	MOV	MOV	MOV<rule:SPACE><rule:WdOrWZR><rule:COMMA><rule:WmOrWZR__3>	0	30f92b3e0e4cf0c4000f75c3fa6301f2dab0961cf8c2c5546600227caa939b6e	3f3e8c0ebb34eeb59b973d8c6b666af50137c2d7825c63003348002d7b0a1d8f	MOV_ORR_log_shift
A64/dpreg/log_shift/ORR_64_log_shift	MOV	MOV	MOV<rule:SPACE><rule:XdOrXZR__6><rule:COMMA><rule:XmOrXZR>	0	30f92b3e0e4cf0c4000f75c3fa6301f2dab0961cf8c2c5546600227caa939b6e	3f3e8c0ebb34eeb59b973d8c6b666af50137c2d7825c63003348002d7b0a1d8f	MOV_ORR_log_shift
A64/ldst/memop/LDADDB_32_memop	STADDB	STADDB	STADDB<rule:SPACE><rule:WsOrWZR><rule:COMMA>[<rule:XnSP_option>]	166	ec5bc43155216415964025494ae73983aebdc2203615c0e1bf69a35273240fde	3f3e8c0ebb34eeb59b973d8c6b666af50137c2d7825c63003348002d7b0a1d8f	STADDB_LDADDB
A64/ldst/memop/LDADDH_32_memop	STADDH	STADDH	STADDH<rule:SPACE><rule:WsOrWZR><rule:COMMA>[<rule:XnSP_option>]	166	ec5bc43155216415964025494ae73983aebdc2203615c0e1bf69a35273240fde	3f3e8c0ebb34eeb59b973d8c6b666af50137c2d7825c63003348002d7b0a1d8f	STADDH_LDADDH
A64/ldst/memop/LDADDLB_32_memop	STADDLB	STADDLB	STADDLB<rule:SPACE><rule:WsOrWZR><rule:COMMA>[<rule:XnSP_option>]	166	ec5bc43155216415964025494ae73983aebdc2203615c0e1bf69a35273240fde	3f3e8c0ebb34eeb59b973d8c6b666af50137c2d7825c63003348002d7b0a1d8f	STADDB_LDADDB
A64/ldst/memop/LDADDLH_32_memop	STADDLH	STADDLH	STADDLH<rule:SPACE><rule:WsOrWZR><rule:COMMA>[<rule:XnSP_option>]	166	ec5bc43155216415964025494ae73983aebdc2203615c0e1bf69a35273240fde	3f3e8c0ebb34eeb59b973d8c6b666af50137c2d7825c63003348002d7b0a1d8f	STADDH_LDADDH
A64/ldst/memop/LDADDL_32_memop	STADDL	STADDL	STADDL<rule:SPACE><rule:WsOrWZR><rule:COMMA>[<rule:XnSP_option>]	166	ec5bc43155216415964025494ae73983aebdc2203615c0e1bf69a35273240fde	3f3e8c0ebb34eeb59b973d8c6b666af50137c2d7825c63003348002d7b0a1d8f	STADD_LDADD
A64/ldst/memop/LDADDL_64_memop	STADDL	STADDL	STADDL<rule:SPACE><rule:XsOrXZR__2><rule:COMMA>[<rule:XnSP_option>]	166	ec5bc43155216415964025494ae73983aebdc2203615c0e1bf69a35273240fde	3f3e8c0ebb34eeb59b973d8c6b666af50137c2d7825c63003348002d7b0a1d8f	STADD_LDADD
A64/ldst/memop/LDADD_32_memop	STADD	STADD	STADD<rule:SPACE><rule:WsOrWZR><rule:COMMA>[<rule:XnSP_option>]	166	ec5bc43155216415964025494ae73983aebdc2203615c0e1bf69a35273240fde	3f3e8c0ebb34eeb59b973d8c6b666af50137c2d7825c63003348002d7b0a1d8f	STADD_LDADD
A64/ldst/memop/LDADD_64_memop	STADD	STADD	STADD<rule:SPACE><rule:XsOrXZR__2><rule:COMMA>[<rule:XnSP_option>]	166	ec5bc43155216415964025494ae73983aebdc2203615c0e1bf69a35273240fde	3f3e8c0ebb34eeb59b973d8c6b666af50137c2d7825c63003348002d7b0a1d8f	STADD_LDADD
A64/ldst/memop/LDCLRB_32_memop	STCLRB	STCLRB	STCLRB<rule:SPACE><rule:WsOrWZR><rule:COMMA>[<rule:XnSP_option>]	166	ec5bc43155216415964025494ae73983aebdc2203615c0e1bf69a35273240fde	3f3e8c0ebb34eeb59b973d8c6b666af50137c2d7825c63003348002d7b0a1d8f	STCLRB_LDCLRB
A64/ldst/memop/LDCLRH_32_memop	STCLRH	STCLRH	STCLRH<rule:SPACE><rule:WsOrWZR><rule:COMMA>[<rule:XnSP_option>]	166	ec5bc43155216415964025494ae73983aebdc2203615c0e1bf69a35273240fde	3f3e8c0ebb34eeb59b973d8c6b666af50137c2d7825c63003348002d7b0a1d8f	STCLRH_LDCLRH
A64/ldst/memop/LDCLRLB_32_memop	STCLRLB	STCLRLB	STCLRLB<rule:SPACE><rule:WsOrWZR><rule:COMMA>[<rule:XnSP_option>]	166	ec5bc43155216415964025494ae73983aebdc2203615c0e1bf69a35273240fde	3f3e8c0ebb34eeb59b973d8c6b666af50137c2d7825c63003348002d7b0a1d8f	STCLRB_LDCLRB
A64/ldst/memop/LDCLRLH_32_memop	STCLRLH	STCLRLH	STCLRLH<rule:SPACE><rule:WsOrWZR><rule:COMMA>[<rule:XnSP_option>]	166	ec5bc43155216415964025494ae73983aebdc2203615c0e1bf69a35273240fde	3f3e8c0ebb34eeb59b973d8c6b666af50137c2d7825c63003348002d7b0a1d8f	STCLRH_LDCLRH
A64/ldst/memop/LDCLRL_32_memop	STCLRL	STCLRL	STCLRL<rule:SPACE><rule:WsOrWZR><rule:COMMA>[<rule:XnSP_option>]	166	ec5bc43155216415964025494ae73983aebdc2203615c0e1bf69a35273240fde	3f3e8c0ebb34eeb59b973d8c6b666af50137c2d7825c63003348002d7b0a1d8f	STCLR_LDCLR
A64/ldst/memop/LDCLRL_64_memop	STCLRL	STCLRL	STCLRL<rule:SPACE><rule:XsOrXZR__2><rule:COMMA>[<rule:XnSP_option>]	166	ec5bc43155216415964025494ae73983aebdc2203615c0e1bf69a35273240fde	3f3e8c0ebb34eeb59b973d8c6b666af50137c2d7825c63003348002d7b0a1d8f	STCLR_LDCLR
A64/ldst/memop/LDCLR_32_memop	STCLR	STCLR	STCLR<rule:SPACE><rule:WsOrWZR><rule:COMMA>[<rule:XnSP_option>]	166	ec5bc43155216415964025494ae73983aebdc2203615c0e1bf69a35273240fde	3f3e8c0ebb34eeb59b973d8c6b666af50137c2d7825c63003348002d7b0a1d8f	STCLR_LDCLR
A64/ldst/memop/LDCLR_64_memop	STCLR	STCLR	STCLR<rule:SPACE><rule:XsOrXZR__2><rule:COMMA>[<rule:XnSP_option>]	166	ec5bc43155216415964025494ae73983aebdc2203615c0e1bf69a35273240fde	3f3e8c0ebb34eeb59b973d8c6b666af50137c2d7825c63003348002d7b0a1d8f	STCLR_LDCLR
A64/ldst/memop/LDEORB_32_memop	STEORB	STEORB	STEORB<rule:SPACE><rule:WsOrWZR><rule:COMMA>[<rule:XnSP_option>]	166	ec5bc43155216415964025494ae73983aebdc2203615c0e1bf69a35273240fde	3f3e8c0ebb34eeb59b973d8c6b666af50137c2d7825c63003348002d7b0a1d8f	STEORB_LDEORB
A64/ldst/memop/LDEORH_32_memop	STEORH	STEORH	STEORH<rule:SPACE><rule:WsOrWZR><rule:COMMA>[<rule:XnSP_option>]	166	ec5bc43155216415964025494ae73983aebdc2203615c0e1bf69a35273240fde	3f3e8c0ebb34eeb59b973d8c6b666af50137c2d7825c63003348002d7b0a1d8f	STEORH_LDEORH
A64/ldst/memop/LDEORLB_32_memop	STEORLB	STEORLB	STEORLB<rule:SPACE><rule:WsOrWZR><rule:COMMA>[<rule:XnSP_option>]	166	ec5bc43155216415964025494ae73983aebdc2203615c0e1bf69a35273240fde	3f3e8c0ebb34eeb59b973d8c6b666af50137c2d7825c63003348002d7b0a1d8f	STEORB_LDEORB
A64/ldst/memop/LDEORLH_32_memop	STEORLH	STEORLH	STEORLH<rule:SPACE><rule:WsOrWZR><rule:COMMA>[<rule:XnSP_option>]	166	ec5bc43155216415964025494ae73983aebdc2203615c0e1bf69a35273240fde	3f3e8c0ebb34eeb59b973d8c6b666af50137c2d7825c63003348002d7b0a1d8f	STEORH_LDEORH
A64/ldst/memop/LDEORL_32_memop	STEORL	STEORL	STEORL<rule:SPACE><rule:WsOrWZR><rule:COMMA>[<rule:XnSP_option>]	166	ec5bc43155216415964025494ae73983aebdc2203615c0e1bf69a35273240fde	3f3e8c0ebb34eeb59b973d8c6b666af50137c2d7825c63003348002d7b0a1d8f	STEOR_LDEOR
A64/ldst/memop/LDEORL_64_memop	STEORL	STEORL	STEORL<rule:SPACE><rule:XsOrXZR__2><rule:COMMA>[<rule:XnSP_option>]	166	ec5bc43155216415964025494ae73983aebdc2203615c0e1bf69a35273240fde	3f3e8c0ebb34eeb59b973d8c6b666af50137c2d7825c63003348002d7b0a1d8f	STEOR_LDEOR
A64/ldst/memop/LDEOR_32_memop	STEOR	STEOR	STEOR<rule:SPACE><rule:WsOrWZR><rule:COMMA>[<rule:XnSP_option>]	166	ec5bc43155216415964025494ae73983aebdc2203615c0e1bf69a35273240fde	3f3e8c0ebb34eeb59b973d8c6b666af50137c2d7825c63003348002d7b0a1d8f	STEOR_LDEOR
A64/ldst/memop/LDEOR_64_memop	STEOR	STEOR	STEOR<rule:SPACE><rule:XsOrXZR__2><rule:COMMA>[<rule:XnSP_option>]	166	ec5bc43155216415964025494ae73983aebdc2203615c0e1bf69a35273240fde	3f3e8c0ebb34eeb59b973d8c6b666af50137c2d7825c63003348002d7b0a1d8f	STEOR_LDEOR
A64/ldst/memop/LDSETB_32_memop	STSETB	STSETB	STSETB<rule:SPACE><rule:WsOrWZR><rule:COMMA>[<rule:XnSP_option>]	166	ec5bc43155216415964025494ae73983aebdc2203615c0e1bf69a35273240fde	3f3e8c0ebb34eeb59b973d8c6b666af50137c2d7825c63003348002d7b0a1d8f	STSETB_LDSETB
A64/ldst/memop/LDSETH_32_memop	STSETH	STSETH	STSETH<rule:SPACE><rule:WsOrWZR><rule:COMMA>[<rule:XnSP_option>]	166	ec5bc43155216415964025494ae73983aebdc2203615c0e1bf69a35273240fde	3f3e8c0ebb34eeb59b973d8c6b666af50137c2d7825c63003348002d7b0a1d8f	STSETH_LDSETH
A64/ldst/memop/LDSETLB_32_memop	STSETLB	STSETLB	STSETLB<rule:SPACE><rule:WsOrWZR><rule:COMMA>[<rule:XnSP_option>]	166	ec5bc43155216415964025494ae73983aebdc2203615c0e1bf69a35273240fde	3f3e8c0ebb34eeb59b973d8c6b666af50137c2d7825c63003348002d7b0a1d8f	STSETB_LDSETB
A64/ldst/memop/LDSETLH_32_memop	STSETLH	STSETLH	STSETLH<rule:SPACE><rule:WsOrWZR><rule:COMMA>[<rule:XnSP_option>]	166	ec5bc43155216415964025494ae73983aebdc2203615c0e1bf69a35273240fde	3f3e8c0ebb34eeb59b973d8c6b666af50137c2d7825c63003348002d7b0a1d8f	STSETH_LDSETH
A64/ldst/memop/LDSETL_32_memop	STSETL	STSETL	STSETL<rule:SPACE><rule:WsOrWZR><rule:COMMA>[<rule:XnSP_option>]	166	ec5bc43155216415964025494ae73983aebdc2203615c0e1bf69a35273240fde	3f3e8c0ebb34eeb59b973d8c6b666af50137c2d7825c63003348002d7b0a1d8f	STSET_LDSET
A64/ldst/memop/LDSETL_64_memop	STSETL	STSETL	STSETL<rule:SPACE><rule:XsOrXZR__2><rule:COMMA>[<rule:XnSP_option>]	166	ec5bc43155216415964025494ae73983aebdc2203615c0e1bf69a35273240fde	3f3e8c0ebb34eeb59b973d8c6b666af50137c2d7825c63003348002d7b0a1d8f	STSET_LDSET
A64/ldst/memop/LDSET_32_memop	STSET	STSET	STSET<rule:SPACE><rule:WsOrWZR><rule:COMMA>[<rule:XnSP_option>]	166	ec5bc43155216415964025494ae73983aebdc2203615c0e1bf69a35273240fde	3f3e8c0ebb34eeb59b973d8c6b666af50137c2d7825c63003348002d7b0a1d8f	STSET_LDSET
A64/ldst/memop/LDSET_64_memop	STSET	STSET	STSET<rule:SPACE><rule:XsOrXZR__2><rule:COMMA>[<rule:XnSP_option>]	166	ec5bc43155216415964025494ae73983aebdc2203615c0e1bf69a35273240fde	3f3e8c0ebb34eeb59b973d8c6b666af50137c2d7825c63003348002d7b0a1d8f	STSET_LDSET
A64/ldst/memop/LDSMAXB_32_memop	STSMAXB	STSMAXB	STSMAXB<rule:SPACE><rule:WsOrWZR><rule:COMMA>[<rule:XnSP_option>]	166	ec5bc43155216415964025494ae73983aebdc2203615c0e1bf69a35273240fde	3f3e8c0ebb34eeb59b973d8c6b666af50137c2d7825c63003348002d7b0a1d8f	STSMAXB_LDSMAXB
A64/ldst/memop/LDSMAXH_32_memop	STSMAXH	STSMAXH	STSMAXH<rule:SPACE><rule:WsOrWZR><rule:COMMA>[<rule:XnSP_option>]	166	ec5bc43155216415964025494ae73983aebdc2203615c0e1bf69a35273240fde	3f3e8c0ebb34eeb59b973d8c6b666af50137c2d7825c63003348002d7b0a1d8f	STSMAXH_LDSMAXH
A64/ldst/memop/LDSMAXLB_32_memop	STSMAXLB	STSMAXLB	STSMAXLB<rule:SPACE><rule:WsOrWZR><rule:COMMA>[<rule:XnSP_option>]	166	ec5bc43155216415964025494ae73983aebdc2203615c0e1bf69a35273240fde	3f3e8c0ebb34eeb59b973d8c6b666af50137c2d7825c63003348002d7b0a1d8f	STSMAXB_LDSMAXB
A64/ldst/memop/LDSMAXLH_32_memop	STSMAXLH	STSMAXLH	STSMAXLH<rule:SPACE><rule:WsOrWZR><rule:COMMA>[<rule:XnSP_option>]	166	ec5bc43155216415964025494ae73983aebdc2203615c0e1bf69a35273240fde	3f3e8c0ebb34eeb59b973d8c6b666af50137c2d7825c63003348002d7b0a1d8f	STSMAXH_LDSMAXH
A64/ldst/memop/LDSMAXL_32_memop	STSMAXL	STSMAXL	STSMAXL<rule:SPACE><rule:WsOrWZR><rule:COMMA>[<rule:XnSP_option>]	166	ec5bc43155216415964025494ae73983aebdc2203615c0e1bf69a35273240fde	3f3e8c0ebb34eeb59b973d8c6b666af50137c2d7825c63003348002d7b0a1d8f	STSMAX_LDSMAX
A64/ldst/memop/LDSMAXL_64_memop	STSMAXL	STSMAXL	STSMAXL<rule:SPACE><rule:XsOrXZR__2><rule:COMMA>[<rule:XnSP_option>]	166	ec5bc43155216415964025494ae73983aebdc2203615c0e1bf69a35273240fde	3f3e8c0ebb34eeb59b973d8c6b666af50137c2d7825c63003348002d7b0a1d8f	STSMAX_LDSMAX
A64/ldst/memop/LDSMAX_32_memop	STSMAX	STSMAX	STSMAX<rule:SPACE><rule:WsOrWZR><rule:COMMA>[<rule:XnSP_option>]	166	ec5bc43155216415964025494ae73983aebdc2203615c0e1bf69a35273240fde	3f3e8c0ebb34eeb59b973d8c6b666af50137c2d7825c63003348002d7b0a1d8f	STSMAX_LDSMAX
A64/ldst/memop/LDSMAX_64_memop	STSMAX	STSMAX	STSMAX<rule:SPACE><rule:XsOrXZR__2><rule:COMMA>[<rule:XnSP_option>]	166	ec5bc43155216415964025494ae73983aebdc2203615c0e1bf69a35273240fde	3f3e8c0ebb34eeb59b973d8c6b666af50137c2d7825c63003348002d7b0a1d8f	STSMAX_LDSMAX
A64/ldst/memop/LDSMINB_32_memop	STSMINB	STSMINB	STSMINB<rule:SPACE><rule:WsOrWZR><rule:COMMA>[<rule:XnSP_option>]	166	ec5bc43155216415964025494ae73983aebdc2203615c0e1bf69a35273240fde	3f3e8c0ebb34eeb59b973d8c6b666af50137c2d7825c63003348002d7b0a1d8f	STSMINB_LDSMINB
A64/ldst/memop/LDSMINH_32_memop	STSMINH	STSMINH	STSMINH<rule:SPACE><rule:WsOrWZR><rule:COMMA>[<rule:XnSP_option>]	166	ec5bc43155216415964025494ae73983aebdc2203615c0e1bf69a35273240fde	3f3e8c0ebb34eeb59b973d8c6b666af50137c2d7825c63003348002d7b0a1d8f	STSMINH_LDSMINH
A64/ldst/memop/LDSMINLB_32_memop	STSMINLB	STSMINLB	STSMINLB<rule:SPACE><rule:WsOrWZR><rule:COMMA>[<rule:XnSP_option>]	166	ec5bc43155216415964025494ae73983aebdc2203615c0e1bf69a35273240fde	3f3e8c0ebb34eeb59b973d8c6b666af50137c2d7825c63003348002d7b0a1d8f	STSMINB_LDSMINB
A64/ldst/memop/LDSMINLH_32_memop	STSMINLH	STSMINLH	STSMINLH<rule:SPACE><rule:WsOrWZR><rule:COMMA>[<rule:XnSP_option>]	166	ec5bc43155216415964025494ae73983aebdc2203615c0e1bf69a35273240fde	3f3e8c0ebb34eeb59b973d8c6b666af50137c2d7825c63003348002d7b0a1d8f	STSMINH_LDSMINH
A64/ldst/memop/LDSMINL_32_memop	STSMINL	STSMINL	STSMINL<rule:SPACE><rule:WsOrWZR><rule:COMMA>[<rule:XnSP_option>]	166	ec5bc43155216415964025494ae73983aebdc2203615c0e1bf69a35273240fde	3f3e8c0ebb34eeb59b973d8c6b666af50137c2d7825c63003348002d7b0a1d8f	STSMIN_LDSMIN
A64/ldst/memop/LDSMINL_64_memop	STSMINL	STSMINL	STSMINL<rule:SPACE><rule:XsOrXZR__2><rule:COMMA>[<rule:XnSP_option>]	166	ec5bc43155216415964025494ae73983aebdc2203615c0e1bf69a35273240fde	3f3e8c0ebb34eeb59b973d8c6b666af50137c2d7825c63003348002d7b0a1d8f	STSMIN_LDSMIN
A64/ldst/memop/LDSMIN_32_memop	STSMIN	STSMIN	STSMIN<rule:SPACE><rule:WsOrWZR><rule:COMMA>[<rule:XnSP_option>]	166	ec5bc43155216415964025494ae73983aebdc2203615c0e1bf69a35273240fde	3f3e8c0ebb34eeb59b973d8c6b666af50137c2d7825c63003348002d7b0a1d8f	STSMIN_LDSMIN
A64/ldst/memop/LDSMIN_64_memop	STSMIN	STSMIN	STSMIN<rule:SPACE><rule:XsOrXZR__2><rule:COMMA>[<rule:XnSP_option>]	166	ec5bc43155216415964025494ae73983aebdc2203615c0e1bf69a35273240fde	3f3e8c0ebb34eeb59b973d8c6b666af50137c2d7825c63003348002d7b0a1d8f	STSMIN_LDSMIN
A64/ldst/memop/LDUMAXB_32_memop	STUMAXB	STUMAXB	STUMAXB<rule:SPACE><rule:WsOrWZR><rule:COMMA>[<rule:XnSP_option>]	166	ec5bc43155216415964025494ae73983aebdc2203615c0e1bf69a35273240fde	3f3e8c0ebb34eeb59b973d8c6b666af50137c2d7825c63003348002d7b0a1d8f	STUMAXB_LDUMAXB
A64/ldst/memop/LDUMAXH_32_memop	STUMAXH	STUMAXH	STUMAXH<rule:SPACE><rule:WsOrWZR><rule:COMMA>[<rule:XnSP_option>]	166	ec5bc43155216415964025494ae73983aebdc2203615c0e1bf69a35273240fde	3f3e8c0ebb34eeb59b973d8c6b666af50137c2d7825c63003348002d7b0a1d8f	STUMAXH_LDUMAXH
A64/ldst/memop/LDUMAXLB_32_memop	STUMAXLB	STUMAXLB	STUMAXLB<rule:SPACE><rule:WsOrWZR><rule:COMMA>[<rule:XnSP_option>]	166	ec5bc43155216415964025494ae73983aebdc2203615c0e1bf69a35273240fde	3f3e8c0ebb34eeb59b973d8c6b666af50137c2d7825c63003348002d7b0a1d8f	STUMAXB_LDUMAXB
A64/ldst/memop/LDUMAXLH_32_memop	STUMAXLH	STUMAXLH	STUMAXLH<rule:SPACE><rule:WsOrWZR><rule:COMMA>[<rule:XnSP_option>]	166	ec5bc43155216415964025494ae73983aebdc2203615c0e1bf69a35273240fde	3f3e8c0ebb34eeb59b973d8c6b666af50137c2d7825c63003348002d7b0a1d8f	STUMAXH_LDUMAXH
A64/ldst/memop/LDUMAXL_32_memop	STUMAXL	STUMAXL	STUMAXL<rule:SPACE><rule:WsOrWZR><rule:COMMA>[<rule:XnSP_option>]	166	ec5bc43155216415964025494ae73983aebdc2203615c0e1bf69a35273240fde	3f3e8c0ebb34eeb59b973d8c6b666af50137c2d7825c63003348002d7b0a1d8f	STUMAX_LDUMAX
A64/ldst/memop/LDUMAXL_64_memop	STUMAXL	STUMAXL	STUMAXL<rule:SPACE><rule:XsOrXZR__2><rule:COMMA>[<rule:XnSP_option>]	166	ec5bc43155216415964025494ae73983aebdc2203615c0e1bf69a35273240fde	3f3e8c0ebb34eeb59b973d8c6b666af50137c2d7825c63003348002d7b0a1d8f	STUMAX_LDUMAX
A64/ldst/memop/LDUMAX_32_memop	STUMAX	STUMAX	STUMAX<rule:SPACE><rule:WsOrWZR><rule:COMMA>[<rule:XnSP_option>]	166	ec5bc43155216415964025494ae73983aebdc2203615c0e1bf69a35273240fde	3f3e8c0ebb34eeb59b973d8c6b666af50137c2d7825c63003348002d7b0a1d8f	STUMAX_LDUMAX
A64/ldst/memop/LDUMAX_64_memop	STUMAX	STUMAX	STUMAX<rule:SPACE><rule:XsOrXZR__2><rule:COMMA>[<rule:XnSP_option>]	166	ec5bc43155216415964025494ae73983aebdc2203615c0e1bf69a35273240fde	3f3e8c0ebb34eeb59b973d8c6b666af50137c2d7825c63003348002d7b0a1d8f	STUMAX_LDUMAX
A64/ldst/memop/LDUMINB_32_memop	STUMINB	STUMINB	STUMINB<rule:SPACE><rule:WsOrWZR><rule:COMMA>[<rule:XnSP_option>]	166	ec5bc43155216415964025494ae73983aebdc2203615c0e1bf69a35273240fde	3f3e8c0ebb34eeb59b973d8c6b666af50137c2d7825c63003348002d7b0a1d8f	STUMINB_LDUMINB
A64/ldst/memop/LDUMINH_32_memop	STUMINH	STUMINH	STUMINH<rule:SPACE><rule:WsOrWZR><rule:COMMA>[<rule:XnSP_option>]	166	ec5bc43155216415964025494ae73983aebdc2203615c0e1bf69a35273240fde	3f3e8c0ebb34eeb59b973d8c6b666af50137c2d7825c63003348002d7b0a1d8f	STUMINH_LDUMINH
A64/ldst/memop/LDUMINLB_32_memop	STUMINLB	STUMINLB	STUMINLB<rule:SPACE><rule:WsOrWZR><rule:COMMA>[<rule:XnSP_option>]	166	ec5bc43155216415964025494ae73983aebdc2203615c0e1bf69a35273240fde	3f3e8c0ebb34eeb59b973d8c6b666af50137c2d7825c63003348002d7b0a1d8f	STUMINB_LDUMINB
A64/ldst/memop/LDUMINLH_32_memop	STUMINLH	STUMINLH	STUMINLH<rule:SPACE><rule:WsOrWZR><rule:COMMA>[<rule:XnSP_option>]	166	ec5bc43155216415964025494ae73983aebdc2203615c0e1bf69a35273240fde	3f3e8c0ebb34eeb59b973d8c6b666af50137c2d7825c63003348002d7b0a1d8f	STUMINH_LDUMINH
A64/ldst/memop/LDUMINL_32_memop	STUMINL	STUMINL	STUMINL<rule:SPACE><rule:WsOrWZR><rule:COMMA>[<rule:XnSP_option>]	166	ec5bc43155216415964025494ae73983aebdc2203615c0e1bf69a35273240fde	3f3e8c0ebb34eeb59b973d8c6b666af50137c2d7825c63003348002d7b0a1d8f	STUMIN_LDUMIN
A64/ldst/memop/LDUMINL_64_memop	STUMINL	STUMINL	STUMINL<rule:SPACE><rule:XsOrXZR__2><rule:COMMA>[<rule:XnSP_option>]	166	ec5bc43155216415964025494ae73983aebdc2203615c0e1bf69a35273240fde	3f3e8c0ebb34eeb59b973d8c6b666af50137c2d7825c63003348002d7b0a1d8f	STUMIN_LDUMIN
A64/ldst/memop/LDUMIN_32_memop	STUMIN	STUMIN	STUMIN<rule:SPACE><rule:WsOrWZR><rule:COMMA>[<rule:XnSP_option>]	166	ec5bc43155216415964025494ae73983aebdc2203615c0e1bf69a35273240fde	3f3e8c0ebb34eeb59b973d8c6b666af50137c2d7825c63003348002d7b0a1d8f	STUMIN_LDUMIN
A64/ldst/memop/LDUMIN_64_memop	STUMIN	STUMIN	STUMIN<rule:SPACE><rule:XsOrXZR__2><rule:COMMA>[<rule:XnSP_option>]	166	ec5bc43155216415964025494ae73983aebdc2203615c0e1bf69a35273240fde	3f3e8c0ebb34eeb59b973d8c6b666af50137c2d7825c63003348002d7b0a1d8f	STUMIN_LDUMIN
A64/ldst/memop_unpriv/LDTADDL_32_memop_unpriv	STTADDL	STTADDL	STTADDL<rule:SPACE><rule:WsOrWZR><rule:COMMA>[<rule:XnSP_option>]	170	ed5b3cff5750f057a491f11cf3ec6cc75382409cf7c07504691b847507dd0e38	3f3e8c0ebb34eeb59b973d8c6b666af50137c2d7825c63003348002d7b0a1d8f	STTADD_LDTADD
A64/ldst/memop_unpriv/LDTADDL_64_memop_unpriv	STTADDL	STTADDL	STTADDL<rule:SPACE><rule:XsOrXZR__2><rule:COMMA>[<rule:XnSP_option>]	170	ed5b3cff5750f057a491f11cf3ec6cc75382409cf7c07504691b847507dd0e38	3f3e8c0ebb34eeb59b973d8c6b666af50137c2d7825c63003348002d7b0a1d8f	STTADD_LDTADD
A64/ldst/memop_unpriv/LDTADD_32_memop_unpriv	STTADD	STTADD	STTADD<rule:SPACE><rule:WsOrWZR><rule:COMMA>[<rule:XnSP_option>]	170	ed5b3cff5750f057a491f11cf3ec6cc75382409cf7c07504691b847507dd0e38	3f3e8c0ebb34eeb59b973d8c6b666af50137c2d7825c63003348002d7b0a1d8f	STTADD_LDTADD
A64/ldst/memop_unpriv/LDTADD_64_memop_unpriv	STTADD	STTADD	STTADD<rule:SPACE><rule:XsOrXZR__2><rule:COMMA>[<rule:XnSP_option>]	170	ed5b3cff5750f057a491f11cf3ec6cc75382409cf7c07504691b847507dd0e38	3f3e8c0ebb34eeb59b973d8c6b666af50137c2d7825c63003348002d7b0a1d8f	STTADD_LDTADD
A64/ldst/memop_unpriv/LDTCLRL_32_memop_unpriv	STTCLRL	STTCLRL	STTCLRL<rule:SPACE><rule:WsOrWZR><rule:COMMA>[<rule:XnSP_option>]	170	ed5b3cff5750f057a491f11cf3ec6cc75382409cf7c07504691b847507dd0e38	3f3e8c0ebb34eeb59b973d8c6b666af50137c2d7825c63003348002d7b0a1d8f	STTCLR_LDTCLR
A64/ldst/memop_unpriv/LDTCLRL_64_memop_unpriv	STTCLRL	STTCLRL	STTCLRL<rule:SPACE><rule:XsOrXZR__2><rule:COMMA>[<rule:XnSP_option>]	170	ed5b3cff5750f057a491f11cf3ec6cc75382409cf7c07504691b847507dd0e38	3f3e8c0ebb34eeb59b973d8c6b666af50137c2d7825c63003348002d7b0a1d8f	STTCLR_LDTCLR
A64/ldst/memop_unpriv/LDTCLR_32_memop_unpriv	STTCLR	STTCLR	STTCLR<rule:SPACE><rule:WsOrWZR><rule:COMMA>[<rule:XnSP_option>]	170	ed5b3cff5750f057a491f11cf3ec6cc75382409cf7c07504691b847507dd0e38	3f3e8c0ebb34eeb59b973d8c6b666af50137c2d7825c63003348002d7b0a1d8f	STTCLR_LDTCLR
A64/ldst/memop_unpriv/LDTCLR_64_memop_unpriv	STTCLR	STTCLR	STTCLR<rule:SPACE><rule:XsOrXZR__2><rule:COMMA>[<rule:XnSP_option>]	170	ed5b3cff5750f057a491f11cf3ec6cc75382409cf7c07504691b847507dd0e38	3f3e8c0ebb34eeb59b973d8c6b666af50137c2d7825c63003348002d7b0a1d8f	STTCLR_LDTCLR
A64/ldst/memop_unpriv/LDTSETL_32_memop_unpriv	STTSETL	STTSETL	STTSETL<rule:SPACE><rule:WsOrWZR><rule:COMMA>[<rule:XnSP_option>]	170	ed5b3cff5750f057a491f11cf3ec6cc75382409cf7c07504691b847507dd0e38	3f3e8c0ebb34eeb59b973d8c6b666af50137c2d7825c63003348002d7b0a1d8f	STTSET_LDTSET
A64/ldst/memop_unpriv/LDTSETL_64_memop_unpriv	STTSETL	STTSETL	STTSETL<rule:SPACE><rule:XsOrXZR__2><rule:COMMA>[<rule:XnSP_option>]	170	ed5b3cff5750f057a491f11cf3ec6cc75382409cf7c07504691b847507dd0e38	3f3e8c0ebb34eeb59b973d8c6b666af50137c2d7825c63003348002d7b0a1d8f	STTSET_LDTSET
A64/ldst/memop_unpriv/LDTSET_32_memop_unpriv	STTSET	STTSET	STTSET<rule:SPACE><rule:WsOrWZR><rule:COMMA>[<rule:XnSP_option>]	170	ed5b3cff5750f057a491f11cf3ec6cc75382409cf7c07504691b847507dd0e38	3f3e8c0ebb34eeb59b973d8c6b666af50137c2d7825c63003348002d7b0a1d8f	STTSET_LDTSET
A64/ldst/memop_unpriv/LDTSET_64_memop_unpriv	STTSET	STTSET	STTSET<rule:SPACE><rule:XsOrXZR__2><rule:COMMA>[<rule:XnSP_option>]	170	ed5b3cff5750f057a491f11cf3ec6cc75382409cf7c07504691b847507dd0e38	3f3e8c0ebb34eeb59b973d8c6b666af50137c2d7825c63003348002d7b0a1d8f	STTSET_LDTSET
A64/simd_dp/asimdins/INS_asimdins_IR_r	MOV	MOV	MOV<rule:SPACE><rule:Vd>.<rule:Ts_option>[<rule:imm5_index>]<rule:COMMA><rule:R_option__5><rule:Rn_option__2>	119	bf98b8bcb1ce7073600e82489c120a3ffd1f3310f5e22a2705d8331c1d255755	3f3e8c0ebb34eeb59b973d8c6b666af50137c2d7825c63003348002d7b0a1d8f	MOV_INS_advsimd_gen
A64/simd_dp/asimdins/INS_asimdins_IV_v	MOV	MOV	MOV<rule:SPACE><rule:Vd>.<rule:Ts_option>[<rule:imm5_index__5>]<rule:COMMA><rule:Vn>.<rule:Ts_option>[<rule:imm5_index__6>]	119	bf98b8bcb1ce7073600e82489c120a3ffd1f3310f5e22a2705d8331c1d255755	3f3e8c0ebb34eeb59b973d8c6b666af50137c2d7825c63003348002d7b0a1d8f	MOV_INS_advsimd_elt
A64/simd_dp/asimdins/UMOV_asimdins_W_w	MOV	MOV	MOV<rule:SPACE><rule:WdOrWZR><rule:COMMA><rule:Vn>.S[<rule:index__6>]	118	bf3812cd746bdc3d8802f2ef6ea2f1df5391379d2f1816483455e98d26a2c801	3f3e8c0ebb34eeb59b973d8c6b666af50137c2d7825c63003348002d7b0a1d8f	MOV_UMOV_advsimd
A64/simd_dp/asimdins/UMOV_asimdins_X_x	MOV	MOV	MOV<rule:SPACE><rule:XdOrXZR__6><rule:COMMA><rule:Vn>.D[<rule:index__7>]	117	3d2117e2280efbdd246389c7dd2dbcd49c4d8ba16a6dd9e62be6f35b45fe8d34	3f3e8c0ebb34eeb59b973d8c6b666af50137c2d7825c63003348002d7b0a1d8f	MOV_UMOV_advsimd
A64/simd_dp/asimdmisc/NOT_asimdmisc_R	MVN	MVN	MVN<rule:SPACE><rule:Vd>.<rule:T_option__7><rule:COMMA><rule:Vn>.<rule:T_option__7>	119	bf98b8bcb1ce7073600e82489c120a3ffd1f3310f5e22a2705d8331c1d255755	3f3e8c0ebb34eeb59b973d8c6b666af50137c2d7825c63003348002d7b0a1d8f	MVN_NOT_advsimd
A64/simd_dp/asimdsame/ORR_asimdsame_only	MOV	MOV	MOV<rule:SPACE><rule:Vd>.<rule:T_option__7><rule:COMMA><rule:Vn>.<rule:T_option__7>	119	bf98b8bcb1ce7073600e82489c120a3ffd1f3310f5e22a2705d8331c1d255755	d42724c5b375c713e53a8596b3e3de61a57d3e4ea744fdfc29323ba9285c4b54	MOV_ORR_advsimd_reg
A64/simd_dp/asimdshf/SSHLL_asimdshf_L	SXTL	SXTL	SXTL<rule:s_2_option><rule:SPACE><rule:Vd>.<rule:Ta_option><rule:COMMA><rule:Vn>.<rule:Tb_option>	40	79e2105e96062291cdafcfa6000db2546c9af3b53b222d54ae7bff46aa8e7da3	03507c6b97be1932e3a45e0611137f0be818d79d428bf528862d7d129d235594	SXTL_SSHLL_advsimd
A64/simd_dp/asimdshf/USHLL_asimdshf_L	UXTL	UXTL	UXTL<rule:s_2_option><rule:SPACE><rule:Vd>.<rule:Ta_option_new><rule:COMMA><rule:Vn>.<rule:Tb_option_new>	40	79e2105e96062291cdafcfa6000db2546c9af3b53b222d54ae7bff46aa8e7da3	03507c6b97be1932e3a45e0611137f0be818d79d428bf528862d7d129d235594	UXTL_USHLL_advsimd
A64/simd_dp/asisdone/DUP_asisdone_only	MOV	MOV	MOV<rule:SPACE><rule:V_option__3><rule:d><rule:COMMA><rule:Vn>.<rule:T_option__12>[<rule:imm5_index__7>]	119	bf98b8bcb1ce7073600e82489c120a3ffd1f3310f5e22a2705d8331c1d255755	3f3e8c0ebb34eeb59b973d8c6b666af50137c2d7825c63003348002d7b0a1d8f	MOV_DUP_advsimd_elt
A64/sme/mortlach_ext/mortlach_extract_pred/mova_z_p_rza_b	mov_z_p_rza_b	MOV	MOV<rule:SPACE><rule:Zd>.B<rule:COMMA><rule:Pg>/M<rule:COMMA>ZA0<rule:HV__4>.B[<rule:Ws__3><rule:COMMA><rule:offs__2>]	191	3840466cb25b00fa45d0e888f5ea00c5ff1e31afe82acf68140e5b9138731ef7	3f3e8c0ebb34eeb59b973d8c6b666af50137c2d7825c63003348002d7b0a1d8f	mov_mova_z_p_rza
A64/sme/mortlach_ext/mortlach_extract_pred/mova_z_p_rza_d	mov_z_p_rza_d	MOV	MOV<rule:SPACE><rule:Zd>.D<rule:COMMA><rule:Pg>/M<rule:COMMA><rule:ZAn><rule:HV__4>.D[<rule:Ws__3><rule:COMMA><rule:offs__3>]	191	3840466cb25b00fa45d0e888f5ea00c5ff1e31afe82acf68140e5b9138731ef7	3f3e8c0ebb34eeb59b973d8c6b666af50137c2d7825c63003348002d7b0a1d8f	mov_mova_z_p_rza
A64/sme/mortlach_ext/mortlach_extract_pred/mova_z_p_rza_h	mov_z_p_rza_h	MOV	MOV<rule:SPACE><rule:Zd>.H<rule:COMMA><rule:Pg>/M<rule:COMMA><rule:ZAn__2><rule:HV__4>.H[<rule:Ws__3><rule:COMMA><rule:offs__4>]	191	3840466cb25b00fa45d0e888f5ea00c5ff1e31afe82acf68140e5b9138731ef7	3f3e8c0ebb34eeb59b973d8c6b666af50137c2d7825c63003348002d7b0a1d8f	mov_mova_z_p_rza
A64/sme/mortlach_ext/mortlach_extract_pred/mova_z_p_rza_q	mov_z_p_rza_q	MOV	MOV<rule:SPACE><rule:Zd>.Q<rule:COMMA><rule:Pg>/M<rule:COMMA><rule:ZAn__4><rule:HV__4>.Q[<rule:Ws__3><rule:COMMA><rule:offs__5>]	191	3840466cb25b00fa45d0e888f5ea00c5ff1e31afe82acf68140e5b9138731ef7	3f3e8c0ebb34eeb59b973d8c6b666af50137c2d7825c63003348002d7b0a1d8f	mov_mova_z_p_rza
A64/sme/mortlach_ext/mortlach_extract_pred/mova_z_p_rza_w	mov_z_p_rza_w	MOV	MOV<rule:SPACE><rule:Zd>.S<rule:COMMA><rule:Pg>/M<rule:COMMA><rule:ZAn__3><rule:HV__4>.S[<rule:Ws__3><rule:COMMA><rule:offs__6>]	191	3840466cb25b00fa45d0e888f5ea00c5ff1e31afe82acf68140e5b9138731ef7	3f3e8c0ebb34eeb59b973d8c6b666af50137c2d7825c63003348002d7b0a1d8f	mov_mova_z_p_rza
A64/sme/mortlach_ext/mortlach_multi2_extract_ctg/mova_mz2_za_b1	mov_mz2_za_b1	MOV	MOV<rule:SPACE>{<rule:OPT_SPACE><rule:Zd1>.B-<rule:Zd2>.B<rule:OPT_SPACE>}<rule:COMMA>ZA0<rule:HV__2>.B[<rule:Ws__3><rule:COMMA><rule:offs1__5>:<rule:offs2__3>]	201	f1cf204bd2e106841f0712fc352957a8c7297dfe00eb142666888e1af1232630	3f3e8c0ebb34eeb59b973d8c6b666af50137c2d7825c63003348002d7b0a1d8f	mov_mova_mz2_za
A64/sme/mortlach_ext/mortlach_multi2_extract_ctg/mova_mz2_za_d1	mov_mz2_za_d1	MOV	MOV<rule:SPACE>{<rule:OPT_SPACE><rule:Zd1>.D-<rule:Zd2>.D<rule:OPT_SPACE>}<rule:COMMA><rule:ZAn><rule:HV__2>.D[<rule:Ws__3><rule:COMMA><rule:offs1__6>:<rule:offs2__4>]	201	f1cf204bd2e106841f0712fc352957a8c7297dfe00eb142666888e1af1232630	3f3e8c0ebb34eeb59b973d8c6b666af50137c2d7825c63003348002d7b0a1d8f	mov_mova_mz2_za
A64/sme/mortlach_ext/mortlach_multi2_extract_ctg/mova_mz2_za_h1	mov_mz2_za_h1	MOV	MOV<rule:SPACE>{<rule:OPT_SPACE><rule:Zd1>.H-<rule:Zd2>.H<rule:OPT_SPACE>}<rule:COMMA><rule:ZAn__2><rule:HV__2>.H[<rule:Ws__3><rule:COMMA><rule:offs1__7>:<rule:offs2__5>]	201	f1cf204bd2e106841f0712fc352957a8c7297dfe00eb142666888e1af1232630	3f3e8c0ebb34eeb59b973d8c6b666af50137c2d7825c63003348002d7b0a1d8f	mov_mova_mz2_za
A64/sme/mortlach_ext/mortlach_multi2_extract_ctg/mova_mz2_za_w1	mov_mz2_za_w1	MOV	MOV<rule:SPACE>{<rule:OPT_SPACE><rule:Zd1>.S-<rule:Zd2>.S<rule:OPT_SPACE>}<rule:COMMA><rule:ZAn__3><rule:HV__2>.S[<rule:Ws__3><rule:COMMA><rule:offs1__8>:<rule:offs2__6>]	201	f1cf204bd2e106841f0712fc352957a8c7297dfe00eb142666888e1af1232630	3f3e8c0ebb34eeb59b973d8c6b666af50137c2d7825c63003348002d7b0a1d8f	mov_mova_mz2_za
A64/sme/mortlach_ext/mortlach_multi2_za_extract_ctg/mova_mz_za2_1	mov_mz_za2_1	MOV	MOV<rule:SPACE>{<rule:OPT_SPACE><rule:Zd1>.D-<rule:Zd2>.D<rule:OPT_SPACE>}<rule:COMMA>ZA.D[<rule:Wv><rule:COMMA><rule:offs><rule:optional_COMMA_VGx2>]	201	f1cf204bd2e106841f0712fc352957a8c7297dfe00eb142666888e1af1232630	3f3e8c0ebb34eeb59b973d8c6b666af50137c2d7825c63003348002d7b0a1d8f	mov_mova_mz_za2
A64/sme/mortlach_ext/mortlach_multi4_extract_ctg/mova_mz4_za_b1	mov_mz4_za_b1	MOV	MOV<rule:SPACE>{<rule:OPT_SPACE><rule:Zd1__2>.B-<rule:Zd4>.B<rule:OPT_SPACE>}<rule:COMMA>ZA0<rule:HV__3>.B[<rule:Ws__3><rule:COMMA><rule:offs1__9>:<rule:offs4__3>]	201	f1cf204bd2e106841f0712fc352957a8c7297dfe00eb142666888e1af1232630	3f3e8c0ebb34eeb59b973d8c6b666af50137c2d7825c63003348002d7b0a1d8f	mov_mova_mz4_za
A64/sme/mortlach_ext/mortlach_multi4_extract_ctg/mova_mz4_za_d1	mov_mz4_za_d1	MOV	MOV<rule:SPACE>{<rule:OPT_SPACE><rule:Zd1__2>.D-<rule:Zd4>.D<rule:OPT_SPACE>}<rule:COMMA><rule:ZAn><rule:HV__3>.D[<rule:Ws__3><rule:COMMA><rule:offs1__6>:<rule:offs4__4>]	201	f1cf204bd2e106841f0712fc352957a8c7297dfe00eb142666888e1af1232630	3f3e8c0ebb34eeb59b973d8c6b666af50137c2d7825c63003348002d7b0a1d8f	mov_mova_mz4_za
A64/sme/mortlach_ext/mortlach_multi4_extract_ctg/mova_mz4_za_h1	mov_mz4_za_h1	MOV	MOV<rule:SPACE>{<rule:OPT_SPACE><rule:Zd1__2>.H-<rule:Zd4>.H<rule:OPT_SPACE>}<rule:COMMA><rule:ZAn__2><rule:HV__3>.H[<rule:Ws__3><rule:COMMA><rule:offs1__10>:<rule:offs4__5>]	201	f1cf204bd2e106841f0712fc352957a8c7297dfe00eb142666888e1af1232630	3f3e8c0ebb34eeb59b973d8c6b666af50137c2d7825c63003348002d7b0a1d8f	mov_mova_mz4_za
A64/sme/mortlach_ext/mortlach_multi4_extract_ctg/mova_mz4_za_w1	mov_mz4_za_w1	MOV	MOV<rule:SPACE>{<rule:OPT_SPACE><rule:Zd1__2>.S-<rule:Zd4>.S<rule:OPT_SPACE>}<rule:COMMA><rule:ZAn__3><rule:HV__3>.S[<rule:Ws__3><rule:COMMA><rule:offs1__6>:<rule:offs4__4>]	201	f1cf204bd2e106841f0712fc352957a8c7297dfe00eb142666888e1af1232630	3f3e8c0ebb34eeb59b973d8c6b666af50137c2d7825c63003348002d7b0a1d8f	mov_mova_mz4_za
A64/sme/mortlach_ext/mortlach_multi4_za_extract_ctg/mova_mz_za4_1	mov_mz_za4_1	MOV	MOV<rule:SPACE>{<rule:OPT_SPACE><rule:Zd1__2>.D-<rule:Zd4>.D<rule:OPT_SPACE>}<rule:COMMA>ZA.D[<rule:Wv><rule:COMMA><rule:offs><rule:optional_COMMA_VGx4>]	201	f1cf204bd2e106841f0712fc352957a8c7297dfe00eb142666888e1af1232630	3f3e8c0ebb34eeb59b973d8c6b666af50137c2d7825c63003348002d7b0a1d8f	mov_mova_mz_za4
A64/sme/mortlach_ins/mortlach_insert_pred/mova_za_p_rz_b	mov_za_p_rz_b	MOV	MOV<rule:SPACE>ZA0<rule:HV__7>.B[<rule:Ws__3><rule:COMMA><rule:offs__2>]<rule:COMMA><rule:Pg>/M<rule:COMMA><rule:Zn>.B	191	3840466cb25b00fa45d0e888f5ea00c5ff1e31afe82acf68140e5b9138731ef7	3f3e8c0ebb34eeb59b973d8c6b666af50137c2d7825c63003348002d7b0a1d8f	mov_mova_za_p_rz
A64/sme/mortlach_ins/mortlach_insert_pred/mova_za_p_rz_d	mov_za_p_rz_d	MOV	MOV<rule:SPACE><rule:ZAd><rule:HV__7>.D[<rule:Ws__3><rule:COMMA><rule:offs__3>]<rule:COMMA><rule:Pg>/M<rule:COMMA><rule:Zn>.D	191	3840466cb25b00fa45d0e888f5ea00c5ff1e31afe82acf68140e5b9138731ef7	3f3e8c0ebb34eeb59b973d8c6b666af50137c2d7825c63003348002d7b0a1d8f	mov_mova_za_p_rz
A64/sme/mortlach_ins/mortlach_insert_pred/mova_za_p_rz_h	mov_za_p_rz_h	MOV	MOV<rule:SPACE><rule:ZAd__2><rule:HV__7>.H[<rule:Ws__3><rule:COMMA><rule:offs__4>]<rule:COMMA><rule:Pg>/M<rule:COMMA><rule:Zn>.H	191	3840466cb25b00fa45d0e888f5ea00c5ff1e31afe82acf68140e5b9138731ef7	3f3e8c0ebb34eeb59b973d8c6b666af50137c2d7825c63003348002d7b0a1d8f	mov_mova_za_p_rz
A64/sme/mortlach_ins/mortlach_insert_pred/mova_za_p_rz_q	mov_za_p_rz_q	MOV	MOV<rule:SPACE><rule:ZAd__4><rule:HV__7>.Q[<rule:Ws__3><rule:COMMA><rule:offs__5>]<rule:COMMA><rule:Pg>/M<rule:COMMA><rule:Zn>.Q	191	3840466cb25b00fa45d0e888f5ea00c5ff1e31afe82acf68140e5b9138731ef7	3f3e8c0ebb34eeb59b973d8c6b666af50137c2d7825c63003348002d7b0a1d8f	mov_mova_za_p_rz
A64/sme/mortlach_ins/mortlach_insert_pred/mova_za_p_rz_w	mov_za_p_rz_w	MOV	MOV<rule:SPACE><rule:ZAd__3><rule:HV__7>.S[<rule:Ws__3><rule:COMMA><rule:offs__6>]<rule:COMMA><rule:Pg>/M<rule:COMMA><rule:Zn>.S	191	3840466cb25b00fa45d0e888f5ea00c5ff1e31afe82acf68140e5b9138731ef7	3f3e8c0ebb34eeb59b973d8c6b666af50137c2d7825c63003348002d7b0a1d8f	mov_mova_za_p_rz
A64/sme/mortlach_ins/mortlach_multi2_insert_ctg/mova_za2_z_b1	mov_za2_z_b1	MOV	MOV<rule:SPACE>ZA0<rule:HV__5>.B[<rule:Ws__3><rule:COMMA><rule:offs1__5>:<rule:offs2__3>]<rule:COMMA>{<rule:OPT_SPACE><rule:Zn1__4>.B-<rule:Zn2__3>.B<rule:OPT_SPACE>}	201	f1cf204bd2e106841f0712fc352957a8c7297dfe00eb142666888e1af1232630	3f3e8c0ebb34eeb59b973d8c6b666af50137c2d7825c63003348002d7b0a1d8f	mov_mova_za2_z
A64/sme/mortlach_ins/mortlach_multi2_insert_ctg/mova_za2_z_d1	mov_za2_z_d1	MOV	MOV<rule:SPACE><rule:ZAd><rule:HV__5>.D[<rule:Ws__3><rule:COMMA><rule:offs1__6>:<rule:offs2__4>]<rule:COMMA>{<rule:OPT_SPACE><rule:Zn1__4>.D-<rule:Zn2__3>.D<rule:OPT_SPACE>}	201	f1cf204bd2e106841f0712fc352957a8c7297dfe00eb142666888e1af1232630	3f3e8c0ebb34eeb59b973d8c6b666af50137c2d7825c63003348002d7b0a1d8f	mov_mova_za2_z
A64/sme/mortlach_ins/mortlach_multi2_insert_ctg/mova_za2_z_h1	mov_za2_z_h1	MOV	MOV<rule:SPACE><rule:ZAd__2><rule:HV__5>.H[<rule:Ws__3><rule:COMMA><rule:offs1__7>:<rule:offs2__5>]<rule:COMMA>{<rule:OPT_SPACE><rule:Zn1__4>.H-<rule:Zn2__3>.H<rule:OPT_SPACE>}	201	f1cf204bd2e106841f0712fc352957a8c7297dfe00eb142666888e1af1232630	3f3e8c0ebb34eeb59b973d8c6b666af50137c2d7825c63003348002d7b0a1d8f	mov_mova_za2_z
A64/sme/mortlach_ins/mortlach_multi2_insert_ctg/mova_za2_z_w1	mov_za2_z_w1	MOV	MOV<rule:SPACE><rule:ZAd__3><rule:HV__5>.S[<rule:Ws__3><rule:COMMA><rule:offs1__8>:<rule:offs2__6>]<rule:COMMA>{<rule:OPT_SPACE><rule:Zn1__4>.S-<rule:Zn2__3>.S<rule:OPT_SPACE>}	201	f1cf204bd2e106841f0712fc352957a8c7297dfe00eb142666888e1af1232630	3f3e8c0ebb34eeb59b973d8c6b666af50137c2d7825c63003348002d7b0a1d8f	mov_mova_za2_z
A64/sme/mortlach_ins/mortlach_multi2_za_insert_ctg/mova_za_mz2_1	mov_za_mz2_1	MOV	MOV<rule:SPACE>ZA.D[<rule:Wv><rule:COMMA><rule:offs><rule:optional_COMMA_VGx2>]<rule:COMMA>{<rule:OPT_SPACE><rule:Zn1__4>.D-<rule:Zn2__3>.D<rule:OPT_SPACE>}	201	f1cf204bd2e106841f0712fc352957a8c7297dfe00eb142666888e1af1232630	3f3e8c0ebb34eeb59b973d8c6b666af50137c2d7825c63003348002d7b0a1d8f	mov_mova_za_mz2
A64/sme/mortlach_ins/mortlach_multi4_insert_ctg/mova_za4_z_b1	mov_za4_z_b1	MOV	MOV<rule:SPACE>ZA0<rule:HV__6>.B[<rule:Ws__3><rule:COMMA><rule:offs1__9>:<rule:offs4__3>]<rule:COMMA>{<rule:OPT_SPACE><rule:Zn1__6>.B-<rule:Zn4__3>.B<rule:OPT_SPACE>}	201	f1cf204bd2e106841f0712fc352957a8c7297dfe00eb142666888e1af1232630	3f3e8c0ebb34eeb59b973d8c6b666af50137c2d7825c63003348002d7b0a1d8f	mov_mova_za4_z
A64/sme/mortlach_ins/mortlach_multi4_insert_ctg/mova_za4_z_d1	mov_za4_z_d1	MOV	MOV<rule:SPACE><rule:ZAd><rule:HV__6>.D[<rule:Ws__3><rule:COMMA><rule:offs1__6>:<rule:offs4__4>]<rule:COMMA>{<rule:OPT_SPACE><rule:Zn1__6>.D-<rule:Zn4__3>.D<rule:OPT_SPACE>}	201	f1cf204bd2e106841f0712fc352957a8c7297dfe00eb142666888e1af1232630	3f3e8c0ebb34eeb59b973d8c6b666af50137c2d7825c63003348002d7b0a1d8f	mov_mova_za4_z
A64/sme/mortlach_ins/mortlach_multi4_insert_ctg/mova_za4_z_h1	mov_za4_z_h1	MOV	MOV<rule:SPACE><rule:ZAd__2><rule:HV__6>.H[<rule:Ws__3><rule:COMMA><rule:offs1__10>:<rule:offs4__5>]<rule:COMMA>{<rule:OPT_SPACE><rule:Zn1__6>.H-<rule:Zn4__3>.H<rule:OPT_SPACE>}	201	f1cf204bd2e106841f0712fc352957a8c7297dfe00eb142666888e1af1232630	3f3e8c0ebb34eeb59b973d8c6b666af50137c2d7825c63003348002d7b0a1d8f	mov_mova_za4_z
A64/sme/mortlach_ins/mortlach_multi4_insert_ctg/mova_za4_z_w1	mov_za4_z_w1	MOV	MOV<rule:SPACE><rule:ZAd__3><rule:HV__6>.S[<rule:Ws__3><rule:COMMA><rule:offs1__6>:<rule:offs4__4>]<rule:COMMA>{<rule:OPT_SPACE><rule:Zn1__6>.S-<rule:Zn4__3>.S<rule:OPT_SPACE>}	201	f1cf204bd2e106841f0712fc352957a8c7297dfe00eb142666888e1af1232630	3f3e8c0ebb34eeb59b973d8c6b666af50137c2d7825c63003348002d7b0a1d8f	mov_mova_za4_z
A64/sme/mortlach_ins/mortlach_multi4_za_insert_ctg/mova_za_mz4_1	mov_za_mz4_1	MOV	MOV<rule:SPACE>ZA.D[<rule:Wv><rule:COMMA><rule:offs><rule:optional_COMMA_VGx4>]<rule:COMMA>{<rule:OPT_SPACE><rule:Zn1__6>.D-<rule:Zn4__3>.D<rule:OPT_SPACE>}	201	f1cf204bd2e106841f0712fc352957a8c7297dfe00eb142666888e1af1232630	3f3e8c0ebb34eeb59b973d8c6b666af50137c2d7825c63003348002d7b0a1d8f	mov_mova_za_mz4
A64/sve/sve_cmpvec/sve_int_cmp_0/cmpge_p_p_zz_	cmple_p_p_zz_	CMPLE	CMPLE<rule:SPACE><rule:Pd>.<rule:T__25><rule:COMMA><rule:Pg>/Z<rule:COMMA><rule:Zm>.<rule:T__25><rule:COMMA><rule:Zn__2>.<rule:T__25>	90	b8c9562971b3e6dedad6b4999d399aa8e483f53d596071b4888dbbb1f7804207	850f8e42ca7684e4cadd817bea33cd2105d151a5bf077b3f35a6ed77d5b639bd	cmple_cmpeq_p_p_zz
A64/sve/sve_cmpvec/sve_int_cmp_0/cmpgt_p_p_zz_	cmplt_p_p_zz_	CMPLT	CMPLT<rule:SPACE><rule:Pd>.<rule:T__25><rule:COMMA><rule:Pg>/Z<rule:COMMA><rule:Zm>.<rule:T__25><rule:COMMA><rule:Zn__2>.<rule:T__25>	90	b8c9562971b3e6dedad6b4999d399aa8e483f53d596071b4888dbbb1f7804207	850f8e42ca7684e4cadd817bea33cd2105d151a5bf077b3f35a6ed77d5b639bd	cmplt_cmpeq_p_p_zz
A64/sve/sve_cmpvec/sve_int_cmp_0/cmphi_p_p_zz_	cmplo_p_p_zz_	CMPLO	CMPLO<rule:SPACE><rule:Pd>.<rule:T__25><rule:COMMA><rule:Pg>/Z<rule:COMMA><rule:Zm>.<rule:T__25><rule:COMMA><rule:Zn__2>.<rule:T__25>	90	b8c9562971b3e6dedad6b4999d399aa8e483f53d596071b4888dbbb1f7804207	850f8e42ca7684e4cadd817bea33cd2105d151a5bf077b3f35a6ed77d5b639bd	cmplo_cmpeq_p_p_zz
A64/sve/sve_cmpvec/sve_int_cmp_0/cmphs_p_p_zz_	cmpls_p_p_zz_	CMPLS	CMPLS<rule:SPACE><rule:Pd>.<rule:T__25><rule:COMMA><rule:Pg>/Z<rule:COMMA><rule:Zm>.<rule:T__25><rule:COMMA><rule:Zn__2>.<rule:T__25>	90	b8c9562971b3e6dedad6b4999d399aa8e483f53d596071b4888dbbb1f7804207	850f8e42ca7684e4cadd817bea33cd2105d151a5bf077b3f35a6ed77d5b639bd	cmpls_cmpeq_p_p_zz
A64/sve/sve_fp_cmpvev/sve_fp_3op_p_pd/facge_p_p_zz_	facle_p_p_zz_	FACLE	FACLE<rule:SPACE><rule:Pd>.<rule:T__39><rule:COMMA><rule:Pg>/Z<rule:COMMA><rule:Zm>.<rule:T__39><rule:COMMA><rule:Zn__2>.<rule:T__39>	92	b8c9562971b3e6dedad6b4999d399aa8e483f53d596071b4888dbbb1f7804207	850f8e42ca7684e4cadd817bea33cd2105d151a5bf077b3f35a6ed77d5b639bd	facle_facge_p_p_zz
A64/sve/sve_fp_cmpvev/sve_fp_3op_p_pd/facgt_p_p_zz_	faclt_p_p_zz_	FACLT	FACLT<rule:SPACE><rule:Pd>.<rule:T__39><rule:COMMA><rule:Pg>/Z<rule:COMMA><rule:Zm>.<rule:T__39><rule:COMMA><rule:Zn__2>.<rule:T__39>	92	b8c9562971b3e6dedad6b4999d399aa8e483f53d596071b4888dbbb1f7804207	850f8e42ca7684e4cadd817bea33cd2105d151a5bf077b3f35a6ed77d5b639bd	faclt_facge_p_p_zz
A64/sve/sve_fp_cmpvev/sve_fp_3op_p_pd/fcmge_p_p_zz_	fcmle_p_p_zz_	FCMLE	FCMLE<rule:SPACE><rule:Pd>.<rule:T__39><rule:COMMA><rule:Pg>/Z<rule:COMMA><rule:Zm>.<rule:T__39><rule:COMMA><rule:Zn__2>.<rule:T__39>	92	b8c9562971b3e6dedad6b4999d399aa8e483f53d596071b4888dbbb1f7804207	850f8e42ca7684e4cadd817bea33cd2105d151a5bf077b3f35a6ed77d5b639bd	fcmle_fcmeq_p_p_zz
A64/sve/sve_fp_cmpvev/sve_fp_3op_p_pd/fcmgt_p_p_zz_	fcmlt_p_p_zz_	FCMLT	FCMLT<rule:SPACE><rule:Pd>.<rule:T__39><rule:COMMA><rule:Pg>/Z<rule:COMMA><rule:Zm>.<rule:T__39><rule:COMMA><rule:Zn__2>.<rule:T__39>	92	b8c9562971b3e6dedad6b4999d399aa8e483f53d596071b4888dbbb1f7804207	850f8e42ca7684e4cadd817bea33cd2105d151a5bf077b3f35a6ed77d5b639bd	fcmlt_fcmeq_p_p_zz
A64/sve/sve_int_select/sve_int_sel_vvv/sel_z_p_zz_	mov_z_p_z_	MOV	MOV<rule:SPACE><rule:Zd>.<rule:T__84><rule:COMMA><rule:Pv>/M<rule:COMMA><rule:Zn>.<rule:T__84>	90	b8c9562971b3e6dedad6b4999d399aa8e483f53d596071b4888dbbb1f7804207	a3a05e5e6467774b181334362d99171ffd25c54c5e3c97e57ee9cf2d9426c321	mov_sel_z_p_zz
A64/sve/sve_int_unpred_logical/sve_int_bin_cons_log/orr_z_zz_	mov_z_z_	MOV	MOV<rule:SPACE><rule:Zd>.D<rule:COMMA><rule:Zn>.D	91	b8c9562971b3e6dedad6b4999d399aa8e483f53d596071b4888dbbb1f7804207	a567ae4fb157d3cbce9711c04efa0a4196fdd3eadc6378614182a4d7be84b280	mov_orr_z_zz
A64/sve/sve_maskimm/sve_int_dup_mask_imm/dupm_z_i_	mov_z_m_	MOV	MOV<rule:SPACE><rule:Zd>.<rule:T__34><rule:COMMA><rule:hash><rule:const>	90	b8c9562971b3e6dedad6b4999d399aa8e483f53d596071b4888dbbb1f7804207	3f1a352290ab24c033e758fd16ecb28601532118f5149fc488a77edc9d826a6d	mov_dupm_z_i
A64/sve/sve_maskimm/sve_int_log_imm/and_z_zi_	bic_z_zi_	BIC	BIC<rule:SPACE><rule:Zdn__2>.<rule:T__12><rule:COMMA><rule:Zdn__2>.<rule:T__12><rule:COMMA><rule:hash><rule:const>	86	b8c9562971b3e6dedad6b4999d399aa8e483f53d596071b4888dbbb1f7804207	850f8e42ca7684e4cadd817bea33cd2105d151a5bf077b3f35a6ed77d5b639bd	bic_and_z_zi
A64/sve/sve_maskimm/sve_int_log_imm/eor_z_zi_	eon_z_zi_	EON	EON<rule:SPACE><rule:Zdn__2>.<rule:T__12><rule:COMMA><rule:Zdn__2>.<rule:T__12><rule:COMMA><rule:hash><rule:const>	86	b8c9562971b3e6dedad6b4999d399aa8e483f53d596071b4888dbbb1f7804207	850f8e42ca7684e4cadd817bea33cd2105d151a5bf077b3f35a6ed77d5b639bd	eon_eor_z_zi
A64/sve/sve_maskimm/sve_int_log_imm/orr_z_zi_	orn_z_zi_	ORN	ORN<rule:SPACE><rule:Zdn__2>.<rule:T__12><rule:COMMA><rule:Zdn__2>.<rule:T__12><rule:COMMA><rule:hash><rule:const>	86	b8c9562971b3e6dedad6b4999d399aa8e483f53d596071b4888dbbb1f7804207	850f8e42ca7684e4cadd817bea33cd2105d151a5bf077b3f35a6ed77d5b639bd	orn_orr_z_zi
A64/sve/sve_perm_pred/sve_int_perm_cpy_r/cpy_z_p_r_	mov_z_p_r_	MOV	MOV<rule:SPACE><rule:Zd>.<rule:T__29><rule:COMMA><rule:Pg>/M<rule:COMMA><rule:R__3><rule:nSP>	91	b8c9562971b3e6dedad6b4999d399aa8e483f53d596071b4888dbbb1f7804207	3f3e8c0ebb34eeb59b973d8c6b666af50137c2d7825c63003348002d7b0a1d8f	mov_cpy_z_p_r
A64/sve/sve_perm_pred/sve_int_perm_cpy_v/cpy_z_p_v_	mov_z_p_v_	MOV	MOV<rule:SPACE><rule:Zd>.<rule:T__30><rule:COMMA><rule:Pg>/M<rule:COMMA><rule:V__3><rule:n__4>	91	b8c9562971b3e6dedad6b4999d399aa8e483f53d596071b4888dbbb1f7804207	3f3e8c0ebb34eeb59b973d8c6b666af50137c2d7825c63003348002d7b0a1d8f	mov_cpy_z_p_v
A64/sve/sve_perm_unpred_a/sve_int_perm_dup_i/dup_z_zi_	mov_z_v_	MOV	MOV<rule:SPACE><rule:Zd>.<rule:T__33><rule:COMMA><rule:V__8><rule:n__6>	90	b8c9562971b3e6dedad6b4999d399aa8e483f53d596071b4888dbbb1f7804207	aac0df27d0f66efb45f038185f1a8abc81b8712e0b491c12e8644eeb519f6809	mov_dup_z_zi
A64/sve/sve_perm_unpred_a/sve_int_perm_dup_i/dup_z_zi_	mov_z_zi_	MOV	MOV<rule:SPACE><rule:Zd>.<rule:T__33><rule:COMMA><rule:Zn>.<rule:T__33>[<rule:imm__47>]	90	b8c9562971b3e6dedad6b4999d399aa8e483f53d596071b4888dbbb1f7804207	9f88eff7534f62a1bee9662ae29ae3f0a532fbcccf28e2d83289121bfe21abe5	mov_dup_z_zi
A64/sve/sve_perm_unpred_d/sve_int_perm_dup_r/dup_z_r_	mov_z_r_	MOV	MOV<rule:SPACE><rule:Zd>.<rule:T__29><rule:COMMA><rule:R__3><rule:nSP>	91	b8c9562971b3e6dedad6b4999d399aa8e483f53d596071b4888dbbb1f7804207	3f3e8c0ebb34eeb59b973d8c6b666af50137c2d7825c63003348002d7b0a1d8f	mov_dup_z_r
A64/sve/sve_pred_gen_a/sve_int_pred_log/and_p_p_pp_z	movz_p_p_p_	MOV	MOV<rule:SPACE><rule:Pd>.B<rule:COMMA><rule:Pg__2>/Z<rule:COMMA><rule:Pn__3>.B	90	b8c9562971b3e6dedad6b4999d399aa8e483f53d596071b4888dbbb1f7804207	ce77f846670242f648be2016cb8462f9606101f6edec6cf62ed2e9aad85802e5	mov_and_p_p_pp
A64/sve/sve_pred_gen_a/sve_int_pred_log/ands_p_p_pp_z	movzs_p_p_p_	MOVS	MOVS<rule:SPACE><rule:Pd>.B<rule:COMMA><rule:Pg__2>/Z<rule:COMMA><rule:Pn__3>.B	90	b8c9562971b3e6dedad6b4999d399aa8e483f53d596071b4888dbbb1f7804207	cfd059a09e9de34032eb3c8bd43421d986c6f84e247e5c20147307eb11191ba7	movs_ands_p_p_pp
A64/sve/sve_pred_gen_a/sve_int_pred_log/eor_p_p_pp_z	not_p_p_p_z	NOT	NOT<rule:SPACE><rule:Pd>.B<rule:COMMA><rule:Pg__2>/Z<rule:COMMA><rule:Pn__3>.B	90	b8c9562971b3e6dedad6b4999d399aa8e483f53d596071b4888dbbb1f7804207	1dbf3528b702088e9015b9fd5ac1bf765d033d1af77872f21917db23499dac2a	not_eor_p_p_pp
A64/sve/sve_pred_gen_a/sve_int_pred_log/eors_p_p_pp_z	nots_p_p_p_z	NOTS	NOTS<rule:SPACE><rule:Pd>.B<rule:COMMA><rule:Pg__2>/Z<rule:COMMA><rule:Pn__3>.B	90	b8c9562971b3e6dedad6b4999d399aa8e483f53d596071b4888dbbb1f7804207	1dbf3528b702088e9015b9fd5ac1bf765d033d1af77872f21917db23499dac2a	nots_eors_p_p_pp
A64/sve/sve_pred_gen_a/sve_int_pred_log/orr_p_p_pp_z	mov_p_p_	MOV	MOV<rule:SPACE><rule:Pd>.B<rule:COMMA><rule:Pn__3>.B	90	b8c9562971b3e6dedad6b4999d399aa8e483f53d596071b4888dbbb1f7804207	f0600ac96b8a380f5d67abbd3496675e8293683c56a32e86382896668582d905	mov_orr_p_p_pp
A64/sve/sve_pred_gen_a/sve_int_pred_log/orrs_p_p_pp_z	movs_p_p_	MOVS	MOVS<rule:SPACE><rule:Pd>.B<rule:COMMA><rule:Pn__3>.B	90	b8c9562971b3e6dedad6b4999d399aa8e483f53d596071b4888dbbb1f7804207	134a96898748af9d5bcc4d8ef8e2a2f8a408350d67f2842ed184322775794be3	movs_orrs_p_p_pp
A64/sve/sve_pred_gen_a/sve_int_pred_log/sel_p_p_pp_	movm_p_p_p_	MOV	MOV<rule:SPACE><rule:Pd>.B<rule:COMMA><rule:Pg__2>/M<rule:COMMA><rule:Pn__3>.B	90	b8c9562971b3e6dedad6b4999d399aa8e483f53d596071b4888dbbb1f7804207	52a3168fad637e790384da8f7d59751e0c8bac9d2a35c8d4ef11038132ccb880	mov_sel_p_p_pp
A64/sve/sve_wideimm_pred/sve_int_dup_fpimm_pred/fcpy_z_p_i_	fmov_z_p_i_	FMOV	FMOV<rule:SPACE><rule:Zd>.<rule:T__49><rule:COMMA><rule:Pg__2>/M<rule:COMMA><rule:hash><rule:const__6>	90	b8c9562971b3e6dedad6b4999d399aa8e483f53d596071b4888dbbb1f7804207	3f3e8c0ebb34eeb59b973d8c6b666af50137c2d7825c63003348002d7b0a1d8f	fmov_fcpy_z_p_i
A64/sve/sve_wideimm_pred/sve_int_dup_imm_pred/cpy_z_o_i_	mov_z_o_i_	MOV	MOV<rule:SPACE><rule:Zd>.<rule:T__28><rule:COMMA><rule:Pg__2>/Z<rule:COMMA><rule:hash><rule:imm__46><rule:optional_shift__6>	90	b8c9562971b3e6dedad6b4999d399aa8e483f53d596071b4888dbbb1f7804207	3f3e8c0ebb34eeb59b973d8c6b666af50137c2d7825c63003348002d7b0a1d8f	mov_cpy_z_o_i
A64/sve/sve_wideimm_pred/sve_int_dup_imm_pred/cpy_z_p_i_	fmov_z_p_0_	FMOV	FMOV<rule:SPACE><rule:Zd>.<rule:T__104><rule:COMMA><rule:Pg__2>/M<rule:COMMA><rule:hash>0.0	89	c05a833882a3e8f1e65fd8189c4089c56d26aa72c03daf8476e4fbca755c388c	850f8e42ca7684e4cadd817bea33cd2105d151a5bf077b3f35a6ed77d5b639bd	fmov_cpy_z_p_i
A64/sve/sve_wideimm_pred/sve_int_dup_imm_pred/cpy_z_p_i_	mov_z_p_i_	MOV	MOV<rule:SPACE><rule:Zd>.<rule:T__28><rule:COMMA><rule:Pg__2>/M<rule:COMMA><rule:hash><rule:imm__46><rule:optional_shift__6>	90	b8c9562971b3e6dedad6b4999d399aa8e483f53d596071b4888dbbb1f7804207	3f3e8c0ebb34eeb59b973d8c6b666af50137c2d7825c63003348002d7b0a1d8f	mov_cpy_z_p_i
A64/sve/sve_wideimm_unpred/sve_int_dup_fpimm/fdup_z_i_	fmov_z_i_	FMOV	FMOV<rule:SPACE><rule:Zd>.<rule:T__49><rule:COMMA><rule:hash><rule:const__6>	90	b8c9562971b3e6dedad6b4999d399aa8e483f53d596071b4888dbbb1f7804207	3f3e8c0ebb34eeb59b973d8c6b666af50137c2d7825c63003348002d7b0a1d8f	fmov_fdup_z_i
A64/sve/sve_wideimm_unpred/sve_int_dup_imm/dup_z_i_	fmov_z_0_	FMOV	FMOV<rule:SPACE><rule:Zd>.<rule:T__104><rule:COMMA><rule:hash>0.0	89	c05a833882a3e8f1e65fd8189c4089c56d26aa72c03daf8476e4fbca755c388c	850f8e42ca7684e4cadd817bea33cd2105d151a5bf077b3f35a6ed77d5b639bd	fmov_dup_z_i
A64/sve/sve_wideimm_unpred/sve_int_dup_imm/dup_z_i_	mov_z_i_	MOV	MOV<rule:SPACE><rule:Zd>.<rule:T__28><rule:COMMA><rule:hash><rule:imm__46><rule:optional_shift__6>	90	b8c9562971b3e6dedad6b4999d399aa8e483f53d596071b4888dbbb1f7804207	3f3e8c0ebb34eeb59b973d8c6b666af50137c2d7825c63003348002d7b0a1d8f	mov_dup_z_i
T32/n/addpcsp16/ADR_T1	ADD	ADD	ADD<rule:al_option_choice__4><rule:qn_option_choice><rule:SPACE><rule:Rd__25><rule:COMMA>PC<rule:COMMA><rule:hash><rule:imm8__3>	0	3f3e8c0ebb34eeb59b973d8c6b666af50137c2d7825c63003348002d7b0a1d8f	850f8e42ca7684e4cadd817bea33cd2105d151a5bf077b3f35a6ed77d5b639bd	ADD_ADR
T32/n/dpint16_2l/ADC_r_T1	T1B	ADCS	ADCS<rule:qn_option_choice><rule:SPACE><rule:rdn_choice__2><rule:Rdn__2><rule:COMMA><rule:Rm__19>	0	3f3e8c0ebb34eeb59b973d8c6b666af50137c2d7825c63003348002d7b0a1d8f	5e34540f09bcc7a1fd7c9480dbe30c7834514c3566209d1b8906e972d33538b7	ADC_r
T32/n/dpint16_2l/AND_r_T1	T1B	ANDS	ANDS<rule:qn_option_choice><rule:SPACE><rule:rdn_choice__2><rule:Rdn__2><rule:COMMA><rule:Rm__19>	0	3f3e8c0ebb34eeb59b973d8c6b666af50137c2d7825c63003348002d7b0a1d8f	5e34540f09bcc7a1fd7c9480dbe30c7834514c3566209d1b8906e972d33538b7	AND_r
T32/n/dpint16_2l/BIC_r_T1	T1B	BICS	BICS<rule:qn_option_choice><rule:SPACE><rule:rdn_choice__2><rule:Rdn__2><rule:COMMA><rule:Rm__19>	0	3f3e8c0ebb34eeb59b973d8c6b666af50137c2d7825c63003348002d7b0a1d8f	5e34540f09bcc7a1fd7c9480dbe30c7834514c3566209d1b8906e972d33538b7	BIC_r
T32/n/dpint16_2l/EOR_r_T1	T1B	EORS	EORS<rule:qn_option_choice><rule:SPACE><rule:rdn_choice__2><rule:Rdn__2><rule:COMMA><rule:Rm__19>	0	3f3e8c0ebb34eeb59b973d8c6b666af50137c2d7825c63003348002d7b0a1d8f	5e34540f09bcc7a1fd7c9480dbe30c7834514c3566209d1b8906e972d33538b7	EOR_r
T32/n/dpint16_2l/MOV_rr_T1_ASR	ASR	ASR	ASR<rule:AL_option__4><rule:qn_option_choice><rule:SPACE><rule:rdm_choice><rule:Rdm__2><rule:COMMA><rule:Rs__3>	0	fc26b96c0cbe94fa0490ff3dd805cf333d25a9fe953bcd06c591e71632ecced8	afcc823f48431f3981a861832ed08bea6b2afde2b35e26bd6fd0ad62bb224a7a	ASR_MOV_rr
T32/n/dpint16_2l/MOV_rr_T1_ASR	ASRS	ASRS	ASRS<rule:qn_option_choice><rule:SPACE><rule:rdm_choice><rule:Rdm__2><rule:COMMA><rule:Rs__3>	0	fc26b96c0cbe94fa0490ff3dd805cf333d25a9fe953bcd06c591e71632ecced8	5e34540f09bcc7a1fd7c9480dbe30c7834514c3566209d1b8906e972d33538b7	ASRS_MOV_rr
T32/n/dpint16_2l/MOV_rr_T1_ASR	T1B	MOVS	MOVS<rule:qn_option_choice><rule:SPACE><rule:Rdm><rule:COMMA><rule:Rdm><rule:COMMA>ASR<rule:OPT_SPACE><rule:Rs__2>	0	3f3e8c0ebb34eeb59b973d8c6b666af50137c2d7825c63003348002d7b0a1d8f	5e34540f09bcc7a1fd7c9480dbe30c7834514c3566209d1b8906e972d33538b7	MOV_rr
T32/n/dpint16_2l/MOV_rr_T1_LSL	LSL	LSL	LSL<rule:AL_option__4><rule:qn_option_choice><rule:SPACE><rule:rdm_choice><rule:Rdm__2><rule:COMMA><rule:Rs__3>	0	af4f514c9e8e202fe3f50596775994ee7f5bf41f5f1ef7bad9e425795a087dfb	afcc823f48431f3981a861832ed08bea6b2afde2b35e26bd6fd0ad62bb224a7a	LSL_MOV_rr
T32/n/dpint16_2l/MOV_rr_T1_LSL	LSLS	LSLS	LSLS<rule:qn_option_choice><rule:SPACE><rule:rdm_choice><rule:Rdm__2><rule:COMMA><rule:Rs__3>	0	af4f514c9e8e202fe3f50596775994ee7f5bf41f5f1ef7bad9e425795a087dfb	5e34540f09bcc7a1fd7c9480dbe30c7834514c3566209d1b8906e972d33538b7	LSLS_MOV_rr
T32/n/dpint16_2l/MOV_rr_T1_LSL	T1B	MOVS	MOVS<rule:qn_option_choice><rule:SPACE><rule:Rdm><rule:COMMA><rule:Rdm><rule:COMMA>LSL<rule:OPT_SPACE><rule:Rs__2>	0	3f3e8c0ebb34eeb59b973d8c6b666af50137c2d7825c63003348002d7b0a1d8f	5e34540f09bcc7a1fd7c9480dbe30c7834514c3566209d1b8906e972d33538b7	MOV_rr
T32/n/dpint16_2l/MOV_rr_T1_LSR	LSR	LSR	LSR<rule:AL_option__4><rule:qn_option_choice><rule:SPACE><rule:rdm_choice><rule:Rdm__2><rule:COMMA><rule:Rs__3>	0	8f61754e2a34edd3db1da05307741b45b524f9c104c2deaba815c3cef5d4fc51	afcc823f48431f3981a861832ed08bea6b2afde2b35e26bd6fd0ad62bb224a7a	LSR_MOV_rr
T32/n/dpint16_2l/MOV_rr_T1_LSR	LSRS	LSRS	LSRS<rule:qn_option_choice><rule:SPACE><rule:rdm_choice><rule:Rdm__2><rule:COMMA><rule:Rs__3>	0	8f61754e2a34edd3db1da05307741b45b524f9c104c2deaba815c3cef5d4fc51	5e34540f09bcc7a1fd7c9480dbe30c7834514c3566209d1b8906e972d33538b7	LSRS_MOV_rr
T32/n/dpint16_2l/MOV_rr_T1_LSR	T1B	MOVS	MOVS<rule:qn_option_choice><rule:SPACE><rule:Rdm><rule:COMMA><rule:Rdm><rule:COMMA>LSR<rule:OPT_SPACE><rule:Rs__2>	0	3f3e8c0ebb34eeb59b973d8c6b666af50137c2d7825c63003348002d7b0a1d8f	5e34540f09bcc7a1fd7c9480dbe30c7834514c3566209d1b8906e972d33538b7	MOV_rr
T32/n/dpint16_2l/MOV_rr_T1_ROR	ROR	ROR	ROR<rule:AL_option__4><rule:qn_option_choice><rule:SPACE><rule:rdm_choice><rule:Rdm__2><rule:COMMA><rule:Rs__4>	0	ea4d88969ed4c775bce530afefbb60f5c47a270ff1c5a18c6105d6af85d291db	afcc823f48431f3981a861832ed08bea6b2afde2b35e26bd6fd0ad62bb224a7a	ROR_MOV_rr
T32/n/dpint16_2l/MOV_rr_T1_ROR	RORS	RORS	RORS<rule:qn_option_choice><rule:SPACE><rule:rdm_choice><rule:Rdm__2><rule:COMMA><rule:Rs__4>	0	ea4d88969ed4c775bce530afefbb60f5c47a270ff1c5a18c6105d6af85d291db	5e34540f09bcc7a1fd7c9480dbe30c7834514c3566209d1b8906e972d33538b7	RORS_MOV_rr
T32/n/dpint16_2l/MOV_rr_T1_ROR	T1B	MOVS	MOVS<rule:qn_option_choice><rule:SPACE><rule:Rdm><rule:COMMA><rule:Rdm><rule:COMMA>ROR<rule:OPT_SPACE><rule:Rs__2>	0	3f3e8c0ebb34eeb59b973d8c6b666af50137c2d7825c63003348002d7b0a1d8f	5e34540f09bcc7a1fd7c9480dbe30c7834514c3566209d1b8906e972d33538b7	MOV_rr
T32/n/dpint16_2l/MUL_T1	T1B	MULS	MULS<rule:qn_option_choice><rule:SPACE><rule:Rdm__3><rule:COMMA><rule:Rn__10><rule:rdm_choice__2>	0	3f3e8c0ebb34eeb59b973d8c6b666af50137c2d7825c63003348002d7b0a1d8f	5e34540f09bcc7a1fd7c9480dbe30c7834514c3566209d1b8906e972d33538b7	MUL
T32/n/dpint16_2l/MVN_r_T1	T1B	MVNS	MVNS<rule:qn_option_choice><rule:SPACE><rule:Rd__25><rule:COMMA><rule:Rm__10>	0	3f3e8c0ebb34eeb59b973d8c6b666af50137c2d7825c63003348002d7b0a1d8f	5e34540f09bcc7a1fd7c9480dbe30c7834514c3566209d1b8906e972d33538b7	MVN_r
T32/n/dpint16_2l/ORR_r_T1	T1B	ORRS	ORRS<rule:qn_option_choice><rule:SPACE><rule:rdn_choice__2><rule:Rdn__2><rule:COMMA><rule:Rm__19>	0	3f3e8c0ebb34eeb59b973d8c6b666af50137c2d7825c63003348002d7b0a1d8f	5e34540f09bcc7a1fd7c9480dbe30c7834514c3566209d1b8906e972d33538b7	ORR_r
T32/n/dpint16_2l/RSB_i_T1	T1B	RSBS	RSBS<rule:qn_option_choice><rule:SPACE><rule:rd_choice__19><rule:Rn__38><rule:COMMA><rule:hash>0	0	3f3e8c0ebb34eeb59b973d8c6b666af50137c2d7825c63003348002d7b0a1d8f	5e34540f09bcc7a1fd7c9480dbe30c7834514c3566209d1b8906e972d33538b7	RSB_i
T32/n/dpint16_2l/SBC_r_T1	T1B	SBCS	SBCS<rule:qn_option_choice><rule:SPACE><rule:rdn_choice__2><rule:Rdn__2><rule:COMMA><rule:Rm__19>	0	3f3e8c0ebb34eeb59b973d8c6b666af50137c2d7825c63003348002d7b0a1d8f	5e34540f09bcc7a1fd7c9480dbe30c7834514c3566209d1b8906e972d33538b7	SBC_r
T32/n/ldstm16/LDM_T1	T1B	LDMFD	LDMFD<rule:al_option_choice__4><rule:qn_option_choice><rule:SPACE><rule:Rn__12><rule:bang_choice__4><rule:COMMA><rule:registers__29>	0	3f3e8c0ebb34eeb59b973d8c6b666af50137c2d7825c63003348002d7b0a1d8f	850f8e42ca7684e4cadd817bea33cd2105d151a5bf077b3f35a6ed77d5b639bd	LDM
T32/n/ldstm16/STM_T1	T1B	STMEA	STMEA<rule:al_option_choice__4><rule:qn_option_choice><rule:SPACE><rule:Rn__12><rule:BANG><rule:COMMA><rule:registers__28>	0	3f3e8c0ebb34eeb59b973d8c6b666af50137c2d7825c63003348002d7b0a1d8f	850f8e42ca7684e4cadd817bea33cd2105d151a5bf077b3f35a6ed77d5b639bd	STM
T32/n/misc16/pushpop16/POP_T1	T1B	LDM	LDM<rule:al_option_choice__4><rule:qn_option_choice><rule:SPACE><rule:SP><rule:BANG><rule:COMMA><rule:registers__27>	0	3f3e8c0ebb34eeb59b973d8c6b666af50137c2d7825c63003348002d7b0a1d8f	850f8e42ca7684e4cadd817bea33cd2105d151a5bf077b3f35a6ed77d5b639bd	POP
T32/n/misc16/pushpop16/PUSH_T1	T1B	STMDB	STMDB<rule:al_option_choice__4><rule:qn_option_choice><rule:SPACE><rule:SP><rule:BANG><rule:COMMA><rule:registers__26>	0	3f3e8c0ebb34eeb59b973d8c6b666af50137c2d7825c63003348002d7b0a1d8f	850f8e42ca7684e4cadd817bea33cd2105d151a5bf077b3f35a6ed77d5b639bd	PUSH
T32/n/sftdpi/addsub16_1l_imm/ADD_i_T2	T2B	ADD	ADD<rule:AL_option__4><rule:qn_option_choice><rule:SPACE><rule:rdn_choice><rule:Rdn><rule:COMMA><rule:hash><rule:imm8>	0	3f3e8c0ebb34eeb59b973d8c6b666af50137c2d7825c63003348002d7b0a1d8f	8354598b16c86ede620ab30c4c0bc6401a138dfe51a3119dc1b5e7851de21763	ADD_i
T32/n/sftdpi/addsub16_1l_imm/ADD_i_T2	T2C	ADDS	ADDS<rule:qn_option_choice><rule:SPACE><rule:Rdn><rule:COMMA><rule:hash><rule:imm8>	0	3f3e8c0ebb34eeb59b973d8c6b666af50137c2d7825c63003348002d7b0a1d8f	ffb751c36f7e605f0f78fc8248b0ba993e85489dbd6634a3679ff980d828994c	ADD_i
T32/n/sftdpi/addsub16_1l_imm/ADD_i_T2	T2D	ADDS	ADDS<rule:qn_option_choice><rule:SPACE><rule:rdn_choice><rule:Rdn><rule:COMMA><rule:hash><rule:imm8>	0	3f3e8c0ebb34eeb59b973d8c6b666af50137c2d7825c63003348002d7b0a1d8f	fce72959ca3846dd53fdb23fd9a3244008d4a9eeae2912b3081668afb19c3830	ADD_i
T32/n/sftdpi/addsub16_1l_imm/MOV_i_T1	T1B	MOVS	MOVS<rule:qn_option_choice><rule:SPACE><rule:Rd__25><rule:COMMA><rule:hash><rule:imm8>	0	3f3e8c0ebb34eeb59b973d8c6b666af50137c2d7825c63003348002d7b0a1d8f	5e34540f09bcc7a1fd7c9480dbe30c7834514c3566209d1b8906e972d33538b7	MOV_i
T32/n/sftdpi/addsub16_1l_imm/SUB_i_T2	T2B	SUB	SUB<rule:AL_option__4><rule:qn_option_choice><rule:SPACE><rule:rdn_choice><rule:Rdn><rule:COMMA><rule:hash><rule:imm8__2>	0	3f3e8c0ebb34eeb59b973d8c6b666af50137c2d7825c63003348002d7b0a1d8f	2f2ee921a2925c207313f5bc491f8f523e6db7da1e47ee18ea30a6c05c682858	SUB_i
T32/n/sftdpi/addsub16_1l_imm/SUB_i_T2	T2C	SUBS	SUBS<rule:qn_option_choice><rule:SPACE><rule:Rdn><rule:COMMA><rule:hash><rule:imm8__2>	0	3f3e8c0ebb34eeb59b973d8c6b666af50137c2d7825c63003348002d7b0a1d8f	85b2d361d57948bb53906b5629560a6ee354244352f2e2bc23c16fc698a7db0d	SUB_i
T32/n/sftdpi/addsub16_1l_imm/SUB_i_T2	T2D	SUBS	SUBS<rule:qn_option_choice><rule:SPACE><rule:rdn_choice><rule:Rdn><rule:COMMA><rule:hash><rule:imm8__2>	0	3f3e8c0ebb34eeb59b973d8c6b666af50137c2d7825c63003348002d7b0a1d8f	c44a5b8db2df96a4bfe673be37116fb1318ea0e210433aff69a74f335392a3bc	SUB_i
T32/n/sftdpi/addsub16_2l_imm/ADD_i_T1	T1B	ADDS	ADDS<rule:qn_option_choice><rule:SPACE><rule:Rd__27><rule:COMMA><rule:Rn__38><rule:COMMA><rule:hash><rule:imm3>	0	3f3e8c0ebb34eeb59b973d8c6b666af50137c2d7825c63003348002d7b0a1d8f	5e34540f09bcc7a1fd7c9480dbe30c7834514c3566209d1b8906e972d33538b7	ADD_i
T32/n/sftdpi/addsub16_2l_imm/SUB_i_T1	T1B	SUBS	SUBS<rule:qn_option_choice><rule:SPACE><rule:Rd__27><rule:COMMA><rule:Rn__38><rule:COMMA><rule:hash><rule:imm3>	0	3f3e8c0ebb34eeb59b973d8c6b666af50137c2d7825c63003348002d7b0a1d8f	5e34540f09bcc7a1fd7c9480dbe30c7834514c3566209d1b8906e972d33538b7	SUB_i
T32/n/sftdpi/addsub16_3l/ADD_r_T1	T1B	ADDS	ADDS<rule:qn_option_choice><rule:SPACE><rule:rd_choice__18><rule:Rn__37><rule:COMMA><rule:Rm__19>	0	3f3e8c0ebb34eeb59b973d8c6b666af50137c2d7825c63003348002d7b0a1d8f	5e34540f09bcc7a1fd7c9480dbe30c7834514c3566209d1b8906e972d33538b7	ADD_r
T32/n/sftdpi/addsub16_3l/SUB_r_T1	T1B	SUBS	SUBS<rule:qn_option_choice><rule:SPACE><rule:rd_choice__19><rule:Rn__37><rule:COMMA><rule:Rm__19>	0	3f3e8c0ebb34eeb59b973d8c6b666af50137c2d7825c63003348002d7b0a1d8f	5e34540f09bcc7a1fd7c9480dbe30c7834514c3566209d1b8906e972d33538b7	SUB_r
T32/n/sftdpi/shift16_imm/MOV_r_T2	ASR	ASR	ASR<rule:AL_option__4><rule:qn_option_choice><rule:SPACE><rule:rd_choice__20><rule:Rm__10><rule:COMMA><rule:hash><rule:imm__7>	0	d94ce117b1b79bc1f9602e6ec5e26bd616eae39b1fa39c75aab21af82bb6a157	afcc823f48431f3981a861832ed08bea6b2afde2b35e26bd6fd0ad62bb224a7a	ASR_MOV_r
T32/n/sftdpi/shift16_imm/MOV_r_T2	ASRS	ASRS	ASRS<rule:qn_option_choice><rule:SPACE><rule:rd_choice__20><rule:Rm__10><rule:COMMA><rule:hash><rule:imm__7>	0	d94ce117b1b79bc1f9602e6ec5e26bd616eae39b1fa39c75aab21af82bb6a157	5e34540f09bcc7a1fd7c9480dbe30c7834514c3566209d1b8906e972d33538b7	ASRS_MOV_r
T32/n/sftdpi/shift16_imm/MOV_r_T2	LSL	LSL	LSL<rule:AL_option__4><rule:qn_option_choice><rule:SPACE><rule:rd_choice__20><rule:Rm__10><rule:COMMA><rule:hash><rule:imm__118>	0	faf4c2731f3eb052799c1144ae02789ca78b6cc7178dd7b0ab842356d624fd87	afcc823f48431f3981a861832ed08bea6b2afde2b35e26bd6fd0ad62bb224a7a	LSL_MOV_r
T32/n/sftdpi/shift16_imm/MOV_r_T2	LSLS	LSLS	LSLS<rule:qn_option_choice><rule:SPACE><rule:rd_choice__20><rule:Rm__10><rule:COMMA><rule:hash><rule:imm__118>	0	faf4c2731f3eb052799c1144ae02789ca78b6cc7178dd7b0ab842356d624fd87	5e34540f09bcc7a1fd7c9480dbe30c7834514c3566209d1b8906e972d33538b7	LSLS_MOV_r
T32/n/sftdpi/shift16_imm/MOV_r_T2	LSR	LSR	LSR<rule:AL_option__4><rule:qn_option_choice><rule:SPACE><rule:rd_choice__20><rule:Rm__10><rule:COMMA><rule:hash><rule:imm__11>	0	357971daa6c1027e95e94aba095997f4a5e3bfb56e1cd6e3dbf466b1ecb1821f	afcc823f48431f3981a861832ed08bea6b2afde2b35e26bd6fd0ad62bb224a7a	LSR_MOV_r
T32/n/sftdpi/shift16_imm/MOV_r_T2	LSRS	LSRS	LSRS<rule:qn_option_choice><rule:SPACE><rule:rd_choice__20><rule:Rm__10><rule:COMMA><rule:hash><rule:imm__11>	0	357971daa6c1027e95e94aba095997f4a5e3bfb56e1cd6e3dbf466b1ecb1821f	5e34540f09bcc7a1fd7c9480dbe30c7834514c3566209d1b8906e972d33538b7	LSRS_MOV_r
T32/n/sftdpi/shift16_imm/MOV_r_T2	T2B	MOVS	MOVS<rule:qn_option_choice><rule:SPACE><rule:Rd__25><rule:COMMA><rule:Rm__10><rule:OPT_SPACE><rule:shift_option_amount_choice__7>	0	a3853f3705129908d41e9e70a696ad6e44f6bd54508c2dfdfcb278290dfa6e39	5e34540f09bcc7a1fd7c9480dbe30c7834514c3566209d1b8906e972d33538b7	MOV_r
T32/n/spcd/addsub16_2h/ADD_r_T2	T2B	ADD	ADD<rule:AL_option__4><rule:qn_option_choice><rule:SPACE><rule:DN_Rdn><rule:COMMA><rule:Rm__20>	0	2500bfc671178ae1e148042755bb70951d3fe006ca520bc47c2ff87fd547aff2	afcc823f48431f3981a861832ed08bea6b2afde2b35e26bd6fd0ad62bb224a7a	ADD_r
T32/w/bcrtrl/b/B_T4	T4B	B	B<rule:al_option_choice__6><rule:DOT>W<rule:SPACE><rule:S_J1_J2_imm10_imm11>	0	3f3e8c0ebb34eeb59b973d8c6b666af50137c2d7825c63003348002d7b0a1d8f	72d547d826f026bd7f89bd9158348a74e9db133bc7116b0948fb7f07f24aad44	B
T32/w/bcrtrl/bcond/B_T3	T3B	B	B<rule:c__7><rule:qn_option_choice><rule:SPACE><rule:S_J2_J1_imm6_imm11>	0	1a5a7e80cd1d97ba6c83671e37119a4ba2c8e2f9594ac75114682aba512b0194	c3523feb9690c0f7bc98bd80e90e39f77bd6fc3b388683617c8294b8bc2103df	B
T32/w/bcrtrl/except/UDF_T2	T2B	UDF	UDF<rule:al_option_choice__5><rule:DOT>W<rule:SPACE><rule:opt_hash><rule:imm4_imm12__3>	0	3f3e8c0ebb34eeb59b973d8c6b666af50137c2d7825c63003348002d7b0a1d8f	09a859e282040b2a09e3b6c5e3e69d18c20515803ae3f83d80ed4db35617eab1	UDF
T32/w/cpaf/simddp/simd_3same/VACGE_T1_D	VACLE	VACLE	VACLE<rule:al_option_choice__6><rule:qn_option_choice><rule:DOT><rule:dt_option__5><rule:SPACE><rule:d_vd_choice><rule:N_Vn><rule:COMMA><rule:M_Vm>	0	3f3e8c0ebb34eeb59b973d8c6b666af50137c2d7825c63003348002d7b0a1d8f	850f8e42ca7684e4cadd817bea33cd2105d151a5bf077b3f35a6ed77d5b639bd	VACLE_VACGE
T32/w/cpaf/simddp/simd_3same/VACGE_T1_Q	VACLE	VACLE	VACLE<rule:al_option_choice__6><rule:qn_option_choice><rule:DOT><rule:dt_option__5><rule:SPACE><rule:d_vd_choice__2><rule:N_Vn__2><rule:COMMA><rule:M_Vm__5>	0	3f3e8c0ebb34eeb59b973d8c6b666af50137c2d7825c63003348002d7b0a1d8f	850f8e42ca7684e4cadd817bea33cd2105d151a5bf077b3f35a6ed77d5b639bd	VACLE_VACGE
T32/w/cpaf/simddp/simd_3same/VACGT_T1_D	VACLT	VACLT	VACLT<rule:al_option_choice__6><rule:qn_option_choice><rule:DOT><rule:dt_option__5><rule:SPACE><rule:d_vd_choice><rule:N_Vn><rule:COMMA><rule:M_Vm>	0	3f3e8c0ebb34eeb59b973d8c6b666af50137c2d7825c63003348002d7b0a1d8f	850f8e42ca7684e4cadd817bea33cd2105d151a5bf077b3f35a6ed77d5b639bd	VACLT_VACGT
T32/w/cpaf/simddp/simd_3same/VACGT_T1_Q	VACLT	VACLT	VACLT<rule:al_option_choice__6><rule:qn_option_choice><rule:DOT><rule:dt_option__5><rule:SPACE><rule:d_vd_choice__2><rule:N_Vn__2><rule:COMMA><rule:M_Vm__5>	0	3f3e8c0ebb34eeb59b973d8c6b666af50137c2d7825c63003348002d7b0a1d8f	850f8e42ca7684e4cadd817bea33cd2105d151a5bf077b3f35a6ed77d5b639bd	VACLT_VACGT
T32/w/cpaf/simddp/simd_3same/VCGE_r_T1_D	VCLE	VCLE	VCLE<rule:al_option_choice__6><rule:qn_option_choice><rule:DOT><rule:dt_option__10><rule:SPACE><rule:d_vd_choice><rule:N_Vn><rule:COMMA><rule:M_Vm>	0	3f3e8c0ebb34eeb59b973d8c6b666af50137c2d7825c63003348002d7b0a1d8f	850f8e42ca7684e4cadd817bea33cd2105d151a5bf077b3f35a6ed77d5b639bd	VCLE_VCGE_r
T32/w/cpaf/simddp/simd_3same/VCGE_r_T1_Q	VCLE	VCLE	VCLE<rule:al_option_choice__6><rule:qn_option_choice><rule:DOT><rule:dt_option__10><rule:SPACE><rule:d_vd_choice__2><rule:N_Vn__2><rule:COMMA><rule:M_Vm__5>	0	3f3e8c0ebb34eeb59b973d8c6b666af50137c2d7825c63003348002d7b0a1d8f	850f8e42ca7684e4cadd817bea33cd2105d151a5bf077b3f35a6ed77d5b639bd	VCLE_VCGE_r
T32/w/cpaf/simddp/simd_3same/VCGE_r_T2_D	VCLE	VCLE	VCLE<rule:al_option_choice__6><rule:qn_option_choice><rule:DOT><rule:dt_option__6><rule:SPACE><rule:d_vd_choice><rule:N_Vn><rule:COMMA><rule:M_Vm>	0	3f3e8c0ebb34eeb59b973d8c6b666af50137c2d7825c63003348002d7b0a1d8f	850f8e42ca7684e4cadd817bea33cd2105d151a5bf077b3f35a6ed77d5b639bd	VCLE_VCGE_r
T32/w/cpaf/simddp/simd_3same/VCGE_r_T2_Q	VCLE	VCLE	VCLE<rule:al_option_choice__6><rule:qn_option_choice><rule:DOT><rule:dt_option__6><rule:SPACE><rule:d_vd_choice__2><rule:N_Vn__2><rule:COMMA><rule:M_Vm__5>	0	3f3e8c0ebb34eeb59b973d8c6b666af50137c2d7825c63003348002d7b0a1d8f	850f8e42ca7684e4cadd817bea33cd2105d151a5bf077b3f35a6ed77d5b639bd	VCLE_VCGE_r
T32/w/cpaf/simddp/simd_3same/VCGT_r_T1_D	VCLT	VCLT	VCLT<rule:al_option_choice__6><rule:qn_option_choice><rule:DOT><rule:dt_option__10><rule:SPACE><rule:d_vd_choice><rule:N_Vn><rule:COMMA><rule:M_Vm>	0	3f3e8c0ebb34eeb59b973d8c6b666af50137c2d7825c63003348002d7b0a1d8f	850f8e42ca7684e4cadd817bea33cd2105d151a5bf077b3f35a6ed77d5b639bd	VCLT_VCGT_r
T32/w/cpaf/simddp/simd_3same/VCGT_r_T1_Q	VCLT	VCLT	VCLT<rule:al_option_choice__6><rule:qn_option_choice><rule:DOT><rule:dt_option__10><rule:SPACE><rule:d_vd_choice__2><rule:N_Vn__2><rule:COMMA><rule:M_Vm__5>	0	3f3e8c0ebb34eeb59b973d8c6b666af50137c2d7825c63003348002d7b0a1d8f	850f8e42ca7684e4cadd817bea33cd2105d151a5bf077b3f35a6ed77d5b639bd	VCLT_VCGT_r
T32/w/cpaf/simddp/simd_3same/VCGT_r_T2_D	VCLT	VCLT	VCLT<rule:al_option_choice__6><rule:qn_option_choice><rule:DOT><rule:dt_option__6><rule:SPACE><rule:d_vd_choice><rule:N_Vn><rule:COMMA><rule:M_Vm>	0	3f3e8c0ebb34eeb59b973d8c6b666af50137c2d7825c63003348002d7b0a1d8f	850f8e42ca7684e4cadd817bea33cd2105d151a5bf077b3f35a6ed77d5b639bd	VCLT_VCGT_r
T32/w/cpaf/simddp/simd_3same/VCGT_r_T2_Q	VCLT	VCLT	VCLT<rule:al_option_choice__6><rule:qn_option_choice><rule:DOT><rule:dt_option__6><rule:SPACE><rule:d_vd_choice__2><rule:N_Vn__2><rule:COMMA><rule:M_Vm__5>	0	3f3e8c0ebb34eeb59b973d8c6b666af50137c2d7825c63003348002d7b0a1d8f	850f8e42ca7684e4cadd817bea33cd2105d151a5bf077b3f35a6ed77d5b639bd	VCLT_VCGT_r
T32/w/cpaf/simddp/simd_3same/VORR_r_T1_D	VMOV	VMOV	VMOV<rule:al_option_choice__6><rule:qn_option_choice><rule:dot_dt_choice__3><rule:SPACE><rule:D_Vd><rule:COMMA><rule:N_Vn_M_Vm__2>	0	3f3e8c0ebb34eeb59b973d8c6b666af50137c2d7825c63003348002d7b0a1d8f	b09395c21abb1b6b752de44d9716dee1b9b3b86fe0427313cae219a55977c313	VMOV_VORR_r
T32/w/cpaf/simddp/simd_3same/VORR_r_T1_D	VRSHR	VRSHR	VRSHR<rule:al_option_choice__6><rule:qn_option_choice><rule:DOT><rule:dt__3><rule:SPACE><rule:D_Vd><rule:COMMA><rule:N_Vn_M_Vm__2><rule:COMMA><rule:hash>0	0	3f3e8c0ebb34eeb59b973d8c6b666af50137c2d7825c63003348002d7b0a1d8f	850f8e42ca7684e4cadd817bea33cd2105d151a5bf077b3f35a6ed77d5b639bd	VRSHR_VORR_r
T32/w/cpaf/simddp/simd_3same/VORR_r_T1_D	VSHR	VSHR	VSHR<rule:al_option_choice__6><rule:qn_option_choice><rule:DOT><rule:dt__3><rule:SPACE><rule:D_Vd><rule:COMMA><rule:N_Vn_M_Vm__2><rule:COMMA><rule:hash>0	0	3f3e8c0ebb34eeb59b973d8c6b666af50137c2d7825c63003348002d7b0a1d8f	850f8e42ca7684e4cadd817bea33cd2105d151a5bf077b3f35a6ed77d5b639bd	VSHR_VORR_r
T32/w/cpaf/simddp/simd_3same/VORR_r_T1_Q	VMOV	VMOV	VMOV<rule:al_option_choice__6><rule:qn_option_choice><rule:dot_dt_choice__3><rule:SPACE><rule:D_Vd__4><rule:COMMA><rule:N_Vn_M_Vm>	0	3f3e8c0ebb34eeb59b973d8c6b666af50137c2d7825c63003348002d7b0a1d8f	b09395c21abb1b6b752de44d9716dee1b9b3b86fe0427313cae219a55977c313	VMOV_VORR_r
T32/w/cpaf/simddp/simd_3same/VORR_r_T1_Q	VRSHR	VRSHR	VRSHR<rule:al_option_choice__6><rule:qn_option_choice><rule:DOT><rule:dt__3><rule:SPACE><rule:D_Vd__4><rule:COMMA><rule:N_Vn_M_Vm><rule:COMMA><rule:hash>0	0	3f3e8c0ebb34eeb59b973d8c6b666af50137c2d7825c63003348002d7b0a1d8f	850f8e42ca7684e4cadd817bea33cd2105d151a5bf077b3f35a6ed77d5b639bd	VRSHR_VORR_r
T32/w/cpaf/simddp/simd_3same/VORR_r_T1_Q	VSHR	VSHR	VSHR<rule:al_option_choice__6><rule:qn_option_choice><rule:DOT><rule:dt__3><rule:SPACE><rule:D_Vd__4><rule:COMMA><rule:N_Vn_M_Vm><rule:COMMA><rule:hash>0	0	3f3e8c0ebb34eeb59b973d8c6b666af50137c2d7825c63003348002d7b0a1d8f	850f8e42ca7684e4cadd817bea33cd2105d151a5bf077b3f35a6ed77d5b639bd	VSHR_VORR_r
T32/w/cpaf/simddp/t_simd_12reg/simd_1r_imm/VBIC_i_T1_D	VAND	VAND	VAND<rule:al_option_choice__6><rule:qn_option_choice><rule:DOT>I32<rule:SPACE><rule:d_vd_choice><rule:D_Vd><rule:COMMA><rule:hash><rule:imm__114>	0	3f3e8c0ebb34eeb59b973d8c6b666af50137c2d7825c63003348002d7b0a1d8f	850f8e42ca7684e4cadd817bea33cd2105d151a5bf077b3f35a6ed77d5b639bd	VAND_VBIC_i
T32/w/cpaf/simddp/t_simd_12reg/simd_1r_imm/VBIC_i_T1_Q	VAND	VAND	VAND<rule:al_option_choice__6><rule:qn_option_choice><rule:DOT>I32<rule:SPACE><rule:d_vd_choice__2><rule:D_Vd__4><rule:COMMA><rule:hash><rule:imm__114>	0	3f3e8c0ebb34eeb59b973d8c6b666af50137c2d7825c63003348002d7b0a1d8f	850f8e42ca7684e4cadd817bea33cd2105d151a5bf077b3f35a6ed77d5b639bd	VAND_VBIC_i
T32/w/cpaf/simddp/t_simd_12reg/simd_1r_imm/VBIC_i_T2_D	VAND	VAND	VAND<rule:al_option_choice__6><rule:qn_option_choice><rule:DOT>I16<rule:SPACE><rule:d_vd_choice><rule:D_Vd><rule:COMMA><rule:hash><rule:imm__114>	0	3f3e8c0ebb34eeb59b973d8c6b666af50137c2d7825c63003348002d7b0a1d8f	850f8e42ca7684e4cadd817bea33cd2105d151a5bf077b3f35a6ed77d5b639bd	VAND_VBIC_i
T32/w/cpaf/simddp/t_simd_12reg/simd_1r_imm/VBIC_i_T2_Q	VAND	VAND	VAND<rule:al_option_choice__6><rule:qn_option_choice><rule:DOT>I16<rule:SPACE><rule:d_vd_choice__2><rule:D_Vd__4><rule:COMMA><rule:hash><rule:imm__114>	0	3f3e8c0ebb34eeb59b973d8c6b666af50137c2d7825c63003348002d7b0a1d8f	850f8e42ca7684e4cadd817bea33cd2105d151a5bf077b3f35a6ed77d5b639bd	VAND_VBIC_i
T32/w/cpaf/simddp/t_simd_12reg/simd_1r_imm/VORR_i_T1_D	VORN	VORN	VORN<rule:al_option_choice__6><rule:qn_option_choice><rule:DOT>I32<rule:SPACE><rule:d_vd_choice><rule:D_Vd><rule:COMMA><rule:hash><rule:imm__114>	0	3f3e8c0ebb34eeb59b973d8c6b666af50137c2d7825c63003348002d7b0a1d8f	850f8e42ca7684e4cadd817bea33cd2105d151a5bf077b3f35a6ed77d5b639bd	VORN_VORR_i
T32/w/cpaf/simddp/t_simd_12reg/simd_1r_imm/VORR_i_T1_Q	VORN	VORN	VORN<rule:al_option_choice__6><rule:qn_option_choice><rule:DOT>I32<rule:SPACE><rule:d_vd_choice__2><rule:D_Vd__4><rule:COMMA><rule:hash><rule:imm__114>	0	3f3e8c0ebb34eeb59b973d8c6b666af50137c2d7825c63003348002d7b0a1d8f	850f8e42ca7684e4cadd817bea33cd2105d151a5bf077b3f35a6ed77d5b639bd	VORN_VORR_i
T32/w/cpaf/simddp/t_simd_12reg/simd_1r_imm/VORR_i_T2_D	VORN	VORN	VORN<rule:al_option_choice__6><rule:qn_option_choice><rule:DOT>I16<rule:SPACE><rule:d_vd_choice><rule:D_Vd><rule:COMMA><rule:hash><rule:imm__114>	0	3f3e8c0ebb34eeb59b973d8c6b666af50137c2d7825c63003348002d7b0a1d8f	850f8e42ca7684e4cadd817bea33cd2105d151a5bf077b3f35a6ed77d5b639bd	VORN_VORR_i
T32/w/cpaf/simddp/t_simd_12reg/simd_1r_imm/VORR_i_T2_Q	VORN	VORN	VORN<rule:al_option_choice__6><rule:qn_option_choice><rule:DOT>I16<rule:SPACE><rule:d_vd_choice__2><rule:D_Vd__4><rule:COMMA><rule:hash><rule:imm__114>	0	3f3e8c0ebb34eeb59b973d8c6b666af50137c2d7825c63003348002d7b0a1d8f	850f8e42ca7684e4cadd817bea33cd2105d151a5bf077b3f35a6ed77d5b639bd	VORN_VORR_i
T32/w/cpaf/simddp/t_simd_mulreg/simd_2r_misc/VMOVN_T1	VRSHRN	VRSHRN	VRSHRN<rule:al_option_choice__6><rule:qn_option_choice><rule:DOT><rule:dt_option__34><rule:SPACE><rule:D_Vd><rule:COMMA><rule:M_Vm__8><rule:COMMA><rule:hash>0	0	3f3e8c0ebb34eeb59b973d8c6b666af50137c2d7825c63003348002d7b0a1d8f	850f8e42ca7684e4cadd817bea33cd2105d151a5bf077b3f35a6ed77d5b639bd	VRSHRN_VMOVN
T32/w/cpaf/simddp/t_simd_mulreg/simd_2r_misc/VMOVN_T1	VSHRN	VSHRN	VSHRN<rule:al_option_choice__6><rule:qn_option_choice><rule:DOT><rule:dt_option__34><rule:SPACE><rule:D_Vd><rule:COMMA><rule:M_Vm__8><rule:COMMA><rule:hash>0	0	3f3e8c0ebb34eeb59b973d8c6b666af50137c2d7825c63003348002d7b0a1d8f	850f8e42ca7684e4cadd817bea33cd2105d151a5bf077b3f35a6ed77d5b639bd	VSHRN_VMOVN
T32/w/cpaf/simddp/t_simd_mulreg/simd_2r_misc/VQMOVN_T1	VQRSHRN	VQRSHRN	VQRSHRN<rule:al_option_choice__6><rule:qn_option_choice><rule:DOT><rule:dt_option__38><rule:SPACE><rule:D_Vd><rule:COMMA><rule:M_Vm__8><rule:COMMA><rule:hash>0	0	3f3e8c0ebb34eeb59b973d8c6b666af50137c2d7825c63003348002d7b0a1d8f	850f8e42ca7684e4cadd817bea33cd2105d151a5bf077b3f35a6ed77d5b639bd	VQRSHRN_VQMOVN
T32/w/cpaf/simddp/t_simd_mulreg/simd_2r_misc/VQMOVN_T1	VQSHRN	VQSHRN	VQSHRN<rule:al_option_choice__6><rule:qn_option_choice><rule:DOT><rule:dt_option__38><rule:SPACE><rule:D_Vd><rule:COMMA><rule:M_Vm__8><rule:COMMA><rule:hash>0	0	3f3e8c0ebb34eeb59b973d8c6b666af50137c2d7825c63003348002d7b0a1d8f	850f8e42ca7684e4cadd817bea33cd2105d151a5bf077b3f35a6ed77d5b639bd	VQSHRN_VQMOVN
T32/w/cpaf/simddp/t_simd_mulreg/simd_2r_misc/VQMOVUN_T1	VQRSHRUN	VQRSHRUN	VQRSHRUN<rule:al_option_choice__6><rule:qn_option_choice><rule:DOT><rule:dt_option__36><rule:SPACE><rule:D_Vd><rule:COMMA><rule:M_Vm__8><rule:COMMA><rule:hash>0	0	3f3e8c0ebb34eeb59b973d8c6b666af50137c2d7825c63003348002d7b0a1d8f	850f8e42ca7684e4cadd817bea33cd2105d151a5bf077b3f35a6ed77d5b639bd	VQRSHRUN_VQMOVN
T32/w/cpaf/simddp/t_simd_mulreg/simd_2r_misc/VQMOVUN_T1	VQSHRUN	VQSHRUN	VQSHRUN<rule:al_option_choice__6><rule:qn_option_choice><rule:DOT><rule:dt_option__36><rule:SPACE><rule:D_Vd><rule:COMMA><rule:M_Vm__8><rule:COMMA><rule:hash>0	0	3f3e8c0ebb34eeb59b973d8c6b666af50137c2d7825c63003348002d7b0a1d8f	850f8e42ca7684e4cadd817bea33cd2105d151a5bf077b3f35a6ed77d5b639bd	VQSHRUN_VQMOVN
T32/w/cpaf/simddp/t_simd_mulreg/simd_2r_misc/VTRN_T1_D	VUZP	VUZP	VUZP<rule:al_option_choice__6><rule:qn_option_choice><rule:DOT>32<rule:SPACE><rule:D_Vd><rule:COMMA><rule:M_Vm__2>	0	42f45048f171e1ce35cadac8c7cbe741adc561c41578ad70619a55ea6496ff21	850f8e42ca7684e4cadd817bea33cd2105d151a5bf077b3f35a6ed77d5b639bd	VUZP_VTRN
T32/w/cpaf/simddp/t_simd_mulreg/simd_2r_misc/VTRN_T1_D	VZIP	VZIP	VZIP<rule:al_option_choice__6><rule:qn_option_choice><rule:DOT>32<rule:SPACE><rule:D_Vd><rule:COMMA><rule:M_Vm__2>	0	42f45048f171e1ce35cadac8c7cbe741adc561c41578ad70619a55ea6496ff21	850f8e42ca7684e4cadd817bea33cd2105d151a5bf077b3f35a6ed77d5b639bd	VZIP_VTRN
T32/w/cpaf/simddp/t_simd_mulreg/simd_ext/VEXT_T1_D	VEXT	VEXT	VEXT<rule:al_option_choice__6><rule:qn_option_choice><rule:DOT><rule:size__7><rule:SPACE><rule:d_vd_choice><rule:N_Vn><rule:COMMA><rule:M_Vm><rule:COMMA><rule:hash><rule:imm__112>	0	3f3e8c0ebb34eeb59b973d8c6b666af50137c2d7825c63003348002d7b0a1d8f	850f8e42ca7684e4cadd817bea33cd2105d151a5bf077b3f35a6ed77d5b639bd	VEXT_VEXT
T32/w/cpaf/simddp/t_simd_mulreg/simd_ext/VEXT_T1_Q	VEXT	VEXT	VEXT<rule:al_option_choice__6><rule:qn_option_choice><rule:DOT><rule:size__6><rule:SPACE><rule:d_vd_choice__2><rule:N_Vn__2><rule:COMMA><rule:M_Vm__5><rule:COMMA><rule:hash><rule:imm__110>	0	3f3e8c0ebb34eeb59b973d8c6b666af50137c2d7825c63003348002d7b0a1d8f	850f8e42ca7684e4cadd817bea33cd2105d151a5bf077b3f35a6ed77d5b639bd	VEXT_VEXT
T32/w/cpaf/sysldst_mov64/cp_ldst/LDC_l_T1	T1B	LDC	LDC<rule:al_option_choice__4><rule:qn_option_choice><rule:SPACE>p14<rule:COMMA>c5<rule:COMMA>[PC<rule:COMMA><rule:hash><rule:plus_or_minus_option><rule:imm__100>]	0	887599ee1471df91940ea62e7061cd5a64343bd43030e45c54ade0a139d77d22	850f8e42ca7684e4cadd817bea33cd2105d151a5bf077b3f35a6ed77d5b639bd	LDC_l
T32/w/cpaf/sysldst_mov64/simdfp_ldst/VLDM_T1	T1B	VLDMIA	VLDMIA<rule:al_option_choice__4><rule:qn_option_choice><rule:dot_vstm_size_choice><rule:SPACE><rule:Rn__30><rule:bang_choice__3><rule:COMMA><rule:registers__11>	0	3f3e8c0ebb34eeb59b973d8c6b666af50137c2d7825c63003348002d7b0a1d8f	850f8e42ca7684e4cadd817bea33cd2105d151a5bf077b3f35a6ed77d5b639bd	VLDM
T32/w/cpaf/sysldst_mov64/simdfp_ldst/VLDM_T1	VPOP	VPOP	VPOP<rule:al_option_choice__4><rule:qn_option_choice><rule:dot_vstm_size_choice><rule:SPACE><rule:registers__11>	0	1a4b8a19cf569b1a26bcf6bbf248d792cff1553ec2befaf843bf64b6f9d89c01	3f3e8c0ebb34eeb59b973d8c6b666af50137c2d7825c63003348002d7b0a1d8f	VPOP_VLDM
T32/w/cpaf/sysldst_mov64/simdfp_ldst/VLDM_T2	T2B	VLDMIA	VLDMIA<rule:al_option_choice__4><rule:qn_option_choice><rule:dot_vstm_size_choice><rule:SPACE><rule:Rn__30><rule:bang_choice__3><rule:COMMA><rule:registers__10>	0	3f3e8c0ebb34eeb59b973d8c6b666af50137c2d7825c63003348002d7b0a1d8f	850f8e42ca7684e4cadd817bea33cd2105d151a5bf077b3f35a6ed77d5b639bd	VLDM
T32/w/cpaf/sysldst_mov64/simdfp_ldst/VLDM_T2	VPOP	VPOP	VPOP<rule:al_option_choice__4><rule:qn_option_choice><rule:dot_vstm_size_choice><rule:SPACE><rule:registers__10>	0	1a4b8a19cf569b1a26bcf6bbf248d792cff1553ec2befaf843bf64b6f9d89c01	3f3e8c0ebb34eeb59b973d8c6b666af50137c2d7825c63003348002d7b0a1d8f	VPOP_VLDM
T32/w/cpaf/sysldst_mov64/simdfp_ldst/VLDR_l_T1_D	T1B	VLDR	VLDR<rule:al_option_choice__4><rule:qn_option_choice><rule:dot_64_choice><rule:SPACE><rule:D_Vd><rule:COMMA>[PC<rule:COMMA><rule:hash><rule:plus_or_minus_option><rule:imm__97>]	0	3f3e8c0ebb34eeb59b973d8c6b666af50137c2d7825c63003348002d7b0a1d8f	850f8e42ca7684e4cadd817bea33cd2105d151a5bf077b3f35a6ed77d5b639bd	VLDR_l
T32/w/cpaf/sysldst_mov64/simdfp_ldst/VLDR_l_T1_H	T1B	VLDR	VLDR<rule:al_option_choice__4><rule:qn_option_choice><rule:DOT>16<rule:SPACE><rule:Vd_D><rule:COMMA>[PC<rule:COMMA><rule:hash><rule:plus_or_minus_option><rule:imm__96>]	144	955a5cf80a63af9ac2d800f2664950e63d21a803b6b654d235a9814c7be3cc70	850f8e42ca7684e4cadd817bea33cd2105d151a5bf077b3f35a6ed77d5b639bd	VLDR_l
T32/w/cpaf/sysldst_mov64/simdfp_ldst/VLDR_l_T1_S	T1B	VLDR	VLDR<rule:al_option_choice__4><rule:qn_option_choice><rule:dot_32_choice><rule:SPACE><rule:Vd_D><rule:COMMA>[PC<rule:COMMA><rule:hash><rule:plus_or_minus_option><rule:imm__97>]	0	3f3e8c0ebb34eeb59b973d8c6b666af50137c2d7825c63003348002d7b0a1d8f	850f8e42ca7684e4cadd817bea33cd2105d151a5bf077b3f35a6ed77d5b639bd	VLDR_l
T32/w/cpaf/sysldst_mov64/simdfp_ldst/VSTMDB_T1	VPUSH	VPUSH	VPUSH<rule:al_option_choice__4><rule:qn_option_choice><rule:dot_vstm_size_choice><rule:SPACE><rule:registers__11>	0	3efe8ccf41321a8087829e4d143d3d41095baefb7b854f6e7dbc205532b16c9f	3f3e8c0ebb34eeb59b973d8c6b666af50137c2d7825c63003348002d7b0a1d8f	VPUSH_VSTM
T32/w/cpaf/sysldst_mov64/simdfp_ldst/VSTMDB_T2	VPUSH	VPUSH	VPUSH<rule:al_option_choice__4><rule:qn_option_choice><rule:dot_vstm_size_choice><rule:SPACE><rule:registers__10>	0	3efe8ccf41321a8087829e4d143d3d41095baefb7b854f6e7dbc205532b16c9f	3f3e8c0ebb34eeb59b973d8c6b666af50137c2d7825c63003348002d7b0a1d8f	VPUSH_VSTM
T32/w/cpaf/sysldst_mov64/simdfp_ldst/VSTM_T1	T1B	VSTMIA	VSTMIA<rule:al_option_choice__4><rule:qn_option_choice><rule:dot_vstm_size_choice><rule:SPACE><rule:Rn__29><rule:bang_choice__3><rule:COMMA><rule:registers__11>	0	3f3e8c0ebb34eeb59b973d8c6b666af50137c2d7825c63003348002d7b0a1d8f	850f8e42ca7684e4cadd817bea33cd2105d151a5bf077b3f35a6ed77d5b639bd	VSTM
T32/w/cpaf/sysldst_mov64/simdfp_ldst/VSTM_T2	T2B	VSTMIA	VSTMIA<rule:al_option_choice__4><rule:qn_option_choice><rule:dot_vstm_size_choice><rule:SPACE><rule:Rn__29><rule:bang_choice__3><rule:COMMA><rule:registers__10>	0	3f3e8c0ebb34eeb59b973d8c6b666af50137c2d7825c63003348002d7b0a1d8f	850f8e42ca7684e4cadd817bea33cd2105d151a5bf077b3f35a6ed77d5b639bd	VSTM
T32/w/dpint_immm/ADDS_i_T3	T3B	ADDS	ADDS<rule:DOT>W<rule:SPACE><rule:rd_choice__19><rule:Rn__44><rule:COMMA><rule:hash><rule:i_imm3_imm8>	0	44c0c09360b62f2e10a07226fe6ffff0c775dc339fa534e1300fd3d1a541acd7	f3f13dd31fc3bdd1808f01c631b11b06771f3bb8c7aaf1072683fe398ae260d0	ADD_i
T32/w/dpint_immm/ADD_SP_i_T3	T3B	ADD	ADD<rule:al_option_choice__4><rule:DOT>W<rule:SPACE><rule:rd_choice__21><rule:SP><rule:COMMA><rule:hash><rule:i_imm3_imm8>	0	3f3e8c0ebb34eeb59b973d8c6b666af50137c2d7825c63003348002d7b0a1d8f	5ff13b8e97bc890b1802380ca64428f88d4d340a1e901ea8f7a09443e6823df9	ADD_SP_i
T32/w/dpint_immm/ADD_i_T3	T3B	ADD	ADD<rule:AL_option__4><rule:DOT>W<rule:SPACE><rule:rd_choice__19><rule:Rn__44><rule:COMMA><rule:hash><rule:i_imm3_imm8>	0	2356d48d64e7dfe7d9cf654084faa29e973ca06470038bab415c388dc517a1d7	064bd23055676349fdad5a210fff3486834c068d5f36d9b88b502257bc60d812	ADD_i
T32/w/dpint_immm/CMP_i_T2	T2B	CMP	CMP<rule:al_option_choice__4><rule:DOT>W<rule:SPACE><rule:Rn__38><rule:COMMA><rule:hash><rule:i_imm3_imm8>	0	3f3e8c0ebb34eeb59b973d8c6b666af50137c2d7825c63003348002d7b0a1d8f	c353e87ca27721da0e72725ef1d9d293200a3ee915f36bd50c5d2dac56ec4ef8	CMP_i
T32/w/dpint_immm/MOVS_i_T2	T2B	MOVS	MOVS<rule:DOT>W<rule:SPACE><rule:Rd__25><rule:COMMA><rule:hash><rule:i_imm3_imm8>	0	3f3e8c0ebb34eeb59b973d8c6b666af50137c2d7825c63003348002d7b0a1d8f	eb2398a2f08a1e7b0495c4b7ff820a464e5b514c493d951975b6e82d12a654e4	MOV_i
T32/w/dpint_immm/MOV_i_T2	T2B	MOV	MOV<rule:AL_option__4><rule:DOT>W<rule:SPACE><rule:Rd__25><rule:COMMA><rule:hash><rule:i_imm3_imm8>	0	3f3e8c0ebb34eeb59b973d8c6b666af50137c2d7825c63003348002d7b0a1d8f	bd4b24f98e702f5c681880fa9f3e01ccda8e88bb7813dedda9a29a5c900159a9	MOV_i
T32/w/dpint_immm/RSBS_i_T2	T2B	RSBS	RSBS<rule:DOT>W<rule:SPACE><rule:rd_choice__19><rule:Rn__38><rule:COMMA><rule:hash>0	0	3f3e8c0ebb34eeb59b973d8c6b666af50137c2d7825c63003348002d7b0a1d8f	5e34540f09bcc7a1fd7c9480dbe30c7834514c3566209d1b8906e972d33538b7	RSB_i
T32/w/dpint_immm/RSB_i_T2	T2B	RSB	RSB<rule:AL_option__4><rule:DOT>W<rule:SPACE><rule:rd_choice__19><rule:Rn__38><rule:COMMA><rule:hash>0	0	3f3e8c0ebb34eeb59b973d8c6b666af50137c2d7825c63003348002d7b0a1d8f	afcc823f48431f3981a861832ed08bea6b2afde2b35e26bd6fd0ad62bb224a7a	RSB_i
T32/w/dpint_immm/SUBS_i_T3	T3B	SUBS	SUBS<rule:DOT>W<rule:SPACE><rule:rd_choice__19><rule:Rn__45><rule:COMMA><rule:hash><rule:i_imm3_imm8>	0	44c0c09360b62f2e10a07226fe6ffff0c775dc339fa534e1300fd3d1a541acd7	f3f13dd31fc3bdd1808f01c631b11b06771f3bb8c7aaf1072683fe398ae260d0	SUB_i
T32/w/dpint_immm/SUB_SP_i_T2	T2B	SUB	SUB<rule:al_option_choice__4><rule:DOT>W<rule:SPACE><rule:rd_choice__21><rule:SP><rule:COMMA><rule:hash><rule:i_imm3_imm8>	0	3f3e8c0ebb34eeb59b973d8c6b666af50137c2d7825c63003348002d7b0a1d8f	f4d2a030866d18e3f97c31d9dc9834465d8ba0b0e56105ba775fde0294a743b7	SUB_SP_i
T32/w/dpint_immm/SUB_i_T3	T3B	SUB	SUB<rule:AL_option__4><rule:DOT>W<rule:SPACE><rule:rd_choice__19><rule:Rn__45><rule:COMMA><rule:hash><rule:i_imm3_imm8>	0	2356d48d64e7dfe7d9cf654084faa29e973ca06470038bab415c388dc517a1d7	064bd23055676349fdad5a210fff3486834c068d5f36d9b88b502257bc60d812	SUB_i
T32/w/dpint_shiftr/ADCS_r_T2	T2B	ADCS	ADCS<rule:DOT>W<rule:SPACE><rule:rd_choice__19><rule:Rn__37><rule:COMMA><rule:Rm__19>	0	5542c844827f2f4220b0897a7afaaa89e2e6d48f6ee2db579cc3e8e9d7369d5d	ca0adf7b4381887ca9518574aec4258a5d636b54310b1d3070d6b9d56417a23b	ADC_r
T32/w/dpint_shiftr/ADC_r_T2	T2B	ADC	ADC<rule:AL_option__4><rule:DOT>W<rule:SPACE><rule:rd_choice__19><rule:Rn__37><rule:COMMA><rule:Rm__19>	0	5542c844827f2f4220b0897a7afaaa89e2e6d48f6ee2db579cc3e8e9d7369d5d	24012b263dc8946c7989b9eb7fa5bc29e641e851fad11f5410e8599706311ce4	ADC_r
T32/w/dpint_shiftr/ADDS_r_T3	T3B	ADDS	ADDS<rule:DOT>W<rule:SPACE><rule:rd_choice__19><rule:Rn__42><rule:COMMA><rule:Rm__19>	0	7cc3effb667cf2dd5d59d9495bd46cf40e1667f3718427c7e5fa570ce5acf9f4	b9c037256d83dc79baca7a56cc8f9f59e6107052c2629a072a3dd1f80554bbd5	ADD_r
T32/w/dpint_shiftr/ADD_SP_r_T3	T3B	ADD	ADD<rule:al_option_choice__4><rule:DOT>W<rule:SPACE><rule:rd_choice__21><rule:SP><rule:COMMA><rule:Rm__19>	0	5542c844827f2f4220b0897a7afaaa89e2e6d48f6ee2db579cc3e8e9d7369d5d	9b8eb6623ccb471ede3b05678aea816e4cd264daf901c0b055a7649cb798cf6d	ADD_SP_r
T32/w/dpint_shiftr/ADD_r_T3	T3B	ADD	ADD<rule:AL_option__4><rule:DOT>W<rule:SPACE><rule:rd_choice__19><rule:Rn__42><rule:COMMA><rule:Rm__19>	0	a2aa3c58702259f39c201aaa346f292674e7629e97a4591983e231d7cf6e2a2a	e2c1faaf8ee5437996fd8125c99a683a423220dac9077c3128c948545261abdb	ADD_r
T32/w/dpint_shiftr/ADD_r_T3	T3C	ADD	ADD<rule:al_option_choice__4><rule:DOT>W<rule:SPACE><rule:rd_choice__19><rule:Rn__42><rule:COMMA><rule:Rm__19>	0	a2aa3c58702259f39c201aaa346f292674e7629e97a4591983e231d7cf6e2a2a	6901806429673a6afc21271d8e4313007cfd3504592c4f3683263390d353e43f	ADD_r
T32/w/dpint_shiftr/ANDS_r_T2	T2B	ANDS	ANDS<rule:DOT>W<rule:SPACE><rule:rd_choice__19><rule:Rn__37><rule:COMMA><rule:Rm__19>	0	89b233ffa80de80187ecd24068977db1a86c3eb5f9a3fd3d6e0b648822258d38	ca0adf7b4381887ca9518574aec4258a5d636b54310b1d3070d6b9d56417a23b	AND_r
T32/w/dpint_shiftr/AND_r_T2	T2B	AND	AND<rule:AL_option__4><rule:DOT>W<rule:SPACE><rule:rd_choice__19><rule:Rn__37><rule:COMMA><rule:Rm__19>	0	5542c844827f2f4220b0897a7afaaa89e2e6d48f6ee2db579cc3e8e9d7369d5d	24012b263dc8946c7989b9eb7fa5bc29e641e851fad11f5410e8599706311ce4	AND_r
T32/w/dpint_shiftr/BICS_r_T2	T2B	BICS	BICS<rule:DOT>W<rule:SPACE><rule:rd_choice__19><rule:Rn__37><rule:COMMA><rule:Rm__19>	0	5542c844827f2f4220b0897a7afaaa89e2e6d48f6ee2db579cc3e8e9d7369d5d	ca0adf7b4381887ca9518574aec4258a5d636b54310b1d3070d6b9d56417a23b	BIC_r
T32/w/dpint_shiftr/BIC_r_T2	T2B	BIC	BIC<rule:AL_option__4><rule:DOT>W<rule:SPACE><rule:rd_choice__19><rule:Rn__37><rule:COMMA><rule:Rm__19>	0	5542c844827f2f4220b0897a7afaaa89e2e6d48f6ee2db579cc3e8e9d7369d5d	24012b263dc8946c7989b9eb7fa5bc29e641e851fad11f5410e8599706311ce4	BIC_r
T32/w/dpint_shiftr/CMN_r_T2	T2B	CMN	CMN<rule:al_option_choice__4><rule:DOT>W<rule:SPACE><rule:Rn__37><rule:COMMA><rule:Rm__19>	0	5542c844827f2f4220b0897a7afaaa89e2e6d48f6ee2db579cc3e8e9d7369d5d	fdad78a1aeed89e94f0babef9dd201e8a02d26ec5d81cbd32628dcf4999649ec	CMN_r
T32/w/dpint_shiftr/CMP_r_T3	T3B	CMP	CMP<rule:al_option_choice__4><rule:DOT>W<rule:SPACE><rule:Rn__37><rule:COMMA><rule:Rm__19>	0	5542c844827f2f4220b0897a7afaaa89e2e6d48f6ee2db579cc3e8e9d7369d5d	bd894daf4ba4e7be530771f75f5eb8046f45df67685737509ab6375c6f8ed900	CMP_r
T32/w/dpint_shiftr/EORS_r_T2	T2B	EORS	EORS<rule:DOT>W<rule:SPACE><rule:rd_choice__19><rule:Rn__37><rule:COMMA><rule:Rm__19>	0	89b233ffa80de80187ecd24068977db1a86c3eb5f9a3fd3d6e0b648822258d38	ca0adf7b4381887ca9518574aec4258a5d636b54310b1d3070d6b9d56417a23b	EOR_r
T32/w/dpint_shiftr/EOR_r_T2	T2B	EOR	EOR<rule:AL_option__4><rule:DOT>W<rule:SPACE><rule:rd_choice__19><rule:Rn__37><rule:COMMA><rule:Rm__19>	0	5542c844827f2f4220b0897a7afaaa89e2e6d48f6ee2db579cc3e8e9d7369d5d	24012b263dc8946c7989b9eb7fa5bc29e641e851fad11f5410e8599706311ce4	EOR_r
T32/w/dpint_shiftr/MOVS_r_T3	ASRS	ASRS	ASRS<rule:al_option_choice__4><rule:qn_option_choice><rule:SPACE><rule:rd_choice__20><rule:Rm__10><rule:COMMA><rule:hash><rule:imm3_imm2__5>	0	485a597984f25e48e2e13bdf90499655cb4c3be2a0844fb9ddcc6c56b8992729	3f3e8c0ebb34eeb59b973d8c6b666af50137c2d7825c63003348002d7b0a1d8f	ASRS_MOV_r
T32/w/dpint_shiftr/MOVS_r_T3	ASRSB	ASRS	ASRS<rule:DOT>W<rule:SPACE><rule:rd_choice__20><rule:Rm__10><rule:COMMA><rule:hash><rule:imm3_imm2__5>	0	5542c844827f2f4220b0897a7afaaa89e2e6d48f6ee2db579cc3e8e9d7369d5d	3f3e8c0ebb34eeb59b973d8c6b666af50137c2d7825c63003348002d7b0a1d8f	ASRS_MOV_r
T32/w/dpint_shiftr/MOVS_r_T3	LSLS	LSLS	LSLS<rule:al_option_choice__4><rule:qn_option_choice><rule:SPACE><rule:rd_choice__20><rule:Rm__10><rule:COMMA><rule:hash><rule:imm3_imm2__4>	0	b7b6fca8a3e8349ae4e617af24856295d53e5efb8000c00b74ac748e2e5eda2d	3f3e8c0ebb34eeb59b973d8c6b666af50137c2d7825c63003348002d7b0a1d8f	LSLS_MOV_r
T32/w/dpint_shiftr/MOVS_r_T3	LSLSB	LSLS	LSLS<rule:DOT>W<rule:SPACE><rule:rd_choice__20><rule:Rm__10><rule:COMMA><rule:hash><rule:imm3_imm2__4>	0	5542c844827f2f4220b0897a7afaaa89e2e6d48f6ee2db579cc3e8e9d7369d5d	3f3e8c0ebb34eeb59b973d8c6b666af50137c2d7825c63003348002d7b0a1d8f	LSLS_MOV_r
T32/w/dpint_shiftr/MOVS_r_T3	LSRS	LSRS	LSRS<rule:al_option_choice__4><rule:qn_option_choice><rule:SPACE><rule:rd_choice__20><rule:Rm__10><rule:COMMA><rule:hash><rule:imm3_imm2__3>	0	2f76f432ce1e26c629271bca594657d3a8d9b354380dd622b11b416752abd038	3f3e8c0ebb34eeb59b973d8c6b666af50137c2d7825c63003348002d7b0a1d8f	LSRS_MOV_r
T32/w/dpint_shiftr/MOVS_r_T3	LSRSB	LSRS	LSRS<rule:DOT>W<rule:SPACE><rule:rd_choice__20><rule:Rm__10><rule:COMMA><rule:hash><rule:imm3_imm2__3>	0	5542c844827f2f4220b0897a7afaaa89e2e6d48f6ee2db579cc3e8e9d7369d5d	3f3e8c0ebb34eeb59b973d8c6b666af50137c2d7825c63003348002d7b0a1d8f	LSRS_MOV_r
T32/w/dpint_shiftr/MOVS_r_T3	RORS	RORS	RORS<rule:al_option_choice__4><rule:qn_option_choice><rule:SPACE><rule:rd_choice__20><rule:Rm__10><rule:COMMA><rule:hash><rule:imm3_imm2__6>	0	02d96ad32b11c3a914a15510dd35da9092ac89b8fc4dbe2171d1de05793f59dc	3f3e8c0ebb34eeb59b973d8c6b666af50137c2d7825c63003348002d7b0a1d8f	RORS_MOV_r
T32/w/dpint_shiftr/MOVS_r_T3	T3B	MOVS	MOVS<rule:DOT>W<rule:SPACE><rule:Rd__25><rule:COMMA><rule:Rm__10><rule:OPT_SPACE><rule:shift_option_imm3_imm2_choice__2>	0	5542c844827f2f4220b0897a7afaaa89e2e6d48f6ee2db579cc3e8e9d7369d5d	80ed10fd21f229300d2e98bbd63fb627db381faee08f81ab9e5c767898879495	MOV_r
T32/w/dpint_shiftr/MOVS_r_T3_RRX	RRXS	RRXS	RRXS<rule:al_option_choice__4><rule:qn_option_choice><rule:SPACE><rule:rd_choice__20><rule:Rm__10>	0	c8bb658364bd0773ed24591c4c852eca69379809cc68982cbe3593330fa7d6aa	3f3e8c0ebb34eeb59b973d8c6b666af50137c2d7825c63003348002d7b0a1d8f	RRXS_MOV_r
T32/w/dpint_shiftr/MOV_r_T3	ASR	ASR	ASR<rule:al_option_choice__4><rule:qn_option_choice><rule:SPACE><rule:rd_choice__20><rule:Rm__10><rule:COMMA><rule:hash><rule:imm3_imm2__5>	0	49e2c8182034d5ac0812fbfbc819465e7b220da28b5273bbaadea85c693b6dfa	3f3e8c0ebb34eeb59b973d8c6b666af50137c2d7825c63003348002d7b0a1d8f	ASR_MOV_r
T32/w/dpint_shiftr/MOV_r_T3	ASRB	ASR	ASR<rule:AL_option__4><rule:DOT>W<rule:SPACE><rule:rd_choice__20><rule:Rm__10><rule:COMMA><rule:hash><rule:imm3_imm2__5>	0	5542c844827f2f4220b0897a7afaaa89e2e6d48f6ee2db579cc3e8e9d7369d5d	3f3e8c0ebb34eeb59b973d8c6b666af50137c2d7825c63003348002d7b0a1d8f	ASR_MOV_r
T32/w/dpint_shiftr/MOV_r_T3	LSL	LSL	LSL<rule:al_option_choice__4><rule:qn_option_choice><rule:SPACE><rule:rd_choice__20><rule:Rm__10><rule:COMMA><rule:hash><rule:imm3_imm2__4>	0	c0cc603a5fc5c4c7763e04d2d29199bf0a4054ab5a5beba5ebd1db27895da95f	3f3e8c0ebb34eeb59b973d8c6b666af50137c2d7825c63003348002d7b0a1d8f	LSL_MOV_r
T32/w/dpint_shiftr/MOV_r_T3	LSLB	LSL	LSL<rule:AL_option__4><rule:DOT>W<rule:SPACE><rule:rd_choice__20><rule:Rm__10><rule:COMMA><rule:hash><rule:imm3_imm2__4>	0	5542c844827f2f4220b0897a7afaaa89e2e6d48f6ee2db579cc3e8e9d7369d5d	3f3e8c0ebb34eeb59b973d8c6b666af50137c2d7825c63003348002d7b0a1d8f	LSL_MOV_r
T32/w/dpint_shiftr/MOV_r_T3	LSR	LSR	LSR<rule:al_option_choice__4><rule:qn_option_choice><rule:SPACE><rule:rd_choice__20><rule:Rm__10><rule:COMMA><rule:hash><rule:imm3_imm2__3>	0	4edc2a2501f9a7e2347f815b1f3ffbcb610190281a6420dd35e55800950978b9	3f3e8c0ebb34eeb59b973d8c6b666af50137c2d7825c63003348002d7b0a1d8f	LSR_MOV_r
T32/w/dpint_shiftr/MOV_r_T3	LSRB	LSR	LSR<rule:AL_option__4><rule:DOT>W<rule:SPACE><rule:rd_choice__20><rule:Rm__10><rule:COMMA><rule:hash><rule:imm3_imm2__3>	0	5542c844827f2f4220b0897a7afaaa89e2e6d48f6ee2db579cc3e8e9d7369d5d	3f3e8c0ebb34eeb59b973d8c6b666af50137c2d7825c63003348002d7b0a1d8f	LSR_MOV_r
T32/w/dpint_shiftr/MOV_r_T3	ROR	ROR	ROR<rule:al_option_choice__4><rule:qn_option_choice><rule:SPACE><rule:rd_choice__20><rule:Rm__10><rule:COMMA><rule:hash><rule:imm3_imm2__6>	0	ff054ca5b2305c33a50b588c6a379f692001993cc25d76f8e5f86ed87acda341	3f3e8c0ebb34eeb59b973d8c6b666af50137c2d7825c63003348002d7b0a1d8f	ROR_MOV_r
T32/w/dpint_shiftr/MOV_r_T3	T3B	MOV	MOV<rule:al_option_choice__4><rule:DOT>W<rule:SPACE><rule:Rd__25><rule:COMMA><rule:Rm__10><rule:OPT_SPACE><rule:lsl0_choice>	0	5542c844827f2f4220b0897a7afaaa89e2e6d48f6ee2db579cc3e8e9d7369d5d	bd894daf4ba4e7be530771f75f5eb8046f45df67685737509ab6375c6f8ed900	MOV_r
T32/w/dpint_shiftr/MOV_r_T3	T3C	MOV	MOV<rule:AL_option__4><rule:DOT>W<rule:SPACE><rule:Rd__25><rule:COMMA><rule:Rm__10><rule:OPT_SPACE><rule:shift_option_imm3_imm2_choice__2>	0	5542c844827f2f4220b0897a7afaaa89e2e6d48f6ee2db579cc3e8e9d7369d5d	5b8d2b4d298166a7e30655501773ce7cb0aad80cafa556f632602f8b6464a95e	MOV_r
T32/w/dpint_shiftr/MOV_r_T3_RRX	RRX	RRX	RRX<rule:al_option_choice__4><rule:qn_option_choice><rule:SPACE><rule:rd_choice__20><rule:Rm__10>	0	0112e36e8083bee167a929ff76aaf3e72306017b641eab6947937b574a532fbd	3f3e8c0ebb34eeb59b973d8c6b666af50137c2d7825c63003348002d7b0a1d8f	RRX_MOV_r
T32/w/dpint_shiftr/MVNS_r_T2	T2B	MVNS	MVNS<rule:DOT>W<rule:SPACE><rule:Rd__25><rule:COMMA><rule:Rm__10>	0	5542c844827f2f4220b0897a7afaaa89e2e6d48f6ee2db579cc3e8e9d7369d5d	82a23fee9b03bb1d0e9682f30eb13c585e5edf798fbcd185fa515a43b231950a	MVN_r
T32/w/dpint_shiftr/MVN_r_T2	T2B	MVN	MVN<rule:AL_option__4><rule:DOT>W<rule:SPACE><rule:Rd__25><rule:COMMA><rule:Rm__10>	0	5542c844827f2f4220b0897a7afaaa89e2e6d48f6ee2db579cc3e8e9d7369d5d	8a4e0662ae8538a72696a3cc1ab155d98213428a491a933ec6147e47aa04fa61	MVN_r
T32/w/dpint_shiftr/ORRS_r_T2	T2B	ORRS	ORRS<rule:DOT>W<rule:SPACE><rule:rd_choice__19><rule:Rn__37><rule:COMMA><rule:Rm__19>	0	7e608b5f93e7ee8b2284bc4fcdf3790eaf376cb98294e96322931968c924b4bc	ca0adf7b4381887ca9518574aec4258a5d636b54310b1d3070d6b9d56417a23b	ORR_r
T32/w/dpint_shiftr/ORR_r_T2	T2B	ORR	ORR<rule:AL_option__4><rule:DOT>W<rule:SPACE><rule:rd_choice__19><rule:Rn__37><rule:COMMA><rule:Rm__19>	0	7e608b5f93e7ee8b2284bc4fcdf3790eaf376cb98294e96322931968c924b4bc	24012b263dc8946c7989b9eb7fa5bc29e641e851fad11f5410e8599706311ce4	ORR_r
T32/w/dpint_shiftr/SBCS_r_T2	T2B	SBCS	SBCS<rule:DOT>W<rule:SPACE><rule:rd_choice__19><rule:Rn__37><rule:COMMA><rule:Rm__19>	0	5542c844827f2f4220b0897a7afaaa89e2e6d48f6ee2db579cc3e8e9d7369d5d	ca0adf7b4381887ca9518574aec4258a5d636b54310b1d3070d6b9d56417a23b	SBC_r
T32/w/dpint_shiftr/SBC_r_T2	T2B	SBC	SBC<rule:AL_option__4><rule:DOT>W<rule:SPACE><rule:rd_choice__19><rule:Rn__37><rule:COMMA><rule:Rm__19>	0	5542c844827f2f4220b0897a7afaaa89e2e6d48f6ee2db579cc3e8e9d7369d5d	24012b263dc8946c7989b9eb7fa5bc29e641e851fad11f5410e8599706311ce4	SBC_r
T32/w/dpint_shiftr/SUBS_r_T2	T2B	SUBS	SUBS<rule:DOT>W<rule:SPACE><rule:rd_choice__19><rule:Rn__43><rule:COMMA><rule:Rm__19>	0	7cc3effb667cf2dd5d59d9495bd46cf40e1667f3718427c7e5fa570ce5acf9f4	6823464306f95beecba30a230f51b72d0b68eaed7de0053dd2867e4f08d0cac0	SUB_r
T32/w/dpint_shiftr/SUB_SP_r_T1	T1B	SUB	SUB<rule:al_option_choice__4><rule:DOT>W<rule:SPACE><rule:rd_choice__21><rule:SP><rule:COMMA><rule:Rm__19>	0	5542c844827f2f4220b0897a7afaaa89e2e6d48f6ee2db579cc3e8e9d7369d5d	850f8e42ca7684e4cadd817bea33cd2105d151a5bf077b3f35a6ed77d5b639bd	SUB_SP_r
T32/w/dpint_shiftr/SUB_r_T2	T2B	SUB	SUB<rule:AL_option__4><rule:DOT>W<rule:SPACE><rule:rd_choice__19><rule:Rn__43><rule:COMMA><rule:Rm__19>	0	a2aa3c58702259f39c201aaa346f292674e7629e97a4591983e231d7cf6e2a2a	e2c1faaf8ee5437996fd8125c99a683a423220dac9077c3128c948545261abdb	SUB_r
T32/w/dpint_shiftr/TST_r_T2	T2B	TST	TST<rule:al_option_choice__4><rule:DOT>W<rule:SPACE><rule:Rn__37><rule:COMMA><rule:Rm__19>	0	5542c844827f2f4220b0897a7afaaa89e2e6d48f6ee2db579cc3e8e9d7369d5d	fdad78a1aeed89e94f0babef9dd201e8a02d26ec5d81cbd32628dcf4999649ec	TST_r
T32/w/dstd/lddlit/LDRD_l_T1	T1B	LDRD	LDRD<rule:al_option_choice__4><rule:qn_option_choice><rule:SPACE><rule:Rt__19><rule:COMMA><rule:Rt2__7><rule:COMMA>[PC<rule:COMMA><rule:hash><rule:plus_or_minus_option><rule:imm__130>]	0	266beb25869b29b305f2934ad23d2c3c4f8aee2ceb212dec2d5eefa3394418c0	850f8e42ca7684e4cadd817bea33cd2105d151a5bf077b3f35a6ed77d5b639bd	LDRD_l
T32/w/imm/dpint_imms/ADD_SP_i_T4	T4B	ADDW	ADDW<rule:al_option_choice__4><rule:qn_option_choice><rule:SPACE><rule:rd_choice__21><rule:SP><rule:COMMA><rule:hash><rule:i_imm3_imm8__3>	0	3f3e8c0ebb34eeb59b973d8c6b666af50137c2d7825c63003348002d7b0a1d8f	63b30b6a8ccc5152b1b5441d9f971c2b8c7b8fd582d00aec23ea186952686024	ADD_SP_i
T32/w/imm/dpint_imms/ADD_i_T4	T4B	ADDW	ADDW<rule:al_option_choice__4><rule:qn_option_choice><rule:SPACE><rule:rd_choice__19><rule:Rn__24><rule:COMMA><rule:hash><rule:i_imm3_imm8__3>	0	7a1a06c5b35f6c7f13432a2a46cd9db015dd581aa26f794c1da6f35df8fc2799	8c3c2ac84bff2bafee09249438e06ace198e89b41dba8b95354e2d663af6cde4	ADD_i
T32/w/imm/dpint_imms/ADR_T2	SUB	SUB	SUB<rule:al_option_choice__4><rule:qn_option_choice><rule:SPACE><rule:Rd__25><rule:COMMA>PC<rule:COMMA><rule:hash><rule:imm12>	0	3f3e8c0ebb34eeb59b973d8c6b666af50137c2d7825c63003348002d7b0a1d8f	415337b4f82aca862d9eaaf5b2e1f637009da72b5da270c4eed6c1fd4ff8768e	SUB_ADR
T32/w/imm/dpint_imms/ADR_T3	ADD	ADD	ADD<rule:al_option_choice__4><rule:qn_option_choice><rule:SPACE><rule:Rd__25><rule:COMMA>PC<rule:COMMA><rule:hash><rule:imm12>	0	3f3e8c0ebb34eeb59b973d8c6b666af50137c2d7825c63003348002d7b0a1d8f	850f8e42ca7684e4cadd817bea33cd2105d151a5bf077b3f35a6ed77d5b639bd	ADD_ADR
T32/w/imm/dpint_imms/ADR_T3	ADDB	ADDW	ADDW<rule:al_option_choice__4><rule:qn_option_choice><rule:SPACE><rule:Rd__25><rule:COMMA>PC<rule:COMMA><rule:hash><rule:imm12>	0	3f3e8c0ebb34eeb59b973d8c6b666af50137c2d7825c63003348002d7b0a1d8f	850f8e42ca7684e4cadd817bea33cd2105d151a5bf077b3f35a6ed77d5b639bd	ADD_ADR
T32/w/imm/dpint_imms/ADR_T3	T3B	ADR	ADR<rule:al_option_choice__4><rule:DOT>W<rule:SPACE><rule:Rd__25><rule:COMMA><rule:label__14>	0	3f3e8c0ebb34eeb59b973d8c6b666af50137c2d7825c63003348002d7b0a1d8f	f57905e8d2bf16b6d50ae70c86e147e548f70eaef474d9be8a130ec3b2d18fed	ADR_a32
T32/w/imm/dpint_imms/SUB_SP_i_T3	T3B	SUBW	SUBW<rule:al_option_choice__4><rule:qn_option_choice><rule:SPACE><rule:rd_choice__21><rule:SP><rule:COMMA><rule:hash><rule:i_imm3_imm8__3>	0	3f3e8c0ebb34eeb59b973d8c6b666af50137c2d7825c63003348002d7b0a1d8f	771df1c015cad15df92e74f5ef2894619ae49f9cf5ab0d4b2fbb16176f51147a	SUB_SP_i
T32/w/imm/dpint_imms/SUB_i_T4	T4B	SUBW	SUBW<rule:al_option_choice__4><rule:qn_option_choice><rule:SPACE><rule:rd_choice__19><rule:Rn__23><rule:COMMA><rule:hash><rule:i_imm3_imm8__3>	0	7a1a06c5b35f6c7f13432a2a46cd9db015dd581aa26f794c1da6f35df8fc2799	8c3c2ac84bff2bafee09249438e06ace198e89b41dba8b95354e2d663af6cde4	SUB_i
T32/w/imm/movw/MOV_i_T3	T3B	MOVW	MOVW<rule:al_option_choice__4><rule:qn_option_choice><rule:SPACE><rule:Rd__25><rule:COMMA><rule:hash><rule:imm4_i_imm3_imm8>	0	3f3e8c0ebb34eeb59b973d8c6b666af50137c2d7825c63003348002d7b0a1d8f	403be6b40e67eb4a5dcedd8ccc60ea6419ec8c0d31186326362cdd142a0f85f4	MOV_i
T32/w/ldst/ldlit_signed/LDRSB_l_T1	T1B	LDRSB	LDRSB<rule:al_option_choice__4><rule:qn_option_choice><rule:SPACE><rule:Rt><rule:COMMA>[PC<rule:COMMA><rule:hash><rule:plus_or_minus_option><rule:imm__133>]	0	fe550465c7f1df432302ecab51be4da8b06b90586f3e20f7fe98d5abe94a70b5	850f8e42ca7684e4cadd817bea33cd2105d151a5bf077b3f35a6ed77d5b639bd	LDRSB_l
T32/w/ldst/ldlit_signed/LDRSH_l_T1	T1B	LDRSH	LDRSH<rule:al_option_choice__4><rule:qn_option_choice><rule:SPACE><rule:Rt><rule:COMMA>[PC<rule:COMMA><rule:hash><rule:plus_or_minus_option><rule:imm__133>]	0	fe550465c7f1df432302ecab51be4da8b06b90586f3e20f7fe98d5abe94a70b5	850f8e42ca7684e4cadd817bea33cd2105d151a5bf077b3f35a6ed77d5b639bd	LDRSH_l
T32/w/ldst/ldlit_signed/PLI_i_T3	T3B	PLI	PLI<rule:al_option_choice__6><rule:qn_option_choice><rule:SPACE>[PC<rule:COMMA><rule:hash><rule:plus_or_minus_option><rule:imm__133>]	0	3f3e8c0ebb34eeb59b973d8c6b666af50137c2d7825c63003348002d7b0a1d8f	850f8e42ca7684e4cadd817bea33cd2105d151a5bf077b3f35a6ed77d5b639bd	PLI_i
T32/w/ldst/ldlit_unsigned/LDRB_l_T1	T1B	LDRB	LDRB<rule:al_option_choice__4><rule:qn_option_choice><rule:SPACE><rule:Rt><rule:COMMA>[PC<rule:COMMA><rule:hash><rule:plus_or_minus_option><rule:imm__133>]	0	fe550465c7f1df432302ecab51be4da8b06b90586f3e20f7fe98d5abe94a70b5	850f8e42ca7684e4cadd817bea33cd2105d151a5bf077b3f35a6ed77d5b639bd	LDRB_l
T32/w/ldst/ldlit_unsigned/LDRH_l_T1	T1B	LDRH	LDRH<rule:al_option_choice__4><rule:qn_option_choice><rule:SPACE><rule:Rt><rule:COMMA>[PC<rule:COMMA><rule:hash><rule:plus_or_minus_option><rule:imm__133>]	0	fe550465c7f1df432302ecab51be4da8b06b90586f3e20f7fe98d5abe94a70b5	850f8e42ca7684e4cadd817bea33cd2105d151a5bf077b3f35a6ed77d5b639bd	LDRH_l
T32/w/ldst/ldlit_unsigned/LDR_l_T2	T2B	LDR	LDR<rule:al_option_choice__4><rule:qn_option_choice><rule:SPACE><rule:Rt__20><rule:COMMA><rule:label__13>	0	3f3e8c0ebb34eeb59b973d8c6b666af50137c2d7825c63003348002d7b0a1d8f	4561a214804db5ce0a7a7a84716bf8f5d79a3575afbe1de9b4d56fae5d907e48	LDR_l
T32/w/ldst/ldlit_unsigned/LDR_l_T2	T2C	LDR	LDR<rule:al_option_choice__4><rule:qn_option_choice><rule:SPACE><rule:Rt__20><rule:COMMA>[PC<rule:COMMA><rule:hash><rule:plus_or_minus_option><rule:imm__133>]	0	3f3e8c0ebb34eeb59b973d8c6b666af50137c2d7825c63003348002d7b0a1d8f	850f8e42ca7684e4cadd817bea33cd2105d151a5bf077b3f35a6ed77d5b639bd	LDR_l
T32/w/ldst/ldlit_unsigned/PLD_l_T1	T1B	PLD	PLD<rule:al_option_choice__6><rule:qn_option_choice><rule:SPACE>[PC<rule:COMMA><rule:hash><rule:plus_or_minus_option><rule:imm__133>]	0	3f3e8c0ebb34eeb59b973d8c6b666af50137c2d7825c63003348002d7b0a1d8f	850f8e42ca7684e4cadd817bea33cd2105d151a5bf077b3f35a6ed77d5b639bd	PLD_l
T32/w/ldst/ldst_signed_reg/LDRSB_r_T2	T2B	LDRSB	LDRSB<rule:al_option_choice__4><rule:DOT>W<rule:SPACE><rule:Rt><rule:COMMA>[<rule:Rn__14><rule:COMMA><rule:opt_plus_choice><rule:Rm__16>]	0	930ded9e4a293765211a2118c02232200177db47f23ba7f403bf9f82edc21ca5	0ef107190e1b5291f57bd5183cbf0a322c3c3fc59b3e42ac2436b8b663cc85ae	LDRSB_r
T32/w/ldst/ldst_signed_reg/LDRSH_r_T2	T2B	LDRSH	LDRSH<rule:al_option_choice__4><rule:DOT>W<rule:SPACE><rule:Rt><rule:COMMA>[<rule:Rn__14><rule:COMMA><rule:opt_plus_choice><rule:Rm__16>]	0	930ded9e4a293765211a2118c02232200177db47f23ba7f403bf9f82edc21ca5	0ef107190e1b5291f57bd5183cbf0a322c3c3fc59b3e42ac2436b8b663cc85ae	LDRSH_r
T32/w/ldst/ldst_unsigned_pimm/LDRB_i_T2	T2B	LDRB	LDRB<rule:al_option_choice__4><rule:DOT>W<rule:SPACE><rule:Rt><rule:COMMA>[<rule:Rn__27><rule:OPT_SPACE><rule:opt_plus_choice_imm_choice__5>]	0	930ded9e4a293765211a2118c02232200177db47f23ba7f403bf9f82edc21ca5	3c72dfecc91199a0cf47f0b27d272ecd5a763c1ce96af51077e012e9cfd5944c	LDRB_i
T32/w/ldst/ldst_unsigned_pimm/LDRH_i_T2	T2B	LDRH	LDRH<rule:al_option_choice__4><rule:DOT>W<rule:SPACE><rule:Rt><rule:COMMA>[<rule:Rn__16><rule:OPT_SPACE><rule:opt_plus_choice_imm_choice__5>]	0	930ded9e4a293765211a2118c02232200177db47f23ba7f403bf9f82edc21ca5	adad290da31d19a5f755617502ef7c1588ed63eec4eb1e1e29199de624d228c0	LDRH_i
T32/w/ldst/ldst_unsigned_pimm/LDR_i_T3	T3B	LDR	LDR<rule:al_option_choice__4><rule:DOT>W<rule:SPACE><rule:Rt__21><rule:COMMA>[<rule:Rn__26><rule:OPT_SPACE><rule:opt_plus_choice_imm_choice__5>]	0	e5ea35b1b5ec90033b64a4a9f154c1641ae69c783b5a109563f29f5734c889c9	174618f0e2f31ee57ceacfa0747521151255faff737e3ba7ee377a58e84018db	LDR_i
T32/w/ldst/ldst_unsigned_pimm/STRB_i_T2	T2B	STRB	STRB<rule:al_option_choice__4><rule:DOT>W<rule:SPACE><rule:Rt><rule:COMMA>[<rule:Rn__14><rule:OPT_SPACE><rule:opt_plus_choice_imm_choice__5>]	0	e5ea35b1b5ec90033b64a4a9f154c1641ae69c783b5a109563f29f5734c889c9	3c72dfecc91199a0cf47f0b27d272ecd5a763c1ce96af51077e012e9cfd5944c	STRB_i
T32/w/ldst/ldst_unsigned_pimm/STRH_i_T2	T2B	STRH	STRH<rule:al_option_choice__4><rule:DOT>W<rule:SPACE><rule:Rt><rule:COMMA>[<rule:Rn__14><rule:OPT_SPACE><rule:opt_plus_choice_imm_choice__5>]	0	e5ea35b1b5ec90033b64a4a9f154c1641ae69c783b5a109563f29f5734c889c9	adad290da31d19a5f755617502ef7c1588ed63eec4eb1e1e29199de624d228c0	STRH_i
T32/w/ldst/ldst_unsigned_pimm/STR_i_T3	T3B	STR	STR<rule:al_option_choice__4><rule:DOT>W<rule:SPACE><rule:Rt__8><rule:COMMA>[<rule:Rn__14><rule:OPT_SPACE><rule:opt_plus_choice_imm_choice__5>]	0	e5ea35b1b5ec90033b64a4a9f154c1641ae69c783b5a109563f29f5734c889c9	174618f0e2f31ee57ceacfa0747521151255faff737e3ba7ee377a58e84018db	STR_i
T32/w/ldst/ldst_unsigned_post/LDR_i_T4_post	POP	POP	POP<rule:al_option_choice__4><rule:qn_option_choice><rule:SPACE><rule:single_register_list__2>	0	71356b37049fcaf585fcf698703b12fe9cfb1ee2f9f1ed79b44b977fb5bc8f43	3f3e8c0ebb34eeb59b973d8c6b666af50137c2d7825c63003348002d7b0a1d8f	POP_LDR_i
T32/w/ldst/ldst_unsigned_pre/STR_i_T4_pre	PUSH	PUSH	PUSH<rule:al_option_choice__4><rule:qn_option_choice><rule:SPACE><rule:single_register_list>	0	cf40ee9c8e549e027774a345fa801a37c591f6994b96432f43e54a66f8a51cb7	3f3e8c0ebb34eeb59b973d8c6b666af50137c2d7825c63003348002d7b0a1d8f	PUSH_STR_i
T32/w/ldst/ldst_unsigned_reg/LDRB_r_T2	T2B	LDRB	LDRB<rule:al_option_choice__4><rule:DOT>W<rule:SPACE><rule:Rt><rule:COMMA>[<rule:Rn__14><rule:COMMA><rule:opt_plus_choice><rule:Rm__16>]	0	930ded9e4a293765211a2118c02232200177db47f23ba7f403bf9f82edc21ca5	0ef107190e1b5291f57bd5183cbf0a322c3c3fc59b3e42ac2436b8b663cc85ae	LDRB_r
T32/w/ldst/ldst_unsigned_reg/LDRH_r_T2	T2B	LDRH	LDRH<rule:al_option_choice__4><rule:DOT>W<rule:SPACE><rule:Rt><rule:COMMA>[<rule:Rn__14><rule:COMMA><rule:opt_plus_choice><rule:Rm__16>]	0	930ded9e4a293765211a2118c02232200177db47f23ba7f403bf9f82edc21ca5	0ef107190e1b5291f57bd5183cbf0a322c3c3fc59b3e42ac2436b8b663cc85ae	LDRH_r
T32/w/ldst/ldst_unsigned_reg/LDR_r_T2	T2B	LDR	LDR<rule:al_option_choice__4><rule:DOT>W<rule:SPACE><rule:Rt__21><rule:COMMA>[<rule:Rn__14><rule:COMMA><rule:opt_plus_choice><rule:Rm__16>]	0	e5ea35b1b5ec90033b64a4a9f154c1641ae69c783b5a109563f29f5734c889c9	0ef107190e1b5291f57bd5183cbf0a322c3c3fc59b3e42ac2436b8b663cc85ae	LDR_r
T32/w/ldst/ldst_unsigned_reg/STRB_r_T2	T2B	STRB	STRB<rule:al_option_choice__4><rule:DOT>W<rule:SPACE><rule:Rt><rule:COMMA>[<rule:Rn__14><rule:COMMA><rule:opt_plus_choice><rule:Rm__16>]	0	e5ea35b1b5ec90033b64a4a9f154c1641ae69c783b5a109563f29f5734c889c9	86c1c76cdfa34fecebb81e6a876fdf33e167ceb3a9cf9105d4bfc54797202ff1	STRB_r
T32/w/ldst/ldst_unsigned_reg/STRH_r_T2	T2B	STRH	STRH<rule:al_option_choice__4><rule:DOT>W<rule:SPACE><rule:Rt><rule:COMMA>[<rule:Rn__14><rule:COMMA><rule:opt_plus_choice><rule:Rm__16>]	0	e5ea35b1b5ec90033b64a4a9f154c1641ae69c783b5a109563f29f5734c889c9	86c1c76cdfa34fecebb81e6a876fdf33e167ceb3a9cf9105d4bfc54797202ff1	STRH_r
T32/w/ldst/ldst_unsigned_reg/STR_r_T2	T2B	STR	STR<rule:al_option_choice__4><rule:DOT>W<rule:SPACE><rule:Rt__8><rule:COMMA>[<rule:Rn__14><rule:COMMA><rule:opt_plus_choice><rule:Rm__16>]	0	e5ea35b1b5ec90033b64a4a9f154c1641ae69c783b5a109563f29f5734c889c9	86c1c76cdfa34fecebb81e6a876fdf33e167ceb3a9cf9105d4bfc54797202ff1	STR_r
T32/w/ldstm/LDMDB_T1	T1B	LDMEA	LDMEA<rule:al_option_choice__4><rule:qn_option_choice><rule:SPACE><rule:Rn__12><rule:bang_choice><rule:COMMA><rule:registers__31>	0	3f3e8c0ebb34eeb59b973d8c6b666af50137c2d7825c63003348002d7b0a1d8f	850f8e42ca7684e4cadd817bea33cd2105d151a5bf077b3f35a6ed77d5b639bd	LDMDB
T32/w/ldstm/LDM_T2	POP	POP	POP<rule:al_option_choice__4><rule:qn_option_choice><rule:SPACE><rule:registers__32>	0	83fa52af7e5a1aaa98136f50422844d4f2e5939474390fa4bf25dc7b0e3c7844	f71285911fac284ca220b5392b0f33316845068c377e1018256a42b73d5d4f92	POP_LDM
T32/w/ldstm/LDM_T2	POPB	POP	POP<rule:al_option_choice__4><rule:DOT>W<rule:SPACE><rule:registers__32>	0	3f3e8c0ebb34eeb59b973d8c6b666af50137c2d7825c63003348002d7b0a1d8f	f71285911fac284ca220b5392b0f33316845068c377e1018256a42b73d5d4f92	POP_LDM
T32/w/ldstm/LDM_T2	T2B	LDMFD	LDMFD<rule:al_option_choice__4><rule:DOT>W<rule:SPACE><rule:Rn__12><rule:bang_choice__2><rule:COMMA><rule:registers__31>	0	3f3e8c0ebb34eeb59b973d8c6b666af50137c2d7825c63003348002d7b0a1d8f	be91a34fc45b8b4f3dc0442195d6c50239a90d0851f3b743db1be09bd81b3e6f	LDM
T32/w/ldstm/LDM_T2	T2C	LDM	LDM<rule:ia_choice__2><rule:al_option_choice__4><rule:qn_option_choice><rule:SPACE><rule:Rn__12><rule:bang_choice__2><rule:COMMA><rule:registers__31>	0	3f3e8c0ebb34eeb59b973d8c6b666af50137c2d7825c63003348002d7b0a1d8f	850f8e42ca7684e4cadd817bea33cd2105d151a5bf077b3f35a6ed77d5b639bd	LDM
T32/w/ldstm/LDM_T2	T2D	LDMFD	LDMFD<rule:al_option_choice__4><rule:qn_option_choice><rule:SPACE><rule:Rn__12><rule:bang_choice__2><rule:COMMA><rule:registers__31>	0	3f3e8c0ebb34eeb59b973d8c6b666af50137c2d7825c63003348002d7b0a1d8f	850f8e42ca7684e4cadd817bea33cd2105d151a5bf077b3f35a6ed77d5b639bd	LDM
T32/w/ldstm/RFE_T1_AS	T1B	RFEFA	RFEFA<rule:al_option_choice__6><rule:qn_option_choice><rule:SPACE><rule:Rn__12><rule:bang_choice>	0	3f3e8c0ebb34eeb59b973d8c6b666af50137c2d7825c63003348002d7b0a1d8f	850f8e42ca7684e4cadd817bea33cd2105d151a5bf077b3f35a6ed77d5b639bd	RFE
T32/w/ldstm/RFE_T2_AS	T2B	RFEFD	RFEFD<rule:al_option_choice__6><rule:qn_option_choice><rule:SPACE><rule:Rn__12><rule:bang_choice>	0	3f3e8c0ebb34eeb59b973d8c6b666af50137c2d7825c63003348002d7b0a1d8f	850f8e42ca7684e4cadd817bea33cd2105d151a5bf077b3f35a6ed77d5b639bd	RFE
T32/w/ldstm/STMDB_T1	PUSH	PUSH	PUSH<rule:al_option_choice__4><rule:qn_option_choice><rule:SPACE><rule:registers__33>	0	83fa52af7e5a1aaa98136f50422844d4f2e5939474390fa4bf25dc7b0e3c7844	1ce411fe55526b4b79f93772107666b1520746298e424cc36c015899381695ab	PUSH_STMDB
T32/w/ldstm/STMDB_T1	PUSHB	PUSH	PUSH<rule:al_option_choice__4><rule:DOT>W<rule:SPACE><rule:registers__33>	0	3f3e8c0ebb34eeb59b973d8c6b666af50137c2d7825c63003348002d7b0a1d8f	1ce411fe55526b4b79f93772107666b1520746298e424cc36c015899381695ab	PUSH_STMDB
T32/w/ldstm/STMDB_T1	T1B	STMFD	STMFD<rule:al_option_choice__4><rule:qn_option_choice><rule:SPACE><rule:Rn__12><rule:bang_choice><rule:COMMA><rule:registers__30>	0	3f3e8c0ebb34eeb59b973d8c6b666af50137c2d7825c63003348002d7b0a1d8f	850f8e42ca7684e4cadd817bea33cd2105d151a5bf077b3f35a6ed77d5b639bd	STMDB
T32/w/ldstm/STM_T2	T2B	STMEA	STMEA<rule:al_option_choice__4><rule:DOT>W<rule:SPACE><rule:Rn__12><rule:bang_choice><rule:COMMA><rule:registers__30>	0	3f3e8c0ebb34eeb59b973d8c6b666af50137c2d7825c63003348002d7b0a1d8f	f6966751d50460436a6b5b3af51372ec8eb311850a858f27890019465d4d4440	STM
T32/w/ldstm/STM_T2	T2C	STM	STM<rule:ia_choice__2><rule:al_option_choice__4><rule:qn_option_choice><rule:SPACE><rule:Rn__12><rule:bang_choice><rule:COMMA><rule:registers__30>	0	3f3e8c0ebb34eeb59b973d8c6b666af50137c2d7825c63003348002d7b0a1d8f	850f8e42ca7684e4cadd817bea33cd2105d151a5bf077b3f35a6ed77d5b639bd	STM
T32/w/ldstm/STM_T2	T2D	STMEA	STMEA<rule:al_option_choice__4><rule:qn_option_choice><rule:SPACE><rule:Rn__12><rule:bang_choice><rule:COMMA><rule:registers__30>	0	3f3e8c0ebb34eeb59b973d8c6b666af50137c2d7825c63003348002d7b0a1d8f	850f8e42ca7684e4cadd817bea33cd2105d151a5bf077b3f35a6ed77d5b639bd	STM
T32/w/mul/mul_abd/MUL_T2	T2B	MUL	MUL<rule:AL_option__4><rule:DOT>W<rule:SPACE><rule:Rd><rule:COMMA><rule:Rn__10><rule:rm_choice>	0	3f3e8c0ebb34eeb59b973d8c6b666af50137c2d7825c63003348002d7b0a1d8f	60bea315e7fa9932919d3733359425b4cf68d28ed7295221b21086e548f8c178	MUL
T32/w/reg/dpint_2r/REV16_T2	T2B	REV16	REV16<rule:al_option_choice__4><rule:DOT>W<rule:SPACE><rule:Rd><rule:COMMA><rule:Rm__24>	0	3f3e8c0ebb34eeb59b973d8c6b666af50137c2d7825c63003348002d7b0a1d8f	df6332d61f52be08e5470fd5ef3dff3fa8c7fdfd309c6d4d9553842cd1a38aaf	REV16
T32/w/reg/dpint_2r/REVSH_T2	T2B	REVSH	REVSH<rule:al_option_choice__4><rule:DOT>W<rule:SPACE><rule:Rd><rule:COMMA><rule:Rm__24>	0	3f3e8c0ebb34eeb59b973d8c6b666af50137c2d7825c63003348002d7b0a1d8f	df6332d61f52be08e5470fd5ef3dff3fa8c7fdfd309c6d4d9553842cd1a38aaf	REVSH
T32/w/reg/dpint_2r/REV_T2	T2B	REV	REV<rule:al_option_choice__4><rule:DOT>W<rule:SPACE><rule:Rd><rule:COMMA><rule:Rm__24>	0	3f3e8c0ebb34eeb59b973d8c6b666af50137c2d7825c63003348002d7b0a1d8f	df6332d61f52be08e5470fd5ef3dff3fa8c7fdfd309c6d4d9553842cd1a38aaf	REV_a32
T32/w/reg/extendr/SXTB_T2	T2B	SXTB	SXTB<rule:al_option_choice__4><rule:DOT>W<rule:SPACE><rule:rd_choice><rule:Rm__2>	0	3f3e8c0ebb34eeb59b973d8c6b666af50137c2d7825c63003348002d7b0a1d8f	ac4c3235dda500902014ab70a6d94655bed569767afc142c01a701cc5e2472f4	SXTB
T32/w/reg/extendr/SXTH_T2	T2B	SXTH	SXTH<rule:al_option_choice__4><rule:DOT>W<rule:SPACE><rule:rd_choice><rule:Rm__2>	0	3f3e8c0ebb34eeb59b973d8c6b666af50137c2d7825c63003348002d7b0a1d8f	ac4c3235dda500902014ab70a6d94655bed569767afc142c01a701cc5e2472f4	SXTH
T32/w/reg/extendr/UXTB_T2	T2B	UXTB	UXTB<rule:al_option_choice__4><rule:DOT>W<rule:SPACE><rule:rd_choice><rule:Rm__2>	0	3f3e8c0ebb34eeb59b973d8c6b666af50137c2d7825c63003348002d7b0a1d8f	ac4c3235dda500902014ab70a6d94655bed569767afc142c01a701cc5e2472f4	UXTB
T32/w/reg/extendr/UXTH_T2	T2B	UXTH	UXTH<rule:al_option_choice__4><rule:DOT>W<rule:SPACE><rule:rd_choice><rule:Rm__2>	0	3f3e8c0ebb34eeb59b973d8c6b666af50137c2d7825c63003348002d7b0a1d8f	ac4c3235dda500902014ab70a6d94655bed569767afc142c01a701cc5e2472f4	UXTH
T32/w/reg/shiftr/MOVS_rr_T2	ASRS	ASRS	ASRS<rule:al_option_choice__4><rule:qn_option_choice><rule:SPACE><rule:rd_choice><rule:Rm__3><rule:COMMA><rule:Rs__3>	0	055fac3d00e6668c24eb14eac01bdb21be28a6df542ef7f25eebdd73360f4aa0	3f3e8c0ebb34eeb59b973d8c6b666af50137c2d7825c63003348002d7b0a1d8f	ASRS_MOV_rr
T32/w/reg/shiftr/MOVS_rr_T2	ASRSB	ASRS	ASRS<rule:DOT>W<rule:SPACE><rule:rd_choice><rule:Rm__3><rule:COMMA><rule:Rs__3>	0	3f3e8c0ebb34eeb59b973d8c6b666af50137c2d7825c63003348002d7b0a1d8f	3f3e8c0ebb34eeb59b973d8c6b666af50137c2d7825c63003348002d7b0a1d8f	ASRS_MOV_rr
T32/w/reg/shiftr/MOVS_rr_T2	LSLS	LSLS	LSLS<rule:al_option_choice__4><rule:qn_option_choice><rule:SPACE><rule:rd_choice><rule:Rm__3><rule:COMMA><rule:Rs__3>	0	95d9b81389c7111348b75367385fdbd9617848d54e07cc0fbb5fe258f3ddadea	3f3e8c0ebb34eeb59b973d8c6b666af50137c2d7825c63003348002d7b0a1d8f	LSLS_MOV_rr
T32/w/reg/shiftr/MOVS_rr_T2	LSLSB	LSLS	LSLS<rule:DOT>W<rule:SPACE><rule:rd_choice><rule:Rm__3><rule:COMMA><rule:Rs__3>	0	3f3e8c0ebb34eeb59b973d8c6b666af50137c2d7825c63003348002d7b0a1d8f	3f3e8c0ebb34eeb59b973d8c6b666af50137c2d7825c63003348002d7b0a1d8f	LSLS_MOV_rr
T32/w/reg/shiftr/MOVS_rr_T2	LSRS	LSRS	LSRS<rule:al_option_choice__4><rule:qn_option_choice><rule:SPACE><rule:rd_choice><rule:Rm__3><rule:COMMA><rule:Rs__3>	0	f388dbf6c191b714520a16d9f944ebf02b5604a7787dbb90720b70103fb786d6	3f3e8c0ebb34eeb59b973d8c6b666af50137c2d7825c63003348002d7b0a1d8f	LSRS_MOV_rr
T32/w/reg/shiftr/MOVS_rr_T2	LSRSB	LSRS	LSRS<rule:DOT>W<rule:SPACE><rule:rd_choice><rule:Rm__3><rule:COMMA><rule:Rs__3>	0	3f3e8c0ebb34eeb59b973d8c6b666af50137c2d7825c63003348002d7b0a1d8f	3f3e8c0ebb34eeb59b973d8c6b666af50137c2d7825c63003348002d7b0a1d8f	LSRS_MOV_rr
T32/w/reg/shiftr/MOVS_rr_T2	RORS	RORS	RORS<rule:al_option_choice__4><rule:qn_option_choice><rule:SPACE><rule:rd_choice><rule:Rm__3><rule:COMMA><rule:Rs__4>	0	8ffbadb2f289cbdaeed2df915a14e615cb640b9f919b210ecd13b9acc7ac2525	3f3e8c0ebb34eeb59b973d8c6b666af50137c2d7825c63003348002d7b0a1d8f	RORS_MOV_rr
T32/w/reg/shiftr/MOVS_rr_T2	RORSB	RORS	RORS<rule:DOT>W<rule:SPACE><rule:rd_choice><rule:Rm__3><rule:COMMA><rule:Rs__4>	0	3f3e8c0ebb34eeb59b973d8c6b666af50137c2d7825c63003348002d7b0a1d8f	3f3e8c0ebb34eeb59b973d8c6b666af50137c2d7825c63003348002d7b0a1d8f	RORS_MOV_rr
T32/w/reg/shiftr/MOVS_rr_T2	T2B	MOVS	MOVS<rule:DOT>W<rule:SPACE><rule:Rd><rule:COMMA><rule:Rm__2><rule:COMMA><rule:shift_option__5><rule:OPT_SPACE><rule:Rs__2>	0	3f3e8c0ebb34eeb59b973d8c6b666af50137c2d7825c63003348002d7b0a1d8f	5abd4bf27cfc80371d9a0ac94ccd130d1a8c11492e286fd5dd913556d094efe7	MOV_rr
T32/w/reg/shiftr/MOV_rr_T2	ASR	ASR	ASR<rule:al_option_choice__4><rule:qn_option_choice><rule:SPACE><rule:rd_choice><rule:Rm__3><rule:COMMA><rule:Rs__3>	0	33c22e59236c6ecf06640175ea5589a95e2ba31d729e0357cd43df667edce101	3f3e8c0ebb34eeb59b973d8c6b666af50137c2d7825c63003348002d7b0a1d8f	ASR_MOV_rr
T32/w/reg/shiftr/MOV_rr_T2	ASRB	ASR	ASR<rule:AL_option__4><rule:DOT>W<rule:SPACE><rule:rd_choice><rule:Rm__3><rule:COMMA><rule:Rs__3>	0	3f3e8c0ebb34eeb59b973d8c6b666af50137c2d7825c63003348002d7b0a1d8f	3f3e8c0ebb34eeb59b973d8c6b666af50137c2d7825c63003348002d7b0a1d8f	ASR_MOV_rr
T32/w/reg/shiftr/MOV_rr_T2	LSL	LSL	LSL<rule:al_option_choice__4><rule:qn_option_choice><rule:SPACE><rule:rd_choice><rule:Rm__3><rule:COMMA><rule:Rs__3>	0	2751a480097eba1808a4959b6c08ec7d902428a172b2b7f1aaeef7b6f3b0dfb9	3f3e8c0ebb34eeb59b973d8c6b666af50137c2d7825c63003348002d7b0a1d8f	LSL_MOV_rr
T32/w/reg/shiftr/MOV_rr_T2	LSLB	LSL	LSL<rule:AL_option__4><rule:DOT>W<rule:SPACE><rule:rd_choice><rule:Rm__3><rule:COMMA><rule:Rs__3>	0	3f3e8c0ebb34eeb59b973d8c6b666af50137c2d7825c63003348002d7b0a1d8f	3f3e8c0ebb34eeb59b973d8c6b666af50137c2d7825c63003348002d7b0a1d8f	LSL_MOV_rr
T32/w/reg/shiftr/MOV_rr_T2	LSR	LSR	LSR<rule:al_option_choice__4><rule:qn_option_choice><rule:SPACE><rule:rd_choice><rule:Rm__3><rule:COMMA><rule:Rs__3>	0	c67c262c79db61bd329d154d29ad56fe111e6ddf8ae096aca69eeeb05d30a4b7	3f3e8c0ebb34eeb59b973d8c6b666af50137c2d7825c63003348002d7b0a1d8f	LSR_MOV_rr
T32/w/reg/shiftr/MOV_rr_T2	LSRB	LSR	LSR<rule:AL_option__4><rule:DOT>W<rule:SPACE><rule:rd_choice><rule:Rm__3><rule:COMMA><rule:Rs__3>	0	3f3e8c0ebb34eeb59b973d8c6b666af50137c2d7825c63003348002d7b0a1d8f	3f3e8c0ebb34eeb59b973d8c6b666af50137c2d7825c63003348002d7b0a1d8f	LSR_MOV_rr
T32/w/reg/shiftr/MOV_rr_T2	ROR	ROR	ROR<rule:al_option_choice__4><rule:qn_option_choice><rule:SPACE><rule:rd_choice><rule:Rm__3><rule:COMMA><rule:Rs__4>	0	56bbe59a2318e0627b13a338aab2129f84eeee5378693039782113c7c1d05ac5	3f3e8c0ebb34eeb59b973d8c6b666af50137c2d7825c63003348002d7b0a1d8f	ROR_MOV_rr
T32/w/reg/shiftr/MOV_rr_T2	RORB	ROR	ROR<rule:AL_option__4><rule:DOT>W<rule:SPACE><rule:rd_choice><rule:Rm__3><rule:COMMA><rule:Rs__4>	0	3f3e8c0ebb34eeb59b973d8c6b666af50137c2d7825c63003348002d7b0a1d8f	3f3e8c0ebb34eeb59b973d8c6b666af50137c2d7825c63003348002d7b0a1d8f	ROR_MOV_rr
T32/w/reg/shiftr/MOV_rr_T2	T2B	MOV	MOV<rule:AL_option__4><rule:DOT>W<rule:SPACE><rule:Rd><rule:COMMA><rule:Rm__2><rule:COMMA><rule:shift_option__5><rule:OPT_SPACE><rule:Rs__2>	0	3f3e8c0ebb34eeb59b973d8c6b666af50137c2d7825c63003348002d7b0a1d8f	04592eb338d629e8b11ac3a12fff094317e71913580d4f3ad32ac6de2d41d549	MOV_rr
