binding_set_id	name	start	width
0	A	11	1
0	M	10	1
0	Rm	0	5
0	Rn	5	5
0	Z	24	1
0	op	21	2
0	op0	29	3
0	op1	12	14
0	op2	16	5
0	op3	10	6
0	op4	0	5
0	opc	21	4
1	A	11	1
1	M	10	1
1	Rn	5	5
1	op0	29	3
1	op1	12	14
1	op2	16	5
1	op3	10	6
1	op4	0	5
1	opc	21	4
2	A	2	1
2	F	0	1
2	I	1	1
2	flags	0	5
2	im	4	1
2	op	5	1
2	op0	8	4
2	op1	6	2
2	op2	5	1
2	op3	0	4
3	A	23	1
3	R	22	1
3	Rn	5	5
3	Rs	16	5
3	Rt	0	5
3	S	30	1
3	VR	26	1
3	o3	15	1
3	op0	28	4
3	op1	26	1
3	op2	10	15
3	opc	12	3
3	size	30	2
4	A	23	1
4	R	22	1
4	Rn	5	5
4	Rs	16	5
4	Rt	0	5
4	S	30	1
4	op0	28	4
4	op1	26	1
4	op2	10	15
5	A	23	1
5	R	22	1
5	Rn	5	5
5	Rs	16	5
5	Rt	0	5
5	VR	26	1
5	o3	15	1
5	op0	28	4
5	op1	26	1
5	op2	10	15
5	opc	12	3
5	size	30	2
6	A	23	1
6	R	22	1
6	Rn	5	5
6	Rs	16	5
6	Rt	0	5
6	o3	15	1
6	op0	28	4
6	op1	26	1
6	op2	10	15
6	opc	12	3
6	sz	30	1
7	A	23	1
7	R	22	1
7	Rn	5	5
7	Rt	0	5
7	Rt2	16	5
7	S	30	1
7	o3	15	1
7	op0	28	4
7	op1	26	1
7	op2	10	15
7	opc	12	3
8	A	7	1
8	F	5	1
8	I	6	1
8	M	8	1
8	imod	9	2
8	mode	0	5
8	op0	26	1
8	op1	22	4
8	op2	20	2
8	op3	12	3
8	op4	8	3
8	op5	5	1
9	A	8	1
9	E	9	1
9	F	6	1
9	I	7	1
9	M	17	1
9	cond	28	4
9	imod	18	2
9	mode	0	5
9	op	16	1
9	op0	20	5
9	op1	4	4
10	B	10	1
10	H	9	1
10	L	11	1
10	Rm	6	3
10	Rn	3	3
10	Rt	0	3
10	op0	10	6
11	B	11	1
11	Q	30	1
11	Rd	0	5
11	Rm	16	5
11	Rn	5	5
11	U	29	1
11	op0	28	4
11	op1	23	2
11	op2	19	4
11	op3	10	9
11	opcode	11	4
11	size	22	2
12	B	12	1
12	L	11	1
12	Rn	3	3
12	Rt	0	3
12	imm5	6	5
12	op0	10	6
13	B	16	1
13	Pg	10	3
13	Rd	0	5
13	Zn	5	5
13	op0	20	1
13	op1	17	3
13	op2	16	1
13	op3	13	1
13	size	22	2
14	B	16	1
14	Pg	10	3
14	Rdn	0	5
14	Zm	5	5
14	op0	20	1
14	op1	17	3
14	op2	16	1
14	op3	13	1
14	size	22	2
15	B	16	1
15	Pg	10	3
15	Vd	0	5
15	Zn	5	5
15	op0	20	1
15	op1	17	3
15	op2	16	1
15	op3	13	1
15	size	22	2
16	B	16	1
16	Pg	10	3
16	Vdn	0	5
16	Zm	5	5
16	op0	20	1
16	op1	17	3
16	op2	16	1
16	op3	13	1
16	size	22	2
17	B	16	1
17	Pg	10	3
17	Zdn	0	5
17	Zm	5	5
17	op0	20	1
17	op1	17	3
17	op2	16	1
17	op3	13	1
17	size	22	2
18	B	22	1
18	D	7	1
18	E	5	1
18	L	20	1
18	N	7	1
18	Q	21	1
18	Rt	12	4
18	Vd	16	4
18	Vn	16	4
18	cond	28	4
18	op0	21	3
18	op1	8	3
18	op2	4	1
18	opc1	21	3
18	opc2	5	2
19	B	22	1
19	D	7	1
19	E	5	1
19	L	20	1
19	N	7	1
19	Q	21	1
19	Rt	12	4
19	Vd	16	4
19	Vn	16	4
19	op0	21	3
19	op1	8	3
19	op2	10	2
19	op3	4	1
19	opc1	21	3
19	opc2	5	2
20	B	23	1
20	D	22	1
20	M	5	1
20	N	7	1
20	Q	6	1
20	U	4	1
20	Vd	12	4
20	Vm	0	4
20	Vn	16	4
20	cond	28	4
20	op0	23	3
20	op1	23	2
20	op2	20	2
20	op3	10	1
20	op4	8	1
20	op5	4	1
21	B	23	1
21	D	22	1
21	M	5	1
21	N	7	1
21	Q	6	1
21	U	4	1
21	Vd	12	4
21	Vm	0	4
21	Vn	16	4
21	op0	23	3
21	op1	23	2
21	op2	20	2
21	op3	10	1
21	op4	8	1
21	op5	4	1
22	B	23	1
22	M	4	1
22	Pd	0	4
22	Pg	10	4
22	Pn	5	4
22	S	22	1
22	op0	23	1
22	op1	16	4
22	op2	9	1
22	op3	4	1
23	B	4	1
23	Pd	0	4
23	Pg	10	4
23	Pm	16	4
23	Pn	5	4
23	S	22	1
23	op	23	1
23	op0	9	1
23	op1	17	8
23	op2	10	6
23	op3	4	1
24	B	6	1
24	Rd	0	3
24	Rm	3	3
24	U	7	1
24	op0	8	4
24	op1	6	2
24	op2	5	1
24	op3	0	4
25	B	7	1
25	Rd	12	4
25	Rm	0	4
25	Rn	16	4
25	cond	28	4
25	op0	20	5
25	op1	20	3
25	op2	5	2
26	B	9	1
26	M	8	1
26	M1	16	4
26	R	22	1
26	Rd	12	4
26	Rn	0	4
26	cond	28	4
26	m	8	1
26	mask	16	4
26	op0	21	2
26	op1	4	3
26	op2	7	1
26	op3	5	2
26	op4	4	1
26	opc	21	2
27	B	9	1
27	R	22	1
27	Rd	12	4
27	Rn	0	4
27	cond	28	4
27	m	8	1
27	mask	16	4
27	op0	21	2
27	op1	4	3
27	op2	7	1
27	op3	5	2
27	op4	4	1
27	opc	21	2
28	B	9	1
28	Rd	12	4
28	Rn	0	4
28	cond	28	4
28	m	8	1
28	mask	16	4
28	op0	21	2
28	op1	4	3
28	op2	7	1
28	op3	5	2
28	op4	4	1
28	opc	21	2
29	C	12	1
29	Rd	0	5
29	Rm	16	5
29	Rn	5	5
29	S	29	1
29	op0	30	1
29	op1	28	1
29	op2	21	4
29	op3	10	6
29	opcode	10	6
29	sf	31	1
29	sz	10	2
30	C	20	1
30	Rd	8	4
30	Rm	0	4
30	Rn	16	4
30	op0	23	1
30	op1	20	3
30	op2	4	2
30	op3	15	1
30	sz	4	2
31	C	9	1
31	Rd	12	4
31	Rm	0	4
31	Rn	16	4
31	cond	28	4
31	op0	21	2
31	op1	4	3
31	op2	7	1
31	op3	5	2
31	op4	4	1
31	sz	21	2
32	CRd	12	4
32	D	22	1
32	L	20	1
32	P	24	1
32	Rn	16	4
32	U	23	1
32	W	21	1
32	cond	28	4
32	cp15	8	1
32	imm8	0	8
32	op0	21	4
32	op1	9	2
32	op2	4	1
33	CRd	12	4
33	D	22	1
33	L	20	1
33	P	24	1
33	Rn	16	4
33	U	23	1
33	W	21	1
33	cp15	8	1
33	imm8	0	8
33	op0	21	4
33	op1	9	2
33	op2	10	2
33	op3	4	1
34	CRm	0	4
34	CRn	16	4
34	L	20	1
34	Rt	12	4
34	cond	28	4
34	cp15	8	1
34	op0	21	3
34	op1	8	3
34	op2	4	1
34	opc1	21	3
34	opc2	5	3
35	CRm	0	4
35	CRn	16	4
35	L	20	1
35	Rt	12	4
35	cp15	8	1
35	op0	21	3
35	op1	8	3
35	op2	10	2
35	op3	4	1
35	opc1	21	3
35	opc2	5	3
36	CRm	0	4
36	D	22	1
36	L	20	1
36	Rt	12	4
36	Rt2	16	4
36	cond	28	4
36	cp15	8	1
36	op0	21	4
36	op1	9	2
36	op2	4	1
36	opc1	4	4
37	CRm	0	4
37	D	22	1
37	L	20	1
37	Rt	12	4
37	Rt2	16	4
37	cp15	8	1
37	op0	21	4
37	op1	9	2
37	op2	10	2
37	op3	4	1
37	opc1	4	4
38	CRm	8	4
38	CRn	12	4
38	L	21	1
38	Rt	0	5
38	o0	19	1
38	op0	29	3
38	op1	16	3
38	op2	5	3
38	op3	10	2
39	CRm	8	4
39	CRn	12	4
39	L	21	1
39	Rt	0	5
39	op0	29	3
39	op1	16	3
39	op2	5	3
39	op3	10	2
40	CRm	8	4
40	Rd	0	5
40	Rt	0	5
40	op0	29	3
40	op1	12	14
40	op2	5	3
40	op3	10	2
41	CRm	8	4
41	Rt	0	5
41	imm2	10	2
41	op0	29	3
41	op1	12	14
41	op2	5	3
41	op3	10	2
42	CRm	8	4
42	Rt	0	5
42	op0	29	3
42	op1	12	14
42	op2	5	3
42	op3	10	2
42	opc	5	2
43	CRm	8	4
43	Rt	0	5
43	op0	29	3
43	op1	12	14
43	op2	5	3
43	op3	10	2
44	CRm	8	4
44	Rt	0	5
44	op0	29	3
44	op1	16	3
44	op2	5	3
44	op3	10	2
45	CRm	8	4
45	op0	29	3
45	op1	12	14
45	op2	5	3
45	op3	10	2
46	D	10	1
46	Rd	0	5
46	Rn	5	5
46	S	29	1
46	op0	30	1
46	op1	28	1
46	op2	21	4
46	op3	10	6
46	opcode	10	6
46	opcode2	16	5
46	sf	31	1
47	D	10	1
47	Rdn	0	5
47	imm4	16	4
47	op0	20	1
47	op1	11	3
47	op2	10	6
47	op3	4	1
47	pattern	5	5
47	size	22	2
48	D	10	1
48	Zdn	0	5
48	imm4	16	4
48	op0	20	1
48	op1	11	3
48	op2	10	6
48	op3	4	1
48	pattern	5	5
48	size	22	2
49	D	11	1
49	Rdn	0	5
49	U	10	1
49	imm4	16	4
49	op0	20	1
49	op1	11	3
49	op2	10	6
49	op3	4	1
49	pattern	5	5
49	sf	20	1
49	size	22	2
50	D	11	1
50	U	10	1
50	Zdn	0	5
50	imm4	16	4
50	op0	20	1
50	op1	11	3
50	op2	10	6
50	op3	4	1
50	pattern	5	5
50	size	22	2
51	D	12	1
51	Rd	0	5
51	Rn	5	5
51	op0	28	4
51	op1	23	2
51	op2	19	4
51	op3	10	9
51	opcode	12	5
51	size	22	2
52	D	16	1
52	Pm	5	4
52	Rdn	0	5
52	op	17	1
52	op0	18	1
52	op1	11	1
52	op2	10	6
52	op3	4	1
52	opc2	9	2
52	size	22	2
53	D	16	1
53	Pm	5	4
53	Zdn	0	5
53	op	17	1
53	op0	18	1
53	op1	11	1
53	op2	10	6
53	op3	4	1
53	opc2	9	2
53	size	22	2
54	D	17	1
54	Pm	5	4
54	Rdn	0	5
54	U	16	1
54	op	9	1
54	op0	18	1
54	op1	11	1
54	op2	10	6
54	op3	4	1
54	sf	10	1
54	size	22	2
55	D	17	1
55	Pm	5	4
55	U	16	1
55	Zdn	0	5
55	op0	18	1
55	op1	11	1
55	op2	10	6
55	op3	4	1
55	opc	9	2
55	size	22	2
56	D	22	1
56	E	7	1
56	M	5	1
56	Vd	12	4
56	Vm	0	4
56	cond	28	4
56	o1	19	1
56	o3	7	1
56	op0	20	4
56	op1	6	1
56	op2	4	1
56	opc2	16	3
56	size	8	2
57	D	22	1
57	E	7	1
57	M	5	1
57	Vd	12	4
57	Vm	0	4
57	o1	19	1
57	o3	7	1
57	op0	20	4
57	op1	6	1
57	op2	10	2
57	op3	4	1
57	opc2	16	3
57	size	8	2
58	D	22	1
58	F	10	1
58	M	5	1
58	Q	6	1
58	Vd	12	4
58	Vm	0	4
58	cond	28	4
58	op0	24	1
58	op1	20	2
58	op2	10	2
58	op3	6	1
58	opc1	16	2
58	opc2	7	4
58	size	18	2
59	D	22	1
59	F	10	1
59	M	5	1
59	Q	6	1
59	Vd	12	4
59	Vm	0	4
59	op0	28	1
59	op1	20	2
59	op2	10	2
59	op3	6	1
59	opc1	16	2
59	opc2	7	4
59	size	18	2
60	D	22	1
60	F	8	1
60	M	5	1
60	N	7	1
60	Q	24	1
60	Vd	12	4
60	Vm	0	4
60	Vn	16	4
60	cond	28	4
60	op	10	1
60	op0	24	1
60	op1	20	2
60	op2	10	2
60	op3	6	1
60	opc	8	4
60	size	20	2
61	D	22	1
61	F	8	1
61	M	5	1
61	N	7	1
61	Q	24	1
61	Vd	12	4
61	Vm	0	4
61	Vn	16	4
61	cond	28	4
61	op0	24	1
61	op1	20	2
61	op2	10	2
61	op3	6	1
61	opc	8	4
61	size	20	2
62	D	22	1
62	F	8	1
62	M	5	1
62	N	7	1
62	Q	28	1
62	Vd	12	4
62	Vm	0	4
62	Vn	16	4
62	op	10	1
62	op0	28	1
62	op1	20	2
62	op2	10	2
62	op3	6	1
62	opc	8	4
62	size	20	2
63	D	22	1
63	F	8	1
63	M	5	1
63	N	7	1
63	Q	28	1
63	Vd	12	4
63	Vm	0	4
63	Vn	16	4
63	op0	28	1
63	op1	20	2
63	op2	10	2
63	op3	6	1
63	opc	8	4
63	size	20	2
64	D	22	1
64	F	8	1
64	M	5	1
64	Q	6	1
64	Vd	12	4
64	Vm	0	4
64	cond	28	4
64	op0	24	1
64	op1	20	2
64	op2	10	2
64	op3	6	1
64	opc1	16	2
64	opc2	7	4
64	size	18	2
65	D	22	1
65	F	8	1
65	M	5	1
65	Q	6	1
65	Vd	12	4
65	Vm	0	4
65	op0	28	1
65	op1	20	2
65	op2	10	2
65	op3	6	1
65	opc1	16	2
65	opc2	7	4
65	size	18	2
66	D	22	1
66	L	20	1
66	P	24	1
66	Rn	16	4
66	U	23	1
66	Vd	12	4
66	W	21	1
66	cond	28	4
66	imm8	0	8
66	op0	21	4
66	op1	9	2
66	op2	4	1
66	size	8	2
67	D	22	1
67	L	20	1
67	P	24	1
67	Rn	16	4
67	U	23	1
67	Vd	12	4
67	W	21	1
67	imm8	0	8
67	op0	21	4
67	op1	9	2
67	op2	10	2
67	op3	4	1
67	size	8	2
68	D	22	1
68	L	21	1
68	N	8	2
68	Rm	0	4
68	Rn	16	4
68	T	5	1
68	Vd	12	4
68	a	4	1
68	cond	28	4
68	op0	23	1
68	op1	10	2
68	size	6	2
69	D	22	1
69	L	21	1
69	N	8	2
69	Rm	0	4
69	Rn	16	4
69	T	5	1
69	Vd	12	4
69	a	4	1
69	op0	23	1
69	op1	10	2
69	op3	15	1
69	size	6	2
70	D	22	1
70	L	21	1
70	N	8	2
70	Rm	0	4
70	Rn	16	4
70	Vd	12	4
70	cond	28	4
70	index_align	4	4
70	op0	23	1
70	op1	10	2
70	size	10	2
71	D	22	1
71	L	21	1
71	N	8	2
71	Rm	0	4
71	Rn	16	4
71	Vd	12	4
71	index_align	4	4
71	op0	23	1
71	op1	10	2
71	op3	15	1
71	size	10	2
72	D	22	1
72	L	21	1
72	Rm	0	4
72	Rn	16	4
72	Vd	12	4
72	align	4	2
72	cond	28	4
72	itype	8	4
72	op0	23	1
72	op1	10	2
72	size	6	2
73	D	22	1
73	L	21	1
73	Rm	0	4
73	Rn	16	4
73	Vd	12	4
73	align	4	2
73	itype	8	4
73	op0	23	1
73	op1	10	2
73	op3	15	1
73	size	6	2
74	D	22	1
74	L	7	1
74	M	5	1
74	Q	6	1
74	U	24	1
74	Vd	12	4
74	Vm	0	4
74	cond	28	4
74	imm3H	19	3
74	imm3L	16	3
74	imm6	16	6
74	op	8	1
74	op0	7	15
74	op1	4	1
74	opc	8	4
75	D	22	1
75	L	7	1
75	M	5	1
75	Q	6	1
75	U	24	1
75	Vd	12	4
75	Vm	0	4
75	cond	28	4
75	imm3H	19	3
75	imm3L	16	3
75	imm6	16	6
75	op	8	2
75	op0	7	15
75	op1	4	1
75	opc	8	4
76	D	22	1
76	L	7	1
76	M	5	1
76	Q	6	1
76	U	24	1
76	Vd	12	4
76	Vm	0	4
76	cond	28	4
76	imm3H	19	3
76	imm3L	16	3
76	imm6	16	6
76	op0	7	15
76	op1	4	1
76	opc	8	4
77	D	22	1
77	L	7	1
77	M	5	1
77	Q	6	1
77	U	24	1
77	Vd	12	4
77	Vm	0	4
77	cond	28	4
77	imm3H	19	3
77	imm3L	16	3
77	op0	7	15
77	op1	4	1
77	opc	8	4
78	D	22	1
78	L	7	1
78	M	5	1
78	Q	6	1
78	U	28	1
78	Vd	12	4
78	Vm	0	4
78	imm3H	19	3
78	imm3L	16	3
78	imm6	16	6
78	op	8	1
78	op0	7	15
78	op1	4	1
78	op2	10	2
78	op3	4	1
78	opc	8	4
79	D	22	1
79	L	7	1
79	M	5	1
79	Q	6	1
79	U	28	1
79	Vd	12	4
79	Vm	0	4
79	imm3H	19	3
79	imm3L	16	3
79	imm6	16	6
79	op	8	2
79	op0	7	15
79	op1	4	1
79	op2	10	2
79	op3	4	1
79	opc	8	4
80	D	22	1
80	L	7	1
80	M	5	1
80	Q	6	1
80	U	28	1
80	Vd	12	4
80	Vm	0	4
80	imm3H	19	3
80	imm3L	16	3
80	imm6	16	6
80	op0	7	15
80	op1	4	1
80	op2	10	2
80	op3	4	1
80	opc	8	4
81	D	22	1
81	L	7	1
81	M	5	1
81	Q	6	1
81	U	28	1
81	Vd	12	4
81	Vm	0	4
81	imm3H	19	3
81	imm3L	16	3
81	op0	7	15
81	op1	4	1
81	op2	10	2
81	op3	4	1
81	opc	8	4
82	D	22	1
82	M	5	1
82	N	7	1
82	Q	24	1
82	U	24	1
82	Vd	12	4
82	Vm	0	4
82	Vn	16	4
82	cond	28	4
82	op	10	1
82	op0	24	1
82	op1	20	2
82	op2	10	2
82	op3	6	1
82	opc	8	4
82	size	20	2
83	D	22	1
83	M	5	1
83	N	7	1
83	Q	24	1
83	U	24	1
83	Vd	12	4
83	Vm	0	4
83	Vn	16	4
83	cond	28	4
83	op0	24	1
83	op1	20	2
83	op2	10	2
83	op3	6	1
83	opc	8	4
83	size	20	2
84	D	22	1
84	M	5	1
84	N	7	1
84	Q	24	1
84	Vd	12	4
84	Vm	0	4
84	Vn	16	4
84	cond	28	4
84	op	10	1
84	op0	24	1
84	op1	20	2
84	op2	10	2
84	op3	6	1
84	opc	8	4
84	size	20	2
85	D	22	1
85	M	5	1
85	N	7	1
85	Q	24	1
85	Vd	12	4
85	Vm	0	4
85	Vn	16	4
85	cond	28	4
85	op0	24	1
85	op1	20	2
85	op2	10	2
85	op3	6	1
85	opc	8	4
85	size	20	2
86	D	22	1
86	M	5	1
86	N	7	1
86	Q	28	1
86	U	28	1
86	Vd	12	4
86	Vm	0	4
86	Vn	16	4
86	op	10	1
86	op0	28	1
86	op1	20	2
86	op2	10	2
86	op3	6	1
86	opc	8	4
86	size	20	2
87	D	22	1
87	M	5	1
87	N	7	1
87	Q	28	1
87	U	28	1
87	Vd	12	4
87	Vm	0	4
87	Vn	16	4
87	op0	28	1
87	op1	20	2
87	op2	10	2
87	op3	6	1
87	opc	8	4
87	size	20	2
88	D	22	1
88	M	5	1
88	N	7	1
88	Q	28	1
88	Vd	12	4
88	Vm	0	4
88	Vn	16	4
88	op	10	1
88	op0	28	1
88	op1	20	2
88	op2	10	2
88	op3	6	1
88	opc	8	4
88	size	20	2
89	D	22	1
89	M	5	1
89	N	7	1
89	Q	28	1
89	Vd	12	4
89	Vm	0	4
89	Vn	16	4
89	op0	28	1
89	op1	20	2
89	op2	10	2
89	op3	6	1
89	opc	8	4
89	size	20	2
90	D	22	1
90	M	5	1
90	N	7	1
90	Q	6	1
90	S	20	1
90	U	4	1
90	Vd	12	4
90	Vm	0	4
90	Vn	16	4
90	cond	28	4
90	op0	23	3
90	op1	23	1
90	op2	20	2
90	op3	8	2
90	op4	6	1
90	op5	4	1
91	D	22	1
91	M	5	1
91	N	7	1
91	Q	6	1
91	S	20	1
91	U	4	1
91	Vd	12	4
91	Vm	0	4
91	Vn	16	4
91	cond	28	4
91	op0	23	3
91	op1	23	2
91	op2	20	2
91	op3	10	1
91	op4	8	1
91	op5	4	1
91	rot	23	2
92	D	22	1
92	M	5	1
92	N	7	1
92	Q	6	1
92	S	20	1
92	U	4	1
92	Vd	12	4
92	Vm	0	4
92	Vn	16	4
92	cond	28	4
92	op0	23	3
92	op1	23	2
92	op2	20	2
92	op3	10	1
92	op4	8	1
92	op5	4	1
92	rot	24	1
93	D	22	1
93	M	5	1
93	N	7	1
93	Q	6	1
93	S	20	1
93	U	4	1
93	Vd	12	4
93	Vm	0	4
93	Vn	16	4
93	op0	23	3
93	op1	23	1
93	op2	20	2
93	op3	8	2
93	op4	6	1
93	op5	4	1
94	D	22	1
94	M	5	1
94	N	7	1
94	Q	6	1
94	S	20	1
94	U	4	1
94	Vd	12	4
94	Vm	0	4
94	Vn	16	4
94	op0	23	3
94	op1	23	2
94	op2	20	2
94	op3	10	1
94	op4	8	1
94	op5	4	1
94	rot	23	2
95	D	22	1
95	M	5	1
95	N	7	1
95	Q	6	1
95	S	20	1
95	U	4	1
95	Vd	12	4
95	Vm	0	4
95	Vn	16	4
95	op0	23	3
95	op1	23	2
95	op2	20	2
95	op3	10	1
95	op4	8	1
95	op5	4	1
95	rot	24	1
96	D	22	1
96	M	5	1
96	N	7	1
96	Q	6	1
96	S	23	1
96	U	4	1
96	Vd	12	4
96	Vm	0	4
96	Vn	16	4
96	cond	28	4
96	op0	23	3
96	op1	23	1
96	op2	20	2
96	op3	8	2
96	op4	6	1
96	op5	4	1
96	rot	20	2
97	D	22	1
97	M	5	1
97	N	7	1
97	Q	6	1
97	S	23	1
97	U	4	1
97	Vd	12	4
97	Vm	0	4
97	Vn	16	4
97	cond	28	4
97	op0	23	3
97	op1	23	2
97	op2	20	2
97	op3	10	1
97	op4	8	1
97	op5	4	1
98	D	22	1
98	M	5	1
98	N	7	1
98	Q	6	1
98	S	23	1
98	U	4	1
98	Vd	12	4
98	Vm	0	4
98	Vn	16	4
98	op0	23	3
98	op1	23	1
98	op2	20	2
98	op3	8	2
98	op4	6	1
98	op5	4	1
98	rot	20	2
99	D	22	1
99	M	5	1
99	N	7	1
99	Q	6	1
99	S	23	1
99	U	4	1
99	Vd	12	4
99	Vm	0	4
99	Vn	16	4
99	op0	23	3
99	op1	23	2
99	op2	20	2
99	op3	10	1
99	op4	8	1
99	op5	4	1
100	D	22	1
100	M	5	1
100	N	7	1
100	Q	6	1
100	U	24	1
100	Vd	12	4
100	Vm	0	4
100	Vn	16	4
100	cond	28	4
100	o1	4	1
100	op	20	2
100	op0	23	1
100	op1	4	1
100	opc	8	4
100	size	20	2
101	D	22	1
101	M	5	1
101	N	7	1
101	Q	6	1
101	U	24	1
101	Vd	12	4
101	Vm	0	4
101	Vn	16	4
101	cond	28	4
101	o1	4	1
101	op	21	1
101	op0	23	1
101	op1	4	1
101	opc	8	4
101	size	20	2
101	sz	20	1
102	D	22	1
102	M	5	1
102	N	7	1
102	Q	6	1
102	U	24	1
102	Vd	12	4
102	Vm	0	4
102	Vn	16	4
102	cond	28	4
102	o1	4	1
102	op	24	1
102	op0	23	1
102	op1	4	1
102	opc	8	4
102	size	20	2
103	D	22	1
103	M	5	1
103	N	7	1
103	Q	6	1
103	U	24	1
103	Vd	12	4
103	Vm	0	4
103	Vn	16	4
103	cond	28	4
103	o1	4	1
103	op	4	1
103	op0	23	1
103	op1	4	1
103	opc	8	4
103	size	20	2
104	D	22	1
104	M	5	1
104	N	7	1
104	Q	6	1
104	U	24	1
104	Vd	12	4
104	Vm	0	4
104	Vn	16	4
104	cond	28	4
104	o1	4	1
104	op	9	1
104	op0	23	1
104	op1	4	1
104	opc	8	4
104	size	20	2
105	D	22	1
105	M	5	1
105	N	7	1
105	Q	6	1
105	U	24	1
105	Vd	12	4
105	Vm	0	4
105	Vn	16	4
105	cond	28	4
105	o1	4	1
105	op0	23	1
105	op1	4	1
105	opc	8	4
105	size	20	2
105	sz	20	1
106	D	22	1
106	M	5	1
106	N	7	1
106	Q	6	1
106	U	24	1
106	Vd	12	4
106	Vm	0	4
106	Vn	16	4
106	cond	28	4
106	o1	4	1
106	op0	23	1
106	op1	4	1
106	opc	8	4
106	size	20	2
107	D	22	1
107	M	5	1
107	N	7	1
107	Q	6	1
107	U	28	1
107	Vd	12	4
107	Vm	0	4
107	Vn	16	4
107	o1	4	1
107	op	20	2
107	op0	23	1
107	op1	4	1
107	op2	10	2
107	op3	4	1
107	opc	8	4
107	size	20	2
108	D	22	1
108	M	5	1
108	N	7	1
108	Q	6	1
108	U	28	1
108	Vd	12	4
108	Vm	0	4
108	Vn	16	4
108	o1	4	1
108	op	21	1
108	op0	23	1
108	op1	4	1
108	op2	10	2
108	op3	4	1
108	opc	8	4
108	size	20	2
108	sz	20	1
109	D	22	1
109	M	5	1
109	N	7	1
109	Q	6	1
109	U	28	1
109	Vd	12	4
109	Vm	0	4
109	Vn	16	4
109	o1	4	1
109	op	28	1
109	op0	23	1
109	op1	4	1
109	op2	10	2
109	op3	4	1
109	opc	8	4
109	size	20	2
110	D	22	1
110	M	5	1
110	N	7	1
110	Q	6	1
110	U	28	1
110	Vd	12	4
110	Vm	0	4
110	Vn	16	4
110	o1	4	1
110	op	4	1
110	op0	23	1
110	op1	4	1
110	op2	10	2
110	op3	4	1
110	opc	8	4
110	size	20	2
111	D	22	1
111	M	5	1
111	N	7	1
111	Q	6	1
111	U	28	1
111	Vd	12	4
111	Vm	0	4
111	Vn	16	4
111	o1	4	1
111	op	9	1
111	op0	23	1
111	op1	4	1
111	op2	10	2
111	op3	4	1
111	opc	8	4
111	size	20	2
112	D	22	1
112	M	5	1
112	N	7	1
112	Q	6	1
112	U	28	1
112	Vd	12	4
112	Vm	0	4
112	Vn	16	4
112	o1	4	1
112	op0	23	1
112	op1	4	1
112	op2	10	2
112	op3	4	1
112	opc	8	4
112	size	20	2
112	sz	20	1
113	D	22	1
113	M	5	1
113	N	7	1
113	Q	6	1
113	U	28	1
113	Vd	12	4
113	Vm	0	4
113	Vn	16	4
113	o1	4	1
113	op0	23	1
113	op1	4	1
113	op2	10	2
113	op3	4	1
113	opc	8	4
113	size	20	2
114	D	22	1
114	M	5	1
114	N	7	1
114	Q	6	1
114	U	4	1
114	Vd	12	4
114	Vm	0	4
114	Vn	16	4
114	cond	28	4
114	op0	23	3
114	op1	23	1
114	op2	20	2
114	op3	8	2
114	op4	6	1
114	op5	4	1
115	D	22	1
115	M	5	1
115	N	7	1
115	Q	6	1
115	U	4	1
115	Vd	12	4
115	Vm	0	4
115	Vn	16	4
115	cond	28	4
115	op0	23	3
115	op1	23	1
115	op2	20	2
115	op3	8	2
115	op4	8	1
115	op5	4	1
116	D	22	1
116	M	5	1
116	N	7	1
116	Q	6	1
116	U	4	1
116	Vd	12	4
116	Vm	0	4
116	Vn	16	4
116	cond	28	4
116	op0	23	3
116	op1	23	2
116	op2	20	2
116	op3	10	1
116	op4	8	1
116	op5	4	1
117	D	22	1
117	M	5	1
117	N	7	1
117	Q	6	1
117	U	4	1
117	Vd	12	4
117	Vm	0	4
117	Vn	16	4
117	op0	23	3
117	op1	23	1
117	op2	20	2
117	op3	8	2
117	op4	6	1
117	op5	4	1
118	D	22	1
118	M	5	1
118	N	7	1
118	Q	6	1
118	U	4	1
118	Vd	12	4
118	Vm	0	4
118	Vn	16	4
118	op0	23	3
118	op1	23	1
118	op2	20	2
118	op3	8	2
118	op4	8	1
118	op5	4	1
119	D	22	1
119	M	5	1
119	N	7	1
119	Q	6	1
119	U	4	1
119	Vd	12	4
119	Vm	0	4
119	Vn	16	4
119	op0	23	3
119	op1	23	2
119	op2	20	2
119	op3	10	1
119	op4	8	1
119	op5	4	1
120	D	22	1
120	M	5	1
120	N	7	1
120	Q	6	1
120	Vd	12	4
120	Vm	0	4
120	Vn	16	4
120	cond	28	4
120	imm4	8	4
120	op0	24	1
120	op1	20	2
120	op2	10	2
120	op3	6	1
121	D	22	1
121	M	5	1
121	N	7	1
121	Q	6	1
121	Vd	12	4
121	Vm	0	4
121	Vn	16	4
121	imm4	8	4
121	op0	28	1
121	op1	20	2
121	op2	10	2
121	op3	6	1
122	D	22	1
122	M	5	1
122	N	7	1
122	U	24	1
122	Vd	12	4
122	Vm	0	4
122	Vn	16	4
122	cond	28	4
122	op	8	1
122	op0	24	1
122	op1	20	2
122	op2	10	2
122	op3	6	1
122	opc	8	4
122	size	20	2
123	D	22	1
123	M	5	1
123	N	7	1
123	U	24	1
123	Vd	12	4
123	Vm	0	4
123	Vn	16	4
123	cond	28	4
123	op	9	1
123	op0	24	1
123	op1	20	2
123	op2	10	2
123	op3	6	1
123	opc	8	4
123	size	20	2
124	D	22	1
124	M	5	1
124	N	7	1
124	U	24	1
124	Vd	12	4
124	Vm	0	4
124	Vn	16	4
124	cond	28	4
124	op0	24	1
124	op1	20	2
124	op2	10	2
124	op3	6	1
124	opc	8	4
124	size	20	2
125	D	22	1
125	M	5	1
125	N	7	1
125	U	28	1
125	Vd	12	4
125	Vm	0	4
125	Vn	16	4
125	op	8	1
125	op0	28	1
125	op1	20	2
125	op2	10	2
125	op3	6	1
125	opc	8	4
125	size	20	2
126	D	22	1
126	M	5	1
126	N	7	1
126	U	28	1
126	Vd	12	4
126	Vm	0	4
126	Vn	16	4
126	op	9	1
126	op0	28	1
126	op1	20	2
126	op2	10	2
126	op3	6	1
126	opc	8	4
126	size	20	2
127	D	22	1
127	M	5	1
127	N	7	1
127	U	28	1
127	Vd	12	4
127	Vm	0	4
127	Vn	16	4
127	op0	28	1
127	op1	20	2
127	op2	10	2
127	op3	6	1
127	opc	8	4
127	size	20	2
128	D	22	1
128	M	5	1
128	N	7	1
128	Vd	12	4
128	Vm	0	4
128	Vn	16	4
128	cc	20	2
128	cond	28	4
128	op0	23	3
128	op1	16	6
128	op2	10	1
128	op3	8	2
128	op4	6	1
128	op5	4	1
128	size	8	2
129	D	22	1
129	M	5	1
129	N	7	1
129	Vd	12	4
129	Vm	0	4
129	Vn	16	4
129	cc	20	2
129	op0	23	3
129	op1	16	6
129	op2	10	1
129	op3	8	2
129	op4	6	1
129	op5	4	1
129	size	8	2
130	D	22	1
130	M	5	1
130	N	7	1
130	Vd	12	4
130	Vm	0	4
130	Vn	16	4
130	cond	28	4
130	len	8	2
130	op	6	1
130	op0	24	1
130	op1	20	2
130	op2	10	2
130	op3	6	1
131	D	22	1
131	M	5	1
131	N	7	1
131	Vd	12	4
131	Vm	0	4
131	Vn	16	4
131	cond	28	4
131	o0	23	1
131	o1	20	2
131	o2	6	1
131	op	6	1
131	op0	20	4
131	op1	6	1
131	op2	4	1
131	size	8	2
132	D	22	1
132	M	5	1
132	N	7	1
132	Vd	12	4
132	Vm	0	4
132	Vn	16	4
132	cond	28	4
132	o0	23	1
132	o1	20	2
132	o2	6	1
132	op0	20	4
132	op1	6	1
132	op2	4	1
132	size	8	2
133	D	22	1
133	M	5	1
133	N	7	1
133	Vd	12	4
133	Vm	0	4
133	Vn	16	4
133	cond	28	4
133	op	6	1
133	op0	23	3
133	op1	16	6
133	op2	10	1
133	op3	8	2
133	op4	6	1
133	op5	4	1
133	size	8	2
134	D	22	1
134	M	5	1
134	N	7	1
134	Vd	12	4
134	Vm	0	4
134	Vn	16	4
134	len	8	2
134	op	6	1
134	op0	28	1
134	op1	20	2
134	op2	10	2
134	op3	6	1
135	D	22	1
135	M	5	1
135	N	7	1
135	Vd	12	4
135	Vm	0	4
135	Vn	16	4
135	o0	23	1
135	o1	20	2
135	o2	6	1
135	op	6	1
135	op0	20	4
135	op1	6	1
135	op2	10	2
135	op3	4	1
135	size	8	2
136	D	22	1
136	M	5	1
136	N	7	1
136	Vd	12	4
136	Vm	0	4
136	Vn	16	4
136	o0	23	1
136	o1	20	2
136	o2	6	1
136	op0	20	4
136	op1	6	1
136	op2	10	2
136	op3	4	1
136	size	8	2
137	D	22	1
137	M	5	1
137	N	7	1
137	Vd	12	4
137	Vm	0	4
137	Vn	16	4
137	op	6	1
137	op0	23	3
137	op1	16	6
137	op2	10	1
137	op3	8	2
137	op4	6	1
137	op5	4	1
137	size	8	2
138	D	22	1
138	M	5	1
138	Q	6	1
138	RM	8	2
138	Vd	12	4
138	Vm	0	4
138	cond	28	4
138	op	7	1
138	op0	24	1
138	op1	20	2
138	op2	10	2
138	op3	6	1
138	opc1	16	2
138	opc2	7	4
138	size	18	2
139	D	22	1
139	M	5	1
139	Q	6	1
139	RM	8	2
139	Vd	12	4
139	Vm	0	4
139	op	7	1
139	op0	28	1
139	op1	20	2
139	op2	10	2
139	op3	6	1
139	opc1	16	2
139	opc2	7	4
139	size	18	2
140	D	22	1
140	M	5	1
140	Q	6	1
140	Vd	12	4
140	Vm	0	4
140	cond	28	4
140	imm4	16	4
140	op0	24	1
140	op1	20	2
140	op2	10	2
140	op3	6	1
140	opc	7	3
141	D	22	1
141	M	5	1
141	Q	6	1
141	Vd	12	4
141	Vm	0	4
141	cond	28	4
141	op	6	2
141	op0	24	1
141	op1	20	2
141	op2	10	2
141	op3	6	1
141	opc1	16	2
141	opc2	7	4
141	size	18	2
142	D	22	1
142	M	5	1
142	Q	6	1
142	Vd	12	4
142	Vm	0	4
142	cond	28	4
142	op	7	1
142	op0	24	1
142	op1	20	2
142	op2	10	2
142	op3	6	1
142	opc1	16	2
142	opc2	7	4
142	size	18	2
143	D	22	1
143	M	5	1
143	Q	6	1
143	Vd	12	4
143	Vm	0	4
143	cond	28	4
143	op	7	2
143	op0	24	1
143	op1	20	2
143	op2	10	2
143	op3	6	1
143	opc1	16	2
143	opc2	7	4
143	size	18	2
144	D	22	1
144	M	5	1
144	Q	6	1
144	Vd	12	4
144	Vm	0	4
144	cond	28	4
144	op	7	3
144	op0	24	1
144	op1	20	2
144	op2	10	2
144	op3	6	1
144	opc1	16	2
144	opc2	7	4
144	size	18	2
145	D	22	1
145	M	5	1
145	Q	6	1
145	Vd	12	4
145	Vm	0	4
145	cond	28	4
145	op	8	1
145	op0	24	1
145	op1	20	2
145	op2	10	2
145	op3	6	1
145	opc1	16	2
145	opc2	7	4
145	size	18	2
146	D	22	1
146	M	5	1
146	Q	6	1
146	Vd	12	4
146	Vm	0	4
146	cond	28	4
146	op0	24	1
146	op1	20	2
146	op2	10	2
146	op3	6	1
146	opc1	16	2
146	opc2	7	4
146	size	18	2
147	D	22	1
147	M	5	1
147	Q	6	1
147	Vd	12	4
147	Vm	0	4
147	imm4	16	4
147	op0	28	1
147	op1	20	2
147	op2	10	2
147	op3	6	1
147	opc	7	3
148	D	22	1
148	M	5	1
148	Q	6	1
148	Vd	12	4
148	Vm	0	4
148	op	6	2
148	op0	28	1
148	op1	20	2
148	op2	10	2
148	op3	6	1
148	opc1	16	2
148	opc2	7	4
148	size	18	2
149	D	22	1
149	M	5	1
149	Q	6	1
149	Vd	12	4
149	Vm	0	4
149	op	7	1
149	op0	28	1
149	op1	20	2
149	op2	10	2
149	op3	6	1
149	opc1	16	2
149	opc2	7	4
149	size	18	2
150	D	22	1
150	M	5	1
150	Q	6	1
150	Vd	12	4
150	Vm	0	4
150	op	7	2
150	op0	28	1
150	op1	20	2
150	op2	10	2
150	op3	6	1
150	opc1	16	2
150	opc2	7	4
150	size	18	2
151	D	22	1
151	M	5	1
151	Q	6	1
151	Vd	12	4
151	Vm	0	4
151	op	7	3
151	op0	28	1
151	op1	20	2
151	op2	10	2
151	op3	6	1
151	opc1	16	2
151	opc2	7	4
151	size	18	2
152	D	22	1
152	M	5	1
152	Q	6	1
152	Vd	12	4
152	Vm	0	4
152	op	8	1
152	op0	28	1
152	op1	20	2
152	op2	10	2
152	op3	6	1
152	opc1	16	2
152	opc2	7	4
152	size	18	2
153	D	22	1
153	M	5	1
153	Q	6	1
153	Vd	12	4
153	Vm	0	4
153	op0	28	1
153	op1	20	2
153	op2	10	2
153	op3	6	1
153	opc1	16	2
153	opc2	7	4
153	size	18	2
154	D	22	1
154	M	5	1
154	RM	16	2
154	Vd	12	4
154	Vm	0	4
154	cond	28	4
154	op	7	1
154	op0	23	3
154	op1	18	1
154	op2	10	1
154	op3	8	2
154	op4	6	1
154	op5	4	1
154	size	8	2
155	D	22	1
155	M	5	1
155	RM	16	2
155	Vd	12	4
155	Vm	0	4
155	op	7	1
155	op0	23	3
155	op1	18	1
155	op2	10	1
155	op3	8	2
155	op4	6	1
155	op5	4	1
155	size	8	2
156	D	22	1
156	M	5	1
156	Rt	12	4
156	Rt2	16	4
156	Vm	0	4
156	cond	28	4
156	o3	4	1
156	op	20	1
156	op0	21	4
156	op1	9	2
156	op2	4	1
156	opc2	6	2
156	size	8	2
157	D	22	1
157	M	5	1
157	Rt	12	4
157	Rt2	16	4
157	Vm	0	4
157	o3	4	1
157	op	20	1
157	op0	21	4
157	op1	9	2
157	op2	10	2
157	op3	4	1
157	opc2	6	2
157	size	8	2
158	D	22	1
158	M	5	1
158	T	7	1
158	Vd	12	4
158	Vm	0	4
158	cond	28	4
158	o1	19	1
158	o3	7	1
158	op	16	1
158	op0	20	4
158	op1	6	1
158	op2	4	1
158	opc2	16	3
158	size	8	2
158	sz	8	1
159	D	22	1
159	M	5	1
159	T	7	1
159	Vd	12	4
159	Vm	0	4
159	o1	19	1
159	o3	7	1
159	op	16	1
159	op0	20	4
159	op1	6	1
159	op2	10	2
159	op3	4	1
159	opc2	16	3
159	size	8	2
159	sz	8	1
160	D	22	1
160	M	5	1
160	U	16	1
160	Vd	12	4
160	Vm	0	4
160	cond	28	4
160	i	5	1
160	imm4	0	4
160	o1	19	1
160	o3	7	1
160	op	18	1
160	op0	20	4
160	op1	6	1
160	op2	4	1
160	opc2	16	3
160	sf	8	2
160	size	8	2
160	sx	7	1
161	D	22	1
161	M	5	1
161	U	16	1
161	Vd	12	4
161	Vm	0	4
161	i	5	1
161	imm4	0	4
161	o1	19	1
161	o3	7	1
161	op	18	1
161	op0	20	4
161	op1	6	1
161	op2	10	2
161	op3	4	1
161	opc2	16	3
161	sf	8	2
161	size	8	2
161	sx	7	1
162	D	22	1
162	M	5	1
162	Vd	12	4
162	Vm	0	4
162	cond	28	4
162	o1	19	1
162	o3	7	1
162	op	7	1
162	op0	20	4
162	op1	6	1
162	op2	4	1
162	opc2	16	3
162	size	8	2
163	D	22	1
163	M	5	1
163	Vd	12	4
163	Vm	0	4
163	cond	28	4
163	o1	19	1
163	o3	7	1
163	op0	20	4
163	op1	6	1
163	op2	4	1
163	opc2	16	3
163	size	8	2
164	D	22	1
164	M	5	1
164	Vd	12	4
164	Vm	0	4
164	cond	28	4
164	op	7	1
164	op0	23	3
164	op1	16	6
164	op2	10	1
164	op3	8	2
164	op4	6	1
164	op5	4	1
164	size	8	2
165	D	22	1
165	M	5	1
165	Vd	12	4
165	Vm	0	4
165	o1	19	1
165	o3	7	1
165	op	7	1
165	op0	20	4
165	op1	6	1
165	op2	10	2
165	op3	4	1
165	opc2	16	3
165	size	8	2
166	D	22	1
166	M	5	1
166	Vd	12	4
166	Vm	0	4
166	o1	19	1
166	o3	7	1
166	op0	20	4
166	op1	6	1
166	op2	10	2
166	op3	4	1
166	opc2	16	3
166	size	8	2
167	D	22	1
167	M	5	1
167	Vd	12	4
167	Vm	0	4
167	op	7	1
167	op0	23	3
167	op1	16	6
167	op2	10	1
167	op3	8	2
167	op4	6	1
167	op5	4	1
167	size	8	2
168	D	22	1
168	Q	6	1
168	Vd	12	4
168	cmode	8	4
168	cond	28	4
168	i	24	1
168	imm3	16	3
168	imm4	0	4
168	op	5	1
168	op0	7	15
168	op1	4	1
169	D	22	1
169	Q	6	1
169	Vd	12	4
169	cmode	8	4
169	i	28	1
169	imm3	16	3
169	imm4	0	4
169	op	5	1
169	op0	7	15
169	op1	4	1
169	op2	10	2
169	op3	4	1
170	D	22	1
170	Vd	12	4
170	cond	28	4
170	imm4H	16	4
170	imm4L	0	4
170	op0	20	4
170	op1	6	1
170	op2	4	1
170	size	8	2
171	D	22	1
171	Vd	12	4
171	imm4H	16	4
171	imm4L	0	4
171	op0	20	4
171	op1	6	1
171	op2	10	2
171	op3	4	1
171	size	8	2
172	D	24	1
172	R	22	1
172	Rm	0	4
172	Rn	16	4
172	U	23	1
172	cond	28	4
172	imm5	7	5
172	o2	22	1
172	op0	21	5
172	op1	4	1
172	stype	5	2
173	D	24	1
173	R	22	1
173	Rn	16	4
173	U	23	1
173	cond	28	4
173	imm12	0	12
173	op0	21	5
173	op1	4	1
174	D	24	1
174	Rm	0	4
174	Rn	16	4
174	U	23	1
174	cond	28	4
174	imm5	7	5
174	o2	22	1
174	op0	21	5
174	op1	4	1
174	stype	5	2
175	D	4	1
175	Zd	0	2
175	Zm	16	5
175	Zn	5	5
175	i1	22	1
175	op0	10	2
175	op1	0	4
175	op2	0	6
176	D	4	1
176	Zd	0	2
176	Zn	5	5
176	i1	16	1
176	op0	16	3
176	op1	14	2
176	op2	5	1
176	op3	2	2
176	op4	6	1
176	opc	16	3
176	opc2	10	2
176	size	12	2
177	D	4	1
177	Zd	0	2
177	Zn	5	5
177	i2	16	2
177	op0	16	3
177	op1	14	2
177	op2	5	1
177	op3	2	2
177	op4	6	1
177	opc	16	3
177	opc2	10	2
177	size	12	2
178	D	4	1
178	Zd	0	2
178	Zn	5	5
178	op0	16	3
178	op1	14	2
178	op2	5	1
178	op3	2	2
178	op4	6	1
178	opc	16	3
178	opc2	10	2
178	size	12	2
179	D	4	1
179	Zd	0	2
179	Zn	6	4
179	op0	16	3
179	op1	14	2
179	op2	5	1
179	op3	2	2
179	op4	6	1
179	opc	10	2
179	size	12	2
180	D	4	1
180	Zd	0	2
180	Zn	7	3
180	op0	16	3
180	op1	14	2
180	op2	5	1
180	op3	2	2
180	op4	6	1
180	opc	10	2
180	size	12	2
181	D	4	1
181	Zd	0	3
181	Zn	5	5
181	i2	15	2
181	op0	16	3
181	op1	14	2
181	op2	5	1
181	op3	2	2
181	op4	6	1
181	opc	15	4
181	opc2	10	2
181	size	12	2
182	D	4	1
182	Zd	0	3
182	Zn	5	5
182	i3	15	3
182	op0	16	3
182	op1	14	2
182	op2	5	1
182	op3	2	2
182	op4	6	1
182	opc	15	4
182	opc2	10	2
182	size	12	2
183	D	4	1
183	Zd	0	3
183	Zn	5	5
183	op0	16	3
183	op1	14	2
183	op2	5	1
183	op3	2	2
183	op4	6	1
183	opc	15	4
183	opc2	10	2
183	size	12	2
184	D	7	1
184	DM	7	1
184	Rd	0	3
184	Rdm	0	3
184	Rs	3	4
184	op	8	2
184	op0	8	2
185	D	7	1
185	DN	7	1
185	Rd	0	3
185	Rdn	0	3
185	Rm	3	4
185	Rs	3	4
185	op	8	2
185	op0	8	2
186	D	7	1
186	L	20	1
186	N	7	1
186	Rt	12	4
186	Vd	16	4
186	Vn	16	4
186	cond	28	4
186	op0	21	3
186	op1	8	3
186	op2	4	1
186	opc1	21	2
186	opc2	5	2
187	D	7	1
187	L	20	1
187	N	7	1
187	Rt	12	4
187	Vd	16	4
187	Vn	16	4
187	op0	21	3
187	op1	8	3
187	op2	10	2
187	op3	4	1
187	opc1	21	2
187	opc2	5	2
188	D	7	1
188	N	7	1
188	Rd	0	3
188	Rm	3	4
188	Rn	0	3
188	Rs	3	4
188	op	8	2
188	op0	8	2
189	D	7	1
189	Rd	0	3
189	Rm	3	4
189	Rs	3	4
189	op	8	2
189	op0	8	2
190	D	7	1
190	Rd	0	3
190	Rs	3	4
190	op	8	2
190	op0	8	2
191	E	23	1
191	Q	30	1
191	Rd	0	5
191	Rm	16	5
191	Rn	5	5
191	U	29	1
191	a	23	1
191	ac	11	1
191	op0	28	4
191	op1	23	2
191	op2	19	4
191	op3	10	9
191	opcode	11	3
192	E	23	1
192	Q	30	1
192	Rd	0	5
192	Rm	16	5
192	Rn	5	5
192	U	29	1
192	ac	11	1
192	op0	28	4
192	op1	23	2
192	op2	19	4
192	op3	10	9
192	opcode	11	5
192	size	22	2
192	sz	22	1
193	E	23	1
193	Rd	0	5
193	Rm	16	5
193	Rn	5	5
193	U	29	1
193	a	23	1
193	ac	11	1
193	op0	28	4
193	op1	23	2
193	op2	19	4
193	op3	10	9
193	opcode	11	3
194	E	23	1
194	Rd	0	5
194	Rm	16	5
194	Rn	5	5
194	U	29	1
194	ac	11	1
194	op0	28	4
194	op1	23	2
194	op2	19	4
194	op3	10	9
194	opcode	11	5
194	size	22	2
194	sz	22	1
195	E	3	1
195	flags	0	5
195	op	5	1
195	op0	8	4
195	op1	6	2
195	op2	5	1
195	op3	0	4
196	H	0	1
196	J1	13	1
196	J2	11	1
196	S	26	1
196	imm10	16	10
196	imm10H	16	10
196	imm10L	1	10
196	imm11	0	11
196	op0	26	1
196	op1	22	4
196	op2	20	2
196	op3	12	3
196	op4	8	3
196	op5	5	1
197	H	10	1
197	Pd	0	4
197	Pm	16	4
197	Pn	5	4
197	op0	22	2
197	op1	16	5
197	op2	9	4
197	op3	4	1
197	opc	11	2
197	size	22	2
198	H	10	1
198	Zd	0	5
198	Zm	16	5
198	Zn	5	5
198	op0	22	1
198	op1	17	8
198	op2	10	6
198	op3	4	1
198	opc	11	2
199	H	10	1
199	Zd	0	5
199	Zm	16	5
199	Zn	5	5
199	op0	29	3
199	op1	17	8
199	op2	10	6
199	op3	4	1
199	opc	10	3
199	size	22	2
200	H	11	1
200	L	21	1
200	M	20	1
200	Q	30	1
200	Rd	0	5
200	Rm	16	4
200	Rn	5	5
200	S	13	1
200	U	29	1
200	op0	28	4
200	op1	23	2
200	op2	19	4
200	op3	10	9
200	opcode	12	4
200	size	22	2
201	H	11	1
201	L	21	1
201	M	20	1
201	Q	30	1
201	Rd	0	5
201	Rm	16	4
201	Rn	5	5
201	S	14	1
201	U	29	1
201	op0	28	4
201	op1	23	2
201	op2	19	4
201	op3	10	9
201	opcode	12	4
201	size	22	2
201	sz	22	1
202	H	11	1
202	L	21	1
202	M	20	1
202	Q	30	1
202	Rd	0	5
202	Rm	16	4
202	Rn	5	5
202	U	29	1
202	US	23	1
202	op0	28	4
202	op1	23	2
202	op2	19	4
202	op3	10	9
202	opcode	12	4
202	size	22	2
203	H	11	1
203	L	21	1
203	M	20	1
203	Q	30	1
203	Rd	0	5
203	Rm	16	4
203	Rn	5	5
203	U	29	1
203	o2	14	1
203	op0	28	4
203	op1	23	2
203	op2	19	4
203	op3	10	9
203	opcode	12	4
203	size	22	2
203	sz	22	1
204	H	11	1
204	L	21	1
204	M	20	1
204	Q	30	1
204	Rd	0	5
204	Rm	16	4
204	Rn	5	5
204	U	29	1
204	o2	14	1
204	op0	28	4
204	op1	23	2
204	op2	19	4
204	op3	10	9
204	opcode	12	4
204	size	22	2
205	H	11	1
205	L	21	1
205	M	20	1
205	Q	30	1
205	Rd	0	5
205	Rm	16	4
205	Rn	5	5
205	U	29	1
205	op	12	1
205	op0	28	4
205	op1	23	2
205	op2	19	4
205	op3	10	9
205	opcode	12	4
205	size	22	2
206	H	11	1
206	L	21	1
206	M	20	1
206	Q	30	1
206	Rd	0	5
206	Rm	16	4
206	Rn	5	5
206	U	29	1
206	op0	28	4
206	op1	23	2
206	op2	19	4
206	op3	10	9
206	opcode	12	4
206	rot	13	2
206	size	22	2
207	H	11	1
207	L	21	1
207	M	20	1
207	Q	30	1
207	Rd	0	5
207	Rm	16	4
207	Rn	5	5
207	U	29	1
207	op0	28	4
207	op1	23	2
207	op2	19	4
207	op3	10	9
207	opcode	12	4
207	size	22	2
207	sz	22	1
208	H	11	1
208	L	21	1
208	M	20	1
208	Q	30	1
208	Rd	0	5
208	Rm	16	4
208	Rn	5	5
208	U	29	1
208	op0	28	4
208	op1	23	2
208	op2	19	4
208	op3	10	9
208	opcode	12	4
208	size	22	2
209	H	11	1
209	L	21	1
209	M	20	1
209	Rd	0	5
209	Rm	16	4
209	Rn	5	5
209	S	13	1
209	U	29	1
209	op0	28	4
209	op1	23	2
209	op2	19	4
209	op3	10	9
209	opcode	12	4
209	size	22	2
210	H	11	1
210	L	21	1
210	M	20	1
210	Rd	0	5
210	Rm	16	4
210	Rn	5	5
210	U	29	1
210	o2	14	1
210	op0	28	4
210	op1	23	2
210	op2	19	4
210	op3	10	9
210	opcode	12	4
210	size	22	2
210	sz	22	1
211	H	11	1
211	L	21	1
211	M	20	1
211	Rd	0	5
211	Rm	16	4
211	Rn	5	5
211	U	29	1
211	o2	14	1
211	op0	28	4
211	op1	23	2
211	op2	19	4
211	op3	10	9
211	opcode	12	4
211	size	22	2
212	H	11	1
212	L	21	1
212	M	20	1
212	Rd	0	5
212	Rm	16	4
212	Rn	5	5
212	U	29	1
212	op	12	1
212	op0	28	4
212	op1	23	2
212	op2	19	4
212	op3	10	9
212	opcode	12	4
212	size	22	2
213	H	11	1
213	L	21	1
213	M	20	1
213	Rd	0	5
213	Rm	16	4
213	Rn	5	5
213	U	29	1
213	op0	28	4
213	op1	23	2
213	op2	19	4
213	op3	10	9
213	opcode	12	4
213	size	22	2
213	sz	22	1
214	H	11	1
214	L	21	1
214	M	20	1
214	Rd	0	5
214	Rm	16	4
214	Rn	5	5
214	U	29	1
214	op0	28	4
214	op1	23	2
214	op2	19	4
214	op3	10	9
214	opcode	12	4
214	size	22	2
215	H	14	1
215	Rm	16	5
215	Rt	0	5
215	cc	21	3
215	imm9	5	9
215	op0	29	3
215	op1	12	14
215	op2	0	5
215	op3	10	2
216	H	16	1
216	Pd	0	4
216	Pn	5	4
216	op0	22	2
216	op1	16	5
216	op2	9	4
216	op3	4	1
217	H	16	1
217	U	17	1
217	Zd	0	5
217	Zn	5	5
217	op0	19	2
217	op1	16	3
217	op2	9	1
217	op3	4	1
217	size	22	2
218	H	17	1
218	Pg	10	3
218	U	16	1
218	Zdn	0	5
218	Zm	5	5
218	op0	18	3
218	op1	17	8
218	op2	10	6
218	op3	4	1
218	size	22	2
219	H	22	1
219	Rd	12	4
219	cond	28	4
219	imm12	0	12
219	imm4	16	4
219	op0	23	2
219	op1	20	2
219	op2	7	1
219	op3	5	2
219	op4	4	1
220	H	24	1
220	cond	28	4
220	imm24	0	24
220	op0	25	1
220	op1	4	1
221	H	4	1
221	Rm	0	4
221	Rn	16	4
221	op0	21	4
221	op1	20	1
221	op2	16	4
221	op3	5	3
222	H	5	1
222	Rd	8	4
222	Rm	0	4
222	Rn	16	4
222	S	4	1
222	U	6	1
222	op0	23	1
222	op1	20	3
222	op2	4	4
222	op3	15	1
223	J1	13	1
223	J2	11	1
223	S	26	1
223	cond	22	4
223	imm11	0	11
223	imm6	16	6
223	op0	26	1
223	op1	22	4
223	op2	20	2
223	op3	12	3
223	op4	8	3
223	op5	5	1
224	J1	13	1
224	J2	11	1
224	S	26	1
224	imm10	16	10
224	imm11	0	11
224	op0	26	1
224	op1	22	4
224	op2	20	2
224	op3	12	3
224	op4	8	3
224	op5	5	1
225	K	12	1
225	ZA	0	1
225	ZAda	0	1
225	Zk	10	2
225	Zm	16	5
225	Zn	6	4
225	i2	4	2
225	op0	24	1
225	op1	21	1
225	op2	15	1
225	op3	13	1
225	op4	3	1
225	op5	1	1
226	K	12	1
226	ZA	0	1
226	Zk	10	2
226	Zm	16	5
226	Zn	6	4
226	i2	4	2
226	op0	24	1
226	op1	21	1
226	op2	15	1
226	op3	13	1
226	op4	3	1
226	op5	1	1
227	K	12	1
227	ZAda	0	2
227	Zk	10	2
227	Zm	16	5
227	Zn	6	4
227	i2	4	2
227	op0	24	1
227	op1	21	1
227	op2	15	1
227	op3	13	1
227	op4	3	1
227	op5	1	1
227	u0	24	1
227	u1	21	1
228	K	12	1
228	ZAda	0	2
228	Zk	10	2
228	Zm	16	5
228	Zn	6	4
228	i2	4	2
228	op0	24	1
228	op1	21	1
228	op2	15	1
228	op3	13	1
228	op4	3	1
228	op5	1	1
228	u0	24	1
229	K	12	1
229	ZAda	0	2
229	Zk	10	2
229	Zm	16	5
229	Zn	6	4
229	i2	4	2
229	op0	24	1
229	op1	21	1
229	op2	15	1
229	op3	13	1
229	op4	3	1
229	op5	1	1
230	L	0	1
230	Zd	1	4
230	Zn	5	5
230	op0	22	2
230	op1	18	3
230	op2	16	2
230	op3	5	2
230	op4	0	2
230	opc	22	2
231	L	0	1
231	Zd	1	4
231	Zn	5	5
231	op0	22	2
231	op1	18	3
231	op2	16	2
231	op3	5	2
231	op4	0	2
232	L	11	1
232	M	8	1
232	P	8	1
232	op0	8	4
232	op1	6	2
232	op2	5	1
232	op3	0	4
232	register_list	0	8
233	L	11	1
233	P	8	1
233	op0	8	4
233	op1	6	2
233	op2	5	1
233	op3	0	4
233	register_list	0	8
234	L	11	1
234	Rn	3	3
234	Rt	0	3
234	imm5	6	5
234	op0	10	6
235	L	11	1
235	Rn	8	3
235	op0	10	6
235	register_list	0	8
236	L	11	1
236	Rt	8	3
236	imm8	0	8
236	op0	10	6
237	L	16	1
237	Zd	0	5
237	Zn	5	5
237	op0	22	2
237	op1	16	3
237	op2	10	2
237	op3	5	1
237	opc	10	2
238	L	17	1
238	Pg	10	3
238	R	18	1
238	U	16	1
238	Zdn	0	5
238	Zm	5	5
238	op0	19	2
238	op1	17	8
238	op2	10	6
238	op3	4	1
238	size	22	2
239	L	17	1
239	Pg	10	3
239	R	18	1
239	U	16	1
239	Zdn	0	5
239	Zm	5	5
239	op0	19	2
239	op1	17	8
239	op2	10	6
239	op3	4	1
240	L	17	1
240	Pg	10	3
240	U	16	1
240	Zdn	0	5
240	imm3	5	3
240	op0	19	2
240	op1	17	8
240	op2	10	6
240	op3	4	1
240	opc	18	2
240	tszh	22	2
240	tszl	8	2
241	L	20	1
241	M	14	1
241	P	15	1
241	Rn	16	4
241	W	21	1
241	mode	0	5
241	op0	25	4
241	op1	20	5
241	op3	15	1
241	opc	23	2
241	register_list	0	14
242	L	20	1
242	M	14	1
242	P	15	1
242	Rn	16	4
242	W	21	1
242	op0	25	4
242	op1	20	5
242	op3	15	1
242	opc	23	2
242	register_list	0	14
243	L	20	1
243	N	7	1
243	Rt	12	4
243	U	23	1
243	Vn	16	4
243	cond	28	4
243	op0	21	3
243	op1	8	3
243	op2	4	1
243	opc1	21	2
243	opc2	5	2
244	L	20	1
244	N	7	1
244	Rt	12	4
244	U	23	1
244	Vn	16	4
244	op0	21	3
244	op1	8	3
244	op2	10	2
244	op3	4	1
244	opc1	21	2
244	opc2	5	2
245	L	20	1
245	N	7	1
245	Rt	12	4
245	Vn	16	4
245	cond	28	4
245	op0	21	3
245	op1	8	3
245	op2	4	1
245	opc1	21	3
245	opc2	5	2
246	L	20	1
246	N	7	1
246	Rt	12	4
246	Vn	16	4
246	op0	21	3
246	op1	8	3
246	op2	10	2
246	op3	4	1
246	opc1	21	3
246	opc2	5	2
247	L	20	1
247	P	10	1
247	Rn	16	4
247	Rt	12	4
247	U	9	1
247	W	21	1
247	imm8	0	8
247	op0	23	2
247	op1	20	1
247	op2	16	4
247	op3	6	6
247	size	21	2
248	L	20	1
248	P	10	1
248	Rn	16	4
248	Rt	12	4
248	U	9	1
248	W	8	1
248	imm8	0	8
248	op0	23	2
248	op1	20	1
248	op2	16	4
248	op3	6	6
248	size	21	2
249	L	20	1
249	P	24	1
249	Rn	16	4
249	Rt	12	4
249	Rt2	8	4
249	U	23	1
249	W	21	1
249	imm8	0	8
249	op0	21	4
249	op1	20	1
249	op2	16	4
249	op3	5	3
250	L	20	1
250	P	24	1
250	Rn	16	4
250	S	22	1
250	U	23	1
250	W	21	1
250	cond	28	4
250	mode	0	5
250	op	5	11
250	op0	25	1
250	op1	4	1
251	L	20	1
251	P	24	1
251	Rn	16	4
251	U	23	1
251	W	21	1
251	cond	28	4
251	op	22	1
251	op0	25	1
251	op1	4	1
251	register_list	0	15
252	L	20	1
252	P	24	1
252	Rn	16	4
252	U	23	1
252	W	21	1
252	cond	28	4
252	op	22	1
252	op0	25	1
252	op1	4	1
252	register_list	0	16
253	L	20	1
253	P	24	1
253	Rt	12	4
253	Rt2	8	4
253	U	23	1
253	W	21	1
253	imm8	0	8
253	op0	21	4
253	op1	20	1
253	op2	16	4
253	op3	5	3
254	L	20	1
254	Rd	0	4
254	Rn	16	4
254	Rt	12	4
254	Rt2	8	4
254	op	6	1
254	op0	21	4
254	op1	20	1
254	op2	16	4
254	op3	5	3
254	sz	4	2
255	L	20	1
255	Rd	0	4
255	Rn	16	4
255	Rt	12	4
255	Rt2	8	4
255	op0	21	4
255	op1	20	1
255	op2	16	4
255	op3	5	3
255	sz	4	2
256	L	20	1
256	Rd	12	4
256	Rn	16	4
256	Rt	0	4
256	cond	28	4
256	ex	9	1
256	op0	23	1
256	op1	20	5
256	op2	7	1
256	op3	5	2
256	op4	4	1
256	ord	8	1
256	size	21	2
256	xRd	12	4
256	xRt	0	4
257	L	20	1
257	Rd	8	4
257	Rn	16	4
257	Rt	12	4
257	imm8	0	8
257	op0	21	4
257	op1	20	1
257	op2	16	4
257	op3	5	3
258	L	20	1
258	Rm	0	4
258	Rn	16	4
258	Rt	12	4
258	W	21	1
258	imm2	4	2
258	op0	23	2
258	op1	20	1
258	op2	16	4
258	op3	6	6
258	size	21	2
259	L	20	1
259	Rm	0	4
259	Rn	16	4
259	Rt	12	4
259	imm2	4	2
259	op0	23	2
259	op1	20	1
259	op2	16	4
259	op3	6	6
259	size	21	2
260	L	20	1
260	Rn	16	4
260	Rt	0	4
260	cond	28	4
260	ex	9	1
260	op0	23	1
260	op1	20	5
260	op2	7	1
260	op3	5	2
260	op4	4	1
260	ord	8	1
260	size	21	2
260	xRd	12	4
260	xRt	0	4
261	L	20	1
261	Rn	16	4
261	Rt	12	4
261	W	21	1
261	imm12	0	12
261	op0	23	2
261	op1	20	1
261	op2	16	4
261	op3	6	6
261	size	21	2
262	L	20	1
262	Rn	16	4
262	Rt	12	4
262	cond	28	4
262	ex	9	1
262	op0	23	1
262	op1	20	5
262	op2	7	1
262	op3	5	2
262	op4	4	1
262	ord	8	1
262	size	21	2
262	xRd	12	4
262	xRt	0	4
263	L	20	1
263	Rn	16	4
263	Rt	12	4
263	imm12	0	12
263	op0	23	2
263	op1	20	1
263	op2	16	4
263	op3	6	6
263	size	21	2
264	L	20	1
264	Rn	16	4
264	Rt	12	4
264	imm8	0	8
264	op0	23	2
264	op1	20	1
264	op2	16	4
264	op3	6	6
264	size	21	2
265	L	20	1
265	Rn	16	4
265	cond	28	4
265	ex	9	1
265	op0	23	1
265	op1	20	5
265	op2	7	1
265	op3	5	2
265	op4	4	1
265	ord	8	1
265	size	21	2
265	xRd	12	4
265	xRt	0	4
266	L	20	1
266	Rt	12	4
266	U	23	1
266	imm12	0	12
266	op0	23	2
266	op1	20	1
266	op2	16	4
266	op3	6	6
266	size	21	2
267	L	20	1
267	Rt	12	4
267	cond	28	4
267	op0	21	3
267	op1	8	3
267	op2	4	1
267	reg	16	4
268	L	20	1
268	Rt	12	4
268	op0	21	3
268	op1	8	3
268	op2	10	2
268	op3	4	1
268	reg	16	4
269	L	22	1
269	Q	30	1
269	R	21	1
269	Rm	16	5
269	Rn	5	5
269	Rt	0	5
269	S	12	1
269	op0	28	4
269	op1	26	1
269	op2	10	15
269	opcode	13	3
269	size	10	2
270	L	22	1
270	Q	30	1
270	R	21	1
270	Rn	5	5
270	Rt	0	5
270	S	12	1
270	o2	16	1
270	op0	28	4
270	op1	26	1
270	op2	10	15
270	opcode	13	3
270	size	10	2
271	L	22	1
271	Q	30	1
271	Rm	16	5
271	Rn	5	5
271	Rt	0	5
271	op0	28	4
271	op1	26	1
271	op2	10	15
271	opcode	12	4
271	size	10	2
272	L	22	1
272	Q	30	1
272	Rn	5	5
272	Rt	0	5
272	op0	28	4
272	op1	26	1
272	op2	10	15
272	opcode	12	4
272	size	10	2
273	L	22	1
273	Rn	5	5
273	Rs	16	5
273	Rt	0	5
273	Rt2	10	5
273	o0	15	1
273	op0	28	4
273	op1	26	1
273	op2	10	15
273	size	30	2
274	L	22	1
274	Rn	5	5
274	Rs	16	5
274	Rt	0	5
274	Rt2	10	5
274	o0	15	1
274	op0	28	4
274	op1	26	1
274	op2	10	15
274	sz	30	1
275	L	22	1
275	Rn	5	5
275	Rt	0	5
275	Rt2	10	5
275	VR	26	1
275	imm7	15	7
275	op0	28	4
275	op1	26	1
275	op2	10	15
275	opc	30	2
275	simm7	15	7
276	L	22	1
276	Rn	5	5
276	Rt	0	5
276	Rt2	10	5
276	VR	26	1
276	imm7	15	7
276	op0	28	4
276	op1	26	1
276	op2	10	15
276	opc	30	2
277	L	22	1
277	Rn	5	5
277	Rt	0	5
277	Rt2	16	5
277	op0	28	4
277	op1	26	1
277	op2	10	15
277	opc2	12	4
277	size	30	2
278	L	22	1
278	Rn	5	5
278	Rt	0	5
278	op0	28	4
278	op1	26	1
278	op2	10	15
278	size	30	2
279	L	7	1
279	Rm	3	4
279	op0	8	2
280	LL	0	2
280	imm16	5	16
280	imm7	5	7
280	op0	29	3
280	op1	17	3
280	op2	2	3
280	op3	10	2
280	opc	21	3
281	LL	0	2
281	imm16	5	16
281	op0	29	3
281	op1	12	14
281	op2	2	3
281	op3	10	2
281	opc	21	3
282	M	10	1
282	Rm	0	5
282	Rn	5	5
282	op0	29	3
282	op1	12	14
282	op2	16	5
282	op3	10	6
282	op4	0	5
282	opc	21	4
283	M	14	1
283	Pg	16	4
283	Zd	0	5
283	imm8	5	8
283	op0	13	3
283	op1	17	8
283	op2	10	6
283	op3	4	1
283	sh	13	1
283	size	22	2
284	M	16	1
284	Pg	10	3
284	Zd	0	5
284	Zn	5	5
284	op0	18	3
284	op1	17	8
284	op2	10	6
284	op3	4	1
284	opc	17	2
284	size	22	2
285	M	16	1
285	Pg	10	3
285	Zd	0	5
285	Zn	5	5
285	op0	18	3
285	op1	17	8
285	op2	10	6
285	op3	4	1
285	opc	17	2
286	M	20	1
286	N	9	1
286	S	4	1
286	ZA	0	1
286	ZAda	0	1
286	Zm	17	3
286	Zn	6	3
286	op0	24	1
286	op1	21	1
286	op2	15	1
286	op3	3	2
286	op4	1	1
287	M	20	1
287	N	9	1
287	S	4	1
287	ZA	0	1
287	Zm	17	3
287	Zn	6	3
287	op0	24	1
287	op1	21	1
287	op2	15	1
287	op3	3	2
287	op4	1	1
288	M	20	1
288	N	9	1
288	S	4	1
288	ZAda	0	2
288	Zm	17	3
288	Zn	6	3
288	op0	24	1
288	op1	21	1
288	op2	15	1
288	op3	3	2
288	op4	1	1
288	u0	24	1
288	u1	21	1
289	M	20	1
289	N	9	1
289	S	4	1
289	ZAda	0	2
289	Zm	17	3
289	Zn	6	3
289	op0	24	1
289	op1	21	1
289	op2	15	1
289	op3	3	2
289	op4	1	1
289	u0	24	1
290	M	20	1
290	N	9	1
290	S	4	1
290	ZAda	0	2
290	Zm	17	3
290	Zn	6	3
290	op0	24	1
290	op1	21	1
290	op2	15	1
290	op3	3	2
290	op4	1	1
291	M	20	1
291	N	9	1
291	S	4	1
291	ZAda	0	3
291	Zm	17	3
291	Zn	6	3
291	op0	29	1
291	op1	24	1
291	op2	21	1
291	u0	24	1
291	u1	21	1
292	M	20	1
292	N	9	1
292	S	4	1
292	ZAda	0	3
292	Zm	17	3
292	Zn	6	3
292	op0	29	1
292	op1	24	1
292	op2	21	1
293	M	20	1
293	N	9	1
293	ZA	0	1
293	ZAda	0	1
293	Zm	17	3
293	Zn	6	3
293	op0	24	1
293	op1	21	1
293	op2	15	1
293	op3	3	2
293	op4	1	1
294	M	20	1
294	N	9	1
294	ZA	0	1
294	Zm	17	3
294	Zn	6	3
294	op0	24	1
294	op1	21	1
294	op2	15	1
294	op3	3	2
294	op4	1	1
295	M	20	1
295	N	9	1
295	ZAda	0	2
295	Zm	17	3
295	Zn	6	3
295	op0	24	1
295	op1	21	1
295	op2	15	1
295	op3	3	2
295	op4	1	1
296	M	20	1
296	Pg	10	3
296	U	16	1
296	Zd	0	5
296	Zn	5	5
296	op0	19	2
296	op1	17	8
296	op2	10	6
296	op3	4	1
296	opc	16	3
296	size	22	2
297	M	20	1
297	Pg	10	3
297	Zd	0	5
297	Zn	5	5
297	op0	19	2
297	op1	17	8
297	op2	10	6
297	op3	4	1
297	opc	16	3
297	size	22	2
298	M	23	1
298	Rn	5	5
298	Rt	0	5
298	S	22	1
298	VR	26	1
298	W	11	1
298	imm9	12	9
298	op0	28	4
298	op1	26	1
298	op2	10	15
298	size	30	2
299	M	31	1
299	Ra	10	5
299	Rd	0	5
299	Rm	16	5
299	Rn	5	5
299	S	29	1
299	ftype	22	2
299	o0	15	1
299	o1	21	1
299	op0	28	4
299	op1	23	2
299	op2	19	4
299	op3	10	9
300	M	31	1
300	Rd	0	5
300	Rm	16	5
300	Rn	5	5
300	S	29	1
300	cond	12	4
300	ftype	22	2
300	op0	28	4
300	op1	23	2
300	op2	19	4
300	op3	10	9
301	M	31	1
301	Rd	0	5
301	Rm	16	5
301	Rn	5	5
301	S	29	1
301	ftype	22	2
301	op	12	1
301	op0	28	4
301	op1	23	2
301	op2	19	4
301	op3	10	9
301	opcode	12	4
302	M	31	1
302	Rd	0	5
302	Rm	16	5
302	Rn	5	5
302	S	29	1
302	ftype	22	2
302	op	12	2
302	op0	28	4
302	op1	23	2
302	op2	19	4
302	op3	10	9
302	opcode	12	4
303	M	31	1
303	Rd	0	5
303	Rm	16	5
303	Rn	5	5
303	S	29	1
303	ftype	22	2
303	op	15	1
303	op0	28	4
303	op1	23	2
303	op2	19	4
303	op3	10	9
303	opcode	12	4
304	M	31	1
304	Rd	0	5
304	Rm	16	5
304	Rn	5	5
304	S	29	1
304	ftype	22	2
304	op0	28	4
304	op1	23	2
304	op2	19	4
304	op3	10	9
304	opcode	12	4
305	M	31	1
305	Rd	0	5
305	Rn	5	5
305	S	29	1
305	ftype	22	2
305	op	15	2
305	op0	28	4
305	op1	23	2
305	op2	19	4
305	op3	10	9
305	opcode	15	6
306	M	31	1
306	Rd	0	5
306	Rn	5	5
306	S	29	1
306	ftype	22	2
306	op0	28	4
306	op1	23	2
306	op2	19	4
306	op3	10	9
306	opc	15	2
306	opcode	15	6
307	M	31	1
307	Rd	0	5
307	Rn	5	5
307	S	29	1
307	ftype	22	2
307	op0	28	4
307	op1	23	2
307	op2	19	4
307	op3	10	9
307	opcode	15	6
307	rmode	15	3
308	M	31	1
308	Rd	0	5
308	Rn	5	5
308	S	29	1
308	ftype	22	2
308	op0	28	4
308	op1	23	2
308	op2	19	4
308	op3	10	9
308	opcode	15	6
309	M	31	1
309	Rd	0	5
309	S	29	1
309	ftype	22	2
309	imm5	5	5
309	imm8	13	8
309	op0	28	4
309	op1	23	2
309	op2	19	4
309	op3	10	9
310	M	31	1
310	Rm	16	5
310	Rn	5	5
310	S	29	1
310	cond	12	4
310	ftype	22	2
310	nzcv	0	4
310	op	4	1
310	op0	28	4
310	op1	23	2
310	op2	19	4
310	op3	10	9
311	M	31	1
311	Rm	16	5
311	Rn	5	5
311	S	29	1
311	ftype	22	2
311	op	14	2
311	op0	28	4
311	op1	23	2
311	op2	19	4
311	op3	10	9
311	opc	3	2
311	opcode2	0	5
312	M	31	1
312	Rm	16	5
312	Rn	5	5
312	S	29	1
312	ftype	22	2
312	op	14	2
312	op0	28	4
312	op1	23	2
312	op2	19	4
312	op3	10	9
312	opcode2	0	5
313	M	4	1
313	M1	16	4
313	R	20	1
313	Rd	8	4
313	m	4	1
313	m1	16	4
313	op0	26	1
313	op1	22	4
313	op2	20	2
313	op3	12	3
313	op4	8	3
313	op5	5	1
314	M	4	1
314	M1	8	4
314	R	20	1
314	Rn	16	4
314	m	4	1
314	m1	8	4
314	op0	26	1
314	op1	22	4
314	op2	20	2
314	op3	12	3
314	op4	8	3
314	op5	5	1
315	M	4	1
315	N	5	1
315	Ra	12	4
315	Rd	8	4
315	Rm	0	4
315	Rn	16	4
315	op0	6	2
315	op1	20	3
315	op2	4	2
315	op3	15	1
316	M	4	1
316	N	5	1
316	RdHi	8	4
316	RdLo	12	4
316	Rm	0	4
316	Rn	16	4
316	op0	25	4
316	op1	20	3
316	op2	4	4
316	op3	15	1
317	M	4	1
317	Ra	12	4
317	Rd	8	4
317	Rm	0	4
317	Rn	16	4
317	op0	6	2
317	op1	20	3
317	op2	4	2
317	op3	15	1
318	M	4	1
318	RdHi	8	4
318	RdLo	12	4
318	Rm	0	4
318	Rn	16	4
318	op0	25	4
318	op1	20	3
318	op2	4	4
318	op3	15	1
319	M	5	1
319	Ra	12	4
319	Rd	16	4
319	RdHi	16	4
319	RdLo	12	4
319	Rm	8	4
319	Rn	0	4
319	cond	28	4
319	op0	20	5
319	op1	20	3
319	op2	5	3
320	M	5	1
320	Ra	12	4
320	Rd	16	4
320	Rm	8	4
320	Rn	0	4
320	cond	28	4
320	op0	20	5
320	op1	20	3
320	op2	5	3
321	M	6	1
321	N	5	1
321	Ra	12	4
321	Rd	16	4
321	RdHi	16	4
321	RdLo	12	4
321	Rm	8	4
321	Rn	0	4
321	cond	28	4
321	op0	25	1
321	op1	20	5
321	op2	7	1
321	op3	5	2
321	op4	4	1
321	opc	21	2
322	M	6	1
322	N	5	1
322	Ra	12	4
322	Rd	16	4
322	Rm	8	4
322	Rn	0	4
322	cond	28	4
322	op0	25	1
322	op1	20	5
322	op2	7	1
322	op3	5	2
322	op4	4	1
322	opc	21	2
323	N	0	1
323	PNg	10	3
323	Rm	16	5
323	Rn	5	5
323	Zt	1	4
323	msz	13	2
323	op0	20	3
323	op1	15	1
323	op2	1	1
324	N	0	1
324	PNg	10	3
324	Rm	16	5
324	Rn	5	5
324	Zt	2	3
324	msz	13	2
324	op0	20	3
324	op1	15	1
324	op2	1	1
325	N	0	1
325	PNg	10	3
325	Rn	5	5
325	Zt	1	4
325	imm4	16	4
325	msz	13	2
325	op0	20	3
325	op1	15	1
325	op2	1	1
326	N	0	1
326	PNg	10	3
326	Rn	5	5
326	Zt	2	3
326	imm4	16	4
326	msz	13	2
326	op0	20	3
326	op1	15	1
326	op2	1	1
327	N	10	1
327	U	5	1
327	Zd	0	5
327	Zn	7	3
327	imm5	16	5
327	op	6	1
327	op0	22	2
327	op1	10	3
327	op2	1	1
327	tsize	22	2
328	N	14	1
328	Pg	10	3
328	Za	16	5
328	Zdn	0	5
328	Zm	5	5
328	op	13	1
328	op0	15	1
328	op1	17	8
328	op2	10	6
328	op3	4	1
328	opc	13	2
328	size	22	2
329	N	14	1
329	Pg	10	3
329	Zda	0	5
329	Zm	16	5
329	Zn	5	5
329	op	13	1
329	op0	15	1
329	op1	17	8
329	op2	10	6
329	op3	4	1
329	opc	13	2
329	size	22	2
330	N	17	1
330	Pg	10	3
330	Q	19	1
330	R	18	1
330	U	16	1
330	Zdn	0	5
330	Zm	5	5
330	op0	17	4
330	op1	13	1
330	op2	10	6
330	op3	4	1
330	size	22	2
331	N	21	1
331	Rd	0	5
331	Rm	16	5
331	Rn	5	5
331	imm6	10	6
331	op0	30	1
331	op1	28	1
331	op2	21	4
331	op3	10	6
331	opc	29	2
331	sf	31	1
331	shift	22	2
332	N	22	1
332	Rd	0	5
332	Rm	16	5
332	Rn	5	5
332	imms	10	6
332	o0	21	1
332	op0	29	2
332	op1	22	4
332	op21	29	2
332	sf	31	1
333	N	22	1
333	Rd	0	5
333	Rn	5	5
333	immr	16	6
333	imms	10	6
333	op0	29	2
333	op1	22	4
333	opc	29	2
333	sf	31	1
334	N	3	1
334	PNg	10	3
334	Rm	16	5
334	Rn	5	5
334	T	4	1
334	Zt	0	2
334	msz	13	2
334	op0	20	3
334	op1	15	1
334	op2	2	1
335	N	3	1
335	PNg	10	3
335	Rm	16	5
335	Rn	5	5
335	T	4	1
335	Zt	0	3
335	msz	13	2
335	op0	20	3
335	op1	15	1
335	op2	2	1
336	N	3	1
336	PNg	10	3
336	Rn	5	5
336	T	4	1
336	Zt	0	2
336	imm4	16	4
336	msz	13	2
336	op0	20	3
336	op1	15	1
336	op2	2	1
337	N	3	1
337	PNg	10	3
337	Rn	5	5
337	T	4	1
337	Zt	0	3
337	imm4	16	4
337	msz	13	2
337	op0	20	3
337	op1	15	1
337	op2	2	1
338	N	5	1
338	Zd	0	5
338	Zn	6	4
338	op	22	1
338	op0	22	2
338	op1	18	3
338	op2	16	2
338	op3	5	2
338	op4	0	2
339	N	5	1
339	Zd	0	5
339	Zn	7	3
339	op0	22	2
339	op1	18	3
339	op2	16	2
339	op3	5	2
339	op4	0	2
340	N	6	1
340	U	5	1
340	Zd	0	5
340	Zn	7	3
340	op	22	1
340	op0	22	2
340	op1	18	3
340	op2	16	2
340	op3	5	2
340	op4	0	2
340	sz	23	1
341	N	7	1
341	Rt	12	4
341	Vn	16	4
341	cond	28	4
341	op	20	1
341	op0	21	3
341	op1	8	3
341	op2	4	1
342	N	7	1
342	Rt	12	4
342	Vn	16	4
342	op	20	1
342	op0	21	3
342	op1	8	3
342	op2	10	2
342	op3	4	1
343	O	14	1
343	Rd	0	5
343	Rm	16	5
343	Rn	5	5
343	op0	28	4
343	op1	23	2
343	op2	19	4
343	op3	10	9
343	opcode	10	2
344	Op0	21	2
344	Ra	10	5
344	Rd	0	5
344	Rm	16	5
344	Rn	5	5
344	op0	28	4
344	op1	23	2
344	op2	19	4
344	op3	10	9
345	P	10	1
345	Rn	16	4
345	Rt	12	4
345	U	9	1
345	W	8	1
345	imm8	0	8
345	op0	23	2
345	op1	20	1
345	op2	16	4
345	op3	6	6
345	size	21	2
346	P	12	1
346	Rd	0	5
346	Rm	16	5
346	Rn	5	5
346	op0	28	4
346	op1	23	2
346	op2	19	4
346	op3	10	9
346	opcode	12	3
346	size	22	2
347	P	24	1
347	Rm	0	4
347	Rn	16	4
347	Rt	12	4
347	U	23	1
347	W	21	1
347	cond	28	4
347	imm5	7	5
347	op0	25	3
347	op1	20	1
347	op2	22	1
347	stype	5	2
348	P	24	1
348	Rm	0	4
348	Rn	16	4
348	Rt	12	4
348	U	23	1
348	W	21	1
348	cond	28	4
348	o1	20	1
348	op0	22	1
348	op1	20	5
348	op2	5	2
348	op3	5	2
348	op4	4	1
349	P	24	1
349	Rn	16	4
349	Rt	12	4
349	U	23	1
349	W	21	1
349	cond	28	4
349	imm12	0	12
349	op0	25	3
349	op1	20	1
349	op2	22	1
350	P	24	1
350	Rn	16	4
350	Rt	12	4
350	U	23	1
350	W	21	1
350	cond	28	4
350	imm4H	8	4
350	imm4L	0	4
350	o1	20	1
350	op0	22	1
350	op1	20	5
350	op2	5	2
350	op3	5	2
350	op4	4	1
351	PNd	0	3
351	Rm	16	5
351	Rn	5	5
351	U	11	1
351	eq	3	1
351	lt	10	1
351	op0	16	5
351	op1	11	3
351	op2	5	6
351	op3	3	1
351	size	22	2
351	vl	13	1
352	PNd	0	3
352	op0	16	5
352	op1	11	3
352	op2	5	6
352	op3	3	1
352	size	22	2
353	PNg	10	3
353	PNv	10	3
353	Zd	1	4
353	Zm	17	4
353	Zn	6	4
353	op0	16	2
353	op1	5	2
353	op2	0	2
353	size	22	2
354	PNg	10	3
354	PNv	10	3
354	Zd	2	3
354	Zm	18	3
354	Zn	7	3
354	op0	16	2
354	op1	5	2
354	op2	0	2
354	size	22	2
355	PNg	10	3
355	Zd	1	4
355	Zm	17	4
355	Zn	6	4
355	op0	16	2
355	op1	5	2
355	op2	0	2
355	size	22	2
356	PNg	10	3
356	Zd	2	3
356	Zm	18	3
356	Zn	7	3
356	op0	16	2
356	op1	5	2
356	op2	0	2
356	size	22	2
357	PNn	5	3
357	Pd	0	4
357	i1	8	1
357	op0	16	5
357	op1	11	3
357	op2	5	6
357	op3	3	1
357	opc	8	3
357	size	22	2
358	PNn	5	3
358	Pd	0	4
358	imm2	8	2
358	op0	16	5
358	op1	11	3
358	op2	5	6
358	op3	3	1
358	opc	8	3
358	size	22	2
359	PNn	5	3
359	Pd	0	4
359	op0	16	5
359	op1	11	3
359	op2	5	6
359	op3	3	1
359	opc	8	3
359	size	22	2
360	PNn	5	4
360	Rd	0	5
360	op0	11	3
360	op1	9	1
360	op2	10	6
360	op3	4	1
360	opc	16	3
360	size	22	2
360	vl	10	1
361	Pd	0	4
361	Pg	10	3
361	U	15	1
361	Zm	16	5
361	Zn	5	5
361	lt	13	1
361	ne	4	1
361	op0	14	1
361	op1	17	8
361	op2	10	6
361	op3	4	1
361	size	22	2
362	Pd	0	4
362	Pg	10	3
362	Zm	16	5
362	Zn	5	5
362	cmph	13	1
362	cmpl	4	1
362	o2	13	1
362	o3	4	1
362	op	15	1
362	op0	29	3
362	op1	17	8
362	op2	10	6
362	op3	4	1
362	size	22	2
363	Pd	0	4
363	Pg	10	3
363	Zm	16	5
363	Zn	5	5
363	ne	4	1
363	o2	13	1
363	op	15	1
363	op0	14	1
363	op1	17	8
363	op2	10	6
363	op3	4	1
363	size	22	2
364	Pd	0	4
364	Pg	10	3
364	Zm	16	5
364	Zn	5	5
364	o2	13	1
364	o3	4	1
364	op	15	1
364	op0	29	3
364	op1	17	8
364	op2	10	6
364	op3	4	1
364	size	22	2
365	Pd	0	4
365	Pg	10	3
365	Zm	16	5
365	Zn	5	5
365	op	4	1
365	op0	29	3
365	op1	17	8
365	op2	10	6
365	op3	4	1
365	opc	22	2
365	sz	22	1
366	Pd	0	4
366	Pg	10	3
366	Zm	16	5
366	Zn	5	5
366	op	4	1
366	op0	29	3
366	op1	17	8
366	op2	10	6
366	op3	4	1
366	opc	22	2
367	Pd	0	4
367	Pg	10	3
367	Zn	5	5
367	eq	17	1
367	lt	16	1
367	ne	4	1
367	op0	18	1
367	op1	17	8
367	op2	10	6
367	op3	4	1
367	size	22	2
368	Pd	0	4
368	Pg	10	3
368	Zn	5	5
368	imm5	16	5
368	lt	13	1
368	ne	4	1
368	o2	13	1
368	op	15	1
368	op0	29	3
368	op1	17	8
368	op2	10	6
368	op3	4	1
368	size	22	2
369	Pd	0	4
369	Pg	10	3
369	Zn	5	5
369	imm5	16	5
369	ne	4	1
369	o2	13	1
369	op	15	1
369	op0	29	3
369	op1	17	8
369	op2	10	6
369	op3	4	1
369	size	22	2
370	Pd	0	4
370	Pg	10	3
370	Zn	5	5
370	imm7	14	7
370	lt	13	1
370	ne	4	1
370	op0	29	3
370	op1	17	8
370	op2	10	6
370	op3	4	1
370	size	22	2
371	Pd	0	4
371	Pg	10	3
371	Zn	5	5
371	imm7	14	7
371	lt	13	1
371	ne	4	1
371	op0	29	3
371	op1	17	8
371	op2	10	6
371	op3	4	1
372	Pd	0	4
372	Pg	10	4
372	Pm	16	4
372	Pn	5	4
372	S	22	1
372	o2	9	1
372	o3	4	1
372	op	23	1
372	op0	29	3
372	op1	17	8
372	op2	10	6
372	op3	4	1
373	Pd	0	4
373	Pg	5	4
373	S	22	1
373	op	23	1
373	op0	16	4
373	op1	11	3
373	op2	9	2
373	op3	5	4
373	op4	4	1
374	Pd	0	4
374	Pm	5	4
374	Pn	10	4
374	Rv	16	2
374	S	9	1
374	i1	23	1
374	op0	29	3
374	op1	17	8
374	op2	10	6
374	op3	4	1
374	tszh	22	1
374	tszl	18	3
375	Pd	0	4
375	Pn	5	4
375	op0	22	2
375	op1	16	5
375	op2	9	4
375	op3	4	1
375	size	22	2
376	Pd	0	4
376	Rm	16	5
376	Rn	5	5
376	U	11	1
376	eq	4	1
376	lt	10	1
376	op0	12	2
376	op1	10	2
376	op2	0	4
376	op3	4	1
376	sf	12	1
376	size	22	2
377	Pd	0	4
377	Rm	16	5
377	Rn	5	5
377	op0	12	2
377	op1	10	2
377	op2	0	4
377	op3	4	1
377	rw	4	1
377	size	22	2
378	Pd	0	4
378	S	16	1
378	op0	16	4
378	op1	11	3
378	op2	9	2
378	op3	5	4
378	op4	4	1
378	pattern	5	5
378	size	22	2
379	Pd	0	4
379	S	22	1
379	op	23	1
379	op0	16	4
379	op1	11	3
379	op2	9	2
379	op3	5	4
379	op4	4	1
380	Pd	0	4
380	Zn	5	5
380	i1	17	1
380	op0	19	2
380	op1	16	3
380	op2	9	1
380	op3	4	1
380	opc	22	2
380	opc2	17	2
381	Pd	0	4
381	Zn	5	5
381	i2	17	2
381	op0	19	2
381	op1	16	3
381	op2	9	1
381	op3	4	1
381	opc	22	2
381	opc2	17	2
382	Pd	0	4
382	Zn	5	5
382	i3h	22	1
382	i3l	17	2
382	op0	19	2
382	op1	16	3
382	op2	9	1
382	op3	4	1
382	opc	22	2
382	opc2	17	2
383	Pd	0	4
383	Zn	5	5
383	op0	19	2
383	op1	16	3
383	op2	9	1
383	op3	4	1
383	opc	22	2
383	opc2	17	2
384	Pd	1	3
384	Rm	16	5
384	Rn	5	5
384	U	11	1
384	eq	0	1
384	lt	10	1
384	op0	16	5
384	op1	11	3
384	op2	5	6
384	op3	3	1
384	size	22	2
385	Pdm	0	4
385	Pg	10	4
385	Pn	5	4
385	S	22	1
385	op0	23	1
385	op1	16	4
385	op2	9	1
385	op3	4	1
386	Pdn	0	4
386	Pg	5	4
386	S	22	1
386	op	23	1
386	op0	16	4
386	op1	11	3
386	op2	9	2
386	op3	5	4
386	op4	4	1
387	Pdn	0	4
387	Pv	5	4
387	op0	16	4
387	op1	11	3
387	op2	9	2
387	op3	5	4
387	op4	4	1
387	size	22	2
388	Pg	10	3
388	Q	16	1
388	Rs	13	2
388	V	15	1
388	ZAd	0	4
388	Zn	5	5
388	op0	22	2
388	op1	18	1
388	op2	15	2
388	op3	10	3
388	op4	5	2
388	op5	3	1
388	opc	0	4
388	size	22	2
389	Pg	10	3
389	Q	16	1
389	Rs	13	2
389	V	15	1
389	ZAd	1	3
389	Zn	5	5
389	o1	0	1
389	op0	22	2
389	op1	18	1
389	op2	15	2
389	op3	10	3
389	op4	5	2
389	op5	3	1
389	opc	0	4
389	size	22	2
390	Pg	10	3
390	Q	16	1
390	Rs	13	2
390	V	15	1
390	ZAd	2	2
390	Zn	5	5
390	off2	0	2
390	op0	22	2
390	op1	18	1
390	op2	15	2
390	op3	10	3
390	op4	5	2
390	op5	3	1
390	opc	0	4
390	size	22	2
391	Pg	10	3
391	Q	16	1
391	Rs	13	2
391	V	15	1
391	ZAd	3	1
391	Zn	5	5
391	off3	0	3
391	op0	22	2
391	op1	18	1
391	op2	15	2
391	op3	10	3
391	op4	5	2
391	op5	3	1
391	opc	0	4
391	size	22	2
392	Pg	10	3
392	Q	16	1
392	Rs	13	2
392	V	15	1
392	ZAn	5	4
392	Zd	0	5
392	op0	22	2
392	op1	18	1
392	op2	15	2
392	op3	10	3
392	op4	8	2
392	op5	0	2
392	opc	5	4
392	size	22	2
393	Pg	10	3
393	Q	16	1
393	Rs	13	2
393	V	15	1
393	ZAn	6	3
393	Zd	0	5
393	o1	5	1
393	op0	22	2
393	op1	18	1
393	op2	15	2
393	op3	10	3
393	op4	8	2
393	op5	0	2
393	opc	5	4
393	size	22	2
394	Pg	10	3
394	Q	16	1
394	Rs	13	2
394	V	15	1
394	ZAn	7	2
394	Zd	0	5
394	off2	5	2
394	op0	22	2
394	op1	18	1
394	op2	15	2
394	op3	10	3
394	op4	8	2
394	op5	0	2
394	opc	5	4
394	size	22	2
395	Pg	10	3
395	Q	16	1
395	Rs	13	2
395	V	15	1
395	ZAn	8	1
395	Zd	0	5
395	off3	5	3
395	op0	22	2
395	op1	18	1
395	op2	15	2
395	op3	10	3
395	op4	8	2
395	op5	0	2
395	opc	5	4
395	size	22	2
396	Pg	10	3
396	Q	16	1
396	Rs	13	2
396	V	15	1
396	Zd	0	5
396	off4	5	4
396	op0	22	2
396	op1	18	1
396	op2	15	2
396	op3	10	3
396	op4	8	2
396	op5	0	2
396	opc	5	4
396	size	22	2
397	Pg	10	3
397	Q	16	1
397	Rs	13	2
397	V	15	1
397	Zd	0	5
397	op0	22	2
397	op1	18	1
397	op2	15	2
397	op3	10	3
397	op4	8	2
397	op5	0	2
397	opc	5	4
397	size	22	2
398	Pg	10	3
398	Q	16	1
398	Rs	13	2
398	V	15	1
398	Zn	5	5
398	off4	0	4
398	op0	22	2
398	op1	18	1
398	op2	15	2
398	op3	10	3
398	op4	5	2
398	op5	3	1
398	opc	0	4
398	size	22	2
399	Pg	10	3
399	Q	16	1
399	Rs	13	2
399	V	15	1
399	Zn	5	5
399	op0	22	2
399	op1	18	1
399	op2	15	2
399	op3	10	3
399	op4	5	2
399	op5	3	1
399	opc	0	4
399	size	22	2
400	Pg	10	3
400	Q	19	1
400	Z	17	1
400	Zd	0	5
400	Zn	5	5
400	op	16	1
400	op0	17	4
400	op1	13	1
400	op2	10	6
400	op3	4	1
400	size	22	2
401	Pg	10	3
401	R	17	1
401	U	16	1
401	Zdn	0	5
401	Zm	5	5
401	op0	18	3
401	op1	17	8
401	op2	10	6
401	op3	4	1
401	size	22	2
402	Pg	10	3
402	R	18	1
402	S	17	1
402	U	16	1
402	Zdn	0	5
402	Zm	5	5
402	op0	17	4
402	op1	13	1
402	op2	10	6
402	op3	4	1
402	size	22	2
403	Pg	10	3
403	Rm	16	5
403	Rn	5	5
403	Rs	13	2
403	V	15	1
403	ZAt	0	4
403	op0	21	4
403	op1	16	5
403	op2	15	1
403	op3	10	5
403	op4	2	3
404	Pg	10	3
404	Rm	16	5
404	Rn	5	5
404	Rs	13	2
404	V	15	1
404	ZAt	1	3
404	msz	22	2
404	o1	0	1
404	op0	21	4
404	op1	16	5
404	op2	15	1
404	op3	10	5
404	op4	2	3
404	opc	0	4
405	Pg	10	3
405	Rm	16	5
405	Rn	5	5
405	Rs	13	2
405	V	15	1
405	ZAt	2	2
405	msz	22	2
405	off2	0	2
405	op0	21	4
405	op1	16	5
405	op2	15	1
405	op3	10	5
405	op4	2	3
405	opc	0	4
406	Pg	10	3
406	Rm	16	5
406	Rn	5	5
406	Rs	13	2
406	V	15	1
406	ZAt	3	1
406	msz	22	2
406	off3	0	3
406	op0	21	4
406	op1	16	5
406	op2	15	1
406	op3	10	5
406	op4	2	3
406	opc	0	4
407	Pg	10	3
407	Rm	16	5
407	Rn	5	5
407	Rs	13	2
407	V	15	1
407	msz	22	2
407	off4	0	4
407	op0	21	4
407	op1	16	5
407	op2	15	1
407	op3	10	5
407	op4	2	3
407	opc	0	4
408	Pg	10	3
408	Rm	16	5
408	Rn	5	5
408	Rs	13	2
408	V	15	1
408	msz	22	2
408	op0	21	4
408	op1	16	5
408	op2	15	1
408	op3	10	5
408	op4	2	3
408	opc	0	4
409	Pg	10	3
409	Rm	16	5
409	Rn	5	5
409	Zm	16	5
409	Zn	5	5
409	Zt	0	5
409	op0	22	3
409	op1	21	1
409	op2	10	6
409	op3	4	1
410	Pg	10	3
410	Rm	16	5
410	Rn	5	5
410	Zt	0	5
410	dtype	21	4
410	op0	21	2
410	op1	20	1
410	op2	13	3
410	op3	4	1
411	Pg	10	3
411	Rm	16	5
411	Rn	5	5
411	Zt	0	5
411	dtype	23	2
411	op0	21	2
411	op1	20	1
411	op2	13	3
411	op3	4	1
412	Pg	10	3
412	Rm	16	5
412	Rn	5	5
412	Zt	0	5
412	msz	23	2
412	op0	21	2
412	op1	17	8
412	op2	10	6
412	op3	4	1
412	opc	21	2
413	Pg	10	3
413	Rm	16	5
413	Rn	5	5
413	Zt	0	5
413	msz	23	2
413	op0	21	2
413	op1	17	8
413	op2	10	6
413	op3	4	1
414	Pg	10	3
414	Rm	16	5
414	Rn	5	5
414	Zt	0	5
414	msz	23	2
414	op0	21	2
414	op1	20	1
414	op2	13	3
414	op3	4	1
414	opc	21	2
415	Pg	10	3
415	Rm	16	5
415	Rn	5	5
415	Zt	0	5
415	msz	23	2
415	op0	21	2
415	op1	20	1
415	op2	13	3
415	op3	4	1
415	ssz	21	2
416	Pg	10	3
416	Rm	16	5
416	Rn	5	5
416	Zt	0	5
416	msz	23	2
416	op0	21	2
416	op1	20	1
416	op2	13	3
416	op3	4	1
417	Pg	10	3
417	Rm	16	5
417	Rn	5	5
417	Zt	0	5
417	num	22	2
417	op0	22	3
417	op1	20	2
417	op2	14	1
417	op3	4	1
418	Pg	10	3
418	Rm	16	5
418	Rn	5	5
418	Zt	0	5
418	num	23	2
418	op0	21	2
418	op1	20	1
418	op2	13	3
418	op3	4	1
419	Pg	10	3
419	Rm	16	5
419	Rn	5	5
419	Zt	0	5
419	o2	21	1
419	op0	22	3
419	op1	20	2
419	op2	14	1
419	op3	4	1
419	opc	22	3
419	size	21	2
420	Pg	10	3
420	Rm	16	5
420	Rn	5	5
420	Zt	0	5
420	o2	21	1
420	op0	22	3
420	op1	20	2
420	op2	14	1
420	op3	4	1
420	opc	22	3
420	sz	21	1
421	Pg	10	3
421	Rm	16	5
421	Rn	5	5
421	Zt	0	5
421	o2	21	1
421	op0	22	3
421	op1	20	2
421	op2	14	1
421	op3	4	1
421	opc	22	3
422	Pg	10	3
422	Rm	16	5
422	Rn	5	5
422	msz	23	2
422	op0	23	2
422	op1	21	2
422	op2	13	3
422	op3	4	1
422	prfop	0	4
423	Pg	10	3
423	Rm	16	5
423	U	13	1
423	Zn	5	5
423	Zt	0	5
423	msz	23	2
423	op0	23	2
423	op1	21	2
423	op2	13	3
423	op3	4	1
424	Pg	10	3
424	Rm	16	5
424	U	14	1
424	Zn	5	5
424	Zt	0	5
424	msz	23	2
424	op0	23	2
424	op1	21	2
424	op2	13	3
424	op3	4	1
425	Pg	10	3
425	Rm	16	5
425	Zn	5	5
425	Zt	0	5
425	msz	23	2
425	op0	22	3
425	op1	21	1
425	op2	10	6
425	op3	4	1
426	Pg	10	3
426	Rm	16	5
426	Zn	5	5
426	Zt	0	5
426	op0	23	2
426	op1	21	2
426	op2	13	3
426	op3	4	1
427	Pg	10	3
427	Rn	5	5
427	U	14	1
427	Zm	16	5
427	Zt	0	5
427	ff	13	1
427	msz	23	2
427	op0	23	2
427	op1	21	2
427	op2	13	3
427	op3	4	1
427	xs	22	1
428	Pg	10	3
428	Rn	5	5
428	U	14	1
428	Zm	16	5
428	Zt	0	5
428	ff	13	1
428	msz	23	2
428	op0	23	2
428	op1	21	2
428	op2	13	3
428	op3	4	1
429	Pg	10	3
429	Rn	5	5
429	U	14	1
429	Zm	16	5
429	Zt	0	5
429	ff	13	1
429	op0	23	2
429	op1	21	2
429	op2	13	3
429	op3	4	1
429	opc	23	2
429	xs	22	1
430	Pg	10	3
430	Rn	5	5
430	U	14	1
430	Zm	16	5
430	Zt	0	5
430	ff	13	1
430	op0	23	2
430	op1	21	2
430	op2	13	3
430	op3	4	1
430	opc	23	2
431	Pg	10	3
431	Rn	5	5
431	U	14	1
431	Zm	16	5
431	Zt	0	5
431	ff	13	1
431	op0	23	2
431	op1	21	2
431	op2	13	3
431	op3	4	1
431	xs	22	1
432	Pg	10	3
432	Rn	5	5
432	Zd	0	5
432	op0	20	1
432	op1	17	3
432	op2	16	1
432	op3	13	1
432	size	22	2
433	Pg	10	3
433	Rn	5	5
433	Zm	16	5
433	Zt	0	5
433	msz	23	2
433	op0	21	2
433	op1	17	8
433	op2	10	6
433	op3	4	1
433	xs	14	1
434	Pg	10	3
434	Rn	5	5
434	Zm	16	5
434	Zt	0	5
434	msz	23	2
434	op0	21	2
434	op1	17	8
434	op2	10	6
434	op3	4	1
435	Pg	10	3
435	Rn	5	5
435	Zm	16	5
435	Zt	0	5
435	op0	22	3
435	op1	21	1
435	op2	10	6
435	op3	4	1
436	Pg	10	3
436	Rn	5	5
436	Zm	16	5
436	msz	13	2
436	op0	23	2
436	op1	21	2
436	op2	13	3
436	op3	4	1
436	prfop	0	4
436	xs	22	1
437	Pg	10	3
437	Rn	5	5
437	Zm	16	5
437	msz	13	2
437	op0	23	2
437	op1	21	2
437	op2	13	3
437	op3	4	1
437	prfop	0	4
438	Pg	10	3
438	Rn	5	5
438	Zt	0	5
438	dtype	21	4
438	imm4	16	4
438	op0	21	2
438	op1	20	1
438	op2	13	3
438	op3	4	1
439	Pg	10	3
439	Rn	5	5
439	Zt	0	5
439	dtype	23	2
439	imm4	16	4
439	op0	21	2
439	op1	20	1
439	op2	13	3
439	op3	4	1
440	Pg	10	3
440	Rn	5	5
440	Zt	0	5
440	dtypeh	23	2
440	dtypel	13	2
440	imm6	16	6
440	op0	23	2
440	op1	21	2
440	op2	13	3
440	op3	4	1
441	Pg	10	3
441	Rn	5	5
441	Zt	0	5
441	imm4	16	4
441	msz	23	2
441	op0	21	2
441	op1	20	1
441	op2	10	6
441	op3	4	1
441	opc	21	2
441	size	21	2
442	Pg	10	3
442	Rn	5	5
442	Zt	0	5
442	imm4	16	4
442	msz	23	2
442	op0	21	2
442	op1	20	1
442	op2	10	6
442	op3	4	1
442	opc	21	2
442	sz	21	1
443	Pg	10	3
443	Rn	5	5
443	Zt	0	5
443	imm4	16	4
443	msz	23	2
443	op0	21	2
443	op1	20	1
443	op2	10	6
443	op3	4	1
443	opc	21	2
444	Pg	10	3
444	Rn	5	5
444	Zt	0	5
444	imm4	16	4
444	msz	23	2
444	op0	21	2
444	op1	20	1
444	op2	10	6
444	op3	4	1
445	Pg	10	3
445	Rn	5	5
445	Zt	0	5
445	imm4	16	4
445	msz	23	2
445	op0	21	2
445	op1	20	1
445	op2	13	3
445	op3	4	1
445	opc	21	2
446	Pg	10	3
446	Rn	5	5
446	Zt	0	5
446	imm4	16	4
446	msz	23	2
446	op0	21	2
446	op1	20	1
446	op2	13	3
446	op3	4	1
446	ssz	21	2
447	Pg	10	3
447	Rn	5	5
447	Zt	0	5
447	imm4	16	4
447	msz	23	2
447	op0	21	2
447	op1	20	1
447	op2	13	3
447	op3	4	1
448	Pg	10	3
448	Rn	5	5
448	Zt	0	5
448	imm4	16	4
448	num	22	2
448	op0	22	3
448	op1	20	2
448	op2	14	1
448	op3	4	1
449	Pg	10	3
449	Rn	5	5
449	Zt	0	5
449	imm4	16	4
449	num	23	2
449	op0	21	2
449	op1	20	1
449	op2	13	3
449	op3	4	1
450	Pg	10	3
450	Rn	5	5
450	imm6	16	6
450	msz	13	2
450	op0	23	2
450	op1	21	2
450	op2	13	3
450	op3	4	1
450	prfop	0	4
451	Pg	10	3
451	S	17	1
451	U	16	1
451	Zdn	0	5
451	Zm	5	5
451	op	18	1
451	op0	17	4
451	op1	13	1
451	op2	10	6
451	op3	4	1
451	size	22	2
452	Pg	10	3
452	U	13	1
452	Zd	0	5
452	Zn	5	5
452	int_U	13	1
452	o2	16	1
452	o3	14	1
452	op0	16	3
452	op1	17	8
452	op2	10	6
452	op3	4	1
452	opc	22	2
453	Pg	10	3
453	U	13	1
453	Zd	0	5
453	Zn	5	5
453	o2	16	1
453	o3	14	1
453	op0	16	3
453	op1	17	8
453	op2	10	6
453	op3	4	1
453	opc	22	2
453	size	13	2
454	Pg	10	3
454	U	13	1
454	Zd	0	5
454	Zn	5	5
454	o2	16	1
454	o3	14	1
454	op0	16	3
454	op1	17	8
454	op2	10	6
454	op3	4	1
454	opc	22	2
454	sz	14	1
455	Pg	10	3
455	U	13	1
455	Zd	0	5
455	Zn	5	5
455	o2	16	1
455	o3	14	1
455	op0	16	3
455	op1	17	8
455	op2	10	6
455	op3	4	1
455	opc	22	2
456	Pg	10	3
456	U	14	1
456	Zn	5	5
456	Zt	0	5
456	ff	13	1
456	imm5	16	5
456	msz	23	2
456	op0	23	2
456	op1	21	2
456	op2	13	3
456	op3	4	1
457	Pg	10	3
457	U	16	1
457	Vd	0	5
457	Zn	5	5
457	op	17	1
457	op0	18	3
457	op1	17	8
457	op2	10	6
457	op3	4	1
457	size	22	2
458	Pg	10	3
458	U	16	1
458	Vd	0	5
458	Zn	5	5
458	op	17	1
458	op0	18	3
458	op1	17	8
458	op2	10	6
458	op3	4	1
459	Pg	10	3
459	U	16	1
459	Zd	0	5
459	Zn	5	5
459	int_U	16	1
459	op0	18	3
459	op1	17	8
459	op2	10	6
459	op3	4	1
459	opc	22	2
459	opc2	17	2
460	Pg	10	3
460	U	16	1
460	Zd	0	5
460	Zn	5	5
460	op0	18	3
460	op1	17	8
460	op2	10	6
460	op3	4	1
460	opc	22	2
460	opc2	17	2
460	size	17	2
461	Pg	10	3
461	U	16	1
461	Zd	0	5
461	Zn	5	5
461	op0	18	3
461	op1	17	8
461	op2	10	6
461	op3	4	1
461	opc	22	2
461	opc2	17	2
461	sz	17	1
462	Pg	10	3
462	U	16	1
462	Zd	0	5
462	Zn	5	5
462	op0	18	3
462	op1	17	8
462	op2	10	6
462	op3	4	1
462	opc	22	2
462	opc2	17	2
463	Pg	10	3
463	U	16	1
463	Zda	0	5
463	Zn	5	5
463	op0	17	4
463	op1	13	1
463	op2	10	6
463	op3	4	1
463	size	22	2
464	Pg	10	3
464	U	16	1
464	Zdn	0	5
464	Zm	5	5
464	op0	17	4
464	op1	13	1
464	op2	10	6
464	op3	4	1
464	opc	17	2
464	size	22	2
465	Pg	10	3
465	U	16	1
465	Zdn	0	5
465	Zm	5	5
465	op0	18	3
465	op1	17	8
465	op2	10	6
465	op3	4	1
465	opc	17	2
465	size	22	2
466	Pg	10	3
466	Vd	0	5
466	Zn	5	5
466	op0	18	3
466	op1	17	8
466	op2	10	6
466	op3	4	1
466	opc	16	2
466	size	22	2
467	Pg	10	3
467	Vd	0	5
467	Zn	5	5
467	op0	18	3
467	op1	17	8
467	op2	10	6
467	op3	4	1
467	opc	16	2
468	Pg	10	3
468	Vd	0	5
468	Zn	5	5
468	op0	29	3
468	op1	17	8
468	op2	10	6
468	op3	4	1
468	opc	16	3
468	size	22	2
469	Pg	10	3
469	Vdn	0	5
469	Zm	5	5
469	op0	18	1
469	op1	17	8
469	op2	10	6
469	op3	4	1
469	opc	16	2
469	size	22	2
470	Pg	10	3
470	Vn	5	5
470	Zd	0	5
470	op0	20	1
470	op1	17	3
470	op2	16	1
470	op3	13	1
470	size	22	2
471	Pg	10	3
471	Z	13	1
471	Zd	0	5
471	Zn	5	5
471	op0	20	1
471	op1	17	3
471	op2	16	1
471	op3	13	1
471	opc	16	2
471	size	22	2
472	Pg	10	3
472	Z	13	1
472	Zd	0	5
472	Zn	5	5
472	op0	20	1
472	op1	17	3
472	op2	16	1
472	op3	13	1
472	size	22	2
473	Pg	10	3
473	Za	16	5
473	Zdn	0	5
473	Zm	5	5
473	op0	15	1
473	op1	17	8
473	op2	10	6
473	op3	4	1
473	opc	13	2
473	size	22	2
474	Pg	10	3
474	Za	5	5
474	Zdn	0	5
474	Zm	16	5
474	op	13	1
474	op0	15	1
474	op1	17	8
474	op2	10	6
474	op3	4	1
474	size	22	2
475	Pg	10	3
475	Zd	0	5
475	Zm	16	5
475	Zn	5	5
475	op0	29	3
475	op1	17	8
475	op2	10	6
475	op3	4	1
475	size	22	2
476	Pg	10	3
476	Zd	0	5
476	Zn	5	5
476	op	16	1
476	op0	16	3
476	op1	17	8
476	op2	10	6
476	op3	4	1
476	opc2	13	2
476	size	22	2
477	Pg	10	3
477	Zd	0	5
477	Zn	5	5
477	op0	16	3
477	op1	17	8
477	op2	10	6
477	op3	4	1
477	opc	13	2
477	size	22	2
478	Pg	10	3
478	Zd	0	5
478	Zn	5	5
478	op0	16	3
478	op1	17	8
478	op2	10	6
478	op3	4	1
478	opc	22	2
478	opc2	13	2
479	Pg	10	3
479	Zd	0	5
479	Zn	5	5
479	op0	18	3
479	op1	17	8
479	op2	10	6
479	op3	4	1
479	opc	16	2
479	size	22	2
480	Pg	10	3
480	Zd	0	5
480	Zn	5	5
480	op0	18	3
480	op1	17	8
480	op2	10	6
480	op3	4	1
480	opc	16	3
480	size	22	2
481	Pg	10	3
481	Zd	0	5
481	Zn	5	5
481	op0	18	3
481	op1	17	8
481	op2	10	6
481	op3	4	1
481	opc	22	2
481	opc2	16	2
482	Pg	10	3
482	Zd	0	5
482	Zn	5	5
482	op0	20	1
482	op1	17	3
482	op2	16	1
482	op3	13	1
482	size	22	2
482	sz	22	1
483	Pg	10	3
483	Zd	0	5
483	Zn	5	5
483	op0	20	1
483	op1	17	3
483	op2	16	1
483	op3	13	1
483	size	22	2
484	Pg	10	3
484	Zd	0	5
484	Zn	5	5
484	op0	29	3
484	op1	17	8
484	op2	10	6
484	op3	4	1
484	opc	22	2
484	opc2	16	2
485	Pg	10	3
485	Zda	0	5
485	Zm	16	5
485	Zn	5	5
485	op	13	1
485	op0	15	1
485	op1	17	8
485	op2	10	6
485	op3	4	1
485	opc	13	2
485	size	22	2
486	Pg	10	3
486	Zda	0	5
486	Zm	16	5
486	Zn	5	5
486	op	13	1
486	op0	15	1
486	op1	17	8
486	op2	10	6
486	op3	4	1
486	size	22	2
487	Pg	10	3
487	Zda	0	5
487	Zm	16	5
487	Zn	5	5
487	op0	15	1
487	op1	17	8
487	op2	10	6
487	op3	4	1
487	opc	13	2
487	size	22	2
488	Pg	10	3
488	Zda	0	5
488	Zm	16	5
488	Zn	5	5
488	op0	29	3
488	op1	17	8
488	op2	10	6
488	op3	4	1
488	rot	13	2
488	size	22	2
489	Pg	10	3
489	Zdn	0	5
489	Zm	5	5
489	op0	18	3
489	op1	17	8
489	op2	10	6
489	op3	4	1
489	opc	16	3
489	size	22	2
490	Pg	10	3
490	Zdn	0	5
490	Zm	5	5
490	op0	19	2
490	op1	10	3
490	op2	6	4
490	op3	4	1
490	opc	16	4
490	size	22	2
491	Pg	10	3
491	Zdn	0	5
491	Zm	5	5
491	op0	29	3
491	op1	17	8
491	op2	10	6
491	op3	4	1
491	opc	16	3
491	size	22	2
492	Pg	10	3
492	Zdn	0	5
492	Zm	5	5
492	op0	29	3
492	op1	17	8
492	op2	10	6
492	op3	4	1
492	opc	16	3
493	Pg	10	3
493	Zdn	0	5
493	Zm	5	5
493	op0	29	3
493	op1	17	8
493	op2	10	6
493	op3	4	1
493	rot	16	1
493	size	22	2
494	Pg	10	3
494	Zdn	0	5
494	i1	5	1
494	op0	19	2
494	op1	10	3
494	op2	6	4
494	op3	4	1
494	opc	16	3
494	size	22	2
495	Pg	10	3
495	Zn	5	5
495	Zt	0	5
495	imm5	16	5
495	msz	23	2
495	op0	21	2
495	op1	17	8
495	op2	10	6
495	op3	4	1
496	Pg	10	3
496	Zn	5	5
496	imm5	16	5
496	msz	23	2
496	op0	23	2
496	op1	21	2
496	op2	13	3
496	op3	4	1
496	prfop	0	4
497	Pg	10	4
497	Pn	5	4
497	Rd	0	5
497	op0	11	3
497	op1	9	1
497	op2	10	6
497	op3	4	1
497	opc	16	3
497	size	22	2
498	Pg	10	4
498	Pn	5	4
498	S	22	1
498	op	23	1
498	op0	16	4
498	op1	11	3
498	op2	9	2
498	op3	5	4
498	op4	4	1
498	opc2	0	4
499	Pg	16	4
499	Zd	0	5
499	imm8	5	8
499	op0	13	3
499	op1	17	8
499	op2	10	6
499	op3	4	1
499	size	22	2
500	Pm	13	3
500	Pn	10	3
500	S	4	1
500	ZAda	0	1
500	Zm	16	5
500	Zn	5	5
500	op0	24	1
500	op1	21	1
500	op2	4	1
500	op3	1	1
501	Pm	13	3
501	Pn	10	3
501	S	4	1
501	ZAda	0	2
501	Zm	16	5
501	Zn	5	5
501	op0	21	1
501	op1	3	1
501	op2	0	6
501	u0	24	1
501	u1	21	1
502	Pm	13	3
502	Pn	10	3
502	S	4	1
502	ZAda	0	2
502	Zm	16	5
502	Zn	5	5
502	op0	21	1
502	op1	3	1
502	op2	0	6
502	u0	24	1
503	Pm	13	3
503	Pn	10	3
503	S	4	1
503	ZAda	0	2
503	Zm	16	5
503	Zn	5	5
503	op0	24	1
503	op1	21	1
503	op2	4	1
503	op3	1	1
504	Pm	13	3
504	Pn	10	3
504	S	4	1
504	ZAda	0	2
504	Zm	16	5
504	Zn	5	5
504	op0	24	1
504	op1	21	1
504	op2	4	1
505	Pm	13	3
505	Pn	10	3
505	S	4	1
505	ZAda	0	3
505	Zm	16	5
505	Zn	5	5
505	op0	29	1
505	op1	24	1
505	op2	21	1
505	u0	24	1
505	u1	21	1
506	Pm	13	3
506	Pn	10	3
506	S	4	1
506	ZAda	0	3
506	Zm	16	5
506	Zn	5	5
506	op0	29	1
506	op1	24	1
506	op2	21	1
507	Pm	13	3
507	Pn	10	3
507	V	16	1
507	ZAda	0	2
507	Zn	5	5
507	op	22	1
507	op0	23	1
507	op1	17	2
507	op2	4	1
507	opc2	0	3
508	Pm	13	3
508	Pn	10	3
508	V	16	1
508	ZAda	0	3
508	Zn	5	5
508	op	22	1
508	op0	23	1
508	op1	17	2
508	op2	4	1
508	opc2	0	3
509	Pm	13	3
509	Pn	10	3
509	V	16	1
509	Zn	5	5
509	op	22	1
509	op0	23	1
509	op1	17	2
509	op2	4	1
509	opc2	0	3
510	Pm	13	3
510	Pn	10	3
510	ZAda	0	1
510	Zm	16	5
510	Zn	5	5
510	op0	24	1
510	op1	21	1
510	op2	4	1
510	op3	1	1
511	Pm	13	3
511	Pn	10	3
511	ZAda	0	2
511	Zm	16	5
511	Zn	5	5
511	op0	24	1
511	op1	21	1
511	op2	4	1
512	Pn	5	4
512	Zd	0	5
512	i1	17	1
512	op0	19	2
512	op1	16	3
512	op2	9	1
512	op3	4	1
512	opc	22	2
512	opc2	17	2
513	Pn	5	4
513	Zd	0	5
513	i2	17	2
513	op0	19	2
513	op1	16	3
513	op2	9	1
513	op3	4	1
513	opc	22	2
513	opc2	17	2
514	Pn	5	4
514	Zd	0	5
514	i3h	22	1
514	i3l	17	2
514	op0	19	2
514	op1	16	3
514	op2	9	1
514	op3	4	1
514	opc	22	2
514	opc2	17	2
515	Pn	5	4
515	Zd	0	5
515	op0	19	2
515	op1	16	3
515	op2	9	1
515	op3	4	1
515	opc	22	2
515	opc2	17	2
516	Pn	5	4
516	op0	18	1
516	op1	16	2
516	op2	9	3
516	op3	5	4
516	op4	0	5
516	opc	22	2
517	Pt	0	4
517	Rn	5	5
517	imm9h	16	6
517	imm9l	10	3
517	op0	22	3
517	op1	20	2
517	op2	14	1
517	op3	4	1
518	Pt	0	4
518	Rn	5	5
518	imm9h	16	6
518	imm9l	10	3
518	op0	23	2
518	op1	21	2
518	op2	13	3
518	op3	4	1
519	Pv	10	3
519	Zd	0	5
519	Zn	5	5
519	op0	20	1
519	op1	17	3
519	op2	16	1
519	op3	13	1
519	size	22	2
520	Pv	10	3
520	Zdn	0	5
520	Zm	5	5
520	op0	20	1
520	op1	17	3
520	op2	16	1
520	op3	13	1
520	size	22	2
521	Pv	10	4
521	Zd	0	5
521	Zm	16	5
521	Zn	5	5
521	op0	29	3
521	op1	17	8
521	op2	10	6
521	op3	4	1
521	size	22	2
522	Q	16	1
522	Rs	13	2
522	V	15	1
522	ZAn	5	4
522	Zd	0	5
522	op0	22	2
522	op1	18	1
522	op2	15	2
522	op3	10	3
522	op4	8	2
522	op5	0	2
522	opc	5	4
522	size	22	2
523	Q	16	1
523	Rs	13	2
523	V	15	1
523	ZAn	6	3
523	Zd	0	5
523	o1	5	1
523	op0	22	2
523	op1	18	1
523	op2	15	2
523	op3	10	3
523	op4	8	2
523	op5	0	2
523	opc	5	4
523	size	22	2
524	Q	16	1
524	Rs	13	2
524	V	15	1
524	ZAn	7	2
524	Zd	0	5
524	off2	5	2
524	op0	22	2
524	op1	18	1
524	op2	15	2
524	op3	10	3
524	op4	8	2
524	op5	0	2
524	opc	5	4
524	size	22	2
525	Q	16	1
525	Rs	13	2
525	V	15	1
525	ZAn	8	1
525	Zd	0	5
525	off3	5	3
525	op0	22	2
525	op1	18	1
525	op2	15	2
525	op3	10	3
525	op4	8	2
525	op5	0	2
525	opc	5	4
525	size	22	2
526	Q	16	1
526	Rs	13	2
526	V	15	1
526	Zd	0	5
526	off4	5	4
526	op0	22	2
526	op1	18	1
526	op2	15	2
526	op3	10	3
526	op4	8	2
526	op5	0	2
526	opc	5	4
526	size	22	2
527	Q	16	1
527	Rs	13	2
527	V	15	1
527	Zd	0	5
527	op0	22	2
527	op1	18	1
527	op2	15	2
527	op3	10	3
527	op4	8	2
527	op5	0	2
527	opc	5	4
527	size	22	2
528	Q	30	1
528	R	12	1
528	Rd	0	5
528	Rm	16	5
528	Rn	5	5
528	S	11	1
528	U	29	1
528	op0	28	4
528	op1	23	2
528	op2	19	4
528	op3	10	9
528	opcode	11	5
528	size	22	2
529	Q	30	1
529	Rd	0	5
529	Rm	16	5
529	Rn	5	5
529	S	11	1
529	U	29	1
529	op0	28	4
529	op1	23	2
529	op2	19	4
529	op3	10	9
529	opcode	11	4
529	size	22	2
530	Q	30	1
530	Rd	0	5
530	Rm	16	5
530	Rn	5	5
530	S	23	1
530	U	29	1
530	op0	28	4
530	op1	23	2
530	op2	19	4
530	op3	10	9
530	opcode	11	5
530	size	22	2
530	sz	22	1
531	Q	30	1
531	Rd	0	5
531	Rm	16	5
531	Rn	5	5
531	U	29	1
531	a	23	1
531	o1	23	1
531	op0	28	4
531	op1	23	2
531	op2	19	4
531	op3	10	9
531	opcode	11	3
532	Q	30	1
532	Rd	0	5
532	Rm	16	5
532	Rn	5	5
532	U	29	1
532	a	23	1
532	op0	28	4
532	op1	23	2
532	op2	19	4
532	op3	10	9
532	opcode	11	3
533	Q	30	1
533	Rd	0	5
533	Rm	16	5
533	Rn	5	5
533	U	29	1
533	ac	11	1
533	op0	28	4
533	op1	23	2
533	op2	19	4
533	op3	10	9
533	opcode	11	5
533	size	22	2
534	Q	30	1
534	Rd	0	5
534	Rm	16	5
534	Rn	5	5
534	U	29	1
534	eq	11	1
534	op0	28	4
534	op1	23	2
534	op2	19	4
534	op3	10	9
534	opcode	11	5
534	size	22	2
535	Q	30	1
535	Rd	0	5
535	Rm	16	5
535	Rn	5	5
535	U	29	1
535	o1	11	1
535	op0	28	4
535	op1	23	2
535	op2	19	4
535	op3	10	9
535	opcode	11	5
535	size	22	2
536	Q	30	1
536	Rd	0	5
536	Rm	16	5
536	Rn	5	5
536	U	29	1
536	o1	13	1
536	op0	28	4
536	op1	23	2
536	op2	19	4
536	op3	10	9
536	opcode	12	4
536	size	22	2
537	Q	30	1
537	Rd	0	5
537	Rm	16	5
537	Rn	5	5
537	U	29	1
537	o1	23	1
537	op0	28	4
537	op1	23	2
537	op2	19	4
537	op3	10	9
537	opcode	11	5
537	size	22	2
537	sz	22	1
538	Q	30	1
538	Rd	0	5
538	Rm	16	5
538	Rn	5	5
538	U	29	1
538	op	13	1
538	op0	28	4
538	op1	23	2
538	op2	19	4
538	op3	10	9
538	opcode	12	4
538	size	22	2
539	Q	30	1
539	Rd	0	5
539	Rm	16	5
539	Rn	5	5
539	U	29	1
539	op	23	1
539	op0	28	4
539	op1	23	2
539	op2	19	4
539	op3	10	9
539	opcode	11	5
539	size	22	2
539	sz	22	1
540	Q	30	1
540	Rd	0	5
540	Rm	16	5
540	Rn	5	5
540	U	29	1
540	op0	28	4
540	op1	23	2
540	op2	19	4
540	op3	10	9
540	opc2	22	2
540	opcode	11	5
540	size	22	2
541	Q	30	1
541	Rd	0	5
541	Rm	16	5
541	Rn	5	5
541	U	29	1
541	op0	28	4
541	op1	23	2
541	op2	19	4
541	op3	10	9
541	opcode	11	4
541	rot	11	2
541	size	22	2
542	Q	30	1
542	Rd	0	5
542	Rm	16	5
542	Rn	5	5
542	U	29	1
542	op0	28	4
542	op1	23	2
542	op2	19	4
542	op3	10	9
542	opcode	11	4
542	rot	12	1
542	size	22	2
543	Q	30	1
543	Rd	0	5
543	Rm	16	5
543	Rn	5	5
543	U	29	1
543	op0	28	4
543	op1	23	2
543	op2	19	4
543	op3	10	9
543	opcode	11	4
543	size	22	2
544	Q	30	1
544	Rd	0	5
544	Rm	16	5
544	Rn	5	5
544	U	29	1
544	op0	28	4
544	op1	23	2
544	op2	19	4
544	op3	10	9
544	opcode	11	5
544	size	22	2
544	sz	22	1
545	Q	30	1
545	Rd	0	5
545	Rm	16	5
545	Rn	5	5
545	U	29	1
545	op0	28	4
545	op1	23	2
545	op2	19	4
545	op3	10	9
545	opcode	11	5
545	size	22	2
546	Q	30	1
546	Rd	0	5
546	Rm	16	5
546	Rn	5	5
546	U	29	1
546	op0	28	4
546	op1	23	2
546	op2	19	4
546	op3	10	9
546	opcode	12	4
546	size	22	2
547	Q	30	1
547	Rd	0	5
547	Rm	16	5
547	Rn	5	5
547	imm4	11	4
547	op0	28	4
547	op1	23	2
547	op2	22	2
547	op3	10	9
548	Q	30	1
548	Rd	0	5
548	Rm	16	5
548	Rn	5	5
548	len	13	2
548	op	12	1
548	op0	28	4
548	op1	23	2
548	op2	22	2
548	op3	10	9
549	Q	30	1
549	Rd	0	5
549	Rm	16	5
549	Rn	5	5
549	op	14	1
549	op0	28	4
549	op1	23	2
549	op2	19	4
549	op3	10	9
549	opcode	12	3
549	size	22	2
550	Q	30	1
550	Rd	0	5
550	Rm	16	5
550	Rn	5	5
550	op0	28	4
550	op1	23	2
550	op2	19	4
550	op3	10	9
550	opcode	12	3
550	size	22	2
551	Q	30	1
551	Rd	0	5
551	Rn	5	5
551	U	29	1
551	a	23	1
551	o1	12	1
551	o2	23	1
551	op0	28	4
551	op1	23	2
551	op2	19	4
551	op3	10	9
551	opcode	12	5
552	Q	30	1
552	Rd	0	5
552	Rn	5	5
552	U	29	1
552	a	23	1
552	op	12	1
552	op0	28	4
552	op1	23	2
552	op2	19	4
552	op3	10	9
552	opcode	12	5
553	Q	30	1
553	Rd	0	5
553	Rn	5	5
553	U	29	1
553	a	23	1
553	op0	28	4
553	op1	23	2
553	op2	19	4
553	op3	10	9
553	opcode	12	5
554	Q	30	1
554	Rd	0	5
554	Rn	5	5
554	U	29	1
554	immb	16	3
554	immh	19	4
554	o0	12	1
554	o1	13	1
554	op0	28	4
554	op1	23	2
554	op2	19	4
554	op3	10	9
554	opcode	11	5
555	Q	30	1
555	Rd	0	5
555	Rn	5	5
555	U	29	1
555	immb	16	3
555	immh	19	4
555	op	11	1
555	op0	28	4
555	op1	23	2
555	op2	19	4
555	op3	10	9
555	opcode	11	5
556	Q	30	1
556	Rd	0	5
556	Rn	5	5
556	U	29	1
556	immb	16	3
556	immh	19	4
556	op	12	1
556	op0	28	4
556	op1	23	2
556	op2	19	4
556	op3	10	9
556	opcode	11	5
557	Q	30	1
557	Rd	0	5
557	Rn	5	5
557	U	29	1
557	immb	16	3
557	immh	19	4
557	op0	28	4
557	op1	23	2
557	op2	19	4
557	op3	10	9
557	opcode	11	5
558	Q	30	1
558	Rd	0	5
558	Rn	5	5
558	U	29	1
558	o0	12	1
558	op0	28	4
558	op1	23	2
558	op2	19	4
558	op3	10	9
558	opcode	12	5
558	size	22	2
559	Q	30	1
559	Rd	0	5
559	Rn	5	5
559	U	29	1
559	o1	12	1
559	o2	23	1
559	op0	28	4
559	op1	23	2
559	op2	19	4
559	op3	10	9
559	opcode	12	5
559	size	22	2
559	sz	22	1
560	Q	30	1
560	Rd	0	5
560	Rn	5	5
560	U	29	1
560	o1	23	1
560	op0	28	4
560	op1	23	2
560	op2	19	4
560	op3	10	9
560	opcode	12	5
560	size	22	2
560	sz	22	1
561	Q	30	1
561	Rd	0	5
561	Rn	5	5
561	U	29	1
561	o1	23	1
561	op0	28	4
561	op1	23	2
561	op2	19	4
561	op3	10	9
561	opcode	12	5
561	size	22	2
562	Q	30	1
562	Rd	0	5
562	Rn	5	5
562	U	29	1
562	op	12	1
562	op0	28	4
562	op1	23	2
562	op2	19	4
562	op3	10	9
562	opcode	12	5
562	size	22	2
562	sz	22	1
563	Q	30	1
563	Rd	0	5
563	Rn	5	5
563	U	29	1
563	op	12	1
563	op0	28	4
563	op1	23	2
563	op2	19	4
563	op3	10	9
563	opcode	12	5
563	size	22	2
564	Q	30	1
564	Rd	0	5
564	Rn	5	5
564	U	29	1
564	op	14	1
564	op0	28	4
564	op1	23	2
564	op2	19	4
564	op3	10	9
564	opcode	12	5
564	size	22	2
565	Q	30	1
565	Rd	0	5
565	Rn	5	5
565	U	29	1
565	op	16	1
565	op0	28	4
565	op1	23	2
565	op2	19	4
565	op3	10	9
565	opcode	12	5
565	size	22	2
566	Q	30	1
566	Rd	0	5
566	Rn	5	5
566	U	29	1
566	op0	28	4
566	op1	23	2
566	op2	19	4
566	op3	10	9
566	opcode	12	5
566	size	22	2
566	sz	22	1
567	Q	30	1
567	Rd	0	5
567	Rn	5	5
567	U	29	1
567	op0	28	4
567	op1	23	2
567	op2	19	4
567	op3	10	9
567	opcode	12	5
567	size	22	2
568	Q	30	1
568	Rd	0	5
568	Rn	5	5
568	imm4	11	4
568	imm5	16	5
568	op	29	1
568	op0	28	4
568	op1	23	2
568	op2	19	4
568	op3	10	9
569	Q	30	1
569	Rd	0	5
569	a	18	1
569	b	17	1
569	c	16	1
569	cmode	12	4
569	d	9	1
569	e	8	1
569	f	7	1
569	g	6	1
569	h	5	1
569	o2	11	1
569	op	29	1
569	op0	28	4
569	op1	23	2
569	op2	19	4
569	op3	10	9
570	R	10	1
570	Zd	0	5
570	Zm	16	3
570	Zn	5	5
570	i2	19	2
570	op0	10	6
570	op1	17	8
570	op2	10	6
570	op3	4	1
570	opc	16	5
570	size	22	2
571	R	10	1
571	Zd	0	5
571	Zm	16	3
571	Zn	5	5
571	i3h	22	1
571	i3l	19	2
571	op0	10	6
571	op1	17	8
571	op2	10	6
571	op3	4	1
571	opc	16	5
571	size	22	2
572	R	10	1
572	Zd	0	5
572	Zm	16	4
572	Zn	5	5
572	i1	20	1
572	op0	10	6
572	op1	17	8
572	op2	10	6
572	op3	4	1
572	opc	16	5
572	size	22	2
573	R	10	1
573	Zd	0	5
573	Zm	16	5
573	Zn	5	5
573	op0	10	3
573	op1	17	8
573	op2	10	6
573	op3	4	1
573	size	22	2
574	R	10	1
574	Zd	0	5
574	Zn	5	5
574	op0	10	6
574	op1	17	8
574	op2	10	6
574	op3	4	1
574	opc	16	5
574	size	22	2
575	R	11	1
575	S	12	1
575	T	10	1
575	Zd	0	5
575	Zm	16	5
575	Zn	5	5
575	op0	23	1
575	op1	17	2
575	op2	16	1
575	op3	13	2
575	op4	10	1
575	op5	5	1
575	size	22	2
576	R	11	1
576	T	10	1
576	U	12	1
576	Zd	0	5
576	Zn	5	5
576	imm3	16	3
576	op	13	1
576	op0	23	1
576	op1	17	2
576	op2	16	1
576	op3	13	2
576	op4	10	1
576	op5	5	1
576	tszh	22	1
576	tszl	19	2
577	R	11	1
577	U	10	1
577	Zda	0	5
577	Zn	5	5
577	imm3	16	3
577	op0	17	4
577	op1	11	3
577	op2	10	6
577	op3	4	1
577	tszh	22	2
577	tszl	19	2
578	R	11	1
578	U	12	1
578	Zd	0	5
578	Zn	6	4
578	imm3	16	3
578	op0	22	1
578	op1	13	1
578	op2	16	1
578	op3	13	2
578	op4	10	1
578	op5	5	1
578	opc	16	5
578	tsize	19	2
579	R	11	1
579	U	12	1
579	Zd	0	5
579	Zn	6	4
579	imm3	16	3
579	op0	22	1
579	op1	13	1
579	op2	16	1
579	op3	13	2
579	op4	10	1
579	op5	5	1
579	opc	16	5
580	R	11	1
580	U	12	1
580	Zd	0	5
580	Zn	6	4
580	imm4	16	4
580	op0	22	1
580	op1	13	1
580	op2	16	1
580	op3	13	2
580	op4	10	1
580	op5	5	1
580	opc	16	5
581	R	11	1
581	U	12	1
581	Zd	0	5
581	Zn	6	4
581	op0	22	1
581	op1	13	1
581	op2	16	1
581	op3	13	2
581	op4	10	1
581	op5	5	1
581	opc	16	5
582	R	12	1
582	Rd	0	5
582	Rm	16	5
582	Rn	5	5
582	S	11	1
582	U	29	1
582	op0	28	4
582	op1	23	2
582	op2	19	4
582	op3	10	9
582	opcode	11	5
582	size	22	2
583	R	20	1
583	Rd	8	4
583	m	4	1
583	m1	16	4
583	op0	26	1
583	op1	22	4
583	op2	20	2
583	op3	12	3
583	op4	8	3
583	op5	5	1
584	R	20	1
584	Rd	8	4
584	op0	26	1
584	op1	22	4
584	op2	20	2
584	op3	12	3
584	op4	8	3
584	op5	5	1
585	R	20	1
585	Rn	16	4
585	m	4	1
585	m1	8	4
585	op0	26	1
585	op1	22	4
585	op2	20	2
585	op3	12	3
585	op4	8	3
585	op5	5	1
586	R	20	1
586	Rn	16	4
586	mask	8	4
586	op0	26	1
586	op1	22	4
586	op2	20	2
586	op3	12	3
586	op4	8	3
586	op5	5	1
587	R	22	1
587	cond	28	4
587	imm12	0	12
587	imm4	16	4
587	mask	16	4
587	op0	23	2
587	op1	20	2
587	op2	7	1
587	op3	5	2
587	op4	4	1
588	R	22	1
588	cond	28	4
588	imm12	0	12
588	imm4	16	4
588	op0	23	2
588	op1	20	2
588	op2	7	1
588	op3	5	2
588	op4	4	1
588	option	0	4
589	R	22	1
589	cond	28	4
589	imm12	0	12
589	imm4	16	4
589	op0	23	2
589	op1	20	2
589	op2	7	1
589	op3	5	2
589	op4	4	1
590	R	4	1
590	Ra	12	4
590	Rd	8	4
590	Rm	0	4
590	Rn	16	4
590	op0	6	2
590	op1	20	3
590	op2	4	2
590	op3	15	1
591	R	5	1
591	Ra	12	4
591	Rd	16	4
591	Rm	8	4
591	Rn	0	4
591	cond	28	4
591	op0	20	5
591	op1	20	3
591	op2	5	3
592	Ra	10	5
592	Rd	0	5
592	Rm	16	5
592	Rn	5	5
592	U	23	1
592	o0	15	1
592	op0	30	1
592	op1	28	1
592	op2	21	4
592	op3	10	6
592	op31	21	3
592	op54	29	2
592	sf	31	1
593	Ra	10	5
593	Rd	0	5
593	Rm	16	5
593	Rn	5	5
593	o0	15	1
593	op0	30	1
593	op1	28	1
593	op2	21	4
593	op3	10	6
593	op31	21	3
593	op54	29	2
593	sf	31	1
594	Ra	12	4
594	Rd	16	4
594	RdHi	16	4
594	RdLo	12	4
594	Rm	8	4
594	Rn	0	4
594	S	20	1
594	cond	28	4
594	op0	25	1
594	op1	20	5
594	op2	7	1
594	op3	5	2
594	op4	4	1
594	opc	21	3
595	Ra	12	4
595	Rd	16	4
595	Rm	8	4
595	Rn	0	4
595	cond	28	4
595	op0	20	5
595	op1	20	3
595	op2	5	3
596	Ra	12	4
596	Rd	16	4
596	Rm	8	4
596	Rn	0	4
596	cond	28	4
596	op0	20	5
596	op1	5	3
597	Ra	12	4
597	Rd	8	4
597	RdHi	8	4
597	RdLo	12	4
597	Rm	0	4
597	Rn	16	4
597	op0	25	4
597	op1	20	3
597	op2	4	4
597	op3	15	1
598	Ra	12	4
598	Rd	8	4
598	Rm	0	4
598	Rn	16	4
598	op0	6	2
598	op1	20	3
598	op2	4	2
598	op3	15	1
599	Rd	0	3
599	Rdm	0	3
599	Rn	3	3
599	Rs	3	3
599	op	6	4
599	op0	10	6
600	Rd	0	3
600	Rdm	0	3
600	Rs	3	3
600	op	6	4
600	op0	10	6
601	Rd	0	3
601	Rdn	0	3
601	Rm	3	3
601	Rs	3	3
601	op	6	4
601	op0	10	6
602	Rd	0	3
602	Rm	3	3
602	Rn	0	3
602	Rs	3	3
602	op	6	4
602	op0	10	6
603	Rd	0	3
603	Rm	3	3
603	Rs	3	3
603	op	6	4
603	op0	10	6
604	Rd	0	3
604	Rm	3	3
604	imm5	6	5
604	op	11	2
604	op0	13	1
604	op1	11	2
604	op2	10	1
605	Rd	0	3
605	Rm	3	3
605	op	6	2
605	op0	8	4
605	op1	6	2
605	op2	5	1
605	op3	0	4
606	Rd	0	3
606	Rm	6	3
606	Rn	3	3
606	S	9	1
606	op0	13	1
606	op1	11	2
606	op2	10	1
607	Rd	0	3
607	Rn	3	3
607	Rs	3	3
607	op	6	4
607	op0	10	6
608	Rd	0	3
608	Rn	3	3
608	S	9	1
608	imm3	6	3
608	op0	13	1
608	op1	11	2
608	op2	10	1
609	Rd	0	3
609	Rs	3	3
609	op	6	4
609	op0	10	6
610	Rd	0	5
610	Rm	16	5
610	Rn	5	5
610	S	11	1
610	U	29	1
610	op0	28	4
610	op1	23	2
610	op2	19	4
610	op3	10	9
610	opcode	11	4
610	size	22	2
611	Rd	0	5
611	Rm	16	5
611	Rn	5	5
611	S	29	1
611	cond	12	4
611	o2	10	1
611	op	30	1
611	op0	30	1
611	op1	28	1
611	op2	10	2
611	op3	10	6
611	sf	31	1
612	Rd	0	5
612	Rm	16	5
612	Rn	5	5
612	S	29	1
612	cond	12	4
612	op	30	1
612	op0	30	1
612	op1	28	1
612	op2	10	2
612	op3	10	6
612	sf	31	1
613	Rd	0	5
613	Rm	16	5
613	Rn	5	5
613	S	29	1
613	imm3	10	3
613	op	30	1
613	op0	30	1
613	op1	28	1
613	op2	21	4
613	op3	10	6
613	opt	22	2
613	option	13	3
613	sf	31	1
614	Rd	0	5
614	Rm	16	5
614	Rn	5	5
614	S	29	1
614	imm3	10	3
614	op	30	1
614	op0	30	1
614	op1	28	1
614	op2	21	4
614	op3	10	6
614	sf	31	1
615	Rd	0	5
615	Rm	16	5
615	Rn	5	5
615	S	29	1
615	imm6	10	6
615	op	30	1
615	op0	30	1
615	op1	28	1
615	op2	21	4
615	op3	10	6
615	sf	31	1
615	shift	22	2
616	Rd	0	5
616	Rm	16	5
616	Rn	5	5
616	S	29	1
616	o1	10	1
616	op0	30	1
616	op1	28	1
616	op2	21	4
616	op3	10	6
616	opcode	10	6
616	sf	31	1
617	Rd	0	5
617	Rm	16	5
617	Rn	5	5
617	S	29	1
617	op	30	1
617	op0	30	1
617	op1	28	1
617	op2	21	4
617	op3	10	6
617	sf	31	1
618	Rd	0	5
618	Rm	16	5
618	Rn	5	5
618	S	29	1
618	op0	30	1
618	op1	28	1
618	op2	10	2
618	op3	10	6
618	opcode	10	6
618	sf	31	1
619	Rd	0	5
619	Rm	16	5
619	Rn	5	5
619	S	29	1
619	op0	30	1
619	op1	28	1
619	op2	21	4
619	op3	10	6
619	opcode	10	6
619	sf	31	1
620	Rd	0	5
620	Rm	16	5
620	Rn	5	5
620	U	29	1
620	a	23	1
620	op0	28	4
620	op1	23	2
620	op2	19	4
620	op3	10	9
620	opcode	11	3
621	Rd	0	5
621	Rm	16	5
621	Rn	5	5
621	U	29	1
621	eq	11	1
621	op0	28	4
621	op1	23	2
621	op2	19	4
621	op3	10	9
621	opcode	11	5
621	size	22	2
622	Rd	0	5
622	Rm	16	5
622	Rn	5	5
622	U	29	1
622	o1	13	1
622	op0	28	4
622	op1	23	2
622	op2	19	4
622	op3	10	9
622	opcode	12	4
622	size	22	2
623	Rd	0	5
623	Rm	16	5
623	Rn	5	5
623	U	29	1
623	op0	28	4
623	op1	23	2
623	op2	19	4
623	op3	10	9
623	opcode	11	4
623	size	22	2
624	Rd	0	5
624	Rm	16	5
624	Rn	5	5
624	U	29	1
624	op0	28	4
624	op1	23	2
624	op2	19	4
624	op3	10	9
624	opcode	11	5
624	size	22	2
624	sz	22	1
625	Rd	0	5
625	Rm	16	5
625	Rn	5	5
625	U	29	1
625	op0	28	4
625	op1	23	2
625	op2	19	4
625	op3	10	9
625	opcode	11	5
625	size	22	2
626	Rd	0	5
626	Rm	16	5
626	Rn	5	5
626	U	29	1
626	op0	28	4
626	op1	23	2
626	op2	19	4
626	op3	10	9
626	opcode	12	4
626	size	22	2
627	Rd	0	5
627	Rm	16	5
627	Rn	5	5
627	imm2	12	2
627	op0	28	4
627	op1	23	2
627	op2	19	4
627	op3	10	9
627	opcode	10	2
628	Rd	0	5
628	Rm	16	5
628	Rn	5	5
628	imm6	10	6
628	op0	28	4
628	op1	23	2
628	op2	19	4
628	op3	10	9
629	Rd	0	5
629	Rm	16	5
629	Rn	5	5
629	op0	28	4
629	op1	23	2
629	op2	19	4
629	op3	10	9
629	opcode	12	3
629	size	22	2
630	Rd	0	5
630	Rn	16	5
630	imm6	5	6
630	op	22	1
630	op0	23	1
630	op1	11	1
630	op2	10	6
630	op3	4	1
631	Rd	0	5
631	Rn	5	5
631	Rs	16	5
631	o0	26	1
631	op0	28	4
631	op1	22	2
631	op2	12	4
631	size	30	2
631	sz	30	2
632	Rd	0	5
632	Rn	5	5
632	Rs	16	5
632	o0	26	1
632	op0	28	4
632	op1	22	2
632	op2	12	4
632	size	30	2
633	Rd	0	5
633	Rn	5	5
633	Rs	16	5
633	op0	28	4
633	op1	22	2
633	op2	12	4
633	size	30	2
633	sz	30	2
634	Rd	0	5
634	Rn	5	5
634	Rs	16	5
634	op0	28	4
634	op1	22	2
634	op2	12	4
634	size	30	2
635	Rd	0	5
635	Rn	5	5
635	S	29	1
635	Z	13	1
635	op0	30	1
635	op1	28	1
635	op2	21	4
635	op3	10	6
635	opcode	10	6
635	opcode2	16	5
635	sf	31	1
636	Rd	0	5
636	Rn	5	5
636	S	29	1
636	ftype	22	2
636	op0	28	4
636	op1	23	2
636	op2	19	4
636	op3	10	9
636	opcode	16	3
636	rmode	19	2
636	scale	10	6
636	sf	31	1
637	Rd	0	5
637	Rn	5	5
637	S	29	1
637	ftype	22	2
637	op0	28	4
637	op1	23	2
637	op2	19	4
637	op3	10	9
637	opcode	16	3
637	rmode	19	2
637	sf	31	1
638	Rd	0	5
638	Rn	5	5
638	S	29	1
638	imm12	10	12
638	op	30	1
638	op0	29	2
638	op1	22	4
638	sf	31	1
638	sh	22	1
639	Rd	0	5
639	Rn	5	5
639	S	29	1
639	imm4	10	4
639	imm6	16	6
639	op	30	1
639	op0	29	2
639	op1	22	4
639	op3	14	2
639	sf	31	1
640	Rd	0	5
640	Rn	5	5
640	S	29	1
640	imm8	10	8
640	op	30	1
640	op0	29	2
640	op1	22	4
640	opc	18	4
640	sf	31	1
641	Rd	0	5
641	Rn	5	5
641	S	29	1
641	op	10	1
641	op0	30	1
641	op1	28	1
641	op2	21	4
641	op3	10	6
641	opcode	10	6
641	opcode2	16	5
641	sf	31	1
642	Rd	0	5
642	Rn	5	5
642	S	29	1
642	op0	30	1
642	op1	28	1
642	op2	21	4
642	op3	10	6
642	opc	10	2
642	opcode	10	6
642	opcode2	16	5
642	sf	31	1
643	Rd	0	5
643	Rn	5	5
643	S	29	1
643	op0	30	1
643	op1	28	1
643	op2	21	4
643	op3	10	6
643	opcode	10	6
643	opcode2	16	5
643	sf	31	1
644	Rd	0	5
644	Rn	5	5
644	U	29	1
644	a	23	1
644	o1	12	1
644	o2	23	1
644	op0	28	4
644	op1	23	2
644	op2	19	4
644	op3	10	9
644	opcode	12	5
645	Rd	0	5
645	Rn	5	5
645	U	29	1
645	a	23	1
645	op	12	1
645	op0	28	4
645	op1	23	2
645	op2	19	4
645	op3	10	9
645	opcode	12	5
646	Rd	0	5
646	Rn	5	5
646	U	29	1
646	a	23	1
646	op0	28	4
646	op1	23	2
646	op2	19	4
646	op3	10	9
646	opcode	12	5
647	Rd	0	5
647	Rn	5	5
647	U	29	1
647	immb	16	3
647	immh	19	4
647	o0	12	1
647	o1	13	1
647	op0	28	4
647	op1	23	2
647	op2	19	4
647	op3	10	9
647	opcode	11	5
648	Rd	0	5
648	Rn	5	5
648	U	29	1
648	immb	16	3
648	immh	19	4
648	op	11	1
648	op0	28	4
648	op1	23	2
648	op2	19	4
648	op3	10	9
648	opcode	11	5
649	Rd	0	5
649	Rn	5	5
649	U	29	1
649	immb	16	3
649	immh	19	4
649	op	12	1
649	op0	28	4
649	op1	23	2
649	op2	19	4
649	op3	10	9
649	opcode	11	5
650	Rd	0	5
650	Rn	5	5
650	U	29	1
650	immb	16	3
650	immh	19	4
650	op0	28	4
650	op1	23	2
650	op2	19	4
650	op3	10	9
650	opcode	11	5
651	Rd	0	5
651	Rn	5	5
651	U	29	1
651	o1	12	1
651	o2	23	1
651	op0	28	4
651	op1	23	2
651	op2	19	4
651	op3	10	9
651	opcode	12	5
651	size	22	2
651	sz	22	1
652	Rd	0	5
652	Rn	5	5
652	U	29	1
652	o1	23	1
652	op0	28	4
652	op1	23	2
652	op2	19	4
652	op3	10	9
652	opcode	12	5
652	size	22	2
652	sz	22	1
653	Rd	0	5
653	Rn	5	5
653	U	29	1
653	op	12	1
653	op0	28	4
653	op1	23	2
653	op2	19	4
653	op3	10	9
653	opcode	12	5
653	size	22	2
653	sz	22	1
654	Rd	0	5
654	Rn	5	5
654	U	29	1
654	op	12	1
654	op0	28	4
654	op1	23	2
654	op2	19	4
654	op3	10	9
654	opcode	12	5
654	size	22	2
655	Rd	0	5
655	Rn	5	5
655	U	29	1
655	op0	28	4
655	op1	23	2
655	op2	19	4
655	op3	10	9
655	opcode	12	5
655	size	22	2
655	sz	22	1
656	Rd	0	5
656	Rn	5	5
656	U	29	1
656	op0	28	4
656	op1	23	2
656	op2	19	4
656	op3	10	9
656	opcode	12	5
656	size	22	2
657	Rd	0	5
657	Rn	5	5
657	imm4	11	4
657	imm5	16	5
657	op	29	1
657	op0	28	4
657	op1	23	2
657	op2	19	4
657	op3	10	9
658	Rd	0	5
658	Rn	5	5
658	op0	28	4
658	op1	23	2
658	op2	19	4
658	op3	10	9
658	opcode	10	2
659	Rd	0	5
659	Rn	5	5
659	op0	28	4
659	op1	23	2
659	op2	19	4
659	op3	10	9
659	opcode	12	5
659	size	22	2
660	Rd	0	5
660	Rn	5	5
660	op0	29	3
660	op1	17	3
660	op2	0	5
660	op3	10	2
661	Rd	0	5
661	hw	21	2
661	imm16	5	16
661	op0	29	2
661	op1	22	4
661	opc	29	2
661	sf	31	1
662	Rd	0	5
662	imm16	5	16
662	op0	29	2
662	op1	22	4
662	opc	21	2
662	sf	31	1
663	Rd	0	5
663	imm4	16	4
663	op	10	1
663	op0	20	1
663	op1	11	3
663	op2	10	6
663	op3	4	1
663	pattern	5	5
663	size	22	2
664	Rd	0	5
664	imm6	5	6
664	op	22	1
664	op0	23	1
664	op1	11	1
664	op2	10	6
664	op3	4	1
664	opc2	16	5
665	Rd	0	5
665	imm7	5	7
665	op0	29	3
665	op1	17	3
665	op2	12	5
665	op3	10	2
666	Rd	0	5
666	immhi	5	19
666	immlo	29	2
666	op	31	1
666	op0	29	2
666	op1	22	4
667	Rd	12	4
667	Rm	0	4
667	Rn	16	4
667	Rs	8	4
667	S	20	1
667	cond	28	4
667	op0	23	2
667	op1	20	1
667	op2	7	1
667	op3	5	2
667	op4	4	1
667	opc	21	2
667	stype	5	2
668	Rd	12	4
668	Rm	0	4
668	Rn	16	4
668	Rs	8	4
668	S	20	1
668	cond	28	4
668	op0	23	2
668	op1	20	1
668	op2	7	1
668	op3	5	2
668	op4	4	1
668	opc	21	3
668	stype	5	2
669	Rd	12	4
669	Rm	0	4
669	Rn	16	4
669	S	20	1
669	cond	28	4
669	imm5	7	5
669	op0	23	2
669	op1	20	1
669	op2	7	1
669	op3	5	2
669	op4	4	1
669	opc	21	2
669	stype	5	2
670	Rd	12	4
670	Rm	0	4
670	Rn	16	4
670	S	20	1
670	cond	28	4
670	imm5	7	5
670	op0	23	2
670	op1	20	1
670	op2	7	1
670	op3	5	2
670	op4	4	1
670	opc	21	3
670	stype	5	2
671	Rd	12	4
671	Rm	0	4
671	Rn	16	4
671	U	22	1
671	cond	28	4
671	op	20	2
671	op0	20	5
671	op1	5	3
671	rotate	10	2
672	Rd	12	4
672	Rm	0	4
672	Rn	16	4
672	cond	28	4
672	imm5	7	5
672	op0	20	5
672	op1	5	3
672	tb	6	1
673	Rd	12	4
673	Rm	0	4
673	Rn	16	4
673	cond	28	4
673	op0	20	5
673	op1	5	3
674	Rd	12	4
674	Rm	0	4
674	Rn	16	4
674	cond	28	4
674	op0	21	2
674	op1	4	3
674	op2	7	1
674	op3	5	2
674	op4	4	1
674	opc	21	2
675	Rd	12	4
675	Rm	0	4
675	cond	28	4
675	o1	22	1
675	o2	7	1
675	op0	20	5
675	op1	5	3
676	Rd	12	4
676	Rm	0	4
676	cond	28	4
676	op0	21	2
676	op1	4	3
676	op2	7	1
676	op3	5	2
676	op4	4	1
677	Rd	12	4
677	Rn	0	4
677	U	22	1
677	cond	28	4
677	imm5	7	5
677	op0	20	5
677	op1	5	3
677	sat_imm	16	5
677	sh	6	1
678	Rd	12	4
678	Rn	0	4
678	U	22	1
678	cond	28	4
678	lsb	7	5
678	op0	20	5
678	op1	5	3
678	widthm1	16	5
679	Rd	12	4
679	Rn	0	4
679	U	22	1
679	cond	28	4
679	op0	20	5
679	op1	5	3
679	sat_imm	16	4
680	Rd	12	4
680	Rn	0	4
680	cond	28	4
680	lsb	7	5
680	msb	16	5
680	op0	20	5
680	op1	5	3
681	Rd	12	4
681	Rn	16	4
681	S	20	1
681	cond	28	4
681	imm12	0	12
681	op0	23	2
681	op1	20	2
681	op2	7	1
681	op3	5	2
681	op4	4	1
681	opc	21	2
682	Rd	12	4
682	Rn	16	4
682	S	20	1
682	cond	28	4
682	imm12	0	12
682	op0	23	2
682	op1	20	2
682	op2	7	1
682	op3	5	2
682	op4	4	1
682	opc	21	3
683	Rd	16	4
683	RdHi	16	4
683	RdLo	12	4
683	Rm	8	4
683	Rn	0	4
683	S	20	1
683	cond	28	4
683	op0	25	1
683	op1	20	5
683	op2	7	1
683	op3	5	2
683	op4	4	1
683	opc	21	3
684	Rd	8	3
684	Rdn	8	3
684	imm8	0	8
684	op	11	2
684	op0	13	1
684	op1	11	2
684	op2	10	1
685	Rd	8	3
685	Rn	8	3
685	imm8	0	8
685	op	11	2
685	op0	13	1
685	op1	11	2
685	op2	10	1
686	Rd	8	3
686	SP	11	1
686	imm8	0	8
686	op0	10	6
687	Rd	8	3
687	imm8	0	8
687	op	11	2
687	op0	13	1
687	op1	11	2
687	op2	10	1
688	Rd	8	4
688	Rm	0	4
688	Rn	16	4
688	S	20	1
688	T	4	1
688	imm2	6	2
688	imm3	12	3
688	op0	25	4
688	op1	21	4
688	op3	15	1
688	stype	4	2
688	tb	5	1
689	Rd	8	4
689	Rm	0	4
689	Rn	16	4
689	S	20	1
689	imm2	6	2
689	imm3	12	3
689	op0	25	4
689	op1	21	4
689	op3	15	1
689	stype	4	2
690	Rd	8	4
690	Rm	0	4
690	Rn	16	4
690	U	20	1
690	op0	23	1
690	op1	21	2
690	op2	4	4
690	op3	15	1
690	rotate	4	2
691	Rd	8	4
691	Rm	0	4
691	Rn	16	4
691	op0	23	1
691	op1	20	3
691	op2	4	2
691	op3	15	1
692	Rd	8	4
692	Rm	16	4
692	Rs	0	4
692	S	20	1
692	op0	23	1
692	op1	12	4
692	op2	4	4
692	op3	15	1
692	stype	21	2
693	Rd	8	4
693	Rn	16	4
693	S	20	1
693	i	26	1
693	imm3	12	3
693	imm8	0	8
693	op0	25	4
693	op1	21	4
693	op3	15	1
694	Rd	8	4
694	Rn	16	4
694	i	26	1
694	imm3	12	3
694	imm8	0	8
694	o1	23	1
694	o2	21	1
694	op0	24	1
694	op1	21	2
694	op3	15	1
695	Rd	8	4
695	Rn	16	4
695	imm2	6	2
695	imm3	12	3
695	msb	0	5
695	op0	24	1
695	op1	21	3
695	op3	15	1
695	widthm1	0	5
696	Rd	8	4
696	Rn	16	4
696	imm2	6	2
696	imm3	12	3
696	op0	24	1
696	op1	21	3
696	op3	15	1
696	sat_imm	0	4
696	widthm1	0	5
697	Rd	8	4
697	Rn	16	4
697	imm2	6	2
697	imm3	12	3
697	op0	24	1
697	op1	21	3
697	op3	15	1
697	sat_imm	0	5
697	sh	21	1
697	widthm1	0	5
698	Rd	8	4
698	Rn	16	4
698	imm2	6	2
698	imm3	12	3
698	op0	24	1
698	op1	21	3
698	op3	15	1
698	widthm1	0	5
699	Rd	8	4
699	i	26	1
699	imm3	12	3
699	imm4	16	4
699	imm8	0	8
699	o1	23	1
699	op0	24	1
699	op1	21	2
699	op3	15	1
700	RdHi	16	4
700	RdLo	12	4
700	Rm	8	4
700	Rn	0	4
700	S	20	1
700	cond	28	4
700	op0	25	1
700	op1	20	5
700	op2	7	1
700	op3	5	2
700	op4	4	1
700	opc	21	3
701	RdHi	8	4
701	RdLo	12	4
701	Rm	0	4
701	Rn	16	4
701	op0	25	4
701	op1	20	3
701	op2	4	4
701	op3	15	1
702	Rm	0	4
702	Rn	16	4
702	Rs	8	4
702	cond	28	4
702	op0	23	2
702	op1	20	1
702	op2	7	1
702	op3	5	2
702	op4	4	1
702	opc	21	2
702	stype	5	2
703	Rm	0	4
703	Rn	16	4
703	Rt	12	4
703	imm2	4	2
703	op0	23	2
703	op1	20	1
703	op2	16	4
703	op3	6	6
703	size	21	2
704	Rm	0	4
704	Rn	16	4
704	cond	28	4
704	imm5	7	5
704	op0	23	2
704	op1	20	1
704	op2	7	1
704	op3	5	2
704	op4	4	1
704	opc	21	2
704	stype	5	2
705	Rm	0	4
705	cond	28	4
705	op0	21	2
705	op1	4	3
705	op2	7	1
705	op3	5	2
705	op4	4	1
706	Rm	16	4
706	op0	26	1
706	op1	22	4
706	op2	20	2
706	op3	12	3
706	op4	8	3
706	op5	5	1
707	Rm	16	5
707	Rn	5	5
707	Rt	0	5
707	S	12	1
707	VR	26	1
707	op0	28	4
707	op1	26	1
707	op2	10	15
707	opc	22	2
707	option	13	3
707	size	30	2
708	Rm	16	5
708	Rn	5	5
708	S	29	1
708	cond	12	4
708	nzcv	0	4
708	o2	10	1
708	o3	4	1
708	op	30	1
708	op0	30	1
708	op1	28	1
708	op2	21	4
708	op3	10	6
708	sf	31	1
709	Rm	16	5
709	Rn	5	5
709	Zd	0	5
709	op0	10	2
709	op1	17	8
709	op2	10	6
709	op3	4	1
709	size	22	2
710	Rm	16	5
710	Rn	5	5
710	Zd	0	5
710	op0	10	2
710	op1	17	8
710	op2	10	6
710	op3	4	1
711	Rm	16	5
711	Rn	5	5
711	ne	4	1
711	op	23	1
711	op0	12	2
711	op1	10	2
711	op2	0	4
711	op3	4	1
711	sz	22	1
712	Rm	16	5
712	Rt	0	5
712	cc	21	3
712	imm9	5	9
712	op0	29	3
712	op1	12	14
712	op2	0	5
712	op3	10	2
712	sf	31	1
713	Rm	16	5
713	Zd	0	5
713	imm5	5	5
713	op0	10	2
713	op1	17	8
713	op2	10	6
713	op3	4	1
713	size	22	2
714	Rm	16	5
714	Zd	0	5
714	imm5	5	5
714	op0	10	2
714	op1	17	8
714	op2	10	6
714	op3	4	1
715	Rm	5	5
715	Zdn	0	5
715	op0	19	2
715	op1	16	3
715	op2	9	1
715	op3	4	1
715	size	22	2
716	Rn	0	3
716	i	9	1
716	imm5	3	5
716	op	11	1
716	op0	8	4
716	op1	6	2
716	op2	5	1
716	op3	0	4
717	Rn	16	4
717	Rt	12	4
717	imm12	0	12
717	op0	23	2
717	op1	20	1
717	op2	16	4
717	op3	6	6
717	size	21	2
718	Rn	16	4
718	Rt	12	4
718	imm8	0	8
718	op0	23	2
718	op1	20	1
718	op2	16	4
718	op3	6	6
718	size	21	2
719	Rn	16	4
719	cond	28	4
719	imm12	0	12
719	op0	23	2
719	op1	20	2
719	op2	7	1
719	op3	5	2
719	op4	4	1
719	opc	21	2
720	Rn	16	4
720	imm8	0	8
720	op0	26	1
720	op1	22	4
720	op2	20	2
720	op3	12	3
720	op4	8	3
720	op5	5	1
721	Rn	5	5
721	Rt	0	5
721	VR	26	1
721	imm12	10	12
721	op0	28	4
721	op1	26	1
721	op2	10	15
721	opc	22	2
721	size	30	2
722	Rn	5	5
722	Rt	0	5
722	VR	26	1
722	imm9	12	9
722	op0	28	4
722	op1	26	1
722	op2	10	15
722	opc	22	2
722	size	30	2
723	Rn	5	5
723	Rt	0	5
723	imm9	12	9
723	op0	28	4
723	op1	26	1
723	op2	10	15
723	opc	22	2
723	size	30	2
724	Rn	5	5
724	Rt	0	5
724	imm9	12	9
724	op0	28	4
724	op1	26	1
724	op2	10	2
724	opc	22	2
725	Rn	5	5
725	Rt	0	5
725	op0	28	4
725	op1	26	1
725	op2	10	15
725	opc	12	3
726	Rn	5	5
726	Rv	13	2
726	imm4	0	4
726	off4	0	4
726	op	21	1
726	op0	21	4
726	op1	16	5
726	op2	15	1
726	op3	10	5
726	op4	2	3
727	Rn	5	5
727	Rv	13	2
727	imm4	0	4
727	op	21	1
727	op0	21	4
727	op1	16	5
727	op2	15	1
727	op3	10	5
727	op4	2	3
728	Rn	5	5
728	S	29	1
728	cond	12	4
728	imm5	16	5
728	nzcv	0	4
728	o2	10	1
728	o3	4	1
728	op	30	1
728	op0	30	1
728	op1	28	1
728	op2	21	4
728	op3	10	6
728	sf	31	1
729	Rn	5	5
729	S	29	1
729	imm6	15	6
729	mask	0	4
729	o2	4	1
729	op	30	1
729	op0	30	1
729	op1	28	1
729	op2	21	4
729	op3	10	6
729	sf	31	1
730	Rn	5	5
730	S	29	1
730	mask	0	4
730	o3	4	1
730	op	30	1
730	op0	30	1
730	op1	28	1
730	op2	21	4
730	op3	10	6
730	opcode2	15	6
730	sf	31	1
730	sz	14	1
731	Rn	5	5
731	Zd	0	5
731	imm5	16	5
731	op0	10	2
731	op1	17	8
731	op2	10	6
731	op3	4	1
731	size	22	2
732	Rn	5	5
732	Zd	0	5
732	imm5	16	5
732	op0	10	2
732	op1	17	8
732	op2	10	6
732	op3	4	1
733	Rn	5	5
733	Zd	0	5
733	op0	19	2
733	op1	16	3
733	op2	9	1
733	op3	4	1
733	size	22	2
734	Rn	5	5
734	Zt	0	5
734	imm9h	16	6
734	imm9l	10	3
734	op0	22	3
734	op1	20	2
734	op2	14	1
734	op3	4	1
735	Rn	5	5
735	Zt	0	5
735	imm9h	16	6
735	imm9l	10	3
735	op0	23	2
735	op1	21	2
735	op2	13	3
735	op3	4	1
736	Rn	5	5
736	op0	21	4
736	op1	16	5
736	op2	15	1
736	op3	10	5
736	op4	2	3
736	opc	16	6
736	opc2	0	2
737	Rn	5	5
737	op0	29	3
737	op1	10	3
737	op2	16	5
737	op3	10	6
737	op4	0	5
737	opc	21	4
738	Rn	5	5
738	op0	29	3
738	op1	12	14
738	op2	16	5
738	op3	10	6
738	op4	0	5
738	opc	21	4
739	Rs	13	2
739	V	15	1
739	ZAd	0	2
739	Zn	7	3
739	op0	22	2
739	op1	18	1
739	op2	15	2
739	op3	10	3
739	op4	5	2
739	op5	3	1
739	opc	0	3
739	size	22	2
740	Rs	13	2
740	V	15	1
740	ZAd	0	3
740	Zn	6	4
740	op0	22	2
740	op1	18	1
740	op2	15	2
740	op3	10	3
740	op4	5	2
740	op5	3	1
740	opc	0	3
740	size	22	2
741	Rs	13	2
741	V	15	1
741	ZAd	0	3
741	Zn	7	3
741	op0	22	2
741	op1	18	1
741	op2	15	2
741	op3	10	3
741	op4	5	2
741	op5	3	1
741	opc	0	3
741	size	22	2
742	Rs	13	2
742	V	15	1
742	ZAd	1	1
742	Zn	7	3
742	o1	0	1
742	op0	22	2
742	op1	18	1
742	op2	15	2
742	op3	10	3
742	op4	5	2
742	op5	3	1
742	opc	0	3
742	size	22	2
743	Rs	13	2
743	V	15	1
743	ZAd	1	2
743	Zn	6	4
743	o1	0	1
743	op0	22	2
743	op1	18	1
743	op2	15	2
743	op3	10	3
743	op4	5	2
743	op5	3	1
743	opc	0	3
743	size	22	2
744	Rs	13	2
744	V	15	1
744	ZAd	2	1
744	Zn	6	4
744	off2	0	2
744	op0	22	2
744	op1	18	1
744	op2	15	2
744	op3	10	3
744	op4	5	2
744	op5	3	1
744	opc	0	3
744	size	22	2
745	Rs	13	2
745	V	15	1
745	ZAn	5	2
745	Zd	2	3
745	op0	22	2
745	op1	18	1
745	op2	15	2
745	op3	10	3
745	op4	8	2
745	op5	0	2
745	opc	5	3
745	size	22	2
746	Rs	13	2
746	V	15	1
746	ZAn	5	3
746	Zd	1	4
746	op0	22	2
746	op1	18	1
746	op2	15	2
746	op3	10	3
746	op4	8	2
746	op5	0	2
746	opc	5	3
746	size	22	2
747	Rs	13	2
747	V	15	1
747	ZAn	5	3
747	Zd	2	3
747	op0	22	2
747	op1	18	1
747	op2	15	2
747	op3	10	3
747	op4	8	2
747	op5	0	2
747	opc	5	3
747	size	22	2
748	Rs	13	2
748	V	15	1
748	ZAn	6	1
748	Zd	2	3
748	o1	5	1
748	op0	22	2
748	op1	18	1
748	op2	15	2
748	op3	10	3
748	op4	8	2
748	op5	0	2
748	opc	5	3
748	size	22	2
749	Rs	13	2
749	V	15	1
749	ZAn	6	2
749	Zd	1	4
749	o1	5	1
749	op0	22	2
749	op1	18	1
749	op2	15	2
749	op3	10	3
749	op4	8	2
749	op5	0	2
749	opc	5	3
749	size	22	2
750	Rs	13	2
750	V	15	1
750	ZAn	7	1
750	Zd	1	4
750	off2	5	2
750	op0	22	2
750	op1	18	1
750	op2	15	2
750	op3	10	3
750	op4	8	2
750	op5	0	2
750	opc	5	3
750	size	22	2
751	Rs	13	2
751	V	15	1
751	Zd	1	4
751	off3	5	3
751	op0	22	2
751	op1	18	1
751	op2	15	2
751	op3	10	3
751	op4	8	2
751	op5	0	2
751	opc	5	3
751	size	22	2
752	Rs	13	2
752	V	15	1
752	Zd	1	4
752	op0	22	2
752	op1	18	1
752	op2	15	2
752	op3	10	3
752	op4	8	2
752	op5	0	2
752	opc	5	3
752	size	22	2
753	Rs	13	2
753	V	15	1
753	Zd	2	3
753	off2	5	2
753	op0	22	2
753	op1	18	1
753	op2	15	2
753	op3	10	3
753	op4	8	2
753	op5	0	2
753	opc	5	3
753	size	22	2
754	Rs	13	2
754	V	15	1
754	Zd	2	3
754	op0	22	2
754	op1	18	1
754	op2	15	2
754	op3	10	3
754	op4	8	2
754	op5	0	2
754	opc	5	3
754	size	22	2
755	Rs	13	2
755	V	15	1
755	Zn	6	4
755	off3	0	3
755	op0	22	2
755	op1	18	1
755	op2	15	2
755	op3	10	3
755	op4	5	2
755	op5	3	1
755	opc	0	3
755	size	22	2
756	Rs	13	2
756	V	15	1
756	Zn	6	4
756	op0	22	2
756	op1	18	1
756	op2	15	2
756	op3	10	3
756	op4	5	2
756	op5	3	1
756	opc	0	3
756	size	22	2
757	Rs	13	2
757	V	15	1
757	Zn	7	3
757	off2	0	2
757	op0	22	2
757	op1	18	1
757	op2	15	2
757	op3	10	3
757	op4	5	2
757	op5	3	1
757	opc	0	3
757	size	22	2
758	Rs	13	2
758	V	15	1
758	Zn	7	3
758	op0	22	2
758	op1	18	1
758	op2	15	2
758	op3	10	3
758	op4	5	2
758	op5	3	1
758	opc	0	3
758	size	22	2
759	Rt	0	5
759	VR	26	1
759	imm19	5	19
759	op0	28	4
759	op1	26	1
759	op2	10	15
759	opc	30	2
760	Rt	0	5
760	b40	19	5
760	b5	31	1
760	imm14	5	14
760	op	24	1
760	op0	29	3
760	op1	12	14
760	op2	0	5
760	op3	10	2
761	Rt	0	5
761	cc	21	3
761	imm6	15	6
761	imm9	5	9
761	op0	29	3
761	op1	12	14
761	op2	0	5
761	op3	10	2
761	sf	31	1
762	Rt	0	5
762	imm19	5	19
762	op	24	1
762	op0	29	3
762	op1	12	14
762	op2	0	5
762	op3	10	2
762	sf	31	1
763	Rt	0	5
763	imm3	12	3
763	off3	12	3
763	op0	17	1
763	op1	15	2
763	op2	14	1
763	opc	5	7
764	Rt	0	5
764	imm3	12	3
764	op0	17	1
764	op1	15	2
764	op2	14	1
764	opc	5	7
765	Rt	12	4
765	U	23	1
765	imm12	0	12
765	op0	23	2
765	op1	20	1
765	op2	16	4
765	op3	6	6
765	size	21	2
766	Rt	8	3
766	imm8	0	8
766	op0	10	6
767	Rv	13	2
767	S	3	1
767	U	4	1
767	Zm	16	4
767	Zn	5	5
767	i3h	15	1
767	i3l	10	2
767	off2	0	2
767	op0	22	2
767	op1	12	1
767	op2	2	3
768	Rv	13	2
768	S	3	1
768	U	4	1
768	Zm	16	4
768	Zn	5	5
768	i3h	15	1
768	i3l	10	2
768	off3	0	3
768	op0	22	2
768	op1	12	1
768	op2	2	3
769	Rv	13	2
769	S	3	1
769	U	4	1
769	Zm	16	4
769	Zn	5	5
769	i4h	15	1
769	i4l	10	3
769	off2	0	2
769	op	2	1
769	op0	22	2
769	op1	12	1
769	op2	2	3
770	Rv	13	2
770	S	3	1
770	U	4	1
770	Zm	16	4
770	Zn	5	5
770	o1	0	1
770	op	2	1
770	op0	22	1
770	op1	10	3
770	op2	2	3
770	op3	1	1
770	sz	22	1
771	Rv	13	2
771	S	3	1
771	U	4	1
771	Zm	16	4
771	Zn	5	5
771	off2	0	2
771	op	2	1
771	op0	22	1
771	op1	10	3
771	op2	2	3
771	op3	1	1
771	sz	22	1
772	Rv	13	2
772	S	3	1
772	U	4	1
772	Zm	16	4
772	Zn	5	5
772	off2	0	2
772	op	2	1
772	op0	22	1
772	op1	10	3
772	op2	2	3
772	op3	1	1
773	Rv	13	2
773	S	3	1
773	U	4	1
773	Zm	16	4
773	Zn	5	5
773	off3	0	3
773	op0	22	1
773	op1	10	3
773	op2	2	3
773	op3	1	1
774	Rv	13	2
774	S	3	1
774	U	4	1
774	Zm	16	4
774	Zn	6	4
774	i3h	10	1
774	i3l	1	2
774	o1	0	1
774	op0	22	2
774	op1	11	2
774	op2	5	1
774	op3	3	2
775	Rv	13	2
775	S	3	1
775	U	4	1
775	Zm	16	4
775	Zn	6	4
775	i3h	10	2
775	i3l	2	1
775	off2	0	2
775	op0	22	2
775	op1	11	2
775	op2	5	1
775	op3	3	2
776	Rv	13	2
776	S	3	1
776	U	4	1
776	Zm	16	4
776	Zn	6	4
776	i4h	10	2
776	i4l	1	2
776	o1	0	1
776	op	5	1
776	op0	22	2
776	op1	11	2
776	op2	5	1
776	op3	3	2
777	Rv	13	2
777	S	3	1
777	U	4	1
777	Zm	16	4
777	Zn	7	3
777	i3h	10	1
777	i3l	1	2
777	o1	0	1
777	op0	22	2
777	op1	11	2
777	op2	4	3
777	op3	3	1
778	Rv	13	2
778	S	3	1
778	U	4	1
778	Zm	16	4
778	Zn	7	3
778	i3h	10	2
778	i3l	2	1
778	off2	0	2
778	op0	22	2
778	op1	11	2
778	op2	4	3
778	op3	3	1
779	Rv	13	2
779	S	3	1
779	U	4	1
779	Zm	16	4
779	Zn	7	3
779	i4h	10	2
779	i4l	1	2
779	o1	0	1
779	op	5	1
779	op0	22	2
779	op1	11	2
779	op2	4	3
779	op3	3	1
780	Rv	13	2
780	S	3	1
780	U	4	1
780	Zm	17	4
780	Zn	6	4
780	o1	0	1
780	op	2	1
780	op0	22	1
780	op1	19	2
780	op2	17	2
780	op3	10	3
780	op4	5	1
780	op5	2	3
780	op6	1	1
780	sz	22	1
781	Rv	13	2
781	S	3	1
781	U	4	1
781	Zm	17	4
781	Zn	6	4
781	off2	0	2
781	op0	22	1
781	op1	19	2
781	op2	17	2
781	op3	10	3
781	op4	5	1
781	op5	2	3
781	op6	1	1
782	Rv	13	2
782	S	3	1
782	U	4	1
782	Zm	18	3
782	Zn	7	3
782	o1	0	1
782	op	2	1
782	op0	22	1
782	op1	19	2
782	op2	17	2
782	op3	10	3
782	op4	5	2
782	op5	2	3
782	op6	1	1
782	sz	22	1
783	Rv	13	2
783	S	3	1
783	U	4	1
783	Zm	18	3
783	Zn	7	3
783	off2	0	2
783	op0	22	1
783	op1	19	2
783	op2	17	2
783	op3	10	3
783	op4	5	2
783	op5	2	3
783	op6	1	1
784	Rv	13	2
784	S	3	1
784	Zm	16	4
784	Zn	5	5
784	i3h	15	1
784	i3l	10	2
784	off3	0	3
784	op	4	1
784	op0	22	2
784	op1	12	1
784	op2	2	3
785	Rv	13	2
785	S	3	1
785	Zm	16	4
785	Zn	5	5
785	o2	2	1
785	off2	0	2
785	op	4	1
785	op0	22	1
785	op1	10	3
785	op2	2	3
785	op3	1	1
786	Rv	13	2
786	S	3	1
786	Zm	16	4
786	Zn	5	5
786	off3	0	3
786	op	4	1
786	op0	22	1
786	op1	10	3
786	op2	2	3
786	op3	1	1
787	Rv	13	2
787	S	3	1
787	Zm	16	4
787	Zn	5	5
787	off3	0	3
787	op0	22	1
787	op1	10	3
787	op2	2	3
787	op3	1	1
787	sz	22	1
788	Rv	13	2
788	S	3	1
788	Zm	16	4
788	Zn	6	4
788	i3h	10	2
788	i3l	2	1
788	off2	0	2
788	op	4	1
788	op0	22	2
788	op1	11	2
788	op2	5	1
788	op3	3	2
789	Rv	13	2
789	S	3	1
789	Zm	16	4
789	Zn	7	3
789	i3h	10	2
789	i3l	2	1
789	off2	0	2
789	op	4	1
789	op0	22	2
789	op1	11	2
789	op2	4	3
789	op3	3	1
790	Rv	13	2
790	S	3	1
790	Zm	17	4
790	Zn	6	4
790	off2	0	2
790	op	4	1
790	op0	22	1
790	op1	19	2
790	op2	17	2
790	op3	10	3
790	op4	5	1
790	op5	2	3
790	op6	1	1
791	Rv	13	2
791	S	3	1
791	Zm	17	4
791	Zn	6	4
791	off3	0	3
791	op0	22	1
791	op1	19	2
791	op2	17	2
791	op3	10	3
791	op4	5	1
791	op5	2	3
791	op6	1	1
791	sz	22	1
792	Rv	13	2
792	S	3	1
792	Zm	18	3
792	Zn	7	3
792	off2	0	2
792	op	4	1
792	op0	22	1
792	op1	19	2
792	op2	17	2
792	op3	10	3
792	op4	5	2
792	op5	2	3
792	op6	1	1
793	Rv	13	2
793	S	3	1
793	Zm	18	3
793	Zn	7	3
793	off3	0	3
793	op0	22	1
793	op1	19	2
793	op2	17	2
793	op3	10	3
793	op4	5	2
793	op5	2	3
793	op6	1	1
793	sz	22	1
794	Rv	13	2
794	S	3	1
794	Zm	6	4
794	off3	0	3
794	op0	22	1
794	op1	19	2
794	op2	17	2
794	op3	10	3
794	op4	5	1
794	op5	2	3
794	op6	1	1
794	sz	22	1
795	Rv	13	2
795	S	3	1
795	Zm	7	3
795	off3	0	3
795	op0	22	1
795	op1	19	2
795	op2	17	2
795	op3	10	3
795	op4	5	2
795	op5	2	3
795	op6	1	1
795	sz	22	1
796	Rv	13	2
796	S	4	1
796	Zm	16	4
796	Zn	6	4
796	i1	10	1
796	off3	0	3
796	op0	22	2
796	op1	11	2
796	op2	5	1
796	op3	3	2
796	opc	3	2
797	Rv	13	2
797	S	4	1
797	Zm	16	4
797	Zn	6	4
797	i2	10	2
797	off3	0	3
797	op	12	1
797	op0	22	2
797	op1	11	2
797	op2	5	1
797	op3	3	2
797	opc2	3	3
798	Rv	13	2
798	S	4	1
798	Zm	16	4
798	Zn	6	4
798	i3h	10	2
798	i3l	3	1
798	off3	0	3
798	op	5	1
798	op0	22	2
798	op1	11	2
798	op2	5	1
798	op3	3	2
799	Rv	13	2
799	S	4	1
799	Zm	16	4
799	Zn	7	3
799	i1	10	1
799	off3	0	3
799	op	11	1
799	op0	22	2
799	op1	11	2
799	op2	4	3
799	op3	3	1
799	opc2	3	2
800	Rv	13	2
800	S	4	1
800	Zm	16	4
800	Zn	7	3
800	i2	10	2
800	off3	0	3
800	op	12	1
800	op0	22	2
800	op1	11	2
800	op2	4	3
800	op3	3	1
800	opc2	3	3
801	Rv	13	2
801	S	4	1
801	Zm	16	4
801	Zn	7	3
801	i3h	10	2
801	i3l	3	1
801	off3	0	3
801	op	5	1
801	op0	22	2
801	op1	11	2
801	op2	4	3
801	op3	3	1
802	Rv	13	2
802	S	4	1
802	Zm	17	4
802	Zn	6	4
802	off3	0	3
802	op0	22	1
802	op1	19	2
802	op2	17	2
802	op3	10	3
802	op4	5	1
802	op5	2	3
802	op6	1	1
802	sz	22	1
803	Rv	13	2
803	S	4	1
803	Zm	18	3
803	Zn	7	3
803	off3	0	3
803	op0	22	1
803	op1	19	2
803	op2	17	2
803	op3	10	3
803	op4	5	2
803	op5	2	3
803	op6	1	1
803	sz	22	1
804	Rv	13	2
804	T	4	1
804	Zm	16	4
804	Zn	6	4
804	i2h	10	1
804	i2l	3	1
804	off3	0	3
804	op0	22	2
804	op1	11	2
804	op2	5	1
804	op3	3	2
805	Rv	13	2
805	U	4	1
805	Zm	16	4
805	Zn	5	5
805	off3	0	3
805	op0	22	1
805	op1	10	3
805	op2	2	3
805	op3	1	1
805	sz	22	1
806	Rv	13	2
806	U	4	1
806	Zm	16	4
806	Zn	5	5
806	off3	0	3
806	op0	22	1
806	op1	10	3
806	op2	2	3
806	op3	1	1
807	Rv	13	2
807	U	4	1
807	Zm	16	4
807	Zn	6	4
807	i1	10	1
807	off3	0	3
807	op0	22	2
807	op1	11	2
807	op2	5	1
807	op3	3	2
807	opc	3	2
808	Rv	13	2
808	U	4	1
808	Zm	16	4
808	Zn	6	4
808	i2	10	2
808	off3	0	3
808	op	12	1
808	op0	22	2
808	op1	11	2
808	op2	5	1
808	op3	3	2
808	opc2	3	3
809	Rv	13	2
809	U	4	1
809	Zm	16	4
809	Zn	7	3
809	i1	10	1
809	off3	0	3
809	op	11	1
809	op0	22	2
809	op1	11	2
809	op2	4	3
809	op3	3	1
809	opc2	3	2
810	Rv	13	2
810	U	4	1
810	Zm	16	4
810	Zn	7	3
810	i2	10	2
810	off3	0	3
810	op	12	1
810	op0	22	2
810	op1	11	2
810	op2	4	3
810	op3	3	1
810	opc2	3	3
811	Rv	13	2
811	U	4	1
811	Zm	17	4
811	Zn	6	4
811	off3	0	3
811	op0	22	1
811	op1	19	2
811	op2	17	2
811	op3	10	3
811	op4	5	1
811	op5	2	3
811	op6	1	1
811	sz	22	1
812	Rv	13	2
812	U	4	1
812	Zm	17	4
812	Zn	6	4
812	off3	0	3
812	op0	22	1
812	op1	19	2
812	op2	17	2
812	op3	10	3
812	op4	5	1
812	op5	2	3
812	op6	1	1
813	Rv	13	2
813	U	4	1
813	Zm	18	3
813	Zn	7	3
813	off3	0	3
813	op0	22	1
813	op1	19	2
813	op2	17	2
813	op3	10	3
813	op4	5	2
813	op5	2	3
813	op6	1	1
813	sz	22	1
814	Rv	13	2
814	U	4	1
814	Zm	18	3
814	Zn	7	3
814	off3	0	3
814	op0	22	1
814	op1	19	2
814	op2	17	2
814	op3	10	3
814	op4	5	2
814	op5	2	3
814	op6	1	1
815	Rv	13	2
815	Zd	1	4
815	off3	5	3
815	op0	22	2
815	op1	18	1
815	op2	15	2
815	op3	10	3
815	op4	8	2
815	op5	0	2
816	Rv	13	2
816	Zd	2	3
816	off3	5	3
816	op0	22	2
816	op1	18	1
816	op2	15	2
816	op3	10	3
816	op4	8	2
816	op5	0	2
817	Rv	13	2
817	Zm	16	4
817	Zn	5	5
817	i4A	15	1
817	i4B	10	2
817	i4C	3	1
817	off3	0	3
817	op0	22	2
817	op1	12	1
817	op2	2	3
818	Rv	13	2
818	Zm	16	4
818	Zn	5	5
818	i4h	15	1
818	i4l	10	3
818	off2	0	2
818	op0	22	2
818	op1	12	1
818	op2	2	3
819	Rv	13	2
819	Zm	16	4
819	Zn	5	5
819	o1	0	1
819	op0	22	1
819	op1	10	3
819	op2	2	3
819	op3	1	1
820	Rv	13	2
820	Zm	16	4
820	Zn	5	5
820	off2	0	2
820	op0	22	1
820	op1	10	3
820	op2	2	3
820	op3	1	1
821	Rv	13	2
821	Zm	16	4
821	Zn	5	5
821	off3	0	3
821	op0	22	1
821	op1	10	3
821	op2	2	3
821	op3	1	1
821	opc	3	2
822	Rv	13	2
822	Zm	16	4
822	Zn	5	5
822	off3	0	3
822	op0	22	1
822	op1	10	3
822	op2	2	3
822	op3	1	1
823	Rv	13	2
823	Zm	16	4
823	Zn	6	4
823	i1	10	1
823	off3	0	3
823	op0	22	2
823	op1	11	2
823	op2	5	1
823	op3	3	2
823	opc	3	2
824	Rv	13	2
824	Zm	16	4
824	Zn	6	4
824	i2	10	2
824	off3	0	3
824	op	12	1
824	op0	22	2
824	op1	11	2
824	op2	5	1
824	op3	3	2
824	opc2	3	3
825	Rv	13	2
825	Zm	16	4
825	Zn	6	4
825	i3h	10	2
825	i3l	3	1
825	off3	0	3
825	op	12	1
825	op0	22	2
825	op1	11	2
825	op2	5	1
825	op3	3	2
826	Rv	13	2
826	Zm	16	4
826	Zn	6	4
826	i4h	10	2
826	i4l	1	2
826	o1	0	1
826	op0	22	2
826	op1	11	2
826	op2	5	1
826	op3	3	2
827	Rv	13	2
827	Zm	16	4
827	Zn	6	4
827	i4h	10	2
827	i4l	2	2
827	off2	0	2
827	op0	22	2
827	op1	11	2
827	op2	5	1
827	op3	3	2
828	Rv	13	2
828	Zm	16	4
828	Zn	7	3
828	i1	10	1
828	off3	0	3
828	op	11	1
828	op0	22	2
828	op1	11	2
828	op2	4	3
828	op3	3	1
828	opc2	3	2
829	Rv	13	2
829	Zm	16	4
829	Zn	7	3
829	i2	10	2
829	off3	0	3
829	op	12	1
829	op0	22	2
829	op1	11	2
829	op2	4	3
829	op3	3	1
829	opc2	3	3
830	Rv	13	2
830	Zm	16	4
830	Zn	7	3
830	i3h	10	2
830	i3l	3	1
830	off3	0	3
830	op0	22	2
830	op1	11	2
830	op2	4	3
830	op3	3	1
831	Rv	13	2
831	Zm	16	4
831	Zn	7	3
831	i4h	10	2
831	i4l	1	2
831	o1	0	1
831	op0	22	2
831	op1	11	2
831	op2	4	3
831	op3	3	1
832	Rv	13	2
832	Zm	16	4
832	Zn	7	3
832	i4h	10	2
832	i4l	2	2
832	off2	0	2
832	op0	22	2
832	op1	11	2
832	op2	4	3
832	op3	3	1
833	Rv	13	2
833	Zm	17	4
833	Zn	6	4
833	o1	0	1
833	op0	22	1
833	op1	19	2
833	op2	17	2
833	op3	10	3
833	op4	5	1
833	op5	2	3
833	op6	1	1
834	Rv	13	2
834	Zm	17	4
834	Zn	6	4
834	off2	0	2
834	op0	22	1
834	op1	19	2
834	op2	17	2
834	op3	10	3
834	op4	5	1
834	op5	2	3
834	op6	1	1
835	Rv	13	2
835	Zm	17	4
835	Zn	6	4
835	off3	0	3
835	op0	22	1
835	op1	19	2
835	op2	17	2
835	op3	10	3
835	op4	5	1
835	op5	2	3
835	op6	1	1
835	opc	4	2
836	Rv	13	2
836	Zm	17	4
836	Zn	6	4
836	off3	0	3
836	op0	22	1
836	op1	19	2
836	op2	17	2
836	op3	10	3
836	op4	5	1
836	op5	2	3
836	op6	1	1
837	Rv	13	2
837	Zm	18	3
837	Zn	7	3
837	o1	0	1
837	op0	22	1
837	op1	19	2
837	op2	17	2
837	op3	10	3
837	op4	5	2
837	op5	2	3
837	op6	1	1
838	Rv	13	2
838	Zm	18	3
838	Zn	7	3
838	off2	0	2
838	op0	22	1
838	op1	19	2
838	op2	17	2
838	op3	10	3
838	op4	5	2
838	op5	2	3
838	op6	1	1
839	Rv	13	2
839	Zm	18	3
839	Zn	7	3
839	off3	0	3
839	op0	22	1
839	op1	19	2
839	op2	17	2
839	op3	10	3
839	op4	5	2
839	op5	2	3
839	op6	1	1
839	opc	4	2
840	Rv	13	2
840	Zm	18	3
840	Zn	7	3
840	off3	0	3
840	op0	22	1
840	op1	19	2
840	op2	17	2
840	op3	10	3
840	op4	5	2
840	op5	2	3
840	op6	1	1
841	Rv	13	2
841	Zn	6	4
841	off3	0	3
841	op0	22	2
841	op1	18	1
841	op2	15	2
841	op3	10	3
841	op4	5	2
841	op5	3	1
842	Rv	13	2
842	Zn	7	3
842	off3	0	3
842	op0	22	2
842	op1	18	1
842	op2	15	2
842	op3	10	3
842	op4	5	2
842	op5	3	1
843	Rv	13	2
843	o1	0	1
843	op0	3	10
843	op1	10	15
843	op2	0	6
843	opc	15	3
843	opc2	0	3
844	Rv	13	2
844	off2	0	2
844	op0	3	10
844	op1	10	15
844	op2	0	6
844	opc	15	3
844	opc2	0	3
845	Rv	13	2
845	off3	0	3
845	op0	3	10
845	op1	10	15
845	op2	0	6
845	opc	15	3
845	opc2	0	3
846	Rv	13	2
846	op0	3	10
846	op1	10	15
846	op2	0	6
846	opc	15	3
846	opc2	0	3
847	S	10	1
847	Zda	0	5
847	Zm	16	3
847	Zn	5	5
847	i2	19	2
847	op0	10	6
847	op1	17	8
847	op2	10	6
847	op3	4	1
847	opc	16	5
847	size	22	2
848	S	10	1
848	Zda	0	5
848	Zm	16	3
848	Zn	5	5
848	i3h	22	1
848	i3l	19	2
848	op0	10	6
848	op1	17	8
848	op2	10	6
848	op3	4	1
848	opc	16	5
848	size	22	2
849	S	10	1
849	Zda	0	5
849	Zm	16	4
849	Zn	5	5
849	i1	20	1
849	op0	10	6
849	op1	17	8
849	op2	10	6
849	op3	4	1
849	opc	16	5
849	size	22	2
850	S	10	1
850	Zda	0	5
850	Zm	16	5
850	Zn	5	5
850	op0	10	5
850	op1	17	8
850	op2	10	6
850	op3	4	1
850	size	22	2
851	S	10	1
851	Zda	0	5
851	Zn	5	5
851	op0	10	6
851	op1	17	8
851	op2	10	6
851	op3	4	1
851	opc	16	5
851	size	22	2
852	S	11	1
852	T	10	1
852	Zda	0	5
852	Zm	16	5
852	Zn	5	5
852	op0	10	5
852	op1	17	8
852	op2	10	6
852	op3	4	1
852	size	22	2
853	S	11	1
853	Zd	0	5
853	Zm	16	5
853	Zn	5	5
853	op0	23	1
853	op1	10	4
853	op2	10	6
853	op3	4	1
853	size	22	2
853	tb	10	1
854	S	12	1
854	T	10	1
854	U	11	1
854	Zd	0	5
854	Zm	16	5
854	Zn	5	5
854	op	13	1
854	op0	13	2
854	op1	17	8
854	op2	10	6
854	op3	4	1
854	opc	0	5
854	size	22	2
855	S	12	1
855	T	10	1
855	U	11	1
855	Zd	0	5
855	Zm	16	5
855	Zn	5	5
855	op0	13	2
855	op1	17	8
855	op2	10	6
855	op3	4	1
855	size	22	2
856	S	12	1
856	T	10	1
856	U	11	1
856	Zda	0	5
856	Zm	16	5
856	Zn	5	5
856	op0	10	5
856	op1	17	8
856	op2	10	6
856	op3	4	1
856	size	22	2
857	S	12	1
857	T	10	1
857	U	11	1
857	Zm	16	5
857	Zn	5	5
857	op	13	1
857	op0	13	2
857	op1	17	8
857	op2	10	6
857	op3	4	1
857	opc	0	5
857	size	22	2
858	S	12	1
858	T	10	1
858	Zda	0	5
858	Zm	16	3
858	Zn	5	5
858	i3h	19	2
858	i3l	11	1
858	il	11	1
858	op0	10	6
858	op1	17	8
858	op2	10	6
858	op3	4	1
858	opc	16	5
858	size	22	2
859	S	12	1
859	T	10	1
859	Zda	0	5
859	Zm	16	4
859	Zn	5	5
859	i2h	20	1
859	i2l	11	1
859	il	11	1
859	op0	10	6
859	op1	17	8
859	op2	10	6
859	op3	4	1
859	opc	16	5
859	size	22	2
860	S	12	1
860	T	10	1
860	Zda	0	5
860	Zn	5	5
860	il	11	1
860	op0	10	6
860	op1	17	8
860	op2	10	6
860	op3	4	1
860	opc	16	5
860	size	22	2
861	S	13	1
861	T	10	1
861	U	12	1
861	Zda	0	5
861	Zm	16	3
861	Zn	5	5
861	i3h	19	2
861	i3l	11	1
861	il	11	1
861	op0	10	6
861	op1	17	8
861	op2	10	6
861	op3	4	1
861	opc	16	5
861	size	22	2
862	S	13	1
862	T	10	1
862	U	12	1
862	Zda	0	5
862	Zm	16	4
862	Zn	5	5
862	i2h	20	1
862	i2l	11	1
862	il	11	1
862	op0	10	6
862	op1	17	8
862	op2	10	6
862	op3	4	1
862	opc	16	5
862	size	22	2
863	S	13	1
863	T	10	1
863	U	12	1
863	Zda	0	5
863	Zn	5	5
863	il	11	1
863	op0	10	6
863	op1	17	8
863	op2	10	6
863	op3	4	1
863	opc	16	5
863	size	22	2
864	S	7	1
864	imm7	0	7
864	op0	8	4
864	op1	6	2
864	op2	5	1
864	op3	0	4
865	S	8	1
865	imm8	0	8
865	op0	8	4
866	T	10	1
866	U	11	1
866	Zd	0	5
866	Zm	16	5
866	Zn	5	5
866	op	12	1
866	op0	13	2
866	op1	17	8
866	op2	10	6
866	op3	4	1
866	size	22	2
867	T	10	1
867	U	11	1
867	Zd	0	5
867	Zn	5	5
867	imm3	16	3
867	op0	23	1
867	op1	10	4
867	op2	10	6
867	op3	4	1
867	tszh	22	1
867	tszl	19	2
868	T	10	1
868	U	11	1
868	Zd	0	5
868	Zn	5	5
868	op0	23	1
868	op1	17	2
868	op2	16	1
868	op3	13	2
868	op4	10	1
868	op5	5	1
868	opc	11	2
868	tszh	22	1
868	tszl	19	2
869	T	10	1
869	U	11	1
869	Zda	0	5
869	Zm	16	5
869	Zn	5	5
869	op0	17	4
869	op1	11	3
869	op2	10	6
869	op3	4	1
869	size	22	2
870	T	10	1
870	U	12	1
870	Zd	0	5
870	Zm	16	3
870	Zn	5	5
870	i3h	19	2
870	i3l	11	1
870	il	11	1
870	op0	10	6
870	op1	17	8
870	op2	10	6
870	op3	4	1
870	opc	16	5
870	size	22	2
871	T	10	1
871	U	12	1
871	Zd	0	5
871	Zm	16	4
871	Zn	5	5
871	i2h	20	1
871	i2l	11	1
871	il	11	1
871	op0	10	6
871	op1	17	8
871	op2	10	6
871	op3	4	1
871	opc	16	5
871	size	22	2
872	T	10	1
872	U	12	1
872	Zd	0	5
872	Zn	5	5
872	il	11	1
872	op0	10	6
872	op1	17	8
872	op2	10	6
872	op3	4	1
872	opc	16	5
872	size	22	2
873	T	10	1
873	Zd	0	5
873	Zm	16	3
873	Zn	5	5
873	i3h	19	2
873	i3l	11	1
873	il	11	1
873	op0	10	6
873	op1	17	8
873	op2	10	6
873	op3	4	1
873	opc	16	5
873	size	22	2
874	T	10	1
874	Zd	0	5
874	Zm	16	4
874	Zn	5	5
874	i2h	20	1
874	i2l	11	1
874	il	11	1
874	op0	10	6
874	op1	17	8
874	op2	10	6
874	op3	4	1
874	opc	16	5
874	size	22	2
875	T	10	1
875	Zd	0	5
875	Zn	5	5
875	il	11	1
875	op0	10	6
875	op1	17	8
875	op2	10	6
875	op3	4	1
875	opc	16	5
875	size	22	2
876	T	10	1
876	Zd	0	5
876	Zn	5	5
876	op0	23	1
876	op1	17	2
876	op2	16	1
876	op3	13	2
876	op4	10	1
876	op5	5	1
876	opc	11	2
876	tszh	22	1
876	tszl	19	2
877	T	10	1
877	Zda	0	5
877	Zm	16	3
877	Zn	5	5
877	i3h	19	2
877	i3l	11	1
877	o2	22	1
877	op	13	1
877	op0	23	1
877	op1	13	1
877	op2	10	6
877	op3	4	1
878	T	10	1
878	Zda	0	5
878	Zm	16	5
878	Zn	5	5
878	o2	22	1
878	op	13	1
878	op0	23	1
878	op1	13	1
878	op2	10	6
878	op3	4	1
879	T	10	1
879	Zda	0	5
879	Zm	16	5
879	Zn	5	5
879	op0	17	4
879	op1	11	3
879	op2	10	6
879	op3	4	1
879	size	22	2
879	sz	22	1
880	T	10	1
880	Zda	0	5
880	Zm	16	5
880	Zn	5	5
880	op0	17	4
880	op1	11	3
880	op2	10	6
880	op3	4	1
880	size	22	2
881	T	11	1
881	Zd	0	5
881	Zn	6	4
881	op0	22	2
881	op1	16	3
881	op2	10	2
881	op3	5	1
881	opc	10	2
882	T	12	1
882	Zda	0	5
882	Zm	16	5
882	Zn	5	5
882	op0	23	1
882	op1	13	1
882	op2	10	6
882	op3	4	1
883	T	23	1
883	Zda	0	5
883	Zm	16	3
883	Zn	5	5
883	i4h	19	2
883	i4l	10	2
883	op0	29	3
883	op1	17	8
883	op2	10	6
883	op3	4	1
884	TT	12	2
884	Zda	0	5
884	Zm	16	5
884	Zn	5	5
884	op0	23	1
884	op1	13	1
884	op2	10	6
884	op3	4	1
885	TT	22	2
885	Zda	0	5
885	Zm	16	3
885	Zn	5	5
885	i4h	19	2
885	i4l	10	2
885	op0	29	3
885	op1	17	8
885	op2	10	6
885	op3	4	1
886	U	0	1
886	Zd	1	4
886	Zm	16	5
886	Zn	5	5
886	op0	22	2
886	op1	10	3
886	op2	1	1
886	size	22	2
887	U	0	1
887	Zd	1	4
887	Zn	5	5
887	op0	22	2
887	op1	18	3
887	op2	16	2
887	op3	5	2
887	op4	0	2
887	size	22	2
888	U	0	1
888	Zd	2	3
888	Zm	16	5
888	Zn	5	5
888	op0	22	2
888	op1	10	3
888	op2	1	1
888	size	22	2
889	U	0	1
889	Zd	2	3
889	Zn	6	4
889	op0	22	2
889	op1	18	3
889	op2	16	2
889	op3	5	2
889	op4	0	2
889	size	22	2
890	U	0	1
890	Zdn	1	4
890	Zm	16	4
890	op	5	1
890	op0	10	1
890	op1	8	2
890	op2	5	3
890	size	22	2
891	U	0	1
891	Zdn	1	4
891	Zm	16	4
891	op0	10	1
891	op1	8	2
891	op2	5	3
891	opc	5	3
891	size	22	2
892	U	0	1
892	Zdn	1	4
892	Zm	17	4
892	op0	7	3
892	op1	10	15
892	op2	0	6
892	opc	5	2
892	size	22	2
893	U	0	1
893	Zdn	1	4
893	Zm	17	4
893	op0	7	3
893	op1	10	15
893	op2	0	6
893	opc	5	3
893	size	22	2
894	U	0	1
894	Zdn	2	3
894	Zm	16	4
894	op	5	1
894	op0	10	1
894	op1	8	2
894	op2	5	3
894	size	22	2
895	U	0	1
895	Zdn	2	3
895	Zm	16	4
895	op0	10	1
895	op1	8	2
895	op2	5	3
895	opc	5	3
895	size	22	2
896	U	0	1
896	Zdn	2	3
896	Zm	18	3
896	op0	7	3
896	op1	10	15
896	op2	0	6
896	opc	5	2
896	size	22	2
897	U	0	1
897	Zdn	2	3
897	Zm	18	3
897	op0	7	3
897	op1	10	15
897	op2	0	6
897	opc	5	3
897	size	22	2
898	U	10	1
898	Zd	0	5
898	Zm	16	5
898	Zn	5	5
898	op0	10	3
898	op1	17	8
898	op2	10	6
898	op3	4	1
898	opc	10	2
898	size	22	2
899	U	10	1
899	Zd	0	5
899	Zm	16	5
899	Zn	5	5
899	op0	12	1
899	op1	17	8
899	op2	10	6
899	op3	4	1
899	opc	10	2
899	size	22	2
900	U	10	1
900	Zd	0	5
900	Zm	16	5
900	Zn	5	5
900	op0	29	3
900	op1	17	8
900	op2	10	6
900	op3	4	1
900	opc	10	3
900	size	22	2
901	U	10	1
901	Zd	0	5
901	Zm	16	5
901	Zn	5	5
901	op0	29	3
901	op1	17	8
901	op2	10	6
901	op3	4	1
901	size	22	2
902	U	10	1
902	Zd	0	5
902	Zn	5	5
902	imm3	16	3
902	op0	12	1
902	op1	17	8
902	op2	10	6
902	op3	4	1
902	opc	10	2
902	tszh	22	2
902	tszl	19	2
903	U	10	1
903	Zd	0	5
903	Zn	5	5
903	op0	22	2
903	op1	16	3
903	op2	10	2
903	op3	5	1
903	opc	10	2
903	size	22	2
904	U	10	1
904	Zd	0	5
904	Zn	6	4
904	op	10	1
904	op0	22	2
904	op1	16	3
904	op2	10	2
904	op3	5	1
904	size	22	2
905	U	10	1
905	Zda	0	5
905	Zm	16	3
905	Zn	5	5
905	i2	19	2
905	op0	10	6
905	op1	17	8
905	op2	10	6
905	op3	4	1
905	opc	16	5
905	size	22	2
906	U	10	1
906	Zda	0	5
906	Zm	16	3
906	Zn	5	5
906	i2	19	2
906	op0	29	3
906	op1	17	8
906	op2	10	6
906	op3	4	1
906	opc	16	5
907	U	10	1
907	Zda	0	5
907	Zm	16	3
907	Zn	5	5
907	i3h	22	1
907	i3l	19	2
907	op0	10	6
907	op1	17	8
907	op2	10	6
907	op3	4	1
907	opc	16	5
907	size	22	2
908	U	10	1
908	Zda	0	5
908	Zm	16	4
908	Zn	5	5
908	i1	20	1
908	op0	10	6
908	op1	17	8
908	op2	10	6
908	op3	4	1
908	opc	16	5
908	size	22	2
909	U	10	1
909	Zda	0	5
909	Zm	16	5
909	Zn	5	5
909	op0	10	5
909	op1	17	8
909	op2	10	6
909	op3	4	1
909	size	22	2
910	U	10	1
910	Zda	0	5
910	Zm	16	5
910	Zn	5	5
910	op0	17	4
910	op1	11	3
910	op2	10	6
910	op3	4	1
910	size	22	2
911	U	10	1
911	Zda	0	5
911	Zm	16	5
911	Zn	5	5
911	op0	29	3
911	op1	17	8
911	op2	10	6
911	op3	4	1
912	U	10	1
912	Zda	0	5
912	Zn	5	5
912	op0	10	6
912	op1	17	8
912	op2	10	6
912	op3	4	1
912	opc	16	5
912	size	22	2
913	U	10	1
913	Zda	0	5
913	Zn	5	5
913	op0	29	3
913	op1	17	8
913	op2	10	6
913	op3	4	1
913	opc	16	5
914	U	11	1
914	Zd	0	5
914	Zn	6	4
914	op0	23	1
914	op1	17	2
914	op2	16	1
914	op3	13	2
914	op4	10	1
914	op5	5	1
914	opc	11	2
914	tszh	22	1
914	tszl	19	2
915	U	11	1
915	Zda	0	5
915	Zm	16	5
915	Zn	5	5
915	op0	29	3
915	op1	17	8
915	op2	10	6
915	op3	4	1
915	size	22	2
916	U	16	1
916	Zdn	0	5
916	imm8	5	8
916	o2	13	1
916	op0	19	2
916	op1	16	1
916	op2	10	6
916	op3	4	1
916	opc	16	3
916	size	22	2
917	U	16	1
917	Zdn	0	5
917	imm8	5	8
917	op0	19	2
917	op1	16	1
917	op2	10	6
917	op3	4	1
917	opc	16	3
917	sh	13	1
917	size	22	2
918	U	5	1
918	Zd	0	5
918	Zn	6	4
918	imm4	16	4
918	op	20	1
918	op0	22	2
918	op1	10	3
918	op2	1	1
919	U	5	1
919	Zd	0	5
919	Zn	6	4
919	op	22	1
919	op0	22	2
919	op1	18	3
919	op2	16	2
919	op3	5	2
919	op4	0	2
920	U	5	1
920	Zd	1	4
920	Zn	6	4
920	op0	22	2
920	op1	18	3
920	op2	16	2
920	op3	5	2
920	op4	0	2
921	U	5	1
921	Zd	2	3
921	Zn	7	3
921	op0	22	2
921	op1	18	3
921	op2	16	2
921	op3	5	2
921	op4	0	2
922	Vm	5	5
922	Zdn	0	5
922	op0	19	2
922	op1	16	3
922	op2	9	1
922	op3	4	1
922	size	22	2
923	Za	5	5
923	Zda	0	5
923	Zdn	0	5
923	Zm	16	5
923	Zn	5	5
923	o2	11	1
923	op0	29	3
923	op1	17	8
923	op2	10	6
923	op3	4	1
923	opc	22	2
924	Zd	0	5
924	Zda	0	5
924	Zm	16	5
924	Zn	5	5
924	op0	23	1
924	op1	10	4
924	op2	10	6
924	op3	4	1
924	uns	22	2
925	Zd	0	5
925	Zm	16	3
925	Zn	5	5
925	i2	19	2
925	o2	11	1
925	op0	29	3
925	op1	17	8
925	op2	10	6
925	op3	4	1
925	opc	16	5
925	size	22	2
926	Zd	0	5
926	Zm	16	3
926	Zn	5	5
926	i2	19	2
926	op0	10	6
926	op1	17	8
926	op2	10	6
926	op3	4	1
926	opc	16	5
926	size	22	2
927	Zd	0	5
927	Zm	16	3
927	Zn	5	5
927	i3h	22	1
927	i3l	19	2
927	o2	11	1
927	op0	29	3
927	op1	17	8
927	op2	10	6
927	op3	4	1
927	opc	16	5
927	size	22	2
928	Zd	0	5
928	Zm	16	3
928	Zn	5	5
928	i3h	22	1
928	i3l	19	2
928	op0	10	6
928	op1	17	8
928	op2	10	6
928	op3	4	1
928	opc	16	5
928	size	22	2
929	Zd	0	5
929	Zm	16	4
929	Zn	5	5
929	i1	20	1
929	o2	11	1
929	op0	29	3
929	op1	17	8
929	op2	10	6
929	op3	4	1
929	opc	16	5
929	size	22	2
930	Zd	0	5
930	Zm	16	4
930	Zn	5	5
930	i1	20	1
930	op0	10	6
930	op1	17	8
930	op2	10	6
930	op3	4	1
930	opc	16	5
930	size	22	2
931	Zd	0	5
931	Zm	16	5
931	Zn	5	5
931	i1	23	1
931	op0	22	1
931	op1	10	3
931	op2	23	1
931	op3	4	1
932	Zd	0	5
932	Zm	16	5
932	Zn	5	5
932	i2	22	2
932	op	11	1
932	op0	22	1
932	op1	10	3
932	op2	23	1
932	op3	4	1
933	Zd	0	5
933	Zm	16	5
933	Zn	5	5
933	i2	22	2
933	op0	22	1
933	op1	10	3
933	op2	23	1
933	op3	4	1
934	Zd	0	5
934	Zm	16	5
934	Zn	5	5
934	i3h	22	2
934	i3l	12	1
934	op0	22	1
934	op1	10	3
934	op2	23	1
934	op3	4	1
935	Zd	0	5
935	Zm	16	5
935	Zn	5	5
935	msz	10	2
935	op0	29	3
935	op1	17	8
935	op2	10	6
935	op3	4	1
935	opc	22	2
935	sz	22	1
936	Zd	0	5
936	Zm	16	5
936	Zn	5	5
936	msz	10	2
936	op0	29	3
936	op1	17	8
936	op2	10	6
936	op3	4	1
936	opc	22	2
937	Zd	0	5
937	Zm	16	5
937	Zn	5	5
937	op	10	1
937	op0	10	2
937	op1	17	8
937	op2	10	6
937	op3	4	1
937	size	22	2
938	Zd	0	5
938	Zm	16	5
938	Zn	5	5
938	op	10	1
938	op0	10	2
938	op1	17	8
938	op2	10	6
938	op3	4	1
939	Zd	0	5
939	Zm	16	5
939	Zn	5	5
939	op	10	1
939	op0	18	3
939	op1	16	2
939	op2	10	3
939	op3	5	5
939	op4	0	1
939	size	22	2
940	Zd	0	5
940	Zm	16	5
940	Zn	5	5
940	op	10	1
940	op0	29	3
940	op1	17	8
940	op2	10	6
940	op3	4	1
940	size	22	2
941	Zd	0	5
941	Zm	16	5
941	Zn	5	5
941	op0	10	3
941	op1	17	8
941	op2	10	6
941	op3	4	1
941	opc	10	2
941	size	22	2
942	Zd	0	5
942	Zm	16	5
942	Zn	5	5
942	op0	10	3
942	op1	17	8
942	op2	10	6
942	op3	4	1
942	opc	22	2
943	Zd	0	5
943	Zm	16	5
943	Zn	5	5
943	op0	10	3
943	op1	17	8
943	op2	10	6
943	op3	4	1
943	size	22	2
944	Zd	0	5
944	Zm	16	5
944	Zn	5	5
944	op0	12	1
944	op1	17	8
944	op2	10	6
944	op3	4	1
944	opc	10	2
944	size	22	2
945	Zd	0	5
945	Zm	16	5
945	Zn	5	5
945	op0	12	1
945	op1	17	8
945	op2	10	6
945	op3	4	1
945	opc	10	2
946	Zd	0	5
946	Zm	16	5
946	Zn	5	5
946	op0	22	1
946	op1	10	3
946	op2	23	1
946	op3	4	1
946	size	22	2
947	Zd	0	5
947	Zm	16	5
947	Zn	5	5
947	op0	22	1
947	op1	10	3
947	op2	23	1
947	op3	4	1
948	Zd	0	5
948	Zm	16	5
948	Zn	5	5
948	op0	23	1
948	op1	10	4
948	op2	10	6
948	op3	4	1
948	opc	10	2
948	size	22	2
949	Zd	0	5
949	Zm	16	5
949	Zn	5	5
949	op0	23	1
949	op1	10	4
949	op2	10	6
949	op3	4	1
949	size	22	2
949	tb	10	1
950	Zd	0	5
950	Zm	16	5
950	Zn	5	5
950	op0	23	1
950	op1	10	4
950	op2	10	6
950	op3	4	1
950	uns	22	2
951	Zd	0	5
951	Zm	16	5
951	Zn	5	5
951	op0	29	3
951	op1	17	8
951	op2	10	6
951	op3	4	1
951	opc	10	3
951	size	22	2
952	Zd	0	5
952	Zm	16	5
952	Zn	5	5
952	op0	29	3
952	op1	17	8
952	op2	10	6
952	op3	4	1
952	size	22	2
953	Zd	0	5
953	Zn	5	5
953	i1	20	1
953	op0	22	2
953	op1	20	1
953	op2	10	6
953	op3	4	1
953	tsz	16	4
954	Zd	0	5
954	Zn	5	5
954	i3	14	3
954	op0	22	1
954	op1	14	5
954	op2	5	1
954	op3	0	2
954	op4	6	1
954	opc	14	5
954	opc2	10	2
954	size	12	2
955	Zd	0	5
955	Zn	5	5
955	i4	14	4
955	op0	22	1
955	op1	14	5
955	op2	5	1
955	op3	0	2
955	op4	6	1
955	opc	14	5
955	opc2	10	2
955	size	12	2
956	Zd	0	5
956	Zn	5	5
956	imm2	22	2
956	op0	29	3
956	op1	17	8
956	op2	10	6
956	op3	4	1
956	tsz	16	5
957	Zd	0	5
957	Zn	5	5
957	imm3	16	3
957	op	10	1
957	op0	17	4
957	op1	11	3
957	op2	10	6
957	op3	4	1
957	tszh	22	2
957	tszl	19	2
958	Zd	0	5
958	Zn	5	5
958	imm3	16	3
958	op0	12	1
958	op1	17	8
958	op2	10	6
958	op3	4	1
958	opc	10	2
958	tszh	22	2
958	tszl	19	2
959	Zd	0	5
959	Zn	5	5
959	imm8h	16	5
959	imm8l	10	3
959	op0	22	1
959	op1	17	8
959	op2	10	6
959	op3	4	1
960	Zd	0	5
960	Zn	5	5
960	o2	11	1
960	op0	29	3
960	op1	17	8
960	op2	10	6
960	op3	4	1
960	opc	16	5
960	size	22	2
961	Zd	0	5
961	Zn	5	5
961	op	16	1
961	op0	22	2
961	op1	16	3
961	op2	10	2
961	op3	5	1
961	size	22	2
962	Zd	0	5
962	Zn	5	5
962	op0	10	2
962	op1	17	8
962	op2	10	6
962	op3	4	1
962	opc	16	5
962	size	22	2
963	Zd	0	5
963	Zn	5	5
963	op0	10	2
963	op1	17	8
963	op2	10	6
963	op3	4	1
963	opc	16	5
964	Zd	0	5
964	Zn	5	5
964	op0	10	2
964	op1	17	8
964	op2	10	6
964	op3	4	1
964	opc	22	2
964	opc2	16	5
965	Zd	0	5
965	Zn	5	5
965	op0	10	6
965	op1	17	8
965	op2	10	6
965	op3	4	1
965	opc	16	5
965	size	22	2
966	Zd	0	5
966	Zn	5	5
966	op0	19	2
966	op1	16	3
966	op2	9	1
966	op3	4	1
966	size	22	2
967	Zd	0	5
967	Zn	5	5
967	op0	22	1
967	op1	14	5
967	op2	5	1
967	op3	0	2
967	op4	6	1
967	opc	14	5
967	opc2	10	2
967	size	12	2
968	Zd	0	5
968	Zn	5	5
968	op0	22	2
968	op1	16	3
968	op2	10	2
968	op3	5	1
968	opc	10	2
968	size	22	2
969	Zd	0	5
969	Zn	6	4
969	op	10	1
969	op0	22	2
969	op1	16	3
969	op2	10	2
969	op3	5	1
969	size	22	2
970	Zd	0	5
970	Zn	6	4
970	op	22	1
970	op0	22	2
970	op1	18	3
970	op2	16	2
970	op3	5	2
970	op4	0	2
971	Zd	0	5
971	Zn	6	4
971	op0	22	2
971	op1	16	3
971	op2	10	2
971	op3	5	1
971	opc	10	2
972	Zd	0	5
972	Zn	6	4
972	op0	23	1
972	op1	17	2
972	op2	16	1
972	op3	13	2
972	op4	10	1
972	op5	5	1
972	opc	11	2
972	tszh	22	1
972	tszl	19	2
973	Zd	0	5
973	imm13	5	13
973	op0	22	2
973	op1	18	2
973	op2	10	6
973	op3	4	1
974	Zd	0	5
974	imm5	5	5
974	imm5b	16	5
974	op0	10	2
974	op1	17	8
974	op2	10	6
974	op3	4	1
974	size	22	2
975	Zd	0	5
975	imm5	5	5
975	imm5b	16	5
975	op0	10	2
975	op1	17	8
975	op2	10	6
975	op3	4	1
976	Zd	0	5
976	imm8	5	8
976	o2	13	1
976	op0	19	2
976	op1	16	1
976	op2	10	6
976	op3	4	1
976	opc	17	2
976	size	22	2
977	Zd	0	5
977	imm8	5	8
977	op0	19	2
977	op1	16	1
977	op2	10	6
977	op3	4	1
977	opc	17	2
977	sh	13	1
977	size	22	2
978	Zd	1	4
978	Zm	16	5
978	Zn	5	5
978	op	0	1
978	op0	22	2
978	op1	10	3
978	op2	1	1
978	size	22	2
979	Zd	1	4
979	Zm	16	5
979	Zn	5	5
979	op	0	1
979	op0	22	2
979	op1	10	3
979	op2	1	1
980	Zd	1	4
980	Zm	16	5
980	Zn	5	5
980	op0	18	3
980	op1	16	2
980	op2	10	3
980	op3	5	5
980	op4	0	1
980	size	22	2
981	Zd	1	4
981	Zm	17	4
981	Zn	6	4
981	op0	16	1
981	op1	6	1
981	op2	1	1
981	size	22	2
982	Zd	1	4
982	Zm	17	4
982	Zn	6	4
982	op0	16	2
982	op1	6	1
982	op2	1	1
982	size	22	2
983	Zd	1	4
983	Zn	5	5
983	i2	15	2
983	op0	22	1
983	op1	14	5
983	op2	5	1
983	op3	0	2
983	op4	6	1
983	opc	15	4
983	opc2	10	2
983	size	12	2
984	Zd	1	4
984	Zn	5	5
984	i3	15	3
984	op0	22	1
984	op1	14	5
984	op2	5	1
984	op3	0	2
984	op4	6	1
984	opc	15	4
984	opc2	10	2
984	size	12	2
985	Zd	1	4
985	Zn	5	5
985	op0	22	1
985	op1	14	5
985	op2	5	1
985	op3	0	2
985	op4	6	1
985	opc	15	4
985	opc2	10	2
985	size	12	2
986	Zd	1	4
986	Zn	6	4
986	op0	22	2
986	op1	18	3
986	op2	16	2
986	op3	5	2
986	op4	0	2
986	opc	16	3
986	size	22	2
987	Zd	2	3
987	Zm	16	5
987	Zn	5	5
987	i1	22	1
987	op0	10	2
987	op1	0	4
987	op2	0	6
988	Zd	2	3
988	Zm	16	5
988	Zn	5	5
988	op	0	1
988	op0	22	2
988	op1	10	3
988	op2	1	1
988	size	22	2
989	Zd	2	3
989	Zm	17	4
989	Zn	7	3
989	op0	16	1
989	op1	6	1
989	op2	1	1
989	size	22	2
990	Zd	2	3
990	Zm	18	3
990	Zn	7	3
990	op0	16	2
990	op1	6	1
990	op2	1	1
990	size	22	2
991	Zd	2	3
991	Zn	5	5
991	i1	16	1
991	op0	22	1
991	op1	14	5
991	op2	5	1
991	op3	0	2
991	op4	6	1
991	opc	16	3
991	opc2	10	2
991	size	12	2
992	Zd	2	3
992	Zn	5	5
992	i2	16	2
992	op0	22	1
992	op1	14	5
992	op2	5	1
992	op3	0	2
992	op4	6	1
992	opc	16	3
992	opc2	10	2
992	size	12	2
993	Zd	2	3
993	Zn	5	5
993	op0	22	1
993	op1	14	5
993	op2	5	1
993	op3	0	2
993	op4	6	1
993	opc	16	3
993	opc2	10	2
993	size	12	2
994	Zd	2	3
994	Zn	6	4
994	op0	22	1
994	op1	14	5
994	op2	5	1
994	op3	0	2
994	op4	6	1
994	opc	10	2
994	size	12	2
995	Zd	2	3
995	Zn	7	3
995	op	1	1
995	op0	22	2
995	op1	18	3
995	op2	16	2
995	op3	5	2
995	op4	0	2
995	size	22	2
996	Zd	2	3
996	Zn	7	3
996	op	1	1
996	op0	22	2
996	op1	18	3
996	op2	16	2
996	op3	5	2
996	op4	0	2
997	Zd	2	3
997	Zn	7	3
997	op0	22	1
997	op1	14	5
997	op2	5	1
997	op3	0	2
997	op4	6	1
997	opc	10	2
997	size	12	2
998	Zd	2	3
998	Zn	7	3
998	op0	22	2
998	op1	18	3
998	op2	16	2
998	op3	5	2
998	op4	0	2
998	opc	16	3
998	size	22	2
999	Zda	0	5
999	Zm	16	3
999	Zn	5	5
999	i2	19	2
999	i3h	19	2
999	i3l	11	1
999	op	22	1
999	op0	23	1
999	op1	13	1
999	op2	10	6
999	op3	4	1
999	opc2	10	2
1000	Zda	0	5
1000	Zm	16	3
1000	Zn	5	5
1000	i2	19	2
1000	o2	11	1
1000	op	10	1
1000	op0	29	3
1000	op1	17	8
1000	op2	10	6
1000	op3	4	1
1000	opc	16	5
1000	size	22	2
1001	Zda	0	5
1001	Zm	16	3
1001	Zn	5	5
1001	i2	19	2
1001	op	22	1
1001	op0	23	1
1001	op1	13	1
1001	op2	10	6
1001	op3	4	1
1001	opc2	10	2
1002	Zda	0	5
1002	Zm	16	3
1002	Zn	5	5
1002	i2	19	2
1002	op0	10	6
1002	op1	17	8
1002	op2	10	6
1002	op3	4	1
1002	opc	16	5
1002	rot	10	2
1002	size	22	2
1003	Zda	0	5
1003	Zm	16	3
1003	Zn	5	5
1003	i2	19	2
1003	op0	29	3
1003	op1	17	8
1003	op2	10	6
1003	op3	4	1
1003	opc	16	5
1003	rot	10	2
1003	size	22	2
1004	Zda	0	5
1004	Zm	16	3
1004	Zn	5	5
1004	i3h	22	1
1004	i3l	19	2
1004	o2	11	1
1004	op	10	1
1004	op0	29	3
1004	op1	17	8
1004	op2	10	6
1004	op3	4	1
1004	opc	16	5
1004	size	22	2
1005	Zda	0	5
1005	Zm	16	4
1005	Zn	5	5
1005	i1	20	1
1005	o2	11	1
1005	op	10	1
1005	op0	29	3
1005	op1	17	8
1005	op2	10	6
1005	op3	4	1
1005	opc	16	5
1005	size	22	2
1006	Zda	0	5
1006	Zm	16	4
1006	Zn	5	5
1006	i1	20	1
1006	op0	10	6
1006	op1	17	8
1006	op2	10	6
1006	op3	4	1
1006	opc	16	5
1006	rot	10	2
1006	size	22	2
1007	Zda	0	5
1007	Zm	16	4
1007	Zn	5	5
1007	i1	20	1
1007	op0	29	3
1007	op1	17	8
1007	op2	10	6
1007	op3	4	1
1007	opc	16	5
1007	rot	10	2
1007	size	22	2
1008	Zda	0	5
1008	Zm	16	5
1008	Zn	5	5
1008	o2	10	1
1008	op	22	1
1008	op0	23	1
1008	op1	13	1
1008	op2	10	6
1008	op3	4	1
1009	Zda	0	5
1009	Zm	16	5
1009	Zn	5	5
1009	o2	11	1
1009	op0	29	3
1009	op1	17	8
1009	op2	10	6
1009	op3	4	1
1009	opc	22	2
1010	Zda	0	5
1010	Zm	16	5
1010	Zn	5	5
1010	op	12	1
1010	op0	10	5
1010	op1	17	8
1010	op2	10	6
1010	op3	4	1
1010	rot	10	2
1010	size	22	2
1011	Zda	0	5
1011	Zm	16	5
1011	Zn	5	5
1011	op	22	1
1011	op0	29	3
1011	op1	17	8
1011	op2	10	6
1011	op3	4	1
1012	Zda	0	5
1012	Zm	16	5
1012	Zn	5	5
1012	op0	10	5
1012	op1	17	8
1012	op2	10	6
1012	op3	4	1
1012	rot	10	2
1012	size	22	2
1013	Zda	0	5
1013	Zm	16	5
1013	Zn	5	5
1013	op0	10	5
1013	op1	17	8
1013	op2	10	6
1013	op3	4	1
1013	size	22	2
1014	Zda	0	5
1014	Zm	16	5
1014	Zn	5	5
1014	op0	29	3
1014	op1	17	8
1014	op2	10	6
1014	op3	4	1
1014	opc	22	2
1015	Zda	0	5
1015	Zn	5	5
1015	o2	11	1
1015	op	10	1
1015	op0	29	3
1015	op1	17	8
1015	op2	10	6
1015	op3	4	1
1015	opc	16	5
1015	size	22	2
1016	Zda	0	5
1016	Zn	5	5
1016	op0	10	6
1016	op1	17	8
1016	op2	10	6
1016	op3	4	1
1016	opc	16	5
1016	rot	10	2
1016	size	22	2
1017	Zda	0	5
1017	Zn	5	5
1017	op0	29	3
1017	op1	17	8
1017	op2	10	6
1017	op3	4	1
1017	opc	16	5
1017	rot	10	2
1017	size	22	2
1018	Zda	1	4
1018	Zm	16	5
1018	Zn	5	5
1018	op0	18	3
1018	op1	16	2
1018	op2	10	3
1018	op3	5	5
1018	op4	0	1
1018	size	22	2
1019	Zdn	0	5
1019	Zk	5	5
1019	Zm	16	5
1019	o2	10	1
1019	op0	10	3
1019	op1	17	8
1019	op2	10	6
1019	op3	4	1
1019	opc	22	2
1020	Zdn	0	5
1020	Zm	5	5
1020	imm3	16	3
1020	op0	10	3
1020	op1	17	8
1020	op2	10	6
1020	op3	4	1
1020	tszh	22	2
1020	tszl	19	2
1021	Zdn	0	5
1021	Zm	5	5
1021	imm3	16	3
1021	op0	19	2
1021	op1	10	3
1021	op2	6	4
1021	op3	4	1
1021	size	22	2
1022	Zdn	0	5
1022	Zm	5	5
1022	imm4	16	4
1022	op0	22	2
1022	op1	20	1
1022	op2	10	6
1022	op3	4	1
1023	Zdn	0	5
1023	Zm	5	5
1023	imm8h	16	5
1023	imm8l	10	3
1023	op0	22	1
1023	op1	17	8
1023	op2	10	6
1023	op3	4	1
1024	Zdn	0	5
1024	Zm	5	5
1024	o2	10	1
1024	op	16	1
1024	op0	18	3
1024	op1	16	2
1024	op2	10	3
1024	op3	5	5
1024	op4	0	1
1024	size	22	2
1025	Zdn	0	5
1025	Zm	5	5
1025	op	16	1
1025	op0	17	4
1025	op1	11	3
1025	op2	10	6
1025	op3	4	1
1025	rot	10	1
1025	size	22	2
1026	Zdn	0	5
1026	imm13	5	13
1026	op0	22	2
1026	op1	18	2
1026	op2	10	6
1026	op3	4	1
1026	opc	22	2
1027	Zdn	0	5
1027	imm8	5	8
1027	o2	13	1
1027	op0	19	2
1027	op1	16	1
1027	op2	10	6
1027	op3	4	1
1027	opc	16	3
1027	size	22	2
1028	Zdn	0	5
1028	imm8	5	8
1028	op0	19	2
1028	op1	16	1
1028	op2	10	6
1028	op3	4	1
1028	opc	16	3
1028	sh	13	1
1028	size	22	2
1029	Zdn	0	5
1029	op	10	1
1029	op0	18	3
1029	op1	16	2
1029	op2	10	3
1029	op3	5	5
1029	op4	0	1
1029	size	22	2
1030	Zdn	1	4
1030	Zm	16	4
1030	o2	0	1
1030	op	5	1
1030	op0	10	1
1030	op1	8	2
1030	op2	5	3
1030	size	22	2
1031	Zdn	1	4
1031	Zm	16	4
1031	op	0	1
1031	op0	10	1
1031	op1	8	2
1031	op2	5	3
1031	size	22	2
1032	Zdn	1	4
1032	Zm	17	4
1032	o2	0	1
1032	op0	7	3
1032	op1	10	15
1032	op2	0	6
1032	opc	5	2
1032	size	22	2
1033	Zdn	1	4
1033	Zm	17	4
1033	op	0	1
1033	op0	5	5
1033	op1	10	15
1033	op2	0	6
1033	size	22	2
1034	Zdn	1	4
1034	Zm	5	5
1034	i2	19	2
1034	o2	10	1
1034	o3	0	1
1034	op	16	1
1034	op0	18	3
1034	op1	16	2
1034	op2	10	3
1034	op3	5	5
1034	op4	0	1
1034	size	22	2
1035	Zdn	2	3
1035	Zm	16	4
1035	o2	0	1
1035	op	5	1
1035	op0	10	1
1035	op1	8	2
1035	op2	5	3
1035	size	22	2
1036	Zdn	2	3
1036	Zm	16	4
1036	op	0	1
1036	op0	10	1
1036	op1	8	2
1036	op2	5	3
1036	size	22	2
1037	Zdn	2	3
1037	Zm	18	3
1037	o2	0	1
1037	op0	7	3
1037	op1	10	15
1037	op2	0	6
1037	opc	5	2
1037	size	22	2
1038	Zdn	2	3
1038	Zm	18	3
1038	op	0	1
1038	op0	5	5
1038	op1	10	15
1038	op2	0	6
1038	size	22	2
1039	Zdn	2	3
1039	Zm	5	5
1039	i2	19	2
1039	o2	10	1
1039	op	16	1
1039	op0	18	3
1039	op1	16	2
1039	op2	10	3
1039	op3	5	5
1039	op4	0	1
1039	opc3	0	2
1039	size	22	2
1040	Zt	0	5
1040	off2	12	2
1040	op0	17	1
1040	op1	15	2
1040	op2	14	1
1040	opc	5	7
1041	cond	0	4
1041	imm19	5	19
1041	o0	4	1
1041	op0	29	3
1041	op1	12	14
1041	op2	0	5
1041	op3	10	2
1042	cond	28	4
1042	imm1	9	1
1042	op0	20	5
1042	op1	4	4
1043	cond	28	4
1043	imm12	8	12
1043	imm4	0	4
1043	op0	20	5
1043	op1	5	3
1044	cond	28	4
1044	imm12	8	12
1044	imm4	0	4
1044	op0	21	2
1044	op1	4	3
1044	op2	7	1
1044	op3	5	2
1044	op4	4	1
1044	opc	21	2
1045	cond	28	4
1045	imm24	0	24
1045	op0	24	2
1045	op1	10	2
1045	op2	4	1
1046	cond	28	4
1046	op0	20	4
1046	op1	6	1
1046	op2	4	1
1047	cond	28	4
1047	op0	20	5
1047	op1	4	4
1048	cond	28	4
1048	op0	20	5
1048	op1	5	3
1049	cond	28	4
1049	op0	21	2
1049	op1	4	3
1049	op2	7	1
1049	op3	5	2
1049	op4	4	1
1050	cond	28	4
1050	op0	21	3
1050	op1	8	3
1050	op2	4	1
1051	cond	28	4
1051	op0	21	4
1051	op1	9	2
1051	op2	4	1
1052	cond	28	4
1052	op0	21	5
1052	op1	4	1
1052	opcode	4	4
1052	option	0	4
1053	cond	28	4
1053	op0	21	5
1053	op1	4	1
1054	cond	28	4
1054	op0	22	1
1054	op1	20	5
1054	op2	7	1
1054	op3	5	2
1054	op4	4	1
1055	cond	28	4
1055	op0	23	1
1055	op1	10	2
1056	cond	28	4
1056	op0	23	1
1056	op1	20	5
1056	op2	7	1
1056	op3	5	2
1056	op4	4	1
1057	cond	28	4
1057	op0	23	1
1057	op1	4	1
1058	cond	28	4
1058	op0	23	2
1058	op1	20	1
1058	op2	7	1
1058	op3	5	2
1058	op4	4	1
1059	cond	28	4
1059	op0	23	2
1059	op1	20	2
1059	op2	7	1
1059	op3	5	2
1059	op4	4	1
1060	cond	28	4
1060	op0	23	3
1060	op1	16	6
1060	op2	10	1
1060	op3	8	2
1060	op4	6	1
1060	op5	4	1
1061	cond	28	4
1061	op0	24	1
1061	op1	20	2
1061	op2	10	2
1061	op3	6	1
1062	cond	28	4
1062	op0	24	2
1062	op1	10	2
1062	op2	4	1
1063	cond	28	4
1063	op0	24	3
1063	op1	20	1
1064	cond	28	4
1064	op0	25	1
1064	op1	20	5
1064	op2	7	1
1064	op3	5	2
1064	op4	4	1
1065	cond	28	4
1065	op0	25	1
1065	op1	4	1
1066	cond	28	4
1066	op0	25	3
1066	op1	4	1
1067	cond	28	4
1067	op0	7	15
1067	op1	4	1
1068	cond	8	4
1068	imm8	0	8
1068	op0	8	4
1069	firstcond	4	4
1069	mask	0	4
1069	op0	8	4
1069	op1	6	2
1069	op2	5	1
1069	op3	0	4
1070	flags	0	5
1070	op	5	1
1070	op0	8	4
1070	op1	6	2
1070	op2	5	1
1070	op3	0	4
1071	hint	4	4
1071	op0	26	1
1071	op1	22	4
1071	op2	20	2
1071	op3	12	3
1071	op4	8	3
1071	op5	5	1
1071	option	0	4
1072	hint	4	4
1072	op0	8	4
1072	op1	6	2
1072	op2	5	1
1072	op3	0	4
1073	imm1	3	1
1073	op0	8	4
1073	op1	6	2
1073	op2	5	1
1073	op3	0	4
1074	imm10	2	10
1074	imm4	16	4
1074	op0	26	1
1074	op1	22	4
1074	op2	20	2
1074	op3	12	3
1074	op4	8	3
1074	op5	5	1
1074	opt	0	2
1075	imm11	0	11
1075	op0	13	3
1075	op1	11	2
1076	imm12	0	12
1076	imm4	16	4
1076	o1	20	1
1076	o2	13	1
1076	op0	26	1
1076	op1	22	4
1076	op2	20	2
1076	op3	12	3
1076	op4	8	3
1076	op5	5	1
1077	imm16	0	16
1077	op0	29	2
1077	op1	16	9
1078	imm16	5	16
1078	op0	29	3
1078	op1	12	14
1078	op2	0	5
1078	op3	10	2
1078	opc	21	3
1079	imm26	0	26
1079	op	31	1
1079	op0	29	3
1079	op1	12	14
1079	op2	0	5
1079	op3	10	2
1080	imm6	0	6
1080	op0	8	4
1080	op1	6	2
1080	op2	5	1
1080	op3	0	4
1081	imm8	0	8
1081	op0	8	10
1081	op1	10	15
1081	op2	0	6
1082	imm8	0	8
1082	op0	8	4
1082	op1	6	2
1082	op2	5	1
1082	op3	0	4
1083	o2	11	1
1083	op	10	1
1083	op0	29	3
1083	op1	17	8
1083	op2	10	6
1083	op3	4	1
1084	o2	11	1
1084	op0	29	3
1084	op1	17	8
1084	op2	10	6
1084	op3	4	1
1085	op	22	1
1085	op0	29	3
1085	op1	17	8
1085	op2	10	6
1085	op3	4	1
1086	op0	10	1
1086	op1	8	2
1086	op2	5	3
1087	op0	10	2
1087	op1	0	4
1087	op2	0	6
1088	op0	10	2
1088	op1	17	8
1088	op2	10	6
1088	op3	4	1
1089	op0	10	3
1089	op1	17	8
1089	op2	10	6
1089	op3	4	1
1090	op0	10	5
1090	op1	17	8
1090	op2	10	6
1090	op3	4	1
1091	op0	10	6
1091	op1	17	8
1091	op2	10	6
1091	op3	4	1
1092	op0	10	6
1093	op0	11	3
1093	op1	9	1
1093	op2	10	6
1093	op3	4	1
1094	op0	12	1
1094	op1	17	8
1094	op2	10	6
1094	op3	4	1
1095	op0	12	2
1095	op1	10	2
1095	op2	0	4
1095	op3	4	1
1096	op0	13	1
1096	op1	11	2
1096	op2	10	1
1097	op0	13	2
1097	op1	17	8
1097	op2	10	6
1097	op3	4	1
1098	op0	13	3
1098	op1	17	8
1098	op2	10	6
1098	op3	4	1
1099	op0	14	1
1099	op1	17	8
1099	op2	10	6
1099	op3	4	1
1100	op0	15	1
1100	op1	17	8
1100	op2	10	6
1100	op3	4	1
1101	op0	16	1
1101	op1	6	1
1101	op2	1	1
1102	op0	16	2
1102	op1	5	2
1102	op2	0	2
1103	op0	16	2
1103	op1	6	1
1103	op2	1	1
1104	op0	16	3
1104	op1	14	2
1104	op2	5	1
1104	op3	2	2
1104	op4	6	1
1105	op0	16	3
1105	op1	17	8
1105	op2	10	6
1105	op3	4	1
1106	op0	16	4
1106	op1	11	3
1106	op2	9	2
1106	op3	5	4
1106	op4	4	1
1107	op0	16	5
1107	op1	11	3
1107	op2	5	6
1107	op3	3	1
1108	op0	17	1
1108	op1	15	2
1108	op2	14	1
1109	op0	17	4
1109	op1	11	3
1109	op2	10	6
1109	op3	4	1
1110	op0	17	4
1110	op1	13	1
1110	op2	10	6
1110	op3	4	1
1111	op0	18	1
1111	op1	11	1
1111	op2	10	6
1111	op3	4	1
1112	op0	18	1
1112	op1	16	2
1112	op2	9	3
1112	op3	5	4
1112	op4	0	5
1112	opc	22	2
1113	op0	18	1
1113	op1	16	2
1113	op2	9	3
1113	op3	5	4
1113	op4	0	5
1114	op0	18	1
1114	op1	17	8
1114	op2	10	6
1114	op3	4	1
1115	op0	18	3
1115	op1	16	2
1115	op2	10	3
1115	op3	5	5
1115	op4	0	1
1116	op0	18	3
1116	op1	17	8
1116	op2	10	6
1116	op3	4	1
1117	op0	19	2
1117	op1	10	3
1117	op2	6	4
1117	op3	4	1
1118	op0	19	2
1118	op1	16	1
1118	op2	10	6
1118	op3	4	1
1119	op0	19	2
1119	op1	16	3
1119	op2	9	1
1119	op3	4	1
1120	op0	19	2
1120	op1	17	8
1120	op2	10	6
1120	op3	4	1
1121	op0	20	1
1121	op1	11	3
1121	op2	10	6
1121	op3	4	1
1122	op0	20	1
1122	op1	17	3
1122	op2	16	1
1122	op3	13	1
1123	op0	20	3
1123	op1	15	1
1123	op2	1	1
1124	op0	20	3
1124	op1	15	1
1124	op2	2	1
1125	op0	20	4
1125	op1	6	1
1125	op2	10	2
1125	op3	4	1
1126	op0	21	1
1126	op1	3	1
1126	op2	0	6
1127	op0	21	2
1127	op1	17	8
1127	op2	10	6
1127	op3	4	1
1128	op0	21	2
1128	op1	20	1
1128	op2	10	6
1128	op3	4	1
1129	op0	21	2
1129	op1	20	1
1129	op2	13	3
1129	op3	4	1
1130	op0	21	3
1130	op1	8	3
1130	op2	10	2
1130	op3	4	1
1131	op0	21	4
1131	op1	16	5
1131	op2	15	1
1131	op3	10	5
1131	op4	2	3
1132	op0	21	4
1132	op1	20	1
1132	op2	16	4
1132	op3	5	3
1133	op0	21	4
1133	op1	9	2
1133	op2	10	2
1133	op3	4	1
1134	op0	22	1
1134	op1	10	3
1134	op2	2	3
1134	op3	1	1
1135	op0	22	1
1135	op1	10	3
1135	op2	23	1
1135	op3	4	1
1136	op0	22	1
1136	op1	14	5
1136	op2	5	1
1136	op3	0	2
1136	op4	6	1
1137	op0	22	1
1137	op1	17	8
1137	op2	10	6
1137	op3	4	1
1138	op0	22	1
1138	op1	19	2
1138	op2	17	2
1138	op3	10	3
1138	op4	5	1
1138	op5	2	3
1138	op6	1	1
1139	op0	22	1
1139	op1	19	2
1139	op2	17	2
1139	op3	10	3
1139	op4	5	2
1139	op5	2	3
1139	op6	1	1
1140	op0	22	2
1140	op1	10	3
1140	op2	1	1
1141	op0	22	2
1141	op1	11	2
1141	op2	4	3
1141	op3	3	1
1142	op0	22	2
1142	op1	11	2
1142	op2	5	1
1142	op3	3	2
1143	op0	22	2
1143	op1	12	1
1143	op2	2	3
1144	op0	22	2
1144	op1	16	3
1144	op2	10	2
1144	op3	5	1
1145	op0	22	2
1145	op1	16	5
1145	op2	9	4
1145	op3	4	1
1146	op0	22	2
1146	op1	18	1
1146	op2	15	2
1146	op3	10	3
1146	op4	5	2
1146	op5	3	1
1147	op0	22	2
1147	op1	18	1
1147	op2	15	2
1147	op3	10	3
1147	op4	8	2
1147	op5	0	2
1148	op0	22	2
1148	op1	18	2
1148	op2	10	6
1148	op3	4	1
1149	op0	22	2
1149	op1	18	3
1149	op2	16	2
1149	op3	5	2
1149	op4	0	2
1150	op0	22	2
1150	op1	20	1
1150	op2	10	6
1150	op3	4	1
1151	op0	22	3
1151	op1	20	2
1151	op2	14	1
1151	op3	4	1
1152	op0	22	3
1152	op1	21	1
1152	op2	10	6
1152	op3	4	1
1153	op0	23	1
1153	op1	10	2
1153	op3	15	1
1154	op0	23	1
1154	op1	10	4
1154	op2	10	6
1154	op3	4	1
1155	op0	23	1
1155	op1	11	1
1155	op2	10	6
1155	op3	4	1
1156	op0	23	1
1156	op1	12	4
1156	op2	4	4
1156	op3	15	1
1157	op0	23	1
1157	op1	13	1
1157	op2	10	6
1157	op3	4	1
1158	op0	23	1
1158	op1	16	4
1158	op2	9	1
1158	op3	4	1
1159	op0	23	1
1159	op1	17	2
1159	op2	16	1
1159	op3	13	2
1159	op4	10	1
1159	op5	5	1
1160	op0	23	1
1160	op1	17	2
1160	op2	4	1
1161	op0	23	1
1161	op1	4	1
1161	op2	10	2
1161	op3	4	1
1162	op0	23	2
1162	op1	20	1
1162	op2	16	4
1162	op3	6	6
1163	op0	23	2
1163	op1	21	2
1163	op2	13	3
1163	op3	4	1
1164	op0	23	3
1164	op1	16	6
1164	op2	10	1
1164	op3	8	2
1164	op4	6	1
1164	op5	4	1
1165	op0	24	1
1165	op1	21	1
1165	op2	15	1
1165	op3	13	1
1165	op4	3	1
1165	op5	1	1
1166	op0	24	1
1166	op1	21	1
1166	op2	15	1
1166	op3	3	2
1166	op4	1	1
1167	op0	24	1
1167	op1	21	1
1167	op2	4	1
1167	op3	1	1
1168	op0	24	1
1168	op1	21	1
1168	op2	4	1
1169	op0	24	1
1169	op1	21	2
1169	op3	15	1
1170	op0	25	4
1170	op1	20	5
1170	op3	15	1
1171	op0	26	1
1171	op1	22	4
1171	op2	20	2
1171	op3	12	3
1171	op4	8	3
1171	op5	5	1
1171	opc	4	4
1171	option	0	4
1172	op0	26	1
1172	op1	22	4
1172	op2	20	2
1172	op3	12	3
1172	op4	8	3
1172	op5	5	1
1173	op0	28	1
1173	op1	20	2
1173	op2	10	2
1173	op3	6	1
1174	op0	28	1
1174	op1	24	2
1174	op2	10	2
1174	op3	4	1
1175	op0	28	4
1175	op1	23	2
1175	op2	19	4
1175	op3	10	9
1176	op0	28	4
1176	op1	26	1
1176	op2	10	15
1177	op0	29	1
1177	op1	24	1
1177	op2	21	1
1178	op0	29	2
1178	op1	10	15
1178	op2	0	6
1179	op0	29	2
1179	op1	16	9
1180	op0	29	2
1180	op1	22	4
1181	op0	29	3
1181	op1	12	14
1181	op2	0	5
1181	op3	10	2
1182	op0	29	3
1182	op1	17	8
1182	op2	10	6
1182	op3	4	1
1183	op0	29	3
1183	op1	27	2
1184	op0	3	10
1184	op1	10	15
1184	op2	0	6
1185	op0	30	1
1185	op1	28	1
1185	op2	21	4
1185	op3	10	6
1186	op0	31	1
1186	op1	25	4
1187	op0	4	14
1187	op1	10	15
1187	op2	0	6
1187	opc	0	4
1188	op0	5	5
1188	op1	10	15
1188	op2	0	6
1189	op0	6	2
1189	op1	20	3
1189	op3	15	1
1190	op0	7	15
1190	op1	4	1
1190	op2	10	2
1190	op3	4	1
1191	op0	7	3
1191	op1	10	15
1191	op2	0	6
1192	op0	8	10
1192	op1	10	15
1192	op2	0	6
1193	op0	8	2
1194	op0	8	4
1194	op1	6	2
1194	op2	5	1
1194	op3	0	4
1195	op0	8	4
1196	op0	9	1
1196	op1	17	8
1196	op2	10	6
1196	op3	4	1
