alias_index	leaf_index	form_id	internal_name	mnemonic	assembly_template	operation_id	condition_program_id	preferred_program_id	condition_digest	preferred_digest	source_form_id
0	22	23	A1B	LDRD	LDRD<rule:cond_choice><rule:qw_option_choice><rule:SPACE><rule:Rt__3><rule:COMMA><rule:Rt2__2><rule:COMMA>[PC<rule:COMMA><rule:hash><rule:plus_or_minus_option><rule:imm4H_imm4L__2>]	LDRD_l	169	0	a3b54a0855bf9c68cc0a68335fdb749b2008892f9fff366cbb06b3dc875a6ada	850f8e42ca7684e4cadd817bea33cd2105d151a5bf077b3f35a6ed77d5b639bd	A32/dp/xldst/ldstximm/LDRD_l_A1
1	23	24	A1B	LDRH	LDRH<rule:cond_choice><rule:qw_option_choice><rule:SPACE><rule:Rt><rule:COMMA>[PC<rule:COMMA><rule:hash><rule:plus_or_minus_option><rule:imm4H_imm4L__2>]	LDRH_l	201	0	24b45cc568ec3338f38cf12cb056edb8a658aee46c035d7893bb2860fb823de5	850f8e42ca7684e4cadd817bea33cd2105d151a5bf077b3f35a6ed77d5b639bd	A32/dp/xldst/ldstximm/LDRH_l_A1
2	24	25	A1B	LDRSB	LDRSB<rule:cond_choice><rule:qw_option_choice><rule:SPACE><rule:Rt><rule:COMMA>[PC<rule:COMMA><rule:hash><rule:plus_or_minus_option><rule:imm4H_imm4L__2>]	LDRSB_l	201	0	24b45cc568ec3338f38cf12cb056edb8a658aee46c035d7893bb2860fb823de5	850f8e42ca7684e4cadd817bea33cd2105d151a5bf077b3f35a6ed77d5b639bd	A32/dp/xldst/ldstximm/LDRSB_l_A1
3	25	26	A1B	LDRSH	LDRSH<rule:cond_choice><rule:qw_option_choice><rule:SPACE><rule:Rt><rule:COMMA>[PC<rule:COMMA><rule:hash><rule:plus_or_minus_option><rule:imm4H_imm4L__2>]	LDRSH_l	201	0	24b45cc568ec3338f38cf12cb056edb8a658aee46c035d7893bb2860fb823de5	850f8e42ca7684e4cadd817bea33cd2105d151a5bf077b3f35a6ed77d5b639bd	A32/dp/xldst/ldstximm/LDRSH_l_A1
4	175	176	RRX	RRX	RRX<rule:cond_choice><rule:qw_option_choice><rule:SPACE><rule:rd_choice__14><rule:Rm__7>	RRX_MOV_r	191	1	7cc9fa055b62d1bbb6054b9ce756d95617af9fe97918ad6c8901480c7d3a7afc	3f3e8c0ebb34eeb59b973d8c6b666af50137c2d7825c63003348002d7b0a1d8f	A32/dp/dpregis/logic3reg_immsh/MOV_r_A1_RRX
5	176	177	LSR	LSR	LSR<rule:cond_choice><rule:qw_option_choice><rule:SPACE><rule:rd_choice__14><rule:Rm__7><rule:COMMA><rule:hash><rule:imm__11>	LSR_MOV_r	174	1	2cdfa868ef5247b6c0f65d8e0663719e100f13f18a9e503743f6e412eea4703d	3f3e8c0ebb34eeb59b973d8c6b666af50137c2d7825c63003348002d7b0a1d8f	A32/dp/dpregis/logic3reg_immsh/MOV_r_A1
6	176	177	LSL	LSL	LSL<rule:cond_choice><rule:qw_option_choice><rule:SPACE><rule:rd_choice__14><rule:Rm__7><rule:COMMA><rule:hash><rule:imm__10>	LSL_MOV_r	176	1	a622d009020c68084d3163cb67b309a8450f78951441d8172731b88ccf1a678c	3f3e8c0ebb34eeb59b973d8c6b666af50137c2d7825c63003348002d7b0a1d8f	A32/dp/dpregis/logic3reg_immsh/MOV_r_A1
7	176	177	ASR	ASR	ASR<rule:cond_choice><rule:qw_option_choice><rule:SPACE><rule:rd_choice__14><rule:Rm__7><rule:COMMA><rule:hash><rule:imm__7>	ASR_MOV_r	175	1	0054b31696def4896360f30eaa46f21eb1a343e9a74fcfdf19fde53648ace273	3f3e8c0ebb34eeb59b973d8c6b666af50137c2d7825c63003348002d7b0a1d8f	A32/dp/dpregis/logic3reg_immsh/MOV_r_A1
8	176	177	ROR	ROR	ROR<rule:cond_choice><rule:qw_option_choice><rule:SPACE><rule:rd_choice__14><rule:Rm__7><rule:COMMA><rule:hash><rule:imm__9>	ROR_MOV_r	177	1	db9350418f22a47ee1bfeb45fb2c6fe700ceae729fe247c09dee6240f34ab235	3f3e8c0ebb34eeb59b973d8c6b666af50137c2d7825c63003348002d7b0a1d8f	A32/dp/dpregis/logic3reg_immsh/MOV_r_A1
9	177	178	RRXS	RRXS	RRXS<rule:cond_choice><rule:qw_option_choice><rule:SPACE><rule:rd_choice__13><rule:Rm__7>	RRXS_MOV_r	196	1	e6cb07e5b374e375ad5518d7c0158432a0d49efdb841abbfa8f4e72e17c9e9ba	3f3e8c0ebb34eeb59b973d8c6b666af50137c2d7825c63003348002d7b0a1d8f	A32/dp/dpregis/logic3reg_immsh/MOVS_r_A1_RRX
10	178	179	ASRS	ASRS	ASRS<rule:cond_choice><rule:qw_option_choice><rule:SPACE><rule:rd_choice__13><rule:Rm__7><rule:COMMA><rule:hash><rule:imm__7>	ASRS_MOV_r	179	1	79eae49490863f4a1c3fe2ab374b4cc5f8062cbf3ffd81b67446900a0f115cfd	3f3e8c0ebb34eeb59b973d8c6b666af50137c2d7825c63003348002d7b0a1d8f	A32/dp/dpregis/logic3reg_immsh/MOVS_r_A1
11	178	179	RORS	RORS	RORS<rule:cond_choice><rule:qw_option_choice><rule:SPACE><rule:rd_choice__13><rule:Rm__7><rule:COMMA><rule:hash><rule:imm__9>	RORS_MOV_r	181	1	8eea5a0b953ac28e34841257de237152d739164c6fa2c0b28e9be63d42681ee6	3f3e8c0ebb34eeb59b973d8c6b666af50137c2d7825c63003348002d7b0a1d8f	A32/dp/dpregis/logic3reg_immsh/MOVS_r_A1
12	178	179	LSLS	LSLS	LSLS<rule:cond_choice><rule:qw_option_choice><rule:SPACE><rule:rd_choice__13><rule:Rm__7><rule:COMMA><rule:hash><rule:imm__10>	LSLS_MOV_r	180	1	909e233f461b6f63e83acce6a050b814b250911f40c0c007ce4a33aa3b4e2e55	3f3e8c0ebb34eeb59b973d8c6b666af50137c2d7825c63003348002d7b0a1d8f	A32/dp/dpregis/logic3reg_immsh/MOVS_r_A1
13	178	179	LSRS	LSRS	LSRS<rule:cond_choice><rule:qw_option_choice><rule:SPACE><rule:rd_choice__13><rule:Rm__7><rule:COMMA><rule:hash><rule:imm__11>	LSRS_MOV_r	178	1	7b708e9a66b4e03264f4ea760131067537822db8a2ba54e09abf2ffdc037d76e	3f3e8c0ebb34eeb59b973d8c6b666af50137c2d7825c63003348002d7b0a1d8f	A32/dp/dpregis/logic3reg_immsh/MOVS_r_A1
14	209	210	ASRS	ASRS	ASRS<rule:cond_choice><rule:qw_option_choice><rule:SPACE><rule:rd_choice><rule:Rm__3><rule:COMMA><rule:Rs__3>	ASRS_MOV_rr	194	1	4c2b103ec0479bcf7f37123795298d7a3d2f117f51d92a0c151a274f2afea909	3f3e8c0ebb34eeb59b973d8c6b666af50137c2d7825c63003348002d7b0a1d8f	A32/dp/dpregrs/logic3reg_regsh/MOVS_rr_A1
15	209	210	RORS	RORS	RORS<rule:cond_choice><rule:qw_option_choice><rule:SPACE><rule:rd_choice><rule:Rm__3><rule:COMMA><rule:Rs__4>	RORS_MOV_rr	195	1	45e738c32fad6ff2821943a45ff0d8a750f643fd28bf2e67cfd88a5f924ade21	3f3e8c0ebb34eeb59b973d8c6b666af50137c2d7825c63003348002d7b0a1d8f	A32/dp/dpregrs/logic3reg_regsh/MOVS_rr_A1
16	209	210	LSRS	LSRS	LSRS<rule:cond_choice><rule:qw_option_choice><rule:SPACE><rule:rd_choice><rule:Rm__3><rule:COMMA><rule:Rs__3>	LSRS_MOV_rr	193	1	005d458fe0321b7458ae5712dd6c221691e14e3012df51b2a8c942f1730d603b	3f3e8c0ebb34eeb59b973d8c6b666af50137c2d7825c63003348002d7b0a1d8f	A32/dp/dpregrs/logic3reg_regsh/MOVS_rr_A1
17	209	210	LSLS	LSLS	LSLS<rule:cond_choice><rule:qw_option_choice><rule:SPACE><rule:rd_choice><rule:Rm__3><rule:COMMA><rule:Rs__3>	LSLS_MOV_rr	192	1	723d3feebeaff59a07b28c2d476e83eeadc61c110068ab20d18975145335aaff	3f3e8c0ebb34eeb59b973d8c6b666af50137c2d7825c63003348002d7b0a1d8f	A32/dp/dpregrs/logic3reg_regsh/MOVS_rr_A1
18	210	211	ROR	ROR	ROR<rule:cond_choice><rule:qw_option_choice><rule:SPACE><rule:rd_choice><rule:Rm__3><rule:COMMA><rule:Rs__4>	ROR_MOV_rr	190	1	d5841360901961973f70b76fec95e133674c375bfc8c9f868f376f9ba4ead329	3f3e8c0ebb34eeb59b973d8c6b666af50137c2d7825c63003348002d7b0a1d8f	A32/dp/dpregrs/logic3reg_regsh/MOV_rr_A1
19	210	211	ASR	ASR	ASR<rule:cond_choice><rule:qw_option_choice><rule:SPACE><rule:rd_choice><rule:Rm__3><rule:COMMA><rule:Rs__3>	ASR_MOV_rr	189	1	13b0b3b1a23ee5509c182bb7e2d68313232d50d1e101bb71b3b0c753ea908164	3f3e8c0ebb34eeb59b973d8c6b666af50137c2d7825c63003348002d7b0a1d8f	A32/dp/dpregrs/logic3reg_regsh/MOV_rr_A1
20	210	211	LSL	LSL	LSL<rule:cond_choice><rule:qw_option_choice><rule:SPACE><rule:rd_choice><rule:Rm__3><rule:COMMA><rule:Rs__3>	LSL_MOV_rr	187	1	de39bea8aa3d1ed25e003e50193b35a794583f01ae30f71960346662099e1522	3f3e8c0ebb34eeb59b973d8c6b666af50137c2d7825c63003348002d7b0a1d8f	A32/dp/dpregrs/logic3reg_regsh/MOV_rr_A1
21	210	211	LSR	LSR	LSR<rule:cond_choice><rule:qw_option_choice><rule:SPACE><rule:rd_choice><rule:Rm__3><rule:COMMA><rule:Rs__3>	LSR_MOV_rr	188	1	90a35d21d7dce9acd513bab12553f4d78706c67783acdce0f3174fce26cf0465	3f3e8c0ebb34eeb59b973d8c6b666af50137c2d7825c63003348002d7b0a1d8f	A32/dp/dpregrs/logic3reg_regsh/MOV_rr_A1
22	223	224	SUB	SUB	SUB<rule:cond_choice><rule:qw_option_choice><rule:SPACE><rule:Rd__23><rule:COMMA>PC<rule:COMMA><rule:hash><rule:const__15>	SUB_ADR	169	10	a3b54a0855bf9c68cc0a68335fdb749b2008892f9fff366cbb06b3dc875a6ada	19e67cbf4fb3cadddf7ae850457e5e5cd7650f99b1d3f991f3cb6386711372f2	A32/dp/dpimm/intdp2reg_imm/ADR_A2
23	230	231	ADD	ADD	ADD<rule:cond_choice><rule:qw_option_choice><rule:SPACE><rule:Rd__23><rule:COMMA>PC<rule:COMMA><rule:hash><rule:const__15>	ADD_ADR	169	0	a3b54a0855bf9c68cc0a68335fdb749b2008892f9fff366cbb06b3dc875a6ada	850f8e42ca7684e4cadd817bea33cd2105d151a5bf077b3f35a6ed77d5b639bd	A32/dp/dpimm/intdp2reg_imm/ADR_A1
24	237	238	A2B	MOVW	MOVW<rule:cond_choice><rule:qw_option_choice><rule:SPACE><rule:Rd__25><rule:COMMA><rule:hash><rule:imm4_imm12>	MOV_i	169	100	a3b54a0855bf9c68cc0a68335fdb749b2008892f9fff366cbb06b3dc875a6ada	6d4fd9a8b8f725b6cb56bd4cd617abedd8471eac33e0ebfb3717d13e52a18160	A32/dp/dpimm/movw/MOV_i_A2
25	263	264	A1B	LDR	LDR<rule:cond_choice><rule:qw_option_choice><rule:SPACE><rule:Rt__5><rule:COMMA>[PC<rule:COMMA><rule:hash><rule:plus_or_minus_option><rule:imm__25>]	LDR_l	201	0	24b45cc568ec3338f38cf12cb056edb8a658aee46c035d7893bb2860fb823de5	850f8e42ca7684e4cadd817bea33cd2105d151a5bf077b3f35a6ed77d5b639bd	A32/ldstimm/LDR_l_A1
26	264	265	A1B	LDRB	LDRB<rule:cond_choice><rule:qw_option_choice><rule:SPACE><rule:Rt><rule:COMMA>[PC<rule:COMMA><rule:hash><rule:plus_or_minus_option><rule:imm__25>]	LDRB_l	201	0	24b45cc568ec3338f38cf12cb056edb8a658aee46c035d7893bb2860fb823de5	850f8e42ca7684e4cadd817bea33cd2105d151a5bf077b3f35a6ed77d5b639bd	A32/ldstimm/LDRB_l_A1
27	267	268	PUSH	PUSH	PUSH<rule:cond_choice><rule:qw_option_choice><rule:SPACE><rule:single_register_list>	PUSH_STR_i	204	1	81d86f32c2dddff6e413b188ee68dfbde94222bd1957975626edce5e62784a64	3f3e8c0ebb34eeb59b973d8c6b666af50137c2d7825c63003348002d7b0a1d8f	A32/ldstimm/STR_i_A1_pre
28	269	270	POP	POP	POP<rule:cond_choice><rule:qw_option_choice><rule:SPACE><rule:single_register_list__2>	POP_LDR_i	185	1	5016d6f12c887e06b8a1c0c33caab6f98e6296ccaddc7490d7ac26ee4a50e350	3f3e8c0ebb34eeb59b973d8c6b666af50137c2d7825c63003348002d7b0a1d8f	A32/ldstimm/LDR_i_A1_post
29	385	386	A1B	RFEFA	RFEFA<rule:al_option_choice><rule:qw_option_choice><rule:SPACE><rule:Rn__12><rule:bang_choice>	RFE	1	0	3f3e8c0ebb34eeb59b973d8c6b666af50137c2d7825c63003348002d7b0a1d8f	850f8e42ca7684e4cadd817bea33cd2105d151a5bf077b3f35a6ed77d5b639bd	A32/brblk/ldstexcept/RFEDA_A1_AS
30	386	387	A1B	RFEEA	RFEEA<rule:al_option_choice><rule:qw_option_choice><rule:SPACE><rule:Rn__12><rule:bang_choice>	RFE	1	0	3f3e8c0ebb34eeb59b973d8c6b666af50137c2d7825c63003348002d7b0a1d8f	850f8e42ca7684e4cadd817bea33cd2105d151a5bf077b3f35a6ed77d5b639bd	A32/brblk/ldstexcept/RFEDB_A1_AS
31	387	388	A1B	RFEFD	RFEFD<rule:al_option_choice><rule:qw_option_choice><rule:SPACE><rule:Rn__12><rule:bang_choice>	RFE	1	0	3f3e8c0ebb34eeb59b973d8c6b666af50137c2d7825c63003348002d7b0a1d8f	850f8e42ca7684e4cadd817bea33cd2105d151a5bf077b3f35a6ed77d5b639bd	A32/brblk/ldstexcept/RFEIA_A1_AS
32	388	389	A1B	RFEED	RFEED<rule:al_option_choice><rule:qw_option_choice><rule:SPACE><rule:Rn__12><rule:bang_choice>	RFE	1	0	3f3e8c0ebb34eeb59b973d8c6b666af50137c2d7825c63003348002d7b0a1d8f	850f8e42ca7684e4cadd817bea33cd2105d151a5bf077b3f35a6ed77d5b639bd	A32/brblk/ldstexcept/RFEIB_A1_AS
33	393	394	A1B	STMED	STMED<rule:cond_choice><rule:qw_option_choice><rule:SPACE><rule:Rn__12><rule:bang_choice><rule:COMMA><rule:registers__1>	STMDA	169	0	a3b54a0855bf9c68cc0a68335fdb749b2008892f9fff366cbb06b3dc875a6ada	850f8e42ca7684e4cadd817bea33cd2105d151a5bf077b3f35a6ed77d5b639bd	A32/brblk/ldstm/STMDA_A1
34	394	395	A1B	LDMFA	LDMFA<rule:cond_choice><rule:qw_option_choice><rule:SPACE><rule:Rn__12><rule:bang_choice><rule:COMMA><rule:registers__2>	LDMDA	169	0	a3b54a0855bf9c68cc0a68335fdb749b2008892f9fff366cbb06b3dc875a6ada	850f8e42ca7684e4cadd817bea33cd2105d151a5bf077b3f35a6ed77d5b639bd	A32/brblk/ldstm/LDMDA_A1
35	395	396	A1B	STMEA	STMEA<rule:cond_choice><rule:qw_option_choice><rule:SPACE><rule:Rn__12><rule:bang_choice><rule:COMMA><rule:registers__3>	STM	169	0	a3b54a0855bf9c68cc0a68335fdb749b2008892f9fff366cbb06b3dc875a6ada	850f8e42ca7684e4cadd817bea33cd2105d151a5bf077b3f35a6ed77d5b639bd	A32/brblk/ldstm/STM_A1
36	396	397	A1B	LDMFD	LDMFD<rule:cond_choice><rule:qw_option_choice><rule:SPACE><rule:Rn__12><rule:bang_choice__2><rule:COMMA><rule:registers__4>	LDM	169	0	a3b54a0855bf9c68cc0a68335fdb749b2008892f9fff366cbb06b3dc875a6ada	850f8e42ca7684e4cadd817bea33cd2105d151a5bf077b3f35a6ed77d5b639bd	A32/brblk/ldstm/LDM_A1
37	396	397	POP	POP	POP<rule:cond_choice><rule:qw_option_choice><rule:SPACE><rule:registers__5>	POP_LDM	197	11	c91a2003a56b5adad16c2131f5c0f5ef5b723f35e4cc769f1d63bffb632c1b97	19884134700bb2410292b2185c63e4ecb1883d504f706fd17e7b04ce48cbd9d7	A32/brblk/ldstm/LDM_A1
38	398	399	PUSH	PUSH	PUSH<rule:cond_choice><rule:qw_option_choice><rule:SPACE><rule:registers__7>	PUSH_STMDB	197	11	c91a2003a56b5adad16c2131f5c0f5ef5b723f35e4cc769f1d63bffb632c1b97	19884134700bb2410292b2185c63e4ecb1883d504f706fd17e7b04ce48cbd9d7	A32/brblk/ldstm/STMDB_A1
39	398	399	A1B	STMFD	STMFD<rule:cond_choice><rule:qw_option_choice><rule:SPACE><rule:Rn__12><rule:bang_choice><rule:COMMA><rule:registers__3>	STMDB	169	0	a3b54a0855bf9c68cc0a68335fdb749b2008892f9fff366cbb06b3dc875a6ada	850f8e42ca7684e4cadd817bea33cd2105d151a5bf077b3f35a6ed77d5b639bd	A32/brblk/ldstm/STMDB_A1
40	399	400	A1B	LDMEA	LDMEA<rule:cond_choice><rule:qw_option_choice><rule:SPACE><rule:Rn__12><rule:bang_choice><rule:COMMA><rule:registers__4>	LDMDB	169	0	a3b54a0855bf9c68cc0a68335fdb749b2008892f9fff366cbb06b3dc875a6ada	850f8e42ca7684e4cadd817bea33cd2105d151a5bf077b3f35a6ed77d5b639bd	A32/brblk/ldstm/LDMDB_A1
41	401	402	A1B	STMFA	STMFA<rule:cond_choice><rule:qw_option_choice><rule:SPACE><rule:Rn__12><rule:bang_choice><rule:COMMA><rule:registers__1>	STMIB	169	0	a3b54a0855bf9c68cc0a68335fdb749b2008892f9fff366cbb06b3dc875a6ada	850f8e42ca7684e4cadd817bea33cd2105d151a5bf077b3f35a6ed77d5b639bd	A32/brblk/ldstm/STMIB_A1
42	402	403	A1B	LDMED	LDMED<rule:cond_choice><rule:qw_option_choice><rule:SPACE><rule:Rn__12><rule:bang_choice><rule:COMMA><rule:registers__2>	LDMIB	169	0	a3b54a0855bf9c68cc0a68335fdb749b2008892f9fff366cbb06b3dc875a6ada	850f8e42ca7684e4cadd817bea33cd2105d151a5bf077b3f35a6ed77d5b639bd	A32/brblk/ldstm/LDMIB_A1
43	498	499	VPUSH	VPUSH	VPUSH<rule:cond_choice><rule:qw_option_choice><rule:dot_vstm_size_choice><rule:SPACE><rule:registers__10>	VPUSH_VSTM	205	1	39c4236ca3f174d43d728985c620554bcaa9fed5e6e5b1941946cc212d672ad6	3f3e8c0ebb34eeb59b973d8c6b666af50137c2d7825c63003348002d7b0a1d8f	A32/cops_as/sysldst_mov64/ldstsimdfp/VSTMDB_A2
44	499	500	A2B	VSTMIA	VSTMIA<rule:cond_choice><rule:qw_option_choice><rule:dot_vstm_size_choice><rule:SPACE><rule:Rn__29><rule:bang_choice__3><rule:COMMA><rule:registers__10>	VSTM	169	0	a3b54a0855bf9c68cc0a68335fdb749b2008892f9fff366cbb06b3dc875a6ada	850f8e42ca7684e4cadd817bea33cd2105d151a5bf077b3f35a6ed77d5b639bd	A32/cops_as/sysldst_mov64/ldstsimdfp/VSTM_A2
45	500	501	VPUSH	VPUSH	VPUSH<rule:cond_choice><rule:qw_option_choice><rule:dot_vstm_size_choice><rule:SPACE><rule:registers__11>	VPUSH_VSTM	205	1	39c4236ca3f174d43d728985c620554bcaa9fed5e6e5b1941946cc212d672ad6	3f3e8c0ebb34eeb59b973d8c6b666af50137c2d7825c63003348002d7b0a1d8f	A32/cops_as/sysldst_mov64/ldstsimdfp/VSTMDB_A1
46	501	502	A1B	VSTMIA	VSTMIA<rule:cond_choice><rule:qw_option_choice><rule:dot_vstm_size_choice><rule:SPACE><rule:Rn__29><rule:bang_choice__3><rule:COMMA><rule:registers__11>	VSTM	169	0	a3b54a0855bf9c68cc0a68335fdb749b2008892f9fff366cbb06b3dc875a6ada	850f8e42ca7684e4cadd817bea33cd2105d151a5bf077b3f35a6ed77d5b639bd	A32/cops_as/sysldst_mov64/ldstsimdfp/VSTM_A1
47	505	506	A2B	VLDMIA	VLDMIA<rule:cond_choice><rule:qw_option_choice><rule:dot_vstm_size_choice><rule:SPACE><rule:Rn__30><rule:bang_choice__3><rule:COMMA><rule:registers__10>	VLDM	169	0	a3b54a0855bf9c68cc0a68335fdb749b2008892f9fff366cbb06b3dc875a6ada	850f8e42ca7684e4cadd817bea33cd2105d151a5bf077b3f35a6ed77d5b639bd	A32/cops_as/sysldst_mov64/ldstsimdfp/VLDM_A2
48	505	506	VPOP	VPOP	VPOP<rule:cond_choice><rule:qw_option_choice><rule:dot_vstm_size_choice><rule:SPACE><rule:registers__10>	VPOP_VLDM	203	1	05f1bd5296867ab30658a3bb8a39dd3c960ae7b8f9c9f2cd39bd422431502295	3f3e8c0ebb34eeb59b973d8c6b666af50137c2d7825c63003348002d7b0a1d8f	A32/cops_as/sysldst_mov64/ldstsimdfp/VLDM_A2
49	507	508	A1B	VLDMIA	VLDMIA<rule:cond_choice><rule:qw_option_choice><rule:dot_vstm_size_choice><rule:SPACE><rule:Rn__30><rule:bang_choice__3><rule:COMMA><rule:registers__11>	VLDM	169	0	a3b54a0855bf9c68cc0a68335fdb749b2008892f9fff366cbb06b3dc875a6ada	850f8e42ca7684e4cadd817bea33cd2105d151a5bf077b3f35a6ed77d5b639bd	A32/cops_as/sysldst_mov64/ldstsimdfp/VLDM_A1
50	507	508	VPOP	VPOP	VPOP<rule:cond_choice><rule:qw_option_choice><rule:dot_vstm_size_choice><rule:SPACE><rule:registers__11>	VPOP_VLDM	203	1	05f1bd5296867ab30658a3bb8a39dd3c960ae7b8f9c9f2cd39bd422431502295	3f3e8c0ebb34eeb59b973d8c6b666af50137c2d7825c63003348002d7b0a1d8f	A32/cops_as/sysldst_mov64/ldstsimdfp/VLDM_A1
51	516	517	A1B	VLDR	VLDR<rule:cond_choice><rule:qw_option_choice><rule:DOT>16<rule:SPACE><rule:Vd_D><rule:COMMA>[PC<rule:COMMA><rule:hash><rule:plus_or_minus_option><rule:imm__96>]	VLDR_l	210	0	8347c0620478aaf1f69a241bff60b0299127c09175134bd031a268c616ee6295	850f8e42ca7684e4cadd817bea33cd2105d151a5bf077b3f35a6ed77d5b639bd	A32/cops_as/sysldst_mov64/ldstsimdfp/VLDR_l_A1_H
52	517	518	A1B	VLDR	VLDR<rule:cond_choice><rule:qw_option_choice><rule:dot_32_choice><rule:SPACE><rule:Vd_D><rule:COMMA>[PC<rule:COMMA><rule:hash><rule:plus_or_minus_option><rule:imm__97>]	VLDR_l	169	0	a3b54a0855bf9c68cc0a68335fdb749b2008892f9fff366cbb06b3dc875a6ada	850f8e42ca7684e4cadd817bea33cd2105d151a5bf077b3f35a6ed77d5b639bd	A32/cops_as/sysldst_mov64/ldstsimdfp/VLDR_l_A1_S
53	518	519	A1B	VLDR	VLDR<rule:cond_choice><rule:qw_option_choice><rule:dot_64_choice><rule:SPACE><rule:D_Vd><rule:COMMA>[PC<rule:COMMA><rule:hash><rule:plus_or_minus_option><rule:imm__97>]	VLDR_l	169	0	a3b54a0855bf9c68cc0a68335fdb749b2008892f9fff366cbb06b3dc875a6ada	850f8e42ca7684e4cadd817bea33cd2105d151a5bf077b3f35a6ed77d5b639bd	A32/cops_as/sysldst_mov64/ldstsimdfp/VLDR_l_A1_D
54	519	520	A1B	LDC	LDC<rule:cond_choice><rule:qw_option_choice><rule:SPACE>p14<rule:COMMA>c5<rule:COMMA>[PC<rule:COMMA><rule:hash><rule:plus_or_minus_option><rule:imm__100>]	LDC_l	202	0	2f9f1e4522686a73b4ee4ad219f928211382131e49f56a9aef35e2f379c527a6	850f8e42ca7684e4cadd817bea33cd2105d151a5bf077b3f35a6ed77d5b639bd	A32/cops_as/sysldst_mov64/ldstcp/LDC_l_A1
55	519	520	A1C	LDC	LDC<rule:cond_choice><rule:qw_option_choice><rule:SPACE>p14<rule:COMMA>c5<rule:COMMA>[PC]<rule:COMMA><rule:option__5>	LDC_l	202	0	2f9f1e4522686a73b4ee4ad219f928211382131e49f56a9aef35e2f379c527a6	850f8e42ca7684e4cadd817bea33cd2105d151a5bf077b3f35a6ed77d5b639bd	A32/cops_as/sysldst_mov64/ldstcp/LDC_l_A1
56	682	683	VCLT	VCLT	VCLT<rule:al_option_choice__3><rule:qw_option_choice><rule:DOT><rule:dt_option__10><rule:SPACE><rule:d_vd_choice><rule:N_Vn><rule:COMMA><rule:M_Vm>	VCLT_VCGT_r	1	0	3f3e8c0ebb34eeb59b973d8c6b666af50137c2d7825c63003348002d7b0a1d8f	850f8e42ca7684e4cadd817bea33cd2105d151a5bf077b3f35a6ed77d5b639bd	A32/uncond_as/advsimddp/simd3reg_same/VCGT_r_A1_D
57	683	684	VCLT	VCLT	VCLT<rule:al_option_choice__3><rule:qw_option_choice><rule:DOT><rule:dt_option__10><rule:SPACE><rule:d_vd_choice__2><rule:N_Vn__2><rule:COMMA><rule:M_Vm__5>	VCLT_VCGT_r	1	0	3f3e8c0ebb34eeb59b973d8c6b666af50137c2d7825c63003348002d7b0a1d8f	850f8e42ca7684e4cadd817bea33cd2105d151a5bf077b3f35a6ed77d5b639bd	A32/uncond_as/advsimddp/simd3reg_same/VCGT_r_A1_Q
58	684	685	VCLE	VCLE	VCLE<rule:al_option_choice__3><rule:qw_option_choice><rule:DOT><rule:dt_option__10><rule:SPACE><rule:d_vd_choice><rule:N_Vn><rule:COMMA><rule:M_Vm>	VCLE_VCGE_r	1	0	3f3e8c0ebb34eeb59b973d8c6b666af50137c2d7825c63003348002d7b0a1d8f	850f8e42ca7684e4cadd817bea33cd2105d151a5bf077b3f35a6ed77d5b639bd	A32/uncond_as/advsimddp/simd3reg_same/VCGE_r_A1_D
59	685	686	VCLE	VCLE	VCLE<rule:al_option_choice__3><rule:qw_option_choice><rule:DOT><rule:dt_option__10><rule:SPACE><rule:d_vd_choice__2><rule:N_Vn__2><rule:COMMA><rule:M_Vm__5>	VCLE_VCGE_r	1	0	3f3e8c0ebb34eeb59b973d8c6b666af50137c2d7825c63003348002d7b0a1d8f	850f8e42ca7684e4cadd817bea33cd2105d151a5bf077b3f35a6ed77d5b639bd	A32/uncond_as/advsimddp/simd3reg_same/VCGE_r_A1_Q
60	701	702	VRSHR	VRSHR	VRSHR<rule:al_option_choice__3><rule:qw_option_choice><rule:DOT><rule:dt__3><rule:SPACE><rule:D_Vd><rule:COMMA><rule:N_Vn_M_Vm__2><rule:COMMA><rule:hash>0	VRSHR_VORR_r	1	0	3f3e8c0ebb34eeb59b973d8c6b666af50137c2d7825c63003348002d7b0a1d8f	850f8e42ca7684e4cadd817bea33cd2105d151a5bf077b3f35a6ed77d5b639bd	A32/uncond_as/advsimddp/simd3reg_same/VORR_r_A1_D
61	701	702	VSHR	VSHR	VSHR<rule:al_option_choice__3><rule:qw_option_choice><rule:DOT><rule:dt__3><rule:SPACE><rule:D_Vd><rule:COMMA><rule:N_Vn_M_Vm__2><rule:COMMA><rule:hash>0	VSHR_VORR_r	1	0	3f3e8c0ebb34eeb59b973d8c6b666af50137c2d7825c63003348002d7b0a1d8f	850f8e42ca7684e4cadd817bea33cd2105d151a5bf077b3f35a6ed77d5b639bd	A32/uncond_as/advsimddp/simd3reg_same/VORR_r_A1_D
62	701	702	VMOV	VMOV	VMOV<rule:al_option_choice__3><rule:qw_option_choice><rule:dot_dt_choice__3><rule:SPACE><rule:D_Vd><rule:COMMA><rule:N_Vn_M_Vm__2>	VMOV_VORR_r	1	26	3f3e8c0ebb34eeb59b973d8c6b666af50137c2d7825c63003348002d7b0a1d8f	b09395c21abb1b6b752de44d9716dee1b9b3b86fe0427313cae219a55977c313	A32/uncond_as/advsimddp/simd3reg_same/VORR_r_A1_D
63	702	703	VRSHR	VRSHR	VRSHR<rule:al_option_choice__3><rule:qw_option_choice><rule:DOT><rule:dt__3><rule:SPACE><rule:D_Vd__4><rule:COMMA><rule:N_Vn_M_Vm><rule:COMMA><rule:hash>0	VRSHR_VORR_r	1	0	3f3e8c0ebb34eeb59b973d8c6b666af50137c2d7825c63003348002d7b0a1d8f	850f8e42ca7684e4cadd817bea33cd2105d151a5bf077b3f35a6ed77d5b639bd	A32/uncond_as/advsimddp/simd3reg_same/VORR_r_A1_Q
64	702	703	VSHR	VSHR	VSHR<rule:al_option_choice__3><rule:qw_option_choice><rule:DOT><rule:dt__3><rule:SPACE><rule:D_Vd__4><rule:COMMA><rule:N_Vn_M_Vm><rule:COMMA><rule:hash>0	VSHR_VORR_r	1	0	3f3e8c0ebb34eeb59b973d8c6b666af50137c2d7825c63003348002d7b0a1d8f	850f8e42ca7684e4cadd817bea33cd2105d151a5bf077b3f35a6ed77d5b639bd	A32/uncond_as/advsimddp/simd3reg_same/VORR_r_A1_Q
65	702	703	VMOV	VMOV	VMOV<rule:al_option_choice__3><rule:qw_option_choice><rule:dot_dt_choice__3><rule:SPACE><rule:D_Vd__4><rule:COMMA><rule:N_Vn_M_Vm>	VMOV_VORR_r	1	26	3f3e8c0ebb34eeb59b973d8c6b666af50137c2d7825c63003348002d7b0a1d8f	b09395c21abb1b6b752de44d9716dee1b9b3b86fe0427313cae219a55977c313	A32/uncond_as/advsimddp/simd3reg_same/VORR_r_A1_Q
66	731	732	VCLE	VCLE	VCLE<rule:al_option_choice__3><rule:qw_option_choice><rule:DOT><rule:dt_option__6><rule:SPACE><rule:d_vd_choice><rule:N_Vn><rule:COMMA><rule:M_Vm>	VCLE_VCGE_r	1	0	3f3e8c0ebb34eeb59b973d8c6b666af50137c2d7825c63003348002d7b0a1d8f	850f8e42ca7684e4cadd817bea33cd2105d151a5bf077b3f35a6ed77d5b639bd	A32/uncond_as/advsimddp/simd3reg_same/VCGE_r_A2_D
67	732	733	VCLE	VCLE	VCLE<rule:al_option_choice__3><rule:qw_option_choice><rule:DOT><rule:dt_option__6><rule:SPACE><rule:d_vd_choice__2><rule:N_Vn__2><rule:COMMA><rule:M_Vm__5>	VCLE_VCGE_r	1	0	3f3e8c0ebb34eeb59b973d8c6b666af50137c2d7825c63003348002d7b0a1d8f	850f8e42ca7684e4cadd817bea33cd2105d151a5bf077b3f35a6ed77d5b639bd	A32/uncond_as/advsimddp/simd3reg_same/VCGE_r_A2_Q
68	733	734	VACLE	VACLE	VACLE<rule:al_option_choice__3><rule:qw_option_choice><rule:DOT><rule:dt_option__5><rule:SPACE><rule:d_vd_choice><rule:N_Vn><rule:COMMA><rule:M_Vm>	VACLE_VACGE	1	0	3f3e8c0ebb34eeb59b973d8c6b666af50137c2d7825c63003348002d7b0a1d8f	850f8e42ca7684e4cadd817bea33cd2105d151a5bf077b3f35a6ed77d5b639bd	A32/uncond_as/advsimddp/simd3reg_same/VACGE_A1_D
69	734	735	VACLE	VACLE	VACLE<rule:al_option_choice__3><rule:qw_option_choice><rule:DOT><rule:dt_option__5><rule:SPACE><rule:d_vd_choice__2><rule:N_Vn__2><rule:COMMA><rule:M_Vm__5>	VACLE_VACGE	1	0	3f3e8c0ebb34eeb59b973d8c6b666af50137c2d7825c63003348002d7b0a1d8f	850f8e42ca7684e4cadd817bea33cd2105d151a5bf077b3f35a6ed77d5b639bd	A32/uncond_as/advsimddp/simd3reg_same/VACGE_A1_Q
70	750	751	VCLT	VCLT	VCLT<rule:al_option_choice__3><rule:qw_option_choice><rule:DOT><rule:dt_option__6><rule:SPACE><rule:d_vd_choice><rule:N_Vn><rule:COMMA><rule:M_Vm>	VCLT_VCGT_r	1	0	3f3e8c0ebb34eeb59b973d8c6b666af50137c2d7825c63003348002d7b0a1d8f	850f8e42ca7684e4cadd817bea33cd2105d151a5bf077b3f35a6ed77d5b639bd	A32/uncond_as/advsimddp/simd3reg_same/VCGT_r_A2_D
71	751	752	VCLT	VCLT	VCLT<rule:al_option_choice__3><rule:qw_option_choice><rule:DOT><rule:dt_option__6><rule:SPACE><rule:d_vd_choice__2><rule:N_Vn__2><rule:COMMA><rule:M_Vm__5>	VCLT_VCGT_r	1	0	3f3e8c0ebb34eeb59b973d8c6b666af50137c2d7825c63003348002d7b0a1d8f	850f8e42ca7684e4cadd817bea33cd2105d151a5bf077b3f35a6ed77d5b639bd	A32/uncond_as/advsimddp/simd3reg_same/VCGT_r_A2_Q
72	752	753	VACLT	VACLT	VACLT<rule:al_option_choice__3><rule:qw_option_choice><rule:DOT><rule:dt_option__5><rule:SPACE><rule:d_vd_choice><rule:N_Vn><rule:COMMA><rule:M_Vm>	VACLT_VACGT	1	0	3f3e8c0ebb34eeb59b973d8c6b666af50137c2d7825c63003348002d7b0a1d8f	850f8e42ca7684e4cadd817bea33cd2105d151a5bf077b3f35a6ed77d5b639bd	A32/uncond_as/advsimddp/simd3reg_same/VACGT_A1_D
73	753	754	VACLT	VACLT	VACLT<rule:al_option_choice__3><rule:qw_option_choice><rule:DOT><rule:dt_option__5><rule:SPACE><rule:d_vd_choice__2><rule:N_Vn__2><rule:COMMA><rule:M_Vm__5>	VACLT_VACGT	1	0	3f3e8c0ebb34eeb59b973d8c6b666af50137c2d7825c63003348002d7b0a1d8f	850f8e42ca7684e4cadd817bea33cd2105d151a5bf077b3f35a6ed77d5b639bd	A32/uncond_as/advsimddp/simd3reg_same/VACGT_A1_Q
74	774	775	VEXT	VEXT	VEXT<rule:al_option_choice__3><rule:qw_option_choice><rule:DOT><rule:size__7><rule:SPACE><rule:d_vd_choice><rule:N_Vn><rule:COMMA><rule:M_Vm><rule:COMMA><rule:hash><rule:imm__112>	VEXT_VEXT	1	0	3f3e8c0ebb34eeb59b973d8c6b666af50137c2d7825c63003348002d7b0a1d8f	850f8e42ca7684e4cadd817bea33cd2105d151a5bf077b3f35a6ed77d5b639bd	A32/uncond_as/advsimddp/a_simd_mulreg/simd3reg_ext/VEXT_A1_D
75	775	776	VEXT	VEXT	VEXT<rule:al_option_choice__3><rule:qw_option_choice><rule:DOT><rule:size__6><rule:SPACE><rule:d_vd_choice__2><rule:N_Vn__2><rule:COMMA><rule:M_Vm__5><rule:COMMA><rule:hash><rule:imm__110>	VEXT_VEXT	1	0	3f3e8c0ebb34eeb59b973d8c6b666af50137c2d7825c63003348002d7b0a1d8f	850f8e42ca7684e4cadd817bea33cd2105d151a5bf077b3f35a6ed77d5b639bd	A32/uncond_as/advsimddp/a_simd_mulreg/simd3reg_ext/VEXT_A1_Q
76	820	821	VZIP	VZIP	VZIP<rule:al_option_choice__3><rule:qw_option_choice><rule:DOT>32<rule:SPACE><rule:D_Vd><rule:COMMA><rule:M_Vm__2>	VZIP_VTRN	125	0	42f45048f171e1ce35cadac8c7cbe741adc561c41578ad70619a55ea6496ff21	850f8e42ca7684e4cadd817bea33cd2105d151a5bf077b3f35a6ed77d5b639bd	A32/uncond_as/advsimddp/a_simd_mulreg/simd2reg_misc/VTRN_A1_D
77	820	821	VUZP	VUZP	VUZP<rule:al_option_choice__3><rule:qw_option_choice><rule:DOT>32<rule:SPACE><rule:D_Vd><rule:COMMA><rule:M_Vm__2>	VUZP_VTRN	125	0	42f45048f171e1ce35cadac8c7cbe741adc561c41578ad70619a55ea6496ff21	850f8e42ca7684e4cadd817bea33cd2105d151a5bf077b3f35a6ed77d5b639bd	A32/uncond_as/advsimddp/a_simd_mulreg/simd2reg_misc/VTRN_A1_D
78	826	827	VRSHRN	VRSHRN	VRSHRN<rule:al_option_choice__3><rule:qw_option_choice><rule:DOT><rule:dt_option__34><rule:SPACE><rule:D_Vd><rule:COMMA><rule:M_Vm__8><rule:COMMA><rule:hash>0	VRSHRN_VMOVN	1	0	3f3e8c0ebb34eeb59b973d8c6b666af50137c2d7825c63003348002d7b0a1d8f	850f8e42ca7684e4cadd817bea33cd2105d151a5bf077b3f35a6ed77d5b639bd	A32/uncond_as/advsimddp/a_simd_mulreg/simd2reg_misc/VMOVN_A1
79	826	827	VSHRN	VSHRN	VSHRN<rule:al_option_choice__3><rule:qw_option_choice><rule:DOT><rule:dt_option__34><rule:SPACE><rule:D_Vd><rule:COMMA><rule:M_Vm__8><rule:COMMA><rule:hash>0	VSHRN_VMOVN	1	0	3f3e8c0ebb34eeb59b973d8c6b666af50137c2d7825c63003348002d7b0a1d8f	850f8e42ca7684e4cadd817bea33cd2105d151a5bf077b3f35a6ed77d5b639bd	A32/uncond_as/advsimddp/a_simd_mulreg/simd2reg_misc/VMOVN_A1
80	827	828	VQRSHRN	VQRSHRN	VQRSHRN<rule:al_option_choice__3><rule:qw_option_choice><rule:DOT><rule:dt_option__38><rule:SPACE><rule:D_Vd><rule:COMMA><rule:M_Vm__8><rule:COMMA><rule:hash>0	VQRSHRN_VQMOVN	1	0	3f3e8c0ebb34eeb59b973d8c6b666af50137c2d7825c63003348002d7b0a1d8f	850f8e42ca7684e4cadd817bea33cd2105d151a5bf077b3f35a6ed77d5b639bd	A32/uncond_as/advsimddp/a_simd_mulreg/simd2reg_misc/VQMOVN_A1
81	827	828	VQSHRN	VQSHRN	VQSHRN<rule:al_option_choice__3><rule:qw_option_choice><rule:DOT><rule:dt_option__38><rule:SPACE><rule:D_Vd><rule:COMMA><rule:M_Vm__8><rule:COMMA><rule:hash>0	VQSHRN_VQMOVN	1	0	3f3e8c0ebb34eeb59b973d8c6b666af50137c2d7825c63003348002d7b0a1d8f	850f8e42ca7684e4cadd817bea33cd2105d151a5bf077b3f35a6ed77d5b639bd	A32/uncond_as/advsimddp/a_simd_mulreg/simd2reg_misc/VQMOVN_A1
82	828	829	VQSHRUN	VQSHRUN	VQSHRUN<rule:al_option_choice__3><rule:qw_option_choice><rule:DOT><rule:dt_option__36><rule:SPACE><rule:D_Vd><rule:COMMA><rule:M_Vm__8><rule:COMMA><rule:hash>0	VQSHRUN_VQMOVN	1	0	3f3e8c0ebb34eeb59b973d8c6b666af50137c2d7825c63003348002d7b0a1d8f	850f8e42ca7684e4cadd817bea33cd2105d151a5bf077b3f35a6ed77d5b639bd	A32/uncond_as/advsimddp/a_simd_mulreg/simd2reg_misc/VQMOVUN_A1
83	828	829	VQRSHRUN	VQRSHRUN	VQRSHRUN<rule:al_option_choice__3><rule:qw_option_choice><rule:DOT><rule:dt_option__36><rule:SPACE><rule:D_Vd><rule:COMMA><rule:M_Vm__8><rule:COMMA><rule:hash>0	VQRSHRUN_VQMOVN	1	0	3f3e8c0ebb34eeb59b973d8c6b666af50137c2d7825c63003348002d7b0a1d8f	850f8e42ca7684e4cadd817bea33cd2105d151a5bf077b3f35a6ed77d5b639bd	A32/uncond_as/advsimddp/a_simd_mulreg/simd2reg_misc/VQMOVUN_A1
84	904	905	VORN	VORN	VORN<rule:al_option_choice__3><rule:qw_option_choice><rule:DOT>I32<rule:SPACE><rule:d_vd_choice><rule:D_Vd><rule:COMMA><rule:hash><rule:imm__114>	VORN_VORR_i	1	0	3f3e8c0ebb34eeb59b973d8c6b666af50137c2d7825c63003348002d7b0a1d8f	850f8e42ca7684e4cadd817bea33cd2105d151a5bf077b3f35a6ed77d5b639bd	A32/uncond_as/advsimddp/a_simd_12reg/simd1reg_imm/VORR_i_A1_D
85	905	906	VORN	VORN	VORN<rule:al_option_choice__3><rule:qw_option_choice><rule:DOT>I32<rule:SPACE><rule:d_vd_choice__2><rule:D_Vd__4><rule:COMMA><rule:hash><rule:imm__114>	VORN_VORR_i	1	0	3f3e8c0ebb34eeb59b973d8c6b666af50137c2d7825c63003348002d7b0a1d8f	850f8e42ca7684e4cadd817bea33cd2105d151a5bf077b3f35a6ed77d5b639bd	A32/uncond_as/advsimddp/a_simd_12reg/simd1reg_imm/VORR_i_A1_Q
86	906	907	VAND	VAND	VAND<rule:al_option_choice__3><rule:qw_option_choice><rule:DOT>I32<rule:SPACE><rule:d_vd_choice><rule:D_Vd><rule:COMMA><rule:hash><rule:imm__114>	VAND_VBIC_i	1	0	3f3e8c0ebb34eeb59b973d8c6b666af50137c2d7825c63003348002d7b0a1d8f	850f8e42ca7684e4cadd817bea33cd2105d151a5bf077b3f35a6ed77d5b639bd	A32/uncond_as/advsimddp/a_simd_12reg/simd1reg_imm/VBIC_i_A1_D
87	907	908	VAND	VAND	VAND<rule:al_option_choice__3><rule:qw_option_choice><rule:DOT>I32<rule:SPACE><rule:d_vd_choice__2><rule:D_Vd__4><rule:COMMA><rule:hash><rule:imm__114>	VAND_VBIC_i	1	0	3f3e8c0ebb34eeb59b973d8c6b666af50137c2d7825c63003348002d7b0a1d8f	850f8e42ca7684e4cadd817bea33cd2105d151a5bf077b3f35a6ed77d5b639bd	A32/uncond_as/advsimddp/a_simd_12reg/simd1reg_imm/VBIC_i_A1_Q
88	912	913	VORN	VORN	VORN<rule:al_option_choice__3><rule:qw_option_choice><rule:DOT>I16<rule:SPACE><rule:d_vd_choice><rule:D_Vd><rule:COMMA><rule:hash><rule:imm__114>	VORN_VORR_i	1	0	3f3e8c0ebb34eeb59b973d8c6b666af50137c2d7825c63003348002d7b0a1d8f	850f8e42ca7684e4cadd817bea33cd2105d151a5bf077b3f35a6ed77d5b639bd	A32/uncond_as/advsimddp/a_simd_12reg/simd1reg_imm/VORR_i_A2_D
89	913	914	VORN	VORN	VORN<rule:al_option_choice__3><rule:qw_option_choice><rule:DOT>I16<rule:SPACE><rule:d_vd_choice__2><rule:D_Vd__4><rule:COMMA><rule:hash><rule:imm__114>	VORN_VORR_i	1	0	3f3e8c0ebb34eeb59b973d8c6b666af50137c2d7825c63003348002d7b0a1d8f	850f8e42ca7684e4cadd817bea33cd2105d151a5bf077b3f35a6ed77d5b639bd	A32/uncond_as/advsimddp/a_simd_12reg/simd1reg_imm/VORR_i_A2_Q
90	914	915	VAND	VAND	VAND<rule:al_option_choice__3><rule:qw_option_choice><rule:DOT>I16<rule:SPACE><rule:d_vd_choice><rule:D_Vd><rule:COMMA><rule:hash><rule:imm__114>	VAND_VBIC_i	1	0	3f3e8c0ebb34eeb59b973d8c6b666af50137c2d7825c63003348002d7b0a1d8f	850f8e42ca7684e4cadd817bea33cd2105d151a5bf077b3f35a6ed77d5b639bd	A32/uncond_as/advsimddp/a_simd_12reg/simd1reg_imm/VBIC_i_A2_D
91	915	916	VAND	VAND	VAND<rule:al_option_choice__3><rule:qw_option_choice><rule:DOT>I16<rule:SPACE><rule:d_vd_choice__2><rule:D_Vd__4><rule:COMMA><rule:hash><rule:imm__114>	VAND_VBIC_i	1	0	3f3e8c0ebb34eeb59b973d8c6b666af50137c2d7825c63003348002d7b0a1d8f	850f8e42ca7684e4cadd817bea33cd2105d151a5bf077b3f35a6ed77d5b639bd	A32/uncond_as/advsimddp/a_simd_12reg/simd1reg_imm/VBIC_i_A2_Q
92	957	958	A1B	PLI	PLI<rule:al_option_choice__2><rule:qw_option_choice><rule:SPACE><rule:imm__105>	PLI_i	1	1	3f3e8c0ebb34eeb59b973d8c6b666af50137c2d7825c63003348002d7b0a1d8f	3f3e8c0ebb34eeb59b973d8c6b666af50137c2d7825c63003348002d7b0a1d8f	A32/uncond_as/uncondhints/preload_imm/PLI_i_A1
93	957	958	A1C	PLI	PLI<rule:al_option_choice__2><rule:qw_option_choice><rule:SPACE>[PC<rule:COMMA><rule:hash><rule:plus_or_minus_option><rule:imm__104>]	PLI_i	1	0	3f3e8c0ebb34eeb59b973d8c6b666af50137c2d7825c63003348002d7b0a1d8f	850f8e42ca7684e4cadd817bea33cd2105d151a5bf077b3f35a6ed77d5b639bd	A32/uncond_as/uncondhints/preload_imm/PLI_i_A1
94	958	959	A1B	PLD	PLD<rule:al_option_choice__2><rule:qw_option_choice><rule:SPACE>[PC<rule:COMMA><rule:hash><rule:plus_or_minus_option><rule:imm__107>]	PLD_l	1	0	3f3e8c0ebb34eeb59b973d8c6b666af50137c2d7825c63003348002d7b0a1d8f	850f8e42ca7684e4cadd817bea33cd2105d151a5bf077b3f35a6ed77d5b639bd	A32/uncond_as/uncondhints/preload_imm/PLD_l_A1
95	1099	1100	T1B	ADDS	ADDS<rule:qn_option_choice><rule:SPACE><rule:rd_choice__18><rule:Rn__37><rule:COMMA><rule:Rm__19>	ADD_r	1	427	3f3e8c0ebb34eeb59b973d8c6b666af50137c2d7825c63003348002d7b0a1d8f	5e34540f09bcc7a1fd7c9480dbe30c7834514c3566209d1b8906e972d33538b7	T32/n/sftdpi/addsub16_3l/ADD_r_T1
96	1100	1101	T1B	SUBS	SUBS<rule:qn_option_choice><rule:SPACE><rule:rd_choice__19><rule:Rn__37><rule:COMMA><rule:Rm__19>	SUB_r	1	427	3f3e8c0ebb34eeb59b973d8c6b666af50137c2d7825c63003348002d7b0a1d8f	5e34540f09bcc7a1fd7c9480dbe30c7834514c3566209d1b8906e972d33538b7	T32/n/sftdpi/addsub16_3l/SUB_r_T1
97	1101	1102	T1B	ADDS	ADDS<rule:qn_option_choice><rule:SPACE><rule:Rd__27><rule:COMMA><rule:Rn__38><rule:COMMA><rule:hash><rule:imm3>	ADD_i	1	427	3f3e8c0ebb34eeb59b973d8c6b666af50137c2d7825c63003348002d7b0a1d8f	5e34540f09bcc7a1fd7c9480dbe30c7834514c3566209d1b8906e972d33538b7	T32/n/sftdpi/addsub16_2l_imm/ADD_i_T1
98	1102	1103	T1B	SUBS	SUBS<rule:qn_option_choice><rule:SPACE><rule:Rd__27><rule:COMMA><rule:Rn__38><rule:COMMA><rule:hash><rule:imm3>	SUB_i	1	427	3f3e8c0ebb34eeb59b973d8c6b666af50137c2d7825c63003348002d7b0a1d8f	5e34540f09bcc7a1fd7c9480dbe30c7834514c3566209d1b8906e972d33538b7	T32/n/sftdpi/addsub16_2l_imm/SUB_i_T1
99	1103	1104	ASRS	ASRS	ASRS<rule:qn_option_choice><rule:SPACE><rule:rd_choice__20><rule:Rm__10><rule:COMMA><rule:hash><rule:imm__7>	ASRS_MOV_r	61	427	d94ce117b1b79bc1f9602e6ec5e26bd616eae39b1fa39c75aab21af82bb6a157	5e34540f09bcc7a1fd7c9480dbe30c7834514c3566209d1b8906e972d33538b7	T32/n/sftdpi/shift16_imm/MOV_r_T2
100	1103	1104	LSR	LSR	LSR<rule:AL_option__4><rule:qn_option_choice><rule:SPACE><rule:rd_choice__20><rule:Rm__10><rule:COMMA><rule:hash><rule:imm__11>	LSR_MOV_r	60	417	357971daa6c1027e95e94aba095997f4a5e3bfb56e1cd6e3dbf466b1ecb1821f	afcc823f48431f3981a861832ed08bea6b2afde2b35e26bd6fd0ad62bb224a7a	T32/n/sftdpi/shift16_imm/MOV_r_T2
101	1103	1104	LSL	LSL	LSL<rule:AL_option__4><rule:qn_option_choice><rule:SPACE><rule:rd_choice__20><rule:Rm__10><rule:COMMA><rule:hash><rule:imm__118>	LSL_MOV_r	59	417	faf4c2731f3eb052799c1144ae02789ca78b6cc7178dd7b0ab842356d624fd87	afcc823f48431f3981a861832ed08bea6b2afde2b35e26bd6fd0ad62bb224a7a	T32/n/sftdpi/shift16_imm/MOV_r_T2
102	1103	1104	T2B	MOVS	MOVS<rule:qn_option_choice><rule:SPACE><rule:Rd__25><rule:COMMA><rule:Rm__10><rule:OPT_SPACE><rule:shift_option_amount_choice__7>	MOV_r	58	427	a3853f3705129908d41e9e70a696ad6e44f6bd54508c2dfdfcb278290dfa6e39	5e34540f09bcc7a1fd7c9480dbe30c7834514c3566209d1b8906e972d33538b7	T32/n/sftdpi/shift16_imm/MOV_r_T2
103	1103	1104	LSLS	LSLS	LSLS<rule:qn_option_choice><rule:SPACE><rule:rd_choice__20><rule:Rm__10><rule:COMMA><rule:hash><rule:imm__118>	LSLS_MOV_r	59	427	faf4c2731f3eb052799c1144ae02789ca78b6cc7178dd7b0ab842356d624fd87	5e34540f09bcc7a1fd7c9480dbe30c7834514c3566209d1b8906e972d33538b7	T32/n/sftdpi/shift16_imm/MOV_r_T2
104	1103	1104	LSRS	LSRS	LSRS<rule:qn_option_choice><rule:SPACE><rule:rd_choice__20><rule:Rm__10><rule:COMMA><rule:hash><rule:imm__11>	LSRS_MOV_r	60	427	357971daa6c1027e95e94aba095997f4a5e3bfb56e1cd6e3dbf466b1ecb1821f	5e34540f09bcc7a1fd7c9480dbe30c7834514c3566209d1b8906e972d33538b7	T32/n/sftdpi/shift16_imm/MOV_r_T2
105	1103	1104	ASR	ASR	ASR<rule:AL_option__4><rule:qn_option_choice><rule:SPACE><rule:rd_choice__20><rule:Rm__10><rule:COMMA><rule:hash><rule:imm__7>	ASR_MOV_r	61	417	d94ce117b1b79bc1f9602e6ec5e26bd616eae39b1fa39c75aab21af82bb6a157	afcc823f48431f3981a861832ed08bea6b2afde2b35e26bd6fd0ad62bb224a7a	T32/n/sftdpi/shift16_imm/MOV_r_T2
106	1104	1105	T1B	MOVS	MOVS<rule:qn_option_choice><rule:SPACE><rule:Rd__25><rule:COMMA><rule:hash><rule:imm8>	MOV_i	1	427	3f3e8c0ebb34eeb59b973d8c6b666af50137c2d7825c63003348002d7b0a1d8f	5e34540f09bcc7a1fd7c9480dbe30c7834514c3566209d1b8906e972d33538b7	T32/n/sftdpi/addsub16_1l_imm/MOV_i_T1
107	1106	1107	T2B	ADD	ADD<rule:AL_option__4><rule:qn_option_choice><rule:SPACE><rule:rdn_choice><rule:Rdn><rule:COMMA><rule:hash><rule:imm8>	ADD_i	1	418	3f3e8c0ebb34eeb59b973d8c6b666af50137c2d7825c63003348002d7b0a1d8f	8354598b16c86ede620ab30c4c0bc6401a138dfe51a3119dc1b5e7851de21763	T32/n/sftdpi/addsub16_1l_imm/ADD_i_T2
108	1106	1107	T2C	ADDS	ADDS<rule:qn_option_choice><rule:SPACE><rule:Rdn><rule:COMMA><rule:hash><rule:imm8>	ADD_i	1	428	3f3e8c0ebb34eeb59b973d8c6b666af50137c2d7825c63003348002d7b0a1d8f	ffb751c36f7e605f0f78fc8248b0ba993e85489dbd6634a3679ff980d828994c	T32/n/sftdpi/addsub16_1l_imm/ADD_i_T2
109	1106	1107	T2D	ADDS	ADDS<rule:qn_option_choice><rule:SPACE><rule:rdn_choice><rule:Rdn><rule:COMMA><rule:hash><rule:imm8>	ADD_i	1	429	3f3e8c0ebb34eeb59b973d8c6b666af50137c2d7825c63003348002d7b0a1d8f	fce72959ca3846dd53fdb23fd9a3244008d4a9eeae2912b3081668afb19c3830	T32/n/sftdpi/addsub16_1l_imm/ADD_i_T2
110	1107	1108	T2B	SUB	SUB<rule:AL_option__4><rule:qn_option_choice><rule:SPACE><rule:rdn_choice><rule:Rdn><rule:COMMA><rule:hash><rule:imm8__2>	SUB_i	1	419	3f3e8c0ebb34eeb59b973d8c6b666af50137c2d7825c63003348002d7b0a1d8f	2f2ee921a2925c207313f5bc491f8f523e6db7da1e47ee18ea30a6c05c682858	T32/n/sftdpi/addsub16_1l_imm/SUB_i_T2
111	1107	1108	T2C	SUBS	SUBS<rule:qn_option_choice><rule:SPACE><rule:Rdn><rule:COMMA><rule:hash><rule:imm8__2>	SUB_i	1	432	3f3e8c0ebb34eeb59b973d8c6b666af50137c2d7825c63003348002d7b0a1d8f	85b2d361d57948bb53906b5629560a6ee354244352f2e2bc23c16fc698a7db0d	T32/n/sftdpi/addsub16_1l_imm/SUB_i_T2
112	1107	1108	T2D	SUBS	SUBS<rule:qn_option_choice><rule:SPACE><rule:rdn_choice><rule:Rdn><rule:COMMA><rule:hash><rule:imm8__2>	SUB_i	1	431	3f3e8c0ebb34eeb59b973d8c6b666af50137c2d7825c63003348002d7b0a1d8f	c44a5b8db2df96a4bfe673be37116fb1318ea0e210433aff69a74f335392a3bc	T32/n/sftdpi/addsub16_1l_imm/SUB_i_T2
113	1108	1109	T1B	ANDS	ANDS<rule:qn_option_choice><rule:SPACE><rule:rdn_choice__2><rule:Rdn__2><rule:COMMA><rule:Rm__19>	AND_r	1	427	3f3e8c0ebb34eeb59b973d8c6b666af50137c2d7825c63003348002d7b0a1d8f	5e34540f09bcc7a1fd7c9480dbe30c7834514c3566209d1b8906e972d33538b7	T32/n/dpint16_2l/AND_r_T1
114	1109	1110	T1B	EORS	EORS<rule:qn_option_choice><rule:SPACE><rule:rdn_choice__2><rule:Rdn__2><rule:COMMA><rule:Rm__19>	EOR_r	1	427	3f3e8c0ebb34eeb59b973d8c6b666af50137c2d7825c63003348002d7b0a1d8f	5e34540f09bcc7a1fd7c9480dbe30c7834514c3566209d1b8906e972d33538b7	T32/n/dpint16_2l/EOR_r_T1
115	1110	1111	ASRS	ASRS	ASRS<rule:qn_option_choice><rule:SPACE><rule:rdm_choice><rule:Rdm__2><rule:COMMA><rule:Rs__3>	ASRS_MOV_rr	24	427	fc26b96c0cbe94fa0490ff3dd805cf333d25a9fe953bcd06c591e71632ecced8	5e34540f09bcc7a1fd7c9480dbe30c7834514c3566209d1b8906e972d33538b7	T32/n/dpint16_2l/MOV_rr_T1_ASR
116	1110	1111	ASR	ASR	ASR<rule:AL_option__4><rule:qn_option_choice><rule:SPACE><rule:rdm_choice><rule:Rdm__2><rule:COMMA><rule:Rs__3>	ASR_MOV_rr	24	417	fc26b96c0cbe94fa0490ff3dd805cf333d25a9fe953bcd06c591e71632ecced8	afcc823f48431f3981a861832ed08bea6b2afde2b35e26bd6fd0ad62bb224a7a	T32/n/dpint16_2l/MOV_rr_T1_ASR
117	1110	1111	T1B	MOVS	MOVS<rule:qn_option_choice><rule:SPACE><rule:Rdm><rule:COMMA><rule:Rdm><rule:COMMA>ASR<rule:OPT_SPACE><rule:Rs__2>	MOV_rr	1	427	3f3e8c0ebb34eeb59b973d8c6b666af50137c2d7825c63003348002d7b0a1d8f	5e34540f09bcc7a1fd7c9480dbe30c7834514c3566209d1b8906e972d33538b7	T32/n/dpint16_2l/MOV_rr_T1_ASR
118	1111	1112	LSL	LSL	LSL<rule:AL_option__4><rule:qn_option_choice><rule:SPACE><rule:rdm_choice><rule:Rdm__2><rule:COMMA><rule:Rs__3>	LSL_MOV_rr	22	417	af4f514c9e8e202fe3f50596775994ee7f5bf41f5f1ef7bad9e425795a087dfb	afcc823f48431f3981a861832ed08bea6b2afde2b35e26bd6fd0ad62bb224a7a	T32/n/dpint16_2l/MOV_rr_T1_LSL
119	1111	1112	T1B	MOVS	MOVS<rule:qn_option_choice><rule:SPACE><rule:Rdm><rule:COMMA><rule:Rdm><rule:COMMA>LSL<rule:OPT_SPACE><rule:Rs__2>	MOV_rr	1	427	3f3e8c0ebb34eeb59b973d8c6b666af50137c2d7825c63003348002d7b0a1d8f	5e34540f09bcc7a1fd7c9480dbe30c7834514c3566209d1b8906e972d33538b7	T32/n/dpint16_2l/MOV_rr_T1_LSL
120	1111	1112	LSLS	LSLS	LSLS<rule:qn_option_choice><rule:SPACE><rule:rdm_choice><rule:Rdm__2><rule:COMMA><rule:Rs__3>	LSLS_MOV_rr	22	427	af4f514c9e8e202fe3f50596775994ee7f5bf41f5f1ef7bad9e425795a087dfb	5e34540f09bcc7a1fd7c9480dbe30c7834514c3566209d1b8906e972d33538b7	T32/n/dpint16_2l/MOV_rr_T1_LSL
121	1112	1113	LSR	LSR	LSR<rule:AL_option__4><rule:qn_option_choice><rule:SPACE><rule:rdm_choice><rule:Rdm__2><rule:COMMA><rule:Rs__3>	LSR_MOV_rr	23	417	8f61754e2a34edd3db1da05307741b45b524f9c104c2deaba815c3cef5d4fc51	afcc823f48431f3981a861832ed08bea6b2afde2b35e26bd6fd0ad62bb224a7a	T32/n/dpint16_2l/MOV_rr_T1_LSR
122	1112	1113	LSRS	LSRS	LSRS<rule:qn_option_choice><rule:SPACE><rule:rdm_choice><rule:Rdm__2><rule:COMMA><rule:Rs__3>	LSRS_MOV_rr	23	427	8f61754e2a34edd3db1da05307741b45b524f9c104c2deaba815c3cef5d4fc51	5e34540f09bcc7a1fd7c9480dbe30c7834514c3566209d1b8906e972d33538b7	T32/n/dpint16_2l/MOV_rr_T1_LSR
123	1112	1113	T1B	MOVS	MOVS<rule:qn_option_choice><rule:SPACE><rule:Rdm><rule:COMMA><rule:Rdm><rule:COMMA>LSR<rule:OPT_SPACE><rule:Rs__2>	MOV_rr	1	427	3f3e8c0ebb34eeb59b973d8c6b666af50137c2d7825c63003348002d7b0a1d8f	5e34540f09bcc7a1fd7c9480dbe30c7834514c3566209d1b8906e972d33538b7	T32/n/dpint16_2l/MOV_rr_T1_LSR
124	1113	1114	ROR	ROR	ROR<rule:AL_option__4><rule:qn_option_choice><rule:SPACE><rule:rdm_choice><rule:Rdm__2><rule:COMMA><rule:Rs__4>	ROR_MOV_rr	25	417	ea4d88969ed4c775bce530afefbb60f5c47a270ff1c5a18c6105d6af85d291db	afcc823f48431f3981a861832ed08bea6b2afde2b35e26bd6fd0ad62bb224a7a	T32/n/dpint16_2l/MOV_rr_T1_ROR
125	1113	1114	RORS	RORS	RORS<rule:qn_option_choice><rule:SPACE><rule:rdm_choice><rule:Rdm__2><rule:COMMA><rule:Rs__4>	RORS_MOV_rr	25	427	ea4d88969ed4c775bce530afefbb60f5c47a270ff1c5a18c6105d6af85d291db	5e34540f09bcc7a1fd7c9480dbe30c7834514c3566209d1b8906e972d33538b7	T32/n/dpint16_2l/MOV_rr_T1_ROR
126	1113	1114	T1B	MOVS	MOVS<rule:qn_option_choice><rule:SPACE><rule:Rdm><rule:COMMA><rule:Rdm><rule:COMMA>ROR<rule:OPT_SPACE><rule:Rs__2>	MOV_rr	1	427	3f3e8c0ebb34eeb59b973d8c6b666af50137c2d7825c63003348002d7b0a1d8f	5e34540f09bcc7a1fd7c9480dbe30c7834514c3566209d1b8906e972d33538b7	T32/n/dpint16_2l/MOV_rr_T1_ROR
127	1114	1115	T1B	ADCS	ADCS<rule:qn_option_choice><rule:SPACE><rule:rdn_choice__2><rule:Rdn__2><rule:COMMA><rule:Rm__19>	ADC_r	1	427	3f3e8c0ebb34eeb59b973d8c6b666af50137c2d7825c63003348002d7b0a1d8f	5e34540f09bcc7a1fd7c9480dbe30c7834514c3566209d1b8906e972d33538b7	T32/n/dpint16_2l/ADC_r_T1
128	1115	1116	T1B	SBCS	SBCS<rule:qn_option_choice><rule:SPACE><rule:rdn_choice__2><rule:Rdn__2><rule:COMMA><rule:Rm__19>	SBC_r	1	427	3f3e8c0ebb34eeb59b973d8c6b666af50137c2d7825c63003348002d7b0a1d8f	5e34540f09bcc7a1fd7c9480dbe30c7834514c3566209d1b8906e972d33538b7	T32/n/dpint16_2l/SBC_r_T1
129	1117	1118	T1B	RSBS	RSBS<rule:qn_option_choice><rule:SPACE><rule:rd_choice__19><rule:Rn__38><rule:COMMA><rule:hash>0	RSB_i	1	427	3f3e8c0ebb34eeb59b973d8c6b666af50137c2d7825c63003348002d7b0a1d8f	5e34540f09bcc7a1fd7c9480dbe30c7834514c3566209d1b8906e972d33538b7	T32/n/dpint16_2l/RSB_i_T1
130	1120	1121	T1B	ORRS	ORRS<rule:qn_option_choice><rule:SPACE><rule:rdn_choice__2><rule:Rdn__2><rule:COMMA><rule:Rm__19>	ORR_r	1	427	3f3e8c0ebb34eeb59b973d8c6b666af50137c2d7825c63003348002d7b0a1d8f	5e34540f09bcc7a1fd7c9480dbe30c7834514c3566209d1b8906e972d33538b7	T32/n/dpint16_2l/ORR_r_T1
131	1121	1122	T1B	MULS	MULS<rule:qn_option_choice><rule:SPACE><rule:Rdm__3><rule:COMMA><rule:Rn__10><rule:rdm_choice__2>	MUL	1	427	3f3e8c0ebb34eeb59b973d8c6b666af50137c2d7825c63003348002d7b0a1d8f	5e34540f09bcc7a1fd7c9480dbe30c7834514c3566209d1b8906e972d33538b7	T32/n/dpint16_2l/MUL_T1
132	1122	1123	T1B	BICS	BICS<rule:qn_option_choice><rule:SPACE><rule:rdn_choice__2><rule:Rdn__2><rule:COMMA><rule:Rm__19>	BIC_r	1	427	3f3e8c0ebb34eeb59b973d8c6b666af50137c2d7825c63003348002d7b0a1d8f	5e34540f09bcc7a1fd7c9480dbe30c7834514c3566209d1b8906e972d33538b7	T32/n/dpint16_2l/BIC_r_T1
133	1123	1124	T1B	MVNS	MVNS<rule:qn_option_choice><rule:SPACE><rule:Rd__25><rule:COMMA><rule:Rm__10>	MVN_r	1	427	3f3e8c0ebb34eeb59b973d8c6b666af50137c2d7825c63003348002d7b0a1d8f	5e34540f09bcc7a1fd7c9480dbe30c7834514c3566209d1b8906e972d33538b7	T32/n/dpint16_2l/MVN_r_T1
134	1126	1127	T2B	ADD	ADD<rule:AL_option__4><rule:qn_option_choice><rule:SPACE><rule:DN_Rdn><rule:COMMA><rule:Rm__20>	ADD_r	27	417	2500bfc671178ae1e148042755bb70951d3fe006ca520bc47c2ff87fd547aff2	afcc823f48431f3981a861832ed08bea6b2afde2b35e26bd6fd0ad62bb224a7a	T32/n/spcd/addsub16_2h/ADD_r_T2
135	1148	1149	ADD	ADD	ADD<rule:al_option_choice__4><rule:qn_option_choice><rule:SPACE><rule:Rd__25><rule:COMMA>PC<rule:COMMA><rule:hash><rule:imm8__3>	ADD_ADR	1	0	3f3e8c0ebb34eeb59b973d8c6b666af50137c2d7825c63003348002d7b0a1d8f	850f8e42ca7684e4cadd817bea33cd2105d151a5bf077b3f35a6ed77d5b639bd	T32/n/addpcsp16/ADR_T1
136	1174	1175	T1B	STMDB	STMDB<rule:al_option_choice__4><rule:qn_option_choice><rule:SPACE><rule:SP><rule:BANG><rule:COMMA><rule:registers__26>	PUSH	1	0	3f3e8c0ebb34eeb59b973d8c6b666af50137c2d7825c63003348002d7b0a1d8f	850f8e42ca7684e4cadd817bea33cd2105d151a5bf077b3f35a6ed77d5b639bd	T32/n/misc16/pushpop16/PUSH_T1
137	1175	1176	T1B	LDM	LDM<rule:al_option_choice__4><rule:qn_option_choice><rule:SPACE><rule:SP><rule:BANG><rule:COMMA><rule:registers__27>	POP	1	0	3f3e8c0ebb34eeb59b973d8c6b666af50137c2d7825c63003348002d7b0a1d8f	850f8e42ca7684e4cadd817bea33cd2105d151a5bf077b3f35a6ed77d5b639bd	T32/n/misc16/pushpop16/POP_T1
138	1176	1177	T1B	STMEA	STMEA<rule:al_option_choice__4><rule:qn_option_choice><rule:SPACE><rule:Rn__12><rule:BANG><rule:COMMA><rule:registers__28>	STM	1	0	3f3e8c0ebb34eeb59b973d8c6b666af50137c2d7825c63003348002d7b0a1d8f	850f8e42ca7684e4cadd817bea33cd2105d151a5bf077b3f35a6ed77d5b639bd	T32/n/ldstm16/STM_T1
139	1177	1178	T1B	LDMFD	LDMFD<rule:al_option_choice__4><rule:qn_option_choice><rule:SPACE><rule:Rn__12><rule:bang_choice__4><rule:COMMA><rule:registers__29>	LDM	1	0	3f3e8c0ebb34eeb59b973d8c6b666af50137c2d7825c63003348002d7b0a1d8f	850f8e42ca7684e4cadd817bea33cd2105d151a5bf077b3f35a6ed77d5b639bd	T32/n/ldstm16/LDM_T1
140	1209	1210	VCLT	VCLT	VCLT<rule:al_option_choice__6><rule:qn_option_choice><rule:DOT><rule:dt_option__10><rule:SPACE><rule:d_vd_choice><rule:N_Vn><rule:COMMA><rule:M_Vm>	VCLT_VCGT_r	1	0	3f3e8c0ebb34eeb59b973d8c6b666af50137c2d7825c63003348002d7b0a1d8f	850f8e42ca7684e4cadd817bea33cd2105d151a5bf077b3f35a6ed77d5b639bd	T32/w/cpaf/simddp/simd_3same/VCGT_r_T1_D
141	1210	1211	VCLT	VCLT	VCLT<rule:al_option_choice__6><rule:qn_option_choice><rule:DOT><rule:dt_option__10><rule:SPACE><rule:d_vd_choice__2><rule:N_Vn__2><rule:COMMA><rule:M_Vm__5>	VCLT_VCGT_r	1	0	3f3e8c0ebb34eeb59b973d8c6b666af50137c2d7825c63003348002d7b0a1d8f	850f8e42ca7684e4cadd817bea33cd2105d151a5bf077b3f35a6ed77d5b639bd	T32/w/cpaf/simddp/simd_3same/VCGT_r_T1_Q
142	1211	1212	VCLE	VCLE	VCLE<rule:al_option_choice__6><rule:qn_option_choice><rule:DOT><rule:dt_option__10><rule:SPACE><rule:d_vd_choice><rule:N_Vn><rule:COMMA><rule:M_Vm>	VCLE_VCGE_r	1	0	3f3e8c0ebb34eeb59b973d8c6b666af50137c2d7825c63003348002d7b0a1d8f	850f8e42ca7684e4cadd817bea33cd2105d151a5bf077b3f35a6ed77d5b639bd	T32/w/cpaf/simddp/simd_3same/VCGE_r_T1_D
143	1212	1213	VCLE	VCLE	VCLE<rule:al_option_choice__6><rule:qn_option_choice><rule:DOT><rule:dt_option__10><rule:SPACE><rule:d_vd_choice__2><rule:N_Vn__2><rule:COMMA><rule:M_Vm__5>	VCLE_VCGE_r	1	0	3f3e8c0ebb34eeb59b973d8c6b666af50137c2d7825c63003348002d7b0a1d8f	850f8e42ca7684e4cadd817bea33cd2105d151a5bf077b3f35a6ed77d5b639bd	T32/w/cpaf/simddp/simd_3same/VCGE_r_T1_Q
144	1228	1229	VRSHR	VRSHR	VRSHR<rule:al_option_choice__6><rule:qn_option_choice><rule:DOT><rule:dt__3><rule:SPACE><rule:D_Vd><rule:COMMA><rule:N_Vn_M_Vm__2><rule:COMMA><rule:hash>0	VRSHR_VORR_r	1	0	3f3e8c0ebb34eeb59b973d8c6b666af50137c2d7825c63003348002d7b0a1d8f	850f8e42ca7684e4cadd817bea33cd2105d151a5bf077b3f35a6ed77d5b639bd	T32/w/cpaf/simddp/simd_3same/VORR_r_T1_D
145	1228	1229	VSHR	VSHR	VSHR<rule:al_option_choice__6><rule:qn_option_choice><rule:DOT><rule:dt__3><rule:SPACE><rule:D_Vd><rule:COMMA><rule:N_Vn_M_Vm__2><rule:COMMA><rule:hash>0	VSHR_VORR_r	1	0	3f3e8c0ebb34eeb59b973d8c6b666af50137c2d7825c63003348002d7b0a1d8f	850f8e42ca7684e4cadd817bea33cd2105d151a5bf077b3f35a6ed77d5b639bd	T32/w/cpaf/simddp/simd_3same/VORR_r_T1_D
146	1228	1229	VMOV	VMOV	VMOV<rule:al_option_choice__6><rule:qn_option_choice><rule:dot_dt_choice__3><rule:SPACE><rule:D_Vd><rule:COMMA><rule:N_Vn_M_Vm__2>	VMOV_VORR_r	1	26	3f3e8c0ebb34eeb59b973d8c6b666af50137c2d7825c63003348002d7b0a1d8f	b09395c21abb1b6b752de44d9716dee1b9b3b86fe0427313cae219a55977c313	T32/w/cpaf/simddp/simd_3same/VORR_r_T1_D
147	1229	1230	VRSHR	VRSHR	VRSHR<rule:al_option_choice__6><rule:qn_option_choice><rule:DOT><rule:dt__3><rule:SPACE><rule:D_Vd__4><rule:COMMA><rule:N_Vn_M_Vm><rule:COMMA><rule:hash>0	VRSHR_VORR_r	1	0	3f3e8c0ebb34eeb59b973d8c6b666af50137c2d7825c63003348002d7b0a1d8f	850f8e42ca7684e4cadd817bea33cd2105d151a5bf077b3f35a6ed77d5b639bd	T32/w/cpaf/simddp/simd_3same/VORR_r_T1_Q
148	1229	1230	VSHR	VSHR	VSHR<rule:al_option_choice__6><rule:qn_option_choice><rule:DOT><rule:dt__3><rule:SPACE><rule:D_Vd__4><rule:COMMA><rule:N_Vn_M_Vm><rule:COMMA><rule:hash>0	VSHR_VORR_r	1	0	3f3e8c0ebb34eeb59b973d8c6b666af50137c2d7825c63003348002d7b0a1d8f	850f8e42ca7684e4cadd817bea33cd2105d151a5bf077b3f35a6ed77d5b639bd	T32/w/cpaf/simddp/simd_3same/VORR_r_T1_Q
149	1229	1230	VMOV	VMOV	VMOV<rule:al_option_choice__6><rule:qn_option_choice><rule:dot_dt_choice__3><rule:SPACE><rule:D_Vd__4><rule:COMMA><rule:N_Vn_M_Vm>	VMOV_VORR_r	1	26	3f3e8c0ebb34eeb59b973d8c6b666af50137c2d7825c63003348002d7b0a1d8f	b09395c21abb1b6b752de44d9716dee1b9b3b86fe0427313cae219a55977c313	T32/w/cpaf/simddp/simd_3same/VORR_r_T1_Q
150	1258	1259	VCLE	VCLE	VCLE<rule:al_option_choice__6><rule:qn_option_choice><rule:DOT><rule:dt_option__6><rule:SPACE><rule:d_vd_choice><rule:N_Vn><rule:COMMA><rule:M_Vm>	VCLE_VCGE_r	1	0	3f3e8c0ebb34eeb59b973d8c6b666af50137c2d7825c63003348002d7b0a1d8f	850f8e42ca7684e4cadd817bea33cd2105d151a5bf077b3f35a6ed77d5b639bd	T32/w/cpaf/simddp/simd_3same/VCGE_r_T2_D
151	1259	1260	VCLE	VCLE	VCLE<rule:al_option_choice__6><rule:qn_option_choice><rule:DOT><rule:dt_option__6><rule:SPACE><rule:d_vd_choice__2><rule:N_Vn__2><rule:COMMA><rule:M_Vm__5>	VCLE_VCGE_r	1	0	3f3e8c0ebb34eeb59b973d8c6b666af50137c2d7825c63003348002d7b0a1d8f	850f8e42ca7684e4cadd817bea33cd2105d151a5bf077b3f35a6ed77d5b639bd	T32/w/cpaf/simddp/simd_3same/VCGE_r_T2_Q
152	1260	1261	VACLE	VACLE	VACLE<rule:al_option_choice__6><rule:qn_option_choice><rule:DOT><rule:dt_option__5><rule:SPACE><rule:d_vd_choice><rule:N_Vn><rule:COMMA><rule:M_Vm>	VACLE_VACGE	1	0	3f3e8c0ebb34eeb59b973d8c6b666af50137c2d7825c63003348002d7b0a1d8f	850f8e42ca7684e4cadd817bea33cd2105d151a5bf077b3f35a6ed77d5b639bd	T32/w/cpaf/simddp/simd_3same/VACGE_T1_D
153	1261	1262	VACLE	VACLE	VACLE<rule:al_option_choice__6><rule:qn_option_choice><rule:DOT><rule:dt_option__5><rule:SPACE><rule:d_vd_choice__2><rule:N_Vn__2><rule:COMMA><rule:M_Vm__5>	VACLE_VACGE	1	0	3f3e8c0ebb34eeb59b973d8c6b666af50137c2d7825c63003348002d7b0a1d8f	850f8e42ca7684e4cadd817bea33cd2105d151a5bf077b3f35a6ed77d5b639bd	T32/w/cpaf/simddp/simd_3same/VACGE_T1_Q
154	1277	1278	VCLT	VCLT	VCLT<rule:al_option_choice__6><rule:qn_option_choice><rule:DOT><rule:dt_option__6><rule:SPACE><rule:d_vd_choice><rule:N_Vn><rule:COMMA><rule:M_Vm>	VCLT_VCGT_r	1	0	3f3e8c0ebb34eeb59b973d8c6b666af50137c2d7825c63003348002d7b0a1d8f	850f8e42ca7684e4cadd817bea33cd2105d151a5bf077b3f35a6ed77d5b639bd	T32/w/cpaf/simddp/simd_3same/VCGT_r_T2_D
155	1278	1279	VCLT	VCLT	VCLT<rule:al_option_choice__6><rule:qn_option_choice><rule:DOT><rule:dt_option__6><rule:SPACE><rule:d_vd_choice__2><rule:N_Vn__2><rule:COMMA><rule:M_Vm__5>	VCLT_VCGT_r	1	0	3f3e8c0ebb34eeb59b973d8c6b666af50137c2d7825c63003348002d7b0a1d8f	850f8e42ca7684e4cadd817bea33cd2105d151a5bf077b3f35a6ed77d5b639bd	T32/w/cpaf/simddp/simd_3same/VCGT_r_T2_Q
156	1279	1280	VACLT	VACLT	VACLT<rule:al_option_choice__6><rule:qn_option_choice><rule:DOT><rule:dt_option__5><rule:SPACE><rule:d_vd_choice><rule:N_Vn><rule:COMMA><rule:M_Vm>	VACLT_VACGT	1	0	3f3e8c0ebb34eeb59b973d8c6b666af50137c2d7825c63003348002d7b0a1d8f	850f8e42ca7684e4cadd817bea33cd2105d151a5bf077b3f35a6ed77d5b639bd	T32/w/cpaf/simddp/simd_3same/VACGT_T1_D
157	1280	1281	VACLT	VACLT	VACLT<rule:al_option_choice__6><rule:qn_option_choice><rule:DOT><rule:dt_option__5><rule:SPACE><rule:d_vd_choice__2><rule:N_Vn__2><rule:COMMA><rule:M_Vm__5>	VACLT_VACGT	1	0	3f3e8c0ebb34eeb59b973d8c6b666af50137c2d7825c63003348002d7b0a1d8f	850f8e42ca7684e4cadd817bea33cd2105d151a5bf077b3f35a6ed77d5b639bd	T32/w/cpaf/simddp/simd_3same/VACGT_T1_Q
158	1301	1302	VEXT	VEXT	VEXT<rule:al_option_choice__6><rule:qn_option_choice><rule:DOT><rule:size__7><rule:SPACE><rule:d_vd_choice><rule:N_Vn><rule:COMMA><rule:M_Vm><rule:COMMA><rule:hash><rule:imm__112>	VEXT_VEXT	1	0	3f3e8c0ebb34eeb59b973d8c6b666af50137c2d7825c63003348002d7b0a1d8f	850f8e42ca7684e4cadd817bea33cd2105d151a5bf077b3f35a6ed77d5b639bd	T32/w/cpaf/simddp/t_simd_mulreg/simd_ext/VEXT_T1_D
159	1302	1303	VEXT	VEXT	VEXT<rule:al_option_choice__6><rule:qn_option_choice><rule:DOT><rule:size__6><rule:SPACE><rule:d_vd_choice__2><rule:N_Vn__2><rule:COMMA><rule:M_Vm__5><rule:COMMA><rule:hash><rule:imm__110>	VEXT_VEXT	1	0	3f3e8c0ebb34eeb59b973d8c6b666af50137c2d7825c63003348002d7b0a1d8f	850f8e42ca7684e4cadd817bea33cd2105d151a5bf077b3f35a6ed77d5b639bd	T32/w/cpaf/simddp/t_simd_mulreg/simd_ext/VEXT_T1_Q
160	1347	1348	VZIP	VZIP	VZIP<rule:al_option_choice__6><rule:qn_option_choice><rule:DOT>32<rule:SPACE><rule:D_Vd><rule:COMMA><rule:M_Vm__2>	VZIP_VTRN	125	0	42f45048f171e1ce35cadac8c7cbe741adc561c41578ad70619a55ea6496ff21	850f8e42ca7684e4cadd817bea33cd2105d151a5bf077b3f35a6ed77d5b639bd	T32/w/cpaf/simddp/t_simd_mulreg/simd_2r_misc/VTRN_T1_D
161	1347	1348	VUZP	VUZP	VUZP<rule:al_option_choice__6><rule:qn_option_choice><rule:DOT>32<rule:SPACE><rule:D_Vd><rule:COMMA><rule:M_Vm__2>	VUZP_VTRN	125	0	42f45048f171e1ce35cadac8c7cbe741adc561c41578ad70619a55ea6496ff21	850f8e42ca7684e4cadd817bea33cd2105d151a5bf077b3f35a6ed77d5b639bd	T32/w/cpaf/simddp/t_simd_mulreg/simd_2r_misc/VTRN_T1_D
162	1353	1354	VRSHRN	VRSHRN	VRSHRN<rule:al_option_choice__6><rule:qn_option_choice><rule:DOT><rule:dt_option__34><rule:SPACE><rule:D_Vd><rule:COMMA><rule:M_Vm__8><rule:COMMA><rule:hash>0	VRSHRN_VMOVN	1	0	3f3e8c0ebb34eeb59b973d8c6b666af50137c2d7825c63003348002d7b0a1d8f	850f8e42ca7684e4cadd817bea33cd2105d151a5bf077b3f35a6ed77d5b639bd	T32/w/cpaf/simddp/t_simd_mulreg/simd_2r_misc/VMOVN_T1
163	1353	1354	VSHRN	VSHRN	VSHRN<rule:al_option_choice__6><rule:qn_option_choice><rule:DOT><rule:dt_option__34><rule:SPACE><rule:D_Vd><rule:COMMA><rule:M_Vm__8><rule:COMMA><rule:hash>0	VSHRN_VMOVN	1	0	3f3e8c0ebb34eeb59b973d8c6b666af50137c2d7825c63003348002d7b0a1d8f	850f8e42ca7684e4cadd817bea33cd2105d151a5bf077b3f35a6ed77d5b639bd	T32/w/cpaf/simddp/t_simd_mulreg/simd_2r_misc/VMOVN_T1
164	1354	1355	VQRSHRN	VQRSHRN	VQRSHRN<rule:al_option_choice__6><rule:qn_option_choice><rule:DOT><rule:dt_option__38><rule:SPACE><rule:D_Vd><rule:COMMA><rule:M_Vm__8><rule:COMMA><rule:hash>0	VQRSHRN_VQMOVN	1	0	3f3e8c0ebb34eeb59b973d8c6b666af50137c2d7825c63003348002d7b0a1d8f	850f8e42ca7684e4cadd817bea33cd2105d151a5bf077b3f35a6ed77d5b639bd	T32/w/cpaf/simddp/t_simd_mulreg/simd_2r_misc/VQMOVN_T1
165	1354	1355	VQSHRN	VQSHRN	VQSHRN<rule:al_option_choice__6><rule:qn_option_choice><rule:DOT><rule:dt_option__38><rule:SPACE><rule:D_Vd><rule:COMMA><rule:M_Vm__8><rule:COMMA><rule:hash>0	VQSHRN_VQMOVN	1	0	3f3e8c0ebb34eeb59b973d8c6b666af50137c2d7825c63003348002d7b0a1d8f	850f8e42ca7684e4cadd817bea33cd2105d151a5bf077b3f35a6ed77d5b639bd	T32/w/cpaf/simddp/t_simd_mulreg/simd_2r_misc/VQMOVN_T1
166	1355	1356	VQSHRUN	VQSHRUN	VQSHRUN<rule:al_option_choice__6><rule:qn_option_choice><rule:DOT><rule:dt_option__36><rule:SPACE><rule:D_Vd><rule:COMMA><rule:M_Vm__8><rule:COMMA><rule:hash>0	VQSHRUN_VQMOVN	1	0	3f3e8c0ebb34eeb59b973d8c6b666af50137c2d7825c63003348002d7b0a1d8f	850f8e42ca7684e4cadd817bea33cd2105d151a5bf077b3f35a6ed77d5b639bd	T32/w/cpaf/simddp/t_simd_mulreg/simd_2r_misc/VQMOVUN_T1
167	1355	1356	VQRSHRUN	VQRSHRUN	VQRSHRUN<rule:al_option_choice__6><rule:qn_option_choice><rule:DOT><rule:dt_option__36><rule:SPACE><rule:D_Vd><rule:COMMA><rule:M_Vm__8><rule:COMMA><rule:hash>0	VQRSHRUN_VQMOVN	1	0	3f3e8c0ebb34eeb59b973d8c6b666af50137c2d7825c63003348002d7b0a1d8f	850f8e42ca7684e4cadd817bea33cd2105d151a5bf077b3f35a6ed77d5b639bd	T32/w/cpaf/simddp/t_simd_mulreg/simd_2r_misc/VQMOVUN_T1
168	1431	1432	VORN	VORN	VORN<rule:al_option_choice__6><rule:qn_option_choice><rule:DOT>I32<rule:SPACE><rule:d_vd_choice><rule:D_Vd><rule:COMMA><rule:hash><rule:imm__114>	VORN_VORR_i	1	0	3f3e8c0ebb34eeb59b973d8c6b666af50137c2d7825c63003348002d7b0a1d8f	850f8e42ca7684e4cadd817bea33cd2105d151a5bf077b3f35a6ed77d5b639bd	T32/w/cpaf/simddp/t_simd_12reg/simd_1r_imm/VORR_i_T1_D
169	1432	1433	VORN	VORN	VORN<rule:al_option_choice__6><rule:qn_option_choice><rule:DOT>I32<rule:SPACE><rule:d_vd_choice__2><rule:D_Vd__4><rule:COMMA><rule:hash><rule:imm__114>	VORN_VORR_i	1	0	3f3e8c0ebb34eeb59b973d8c6b666af50137c2d7825c63003348002d7b0a1d8f	850f8e42ca7684e4cadd817bea33cd2105d151a5bf077b3f35a6ed77d5b639bd	T32/w/cpaf/simddp/t_simd_12reg/simd_1r_imm/VORR_i_T1_Q
170	1433	1434	VAND	VAND	VAND<rule:al_option_choice__6><rule:qn_option_choice><rule:DOT>I32<rule:SPACE><rule:d_vd_choice><rule:D_Vd><rule:COMMA><rule:hash><rule:imm__114>	VAND_VBIC_i	1	0	3f3e8c0ebb34eeb59b973d8c6b666af50137c2d7825c63003348002d7b0a1d8f	850f8e42ca7684e4cadd817bea33cd2105d151a5bf077b3f35a6ed77d5b639bd	T32/w/cpaf/simddp/t_simd_12reg/simd_1r_imm/VBIC_i_T1_D
171	1434	1435	VAND	VAND	VAND<rule:al_option_choice__6><rule:qn_option_choice><rule:DOT>I32<rule:SPACE><rule:d_vd_choice__2><rule:D_Vd__4><rule:COMMA><rule:hash><rule:imm__114>	VAND_VBIC_i	1	0	3f3e8c0ebb34eeb59b973d8c6b666af50137c2d7825c63003348002d7b0a1d8f	850f8e42ca7684e4cadd817bea33cd2105d151a5bf077b3f35a6ed77d5b639bd	T32/w/cpaf/simddp/t_simd_12reg/simd_1r_imm/VBIC_i_T1_Q
172	1439	1440	VORN	VORN	VORN<rule:al_option_choice__6><rule:qn_option_choice><rule:DOT>I16<rule:SPACE><rule:d_vd_choice><rule:D_Vd><rule:COMMA><rule:hash><rule:imm__114>	VORN_VORR_i	1	0	3f3e8c0ebb34eeb59b973d8c6b666af50137c2d7825c63003348002d7b0a1d8f	850f8e42ca7684e4cadd817bea33cd2105d151a5bf077b3f35a6ed77d5b639bd	T32/w/cpaf/simddp/t_simd_12reg/simd_1r_imm/VORR_i_T2_D
173	1440	1441	VORN	VORN	VORN<rule:al_option_choice__6><rule:qn_option_choice><rule:DOT>I16<rule:SPACE><rule:d_vd_choice__2><rule:D_Vd__4><rule:COMMA><rule:hash><rule:imm__114>	VORN_VORR_i	1	0	3f3e8c0ebb34eeb59b973d8c6b666af50137c2d7825c63003348002d7b0a1d8f	850f8e42ca7684e4cadd817bea33cd2105d151a5bf077b3f35a6ed77d5b639bd	T32/w/cpaf/simddp/t_simd_12reg/simd_1r_imm/VORR_i_T2_Q
174	1441	1442	VAND	VAND	VAND<rule:al_option_choice__6><rule:qn_option_choice><rule:DOT>I16<rule:SPACE><rule:d_vd_choice><rule:D_Vd><rule:COMMA><rule:hash><rule:imm__114>	VAND_VBIC_i	1	0	3f3e8c0ebb34eeb59b973d8c6b666af50137c2d7825c63003348002d7b0a1d8f	850f8e42ca7684e4cadd817bea33cd2105d151a5bf077b3f35a6ed77d5b639bd	T32/w/cpaf/simddp/t_simd_12reg/simd_1r_imm/VBIC_i_T2_D
175	1442	1443	VAND	VAND	VAND<rule:al_option_choice__6><rule:qn_option_choice><rule:DOT>I16<rule:SPACE><rule:d_vd_choice__2><rule:D_Vd__4><rule:COMMA><rule:hash><rule:imm__114>	VAND_VBIC_i	1	0	3f3e8c0ebb34eeb59b973d8c6b666af50137c2d7825c63003348002d7b0a1d8f	850f8e42ca7684e4cadd817bea33cd2105d151a5bf077b3f35a6ed77d5b639bd	T32/w/cpaf/simddp/t_simd_12reg/simd_1r_imm/VBIC_i_T2_Q
176	1483	1484	VPUSH	VPUSH	VPUSH<rule:al_option_choice__4><rule:qn_option_choice><rule:dot_vstm_size_choice><rule:SPACE><rule:registers__10>	VPUSH_VSTM	165	1	3efe8ccf41321a8087829e4d143d3d41095baefb7b854f6e7dbc205532b16c9f	3f3e8c0ebb34eeb59b973d8c6b666af50137c2d7825c63003348002d7b0a1d8f	T32/w/cpaf/sysldst_mov64/simdfp_ldst/VSTMDB_T2
177	1484	1485	T2B	VSTMIA	VSTMIA<rule:al_option_choice__4><rule:qn_option_choice><rule:dot_vstm_size_choice><rule:SPACE><rule:Rn__29><rule:bang_choice__3><rule:COMMA><rule:registers__10>	VSTM	1	0	3f3e8c0ebb34eeb59b973d8c6b666af50137c2d7825c63003348002d7b0a1d8f	850f8e42ca7684e4cadd817bea33cd2105d151a5bf077b3f35a6ed77d5b639bd	T32/w/cpaf/sysldst_mov64/simdfp_ldst/VSTM_T2
178	1485	1486	VPUSH	VPUSH	VPUSH<rule:al_option_choice__4><rule:qn_option_choice><rule:dot_vstm_size_choice><rule:SPACE><rule:registers__11>	VPUSH_VSTM	165	1	3efe8ccf41321a8087829e4d143d3d41095baefb7b854f6e7dbc205532b16c9f	3f3e8c0ebb34eeb59b973d8c6b666af50137c2d7825c63003348002d7b0a1d8f	T32/w/cpaf/sysldst_mov64/simdfp_ldst/VSTMDB_T1
179	1486	1487	T1B	VSTMIA	VSTMIA<rule:al_option_choice__4><rule:qn_option_choice><rule:dot_vstm_size_choice><rule:SPACE><rule:Rn__29><rule:bang_choice__3><rule:COMMA><rule:registers__11>	VSTM	1	0	3f3e8c0ebb34eeb59b973d8c6b666af50137c2d7825c63003348002d7b0a1d8f	850f8e42ca7684e4cadd817bea33cd2105d151a5bf077b3f35a6ed77d5b639bd	T32/w/cpaf/sysldst_mov64/simdfp_ldst/VSTM_T1
180	1490	1491	T2B	VLDMIA	VLDMIA<rule:al_option_choice__4><rule:qn_option_choice><rule:dot_vstm_size_choice><rule:SPACE><rule:Rn__30><rule:bang_choice__3><rule:COMMA><rule:registers__10>	VLDM	1	0	3f3e8c0ebb34eeb59b973d8c6b666af50137c2d7825c63003348002d7b0a1d8f	850f8e42ca7684e4cadd817bea33cd2105d151a5bf077b3f35a6ed77d5b639bd	T32/w/cpaf/sysldst_mov64/simdfp_ldst/VLDM_T2
181	1490	1491	VPOP	VPOP	VPOP<rule:al_option_choice__4><rule:qn_option_choice><rule:dot_vstm_size_choice><rule:SPACE><rule:registers__10>	VPOP_VLDM	164	1	1a4b8a19cf569b1a26bcf6bbf248d792cff1553ec2befaf843bf64b6f9d89c01	3f3e8c0ebb34eeb59b973d8c6b666af50137c2d7825c63003348002d7b0a1d8f	T32/w/cpaf/sysldst_mov64/simdfp_ldst/VLDM_T2
182	1492	1493	T1B	VLDMIA	VLDMIA<rule:al_option_choice__4><rule:qn_option_choice><rule:dot_vstm_size_choice><rule:SPACE><rule:Rn__30><rule:bang_choice__3><rule:COMMA><rule:registers__11>	VLDM	1	0	3f3e8c0ebb34eeb59b973d8c6b666af50137c2d7825c63003348002d7b0a1d8f	850f8e42ca7684e4cadd817bea33cd2105d151a5bf077b3f35a6ed77d5b639bd	T32/w/cpaf/sysldst_mov64/simdfp_ldst/VLDM_T1
183	1492	1493	VPOP	VPOP	VPOP<rule:al_option_choice__4><rule:qn_option_choice><rule:dot_vstm_size_choice><rule:SPACE><rule:registers__11>	VPOP_VLDM	164	1	1a4b8a19cf569b1a26bcf6bbf248d792cff1553ec2befaf843bf64b6f9d89c01	3f3e8c0ebb34eeb59b973d8c6b666af50137c2d7825c63003348002d7b0a1d8f	T32/w/cpaf/sysldst_mov64/simdfp_ldst/VLDM_T1
184	1501	1502	T1B	VLDR	VLDR<rule:al_option_choice__4><rule:qn_option_choice><rule:DOT>16<rule:SPACE><rule:Vd_D><rule:COMMA>[PC<rule:COMMA><rule:hash><rule:plus_or_minus_option><rule:imm__96>]	VLDR_l	256	0	955a5cf80a63af9ac2d800f2664950e63d21a803b6b654d235a9814c7be3cc70	850f8e42ca7684e4cadd817bea33cd2105d151a5bf077b3f35a6ed77d5b639bd	T32/w/cpaf/sysldst_mov64/simdfp_ldst/VLDR_l_T1_H
185	1502	1503	T1B	VLDR	VLDR<rule:al_option_choice__4><rule:qn_option_choice><rule:dot_32_choice><rule:SPACE><rule:Vd_D><rule:COMMA>[PC<rule:COMMA><rule:hash><rule:plus_or_minus_option><rule:imm__97>]	VLDR_l	1	0	3f3e8c0ebb34eeb59b973d8c6b666af50137c2d7825c63003348002d7b0a1d8f	850f8e42ca7684e4cadd817bea33cd2105d151a5bf077b3f35a6ed77d5b639bd	T32/w/cpaf/sysldst_mov64/simdfp_ldst/VLDR_l_T1_S
186	1503	1504	T1B	VLDR	VLDR<rule:al_option_choice__4><rule:qn_option_choice><rule:dot_64_choice><rule:SPACE><rule:D_Vd><rule:COMMA>[PC<rule:COMMA><rule:hash><rule:plus_or_minus_option><rule:imm__97>]	VLDR_l	1	0	3f3e8c0ebb34eeb59b973d8c6b666af50137c2d7825c63003348002d7b0a1d8f	850f8e42ca7684e4cadd817bea33cd2105d151a5bf077b3f35a6ed77d5b639bd	T32/w/cpaf/sysldst_mov64/simdfp_ldst/VLDR_l_T1_D
187	1504	1505	T1B	LDC	LDC<rule:al_option_choice__4><rule:qn_option_choice><rule:SPACE>p14<rule:COMMA>c5<rule:COMMA>[PC<rule:COMMA><rule:hash><rule:plus_or_minus_option><rule:imm__100>]	LDC_l	163	0	887599ee1471df91940ea62e7061cd5a64343bd43030e45c54ade0a139d77d22	850f8e42ca7684e4cadd817bea33cd2105d151a5bf077b3f35a6ed77d5b639bd	T32/w/cpaf/sysldst_mov64/cp_ldst/LDC_l_T1
188	1718	1719	T1B	RFEFA	RFEFA<rule:al_option_choice__6><rule:qn_option_choice><rule:SPACE><rule:Rn__12><rule:bang_choice>	RFE	1	0	3f3e8c0ebb34eeb59b973d8c6b666af50137c2d7825c63003348002d7b0a1d8f	850f8e42ca7684e4cadd817bea33cd2105d151a5bf077b3f35a6ed77d5b639bd	T32/w/ldstm/RFE_T1_AS
189	1719	1720	T2B	STMEA	STMEA<rule:al_option_choice__4><rule:DOT>W<rule:SPACE><rule:Rn__12><rule:bang_choice><rule:COMMA><rule:registers__30>	STM	1	112	3f3e8c0ebb34eeb59b973d8c6b666af50137c2d7825c63003348002d7b0a1d8f	f6966751d50460436a6b5b3af51372ec8eb311850a858f27890019465d4d4440	T32/w/ldstm/STM_T2
190	1719	1720	T2C	STM	STM<rule:ia_choice__2><rule:al_option_choice__4><rule:qn_option_choice><rule:SPACE><rule:Rn__12><rule:bang_choice><rule:COMMA><rule:registers__30>	STM	1	0	3f3e8c0ebb34eeb59b973d8c6b666af50137c2d7825c63003348002d7b0a1d8f	850f8e42ca7684e4cadd817bea33cd2105d151a5bf077b3f35a6ed77d5b639bd	T32/w/ldstm/STM_T2
191	1719	1720	T2D	STMEA	STMEA<rule:al_option_choice__4><rule:qn_option_choice><rule:SPACE><rule:Rn__12><rule:bang_choice><rule:COMMA><rule:registers__30>	STM	1	0	3f3e8c0ebb34eeb59b973d8c6b666af50137c2d7825c63003348002d7b0a1d8f	850f8e42ca7684e4cadd817bea33cd2105d151a5bf077b3f35a6ed77d5b639bd	T32/w/ldstm/STM_T2
192	1720	1721	T2B	LDMFD	LDMFD<rule:al_option_choice__4><rule:DOT>W<rule:SPACE><rule:Rn__12><rule:bang_choice__2><rule:COMMA><rule:registers__31>	LDM	1	111	3f3e8c0ebb34eeb59b973d8c6b666af50137c2d7825c63003348002d7b0a1d8f	be91a34fc45b8b4f3dc0442195d6c50239a90d0851f3b743db1be09bd81b3e6f	T32/w/ldstm/LDM_T2
193	1720	1721	T2C	LDM	LDM<rule:ia_choice__2><rule:al_option_choice__4><rule:qn_option_choice><rule:SPACE><rule:Rn__12><rule:bang_choice__2><rule:COMMA><rule:registers__31>	LDM	1	0	3f3e8c0ebb34eeb59b973d8c6b666af50137c2d7825c63003348002d7b0a1d8f	850f8e42ca7684e4cadd817bea33cd2105d151a5bf077b3f35a6ed77d5b639bd	T32/w/ldstm/LDM_T2
194	1720	1721	T2D	LDMFD	LDMFD<rule:al_option_choice__4><rule:qn_option_choice><rule:SPACE><rule:Rn__12><rule:bang_choice__2><rule:COMMA><rule:registers__31>	LDM	1	0	3f3e8c0ebb34eeb59b973d8c6b666af50137c2d7825c63003348002d7b0a1d8f	850f8e42ca7684e4cadd817bea33cd2105d151a5bf077b3f35a6ed77d5b639bd	T32/w/ldstm/LDM_T2
195	1720	1721	POP	POP	POP<rule:al_option_choice__4><rule:qn_option_choice><rule:SPACE><rule:registers__32>	POP_LDM	137	89	83fa52af7e5a1aaa98136f50422844d4f2e5939474390fa4bf25dc7b0e3c7844	f71285911fac284ca220b5392b0f33316845068c377e1018256a42b73d5d4f92	T32/w/ldstm/LDM_T2
196	1720	1721	POPB	POP	POP<rule:al_option_choice__4><rule:DOT>W<rule:SPACE><rule:registers__32>	POP_LDM	1	89	3f3e8c0ebb34eeb59b973d8c6b666af50137c2d7825c63003348002d7b0a1d8f	f71285911fac284ca220b5392b0f33316845068c377e1018256a42b73d5d4f92	T32/w/ldstm/LDM_T2
197	1721	1722	PUSH	PUSH	PUSH<rule:al_option_choice__4><rule:qn_option_choice><rule:SPACE><rule:registers__33>	PUSH_STMDB	137	88	83fa52af7e5a1aaa98136f50422844d4f2e5939474390fa4bf25dc7b0e3c7844	1ce411fe55526b4b79f93772107666b1520746298e424cc36c015899381695ab	T32/w/ldstm/STMDB_T1
198	1721	1722	PUSHB	PUSH	PUSH<rule:al_option_choice__4><rule:DOT>W<rule:SPACE><rule:registers__33>	PUSH_STMDB	1	88	3f3e8c0ebb34eeb59b973d8c6b666af50137c2d7825c63003348002d7b0a1d8f	1ce411fe55526b4b79f93772107666b1520746298e424cc36c015899381695ab	T32/w/ldstm/STMDB_T1
199	1721	1722	T1B	STMFD	STMFD<rule:al_option_choice__4><rule:qn_option_choice><rule:SPACE><rule:Rn__12><rule:bang_choice><rule:COMMA><rule:registers__30>	STMDB	1	0	3f3e8c0ebb34eeb59b973d8c6b666af50137c2d7825c63003348002d7b0a1d8f	850f8e42ca7684e4cadd817bea33cd2105d151a5bf077b3f35a6ed77d5b639bd	T32/w/ldstm/STMDB_T1
200	1722	1723	T1B	LDMEA	LDMEA<rule:al_option_choice__4><rule:qn_option_choice><rule:SPACE><rule:Rn__12><rule:bang_choice><rule:COMMA><rule:registers__31>	LDMDB	1	0	3f3e8c0ebb34eeb59b973d8c6b666af50137c2d7825c63003348002d7b0a1d8f	850f8e42ca7684e4cadd817bea33cd2105d151a5bf077b3f35a6ed77d5b639bd	T32/w/ldstm/LDMDB_T1
201	1724	1725	T2B	RFEFD	RFEFD<rule:al_option_choice__6><rule:qn_option_choice><rule:SPACE><rule:Rn__12><rule:bang_choice>	RFE	1	0	3f3e8c0ebb34eeb59b973d8c6b666af50137c2d7825c63003348002d7b0a1d8f	850f8e42ca7684e4cadd817bea33cd2105d151a5bf077b3f35a6ed77d5b639bd	T32/w/ldstm/RFE_T2_AS
202	1755	1756	T1B	LDRD	LDRD<rule:al_option_choice__4><rule:qn_option_choice><rule:SPACE><rule:Rt__19><rule:COMMA><rule:Rt2__7><rule:COMMA>[PC<rule:COMMA><rule:hash><rule:plus_or_minus_option><rule:imm__130>]	LDRD_l	162	0	266beb25869b29b305f2934ad23d2c3c4f8aee2ceb212dec2d5eefa3394418c0	850f8e42ca7684e4cadd817bea33cd2105d151a5bf077b3f35a6ed77d5b639bd	T32/w/dstd/lddlit/LDRD_l_T1
203	1757	1758	T2B	AND	AND<rule:AL_option__4><rule:DOT>W<rule:SPACE><rule:rd_choice__19><rule:Rn__37><rule:COMMA><rule:Rm__19>	AND_r	62	422	5542c844827f2f4220b0897a7afaaa89e2e6d48f6ee2db579cc3e8e9d7369d5d	24012b263dc8946c7989b9eb7fa5bc29e641e851fad11f5410e8599706311ce4	T32/w/dpint_shiftr/AND_r_T2
204	1759	1760	T2B	ANDS	ANDS<rule:DOT>W<rule:SPACE><rule:rd_choice__19><rule:Rn__37><rule:COMMA><rule:Rm__19>	AND_r	63	434	89b233ffa80de80187ecd24068977db1a86c3eb5f9a3fd3d6e0b648822258d38	ca0adf7b4381887ca9518574aec4258a5d636b54310b1d3070d6b9d56417a23b	T32/w/dpint_shiftr/ANDS_r_T2
205	1761	1762	T2B	TST	TST<rule:al_option_choice__4><rule:DOT>W<rule:SPACE><rule:Rn__37><rule:COMMA><rule:Rm__19>	TST_r	62	110	5542c844827f2f4220b0897a7afaaa89e2e6d48f6ee2db579cc3e8e9d7369d5d	fdad78a1aeed89e94f0babef9dd201e8a02d26ec5d81cbd32628dcf4999649ec	T32/w/dpint_shiftr/TST_r_T2
206	1763	1764	T2B	BIC	BIC<rule:AL_option__4><rule:DOT>W<rule:SPACE><rule:rd_choice__19><rule:Rn__37><rule:COMMA><rule:Rm__19>	BIC_r	62	422	5542c844827f2f4220b0897a7afaaa89e2e6d48f6ee2db579cc3e8e9d7369d5d	24012b263dc8946c7989b9eb7fa5bc29e641e851fad11f5410e8599706311ce4	T32/w/dpint_shiftr/BIC_r_T2
207	1765	1766	T2B	BICS	BICS<rule:DOT>W<rule:SPACE><rule:rd_choice__19><rule:Rn__37><rule:COMMA><rule:Rm__19>	BIC_r	62	434	5542c844827f2f4220b0897a7afaaa89e2e6d48f6ee2db579cc3e8e9d7369d5d	ca0adf7b4381887ca9518574aec4258a5d636b54310b1d3070d6b9d56417a23b	T32/w/dpint_shiftr/BICS_r_T2
208	1767	1768	T2B	ORR	ORR<rule:AL_option__4><rule:DOT>W<rule:SPACE><rule:rd_choice__19><rule:Rn__37><rule:COMMA><rule:Rm__19>	ORR_r	66	422	7e608b5f93e7ee8b2284bc4fcdf3790eaf376cb98294e96322931968c924b4bc	24012b263dc8946c7989b9eb7fa5bc29e641e851fad11f5410e8599706311ce4	T32/w/dpint_shiftr/ORR_r_T2
209	1769	1770	T2B	ORRS	ORRS<rule:DOT>W<rule:SPACE><rule:rd_choice__19><rule:Rn__37><rule:COMMA><rule:Rm__19>	ORR_r	66	434	7e608b5f93e7ee8b2284bc4fcdf3790eaf376cb98294e96322931968c924b4bc	ca0adf7b4381887ca9518574aec4258a5d636b54310b1d3070d6b9d56417a23b	T32/w/dpint_shiftr/ORRS_r_T2
210	1770	1771	RRX	RRX	RRX<rule:al_option_choice__4><rule:qn_option_choice><rule:SPACE><rule:rd_choice__20><rule:Rm__10>	RRX_MOV_r	132	1	0112e36e8083bee167a929ff76aaf3e72306017b641eab6947937b574a532fbd	3f3e8c0ebb34eeb59b973d8c6b666af50137c2d7825c63003348002d7b0a1d8f	T32/w/dpint_shiftr/MOV_r_T3_RRX
211	1771	1772	LSR	LSR	LSR<rule:al_option_choice__4><rule:qn_option_choice><rule:SPACE><rule:rd_choice__20><rule:Rm__10><rule:COMMA><rule:hash><rule:imm3_imm2__3>	LSR_MOV_r	67	1	4edc2a2501f9a7e2347f815b1f3ffbcb610190281a6420dd35e55800950978b9	3f3e8c0ebb34eeb59b973d8c6b666af50137c2d7825c63003348002d7b0a1d8f	T32/w/dpint_shiftr/MOV_r_T3
212	1771	1772	LSRB	LSR	LSR<rule:AL_option__4><rule:DOT>W<rule:SPACE><rule:rd_choice__20><rule:Rm__10><rule:COMMA><rule:hash><rule:imm3_imm2__3>	LSR_MOV_r	62	1	5542c844827f2f4220b0897a7afaaa89e2e6d48f6ee2db579cc3e8e9d7369d5d	3f3e8c0ebb34eeb59b973d8c6b666af50137c2d7825c63003348002d7b0a1d8f	T32/w/dpint_shiftr/MOV_r_T3
213	1771	1772	LSL	LSL	LSL<rule:al_option_choice__4><rule:qn_option_choice><rule:SPACE><rule:rd_choice__20><rule:Rm__10><rule:COMMA><rule:hash><rule:imm3_imm2__4>	LSL_MOV_r	69	1	c0cc603a5fc5c4c7763e04d2d29199bf0a4054ab5a5beba5ebd1db27895da95f	3f3e8c0ebb34eeb59b973d8c6b666af50137c2d7825c63003348002d7b0a1d8f	T32/w/dpint_shiftr/MOV_r_T3
214	1771	1772	LSLB	LSL	LSL<rule:AL_option__4><rule:DOT>W<rule:SPACE><rule:rd_choice__20><rule:Rm__10><rule:COMMA><rule:hash><rule:imm3_imm2__4>	LSL_MOV_r	62	1	5542c844827f2f4220b0897a7afaaa89e2e6d48f6ee2db579cc3e8e9d7369d5d	3f3e8c0ebb34eeb59b973d8c6b666af50137c2d7825c63003348002d7b0a1d8f	T32/w/dpint_shiftr/MOV_r_T3
215	1771	1772	T3B	MOV	MOV<rule:al_option_choice__4><rule:DOT>W<rule:SPACE><rule:Rd__25><rule:COMMA><rule:Rm__10><rule:OPT_SPACE><rule:lsl0_choice>	MOV_r	62	13	5542c844827f2f4220b0897a7afaaa89e2e6d48f6ee2db579cc3e8e9d7369d5d	bd894daf4ba4e7be530771f75f5eb8046f45df67685737509ab6375c6f8ed900	T32/w/dpint_shiftr/MOV_r_T3
216	1771	1772	T3C	MOV	MOV<rule:AL_option__4><rule:DOT>W<rule:SPACE><rule:Rd__25><rule:COMMA><rule:Rm__10><rule:OPT_SPACE><rule:shift_option_imm3_imm2_choice__2>	MOV_r	62	425	5542c844827f2f4220b0897a7afaaa89e2e6d48f6ee2db579cc3e8e9d7369d5d	5b8d2b4d298166a7e30655501773ce7cb0aad80cafa556f632602f8b6464a95e	T32/w/dpint_shiftr/MOV_r_T3
217	1771	1772	ASR	ASR	ASR<rule:al_option_choice__4><rule:qn_option_choice><rule:SPACE><rule:rd_choice__20><rule:Rm__10><rule:COMMA><rule:hash><rule:imm3_imm2__5>	ASR_MOV_r	68	1	49e2c8182034d5ac0812fbfbc819465e7b220da28b5273bbaadea85c693b6dfa	3f3e8c0ebb34eeb59b973d8c6b666af50137c2d7825c63003348002d7b0a1d8f	T32/w/dpint_shiftr/MOV_r_T3
218	1771	1772	ASRB	ASR	ASR<rule:AL_option__4><rule:DOT>W<rule:SPACE><rule:rd_choice__20><rule:Rm__10><rule:COMMA><rule:hash><rule:imm3_imm2__5>	ASR_MOV_r	62	1	5542c844827f2f4220b0897a7afaaa89e2e6d48f6ee2db579cc3e8e9d7369d5d	3f3e8c0ebb34eeb59b973d8c6b666af50137c2d7825c63003348002d7b0a1d8f	T32/w/dpint_shiftr/MOV_r_T3
219	1771	1772	ROR	ROR	ROR<rule:al_option_choice__4><rule:qn_option_choice><rule:SPACE><rule:rd_choice__20><rule:Rm__10><rule:COMMA><rule:hash><rule:imm3_imm2__6>	ROR_MOV_r	70	1	ff054ca5b2305c33a50b588c6a379f692001993cc25d76f8e5f86ed87acda341	3f3e8c0ebb34eeb59b973d8c6b666af50137c2d7825c63003348002d7b0a1d8f	T32/w/dpint_shiftr/MOV_r_T3
220	1772	1773	RRXS	RRXS	RRXS<rule:al_option_choice__4><rule:qn_option_choice><rule:SPACE><rule:rd_choice__20><rule:Rm__10>	RRXS_MOV_r	133	1	c8bb658364bd0773ed24591c4c852eca69379809cc68982cbe3593330fa7d6aa	3f3e8c0ebb34eeb59b973d8c6b666af50137c2d7825c63003348002d7b0a1d8f	T32/w/dpint_shiftr/MOVS_r_T3_RRX
221	1773	1774	ASRS	ASRS	ASRS<rule:al_option_choice__4><rule:qn_option_choice><rule:SPACE><rule:rd_choice__20><rule:Rm__10><rule:COMMA><rule:hash><rule:imm3_imm2__5>	ASRS_MOV_r	72	1	485a597984f25e48e2e13bdf90499655cb4c3be2a0844fb9ddcc6c56b8992729	3f3e8c0ebb34eeb59b973d8c6b666af50137c2d7825c63003348002d7b0a1d8f	T32/w/dpint_shiftr/MOVS_r_T3
222	1773	1774	ASRSB	ASRS	ASRS<rule:DOT>W<rule:SPACE><rule:rd_choice__20><rule:Rm__10><rule:COMMA><rule:hash><rule:imm3_imm2__5>	ASRS_MOV_r	62	1	5542c844827f2f4220b0897a7afaaa89e2e6d48f6ee2db579cc3e8e9d7369d5d	3f3e8c0ebb34eeb59b973d8c6b666af50137c2d7825c63003348002d7b0a1d8f	T32/w/dpint_shiftr/MOVS_r_T3
223	1773	1774	RORS	RORS	RORS<rule:al_option_choice__4><rule:qn_option_choice><rule:SPACE><rule:rd_choice__20><rule:Rm__10><rule:COMMA><rule:hash><rule:imm3_imm2__6>	RORS_MOV_r	74	1	02d96ad32b11c3a914a15510dd35da9092ac89b8fc4dbe2171d1de05793f59dc	3f3e8c0ebb34eeb59b973d8c6b666af50137c2d7825c63003348002d7b0a1d8f	T32/w/dpint_shiftr/MOVS_r_T3
224	1773	1774	T3B	MOVS	MOVS<rule:DOT>W<rule:SPACE><rule:Rd__25><rule:COMMA><rule:Rm__10><rule:OPT_SPACE><rule:shift_option_imm3_imm2_choice__2>	MOV_r	62	430	5542c844827f2f4220b0897a7afaaa89e2e6d48f6ee2db579cc3e8e9d7369d5d	80ed10fd21f229300d2e98bbd63fb627db381faee08f81ab9e5c767898879495	T32/w/dpint_shiftr/MOVS_r_T3
225	1773	1774	LSLS	LSLS	LSLS<rule:al_option_choice__4><rule:qn_option_choice><rule:SPACE><rule:rd_choice__20><rule:Rm__10><rule:COMMA><rule:hash><rule:imm3_imm2__4>	LSLS_MOV_r	73	1	b7b6fca8a3e8349ae4e617af24856295d53e5efb8000c00b74ac748e2e5eda2d	3f3e8c0ebb34eeb59b973d8c6b666af50137c2d7825c63003348002d7b0a1d8f	T32/w/dpint_shiftr/MOVS_r_T3
226	1773	1774	LSLSB	LSLS	LSLS<rule:DOT>W<rule:SPACE><rule:rd_choice__20><rule:Rm__10><rule:COMMA><rule:hash><rule:imm3_imm2__4>	LSLS_MOV_r	62	1	5542c844827f2f4220b0897a7afaaa89e2e6d48f6ee2db579cc3e8e9d7369d5d	3f3e8c0ebb34eeb59b973d8c6b666af50137c2d7825c63003348002d7b0a1d8f	T32/w/dpint_shiftr/MOVS_r_T3
227	1773	1774	LSRS	LSRS	LSRS<rule:al_option_choice__4><rule:qn_option_choice><rule:SPACE><rule:rd_choice__20><rule:Rm__10><rule:COMMA><rule:hash><rule:imm3_imm2__3>	LSRS_MOV_r	71	1	2f76f432ce1e26c629271bca594657d3a8d9b354380dd622b11b416752abd038	3f3e8c0ebb34eeb59b973d8c6b666af50137c2d7825c63003348002d7b0a1d8f	T32/w/dpint_shiftr/MOVS_r_T3
228	1773	1774	LSRSB	LSRS	LSRS<rule:DOT>W<rule:SPACE><rule:rd_choice__20><rule:Rm__10><rule:COMMA><rule:hash><rule:imm3_imm2__3>	LSRS_MOV_r	62	1	5542c844827f2f4220b0897a7afaaa89e2e6d48f6ee2db579cc3e8e9d7369d5d	3f3e8c0ebb34eeb59b973d8c6b666af50137c2d7825c63003348002d7b0a1d8f	T32/w/dpint_shiftr/MOVS_r_T3
229	1779	1780	T2B	MVN	MVN<rule:AL_option__4><rule:DOT>W<rule:SPACE><rule:Rd__25><rule:COMMA><rule:Rm__10>	MVN_r	62	420	5542c844827f2f4220b0897a7afaaa89e2e6d48f6ee2db579cc3e8e9d7369d5d	8a4e0662ae8538a72696a3cc1ab155d98213428a491a933ec6147e47aa04fa61	T32/w/dpint_shiftr/MVN_r_T2
230	1781	1782	T2B	MVNS	MVNS<rule:DOT>W<rule:SPACE><rule:Rd__25><rule:COMMA><rule:Rm__10>	MVN_r	62	433	5542c844827f2f4220b0897a7afaaa89e2e6d48f6ee2db579cc3e8e9d7369d5d	82a23fee9b03bb1d0e9682f30eb13c585e5edf798fbcd185fa515a43b231950a	T32/w/dpint_shiftr/MVNS_r_T2
231	1783	1784	T2B	EOR	EOR<rule:AL_option__4><rule:DOT>W<rule:SPACE><rule:rd_choice__19><rule:Rn__37><rule:COMMA><rule:Rm__19>	EOR_r	62	422	5542c844827f2f4220b0897a7afaaa89e2e6d48f6ee2db579cc3e8e9d7369d5d	24012b263dc8946c7989b9eb7fa5bc29e641e851fad11f5410e8599706311ce4	T32/w/dpint_shiftr/EOR_r_T2
232	1785	1786	T2B	EORS	EORS<rule:DOT>W<rule:SPACE><rule:rd_choice__19><rule:Rn__37><rule:COMMA><rule:Rm__19>	EOR_r	63	434	89b233ffa80de80187ecd24068977db1a86c3eb5f9a3fd3d6e0b648822258d38	ca0adf7b4381887ca9518574aec4258a5d636b54310b1d3070d6b9d56417a23b	T32/w/dpint_shiftr/EORS_r_T2
233	1791	1792	T3B	ADD	ADD<rule:AL_option__4><rule:DOT>W<rule:SPACE><rule:rd_choice__19><rule:Rn__42><rule:COMMA><rule:Rm__19>	ADD_r	65	423	a2aa3c58702259f39c201aaa346f292674e7629e97a4591983e231d7cf6e2a2a	e2c1faaf8ee5437996fd8125c99a683a423220dac9077c3128c948545261abdb	T32/w/dpint_shiftr/ADD_r_T3
234	1791	1792	T3C	ADD	ADD<rule:al_option_choice__4><rule:DOT>W<rule:SPACE><rule:rd_choice__19><rule:Rn__42><rule:COMMA><rule:Rm__19>	ADD_r	65	32	a2aa3c58702259f39c201aaa346f292674e7629e97a4591983e231d7cf6e2a2a	6901806429673a6afc21271d8e4313007cfd3504592c4f3683263390d353e43f	T32/w/dpint_shiftr/ADD_r_T3
235	1793	1794	T3B	ADDS	ADDS<rule:DOT>W<rule:SPACE><rule:rd_choice__19><rule:Rn__42><rule:COMMA><rule:Rm__19>	ADD_r	64	435	7cc3effb667cf2dd5d59d9495bd46cf40e1667f3718427c7e5fa570ce5acf9f4	b9c037256d83dc79baca7a56cc8f9f59e6107052c2629a072a3dd1f80554bbd5	T32/w/dpint_shiftr/ADDS_r_T3
236	1795	1796	T3B	ADD	ADD<rule:al_option_choice__4><rule:DOT>W<rule:SPACE><rule:rd_choice__21><rule:SP><rule:COMMA><rule:Rm__19>	ADD_SP_r	62	31	5542c844827f2f4220b0897a7afaaa89e2e6d48f6ee2db579cc3e8e9d7369d5d	9b8eb6623ccb471ede3b05678aea816e4cd264daf901c0b055a7649cb798cf6d	T32/w/dpint_shiftr/ADD_SP_r_T3
237	1799	1800	T2B	CMN	CMN<rule:al_option_choice__4><rule:DOT>W<rule:SPACE><rule:Rn__37><rule:COMMA><rule:Rm__19>	CMN_r	62	110	5542c844827f2f4220b0897a7afaaa89e2e6d48f6ee2db579cc3e8e9d7369d5d	fdad78a1aeed89e94f0babef9dd201e8a02d26ec5d81cbd32628dcf4999649ec	T32/w/dpint_shiftr/CMN_r_T2
238	1801	1802	T2B	ADC	ADC<rule:AL_option__4><rule:DOT>W<rule:SPACE><rule:rd_choice__19><rule:Rn__37><rule:COMMA><rule:Rm__19>	ADC_r	62	422	5542c844827f2f4220b0897a7afaaa89e2e6d48f6ee2db579cc3e8e9d7369d5d	24012b263dc8946c7989b9eb7fa5bc29e641e851fad11f5410e8599706311ce4	T32/w/dpint_shiftr/ADC_r_T2
239	1803	1804	T2B	ADCS	ADCS<rule:DOT>W<rule:SPACE><rule:rd_choice__19><rule:Rn__37><rule:COMMA><rule:Rm__19>	ADC_r	62	434	5542c844827f2f4220b0897a7afaaa89e2e6d48f6ee2db579cc3e8e9d7369d5d	ca0adf7b4381887ca9518574aec4258a5d636b54310b1d3070d6b9d56417a23b	T32/w/dpint_shiftr/ADCS_r_T2
240	1805	1806	T2B	SBC	SBC<rule:AL_option__4><rule:DOT>W<rule:SPACE><rule:rd_choice__19><rule:Rn__37><rule:COMMA><rule:Rm__19>	SBC_r	62	422	5542c844827f2f4220b0897a7afaaa89e2e6d48f6ee2db579cc3e8e9d7369d5d	24012b263dc8946c7989b9eb7fa5bc29e641e851fad11f5410e8599706311ce4	T32/w/dpint_shiftr/SBC_r_T2
241	1807	1808	T2B	SBCS	SBCS<rule:DOT>W<rule:SPACE><rule:rd_choice__19><rule:Rn__37><rule:COMMA><rule:Rm__19>	SBC_r	62	434	5542c844827f2f4220b0897a7afaaa89e2e6d48f6ee2db579cc3e8e9d7369d5d	ca0adf7b4381887ca9518574aec4258a5d636b54310b1d3070d6b9d56417a23b	T32/w/dpint_shiftr/SBCS_r_T2
242	1809	1810	T2B	SUB	SUB<rule:AL_option__4><rule:DOT>W<rule:SPACE><rule:rd_choice__19><rule:Rn__43><rule:COMMA><rule:Rm__19>	SUB_r	65	423	a2aa3c58702259f39c201aaa346f292674e7629e97a4591983e231d7cf6e2a2a	e2c1faaf8ee5437996fd8125c99a683a423220dac9077c3128c948545261abdb	T32/w/dpint_shiftr/SUB_r_T2
243	1811	1812	T2B	SUBS	SUBS<rule:DOT>W<rule:SPACE><rule:rd_choice__19><rule:Rn__43><rule:COMMA><rule:Rm__19>	SUB_r	64	436	7cc3effb667cf2dd5d59d9495bd46cf40e1667f3718427c7e5fa570ce5acf9f4	6823464306f95beecba30a230f51b72d0b68eaed7de0053dd2867e4f08d0cac0	T32/w/dpint_shiftr/SUBS_r_T2
244	1813	1814	T1B	SUB	SUB<rule:al_option_choice__4><rule:DOT>W<rule:SPACE><rule:rd_choice__21><rule:SP><rule:COMMA><rule:Rm__19>	SUB_SP_r	62	0	5542c844827f2f4220b0897a7afaaa89e2e6d48f6ee2db579cc3e8e9d7369d5d	850f8e42ca7684e4cadd817bea33cd2105d151a5bf077b3f35a6ed77d5b639bd	T32/w/dpint_shiftr/SUB_SP_r_T1
245	1817	1818	T3B	CMP	CMP<rule:al_option_choice__4><rule:DOT>W<rule:SPACE><rule:Rn__37><rule:COMMA><rule:Rm__19>	CMP_r	62	13	5542c844827f2f4220b0897a7afaaa89e2e6d48f6ee2db579cc3e8e9d7369d5d	bd894daf4ba4e7be530771f75f5eb8046f45df67685737509ab6375c6f8ed900	T32/w/dpint_shiftr/CMP_r_T3
246	1857	1858	T2B	UDF	UDF<rule:al_option_choice__5><rule:DOT>W<rule:SPACE><rule:opt_hash><rule:imm4_imm12__3>	UDF	1	101	3f3e8c0ebb34eeb59b973d8c6b666af50137c2d7825c63003348002d7b0a1d8f	09a859e282040b2a09e3b6c5e3e69d18c20515803ae3f83d80ed4db35617eab1	T32/w/bcrtrl/except/UDF_T2
247	1858	1859	T3B	B	B<rule:c__7><rule:qn_option_choice><rule:SPACE><rule:S_J2_J1_imm6_imm11>	B	156	439	1a5a7e80cd1d97ba6c83671e37119a4ba2c8e2f9594ac75114682aba512b0194	c3523feb9690c0f7bc98bd80e90e39f77bd6fc3b388683617c8294b8bc2103df	T32/w/bcrtrl/bcond/B_T3
248	1859	1860	T4B	B	B<rule:al_option_choice__6><rule:DOT>W<rule:SPACE><rule:S_J1_J2_imm10_imm11>	B	1	168	3f3e8c0ebb34eeb59b973d8c6b666af50137c2d7825c63003348002d7b0a1d8f	72d547d826f026bd7f89bd9158348a74e9db133bc7116b0948fb7f07f24aad44	T32/w/bcrtrl/b/B_T4
249	1869	1870	T2B	MOV	MOV<rule:AL_option__4><rule:DOT>W<rule:SPACE><rule:Rd__25><rule:COMMA><rule:hash><rule:i_imm3_imm8>	MOV_i	1	426	3f3e8c0ebb34eeb59b973d8c6b666af50137c2d7825c63003348002d7b0a1d8f	bd4b24f98e702f5c681880fa9f3e01ccda8e88bb7813dedda9a29a5c900159a9	T32/w/dpint_immm/MOV_i_T2
250	1870	1871	T2B	MOVS	MOVS<rule:DOT>W<rule:SPACE><rule:Rd__25><rule:COMMA><rule:hash><rule:i_imm3_imm8>	MOV_i	1	438	3f3e8c0ebb34eeb59b973d8c6b666af50137c2d7825c63003348002d7b0a1d8f	eb2398a2f08a1e7b0495c4b7ff820a464e5b514c493d951975b6e82d12a654e4	T32/w/dpint_immm/MOVS_i_T2
251	1878	1879	T3B	ADD	ADD<rule:AL_option__4><rule:DOT>W<rule:SPACE><rule:rd_choice__19><rule:Rn__44><rule:COMMA><rule:hash><rule:i_imm3_imm8>	ADD_i	103	424	2356d48d64e7dfe7d9cf654084faa29e973ca06470038bab415c388dc517a1d7	064bd23055676349fdad5a210fff3486834c068d5f36d9b88b502257bc60d812	T32/w/dpint_immm/ADD_i_T3
252	1879	1880	T3B	ADDS	ADDS<rule:DOT>W<rule:SPACE><rule:rd_choice__19><rule:Rn__44><rule:COMMA><rule:hash><rule:i_imm3_imm8>	ADD_i	36	437	44c0c09360b62f2e10a07226fe6ffff0c775dc339fa534e1300fd3d1a541acd7	f3f13dd31fc3bdd1808f01c631b11b06771f3bb8c7aaf1072683fe398ae260d0	T32/w/dpint_immm/ADDS_i_T3
253	1880	1881	T3B	ADD	ADD<rule:al_option_choice__4><rule:DOT>W<rule:SPACE><rule:rd_choice__21><rule:SP><rule:COMMA><rule:hash><rule:i_imm3_imm8>	ADD_SP_i	1	42	3f3e8c0ebb34eeb59b973d8c6b666af50137c2d7825c63003348002d7b0a1d8f	5ff13b8e97bc890b1802380ca64428f88d4d340a1e901ea8f7a09443e6823df9	T32/w/dpint_immm/ADD_SP_i_T3
254	1887	1888	T3B	SUB	SUB<rule:AL_option__4><rule:DOT>W<rule:SPACE><rule:rd_choice__19><rule:Rn__45><rule:COMMA><rule:hash><rule:i_imm3_imm8>	SUB_i	103	424	2356d48d64e7dfe7d9cf654084faa29e973ca06470038bab415c388dc517a1d7	064bd23055676349fdad5a210fff3486834c068d5f36d9b88b502257bc60d812	T32/w/dpint_immm/SUB_i_T3
255	1888	1889	T3B	SUBS	SUBS<rule:DOT>W<rule:SPACE><rule:rd_choice__19><rule:Rn__45><rule:COMMA><rule:hash><rule:i_imm3_imm8>	SUB_i	36	437	44c0c09360b62f2e10a07226fe6ffff0c775dc339fa534e1300fd3d1a541acd7	f3f13dd31fc3bdd1808f01c631b11b06771f3bb8c7aaf1072683fe398ae260d0	T32/w/dpint_immm/SUBS_i_T3
256	1889	1890	T2B	SUB	SUB<rule:al_option_choice__4><rule:DOT>W<rule:SPACE><rule:rd_choice__21><rule:SP><rule:COMMA><rule:hash><rule:i_imm3_imm8>	SUB_SP_i	1	45	3f3e8c0ebb34eeb59b973d8c6b666af50137c2d7825c63003348002d7b0a1d8f	f4d2a030866d18e3f97c31d9dc9834465d8ba0b0e56105ba775fde0294a743b7	T32/w/dpint_immm/SUB_SP_i_T2
257	1891	1892	T2B	CMP	CMP<rule:al_option_choice__4><rule:DOT>W<rule:SPACE><rule:Rn__38><rule:COMMA><rule:hash><rule:i_imm3_imm8>	CMP_i	1	113	3f3e8c0ebb34eeb59b973d8c6b666af50137c2d7825c63003348002d7b0a1d8f	c353e87ca27721da0e72725ef1d9d293200a3ee915f36bd50c5d2dac56ec4ef8	T32/w/dpint_immm/CMP_i_T2
258	1892	1893	T2B	RSB	RSB<rule:AL_option__4><rule:DOT>W<rule:SPACE><rule:rd_choice__19><rule:Rn__38><rule:COMMA><rule:hash>0	RSB_i	1	417	3f3e8c0ebb34eeb59b973d8c6b666af50137c2d7825c63003348002d7b0a1d8f	afcc823f48431f3981a861832ed08bea6b2afde2b35e26bd6fd0ad62bb224a7a	T32/w/dpint_immm/RSB_i_T2
259	1893	1894	T2B	RSBS	RSBS<rule:DOT>W<rule:SPACE><rule:rd_choice__19><rule:Rn__38><rule:COMMA><rule:hash>0	RSB_i	1	427	3f3e8c0ebb34eeb59b973d8c6b666af50137c2d7825c63003348002d7b0a1d8f	5e34540f09bcc7a1fd7c9480dbe30c7834514c3566209d1b8906e972d33538b7	T32/w/dpint_immm/RSBS_i_T2
260	1894	1895	T4B	ADDW	ADDW<rule:al_option_choice__4><rule:qn_option_choice><rule:SPACE><rule:rd_choice__19><rule:Rn__24><rule:COMMA><rule:hash><rule:i_imm3_imm8__3>	ADD_i	109	41	7a1a06c5b35f6c7f13432a2a46cd9db015dd581aa26f794c1da6f35df8fc2799	8c3c2ac84bff2bafee09249438e06ace198e89b41dba8b95354e2d663af6cde4	T32/w/imm/dpint_imms/ADD_i_T4
261	1895	1896	T4B	ADDW	ADDW<rule:al_option_choice__4><rule:qn_option_choice><rule:SPACE><rule:rd_choice__21><rule:SP><rule:COMMA><rule:hash><rule:i_imm3_imm8__3>	ADD_SP_i	1	44	3f3e8c0ebb34eeb59b973d8c6b666af50137c2d7825c63003348002d7b0a1d8f	63b30b6a8ccc5152b1b5441d9f971c2b8c7b8fd582d00aec23ea186952686024	T32/w/imm/dpint_imms/ADD_SP_i_T4
262	1896	1897	T3B	ADR	ADR<rule:al_option_choice__4><rule:DOT>W<rule:SPACE><rule:Rd__25><rule:COMMA><rule:label__14>	ADR_a32	1	43	3f3e8c0ebb34eeb59b973d8c6b666af50137c2d7825c63003348002d7b0a1d8f	f57905e8d2bf16b6d50ae70c86e147e548f70eaef474d9be8a130ec3b2d18fed	T32/w/imm/dpint_imms/ADR_T3
263	1896	1897	ADD	ADD	ADD<rule:al_option_choice__4><rule:qn_option_choice><rule:SPACE><rule:Rd__25><rule:COMMA>PC<rule:COMMA><rule:hash><rule:imm12>	ADD_ADR	1	0	3f3e8c0ebb34eeb59b973d8c6b666af50137c2d7825c63003348002d7b0a1d8f	850f8e42ca7684e4cadd817bea33cd2105d151a5bf077b3f35a6ed77d5b639bd	T32/w/imm/dpint_imms/ADR_T3
264	1896	1897	ADDB	ADDW	ADDW<rule:al_option_choice__4><rule:qn_option_choice><rule:SPACE><rule:Rd__25><rule:COMMA>PC<rule:COMMA><rule:hash><rule:imm12>	ADD_ADR	1	0	3f3e8c0ebb34eeb59b973d8c6b666af50137c2d7825c63003348002d7b0a1d8f	850f8e42ca7684e4cadd817bea33cd2105d151a5bf077b3f35a6ed77d5b639bd	T32/w/imm/dpint_imms/ADR_T3
265	1897	1898	T4B	SUBW	SUBW<rule:al_option_choice__4><rule:qn_option_choice><rule:SPACE><rule:rd_choice__19><rule:Rn__23><rule:COMMA><rule:hash><rule:i_imm3_imm8__3>	SUB_i	109	41	7a1a06c5b35f6c7f13432a2a46cd9db015dd581aa26f794c1da6f35df8fc2799	8c3c2ac84bff2bafee09249438e06ace198e89b41dba8b95354e2d663af6cde4	T32/w/imm/dpint_imms/SUB_i_T4
266	1898	1899	T3B	SUBW	SUBW<rule:al_option_choice__4><rule:qn_option_choice><rule:SPACE><rule:rd_choice__21><rule:SP><rule:COMMA><rule:hash><rule:i_imm3_imm8__3>	SUB_SP_i	1	46	3f3e8c0ebb34eeb59b973d8c6b666af50137c2d7825c63003348002d7b0a1d8f	771df1c015cad15df92e74f5ef2894619ae49f9cf5ab0d4b2fbb16176f51147a	T32/w/imm/dpint_imms/SUB_SP_i_T3
267	1899	1900	SUB	SUB	SUB<rule:al_option_choice__4><rule:qn_option_choice><rule:SPACE><rule:Rd__25><rule:COMMA>PC<rule:COMMA><rule:hash><rule:imm12>	SUB_ADR	1	167	3f3e8c0ebb34eeb59b973d8c6b666af50137c2d7825c63003348002d7b0a1d8f	415337b4f82aca862d9eaaf5b2e1f637009da72b5da270c4eed6c1fd4ff8768e	T32/w/imm/dpint_imms/ADR_T2
268	1900	1901	T3B	MOVW	MOVW<rule:al_option_choice__4><rule:qn_option_choice><rule:SPACE><rule:Rd__25><rule:COMMA><rule:hash><rule:imm4_i_imm3_imm8>	MOV_i	1	40	3f3e8c0ebb34eeb59b973d8c6b666af50137c2d7825c63003348002d7b0a1d8f	403be6b40e67eb4a5dcedd8ccc60ea6419ec8c0d31186326362cdd142a0f85f4	T32/w/imm/movw/MOV_i_T3
269	2044	2045	T2B	STRB	STRB<rule:al_option_choice__4><rule:DOT>W<rule:SPACE><rule:Rt><rule:COMMA>[<rule:Rn__14><rule:COMMA><rule:opt_plus_choice><rule:Rm__16>]	STRB_r	105	82	e5ea35b1b5ec90033b64a4a9f154c1641ae69c783b5a109563f29f5734c889c9	86c1c76cdfa34fecebb81e6a876fdf33e167ceb3a9cf9105d4bfc54797202ff1	T32/w/ldst/ldst_unsigned_reg/STRB_r_T2
270	2045	2046	T2B	LDRB	LDRB<rule:al_option_choice__4><rule:DOT>W<rule:SPACE><rule:Rt><rule:COMMA>[<rule:Rn__14><rule:COMMA><rule:opt_plus_choice><rule:Rm__16>]	LDRB_r	106	83	930ded9e4a293765211a2118c02232200177db47f23ba7f403bf9f82edc21ca5	0ef107190e1b5291f57bd5183cbf0a322c3c3fc59b3e42ac2436b8b663cc85ae	T32/w/ldst/ldst_unsigned_reg/LDRB_r_T2
271	2048	2049	T2B	STRH	STRH<rule:al_option_choice__4><rule:DOT>W<rule:SPACE><rule:Rt><rule:COMMA>[<rule:Rn__14><rule:COMMA><rule:opt_plus_choice><rule:Rm__16>]	STRH_r	105	82	e5ea35b1b5ec90033b64a4a9f154c1641ae69c783b5a109563f29f5734c889c9	86c1c76cdfa34fecebb81e6a876fdf33e167ceb3a9cf9105d4bfc54797202ff1	T32/w/ldst/ldst_unsigned_reg/STRH_r_T2
272	2049	2050	T2B	LDRH	LDRH<rule:al_option_choice__4><rule:DOT>W<rule:SPACE><rule:Rt><rule:COMMA>[<rule:Rn__14><rule:COMMA><rule:opt_plus_choice><rule:Rm__16>]	LDRH_r	106	83	930ded9e4a293765211a2118c02232200177db47f23ba7f403bf9f82edc21ca5	0ef107190e1b5291f57bd5183cbf0a322c3c3fc59b3e42ac2436b8b663cc85ae	T32/w/ldst/ldst_unsigned_reg/LDRH_r_T2
273	2050	2051	T2B	STR	STR<rule:al_option_choice__4><rule:DOT>W<rule:SPACE><rule:Rt__8><rule:COMMA>[<rule:Rn__14><rule:COMMA><rule:opt_plus_choice><rule:Rm__16>]	STR_r	105	82	e5ea35b1b5ec90033b64a4a9f154c1641ae69c783b5a109563f29f5734c889c9	86c1c76cdfa34fecebb81e6a876fdf33e167ceb3a9cf9105d4bfc54797202ff1	T32/w/ldst/ldst_unsigned_reg/STR_r_T2
274	2051	2052	T2B	LDR	LDR<rule:al_option_choice__4><rule:DOT>W<rule:SPACE><rule:Rt__21><rule:COMMA>[<rule:Rn__14><rule:COMMA><rule:opt_plus_choice><rule:Rm__16>]	LDR_r	105	83	e5ea35b1b5ec90033b64a4a9f154c1641ae69c783b5a109563f29f5734c889c9	0ef107190e1b5291f57bd5183cbf0a322c3c3fc59b3e42ac2436b8b663cc85ae	T32/w/ldst/ldst_unsigned_reg/LDR_r_T2
275	2057	2058	POP	POP	POP<rule:al_option_choice__4><rule:qn_option_choice><rule:SPACE><rule:single_register_list__2>	POP_LDR_i	107	1	71356b37049fcaf585fcf698703b12fe9cfb1ee2f9f1ed79b44b977fb5bc8f43	3f3e8c0ebb34eeb59b973d8c6b666af50137c2d7825c63003348002d7b0a1d8f	T32/w/ldst/ldst_unsigned_post/LDR_i_T4_post
276	2076	2077	PUSH	PUSH	PUSH<rule:al_option_choice__4><rule:qn_option_choice><rule:SPACE><rule:single_register_list>	PUSH_STR_i	108	1	cf40ee9c8e549e027774a345fa801a37c591f6994b96432f43e54a66f8a51cb7	3f3e8c0ebb34eeb59b973d8c6b666af50137c2d7825c63003348002d7b0a1d8f	T32/w/ldst/ldst_unsigned_pre/STR_i_T4_pre
277	2078	2079	T2B	STRB	STRB<rule:al_option_choice__4><rule:DOT>W<rule:SPACE><rule:Rt><rule:COMMA>[<rule:Rn__14><rule:OPT_SPACE><rule:opt_plus_choice_imm_choice__5>]	STRB_i	105	84	e5ea35b1b5ec90033b64a4a9f154c1641ae69c783b5a109563f29f5734c889c9	3c72dfecc91199a0cf47f0b27d272ecd5a763c1ce96af51077e012e9cfd5944c	T32/w/ldst/ldst_unsigned_pimm/STRB_i_T2
278	2079	2080	T2B	LDRB	LDRB<rule:al_option_choice__4><rule:DOT>W<rule:SPACE><rule:Rt><rule:COMMA>[<rule:Rn__27><rule:OPT_SPACE><rule:opt_plus_choice_imm_choice__5>]	LDRB_i	106	84	930ded9e4a293765211a2118c02232200177db47f23ba7f403bf9f82edc21ca5	3c72dfecc91199a0cf47f0b27d272ecd5a763c1ce96af51077e012e9cfd5944c	T32/w/ldst/ldst_unsigned_pimm/LDRB_i_T2
279	2082	2083	T2B	STRH	STRH<rule:al_option_choice__4><rule:DOT>W<rule:SPACE><rule:Rt><rule:COMMA>[<rule:Rn__14><rule:OPT_SPACE><rule:opt_plus_choice_imm_choice__5>]	STRH_i	105	85	e5ea35b1b5ec90033b64a4a9f154c1641ae69c783b5a109563f29f5734c889c9	adad290da31d19a5f755617502ef7c1588ed63eec4eb1e1e29199de624d228c0	T32/w/ldst/ldst_unsigned_pimm/STRH_i_T2
280	2083	2084	T2B	LDRH	LDRH<rule:al_option_choice__4><rule:DOT>W<rule:SPACE><rule:Rt><rule:COMMA>[<rule:Rn__16><rule:OPT_SPACE><rule:opt_plus_choice_imm_choice__5>]	LDRH_i	106	85	930ded9e4a293765211a2118c02232200177db47f23ba7f403bf9f82edc21ca5	adad290da31d19a5f755617502ef7c1588ed63eec4eb1e1e29199de624d228c0	T32/w/ldst/ldst_unsigned_pimm/LDRH_i_T2
281	2084	2085	T3B	STR	STR<rule:al_option_choice__4><rule:DOT>W<rule:SPACE><rule:Rt__8><rule:COMMA>[<rule:Rn__14><rule:OPT_SPACE><rule:opt_plus_choice_imm_choice__5>]	STR_i	105	86	e5ea35b1b5ec90033b64a4a9f154c1641ae69c783b5a109563f29f5734c889c9	174618f0e2f31ee57ceacfa0747521151255faff737e3ba7ee377a58e84018db	T32/w/ldst/ldst_unsigned_pimm/STR_i_T3
282	2085	2086	T3B	LDR	LDR<rule:al_option_choice__4><rule:DOT>W<rule:SPACE><rule:Rt__21><rule:COMMA>[<rule:Rn__26><rule:OPT_SPACE><rule:opt_plus_choice_imm_choice__5>]	LDR_i	105	86	e5ea35b1b5ec90033b64a4a9f154c1641ae69c783b5a109563f29f5734c889c9	174618f0e2f31ee57ceacfa0747521151255faff737e3ba7ee377a58e84018db	T32/w/ldst/ldst_unsigned_pimm/LDR_i_T3
283	2086	2087	T1B	PLD	PLD<rule:al_option_choice__6><rule:qn_option_choice><rule:SPACE>[PC<rule:COMMA><rule:hash><rule:plus_or_minus_option><rule:imm__133>]	PLD_l	1	0	3f3e8c0ebb34eeb59b973d8c6b666af50137c2d7825c63003348002d7b0a1d8f	850f8e42ca7684e4cadd817bea33cd2105d151a5bf077b3f35a6ed77d5b639bd	T32/w/ldst/ldlit_unsigned/PLD_l_T1
284	2087	2088	T1B	LDRB	LDRB<rule:al_option_choice__4><rule:qn_option_choice><rule:SPACE><rule:Rt><rule:COMMA>[PC<rule:COMMA><rule:hash><rule:plus_or_minus_option><rule:imm__133>]	LDRB_l	79	0	fe550465c7f1df432302ecab51be4da8b06b90586f3e20f7fe98d5abe94a70b5	850f8e42ca7684e4cadd817bea33cd2105d151a5bf077b3f35a6ed77d5b639bd	T32/w/ldst/ldlit_unsigned/LDRB_l_T1
285	2088	2089	T1B	LDRH	LDRH<rule:al_option_choice__4><rule:qn_option_choice><rule:SPACE><rule:Rt><rule:COMMA>[PC<rule:COMMA><rule:hash><rule:plus_or_minus_option><rule:imm__133>]	LDRH_l	79	0	fe550465c7f1df432302ecab51be4da8b06b90586f3e20f7fe98d5abe94a70b5	850f8e42ca7684e4cadd817bea33cd2105d151a5bf077b3f35a6ed77d5b639bd	T32/w/ldst/ldlit_unsigned/LDRH_l_T1
286	2089	2090	T2B	LDR	LDR<rule:al_option_choice__4><rule:qn_option_choice><rule:SPACE><rule:Rt__20><rule:COMMA><rule:label__13>	LDR_l	1	81	3f3e8c0ebb34eeb59b973d8c6b666af50137c2d7825c63003348002d7b0a1d8f	4561a214804db5ce0a7a7a84716bf8f5d79a3575afbe1de9b4d56fae5d907e48	T32/w/ldst/ldlit_unsigned/LDR_l_T2
287	2089	2090	T2C	LDR	LDR<rule:al_option_choice__4><rule:qn_option_choice><rule:SPACE><rule:Rt__20><rule:COMMA>[PC<rule:COMMA><rule:hash><rule:plus_or_minus_option><rule:imm__133>]	LDR_l	1	0	3f3e8c0ebb34eeb59b973d8c6b666af50137c2d7825c63003348002d7b0a1d8f	850f8e42ca7684e4cadd817bea33cd2105d151a5bf077b3f35a6ed77d5b639bd	T32/w/ldst/ldlit_unsigned/LDR_l_T2
288	2090	2091	T2B	LDRSB	LDRSB<rule:al_option_choice__4><rule:DOT>W<rule:SPACE><rule:Rt><rule:COMMA>[<rule:Rn__14><rule:COMMA><rule:opt_plus_choice><rule:Rm__16>]	LDRSB_r	106	83	930ded9e4a293765211a2118c02232200177db47f23ba7f403bf9f82edc21ca5	0ef107190e1b5291f57bd5183cbf0a322c3c3fc59b3e42ac2436b8b663cc85ae	T32/w/ldst/ldst_signed_reg/LDRSB_r_T2
289	2092	2093	T2B	LDRSH	LDRSH<rule:al_option_choice__4><rule:DOT>W<rule:SPACE><rule:Rt><rule:COMMA>[<rule:Rn__14><rule:COMMA><rule:opt_plus_choice><rule:Rm__16>]	LDRSH_r	106	83	930ded9e4a293765211a2118c02232200177db47f23ba7f403bf9f82edc21ca5	0ef107190e1b5291f57bd5183cbf0a322c3c3fc59b3e42ac2436b8b663cc85ae	T32/w/ldst/ldst_signed_reg/LDRSH_r_T2
290	2105	2106	T1B	LDRSB	LDRSB<rule:al_option_choice__4><rule:qn_option_choice><rule:SPACE><rule:Rt><rule:COMMA>[PC<rule:COMMA><rule:hash><rule:plus_or_minus_option><rule:imm__133>]	LDRSB_l	79	0	fe550465c7f1df432302ecab51be4da8b06b90586f3e20f7fe98d5abe94a70b5	850f8e42ca7684e4cadd817bea33cd2105d151a5bf077b3f35a6ed77d5b639bd	T32/w/ldst/ldlit_signed/LDRSB_l_T1
291	2106	2107	T3B	PLI	PLI<rule:al_option_choice__6><rule:qn_option_choice><rule:SPACE>[PC<rule:COMMA><rule:hash><rule:plus_or_minus_option><rule:imm__133>]	PLI_i	1	0	3f3e8c0ebb34eeb59b973d8c6b666af50137c2d7825c63003348002d7b0a1d8f	850f8e42ca7684e4cadd817bea33cd2105d151a5bf077b3f35a6ed77d5b639bd	T32/w/ldst/ldlit_signed/PLI_i_T3
292	2107	2108	T1B	LDRSH	LDRSH<rule:al_option_choice__4><rule:qn_option_choice><rule:SPACE><rule:Rt><rule:COMMA>[PC<rule:COMMA><rule:hash><rule:plus_or_minus_option><rule:imm__133>]	LDRSH_l	79	0	fe550465c7f1df432302ecab51be4da8b06b90586f3e20f7fe98d5abe94a70b5	850f8e42ca7684e4cadd817bea33cd2105d151a5bf077b3f35a6ed77d5b639bd	T32/w/ldst/ldlit_signed/LDRSH_l_T1
293	2108	2109	ASRS	ASRS	ASRS<rule:al_option_choice__4><rule:qn_option_choice><rule:SPACE><rule:rd_choice><rule:Rm__3><rule:COMMA><rule:Rs__3>	ASRS_MOV_rr	144	1	055fac3d00e6668c24eb14eac01bdb21be28a6df542ef7f25eebdd73360f4aa0	3f3e8c0ebb34eeb59b973d8c6b666af50137c2d7825c63003348002d7b0a1d8f	T32/w/reg/shiftr/MOVS_rr_T2
294	2108	2109	ASRSB	ASRS	ASRS<rule:DOT>W<rule:SPACE><rule:rd_choice><rule:Rm__3><rule:COMMA><rule:Rs__3>	ASRS_MOV_rr	1	1	3f3e8c0ebb34eeb59b973d8c6b666af50137c2d7825c63003348002d7b0a1d8f	3f3e8c0ebb34eeb59b973d8c6b666af50137c2d7825c63003348002d7b0a1d8f	T32/w/reg/shiftr/MOVS_rr_T2
295	2108	2109	RORS	RORS	RORS<rule:al_option_choice__4><rule:qn_option_choice><rule:SPACE><rule:rd_choice><rule:Rm__3><rule:COMMA><rule:Rs__4>	RORS_MOV_rr	146	1	8ffbadb2f289cbdaeed2df915a14e615cb640b9f919b210ecd13b9acc7ac2525	3f3e8c0ebb34eeb59b973d8c6b666af50137c2d7825c63003348002d7b0a1d8f	T32/w/reg/shiftr/MOVS_rr_T2
296	2108	2109	RORSB	RORS	RORS<rule:DOT>W<rule:SPACE><rule:rd_choice><rule:Rm__3><rule:COMMA><rule:Rs__4>	RORS_MOV_rr	1	1	3f3e8c0ebb34eeb59b973d8c6b666af50137c2d7825c63003348002d7b0a1d8f	3f3e8c0ebb34eeb59b973d8c6b666af50137c2d7825c63003348002d7b0a1d8f	T32/w/reg/shiftr/MOVS_rr_T2
297	2108	2109	LSRS	LSRS	LSRS<rule:al_option_choice__4><rule:qn_option_choice><rule:SPACE><rule:rd_choice><rule:Rm__3><rule:COMMA><rule:Rs__3>	LSRS_MOV_rr	142	1	f388dbf6c191b714520a16d9f944ebf02b5604a7787dbb90720b70103fb786d6	3f3e8c0ebb34eeb59b973d8c6b666af50137c2d7825c63003348002d7b0a1d8f	T32/w/reg/shiftr/MOVS_rr_T2
298	2108	2109	LSRSB	LSRS	LSRS<rule:DOT>W<rule:SPACE><rule:rd_choice><rule:Rm__3><rule:COMMA><rule:Rs__3>	LSRS_MOV_rr	1	1	3f3e8c0ebb34eeb59b973d8c6b666af50137c2d7825c63003348002d7b0a1d8f	3f3e8c0ebb34eeb59b973d8c6b666af50137c2d7825c63003348002d7b0a1d8f	T32/w/reg/shiftr/MOVS_rr_T2
299	2108	2109	T2B	MOVS	MOVS<rule:DOT>W<rule:SPACE><rule:Rd><rule:COMMA><rule:Rm__2><rule:COMMA><rule:shift_option__5><rule:OPT_SPACE><rule:Rs__2>	MOV_rr	1	434	3f3e8c0ebb34eeb59b973d8c6b666af50137c2d7825c63003348002d7b0a1d8f	5abd4bf27cfc80371d9a0ac94ccd130d1a8c11492e286fd5dd913556d094efe7	T32/w/reg/shiftr/MOVS_rr_T2
300	2108	2109	LSLS	LSLS	LSLS<rule:al_option_choice__4><rule:qn_option_choice><rule:SPACE><rule:rd_choice><rule:Rm__3><rule:COMMA><rule:Rs__3>	LSLS_MOV_rr	139	1	95d9b81389c7111348b75367385fdbd9617848d54e07cc0fbb5fe258f3ddadea	3f3e8c0ebb34eeb59b973d8c6b666af50137c2d7825c63003348002d7b0a1d8f	T32/w/reg/shiftr/MOVS_rr_T2
301	2108	2109	LSLSB	LSLS	LSLS<rule:DOT>W<rule:SPACE><rule:rd_choice><rule:Rm__3><rule:COMMA><rule:Rs__3>	LSLS_MOV_rr	1	1	3f3e8c0ebb34eeb59b973d8c6b666af50137c2d7825c63003348002d7b0a1d8f	3f3e8c0ebb34eeb59b973d8c6b666af50137c2d7825c63003348002d7b0a1d8f	T32/w/reg/shiftr/MOVS_rr_T2
302	2109	2110	ROR	ROR	ROR<rule:al_option_choice__4><rule:qn_option_choice><rule:SPACE><rule:rd_choice><rule:Rm__3><rule:COMMA><rule:Rs__4>	ROR_MOV_rr	145	1	56bbe59a2318e0627b13a338aab2129f84eeee5378693039782113c7c1d05ac5	3f3e8c0ebb34eeb59b973d8c6b666af50137c2d7825c63003348002d7b0a1d8f	T32/w/reg/shiftr/MOV_rr_T2
303	2109	2110	RORB	ROR	ROR<rule:AL_option__4><rule:DOT>W<rule:SPACE><rule:rd_choice><rule:Rm__3><rule:COMMA><rule:Rs__4>	ROR_MOV_rr	1	1	3f3e8c0ebb34eeb59b973d8c6b666af50137c2d7825c63003348002d7b0a1d8f	3f3e8c0ebb34eeb59b973d8c6b666af50137c2d7825c63003348002d7b0a1d8f	T32/w/reg/shiftr/MOV_rr_T2
304	2109	2110	ASR	ASR	ASR<rule:al_option_choice__4><rule:qn_option_choice><rule:SPACE><rule:rd_choice><rule:Rm__3><rule:COMMA><rule:Rs__3>	ASR_MOV_rr	143	1	33c22e59236c6ecf06640175ea5589a95e2ba31d729e0357cd43df667edce101	3f3e8c0ebb34eeb59b973d8c6b666af50137c2d7825c63003348002d7b0a1d8f	T32/w/reg/shiftr/MOV_rr_T2
305	2109	2110	ASRB	ASR	ASR<rule:AL_option__4><rule:DOT>W<rule:SPACE><rule:rd_choice><rule:Rm__3><rule:COMMA><rule:Rs__3>	ASR_MOV_rr	1	1	3f3e8c0ebb34eeb59b973d8c6b666af50137c2d7825c63003348002d7b0a1d8f	3f3e8c0ebb34eeb59b973d8c6b666af50137c2d7825c63003348002d7b0a1d8f	T32/w/reg/shiftr/MOV_rr_T2
306	2109	2110	LSL	LSL	LSL<rule:al_option_choice__4><rule:qn_option_choice><rule:SPACE><rule:rd_choice><rule:Rm__3><rule:COMMA><rule:Rs__3>	LSL_MOV_rr	138	1	2751a480097eba1808a4959b6c08ec7d902428a172b2b7f1aaeef7b6f3b0dfb9	3f3e8c0ebb34eeb59b973d8c6b666af50137c2d7825c63003348002d7b0a1d8f	T32/w/reg/shiftr/MOV_rr_T2
307	2109	2110	LSLB	LSL	LSL<rule:AL_option__4><rule:DOT>W<rule:SPACE><rule:rd_choice><rule:Rm__3><rule:COMMA><rule:Rs__3>	LSL_MOV_rr	1	1	3f3e8c0ebb34eeb59b973d8c6b666af50137c2d7825c63003348002d7b0a1d8f	3f3e8c0ebb34eeb59b973d8c6b666af50137c2d7825c63003348002d7b0a1d8f	T32/w/reg/shiftr/MOV_rr_T2
308	2109	2110	LSR	LSR	LSR<rule:al_option_choice__4><rule:qn_option_choice><rule:SPACE><rule:rd_choice><rule:Rm__3><rule:COMMA><rule:Rs__3>	LSR_MOV_rr	141	1	c67c262c79db61bd329d154d29ad56fe111e6ddf8ae096aca69eeeb05d30a4b7	3f3e8c0ebb34eeb59b973d8c6b666af50137c2d7825c63003348002d7b0a1d8f	T32/w/reg/shiftr/MOV_rr_T2
309	2109	2110	LSRB	LSR	LSR<rule:AL_option__4><rule:DOT>W<rule:SPACE><rule:rd_choice><rule:Rm__3><rule:COMMA><rule:Rs__3>	LSR_MOV_rr	1	1	3f3e8c0ebb34eeb59b973d8c6b666af50137c2d7825c63003348002d7b0a1d8f	3f3e8c0ebb34eeb59b973d8c6b666af50137c2d7825c63003348002d7b0a1d8f	T32/w/reg/shiftr/MOV_rr_T2
310	2109	2110	T2B	MOV	MOV<rule:AL_option__4><rule:DOT>W<rule:SPACE><rule:Rd><rule:COMMA><rule:Rm__2><rule:COMMA><rule:shift_option__5><rule:OPT_SPACE><rule:Rs__2>	MOV_rr	1	422	3f3e8c0ebb34eeb59b973d8c6b666af50137c2d7825c63003348002d7b0a1d8f	04592eb338d629e8b11ac3a12fff094317e71913580d4f3ad32ac6de2d41d549	T32/w/reg/shiftr/MOV_rr_T2
311	2111	2112	T2B	SXTH	SXTH<rule:al_option_choice__4><rule:DOT>W<rule:SPACE><rule:rd_choice><rule:Rm__2>	SXTH	1	39	3f3e8c0ebb34eeb59b973d8c6b666af50137c2d7825c63003348002d7b0a1d8f	ac4c3235dda500902014ab70a6d94655bed569767afc142c01a701cc5e2472f4	T32/w/reg/extendr/SXTH_T2
312	2113	2114	T2B	UXTH	UXTH<rule:al_option_choice__4><rule:DOT>W<rule:SPACE><rule:rd_choice><rule:Rm__2>	UXTH	1	39	3f3e8c0ebb34eeb59b973d8c6b666af50137c2d7825c63003348002d7b0a1d8f	ac4c3235dda500902014ab70a6d94655bed569767afc142c01a701cc5e2472f4	T32/w/reg/extendr/UXTH_T2
313	2119	2120	T2B	SXTB	SXTB<rule:al_option_choice__4><rule:DOT>W<rule:SPACE><rule:rd_choice><rule:Rm__2>	SXTB	1	39	3f3e8c0ebb34eeb59b973d8c6b666af50137c2d7825c63003348002d7b0a1d8f	ac4c3235dda500902014ab70a6d94655bed569767afc142c01a701cc5e2472f4	T32/w/reg/extendr/SXTB_T2
314	2121	2122	T2B	UXTB	UXTB<rule:al_option_choice__4><rule:DOT>W<rule:SPACE><rule:rd_choice><rule:Rm__2>	UXTB	1	39	3f3e8c0ebb34eeb59b973d8c6b666af50137c2d7825c63003348002d7b0a1d8f	ac4c3235dda500902014ab70a6d94655bed569767afc142c01a701cc5e2472f4	T32/w/reg/extendr/UXTB_T2
315	2162	2163	T2B	REV	REV<rule:al_option_choice__4><rule:DOT>W<rule:SPACE><rule:Rd><rule:COMMA><rule:Rm__24>	REV_a32	1	38	3f3e8c0ebb34eeb59b973d8c6b666af50137c2d7825c63003348002d7b0a1d8f	df6332d61f52be08e5470fd5ef3dff3fa8c7fdfd309c6d4d9553842cd1a38aaf	T32/w/reg/dpint_2r/REV_T2
316	2163	2164	T2B	REV16	REV16<rule:al_option_choice__4><rule:DOT>W<rule:SPACE><rule:Rd><rule:COMMA><rule:Rm__24>	REV16	1	38	3f3e8c0ebb34eeb59b973d8c6b666af50137c2d7825c63003348002d7b0a1d8f	df6332d61f52be08e5470fd5ef3dff3fa8c7fdfd309c6d4d9553842cd1a38aaf	T32/w/reg/dpint_2r/REV16_T2
317	2165	2166	T2B	REVSH	REVSH<rule:al_option_choice__4><rule:DOT>W<rule:SPACE><rule:Rd><rule:COMMA><rule:Rm__24>	REVSH	1	38	3f3e8c0ebb34eeb59b973d8c6b666af50137c2d7825c63003348002d7b0a1d8f	df6332d61f52be08e5470fd5ef3dff3fa8c7fdfd309c6d4d9553842cd1a38aaf	T32/w/reg/dpint_2r/REVSH_T2
318	2176	2177	T2B	MUL	MUL<rule:AL_option__4><rule:DOT>W<rule:SPACE><rule:Rd><rule:COMMA><rule:Rn__10><rule:rm_choice>	MUL	1	421	3f3e8c0ebb34eeb59b973d8c6b666af50137c2d7825c63003348002d7b0a1d8f	60bea315e7fa9932919d3733359425b4cf68d28ed7295221b21086e548f8c178	T32/w/mul/mul_abd/MUL_T2
319	2321	2322	mov_z_z_	MOV	MOV<rule:SPACE><rule:Zd>.D<rule:COMMA><rule:Zn>.D	mov_orr_z_zz	367	14	b8c9562971b3e6dedad6b4999d399aa8e483f53d596071b4888dbbb1f7804207	a567ae4fb157d3cbce9711c04efa0a4196fdd3eadc6378614182a4d7be84b280	A64/sve/sve_int_unpred_logical/sve_int_bin_cons_log/orr_z_zz_
320	2423	2424	orn_z_zi_	ORN	ORN<rule:SPACE><rule:Zdn__2>.<rule:T__12><rule:COMMA><rule:Zdn__2>.<rule:T__12><rule:COMMA><rule:hash><rule:const>	orn_orr_z_zi	367	0	b8c9562971b3e6dedad6b4999d399aa8e483f53d596071b4888dbbb1f7804207	850f8e42ca7684e4cadd817bea33cd2105d151a5bf077b3f35a6ed77d5b639bd	A64/sve/sve_maskimm/sve_int_log_imm/orr_z_zi_
321	2424	2425	eon_z_zi_	EON	EON<rule:SPACE><rule:Zdn__2>.<rule:T__12><rule:COMMA><rule:Zdn__2>.<rule:T__12><rule:COMMA><rule:hash><rule:const>	eon_eor_z_zi	367	0	b8c9562971b3e6dedad6b4999d399aa8e483f53d596071b4888dbbb1f7804207	850f8e42ca7684e4cadd817bea33cd2105d151a5bf077b3f35a6ed77d5b639bd	A64/sve/sve_maskimm/sve_int_log_imm/eor_z_zi_
322	2425	2426	bic_z_zi_	BIC	BIC<rule:SPACE><rule:Zdn__2>.<rule:T__12><rule:COMMA><rule:Zdn__2>.<rule:T__12><rule:COMMA><rule:hash><rule:const>	bic_and_z_zi	367	0	b8c9562971b3e6dedad6b4999d399aa8e483f53d596071b4888dbbb1f7804207	850f8e42ca7684e4cadd817bea33cd2105d151a5bf077b3f35a6ed77d5b639bd	A64/sve/sve_maskimm/sve_int_log_imm/and_z_zi_
323	2426	2427	mov_z_m_	MOV	MOV<rule:SPACE><rule:Zd>.<rule:T__34><rule:COMMA><rule:hash><rule:const>	mov_dupm_z_i	367	18	b8c9562971b3e6dedad6b4999d399aa8e483f53d596071b4888dbbb1f7804207	3f1a352290ab24c033e758fd16ecb28601532118f5149fc488a77edc9d826a6d	A64/sve/sve_maskimm/sve_int_dup_mask_imm/dupm_z_i_
324	2427	2428	mov_z_o_i_	MOV	MOV<rule:SPACE><rule:Zd>.<rule:T__28><rule:COMMA><rule:Pg__2>/Z<rule:COMMA><rule:hash><rule:imm__46><rule:optional_shift__6>	mov_cpy_z_o_i	367	1	b8c9562971b3e6dedad6b4999d399aa8e483f53d596071b4888dbbb1f7804207	3f3e8c0ebb34eeb59b973d8c6b666af50137c2d7825c63003348002d7b0a1d8f	A64/sve/sve_wideimm_pred/sve_int_dup_imm_pred/cpy_z_o_i_
325	2428	2429	fmov_z_p_0_	FMOV	FMOV<rule:SPACE><rule:Zd>.<rule:T__104><rule:COMMA><rule:Pg__2>/M<rule:COMMA><rule:hash>0.0	fmov_cpy_z_p_i	368	0	c05a833882a3e8f1e65fd8189c4089c56d26aa72c03daf8476e4fbca755c388c	850f8e42ca7684e4cadd817bea33cd2105d151a5bf077b3f35a6ed77d5b639bd	A64/sve/sve_wideimm_pred/sve_int_dup_imm_pred/cpy_z_p_i_
326	2428	2429	mov_z_p_i_	MOV	MOV<rule:SPACE><rule:Zd>.<rule:T__28><rule:COMMA><rule:Pg__2>/M<rule:COMMA><rule:hash><rule:imm__46><rule:optional_shift__6>	mov_cpy_z_p_i	367	1	b8c9562971b3e6dedad6b4999d399aa8e483f53d596071b4888dbbb1f7804207	3f3e8c0ebb34eeb59b973d8c6b666af50137c2d7825c63003348002d7b0a1d8f	A64/sve/sve_wideimm_pred/sve_int_dup_imm_pred/cpy_z_p_i_
327	2429	2430	fmov_z_p_i_	FMOV	FMOV<rule:SPACE><rule:Zd>.<rule:T__49><rule:COMMA><rule:Pg__2>/M<rule:COMMA><rule:hash><rule:const__6>	fmov_fcpy_z_p_i	367	1	b8c9562971b3e6dedad6b4999d399aa8e483f53d596071b4888dbbb1f7804207	3f3e8c0ebb34eeb59b973d8c6b666af50137c2d7825c63003348002d7b0a1d8f	A64/sve/sve_wideimm_pred/sve_int_dup_fpimm_pred/fcpy_z_p_i_
328	2438	2439	mov_z_v_	MOV	MOV<rule:SPACE><rule:Zd>.<rule:T__33><rule:COMMA><rule:V__8><rule:n__6>	mov_dup_z_zi	367	152	b8c9562971b3e6dedad6b4999d399aa8e483f53d596071b4888dbbb1f7804207	aac0df27d0f66efb45f038185f1a8abc81b8712e0b491c12e8644eeb519f6809	A64/sve/sve_perm_unpred_a/sve_int_perm_dup_i/dup_z_zi_
329	2438	2439	mov_z_zi_	MOV	MOV<rule:SPACE><rule:Zd>.<rule:T__33><rule:COMMA><rule:Zn>.<rule:T__33>[<rule:imm__47>]	mov_dup_z_zi	367	153	b8c9562971b3e6dedad6b4999d399aa8e483f53d596071b4888dbbb1f7804207	9f88eff7534f62a1bee9662ae29ae3f0a532fbcccf28e2d83289121bfe21abe5	A64/sve/sve_perm_unpred_a/sve_int_perm_dup_i/dup_z_zi_
330	2445	2446	mov_z_r_	MOV	MOV<rule:SPACE><rule:Zd>.<rule:T__29><rule:COMMA><rule:R__3><rule:nSP>	mov_dup_z_r	367	1	b8c9562971b3e6dedad6b4999d399aa8e483f53d596071b4888dbbb1f7804207	3f3e8c0ebb34eeb59b973d8c6b666af50137c2d7825c63003348002d7b0a1d8f	A64/sve/sve_perm_unpred_d/sve_int_perm_dup_r/dup_z_r_
331	2476	2477	mov_z_p_v_	MOV	MOV<rule:SPACE><rule:Zd>.<rule:T__30><rule:COMMA><rule:Pg>/M<rule:COMMA><rule:V__3><rule:n__4>	mov_cpy_z_p_v	367	1	b8c9562971b3e6dedad6b4999d399aa8e483f53d596071b4888dbbb1f7804207	3f3e8c0ebb34eeb59b973d8c6b666af50137c2d7825c63003348002d7b0a1d8f	A64/sve/sve_perm_pred/sve_int_perm_cpy_v/cpy_z_p_v_
332	2497	2498	mov_z_p_r_	MOV	MOV<rule:SPACE><rule:Zd>.<rule:T__29><rule:COMMA><rule:Pg>/M<rule:COMMA><rule:R__3><rule:nSP>	mov_cpy_z_p_r	367	1	b8c9562971b3e6dedad6b4999d399aa8e483f53d596071b4888dbbb1f7804207	3f3e8c0ebb34eeb59b973d8c6b666af50137c2d7825c63003348002d7b0a1d8f	A64/sve/sve_perm_pred/sve_int_perm_cpy_r/cpy_z_p_r_
333	2503	2504	mov_z_p_z_	MOV	MOV<rule:SPACE><rule:Zd>.<rule:T__84><rule:COMMA><rule:Pv>/M<rule:COMMA><rule:Zn>.<rule:T__84>	mov_sel_z_p_zz	367	6	b8c9562971b3e6dedad6b4999d399aa8e483f53d596071b4888dbbb1f7804207	a3a05e5e6467774b181334362d99171ffd25c54c5e3c97e57ee9cf2d9426c321	A64/sve/sve_int_select/sve_int_sel_vvv/sel_z_p_zz_
334	2504	2505	cmpls_p_p_zz_	CMPLS	CMPLS<rule:SPACE><rule:Pd>.<rule:T__25><rule:COMMA><rule:Pg>/Z<rule:COMMA><rule:Zm>.<rule:T__25><rule:COMMA><rule:Zn__2>.<rule:T__25>	cmpls_cmpeq_p_p_zz	367	0	b8c9562971b3e6dedad6b4999d399aa8e483f53d596071b4888dbbb1f7804207	850f8e42ca7684e4cadd817bea33cd2105d151a5bf077b3f35a6ed77d5b639bd	A64/sve/sve_cmpvec/sve_int_cmp_0/cmphs_p_p_zz_
335	2505	2506	cmple_p_p_zz_	CMPLE	CMPLE<rule:SPACE><rule:Pd>.<rule:T__25><rule:COMMA><rule:Pg>/Z<rule:COMMA><rule:Zm>.<rule:T__25><rule:COMMA><rule:Zn__2>.<rule:T__25>	cmple_cmpeq_p_p_zz	367	0	b8c9562971b3e6dedad6b4999d399aa8e483f53d596071b4888dbbb1f7804207	850f8e42ca7684e4cadd817bea33cd2105d151a5bf077b3f35a6ed77d5b639bd	A64/sve/sve_cmpvec/sve_int_cmp_0/cmpge_p_p_zz_
336	2508	2509	cmplo_p_p_zz_	CMPLO	CMPLO<rule:SPACE><rule:Pd>.<rule:T__25><rule:COMMA><rule:Pg>/Z<rule:COMMA><rule:Zm>.<rule:T__25><rule:COMMA><rule:Zn__2>.<rule:T__25>	cmplo_cmpeq_p_p_zz	367	0	b8c9562971b3e6dedad6b4999d399aa8e483f53d596071b4888dbbb1f7804207	850f8e42ca7684e4cadd817bea33cd2105d151a5bf077b3f35a6ed77d5b639bd	A64/sve/sve_cmpvec/sve_int_cmp_0/cmphi_p_p_zz_
337	2509	2510	cmplt_p_p_zz_	CMPLT	CMPLT<rule:SPACE><rule:Pd>.<rule:T__25><rule:COMMA><rule:Pg>/Z<rule:COMMA><rule:Zm>.<rule:T__25><rule:COMMA><rule:Zn__2>.<rule:T__25>	cmplt_cmpeq_p_p_zz	367	0	b8c9562971b3e6dedad6b4999d399aa8e483f53d596071b4888dbbb1f7804207	850f8e42ca7684e4cadd817bea33cd2105d151a5bf077b3f35a6ed77d5b639bd	A64/sve/sve_cmpvec/sve_int_cmp_0/cmpgt_p_p_zz_
338	2530	2531	movz_p_p_p_	MOV	MOV<rule:SPACE><rule:Pd>.B<rule:COMMA><rule:Pg__2>/Z<rule:COMMA><rule:Pn__3>.B	mov_and_p_p_pp	367	147	b8c9562971b3e6dedad6b4999d399aa8e483f53d596071b4888dbbb1f7804207	ce77f846670242f648be2016cb8462f9606101f6edec6cf62ed2e9aad85802e5	A64/sve/sve_pred_gen_a/sve_int_pred_log/and_p_p_pp_z
339	2532	2533	mov_p_p_	MOV	MOV<rule:SPACE><rule:Pd>.B<rule:COMMA><rule:Pn__3>.B	mov_orr_p_p_pp	367	148	b8c9562971b3e6dedad6b4999d399aa8e483f53d596071b4888dbbb1f7804207	f0600ac96b8a380f5d67abbd3496675e8293683c56a32e86382896668582d905	A64/sve/sve_pred_gen_a/sve_int_pred_log/orr_p_p_pp_z
340	2534	2535	not_p_p_p_z	NOT	NOT<rule:SPACE><rule:Pd>.B<rule:COMMA><rule:Pg__2>/Z<rule:COMMA><rule:Pn__3>.B	not_eor_p_p_pp	367	102	b8c9562971b3e6dedad6b4999d399aa8e483f53d596071b4888dbbb1f7804207	1dbf3528b702088e9015b9fd5ac1bf765d033d1af77872f21917db23499dac2a	A64/sve/sve_pred_gen_a/sve_int_pred_log/eor_p_p_pp_z
341	2535	2536	movm_p_p_p_	MOV	MOV<rule:SPACE><rule:Pd>.B<rule:COMMA><rule:Pg__2>/M<rule:COMMA><rule:Pn__3>.B	mov_sel_p_p_pp	367	2	b8c9562971b3e6dedad6b4999d399aa8e483f53d596071b4888dbbb1f7804207	52a3168fad637e790384da8f7d59751e0c8bac9d2a35c8d4ef11038132ccb880	A64/sve/sve_pred_gen_a/sve_int_pred_log/sel_p_p_pp_
342	2538	2539	movzs_p_p_p_	MOVS	MOVS<rule:SPACE><rule:Pd>.B<rule:COMMA><rule:Pg__2>/Z<rule:COMMA><rule:Pn__3>.B	movs_ands_p_p_pp	367	150	b8c9562971b3e6dedad6b4999d399aa8e483f53d596071b4888dbbb1f7804207	cfd059a09e9de34032eb3c8bd43421d986c6f84e247e5c20147307eb11191ba7	A64/sve/sve_pred_gen_a/sve_int_pred_log/ands_p_p_pp_z
343	2540	2541	movs_p_p_	MOVS	MOVS<rule:SPACE><rule:Pd>.B<rule:COMMA><rule:Pn__3>.B	movs_orrs_p_p_pp	367	151	b8c9562971b3e6dedad6b4999d399aa8e483f53d596071b4888dbbb1f7804207	134a96898748af9d5bcc4d8ef8e2a2f8a408350d67f2842ed184322775794be3	A64/sve/sve_pred_gen_a/sve_int_pred_log/orrs_p_p_pp_z
344	2542	2543	nots_p_p_p_z	NOTS	NOTS<rule:SPACE><rule:Pd>.B<rule:COMMA><rule:Pg__2>/Z<rule:COMMA><rule:Pn__3>.B	nots_eors_p_p_pp	367	102	b8c9562971b3e6dedad6b4999d399aa8e483f53d596071b4888dbbb1f7804207	1dbf3528b702088e9015b9fd5ac1bf765d033d1af77872f21917db23499dac2a	A64/sve/sve_pred_gen_a/sve_int_pred_log/eors_p_p_pp_z
345	2630	2631	fmov_z_0_	FMOV	FMOV<rule:SPACE><rule:Zd>.<rule:T__104><rule:COMMA><rule:hash>0.0	fmov_dup_z_i	368	0	c05a833882a3e8f1e65fd8189c4089c56d26aa72c03daf8476e4fbca755c388c	850f8e42ca7684e4cadd817bea33cd2105d151a5bf077b3f35a6ed77d5b639bd	A64/sve/sve_wideimm_unpred/sve_int_dup_imm/dup_z_i_
346	2630	2631	mov_z_i_	MOV	MOV<rule:SPACE><rule:Zd>.<rule:T__28><rule:COMMA><rule:hash><rule:imm__46><rule:optional_shift__6>	mov_dup_z_i	367	1	b8c9562971b3e6dedad6b4999d399aa8e483f53d596071b4888dbbb1f7804207	3f3e8c0ebb34eeb59b973d8c6b666af50137c2d7825c63003348002d7b0a1d8f	A64/sve/sve_wideimm_unpred/sve_int_dup_imm/dup_z_i_
347	2631	2632	fmov_z_i_	FMOV	FMOV<rule:SPACE><rule:Zd>.<rule:T__49><rule:COMMA><rule:hash><rule:const__6>	fmov_fdup_z_i	367	1	b8c9562971b3e6dedad6b4999d399aa8e483f53d596071b4888dbbb1f7804207	3f3e8c0ebb34eeb59b973d8c6b666af50137c2d7825c63003348002d7b0a1d8f	A64/sve/sve_wideimm_unpred/sve_int_dup_fpimm/fdup_z_i_
348	3067	3068	fcmle_p_p_zz_	FCMLE	FCMLE<rule:SPACE><rule:Pd>.<rule:T__39><rule:COMMA><rule:Pg>/Z<rule:COMMA><rule:Zm>.<rule:T__39><rule:COMMA><rule:Zn__2>.<rule:T__39>	fcmle_fcmeq_p_p_zz	367	0	b8c9562971b3e6dedad6b4999d399aa8e483f53d596071b4888dbbb1f7804207	850f8e42ca7684e4cadd817bea33cd2105d151a5bf077b3f35a6ed77d5b639bd	A64/sve/sve_fp_cmpvev/sve_fp_3op_p_pd/fcmge_p_p_zz_
349	3069	3070	facle_p_p_zz_	FACLE	FACLE<rule:SPACE><rule:Pd>.<rule:T__39><rule:COMMA><rule:Pg>/Z<rule:COMMA><rule:Zm>.<rule:T__39><rule:COMMA><rule:Zn__2>.<rule:T__39>	facle_facge_p_p_zz	367	0	b8c9562971b3e6dedad6b4999d399aa8e483f53d596071b4888dbbb1f7804207	850f8e42ca7684e4cadd817bea33cd2105d151a5bf077b3f35a6ed77d5b639bd	A64/sve/sve_fp_cmpvev/sve_fp_3op_p_pd/facge_p_p_zz_
350	3070	3071	faclt_p_p_zz_	FACLT	FACLT<rule:SPACE><rule:Pd>.<rule:T__39><rule:COMMA><rule:Pg>/Z<rule:COMMA><rule:Zm>.<rule:T__39><rule:COMMA><rule:Zn__2>.<rule:T__39>	faclt_facge_p_p_zz	367	0	b8c9562971b3e6dedad6b4999d399aa8e483f53d596071b4888dbbb1f7804207	850f8e42ca7684e4cadd817bea33cd2105d151a5bf077b3f35a6ed77d5b639bd	A64/sve/sve_fp_cmpvev/sve_fp_3op_p_pd/facgt_p_p_zz_
351	3071	3072	fcmlt_p_p_zz_	FCMLT	FCMLT<rule:SPACE><rule:Pd>.<rule:T__39><rule:COMMA><rule:Pg>/Z<rule:COMMA><rule:Zm>.<rule:T__39><rule:COMMA><rule:Zn__2>.<rule:T__39>	fcmlt_fcmeq_p_p_zz	367	0	b8c9562971b3e6dedad6b4999d399aa8e483f53d596071b4888dbbb1f7804207	850f8e42ca7684e4cadd817bea33cd2105d151a5bf077b3f35a6ed77d5b639bd	A64/sve/sve_fp_cmpvev/sve_fp_3op_p_pd/fcmgt_p_p_zz_
352	3861	3862	mov_za_p_rz_b	MOV	MOV<rule:SPACE>ZA0<rule:HV__7>.B[<rule:Ws__3><rule:COMMA><rule:offs__2>]<rule:COMMA><rule:Pg>/M<rule:COMMA><rule:Zn>.B	mov_mova_za_p_rz	319	1	3840466cb25b00fa45d0e888f5ea00c5ff1e31afe82acf68140e5b9138731ef7	3f3e8c0ebb34eeb59b973d8c6b666af50137c2d7825c63003348002d7b0a1d8f	A64/sme/mortlach_ins/mortlach_insert_pred/mova_za_p_rz_b
353	3862	3863	mov_za_p_rz_h	MOV	MOV<rule:SPACE><rule:ZAd__2><rule:HV__7>.H[<rule:Ws__3><rule:COMMA><rule:offs__4>]<rule:COMMA><rule:Pg>/M<rule:COMMA><rule:Zn>.H	mov_mova_za_p_rz	319	1	3840466cb25b00fa45d0e888f5ea00c5ff1e31afe82acf68140e5b9138731ef7	3f3e8c0ebb34eeb59b973d8c6b666af50137c2d7825c63003348002d7b0a1d8f	A64/sme/mortlach_ins/mortlach_insert_pred/mova_za_p_rz_h
354	3863	3864	mov_za_p_rz_w	MOV	MOV<rule:SPACE><rule:ZAd__3><rule:HV__7>.S[<rule:Ws__3><rule:COMMA><rule:offs__6>]<rule:COMMA><rule:Pg>/M<rule:COMMA><rule:Zn>.S	mov_mova_za_p_rz	319	1	3840466cb25b00fa45d0e888f5ea00c5ff1e31afe82acf68140e5b9138731ef7	3f3e8c0ebb34eeb59b973d8c6b666af50137c2d7825c63003348002d7b0a1d8f	A64/sme/mortlach_ins/mortlach_insert_pred/mova_za_p_rz_w
355	3864	3865	mov_za_p_rz_d	MOV	MOV<rule:SPACE><rule:ZAd><rule:HV__7>.D[<rule:Ws__3><rule:COMMA><rule:offs__3>]<rule:COMMA><rule:Pg>/M<rule:COMMA><rule:Zn>.D	mov_mova_za_p_rz	319	1	3840466cb25b00fa45d0e888f5ea00c5ff1e31afe82acf68140e5b9138731ef7	3f3e8c0ebb34eeb59b973d8c6b666af50137c2d7825c63003348002d7b0a1d8f	A64/sme/mortlach_ins/mortlach_insert_pred/mova_za_p_rz_d
356	3865	3866	mov_za_p_rz_q	MOV	MOV<rule:SPACE><rule:ZAd__4><rule:HV__7>.Q[<rule:Ws__3><rule:COMMA><rule:offs__5>]<rule:COMMA><rule:Pg>/M<rule:COMMA><rule:Zn>.Q	mov_mova_za_p_rz	319	1	3840466cb25b00fa45d0e888f5ea00c5ff1e31afe82acf68140e5b9138731ef7	3f3e8c0ebb34eeb59b973d8c6b666af50137c2d7825c63003348002d7b0a1d8f	A64/sme/mortlach_ins/mortlach_insert_pred/mova_za_p_rz_q
357	3866	3867	mov_za2_z_b1	MOV	MOV<rule:SPACE>ZA0<rule:HV__5>.B[<rule:Ws__3><rule:COMMA><rule:offs1__5>:<rule:offs2__3>]<rule:COMMA>{<rule:OPT_SPACE><rule:Zn1__4>.B-<rule:Zn2__3>.B<rule:OPT_SPACE>}	mov_mova_za2_z	321	1	f1cf204bd2e106841f0712fc352957a8c7297dfe00eb142666888e1af1232630	3f3e8c0ebb34eeb59b973d8c6b666af50137c2d7825c63003348002d7b0a1d8f	A64/sme/mortlach_ins/mortlach_multi2_insert_ctg/mova_za2_z_b1
358	3867	3868	mov_za2_z_h1	MOV	MOV<rule:SPACE><rule:ZAd__2><rule:HV__5>.H[<rule:Ws__3><rule:COMMA><rule:offs1__7>:<rule:offs2__5>]<rule:COMMA>{<rule:OPT_SPACE><rule:Zn1__4>.H-<rule:Zn2__3>.H<rule:OPT_SPACE>}	mov_mova_za2_z	321	1	f1cf204bd2e106841f0712fc352957a8c7297dfe00eb142666888e1af1232630	3f3e8c0ebb34eeb59b973d8c6b666af50137c2d7825c63003348002d7b0a1d8f	A64/sme/mortlach_ins/mortlach_multi2_insert_ctg/mova_za2_z_h1
359	3868	3869	mov_za2_z_w1	MOV	MOV<rule:SPACE><rule:ZAd__3><rule:HV__5>.S[<rule:Ws__3><rule:COMMA><rule:offs1__8>:<rule:offs2__6>]<rule:COMMA>{<rule:OPT_SPACE><rule:Zn1__4>.S-<rule:Zn2__3>.S<rule:OPT_SPACE>}	mov_mova_za2_z	321	1	f1cf204bd2e106841f0712fc352957a8c7297dfe00eb142666888e1af1232630	3f3e8c0ebb34eeb59b973d8c6b666af50137c2d7825c63003348002d7b0a1d8f	A64/sme/mortlach_ins/mortlach_multi2_insert_ctg/mova_za2_z_w1
360	3869	3870	mov_za2_z_d1	MOV	MOV<rule:SPACE><rule:ZAd><rule:HV__5>.D[<rule:Ws__3><rule:COMMA><rule:offs1__6>:<rule:offs2__4>]<rule:COMMA>{<rule:OPT_SPACE><rule:Zn1__4>.D-<rule:Zn2__3>.D<rule:OPT_SPACE>}	mov_mova_za2_z	321	1	f1cf204bd2e106841f0712fc352957a8c7297dfe00eb142666888e1af1232630	3f3e8c0ebb34eeb59b973d8c6b666af50137c2d7825c63003348002d7b0a1d8f	A64/sme/mortlach_ins/mortlach_multi2_insert_ctg/mova_za2_z_d1
361	3870	3871	mov_za4_z_b1	MOV	MOV<rule:SPACE>ZA0<rule:HV__6>.B[<rule:Ws__3><rule:COMMA><rule:offs1__9>:<rule:offs4__3>]<rule:COMMA>{<rule:OPT_SPACE><rule:Zn1__6>.B-<rule:Zn4__3>.B<rule:OPT_SPACE>}	mov_mova_za4_z	321	1	f1cf204bd2e106841f0712fc352957a8c7297dfe00eb142666888e1af1232630	3f3e8c0ebb34eeb59b973d8c6b666af50137c2d7825c63003348002d7b0a1d8f	A64/sme/mortlach_ins/mortlach_multi4_insert_ctg/mova_za4_z_b1
362	3871	3872	mov_za4_z_h1	MOV	MOV<rule:SPACE><rule:ZAd__2><rule:HV__6>.H[<rule:Ws__3><rule:COMMA><rule:offs1__10>:<rule:offs4__5>]<rule:COMMA>{<rule:OPT_SPACE><rule:Zn1__6>.H-<rule:Zn4__3>.H<rule:OPT_SPACE>}	mov_mova_za4_z	321	1	f1cf204bd2e106841f0712fc352957a8c7297dfe00eb142666888e1af1232630	3f3e8c0ebb34eeb59b973d8c6b666af50137c2d7825c63003348002d7b0a1d8f	A64/sme/mortlach_ins/mortlach_multi4_insert_ctg/mova_za4_z_h1
363	3872	3873	mov_za4_z_w1	MOV	MOV<rule:SPACE><rule:ZAd__3><rule:HV__6>.S[<rule:Ws__3><rule:COMMA><rule:offs1__6>:<rule:offs4__4>]<rule:COMMA>{<rule:OPT_SPACE><rule:Zn1__6>.S-<rule:Zn4__3>.S<rule:OPT_SPACE>}	mov_mova_za4_z	321	1	f1cf204bd2e106841f0712fc352957a8c7297dfe00eb142666888e1af1232630	3f3e8c0ebb34eeb59b973d8c6b666af50137c2d7825c63003348002d7b0a1d8f	A64/sme/mortlach_ins/mortlach_multi4_insert_ctg/mova_za4_z_w1
364	3873	3874	mov_za4_z_d1	MOV	MOV<rule:SPACE><rule:ZAd><rule:HV__6>.D[<rule:Ws__3><rule:COMMA><rule:offs1__6>:<rule:offs4__4>]<rule:COMMA>{<rule:OPT_SPACE><rule:Zn1__6>.D-<rule:Zn4__3>.D<rule:OPT_SPACE>}	mov_mova_za4_z	321	1	f1cf204bd2e106841f0712fc352957a8c7297dfe00eb142666888e1af1232630	3f3e8c0ebb34eeb59b973d8c6b666af50137c2d7825c63003348002d7b0a1d8f	A64/sme/mortlach_ins/mortlach_multi4_insert_ctg/mova_za4_z_d1
365	3874	3875	mov_za_mz2_1	MOV	MOV<rule:SPACE>ZA.D[<rule:Wv><rule:COMMA><rule:offs><rule:optional_COMMA_VGx2>]<rule:COMMA>{<rule:OPT_SPACE><rule:Zn1__4>.D-<rule:Zn2__3>.D<rule:OPT_SPACE>}	mov_mova_za_mz2	321	1	f1cf204bd2e106841f0712fc352957a8c7297dfe00eb142666888e1af1232630	3f3e8c0ebb34eeb59b973d8c6b666af50137c2d7825c63003348002d7b0a1d8f	A64/sme/mortlach_ins/mortlach_multi2_za_insert_ctg/mova_za_mz2_1
366	3875	3876	mov_za_mz4_1	MOV	MOV<rule:SPACE>ZA.D[<rule:Wv><rule:COMMA><rule:offs><rule:optional_COMMA_VGx4>]<rule:COMMA>{<rule:OPT_SPACE><rule:Zn1__6>.D-<rule:Zn4__3>.D<rule:OPT_SPACE>}	mov_mova_za_mz4	321	1	f1cf204bd2e106841f0712fc352957a8c7297dfe00eb142666888e1af1232630	3f3e8c0ebb34eeb59b973d8c6b666af50137c2d7825c63003348002d7b0a1d8f	A64/sme/mortlach_ins/mortlach_multi4_za_insert_ctg/mova_za_mz4_1
367	3876	3877	mov_z_p_rza_b	MOV	MOV<rule:SPACE><rule:Zd>.B<rule:COMMA><rule:Pg>/M<rule:COMMA>ZA0<rule:HV__4>.B[<rule:Ws__3><rule:COMMA><rule:offs__2>]	mov_mova_z_p_rza	319	1	3840466cb25b00fa45d0e888f5ea00c5ff1e31afe82acf68140e5b9138731ef7	3f3e8c0ebb34eeb59b973d8c6b666af50137c2d7825c63003348002d7b0a1d8f	A64/sme/mortlach_ext/mortlach_extract_pred/mova_z_p_rza_b
368	3877	3878	mov_z_p_rza_h	MOV	MOV<rule:SPACE><rule:Zd>.H<rule:COMMA><rule:Pg>/M<rule:COMMA><rule:ZAn__2><rule:HV__4>.H[<rule:Ws__3><rule:COMMA><rule:offs__4>]	mov_mova_z_p_rza	319	1	3840466cb25b00fa45d0e888f5ea00c5ff1e31afe82acf68140e5b9138731ef7	3f3e8c0ebb34eeb59b973d8c6b666af50137c2d7825c63003348002d7b0a1d8f	A64/sme/mortlach_ext/mortlach_extract_pred/mova_z_p_rza_h
369	3878	3879	mov_z_p_rza_w	MOV	MOV<rule:SPACE><rule:Zd>.S<rule:COMMA><rule:Pg>/M<rule:COMMA><rule:ZAn__3><rule:HV__4>.S[<rule:Ws__3><rule:COMMA><rule:offs__6>]	mov_mova_z_p_rza	319	1	3840466cb25b00fa45d0e888f5ea00c5ff1e31afe82acf68140e5b9138731ef7	3f3e8c0ebb34eeb59b973d8c6b666af50137c2d7825c63003348002d7b0a1d8f	A64/sme/mortlach_ext/mortlach_extract_pred/mova_z_p_rza_w
370	3879	3880	mov_z_p_rza_d	MOV	MOV<rule:SPACE><rule:Zd>.D<rule:COMMA><rule:Pg>/M<rule:COMMA><rule:ZAn><rule:HV__4>.D[<rule:Ws__3><rule:COMMA><rule:offs__3>]	mov_mova_z_p_rza	319	1	3840466cb25b00fa45d0e888f5ea00c5ff1e31afe82acf68140e5b9138731ef7	3f3e8c0ebb34eeb59b973d8c6b666af50137c2d7825c63003348002d7b0a1d8f	A64/sme/mortlach_ext/mortlach_extract_pred/mova_z_p_rza_d
371	3880	3881	mov_z_p_rza_q	MOV	MOV<rule:SPACE><rule:Zd>.Q<rule:COMMA><rule:Pg>/M<rule:COMMA><rule:ZAn__4><rule:HV__4>.Q[<rule:Ws__3><rule:COMMA><rule:offs__5>]	mov_mova_z_p_rza	319	1	3840466cb25b00fa45d0e888f5ea00c5ff1e31afe82acf68140e5b9138731ef7	3f3e8c0ebb34eeb59b973d8c6b666af50137c2d7825c63003348002d7b0a1d8f	A64/sme/mortlach_ext/mortlach_extract_pred/mova_z_p_rza_q
372	3881	3882	mov_mz2_za_b1	MOV	MOV<rule:SPACE>{<rule:OPT_SPACE><rule:Zd1>.B-<rule:Zd2>.B<rule:OPT_SPACE>}<rule:COMMA>ZA0<rule:HV__2>.B[<rule:Ws__3><rule:COMMA><rule:offs1__5>:<rule:offs2__3>]	mov_mova_mz2_za	321	1	f1cf204bd2e106841f0712fc352957a8c7297dfe00eb142666888e1af1232630	3f3e8c0ebb34eeb59b973d8c6b666af50137c2d7825c63003348002d7b0a1d8f	A64/sme/mortlach_ext/mortlach_multi2_extract_ctg/mova_mz2_za_b1
373	3882	3883	mov_mz2_za_h1	MOV	MOV<rule:SPACE>{<rule:OPT_SPACE><rule:Zd1>.H-<rule:Zd2>.H<rule:OPT_SPACE>}<rule:COMMA><rule:ZAn__2><rule:HV__2>.H[<rule:Ws__3><rule:COMMA><rule:offs1__7>:<rule:offs2__5>]	mov_mova_mz2_za	321	1	f1cf204bd2e106841f0712fc352957a8c7297dfe00eb142666888e1af1232630	3f3e8c0ebb34eeb59b973d8c6b666af50137c2d7825c63003348002d7b0a1d8f	A64/sme/mortlach_ext/mortlach_multi2_extract_ctg/mova_mz2_za_h1
374	3883	3884	mov_mz2_za_w1	MOV	MOV<rule:SPACE>{<rule:OPT_SPACE><rule:Zd1>.S-<rule:Zd2>.S<rule:OPT_SPACE>}<rule:COMMA><rule:ZAn__3><rule:HV__2>.S[<rule:Ws__3><rule:COMMA><rule:offs1__8>:<rule:offs2__6>]	mov_mova_mz2_za	321	1	f1cf204bd2e106841f0712fc352957a8c7297dfe00eb142666888e1af1232630	3f3e8c0ebb34eeb59b973d8c6b666af50137c2d7825c63003348002d7b0a1d8f	A64/sme/mortlach_ext/mortlach_multi2_extract_ctg/mova_mz2_za_w1
375	3884	3885	mov_mz2_za_d1	MOV	MOV<rule:SPACE>{<rule:OPT_SPACE><rule:Zd1>.D-<rule:Zd2>.D<rule:OPT_SPACE>}<rule:COMMA><rule:ZAn><rule:HV__2>.D[<rule:Ws__3><rule:COMMA><rule:offs1__6>:<rule:offs2__4>]	mov_mova_mz2_za	321	1	f1cf204bd2e106841f0712fc352957a8c7297dfe00eb142666888e1af1232630	3f3e8c0ebb34eeb59b973d8c6b666af50137c2d7825c63003348002d7b0a1d8f	A64/sme/mortlach_ext/mortlach_multi2_extract_ctg/mova_mz2_za_d1
376	3885	3886	mov_mz4_za_b1	MOV	MOV<rule:SPACE>{<rule:OPT_SPACE><rule:Zd1__2>.B-<rule:Zd4>.B<rule:OPT_SPACE>}<rule:COMMA>ZA0<rule:HV__3>.B[<rule:Ws__3><rule:COMMA><rule:offs1__9>:<rule:offs4__3>]	mov_mova_mz4_za	321	1	f1cf204bd2e106841f0712fc352957a8c7297dfe00eb142666888e1af1232630	3f3e8c0ebb34eeb59b973d8c6b666af50137c2d7825c63003348002d7b0a1d8f	A64/sme/mortlach_ext/mortlach_multi4_extract_ctg/mova_mz4_za_b1
377	3886	3887	mov_mz4_za_h1	MOV	MOV<rule:SPACE>{<rule:OPT_SPACE><rule:Zd1__2>.H-<rule:Zd4>.H<rule:OPT_SPACE>}<rule:COMMA><rule:ZAn__2><rule:HV__3>.H[<rule:Ws__3><rule:COMMA><rule:offs1__10>:<rule:offs4__5>]	mov_mova_mz4_za	321	1	f1cf204bd2e106841f0712fc352957a8c7297dfe00eb142666888e1af1232630	3f3e8c0ebb34eeb59b973d8c6b666af50137c2d7825c63003348002d7b0a1d8f	A64/sme/mortlach_ext/mortlach_multi4_extract_ctg/mova_mz4_za_h1
378	3887	3888	mov_mz4_za_w1	MOV	MOV<rule:SPACE>{<rule:OPT_SPACE><rule:Zd1__2>.S-<rule:Zd4>.S<rule:OPT_SPACE>}<rule:COMMA><rule:ZAn__3><rule:HV__3>.S[<rule:Ws__3><rule:COMMA><rule:offs1__6>:<rule:offs4__4>]	mov_mova_mz4_za	321	1	f1cf204bd2e106841f0712fc352957a8c7297dfe00eb142666888e1af1232630	3f3e8c0ebb34eeb59b973d8c6b666af50137c2d7825c63003348002d7b0a1d8f	A64/sme/mortlach_ext/mortlach_multi4_extract_ctg/mova_mz4_za_w1
379	3888	3889	mov_mz4_za_d1	MOV	MOV<rule:SPACE>{<rule:OPT_SPACE><rule:Zd1__2>.D-<rule:Zd4>.D<rule:OPT_SPACE>}<rule:COMMA><rule:ZAn><rule:HV__3>.D[<rule:Ws__3><rule:COMMA><rule:offs1__6>:<rule:offs4__4>]	mov_mova_mz4_za	321	1	f1cf204bd2e106841f0712fc352957a8c7297dfe00eb142666888e1af1232630	3f3e8c0ebb34eeb59b973d8c6b666af50137c2d7825c63003348002d7b0a1d8f	A64/sme/mortlach_ext/mortlach_multi4_extract_ctg/mova_mz4_za_d1
380	3889	3890	mov_mz_za2_1	MOV	MOV<rule:SPACE>{<rule:OPT_SPACE><rule:Zd1>.D-<rule:Zd2>.D<rule:OPT_SPACE>}<rule:COMMA>ZA.D[<rule:Wv><rule:COMMA><rule:offs><rule:optional_COMMA_VGx2>]	mov_mova_mz_za2	321	1	f1cf204bd2e106841f0712fc352957a8c7297dfe00eb142666888e1af1232630	3f3e8c0ebb34eeb59b973d8c6b666af50137c2d7825c63003348002d7b0a1d8f	A64/sme/mortlach_ext/mortlach_multi2_za_extract_ctg/mova_mz_za2_1
381	3890	3891	mov_mz_za4_1	MOV	MOV<rule:SPACE>{<rule:OPT_SPACE><rule:Zd1__2>.D-<rule:Zd4>.D<rule:OPT_SPACE>}<rule:COMMA>ZA.D[<rule:Wv><rule:COMMA><rule:offs><rule:optional_COMMA_VGx4>]	mov_mova_mz_za4	321	1	f1cf204bd2e106841f0712fc352957a8c7297dfe00eb142666888e1af1232630	3f3e8c0ebb34eeb59b973d8c6b666af50137c2d7825c63003348002d7b0a1d8f	A64/sme/mortlach_ext/mortlach_multi4_za_extract_ctg/mova_mz_za4_1
382	4389	4390	ROR	ROR	ROR<rule:SPACE><rule:WdOrWZR><rule:COMMA><rule:RmRn_option><rule:COMMA><rule:hash><rule:shift__5>	ROR_EXTR	1	14	3f3e8c0ebb34eeb59b973d8c6b666af50137c2d7825c63003348002d7b0a1d8f	50698dd23b17c8dd6b03d3afd33f0e436d5c6d535908bbcc42864b08be5f399a	A64/dpimm/extract/EXTR_32_extract
383	4390	4391	ROR	ROR	ROR<rule:SPACE><rule:XdOrXZR__6><rule:COMMA><rule:RmRn_option__2><rule:COMMA><rule:hash><rule:shift__6>	ROR_EXTR	1	14	3f3e8c0ebb34eeb59b973d8c6b666af50137c2d7825c63003348002d7b0a1d8f	50698dd23b17c8dd6b03d3afd33f0e436d5c6d535908bbcc42864b08be5f399a	A64/dpimm/extract/EXTR_64_extract
384	4393	4394	MOV	MOV	MOV<rule:SPACE><rule:WdWSP_option><rule:COMMA><rule:WnWSP_option>	MOV_ADD_addsub_imm	149	8	b5c222fc53b2cb52384a74a953c35f3b7177a8359b51192e873b124608fa5f93	053c682245465d98a49a51d958e62386760951b350a38c79b88f4f99e8135c9d	A64/dpimm/addsub_imm/ADD_32_addsub_imm
385	4394	4395	CMN	CMN	CMN<rule:SPACE><rule:WnWSP_option><rule:COMMA><rule:hash><rule:imm__17><rule:optional_shift>	CMN_ADDS_addsub_imm	7	1	61356a75e0624d24922637b174a5e5f8952d83871def68efa1c656039dd80c09	3f3e8c0ebb34eeb59b973d8c6b666af50137c2d7825c63003348002d7b0a1d8f	A64/dpimm/addsub_imm/ADDS_32S_addsub_imm
386	4396	4397	CMP	CMP	CMP<rule:SPACE><rule:WnWSP_option><rule:COMMA><rule:hash><rule:imm__17><rule:optional_shift>	CMP_SUBS_addsub_imm	7	1	61356a75e0624d24922637b174a5e5f8952d83871def68efa1c656039dd80c09	3f3e8c0ebb34eeb59b973d8c6b666af50137c2d7825c63003348002d7b0a1d8f	A64/dpimm/addsub_imm/SUBS_32S_addsub_imm
387	4397	4398	MOV	MOV	MOV<rule:SPACE><rule:XdSP_option><rule:COMMA><rule:XnSP_option__3>	MOV_ADD_addsub_imm	149	8	b5c222fc53b2cb52384a74a953c35f3b7177a8359b51192e873b124608fa5f93	053c682245465d98a49a51d958e62386760951b350a38c79b88f4f99e8135c9d	A64/dpimm/addsub_imm/ADD_64_addsub_imm
388	4398	4399	CMN	CMN	CMN<rule:SPACE><rule:XnSP_option__3><rule:COMMA><rule:hash><rule:imm__17><rule:optional_shift>	CMN_ADDS_addsub_imm	7	1	61356a75e0624d24922637b174a5e5f8952d83871def68efa1c656039dd80c09	3f3e8c0ebb34eeb59b973d8c6b666af50137c2d7825c63003348002d7b0a1d8f	A64/dpimm/addsub_imm/ADDS_64S_addsub_imm
389	4400	4401	CMP	CMP	CMP<rule:SPACE><rule:XnSP_option__3><rule:COMMA><rule:hash><rule:imm__17><rule:optional_shift>	CMP_SUBS_addsub_imm	7	1	61356a75e0624d24922637b174a5e5f8952d83871def68efa1c656039dd80c09	3f3e8c0ebb34eeb59b973d8c6b666af50137c2d7825c63003348002d7b0a1d8f	A64/dpimm/addsub_imm/SUBS_64S_addsub_imm
390	4412	4413	MOV	MOV	MOV<rule:SPACE><rule:WdWSP_option><rule:COMMA><rule:hash><rule:imm__bitmask_w2>	MOV_ORR_log_imm	15	215	337a8434c9b7ffef1a057501cd469fbea48bc64f4ec65bc84b5c09ceec54c28c	460b7d0f2b4b1891cd428672ec0fa1402c1c76ef9d66fb96ad89ad39a4de4d8b	A64/dpimm/log_imm/ORR_32_log_imm
391	4414	4415	TST	TST	TST<rule:SPACE><rule:WnOrWZR><rule:COMMA><rule:hash><rule:imm__bitmask>	TST_ANDS_log_imm	7	1	61356a75e0624d24922637b174a5e5f8952d83871def68efa1c656039dd80c09	3f3e8c0ebb34eeb59b973d8c6b666af50137c2d7825c63003348002d7b0a1d8f	A64/dpimm/log_imm/ANDS_32S_log_imm
392	4416	4417	MOV	MOV	MOV<rule:SPACE><rule:XdSP_option><rule:COMMA><rule:hash><rule:imm__bitmask_x2>	MOV_ORR_log_imm	15	215	337a8434c9b7ffef1a057501cd469fbea48bc64f4ec65bc84b5c09ceec54c28c	460b7d0f2b4b1891cd428672ec0fa1402c1c76ef9d66fb96ad89ad39a4de4d8b	A64/dpimm/log_imm/ORR_64_log_imm
393	4418	4419	TST	TST	TST<rule:SPACE><rule:XnOrXZR__11><rule:COMMA><rule:hash><rule:imm__bitmask>	TST_ANDS_log_imm	7	1	61356a75e0624d24922637b174a5e5f8952d83871def68efa1c656039dd80c09	3f3e8c0ebb34eeb59b973d8c6b666af50137c2d7825c63003348002d7b0a1d8f	A64/dpimm/log_imm/ANDS_64S_log_imm
394	4419	4420	MOV	MOV	MOV<rule:SPACE><rule:WdOrWZR><rule:COMMA><rule:hash><rule:hw_imm16>	MOV_MOVN	1	20	3f3e8c0ebb34eeb59b973d8c6b666af50137c2d7825c63003348002d7b0a1d8f	6564d26cbb4dce2c28ed4ae155faa843b2ce9e9bd792cdfd8d4ce21ce68370c2	A64/dpimm/movewide/MOVN_32_movewide
395	4420	4421	MOV	MOV	MOV<rule:SPACE><rule:WdOrWZR><rule:COMMA><rule:hash><rule:hw_imm16__2>	MOV_MOVZ	1	19	3f3e8c0ebb34eeb59b973d8c6b666af50137c2d7825c63003348002d7b0a1d8f	10b2092e12138e42985ecb38723065688b7c447853854eddd5f7002c47396b13	A64/dpimm/movewide/MOVZ_32_movewide
396	4422	4423	MOV	MOV	MOV<rule:SPACE><rule:XdOrXZR__6><rule:COMMA><rule:hash><rule:hw_imm16__3>	MOV_MOVN	1	19	3f3e8c0ebb34eeb59b973d8c6b666af50137c2d7825c63003348002d7b0a1d8f	10b2092e12138e42985ecb38723065688b7c447853854eddd5f7002c47396b13	A64/dpimm/movewide/MOVN_64_movewide
397	4423	4424	MOV	MOV	MOV<rule:SPACE><rule:XdOrXZR__6><rule:COMMA><rule:hash><rule:hw_imm16__4>	MOV_MOVZ	1	19	3f3e8c0ebb34eeb59b973d8c6b666af50137c2d7825c63003348002d7b0a1d8f	10b2092e12138e42985ecb38723065688b7c447853854eddd5f7002c47396b13	A64/dpimm/movewide/MOVZ_64_movewide
398	4425	4426	SBFIZ	SBFIZ	SBFIZ<rule:SPACE><rule:WdOrWZR><rule:COMMA><rule:WnOrWZR><rule:COMMA><rule:hash><rule:lsb><rule:COMMA><rule:hash><rule:width>	SBFIZ_SBFM	1	55	3f3e8c0ebb34eeb59b973d8c6b666af50137c2d7825c63003348002d7b0a1d8f	3f9465a278d242bd1ab7be9e29bb9b119809497f3de4ec117e1f2eb8049067d1	A64/dpimm/bitfield/SBFM_32M_bitfield
399	4425	4426	ASR	ASR	ASR<rule:SPACE><rule:WdOrWZR><rule:COMMA><rule:WnOrWZR><rule:COMMA><rule:hash><rule:shift>	ASR_SBFM	50	1	497dbda5a6a0b3cecb2daa7f1cf61038887f7e5d41731a932f5fdf916675f977	3f3e8c0ebb34eeb59b973d8c6b666af50137c2d7825c63003348002d7b0a1d8f	A64/dpimm/bitfield/SBFM_32M_bitfield
400	4425	4426	SBFX	SBFX	SBFX<rule:SPACE><rule:WdOrWZR><rule:COMMA><rule:WnOrWZR><rule:COMMA><rule:hash><rule:lsb__2><rule:COMMA><rule:hash><rule:width>	SBFX_SBFM	1	216	3f3e8c0ebb34eeb59b973d8c6b666af50137c2d7825c63003348002d7b0a1d8f	d3d8b98322e9da6753df535b487bbe9363f41b5c8e859d4628754d2ba02719db	A64/dpimm/bitfield/SBFM_32M_bitfield
401	4425	4426	SXTH	SXTH	SXTH<rule:SPACE><rule:WdOrWZR><rule:COMMA><rule:WnOrWZR>	SXTH_SBFM	120	1	51f3ba717fe45e7e759682d192184240b320b94dfddb34209cbdd862b72d6a5e	3f3e8c0ebb34eeb59b973d8c6b666af50137c2d7825c63003348002d7b0a1d8f	A64/dpimm/bitfield/SBFM_32M_bitfield
402	4425	4426	SXTB	SXTB	SXTB<rule:SPACE><rule:WdOrWZR><rule:COMMA><rule:WnOrWZR>	SXTB_SBFM	119	1	256e1bd1d649c3866920e234dc60aaef34cbc1c45c747172b74118009d2b0109	3f3e8c0ebb34eeb59b973d8c6b666af50137c2d7825c63003348002d7b0a1d8f	A64/dpimm/bitfield/SBFM_32M_bitfield
403	4426	4427	BFXIL	BFXIL	BFXIL<rule:SPACE><rule:WdOrWZR><rule:COMMA><rule:WnOrWZR><rule:COMMA><rule:hash><rule:lsb__2><rule:COMMA><rule:hash><rule:width>	BFXIL_BFM	1	56	3f3e8c0ebb34eeb59b973d8c6b666af50137c2d7825c63003348002d7b0a1d8f	61b50ba6b62b729b0366eb86ad74d1157f74d3878d4530070d3f0c9c7f5a1db9	A64/dpimm/bitfield/BFM_32M_bitfield
404	4426	4427	BFI	BFI	BFI<rule:SPACE><rule:WdOrWZR><rule:COMMA><rule:WnOrWZR><rule:COMMA><rule:hash><rule:lsb><rule:COMMA><rule:hash><rule:width>	BFI_BFM	17	55	2d8ae027bdac0fcf475ba1fe9e10bc703bfde8a656be337c8aca6a7a1bf67756	3f9465a278d242bd1ab7be9e29bb9b119809497f3de4ec117e1f2eb8049067d1	A64/dpimm/bitfield/BFM_32M_bitfield
405	4426	4427	BFC	BFC	BFC<rule:SPACE><rule:WdOrWZR><rule:COMMA><rule:hash><rule:lsb><rule:COMMA><rule:hash><rule:width>	BFC_BFM	220	55	37574762b4d5956897c0b23cf4648b51ea8cf24ad8c1703a6389be9d77ff7479	3f9465a278d242bd1ab7be9e29bb9b119809497f3de4ec117e1f2eb8049067d1	A64/dpimm/bitfield/BFM_32M_bitfield
406	4427	4428	UBFIZ	UBFIZ	UBFIZ<rule:SPACE><rule:WdOrWZR><rule:COMMA><rule:WnOrWZR><rule:COMMA><rule:hash><rule:lsb><rule:COMMA><rule:hash><rule:width>	UBFIZ_UBFM	1	55	3f3e8c0ebb34eeb59b973d8c6b666af50137c2d7825c63003348002d7b0a1d8f	3f9465a278d242bd1ab7be9e29bb9b119809497f3de4ec117e1f2eb8049067d1	A64/dpimm/bitfield/UBFM_32M_bitfield
407	4427	4428	UXTB	UXTB	UXTB<rule:SPACE><rule:WdOrWZR><rule:COMMA><rule:WnOrWZR>	UXTB_UBFM	119	1	256e1bd1d649c3866920e234dc60aaef34cbc1c45c747172b74118009d2b0109	3f3e8c0ebb34eeb59b973d8c6b666af50137c2d7825c63003348002d7b0a1d8f	A64/dpimm/bitfield/UBFM_32M_bitfield
408	4427	4428	UBFX	UBFX	UBFX<rule:SPACE><rule:WdOrWZR><rule:COMMA><rule:WnOrWZR><rule:COMMA><rule:hash><rule:lsb__2><rule:COMMA><rule:hash><rule:width>	UBFX_UBFM	1	216	3f3e8c0ebb34eeb59b973d8c6b666af50137c2d7825c63003348002d7b0a1d8f	d3d8b98322e9da6753df535b487bbe9363f41b5c8e859d4628754d2ba02719db	A64/dpimm/bitfield/UBFM_32M_bitfield
409	4427	4428	UXTH	UXTH	UXTH<rule:SPACE><rule:WdOrWZR><rule:COMMA><rule:WnOrWZR>	UXTH_UBFM	120	1	51f3ba717fe45e7e759682d192184240b320b94dfddb34209cbdd862b72d6a5e	3f3e8c0ebb34eeb59b973d8c6b666af50137c2d7825c63003348002d7b0a1d8f	A64/dpimm/bitfield/UBFM_32M_bitfield
410	4427	4428	LSR	LSR	LSR<rule:SPACE><rule:WdOrWZR><rule:COMMA><rule:WnOrWZR><rule:COMMA><rule:hash><rule:shift>	LSR_UBFM	50	1	497dbda5a6a0b3cecb2daa7f1cf61038887f7e5d41731a932f5fdf916675f977	3f3e8c0ebb34eeb59b973d8c6b666af50137c2d7825c63003348002d7b0a1d8f	A64/dpimm/bitfield/UBFM_32M_bitfield
411	4427	4428	LSL	LSL	LSL<rule:SPACE><rule:WdOrWZR><rule:COMMA><rule:WnOrWZR><rule:COMMA><rule:hash><rule:shift__2>	LSL_UBFM	51	57	404d0dad65f83f42263d85023d117e0ec104af2538afce246ec915d678c76ee3	2bf9fcf9502f73444224ac20f48889ab2990b030257bb967649c89b736ce7575	A64/dpimm/bitfield/UBFM_32M_bitfield
412	4428	4429	SBFIZ	SBFIZ	SBFIZ<rule:SPACE><rule:XdOrXZR__6><rule:COMMA><rule:XnOrXZR__11><rule:COMMA><rule:hash><rule:lsb__3><rule:COMMA><rule:hash><rule:width__2>	SBFIZ_SBFM	1	55	3f3e8c0ebb34eeb59b973d8c6b666af50137c2d7825c63003348002d7b0a1d8f	3f9465a278d242bd1ab7be9e29bb9b119809497f3de4ec117e1f2eb8049067d1	A64/dpimm/bitfield/SBFM_64M_bitfield
413	4428	4429	ASR	ASR	ASR<rule:SPACE><rule:XdOrXZR__6><rule:COMMA><rule:XnOrXZR__11><rule:COMMA><rule:hash><rule:shift__3>	ASR_SBFM	52	1	6a2bc8c90bfe374cf7c90668e74780c0505eefb670dcaf12d0d3e525d08d44b1	3f3e8c0ebb34eeb59b973d8c6b666af50137c2d7825c63003348002d7b0a1d8f	A64/dpimm/bitfield/SBFM_64M_bitfield
414	4428	4429	SXTW	SXTW	SXTW<rule:SPACE><rule:XdOrXZR__6><rule:COMMA><rule:WnOrWZR__2>	SXTW_SBFM	121	1	710d2fbc943b0f45a944378c13cc3d9922f9680b2a32d329bd2ee9a346da55eb	3f3e8c0ebb34eeb59b973d8c6b666af50137c2d7825c63003348002d7b0a1d8f	A64/dpimm/bitfield/SBFM_64M_bitfield
415	4428	4429	SBFX	SBFX	SBFX<rule:SPACE><rule:XdOrXZR__6><rule:COMMA><rule:XnOrXZR__11><rule:COMMA><rule:hash><rule:lsb__4><rule:COMMA><rule:hash><rule:width__2>	SBFX_SBFM	1	216	3f3e8c0ebb34eeb59b973d8c6b666af50137c2d7825c63003348002d7b0a1d8f	d3d8b98322e9da6753df535b487bbe9363f41b5c8e859d4628754d2ba02719db	A64/dpimm/bitfield/SBFM_64M_bitfield
416	4428	4429	SXTH	SXTH	SXTH<rule:SPACE><rule:XdOrXZR__6><rule:COMMA><rule:WnOrWZR__2>	SXTH_SBFM	120	1	51f3ba717fe45e7e759682d192184240b320b94dfddb34209cbdd862b72d6a5e	3f3e8c0ebb34eeb59b973d8c6b666af50137c2d7825c63003348002d7b0a1d8f	A64/dpimm/bitfield/SBFM_64M_bitfield
417	4428	4429	SXTB	SXTB	SXTB<rule:SPACE><rule:XdOrXZR__6><rule:COMMA><rule:WnOrWZR__2>	SXTB_SBFM	119	1	256e1bd1d649c3866920e234dc60aaef34cbc1c45c747172b74118009d2b0109	3f3e8c0ebb34eeb59b973d8c6b666af50137c2d7825c63003348002d7b0a1d8f	A64/dpimm/bitfield/SBFM_64M_bitfield
418	4429	4430	BFXIL	BFXIL	BFXIL<rule:SPACE><rule:XdOrXZR__6><rule:COMMA><rule:XnOrXZR__11><rule:COMMA><rule:hash><rule:lsb__4><rule:COMMA><rule:hash><rule:width__2>	BFXIL_BFM	1	56	3f3e8c0ebb34eeb59b973d8c6b666af50137c2d7825c63003348002d7b0a1d8f	61b50ba6b62b729b0366eb86ad74d1157f74d3878d4530070d3f0c9c7f5a1db9	A64/dpimm/bitfield/BFM_64M_bitfield
419	4429	4430	BFI	BFI	BFI<rule:SPACE><rule:XdOrXZR__6><rule:COMMA><rule:XnOrXZR__11><rule:COMMA><rule:hash><rule:lsb__3><rule:COMMA><rule:hash><rule:width__2>	BFI_BFM	17	55	2d8ae027bdac0fcf475ba1fe9e10bc703bfde8a656be337c8aca6a7a1bf67756	3f9465a278d242bd1ab7be9e29bb9b119809497f3de4ec117e1f2eb8049067d1	A64/dpimm/bitfield/BFM_64M_bitfield
420	4429	4430	BFC	BFC	BFC<rule:SPACE><rule:XdOrXZR__6><rule:COMMA><rule:hash><rule:lsb__3><rule:COMMA><rule:hash><rule:width__2>	BFC_BFM	220	55	37574762b4d5956897c0b23cf4648b51ea8cf24ad8c1703a6389be9d77ff7479	3f9465a278d242bd1ab7be9e29bb9b119809497f3de4ec117e1f2eb8049067d1	A64/dpimm/bitfield/BFM_64M_bitfield
421	4430	4431	UBFIZ	UBFIZ	UBFIZ<rule:SPACE><rule:XdOrXZR__6><rule:COMMA><rule:XnOrXZR__11><rule:COMMA><rule:hash><rule:lsb__3><rule:COMMA><rule:hash><rule:width__2>	UBFIZ_UBFM	1	55	3f3e8c0ebb34eeb59b973d8c6b666af50137c2d7825c63003348002d7b0a1d8f	3f9465a278d242bd1ab7be9e29bb9b119809497f3de4ec117e1f2eb8049067d1	A64/dpimm/bitfield/UBFM_64M_bitfield
422	4430	4431	UBFX	UBFX	UBFX<rule:SPACE><rule:XdOrXZR__6><rule:COMMA><rule:XnOrXZR__11><rule:COMMA><rule:hash><rule:lsb__4><rule:COMMA><rule:hash><rule:width__2>	UBFX_UBFM	1	216	3f3e8c0ebb34eeb59b973d8c6b666af50137c2d7825c63003348002d7b0a1d8f	d3d8b98322e9da6753df535b487bbe9363f41b5c8e859d4628754d2ba02719db	A64/dpimm/bitfield/UBFM_64M_bitfield
423	4430	4431	LSR	LSR	LSR<rule:SPACE><rule:XdOrXZR__6><rule:COMMA><rule:XnOrXZR__11><rule:COMMA><rule:hash><rule:shift__3>	LSR_UBFM	52	1	6a2bc8c90bfe374cf7c90668e74780c0505eefb670dcaf12d0d3e525d08d44b1	3f3e8c0ebb34eeb59b973d8c6b666af50137c2d7825c63003348002d7b0a1d8f	A64/dpimm/bitfield/UBFM_64M_bitfield
424	4430	4431	LSL	LSL	LSL<rule:SPACE><rule:XdOrXZR__6><rule:COMMA><rule:XnOrXZR__11><rule:COMMA><rule:hash><rule:shift__4>	LSL_UBFM	53	57	035484b06f46c501ad67834a12edaac8b65a0a3f2ed6e82561919f3fad643dac	2bf9fcf9502f73444224ac20f48889ab2990b030257bb967649c89b736ce7575	A64/dpimm/bitfield/UBFM_64M_bitfield
425	4435	4436	CBBLT	CBBLT	CBBLT<rule:SPACE><rule:WmOrWZR__2><rule:COMMA><rule:WtOrWZR><rule:COMMA><rule:imm9_offset>	CBBLT_regs	236	0	34f95761108710ffce5c5c2811c45853db23eb233cb6a6a0306ced18f08f2be8	850f8e42ca7684e4cadd817bea33cd2105d151a5bf077b3f35a6ed77d5b639bd	A64/control/compbranch_regs2/CBBGT_8_regs
426	4436	4437	CBBLE	CBBLE	CBBLE<rule:SPACE><rule:WmOrWZR__2><rule:COMMA><rule:WtOrWZR><rule:COMMA><rule:imm9_offset>	CBBLE_regs	236	0	34f95761108710ffce5c5c2811c45853db23eb233cb6a6a0306ced18f08f2be8	850f8e42ca7684e4cadd817bea33cd2105d151a5bf077b3f35a6ed77d5b639bd	A64/control/compbranch_regs2/CBBGE_8_regs
427	4437	4438	CBBLO	CBBLO	CBBLO<rule:SPACE><rule:WmOrWZR__2><rule:COMMA><rule:WtOrWZR><rule:COMMA><rule:imm9_offset>	CBBLO_regs	236	0	34f95761108710ffce5c5c2811c45853db23eb233cb6a6a0306ced18f08f2be8	850f8e42ca7684e4cadd817bea33cd2105d151a5bf077b3f35a6ed77d5b639bd	A64/control/compbranch_regs2/CBBHI_8_regs
428	4438	4439	CBBLS	CBBLS	CBBLS<rule:SPACE><rule:WmOrWZR__2><rule:COMMA><rule:WtOrWZR><rule:COMMA><rule:imm9_offset>	CBBLS_regs	236	0	34f95761108710ffce5c5c2811c45853db23eb233cb6a6a0306ced18f08f2be8	850f8e42ca7684e4cadd817bea33cd2105d151a5bf077b3f35a6ed77d5b639bd	A64/control/compbranch_regs2/CBBHS_8_regs
429	4441	4442	CBHLT	CBHLT	CBHLT<rule:SPACE><rule:WmOrWZR__2><rule:COMMA><rule:WtOrWZR><rule:COMMA><rule:imm9_offset>	CBHLT_regs	236	0	34f95761108710ffce5c5c2811c45853db23eb233cb6a6a0306ced18f08f2be8	850f8e42ca7684e4cadd817bea33cd2105d151a5bf077b3f35a6ed77d5b639bd	A64/control/compbranch_regs2/CBHGT_16_regs
430	4442	4443	CBHLE	CBHLE	CBHLE<rule:SPACE><rule:WmOrWZR__2><rule:COMMA><rule:WtOrWZR><rule:COMMA><rule:imm9_offset>	CBHLE_regs	236	0	34f95761108710ffce5c5c2811c45853db23eb233cb6a6a0306ced18f08f2be8	850f8e42ca7684e4cadd817bea33cd2105d151a5bf077b3f35a6ed77d5b639bd	A64/control/compbranch_regs2/CBHGE_16_regs
431	4443	4444	CBHLO	CBHLO	CBHLO<rule:SPACE><rule:WmOrWZR__2><rule:COMMA><rule:WtOrWZR><rule:COMMA><rule:imm9_offset>	CBHLO_regs	236	0	34f95761108710ffce5c5c2811c45853db23eb233cb6a6a0306ced18f08f2be8	850f8e42ca7684e4cadd817bea33cd2105d151a5bf077b3f35a6ed77d5b639bd	A64/control/compbranch_regs2/CBHHI_16_regs
432	4444	4445	CBHLS	CBHLS	CBHLS<rule:SPACE><rule:WmOrWZR__2><rule:COMMA><rule:WtOrWZR><rule:COMMA><rule:imm9_offset>	CBHLS_regs	236	0	34f95761108710ffce5c5c2811c45853db23eb233cb6a6a0306ced18f08f2be8	850f8e42ca7684e4cadd817bea33cd2105d151a5bf077b3f35a6ed77d5b639bd	A64/control/compbranch_regs2/CBHHS_16_regs
433	4492	4493	PSSBB	PSSBB	PSSBB	PSSBB_DSB	34	1	820c9a9c7cd2d3dc4e28b471d11f93af95f07a6fe273cc6e8bc87ce0c7e13b36	3f3e8c0ebb34eeb59b973d8c6b666af50137c2d7825c63003348002d7b0a1d8f	A64/control/barriers/DSB_BO_barriers
434	4492	4493	SSBB	SSBB	SSBB	SSBB_DSB	33	1	5f16ee63fb1eddf17b6c3ce75aa22ab7923a2db704245b26edfd0e4ae2bedd7c	3f3e8c0ebb34eeb59b973d8c6b666af50137c2d7825c63003348002d7b0a1d8f	A64/control/barriers/DSB_BO_barriers
435	4497	4498	SMSTART	SMSTART	SMSTART<rule:optional_targets__2>	SMSTART_MSR_imm	94	1	6e56bd0add67df04258d2185028eac1806152acf635d39fd43beefaff5e8389e	3f3e8c0ebb34eeb59b973d8c6b666af50137c2d7825c63003348002d7b0a1d8f	A64/control/pstate/MSR_SI_pstate
436	4497	4498	SMSTOP	SMSTOP	SMSTOP<rule:optional_targets__3>	SMSTOP_MSR_imm	93	1	fd36cad631b725e4568ee28e8982ea503689ad41381b3a6a84bcd3d816a042ed	3f3e8c0ebb34eeb59b973d8c6b666af50137c2d7825c63003348002d7b0a1d8f	A64/control/pstate/MSR_SI_pstate
437	4501	4502	COSP	COSP	COSP<rule:SPACE>RCTX<rule:COMMA><rule:XtOrXZR__3>	COSP_SYS	362	1	600e088db3193ac8fce7dfa7fc7c7ecfadbbbfb9cf0f408a70df53708e83b633	3f3e8c0ebb34eeb59b973d8c6b666af50137c2d7825c63003348002d7b0a1d8f	A64/control/systeminstrs/SYS_CR_systeminstrs
438	4501	4502	TRCIT	TRCIT	TRCIT<rule:SPACE><rule:XtOrXZR__3>	TRCIT_SYS	279	1	b0789437328667740062653a27e9d336ae7c309611328961edc21450febda461	3f3e8c0ebb34eeb59b973d8c6b666af50137c2d7825c63003348002d7b0a1d8f	A64/control/systeminstrs/SYS_CR_systeminstrs
439	4501	4502	DC	DC	DC<rule:SPACE><rule:dc_op_option><rule:COMMA><rule:XtOrXZR__3>	DC_SYS	76	96	fb5ca1528be6de357d8e6791d4d861e0ae7233f1b1501471414366b47b864deb	e2fc44459901fc693261fe93c7d46a794532fca9407040107c0a579b591a73bc	A64/control/systeminstrs/SYS_CR_systeminstrs
440	4501	4502	CFP	CFP	CFP<rule:SPACE>RCTX<rule:COMMA><rule:XtOrXZR__3>	CFP_SYS	359	1	0aec74631c082fb37afdf3cb9e09e969f44ebbb2a1f03c75aaead3ebf0e4555e	3f3e8c0ebb34eeb59b973d8c6b666af50137c2d7825c63003348002d7b0a1d8f	A64/control/systeminstrs/SYS_CR_systeminstrs
441	4501	4502	TLBI	TLBI	TLBI<rule:SPACE><rule:tlbi_op_option><rule:optional_Xm>	TLBI_SYS	78	90	ae1c9c4bcd584f89edf8fcb3711b3724d0d670ed2d67100e85d9c491ef03d84b	4cd59ad947938a818190d59b7690f6ee117de8264e751edad1388d6426bfbe76	A64/control/systeminstrs/SYS_CR_systeminstrs
442	4501	4502	IC	IC	IC<rule:SPACE><rule:ic_op_option><rule:optional_Xm>	IC_SYS	76	97	fb5ca1528be6de357d8e6791d4d861e0ae7233f1b1501471414366b47b864deb	ef7e6a27789f2934413ea38ae333ec1d1b0155cbc7179ebace097fbf0dbe3612	A64/control/systeminstrs/SYS_CR_systeminstrs
443	4501	4502	GCSPUSHX	GCSPUSHX	GCSPUSHX	GCSPUSHX_SYS	270	1	0c3323c722e540f825ba51220cc2067004cbcb5e4445ecdd95846a3c196ea5e5	3f3e8c0ebb34eeb59b973d8c6b666af50137c2d7825c63003348002d7b0a1d8f	A64/control/systeminstrs/SYS_CR_systeminstrs
444	4501	4502	GCSPUSHM	GCSPUSHM	GCSPUSHM<rule:SPACE><rule:XtOrXZR__3>	GCSPUSHM_SYS	273	1	7db62f72f9991dea4844316fd5a7e905630a57542e6ce60c64b0dd50c7c57a7a	3f3e8c0ebb34eeb59b973d8c6b666af50137c2d7825c63003348002d7b0a1d8f	A64/control/systeminstrs/SYS_CR_systeminstrs
445	4501	4502	AT	AT	AT<rule:SPACE><rule:at_op_option><rule:COMMA><rule:XtOrXZR__3>	AT_SYS	77	95	08a346a4ff2296a4a2c1550ba7eedf69d866fd3a5bf89469b9546cd5e39e2cba	0e52a2424107945b709669d776a431338f77831677b5468e66c990e527b3c37a	A64/control/systeminstrs/SYS_CR_systeminstrs
446	4501	4502	BRB	BRB	BRB<rule:SPACE><rule:brb_op_option>	BRB_SYS	231	416	d5e11bedfb53def19201e987f839b07a37c34368e3c92c8d6a62c717605ab314	24ff8502229078c11cb87de94cf93ac78b72fdf98e2b1c885dd6596e0d52916f	A64/control/systeminstrs/SYS_CR_systeminstrs
447	4501	4502	GCSSS1	GCSSS1	GCSSS1<rule:SPACE><rule:XtOrXZR__3>	GCSSS1_SYS	275	1	cf26ddcbcc9ac5a6263521116bd24ea26a125eb7ca7f140686a64c0793400383	3f3e8c0ebb34eeb59b973d8c6b666af50137c2d7825c63003348002d7b0a1d8f	A64/control/systeminstrs/SYS_CR_systeminstrs
448	4501	4502	GCSPOPCX	GCSPOPCX	GCSPOPCX	GCSPOPCX_SYS	271	1	6e57fdc4825f2735fd744c663b80983d83b45dd488576087b8100b2c15d2e895	3f3e8c0ebb34eeb59b973d8c6b666af50137c2d7825c63003348002d7b0a1d8f	A64/control/systeminstrs/SYS_CR_systeminstrs
449	4501	4502	DVP	DVP	DVP<rule:SPACE>RCTX<rule:COMMA><rule:XtOrXZR__3>	DVP_SYS	360	1	06613ee46fd2afb0e4652cd6f5381b9553be843bd6b9f6428801014138fd89e1	3f3e8c0ebb34eeb59b973d8c6b666af50137c2d7825c63003348002d7b0a1d8f	A64/control/systeminstrs/SYS_CR_systeminstrs
450	4501	4502	CPP	CPP	CPP<rule:SPACE>RCTX<rule:COMMA><rule:XtOrXZR__3>	CPP_SYS	361	1	4522cbb70ba5c04ea52e80545737e38cef56078f4851d9bcb5246269cb7d9044	3f3e8c0ebb34eeb59b973d8c6b666af50137c2d7825c63003348002d7b0a1d8f	A64/control/systeminstrs/SYS_CR_systeminstrs
451	4501	4502	GCSPOPX	GCSPOPX	GCSPOPX	GCSPOPX_SYS	272	1	05f2cca48a8fa5272b822bbc96c67243ac3fd7116fb64e78a4afe9de99eb2513	3f3e8c0ebb34eeb59b973d8c6b666af50137c2d7825c63003348002d7b0a1d8f	A64/control/systeminstrs/SYS_CR_systeminstrs
452	4501	4502	GSB	GSB	GSB<rule:SPACE><rule:gsb_op_option>	GSB_SYS	267	414	a69919af85004b16088cf874f52f6de178724f32310b2c7ecb03051cfe1be63c	6869c4162282f6cc19b9142032cf36292be48621e61b40ed6b09c9643d3dc32d	A64/control/systeminstrs/SYS_CR_systeminstrs
453	4501	4502	GIC	GIC	GIC<rule:SPACE><rule:gic_op_option><rule:optional_Xm>	GIC_SYS	266	99	b2458e2fc64db139faea79b1b161a4200abc3c5c05f4014c9661265eaffc40a0	d9e8b40186fbdb65f201d27d42343f0aa037ba438b06d2ca3679f50bd4b21679	A64/control/systeminstrs/SYS_CR_systeminstrs
454	4501	4502	APAS	APAS	APAS<rule:SPACE><rule:XtOrXZR__3>	APAS_SYS	308	1	3a7df01202e2aeb6dbf7e557fb99b042b08f8802fcbd92ee43862a1099e978ac	3f3e8c0ebb34eeb59b973d8c6b666af50137c2d7825c63003348002d7b0a1d8f	A64/control/systeminstrs/SYS_CR_systeminstrs
455	4501	4502	PLBI	PLBI	PLBI<rule:SPACE><rule:plbi_op_option><rule:optional_Xm>	PLBI_SYS	311	98	a3554c009180dda785e1214f0a49f87e89097d960e825214f085d380d50e7fce	58761781b5a5587c6e68b9bbbb14e9d0bbab1bd4964e39ba432dcc8c8538e116	A64/control/systeminstrs/SYS_CR_systeminstrs
456	4502	4503	GCSPOPM	GCSPOPM	GCSPOPM<rule:SPACE><rule:optional_XtOrXZR_destination_container>	GCSPOPM_SYSL	274	1	31977f4ba968ce2e6f5c1e063ed326f4db77c7ee9bdac69718ff6e51e6721582	3f3e8c0ebb34eeb59b973d8c6b666af50137c2d7825c63003348002d7b0a1d8f	A64/control/systeminstrs/SYSL_RC_systeminstrs
457	4502	4503	GCSSS2	GCSSS2	GCSSS2<rule:SPACE><rule:XtOrXZR__4>	GCSSS2_SYSL	276	1	c6716073a6afa2fc15c541daeea6c1ca04e4630c8822ad2b14c1a877e2996cfc	3f3e8c0ebb34eeb59b973d8c6b666af50137c2d7825c63003348002d7b0a1d8f	A64/control/systeminstrs/SYSL_RC_systeminstrs
458	4502	4503	GICR	GICR	GICR<rule:SPACE><rule:XtOrXZR__4><rule:COMMA><rule:gicr_op_option>	GICR_SYSL	268	415	f9fbb606ad0fd2af2a6c96061a9479ce56d29b9f3742d0873b214b6c294f9fb9	460191b7c5b0cbe58468a5efe396d934931afc58d963480c4b08e4041daf9123	A64/control/systeminstrs/SYSL_RC_systeminstrs
459	4505	4506	TLBIP	TLBIP	TLBIP<rule:SPACE><rule:tlbip_op_option><rule:SYSP_optional_xt1_xt2>	TLBIP_SYSP	407	91	a7523abb4b253dd01161c2fa7e9bdae46c92dbdac198a069f7da03b598ed156d	fd9d90735b5c5a5856676bfea8b107666d549760e3317ef30f079f14042455b2	A64/control/syspairinstrs/SYSP_CR_syspairinstrs
460	4538	4539	CBLT	CBLT	CBLT<rule:SPACE><rule:WmOrWZR__2><rule:COMMA><rule:WtOrWZR><rule:COMMA><rule:imm9_offset>	CBLT_regs	236	0	34f95761108710ffce5c5c2811c45853db23eb233cb6a6a0306ced18f08f2be8	850f8e42ca7684e4cadd817bea33cd2105d151a5bf077b3f35a6ed77d5b639bd	A64/control/compbranch_regs/CBGT_32_regs
461	4539	4540	CBLE	CBLE	CBLE<rule:SPACE><rule:WmOrWZR__2><rule:COMMA><rule:WtOrWZR><rule:COMMA><rule:imm9_offset>	CBLE_regs	236	0	34f95761108710ffce5c5c2811c45853db23eb233cb6a6a0306ced18f08f2be8	850f8e42ca7684e4cadd817bea33cd2105d151a5bf077b3f35a6ed77d5b639bd	A64/control/compbranch_regs/CBGE_32_regs
462	4540	4541	CBLO	CBLO	CBLO<rule:SPACE><rule:WmOrWZR__2><rule:COMMA><rule:WtOrWZR><rule:COMMA><rule:imm9_offset>	CBLO_regs	236	0	34f95761108710ffce5c5c2811c45853db23eb233cb6a6a0306ced18f08f2be8	850f8e42ca7684e4cadd817bea33cd2105d151a5bf077b3f35a6ed77d5b639bd	A64/control/compbranch_regs/CBHI_32_regs
463	4541	4542	CBLS	CBLS	CBLS<rule:SPACE><rule:WmOrWZR__2><rule:COMMA><rule:WtOrWZR><rule:COMMA><rule:imm9_offset>	CBLS_regs	236	0	34f95761108710ffce5c5c2811c45853db23eb233cb6a6a0306ced18f08f2be8	850f8e42ca7684e4cadd817bea33cd2105d151a5bf077b3f35a6ed77d5b639bd	A64/control/compbranch_regs/CBHS_32_regs
464	4544	4545	CBLT	CBLT	CBLT<rule:SPACE><rule:XmOrXZR__4><rule:COMMA><rule:XtOrXZR><rule:COMMA><rule:imm9_offset>	CBLT_regs	236	0	34f95761108710ffce5c5c2811c45853db23eb233cb6a6a0306ced18f08f2be8	850f8e42ca7684e4cadd817bea33cd2105d151a5bf077b3f35a6ed77d5b639bd	A64/control/compbranch_regs/CBGT_64_regs
465	4545	4546	CBLE	CBLE	CBLE<rule:SPACE><rule:XmOrXZR__4><rule:COMMA><rule:XtOrXZR><rule:COMMA><rule:imm9_offset>	CBLE_regs	236	0	34f95761108710ffce5c5c2811c45853db23eb233cb6a6a0306ced18f08f2be8	850f8e42ca7684e4cadd817bea33cd2105d151a5bf077b3f35a6ed77d5b639bd	A64/control/compbranch_regs/CBGE_64_regs
466	4546	4547	CBLO	CBLO	CBLO<rule:SPACE><rule:XmOrXZR__4><rule:COMMA><rule:XtOrXZR><rule:COMMA><rule:imm9_offset>	CBLO_regs	236	0	34f95761108710ffce5c5c2811c45853db23eb233cb6a6a0306ced18f08f2be8	850f8e42ca7684e4cadd817bea33cd2105d151a5bf077b3f35a6ed77d5b639bd	A64/control/compbranch_regs/CBHI_64_regs
467	4547	4548	CBLS	CBLS	CBLS<rule:SPACE><rule:XmOrXZR__4><rule:COMMA><rule:XtOrXZR><rule:COMMA><rule:imm9_offset>	CBLS_regs	236	0	34f95761108710ffce5c5c2811c45853db23eb233cb6a6a0306ced18f08f2be8	850f8e42ca7684e4cadd817bea33cd2105d151a5bf077b3f35a6ed77d5b639bd	A64/control/compbranch_regs/CBHS_64_regs
468	4550	4551	CBGE	CBGE	CBGE<rule:SPACE><rule:WtOrWZR><rule:COMMA><rule:hash><rule:immp1_cbr><rule:COMMA><rule:imm9_offset>	CBGE_imm	236	0	34f95761108710ffce5c5c2811c45853db23eb233cb6a6a0306ced18f08f2be8	850f8e42ca7684e4cadd817bea33cd2105d151a5bf077b3f35a6ed77d5b639bd	A64/control/compbranch_imm/CBGT_32_imm
469	4551	4552	CBLE	CBLE	CBLE<rule:SPACE><rule:WtOrWZR><rule:COMMA><rule:hash><rule:imms1_cbr><rule:COMMA><rule:imm9_offset>	CBLE_imm	236	0	34f95761108710ffce5c5c2811c45853db23eb233cb6a6a0306ced18f08f2be8	850f8e42ca7684e4cadd817bea33cd2105d151a5bf077b3f35a6ed77d5b639bd	A64/control/compbranch_imm/CBLT_32_imm
470	4552	4553	CBHS	CBHS	CBHS<rule:SPACE><rule:WtOrWZR><rule:COMMA><rule:hash><rule:immp1_cbr><rule:COMMA><rule:imm9_offset>	CBHS_imm	236	0	34f95761108710ffce5c5c2811c45853db23eb233cb6a6a0306ced18f08f2be8	850f8e42ca7684e4cadd817bea33cd2105d151a5bf077b3f35a6ed77d5b639bd	A64/control/compbranch_imm/CBHI_32_imm
471	4553	4554	CBLS	CBLS	CBLS<rule:SPACE><rule:WtOrWZR><rule:COMMA><rule:hash><rule:imms1_cbr><rule:COMMA><rule:imm9_offset>	CBLS_imm	236	0	34f95761108710ffce5c5c2811c45853db23eb233cb6a6a0306ced18f08f2be8	850f8e42ca7684e4cadd817bea33cd2105d151a5bf077b3f35a6ed77d5b639bd	A64/control/compbranch_imm/CBLO_32_imm
472	4556	4557	CBGE	CBGE	CBGE<rule:SPACE><rule:XtOrXZR><rule:COMMA><rule:hash><rule:immp1_cbr><rule:COMMA><rule:imm9_offset>	CBGE_imm	236	0	34f95761108710ffce5c5c2811c45853db23eb233cb6a6a0306ced18f08f2be8	850f8e42ca7684e4cadd817bea33cd2105d151a5bf077b3f35a6ed77d5b639bd	A64/control/compbranch_imm/CBGT_64_imm
473	4557	4558	CBLE	CBLE	CBLE<rule:SPACE><rule:XtOrXZR><rule:COMMA><rule:hash><rule:imms1_cbr><rule:COMMA><rule:imm9_offset>	CBLE_imm	236	0	34f95761108710ffce5c5c2811c45853db23eb233cb6a6a0306ced18f08f2be8	850f8e42ca7684e4cadd817bea33cd2105d151a5bf077b3f35a6ed77d5b639bd	A64/control/compbranch_imm/CBLT_64_imm
474	4558	4559	CBHS	CBHS	CBHS<rule:SPACE><rule:XtOrXZR><rule:COMMA><rule:hash><rule:immp1_cbr><rule:COMMA><rule:imm9_offset>	CBHS_imm	236	0	34f95761108710ffce5c5c2811c45853db23eb233cb6a6a0306ced18f08f2be8	850f8e42ca7684e4cadd817bea33cd2105d151a5bf077b3f35a6ed77d5b639bd	A64/control/compbranch_imm/CBHI_64_imm
475	4559	4560	CBLS	CBLS	CBLS<rule:SPACE><rule:XtOrXZR><rule:COMMA><rule:hash><rule:imms1_cbr><rule:COMMA><rule:imm9_offset>	CBLS_imm	236	0	34f95761108710ffce5c5c2811c45853db23eb233cb6a6a0306ced18f08f2be8	850f8e42ca7684e4cadd817bea33cd2105d151a5bf077b3f35a6ed77d5b639bd	A64/control/compbranch_imm/CBLO_64_imm
476	5043	5044	STTADD	STTADD	STTADD<rule:SPACE><rule:WsOrWZR><rule:COMMA>[<rule:XnSP_option>]	STTADD_LDTADD	294	1	ed5b3cff5750f057a491f11cf3ec6cc75382409cf7c07504691b847507dd0e38	3f3e8c0ebb34eeb59b973d8c6b666af50137c2d7825c63003348002d7b0a1d8f	A64/ldst/memop_unpriv/LDTADD_32_memop_unpriv
477	5044	5045	STTCLR	STTCLR	STTCLR<rule:SPACE><rule:WsOrWZR><rule:COMMA>[<rule:XnSP_option>]	STTCLR_LDTCLR	294	1	ed5b3cff5750f057a491f11cf3ec6cc75382409cf7c07504691b847507dd0e38	3f3e8c0ebb34eeb59b973d8c6b666af50137c2d7825c63003348002d7b0a1d8f	A64/ldst/memop_unpriv/LDTCLR_32_memop_unpriv
478	5045	5046	STTSET	STTSET	STTSET<rule:SPACE><rule:WsOrWZR><rule:COMMA>[<rule:XnSP_option>]	STTSET_LDTSET	294	1	ed5b3cff5750f057a491f11cf3ec6cc75382409cf7c07504691b847507dd0e38	3f3e8c0ebb34eeb59b973d8c6b666af50137c2d7825c63003348002d7b0a1d8f	A64/ldst/memop_unpriv/LDTSET_32_memop_unpriv
479	5047	5048	STTADDL	STTADDL	STTADDL<rule:SPACE><rule:WsOrWZR><rule:COMMA>[<rule:XnSP_option>]	STTADD_LDTADD	294	1	ed5b3cff5750f057a491f11cf3ec6cc75382409cf7c07504691b847507dd0e38	3f3e8c0ebb34eeb59b973d8c6b666af50137c2d7825c63003348002d7b0a1d8f	A64/ldst/memop_unpriv/LDTADDL_32_memop_unpriv
480	5048	5049	STTCLRL	STTCLRL	STTCLRL<rule:SPACE><rule:WsOrWZR><rule:COMMA>[<rule:XnSP_option>]	STTCLR_LDTCLR	294	1	ed5b3cff5750f057a491f11cf3ec6cc75382409cf7c07504691b847507dd0e38	3f3e8c0ebb34eeb59b973d8c6b666af50137c2d7825c63003348002d7b0a1d8f	A64/ldst/memop_unpriv/LDTCLRL_32_memop_unpriv
481	5049	5050	STTSETL	STTSETL	STTSETL<rule:SPACE><rule:WsOrWZR><rule:COMMA>[<rule:XnSP_option>]	STTSET_LDTSET	294	1	ed5b3cff5750f057a491f11cf3ec6cc75382409cf7c07504691b847507dd0e38	3f3e8c0ebb34eeb59b973d8c6b666af50137c2d7825c63003348002d7b0a1d8f	A64/ldst/memop_unpriv/LDTSETL_32_memop_unpriv
482	5059	5060	STTADD	STTADD	STTADD<rule:SPACE><rule:XsOrXZR__2><rule:COMMA>[<rule:XnSP_option>]	STTADD_LDTADD	294	1	ed5b3cff5750f057a491f11cf3ec6cc75382409cf7c07504691b847507dd0e38	3f3e8c0ebb34eeb59b973d8c6b666af50137c2d7825c63003348002d7b0a1d8f	A64/ldst/memop_unpriv/LDTADD_64_memop_unpriv
483	5060	5061	STTCLR	STTCLR	STTCLR<rule:SPACE><rule:XsOrXZR__2><rule:COMMA>[<rule:XnSP_option>]	STTCLR_LDTCLR	294	1	ed5b3cff5750f057a491f11cf3ec6cc75382409cf7c07504691b847507dd0e38	3f3e8c0ebb34eeb59b973d8c6b666af50137c2d7825c63003348002d7b0a1d8f	A64/ldst/memop_unpriv/LDTCLR_64_memop_unpriv
484	5061	5062	STTSET	STTSET	STTSET<rule:SPACE><rule:XsOrXZR__2><rule:COMMA>[<rule:XnSP_option>]	STTSET_LDTSET	294	1	ed5b3cff5750f057a491f11cf3ec6cc75382409cf7c07504691b847507dd0e38	3f3e8c0ebb34eeb59b973d8c6b666af50137c2d7825c63003348002d7b0a1d8f	A64/ldst/memop_unpriv/LDTSET_64_memop_unpriv
485	5063	5064	STTADDL	STTADDL	STTADDL<rule:SPACE><rule:XsOrXZR__2><rule:COMMA>[<rule:XnSP_option>]	STTADD_LDTADD	294	1	ed5b3cff5750f057a491f11cf3ec6cc75382409cf7c07504691b847507dd0e38	3f3e8c0ebb34eeb59b973d8c6b666af50137c2d7825c63003348002d7b0a1d8f	A64/ldst/memop_unpriv/LDTADDL_64_memop_unpriv
486	5064	5065	STTCLRL	STTCLRL	STTCLRL<rule:SPACE><rule:XsOrXZR__2><rule:COMMA>[<rule:XnSP_option>]	STTCLR_LDTCLR	294	1	ed5b3cff5750f057a491f11cf3ec6cc75382409cf7c07504691b847507dd0e38	3f3e8c0ebb34eeb59b973d8c6b666af50137c2d7825c63003348002d7b0a1d8f	A64/ldst/memop_unpriv/LDTCLRL_64_memop_unpriv
487	5065	5066	STTSETL	STTSETL	STTSETL<rule:SPACE><rule:XsOrXZR__2><rule:COMMA>[<rule:XnSP_option>]	STTSET_LDTSET	294	1	ed5b3cff5750f057a491f11cf3ec6cc75382409cf7c07504691b847507dd0e38	3f3e8c0ebb34eeb59b973d8c6b666af50137c2d7825c63003348002d7b0a1d8f	A64/ldst/memop_unpriv/LDTSETL_64_memop_unpriv
488	5220	5221	STADDB	STADDB	STADDB<rule:SPACE><rule:WsOrWZR><rule:COMMA>[<rule:XnSP_option>]	STADDB_LDADDB	290	1	ec5bc43155216415964025494ae73983aebdc2203615c0e1bf69a35273240fde	3f3e8c0ebb34eeb59b973d8c6b666af50137c2d7825c63003348002d7b0a1d8f	A64/ldst/memop/LDADDB_32_memop
489	5221	5222	STCLRB	STCLRB	STCLRB<rule:SPACE><rule:WsOrWZR><rule:COMMA>[<rule:XnSP_option>]	STCLRB_LDCLRB	290	1	ec5bc43155216415964025494ae73983aebdc2203615c0e1bf69a35273240fde	3f3e8c0ebb34eeb59b973d8c6b666af50137c2d7825c63003348002d7b0a1d8f	A64/ldst/memop/LDCLRB_32_memop
490	5222	5223	STEORB	STEORB	STEORB<rule:SPACE><rule:WsOrWZR><rule:COMMA>[<rule:XnSP_option>]	STEORB_LDEORB	290	1	ec5bc43155216415964025494ae73983aebdc2203615c0e1bf69a35273240fde	3f3e8c0ebb34eeb59b973d8c6b666af50137c2d7825c63003348002d7b0a1d8f	A64/ldst/memop/LDEORB_32_memop
491	5223	5224	STSETB	STSETB	STSETB<rule:SPACE><rule:WsOrWZR><rule:COMMA>[<rule:XnSP_option>]	STSETB_LDSETB	290	1	ec5bc43155216415964025494ae73983aebdc2203615c0e1bf69a35273240fde	3f3e8c0ebb34eeb59b973d8c6b666af50137c2d7825c63003348002d7b0a1d8f	A64/ldst/memop/LDSETB_32_memop
492	5224	5225	STSMAXB	STSMAXB	STSMAXB<rule:SPACE><rule:WsOrWZR><rule:COMMA>[<rule:XnSP_option>]	STSMAXB_LDSMAXB	290	1	ec5bc43155216415964025494ae73983aebdc2203615c0e1bf69a35273240fde	3f3e8c0ebb34eeb59b973d8c6b666af50137c2d7825c63003348002d7b0a1d8f	A64/ldst/memop/LDSMAXB_32_memop
493	5225	5226	STSMINB	STSMINB	STSMINB<rule:SPACE><rule:WsOrWZR><rule:COMMA>[<rule:XnSP_option>]	STSMINB_LDSMINB	290	1	ec5bc43155216415964025494ae73983aebdc2203615c0e1bf69a35273240fde	3f3e8c0ebb34eeb59b973d8c6b666af50137c2d7825c63003348002d7b0a1d8f	A64/ldst/memop/LDSMINB_32_memop
494	5226	5227	STUMAXB	STUMAXB	STUMAXB<rule:SPACE><rule:WsOrWZR><rule:COMMA>[<rule:XnSP_option>]	STUMAXB_LDUMAXB	290	1	ec5bc43155216415964025494ae73983aebdc2203615c0e1bf69a35273240fde	3f3e8c0ebb34eeb59b973d8c6b666af50137c2d7825c63003348002d7b0a1d8f	A64/ldst/memop/LDUMAXB_32_memop
495	5227	5228	STUMINB	STUMINB	STUMINB<rule:SPACE><rule:WsOrWZR><rule:COMMA>[<rule:XnSP_option>]	STUMINB_LDUMINB	290	1	ec5bc43155216415964025494ae73983aebdc2203615c0e1bf69a35273240fde	3f3e8c0ebb34eeb59b973d8c6b666af50137c2d7825c63003348002d7b0a1d8f	A64/ldst/memop/LDUMINB_32_memop
496	5232	5233	STADDLB	STADDLB	STADDLB<rule:SPACE><rule:WsOrWZR><rule:COMMA>[<rule:XnSP_option>]	STADDB_LDADDB	290	1	ec5bc43155216415964025494ae73983aebdc2203615c0e1bf69a35273240fde	3f3e8c0ebb34eeb59b973d8c6b666af50137c2d7825c63003348002d7b0a1d8f	A64/ldst/memop/LDADDLB_32_memop
497	5233	5234	STCLRLB	STCLRLB	STCLRLB<rule:SPACE><rule:WsOrWZR><rule:COMMA>[<rule:XnSP_option>]	STCLRB_LDCLRB	290	1	ec5bc43155216415964025494ae73983aebdc2203615c0e1bf69a35273240fde	3f3e8c0ebb34eeb59b973d8c6b666af50137c2d7825c63003348002d7b0a1d8f	A64/ldst/memop/LDCLRLB_32_memop
498	5234	5235	STEORLB	STEORLB	STEORLB<rule:SPACE><rule:WsOrWZR><rule:COMMA>[<rule:XnSP_option>]	STEORB_LDEORB	290	1	ec5bc43155216415964025494ae73983aebdc2203615c0e1bf69a35273240fde	3f3e8c0ebb34eeb59b973d8c6b666af50137c2d7825c63003348002d7b0a1d8f	A64/ldst/memop/LDEORLB_32_memop
499	5235	5236	STSETLB	STSETLB	STSETLB<rule:SPACE><rule:WsOrWZR><rule:COMMA>[<rule:XnSP_option>]	STSETB_LDSETB	290	1	ec5bc43155216415964025494ae73983aebdc2203615c0e1bf69a35273240fde	3f3e8c0ebb34eeb59b973d8c6b666af50137c2d7825c63003348002d7b0a1d8f	A64/ldst/memop/LDSETLB_32_memop
500	5236	5237	STSMAXLB	STSMAXLB	STSMAXLB<rule:SPACE><rule:WsOrWZR><rule:COMMA>[<rule:XnSP_option>]	STSMAXB_LDSMAXB	290	1	ec5bc43155216415964025494ae73983aebdc2203615c0e1bf69a35273240fde	3f3e8c0ebb34eeb59b973d8c6b666af50137c2d7825c63003348002d7b0a1d8f	A64/ldst/memop/LDSMAXLB_32_memop
501	5237	5238	STSMINLB	STSMINLB	STSMINLB<rule:SPACE><rule:WsOrWZR><rule:COMMA>[<rule:XnSP_option>]	STSMINB_LDSMINB	290	1	ec5bc43155216415964025494ae73983aebdc2203615c0e1bf69a35273240fde	3f3e8c0ebb34eeb59b973d8c6b666af50137c2d7825c63003348002d7b0a1d8f	A64/ldst/memop/LDSMINLB_32_memop
502	5238	5239	STUMAXLB	STUMAXLB	STUMAXLB<rule:SPACE><rule:WsOrWZR><rule:COMMA>[<rule:XnSP_option>]	STUMAXB_LDUMAXB	290	1	ec5bc43155216415964025494ae73983aebdc2203615c0e1bf69a35273240fde	3f3e8c0ebb34eeb59b973d8c6b666af50137c2d7825c63003348002d7b0a1d8f	A64/ldst/memop/LDUMAXLB_32_memop
503	5239	5240	STUMINLB	STUMINLB	STUMINLB<rule:SPACE><rule:WsOrWZR><rule:COMMA>[<rule:XnSP_option>]	STUMINB_LDUMINB	290	1	ec5bc43155216415964025494ae73983aebdc2203615c0e1bf69a35273240fde	3f3e8c0ebb34eeb59b973d8c6b666af50137c2d7825c63003348002d7b0a1d8f	A64/ldst/memop/LDUMINLB_32_memop
504	5269	5270	STADDH	STADDH	STADDH<rule:SPACE><rule:WsOrWZR><rule:COMMA>[<rule:XnSP_option>]	STADDH_LDADDH	290	1	ec5bc43155216415964025494ae73983aebdc2203615c0e1bf69a35273240fde	3f3e8c0ebb34eeb59b973d8c6b666af50137c2d7825c63003348002d7b0a1d8f	A64/ldst/memop/LDADDH_32_memop
505	5270	5271	STCLRH	STCLRH	STCLRH<rule:SPACE><rule:WsOrWZR><rule:COMMA>[<rule:XnSP_option>]	STCLRH_LDCLRH	290	1	ec5bc43155216415964025494ae73983aebdc2203615c0e1bf69a35273240fde	3f3e8c0ebb34eeb59b973d8c6b666af50137c2d7825c63003348002d7b0a1d8f	A64/ldst/memop/LDCLRH_32_memop
506	5271	5272	STEORH	STEORH	STEORH<rule:SPACE><rule:WsOrWZR><rule:COMMA>[<rule:XnSP_option>]	STEORH_LDEORH	290	1	ec5bc43155216415964025494ae73983aebdc2203615c0e1bf69a35273240fde	3f3e8c0ebb34eeb59b973d8c6b666af50137c2d7825c63003348002d7b0a1d8f	A64/ldst/memop/LDEORH_32_memop
507	5272	5273	STSETH	STSETH	STSETH<rule:SPACE><rule:WsOrWZR><rule:COMMA>[<rule:XnSP_option>]	STSETH_LDSETH	290	1	ec5bc43155216415964025494ae73983aebdc2203615c0e1bf69a35273240fde	3f3e8c0ebb34eeb59b973d8c6b666af50137c2d7825c63003348002d7b0a1d8f	A64/ldst/memop/LDSETH_32_memop
508	5273	5274	STSMAXH	STSMAXH	STSMAXH<rule:SPACE><rule:WsOrWZR><rule:COMMA>[<rule:XnSP_option>]	STSMAXH_LDSMAXH	290	1	ec5bc43155216415964025494ae73983aebdc2203615c0e1bf69a35273240fde	3f3e8c0ebb34eeb59b973d8c6b666af50137c2d7825c63003348002d7b0a1d8f	A64/ldst/memop/LDSMAXH_32_memop
509	5274	5275	STSMINH	STSMINH	STSMINH<rule:SPACE><rule:WsOrWZR><rule:COMMA>[<rule:XnSP_option>]	STSMINH_LDSMINH	290	1	ec5bc43155216415964025494ae73983aebdc2203615c0e1bf69a35273240fde	3f3e8c0ebb34eeb59b973d8c6b666af50137c2d7825c63003348002d7b0a1d8f	A64/ldst/memop/LDSMINH_32_memop
510	5275	5276	STUMAXH	STUMAXH	STUMAXH<rule:SPACE><rule:WsOrWZR><rule:COMMA>[<rule:XnSP_option>]	STUMAXH_LDUMAXH	290	1	ec5bc43155216415964025494ae73983aebdc2203615c0e1bf69a35273240fde	3f3e8c0ebb34eeb59b973d8c6b666af50137c2d7825c63003348002d7b0a1d8f	A64/ldst/memop/LDUMAXH_32_memop
511	5276	5277	STUMINH	STUMINH	STUMINH<rule:SPACE><rule:WsOrWZR><rule:COMMA>[<rule:XnSP_option>]	STUMINH_LDUMINH	290	1	ec5bc43155216415964025494ae73983aebdc2203615c0e1bf69a35273240fde	3f3e8c0ebb34eeb59b973d8c6b666af50137c2d7825c63003348002d7b0a1d8f	A64/ldst/memop/LDUMINH_32_memop
512	5281	5282	STADDLH	STADDLH	STADDLH<rule:SPACE><rule:WsOrWZR><rule:COMMA>[<rule:XnSP_option>]	STADDH_LDADDH	290	1	ec5bc43155216415964025494ae73983aebdc2203615c0e1bf69a35273240fde	3f3e8c0ebb34eeb59b973d8c6b666af50137c2d7825c63003348002d7b0a1d8f	A64/ldst/memop/LDADDLH_32_memop
513	5282	5283	STCLRLH	STCLRLH	STCLRLH<rule:SPACE><rule:WsOrWZR><rule:COMMA>[<rule:XnSP_option>]	STCLRH_LDCLRH	290	1	ec5bc43155216415964025494ae73983aebdc2203615c0e1bf69a35273240fde	3f3e8c0ebb34eeb59b973d8c6b666af50137c2d7825c63003348002d7b0a1d8f	A64/ldst/memop/LDCLRLH_32_memop
514	5283	5284	STEORLH	STEORLH	STEORLH<rule:SPACE><rule:WsOrWZR><rule:COMMA>[<rule:XnSP_option>]	STEORH_LDEORH	290	1	ec5bc43155216415964025494ae73983aebdc2203615c0e1bf69a35273240fde	3f3e8c0ebb34eeb59b973d8c6b666af50137c2d7825c63003348002d7b0a1d8f	A64/ldst/memop/LDEORLH_32_memop
515	5284	5285	STSETLH	STSETLH	STSETLH<rule:SPACE><rule:WsOrWZR><rule:COMMA>[<rule:XnSP_option>]	STSETH_LDSETH	290	1	ec5bc43155216415964025494ae73983aebdc2203615c0e1bf69a35273240fde	3f3e8c0ebb34eeb59b973d8c6b666af50137c2d7825c63003348002d7b0a1d8f	A64/ldst/memop/LDSETLH_32_memop
516	5285	5286	STSMAXLH	STSMAXLH	STSMAXLH<rule:SPACE><rule:WsOrWZR><rule:COMMA>[<rule:XnSP_option>]	STSMAXH_LDSMAXH	290	1	ec5bc43155216415964025494ae73983aebdc2203615c0e1bf69a35273240fde	3f3e8c0ebb34eeb59b973d8c6b666af50137c2d7825c63003348002d7b0a1d8f	A64/ldst/memop/LDSMAXLH_32_memop
517	5286	5287	STSMINLH	STSMINLH	STSMINLH<rule:SPACE><rule:WsOrWZR><rule:COMMA>[<rule:XnSP_option>]	STSMINH_LDSMINH	290	1	ec5bc43155216415964025494ae73983aebdc2203615c0e1bf69a35273240fde	3f3e8c0ebb34eeb59b973d8c6b666af50137c2d7825c63003348002d7b0a1d8f	A64/ldst/memop/LDSMINLH_32_memop
518	5287	5288	STUMAXLH	STUMAXLH	STUMAXLH<rule:SPACE><rule:WsOrWZR><rule:COMMA>[<rule:XnSP_option>]	STUMAXH_LDUMAXH	290	1	ec5bc43155216415964025494ae73983aebdc2203615c0e1bf69a35273240fde	3f3e8c0ebb34eeb59b973d8c6b666af50137c2d7825c63003348002d7b0a1d8f	A64/ldst/memop/LDUMAXLH_32_memop
519	5288	5289	STUMINLH	STUMINLH	STUMINLH<rule:SPACE><rule:WsOrWZR><rule:COMMA>[<rule:XnSP_option>]	STUMINH_LDUMINH	290	1	ec5bc43155216415964025494ae73983aebdc2203615c0e1bf69a35273240fde	3f3e8c0ebb34eeb59b973d8c6b666af50137c2d7825c63003348002d7b0a1d8f	A64/ldst/memop/LDUMINLH_32_memop
520	5318	5319	STADD	STADD	STADD<rule:SPACE><rule:WsOrWZR><rule:COMMA>[<rule:XnSP_option>]	STADD_LDADD	290	1	ec5bc43155216415964025494ae73983aebdc2203615c0e1bf69a35273240fde	3f3e8c0ebb34eeb59b973d8c6b666af50137c2d7825c63003348002d7b0a1d8f	A64/ldst/memop/LDADD_32_memop
521	5319	5320	STCLR	STCLR	STCLR<rule:SPACE><rule:WsOrWZR><rule:COMMA>[<rule:XnSP_option>]	STCLR_LDCLR	290	1	ec5bc43155216415964025494ae73983aebdc2203615c0e1bf69a35273240fde	3f3e8c0ebb34eeb59b973d8c6b666af50137c2d7825c63003348002d7b0a1d8f	A64/ldst/memop/LDCLR_32_memop
522	5320	5321	STEOR	STEOR	STEOR<rule:SPACE><rule:WsOrWZR><rule:COMMA>[<rule:XnSP_option>]	STEOR_LDEOR	290	1	ec5bc43155216415964025494ae73983aebdc2203615c0e1bf69a35273240fde	3f3e8c0ebb34eeb59b973d8c6b666af50137c2d7825c63003348002d7b0a1d8f	A64/ldst/memop/LDEOR_32_memop
523	5321	5322	STSET	STSET	STSET<rule:SPACE><rule:WsOrWZR><rule:COMMA>[<rule:XnSP_option>]	STSET_LDSET	290	1	ec5bc43155216415964025494ae73983aebdc2203615c0e1bf69a35273240fde	3f3e8c0ebb34eeb59b973d8c6b666af50137c2d7825c63003348002d7b0a1d8f	A64/ldst/memop/LDSET_32_memop
524	5322	5323	STSMAX	STSMAX	STSMAX<rule:SPACE><rule:WsOrWZR><rule:COMMA>[<rule:XnSP_option>]	STSMAX_LDSMAX	290	1	ec5bc43155216415964025494ae73983aebdc2203615c0e1bf69a35273240fde	3f3e8c0ebb34eeb59b973d8c6b666af50137c2d7825c63003348002d7b0a1d8f	A64/ldst/memop/LDSMAX_32_memop
525	5323	5324	STSMIN	STSMIN	STSMIN<rule:SPACE><rule:WsOrWZR><rule:COMMA>[<rule:XnSP_option>]	STSMIN_LDSMIN	290	1	ec5bc43155216415964025494ae73983aebdc2203615c0e1bf69a35273240fde	3f3e8c0ebb34eeb59b973d8c6b666af50137c2d7825c63003348002d7b0a1d8f	A64/ldst/memop/LDSMIN_32_memop
526	5324	5325	STUMAX	STUMAX	STUMAX<rule:SPACE><rule:WsOrWZR><rule:COMMA>[<rule:XnSP_option>]	STUMAX_LDUMAX	290	1	ec5bc43155216415964025494ae73983aebdc2203615c0e1bf69a35273240fde	3f3e8c0ebb34eeb59b973d8c6b666af50137c2d7825c63003348002d7b0a1d8f	A64/ldst/memop/LDUMAX_32_memop
527	5325	5326	STUMIN	STUMIN	STUMIN<rule:SPACE><rule:WsOrWZR><rule:COMMA>[<rule:XnSP_option>]	STUMIN_LDUMIN	290	1	ec5bc43155216415964025494ae73983aebdc2203615c0e1bf69a35273240fde	3f3e8c0ebb34eeb59b973d8c6b666af50137c2d7825c63003348002d7b0a1d8f	A64/ldst/memop/LDUMIN_32_memop
528	5327	5328	STADDL	STADDL	STADDL<rule:SPACE><rule:WsOrWZR><rule:COMMA>[<rule:XnSP_option>]	STADD_LDADD	290	1	ec5bc43155216415964025494ae73983aebdc2203615c0e1bf69a35273240fde	3f3e8c0ebb34eeb59b973d8c6b666af50137c2d7825c63003348002d7b0a1d8f	A64/ldst/memop/LDADDL_32_memop
529	5328	5329	STCLRL	STCLRL	STCLRL<rule:SPACE><rule:WsOrWZR><rule:COMMA>[<rule:XnSP_option>]	STCLR_LDCLR	290	1	ec5bc43155216415964025494ae73983aebdc2203615c0e1bf69a35273240fde	3f3e8c0ebb34eeb59b973d8c6b666af50137c2d7825c63003348002d7b0a1d8f	A64/ldst/memop/LDCLRL_32_memop
530	5329	5330	STEORL	STEORL	STEORL<rule:SPACE><rule:WsOrWZR><rule:COMMA>[<rule:XnSP_option>]	STEOR_LDEOR	290	1	ec5bc43155216415964025494ae73983aebdc2203615c0e1bf69a35273240fde	3f3e8c0ebb34eeb59b973d8c6b666af50137c2d7825c63003348002d7b0a1d8f	A64/ldst/memop/LDEORL_32_memop
531	5330	5331	STSETL	STSETL	STSETL<rule:SPACE><rule:WsOrWZR><rule:COMMA>[<rule:XnSP_option>]	STSET_LDSET	290	1	ec5bc43155216415964025494ae73983aebdc2203615c0e1bf69a35273240fde	3f3e8c0ebb34eeb59b973d8c6b666af50137c2d7825c63003348002d7b0a1d8f	A64/ldst/memop/LDSETL_32_memop
532	5331	5332	STSMAXL	STSMAXL	STSMAXL<rule:SPACE><rule:WsOrWZR><rule:COMMA>[<rule:XnSP_option>]	STSMAX_LDSMAX	290	1	ec5bc43155216415964025494ae73983aebdc2203615c0e1bf69a35273240fde	3f3e8c0ebb34eeb59b973d8c6b666af50137c2d7825c63003348002d7b0a1d8f	A64/ldst/memop/LDSMAXL_32_memop
533	5332	5333	STSMINL	STSMINL	STSMINL<rule:SPACE><rule:WsOrWZR><rule:COMMA>[<rule:XnSP_option>]	STSMIN_LDSMIN	290	1	ec5bc43155216415964025494ae73983aebdc2203615c0e1bf69a35273240fde	3f3e8c0ebb34eeb59b973d8c6b666af50137c2d7825c63003348002d7b0a1d8f	A64/ldst/memop/LDSMINL_32_memop
534	5333	5334	STUMAXL	STUMAXL	STUMAXL<rule:SPACE><rule:WsOrWZR><rule:COMMA>[<rule:XnSP_option>]	STUMAX_LDUMAX	290	1	ec5bc43155216415964025494ae73983aebdc2203615c0e1bf69a35273240fde	3f3e8c0ebb34eeb59b973d8c6b666af50137c2d7825c63003348002d7b0a1d8f	A64/ldst/memop/LDUMAXL_32_memop
535	5334	5335	STUMINL	STUMINL	STUMINL<rule:SPACE><rule:WsOrWZR><rule:COMMA>[<rule:XnSP_option>]	STUMIN_LDUMIN	290	1	ec5bc43155216415964025494ae73983aebdc2203615c0e1bf69a35273240fde	3f3e8c0ebb34eeb59b973d8c6b666af50137c2d7825c63003348002d7b0a1d8f	A64/ldst/memop/LDUMINL_32_memop
536	5355	5356	STADD	STADD	STADD<rule:SPACE><rule:XsOrXZR__2><rule:COMMA>[<rule:XnSP_option>]	STADD_LDADD	290	1	ec5bc43155216415964025494ae73983aebdc2203615c0e1bf69a35273240fde	3f3e8c0ebb34eeb59b973d8c6b666af50137c2d7825c63003348002d7b0a1d8f	A64/ldst/memop/LDADD_64_memop
537	5356	5357	STCLR	STCLR	STCLR<rule:SPACE><rule:XsOrXZR__2><rule:COMMA>[<rule:XnSP_option>]	STCLR_LDCLR	290	1	ec5bc43155216415964025494ae73983aebdc2203615c0e1bf69a35273240fde	3f3e8c0ebb34eeb59b973d8c6b666af50137c2d7825c63003348002d7b0a1d8f	A64/ldst/memop/LDCLR_64_memop
538	5357	5358	STEOR	STEOR	STEOR<rule:SPACE><rule:XsOrXZR__2><rule:COMMA>[<rule:XnSP_option>]	STEOR_LDEOR	290	1	ec5bc43155216415964025494ae73983aebdc2203615c0e1bf69a35273240fde	3f3e8c0ebb34eeb59b973d8c6b666af50137c2d7825c63003348002d7b0a1d8f	A64/ldst/memop/LDEOR_64_memop
539	5358	5359	STSET	STSET	STSET<rule:SPACE><rule:XsOrXZR__2><rule:COMMA>[<rule:XnSP_option>]	STSET_LDSET	290	1	ec5bc43155216415964025494ae73983aebdc2203615c0e1bf69a35273240fde	3f3e8c0ebb34eeb59b973d8c6b666af50137c2d7825c63003348002d7b0a1d8f	A64/ldst/memop/LDSET_64_memop
540	5359	5360	STSMAX	STSMAX	STSMAX<rule:SPACE><rule:XsOrXZR__2><rule:COMMA>[<rule:XnSP_option>]	STSMAX_LDSMAX	290	1	ec5bc43155216415964025494ae73983aebdc2203615c0e1bf69a35273240fde	3f3e8c0ebb34eeb59b973d8c6b666af50137c2d7825c63003348002d7b0a1d8f	A64/ldst/memop/LDSMAX_64_memop
541	5360	5361	STSMIN	STSMIN	STSMIN<rule:SPACE><rule:XsOrXZR__2><rule:COMMA>[<rule:XnSP_option>]	STSMIN_LDSMIN	290	1	ec5bc43155216415964025494ae73983aebdc2203615c0e1bf69a35273240fde	3f3e8c0ebb34eeb59b973d8c6b666af50137c2d7825c63003348002d7b0a1d8f	A64/ldst/memop/LDSMIN_64_memop
542	5361	5362	STUMAX	STUMAX	STUMAX<rule:SPACE><rule:XsOrXZR__2><rule:COMMA>[<rule:XnSP_option>]	STUMAX_LDUMAX	290	1	ec5bc43155216415964025494ae73983aebdc2203615c0e1bf69a35273240fde	3f3e8c0ebb34eeb59b973d8c6b666af50137c2d7825c63003348002d7b0a1d8f	A64/ldst/memop/LDUMAX_64_memop
543	5362	5363	STUMIN	STUMIN	STUMIN<rule:SPACE><rule:XsOrXZR__2><rule:COMMA>[<rule:XnSP_option>]	STUMIN_LDUMIN	290	1	ec5bc43155216415964025494ae73983aebdc2203615c0e1bf69a35273240fde	3f3e8c0ebb34eeb59b973d8c6b666af50137c2d7825c63003348002d7b0a1d8f	A64/ldst/memop/LDUMIN_64_memop
544	5368	5369	STADDL	STADDL	STADDL<rule:SPACE><rule:XsOrXZR__2><rule:COMMA>[<rule:XnSP_option>]	STADD_LDADD	290	1	ec5bc43155216415964025494ae73983aebdc2203615c0e1bf69a35273240fde	3f3e8c0ebb34eeb59b973d8c6b666af50137c2d7825c63003348002d7b0a1d8f	A64/ldst/memop/LDADDL_64_memop
545	5369	5370	STCLRL	STCLRL	STCLRL<rule:SPACE><rule:XsOrXZR__2><rule:COMMA>[<rule:XnSP_option>]	STCLR_LDCLR	290	1	ec5bc43155216415964025494ae73983aebdc2203615c0e1bf69a35273240fde	3f3e8c0ebb34eeb59b973d8c6b666af50137c2d7825c63003348002d7b0a1d8f	A64/ldst/memop/LDCLRL_64_memop
546	5370	5371	STEORL	STEORL	STEORL<rule:SPACE><rule:XsOrXZR__2><rule:COMMA>[<rule:XnSP_option>]	STEOR_LDEOR	290	1	ec5bc43155216415964025494ae73983aebdc2203615c0e1bf69a35273240fde	3f3e8c0ebb34eeb59b973d8c6b666af50137c2d7825c63003348002d7b0a1d8f	A64/ldst/memop/LDEORL_64_memop
547	5371	5372	STSETL	STSETL	STSETL<rule:SPACE><rule:XsOrXZR__2><rule:COMMA>[<rule:XnSP_option>]	STSET_LDSET	290	1	ec5bc43155216415964025494ae73983aebdc2203615c0e1bf69a35273240fde	3f3e8c0ebb34eeb59b973d8c6b666af50137c2d7825c63003348002d7b0a1d8f	A64/ldst/memop/LDSETL_64_memop
548	5372	5373	STSMAXL	STSMAXL	STSMAXL<rule:SPACE><rule:XsOrXZR__2><rule:COMMA>[<rule:XnSP_option>]	STSMAX_LDSMAX	290	1	ec5bc43155216415964025494ae73983aebdc2203615c0e1bf69a35273240fde	3f3e8c0ebb34eeb59b973d8c6b666af50137c2d7825c63003348002d7b0a1d8f	A64/ldst/memop/LDSMAXL_64_memop
549	5373	5374	STSMINL	STSMINL	STSMINL<rule:SPACE><rule:XsOrXZR__2><rule:COMMA>[<rule:XnSP_option>]	STSMIN_LDSMIN	290	1	ec5bc43155216415964025494ae73983aebdc2203615c0e1bf69a35273240fde	3f3e8c0ebb34eeb59b973d8c6b666af50137c2d7825c63003348002d7b0a1d8f	A64/ldst/memop/LDSMINL_64_memop
550	5374	5375	STUMAXL	STUMAXL	STUMAXL<rule:SPACE><rule:XsOrXZR__2><rule:COMMA>[<rule:XnSP_option>]	STUMAX_LDUMAX	290	1	ec5bc43155216415964025494ae73983aebdc2203615c0e1bf69a35273240fde	3f3e8c0ebb34eeb59b973d8c6b666af50137c2d7825c63003348002d7b0a1d8f	A64/ldst/memop/LDUMAXL_64_memop
551	5375	5376	STUMINL	STUMINL	STUMINL<rule:SPACE><rule:XsOrXZR__2><rule:COMMA>[<rule:XnSP_option>]	STUMIN_LDUMIN	290	1	ec5bc43155216415964025494ae73983aebdc2203615c0e1bf69a35273240fde	3f3e8c0ebb34eeb59b973d8c6b666af50137c2d7825c63003348002d7b0a1d8f	A64/ldst/memop/LDUMINL_64_memop
552	5577	5578	LSL	LSL	LSL<rule:SPACE><rule:WdOrWZR><rule:COMMA><rule:WnOrWZR__3><rule:COMMA><rule:WmOrWZR__4>	LSL_LSLV	1	1	3f3e8c0ebb34eeb59b973d8c6b666af50137c2d7825c63003348002d7b0a1d8f	3f3e8c0ebb34eeb59b973d8c6b666af50137c2d7825c63003348002d7b0a1d8f	A64/dpreg/dp_2src/LSLV_32_dp_2src
553	5578	5579	LSR	LSR	LSR<rule:SPACE><rule:WdOrWZR><rule:COMMA><rule:WnOrWZR__3><rule:COMMA><rule:WmOrWZR__4>	LSR_LSRV	1	1	3f3e8c0ebb34eeb59b973d8c6b666af50137c2d7825c63003348002d7b0a1d8f	3f3e8c0ebb34eeb59b973d8c6b666af50137c2d7825c63003348002d7b0a1d8f	A64/dpreg/dp_2src/LSRV_32_dp_2src
554	5579	5580	ASR	ASR	ASR<rule:SPACE><rule:WdOrWZR><rule:COMMA><rule:WnOrWZR__3><rule:COMMA><rule:WmOrWZR__4>	ASR_ASRV	1	1	3f3e8c0ebb34eeb59b973d8c6b666af50137c2d7825c63003348002d7b0a1d8f	3f3e8c0ebb34eeb59b973d8c6b666af50137c2d7825c63003348002d7b0a1d8f	A64/dpreg/dp_2src/ASRV_32_dp_2src
555	5580	5581	ROR	ROR	ROR<rule:SPACE><rule:WdOrWZR><rule:COMMA><rule:WnOrWZR__3><rule:COMMA><rule:WmOrWZR__4>	ROR_RORV	1	1	3f3e8c0ebb34eeb59b973d8c6b666af50137c2d7825c63003348002d7b0a1d8f	3f3e8c0ebb34eeb59b973d8c6b666af50137c2d7825c63003348002d7b0a1d8f	A64/dpreg/dp_2src/RORV_32_dp_2src
556	5596	5597	LSL	LSL	LSL<rule:SPACE><rule:XdOrXZR__6><rule:COMMA><rule:XnOrXZR__12><rule:COMMA><rule:XmOrXZR__7>	LSL_LSLV	1	1	3f3e8c0ebb34eeb59b973d8c6b666af50137c2d7825c63003348002d7b0a1d8f	3f3e8c0ebb34eeb59b973d8c6b666af50137c2d7825c63003348002d7b0a1d8f	A64/dpreg/dp_2src/LSLV_64_dp_2src
557	5597	5598	LSR	LSR	LSR<rule:SPACE><rule:XdOrXZR__6><rule:COMMA><rule:XnOrXZR__12><rule:COMMA><rule:XmOrXZR__7>	LSR_LSRV	1	1	3f3e8c0ebb34eeb59b973d8c6b666af50137c2d7825c63003348002d7b0a1d8f	3f3e8c0ebb34eeb59b973d8c6b666af50137c2d7825c63003348002d7b0a1d8f	A64/dpreg/dp_2src/LSRV_64_dp_2src
558	5598	5599	ASR	ASR	ASR<rule:SPACE><rule:XdOrXZR__6><rule:COMMA><rule:XnOrXZR__12><rule:COMMA><rule:XmOrXZR__7>	ASR_ASRV	1	1	3f3e8c0ebb34eeb59b973d8c6b666af50137c2d7825c63003348002d7b0a1d8f	3f3e8c0ebb34eeb59b973d8c6b666af50137c2d7825c63003348002d7b0a1d8f	A64/dpreg/dp_2src/ASRV_64_dp_2src
559	5599	5600	ROR	ROR	ROR<rule:SPACE><rule:XdOrXZR__6><rule:COMMA><rule:XnOrXZR__12><rule:COMMA><rule:XmOrXZR__7>	ROR_RORV	1	1	3f3e8c0ebb34eeb59b973d8c6b666af50137c2d7825c63003348002d7b0a1d8f	3f3e8c0ebb34eeb59b973d8c6b666af50137c2d7825c63003348002d7b0a1d8f	A64/dpreg/dp_2src/RORV_64_dp_2src
560	5607	5608	CMPP	CMPP	CMPP<rule:SPACE><rule:XnSP_option__6><rule:COMMA><rule:XmSP_option__2>	CMPP_SUBPS	299	1	baf959bb5dce9792a3da20bd3b35255208f9e018794b5fbca625969683b5173c	3f3e8c0ebb34eeb59b973d8c6b666af50137c2d7825c63003348002d7b0a1d8f	A64/dpreg/dp_2src/SUBPS_64S_dp_2src
561	5619	5620	REV64	REV64	REV64<rule:SPACE><rule:XdOrXZR__6><rule:COMMA><rule:XnOrXZR__11>	REV64_REV	1	0	3f3e8c0ebb34eeb59b973d8c6b666af50137c2d7825c63003348002d7b0a1d8f	850f8e42ca7684e4cadd817bea33cd2105d151a5bf077b3f35a6ed77d5b639bd	A64/dpreg/dp_1src/REV_64_dp_1src
562	5655	5656	MOV	MOV	MOV<rule:SPACE><rule:WdOrWZR><rule:COMMA><rule:WmOrWZR__3>	MOV_ORR_log_shift	154	1	30f92b3e0e4cf0c4000f75c3fa6301f2dab0961cf8c2c5546600227caa939b6e	3f3e8c0ebb34eeb59b973d8c6b666af50137c2d7825c63003348002d7b0a1d8f	A64/dpreg/log_shift/ORR_32_log_shift
563	5656	5657	MVN	MVN	MVN<rule:SPACE><rule:WdOrWZR><rule:COMMA><rule:WmOrWZR__3><rule:optional_shift__4>	MVN_ORN_log_shift	15	1	337a8434c9b7ffef1a057501cd469fbea48bc64f4ec65bc84b5c09ceec54c28c	3f3e8c0ebb34eeb59b973d8c6b666af50137c2d7825c63003348002d7b0a1d8f	A64/dpreg/log_shift/ORN_32_log_shift
564	5659	5660	TST	TST	TST<rule:SPACE><rule:WnOrWZR__3><rule:COMMA><rule:WmOrWZR__2><rule:optional_shift__4>	TST_ANDS_log_shift	7	1	61356a75e0624d24922637b174a5e5f8952d83871def68efa1c656039dd80c09	3f3e8c0ebb34eeb59b973d8c6b666af50137c2d7825c63003348002d7b0a1d8f	A64/dpreg/log_shift/ANDS_32_log_shift
565	5663	5664	MOV	MOV	MOV<rule:SPACE><rule:XdOrXZR__6><rule:COMMA><rule:XmOrXZR>	MOV_ORR_log_shift	154	1	30f92b3e0e4cf0c4000f75c3fa6301f2dab0961cf8c2c5546600227caa939b6e	3f3e8c0ebb34eeb59b973d8c6b666af50137c2d7825c63003348002d7b0a1d8f	A64/dpreg/log_shift/ORR_64_log_shift
566	5664	5665	MVN	MVN	MVN<rule:SPACE><rule:XdOrXZR__6><rule:COMMA><rule:XmOrXZR><rule:optional_shift__5>	MVN_ORN_log_shift	15	1	337a8434c9b7ffef1a057501cd469fbea48bc64f4ec65bc84b5c09ceec54c28c	3f3e8c0ebb34eeb59b973d8c6b666af50137c2d7825c63003348002d7b0a1d8f	A64/dpreg/log_shift/ORN_64_log_shift
567	5667	5668	TST	TST	TST<rule:SPACE><rule:XnOrXZR__12><rule:COMMA><rule:XmOrXZR__4><rule:optional_shift__5>	TST_ANDS_log_shift	7	1	61356a75e0624d24922637b174a5e5f8952d83871def68efa1c656039dd80c09	3f3e8c0ebb34eeb59b973d8c6b666af50137c2d7825c63003348002d7b0a1d8f	A64/dpreg/log_shift/ANDS_64_log_shift
568	5670	5671	CMN	CMN	CMN<rule:SPACE><rule:WnOrWZR__3><rule:COMMA><rule:WmOrWZR__2><rule:optional_shift__2>	CMN_ADDS_addsub_shift	7	1	61356a75e0624d24922637b174a5e5f8952d83871def68efa1c656039dd80c09	3f3e8c0ebb34eeb59b973d8c6b666af50137c2d7825c63003348002d7b0a1d8f	A64/dpreg/addsub_shift/ADDS_32_addsub_shift
569	5671	5672	NEG	NEG	NEG<rule:SPACE><rule:WdOrWZR><rule:COMMA><rule:WmOrWZR__3><rule:optional_shift__2>	NEG_SUB_addsub_shift	15	1	337a8434c9b7ffef1a057501cd469fbea48bc64f4ec65bc84b5c09ceec54c28c	3f3e8c0ebb34eeb59b973d8c6b666af50137c2d7825c63003348002d7b0a1d8f	A64/dpreg/addsub_shift/SUB_32_addsub_shift
570	5672	5673	NEGS	NEGS	NEGS<rule:SPACE><rule:WdOrWZR><rule:COMMA><rule:WmOrWZR__3><rule:optional_shift__2>	NEGS_SUBS_addsub_shift	16	1	3d4a730146ae2e5a39c75e26dd2cb068469d9c19eec5054ce711673fc0247507	3f3e8c0ebb34eeb59b973d8c6b666af50137c2d7825c63003348002d7b0a1d8f	A64/dpreg/addsub_shift/SUBS_32_addsub_shift
571	5672	5673	CMP	CMP	CMP<rule:SPACE><rule:WnOrWZR__3><rule:COMMA><rule:WmOrWZR__2><rule:optional_shift__2>	CMP_SUBS_addsub_shift	7	1	61356a75e0624d24922637b174a5e5f8952d83871def68efa1c656039dd80c09	3f3e8c0ebb34eeb59b973d8c6b666af50137c2d7825c63003348002d7b0a1d8f	A64/dpreg/addsub_shift/SUBS_32_addsub_shift
572	5674	5675	CMN	CMN	CMN<rule:SPACE><rule:XnOrXZR__12><rule:COMMA><rule:XmOrXZR__4><rule:optional_shift__3>	CMN_ADDS_addsub_shift	7	1	61356a75e0624d24922637b174a5e5f8952d83871def68efa1c656039dd80c09	3f3e8c0ebb34eeb59b973d8c6b666af50137c2d7825c63003348002d7b0a1d8f	A64/dpreg/addsub_shift/ADDS_64_addsub_shift
573	5675	5676	NEG	NEG	NEG<rule:SPACE><rule:XdOrXZR__6><rule:COMMA><rule:XmOrXZR><rule:optional_shift__3>	NEG_SUB_addsub_shift	15	1	337a8434c9b7ffef1a057501cd469fbea48bc64f4ec65bc84b5c09ceec54c28c	3f3e8c0ebb34eeb59b973d8c6b666af50137c2d7825c63003348002d7b0a1d8f	A64/dpreg/addsub_shift/SUB_64_addsub_shift
574	5676	5677	NEGS	NEGS	NEGS<rule:SPACE><rule:XdOrXZR__6><rule:COMMA><rule:XmOrXZR><rule:optional_shift__3>	NEGS_SUBS_addsub_shift	16	1	3d4a730146ae2e5a39c75e26dd2cb068469d9c19eec5054ce711673fc0247507	3f3e8c0ebb34eeb59b973d8c6b666af50137c2d7825c63003348002d7b0a1d8f	A64/dpreg/addsub_shift/SUBS_64_addsub_shift
575	5676	5677	CMP	CMP	CMP<rule:SPACE><rule:XnOrXZR__12><rule:COMMA><rule:XmOrXZR__4><rule:optional_shift__3>	CMP_SUBS_addsub_shift	7	1	61356a75e0624d24922637b174a5e5f8952d83871def68efa1c656039dd80c09	3f3e8c0ebb34eeb59b973d8c6b666af50137c2d7825c63003348002d7b0a1d8f	A64/dpreg/addsub_shift/SUBS_64_addsub_shift
576	5678	5679	CMN	CMN	CMN<rule:SPACE><rule:WnWSP_option__2><rule:COMMA><rule:WmOrWZR__2><rule:optional_extend__15>	CMN_ADDS_addsub_ext	7	1	61356a75e0624d24922637b174a5e5f8952d83871def68efa1c656039dd80c09	3f3e8c0ebb34eeb59b973d8c6b666af50137c2d7825c63003348002d7b0a1d8f	A64/dpreg/addsub_ext/ADDS_32S_addsub_ext
577	5680	5681	CMP	CMP	CMP<rule:SPACE><rule:WnWSP_option__2><rule:COMMA><rule:WmOrWZR__2><rule:optional_extend__15>	CMP_SUBS_addsub_ext	7	1	61356a75e0624d24922637b174a5e5f8952d83871def68efa1c656039dd80c09	3f3e8c0ebb34eeb59b973d8c6b666af50137c2d7825c63003348002d7b0a1d8f	A64/dpreg/addsub_ext/SUBS_32S_addsub_ext
578	5682	5683	CMN	CMN	CMN<rule:SPACE><rule:XnSP_option__6><rule:COMMA><rule:R_option__2><rule:Rm_option><rule:optional_extend__17>	CMN_ADDS_addsub_ext	7	1	61356a75e0624d24922637b174a5e5f8952d83871def68efa1c656039dd80c09	3f3e8c0ebb34eeb59b973d8c6b666af50137c2d7825c63003348002d7b0a1d8f	A64/dpreg/addsub_ext/ADDS_64S_addsub_ext
579	5684	5685	CMP	CMP	CMP<rule:SPACE><rule:XnSP_option__6><rule:COMMA><rule:R_option__2><rule:Rm_option><rule:optional_extend__17>	CMP_SUBS_addsub_ext	7	1	61356a75e0624d24922637b174a5e5f8952d83871def68efa1c656039dd80c09	3f3e8c0ebb34eeb59b973d8c6b666af50137c2d7825c63003348002d7b0a1d8f	A64/dpreg/addsub_ext/SUBS_64S_addsub_ext
580	5687	5688	NGC	NGC	NGC<rule:SPACE><rule:WdOrWZR><rule:COMMA><rule:WmOrWZR__3>	NGC_SBC	15	1	337a8434c9b7ffef1a057501cd469fbea48bc64f4ec65bc84b5c09ceec54c28c	3f3e8c0ebb34eeb59b973d8c6b666af50137c2d7825c63003348002d7b0a1d8f	A64/dpreg/addsub_carry/SBC_32_addsub_carry
581	5688	5689	NGCS	NGCS	NGCS<rule:SPACE><rule:WdOrWZR><rule:COMMA><rule:WmOrWZR__3>	NGCS_SBCS	15	1	337a8434c9b7ffef1a057501cd469fbea48bc64f4ec65bc84b5c09ceec54c28c	3f3e8c0ebb34eeb59b973d8c6b666af50137c2d7825c63003348002d7b0a1d8f	A64/dpreg/addsub_carry/SBCS_32_addsub_carry
582	5691	5692	NGC	NGC	NGC<rule:SPACE><rule:XdOrXZR__6><rule:COMMA><rule:XmOrXZR>	NGC_SBC	15	1	337a8434c9b7ffef1a057501cd469fbea48bc64f4ec65bc84b5c09ceec54c28c	3f3e8c0ebb34eeb59b973d8c6b666af50137c2d7825c63003348002d7b0a1d8f	A64/dpreg/addsub_carry/SBC_64_addsub_carry
583	5692	5693	NGCS	NGCS	NGCS<rule:SPACE><rule:XdOrXZR__6><rule:COMMA><rule:XmOrXZR>	NGCS_SBCS	15	1	337a8434c9b7ffef1a057501cd469fbea48bc64f4ec65bc84b5c09ceec54c28c	3f3e8c0ebb34eeb59b973d8c6b666af50137c2d7825c63003348002d7b0a1d8f	A64/dpreg/addsub_carry/SBCS_64_addsub_carry
584	5707	5708	CSET	CSET	CSET<rule:SPACE><rule:WdOrWZR><rule:COMMA><rule:cond_option__2>	CSET_CSINC	115	1	ff133f5823d0acd63079d4544fa48b06e87174407a4488a92ecefc25585ff7f7	3f3e8c0ebb34eeb59b973d8c6b666af50137c2d7825c63003348002d7b0a1d8f	A64/dpreg/condsel/CSINC_32_condsel
585	5707	5708	CINC	CINC	CINC<rule:SPACE><rule:WdOrWZR><rule:COMMA><rule:RmRn_option__3><rule:COMMA><rule:cond_option__2>	CINC_CSINC	116	14	98591d01eb203ce85266e5ae7ec17a92661205aa6880c1a418bbd0a4565b3d0e	50698dd23b17c8dd6b03d3afd33f0e436d5c6d535908bbcc42864b08be5f399a	A64/dpreg/condsel/CSINC_32_condsel
586	5708	5709	CSETM	CSETM	CSETM<rule:SPACE><rule:WdOrWZR><rule:COMMA><rule:cond_option__2>	CSETM_CSINV	115	1	ff133f5823d0acd63079d4544fa48b06e87174407a4488a92ecefc25585ff7f7	3f3e8c0ebb34eeb59b973d8c6b666af50137c2d7825c63003348002d7b0a1d8f	A64/dpreg/condsel/CSINV_32_condsel
587	5708	5709	CINV	CINV	CINV<rule:SPACE><rule:WdOrWZR><rule:COMMA><rule:RmRn_option__3><rule:COMMA><rule:cond_option__2>	CINV_CSINV	116	14	98591d01eb203ce85266e5ae7ec17a92661205aa6880c1a418bbd0a4565b3d0e	50698dd23b17c8dd6b03d3afd33f0e436d5c6d535908bbcc42864b08be5f399a	A64/dpreg/condsel/CSINV_32_condsel
588	5709	5710	CNEG	CNEG	CNEG<rule:SPACE><rule:WdOrWZR><rule:COMMA><rule:RmRn_option__3><rule:COMMA><rule:cond_option__2>	CNEG_CSNEG	80	14	1a5a7e80cd1d97ba6c83671e37119a4ba2c8e2f9594ac75114682aba512b0194	50698dd23b17c8dd6b03d3afd33f0e436d5c6d535908bbcc42864b08be5f399a	A64/dpreg/condsel/CSNEG_32_condsel
589	5711	5712	CSET	CSET	CSET<rule:SPACE><rule:XdOrXZR__6><rule:COMMA><rule:cond_option__2>	CSET_CSINC	115	1	ff133f5823d0acd63079d4544fa48b06e87174407a4488a92ecefc25585ff7f7	3f3e8c0ebb34eeb59b973d8c6b666af50137c2d7825c63003348002d7b0a1d8f	A64/dpreg/condsel/CSINC_64_condsel
590	5711	5712	CINC	CINC	CINC<rule:SPACE><rule:XdOrXZR__6><rule:COMMA><rule:RmRn_option__4><rule:COMMA><rule:cond_option__2>	CINC_CSINC	116	14	98591d01eb203ce85266e5ae7ec17a92661205aa6880c1a418bbd0a4565b3d0e	50698dd23b17c8dd6b03d3afd33f0e436d5c6d535908bbcc42864b08be5f399a	A64/dpreg/condsel/CSINC_64_condsel
591	5712	5713	CSETM	CSETM	CSETM<rule:SPACE><rule:XdOrXZR__6><rule:COMMA><rule:cond_option__2>	CSETM_CSINV	115	1	ff133f5823d0acd63079d4544fa48b06e87174407a4488a92ecefc25585ff7f7	3f3e8c0ebb34eeb59b973d8c6b666af50137c2d7825c63003348002d7b0a1d8f	A64/dpreg/condsel/CSINV_64_condsel
592	5712	5713	CINV	CINV	CINV<rule:SPACE><rule:XdOrXZR__6><rule:COMMA><rule:RmRn_option__4><rule:COMMA><rule:cond_option__2>	CINV_CSINV	116	14	98591d01eb203ce85266e5ae7ec17a92661205aa6880c1a418bbd0a4565b3d0e	50698dd23b17c8dd6b03d3afd33f0e436d5c6d535908bbcc42864b08be5f399a	A64/dpreg/condsel/CSINV_64_condsel
593	5713	5714	CNEG	CNEG	CNEG<rule:SPACE><rule:XdOrXZR__6><rule:COMMA><rule:RmRn_option__4><rule:COMMA><rule:cond_option__2>	CNEG_CSNEG	80	14	1a5a7e80cd1d97ba6c83671e37119a4ba2c8e2f9594ac75114682aba512b0194	50698dd23b17c8dd6b03d3afd33f0e436d5c6d535908bbcc42864b08be5f399a	A64/dpreg/condsel/CSNEG_64_condsel
594	5714	5715	MUL	MUL	MUL<rule:SPACE><rule:WdOrWZR><rule:COMMA><rule:WnOrWZR__5><rule:COMMA><rule:WmOrWZR__6>	MUL_MADD	49	1	fb49a9aef3bbb9437007467269ea60eb60505b24a1fe06c3dd1132fd2384f5a7	3f3e8c0ebb34eeb59b973d8c6b666af50137c2d7825c63003348002d7b0a1d8f	A64/dpreg/dp_3src/MADD_32A_dp_3src
595	5715	5716	MNEG	MNEG	MNEG<rule:SPACE><rule:WdOrWZR><rule:COMMA><rule:WnOrWZR__5><rule:COMMA><rule:WmOrWZR__6>	MNEG_MSUB	49	1	fb49a9aef3bbb9437007467269ea60eb60505b24a1fe06c3dd1132fd2384f5a7	3f3e8c0ebb34eeb59b973d8c6b666af50137c2d7825c63003348002d7b0a1d8f	A64/dpreg/dp_3src/MSUB_32A_dp_3src
596	5716	5717	MUL	MUL	MUL<rule:SPACE><rule:XdOrXZR__6><rule:COMMA><rule:XnOrXZR__13><rule:COMMA><rule:XmOrXZR__9>	MUL_MADD	49	1	fb49a9aef3bbb9437007467269ea60eb60505b24a1fe06c3dd1132fd2384f5a7	3f3e8c0ebb34eeb59b973d8c6b666af50137c2d7825c63003348002d7b0a1d8f	A64/dpreg/dp_3src/MADD_64A_dp_3src
597	5717	5718	MNEG	MNEG	MNEG<rule:SPACE><rule:XdOrXZR__6><rule:COMMA><rule:XnOrXZR__13><rule:COMMA><rule:XmOrXZR__9>	MNEG_MSUB	49	1	fb49a9aef3bbb9437007467269ea60eb60505b24a1fe06c3dd1132fd2384f5a7	3f3e8c0ebb34eeb59b973d8c6b666af50137c2d7825c63003348002d7b0a1d8f	A64/dpreg/dp_3src/MSUB_64A_dp_3src
598	5718	5719	SMULL	SMULL	SMULL<rule:SPACE><rule:XdOrXZR__6><rule:COMMA><rule:WnOrWZR__5><rule:COMMA><rule:WmOrWZR__6>	SMULL_SMADDL	49	1	fb49a9aef3bbb9437007467269ea60eb60505b24a1fe06c3dd1132fd2384f5a7	3f3e8c0ebb34eeb59b973d8c6b666af50137c2d7825c63003348002d7b0a1d8f	A64/dpreg/dp_3src/SMADDL_64WA_dp_3src
599	5719	5720	SMNEGL	SMNEGL	SMNEGL<rule:SPACE><rule:XdOrXZR__6><rule:COMMA><rule:WnOrWZR__5><rule:COMMA><rule:WmOrWZR__6>	SMNEGL_SMSUBL	49	1	fb49a9aef3bbb9437007467269ea60eb60505b24a1fe06c3dd1132fd2384f5a7	3f3e8c0ebb34eeb59b973d8c6b666af50137c2d7825c63003348002d7b0a1d8f	A64/dpreg/dp_3src/SMSUBL_64WA_dp_3src
600	5723	5724	UMULL	UMULL	UMULL<rule:SPACE><rule:XdOrXZR__6><rule:COMMA><rule:WnOrWZR__5><rule:COMMA><rule:WmOrWZR__6>	UMULL_UMADDL	49	1	fb49a9aef3bbb9437007467269ea60eb60505b24a1fe06c3dd1132fd2384f5a7	3f3e8c0ebb34eeb59b973d8c6b666af50137c2d7825c63003348002d7b0a1d8f	A64/dpreg/dp_3src/UMADDL_64WA_dp_3src
601	5724	5725	UMNEGL	UMNEGL	UMNEGL<rule:SPACE><rule:XdOrXZR__6><rule:COMMA><rule:WnOrWZR__5><rule:COMMA><rule:WmOrWZR__6>	UMNEGL_UMSUBL	49	1	fb49a9aef3bbb9437007467269ea60eb60505b24a1fe06c3dd1132fd2384f5a7	3f3e8c0ebb34eeb59b973d8c6b666af50137c2d7825c63003348002d7b0a1d8f	A64/dpreg/dp_3src/UMSUBL_64WA_dp_3src
602	5740	5741	MOV	MOV	MOV<rule:SPACE><rule:V_option__3><rule:d><rule:COMMA><rule:Vn>.<rule:T_option__12>[<rule:imm5_index__7>]	MOV_DUP_advsimd_elt	221	1	bf98b8bcb1ce7073600e82489c120a3ffd1f3310f5e22a2705d8331c1d255755	3f3e8c0ebb34eeb59b973d8c6b666af50137c2d7825c63003348002d7b0a1d8f	A64/simd_dp/asisdone/DUP_asisdone_only
603	5913	5914	MOV	MOV	MOV<rule:SPACE><rule:WdOrWZR><rule:COMMA><rule:Vn>.S[<rule:index__6>]	MOV_UMOV_advsimd	224	1	bf3812cd746bdc3d8802f2ef6ea2f1df5391379d2f1816483455e98d26a2c801	3f3e8c0ebb34eeb59b973d8c6b666af50137c2d7825c63003348002d7b0a1d8f	A64/simd_dp/asimdins/UMOV_asimdins_W_w
604	5914	5915	MOV	MOV	MOV<rule:SPACE><rule:Vd>.<rule:Ts_option>[<rule:imm5_index>]<rule:COMMA><rule:R_option__5><rule:Rn_option__2>	MOV_INS_advsimd_gen	221	1	bf98b8bcb1ce7073600e82489c120a3ffd1f3310f5e22a2705d8331c1d255755	3f3e8c0ebb34eeb59b973d8c6b666af50137c2d7825c63003348002d7b0a1d8f	A64/simd_dp/asimdins/INS_asimdins_IR_r
605	5916	5917	MOV	MOV	MOV<rule:SPACE><rule:XdOrXZR__6><rule:COMMA><rule:Vn>.D[<rule:index__7>]	MOV_UMOV_advsimd	223	1	3d2117e2280efbdd246389c7dd2dbcd49c4d8ba16a6dd9e62be6f35b45fe8d34	3f3e8c0ebb34eeb59b973d8c6b666af50137c2d7825c63003348002d7b0a1d8f	A64/simd_dp/asimdins/UMOV_asimdins_X_x
606	5917	5918	MOV	MOV	MOV<rule:SPACE><rule:Vd>.<rule:Ts_option>[<rule:imm5_index__5>]<rule:COMMA><rule:Vn>.<rule:Ts_option>[<rule:imm5_index__6>]	MOV_INS_advsimd_elt	221	1	bf98b8bcb1ce7073600e82489c120a3ffd1f3310f5e22a2705d8331c1d255755	3f3e8c0ebb34eeb59b973d8c6b666af50137c2d7825c63003348002d7b0a1d8f	A64/simd_dp/asimdins/INS_asimdins_IV_v
607	6058	6059	MVN	MVN	MVN<rule:SPACE><rule:Vd>.<rule:T_option__7><rule:COMMA><rule:Vn>.<rule:T_option__7>	MVN_NOT_advsimd	221	1	bf98b8bcb1ce7073600e82489c120a3ffd1f3310f5e22a2705d8331c1d255755	3f3e8c0ebb34eeb59b973d8c6b666af50137c2d7825c63003348002d7b0a1d8f	A64/simd_dp/asimdmisc/NOT_asimdmisc_R
608	6153	6154	MOV	MOV	MOV<rule:SPACE><rule:Vd>.<rule:T_option__7><rule:COMMA><rule:Vn>.<rule:T_option__7>	MOV_ORR_advsimd_reg	221	114	bf98b8bcb1ce7073600e82489c120a3ffd1f3310f5e22a2705d8331c1d255755	d42724c5b375c713e53a8596b3e3de61a57d3e4ea744fdfc29323ba9285c4b54	A64/simd_dp/asimdsame/ORR_asimdsame_only
609	6224	6225	SXTL	SXTL	SXTL<rule:s_2_option><rule:SPACE><rule:Vd>.<rule:Ta_option><rule:COMMA><rule:Vn>.<rule:Tb_option>	SXTL_SSHLL_advsimd	130	131	79e2105e96062291cdafcfa6000db2546c9af3b53b222d54ae7bff46aa8e7da3	03507c6b97be1932e3a45e0611137f0be818d79d428bf528862d7d129d235594	A64/simd_dp/asimdshf/SSHLL_asimdshf_L
610	6239	6240	UXTL	UXTL	UXTL<rule:s_2_option><rule:SPACE><rule:Vd>.<rule:Ta_option_new><rule:COMMA><rule:Vn>.<rule:Tb_option_new>	UXTL_USHLL_advsimd	130	131	79e2105e96062291cdafcfa6000db2546c9af3b53b222d54ae7bff46aa8e7da3	03507c6b97be1932e3a45e0611137f0be818d79d428bf528862d7d129d235594	A64/simd_dp/asimdshf/USHLL_asimdshf_L
