descriptor_index	iform_id	name_id	group_id	decode_bit_id	decode_bitmap_index	decode_bitmap_mask	iclass	isa_set
0	86	6	1	none	none	0x0000000000000000	ADD	I86
1	128	6	1	none	none	0x0000000000000000	ADD	I86
2	122	1201	1	none	none	0x0000000000000000	ADD_LOCK	I86
3	102	6	1	none	none	0x0000000000000000	ADD	I86
4	135	6	1	none	none	0x0000000000000000	ADD	I86
5	125	1201	1	none	none	0x0000000000000000	ADD_LOCK	I86
6	87	6	1	none	none	0x0000000000000000	ADD	I86
7	90	6	1	none	none	0x0000000000000000	ADD	I86
8	103	6	1	none	none	0x0000000000000000	ADD	I86
9	116	6	1	none	none	0x0000000000000000	ADD	I86
10	85	6	1	none	none	0x0000000000000000	ADD	I86
11	144	6	1	none	none	0x0000000000000000	ADD	I86
12	2478	142	1	none	none	0x0000000000000000	PUSH	I86
13	2297	137	1	none	none	0x0000000000000000	POP	I86
14	1888	131	1	none	none	0x0000000000000000	OR	I86
15	1930	131	1	none	none	0x0000000000000000	OR	I86
16	1924	1357	1	none	none	0x0000000000000000	OR_LOCK	I86
17	1904	131	1	none	none	0x0000000000000000	OR	I86
18	1937	131	1	none	none	0x0000000000000000	OR	I86
19	1927	1357	1	none	none	0x0000000000000000	OR_LOCK	I86
20	1889	131	1	none	none	0x0000000000000000	OR	I86
21	1892	131	1	none	none	0x0000000000000000	OR	I86
22	1905	131	1	none	none	0x0000000000000000	OR	I86
23	1918	131	1	none	none	0x0000000000000000	OR	I86
24	1887	131	1	none	none	0x0000000000000000	OR	I86
25	1946	131	1	none	none	0x0000000000000000	OR	I86
26	2476	142	1	none	none	0x0000000000000000	PUSH	I86
27	26	5	1	none	none	0x0000000000000000	ADC	I86
28	61	5	1	none	none	0x0000000000000000	ADC	I86
29	55	1200	1	none	none	0x0000000000000000	ADC_LOCK	I86
30	39	5	1	none	none	0x0000000000000000	ADC	I86
31	66	5	1	none	none	0x0000000000000000	ADC	I86
32	58	1200	1	none	none	0x0000000000000000	ADC_LOCK	I86
33	27	5	1	none	none	0x0000000000000000	ADC	I86
34	30	5	1	none	none	0x0000000000000000	ADC	I86
35	40	5	1	none	none	0x0000000000000000	ADC	I86
36	50	5	1	none	none	0x0000000000000000	ADC	I86
37	25	5	1	none	none	0x0000000000000000	ADC	I86
38	72	5	1	none	none	0x0000000000000000	ADC	I86
39	2486	142	1	none	none	0x0000000000000000	PUSH	I86
40	2303	137	1	none	none	0x0000000000000000	POP	I86
41	2812	157	1	none	none	0x0000000000000000	SBB	I86
42	2847	157	1	none	none	0x0000000000000000	SBB	I86
43	2841	1434	1	none	none	0x0000000000000000	SBB_LOCK	I86
44	2825	157	1	none	none	0x0000000000000000	SBB	I86
45	2852	157	1	none	none	0x0000000000000000	SBB	I86
46	2844	1434	1	none	none	0x0000000000000000	SBB_LOCK	I86
47	2813	157	1	none	none	0x0000000000000000	SBB	I86
48	2816	157	1	none	none	0x0000000000000000	SBB	I86
49	2826	157	1	none	none	0x0000000000000000	SBB	I86
50	2836	157	1	none	none	0x0000000000000000	SBB	I86
51	2811	157	1	none	none	0x0000000000000000	SBB	I86
52	2858	157	1	none	none	0x0000000000000000	SBB	I86
53	2477	142	1	none	none	0x0000000000000000	PUSH	I86
54	2296	137	1	none	none	0x0000000000000000	POP	I86
55	198	7	1	none	none	0x0000000000000000	AND	I86
56	240	7	1	none	none	0x0000000000000000	AND	I86
57	234	1210	1	none	none	0x0000000000000000	AND_LOCK	I86
58	214	7	1	none	none	0x0000000000000000	AND	I86
59	247	7	1	none	none	0x0000000000000000	AND	I86
60	237	1210	1	none	none	0x0000000000000000	AND_LOCK	I86
61	199	7	1	none	none	0x0000000000000000	AND	I86
62	202	7	1	none	none	0x0000000000000000	AND	I86
63	215	7	1	none	none	0x0000000000000000	AND	I86
64	228	7	1	none	none	0x0000000000000000	AND	I86
65	197	7	1	none	none	0x0000000000000000	AND	I86
66	256	7	1	none	none	0x0000000000000000	AND	I86
67	1089	51	1	none	none	0x0000000000000000	DAA	I86
68	3182	194	1	none	none	0x0000000000000000	SUB	I86
69	3224	194	1	none	none	0x0000000000000000	SUB	I86
70	3218	1446	1	none	none	0x0000000000000000	SUB_LOCK	I86
71	3198	194	1	none	none	0x0000000000000000	SUB	I86
72	3231	194	1	none	none	0x0000000000000000	SUB	I86
73	3221	1446	1	none	none	0x0000000000000000	SUB_LOCK	I86
74	3183	194	1	none	none	0x0000000000000000	SUB	I86
75	3186	194	1	none	none	0x0000000000000000	SUB	I86
76	3199	194	1	none	none	0x0000000000000000	SUB	I86
77	3212	194	1	none	none	0x0000000000000000	SUB	I86
78	3181	194	1	none	none	0x0000000000000000	SUB	I86
79	3240	194	1	none	none	0x0000000000000000	SUB	I86
80	1090	52	1	none	none	0x0000000000000000	DAS	I86
81	8926	210	1	none	none	0x0000000000000000	XOR	I86
82	8968	210	1	none	none	0x0000000000000000	XOR	I86
83	8962	2026	1	none	none	0x0000000000000000	XOR_LOCK	I86
84	8942	210	1	none	none	0x0000000000000000	XOR	I86
85	8975	210	1	none	none	0x0000000000000000	XOR	I86
86	8965	2026	1	none	none	0x0000000000000000	XOR_LOCK	I86
87	8927	210	1	none	none	0x0000000000000000	XOR	I86
88	8930	210	1	none	none	0x0000000000000000	XOR	I86
89	8943	210	1	none	none	0x0000000000000000	XOR	I86
90	8956	210	1	none	none	0x0000000000000000	XOR	I86
91	8925	210	1	none	none	0x0000000000000000	XOR	I86
92	8984	210	1	none	none	0x0000000000000000	XOR	I86
93	1	1	1	none	none	0x0000000000000000	AAA	I86
94	872	41	1	none	none	0x0000000000000000	CMP	I86
95	882	41	1	none	none	0x0000000000000000	CMP	I86
96	877	41	1	none	none	0x0000000000000000	CMP	I86
97	885	41	1	none	none	0x0000000000000000	CMP	I86
98	873	41	1	none	none	0x0000000000000000	CMP	I86
99	876	41	1	none	none	0x0000000000000000	CMP	I86
100	878	41	1	none	none	0x0000000000000000	CMP	I86
101	881	41	1	none	none	0x0000000000000000	CMP	I86
102	871	41	1	none	none	0x0000000000000000	CMP	I86
103	888	41	1	none	none	0x0000000000000000	CMP	I86
104	12	4	1	none	none	0x0000000000000000	AAS	I86
105	1380	64	1	none	none	0x0000000000000000	INC	I86
106	1096	53	1	none	none	0x0000000000000000	DEC	I86
107	2480	142	1	none	none	0x0000000000000000	PUSH	I86
108	2480	142	1	none	none	0x0000000000000000	PUSH	I86
109	2475	1382	91	22	0	0x0000000000400000	PUSHP	APX_F
110	2299	137	1	none	none	0x0000000000000000	POP	I86
111	2299	137	1	none	none	0x0000000000000000	POP	I86
112	2295	1367	91	22	0	0x0000000000400000	POPP	APX_F
113	2470	213	2	none	none	0x0000000000000000	PUSHA	I186
114	2470	213	2	none	none	0x0000000000000000	PUSHA	I186
115	2471	214	4	none	none	0x0000000000000000	PUSHAD	I386
116	2471	214	4	none	none	0x0000000000000000	PUSHAD	I386
117	2284	211	2	none	none	0x0000000000000000	POPA	I186
118	2284	211	2	none	none	0x0000000000000000	POPA	I186
119	2285	212	4	none	none	0x0000000000000000	POPAD	I386
120	2285	212	4	none	none	0x0000000000000000	POPAD	I386
121	374	1129	2	none	none	0x0000000000000000	BOUND	I186
122	374	1129	2	none	none	0x0000000000000000	BOUND	I186
123	375	1129	2	none	none	0x0000000000000000	BOUND	I186
124	375	1129	2	none	none	0x0000000000000000	BOUND	I186
125	261	8	272	219	3	0x0000000008000000	ARPL	I286PROTECTED
126	262	8	272	219	3	0x0000000008000000	ARPL	I286PROTECTED
127	1736	125	281	228	3	0x0000001000000000	MOVSXD	LONGMODE
128	1737	125	281	228	3	0x0000001000000000	MOVSXD	LONGMODE
129	1738	125	281	228	3	0x0000001000000000	MOVSXD	LONGMODE
130	2484	142	2	none	none	0x0000000000000000	PUSH	I186
131	1351	62	2	none	none	0x0000000000000000	IMUL	I186
132	1363	62	2	none	none	0x0000000000000000	IMUL	I186
133	2483	142	2	none	none	0x0000000000000000	PUSH	I186
134	1350	62	2	none	none	0x0000000000000000	IMUL	I186
135	1362	62	2	none	none	0x0000000000000000	IMUL	I186
136	1394	65	2	none	none	0x0000000000000000	INSB	I186
137	2601	1402	2	none	none	0x0000000000000000	REP_INSB	I186
138	2601	1402	2	none	none	0x0000000000000000	REP_INSB	I186
139	1395	66	4	none	none	0x0000000000000000	INSD	I386
140	1395	66	4	none	none	0x0000000000000000	INSD	I386
141	1395	66	4	none	none	0x0000000000000000	INSD	I386
142	1395	66	4	none	none	0x0000000000000000	INSD	I386
143	1400	67	2	none	none	0x0000000000000000	INSW	I186
144	1400	67	2	none	none	0x0000000000000000	INSW	I186
145	1400	67	2	none	none	0x0000000000000000	INSW	I186
146	2602	1403	4	none	none	0x0000000000000000	REP_INSD	I386
147	2602	1403	4	none	none	0x0000000000000000	REP_INSD	I386
148	2602	1403	4	none	none	0x0000000000000000	REP_INSD	I386
149	2602	1403	4	none	none	0x0000000000000000	REP_INSD	I386
150	2602	1403	4	none	none	0x0000000000000000	REP_INSD	I386
151	2602	1403	4	none	none	0x0000000000000000	REP_INSD	I386
152	2602	1403	4	none	none	0x0000000000000000	REP_INSD	I386
153	2602	1403	4	none	none	0x0000000000000000	REP_INSD	I386
154	2603	1404	2	none	none	0x0000000000000000	REP_INSW	I186
155	2603	1404	2	none	none	0x0000000000000000	REP_INSW	I186
156	2603	1404	2	none	none	0x0000000000000000	REP_INSW	I186
157	2603	1404	2	none	none	0x0000000000000000	REP_INSW	I186
158	2603	1404	2	none	none	0x0000000000000000	REP_INSW	I186
159	2603	1404	2	none	none	0x0000000000000000	REP_INSW	I186
160	1947	133	2	none	none	0x0000000000000000	OUTSB	I186
161	2613	1414	2	none	none	0x0000000000000000	REP_OUTSB	I186
162	2613	1414	2	none	none	0x0000000000000000	REP_OUTSB	I186
163	1948	134	4	none	none	0x0000000000000000	OUTSD	I386
164	1948	134	4	none	none	0x0000000000000000	OUTSD	I386
165	1948	134	4	none	none	0x0000000000000000	OUTSD	I386
166	1948	134	4	none	none	0x0000000000000000	OUTSD	I386
167	1949	135	2	none	none	0x0000000000000000	OUTSW	I186
168	1949	135	2	none	none	0x0000000000000000	OUTSW	I186
169	1949	135	2	none	none	0x0000000000000000	OUTSW	I186
170	2614	1415	4	none	none	0x0000000000000000	REP_OUTSD	I386
171	2614	1415	4	none	none	0x0000000000000000	REP_OUTSD	I386
172	2614	1415	4	none	none	0x0000000000000000	REP_OUTSD	I386
173	2614	1415	4	none	none	0x0000000000000000	REP_OUTSD	I386
174	2614	1415	4	none	none	0x0000000000000000	REP_OUTSD	I386
175	2614	1415	4	none	none	0x0000000000000000	REP_OUTSD	I386
176	2614	1415	4	none	none	0x0000000000000000	REP_OUTSD	I386
177	2614	1415	4	none	none	0x0000000000000000	REP_OUTSD	I386
178	2615	1416	2	none	none	0x0000000000000000	REP_OUTSW	I186
179	2615	1416	2	none	none	0x0000000000000000	REP_OUTSW	I186
180	2615	1416	2	none	none	0x0000000000000000	REP_OUTSW	I186
181	2615	1416	2	none	none	0x0000000000000000	REP_OUTSW	I186
182	2615	1416	2	none	none	0x0000000000000000	REP_OUTSW	I186
183	2615	1416	2	none	none	0x0000000000000000	REP_OUTSW	I186
184	1471	93	1	none	none	0x0000000000000000	JO	I86
185	1471	93	1	none	none	0x0000000000000000	JO	I86
186	1459	90	1	none	none	0x0000000000000000	JNO	I86
187	1459	90	1	none	none	0x0000000000000000	JNO	I86
188	1428	79	1	none	none	0x0000000000000000	JB	I86
189	1428	79	1	none	none	0x0000000000000000	JB	I86
190	1450	1330	1	none	none	0x0000000000000000	JNB	I86
191	1450	1330	1	none	none	0x0000000000000000	JNB	I86
192	1481	1335	1	none	none	0x0000000000000000	JZ	I86
193	1481	1335	1	none	none	0x0000000000000000	JZ	I86
194	1468	1334	1	none	none	0x0000000000000000	JNZ	I86
195	1468	1334	1	none	none	0x0000000000000000	JNZ	I86
196	1425	80	1	none	none	0x0000000000000000	JBE	I86
197	1425	80	1	none	none	0x0000000000000000	JBE	I86
198	1447	1331	1	none	none	0x0000000000000000	JNBE	I86
199	1447	1331	1	none	none	0x0000000000000000	JNBE	I86
200	1478	96	1	none	none	0x0000000000000000	JS	I86
201	1478	96	1	none	none	0x0000000000000000	JS	I86
202	1465	92	1	none	none	0x0000000000000000	JNS	I86
203	1465	92	1	none	none	0x0000000000000000	JNS	I86
204	1474	94	1	none	none	0x0000000000000000	JP	I86
205	1474	94	1	none	none	0x0000000000000000	JP	I86
206	1462	91	1	none	none	0x0000000000000000	JNP	I86
207	1462	91	1	none	none	0x0000000000000000	JNP	I86
208	1436	86	1	none	none	0x0000000000000000	JL	I86
209	1436	86	1	none	none	0x0000000000000000	JL	I86
210	1456	1332	1	none	none	0x0000000000000000	JNL	I86
211	1456	1332	1	none	none	0x0000000000000000	JNL	I86
212	1433	87	1	none	none	0x0000000000000000	JLE	I86
213	1433	87	1	none	none	0x0000000000000000	JLE	I86
214	1453	1333	1	none	none	0x0000000000000000	JNLE	I86
215	1453	1333	1	none	none	0x0000000000000000	JNLE	I86
216	28	5	1	none	none	0x0000000000000000	ADC	I86
217	62	5	1	none	none	0x0000000000000000	ADC	I86
218	56	1200	1	none	none	0x0000000000000000	ADC_LOCK	I86
219	88	6	1	none	none	0x0000000000000000	ADD	I86
220	129	6	1	none	none	0x0000000000000000	ADD	I86
221	123	1201	1	none	none	0x0000000000000000	ADD_LOCK	I86
222	200	7	1	none	none	0x0000000000000000	AND	I86
223	241	7	1	none	none	0x0000000000000000	AND	I86
224	235	1210	1	none	none	0x0000000000000000	AND_LOCK	I86
225	874	41	1	none	none	0x0000000000000000	CMP	I86
226	883	41	1	none	none	0x0000000000000000	CMP	I86
227	1890	131	1	none	none	0x0000000000000000	OR	I86
228	1931	131	1	none	none	0x0000000000000000	OR	I86
229	1925	1357	1	none	none	0x0000000000000000	OR_LOCK	I86
230	2814	157	1	none	none	0x0000000000000000	SBB	I86
231	2848	157	1	none	none	0x0000000000000000	SBB	I86
232	2842	1434	1	none	none	0x0000000000000000	SBB_LOCK	I86
233	3184	194	1	none	none	0x0000000000000000	SUB	I86
234	3225	194	1	none	none	0x0000000000000000	SUB	I86
235	3219	1446	1	none	none	0x0000000000000000	SUB_LOCK	I86
236	8928	210	1	none	none	0x0000000000000000	XOR	I86
237	8969	210	1	none	none	0x0000000000000000	XOR	I86
238	8963	2026	1	none	none	0x0000000000000000	XOR_LOCK	I86
239	48	5	1	none	none	0x0000000000000000	ADC	I86
240	70	5	1	none	none	0x0000000000000000	ADC	I86
241	60	1200	1	none	none	0x0000000000000000	ADC_LOCK	I86
242	113	6	1	none	none	0x0000000000000000	ADD	I86
243	141	6	1	none	none	0x0000000000000000	ADD	I86
244	127	1201	1	none	none	0x0000000000000000	ADD_LOCK	I86
245	225	7	1	none	none	0x0000000000000000	AND	I86
246	253	7	1	none	none	0x0000000000000000	AND	I86
247	239	1210	1	none	none	0x0000000000000000	AND_LOCK	I86
248	880	41	1	none	none	0x0000000000000000	CMP	I86
249	887	41	1	none	none	0x0000000000000000	CMP	I86
250	1915	131	1	none	none	0x0000000000000000	OR	I86
251	1943	131	1	none	none	0x0000000000000000	OR	I86
252	1929	1357	1	none	none	0x0000000000000000	OR_LOCK	I86
253	2834	157	1	none	none	0x0000000000000000	SBB	I86
254	2856	157	1	none	none	0x0000000000000000	SBB	I86
255	2846	1434	1	none	none	0x0000000000000000	SBB_LOCK	I86
256	3209	194	1	none	none	0x0000000000000000	SUB	I86
257	3237	194	1	none	none	0x0000000000000000	SUB	I86
258	3223	1446	1	none	none	0x0000000000000000	SUB_LOCK	I86
259	8953	210	1	none	none	0x0000000000000000	XOR	I86
260	8981	210	1	none	none	0x0000000000000000	XOR	I86
261	8967	2026	1	none	none	0x0000000000000000	XOR_LOCK	I86
262	29	5	1	none	none	0x0000000000000000	ADC	I86
263	63	5	1	none	none	0x0000000000000000	ADC	I86
264	57	1200	1	none	none	0x0000000000000000	ADC_LOCK	I86
265	89	6	1	none	none	0x0000000000000000	ADD	I86
266	130	6	1	none	none	0x0000000000000000	ADD	I86
267	124	1201	1	none	none	0x0000000000000000	ADD_LOCK	I86
268	201	7	1	none	none	0x0000000000000000	AND	I86
269	242	7	1	none	none	0x0000000000000000	AND	I86
270	236	1210	1	none	none	0x0000000000000000	AND_LOCK	I86
271	875	41	1	none	none	0x0000000000000000	CMP	I86
272	884	41	1	none	none	0x0000000000000000	CMP	I86
273	1891	131	1	none	none	0x0000000000000000	OR	I86
274	1932	131	1	none	none	0x0000000000000000	OR	I86
275	1926	1357	1	none	none	0x0000000000000000	OR_LOCK	I86
276	2815	157	1	none	none	0x0000000000000000	SBB	I86
277	2849	157	1	none	none	0x0000000000000000	SBB	I86
278	2843	1434	1	none	none	0x0000000000000000	SBB_LOCK	I86
279	3185	194	1	none	none	0x0000000000000000	SUB	I86
280	3226	194	1	none	none	0x0000000000000000	SUB	I86
281	3220	1446	1	none	none	0x0000000000000000	SUB_LOCK	I86
282	8929	210	1	none	none	0x0000000000000000	XOR	I86
283	8970	210	1	none	none	0x0000000000000000	XOR	I86
284	8964	2026	1	none	none	0x0000000000000000	XOR_LOCK	I86
285	47	5	1	none	none	0x0000000000000000	ADC	I86
286	69	5	1	none	none	0x0000000000000000	ADC	I86
287	59	1200	1	none	none	0x0000000000000000	ADC_LOCK	I86
288	112	6	1	none	none	0x0000000000000000	ADD	I86
289	140	6	1	none	none	0x0000000000000000	ADD	I86
290	126	1201	1	none	none	0x0000000000000000	ADD_LOCK	I86
291	224	7	1	none	none	0x0000000000000000	AND	I86
292	252	7	1	none	none	0x0000000000000000	AND	I86
293	238	1210	1	none	none	0x0000000000000000	AND_LOCK	I86
294	879	41	1	none	none	0x0000000000000000	CMP	I86
295	886	41	1	none	none	0x0000000000000000	CMP	I86
296	1914	131	1	none	none	0x0000000000000000	OR	I86
297	1942	131	1	none	none	0x0000000000000000	OR	I86
298	1928	1357	1	none	none	0x0000000000000000	OR_LOCK	I86
299	2833	157	1	none	none	0x0000000000000000	SBB	I86
300	2855	157	1	none	none	0x0000000000000000	SBB	I86
301	2845	1434	1	none	none	0x0000000000000000	SBB_LOCK	I86
302	3208	194	1	none	none	0x0000000000000000	SUB	I86
303	3236	194	1	none	none	0x0000000000000000	SUB	I86
304	3222	1446	1	none	none	0x0000000000000000	SUB_LOCK	I86
305	8952	210	1	none	none	0x0000000000000000	XOR	I86
306	8980	210	1	none	none	0x0000000000000000	XOR	I86
307	8966	2026	1	none	none	0x0000000000000000	XOR_LOCK	I86
308	3278	199	1	none	none	0x0000000000000000	TEST	I86
309	3284	199	1	none	none	0x0000000000000000	TEST	I86
310	3281	199	1	none	none	0x0000000000000000	TEST	I86
311	3287	199	1	none	none	0x0000000000000000	TEST	I86
312	8913	208	1	none	none	0x0000000000000000	XCHG	I86
313	8916	208	1	none	none	0x0000000000000000	XCHG	I86
314	8916	208	1	none	none	0x0000000000000000	XCHG	I86
315	8914	208	1	none	none	0x0000000000000000	XCHG	I86
316	8917	208	1	none	none	0x0000000000000000	XCHG	I86
317	8917	208	1	none	none	0x0000000000000000	XCHG	I86
318	1770	118	1	none	none	0x0000000000000000	MOV	I86
319	1782	118	1	none	none	0x0000000000000000	MOV	I86
320	1775	118	1	none	none	0x0000000000000000	MOV	I86
321	1784	118	1	none	none	0x0000000000000000	MOV	I86
322	1771	118	1	none	none	0x0000000000000000	MOV	I86
323	1774	118	1	none	none	0x0000000000000000	MOV	I86
324	1776	118	1	none	none	0x0000000000000000	MOV	I86
325	1779	118	1	none	none	0x0000000000000000	MOV	I86
326	1780	118	1	none	none	0x0000000000000000	MOV	I86
327	1787	118	1	none	none	0x0000000000000000	MOV	I86
328	1580	99	1	none	none	0x0000000000000000	LEA	I86
329	1789	118	1	none	none	0x0000000000000000	MOV	I86
330	1790	118	1	none	none	0x0000000000000000	MOV	I86
331	2300	137	1	none	none	0x0000000000000000	POP	I86
332	2302	137	1	none	none	0x0000000000000000	POP	I86
333	1841	129	1	none	none	0x0000000000000000	NOP	I86
334	1841	129	1	none	none	0x0000000000000000	NOP	I86
335	2024	136	22	29	0	0x0000000020000000	PAUSE	PAUSE
336	8915	208	1	none	none	0x0000000000000000	XCHG	I86
337	8915	208	1	none	none	0x0000000000000000	XCHG	I86
338	8915	208	1	none	none	0x0000000000000000	XCHG	I86
339	432	17	1	none	none	0x0000000000000000	CBW	I86
340	432	17	1	none	none	0x0000000000000000	CBW	I86
341	432	17	1	none	none	0x0000000000000000	CBW	I86
342	626	19	281	228	3	0x0000001000000000	CDQE	LONGMODE
343	1088	50	4	none	none	0x0000000000000000	CWDE	I386
344	1088	50	4	none	none	0x0000000000000000	CWDE	I386
345	1088	50	4	none	none	0x0000000000000000	CWDE	I386
346	625	18	4	none	none	0x0000000000000000	CDQ	I386
347	625	18	4	none	none	0x0000000000000000	CDQ	I386
348	625	18	4	none	none	0x0000000000000000	CDQ	I386
349	894	48	281	228	3	0x0000001000000000	CQO	LONGMODE
350	1087	49	1	none	none	0x0000000000000000	CWD	I86
351	1087	49	1	none	none	0x0000000000000000	CWD	I86
352	1087	49	1	none	none	0x0000000000000000	CWD	I86
353	427	1228	1	none	none	0x0000000000000000	CALL_FAR	I86
354	1295	1321	6	0	0	0x0000000000000001	FWAIT	X87
355	2472	143	1	none	none	0x0000000000000000	PUSHF	I86
356	2472	143	1	none	none	0x0000000000000000	PUSHF	I86
357	2472	143	1	none	none	0x0000000000000000	PUSHF	I86
358	2473	144	4	none	none	0x0000000000000000	PUSHFD	I386
359	2473	144	4	none	none	0x0000000000000000	PUSHFD	I386
360	2474	145	281	228	3	0x0000001000000000	PUSHFQ	LONGMODE
361	2474	145	281	228	3	0x0000001000000000	PUSHFQ	LONGMODE
362	2292	139	1	none	none	0x0000000000000000	POPF	I86
363	2292	139	1	none	none	0x0000000000000000	POPF	I86
364	2292	139	1	none	none	0x0000000000000000	POPF	I86
365	2293	140	4	none	none	0x0000000000000000	POPFD	I386
366	2293	140	4	none	none	0x0000000000000000	POPFD	I386
367	2294	141	281	228	3	0x0000001000000000	POPFQ	LONGMODE
368	2294	141	281	228	3	0x0000001000000000	POPFQ	LONGMODE
369	2752	155	279	226	3	0x0000000400000000	SAHF	LAHF
370	1571	97	279	226	3	0x0000000400000000	LAHF	LAHF
371	1761	118	1	none	none	0x0000000000000000	MOV	I86
372	1439	803	91	22	0	0x0000000000400000	JMPABS	APX_F
373	1788	118	1	none	none	0x0000000000000000	MOV	I86
374	1781	118	1	none	none	0x0000000000000000	MOV	I86
375	1786	118	1	none	none	0x0000000000000000	MOV	I86
376	1720	120	1	none	none	0x0000000000000000	MOVSB	I86
377	2609	1410	1	none	none	0x0000000000000000	REP_MOVSB	I86
378	2609	1410	1	none	none	0x0000000000000000	REP_MOVSB	I86
379	1721	121	4	none	none	0x0000000000000000	MOVSD	I386
380	1721	121	4	none	none	0x0000000000000000	MOVSD	I386
381	1721	121	4	none	none	0x0000000000000000	MOVSD	I386
382	1730	122	281	228	3	0x0000001000000000	MOVSQ	LONGMODE
383	1735	123	1	none	none	0x0000000000000000	MOVSW	I86
384	1735	123	1	none	none	0x0000000000000000	MOVSW	I86
385	1735	123	1	none	none	0x0000000000000000	MOVSW	I86
386	2610	1411	4	none	none	0x0000000000000000	REP_MOVSD	I386
387	2610	1411	4	none	none	0x0000000000000000	REP_MOVSD	I386
388	2610	1411	4	none	none	0x0000000000000000	REP_MOVSD	I386
389	2610	1411	4	none	none	0x0000000000000000	REP_MOVSD	I386
390	2610	1411	4	none	none	0x0000000000000000	REP_MOVSD	I386
391	2610	1411	4	none	none	0x0000000000000000	REP_MOVSD	I386
392	2611	1412	281	228	3	0x0000001000000000	REP_MOVSQ	LONGMODE
393	2611	1412	281	228	3	0x0000001000000000	REP_MOVSQ	LONGMODE
394	2612	1413	1	none	none	0x0000000000000000	REP_MOVSW	I86
395	2612	1413	1	none	none	0x0000000000000000	REP_MOVSW	I86
396	2612	1413	1	none	none	0x0000000000000000	REP_MOVSW	I86
397	2612	1413	1	none	none	0x0000000000000000	REP_MOVSW	I86
398	2612	1413	1	none	none	0x0000000000000000	REP_MOVSW	I86
399	2612	1413	1	none	none	0x0000000000000000	REP_MOVSW	I86
400	845	42	1	none	none	0x0000000000000000	CMPSB	I86
401	2585	1386	1	none	none	0x0000000000000000	REPE_CMPSB	I86
402	2593	1394	1	none	none	0x0000000000000000	REPNE_CMPSB	I86
403	846	43	4	none	none	0x0000000000000000	CMPSD	I386
404	846	43	4	none	none	0x0000000000000000	CMPSD	I386
405	846	43	4	none	none	0x0000000000000000	CMPSD	I386
406	849	44	281	228	3	0x0000001000000000	CMPSQ	LONGMODE
407	852	45	1	none	none	0x0000000000000000	CMPSW	I86
408	852	45	1	none	none	0x0000000000000000	CMPSW	I86
409	852	45	1	none	none	0x0000000000000000	CMPSW	I86
410	2586	1387	4	none	none	0x0000000000000000	REPE_CMPSD	I386
411	2586	1387	4	none	none	0x0000000000000000	REPE_CMPSD	I386
412	2586	1387	4	none	none	0x0000000000000000	REPE_CMPSD	I386
413	2587	1388	281	228	3	0x0000001000000000	REPE_CMPSQ	LONGMODE
414	2588	1389	1	none	none	0x0000000000000000	REPE_CMPSW	I86
415	2588	1389	1	none	none	0x0000000000000000	REPE_CMPSW	I86
416	2588	1389	1	none	none	0x0000000000000000	REPE_CMPSW	I86
417	2594	1395	4	none	none	0x0000000000000000	REPNE_CMPSD	I386
418	2594	1395	4	none	none	0x0000000000000000	REPNE_CMPSD	I386
419	2594	1395	4	none	none	0x0000000000000000	REPNE_CMPSD	I386
420	2595	1396	281	228	3	0x0000001000000000	REPNE_CMPSQ	LONGMODE
421	2596	1397	1	none	none	0x0000000000000000	REPNE_CMPSW	I86
422	2596	1397	1	none	none	0x0000000000000000	REPNE_CMPSW	I86
423	2596	1397	1	none	none	0x0000000000000000	REPNE_CMPSW	I86
424	3277	199	1	none	none	0x0000000000000000	TEST	I86
425	3290	199	1	none	none	0x0000000000000000	TEST	I86
426	2616	1417	1	none	none	0x0000000000000000	REP_STOSB	I86
427	2616	1417	1	none	none	0x0000000000000000	REP_STOSB	I86
428	3164	189	1	none	none	0x0000000000000000	STOSB	I86
429	2617	1418	4	none	none	0x0000000000000000	REP_STOSD	I386
430	2617	1418	4	none	none	0x0000000000000000	REP_STOSD	I386
431	2617	1418	4	none	none	0x0000000000000000	REP_STOSD	I386
432	2617	1418	4	none	none	0x0000000000000000	REP_STOSD	I386
433	2617	1418	4	none	none	0x0000000000000000	REP_STOSD	I386
434	2617	1418	4	none	none	0x0000000000000000	REP_STOSD	I386
435	2618	1419	281	228	3	0x0000001000000000	REP_STOSQ	LONGMODE
436	2618	1419	281	228	3	0x0000001000000000	REP_STOSQ	LONGMODE
437	2619	1420	1	none	none	0x0000000000000000	REP_STOSW	I86
438	2619	1420	1	none	none	0x0000000000000000	REP_STOSW	I86
439	2619	1420	1	none	none	0x0000000000000000	REP_STOSW	I86
440	2619	1420	1	none	none	0x0000000000000000	REP_STOSW	I86
441	2619	1420	1	none	none	0x0000000000000000	REP_STOSW	I86
442	2619	1420	1	none	none	0x0000000000000000	REP_STOSW	I86
443	3165	190	4	none	none	0x0000000000000000	STOSD	I386
444	3165	190	4	none	none	0x0000000000000000	STOSD	I386
445	3165	190	4	none	none	0x0000000000000000	STOSD	I386
446	3166	191	281	228	3	0x0000001000000000	STOSQ	LONGMODE
447	3167	192	1	none	none	0x0000000000000000	STOSW	I86
448	3167	192	1	none	none	0x0000000000000000	STOSW	I86
449	3167	192	1	none	none	0x0000000000000000	STOSW	I86
450	1597	107	1	none	none	0x0000000000000000	LODSB	I86
451	2604	1405	1	none	none	0x0000000000000000	REP_LODSB	I86
452	2604	1405	1	none	none	0x0000000000000000	REP_LODSB	I86
453	1598	108	4	none	none	0x0000000000000000	LODSD	I386
454	1598	108	4	none	none	0x0000000000000000	LODSD	I386
455	1598	108	4	none	none	0x0000000000000000	LODSD	I386
456	1599	109	281	228	3	0x0000001000000000	LODSQ	LONGMODE
457	1600	110	1	none	none	0x0000000000000000	LODSW	I86
458	1600	110	1	none	none	0x0000000000000000	LODSW	I86
459	1600	110	1	none	none	0x0000000000000000	LODSW	I86
460	2605	1406	4	none	none	0x0000000000000000	REP_LODSD	I386
461	2605	1406	4	none	none	0x0000000000000000	REP_LODSD	I386
462	2605	1406	4	none	none	0x0000000000000000	REP_LODSD	I386
463	2605	1406	4	none	none	0x0000000000000000	REP_LODSD	I386
464	2605	1406	4	none	none	0x0000000000000000	REP_LODSD	I386
465	2605	1406	4	none	none	0x0000000000000000	REP_LODSD	I386
466	2606	1407	281	228	3	0x0000001000000000	REP_LODSQ	LONGMODE
467	2606	1407	281	228	3	0x0000001000000000	REP_LODSQ	LONGMODE
468	2607	1408	1	none	none	0x0000000000000000	REP_LODSW	I86
469	2607	1408	1	none	none	0x0000000000000000	REP_LODSW	I86
470	2607	1408	1	none	none	0x0000000000000000	REP_LODSW	I86
471	2607	1408	1	none	none	0x0000000000000000	REP_LODSW	I86
472	2607	1408	1	none	none	0x0000000000000000	REP_LODSW	I86
473	2607	1408	1	none	none	0x0000000000000000	REP_LODSW	I86
474	2589	1390	1	none	none	0x0000000000000000	REPE_SCASB	I86
475	2597	1398	1	none	none	0x0000000000000000	REPNE_SCASB	I86
476	2859	158	1	none	none	0x0000000000000000	SCASB	I86
477	2590	1391	4	none	none	0x0000000000000000	REPE_SCASD	I386
478	2590	1391	4	none	none	0x0000000000000000	REPE_SCASD	I386
479	2590	1391	4	none	none	0x0000000000000000	REPE_SCASD	I386
480	2591	1392	281	228	3	0x0000001000000000	REPE_SCASQ	LONGMODE
481	2592	1393	1	none	none	0x0000000000000000	REPE_SCASW	I86
482	2592	1393	1	none	none	0x0000000000000000	REPE_SCASW	I86
483	2592	1393	1	none	none	0x0000000000000000	REPE_SCASW	I86
484	2598	1399	4	none	none	0x0000000000000000	REPNE_SCASD	I386
485	2598	1399	4	none	none	0x0000000000000000	REPNE_SCASD	I386
486	2598	1399	4	none	none	0x0000000000000000	REPNE_SCASD	I386
487	2599	1400	281	228	3	0x0000001000000000	REPNE_SCASQ	LONGMODE
488	2600	1401	1	none	none	0x0000000000000000	REPNE_SCASW	I86
489	2600	1401	1	none	none	0x0000000000000000	REPNE_SCASW	I86
490	2600	1401	1	none	none	0x0000000000000000	REPNE_SCASW	I86
491	2860	159	4	none	none	0x0000000000000000	SCASD	I386
492	2860	159	4	none	none	0x0000000000000000	SCASD	I386
493	2860	159	4	none	none	0x0000000000000000	SCASD	I386
494	2861	160	281	228	3	0x0000001000000000	SCASQ	LONGMODE
495	2862	161	1	none	none	0x0000000000000000	SCASW	I86
496	2862	161	1	none	none	0x0000000000000000	SCASW	I86
497	2862	161	1	none	none	0x0000000000000000	SCASW	I86
498	1772	118	1	none	none	0x0000000000000000	MOV	I86
499	1777	118	1	none	none	0x0000000000000000	MOV	I86
500	2493	146	2	none	none	0x0000000000000000	RCL	I186
501	2517	146	2	none	none	0x0000000000000000	RCL	I186
502	2533	147	2	none	none	0x0000000000000000	RCR	I186
503	2557	147	2	none	none	0x0000000000000000	RCR	I186
504	2635	153	2	none	none	0x0000000000000000	ROL	I186
505	2665	153	2	none	none	0x0000000000000000	ROL	I186
506	2691	154	2	none	none	0x0000000000000000	ROR	I186
507	2721	154	2	none	none	0x0000000000000000	ROR	I186
508	2763	156	2	none	none	0x0000000000000000	SAR	I186
509	2793	156	2	none	none	0x0000000000000000	SAR	I186
510	3008	179	2	none	none	0x0000000000000000	SHL	I186
511	3009	179	2	none	none	0x0000000000000000	SHL	I186
512	3044	179	2	none	none	0x0000000000000000	SHL	I186
513	3045	179	2	none	none	0x0000000000000000	SHL	I186
514	3091	181	2	none	none	0x0000000000000000	SHR	I186
515	3121	181	2	none	none	0x0000000000000000	SHR	I186
516	2510	146	2	none	none	0x0000000000000000	RCL	I186
517	2525	146	2	none	none	0x0000000000000000	RCL	I186
518	2550	147	2	none	none	0x0000000000000000	RCR	I186
519	2565	147	2	none	none	0x0000000000000000	RCR	I186
520	2657	153	2	none	none	0x0000000000000000	ROL	I186
521	2678	153	2	none	none	0x0000000000000000	ROL	I186
522	2713	154	2	none	none	0x0000000000000000	ROR	I186
523	2734	154	2	none	none	0x0000000000000000	ROR	I186
524	2785	156	2	none	none	0x0000000000000000	SAR	I186
525	2806	156	2	none	none	0x0000000000000000	SAR	I186
526	3033	179	2	none	none	0x0000000000000000	SHL	I186
527	3034	179	2	none	none	0x0000000000000000	SHL	I186
528	3060	179	2	none	none	0x0000000000000000	SHL	I186
529	3061	179	2	none	none	0x0000000000000000	SHL	I186
530	3113	181	2	none	none	0x0000000000000000	SHR	I186
531	3134	181	2	none	none	0x0000000000000000	SHR	I186
532	2631	1430	1	none	none	0x0000000000000000	RET_NEAR	I86
533	2630	1430	1	none	none	0x0000000000000000	RET_NEAR	I86
534	1581	1131	1	none	none	0x0000000000000000	LES	I86
535	1576	1130	1	none	none	0x0000000000000000	LDS	I86
536	1773	118	1	none	none	0x0000000000000000	MOV	I86
537	1783	118	1	none	none	0x0000000000000000	MOV	I86
538	8905	740	51	27	0	0x0000000008000000	XABORT	RTM
539	1778	118	1	none	none	0x0000000000000000	MOV	I86
540	1785	118	1	none	none	0x0000000000000000	MOV	I86
541	8912	739	51	27	0	0x0000000008000000	XBEGIN	RTM
542	1146	58	2	none	none	0x0000000000000000	ENTER	I186
543	1579	100	2	none	none	0x0000000000000000	LEAVE	I186
544	2629	1429	1	none	none	0x0000000000000000	RET_FAR	I86
545	2628	1429	1	none	none	0x0000000000000000	RET_FAR	I86
546	1402	70	1	none	none	0x0000000000000000	INT3	I86
547	1404	68	1	none	none	0x0000000000000000	INT	I86
548	1403	71	1	none	none	0x0000000000000000	INTO	I86
549	1422	74	1	none	none	0x0000000000000000	IRET	I86
550	1422	74	1	none	none	0x0000000000000000	IRET	I86
551	1422	74	1	none	none	0x0000000000000000	IRET	I86
552	1423	75	4	none	none	0x0000000000000000	IRETD	I386
553	1423	75	4	none	none	0x0000000000000000	IRETD	I386
554	1423	75	4	none	none	0x0000000000000000	IRETD	I386
555	1424	76	281	228	3	0x0000001000000000	IRETQ	LONGMODE
556	2494	146	1	none	none	0x0000000000000000	RCL	I86
557	2518	146	1	none	none	0x0000000000000000	RCL	I86
558	2534	147	1	none	none	0x0000000000000000	RCR	I86
559	2558	147	1	none	none	0x0000000000000000	RCR	I86
560	2636	153	1	none	none	0x0000000000000000	ROL	I86
561	2666	153	1	none	none	0x0000000000000000	ROL	I86
562	2692	154	1	none	none	0x0000000000000000	ROR	I86
563	2722	154	1	none	none	0x0000000000000000	ROR	I86
564	2764	156	1	none	none	0x0000000000000000	SAR	I86
565	2794	156	1	none	none	0x0000000000000000	SAR	I86
566	3010	179	1	none	none	0x0000000000000000	SHL	I86
567	3011	179	1	none	none	0x0000000000000000	SHL	I86
568	3046	179	1	none	none	0x0000000000000000	SHL	I86
569	3047	179	1	none	none	0x0000000000000000	SHL	I86
570	3092	181	1	none	none	0x0000000000000000	SHR	I86
571	3122	181	1	none	none	0x0000000000000000	SHR	I86
572	2514	146	1	none	none	0x0000000000000000	RCL	I86
573	2526	146	1	none	none	0x0000000000000000	RCL	I86
574	2554	147	1	none	none	0x0000000000000000	RCR	I86
575	2566	147	1	none	none	0x0000000000000000	RCR	I86
576	2661	153	1	none	none	0x0000000000000000	ROL	I86
577	2679	153	1	none	none	0x0000000000000000	ROL	I86
578	2717	154	1	none	none	0x0000000000000000	ROR	I86
579	2735	154	1	none	none	0x0000000000000000	ROR	I86
580	2789	156	1	none	none	0x0000000000000000	SAR	I86
581	2807	156	1	none	none	0x0000000000000000	SAR	I86
582	3040	179	1	none	none	0x0000000000000000	SHL	I86
583	3041	179	1	none	none	0x0000000000000000	SHL	I86
584	3064	179	1	none	none	0x0000000000000000	SHL	I86
585	3065	179	1	none	none	0x0000000000000000	SHL	I86
586	3117	181	1	none	none	0x0000000000000000	SHR	I86
587	3135	181	1	none	none	0x0000000000000000	SHR	I86
588	2492	146	1	none	none	0x0000000000000000	RCL	I86
589	2516	146	1	none	none	0x0000000000000000	RCL	I86
590	2532	147	1	none	none	0x0000000000000000	RCR	I86
591	2556	147	1	none	none	0x0000000000000000	RCR	I86
592	2634	153	1	none	none	0x0000000000000000	ROL	I86
593	2664	153	1	none	none	0x0000000000000000	ROL	I86
594	2690	154	1	none	none	0x0000000000000000	ROR	I86
595	2720	154	1	none	none	0x0000000000000000	ROR	I86
596	2762	156	1	none	none	0x0000000000000000	SAR	I86
597	2792	156	1	none	none	0x0000000000000000	SAR	I86
598	3006	179	1	none	none	0x0000000000000000	SHL	I86
599	3007	179	1	none	none	0x0000000000000000	SHL	I86
600	3042	179	1	none	none	0x0000000000000000	SHL	I86
601	3043	179	1	none	none	0x0000000000000000	SHL	I86
602	3090	181	1	none	none	0x0000000000000000	SHR	I86
603	3120	181	1	none	none	0x0000000000000000	SHR	I86
604	2504	146	1	none	none	0x0000000000000000	RCL	I86
605	2522	146	1	none	none	0x0000000000000000	RCL	I86
606	2544	147	1	none	none	0x0000000000000000	RCR	I86
607	2562	147	1	none	none	0x0000000000000000	RCR	I86
608	2649	153	1	none	none	0x0000000000000000	ROL	I86
609	2673	153	1	none	none	0x0000000000000000	ROL	I86
610	2705	154	1	none	none	0x0000000000000000	ROR	I86
611	2729	154	1	none	none	0x0000000000000000	ROR	I86
612	2777	156	1	none	none	0x0000000000000000	SAR	I86
613	2801	156	1	none	none	0x0000000000000000	SAR	I86
614	3026	179	1	none	none	0x0000000000000000	SHL	I86
615	3027	179	1	none	none	0x0000000000000000	SHL	I86
616	3056	179	1	none	none	0x0000000000000000	SHL	I86
617	3057	179	1	none	none	0x0000000000000000	SHL	I86
618	3105	181	1	none	none	0x0000000000000000	SHR	I86
619	3129	181	1	none	none	0x0000000000000000	SHR	I86
620	7	3	1	none	none	0x0000000000000000	AAM	I86
621	6	2	1	none	none	0x0000000000000000	AAD	I86
622	2753	221	1	none	none	0x0000000000000000	SALC	I86
623	3341	224	1	none	none	0x0000000000000000	UDB	I86
624	8920	2025	1	none	none	0x0000000000000000	XLAT	I86
625	1157	512	6	0	0	0x0000000000000001	FADD	X87
626	1158	512	6	0	0	0x0000000000000001	FADD	X87
627	1180	526	6	0	0	0x0000000000000001	FCOM	X87
628	1181	526	6	0	0	0x0000000000000001	FCOM	X87
629	1175	529	6	0	0	0x0000000000000001	FCOMP	X87
630	1176	529	6	0	0	0x0000000000000001	FCOMP	X87
631	1193	534	6	0	0	0x0000000000000001	FDIV	X87
632	1194	534	6	0	0	0x0000000000000001	FDIV	X87
633	1189	536	6	0	0	0x0000000000000001	FDIVR	X87
634	1190	536	6	0	0	0x0000000000000001	FDIVR	X87
635	1244	565	6	0	0	0x0000000000000001	FMUL	X87
636	1245	565	6	0	0	0x0000000000000001	FMUL	X87
637	1286	594	6	0	0	0x0000000000000001	FSUB	X87
638	1287	594	6	0	0	0x0000000000000001	FSUB	X87
639	1282	596	6	0	0	0x0000000000000001	FSUBR	X87
640	1283	596	6	0	0	0x0000000000000001	FSUBR	X87
641	1153	510	6	0	0	0x0000000000000001	F2XM1	X87
642	1154	511	6	0	0	0x0000000000000001	FABS	X87
643	1162	516	6	0	0	0x0000000000000001	FCHS	X87
644	1183	531	6	0	0	0x0000000000000001	FCOS	X87
645	1184	532	6	0	0	0x0000000000000001	FDECSTP	X87
646	1215	548	6	0	0	0x0000000000000001	FINCSTP	X87
647	1239	555	6	0	0	0x0000000000000001	FLD	X87
648	1241	555	6	0	0	0x0000000000000001	FLD	X87
649	1228	556	6	0	0	0x0000000000000001	FLD1	X87
650	1229	557	6	0	0	0x0000000000000001	FLDCW	X87
651	1230	558	6	0	0	0x0000000000000001	FLDENV	X87
652	1230	558	6	0	0	0x0000000000000001	FLDENV	X87
653	1230	558	6	0	0	0x0000000000000001	FLDENV	X87
654	1231	558	6	0	0	0x0000000000000001	FLDENV	X87
655	1231	558	6	0	0	0x0000000000000001	FLDENV	X87
656	1231	558	6	0	0	0x0000000000000001	FLDENV	X87
657	1231	558	6	0	0	0x0000000000000001	FLDENV	X87
658	1232	559	6	0	0	0x0000000000000001	FLDL2E	X87
659	1233	560	6	0	0	0x0000000000000001	FLDL2T	X87
660	1234	561	6	0	0	0x0000000000000001	FLDLG2	X87
661	1235	562	6	0	0	0x0000000000000001	FLDLN2	X87
662	1236	563	6	0	0	0x0000000000000001	FLDPI	X87
663	1237	564	6	0	0	0x0000000000000001	FLDZ	X87
664	1249	571	6	0	0	0x0000000000000001	FNOP	X87
665	1252	574	6	0	0	0x0000000000000001	FNSTCW	X87
666	1253	575	6	0	0	0x0000000000000001	FNSTENV	X87
667	1253	575	6	0	0	0x0000000000000001	FNSTENV	X87
668	1253	575	6	0	0	0x0000000000000001	FNSTENV	X87
669	1254	575	6	0	0	0x0000000000000001	FNSTENV	X87
670	1254	575	6	0	0	0x0000000000000001	FNSTENV	X87
671	1254	575	6	0	0	0x0000000000000001	FNSTENV	X87
672	1254	575	6	0	0	0x0000000000000001	FNSTENV	X87
673	1257	577	6	0	0	0x0000000000000001	FPATAN	X87
674	1258	578	6	0	0	0x0000000000000001	FPREM	X87
675	1259	579	6	0	0	0x0000000000000001	FPREM1	X87
676	1260	580	6	0	0	0x0000000000000001	FPTAN	X87
677	1261	581	6	0	0	0x0000000000000001	FRNDINT	X87
678	1264	584	6	0	0	0x0000000000000001	FSCALE	X87
679	1266	586	6	0	0	0x0000000000000001	FSIN	X87
680	1267	587	6	0	0	0x0000000000000001	FSINCOS	X87
681	1268	588	6	0	0	0x0000000000000001	FSQRT	X87
682	1277	589	6	0	0	0x0000000000000001	FST	X87
683	1271	592	6	0	0	0x0000000000000001	FSTP	X87
684	1269	609	6	0	0	0x0000000000000001	FSTPNCE	X87
685	1289	598	6	0	0	0x0000000000000001	FTST	X87
686	1296	604	6	0	0	0x0000000000000001	FXAM	X87
687	1297	605	6	0	0	0x0000000000000001	FXCH	X87
688	1304	606	6	0	0	0x0000000000000001	FXTRACT	X87
689	1305	607	6	0	0	0x0000000000000001	FYL2X	X87
690	1306	608	6	0	0	0x0000000000000001	FYL2XP1	X87
691	1164	518	11	0	0	0x0000000000000001	FCMOVB	FCMOV
692	1163	519	11	0	0	0x0000000000000001	FCMOVBE	FCMOV
693	1165	520	11	0	0	0x0000000000000001	FCMOVE	FCMOV
694	1170	525	11	0	0	0x0000000000000001	FCMOVU	FCMOV
695	1201	541	6	0	0	0x0000000000000001	FIADD	X87
696	1205	542	6	0	0	0x0000000000000001	FICOM	X87
697	1203	543	6	0	0	0x0000000000000001	FICOMP	X87
698	1209	544	6	0	0	0x0000000000000001	FIDIV	X87
699	1207	545	6	0	0	0x0000000000000001	FIDIVR	X87
700	1214	547	6	0	0	0x0000000000000001	FIMUL	X87
701	1227	553	6	0	0	0x0000000000000001	FISUB	X87
702	1225	554	6	0	0	0x0000000000000001	FISUBR	X87
703	1292	603	6	0	0	0x0000000000000001	FUCOMPP	X87
704	1167	521	11	0	0	0x0000000000000001	FCMOVNB	FCMOV
705	1166	522	11	0	0	0x0000000000000001	FCMOVNBE	FCMOV
706	1168	523	11	0	0	0x0000000000000001	FCMOVNE	FCMOV
707	1169	524	11	0	0	0x0000000000000001	FCMOVNU	FCMOV
708	1172	527	12	0	0	0x0000000000000001	FCOMI	FCOMI
709	1185	1318	6	0	0	0x0000000000000001	FDISI8087_NOP	X87
710	1197	1319	6	0	0	0x0000000000000001	FENI8087_NOP	X87
711	1212	546	6	0	0	0x0000000000000001	FILD	X87
712	1223	550	6	0	0	0x0000000000000001	FIST	X87
713	1218	551	6	0	0	0x0000000000000001	FISTP	X87
714	1221	552	309	256	4	0x0000000000000001	FISTTP	SSE3X87
715	1240	555	6	0	0	0x0000000000000001	FLD	X87
716	1247	567	6	0	0	0x0000000000000001	FNCLEX	X87
717	1248	570	6	0	0	0x0000000000000001	FNINIT	X87
718	1265	1320	6	0	0	0x0000000000000001	FSETPM287_NOP	X87
719	1272	592	6	0	0	0x0000000000000001	FSTP	X87
720	1291	600	12	0	0	0x0000000000000001	FUCOMI	FCOMI
721	1156	512	6	0	0	0x0000000000000001	FADD	X87
722	1159	512	6	0	0	0x0000000000000001	FADD	X87
723	1179	526	6	0	0	0x0000000000000001	FCOM	X87
724	1182	526	6	0	0	0x0000000000000001	FCOM	X87
725	1174	529	6	0	0	0x0000000000000001	FCOMP	X87
726	1177	529	6	0	0	0x0000000000000001	FCOMP	X87
727	1192	534	6	0	0	0x0000000000000001	FDIV	X87
728	1195	534	6	0	0	0x0000000000000001	FDIV	X87
729	1188	536	6	0	0	0x0000000000000001	FDIVR	X87
730	1191	536	6	0	0	0x0000000000000001	FDIVR	X87
731	1243	565	6	0	0	0x0000000000000001	FMUL	X87
732	1246	565	6	0	0	0x0000000000000001	FMUL	X87
733	1285	594	6	0	0	0x0000000000000001	FSUB	X87
734	1288	594	6	0	0	0x0000000000000001	FSUB	X87
735	1281	596	6	0	0	0x0000000000000001	FSUBR	X87
736	1284	596	6	0	0	0x0000000000000001	FSUBR	X87
737	1199	539	6	0	0	0x0000000000000001	FFREE	X87
738	1219	552	309	256	4	0x0000000000000001	FISTTP	SSE3X87
739	1238	555	6	0	0	0x0000000000000001	FLD	X87
740	1250	572	6	0	0	0x0000000000000001	FNSAVE	X87
741	1250	572	6	0	0	0x0000000000000001	FNSAVE	X87
742	1250	572	6	0	0	0x0000000000000001	FNSAVE	X87
743	1250	572	6	0	0	0x0000000000000001	FNSAVE	X87
744	1251	572	6	0	0	0x0000000000000001	FNSAVE	X87
745	1251	572	6	0	0	0x0000000000000001	FNSAVE	X87
746	1251	572	6	0	0	0x0000000000000001	FNSAVE	X87
747	1256	576	6	0	0	0x0000000000000001	FNSTSW	X87
748	1262	582	6	0	0	0x0000000000000001	FRSTOR	X87
749	1262	582	6	0	0	0x0000000000000001	FRSTOR	X87
750	1262	582	6	0	0	0x0000000000000001	FRSTOR	X87
751	1262	582	6	0	0	0x0000000000000001	FRSTOR	X87
752	1263	582	6	0	0	0x0000000000000001	FRSTOR	X87
753	1263	582	6	0	0	0x0000000000000001	FRSTOR	X87
754	1263	582	6	0	0	0x0000000000000001	FRSTOR	X87
755	1276	589	6	0	0	0x0000000000000001	FST	X87
756	1278	589	6	0	0	0x0000000000000001	FST	X87
757	1270	592	6	0	0	0x0000000000000001	FSTP	X87
758	1273	592	6	0	0	0x0000000000000001	FSTP	X87
759	1294	599	6	0	0	0x0000000000000001	FUCOM	X87
760	1293	602	6	0	0	0x0000000000000001	FUCOMP	X87
761	1298	605	6	0	0	0x0000000000000001	FXCH	X87
762	1155	513	6	0	0	0x0000000000000001	FADDP	X87
763	1178	529	6	0	0	0x0000000000000001	FCOMP	X87
764	1173	530	6	0	0	0x0000000000000001	FCOMPP	X87
765	1186	535	6	0	0	0x0000000000000001	FDIVP	X87
766	1187	537	6	0	0	0x0000000000000001	FDIVRP	X87
767	1200	541	6	0	0	0x0000000000000001	FIADD	X87
768	1204	542	6	0	0	0x0000000000000001	FICOM	X87
769	1202	543	6	0	0	0x0000000000000001	FICOMP	X87
770	1208	544	6	0	0	0x0000000000000001	FIDIV	X87
771	1206	545	6	0	0	0x0000000000000001	FIDIVR	X87
772	1213	547	6	0	0	0x0000000000000001	FIMUL	X87
773	1226	553	6	0	0	0x0000000000000001	FISUB	X87
774	1224	554	6	0	0	0x0000000000000001	FISUBR	X87
775	1242	566	6	0	0	0x0000000000000001	FMULP	X87
776	1279	595	6	0	0	0x0000000000000001	FSUBP	X87
777	1280	597	6	0	0	0x0000000000000001	FSUBRP	X87
778	1160	514	6	0	0	0x0000000000000001	FBLD	X87
779	1161	515	6	0	0	0x0000000000000001	FBSTP	X87
780	1171	528	12	0	0	0x0000000000000001	FCOMIP	FCOMI
781	1198	540	6	0	0	0x0000000000000001	FFREEP	X87
782	1210	546	6	0	0	0x0000000000000001	FILD	X87
783	1211	546	6	0	0	0x0000000000000001	FILD	X87
784	1222	550	6	0	0	0x0000000000000001	FIST	X87
785	1216	551	6	0	0	0x0000000000000001	FISTP	X87
786	1217	551	6	0	0	0x0000000000000001	FISTP	X87
787	1220	552	309	256	4	0x0000000000000001	FISTTP	SSE3X87
788	1255	576	6	0	0	0x0000000000000001	FNSTSW	X87
789	1274	592	6	0	0	0x0000000000000001	FSTP	X87
790	1275	592	6	0	0	0x0000000000000001	FSTP	X87
791	1290	601	12	0	0	0x0000000000000001	FUCOMIP	FCOMI
792	1299	605	6	0	0	0x0000000000000001	FXCH	X87
793	1601	112	1	none	none	0x0000000000000000	LOOPE	I86
794	1602	113	1	none	none	0x0000000000000000	LOOPNE	I86
795	1602	113	1	none	none	0x0000000000000000	LOOPNE	I86
796	1602	113	1	none	none	0x0000000000000000	LOOPNE	I86
797	1601	112	1	none	none	0x0000000000000000	LOOPE	I86
798	1601	112	1	none	none	0x0000000000000000	LOOPE	I86
799	1601	112	1	none	none	0x0000000000000000	LOOPE	I86
800	1602	113	1	none	none	0x0000000000000000	LOOPNE	I86
801	1603	111	1	none	none	0x0000000000000000	LOOP	I86
802	1431	81	4	none	none	0x0000000000000000	JCXZ	I386
803	1432	83	4	none	none	0x0000000000000000	JECXZ	I386
804	1432	83	4	none	none	0x0000000000000000	JECXZ	I386
805	1477	95	281	228	3	0x0000001000000000	JRCXZ	LONGMODE
806	1419	63	1	none	none	0x0000000000000000	IN	I86
807	1421	63	1	none	none	0x0000000000000000	IN	I86
808	1952	132	1	none	none	0x0000000000000000	OUT	I86
809	1953	132	1	none	none	0x0000000000000000	OUT	I86
810	430	1229	1	none	none	0x0000000000000000	CALL_NEAR	I86
811	431	1229	1	none	none	0x0000000000000000	CALL_NEAR	I86
812	1445	88	1	none	none	0x0000000000000000	JMP	I86
813	1446	88	1	none	none	0x0000000000000000	JMP	I86
814	1441	1329	1	none	none	0x0000000000000000	JMP_FAR	I86
815	1444	88	1	none	none	0x0000000000000000	JMP	I86
816	1444	88	1	none	none	0x0000000000000000	JMP	I86
817	1418	63	1	none	none	0x0000000000000000	IN	I86
818	1420	63	1	none	none	0x0000000000000000	IN	I86
819	1950	132	1	none	none	0x0000000000000000	OUT	I86
820	1951	132	1	none	none	0x0000000000000000	OUT	I86
821	1401	69	1	none	none	0x0000000000000000	INT1	I86
822	1318	60	1	none	none	0x0000000000000000	HLT	I86
823	720	24	1	none	none	0x0000000000000000	CMC	I86
824	1118	54	1	none	none	0x0000000000000000	DIV	I86
825	1124	54	1	none	none	0x0000000000000000	DIV	I86
826	1325	61	1	none	none	0x0000000000000000	IDIV	I86
827	1331	61	1	none	none	0x0000000000000000	IDIV	I86
828	1337	62	1	none	none	0x0000000000000000	IMUL	I86
829	1367	62	1	none	none	0x0000000000000000	IMUL	I86
830	1809	127	1	none	none	0x0000000000000000	MUL	I86
831	1815	127	1	none	none	0x0000000000000000	MUL	I86
832	1823	128	1	none	none	0x0000000000000000	NEG	I86
833	1835	128	1	none	none	0x0000000000000000	NEG	I86
834	1833	1355	1	none	none	0x0000000000000000	NEG_LOCK	I86
835	1869	130	1	none	none	0x0000000000000000	NOT	I86
836	1879	130	1	none	none	0x0000000000000000	NOT	I86
837	1877	1356	1	none	none	0x0000000000000000	NOT_LOCK	I86
838	3279	199	1	none	none	0x0000000000000000	TEST	I86
839	3280	199	1	none	none	0x0000000000000000	TEST	I86
840	3285	199	1	none	none	0x0000000000000000	TEST	I86
841	3286	199	1	none	none	0x0000000000000000	TEST	I86
842	1121	54	1	none	none	0x0000000000000000	DIV	I86
843	1127	54	1	none	none	0x0000000000000000	DIV	I86
844	1328	61	1	none	none	0x0000000000000000	IDIV	I86
845	1334	61	1	none	none	0x0000000000000000	IDIV	I86
846	1340	62	1	none	none	0x0000000000000000	IMUL	I86
847	1370	62	1	none	none	0x0000000000000000	IMUL	I86
848	1812	127	1	none	none	0x0000000000000000	MUL	I86
849	1818	127	1	none	none	0x0000000000000000	MUL	I86
850	1828	128	1	none	none	0x0000000000000000	NEG	I86
851	1838	128	1	none	none	0x0000000000000000	NEG	I86
852	1834	1355	1	none	none	0x0000000000000000	NEG_LOCK	I86
853	1873	130	1	none	none	0x0000000000000000	NOT	I86
854	1881	130	1	none	none	0x0000000000000000	NOT	I86
855	1878	1356	1	none	none	0x0000000000000000	NOT_LOCK	I86
856	3282	199	1	none	none	0x0000000000000000	TEST	I86
857	3283	199	1	none	none	0x0000000000000000	TEST	I86
858	3288	199	1	none	none	0x0000000000000000	TEST	I86
859	3289	199	1	none	none	0x0000000000000000	TEST	I86
860	708	20	1	none	none	0x0000000000000000	CLC	I86
861	3159	186	1	none	none	0x0000000000000000	STC	I86
862	714	22	1	none	none	0x0000000000000000	CLI	I86
863	3162	188	1	none	none	0x0000000000000000	STI	I86
864	709	21	1	none	none	0x0000000000000000	CLD	I86
865	3160	187	1	none	none	0x0000000000000000	STD	I86
866	1091	53	1	none	none	0x0000000000000000	DEC	I86
867	1104	53	1	none	none	0x0000000000000000	DEC	I86
868	1102	1313	1	none	none	0x0000000000000000	DEC_LOCK	I86
869	1375	64	1	none	none	0x0000000000000000	INC	I86
870	1388	64	1	none	none	0x0000000000000000	INC	I86
871	1386	1327	1	none	none	0x0000000000000000	INC_LOCK	I86
872	426	1228	1	none	none	0x0000000000000000	CALL_FAR	I86
873	428	1229	1	none	none	0x0000000000000000	CALL_NEAR	I86
874	429	1229	1	none	none	0x0000000000000000	CALL_NEAR	I86
875	1099	53	1	none	none	0x0000000000000000	DEC	I86
876	1107	53	1	none	none	0x0000000000000000	DEC	I86
877	1103	1313	1	none	none	0x0000000000000000	DEC_LOCK	I86
878	1383	64	1	none	none	0x0000000000000000	INC	I86
879	1391	64	1	none	none	0x0000000000000000	INC	I86
880	1387	1327	1	none	none	0x0000000000000000	INC_LOCK	I86
881	1442	88	1	none	none	0x0000000000000000	JMP	I86
882	1443	88	1	none	none	0x0000000000000000	JMP	I86
883	1440	1329	1	none	none	0x0000000000000000	JMP_FAR	I86
884	2481	142	1	none	none	0x0000000000000000	PUSH	I86
885	2485	142	1	none	none	0x0000000000000000	PUSH	I86
886	1589	1336	280	227	3	0x0000000800000000	LKGS	LKGS
887	1590	1336	280	227	3	0x0000000800000000	LKGS	LKGS
888	1591	105	272	219	3	0x0000000008000000	LLDT	I286PROTECTED
889	1592	105	272	219	3	0x0000000008000000	LLDT	I286PROTECTED
890	1607	116	272	219	3	0x0000000008000000	LTR	I286PROTECTED
891	1608	116	272	219	3	0x0000000008000000	LTR	I286PROTECTED
892	3145	184	272	219	3	0x0000000008000000	SLDT	I286PROTECTED
893	3146	184	272	219	3	0x0000000008000000	SLDT	I286PROTECTED
894	3168	193	272	219	3	0x0000000008000000	STR	I286PROTECTED
895	3169	193	272	219	3	0x0000000008000000	STR	I286PROTECTED
896	4519	202	272	219	3	0x0000000008000000	VERR	I286PROTECTED
897	4520	202	272	219	3	0x0000000008000000	VERR	I286PROTECTED
898	4521	203	272	219	3	0x0000000008000000	VERW	I286PROTECTED
899	4522	203	272	219	3	0x0000000008000000	VERW	I286PROTECTED
900	707	1262	306	253	3	0x2000000000000000	CLAC	SMAP
901	713	215	27	54	0	0x0040000000000000	CLGI	SVM
902	717	1179	113	24	0	0x0000000001000000	CLUI	UINTR
903	719	1264	266	213	3	0x0000000000200000	CLZERO	CLZERO
904	1135	1174	56	28	0	0x0000000010000000	ENCLS	SGX
905	1136	1175	56	28	0	0x0000000010000000	ENCLU	SGX
906	1137	1176	302	249	3	0x0200000000000000	ENCLV	SGX_ENCLV
907	1147	1316	269	216	3	0x0000000001000000	ERETS	FRED
908	1148	1317	269	216	3	0x0000000001000000	ERETU	FRED
909	1411	73	274	221	3	0x0000000020000000	INVLPG	I486REAL
910	1409	217	27	54	0	0x0040000000000000	INVLPGA	SVM
911	1410	1328	119	67	1	0x0000000000000008	INVLPGB	AMD_INVLPGB
912	1410	1328	119	67	1	0x0000000000000008	INVLPGB	AMD_INVLPGB
913	1584	102	273	220	3	0x0000000010000000	LGDT	I286REAL
914	1585	102	273	220	3	0x0000000010000000	LGDT	I286REAL
915	1587	104	273	220	3	0x0000000010000000	LIDT	I286REAL
916	1588	104	273	220	3	0x0000000010000000	LIDT	I286REAL
917	1594	106	273	220	3	0x0000000010000000	LMSW	I286REAL
918	1595	106	273	220	3	0x0000000010000000	LMSW	I286REAL
919	1629	1342	282	229	3	0x0000002000000000	MCOMMIT	MCOMMIT
920	1639	1157	283	230	3	0x0000004000000000	MONITOR	MONITOR
921	1639	1157	283	230	3	0x0000004000000000	MONITOR	MONITOR
922	1639	1157	283	230	3	0x0000004000000000	MONITOR	MONITOR
923	1639	1157	283	230	3	0x0000004000000000	MONITOR	MONITOR
924	1640	1343	284	231	3	0x0000008000000000	MONITORX	MONITORX
925	1640	1343	284	231	3	0x0000008000000000	MONITORX	MONITORX
926	1640	1343	284	231	3	0x0000008000000000	MONITORX	MONITORX
927	1640	1343	284	231	3	0x0000008000000000	MONITORX	MONITORX
928	1821	1158	283	230	3	0x0000004000000000	MWAIT	MONITOR
929	1822	1354	284	231	3	0x0000008000000000	MWAITX	MONITORX
930	2039	1358	288	235	3	0x0000080000000000	PBNDKB	PBNDKB
931	2084	1362	289	236	3	0x0000100000000000	PCONFIG	PCONFIG
932	2085	1362	289	236	3	0x0000100000000000	PCONFIG	PCONFIG
933	2370	1378	307	254	3	0x4000000000000000	PSMASH	SNP
934	2487	1383	307	254	3	0x4000000000000000	PVALIDATE	SNP
935	2571	1384	286	233	3	0x0000020000000000	RDMSRLIST	MSRLIST
936	2576	1165	110	28	0	0x0000000010000000	RDPKRU	PKU
937	2578	1385	300	247	3	0x0080000000000000	RDPRU	RDPRU
938	2584	1159	111	24	0	0x0000000001000000	RDTSCP	RDTSCP
939	2632	1431	307	254	3	0x4000000000000000	RMPADJUST	SNP
940	2633	1432	307	254	3	0x4000000000000000	RMPUPDATE	SNP
941	2751	833	263	269	4	0x0000000000002000	RSTORSSP	CET
942	2810	834	263	269	4	0x0000000000002000	SAVEPREVSSP	CET
943	2863	1435	314	260	4	0x0000000000000010	SEAMCALL	TDX
944	2864	1436	314	260	4	0x0000000000000010	SEAMOPS	TDX
945	2865	1437	314	260	4	0x0000000000000010	SEAMRET	TDX
946	2867	921	104	24	0	0x0000000001000000	SERIALIZE	SERIALIZE
947	2952	835	263	269	4	0x0000000000002000	SETSSBSY	CET
948	2966	178	273	220	3	0x0000000010000000	SGDT	I286REAL
949	2967	178	273	220	3	0x0000000010000000	SGDT	I286REAL
950	3142	183	273	220	3	0x0000000010000000	SIDT	I286REAL
951	3143	183	273	220	3	0x0000000010000000	SIDT	I286REAL
952	3144	222	27	54	0	0x0040000000000000	SKINIT	SVM
953	3148	185	273	220	3	0x0000000010000000	SMSW	I286REAL
954	3149	185	273	220	3	0x0000000010000000	SMSW	I286REAL
955	3158	1445	306	253	3	0x2000000000000000	STAC	SMAP
956	3161	223	27	54	0	0x0040000000000000	STGI	SVM
957	3172	1181	113	24	0	0x0000000001000000	STUI	UINTR
958	3241	1447	281	228	3	0x0000001000000000	SWAPGS	LONGMODE
959	3265	1452	314	260	4	0x0000000000000010	TDCALL	TDX
960	3265	1452	314	260	4	0x0000000000000010	TDCALL	TDX
961	3276	1182	113	24	0	0x0000000001000000	TESTUI	UINTR
962	3309	1454	119	67	1	0x0000000000000008	TLBSYNC	AMD_INVLPGB
963	3342	1183	113	24	0	0x0000000001000000	UIRET	UINTR
964	5637	225	321	267	4	0x0000000000000800	VMCALL	VTX
965	5639	227	320	266	4	0x0000000000000400	VMFUNC	VMFUNC
966	5712	229	321	267	4	0x0000000000000800	VMLAUNCH	VTX
967	5713	230	27	54	0	0x0040000000000000	VMLOAD	SVM
968	5714	231	27	54	0	0x0040000000000000	VMMCALL	SVM
969	6003	235	321	267	4	0x0000000000000800	VMRESUME	VTX
970	6004	236	27	54	0	0x0040000000000000	VMRUN	SVM
971	6005	237	27	54	0	0x0040000000000000	VMSAVE	SVM
972	6052	239	321	267	4	0x0000000000000800	VMXOFF	VTX
973	8892	2022	286	233	3	0x0000020000000000	WRMSRLIST	MSRLIST
974	8893	2023	322	268	4	0x0000000000001000	WRMSRNS	WRMSRNS
975	8896	1166	110	28	0	0x0000000010000000	WRPKRU	PKU
976	8918	741	51	27	0	0x0000000008000000	XEND	RTM
977	8919	1155	36	26	0	0x0000000004000000	XGETBV	XSAVE
978	8985	1178	114	27	0	0x0000000008000000	XRESLDTRK	TSX_LDTRK
979	8998	1156	36	26	0	0x0000000004000000	XSETBV	XSAVE
980	9000	1177	114	27	0	0x0000000008000000	XSUSLDTRK	TSX_LDTRK
981	9001	742	51	27	0	0x0000000008000000	XTEST	RTM
982	1572	98	272	219	3	0x0000000008000000	LAR	I286PROTECTED
983	1573	98	272	219	3	0x0000000008000000	LAR	I286PROTECTED
984	1604	114	272	219	3	0x0000000008000000	LSL	I286PROTECTED
985	1605	114	272	219	3	0x0000000008000000	LSL	I286PROTECTED
986	3242	195	281	228	3	0x0000001000000000	SYSCALL	LONGMODE
987	3243	1448	118	66	1	0x0000000000000004	SYSCALL_AMD	AMD
988	716	23	273	220	3	0x0000000010000000	CLTS	I286REAL
989	3246	198	281	228	3	0x0000001000000000	SYSRET	LONGMODE
990	3247	1449	281	228	3	0x0000001000000000	SYSRET64	LONGMODE
991	3248	1450	118	66	1	0x0000000000000004	SYSRET_AMD	AMD
992	1405	72	274	221	3	0x0000000020000000	INVD	I486REAL
993	8887	205	274	221	3	0x0000000020000000	WBINVD	I486REAL
994	8887	205	274	221	3	0x0000000020000000	WBINVD	I486REAL
995	8888	924	107	24	0	0x0000000001000000	WBNOINVD	WBNOINVD
996	3340	201	292	239	3	0x0000800000000000	UD2	PPRO
997	1851	129	296	243	3	0x0008000000000000	NOP	PREFETCH_NOP
998	2316	266	296	243	3	0x0008000000000000	PREFETCHW	PREFETCH_NOP
999	2317	266	296	243	3	0x0008000000000000	PREFETCHW	PREFETCH_NOP
1000	2315	1371	295	242	3	0x0004000000000000	PREFETCHWT1	PREFETCHWT1
1001	2318	1372	296	243	3	0x0008000000000000	PREFETCH_EXCLUSIVE	PREFETCH_NOP
1002	2319	1373	296	243	3	0x0008000000000000	PREFETCH_RESERVED	PREFETCH_NOP
1003	2320	1373	296	243	3	0x0008000000000000	PREFETCH_RESERVED	PREFETCH_NOP
1004	2321	1373	296	243	3	0x0008000000000000	PREFETCH_RESERVED	PREFETCH_NOP
1005	2322	1373	296	243	3	0x0008000000000000	PREFETCH_RESERVED	PREFETCH_NOP
1006	1196	241	16	2	0	0x0000000000000004	FEMMS	3DNOW
1007	1723	1351	20	4	0	0x0000000000000010	MOVSD_XMM	SSE2
1008	1724	1351	20	4	0	0x0000000000000010	MOVSD_XMM	SSE2
1009	1732	273	19	3	0	0x0000000000000008	MOVSS	SSE
1010	1733	273	19	3	0	0x0000000000000008	MOVSS	SSE
1011	1747	337	20	4	0	0x0000000000000010	MOVUPD	SSE2
1012	1748	337	20	4	0	0x0000000000000010	MOVUPD	SSE2
1013	1751	272	19	3	0	0x0000000000000008	MOVUPS	SSE
1014	1752	272	19	3	0	0x0000000000000008	MOVUPS	SSE
1015	1722	1351	20	4	0	0x0000000000000010	MOVSD_XMM	SSE2
1016	1725	1351	20	4	0	0x0000000000000010	MOVSD_XMM	SSE2
1017	1731	273	19	3	0	0x0000000000000008	MOVSS	SSE
1018	1734	273	19	3	0	0x0000000000000008	MOVSS	SSE
1019	1746	337	20	4	0	0x0000000000000010	MOVUPD	SSE2
1020	1749	337	20	4	0	0x0000000000000010	MOVUPD	SSE2
1021	1750	272	19	3	0	0x0000000000000008	MOVUPS	SSE
1022	1753	272	19	3	0	0x0000000000000008	MOVUPS	SSE
1023	1654	428	24	5	0	0x0000000000000020	MOVDDUP	SSE3
1024	1655	428	24	5	0	0x0000000000000020	MOVDDUP	SSE3
1025	1678	276	19	3	0	0x0000000000000008	MOVHLPS	SSE
1026	1685	339	20	4	0	0x0000000000000010	MOVLPD	SSE2
1027	1687	275	19	3	0	0x0000000000000008	MOVLPS	SSE
1028	1728	429	24	5	0	0x0000000000000020	MOVSLDUP	SSE3
1029	1729	429	24	5	0	0x0000000000000020	MOVSLDUP	SSE3
1030	1684	339	20	4	0	0x0000000000000010	MOVLPD	SSE2
1031	1686	275	19	3	0	0x0000000000000008	MOVLPS	SSE
1032	3349	365	20	4	0	0x0000000000000010	UNPCKLPD	SSE2
1033	3350	365	20	4	0	0x0000000000000010	UNPCKLPD	SSE2
1034	3351	308	19	3	0	0x0000000000000008	UNPCKLPS	SSE
1035	3352	308	19	3	0	0x0000000000000008	UNPCKLPS	SSE
1036	3345	366	20	4	0	0x0000000000000010	UNPCKHPD	SSE2
1037	3346	366	20	4	0	0x0000000000000010	UNPCKHPD	SSE2
1038	3347	309	19	3	0	0x0000000000000008	UNPCKHPS	SSE
1039	3348	309	19	3	0	0x0000000000000008	UNPCKHPS	SSE
1040	1680	340	20	4	0	0x0000000000000010	MOVHPD	SSE2
1041	1682	277	19	3	0	0x0000000000000008	MOVHPS	SSE
1042	1683	278	19	3	0	0x0000000000000008	MOVLHPS	SSE
1043	1726	430	24	5	0	0x0000000000000020	MOVSHDUP	SSE3
1044	1727	430	24	5	0	0x0000000000000020	MOVSHDUP	SSE3
1045	1679	340	20	4	0	0x0000000000000010	MOVHPD	SSE2
1046	1681	277	19	3	0	0x0000000000000008	MOVHPS	SSE
1047	1842	129	268	215	3	0x0000000000800000	NOP	FAT_NOP
1048	1843	129	268	215	3	0x0000000000800000	NOP	FAT_NOP
1049	1844	129	268	215	3	0x0000000000800000	NOP	FAT_NOP
1050	1845	129	268	215	3	0x0000000000800000	NOP	FAT_NOP
1051	1846	129	268	215	3	0x0000000000800000	NOP	FAT_NOP
1052	1847	129	268	215	3	0x0000000000800000	NOP	FAT_NOP
1053	1848	129	268	215	3	0x0000000000800000	NOP	FAT_NOP
1054	1849	129	268	215	3	0x0000000000800000	NOP	FAT_NOP
1055	1860	129	268	215	3	0x0000000000800000	NOP	FAT_NOP
1056	1861	129	268	215	3	0x0000000000800000	NOP	FAT_NOP
1057	1862	129	268	215	3	0x0000000000800000	NOP	FAT_NOP
1058	1863	129	268	215	3	0x0000000000800000	NOP	FAT_NOP
1059	2308	1368	276	223	3	0x0000000080000000	PREFETCHIT0	ICACHE_PREFETCH
1060	2309	1369	276	223	3	0x0000000080000000	PREFETCHIT1	ICACHE_PREFETCH
1061	2310	319	312	258	4	0x0000000000000004	PREFETCHNTA	SSE_PREFETCH
1062	2311	1370	285	232	3	0x0000010000000000	PREFETCHRST2	MOVRS
1063	2312	320	312	258	4	0x0000000000000004	PREFETCHT0	SSE_PREFETCH
1064	2313	321	312	258	4	0x0000000000000004	PREFETCHT1	SSE_PREFETCH
1065	2314	322	312	258	4	0x0000000000000004	PREFETCHT2	SSE_PREFETCH
1066	1852	129	268	215	3	0x0000000000800000	NOP	FAT_NOP
1067	1865	129	268	215	3	0x0000000000800000	NOP	FAT_NOP
1068	355	1168	57	28	0	0x0000000010000000	BNDCL	MPX
1069	355	1168	57	28	0	0x0000000010000000	BNDCL	MPX
1070	356	1168	57	28	0	0x0000000010000000	BNDCL	MPX
1071	357	1168	57	28	0	0x0000000010000000	BNDCL	MPX
1072	361	1169	57	28	0	0x0000000010000000	BNDCU	MPX
1073	361	1169	57	28	0	0x0000000010000000	BNDCU	MPX
1074	362	1169	57	28	0	0x0000000010000000	BNDCU	MPX
1075	363	1169	57	28	0	0x0000000010000000	BNDCU	MPX
1076	364	1172	57	28	0	0x0000000010000000	BNDLDX	MPX
1077	365	1172	57	28	0	0x0000000010000000	BNDLDX	MPX
1078	365	1172	57	28	0	0x0000000010000000	BNDLDX	MPX
1079	365	1172	57	28	0	0x0000000010000000	BNDLDX	MPX
1080	367	1171	57	28	0	0x0000000010000000	BNDMOV	MPX
1081	368	1171	57	28	0	0x0000000010000000	BNDMOV	MPX
1082	369	1171	57	28	0	0x0000000010000000	BNDMOV	MPX
1083	369	1171	57	28	0	0x0000000010000000	BNDMOV	MPX
1084	1853	129	292	239	3	0x0000800000000000	NOP	PPRO
1085	1853	129	292	239	3	0x0000800000000000	NOP	PPRO
1086	1859	129	292	239	3	0x0000800000000000	NOP	PPRO
1087	358	1170	57	28	0	0x0000000010000000	BNDCN	MPX
1088	358	1170	57	28	0	0x0000000010000000	BNDCN	MPX
1089	359	1170	57	28	0	0x0000000010000000	BNDCN	MPX
1090	360	1170	57	28	0	0x0000000010000000	BNDCN	MPX
1091	366	1167	57	28	0	0x0000000010000000	BNDMK	MPX
1092	366	1167	57	28	0	0x0000000010000000	BNDMK	MPX
1093	367	1171	57	28	0	0x0000000010000000	BNDMOV	MPX
1094	370	1171	57	28	0	0x0000000010000000	BNDMOV	MPX
1095	371	1171	57	28	0	0x0000000010000000	BNDMOV	MPX
1096	371	1171	57	28	0	0x0000000010000000	BNDMOV	MPX
1097	372	1173	57	28	0	0x0000000010000000	BNDSTX	MPX
1098	373	1173	57	28	0	0x0000000010000000	BNDSTX	MPX
1099	373	1173	57	28	0	0x0000000010000000	BNDSTX	MPX
1100	373	1173	57	28	0	0x0000000010000000	BNDSTX	MPX
1101	1854	129	292	239	3	0x0000800000000000	NOP	PPRO
1102	1854	129	292	239	3	0x0000800000000000	NOP	PPRO
1103	1854	129	292	239	3	0x0000800000000000	NOP	PPRO
1104	1858	129	292	239	3	0x0000800000000000	NOP	PPRO
1105	710	1263	264	211	3	0x0000000000080000	CLDEMOTE	CLDEMOTE
1106	1855	129	292	239	3	0x0000800000000000	NOP	PPRO
1107	1866	129	292	239	3	0x0000800000000000	NOP	PPRO
1108	1866	129	292	239	3	0x0000800000000000	NOP	PPRO
1109	1866	129	292	239	3	0x0000800000000000	NOP	PPRO
1110	1866	129	292	239	3	0x0000800000000000	NOP	PPRO
1111	1866	129	292	239	3	0x0000800000000000	NOP	PPRO
1112	1866	129	292	239	3	0x0000800000000000	NOP	PPRO
1113	1866	129	292	239	3	0x0000800000000000	NOP	PPRO
1114	1866	129	292	239	3	0x0000800000000000	NOP	PPRO
1115	1856	129	268	215	3	0x0000000000800000	NOP	FAT_NOP
1116	1867	129	268	215	3	0x0000000000800000	NOP	FAT_NOP
1117	1140	56	263	269	4	0x0000000000002000	ENDBR32	CET
1118	1141	57	263	269	4	0x0000000000002000	ENDBR64	CET
1119	1324	1326	275	222	3	0x0000000040000000	IBHF	IBHF
1120	1857	129	292	239	3	0x0000800000000000	NOP	PPRO
1121	1857	129	292	239	3	0x0000800000000000	NOP	PPRO
1122	1857	129	292	239	3	0x0000800000000000	NOP	PPRO
1123	1857	129	292	239	3	0x0000800000000000	NOP	PPRO
1124	1857	129	292	239	3	0x0000800000000000	NOP	PPRO
1125	1857	129	292	239	3	0x0000800000000000	NOP	PPRO
1126	1857	129	292	239	3	0x0000800000000000	NOP	PPRO
1127	1857	129	292	239	3	0x0000800000000000	NOP	PPRO
1128	1857	129	292	239	3	0x0000800000000000	NOP	PPRO
1129	1857	129	292	239	3	0x0000800000000000	NOP	PPRO
1130	1857	129	292	239	3	0x0000800000000000	NOP	PPRO
1131	1857	129	292	239	3	0x0000800000000000	NOP	PPRO
1132	1857	129	292	239	3	0x0000800000000000	NOP	PPRO
1133	1857	129	292	239	3	0x0000800000000000	NOP	PPRO
1134	1857	129	292	239	3	0x0000800000000000	NOP	PPRO
1135	1857	129	292	239	3	0x0000800000000000	NOP	PPRO
1136	1857	129	292	239	3	0x0000800000000000	NOP	PPRO
1137	1857	129	292	239	3	0x0000800000000000	NOP	PPRO
1138	1857	129	292	239	3	0x0000800000000000	NOP	PPRO
1139	1857	129	292	239	3	0x0000800000000000	NOP	PPRO
1140	1868	129	292	239	3	0x0000800000000000	NOP	PPRO
1141	2581	831	263	269	4	0x0000000000002000	RDSSPD	CET
1142	2582	832	263	269	4	0x0000000000002000	RDSSPQ	CET
1143	1850	129	268	215	3	0x0000000000800000	NOP	FAT_NOP
1144	1864	129	268	215	3	0x0000000000800000	NOP	FAT_NOP
1145	1764	1352	1	none	none	0x0000000000000000	MOV_CR	I86
1146	1765	1352	1	none	none	0x0000000000000000	MOV_CR	I86
1147	1768	1353	1	none	none	0x0000000000000000	MOV_DR	I86
1148	1769	1353	1	none	none	0x0000000000000000	MOV_DR	I86
1149	1762	1352	1	none	none	0x0000000000000000	MOV_CR	I86
1150	1763	1352	1	none	none	0x0000000000000000	MOV_CR	I86
1151	1766	1353	1	none	none	0x0000000000000000	MOV_DR	I86
1152	1767	1353	1	none	none	0x0000000000000000	MOV_DR	I86
1153	1642	338	20	4	0	0x0000000000000010	MOVAPD	SSE2
1154	1643	338	20	4	0	0x0000000000000010	MOVAPD	SSE2
1155	1646	274	19	3	0	0x0000000000000008	MOVAPS	SSE
1156	1647	274	19	3	0	0x0000000000000008	MOVAPS	SSE
1157	1641	338	20	4	0	0x0000000000000010	MOVAPD	SSE2
1158	1644	338	20	4	0	0x0000000000000010	MOVAPD	SSE2
1159	1645	274	19	3	0	0x0000000000000008	MOVAPS	SSE
1160	1648	274	19	3	0	0x0000000000000008	MOVAPS	SSE
1161	1041	1310	20	4	0	0x0000000000000010	CVTPI2PD	SSE2
1162	1042	1310	20	4	0	0x0000000000000010	CVTPI2PD	SSE2
1163	1043	310	19	3	0	0x0000000000000008	CVTPI2PS	SSE
1164	1044	310	19	3	0	0x0000000000000008	CVTPI2PS	SSE
1165	1057	376	20	4	0	0x0000000000000010	CVTSI2SD	SSE2
1166	1058	376	20	4	0	0x0000000000000010	CVTSI2SD	SSE2
1167	1059	376	20	4	0	0x0000000000000010	CVTSI2SD	SSE2
1168	1060	376	20	4	0	0x0000000000000010	CVTSI2SD	SSE2
1169	1061	313	19	3	0	0x0000000000000008	CVTSI2SS	SSE
1170	1062	313	19	3	0	0x0000000000000008	CVTSI2SS	SSE
1171	1063	313	19	3	0	0x0000000000000008	CVTSI2SS	SSE
1172	1064	313	19	3	0	0x0000000000000008	CVTSI2SS	SSE
1173	1694	341	20	4	0	0x0000000000000010	MOVNTPD	SSE2
1174	1695	279	19	3	0	0x0000000000000008	MOVNTPS	SSE
1175	1697	501	30	57	0	0x0200000000000000	MOVNTSD	SSE4a
1176	1698	500	30	57	0	0x0200000000000000	MOVNTSS	SSE4a
1177	1073	1312	20	4	0	0x0000000000000010	CVTTPD2PI	SSE2
1178	1074	1312	20	4	0	0x0000000000000010	CVTTPD2PI	SSE2
1179	1077	312	19	3	0	0x0000000000000008	CVTTPS2PI	SSE
1180	1078	312	19	3	0	0x0000000000000008	CVTTPS2PI	SSE
1181	1079	378	20	4	0	0x0000000000000010	CVTTSD2SI	SSE2
1182	1080	378	20	4	0	0x0000000000000010	CVTTSD2SI	SSE2
1183	1081	378	20	4	0	0x0000000000000010	CVTTSD2SI	SSE2
1184	1082	378	20	4	0	0x0000000000000010	CVTTSD2SI	SSE2
1185	1083	315	19	3	0	0x0000000000000008	CVTTSS2SI	SSE
1186	1084	315	19	3	0	0x0000000000000008	CVTTSS2SI	SSE
1187	1085	315	19	3	0	0x0000000000000008	CVTTSS2SI	SSE
1188	1086	315	19	3	0	0x0000000000000008	CVTTSS2SI	SSE
1189	1037	1309	20	4	0	0x0000000000000010	CVTPD2PI	SSE2
1190	1038	1309	20	4	0	0x0000000000000010	CVTPD2PI	SSE2
1191	1049	311	19	3	0	0x0000000000000008	CVTPS2PI	SSE
1192	1050	311	19	3	0	0x0000000000000008	CVTPS2PI	SSE
1193	1051	377	20	4	0	0x0000000000000010	CVTSD2SI	SSE2
1194	1052	377	20	4	0	0x0000000000000010	CVTSD2SI	SSE2
1195	1053	377	20	4	0	0x0000000000000010	CVTSD2SI	SSE2
1196	1054	377	20	4	0	0x0000000000000010	CVTSD2SI	SSE2
1197	1067	314	19	3	0	0x0000000000000008	CVTSS2SI	SSE
1198	1068	314	19	3	0	0x0000000000000008	CVTSS2SI	SSE
1199	1069	314	19	3	0	0x0000000000000008	CVTSS2SI	SSE
1200	1070	314	19	3	0	0x0000000000000008	CVTSS2SI	SSE
1201	3331	342	20	4	0	0x0000000000000010	UCOMISD	SSE2
1202	3332	342	20	4	0	0x0000000000000010	UCOMISD	SSE2
1203	3333	280	19	3	0	0x0000000000000008	UCOMISS	SSE
1204	3334	280	19	3	0	0x0000000000000008	UCOMISS	SSE
1205	889	343	20	4	0	0x0000000000000010	COMISD	SSE2
1206	890	343	20	4	0	0x0000000000000010	COMISD	SSE2
1207	891	281	19	3	0	0x0000000000000008	COMISS	SSE
1208	892	281	19	3	0	0x0000000000000008	COMISS	SSE
1209	8891	206	291	238	3	0x0000400000000000	WRMSR	PENTIUMREAL
1210	2583	150	291	238	3	0x0000400000000000	RDTSC	PENTIUMREAL
1211	2570	148	291	238	3	0x0000400000000000	RDMSR	PENTIUMREAL
1212	2577	149	299	246	3	0x0040000000000000	RDPMC	RDPMC
1213	3244	196	14	24	0	0x0000000001000000	SYSENTER	SEP
1214	3244	196	14	24	0	0x0000000001000000	SYSENTER	SEP
1215	3245	197	14	24	0	0x0000000001000000	SYSEXIT	SEP
1216	3245	197	14	24	0	0x0000000001000000	SYSEXIT	SEP
1217	1307	59	92	23	0	0x0000000000800000	GETSEC	SMX
1218	769	38	10	none	none	0x0000000000000000	CMOVO	CMOV
1219	772	38	10	none	none	0x0000000000000000	CMOVO	CMOV
1220	753	35	10	none	none	0x0000000000000000	CMOVNO	CMOV
1221	756	35	10	none	none	0x0000000000000000	CMOVNO	CMOV
1222	725	27	10	none	none	0x0000000000000000	CMOVB	CMOV
1223	728	27	10	none	none	0x0000000000000000	CMOVB	CMOV
1224	741	1265	10	none	none	0x0000000000000000	CMOVNB	CMOV
1225	744	1265	10	none	none	0x0000000000000000	CMOVNB	CMOV
1226	781	1270	10	none	none	0x0000000000000000	CMOVZ	CMOV
1227	784	1270	10	none	none	0x0000000000000000	CMOVZ	CMOV
1228	765	1269	10	none	none	0x0000000000000000	CMOVNZ	CMOV
1229	768	1269	10	none	none	0x0000000000000000	CMOVNZ	CMOV
1230	721	28	10	none	none	0x0000000000000000	CMOVBE	CMOV
1231	724	28	10	none	none	0x0000000000000000	CMOVBE	CMOV
1232	737	1266	10	none	none	0x0000000000000000	CMOVNBE	CMOV
1233	740	1266	10	none	none	0x0000000000000000	CMOVNBE	CMOV
1234	777	40	10	none	none	0x0000000000000000	CMOVS	CMOV
1235	780	40	10	none	none	0x0000000000000000	CMOVS	CMOV
1236	761	37	10	none	none	0x0000000000000000	CMOVNS	CMOV
1237	764	37	10	none	none	0x0000000000000000	CMOVNS	CMOV
1238	773	39	10	none	none	0x0000000000000000	CMOVP	CMOV
1239	776	39	10	none	none	0x0000000000000000	CMOVP	CMOV
1240	757	36	10	none	none	0x0000000000000000	CMOVNP	CMOV
1241	760	36	10	none	none	0x0000000000000000	CMOVNP	CMOV
1242	733	32	10	none	none	0x0000000000000000	CMOVL	CMOV
1243	736	32	10	none	none	0x0000000000000000	CMOVL	CMOV
1244	749	1267	10	none	none	0x0000000000000000	CMOVNL	CMOV
1245	752	1267	10	none	none	0x0000000000000000	CMOVNL	CMOV
1246	729	33	10	none	none	0x0000000000000000	CMOVLE	CMOV
1247	732	33	10	none	none	0x0000000000000000	CMOVLE	CMOV
1248	745	1268	10	none	none	0x0000000000000000	CMOVNLE	CMOV
1249	748	1268	10	none	none	0x0000000000000000	CMOVNLE	CMOV
1250	1688	344	20	4	0	0x0000000000000010	MOVMSKPD	SSE2
1251	1689	282	19	3	0	0x0000000000000008	MOVMSKPS	SSE
1252	3150	345	20	4	0	0x0000000000000010	SQRTPD	SSE2
1253	3151	345	20	4	0	0x0000000000000010	SQRTPD	SSE2
1254	3152	283	19	3	0	0x0000000000000008	SQRTPS	SSE
1255	3153	283	19	3	0	0x0000000000000008	SQRTPS	SSE
1256	3154	346	20	4	0	0x0000000000000010	SQRTSD	SSE2
1257	3155	346	20	4	0	0x0000000000000010	SQRTSD	SSE2
1258	3156	284	19	3	0	0x0000000000000008	SQRTSS	SSE
1259	3157	284	19	3	0	0x0000000000000008	SQRTSS	SSE
1260	2747	285	19	3	0	0x0000000000000008	RSQRTPS	SSE
1261	2748	285	19	3	0	0x0000000000000008	RSQRTPS	SSE
1262	2749	286	19	3	0	0x0000000000000008	RSQRTSS	SSE
1263	2750	286	19	3	0	0x0000000000000008	RSQRTSS	SSE
1264	2528	287	19	3	0	0x0000000000000008	RCPPS	SSE
1265	2529	287	19	3	0	0x0000000000000008	RCPPS	SSE
1266	2530	288	19	3	0	0x0000000000000008	RCPSS	SSE
1267	2531	288	19	3	0	0x0000000000000008	RCPSS	SSE
1268	193	347	20	4	0	0x0000000000000010	ANDPD	SSE2
1269	194	347	20	4	0	0x0000000000000010	ANDPD	SSE2
1270	195	289	19	3	0	0x0000000000000008	ANDPS	SSE
1271	196	289	19	3	0	0x0000000000000008	ANDPS	SSE
1272	177	348	20	4	0	0x0000000000000010	ANDNPD	SSE2
1273	178	348	20	4	0	0x0000000000000010	ANDNPD	SSE2
1274	179	290	19	3	0	0x0000000000000008	ANDNPS	SSE
1275	180	290	19	3	0	0x0000000000000008	ANDNPS	SSE
1276	1883	349	20	4	0	0x0000000000000010	ORPD	SSE2
1277	1884	349	20	4	0	0x0000000000000010	ORPD	SSE2
1278	1885	291	19	3	0	0x0000000000000008	ORPS	SSE
1279	1886	291	19	3	0	0x0000000000000008	ORPS	SSE
1280	8921	350	20	4	0	0x0000000000000010	XORPD	SSE2
1281	8922	350	20	4	0	0x0000000000000010	XORPD	SSE2
1282	8923	292	19	3	0	0x0000000000000008	XORPS	SSE
1283	8924	292	19	3	0	0x0000000000000008	XORPS	SSE
1284	73	351	20	4	0	0x0000000000000010	ADDPD	SSE2
1285	74	351	20	4	0	0x0000000000000010	ADDPD	SSE2
1286	75	293	19	3	0	0x0000000000000008	ADDPS	SSE
1287	76	293	19	3	0	0x0000000000000008	ADDPS	SSE
1288	77	352	20	4	0	0x0000000000000010	ADDSD	SSE2
1289	78	352	20	4	0	0x0000000000000010	ADDSD	SSE2
1290	79	294	19	3	0	0x0000000000000008	ADDSS	SSE
1291	80	294	19	3	0	0x0000000000000008	ADDSS	SSE
1292	1793	353	20	4	0	0x0000000000000010	MULPD	SSE2
1293	1794	353	20	4	0	0x0000000000000010	MULPD	SSE2
1294	1795	295	19	3	0	0x0000000000000008	MULPS	SSE
1295	1796	295	19	3	0	0x0000000000000008	MULPS	SSE
1296	1797	354	20	4	0	0x0000000000000010	MULSD	SSE2
1297	1798	354	20	4	0	0x0000000000000010	MULSD	SSE2
1298	1799	296	19	3	0	0x0000000000000008	MULSS	SSE
1299	1800	296	19	3	0	0x0000000000000008	MULSS	SSE
1300	1039	372	20	4	0	0x0000000000000010	CVTPD2PS	SSE2
1301	1040	372	20	4	0	0x0000000000000010	CVTPD2PS	SSE2
1302	1047	369	20	4	0	0x0000000000000010	CVTPS2PD	SSE2
1303	1048	369	20	4	0	0x0000000000000010	CVTPS2PD	SSE2
1304	1055	371	20	4	0	0x0000000000000010	CVTSD2SS	SSE2
1305	1056	371	20	4	0	0x0000000000000010	CVTSD2SS	SSE2
1306	1065	370	20	4	0	0x0000000000000010	CVTSS2SD	SSE2
1307	1066	370	20	4	0	0x0000000000000010	CVTSS2SD	SSE2
1308	1033	373	20	4	0	0x0000000000000010	CVTDQ2PS	SSE2
1309	1034	373	20	4	0	0x0000000000000010	CVTDQ2PS	SSE2
1310	1045	374	20	4	0	0x0000000000000010	CVTPS2DQ	SSE2
1311	1046	374	20	4	0	0x0000000000000010	CVTPS2DQ	SSE2
1312	1075	375	20	4	0	0x0000000000000010	CVTTPS2DQ	SSE2
1313	1076	375	20	4	0	0x0000000000000010	CVTTPS2DQ	SSE2
1314	3173	355	20	4	0	0x0000000000000010	SUBPD	SSE2
1315	3174	355	20	4	0	0x0000000000000010	SUBPD	SSE2
1316	3175	297	19	3	0	0x0000000000000008	SUBPS	SSE
1317	3176	297	19	3	0	0x0000000000000008	SUBPS	SSE
1318	3177	356	20	4	0	0x0000000000000010	SUBSD	SSE2
1319	3178	356	20	4	0	0x0000000000000010	SUBSD	SSE2
1320	3179	298	19	3	0	0x0000000000000008	SUBSS	SSE
1321	3180	298	19	3	0	0x0000000000000008	SUBSS	SSE
1322	1631	357	20	4	0	0x0000000000000010	MINPD	SSE2
1323	1632	357	20	4	0	0x0000000000000010	MINPD	SSE2
1324	1633	299	19	3	0	0x0000000000000008	MINPS	SSE
1325	1634	299	19	3	0	0x0000000000000008	MINPS	SSE
1326	1635	358	20	4	0	0x0000000000000010	MINSD	SSE2
1327	1636	358	20	4	0	0x0000000000000010	MINSD	SSE2
1328	1637	300	19	3	0	0x0000000000000008	MINSS	SSE
1329	1638	300	19	3	0	0x0000000000000008	MINSS	SSE
1330	1110	359	20	4	0	0x0000000000000010	DIVPD	SSE2
1331	1111	359	20	4	0	0x0000000000000010	DIVPD	SSE2
1332	1112	301	19	3	0	0x0000000000000008	DIVPS	SSE
1333	1113	301	19	3	0	0x0000000000000008	DIVPS	SSE
1334	1114	360	20	4	0	0x0000000000000010	DIVSD	SSE2
1335	1115	360	20	4	0	0x0000000000000010	DIVSD	SSE2
1336	1116	302	19	3	0	0x0000000000000008	DIVSS	SSE
1337	1117	302	19	3	0	0x0000000000000008	DIVSS	SSE
1338	1621	361	20	4	0	0x0000000000000010	MAXPD	SSE2
1339	1622	361	20	4	0	0x0000000000000010	MAXPD	SSE2
1340	1623	303	19	3	0	0x0000000000000008	MAXPS	SSE
1341	1624	303	19	3	0	0x0000000000000008	MAXPS	SSE
1342	1625	362	20	4	0	0x0000000000000010	MAXSD	SSE2
1343	1626	362	20	4	0	0x0000000000000010	MAXSD	SSE2
1344	1627	304	19	3	0	0x0000000000000008	MAXSS	SSE
1345	1628	304	19	3	0	0x0000000000000008	MAXSS	SSE
1346	2454	379	290	237	3	0x0000200000000000	PUNPCKLBW	PENTIUMMMX
1347	2455	379	290	237	3	0x0000200000000000	PUNPCKLBW	PENTIUMMMX
1348	2456	379	20	4	0	0x0000000000000010	PUNPCKLBW	SSE2
1349	2457	379	20	4	0	0x0000000000000010	PUNPCKLBW	SSE2
1350	2464	380	290	237	3	0x0000200000000000	PUNPCKLWD	PENTIUMMMX
1351	2465	380	290	237	3	0x0000200000000000	PUNPCKLWD	PENTIUMMMX
1352	2466	380	20	4	0	0x0000000000000010	PUNPCKLWD	SSE2
1353	2467	380	20	4	0	0x0000000000000010	PUNPCKLWD	SSE2
1354	2458	381	290	237	3	0x0000200000000000	PUNPCKLDQ	PENTIUMMMX
1355	2459	381	290	237	3	0x0000200000000000	PUNPCKLDQ	PENTIUMMMX
1356	2460	381	20	4	0	0x0000000000000010	PUNPCKLDQ	SSE2
1357	2461	381	20	4	0	0x0000000000000010	PUNPCKLDQ	SSE2
1358	1970	382	290	237	3	0x0000200000000000	PACKSSWB	PENTIUMMMX
1359	1971	382	290	237	3	0x0000200000000000	PACKSSWB	PENTIUMMMX
1360	1972	382	20	4	0	0x0000000000000010	PACKSSWB	SSE2
1361	1973	382	20	4	0	0x0000000000000010	PACKSSWB	SSE2
1362	2064	383	290	237	3	0x0000200000000000	PCMPGTB	PENTIUMMMX
1363	2065	383	290	237	3	0x0000200000000000	PCMPGTB	PENTIUMMMX
1364	2066	383	20	4	0	0x0000000000000010	PCMPGTB	SSE2
1365	2067	383	20	4	0	0x0000000000000010	PCMPGTB	SSE2
1366	2074	384	290	237	3	0x0000200000000000	PCMPGTW	PENTIUMMMX
1367	2075	384	290	237	3	0x0000200000000000	PCMPGTW	PENTIUMMMX
1368	2076	384	20	4	0	0x0000000000000010	PCMPGTW	SSE2
1369	2077	384	20	4	0	0x0000000000000010	PCMPGTW	SSE2
1370	2068	385	290	237	3	0x0000200000000000	PCMPGTD	PENTIUMMMX
1371	2069	385	290	237	3	0x0000200000000000	PCMPGTD	PENTIUMMMX
1372	2070	385	20	4	0	0x0000000000000010	PCMPGTD	SSE2
1373	2071	385	20	4	0	0x0000000000000010	PCMPGTD	SSE2
1374	1976	386	290	237	3	0x0000200000000000	PACKUSWB	PENTIUMMMX
1375	1977	386	290	237	3	0x0000200000000000	PACKUSWB	PENTIUMMMX
1376	1978	386	20	4	0	0x0000000000000010	PACKUSWB	SSE2
1377	1979	386	20	4	0	0x0000000000000010	PACKUSWB	SSE2
1378	2440	387	290	237	3	0x0000200000000000	PUNPCKHBW	PENTIUMMMX
1379	2441	387	290	237	3	0x0000200000000000	PUNPCKHBW	PENTIUMMMX
1380	2442	387	20	4	0	0x0000000000000010	PUNPCKHBW	SSE2
1381	2443	387	20	4	0	0x0000000000000010	PUNPCKHBW	SSE2
1382	2450	388	290	237	3	0x0000200000000000	PUNPCKHWD	PENTIUMMMX
1383	2451	388	290	237	3	0x0000200000000000	PUNPCKHWD	PENTIUMMMX
1384	2452	388	20	4	0	0x0000000000000010	PUNPCKHWD	SSE2
1385	2453	388	20	4	0	0x0000000000000010	PUNPCKHWD	SSE2
1386	2444	389	290	237	3	0x0000200000000000	PUNPCKHDQ	PENTIUMMMX
1387	2445	389	290	237	3	0x0000200000000000	PUNPCKHDQ	PENTIUMMMX
1388	2446	389	20	4	0	0x0000000000000010	PUNPCKHDQ	SSE2
1389	2447	389	20	4	0	0x0000000000000010	PUNPCKHDQ	SSE2
1390	1966	390	290	237	3	0x0000200000000000	PACKSSDW	PENTIUMMMX
1391	1967	390	290	237	3	0x0000200000000000	PACKSSDW	PENTIUMMMX
1392	1968	390	20	4	0	0x0000000000000010	PACKSSDW	SSE2
1393	1969	390	20	4	0	0x0000000000000010	PACKSSDW	SSE2
1394	2462	391	20	4	0	0x0000000000000010	PUNPCKLQDQ	SSE2
1395	2463	391	20	4	0	0x0000000000000010	PUNPCKLQDQ	SSE2
1396	2448	392	20	4	0	0x0000000000000010	PUNPCKHQDQ	SSE2
1397	2449	392	20	4	0	0x0000000000000010	PUNPCKHQDQ	SSE2
1398	1674	1344	290	237	3	0x0000200000000000	MOVD	PENTIUMMMX
1399	1674	1344	290	237	3	0x0000200000000000	MOVD	PENTIUMMMX
1400	1675	1344	290	237	3	0x0000200000000000	MOVD	PENTIUMMMX
1401	1675	1344	290	237	3	0x0000200000000000	MOVD	PENTIUMMMX
1402	1676	1344	20	4	0	0x0000000000000010	MOVD	SSE2
1403	1676	1344	20	4	0	0x0000000000000010	MOVD	SSE2
1404	1677	1344	20	4	0	0x0000000000000010	MOVD	SSE2
1405	1677	1344	20	4	0	0x0000000000000010	MOVD	SSE2
1406	1706	1348	290	237	3	0x0000200000000000	MOVQ	PENTIUMMMX
1407	1707	1348	290	237	3	0x0000200000000000	MOVQ	PENTIUMMMX
1408	1711	1348	20	4	0	0x0000000000000010	MOVQ	SSE2
1409	1712	1348	20	4	0	0x0000000000000010	MOVQ	SSE2
1410	1663	367	20	4	0	0x0000000000000010	MOVDQA	SSE2
1411	1664	367	20	4	0	0x0000000000000010	MOVDQA	SSE2
1412	1667	368	20	4	0	0x0000000000000010	MOVDQU	SSE2
1413	1668	368	20	4	0	0x0000000000000010	MOVDQU	SSE2
1414	1708	1348	290	237	3	0x0000200000000000	MOVQ	PENTIUMMMX
1415	1709	1348	290	237	3	0x0000200000000000	MOVQ	PENTIUMMMX
1416	2331	1374	20	4	0	0x0000000000000010	PSHUFD	SSE2
1417	2332	1374	20	4	0	0x0000000000000010	PSHUFD	SSE2
1418	2333	1375	20	4	0	0x0000000000000010	PSHUFHW	SSE2
1419	2334	1375	20	4	0	0x0000000000000010	PSHUFHW	SSE2
1420	2335	1376	20	4	0	0x0000000000000010	PSHUFLW	SSE2
1421	2336	1376	20	4	0	0x0000000000000010	PSHUFLW	SSE2
1422	2337	334	290	237	3	0x0000200000000000	PSHUFW	PENTIUMMMX
1423	2338	334	290	237	3	0x0000200000000000	PSHUFW	PENTIUMMMX
1424	2364	416	290	237	3	0x0000200000000000	PSLLW	PENTIUMMMX
1425	2367	416	20	4	0	0x0000000000000010	PSLLW	SSE2
1426	2377	407	290	237	3	0x0000200000000000	PSRAW	PENTIUMMMX
1427	2380	407	20	4	0	0x0000000000000010	PSRAW	SSE2
1428	2396	396	290	237	3	0x0000200000000000	PSRLW	PENTIUMMMX
1429	2399	396	20	4	0	0x0000000000000010	PSRLW	SSE2
1430	2352	417	290	237	3	0x0000200000000000	PSLLD	PENTIUMMMX
1431	2355	417	20	4	0	0x0000000000000010	PSLLD	SSE2
1432	2371	408	290	237	3	0x0000200000000000	PSRAD	PENTIUMMMX
1433	2374	408	20	4	0	0x0000000000000010	PSRAD	SSE2
1434	2384	397	290	237	3	0x0000200000000000	PSRLD	PENTIUMMMX
1435	2387	397	20	4	0	0x0000000000000010	PSRLD	SSE2
1436	2351	1377	20	4	0	0x0000000000000010	PSLLDQ	SSE2
1437	2358	418	290	237	3	0x0000200000000000	PSLLQ	PENTIUMMMX
1438	2361	418	20	4	0	0x0000000000000010	PSLLQ	SSE2
1439	2383	1379	20	4	0	0x0000000000000010	PSRLDQ	SSE2
1440	2390	398	290	237	3	0x0000200000000000	PSRLQ	PENTIUMMMX
1441	2393	398	20	4	0	0x0000000000000010	PSRLQ	SSE2
1442	2042	393	290	237	3	0x0000200000000000	PCMPEQB	PENTIUMMMX
1443	2043	393	290	237	3	0x0000200000000000	PCMPEQB	PENTIUMMMX
1444	2044	393	20	4	0	0x0000000000000010	PCMPEQB	SSE2
1445	2045	393	20	4	0	0x0000000000000010	PCMPEQB	SSE2
1446	2052	394	290	237	3	0x0000200000000000	PCMPEQW	PENTIUMMMX
1447	2053	394	290	237	3	0x0000200000000000	PCMPEQW	PENTIUMMMX
1448	2054	394	20	4	0	0x0000000000000010	PCMPEQW	SSE2
1449	2055	394	20	4	0	0x0000000000000010	PCMPEQW	SSE2
1450	2046	395	290	237	3	0x0000200000000000	PCMPEQD	PENTIUMMMX
1451	2047	395	290	237	3	0x0000200000000000	PCMPEQD	PENTIUMMMX
1452	2048	395	20	4	0	0x0000000000000010	PCMPEQD	SSE2
1453	2049	395	20	4	0	0x0000000000000010	PCMPEQD	SSE2
1454	1134	55	290	237	3	0x0000200000000000	EMMS	PENTIUMMMX
1455	1151	508	30	57	0	0x0200000000000000	EXTRQ	SSE4a
1456	1399	509	30	57	0	0x0200000000000000	INSERTQ	SSE4a
1457	5999	234	321	267	4	0x0000000000000800	VMREAD	VTX
1458	6000	234	321	267	4	0x0000000000000800	VMREAD	VTX
1459	6001	234	321	267	4	0x0000000000000800	VMREAD	VTX
1460	6002	234	321	267	4	0x0000000000000800	VMREAD	VTX
1461	1152	508	30	57	0	0x0200000000000000	EXTRQ	SSE4a
1462	1398	509	30	57	0	0x0200000000000000	INSERTQ	SSE4a
1463	6048	238	321	267	4	0x0000000000000800	VMWRITE	VTX
1464	6049	238	321	267	4	0x0000000000000800	VMWRITE	VTX
1465	6050	238	321	267	4	0x0000000000000800	VMWRITE	VTX
1466	6051	238	321	267	4	0x0000000000000800	VMWRITE	VTX
1467	1314	431	24	5	0	0x0000000000000020	HADDPD	SSE3
1468	1315	431	24	5	0	0x0000000000000020	HADDPD	SSE3
1469	1316	432	24	5	0	0x0000000000000020	HADDPS	SSE3
1470	1317	432	24	5	0	0x0000000000000020	HADDPS	SSE3
1471	1320	433	24	5	0	0x0000000000000020	HSUBPD	SSE3
1472	1321	433	24	5	0	0x0000000000000020	HSUBPD	SSE3
1473	1322	434	24	5	0	0x0000000000000020	HSUBPS	SSE3
1474	1323	434	24	5	0	0x0000000000000020	HSUBPS	SSE3
1475	1670	1344	290	237	3	0x0000200000000000	MOVD	PENTIUMMMX
1476	1670	1344	290	237	3	0x0000200000000000	MOVD	PENTIUMMMX
1477	1671	1344	20	4	0	0x0000000000000010	MOVD	SSE2
1478	1671	1344	20	4	0	0x0000000000000010	MOVD	SSE2
1479	1672	1344	290	237	3	0x0000200000000000	MOVD	PENTIUMMMX
1480	1672	1344	290	237	3	0x0000200000000000	MOVD	PENTIUMMMX
1481	1673	1344	20	4	0	0x0000000000000010	MOVD	SSE2
1482	1673	1344	20	4	0	0x0000000000000010	MOVD	SSE2
1483	1700	1348	290	237	3	0x0000200000000000	MOVQ	PENTIUMMMX
1484	1701	1348	20	4	0	0x0000000000000010	MOVQ	SSE2
1485	1702	1348	290	237	3	0x0000200000000000	MOVQ	PENTIUMMMX
1486	1704	1348	20	4	0	0x0000000000000010	MOVQ	SSE2
1487	1713	1348	20	4	0	0x0000000000000010	MOVQ	SSE2
1488	1714	1348	20	4	0	0x0000000000000010	MOVQ	SSE2
1489	1662	367	20	4	0	0x0000000000000010	MOVDQA	SSE2
1490	1665	367	20	4	0	0x0000000000000010	MOVDQA	SSE2
1491	1666	368	20	4	0	0x0000000000000010	MOVDQU	SSE2
1492	1669	368	20	4	0	0x0000000000000010	MOVDQU	SSE2
1493	1703	1348	290	237	3	0x0000200000000000	MOVQ	PENTIUMMMX
1494	1710	1348	290	237	3	0x0000200000000000	MOVQ	PENTIUMMMX
1495	1472	93	1	none	none	0x0000000000000000	JO	I86
1496	1473	93	1	none	none	0x0000000000000000	JO	I86
1497	1460	90	1	none	none	0x0000000000000000	JNO	I86
1498	1461	90	1	none	none	0x0000000000000000	JNO	I86
1499	1429	79	1	none	none	0x0000000000000000	JB	I86
1500	1430	79	1	none	none	0x0000000000000000	JB	I86
1501	1451	1330	1	none	none	0x0000000000000000	JNB	I86
1502	1452	1330	1	none	none	0x0000000000000000	JNB	I86
1503	1482	1335	1	none	none	0x0000000000000000	JZ	I86
1504	1483	1335	1	none	none	0x0000000000000000	JZ	I86
1505	1469	1334	1	none	none	0x0000000000000000	JNZ	I86
1506	1470	1334	1	none	none	0x0000000000000000	JNZ	I86
1507	1426	80	1	none	none	0x0000000000000000	JBE	I86
1508	1427	80	1	none	none	0x0000000000000000	JBE	I86
1509	1448	1331	1	none	none	0x0000000000000000	JNBE	I86
1510	1449	1331	1	none	none	0x0000000000000000	JNBE	I86
1511	1479	96	1	none	none	0x0000000000000000	JS	I86
1512	1480	96	1	none	none	0x0000000000000000	JS	I86
1513	1466	92	1	none	none	0x0000000000000000	JNS	I86
1514	1467	92	1	none	none	0x0000000000000000	JNS	I86
1515	1475	94	1	none	none	0x0000000000000000	JP	I86
1516	1476	94	1	none	none	0x0000000000000000	JP	I86
1517	1463	91	1	none	none	0x0000000000000000	JNP	I86
1518	1464	91	1	none	none	0x0000000000000000	JNP	I86
1519	1437	86	1	none	none	0x0000000000000000	JL	I86
1520	1438	86	1	none	none	0x0000000000000000	JL	I86
1521	1457	1332	1	none	none	0x0000000000000000	JNL	I86
1522	1458	1332	1	none	none	0x0000000000000000	JNL	I86
1523	1434	87	1	none	none	0x0000000000000000	JLE	I86
1524	1435	87	1	none	none	0x0000000000000000	JLE	I86
1525	1454	1333	1	none	none	0x0000000000000000	JNLE	I86
1526	1455	1333	1	none	none	0x0000000000000000	JNLE	I86
1527	2940	175	4	none	none	0x0000000000000000	SETO	I386
1528	2943	175	4	none	none	0x0000000000000000	SETO	I386
1529	2916	172	4	none	none	0x0000000000000000	SETNO	I386
1530	2919	172	4	none	none	0x0000000000000000	SETNO	I386
1531	2874	164	4	none	none	0x0000000000000000	SETB	I386
1532	2877	164	4	none	none	0x0000000000000000	SETB	I386
1533	2898	1438	4	none	none	0x0000000000000000	SETNB	I386
1534	2901	1438	4	none	none	0x0000000000000000	SETNB	I386
1535	2959	1443	4	none	none	0x0000000000000000	SETZ	I386
1536	2962	1443	4	none	none	0x0000000000000000	SETZ	I386
1537	2934	1442	4	none	none	0x0000000000000000	SETNZ	I386
1538	2937	1442	4	none	none	0x0000000000000000	SETNZ	I386
1539	2868	165	4	none	none	0x0000000000000000	SETBE	I386
1540	2871	165	4	none	none	0x0000000000000000	SETBE	I386
1541	2892	1439	4	none	none	0x0000000000000000	SETNBE	I386
1542	2895	1439	4	none	none	0x0000000000000000	SETNBE	I386
1543	2953	177	4	none	none	0x0000000000000000	SETS	I386
1544	2956	177	4	none	none	0x0000000000000000	SETS	I386
1545	2928	174	4	none	none	0x0000000000000000	SETNS	I386
1546	2931	174	4	none	none	0x0000000000000000	SETNS	I386
1547	2946	176	4	none	none	0x0000000000000000	SETP	I386
1548	2949	176	4	none	none	0x0000000000000000	SETP	I386
1549	2922	173	4	none	none	0x0000000000000000	SETNP	I386
1550	2925	173	4	none	none	0x0000000000000000	SETNP	I386
1551	2886	169	4	none	none	0x0000000000000000	SETL	I386
1552	2889	169	4	none	none	0x0000000000000000	SETL	I386
1553	2910	1440	4	none	none	0x0000000000000000	SETNL	I386
1554	2913	1440	4	none	none	0x0000000000000000	SETNL	I386
1555	2880	170	4	none	none	0x0000000000000000	SETLE	I386
1556	2883	170	4	none	none	0x0000000000000000	SETLE	I386
1557	2904	1441	4	none	none	0x0000000000000000	SETNLE	I386
1558	2907	1441	4	none	none	0x0000000000000000	SETNLE	I386
1559	2479	142	1	none	none	0x0000000000000000	PUSH	I86
1560	2298	137	1	none	none	0x0000000000000000	POP	I86
1561	893	47	274	221	3	0x0000000020000000	CPUID	I486REAL
1562	410	12	4	none	none	0x0000000000000000	BT	I386
1563	412	12	4	none	none	0x0000000000000000	BT	I386
1564	2989	180	4	none	none	0x0000000000000000	SHLD	I386
1565	2997	180	4	none	none	0x0000000000000000	SHLD	I386
1566	2982	180	4	none	none	0x0000000000000000	SHLD	I386
1567	2992	180	4	none	none	0x0000000000000000	SHLD	I386
1568	2608	1409	317	263	4	0x0000000000000080	REP_MONTMUL	VIA_PADLOCK_MONTMUL
1569	2608	1409	317	263	4	0x0000000000000080	REP_MONTMUL	VIA_PADLOCK_MONTMUL
1570	2625	1426	319	265	4	0x0000000000000200	REP_XSHA1	VIA_PADLOCK_SHA
1571	2626	1427	319	265	4	0x0000000000000200	REP_XSHA256	VIA_PADLOCK_SHA
1572	2620	1421	316	262	4	0x0000000000000040	REP_XCRYPTCBC	VIA_PADLOCK_AES
1573	2621	1422	316	262	4	0x0000000000000040	REP_XCRYPTCFB	VIA_PADLOCK_AES
1574	2622	1423	316	262	4	0x0000000000000040	REP_XCRYPTCTR	VIA_PADLOCK_AES
1575	2623	1424	316	262	4	0x0000000000000040	REP_XCRYPTECB	VIA_PADLOCK_AES
1576	2624	1425	316	262	4	0x0000000000000040	REP_XCRYPTOFB	VIA_PADLOCK_AES
1577	2627	1428	318	264	4	0x0000000000000100	REP_XSTORE	VIA_PADLOCK_RNG
1578	8999	2027	318	264	4	0x0000000000000100	XSTORE	VIA_PADLOCK_RNG
1579	2482	142	1	none	none	0x0000000000000000	PUSH	I86
1580	2301	137	1	none	none	0x0000000000000000	POP	I86
1581	2746	1433	5	none	none	0x0000000000000000	RSM	I486
1582	404	15	4	none	none	0x0000000000000000	BTS	I386
1583	408	15	4	none	none	0x0000000000000000	BTS	I386
1584	406	1227	4	none	none	0x0000000000000000	BTS_LOCK	I386
1585	3073	182	4	none	none	0x0000000000000000	SHRD	I386
1586	3081	182	4	none	none	0x0000000000000000	SHRD	I386
1587	3066	182	4	none	none	0x0000000000000000	SHRD	I386
1588	3076	182	4	none	none	0x0000000000000000	SHRD	I386
1589	712	917	265	212	3	0x0000000000100000	CLFLUSH	CLFSH
1590	711	918	58	29	0	0x0000000020000000	CLFLUSHOPT	CLFLUSHOPT
1591	715	828	263	269	4	0x0000000000002000	CLRSSBSY	CET
1592	718	919	102	29	0	0x0000000020000000	CLWB	CLWB
1593	1301	1141	15	26	0	0x0000000004000000	FXRSTOR	FXSAVE
1594	1300	1142	270	217	3	0x0000000002000000	FXRSTOR64	FXSAVE64
1595	1303	1139	15	26	0	0x0000000004000000	FXSAVE	FXSAVE
1596	1302	1140	270	217	3	0x0000000002000000	FXSAVE64	FXSAVE64
1597	1373	829	263	269	4	0x0000000000002000	INCSSPD	CET
1598	1374	830	263	269	4	0x0000000000002000	INCSSPQ	CET
1599	1575	316	311	257	4	0x0000000000000002	LDMXCSR	SSEMXCSR
1600	1582	1137	20	4	0	0x0000000000000010	LFENCE	SSE2
1601	1630	1138	20	4	0	0x0000000000000010	MFENCE	SSE2
1602	2438	1380	297	244	3	0x0010000000000000	PTWRITE	PTWRITE
1603	2439	1380	297	244	3	0x0010000000000000	PTWRITE	PTWRITE
1604	2568	1161	301	248	3	0x0100000000000000	RDFSBASE	RDWRFSGS
1605	2569	1162	301	248	3	0x0100000000000000	RDGSBASE	RDWRFSGS
1606	2965	318	19	3	0	0x0000000000000008	SFENCE	SSE
1607	3163	317	311	257	4	0x0000000000000002	STMXCSR	SSEMXCSR
1608	3320	842	94	24	0	0x0000000001000000	TPAUSE	WAITPKG
1609	3343	840	94	24	0	0x0000000001000000	UMONITOR	WAITPKG
1610	3344	841	94	24	0	0x0000000001000000	UMWAIT	WAITPKG
1611	8889	1163	301	248	3	0x0100000000000000	WRFSBASE	RDWRFSGS
1612	8890	1164	301	248	3	0x0100000000000000	WRGSBASE	RDWRFSGS
1613	8989	1145	36	26	0	0x0000000004000000	XRSTOR	XSAVE
1614	8986	1146	36	26	0	0x0000000004000000	XRSTOR64	XSAVE
1615	8997	1143	36	26	0	0x0000000004000000	XSAVE	XSAVE
1616	8990	1144	36	26	0	0x0000000004000000	XSAVE64	XSAVE
1617	8994	1147	42	26	0	0x0000000004000000	XSAVEOPT	XSAVEOPT
1618	8993	1148	42	26	0	0x0000000004000000	XSAVEOPT64	XSAVEOPT
1619	1343	62	1	none	none	0x0000000000000000	IMUL	I86
1620	1356	62	1	none	none	0x0000000000000000	IMUL	I86
1621	861	46	274	221	3	0x0000000020000000	CMPXCHG	I486REAL
1622	865	46	274	221	3	0x0000000020000000	CMPXCHG	I486REAL
1623	863	1289	274	221	3	0x0000000020000000	CMPXCHG_LOCK	I486REAL
1624	862	46	274	221	3	0x0000000020000000	CMPXCHG	I486REAL
1625	866	46	274	221	3	0x0000000020000000	CMPXCHG	I486REAL
1626	864	1289	274	221	3	0x0000000020000000	CMPXCHG_LOCK	I486REAL
1627	1606	115	4	none	none	0x0000000000000000	LSS	I386
1628	398	14	4	none	none	0x0000000000000000	BTR	I386
1629	402	14	4	none	none	0x0000000000000000	BTR	I386
1630	400	1226	4	none	none	0x0000000000000000	BTR_LOCK	I386
1631	1583	101	4	none	none	0x0000000000000000	LFS	I386
1632	1586	103	4	none	none	0x0000000000000000	LGS	I386
1633	1758	126	4	none	none	0x0000000000000000	MOVZX	I386
1634	1759	126	4	none	none	0x0000000000000000	MOVZX	I386
1635	1754	126	4	none	none	0x0000000000000000	MOVZX	I386
1636	1755	126	4	none	none	0x0000000000000000	MOVZX	I386
1637	1756	126	4	none	none	0x0000000000000000	MOVZX	I386
1638	1757	126	4	none	none	0x0000000000000000	MOVZX	I386
1639	1760	126	4	none	none	0x0000000000000000	MOVZX	I386
1640	2286	138	32	18	0	0x0000000000040000	POPCNT	POPCNT
1641	2289	138	32	18	0	0x0000000000040000	POPCNT	POPCNT
1642	3338	269	292	239	3	0x0000800000000000	UD1	PPRO
1643	3339	269	292	239	3	0x0000800000000000	UD1	PPRO
1644	411	12	4	none	none	0x0000000000000000	BT	I386
1645	413	12	4	none	none	0x0000000000000000	BT	I386
1646	393	13	4	none	none	0x0000000000000000	BTC	I386
1647	397	13	4	none	none	0x0000000000000000	BTC	I386
1648	395	1225	4	none	none	0x0000000000000000	BTC_LOCK	I386
1649	399	14	4	none	none	0x0000000000000000	BTR	I386
1650	403	14	4	none	none	0x0000000000000000	BTR	I386
1651	401	1226	4	none	none	0x0000000000000000	BTR_LOCK	I386
1652	405	15	4	none	none	0x0000000000000000	BTS	I386
1653	409	15	4	none	none	0x0000000000000000	BTS	I386
1654	407	1227	4	none	none	0x0000000000000000	BTS_LOCK	I386
1655	392	13	4	none	none	0x0000000000000000	BTC	I386
1656	396	13	4	none	none	0x0000000000000000	BTC	I386
1657	394	1225	4	none	none	0x0000000000000000	BTC_LOCK	I386
1658	376	9	4	none	none	0x0000000000000000	BSF	I386
1659	376	9	4	none	none	0x0000000000000000	BSF	I386
1660	377	9	4	none	none	0x0000000000000000	BSF	I386
1661	377	9	4	none	none	0x0000000000000000	BSF	I386
1662	3321	200	48	58	0	0x0400000000000000	TZCNT	BMI1
1663	3324	200	48	58	0	0x0400000000000000	TZCNT	BMI1
1664	389	10	4	none	none	0x0000000000000000	BSR	I386
1665	389	10	4	none	none	0x0000000000000000	BSR	I386
1666	390	10	4	none	none	0x0000000000000000	BSR	I386
1667	390	10	4	none	none	0x0000000000000000	BSR	I386
1668	1613	117	31	18	0	0x0000000000040000	LZCNT	LZCNT
1669	1616	117	31	18	0	0x0000000000040000	LZCNT	LZCNT
1670	1743	124	4	none	none	0x0000000000000000	MOVSX	I386
1671	1744	124	4	none	none	0x0000000000000000	MOVSX	I386
1672	1739	124	4	none	none	0x0000000000000000	MOVSX	I386
1673	1740	124	4	none	none	0x0000000000000000	MOVSX	I386
1674	1741	124	4	none	none	0x0000000000000000	MOVSX	I386
1675	1742	124	4	none	none	0x0000000000000000	MOVSX	I386
1676	1745	124	4	none	none	0x0000000000000000	MOVSX	I386
1677	8906	207	274	221	3	0x0000000020000000	XADD	I486REAL
1678	8910	207	274	221	3	0x0000000020000000	XADD	I486REAL
1679	8908	2024	274	221	3	0x0000000020000000	XADD_LOCK	I486REAL
1680	8907	207	274	221	3	0x0000000020000000	XADD	I486REAL
1681	8911	207	274	221	3	0x0000000020000000	XADD	I486REAL
1682	8909	2024	274	221	3	0x0000000020000000	XADD_LOCK	I486REAL
1683	837	363	20	4	0	0x0000000000000010	CMPPD	SSE2
1684	838	363	20	4	0	0x0000000000000010	CMPPD	SSE2
1685	839	305	19	3	0	0x0000000000000008	CMPPS	SSE
1686	840	305	19	3	0	0x0000000000000008	CMPPS	SSE
1687	847	1285	20	4	0	0x0000000000000010	CMPSD_XMM	SSE2
1688	848	1285	20	4	0	0x0000000000000010	CMPSD_XMM	SSE2
1689	850	306	19	3	0	0x0000000000000008	CMPSS	SSE
1690	851	306	19	3	0	0x0000000000000008	CMPSS	SSE
1691	1692	1347	20	4	0	0x0000000000000010	MOVNTI	SSE2
1692	1692	1347	20	4	0	0x0000000000000010	MOVNTI	SSE2
1693	1693	1347	20	4	0	0x0000000000000010	MOVNTI	SSE2
1694	2186	326	290	237	3	0x0000200000000000	PINSRW	PENTIUMMMX
1695	2187	326	290	237	3	0x0000200000000000	PINSRW	PENTIUMMMX
1696	2188	326	20	4	0	0x0000000000000010	PINSRW	SSE2
1697	2189	326	20	4	0	0x0000000000000010	PINSRW	SSE2
1698	2100	325	290	237	3	0x0000200000000000	PEXTRW	PENTIUMMMX
1699	2101	325	20	4	0	0x0000000000000010	PEXTRW	SSE2
1700	3138	364	20	4	0	0x0000000000000010	SHUFPD	SSE2
1701	3139	364	20	4	0	0x0000000000000010	SHUFPD	SSE2
1702	3140	307	19	3	0	0x0000000000000008	SHUFPS	SSE
1703	3141	307	19	3	0	0x0000000000000008	SHUFPS	SSE
1704	858	1133	112	none	none	0x0000000000000000	CMPXCHG16B	CMPXCHG16B
1705	857	1287	112	none	none	0x0000000000000000	CMPXCHG16B_LOCK	CMPXCHG16B
1706	860	1132	291	238	3	0x0000400000000000	CMPXCHG8B	PENTIUMREAL
1707	860	1132	291	238	3	0x0000400000000000	CMPXCHG8B	PENTIUMREAL
1708	859	1288	291	238	3	0x0000400000000000	CMPXCHG8B_LOCK	PENTIUMREAL
1709	859	1288	291	238	3	0x0000400000000000	CMPXCHG8B_LOCK	PENTIUMREAL
1710	2574	920	103	24	0	0x0000000001000000	RDPID	RDPID
1711	2575	920	103	24	0	0x0000000001000000	RDPID	RDPID
1712	2579	737	43	28	0	0x0000000010000000	RDRAND	RDRAND
1713	2580	738	55	28	0	0x0000000010000000	RDSEED	RDSEED
1714	2866	1180	113	24	0	0x0000000001000000	SENDUIPI	UINTR
1715	5638	226	321	267	4	0x0000000000000800	VMCLEAR	VTX
1716	5997	232	321	267	4	0x0000000000000800	VMPTRLD	VTX
1717	5998	233	321	267	4	0x0000000000000800	VMPTRST	VTX
1718	6053	240	321	267	4	0x0000000000000800	VMXON	VTX
1719	8988	1153	60	26	0	0x0000000004000000	XRSTORS	XSAVES
1720	8987	1154	60	26	0	0x0000000004000000	XRSTORS64	XSAVES
1721	8992	1149	59	26	0	0x0000000004000000	XSAVEC	XSAVEC
1722	8991	1150	59	26	0	0x0000000004000000	XSAVEC64	XSAVEC
1723	8996	1151	60	26	0	0x0000000004000000	XSAVES	XSAVES
1724	8995	1152	60	26	0	0x0000000004000000	XSAVES64	XSAVES
1725	391	11	274	221	3	0x0000000020000000	BSWAP	I486REAL
1726	81	435	24	5	0	0x0000000000000020	ADDSUBPD	SSE3
1727	82	435	24	5	0	0x0000000000000020	ADDSUBPD	SSE3
1728	83	436	24	5	0	0x0000000000000020	ADDSUBPS	SSE3
1729	84	436	24	5	0	0x0000000000000020	ADDSUBPS	SSE3
1730	2397	396	290	237	3	0x0000200000000000	PSRLW	PENTIUMMMX
1731	2398	396	290	237	3	0x0000200000000000	PSRLW	PENTIUMMMX
1732	2400	396	20	4	0	0x0000000000000010	PSRLW	SSE2
1733	2401	396	20	4	0	0x0000000000000010	PSRLW	SSE2
1734	2385	397	290	237	3	0x0000200000000000	PSRLD	PENTIUMMMX
1735	2386	397	290	237	3	0x0000200000000000	PSRLD	PENTIUMMMX
1736	2388	397	20	4	0	0x0000000000000010	PSRLD	SSE2
1737	2389	397	20	4	0	0x0000000000000010	PSRLD	SSE2
1738	2391	398	290	237	3	0x0000200000000000	PSRLQ	PENTIUMMMX
1739	2392	398	290	237	3	0x0000200000000000	PSRLQ	PENTIUMMMX
1740	2394	398	20	4	0	0x0000000000000010	PSRLQ	SSE2
1741	2395	398	20	4	0	0x0000000000000010	PSRLQ	SSE2
1742	1988	399	308	255	3	0x8000000000000000	PADDQ	SSE2MMX
1743	1989	399	308	255	3	0x8000000000000000	PADDQ	SSE2MMX
1744	1990	399	20	4	0	0x0000000000000010	PADDQ	SSE2
1745	1991	399	20	4	0	0x0000000000000010	PADDQ	SSE2
1746	2274	400	290	237	3	0x0000200000000000	PMULLW	PENTIUMMMX
1747	2275	400	290	237	3	0x0000200000000000	PMULLW	PENTIUMMMX
1748	2276	400	20	4	0	0x0000000000000010	PMULLW	SSE2
1749	2277	400	20	4	0	0x0000000000000010	PMULLW	SSE2
1750	1661	1345	20	4	0	0x0000000000000010	MOVDQ2Q	SSE2
1751	1705	1348	20	4	0	0x0000000000000010	MOVQ	SSE2
1752	1715	1348	20	4	0	0x0000000000000010	MOVQ	SSE2
1753	1699	1349	20	4	0	0x0000000000000010	MOVQ2DQ	SSE2
1754	2230	331	19	3	0	0x0000000000000008	PMOVMSKB	SSE
1755	2231	331	20	4	0	0x0000000000000010	PMOVMSKB	SSE2
1756	2422	401	290	237	3	0x0000200000000000	PSUBUSB	PENTIUMMMX
1757	2423	401	290	237	3	0x0000200000000000	PSUBUSB	PENTIUMMMX
1758	2424	401	20	4	0	0x0000000000000010	PSUBUSB	SSE2
1759	2425	401	20	4	0	0x0000000000000010	PSUBUSB	SSE2
1760	2426	402	290	237	3	0x0000200000000000	PSUBUSW	PENTIUMMMX
1761	2427	402	290	237	3	0x0000200000000000	PSUBUSW	PENTIUMMMX
1762	2428	402	20	4	0	0x0000000000000010	PSUBUSW	SSE2
1763	2429	402	20	4	0	0x0000000000000010	PSUBUSW	SSE2
1764	2222	330	290	237	3	0x0000200000000000	PMINUB	PENTIUMMMX
1765	2223	330	290	237	3	0x0000200000000000	PMINUB	PENTIUMMMX
1766	2224	330	20	4	0	0x0000000000000010	PMINUB	SSE2
1767	2225	330	20	4	0	0x0000000000000010	PMINUB	SSE2
1768	2020	403	290	237	3	0x0000200000000000	PAND	PENTIUMMMX
1769	2021	403	290	237	3	0x0000200000000000	PAND	PENTIUMMMX
1770	2022	403	20	4	0	0x0000000000000010	PAND	SSE2
1771	2023	403	20	4	0	0x0000000000000010	PAND	SSE2
1772	2000	404	290	237	3	0x0000200000000000	PADDUSB	PENTIUMMMX
1773	2001	404	290	237	3	0x0000200000000000	PADDUSB	PENTIUMMMX
1774	2002	404	20	4	0	0x0000000000000010	PADDUSB	SSE2
1775	2003	404	20	4	0	0x0000000000000010	PADDUSB	SSE2
1776	2004	405	290	237	3	0x0000200000000000	PADDUSW	PENTIUMMMX
1777	2005	405	290	237	3	0x0000200000000000	PADDUSW	PENTIUMMMX
1778	2006	405	20	4	0	0x0000000000000010	PADDUSW	SSE2
1779	2007	405	20	4	0	0x0000000000000010	PADDUSW	SSE2
1780	2206	328	290	237	3	0x0000200000000000	PMAXUB	PENTIUMMMX
1781	2207	328	290	237	3	0x0000200000000000	PMAXUB	PENTIUMMMX
1782	2208	328	20	4	0	0x0000000000000010	PMAXUB	SSE2
1783	2209	328	20	4	0	0x0000000000000010	PMAXUB	SSE2
1784	2016	406	290	237	3	0x0000200000000000	PANDN	PENTIUMMMX
1785	2017	406	290	237	3	0x0000200000000000	PANDN	PENTIUMMMX
1786	2018	406	20	4	0	0x0000000000000010	PANDN	SSE2
1787	2019	406	20	4	0	0x0000000000000010	PANDN	SSE2
1788	2025	323	290	237	3	0x0000200000000000	PAVGB	PENTIUMMMX
1789	2026	323	290	237	3	0x0000200000000000	PAVGB	PENTIUMMMX
1790	2027	323	20	4	0	0x0000000000000010	PAVGB	SSE2
1791	2028	323	20	4	0	0x0000000000000010	PAVGB	SSE2
1792	2378	407	290	237	3	0x0000200000000000	PSRAW	PENTIUMMMX
1793	2379	407	290	237	3	0x0000200000000000	PSRAW	PENTIUMMMX
1794	2381	407	20	4	0	0x0000000000000010	PSRAW	SSE2
1795	2382	407	20	4	0	0x0000000000000010	PSRAW	SSE2
1796	2372	408	290	237	3	0x0000200000000000	PSRAD	PENTIUMMMX
1797	2373	408	290	237	3	0x0000200000000000	PSRAD	PENTIUMMMX
1798	2375	408	20	4	0	0x0000000000000010	PSRAD	SSE2
1799	2376	408	20	4	0	0x0000000000000010	PSRAD	SSE2
1800	2031	324	290	237	3	0x0000200000000000	PAVGW	PENTIUMMMX
1801	2032	324	290	237	3	0x0000200000000000	PAVGW	PENTIUMMMX
1802	2033	324	20	4	0	0x0000000000000010	PAVGW	SSE2
1803	2034	324	20	4	0	0x0000000000000010	PAVGW	SSE2
1804	2264	332	290	237	3	0x0000200000000000	PMULHUW	PENTIUMMMX
1805	2265	332	290	237	3	0x0000200000000000	PMULHUW	PENTIUMMMX
1806	2266	332	20	4	0	0x0000000000000010	PMULHUW	SSE2
1807	2267	332	20	4	0	0x0000000000000010	PMULHUW	SSE2
1808	2268	409	290	237	3	0x0000200000000000	PMULHW	PENTIUMMMX
1809	2269	409	290	237	3	0x0000200000000000	PMULHW	PENTIUMMMX
1810	2270	409	20	4	0	0x0000000000000010	PMULHW	SSE2
1811	2271	409	20	4	0	0x0000000000000010	PMULHW	SSE2
1812	1031	1307	20	4	0	0x0000000000000010	CVTDQ2PD	SSE2
1813	1032	1307	20	4	0	0x0000000000000010	CVTDQ2PD	SSE2
1814	1035	1308	20	4	0	0x0000000000000010	CVTPD2DQ	SSE2
1815	1036	1308	20	4	0	0x0000000000000010	CVTPD2DQ	SSE2
1816	1071	1311	20	4	0	0x0000000000000010	CVTTPD2DQ	SSE2
1817	1072	1311	20	4	0	0x0000000000000010	CVTTPD2DQ	SSE2
1818	1691	1346	20	4	0	0x0000000000000010	MOVNTDQ	SSE2
1819	1696	336	290	237	3	0x0000200000000000	MOVNTQ	PENTIUMMMX
1820	2414	410	290	237	3	0x0000200000000000	PSUBSB	PENTIUMMMX
1821	2415	410	290	237	3	0x0000200000000000	PSUBSB	PENTIUMMMX
1822	2416	410	20	4	0	0x0000000000000010	PSUBSB	SSE2
1823	2417	410	20	4	0	0x0000000000000010	PSUBSB	SSE2
1824	2418	411	290	237	3	0x0000200000000000	PSUBSW	PENTIUMMMX
1825	2419	411	290	237	3	0x0000200000000000	PSUBSW	PENTIUMMMX
1826	2420	411	20	4	0	0x0000000000000010	PSUBSW	SSE2
1827	2421	411	20	4	0	0x0000000000000010	PSUBSW	SSE2
1828	2218	329	290	237	3	0x0000200000000000	PMINSW	PENTIUMMMX
1829	2219	329	290	237	3	0x0000200000000000	PMINSW	PENTIUMMMX
1830	2220	329	20	4	0	0x0000000000000010	PMINSW	SSE2
1831	2221	329	20	4	0	0x0000000000000010	PMINSW	SSE2
1832	2304	412	290	237	3	0x0000200000000000	POR	PENTIUMMMX
1833	2305	412	290	237	3	0x0000200000000000	POR	PENTIUMMMX
1834	2306	412	20	4	0	0x0000000000000010	POR	SSE2
1835	2307	412	20	4	0	0x0000000000000010	POR	SSE2
1836	1992	413	290	237	3	0x0000200000000000	PADDSB	PENTIUMMMX
1837	1993	413	290	237	3	0x0000200000000000	PADDSB	PENTIUMMMX
1838	1994	413	20	4	0	0x0000000000000010	PADDSB	SSE2
1839	1995	413	20	4	0	0x0000000000000010	PADDSB	SSE2
1840	1996	414	290	237	3	0x0000200000000000	PADDSW	PENTIUMMMX
1841	1997	414	290	237	3	0x0000200000000000	PADDSW	PENTIUMMMX
1842	1998	414	20	4	0	0x0000000000000010	PADDSW	SSE2
1843	1999	414	20	4	0	0x0000000000000010	PADDSW	SSE2
1844	2202	327	290	237	3	0x0000200000000000	PMAXSW	PENTIUMMMX
1845	2203	327	290	237	3	0x0000200000000000	PMAXSW	PENTIUMMMX
1846	2204	327	20	4	0	0x0000000000000010	PMAXSW	SSE2
1847	2205	327	20	4	0	0x0000000000000010	PMAXSW	SSE2
1848	2488	415	290	237	3	0x0000200000000000	PXOR	PENTIUMMMX
1849	2489	415	290	237	3	0x0000200000000000	PXOR	PENTIUMMMX
1850	2490	415	20	4	0	0x0000000000000010	PXOR	SSE2
1851	2491	415	20	4	0	0x0000000000000010	PXOR	SSE2
1852	1574	437	24	5	0	0x0000000000000020	LDDQU	SSE3
1853	2365	416	290	237	3	0x0000200000000000	PSLLW	PENTIUMMMX
1854	2366	416	290	237	3	0x0000200000000000	PSLLW	PENTIUMMMX
1855	2368	416	20	4	0	0x0000000000000010	PSLLW	SSE2
1856	2369	416	20	4	0	0x0000000000000010	PSLLW	SSE2
1857	2353	417	290	237	3	0x0000200000000000	PSLLD	PENTIUMMMX
1858	2354	417	290	237	3	0x0000200000000000	PSLLD	PENTIUMMMX
1859	2356	417	20	4	0	0x0000000000000010	PSLLD	SSE2
1860	2357	417	20	4	0	0x0000000000000010	PSLLD	SSE2
1861	2359	418	290	237	3	0x0000200000000000	PSLLQ	PENTIUMMMX
1862	2360	418	290	237	3	0x0000200000000000	PSLLQ	PENTIUMMMX
1863	2362	418	20	4	0	0x0000000000000010	PSLLQ	SSE2
1864	2363	418	20	4	0	0x0000000000000010	PSLLQ	SSE2
1865	2278	419	308	255	3	0x8000000000000000	PMULUDQ	SSE2MMX
1866	2279	419	308	255	3	0x8000000000000000	PMULUDQ	SSE2MMX
1867	2280	419	20	4	0	0x0000000000000010	PMULUDQ	SSE2
1868	2281	419	20	4	0	0x0000000000000010	PMULUDQ	SSE2
1869	2194	420	290	237	3	0x0000200000000000	PMADDWD	PENTIUMMMX
1870	2195	420	290	237	3	0x0000200000000000	PMADDWD	PENTIUMMMX
1871	2196	420	20	4	0	0x0000000000000010	PMADDWD	SSE2
1872	2197	420	20	4	0	0x0000000000000010	PMADDWD	SSE2
1873	2323	333	290	237	3	0x0000200000000000	PSADBW	PENTIUMMMX
1874	2324	333	290	237	3	0x0000200000000000	PSADBW	PENTIUMMMX
1875	2325	333	20	4	0	0x0000000000000010	PSADBW	SSE2
1876	2326	333	20	4	0	0x0000000000000010	PSADBW	SSE2
1877	1619	1341	20	4	0	0x0000000000000010	MASKMOVDQU	SSE2
1878	1620	335	290	237	3	0x0000200000000000	MASKMOVQ	PENTIUMMMX
1879	2402	421	290	237	3	0x0000200000000000	PSUBB	PENTIUMMMX
1880	2403	421	290	237	3	0x0000200000000000	PSUBB	PENTIUMMMX
1881	2404	421	20	4	0	0x0000000000000010	PSUBB	SSE2
1882	2405	421	20	4	0	0x0000000000000010	PSUBB	SSE2
1883	2430	422	290	237	3	0x0000200000000000	PSUBW	PENTIUMMMX
1884	2431	422	290	237	3	0x0000200000000000	PSUBW	PENTIUMMMX
1885	2432	422	20	4	0	0x0000000000000010	PSUBW	SSE2
1886	2433	422	20	4	0	0x0000000000000010	PSUBW	SSE2
1887	2406	423	290	237	3	0x0000200000000000	PSUBD	PENTIUMMMX
1888	2407	423	290	237	3	0x0000200000000000	PSUBD	PENTIUMMMX
1889	2408	423	20	4	0	0x0000000000000010	PSUBD	SSE2
1890	2409	423	20	4	0	0x0000000000000010	PSUBD	SSE2
1891	2410	424	308	255	3	0x8000000000000000	PSUBQ	SSE2MMX
1892	2411	424	308	255	3	0x8000000000000000	PSUBQ	SSE2MMX
1893	2412	424	20	4	0	0x0000000000000010	PSUBQ	SSE2
1894	2413	424	20	4	0	0x0000000000000010	PSUBQ	SSE2
1895	1980	425	290	237	3	0x0000200000000000	PADDB	PENTIUMMMX
1896	1981	425	290	237	3	0x0000200000000000	PADDB	PENTIUMMMX
1897	1982	425	20	4	0	0x0000000000000010	PADDB	SSE2
1898	1983	425	20	4	0	0x0000000000000010	PADDB	SSE2
1899	2008	426	290	237	3	0x0000200000000000	PADDW	PENTIUMMMX
1900	2009	426	290	237	3	0x0000200000000000	PADDW	PENTIUMMMX
1901	2010	426	20	4	0	0x0000000000000010	PADDW	SSE2
1902	2011	426	20	4	0	0x0000000000000010	PADDW	SSE2
1903	1984	427	290	237	3	0x0000200000000000	PADDD	PENTIUMMMX
1904	1985	427	290	237	3	0x0000200000000000	PADDD	PENTIUMMMX
1905	1986	427	20	4	0	0x0000000000000010	PADDD	SSE2
1906	1987	427	20	4	0	0x0000000000000010	PADDD	SSE2
1907	3335	268	294	241	3	0x0002000000000000	UD0	PPRO_UD0_SHORT
1908	3336	268	293	240	3	0x0001000000000000	UD0	PPRO_UD0_LONG
1909	3337	268	293	240	3	0x0001000000000000	UD0	PPRO_UD0_LONG
1910	2327	438	313	259	4	0x0000000000000008	PSHUFB	SSSE3MMX
1911	2328	438	313	259	4	0x0000000000000008	PSHUFB	SSSE3MMX
1912	2329	438	28	6	0	0x0000000000000040	PSHUFB	SSSE3
1913	2330	438	28	6	0	0x0000000000000040	PSHUFB	SSSE3
1914	2158	439	313	259	4	0x0000000000000008	PHADDW	SSSE3MMX
1915	2159	439	313	259	4	0x0000000000000008	PHADDW	SSSE3MMX
1916	2160	439	28	6	0	0x0000000000000040	PHADDW	SSSE3
1917	2161	439	28	6	0	0x0000000000000040	PHADDW	SSSE3
1918	2150	440	313	259	4	0x0000000000000008	PHADDD	SSSE3MMX
1919	2151	440	313	259	4	0x0000000000000008	PHADDD	SSSE3MMX
1920	2152	440	28	6	0	0x0000000000000040	PHADDD	SSSE3
1921	2153	440	28	6	0	0x0000000000000040	PHADDD	SSSE3
1922	2154	441	313	259	4	0x0000000000000008	PHADDSW	SSSE3MMX
1923	2155	441	313	259	4	0x0000000000000008	PHADDSW	SSSE3MMX
1924	2156	441	28	6	0	0x0000000000000040	PHADDSW	SSSE3
1925	2157	441	28	6	0	0x0000000000000040	PHADDSW	SSSE3
1926	2190	442	313	259	4	0x0000000000000008	PMADDUBSW	SSSE3MMX
1927	2191	442	313	259	4	0x0000000000000008	PMADDUBSW	SSSE3MMX
1928	2192	442	28	6	0	0x0000000000000040	PMADDUBSW	SSSE3
1929	2193	442	28	6	0	0x0000000000000040	PMADDUBSW	SSSE3
1930	2172	443	313	259	4	0x0000000000000008	PHSUBW	SSSE3MMX
1931	2173	443	313	259	4	0x0000000000000008	PHSUBW	SSSE3MMX
1932	2174	443	28	6	0	0x0000000000000040	PHSUBW	SSSE3
1933	2175	443	28	6	0	0x0000000000000040	PHSUBW	SSSE3
1934	2164	444	313	259	4	0x0000000000000008	PHSUBD	SSSE3MMX
1935	2165	444	313	259	4	0x0000000000000008	PHSUBD	SSSE3MMX
1936	2166	444	28	6	0	0x0000000000000040	PHSUBD	SSSE3
1937	2167	444	28	6	0	0x0000000000000040	PHSUBD	SSSE3
1938	2168	445	313	259	4	0x0000000000000008	PHSUBSW	SSSE3MMX
1939	2169	445	313	259	4	0x0000000000000008	PHSUBSW	SSSE3MMX
1940	2170	445	28	6	0	0x0000000000000040	PHSUBSW	SSSE3
1941	2171	445	28	6	0	0x0000000000000040	PHSUBSW	SSSE3
1942	2339	446	313	259	4	0x0000000000000008	PSIGNB	SSSE3MMX
1943	2340	446	313	259	4	0x0000000000000008	PSIGNB	SSSE3MMX
1944	2341	446	28	6	0	0x0000000000000040	PSIGNB	SSSE3
1945	2342	446	28	6	0	0x0000000000000040	PSIGNB	SSSE3
1946	2347	447	313	259	4	0x0000000000000008	PSIGNW	SSSE3MMX
1947	2348	447	313	259	4	0x0000000000000008	PSIGNW	SSSE3MMX
1948	2349	447	28	6	0	0x0000000000000040	PSIGNW	SSSE3
1949	2350	447	28	6	0	0x0000000000000040	PSIGNW	SSSE3
1950	2343	448	313	259	4	0x0000000000000008	PSIGND	SSSE3MMX
1951	2344	448	313	259	4	0x0000000000000008	PSIGND	SSSE3MMX
1952	2345	448	28	6	0	0x0000000000000040	PSIGND	SSSE3
1953	2346	448	28	6	0	0x0000000000000040	PSIGND	SSSE3
1954	2258	449	313	259	4	0x0000000000000008	PMULHRSW	SSSE3MMX
1955	2259	449	313	259	4	0x0000000000000008	PMULHRSW	SSSE3MMX
1956	2260	449	28	6	0	0x0000000000000040	PMULHRSW	SSSE3
1957	2261	449	28	6	0	0x0000000000000040	PMULHRSW	SSSE3
1958	2035	454	310	270	4	0x0000000000004000	PBLENDVB	SSE4
1959	2036	454	310	270	4	0x0000000000004000	PBLENDVB	SSE4
1960	309	455	310	270	4	0x0000000000004000	BLENDVPS	SSE4
1961	310	455	310	270	4	0x0000000000004000	BLENDVPS	SSE4
1962	307	456	310	270	4	0x0000000000004000	BLENDVPD	SSE4
1963	308	456	310	270	4	0x0000000000004000	BLENDVPD	SSE4
1964	2436	457	310	270	4	0x0000000000004000	PTEST	SSE4
1965	2437	457	310	270	4	0x0000000000004000	PTEST	SSE4
1966	1954	450	313	259	4	0x0000000000000008	PABSB	SSSE3MMX
1967	1955	450	313	259	4	0x0000000000000008	PABSB	SSSE3MMX
1968	1956	450	28	6	0	0x0000000000000040	PABSB	SSSE3
1969	1957	450	28	6	0	0x0000000000000040	PABSB	SSSE3
1970	1962	451	313	259	4	0x0000000000000008	PABSW	SSSE3MMX
1971	1963	451	313	259	4	0x0000000000000008	PABSW	SSSE3MMX
1972	1964	451	28	6	0	0x0000000000000040	PABSW	SSSE3
1973	1965	451	28	6	0	0x0000000000000040	PABSW	SSSE3
1974	1958	452	313	259	4	0x0000000000000008	PABSD	SSSE3MMX
1975	1959	452	313	259	4	0x0000000000000008	PABSD	SSSE3MMX
1976	1960	452	28	6	0	0x0000000000000040	PABSD	SSSE3
1977	1961	452	28	6	0	0x0000000000000040	PABSD	SSSE3
1978	2236	458	310	270	4	0x0000000000004000	PMOVSXBW	SSE4
1979	2237	458	310	270	4	0x0000000000004000	PMOVSXBW	SSE4
1980	2232	459	310	270	4	0x0000000000004000	PMOVSXBD	SSE4
1981	2233	459	310	270	4	0x0000000000004000	PMOVSXBD	SSE4
1982	2234	460	310	270	4	0x0000000000004000	PMOVSXBQ	SSE4
1983	2235	460	310	270	4	0x0000000000004000	PMOVSXBQ	SSE4
1984	2240	461	310	270	4	0x0000000000004000	PMOVSXWD	SSE4
1985	2241	461	310	270	4	0x0000000000004000	PMOVSXWD	SSE4
1986	2242	462	310	270	4	0x0000000000004000	PMOVSXWQ	SSE4
1987	2243	462	310	270	4	0x0000000000004000	PMOVSXWQ	SSE4
1988	2238	463	310	270	4	0x0000000000004000	PMOVSXDQ	SSE4
1989	2239	463	310	270	4	0x0000000000004000	PMOVSXDQ	SSE4
1990	2256	464	310	270	4	0x0000000000004000	PMULDQ	SSE4
1991	2257	464	310	270	4	0x0000000000004000	PMULDQ	SSE4
1992	2050	465	310	270	4	0x0000000000004000	PCMPEQQ	SSE4
1993	2051	465	310	270	4	0x0000000000004000	PCMPEQQ	SSE4
1994	1690	466	310	270	4	0x0000000000004000	MOVNTDQA	SSE4
1995	1974	467	310	270	4	0x0000000000004000	PACKUSDW	SSE4
1996	1975	467	310	270	4	0x0000000000004000	PACKUSDW	SSE4
1997	2248	468	310	270	4	0x0000000000004000	PMOVZXBW	SSE4
1998	2249	468	310	270	4	0x0000000000004000	PMOVZXBW	SSE4
1999	2244	469	310	270	4	0x0000000000004000	PMOVZXBD	SSE4
2000	2245	469	310	270	4	0x0000000000004000	PMOVZXBD	SSE4
2001	2246	470	310	270	4	0x0000000000004000	PMOVZXBQ	SSE4
2002	2247	470	310	270	4	0x0000000000004000	PMOVZXBQ	SSE4
2003	2252	471	310	270	4	0x0000000000004000	PMOVZXWD	SSE4
2004	2253	471	310	270	4	0x0000000000004000	PMOVZXWD	SSE4
2005	2254	472	310	270	4	0x0000000000004000	PMOVZXWQ	SSE4
2006	2255	472	310	270	4	0x0000000000004000	PMOVZXWQ	SSE4
2007	2250	473	310	270	4	0x0000000000004000	PMOVZXDQ	SSE4
2008	2251	473	310	270	4	0x0000000000004000	PMOVZXDQ	SSE4
2009	2072	502	33	56	0	0x0100000000000000	PCMPGTQ	SSE42
2010	2073	502	33	56	0	0x0100000000000000	PCMPGTQ	SSE42
2011	2214	474	310	270	4	0x0000000000004000	PMINSB	SSE4
2012	2215	474	310	270	4	0x0000000000004000	PMINSB	SSE4
2013	2216	475	310	270	4	0x0000000000004000	PMINSD	SSE4
2014	2217	475	310	270	4	0x0000000000004000	PMINSD	SSE4
2015	2228	476	310	270	4	0x0000000000004000	PMINUW	SSE4
2016	2229	476	310	270	4	0x0000000000004000	PMINUW	SSE4
2017	2226	477	310	270	4	0x0000000000004000	PMINUD	SSE4
2018	2227	477	310	270	4	0x0000000000004000	PMINUD	SSE4
2019	2198	478	310	270	4	0x0000000000004000	PMAXSB	SSE4
2020	2199	478	310	270	4	0x0000000000004000	PMAXSB	SSE4
2021	2200	479	310	270	4	0x0000000000004000	PMAXSD	SSE4
2022	2201	479	310	270	4	0x0000000000004000	PMAXSD	SSE4
2023	2212	480	310	270	4	0x0000000000004000	PMAXUW	SSE4
2024	2213	480	310	270	4	0x0000000000004000	PMAXUW	SSE4
2025	2210	481	310	270	4	0x0000000000004000	PMAXUD	SSE4
2026	2211	481	310	270	4	0x0000000000004000	PMAXUD	SSE4
2027	2272	482	310	270	4	0x0000000000004000	PMULLD	SSE4
2028	2273	482	310	270	4	0x0000000000004000	PMULLD	SSE4
2029	2162	483	310	270	4	0x0000000000004000	PHMINPOSUW	SSE4
2030	2163	483	310	270	4	0x0000000000004000	PHMINPOSUW	SSE4
2031	1406	216	321	267	4	0x0000000000000800	INVEPT	VTX
2032	1407	216	321	267	4	0x0000000000000800	INVEPT	VTX
2033	1415	218	321	267	4	0x0000000000000800	INVVPID	VTX
2034	1416	218	321	267	4	0x0000000000000800	INVVPID	VTX
2035	1412	1160	53	24	0	0x0000000001000000	INVPCID	INVPCID
2036	1413	1160	53	24	0	0x0000000001000000	INVPCID	INVPCID
2037	1716	1350	285	232	3	0x0000010000000000	MOVRS	MOVRS
2038	1718	1350	285	232	3	0x0000010000000000	MOVRS	MOVRS
2039	2972	679	61	16	0	0x0000000000010000	SHA1NEXTE	SHA
2040	2973	679	61	16	0	0x0000000000010000	SHA1NEXTE	SHA
2041	2968	677	61	16	0	0x0000000000010000	SHA1MSG1	SHA
2042	2969	677	61	16	0	0x0000000000010000	SHA1MSG1	SHA
2043	2970	678	61	16	0	0x0000000000010000	SHA1MSG2	SHA
2044	2971	678	61	16	0	0x0000000000010000	SHA1MSG2	SHA
2045	2980	683	61	16	0	0x0000000000010000	SHA256RNDS2	SHA
2046	2981	683	61	16	0	0x0000000000010000	SHA256RNDS2	SHA
2047	2976	681	61	16	0	0x0000000000010000	SHA256MSG1	SHA
2048	2977	681	61	16	0	0x0000000000010000	SHA256MSG1	SHA
2049	2978	682	61	16	0	0x0000000000010000	SHA256MSG2	SHA
2050	2979	682	61	16	0	0x0000000000010000	SHA256MSG2	SHA
2051	1312	1324	76	17	0	0x0000000000020000	GF2P8MULB	GFNI
2052	1313	1324	76	17	0	0x0000000000020000	GF2P8MULB	GFNI
2053	161	1204	278	225	3	0x0000000200000000	AESDECWIDE128KL	KEYLOCKER_WIDE
2054	162	1205	278	225	3	0x0000000200000000	AESDECWIDE256KL	KEYLOCKER_WIDE
2055	169	1208	278	225	3	0x0000000200000000	AESENCWIDE128KL	KEYLOCKER_WIDE
2056	170	1209	278	225	3	0x0000000200000000	AESENCWIDE256KL	KEYLOCKER_WIDE
2057	173	674	34	14	0	0x0000000000004000	AESIMC	AES
2058	174	674	34	14	0	0x0000000000004000	AESIMC	AES
2059	171	670	34	14	0	0x0000000000004000	AESENC	AES
2060	172	670	34	14	0	0x0000000000004000	AESENC	AES
2061	165	1206	277	224	3	0x0000000100000000	AESENC128KL	KEYLOCKER
2062	1596	1338	277	224	3	0x0000000100000000	LOADIWKEY	KEYLOCKER
2063	157	1202	277	224	3	0x0000000100000000	AESDEC128KL	KEYLOCKER
2064	167	671	34	14	0	0x0000000000004000	AESENCLAST	AES
2065	168	671	34	14	0	0x0000000000004000	AESENCLAST	AES
2066	163	672	34	14	0	0x0000000000004000	AESDEC	AES
2067	164	672	34	14	0	0x0000000000004000	AESDEC	AES
2068	166	1207	277	224	3	0x0000000100000000	AESENC256KL	KEYLOCKER
2069	158	1203	277	224	3	0x0000000100000000	AESDEC256KL	KEYLOCKER
2070	159	673	34	14	0	0x0000000000004000	AESDECLAST	AES
2071	160	673	34	14	0	0x0000000000004000	AESDECLAST	AES
2072	899	507	33	56	0	0x0100000000000000	CRC32	SSE42
2073	901	507	33	56	0	0x0100000000000000	CRC32	SSE42
2074	1650	1134	52	none	none	0x0000000000000000	MOVBE	MOVBE
2075	900	507	33	56	0	0x0100000000000000	CRC32	SSE42
2076	902	507	33	56	0	0x0100000000000000	CRC32	SSE42
2077	1652	1134	52	none	none	0x0000000000000000	MOVBE	MOVBE
2078	8901	838	263	269	4	0x0000000000002000	WRUSSD	CET
2079	8903	839	263	269	4	0x0000000000002000	WRUSSQ	CET
2080	13	1135	117	65	1	0x0000000000000002	ADCX	ADOX_ADCX
2081	14	1135	117	65	1	0x0000000000000002	ADCX	ADOX_ADCX
2082	23	1135	117	65	1	0x0000000000000002	ADCX	ADOX_ADCX
2083	24	1135	117	65	1	0x0000000000000002	ADCX	ADOX_ADCX
2084	145	1136	117	65	1	0x0000000000000002	ADOX	ADOX_ADCX
2085	146	1136	117	65	1	0x0000000000000002	ADOX	ADOX_ADCX
2086	155	1136	117	65	1	0x0000000000000002	ADOX	ADOX_ADCX
2087	156	1136	117	65	1	0x0000000000000002	ADOX	ADOX_ADCX
2088	8897	836	263	269	4	0x0000000000002000	WRSSD	CET
2089	8899	837	263	269	4	0x0000000000002000	WRSSQ	CET
2090	1144	1184	115	24	0	0x0000000001000000	ENQCMD	ENQCMD
2091	1142	1185	115	24	0	0x0000000001000000	ENQCMDS	ENQCMD
2092	1656	923	106	24	0	0x0000000001000000	MOVDIR64B	MOVDIR64B
2093	1656	923	106	24	0	0x0000000001000000	MOVDIR64B	MOVDIR64B
2094	3353	1466	315	261	4	0x0000000000000020	URDMSR	USER_MSR
2095	3357	1467	315	261	4	0x0000000000000020	UWRMSR	USER_MSR
2096	1658	922	105	24	0	0x0000000001000000	MOVDIRI	MOVDIRI
2097	1659	922	105	24	0	0x0000000001000000	MOVDIRI	MOVDIRI
2098	1138	1314	277	224	3	0x0000000100000000	ENCODEKEY128	KEYLOCKER
2099	1139	1315	277	224	3	0x0000000100000000	ENCODEKEY256	KEYLOCKER
2100	2	1198	298	245	3	0x0020000000000000	AADD	RAO_INT
2101	3	1198	298	245	3	0x0020000000000000	AADD	RAO_INT
2102	8	1199	298	245	3	0x0020000000000000	AAND	RAO_INT
2103	9	1199	298	245	3	0x0020000000000000	AAND	RAO_INT
2104	257	1211	298	245	3	0x0020000000000000	AOR	RAO_INT
2105	258	1211	298	245	3	0x0020000000000000	AOR	RAO_INT
2106	263	1212	298	245	3	0x0020000000000000	AXOR	RAO_INT
2107	264	1212	298	245	3	0x0020000000000000	AXOR	RAO_INT
2108	2740	484	310	270	4	0x0000000000004000	ROUNDPS	SSE4
2109	2741	484	310	270	4	0x0000000000004000	ROUNDPS	SSE4
2110	2738	485	310	270	4	0x0000000000004000	ROUNDPD	SSE4
2111	2739	485	310	270	4	0x0000000000004000	ROUNDPD	SSE4
2112	2744	486	310	270	4	0x0000000000004000	ROUNDSS	SSE4
2113	2745	486	310	270	4	0x0000000000004000	ROUNDSS	SSE4
2114	2742	487	310	270	4	0x0000000000004000	ROUNDSD	SSE4
2115	2743	487	310	270	4	0x0000000000004000	ROUNDSD	SSE4
2116	305	488	310	270	4	0x0000000000004000	BLENDPS	SSE4
2117	306	488	310	270	4	0x0000000000004000	BLENDPS	SSE4
2118	303	489	310	270	4	0x0000000000004000	BLENDPD	SSE4
2119	304	489	310	270	4	0x0000000000004000	BLENDPD	SSE4
2120	2037	490	310	270	4	0x0000000000004000	PBLENDW	SSE4
2121	2038	490	310	270	4	0x0000000000004000	PBLENDW	SSE4
2122	2012	453	313	259	4	0x0000000000000008	PALIGNR	SSSE3MMX
2123	2013	453	313	259	4	0x0000000000000008	PALIGNR	SSSE3MMX
2124	2014	453	28	6	0	0x0000000000000040	PALIGNR	SSSE3
2125	2015	453	28	6	0	0x0000000000000040	PALIGNR	SSSE3
2126	2094	491	310	270	4	0x0000000000004000	PEXTRB	SSE4
2127	2095	491	310	270	4	0x0000000000004000	PEXTRB	SSE4
2128	2102	1364	310	270	4	0x0000000000004000	PEXTRW_SSE4	SSE4
2129	2103	1364	310	270	4	0x0000000000004000	PEXTRW_SSE4	SSE4
2130	2096	492	310	270	4	0x0000000000004000	PEXTRD	SSE4
2131	2097	492	310	270	4	0x0000000000004000	PEXTRD	SSE4
2132	2098	1363	310	270	4	0x0000000000004000	PEXTRQ	SSE4
2133	2099	1363	310	270	4	0x0000000000004000	PEXTRQ	SSE4
2134	1149	493	310	270	4	0x0000000000004000	EXTRACTPS	SSE4
2135	1150	493	310	270	4	0x0000000000004000	EXTRACTPS	SSE4
2136	2180	494	310	270	4	0x0000000000004000	PINSRB	SSE4
2137	2181	494	310	270	4	0x0000000000004000	PINSRB	SSE4
2138	1396	495	310	270	4	0x0000000000004000	INSERTPS	SSE4
2139	1397	495	310	270	4	0x0000000000004000	INSERTPS	SSE4
2140	2182	496	310	270	4	0x0000000000004000	PINSRD	SSE4
2141	2183	496	310	270	4	0x0000000000004000	PINSRD	SSE4
2142	2184	1365	310	270	4	0x0000000000004000	PINSRQ	SSE4
2143	2185	1365	310	270	4	0x0000000000004000	PINSRQ	SSE4
2144	1132	497	310	270	4	0x0000000000004000	DPPS	SSE4
2145	1133	497	310	270	4	0x0000000000004000	DPPS	SSE4
2146	1130	498	310	270	4	0x0000000000004000	DPPD	SSE4
2147	1131	498	310	270	4	0x0000000000004000	DPPD	SSE4
2148	1791	499	310	270	4	0x0000000000004000	MPSADBW	SSE4
2149	1792	499	310	270	4	0x0000000000004000	MPSADBW	SSE4
2150	2040	676	35	15	0	0x0000000000008000	PCLMULQDQ	PCLMULQDQ
2151	2041	676	35	15	0	0x0000000000008000	PCLMULQDQ	PCLMULQDQ
2152	2062	503	33	56	0	0x0100000000000000	PCMPESTRM	SSE42
2153	2062	503	33	56	0	0x0100000000000000	PCMPESTRM	SSE42
2154	2063	503	33	56	0	0x0100000000000000	PCMPESTRM	SSE42
2155	2063	503	33	56	0	0x0100000000000000	PCMPESTRM	SSE42
2156	2060	1360	33	56	0	0x0100000000000000	PCMPESTRM64	SSE42
2157	2061	1360	33	56	0	0x0100000000000000	PCMPESTRM64	SSE42
2158	2058	504	33	56	0	0x0100000000000000	PCMPESTRI	SSE42
2159	2058	504	33	56	0	0x0100000000000000	PCMPESTRI	SSE42
2160	2059	504	33	56	0	0x0100000000000000	PCMPESTRI	SSE42
2161	2059	504	33	56	0	0x0100000000000000	PCMPESTRI	SSE42
2162	2056	1359	33	56	0	0x0100000000000000	PCMPESTRI64	SSE42
2163	2057	1359	33	56	0	0x0100000000000000	PCMPESTRI64	SSE42
2164	2082	505	33	56	0	0x0100000000000000	PCMPISTRM	SSE42
2165	2083	505	33	56	0	0x0100000000000000	PCMPISTRM	SSE42
2166	2080	506	33	56	0	0x0100000000000000	PCMPISTRI	SSE42
2167	2080	506	33	56	0	0x0100000000000000	PCMPISTRI	SSE42
2168	2081	506	33	56	0	0x0100000000000000	PCMPISTRI	SSE42
2169	2081	506	33	56	0	0x0100000000000000	PCMPISTRI	SSE42
2170	2078	1361	33	56	0	0x0100000000000000	PCMPISTRI64	SSE42
2171	2079	1361	33	56	0	0x0100000000000000	PCMPISTRI64	SSE42
2172	2974	680	61	16	0	0x0000000000010000	SHA1RNDS4	SHA
2173	2975	680	61	16	0	0x0000000000010000	SHA1RNDS4	SHA
2174	1310	1323	76	17	0	0x0000000000020000	GF2P8AFFINEQB	GFNI
2175	1311	1323	76	17	0	0x0000000000020000	GF2P8AFFINEQB	GFNI
2176	1308	1322	76	17	0	0x0000000000020000	GF2P8AFFINEINVQB	GFNI
2177	1309	1322	76	17	0	0x0000000000020000	GF2P8AFFINEINVQB	GFNI
2178	175	675	34	14	0	0x0000000000004000	AESKEYGENASSIST	AES
2179	176	675	34	14	0	0x0000000000004000	AESKEYGENASSIST	AES
2180	1319	1325	271	218	3	0x0000000004000000	HRESET	HRESET
2181	2178	263	16	2	0	0x0000000000000004	PI2FW	3DNOW
2182	2179	263	16	2	0	0x0000000000000004	PI2FW	3DNOW
2183	2176	262	16	2	0	0x0000000000000004	PI2FD	3DNOW
2184	2177	262	16	2	0	0x0000000000000004	PI2FD	3DNOW
2185	2114	244	16	2	0	0x0000000000000004	PF2IW	3DNOW
2186	2115	244	16	2	0	0x0000000000000004	PF2IW	3DNOW
2187	2112	243	16	2	0	0x0000000000000004	PF2ID	3DNOW
2188	2113	243	16	2	0	0x0000000000000004	PF2ID	3DNOW
2189	2132	253	16	2	0	0x0000000000000004	PFNACC	3DNOW
2190	2133	253	16	2	0	0x0000000000000004	PFNACC	3DNOW
2191	2134	254	16	2	0	0x0000000000000004	PFPNACC	3DNOW
2192	2135	254	16	2	0	0x0000000000000004	PFPNACC	3DNOW
2193	2122	248	16	2	0	0x0000000000000004	PFCMPGE	3DNOW
2194	2123	248	16	2	0	0x0000000000000004	PFCMPGE	3DNOW
2195	2128	251	16	2	0	0x0000000000000004	PFMIN	3DNOW
2196	2129	251	16	2	0	0x0000000000000004	PFMIN	3DNOW
2197	2140	255	16	2	0	0x0000000000000004	PFRCP	3DNOW
2198	2141	255	16	2	0	0x0000000000000004	PFRCP	3DNOW
2199	2144	259	16	2	0	0x0000000000000004	PFRSQRT	3DNOW
2200	2145	259	16	2	0	0x0000000000000004	PFRSQRT	3DNOW
2201	2148	260	16	2	0	0x0000000000000004	PFSUB	3DNOW
2202	2149	260	16	2	0	0x0000000000000004	PFSUB	3DNOW
2203	2118	246	16	2	0	0x0000000000000004	PFADD	3DNOW
2204	2119	246	16	2	0	0x0000000000000004	PFADD	3DNOW
2205	2124	249	16	2	0	0x0000000000000004	PFCMPGT	3DNOW
2206	2125	249	16	2	0	0x0000000000000004	PFCMPGT	3DNOW
2207	2126	250	16	2	0	0x0000000000000004	PFMAX	3DNOW
2208	2127	250	16	2	0	0x0000000000000004	PFMAX	3DNOW
2209	2136	256	16	2	0	0x0000000000000004	PFRCPIT1	3DNOW
2210	2137	256	16	2	0	0x0000000000000004	PFRCPIT1	3DNOW
2211	2142	258	16	2	0	0x0000000000000004	PFRSQIT1	3DNOW
2212	2143	258	16	2	0	0x0000000000000004	PFRSQIT1	3DNOW
2213	2146	261	16	2	0	0x0000000000000004	PFSUBR	3DNOW
2214	2147	261	16	2	0	0x0000000000000004	PFSUBR	3DNOW
2215	2116	245	16	2	0	0x0000000000000004	PFACC	3DNOW
2216	2117	245	16	2	0	0x0000000000000004	PFACC	3DNOW
2217	2120	247	16	2	0	0x0000000000000004	PFCMPEQ	3DNOW
2218	2121	247	16	2	0	0x0000000000000004	PFCMPEQ	3DNOW
2219	2130	252	16	2	0	0x0000000000000004	PFMUL	3DNOW
2220	2131	252	16	2	0	0x0000000000000004	PFMUL	3DNOW
2221	2138	257	16	2	0	0x0000000000000004	PFRCPIT2	3DNOW
2222	2139	257	16	2	0	0x0000000000000004	PFRCPIT2	3DNOW
2223	2262	264	16	2	0	0x0000000000000004	PMULHRW	3DNOW
2224	2263	264	16	2	0	0x0000000000000004	PMULHRW	3DNOW
2225	2434	267	16	2	0	0x0000000000000004	PSWAPD	3DNOW
2226	2435	267	16	2	0	0x0000000000000004	PSWAPD	3DNOW
2227	2029	242	16	2	0	0x0000000000000004	PAVGUSB	3DNOW
2228	2030	242	16	2	0	0x0000000000000004	PAVGUSB	3DNOW
2229	5911	1788	37	8	0	0x0000000000000100	VMOVSD	AVX
2230	5912	1788	37	8	0	0x0000000000000100	VMOVSD	AVX
2231	5941	1792	37	8	0	0x0000000000000100	VMOVSS	AVX
2232	5942	1792	37	8	0	0x0000000000000100	VMOVSS	AVX
2233	5951	1187	37	8	0	0x0000000000000100	VMOVUPD	AVX
2234	5952	1187	37	8	0	0x0000000000000100	VMOVUPD	AVX
2235	5958	1187	37	8	0	0x0000000000000100	VMOVUPD	AVX
2236	5959	1187	37	8	0	0x0000000000000100	VMOVUPD	AVX
2237	5968	1186	37	8	0	0x0000000000000100	VMOVUPS	AVX
2238	5969	1186	37	8	0	0x0000000000000100	VMOVUPS	AVX
2239	5975	1186	37	8	0	0x0000000000000100	VMOVUPS	AVX
2240	5976	1186	37	8	0	0x0000000000000100	VMOVUPS	AVX
2241	5910	1788	37	8	0	0x0000000000000100	VMOVSD	AVX
2242	5913	1788	37	8	0	0x0000000000000100	VMOVSD	AVX
2243	5939	1792	37	8	0	0x0000000000000100	VMOVSS	AVX
2244	5943	1792	37	8	0	0x0000000000000100	VMOVSS	AVX
2245	5946	1187	37	8	0	0x0000000000000100	VMOVUPD	AVX
2246	5950	1187	37	8	0	0x0000000000000100	VMOVUPD	AVX
2247	5953	1187	37	8	0	0x0000000000000100	VMOVUPD	AVX
2248	5960	1187	37	8	0	0x0000000000000100	VMOVUPD	AVX
2249	5963	1186	37	8	0	0x0000000000000100	VMOVUPS	AVX
2250	5967	1186	37	8	0	0x0000000000000100	VMOVUPS	AVX
2251	5970	1186	37	8	0	0x0000000000000100	VMOVUPS	AVX
2252	5977	1186	37	8	0	0x0000000000000100	VMOVUPS	AVX
2253	5749	1769	37	8	0	0x0000000000000100	VMOVDDUP	AVX
2254	5750	1769	37	8	0	0x0000000000000100	VMOVDDUP	AVX
2255	5755	1769	37	8	0	0x0000000000000100	VMOVDDUP	AVX
2256	5756	1769	37	8	0	0x0000000000000100	VMOVDDUP	AVX
2257	5840	1776	37	8	0	0x0000000000000100	VMOVHLPS	AVX
2258	5854	1780	37	8	0	0x0000000000000100	VMOVLPD	AVX
2259	5858	1781	37	8	0	0x0000000000000100	VMOVLPS	AVX
2260	5929	1791	37	8	0	0x0000000000000100	VMOVSLDUP	AVX
2261	5930	1791	37	8	0	0x0000000000000100	VMOVSLDUP	AVX
2262	5935	1791	37	8	0	0x0000000000000100	VMOVSLDUP	AVX
2263	5936	1791	37	8	0	0x0000000000000100	VMOVSLDUP	AVX
2264	5853	1780	37	8	0	0x0000000000000100	VMOVLPD	AVX
2265	5857	1781	37	8	0	0x0000000000000100	VMOVLPS	AVX
2266	8845	2020	37	8	0	0x0000000000000100	VUNPCKLPD	AVX
2267	8846	2020	37	8	0	0x0000000000000100	VUNPCKLPD	AVX
2268	8851	2020	37	8	0	0x0000000000000100	VUNPCKLPD	AVX
2269	8852	2020	37	8	0	0x0000000000000100	VUNPCKLPD	AVX
2270	8855	2021	37	8	0	0x0000000000000100	VUNPCKLPS	AVX
2271	8856	2021	37	8	0	0x0000000000000100	VUNPCKLPS	AVX
2272	8861	2021	37	8	0	0x0000000000000100	VUNPCKLPS	AVX
2273	8862	2021	37	8	0	0x0000000000000100	VUNPCKLPS	AVX
2274	8825	2018	37	8	0	0x0000000000000100	VUNPCKHPD	AVX
2275	8826	2018	37	8	0	0x0000000000000100	VUNPCKHPD	AVX
2276	8831	2018	37	8	0	0x0000000000000100	VUNPCKHPD	AVX
2277	8832	2018	37	8	0	0x0000000000000100	VUNPCKHPD	AVX
2278	8835	2019	37	8	0	0x0000000000000100	VUNPCKHPS	AVX
2279	8836	2019	37	8	0	0x0000000000000100	VUNPCKHPS	AVX
2280	8841	2019	37	8	0	0x0000000000000100	VUNPCKHPS	AVX
2281	8842	2019	37	8	0	0x0000000000000100	VUNPCKHPS	AVX
2282	5844	1777	37	8	0	0x0000000000000100	VMOVHPD	AVX
2283	5848	1778	37	8	0	0x0000000000000100	VMOVHPS	AVX
2284	5850	1779	37	8	0	0x0000000000000100	VMOVLHPS	AVX
2285	5916	1790	37	8	0	0x0000000000000100	VMOVSHDUP	AVX
2286	5917	1790	37	8	0	0x0000000000000100	VMOVSHDUP	AVX
2287	5922	1790	37	8	0	0x0000000000000100	VMOVSHDUP	AVX
2288	5923	1790	37	8	0	0x0000000000000100	VMOVSHDUP	AVX
2289	5843	1777	37	8	0	0x0000000000000100	VMOVHPD	AVX
2290	5847	1778	37	8	0	0x0000000000000100	VMOVHPS	AVX
2291	5720	1189	37	8	0	0x0000000000000100	VMOVAPD	AVX
2292	5721	1189	37	8	0	0x0000000000000100	VMOVAPD	AVX
2293	5727	1189	37	8	0	0x0000000000000100	VMOVAPD	AVX
2294	5728	1189	37	8	0	0x0000000000000100	VMOVAPD	AVX
2295	5737	1188	37	8	0	0x0000000000000100	VMOVAPS	AVX
2296	5738	1188	37	8	0	0x0000000000000100	VMOVAPS	AVX
2297	5744	1188	37	8	0	0x0000000000000100	VMOVAPS	AVX
2298	5745	1188	37	8	0	0x0000000000000100	VMOVAPS	AVX
2299	5715	1189	37	8	0	0x0000000000000100	VMOVAPD	AVX
2300	5719	1189	37	8	0	0x0000000000000100	VMOVAPD	AVX
2301	5722	1189	37	8	0	0x0000000000000100	VMOVAPD	AVX
2302	5729	1189	37	8	0	0x0000000000000100	VMOVAPD	AVX
2303	5732	1188	37	8	0	0x0000000000000100	VMOVAPS	AVX
2304	5736	1188	37	8	0	0x0000000000000100	VMOVAPS	AVX
2305	5739	1188	37	8	0	0x0000000000000100	VMOVAPS	AVX
2306	5746	1188	37	8	0	0x0000000000000100	VMOVAPS	AVX
2307	4131	1582	37	8	0	0x0000000000000100	VCVTSI2SD	AVX
2308	4131	1582	37	8	0	0x0000000000000100	VCVTSI2SD	AVX
2309	4132	1582	37	8	0	0x0000000000000100	VCVTSI2SD	AVX
2310	4133	1582	37	8	0	0x0000000000000100	VCVTSI2SD	AVX
2311	4133	1582	37	8	0	0x0000000000000100	VCVTSI2SD	AVX
2312	4134	1582	37	8	0	0x0000000000000100	VCVTSI2SD	AVX
2313	4143	1584	37	8	0	0x0000000000000100	VCVTSI2SS	AVX
2314	4143	1584	37	8	0	0x0000000000000100	VCVTSI2SS	AVX
2315	4144	1584	37	8	0	0x0000000000000100	VCVTSI2SS	AVX
2316	4145	1584	37	8	0	0x0000000000000100	VCVTSI2SS	AVX
2317	4145	1584	37	8	0	0x0000000000000100	VCVTSI2SS	AVX
2318	4146	1584	37	8	0	0x0000000000000100	VCVTSI2SS	AVX
2319	5874	1193	37	8	0	0x0000000000000100	VMOVNTPD	AVX
2320	5878	1193	37	8	0	0x0000000000000100	VMOVNTPD	AVX
2321	5879	1192	37	8	0	0x0000000000000100	VMOVNTPS	AVX
2322	5883	1192	37	8	0	0x0000000000000100	VMOVNTPS	AVX
2323	4349	1614	37	8	0	0x0000000000000100	VCVTTSD2SI	AVX
2324	4349	1614	37	8	0	0x0000000000000100	VCVTTSD2SI	AVX
2325	4350	1614	37	8	0	0x0000000000000100	VCVTTSD2SI	AVX
2326	4350	1614	37	8	0	0x0000000000000100	VCVTTSD2SI	AVX
2327	4355	1614	37	8	0	0x0000000000000100	VCVTTSD2SI	AVX
2328	4356	1614	37	8	0	0x0000000000000100	VCVTTSD2SI	AVX
2329	4377	1620	37	8	0	0x0000000000000100	VCVTTSS2SI	AVX
2330	4377	1620	37	8	0	0x0000000000000100	VCVTTSS2SI	AVX
2331	4378	1620	37	8	0	0x0000000000000100	VCVTTSS2SI	AVX
2332	4378	1620	37	8	0	0x0000000000000100	VCVTTSS2SI	AVX
2333	4383	1620	37	8	0	0x0000000000000100	VCVTTSS2SI	AVX
2334	4384	1620	37	8	0	0x0000000000000100	VCVTTSS2SI	AVX
2335	4103	1576	37	8	0	0x0000000000000100	VCVTSD2SI	AVX
2336	4103	1576	37	8	0	0x0000000000000100	VCVTSD2SI	AVX
2337	4104	1576	37	8	0	0x0000000000000100	VCVTSD2SI	AVX
2338	4104	1576	37	8	0	0x0000000000000100	VCVTSD2SI	AVX
2339	4109	1576	37	8	0	0x0000000000000100	VCVTSD2SI	AVX
2340	4110	1576	37	8	0	0x0000000000000100	VCVTSD2SI	AVX
2341	4157	1586	37	8	0	0x0000000000000100	VCVTSS2SI	AVX
2342	4157	1586	37	8	0	0x0000000000000100	VCVTSS2SI	AVX
2343	4158	1586	37	8	0	0x0000000000000100	VCVTSS2SI	AVX
2344	4158	1586	37	8	0	0x0000000000000100	VCVTSS2SI	AVX
2345	4163	1586	37	8	0	0x0000000000000100	VCVTSS2SI	AVX
2346	4164	1586	37	8	0	0x0000000000000100	VCVTSS2SI	AVX
2347	8803	2011	37	8	0	0x0000000000000100	VUCOMISD	AVX
2348	8804	2011	37	8	0	0x0000000000000100	VUCOMISD	AVX
2349	8809	2013	37	8	0	0x0000000000000100	VUCOMISS	AVX
2350	8810	2013	37	8	0	0x0000000000000100	VUCOMISS	AVX
2351	3629	1502	37	8	0	0x0000000000000100	VCOMISD	AVX
2352	3630	1502	37	8	0	0x0000000000000100	VCOMISD	AVX
2353	3633	1504	37	8	0	0x0000000000000100	VCOMISS	AVX
2354	3634	1504	37	8	0	0x0000000000000100	VCOMISS	AVX
2355	1488	958	175	123	1	0x0800000000000000	KANDB	AVX512DQ_KOPB
2356	1489	959	166	114	1	0x0004000000000000	KANDD	AVX512BW_KOPD
2357	1494	963	167	115	1	0x0008000000000000	KANDQ	AVX512BW_KOPQ
2358	1495	944	184	132	2	0x0000000000000010	KANDW	AVX512F_KOPW
2359	1490	960	175	123	1	0x0800000000000000	KANDNB	AVX512DQ_KOPB
2360	1491	961	166	114	1	0x0004000000000000	KANDND	AVX512BW_KOPD
2361	1492	962	167	115	1	0x0008000000000000	KANDNQ	AVX512BW_KOPQ
2362	1493	943	184	132	2	0x0000000000000010	KANDNW	AVX512F_KOPW
2363	1536	967	175	123	1	0x0800000000000000	KNOTB	AVX512DQ_KOPB
2364	1537	968	166	114	1	0x0004000000000000	KNOTD	AVX512BW_KOPD
2365	1538	969	167	115	1	0x0008000000000000	KNOTQ	AVX512BW_KOPQ
2366	1539	946	184	132	2	0x0000000000000010	KNOTW	AVX512F_KOPW
2367	1540	970	175	123	1	0x0800000000000000	KORB	AVX512DQ_KOPB
2368	1541	971	166	114	1	0x0004000000000000	KORD	AVX512BW_KOPD
2369	1542	972	167	115	1	0x0008000000000000	KORQ	AVX512BW_KOPQ
2370	1547	948	184	132	2	0x0000000000000010	KORW	AVX512F_KOPW
2371	1563	988	175	123	1	0x0800000000000000	KXNORB	AVX512DQ_KOPB
2372	1564	989	166	114	1	0x0004000000000000	KXNORD	AVX512BW_KOPD
2373	1565	990	167	115	1	0x0008000000000000	KXNORQ	AVX512BW_KOPQ
2374	1566	952	184	132	2	0x0000000000000010	KXNORW	AVX512F_KOPW
2375	1567	991	175	123	1	0x0800000000000000	KXORB	AVX512DQ_KOPB
2376	1568	992	166	114	1	0x0004000000000000	KXORD	AVX512BW_KOPD
2377	1569	993	167	115	1	0x0008000000000000	KXORQ	AVX512BW_KOPQ
2378	1570	953	184	132	2	0x0000000000000010	KXORW	AVX512F_KOPW
2379	1484	954	175	123	1	0x0800000000000000	KADDB	AVX512DQ_KOPB
2380	1485	955	166	114	1	0x0004000000000000	KADDD	AVX512BW_KOPD
2381	1486	956	167	115	1	0x0008000000000000	KADDQ	AVX512BW_KOPQ
2382	1487	957	176	124	1	0x1000000000000000	KADDW	AVX512DQ_KOPW
2383	1560	951	184	132	2	0x0000000000000010	KUNPCKBW	AVX512F_KOPW
2384	1561	986	167	115	1	0x0008000000000000	KUNPCKDQ	AVX512BW_KOPQ
2385	1562	987	166	114	1	0x0004000000000000	KUNPCKWD	AVX512BW_KOPD
2386	5860	1197	37	8	0	0x0000000000000100	VMOVMSKPD	AVX
2387	5861	1197	37	8	0	0x0000000000000100	VMOVMSKPD	AVX
2388	5862	1196	37	8	0	0x0000000000000100	VMOVMSKPS	AVX
2389	5863	1196	37	8	0	0x0000000000000100	VMOVMSKPS	AVX
2390	8716	903	37	8	0	0x0000000000000100	VSQRTPD	AVX
2391	8717	903	37	8	0	0x0000000000000100	VSQRTPD	AVX
2392	8722	903	37	8	0	0x0000000000000100	VSQRTPD	AVX
2393	8723	903	37	8	0	0x0000000000000100	VSQRTPD	AVX
2394	8732	904	37	8	0	0x0000000000000100	VSQRTPS	AVX
2395	8733	904	37	8	0	0x0000000000000100	VSQRTPS	AVX
2396	8738	904	37	8	0	0x0000000000000100	VSQRTPS	AVX
2397	8739	904	37	8	0	0x0000000000000100	VSQRTPS	AVX
2398	8742	905	37	8	0	0x0000000000000100	VSQRTSD	AVX
2399	8743	905	37	8	0	0x0000000000000100	VSQRTSD	AVX
2400	8748	906	37	8	0	0x0000000000000100	VSQRTSS	AVX
2401	8749	906	37	8	0	0x0000000000000100	VSQRTSS	AVX
2402	8587	901	37	8	0	0x0000000000000100	VRSQRTPS	AVX
2403	8588	901	37	8	0	0x0000000000000100	VRSQRTPS	AVX
2404	8589	901	37	8	0	0x0000000000000100	VRSQRTPS	AVX
2405	8590	901	37	8	0	0x0000000000000100	VRSQRTPS	AVX
2406	8593	902	37	8	0	0x0000000000000100	VRSQRTSS	AVX
2407	8594	902	37	8	0	0x0000000000000100	VRSQRTSS	AVX
2408	8471	899	37	8	0	0x0000000000000100	VRCPPS	AVX
2409	8472	899	37	8	0	0x0000000000000100	VRCPPS	AVX
2410	8473	899	37	8	0	0x0000000000000100	VRCPPS	AVX
2411	8474	899	37	8	0	0x0000000000000100	VRCPPS	AVX
2412	8477	900	37	8	0	0x0000000000000100	VRCPSS	AVX
2413	8478	900	37	8	0	0x0000000000000100	VRCPSS	AVX
2414	3491	635	37	8	0	0x0000000000000100	VANDPD	AVX
2415	3492	635	37	8	0	0x0000000000000100	VANDPD	AVX
2416	3495	635	37	8	0	0x0000000000000100	VANDPD	AVX
2417	3496	635	37	8	0	0x0000000000000100	VANDPD	AVX
2418	3501	634	37	8	0	0x0000000000000100	VANDPS	AVX
2419	3502	634	37	8	0	0x0000000000000100	VANDPS	AVX
2420	3505	634	37	8	0	0x0000000000000100	VANDPS	AVX
2421	3506	634	37	8	0	0x0000000000000100	VANDPS	AVX
2422	3471	637	37	8	0	0x0000000000000100	VANDNPD	AVX
2423	3472	637	37	8	0	0x0000000000000100	VANDNPD	AVX
2424	3475	637	37	8	0	0x0000000000000100	VANDNPD	AVX
2425	3476	637	37	8	0	0x0000000000000100	VANDNPD	AVX
2426	3481	636	37	8	0	0x0000000000000100	VANDNPS	AVX
2427	3482	636	37	8	0	0x0000000000000100	VANDNPS	AVX
2428	3485	636	37	8	0	0x0000000000000100	VANDNPS	AVX
2429	3486	636	37	8	0	0x0000000000000100	VANDNPS	AVX
2430	6054	639	37	8	0	0x0000000000000100	VORPD	AVX
2431	6055	639	37	8	0	0x0000000000000100	VORPD	AVX
2432	6058	639	37	8	0	0x0000000000000100	VORPD	AVX
2433	6059	639	37	8	0	0x0000000000000100	VORPD	AVX
2434	6064	638	37	8	0	0x0000000000000100	VORPS	AVX
2435	6065	638	37	8	0	0x0000000000000100	VORPS	AVX
2436	6068	638	37	8	0	0x0000000000000100	VORPS	AVX
2437	6069	638	37	8	0	0x0000000000000100	VORPS	AVX
2438	8865	641	37	8	0	0x0000000000000100	VXORPD	AVX
2439	8866	641	37	8	0	0x0000000000000100	VXORPD	AVX
2440	8869	641	37	8	0	0x0000000000000100	VXORPD	AVX
2441	8870	641	37	8	0	0x0000000000000100	VXORPD	AVX
2442	8875	640	37	8	0	0x0000000000000100	VXORPS	AVX
2443	8876	640	37	8	0	0x0000000000000100	VXORPS	AVX
2444	8879	640	37	8	0	0x0000000000000100	VXORPS	AVX
2445	8880	640	37	8	0	0x0000000000000100	VXORPS	AVX
2446	3371	611	37	8	0	0x0000000000000100	VADDPD	AVX
2447	3372	611	37	8	0	0x0000000000000100	VADDPD	AVX
2448	3377	611	37	8	0	0x0000000000000100	VADDPD	AVX
2449	3378	611	37	8	0	0x0000000000000100	VADDPD	AVX
2450	3387	610	37	8	0	0x0000000000000100	VADDPS	AVX
2451	3388	610	37	8	0	0x0000000000000100	VADDPS	AVX
2452	3393	610	37	8	0	0x0000000000000100	VADDPS	AVX
2453	3394	610	37	8	0	0x0000000000000100	VADDPS	AVX
2454	3397	613	37	8	0	0x0000000000000100	VADDSD	AVX
2455	3398	613	37	8	0	0x0000000000000100	VADDSD	AVX
2456	3403	612	37	8	0	0x0000000000000100	VADDSS	AVX
2457	3404	612	37	8	0	0x0000000000000100	VADDSS	AVX
2458	6012	619	37	8	0	0x0000000000000100	VMULPD	AVX
2459	6013	619	37	8	0	0x0000000000000100	VMULPD	AVX
2460	6018	619	37	8	0	0x0000000000000100	VMULPD	AVX
2461	6019	619	37	8	0	0x0000000000000100	VMULPD	AVX
2462	6028	618	37	8	0	0x0000000000000100	VMULPS	AVX
2463	6029	618	37	8	0	0x0000000000000100	VMULPS	AVX
2464	6034	618	37	8	0	0x0000000000000100	VMULPS	AVX
2465	6035	618	37	8	0	0x0000000000000100	VMULPS	AVX
2466	6038	621	37	8	0	0x0000000000000100	VMULSD	AVX
2467	6039	621	37	8	0	0x0000000000000100	VMULSD	AVX
2468	6044	620	37	8	0	0x0000000000000100	VMULSS	AVX
2469	6045	620	37	8	0	0x0000000000000100	VMULSS	AVX
2470	3859	911	37	8	0	0x0000000000000100	VCVTPD2PS	AVX
2471	3860	911	37	8	0	0x0000000000000100	VCVTPD2PS	AVX
2472	3861	911	37	8	0	0x0000000000000100	VCVTPD2PS	AVX
2473	3862	911	37	8	0	0x0000000000000100	VCVTPD2PS	AVX
2474	4027	914	37	8	0	0x0000000000000100	VCVTPS2PD	AVX
2475	4028	914	37	8	0	0x0000000000000100	VCVTPS2PD	AVX
2476	4033	914	37	8	0	0x0000000000000100	VCVTPS2PD	AVX
2477	4034	914	37	8	0	0x0000000000000100	VCVTPS2PD	AVX
2478	4111	915	37	8	0	0x0000000000000100	VCVTSD2SS	AVX
2479	4112	915	37	8	0	0x0000000000000100	VCVTSD2SS	AVX
2480	4151	916	37	8	0	0x0000000000000100	VCVTSS2SD	AVX
2481	4152	916	37	8	0	0x0000000000000100	VCVTSS2SD	AVX
2482	3785	908	37	8	0	0x0000000000000100	VCVTDQ2PS	AVX
2483	3786	908	37	8	0	0x0000000000000100	VCVTDQ2PS	AVX
2484	3791	908	37	8	0	0x0000000000000100	VCVTDQ2PS	AVX
2485	3792	908	37	8	0	0x0000000000000100	VCVTDQ2PS	AVX
2486	3993	912	37	8	0	0x0000000000000100	VCVTPS2DQ	AVX
2487	3994	912	37	8	0	0x0000000000000100	VCVTPS2DQ	AVX
2488	3999	912	37	8	0	0x0000000000000100	VCVTPS2DQ	AVX
2489	4000	912	37	8	0	0x0000000000000100	VCVTPS2DQ	AVX
2490	4287	913	37	8	0	0x0000000000000100	VCVTTPS2DQ	AVX
2491	4288	913	37	8	0	0x0000000000000100	VCVTTPS2DQ	AVX
2492	4293	913	37	8	0	0x0000000000000100	VCVTTPS2DQ	AVX
2493	4294	913	37	8	0	0x0000000000000100	VCVTTPS2DQ	AVX
2494	8759	615	37	8	0	0x0000000000000100	VSUBPD	AVX
2495	8760	615	37	8	0	0x0000000000000100	VSUBPD	AVX
2496	8765	615	37	8	0	0x0000000000000100	VSUBPD	AVX
2497	8766	615	37	8	0	0x0000000000000100	VSUBPD	AVX
2498	8775	614	37	8	0	0x0000000000000100	VSUBPS	AVX
2499	8776	614	37	8	0	0x0000000000000100	VSUBPS	AVX
2500	8781	614	37	8	0	0x0000000000000100	VSUBPS	AVX
2501	8782	614	37	8	0	0x0000000000000100	VSUBPS	AVX
2502	8785	617	37	8	0	0x0000000000000100	VSUBSD	AVX
2503	8786	617	37	8	0	0x0000000000000100	VSUBSD	AVX
2504	8791	616	37	8	0	0x0000000000000100	VSUBSS	AVX
2505	8792	616	37	8	0	0x0000000000000100	VSUBSS	AVX
2506	5676	627	37	8	0	0x0000000000000100	VMINPD	AVX
2507	5677	627	37	8	0	0x0000000000000100	VMINPD	AVX
2508	5682	627	37	8	0	0x0000000000000100	VMINPD	AVX
2509	5683	627	37	8	0	0x0000000000000100	VMINPD	AVX
2510	5692	626	37	8	0	0x0000000000000100	VMINPS	AVX
2511	5693	626	37	8	0	0x0000000000000100	VMINPS	AVX
2512	5698	626	37	8	0	0x0000000000000100	VMINPS	AVX
2513	5699	626	37	8	0	0x0000000000000100	VMINPS	AVX
2514	5702	629	37	8	0	0x0000000000000100	VMINSD	AVX
2515	5703	629	37	8	0	0x0000000000000100	VMINSD	AVX
2516	5708	628	37	8	0	0x0000000000000100	VMINSS	AVX
2517	5709	628	37	8	0	0x0000000000000100	VMINSS	AVX
2518	4465	623	37	8	0	0x0000000000000100	VDIVPD	AVX
2519	4466	623	37	8	0	0x0000000000000100	VDIVPD	AVX
2520	4471	623	37	8	0	0x0000000000000100	VDIVPD	AVX
2521	4472	623	37	8	0	0x0000000000000100	VDIVPD	AVX
2522	4481	622	37	8	0	0x0000000000000100	VDIVPS	AVX
2523	4482	622	37	8	0	0x0000000000000100	VDIVPS	AVX
2524	4487	622	37	8	0	0x0000000000000100	VDIVPS	AVX
2525	4488	622	37	8	0	0x0000000000000100	VDIVPS	AVX
2526	4491	625	37	8	0	0x0000000000000100	VDIVSD	AVX
2527	4492	625	37	8	0	0x0000000000000100	VDIVSD	AVX
2528	4497	624	37	8	0	0x0000000000000100	VDIVSS	AVX
2529	4498	624	37	8	0	0x0000000000000100	VDIVSS	AVX
2530	5601	631	37	8	0	0x0000000000000100	VMAXPD	AVX
2531	5602	631	37	8	0	0x0000000000000100	VMAXPD	AVX
2532	5607	631	37	8	0	0x0000000000000100	VMAXPD	AVX
2533	5608	631	37	8	0	0x0000000000000100	VMAXPD	AVX
2534	5617	630	37	8	0	0x0000000000000100	VMAXPS	AVX
2535	5618	630	37	8	0	0x0000000000000100	VMAXPS	AVX
2536	5623	630	37	8	0	0x0000000000000100	VMAXPS	AVX
2537	5624	630	37	8	0	0x0000000000000100	VMAXPS	AVX
2538	5627	633	37	8	0	0x0000000000000100	VMAXSD	AVX
2539	5628	633	37	8	0	0x0000000000000100	VMAXSD	AVX
2540	5633	632	37	8	0	0x0000000000000100	VMAXSS	AVX
2541	5634	632	37	8	0	0x0000000000000100	VMAXSS	AVX
2542	8363	1930	37	8	0	0x0000000000000100	VPUNPCKLBW	AVX
2543	8364	1930	37	8	0	0x0000000000000100	VPUNPCKLBW	AVX
2544	8367	1930	46	9	0	0x0000000000000200	VPUNPCKLBW	AVX2
2545	8368	1930	46	9	0	0x0000000000000200	VPUNPCKLBW	AVX2
2546	8393	1933	37	8	0	0x0000000000000100	VPUNPCKLWD	AVX
2547	8394	1933	37	8	0	0x0000000000000100	VPUNPCKLWD	AVX
2548	8397	1933	46	9	0	0x0000000000000200	VPUNPCKLWD	AVX2
2549	8398	1933	46	9	0	0x0000000000000200	VPUNPCKLWD	AVX2
2550	8373	1931	37	8	0	0x0000000000000100	VPUNPCKLDQ	AVX
2551	8374	1931	37	8	0	0x0000000000000100	VPUNPCKLDQ	AVX
2552	8377	1931	46	9	0	0x0000000000000200	VPUNPCKLDQ	AVX2
2553	8378	1931	46	9	0	0x0000000000000200	VPUNPCKLDQ	AVX2
2554	6134	1804	37	8	0	0x0000000000000100	VPACKSSWB	AVX
2555	6135	1804	37	8	0	0x0000000000000100	VPACKSSWB	AVX
2556	6140	1804	46	9	0	0x0000000000000200	VPACKSSWB	AVX2
2557	6141	1804	46	9	0	0x0000000000000200	VPACKSSWB	AVX2
2558	6482	657	37	8	0	0x0000000000000100	VPCMPGTB	AVX
2559	6483	657	37	8	0	0x0000000000000100	VPCMPGTB	AVX
2560	6484	657	46	9	0	0x0000000000000200	VPCMPGTB	AVX2
2561	6485	657	46	9	0	0x0000000000000200	VPCMPGTB	AVX2
2562	6512	658	37	8	0	0x0000000000000100	VPCMPGTW	AVX
2563	6513	658	37	8	0	0x0000000000000100	VPCMPGTW	AVX
2564	6514	658	46	9	0	0x0000000000000200	VPCMPGTW	AVX2
2565	6515	658	46	9	0	0x0000000000000200	VPCMPGTW	AVX2
2566	6492	659	37	8	0	0x0000000000000100	VPCMPGTD	AVX
2567	6493	659	37	8	0	0x0000000000000100	VPCMPGTD	AVX
2568	6494	659	46	9	0	0x0000000000000200	VPCMPGTD	AVX2
2569	6495	659	46	9	0	0x0000000000000200	VPCMPGTD	AVX2
2570	6154	1806	37	8	0	0x0000000000000100	VPACKUSWB	AVX
2571	6155	1806	37	8	0	0x0000000000000100	VPACKUSWB	AVX
2572	6158	1806	46	9	0	0x0000000000000200	VPACKUSWB	AVX2
2573	6159	1806	46	9	0	0x0000000000000200	VPACKUSWB	AVX2
2574	8323	1926	37	8	0	0x0000000000000100	VPUNPCKHBW	AVX
2575	8324	1926	37	8	0	0x0000000000000100	VPUNPCKHBW	AVX
2576	8327	1926	46	9	0	0x0000000000000200	VPUNPCKHBW	AVX2
2577	8328	1926	46	9	0	0x0000000000000200	VPUNPCKHBW	AVX2
2578	8353	1929	37	8	0	0x0000000000000100	VPUNPCKHWD	AVX
2579	8354	1929	37	8	0	0x0000000000000100	VPUNPCKHWD	AVX
2580	8357	1929	46	9	0	0x0000000000000200	VPUNPCKHWD	AVX2
2581	8358	1929	46	9	0	0x0000000000000200	VPUNPCKHWD	AVX2
2582	8333	1927	37	8	0	0x0000000000000100	VPUNPCKHDQ	AVX
2583	8334	1927	37	8	0	0x0000000000000100	VPUNPCKHDQ	AVX
2584	8337	1927	46	9	0	0x0000000000000200	VPUNPCKHDQ	AVX2
2585	8338	1927	46	9	0	0x0000000000000200	VPUNPCKHDQ	AVX2
2586	6124	1803	37	8	0	0x0000000000000100	VPACKSSDW	AVX
2587	6125	1803	37	8	0	0x0000000000000100	VPACKSSDW	AVX
2588	6130	1803	46	9	0	0x0000000000000200	VPACKSSDW	AVX2
2589	6131	1803	46	9	0	0x0000000000000200	VPACKSSDW	AVX2
2590	8383	1932	37	8	0	0x0000000000000100	VPUNPCKLQDQ	AVX
2591	8384	1932	37	8	0	0x0000000000000100	VPUNPCKLQDQ	AVX
2592	8387	1932	46	9	0	0x0000000000000200	VPUNPCKLQDQ	AVX2
2593	8388	1932	46	9	0	0x0000000000000200	VPUNPCKLQDQ	AVX2
2594	8343	1928	37	8	0	0x0000000000000100	VPUNPCKHQDQ	AVX
2595	8344	1928	37	8	0	0x0000000000000100	VPUNPCKHQDQ	AVX
2596	8347	1928	46	9	0	0x0000000000000200	VPUNPCKHQDQ	AVX2
2597	8348	1928	46	9	0	0x0000000000000200	VPUNPCKHQDQ	AVX2
2598	5834	1768	37	8	0	0x0000000000000100	VMOVD	AVX
2599	5834	1768	37	8	0	0x0000000000000100	VMOVD	AVX
2600	5835	1768	37	8	0	0x0000000000000100	VMOVD	AVX
2601	5835	1768	37	8	0	0x0000000000000100	VMOVD	AVX
2602	5889	1783	37	8	0	0x0000000000000100	VMOVQ	AVX
2603	5890	1783	37	8	0	0x0000000000000100	VMOVQ	AVX
2604	5779	1190	37	8	0	0x0000000000000100	VMOVDQA	AVX
2605	5780	1190	37	8	0	0x0000000000000100	VMOVDQA	AVX
2606	5782	1190	37	8	0	0x0000000000000100	VMOVDQA	AVX
2607	5783	1190	37	8	0	0x0000000000000100	VMOVDQA	AVX
2608	5823	1191	37	8	0	0x0000000000000100	VMOVDQU	AVX
2609	5824	1191	37	8	0	0x0000000000000100	VMOVDQU	AVX
2610	5826	1191	37	8	0	0x0000000000000100	VMOVDQU	AVX
2611	5827	1191	37	8	0	0x0000000000000100	VMOVDQU	AVX
2612	7891	1909	37	8	0	0x0000000000000100	VPSHUFD	AVX
2613	7892	1909	37	8	0	0x0000000000000100	VPSHUFD	AVX
2614	7895	1909	46	9	0	0x0000000000000200	VPSHUFD	AVX2
2615	7896	1909	46	9	0	0x0000000000000200	VPSHUFD	AVX2
2616	7901	1910	37	8	0	0x0000000000000100	VPSHUFHW	AVX
2617	7902	1910	37	8	0	0x0000000000000100	VPSHUFHW	AVX
2618	7905	1910	46	9	0	0x0000000000000200	VPSHUFHW	AVX2
2619	7906	1910	46	9	0	0x0000000000000200	VPSHUFHW	AVX2
2620	7911	1911	37	8	0	0x0000000000000100	VPSHUFLW	AVX
2621	7912	1911	37	8	0	0x0000000000000100	VPSHUFLW	AVX
2622	7915	1911	46	9	0	0x0000000000000200	VPSHUFLW	AVX2
2623	7916	1911	46	9	0	0x0000000000000200	VPSHUFLW	AVX2
2624	8003	1060	37	8	0	0x0000000000000100	VPSLLW	AVX
2625	8010	1060	46	9	0	0x0000000000000200	VPSLLW	AVX2
2626	8073	1059	37	8	0	0x0000000000000100	VPSRAW	AVX
2627	8080	1059	46	9	0	0x0000000000000200	VPSRAW	AVX2
2628	8161	1058	37	8	0	0x0000000000000100	VPSRLW	AVX
2629	8168	1058	46	9	0	0x0000000000000200	VPSRLW	AVX2
2630	7941	1057	37	8	0	0x0000000000000100	VPSLLD	AVX
2631	7948	1057	46	9	0	0x0000000000000200	VPSLLD	AVX2
2632	8021	1055	37	8	0	0x0000000000000100	VPSRAD	AVX
2633	8028	1055	46	9	0	0x0000000000000200	VPSRAD	AVX2
2634	8099	1054	37	8	0	0x0000000000000100	VPSRLD	AVX
2635	8106	1054	46	9	0	0x0000000000000200	VPSRLD	AVX2
2636	7933	1064	37	8	0	0x0000000000000100	VPSLLDQ	AVX
2637	7936	1064	46	9	0	0x0000000000000200	VPSLLDQ	AVX2
2638	7959	1063	37	8	0	0x0000000000000100	VPSLLQ	AVX
2639	7966	1063	46	9	0	0x0000000000000200	VPSLLQ	AVX2
2640	8091	1062	37	8	0	0x0000000000000100	VPSRLDQ	AVX
2641	8094	1062	46	9	0	0x0000000000000200	VPSRLDQ	AVX2
2642	8117	1061	37	8	0	0x0000000000000100	VPSRLQ	AVX
2643	8124	1061	46	9	0	0x0000000000000200	VPSRLQ	AVX2
2644	6434	654	37	8	0	0x0000000000000100	VPCMPEQB	AVX
2645	6435	654	37	8	0	0x0000000000000100	VPCMPEQB	AVX
2646	6436	654	46	9	0	0x0000000000000200	VPCMPEQB	AVX2
2647	6437	654	46	9	0	0x0000000000000200	VPCMPEQB	AVX2
2648	6464	655	37	8	0	0x0000000000000100	VPCMPEQW	AVX
2649	6465	655	37	8	0	0x0000000000000100	VPCMPEQW	AVX
2650	6466	655	46	9	0	0x0000000000000200	VPCMPEQW	AVX2
2651	6467	655	46	9	0	0x0000000000000200	VPCMPEQW	AVX2
2652	6444	656	37	8	0	0x0000000000000100	VPCMPEQD	AVX
2653	6445	656	37	8	0	0x0000000000000100	VPCMPEQD	AVX
2654	6446	656	46	9	0	0x0000000000000200	VPCMPEQD	AVX2
2655	6447	656	46	9	0	0x0000000000000200	VPCMPEQD	AVX2
2656	8885	270	37	8	0	0x0000000000000100	VZEROALL	AVX
2657	8886	271	37	8	0	0x0000000000000100	VZEROUPPER	AVX
2658	5535	895	37	8	0	0x0000000000000100	VHADDPD	AVX
2659	5536	895	37	8	0	0x0000000000000100	VHADDPD	AVX
2660	5537	895	37	8	0	0x0000000000000100	VHADDPD	AVX
2661	5538	895	37	8	0	0x0000000000000100	VHADDPD	AVX
2662	5539	896	37	8	0	0x0000000000000100	VHADDPS	AVX
2663	5540	896	37	8	0	0x0000000000000100	VHADDPS	AVX
2664	5541	896	37	8	0	0x0000000000000100	VHADDPS	AVX
2665	5542	896	37	8	0	0x0000000000000100	VHADDPS	AVX
2666	5543	897	37	8	0	0x0000000000000100	VHSUBPD	AVX
2667	5544	897	37	8	0	0x0000000000000100	VHSUBPD	AVX
2668	5545	897	37	8	0	0x0000000000000100	VHSUBPD	AVX
2669	5546	897	37	8	0	0x0000000000000100	VHSUBPD	AVX
2670	5547	898	37	8	0	0x0000000000000100	VHSUBPS	AVX
2671	5548	898	37	8	0	0x0000000000000100	VHSUBPS	AVX
2672	5549	898	37	8	0	0x0000000000000100	VHSUBPS	AVX
2673	5550	898	37	8	0	0x0000000000000100	VHSUBPS	AVX
2674	5829	1768	37	8	0	0x0000000000000100	VMOVD	AVX
2675	5829	1768	37	8	0	0x0000000000000100	VMOVD	AVX
2676	5831	1768	37	8	0	0x0000000000000100	VMOVD	AVX
2677	5831	1768	37	8	0	0x0000000000000100	VMOVD	AVX
2678	5884	1783	37	8	0	0x0000000000000100	VMOVQ	AVX
2679	5886	1783	37	8	0	0x0000000000000100	VMOVQ	AVX
2680	5891	1783	37	8	0	0x0000000000000100	VMOVQ	AVX
2681	5892	1783	37	8	0	0x0000000000000100	VMOVQ	AVX
2682	5777	1190	37	8	0	0x0000000000000100	VMOVDQA	AVX
2683	5778	1190	37	8	0	0x0000000000000100	VMOVDQA	AVX
2684	5781	1190	37	8	0	0x0000000000000100	VMOVDQA	AVX
2685	5784	1190	37	8	0	0x0000000000000100	VMOVDQA	AVX
2686	5821	1191	37	8	0	0x0000000000000100	VMOVDQU	AVX
2687	5822	1191	37	8	0	0x0000000000000100	VMOVDQU	AVX
2688	5825	1191	37	8	0	0x0000000000000100	VMOVDQU	AVX
2689	5828	1191	37	8	0	0x0000000000000100	VMOVDQU	AVX
2690	1501	964	175	123	1	0x0800000000000000	KMOVB	AVX512DQ_KOPB
2691	1503	964	175	123	1	0x0800000000000000	KMOVB	AVX512DQ_KOPB
2692	1511	965	166	114	1	0x0004000000000000	KMOVD	AVX512BW_KOPD
2693	1513	965	166	114	1	0x0004000000000000	KMOVD	AVX512BW_KOPD
2694	1521	966	167	115	1	0x0008000000000000	KMOVQ	AVX512BW_KOPQ
2695	1523	966	167	115	1	0x0008000000000000	KMOVQ	AVX512BW_KOPQ
2696	1531	945	184	132	2	0x0000000000000010	KMOVW	AVX512F_KOPW
2697	1533	945	184	132	2	0x0000000000000010	KMOVW	AVX512F_KOPW
2698	1505	964	175	123	1	0x0800000000000000	KMOVB	AVX512DQ_KOPB
2699	1515	965	166	114	1	0x0004000000000000	KMOVD	AVX512BW_KOPD
2700	1525	966	167	115	1	0x0008000000000000	KMOVQ	AVX512BW_KOPQ
2701	1535	945	184	132	2	0x0000000000000010	KMOVW	AVX512F_KOPW
2702	1499	964	175	123	1	0x0800000000000000	KMOVB	AVX512DQ_KOPB
2703	1509	965	166	114	1	0x0004000000000000	KMOVD	AVX512BW_KOPD
2704	1509	965	166	114	1	0x0004000000000000	KMOVD	AVX512BW_KOPD
2705	1519	966	167	115	1	0x0008000000000000	KMOVQ	AVX512BW_KOPQ
2706	1529	945	184	132	2	0x0000000000000010	KMOVW	AVX512F_KOPW
2707	1497	964	175	123	1	0x0800000000000000	KMOVB	AVX512DQ_KOPB
2708	1507	965	166	114	1	0x0004000000000000	KMOVD	AVX512BW_KOPD
2709	1507	965	166	114	1	0x0004000000000000	KMOVD	AVX512BW_KOPD
2710	1517	966	167	115	1	0x0008000000000000	KMOVQ	AVX512BW_KOPQ
2711	1527	945	184	132	2	0x0000000000000010	KMOVW	AVX512F_KOPW
2712	1543	973	175	123	1	0x0800000000000000	KORTESTB	AVX512DQ_KOPB
2713	1544	974	166	114	1	0x0004000000000000	KORTESTD	AVX512BW_KOPD
2714	1545	975	167	115	1	0x0008000000000000	KORTESTQ	AVX512BW_KOPQ
2715	1546	947	184	132	2	0x0000000000000010	KORTESTW	AVX512F_KOPW
2716	1556	982	175	123	1	0x0800000000000000	KTESTB	AVX512DQ_KOPB
2717	1557	983	166	114	1	0x0004000000000000	KTESTD	AVX512BW_KOPD
2718	1558	984	167	115	1	0x0008000000000000	KTESTQ	AVX512BW_KOPQ
2719	1559	985	176	124	1	0x1000000000000000	KTESTW	AVX512DQ_KOPW
2720	5585	1751	37	8	0	0x0000000000000100	VLDMXCSR	AVX
2721	8752	2006	37	8	0	0x0000000000000100	VSTMXCSR	AVX
2722	3595	1495	37	8	0	0x0000000000000100	VCMPPD	AVX
2723	3596	1495	37	8	0	0x0000000000000100	VCMPPD	AVX
2724	3597	1495	37	8	0	0x0000000000000100	VCMPPD	AVX
2725	3598	1495	37	8	0	0x0000000000000100	VCMPPD	AVX
2726	3611	1497	37	8	0	0x0000000000000100	VCMPPS	AVX
2727	3612	1497	37	8	0	0x0000000000000100	VCMPPS	AVX
2728	3613	1497	37	8	0	0x0000000000000100	VCMPPS	AVX
2729	3614	1497	37	8	0	0x0000000000000100	VCMPPS	AVX
2730	3617	1498	37	8	0	0x0000000000000100	VCMPSD	AVX
2731	3618	1498	37	8	0	0x0000000000000100	VCMPSD	AVX
2732	3623	1500	37	8	0	0x0000000000000100	VCMPSS	AVX
2733	3624	1500	37	8	0	0x0000000000000100	VCMPSS	AVX
2734	7072	1862	37	8	0	0x0000000000000100	VPINSRW	AVX
2735	7073	1862	37	8	0	0x0000000000000100	VPINSRW	AVX
2736	6979	1846	37	8	0	0x0000000000000100	VPEXTRW	AVX
2737	8664	2001	37	8	0	0x0000000000000100	VSHUFPD	AVX
2738	8665	2001	37	8	0	0x0000000000000100	VSHUFPD	AVX
2739	8670	2001	37	8	0	0x0000000000000100	VSHUFPD	AVX
2740	8671	2001	37	8	0	0x0000000000000100	VSHUFPD	AVX
2741	8674	2002	37	8	0	0x0000000000000100	VSHUFPS	AVX
2742	8675	2002	37	8	0	0x0000000000000100	VSHUFPS	AVX
2743	8680	2002	37	8	0	0x0000000000000100	VSHUFPS	AVX
2744	8681	2002	37	8	0	0x0000000000000100	VSHUFPS	AVX
2745	3407	893	37	8	0	0x0000000000000100	VADDSUBPD	AVX
2746	3408	893	37	8	0	0x0000000000000100	VADDSUBPD	AVX
2747	3409	893	37	8	0	0x0000000000000100	VADDSUBPD	AVX
2748	3410	893	37	8	0	0x0000000000000100	VADDSUBPD	AVX
2749	3411	894	37	8	0	0x0000000000000100	VADDSUBPS	AVX
2750	3412	894	37	8	0	0x0000000000000100	VADDSUBPS	AVX
2751	3413	894	37	8	0	0x0000000000000100	VADDSUBPS	AVX
2752	3414	894	37	8	0	0x0000000000000100	VADDSUBPS	AVX
2753	8162	1058	37	8	0	0x0000000000000100	VPSRLW	AVX
2754	8163	1058	37	8	0	0x0000000000000100	VPSRLW	AVX
2755	8169	1058	46	9	0	0x0000000000000200	VPSRLW	AVX2
2756	8170	1058	46	9	0	0x0000000000000200	VPSRLW	AVX2
2757	8100	1054	37	8	0	0x0000000000000100	VPSRLD	AVX
2758	8101	1054	37	8	0	0x0000000000000100	VPSRLD	AVX
2759	8107	1054	46	9	0	0x0000000000000200	VPSRLD	AVX2
2760	8108	1054	46	9	0	0x0000000000000200	VPSRLD	AVX2
2761	8118	1061	37	8	0	0x0000000000000100	VPSRLQ	AVX
2762	8119	1061	37	8	0	0x0000000000000100	VPSRLQ	AVX
2763	8125	1061	46	9	0	0x0000000000000200	VPSRLQ	AVX2
2764	8126	1061	46	9	0	0x0000000000000200	VPSRLQ	AVX2
2765	6184	645	37	8	0	0x0000000000000100	VPADDQ	AVX
2766	6185	645	37	8	0	0x0000000000000100	VPADDQ	AVX
2767	6188	645	46	9	0	0x0000000000000200	VPADDQ	AVX2
2768	6189	645	46	9	0	0x0000000000000200	VPADDQ	AVX2
2769	7620	660	37	8	0	0x0000000000000100	VPMULLW	AVX
2770	7621	660	37	8	0	0x0000000000000100	VPMULLW	AVX
2771	7624	660	46	9	0	0x0000000000000200	VPMULLW	AVX2
2772	7625	660	46	9	0	0x0000000000000200	VPMULLW	AVX2
2773	5887	1783	37	8	0	0x0000000000000100	VMOVQ	AVX
2774	5893	1783	37	8	0	0x0000000000000100	VMOVQ	AVX
2775	7334	1873	37	8	0	0x0000000000000100	VPMOVMSKB	AVX
2776	7335	1873	46	9	0	0x0000000000000200	VPMOVMSKB	AVX2
2777	8229	1027	37	8	0	0x0000000000000100	VPSUBUSB	AVX
2778	8230	1027	37	8	0	0x0000000000000100	VPSUBUSB	AVX
2779	8233	1027	46	9	0	0x0000000000000200	VPSUBUSB	AVX2
2780	8234	1027	46	9	0	0x0000000000000200	VPSUBUSB	AVX2
2781	8239	1028	37	8	0	0x0000000000000100	VPSUBUSW	AVX
2782	8240	1028	37	8	0	0x0000000000000100	VPSUBUSW	AVX
2783	8243	1028	46	9	0	0x0000000000000200	VPSUBUSW	AVX2
2784	8244	1028	46	9	0	0x0000000000000200	VPSUBUSW	AVX2
2785	7268	668	37	8	0	0x0000000000000100	VPMINUB	AVX
2786	7269	668	37	8	0	0x0000000000000100	VPMINUB	AVX
2787	7272	668	46	9	0	0x0000000000000200	VPMINUB	AVX2
2788	7273	668	46	9	0	0x0000000000000200	VPMINUB	AVX2
2789	6282	650	37	8	0	0x0000000000000100	VPAND	AVX
2790	6283	650	37	8	0	0x0000000000000100	VPAND	AVX
2791	6284	650	46	9	0	0x0000000000000200	VPAND	AVX2
2792	6285	650	46	9	0	0x0000000000000200	VPAND	AVX2
2793	6214	1023	37	8	0	0x0000000000000100	VPADDUSB	AVX
2794	6215	1023	37	8	0	0x0000000000000100	VPADDUSB	AVX
2795	6218	1023	46	9	0	0x0000000000000200	VPADDUSB	AVX2
2796	6219	1023	46	9	0	0x0000000000000200	VPADDUSB	AVX2
2797	6224	1024	37	8	0	0x0000000000000100	VPADDUSW	AVX
2798	6225	1024	37	8	0	0x0000000000000100	VPADDUSW	AVX
2799	6228	1024	46	9	0	0x0000000000000200	VPADDUSW	AVX2
2800	6229	1024	46	9	0	0x0000000000000200	VPADDUSW	AVX2
2801	7196	666	37	8	0	0x0000000000000100	VPMAXUB	AVX
2802	7197	666	37	8	0	0x0000000000000100	VPMAXUB	AVX
2803	7200	666	46	9	0	0x0000000000000200	VPMAXUB	AVX2
2804	7201	666	46	9	0	0x0000000000000200	VPMAXUB	AVX2
2805	6272	651	37	8	0	0x0000000000000100	VPANDN	AVX
2806	6273	651	37	8	0	0x0000000000000100	VPANDN	AVX
2807	6274	651	46	9	0	0x0000000000000200	VPANDN	AVX2
2808	6275	651	46	9	0	0x0000000000000200	VPANDN	AVX2
2809	6286	663	37	8	0	0x0000000000000100	VPAVGB	AVX
2810	6287	663	37	8	0	0x0000000000000100	VPAVGB	AVX
2811	6290	663	46	9	0	0x0000000000000200	VPAVGB	AVX2
2812	6291	663	46	9	0	0x0000000000000200	VPAVGB	AVX2
2813	8074	1059	37	8	0	0x0000000000000100	VPSRAW	AVX
2814	8075	1059	37	8	0	0x0000000000000100	VPSRAW	AVX
2815	8081	1059	46	9	0	0x0000000000000200	VPSRAW	AVX2
2816	8082	1059	46	9	0	0x0000000000000200	VPSRAW	AVX2
2817	8022	1055	37	8	0	0x0000000000000100	VPSRAD	AVX
2818	8023	1055	37	8	0	0x0000000000000100	VPSRAD	AVX
2819	8029	1055	46	9	0	0x0000000000000200	VPSRAD	AVX2
2820	8030	1055	46	9	0	0x0000000000000200	VPSRAD	AVX2
2821	6296	664	37	8	0	0x0000000000000100	VPAVGW	AVX
2822	6297	664	37	8	0	0x0000000000000100	VPAVGW	AVX
2823	6300	664	46	9	0	0x0000000000000200	VPAVGW	AVX2
2824	6301	664	46	9	0	0x0000000000000200	VPAVGW	AVX2
2825	7584	1017	37	8	0	0x0000000000000100	VPMULHUW	AVX
2826	7585	1017	37	8	0	0x0000000000000100	VPMULHUW	AVX
2827	7588	1017	46	9	0	0x0000000000000200	VPMULHUW	AVX2
2828	7589	1017	46	9	0	0x0000000000000200	VPMULHUW	AVX2
2829	7594	1016	37	8	0	0x0000000000000100	VPMULHW	AVX
2830	7595	1016	37	8	0	0x0000000000000100	VPMULHW	AVX
2831	7598	1016	46	9	0	0x0000000000000200	VPMULHW	AVX2
2832	7599	1016	46	9	0	0x0000000000000200	VPMULHW	AVX2
2833	3769	907	37	8	0	0x0000000000000100	VCVTDQ2PD	AVX
2834	3770	907	37	8	0	0x0000000000000100	VCVTDQ2PD	AVX
2835	3775	907	37	8	0	0x0000000000000100	VCVTDQ2PD	AVX
2836	3776	907	37	8	0	0x0000000000000100	VCVTDQ2PD	AVX
2837	3843	909	37	8	0	0x0000000000000100	VCVTPD2DQ	AVX
2838	3844	909	37	8	0	0x0000000000000100	VCVTPD2DQ	AVX
2839	3845	909	37	8	0	0x0000000000000100	VCVTPD2DQ	AVX
2840	3846	909	37	8	0	0x0000000000000100	VCVTPD2DQ	AVX
2841	4187	910	37	8	0	0x0000000000000100	VCVTTPD2DQ	AVX
2842	4188	910	37	8	0	0x0000000000000100	VCVTTPD2DQ	AVX
2843	4189	910	37	8	0	0x0000000000000100	VCVTTPD2DQ	AVX
2844	4190	910	37	8	0	0x0000000000000100	VCVTTPD2DQ	AVX
2845	5869	1194	37	8	0	0x0000000000000100	VMOVNTDQ	AVX
2846	5870	1194	37	8	0	0x0000000000000100	VMOVNTDQ	AVX
2847	8209	1025	37	8	0	0x0000000000000100	VPSUBSB	AVX
2848	8210	1025	37	8	0	0x0000000000000100	VPSUBSB	AVX
2849	8215	1025	46	9	0	0x0000000000000200	VPSUBSB	AVX2
2850	8216	1025	46	9	0	0x0000000000000200	VPSUBSB	AVX2
2851	8219	1026	37	8	0	0x0000000000000100	VPSUBSW	AVX
2852	8220	1026	37	8	0	0x0000000000000100	VPSUBSW	AVX
2853	8225	1026	46	9	0	0x0000000000000200	VPSUBSW	AVX2
2854	8226	1026	46	9	0	0x0000000000000200	VPSUBSW	AVX2
2855	7258	667	37	8	0	0x0000000000000100	VPMINSW	AVX
2856	7259	667	37	8	0	0x0000000000000100	VPMINSW	AVX
2857	7264	667	46	9	0	0x0000000000000200	VPMINSW	AVX2
2858	7265	667	46	9	0	0x0000000000000200	VPMINSW	AVX2
2859	7682	652	37	8	0	0x0000000000000100	VPOR	AVX
2860	7683	652	37	8	0	0x0000000000000100	VPOR	AVX
2861	7684	652	46	9	0	0x0000000000000200	VPOR	AVX2
2862	7685	652	46	9	0	0x0000000000000200	VPOR	AVX2
2863	6194	1021	37	8	0	0x0000000000000100	VPADDSB	AVX
2864	6195	1021	37	8	0	0x0000000000000100	VPADDSB	AVX
2865	6200	1021	46	9	0	0x0000000000000200	VPADDSB	AVX2
2866	6201	1021	46	9	0	0x0000000000000200	VPADDSB	AVX2
2867	6204	1022	37	8	0	0x0000000000000100	VPADDSW	AVX
2868	6205	1022	37	8	0	0x0000000000000100	VPADDSW	AVX
2869	6210	1022	46	9	0	0x0000000000000200	VPADDSW	AVX2
2870	6211	1022	46	9	0	0x0000000000000200	VPADDSW	AVX2
2871	7186	665	37	8	0	0x0000000000000100	VPMAXSW	AVX
2872	7187	665	37	8	0	0x0000000000000100	VPMAXSW	AVX
2873	7192	665	46	9	0	0x0000000000000200	VPMAXSW	AVX2
2874	7193	665	46	9	0	0x0000000000000200	VPMAXSW	AVX2
2875	8415	653	37	8	0	0x0000000000000100	VPXOR	AVX
2876	8416	653	37	8	0	0x0000000000000100	VPXOR	AVX
2877	8417	653	46	9	0	0x0000000000000200	VPXOR	AVX2
2878	8418	653	46	9	0	0x0000000000000200	VPXOR	AVX2
2879	5583	1195	37	8	0	0x0000000000000100	VLDDQU	AVX
2880	5584	1195	37	8	0	0x0000000000000100	VLDDQU	AVX
2881	8004	1060	37	8	0	0x0000000000000100	VPSLLW	AVX
2882	8005	1060	37	8	0	0x0000000000000100	VPSLLW	AVX
2883	8011	1060	46	9	0	0x0000000000000200	VPSLLW	AVX2
2884	8012	1060	46	9	0	0x0000000000000200	VPSLLW	AVX2
2885	7942	1057	37	8	0	0x0000000000000100	VPSLLD	AVX
2886	7943	1057	37	8	0	0x0000000000000100	VPSLLD	AVX
2887	7949	1057	46	9	0	0x0000000000000200	VPSLLD	AVX2
2888	7950	1057	46	9	0	0x0000000000000200	VPSLLD	AVX2
2889	7960	1063	37	8	0	0x0000000000000100	VPSLLQ	AVX
2890	7961	1063	37	8	0	0x0000000000000100	VPSLLQ	AVX
2891	7967	1063	46	9	0	0x0000000000000200	VPSLLQ	AVX2
2892	7968	1063	46	9	0	0x0000000000000200	VPSLLQ	AVX2
2893	7636	661	37	8	0	0x0000000000000100	VPMULUDQ	AVX
2894	7637	661	37	8	0	0x0000000000000100	VPMULUDQ	AVX
2895	7640	661	46	9	0	0x0000000000000200	VPMULUDQ	AVX2
2896	7641	661	46	9	0	0x0000000000000200	VPMULUDQ	AVX2
2897	7142	662	37	8	0	0x0000000000000100	VPMADDWD	AVX
2898	7143	662	37	8	0	0x0000000000000100	VPMADDWD	AVX
2899	7148	662	46	9	0	0x0000000000000200	VPMADDWD	AVX2
2900	7149	662	46	9	0	0x0000000000000200	VPMADDWD	AVX2
2901	7757	669	37	8	0	0x0000000000000100	VPSADBW	AVX
2902	7758	669	37	8	0	0x0000000000000100	VPSADBW	AVX
2903	7761	669	46	9	0	0x0000000000000200	VPSADBW	AVX2
2904	7762	669	46	9	0	0x0000000000000200	VPSADBW	AVX2
2905	5586	1752	37	8	0	0x0000000000000100	VMASKMOVDQU	AVX
2906	8179	646	37	8	0	0x0000000000000100	VPSUBB	AVX
2907	8180	646	37	8	0	0x0000000000000100	VPSUBB	AVX
2908	8183	646	46	9	0	0x0000000000000200	VPSUBB	AVX2
2909	8184	646	46	9	0	0x0000000000000200	VPSUBB	AVX2
2910	8249	647	37	8	0	0x0000000000000100	VPSUBW	AVX
2911	8250	647	37	8	0	0x0000000000000100	VPSUBW	AVX
2912	8253	647	46	9	0	0x0000000000000200	VPSUBW	AVX2
2913	8254	647	46	9	0	0x0000000000000200	VPSUBW	AVX2
2914	8189	648	37	8	0	0x0000000000000100	VPSUBD	AVX
2915	8190	648	37	8	0	0x0000000000000100	VPSUBD	AVX
2916	8193	648	46	9	0	0x0000000000000200	VPSUBD	AVX2
2917	8194	648	46	9	0	0x0000000000000200	VPSUBD	AVX2
2918	8199	649	37	8	0	0x0000000000000100	VPSUBQ	AVX
2919	8200	649	37	8	0	0x0000000000000100	VPSUBQ	AVX
2920	8203	649	46	9	0	0x0000000000000200	VPSUBQ	AVX2
2921	8204	649	46	9	0	0x0000000000000200	VPSUBQ	AVX2
2922	6164	642	37	8	0	0x0000000000000100	VPADDB	AVX
2923	6165	642	37	8	0	0x0000000000000100	VPADDB	AVX
2924	6168	642	46	9	0	0x0000000000000200	VPADDB	AVX2
2925	6169	642	46	9	0	0x0000000000000200	VPADDB	AVX2
2926	6234	643	37	8	0	0x0000000000000100	VPADDW	AVX
2927	6235	643	37	8	0	0x0000000000000100	VPADDW	AVX
2928	6238	643	46	9	0	0x0000000000000200	VPADDW	AVX2
2929	6239	643	46	9	0	0x0000000000000200	VPADDW	AVX2
2930	6174	644	37	8	0	0x0000000000000100	VPADDD	AVX
2931	6175	644	37	8	0	0x0000000000000100	VPADDD	AVX
2932	6178	644	46	9	0	0x0000000000000200	VPADDD	AVX2
2933	6179	644	46	9	0	0x0000000000000200	VPADDD	AVX2
2934	7881	733	37	8	0	0x0000000000000100	VPSHUFB	AVX
2935	7882	733	37	8	0	0x0000000000000100	VPSHUFB	AVX
2936	7885	733	46	9	0	0x0000000000000200	VPSHUFB	AVX2
2937	7886	733	46	9	0	0x0000000000000200	VPSHUFB	AVX2
2938	7036	1854	37	8	0	0x0000000000000100	VPHADDW	AVX
2939	7037	1854	37	8	0	0x0000000000000100	VPHADDW	AVX
2940	7038	1854	46	9	0	0x0000000000000200	VPHADDW	AVX2
2941	7039	1854	46	9	0	0x0000000000000200	VPHADDW	AVX2
2942	7012	1852	37	8	0	0x0000000000000100	VPHADDD	AVX
2943	7013	1852	37	8	0	0x0000000000000100	VPHADDD	AVX
2944	7014	1852	46	9	0	0x0000000000000200	VPHADDD	AVX2
2945	7015	1852	46	9	0	0x0000000000000200	VPHADDD	AVX2
2946	7016	1853	37	8	0	0x0000000000000100	VPHADDSW	AVX
2947	7017	1853	37	8	0	0x0000000000000100	VPHADDSW	AVX
2948	7018	1853	46	9	0	0x0000000000000200	VPHADDSW	AVX2
2949	7019	1853	46	9	0	0x0000000000000200	VPHADDSW	AVX2
2950	7132	1020	37	8	0	0x0000000000000100	VPMADDUBSW	AVX
2951	7133	1020	37	8	0	0x0000000000000100	VPMADDUBSW	AVX
2952	7138	1020	46	9	0	0x0000000000000200	VPMADDUBSW	AVX2
2953	7139	1020	46	9	0	0x0000000000000200	VPMADDUBSW	AVX2
2954	7056	1858	37	8	0	0x0000000000000100	VPHSUBW	AVX
2955	7057	1858	37	8	0	0x0000000000000100	VPHSUBW	AVX
2956	7058	1858	46	9	0	0x0000000000000200	VPHSUBW	AVX2
2957	7059	1858	46	9	0	0x0000000000000200	VPHSUBW	AVX2
2958	7046	1856	37	8	0	0x0000000000000100	VPHSUBD	AVX
2959	7047	1856	37	8	0	0x0000000000000100	VPHSUBD	AVX
2960	7048	1856	46	9	0	0x0000000000000200	VPHSUBD	AVX2
2961	7049	1856	46	9	0	0x0000000000000200	VPHSUBD	AVX2
2962	7050	1857	37	8	0	0x0000000000000100	VPHSUBSW	AVX
2963	7051	1857	37	8	0	0x0000000000000100	VPHSUBSW	AVX
2964	7052	1857	46	9	0	0x0000000000000200	VPHSUBSW	AVX2
2965	7053	1857	46	9	0	0x0000000000000200	VPHSUBSW	AVX2
2966	7921	1912	37	8	0	0x0000000000000100	VPSIGNB	AVX
2967	7922	1912	37	8	0	0x0000000000000100	VPSIGNB	AVX
2968	7923	1912	46	9	0	0x0000000000000200	VPSIGNB	AVX2
2969	7924	1912	46	9	0	0x0000000000000200	VPSIGNB	AVX2
2970	7929	1914	37	8	0	0x0000000000000100	VPSIGNW	AVX
2971	7930	1914	37	8	0	0x0000000000000100	VPSIGNW	AVX
2972	7931	1914	46	9	0	0x0000000000000200	VPSIGNW	AVX2
2973	7932	1914	46	9	0	0x0000000000000200	VPSIGNW	AVX2
2974	7925	1913	37	8	0	0x0000000000000100	VPSIGND	AVX
2975	7926	1913	37	8	0	0x0000000000000100	VPSIGND	AVX
2976	7927	1913	46	9	0	0x0000000000000200	VPSIGND	AVX2
2977	7928	1913	46	9	0	0x0000000000000200	VPSIGND	AVX2
2978	7574	1018	37	8	0	0x0000000000000100	VPMULHRSW	AVX
2979	7575	1018	37	8	0	0x0000000000000100	VPMULHRSW	AVX
2980	7580	1018	46	9	0	0x0000000000000200	VPMULHRSW	AVX2
2981	7581	1018	46	9	0	0x0000000000000200	VPMULHRSW	AVX2
2982	6856	1835	37	8	0	0x0000000000000100	VPERMILPS	AVX
2983	6857	1835	37	8	0	0x0000000000000100	VPERMILPS	AVX
2984	6868	1835	37	8	0	0x0000000000000100	VPERMILPS	AVX
2985	6869	1835	37	8	0	0x0000000000000100	VPERMILPS	AVX
2986	6836	1834	37	8	0	0x0000000000000100	VPERMILPD	AVX
2987	6837	1834	37	8	0	0x0000000000000100	VPERMILPD	AVX
2988	6848	1834	37	8	0	0x0000000000000100	VPERMILPD	AVX
2989	6849	1834	37	8	0	0x0000000000000100	VPERMILPD	AVX
2990	8799	2010	37	8	0	0x0000000000000100	VTESTPS	AVX
2991	8800	2010	37	8	0	0x0000000000000100	VTESTPS	AVX
2992	8801	2010	37	8	0	0x0000000000000100	VTESTPS	AVX
2993	8802	2010	37	8	0	0x0000000000000100	VTESTPS	AVX
2994	8795	2009	37	8	0	0x0000000000000100	VTESTPD	AVX
2995	8796	2009	37	8	0	0x0000000000000100	VTESTPD	AVX
2996	8797	2009	37	8	0	0x0000000000000100	VTESTPD	AVX
2997	8798	2009	37	8	0	0x0000000000000100	VTESTPD	AVX
2998	3941	697	44	10	0	0x0000000000000400	VCVTPH2PS	F16C
2999	3942	697	44	10	0	0x0000000000000400	VCVTPH2PS	F16C
3000	3947	697	44	10	0	0x0000000000000400	VCVTPH2PS	F16C
3001	3948	697	44	10	0	0x0000000000000400	VCVTPH2PS	F16C
3002	6886	1837	46	9	0	0x0000000000000200	VPERMPS	AVX2
3003	6887	1837	46	9	0	0x0000000000000200	VPERMPS	AVX2
3004	8319	1917	37	8	0	0x0000000000000100	VPTEST	AVX
3005	8320	1917	37	8	0	0x0000000000000100	VPTEST	AVX
3006	8321	1917	37	8	0	0x0000000000000100	VPTEST	AVX
3007	8322	1917	37	8	0	0x0000000000000100	VPTEST	AVX
3008	3573	1493	37	8	0	0x0000000000000100	VBROADCASTSS	AVX
3009	3574	1493	46	9	0	0x0000000000000200	VBROADCASTSS	AVX2
3010	3579	1493	37	8	0	0x0000000000000100	VBROADCASTSS	AVX
3011	3580	1493	46	9	0	0x0000000000000200	VBROADCASTSS	AVX2
3012	3569	1492	37	8	0	0x0000000000000100	VBROADCASTSD	AVX
3013	3570	1492	46	9	0	0x0000000000000200	VBROADCASTSD	AVX2
3014	3543	1480	37	8	0	0x0000000000000100	VBROADCASTF128	AVX
3015	6088	1799	37	8	0	0x0000000000000100	VPABSB	AVX
3016	6089	1799	37	8	0	0x0000000000000100	VPABSB	AVX
3017	6094	1799	46	9	0	0x0000000000000200	VPABSB	AVX2
3018	6095	1799	46	9	0	0x0000000000000200	VPABSB	AVX2
3019	6114	1802	37	8	0	0x0000000000000100	VPABSW	AVX
3020	6115	1802	37	8	0	0x0000000000000100	VPABSW	AVX
3021	6120	1802	46	9	0	0x0000000000000200	VPABSW	AVX2
3022	6121	1802	46	9	0	0x0000000000000200	VPABSW	AVX2
3023	6098	1800	37	8	0	0x0000000000000100	VPABSD	AVX
3024	6099	1800	37	8	0	0x0000000000000100	VPABSD	AVX
3025	6104	1800	46	9	0	0x0000000000000200	VPABSD	AVX2
3026	6105	1800	46	9	0	0x0000000000000200	VPABSD	AVX2
3027	7419	1887	37	8	0	0x0000000000000100	VPMOVSXBW	AVX
3028	7420	1887	37	8	0	0x0000000000000100	VPMOVSXBW	AVX
3029	7425	1887	46	9	0	0x0000000000000200	VPMOVSXBW	AVX2
3030	7426	1887	46	9	0	0x0000000000000200	VPMOVSXBW	AVX2
3031	7399	1885	37	8	0	0x0000000000000100	VPMOVSXBD	AVX
3032	7400	1885	37	8	0	0x0000000000000100	VPMOVSXBD	AVX
3033	7405	1885	46	9	0	0x0000000000000200	VPMOVSXBD	AVX2
3034	7406	1885	46	9	0	0x0000000000000200	VPMOVSXBD	AVX2
3035	7409	1886	37	8	0	0x0000000000000100	VPMOVSXBQ	AVX
3036	7410	1886	37	8	0	0x0000000000000100	VPMOVSXBQ	AVX
3037	7415	1886	46	9	0	0x0000000000000200	VPMOVSXBQ	AVX2
3038	7416	1886	46	9	0	0x0000000000000200	VPMOVSXBQ	AVX2
3039	7439	1889	37	8	0	0x0000000000000100	VPMOVSXWD	AVX
3040	7440	1889	37	8	0	0x0000000000000100	VPMOVSXWD	AVX
3041	7445	1889	46	9	0	0x0000000000000200	VPMOVSXWD	AVX2
3042	7446	1889	46	9	0	0x0000000000000200	VPMOVSXWD	AVX2
3043	7449	1890	37	8	0	0x0000000000000100	VPMOVSXWQ	AVX
3044	7450	1890	37	8	0	0x0000000000000100	VPMOVSXWQ	AVX
3045	7455	1890	46	9	0	0x0000000000000200	VPMOVSXWQ	AVX2
3046	7456	1890	46	9	0	0x0000000000000200	VPMOVSXWQ	AVX2
3047	7429	1888	37	8	0	0x0000000000000100	VPMOVSXDQ	AVX
3048	7430	1888	37	8	0	0x0000000000000100	VPMOVSXDQ	AVX
3049	7435	1888	46	9	0	0x0000000000000200	VPMOVSXDQ	AVX2
3050	7436	1888	46	9	0	0x0000000000000200	VPMOVSXDQ	AVX2
3051	7564	1019	37	8	0	0x0000000000000100	VPMULDQ	AVX
3052	7565	1019	37	8	0	0x0000000000000100	VPMULDQ	AVX
3053	7570	1019	46	9	0	0x0000000000000200	VPMULDQ	AVX2
3054	7571	1019	46	9	0	0x0000000000000200	VPMULDQ	AVX2
3055	6454	1818	37	8	0	0x0000000000000100	VPCMPEQQ	AVX
3056	6455	1818	37	8	0	0x0000000000000100	VPCMPEQQ	AVX
3057	6456	1818	46	9	0	0x0000000000000200	VPCMPEQQ	AVX2
3058	6457	1818	46	9	0	0x0000000000000200	VPCMPEQQ	AVX2
3059	5864	1782	37	8	0	0x0000000000000100	VMOVNTDQA	AVX
3060	5866	1782	46	9	0	0x0000000000000200	VMOVNTDQA	AVX2
3061	6144	1805	37	8	0	0x0000000000000100	VPACKUSDW	AVX
3062	6145	1805	37	8	0	0x0000000000000100	VPACKUSDW	AVX
3063	6148	1805	46	9	0	0x0000000000000200	VPACKUSDW	AVX2
3064	6149	1805	46	9	0	0x0000000000000200	VPACKUSDW	AVX2
3065	5593	1754	37	8	0	0x0000000000000100	VMASKMOVPS	AVX
3066	5594	1754	37	8	0	0x0000000000000100	VMASKMOVPS	AVX
3067	5589	1753	37	8	0	0x0000000000000100	VMASKMOVPD	AVX
3068	5590	1753	37	8	0	0x0000000000000100	VMASKMOVPD	AVX
3069	5591	1754	37	8	0	0x0000000000000100	VMASKMOVPS	AVX
3070	5592	1754	37	8	0	0x0000000000000100	VMASKMOVPS	AVX
3071	5587	1753	37	8	0	0x0000000000000100	VMASKMOVPD	AVX
3072	5588	1753	37	8	0	0x0000000000000100	VMASKMOVPD	AVX
3073	7524	1901	37	8	0	0x0000000000000100	VPMOVZXBW	AVX
3074	7525	1901	37	8	0	0x0000000000000100	VPMOVZXBW	AVX
3075	7530	1901	46	9	0	0x0000000000000200	VPMOVZXBW	AVX2
3076	7531	1901	46	9	0	0x0000000000000200	VPMOVZXBW	AVX2
3077	7504	1899	37	8	0	0x0000000000000100	VPMOVZXBD	AVX
3078	7505	1899	37	8	0	0x0000000000000100	VPMOVZXBD	AVX
3079	7510	1899	46	9	0	0x0000000000000200	VPMOVZXBD	AVX2
3080	7511	1899	46	9	0	0x0000000000000200	VPMOVZXBD	AVX2
3081	7514	1900	37	8	0	0x0000000000000100	VPMOVZXBQ	AVX
3082	7515	1900	37	8	0	0x0000000000000100	VPMOVZXBQ	AVX
3083	7520	1900	46	9	0	0x0000000000000200	VPMOVZXBQ	AVX2
3084	7521	1900	46	9	0	0x0000000000000200	VPMOVZXBQ	AVX2
3085	7544	1903	37	8	0	0x0000000000000100	VPMOVZXWD	AVX
3086	7545	1903	37	8	0	0x0000000000000100	VPMOVZXWD	AVX
3087	7550	1903	46	9	0	0x0000000000000200	VPMOVZXWD	AVX2
3088	7551	1903	46	9	0	0x0000000000000200	VPMOVZXWD	AVX2
3089	7554	1904	37	8	0	0x0000000000000100	VPMOVZXWQ	AVX
3090	7555	1904	37	8	0	0x0000000000000100	VPMOVZXWQ	AVX
3091	7560	1904	46	9	0	0x0000000000000200	VPMOVZXWQ	AVX2
3092	7561	1904	46	9	0	0x0000000000000200	VPMOVZXWQ	AVX2
3093	7534	1902	37	8	0	0x0000000000000100	VPMOVZXDQ	AVX
3094	7535	1902	37	8	0	0x0000000000000100	VPMOVZXDQ	AVX
3095	7540	1902	46	9	0	0x0000000000000200	VPMOVZXDQ	AVX2
3096	7541	1902	46	9	0	0x0000000000000200	VPMOVZXDQ	AVX2
3097	6780	1829	46	9	0	0x0000000000000200	VPERMD	AVX2
3098	6781	1829	46	9	0	0x0000000000000200	VPERMD	AVX2
3099	6502	1823	37	8	0	0x0000000000000100	VPCMPGTQ	AVX
3100	6503	1823	37	8	0	0x0000000000000100	VPCMPGTQ	AVX
3101	6504	1823	46	9	0	0x0000000000000200	VPCMPGTQ	AVX2
3102	6505	1823	46	9	0	0x0000000000000200	VPCMPGTQ	AVX2
3103	7232	1002	37	8	0	0x0000000000000100	VPMINSB	AVX
3104	7233	1002	37	8	0	0x0000000000000100	VPMINSB	AVX
3105	7238	1002	46	9	0	0x0000000000000200	VPMINSB	AVX2
3106	7239	1002	46	9	0	0x0000000000000200	VPMINSB	AVX2
3107	7242	1003	37	8	0	0x0000000000000100	VPMINSD	AVX
3108	7243	1003	37	8	0	0x0000000000000100	VPMINSD	AVX
3109	7248	1003	46	9	0	0x0000000000000200	VPMINSD	AVX2
3110	7249	1003	46	9	0	0x0000000000000200	VPMINSD	AVX2
3111	7294	1005	37	8	0	0x0000000000000100	VPMINUW	AVX
3112	7295	1005	37	8	0	0x0000000000000100	VPMINUW	AVX
3113	7298	1005	46	9	0	0x0000000000000200	VPMINUW	AVX2
3114	7299	1005	46	9	0	0x0000000000000200	VPMINUW	AVX2
3115	7278	1006	37	8	0	0x0000000000000100	VPMINUD	AVX
3116	7279	1006	37	8	0	0x0000000000000100	VPMINUD	AVX
3117	7282	1006	46	9	0	0x0000000000000200	VPMINUD	AVX2
3118	7283	1006	46	9	0	0x0000000000000200	VPMINUD	AVX2
3119	7160	1008	37	8	0	0x0000000000000100	VPMAXSB	AVX
3120	7161	1008	37	8	0	0x0000000000000100	VPMAXSB	AVX
3121	7166	1008	46	9	0	0x0000000000000200	VPMAXSB	AVX2
3122	7167	1008	46	9	0	0x0000000000000200	VPMAXSB	AVX2
3123	7170	1009	37	8	0	0x0000000000000100	VPMAXSD	AVX
3124	7171	1009	37	8	0	0x0000000000000100	VPMAXSD	AVX
3125	7176	1009	46	9	0	0x0000000000000200	VPMAXSD	AVX2
3126	7177	1009	46	9	0	0x0000000000000200	VPMAXSD	AVX2
3127	7222	1011	37	8	0	0x0000000000000100	VPMAXUW	AVX
3128	7223	1011	37	8	0	0x0000000000000100	VPMAXUW	AVX
3129	7226	1011	46	9	0	0x0000000000000200	VPMAXUW	AVX2
3130	7227	1011	46	9	0	0x0000000000000200	VPMAXUW	AVX2
3131	7206	1012	37	8	0	0x0000000000000100	VPMAXUD	AVX
3132	7207	1012	37	8	0	0x0000000000000100	VPMAXUD	AVX
3133	7210	1012	46	9	0	0x0000000000000200	VPMAXUD	AVX2
3134	7211	1012	46	9	0	0x0000000000000200	VPMAXUD	AVX2
3135	7604	1014	37	8	0	0x0000000000000100	VPMULLD	AVX
3136	7605	1014	37	8	0	0x0000000000000100	VPMULLD	AVX
3137	7608	1014	46	9	0	0x0000000000000200	VPMULLD	AVX2
3138	7609	1014	46	9	0	0x0000000000000200	VPMULLD	AVX2
3139	7040	1855	37	8	0	0x0000000000000100	VPHMINPOSUW	AVX
3140	7041	1855	37	8	0	0x0000000000000100	VPHMINPOSUW	AVX
3141	8135	1039	46	9	0	0x0000000000000200	VPSRLVD	AVX2
3142	8136	1039	46	9	0	0x0000000000000200	VPSRLVD	AVX2
3143	8139	1039	46	9	0	0x0000000000000200	VPSRLVD	AVX2
3144	8140	1039	46	9	0	0x0000000000000200	VPSRLVD	AVX2
3145	8145	1040	46	9	0	0x0000000000000200	VPSRLVQ	AVX2
3146	8146	1040	46	9	0	0x0000000000000200	VPSRLVQ	AVX2
3147	8149	1040	46	9	0	0x0000000000000200	VPSRLVQ	AVX2
3148	8150	1040	46	9	0	0x0000000000000200	VPSRLVQ	AVX2
3149	8051	1041	46	9	0	0x0000000000000200	VPSRAVD	AVX2
3150	8052	1041	46	9	0	0x0000000000000200	VPSRAVD	AVX2
3151	8055	1041	46	9	0	0x0000000000000200	VPSRAVD	AVX2
3152	8056	1041	46	9	0	0x0000000000000200	VPSRAVD	AVX2
3153	7977	1037	46	9	0	0x0000000000000200	VPSLLVD	AVX2
3154	7978	1037	46	9	0	0x0000000000000200	VPSLLVD	AVX2
3155	7981	1037	46	9	0	0x0000000000000200	VPSLLVD	AVX2
3156	7982	1037	46	9	0	0x0000000000000200	VPSLLVD	AVX2
3157	7987	1038	46	9	0	0x0000000000000200	VPSLLVQ	AVX2
3158	7988	1038	46	9	0	0x0000000000000200	VPSLLVQ	AVX2
3159	7991	1038	46	9	0	0x0000000000000200	VPSLLVQ	AVX2
3160	7992	1038	46	9	0	0x0000000000000200	VPSLLVQ	AVX2
3161	378	1221	116	64	1	0x0000000000000001	BSRINIT	ACE_1
3162	1577	719	120	68	1	0x0000000000000010	LDTILECFG	AMX_TILE_BASE
3163	3170	720	120	68	1	0x0000000000000010	STTILECFG	AMX_TILE_BASE
3164	3305	725	120	68	1	0x0000000000000010	TILERELEASE	AMX_TILE_BASE
3165	3308	724	120	68	1	0x0000000000000010	TILEZERO	AMX_TILE_BASE
3166	3293	931	100	49	0	0x0002000000000000	TILELOADDRS	AMX_MOVRS
3167	3291	932	100	49	0	0x0002000000000000	TILELOADDRST1	AMX_MOVRS
3168	3297	721	85	43	0	0x0000080000000000	TILELOADD	AMX_TILE
3169	3295	722	85	43	0	0x0000080000000000	TILELOADDT1	AMX_TILE
3170	3306	723	85	43	0	0x0000080000000000	TILESTORED	AMX_TILE
3171	6622	1104	108	62	0	0x4000000000000000	VPDPBSSD	AVX_VNNI_INT8
3172	6623	1104	108	62	0	0x4000000000000000	VPDPBSSD	AVX_VNNI_INT8
3173	6626	1104	108	62	0	0x4000000000000000	VPDPBSSD	AVX_VNNI_INT8
3174	6627	1104	108	62	0	0x4000000000000000	VPDPBSSD	AVX_VNNI_INT8
3175	6642	1106	108	62	0	0x4000000000000000	VPDPBSUD	AVX_VNNI_INT8
3176	6643	1106	108	62	0	0x4000000000000000	VPDPBSUD	AVX_VNNI_INT8
3177	6646	1106	108	62	0	0x4000000000000000	VPDPBSUD	AVX_VNNI_INT8
3178	6647	1106	108	62	0	0x4000000000000000	VPDPBSUD	AVX_VNNI_INT8
3179	6662	715	83	61	0	0x2000000000000000	VPDPBUSD	AVX_VNNI
3180	6663	715	83	61	0	0x2000000000000000	VPDPBUSD	AVX_VNNI
3181	6666	715	83	61	0	0x2000000000000000	VPDPBUSD	AVX_VNNI
3182	6667	715	83	61	0	0x2000000000000000	VPDPBUSD	AVX_VNNI
3183	6682	1108	108	62	0	0x4000000000000000	VPDPBUUD	AVX_VNNI_INT8
3184	6683	1108	108	62	0	0x4000000000000000	VPDPBUUD	AVX_VNNI_INT8
3185	6686	1108	108	62	0	0x4000000000000000	VPDPBUUD	AVX_VNNI_INT8
3186	6687	1108	108	62	0	0x4000000000000000	VPDPBUUD	AVX_VNNI_INT8
3187	6612	1105	108	62	0	0x4000000000000000	VPDPBSSDS	AVX_VNNI_INT8
3188	6613	1105	108	62	0	0x4000000000000000	VPDPBSSDS	AVX_VNNI_INT8
3189	6616	1105	108	62	0	0x4000000000000000	VPDPBSSDS	AVX_VNNI_INT8
3190	6617	1105	108	62	0	0x4000000000000000	VPDPBSSDS	AVX_VNNI_INT8
3191	6632	1107	108	62	0	0x4000000000000000	VPDPBSUDS	AVX_VNNI_INT8
3192	6633	1107	108	62	0	0x4000000000000000	VPDPBSUDS	AVX_VNNI_INT8
3193	6636	1107	108	62	0	0x4000000000000000	VPDPBSUDS	AVX_VNNI_INT8
3194	6637	1107	108	62	0	0x4000000000000000	VPDPBSUDS	AVX_VNNI_INT8
3195	6652	1095	83	61	0	0x2000000000000000	VPDPBUSDS	AVX_VNNI
3196	6653	1095	83	61	0	0x2000000000000000	VPDPBUSDS	AVX_VNNI
3197	6656	1095	83	61	0	0x2000000000000000	VPDPBUSDS	AVX_VNNI
3198	6657	1095	83	61	0	0x2000000000000000	VPDPBUSDS	AVX_VNNI
3199	6672	1109	108	62	0	0x4000000000000000	VPDPBUUDS	AVX_VNNI_INT8
3200	6673	1109	108	62	0	0x4000000000000000	VPDPBUUDS	AVX_VNNI_INT8
3201	6676	1109	108	62	0	0x4000000000000000	VPDPBUUDS	AVX_VNNI_INT8
3202	6677	1109	108	62	0	0x4000000000000000	VPDPBUUDS	AVX_VNNI_INT8
3203	6702	1096	83	61	0	0x2000000000000000	VPDPWSSD	AVX_VNNI
3204	6703	1096	83	61	0	0x2000000000000000	VPDPWSSD	AVX_VNNI
3205	6706	1096	83	61	0	0x2000000000000000	VPDPWSSD	AVX_VNNI
3206	6707	1096	83	61	0	0x2000000000000000	VPDPWSSD	AVX_VNNI
3207	6692	1097	83	61	0	0x2000000000000000	VPDPWSSDS	AVX_VNNI
3208	6693	1097	83	61	0	0x2000000000000000	VPDPWSSDS	AVX_VNNI
3209	6696	1097	83	61	0	0x2000000000000000	VPDPWSSDS	AVX_VNNI
3210	6697	1097	83	61	0	0x2000000000000000	VPDPWSSDS	AVX_VNNI
3211	6355	1815	46	9	0	0x0000000000000200	VPBROADCASTD	AVX2
3212	6356	1815	46	9	0	0x0000000000000200	VPBROADCASTD	AVX2
3213	6360	1815	46	9	0	0x0000000000000200	VPBROADCASTD	AVX2
3214	6361	1815	46	9	0	0x0000000000000200	VPBROADCASTD	AVX2
3215	6374	1816	46	9	0	0x0000000000000200	VPBROADCASTQ	AVX2
3216	6375	1816	46	9	0	0x0000000000000200	VPBROADCASTQ	AVX2
3217	6379	1816	46	9	0	0x0000000000000200	VPBROADCASTQ	AVX2
3218	6380	1816	46	9	0	0x0000000000000200	VPBROADCASTQ	AVX2
3219	3554	1486	46	9	0	0x0000000000000200	VBROADCASTI128	AVX2
3220	3266	730	87	45	0	0x0000200000000000	TDPBF16PS	AMX_BF16
3221	3273	802	93	46	0	0x0000400000000000	TDPFP16PS	AMX_FP16
3222	3269	726	86	44	0	0x0000100000000000	TDPBSSD	AMX_INT8
3223	3270	727	86	44	0	0x0000100000000000	TDPBSUD	AMX_INT8
3224	3271	728	86	44	0	0x0000100000000000	TDPBUSD	AMX_INT8
3225	3272	729	86	44	0	0x0000100000000000	TDPBUUD	AMX_INT8
3226	3253	925	98	47	0	0x0000800000000000	TCMMIMFP16PS	AMX_COMPLEX
3227	3254	926	98	47	0	0x0000800000000000	TCMMRLFP16PS	AMX_COMPLEX
3228	3837	1541	262	210	3	0x0000000000040000	VCVTNEPS2BF16	AVX_NE_CONVERT
3229	3838	1541	262	210	3	0x0000000000040000	VCVTNEPS2BF16	AVX_NE_CONVERT
3230	3839	1541	262	210	3	0x0000000000040000	VCVTNEPS2BF16	AVX_NE_CONVERT
3231	3840	1541	262	210	3	0x0000000000040000	VCVTNEPS2BF16	AVX_NE_CONVERT
3232	6342	1814	46	9	0	0x0000000000000200	VPBROADCASTB	AVX2
3233	6343	1814	46	9	0	0x0000000000000200	VPBROADCASTB	AVX2
3234	6347	1814	46	9	0	0x0000000000000200	VPBROADCASTB	AVX2
3235	6348	1814	46	9	0	0x0000000000000200	VPBROADCASTB	AVX2
3236	6387	1817	46	9	0	0x0000000000000200	VPBROADCASTW	AVX2
3237	6388	1817	46	9	0	0x0000000000000200	VPBROADCASTW	AVX2
3238	6392	1817	46	9	0	0x0000000000000200	VPBROADCASTW	AVX2
3239	6393	1817	46	9	0	0x0000000000000200	VPBROADCASTW	AVX2
3240	7154	1863	46	9	0	0x0000000000000200	VPMASKMOVD	AVX2
3241	7155	1863	46	9	0	0x0000000000000200	VPMASKMOVD	AVX2
3242	7158	1864	46	9	0	0x0000000000000200	VPMASKMOVQ	AVX2
3243	7159	1864	46	9	0	0x0000000000000200	VPMASKMOVQ	AVX2
3244	7152	1863	46	9	0	0x0000000000000200	VPMASKMOVD	AVX2
3245	7153	1863	46	9	0	0x0000000000000200	VPMASKMOVD	AVX2
3246	7156	1864	46	9	0	0x0000000000000200	VPMASKMOVQ	AVX2
3247	7157	1864	46	9	0	0x0000000000000200	VPMASKMOVQ	AVX2
3248	6985	1848	161	109	1	0x0000200000000000	VPGATHERDD	AVX2GATHER
3249	6987	1848	161	109	1	0x0000200000000000	VPGATHERDD	AVX2GATHER
3250	6990	1849	161	109	1	0x0000200000000000	VPGATHERDQ	AVX2GATHER
3251	6992	1849	161	109	1	0x0000200000000000	VPGATHERDQ	AVX2GATHER
3252	6996	1850	161	109	1	0x0000200000000000	VPGATHERQD	AVX2GATHER
3253	6997	1850	161	109	1	0x0000200000000000	VPGATHERQD	AVX2GATHER
3254	7000	1851	161	109	1	0x0000200000000000	VPGATHERQQ	AVX2GATHER
3255	7002	1851	161	109	1	0x0000200000000000	VPGATHERQQ	AVX2GATHER
3256	5418	1718	161	109	1	0x0000200000000000	VGATHERDPD	AVX2GATHER
3257	5420	1718	161	109	1	0x0000200000000000	VGATHERDPD	AVX2GATHER
3258	5423	1719	161	109	1	0x0000200000000000	VGATHERDPS	AVX2GATHER
3259	5425	1719	161	109	1	0x0000200000000000	VGATHERDPS	AVX2GATHER
3260	5436	1728	161	109	1	0x0000200000000000	VGATHERQPD	AVX2GATHER
3261	5438	1728	161	109	1	0x0000200000000000	VGATHERQPD	AVX2GATHER
3262	5442	1729	161	109	1	0x0000200000000000	VGATHERQPS	AVX2GATHER
3263	5443	1729	161	109	1	0x0000200000000000	VGATHERQPS	AVX2GATHER
3264	4755	750	47	11	0	0x0000000000000800	VFMADDSUB132PD	FMA
3265	4756	750	47	11	0	0x0000000000000800	VFMADDSUB132PD	FMA
3266	4761	750	47	11	0	0x0000000000000800	VFMADDSUB132PD	FMA
3267	4762	750	47	11	0	0x0000000000000800	VFMADDSUB132PD	FMA
3268	4771	749	47	11	0	0x0000000000000800	VFMADDSUB132PS	FMA
3269	4772	749	47	11	0	0x0000000000000800	VFMADDSUB132PS	FMA
3270	4777	749	47	11	0	0x0000000000000800	VFMADDSUB132PS	FMA
3271	4778	749	47	11	0	0x0000000000000800	VFMADDSUB132PS	FMA
3272	4971	756	47	11	0	0x0000000000000800	VFMSUBADD132PD	FMA
3273	4972	756	47	11	0	0x0000000000000800	VFMSUBADD132PD	FMA
3274	4977	756	47	11	0	0x0000000000000800	VFMSUBADD132PD	FMA
3275	4978	756	47	11	0	0x0000000000000800	VFMSUBADD132PD	FMA
3276	4987	755	47	11	0	0x0000000000000800	VFMSUBADD132PS	FMA
3277	4988	755	47	11	0	0x0000000000000800	VFMSUBADD132PS	FMA
3278	4993	755	47	11	0	0x0000000000000800	VFMSUBADD132PS	FMA
3279	4994	755	47	11	0	0x0000000000000800	VFMSUBADD132PS	FMA
3280	4609	702	47	11	0	0x0000000000000800	VFMADD132PD	FMA
3281	4610	702	47	11	0	0x0000000000000800	VFMADD132PD	FMA
3282	4615	702	47	11	0	0x0000000000000800	VFMADD132PD	FMA
3283	4616	702	47	11	0	0x0000000000000800	VFMADD132PD	FMA
3284	4625	699	47	11	0	0x0000000000000800	VFMADD132PS	FMA
3285	4626	699	47	11	0	0x0000000000000800	VFMADD132PS	FMA
3286	4631	699	47	11	0	0x0000000000000800	VFMADD132PS	FMA
3287	4632	699	47	11	0	0x0000000000000800	VFMADD132PS	FMA
3288	4635	704	47	11	0	0x0000000000000800	VFMADD132SD	FMA
3289	4636	704	47	11	0	0x0000000000000800	VFMADD132SD	FMA
3290	4641	703	47	11	0	0x0000000000000800	VFMADD132SS	FMA
3291	4642	703	47	11	0	0x0000000000000800	VFMADD132SS	FMA
3292	4851	762	47	11	0	0x0000000000000800	VFMSUB132PD	FMA
3293	4852	762	47	11	0	0x0000000000000800	VFMSUB132PD	FMA
3294	4857	762	47	11	0	0x0000000000000800	VFMSUB132PD	FMA
3295	4858	762	47	11	0	0x0000000000000800	VFMSUB132PD	FMA
3296	4867	761	47	11	0	0x0000000000000800	VFMSUB132PS	FMA
3297	4868	761	47	11	0	0x0000000000000800	VFMSUB132PS	FMA
3298	4873	761	47	11	0	0x0000000000000800	VFMSUB132PS	FMA
3299	4874	761	47	11	0	0x0000000000000800	VFMSUB132PS	FMA
3300	4877	764	47	11	0	0x0000000000000800	VFMSUB132SD	FMA
3301	4878	764	47	11	0	0x0000000000000800	VFMSUB132SD	FMA
3302	4883	763	47	11	0	0x0000000000000800	VFMSUB132SS	FMA
3303	4884	763	47	11	0	0x0000000000000800	VFMSUB132SS	FMA
3304	5093	774	47	11	0	0x0000000000000800	VFNMADD132PD	FMA
3305	5094	774	47	11	0	0x0000000000000800	VFNMADD132PD	FMA
3306	5099	774	47	11	0	0x0000000000000800	VFNMADD132PD	FMA
3307	5100	774	47	11	0	0x0000000000000800	VFNMADD132PD	FMA
3308	5109	773	47	11	0	0x0000000000000800	VFNMADD132PS	FMA
3309	5110	773	47	11	0	0x0000000000000800	VFNMADD132PS	FMA
3310	5115	773	47	11	0	0x0000000000000800	VFNMADD132PS	FMA
3311	5116	773	47	11	0	0x0000000000000800	VFNMADD132PS	FMA
3312	5119	776	47	11	0	0x0000000000000800	VFNMADD132SD	FMA
3313	5120	776	47	11	0	0x0000000000000800	VFNMADD132SD	FMA
3314	5125	775	47	11	0	0x0000000000000800	VFNMADD132SS	FMA
3315	5126	775	47	11	0	0x0000000000000800	VFNMADD132SS	FMA
3316	5237	786	47	11	0	0x0000000000000800	VFNMSUB132PD	FMA
3317	5238	786	47	11	0	0x0000000000000800	VFNMSUB132PD	FMA
3318	5243	786	47	11	0	0x0000000000000800	VFNMSUB132PD	FMA
3319	5244	786	47	11	0	0x0000000000000800	VFNMSUB132PD	FMA
3320	5253	785	47	11	0	0x0000000000000800	VFNMSUB132PS	FMA
3321	5254	785	47	11	0	0x0000000000000800	VFNMSUB132PS	FMA
3322	5259	785	47	11	0	0x0000000000000800	VFNMSUB132PS	FMA
3323	5260	785	47	11	0	0x0000000000000800	VFNMSUB132PS	FMA
3324	5263	788	47	11	0	0x0000000000000800	VFNMSUB132SD	FMA
3325	5264	788	47	11	0	0x0000000000000800	VFNMSUB132SD	FMA
3326	5269	787	47	11	0	0x0000000000000800	VFNMSUB132SS	FMA
3327	5270	787	47	11	0	0x0000000000000800	VFNMSUB132SS	FMA
3328	4781	752	47	11	0	0x0000000000000800	VFMADDSUB213PD	FMA
3329	4782	752	47	11	0	0x0000000000000800	VFMADDSUB213PD	FMA
3330	4787	752	47	11	0	0x0000000000000800	VFMADDSUB213PD	FMA
3331	4788	752	47	11	0	0x0000000000000800	VFMADDSUB213PD	FMA
3332	4797	751	47	11	0	0x0000000000000800	VFMADDSUB213PS	FMA
3333	4798	751	47	11	0	0x0000000000000800	VFMADDSUB213PS	FMA
3334	4803	751	47	11	0	0x0000000000000800	VFMADDSUB213PS	FMA
3335	4804	751	47	11	0	0x0000000000000800	VFMADDSUB213PS	FMA
3336	4997	758	47	11	0	0x0000000000000800	VFMSUBADD213PD	FMA
3337	4998	758	47	11	0	0x0000000000000800	VFMSUBADD213PD	FMA
3338	5003	758	47	11	0	0x0000000000000800	VFMSUBADD213PD	FMA
3339	5004	758	47	11	0	0x0000000000000800	VFMSUBADD213PD	FMA
3340	5013	757	47	11	0	0x0000000000000800	VFMSUBADD213PS	FMA
3341	5014	757	47	11	0	0x0000000000000800	VFMSUBADD213PS	FMA
3342	5019	757	47	11	0	0x0000000000000800	VFMSUBADD213PS	FMA
3343	5020	757	47	11	0	0x0000000000000800	VFMSUBADD213PS	FMA
3344	4651	743	47	11	0	0x0000000000000800	VFMADD213PD	FMA
3345	4652	743	47	11	0	0x0000000000000800	VFMADD213PD	FMA
3346	4657	743	47	11	0	0x0000000000000800	VFMADD213PD	FMA
3347	4658	743	47	11	0	0x0000000000000800	VFMADD213PD	FMA
3348	4667	700	47	11	0	0x0000000000000800	VFMADD213PS	FMA
3349	4668	700	47	11	0	0x0000000000000800	VFMADD213PS	FMA
3350	4673	700	47	11	0	0x0000000000000800	VFMADD213PS	FMA
3351	4674	700	47	11	0	0x0000000000000800	VFMADD213PS	FMA
3352	4677	746	47	11	0	0x0000000000000800	VFMADD213SD	FMA
3353	4678	746	47	11	0	0x0000000000000800	VFMADD213SD	FMA
3354	4683	745	47	11	0	0x0000000000000800	VFMADD213SS	FMA
3355	4684	745	47	11	0	0x0000000000000800	VFMADD213SS	FMA
3356	4893	766	47	11	0	0x0000000000000800	VFMSUB213PD	FMA
3357	4894	766	47	11	0	0x0000000000000800	VFMSUB213PD	FMA
3358	4899	766	47	11	0	0x0000000000000800	VFMSUB213PD	FMA
3359	4900	766	47	11	0	0x0000000000000800	VFMSUB213PD	FMA
3360	4909	765	47	11	0	0x0000000000000800	VFMSUB213PS	FMA
3361	4910	765	47	11	0	0x0000000000000800	VFMSUB213PS	FMA
3362	4915	765	47	11	0	0x0000000000000800	VFMSUB213PS	FMA
3363	4916	765	47	11	0	0x0000000000000800	VFMSUB213PS	FMA
3364	4919	768	47	11	0	0x0000000000000800	VFMSUB213SD	FMA
3365	4920	768	47	11	0	0x0000000000000800	VFMSUB213SD	FMA
3366	4925	767	47	11	0	0x0000000000000800	VFMSUB213SS	FMA
3367	4926	767	47	11	0	0x0000000000000800	VFMSUB213SS	FMA
3368	5135	778	47	11	0	0x0000000000000800	VFNMADD213PD	FMA
3369	5136	778	47	11	0	0x0000000000000800	VFNMADD213PD	FMA
3370	5141	778	47	11	0	0x0000000000000800	VFNMADD213PD	FMA
3371	5142	778	47	11	0	0x0000000000000800	VFNMADD213PD	FMA
3372	5151	777	47	11	0	0x0000000000000800	VFNMADD213PS	FMA
3373	5152	777	47	11	0	0x0000000000000800	VFNMADD213PS	FMA
3374	5157	777	47	11	0	0x0000000000000800	VFNMADD213PS	FMA
3375	5158	777	47	11	0	0x0000000000000800	VFNMADD213PS	FMA
3376	5161	780	47	11	0	0x0000000000000800	VFNMADD213SD	FMA
3377	5162	780	47	11	0	0x0000000000000800	VFNMADD213SD	FMA
3378	5167	779	47	11	0	0x0000000000000800	VFNMADD213SS	FMA
3379	5168	779	47	11	0	0x0000000000000800	VFNMADD213SS	FMA
3380	5279	790	47	11	0	0x0000000000000800	VFNMSUB213PD	FMA
3381	5280	790	47	11	0	0x0000000000000800	VFNMSUB213PD	FMA
3382	5285	790	47	11	0	0x0000000000000800	VFNMSUB213PD	FMA
3383	5286	790	47	11	0	0x0000000000000800	VFNMSUB213PD	FMA
3384	5295	789	47	11	0	0x0000000000000800	VFNMSUB213PS	FMA
3385	5296	789	47	11	0	0x0000000000000800	VFNMSUB213PS	FMA
3386	5301	789	47	11	0	0x0000000000000800	VFNMSUB213PS	FMA
3387	5302	789	47	11	0	0x0000000000000800	VFNMSUB213PS	FMA
3388	5305	792	47	11	0	0x0000000000000800	VFNMSUB213SD	FMA
3389	5306	792	47	11	0	0x0000000000000800	VFNMSUB213SD	FMA
3390	5311	791	47	11	0	0x0000000000000800	VFNMSUB213SS	FMA
3391	5312	791	47	11	0	0x0000000000000800	VFNMSUB213SS	FMA
3392	3825	1537	262	210	3	0x0000000000040000	VCVTNEEBF162PS	AVX_NE_CONVERT
3393	3826	1537	262	210	3	0x0000000000040000	VCVTNEEBF162PS	AVX_NE_CONVERT
3394	3827	1538	262	210	3	0x0000000000040000	VCVTNEEPH2PS	AVX_NE_CONVERT
3395	3828	1538	262	210	3	0x0000000000040000	VCVTNEEPH2PS	AVX_NE_CONVERT
3396	3829	1539	262	210	3	0x0000000000040000	VCVTNEOBF162PS	AVX_NE_CONVERT
3397	3830	1539	262	210	3	0x0000000000040000	VCVTNEOBF162PS	AVX_NE_CONVERT
3398	3831	1540	262	210	3	0x0000000000040000	VCVTNEOPH2PS	AVX_NE_CONVERT
3399	3832	1540	262	210	3	0x0000000000040000	VCVTNEOPH2PS	AVX_NE_CONVERT
3400	3511	1472	262	210	3	0x0000000000040000	VBCSTNEBF162PS	AVX_NE_CONVERT
3401	3512	1472	262	210	3	0x0000000000040000	VBCSTNEBF162PS	AVX_NE_CONVERT
3402	3513	1473	262	210	3	0x0000000000040000	VBCSTNESH2PS	AVX_NE_CONVERT
3403	3514	1473	262	210	3	0x0000000000040000	VBCSTNESH2PS	AVX_NE_CONVERT
3404	7124	717	261	209	3	0x0000000000020000	VPMADD52LUQ	AVX_IFMA
3405	7125	717	261	209	3	0x0000000000020000	VPMADD52LUQ	AVX_IFMA
3406	7128	717	261	209	3	0x0000000000020000	VPMADD52LUQ	AVX_IFMA
3407	7129	717	261	209	3	0x0000000000020000	VPMADD52LUQ	AVX_IFMA
3408	7114	718	261	209	3	0x0000000000020000	VPMADD52HUQ	AVX_IFMA
3409	7115	718	261	209	3	0x0000000000020000	VPMADD52HUQ	AVX_IFMA
3410	7118	718	261	209	3	0x0000000000020000	VPMADD52HUQ	AVX_IFMA
3411	7119	718	261	209	3	0x0000000000020000	VPMADD52HUQ	AVX_IFMA
3412	4807	754	47	11	0	0x0000000000000800	VFMADDSUB231PD	FMA
3413	4808	754	47	11	0	0x0000000000000800	VFMADDSUB231PD	FMA
3414	4813	754	47	11	0	0x0000000000000800	VFMADDSUB231PD	FMA
3415	4814	754	47	11	0	0x0000000000000800	VFMADDSUB231PD	FMA
3416	4823	753	47	11	0	0x0000000000000800	VFMADDSUB231PS	FMA
3417	4824	753	47	11	0	0x0000000000000800	VFMADDSUB231PS	FMA
3418	4829	753	47	11	0	0x0000000000000800	VFMADDSUB231PS	FMA
3419	4830	753	47	11	0	0x0000000000000800	VFMADDSUB231PS	FMA
3420	5023	760	47	11	0	0x0000000000000800	VFMSUBADD231PD	FMA
3421	5024	760	47	11	0	0x0000000000000800	VFMSUBADD231PD	FMA
3422	5029	760	47	11	0	0x0000000000000800	VFMSUBADD231PD	FMA
3423	5030	760	47	11	0	0x0000000000000800	VFMSUBADD231PD	FMA
3424	5039	759	47	11	0	0x0000000000000800	VFMSUBADD231PS	FMA
3425	5040	759	47	11	0	0x0000000000000800	VFMSUBADD231PS	FMA
3426	5045	759	47	11	0	0x0000000000000800	VFMSUBADD231PS	FMA
3427	5046	759	47	11	0	0x0000000000000800	VFMSUBADD231PS	FMA
3428	4693	744	47	11	0	0x0000000000000800	VFMADD231PD	FMA
3429	4694	744	47	11	0	0x0000000000000800	VFMADD231PD	FMA
3430	4699	744	47	11	0	0x0000000000000800	VFMADD231PD	FMA
3431	4700	744	47	11	0	0x0000000000000800	VFMADD231PD	FMA
3432	4709	701	47	11	0	0x0000000000000800	VFMADD231PS	FMA
3433	4710	701	47	11	0	0x0000000000000800	VFMADD231PS	FMA
3434	4715	701	47	11	0	0x0000000000000800	VFMADD231PS	FMA
3435	4716	701	47	11	0	0x0000000000000800	VFMADD231PS	FMA
3436	4719	748	47	11	0	0x0000000000000800	VFMADD231SD	FMA
3437	4720	748	47	11	0	0x0000000000000800	VFMADD231SD	FMA
3438	4725	747	47	11	0	0x0000000000000800	VFMADD231SS	FMA
3439	4726	747	47	11	0	0x0000000000000800	VFMADD231SS	FMA
3440	4935	770	47	11	0	0x0000000000000800	VFMSUB231PD	FMA
3441	4936	770	47	11	0	0x0000000000000800	VFMSUB231PD	FMA
3442	4941	770	47	11	0	0x0000000000000800	VFMSUB231PD	FMA
3443	4942	770	47	11	0	0x0000000000000800	VFMSUB231PD	FMA
3444	4951	769	47	11	0	0x0000000000000800	VFMSUB231PS	FMA
3445	4952	769	47	11	0	0x0000000000000800	VFMSUB231PS	FMA
3446	4957	769	47	11	0	0x0000000000000800	VFMSUB231PS	FMA
3447	4958	769	47	11	0	0x0000000000000800	VFMSUB231PS	FMA
3448	4961	772	47	11	0	0x0000000000000800	VFMSUB231SD	FMA
3449	4962	772	47	11	0	0x0000000000000800	VFMSUB231SD	FMA
3450	4967	771	47	11	0	0x0000000000000800	VFMSUB231SS	FMA
3451	4968	771	47	11	0	0x0000000000000800	VFMSUB231SS	FMA
3452	5177	782	47	11	0	0x0000000000000800	VFNMADD231PD	FMA
3453	5178	782	47	11	0	0x0000000000000800	VFNMADD231PD	FMA
3454	5183	782	47	11	0	0x0000000000000800	VFNMADD231PD	FMA
3455	5184	782	47	11	0	0x0000000000000800	VFNMADD231PD	FMA
3456	5193	781	47	11	0	0x0000000000000800	VFNMADD231PS	FMA
3457	5194	781	47	11	0	0x0000000000000800	VFNMADD231PS	FMA
3458	5199	781	47	11	0	0x0000000000000800	VFNMADD231PS	FMA
3459	5200	781	47	11	0	0x0000000000000800	VFNMADD231PS	FMA
3460	5203	784	47	11	0	0x0000000000000800	VFNMADD231SD	FMA
3461	5204	784	47	11	0	0x0000000000000800	VFNMADD231SD	FMA
3462	5209	783	47	11	0	0x0000000000000800	VFNMADD231SS	FMA
3463	5210	783	47	11	0	0x0000000000000800	VFNMADD231SS	FMA
3464	5321	794	47	11	0	0x0000000000000800	VFNMSUB231PD	FMA
3465	5322	794	47	11	0	0x0000000000000800	VFNMSUB231PD	FMA
3466	5327	794	47	11	0	0x0000000000000800	VFNMSUB231PD	FMA
3467	5328	794	47	11	0	0x0000000000000800	VFNMSUB231PD	FMA
3468	5337	793	47	11	0	0x0000000000000800	VFNMSUB231PS	FMA
3469	5338	793	47	11	0	0x0000000000000800	VFNMSUB231PS	FMA
3470	5343	793	47	11	0	0x0000000000000800	VFNMSUB231PS	FMA
3471	5344	793	47	11	0	0x0000000000000800	VFNMSUB231PS	FMA
3472	5347	796	47	11	0	0x0000000000000800	VFNMSUB231SD	FMA
3473	5348	796	47	11	0	0x0000000000000800	VFNMSUB231SD	FMA
3474	5353	795	47	11	0	0x0000000000000800	VFNMSUB231SS	FMA
3475	5354	795	47	11	0	0x0000000000000800	VFNMSUB231SS	FMA
3476	8647	887	95	42	0	0x0000040000000000	VSHA512RNDS2	SHA512
3477	8645	885	95	42	0	0x0000040000000000	VSHA512MSG1	SHA512
3478	8646	886	95	42	0	0x0000040000000000	VSHA512MSG2	SHA512
3479	5527	1739	260	208	3	0x0000000000010000	VGF2P8MULB	AVX_GFNI
3480	5528	1739	260	208	3	0x0000000000010000	VGF2P8MULB	AVX_GFNI
3481	5531	1739	260	208	3	0x0000000000010000	VGF2P8MULB	AVX_GFNI
3482	5532	1739	260	208	3	0x0000000000010000	VGF2P8MULB	AVX_GFNI
3483	6722	1110	109	63	0	0x8000000000000000	VPDPWSUD	AVX_VNNI_INT16
3484	6723	1110	109	63	0	0x8000000000000000	VPDPWSUD	AVX_VNNI_INT16
3485	6726	1110	109	63	0	0x8000000000000000	VPDPWSUD	AVX_VNNI_INT16
3486	6727	1110	109	63	0	0x8000000000000000	VPDPWSUD	AVX_VNNI_INT16
3487	6742	1112	109	63	0	0x8000000000000000	VPDPWUSD	AVX_VNNI_INT16
3488	6743	1112	109	63	0	0x8000000000000000	VPDPWUSD	AVX_VNNI_INT16
3489	6746	1112	109	63	0	0x8000000000000000	VPDPWUSD	AVX_VNNI_INT16
3490	6747	1112	109	63	0	0x8000000000000000	VPDPWUSD	AVX_VNNI_INT16
3491	6762	1114	109	63	0	0x8000000000000000	VPDPWUUD	AVX_VNNI_INT16
3492	6763	1114	109	63	0	0x8000000000000000	VPDPWUUD	AVX_VNNI_INT16
3493	6766	1114	109	63	0	0x8000000000000000	VPDPWUUD	AVX_VNNI_INT16
3494	6767	1114	109	63	0	0x8000000000000000	VPDPWUUD	AVX_VNNI_INT16
3495	6712	1111	109	63	0	0x8000000000000000	VPDPWSUDS	AVX_VNNI_INT16
3496	6713	1111	109	63	0	0x8000000000000000	VPDPWSUDS	AVX_VNNI_INT16
3497	6716	1111	109	63	0	0x8000000000000000	VPDPWSUDS	AVX_VNNI_INT16
3498	6717	1111	109	63	0	0x8000000000000000	VPDPWSUDS	AVX_VNNI_INT16
3499	6732	1113	109	63	0	0x8000000000000000	VPDPWUSDS	AVX_VNNI_INT16
3500	6733	1113	109	63	0	0x8000000000000000	VPDPWUSDS	AVX_VNNI_INT16
3501	6736	1113	109	63	0	0x8000000000000000	VPDPWUSDS	AVX_VNNI_INT16
3502	6737	1113	109	63	0	0x8000000000000000	VPDPWUSDS	AVX_VNNI_INT16
3503	6752	1115	109	63	0	0x8000000000000000	VPDPWUUDS	AVX_VNNI_INT16
3504	6753	1115	109	63	0	0x8000000000000000	VPDPWUUDS	AVX_VNNI_INT16
3505	6756	1115	109	63	0	0x8000000000000000	VPDPWUUDS	AVX_VNNI_INT16
3506	6757	1115	109	63	0	0x8000000000000000	VPDPWUUDS	AVX_VNNI_INT16
3507	8684	888	96	31	0	0x0000000080000000	VSM3MSG1	SM3
3508	8685	888	96	31	0	0x0000000080000000	VSM3MSG1	SM3
3509	8686	889	96	31	0	0x0000000080000000	VSM3MSG2	SM3
3510	8687	889	96	31	0	0x0000000080000000	VSM3MSG2	SM3
3511	8690	891	97	32	0	0x0000000100000000	VSM4KEY4	SM4
3512	8692	891	97	32	0	0x0000000100000000	VSM4KEY4	SM4
3513	8694	891	97	32	0	0x0000000100000000	VSM4KEY4	SM4
3514	8696	891	97	32	0	0x0000000100000000	VSM4KEY4	SM4
3515	8700	892	97	32	0	0x0000000100000000	VSM4RNDS4	SM4
3516	8702	892	97	32	0	0x0000000100000000	VSM4RNDS4	SM4
3517	8704	892	97	32	0	0x0000000100000000	VSM4RNDS4	SM4
3518	8706	892	97	32	0	0x0000000100000000	VSM4RNDS4	SM4
3519	3455	800	259	207	3	0x0000000000008000	VAESIMC	AVXAES
3520	3456	800	259	207	3	0x0000000000008000	VAESIMC	AVXAES
3521	3445	735	259	207	3	0x0000000000008000	VAESENC	AVXAES
3522	3446	735	259	207	3	0x0000000000008000	VAESENC	AVXAES
3523	3449	735	77	40	0	0x0000010000000000	VAESENC	VAES
3524	3451	735	77	40	0	0x0000010000000000	VAESENC	VAES
3525	3435	797	259	207	3	0x0000000000008000	VAESENCLAST	AVXAES
3526	3436	797	259	207	3	0x0000000000008000	VAESENCLAST	AVXAES
3527	3439	797	77	40	0	0x0000010000000000	VAESENCLAST	VAES
3528	3441	797	77	40	0	0x0000010000000000	VAESENCLAST	VAES
3529	3425	798	259	207	3	0x0000000000008000	VAESDEC	AVXAES
3530	3426	798	259	207	3	0x0000000000008000	VAESDEC	AVXAES
3531	3429	798	77	40	0	0x0000010000000000	VAESDEC	VAES
3532	3431	798	77	40	0	0x0000010000000000	VAESDEC	VAES
3533	3415	799	259	207	3	0x0000000000008000	VAESDECLAST	AVXAES
3534	3416	799	259	207	3	0x0000000000008000	VAESDECLAST	AVXAES
3535	3419	799	77	40	0	0x0000010000000000	VAESDECLAST	VAES
3536	3421	799	77	40	0	0x0000010000000000	VAESDECLAST	VAES
3537	833	1283	267	214	3	0x0000000000400000	CMPOXADD	CMPCCXADD
3538	835	1283	267	214	3	0x0000000000400000	CMPOXADD	CMPCCXADD
3539	817	1279	267	214	3	0x0000000000400000	CMPNOXADD	CMPCCXADD
3540	819	1279	267	214	3	0x0000000000400000	CMPNOXADD	CMPCCXADD
3541	789	1272	267	214	3	0x0000000000400000	CMPBXADD	CMPCCXADD
3542	791	1272	267	214	3	0x0000000000400000	CMPBXADD	CMPCCXADD
3543	805	1276	267	214	3	0x0000000000400000	CMPNBXADD	CMPCCXADD
3544	807	1276	267	214	3	0x0000000000400000	CMPNBXADD	CMPCCXADD
3545	867	1290	267	214	3	0x0000000000400000	CMPZXADD	CMPCCXADD
3546	869	1290	267	214	3	0x0000000000400000	CMPZXADD	CMPCCXADD
3547	829	1282	267	214	3	0x0000000000400000	CMPNZXADD	CMPCCXADD
3548	831	1282	267	214	3	0x0000000000400000	CMPNZXADD	CMPCCXADD
3549	785	1271	267	214	3	0x0000000000400000	CMPBEXADD	CMPCCXADD
3550	787	1271	267	214	3	0x0000000000400000	CMPBEXADD	CMPCCXADD
3551	801	1275	267	214	3	0x0000000000400000	CMPNBEXADD	CMPCCXADD
3552	803	1275	267	214	3	0x0000000000400000	CMPNBEXADD	CMPCCXADD
3553	853	1286	267	214	3	0x0000000000400000	CMPSXADD	CMPCCXADD
3554	855	1286	267	214	3	0x0000000000400000	CMPSXADD	CMPCCXADD
3555	825	1281	267	214	3	0x0000000000400000	CMPNSXADD	CMPCCXADD
3556	827	1281	267	214	3	0x0000000000400000	CMPNSXADD	CMPCCXADD
3557	841	1284	267	214	3	0x0000000000400000	CMPPXADD	CMPCCXADD
3558	843	1284	267	214	3	0x0000000000400000	CMPPXADD	CMPCCXADD
3559	821	1280	267	214	3	0x0000000000400000	CMPNPXADD	CMPCCXADD
3560	823	1280	267	214	3	0x0000000000400000	CMPNPXADD	CMPCCXADD
3561	797	1274	267	214	3	0x0000000000400000	CMPLXADD	CMPCCXADD
3562	799	1274	267	214	3	0x0000000000400000	CMPLXADD	CMPCCXADD
3563	813	1278	267	214	3	0x0000000000400000	CMPNLXADD	CMPCCXADD
3564	815	1278	267	214	3	0x0000000000400000	CMPNLXADD	CMPCCXADD
3565	793	1273	267	214	3	0x0000000000400000	CMPLEXADD	CMPCCXADD
3566	795	1273	267	214	3	0x0000000000400000	CMPLEXADD	CMPCCXADD
3567	809	1277	267	214	3	0x0000000000400000	CMPNLEXADD	CMPCCXADD
3568	811	1277	267	214	3	0x0000000000400000	CMPNLEXADD	CMPCCXADD
3569	181	684	48	58	0	0x0400000000000000	ANDN	BMI1
3570	181	684	48	58	0	0x0400000000000000	ANDN	BMI1
3571	182	684	48	58	0	0x0400000000000000	ANDN	BMI1
3572	182	684	48	58	0	0x0400000000000000	ANDN	BMI1
3573	191	684	48	58	0	0x0400000000000000	ANDN	BMI1
3574	192	684	48	58	0	0x0400000000000000	ANDN	BMI1
3575	319	686	48	58	0	0x0400000000000000	BLSI	BMI1
3576	319	686	48	58	0	0x0400000000000000	BLSI	BMI1
3577	320	686	48	58	0	0x0400000000000000	BLSI	BMI1
3578	320	686	48	58	0	0x0400000000000000	BLSI	BMI1
3579	329	686	48	58	0	0x0400000000000000	BLSI	BMI1
3580	330	686	48	58	0	0x0400000000000000	BLSI	BMI1
3581	331	687	48	58	0	0x0400000000000000	BLSMSK	BMI1
3582	331	687	48	58	0	0x0400000000000000	BLSMSK	BMI1
3583	332	687	48	58	0	0x0400000000000000	BLSMSK	BMI1
3584	332	687	48	58	0	0x0400000000000000	BLSMSK	BMI1
3585	341	687	48	58	0	0x0400000000000000	BLSMSK	BMI1
3586	342	687	48	58	0	0x0400000000000000	BLSMSK	BMI1
3587	343	688	48	58	0	0x0400000000000000	BLSR	BMI1
3588	343	688	48	58	0	0x0400000000000000	BLSR	BMI1
3589	344	688	48	58	0	0x0400000000000000	BLSR	BMI1
3590	344	688	48	58	0	0x0400000000000000	BLSR	BMI1
3591	353	688	48	58	0	0x0400000000000000	BLSR	BMI1
3592	354	688	48	58	0	0x0400000000000000	BLSR	BMI1
3593	414	689	49	59	0	0x0800000000000000	BZHI	BMI2
3594	414	689	49	59	0	0x0800000000000000	BZHI	BMI2
3595	415	689	49	59	0	0x0800000000000000	BZHI	BMI2
3596	415	689	49	59	0	0x0800000000000000	BZHI	BMI2
3597	424	689	49	59	0	0x0800000000000000	BZHI	BMI2
3598	425	689	49	59	0	0x0800000000000000	BZHI	BMI2
3599	2086	691	49	59	0	0x0800000000000000	PDEP	BMI2
3600	2086	691	49	59	0	0x0800000000000000	PDEP	BMI2
3601	2087	691	49	59	0	0x0800000000000000	PDEP	BMI2
3602	2087	691	49	59	0	0x0800000000000000	PDEP	BMI2
3603	2092	691	49	59	0	0x0800000000000000	PDEP	BMI2
3604	2093	691	49	59	0	0x0800000000000000	PDEP	BMI2
3605	2104	692	49	59	0	0x0800000000000000	PEXT	BMI2
3606	2104	692	49	59	0	0x0800000000000000	PEXT	BMI2
3607	2105	692	49	59	0	0x0800000000000000	PEXT	BMI2
3608	2105	692	49	59	0	0x0800000000000000	PEXT	BMI2
3609	2110	692	49	59	0	0x0800000000000000	PEXT	BMI2
3610	2111	692	49	59	0	0x0800000000000000	PEXT	BMI2
3611	1801	690	49	59	0	0x0800000000000000	MULX	BMI2
3612	1801	690	49	59	0	0x0800000000000000	MULX	BMI2
3613	1802	690	49	59	0	0x0800000000000000	MULX	BMI2
3614	1802	690	49	59	0	0x0800000000000000	MULX	BMI2
3615	1807	690	49	59	0	0x0800000000000000	MULX	BMI2
3616	1808	690	49	59	0	0x0800000000000000	MULX	BMI2
3617	267	685	48	58	0	0x0400000000000000	BEXTR	BMI1
3618	267	685	48	58	0	0x0400000000000000	BEXTR	BMI1
3619	268	685	48	58	0	0x0400000000000000	BEXTR	BMI1
3620	268	685	48	58	0	0x0400000000000000	BEXTR	BMI1
3621	277	685	48	58	0	0x0400000000000000	BEXTR	BMI1
3622	278	685	48	58	0	0x0400000000000000	BEXTR	BMI1
3623	2754	694	49	59	0	0x0800000000000000	SARX	BMI2
3624	2754	694	49	59	0	0x0800000000000000	SARX	BMI2
3625	2755	694	49	59	0	0x0800000000000000	SARX	BMI2
3626	2755	694	49	59	0	0x0800000000000000	SARX	BMI2
3627	2760	694	49	59	0	0x0800000000000000	SARX	BMI2
3628	2761	694	49	59	0	0x0800000000000000	SARX	BMI2
3629	2998	695	49	59	0	0x0800000000000000	SHLX	BMI2
3630	2998	695	49	59	0	0x0800000000000000	SHLX	BMI2
3631	2999	695	49	59	0	0x0800000000000000	SHLX	BMI2
3632	2999	695	49	59	0	0x0800000000000000	SHLX	BMI2
3633	3004	695	49	59	0	0x0800000000000000	SHLX	BMI2
3634	3005	695	49	59	0	0x0800000000000000	SHLX	BMI2
3635	3082	696	49	59	0	0x0800000000000000	SHRX	BMI2
3636	3082	696	49	59	0	0x0800000000000000	SHRX	BMI2
3637	3083	696	49	59	0	0x0800000000000000	SHRX	BMI2
3638	3083	696	49	59	0	0x0800000000000000	SHRX	BMI2
3639	3088	696	49	59	0	0x0800000000000000	SHRX	BMI2
3640	3089	696	49	59	0	0x0800000000000000	SHRX	BMI2
3641	6890	1838	46	9	0	0x0000000000000200	VPERMQ	AVX2
3642	6891	1838	46	9	0	0x0000000000000200	VPERMQ	AVX2
3643	6878	1836	46	9	0	0x0000000000000200	VPERMPD	AVX2
3644	6879	1836	46	9	0	0x0000000000000200	VPERMPD	AVX2
3645	6306	1807	46	9	0	0x0000000000000200	VPBLENDD	AVX2
3646	6307	1807	46	9	0	0x0000000000000200	VPBLENDD	AVX2
3647	6308	1807	46	9	0	0x0000000000000200	VPBLENDD	AVX2
3648	6309	1807	46	9	0	0x0000000000000200	VPBLENDD	AVX2
3649	6854	1835	37	8	0	0x0000000000000100	VPERMILPS	AVX
3650	6855	1835	37	8	0	0x0000000000000100	VPERMILPS	AVX
3651	6866	1835	37	8	0	0x0000000000000100	VPERMILPS	AVX
3652	6867	1835	37	8	0	0x0000000000000100	VPERMILPS	AVX
3653	6834	1834	37	8	0	0x0000000000000100	VPERMILPD	AVX
3654	6835	1834	37	8	0	0x0000000000000100	VPERMILPD	AVX
3655	6846	1834	37	8	0	0x0000000000000100	VPERMILPD	AVX
3656	6847	1834	37	8	0	0x0000000000000100	VPERMILPD	AVX
3657	6770	1827	37	8	0	0x0000000000000100	VPERM2F128	AVX
3658	6771	1827	37	8	0	0x0000000000000100	VPERM2F128	AVX
3659	8543	1964	37	8	0	0x0000000000000100	VROUNDPS	AVX
3660	8544	1964	37	8	0	0x0000000000000100	VROUNDPS	AVX
3661	8545	1964	37	8	0	0x0000000000000100	VROUNDPS	AVX
3662	8546	1964	37	8	0	0x0000000000000100	VROUNDPS	AVX
3663	8539	1963	37	8	0	0x0000000000000100	VROUNDPD	AVX
3664	8540	1963	37	8	0	0x0000000000000100	VROUNDPD	AVX
3665	8541	1963	37	8	0	0x0000000000000100	VROUNDPD	AVX
3666	8542	1963	37	8	0	0x0000000000000100	VROUNDPD	AVX
3667	8549	1966	37	8	0	0x0000000000000100	VROUNDSS	AVX
3668	8550	1966	37	8	0	0x0000000000000100	VROUNDSS	AVX
3669	8547	1965	37	8	0	0x0000000000000100	VROUNDSD	AVX
3670	8548	1965	37	8	0	0x0000000000000100	VROUNDSD	AVX
3671	3531	1477	37	8	0	0x0000000000000100	VBLENDPS	AVX
3672	3532	1477	37	8	0	0x0000000000000100	VBLENDPS	AVX
3673	3533	1477	37	8	0	0x0000000000000100	VBLENDPS	AVX
3674	3534	1477	37	8	0	0x0000000000000100	VBLENDPS	AVX
3675	3527	1476	37	8	0	0x0000000000000100	VBLENDPD	AVX
3676	3528	1476	37	8	0	0x0000000000000100	VBLENDPD	AVX
3677	3529	1476	37	8	0	0x0000000000000100	VBLENDPD	AVX
3678	3530	1476	37	8	0	0x0000000000000100	VBLENDPD	AVX
3679	6338	1813	37	8	0	0x0000000000000100	VPBLENDW	AVX
3680	6339	1813	37	8	0	0x0000000000000100	VPBLENDW	AVX
3681	6340	1813	46	9	0	0x0000000000000200	VPBLENDW	AVX2
3682	6341	1813	46	9	0	0x0000000000000200	VPBLENDW	AVX2
3683	6244	734	37	8	0	0x0000000000000100	VPALIGNR	AVX
3684	6245	734	37	8	0	0x0000000000000100	VPALIGNR	AVX
3685	6248	734	46	9	0	0x0000000000000200	VPALIGNR	AVX2
3686	6249	734	46	9	0	0x0000000000000200	VPALIGNR	AVX2
3687	6966	1843	37	8	0	0x0000000000000100	VPEXTRB	AVX
3688	6968	1843	37	8	0	0x0000000000000100	VPEXTRB	AVX
3689	6978	1846	37	8	0	0x0000000000000100	VPEXTRW	AVX
3690	6983	1846	37	8	0	0x0000000000000100	VPEXTRW	AVX
3691	6970	1844	37	8	0	0x0000000000000100	VPEXTRD	AVX
3692	6970	1844	37	8	0	0x0000000000000100	VPEXTRD	AVX
3693	6972	1844	37	8	0	0x0000000000000100	VPEXTRD	AVX
3694	6972	1844	37	8	0	0x0000000000000100	VPEXTRD	AVX
3695	6974	1845	37	8	0	0x0000000000000100	VPEXTRQ	AVX
3696	6976	1845	37	8	0	0x0000000000000100	VPEXTRQ	AVX
3697	4567	1656	37	8	0	0x0000000000000100	VEXTRACTPS	AVX
3698	4569	1656	37	8	0	0x0000000000000100	VEXTRACTPS	AVX
3699	5551	1740	37	8	0	0x0000000000000100	VINSERTF128	AVX
3700	5552	1740	37	8	0	0x0000000000000100	VINSERTF128	AVX
3701	4539	1646	37	8	0	0x0000000000000100	VEXTRACTF128	AVX
3702	4540	1646	37	8	0	0x0000000000000100	VEXTRACTF128	AVX
3703	4043	698	44	10	0	0x0000000000000400	VCVTPS2PH	F16C
3704	4047	698	44	10	0	0x0000000000000400	VCVTPS2PH	F16C
3705	4048	698	44	10	0	0x0000000000000400	VCVTPS2PH	F16C
3706	4051	698	44	10	0	0x0000000000000400	VCVTPS2PH	F16C
3707	7060	1859	37	8	0	0x0000000000000100	VPINSRB	AVX
3708	7061	1859	37	8	0	0x0000000000000100	VPINSRB	AVX
3709	5579	1750	37	8	0	0x0000000000000100	VINSERTPS	AVX
3710	5580	1750	37	8	0	0x0000000000000100	VINSERTPS	AVX
3711	7064	1860	37	8	0	0x0000000000000100	VPINSRD	AVX
3712	7064	1860	37	8	0	0x0000000000000100	VPINSRD	AVX
3713	7065	1860	37	8	0	0x0000000000000100	VPINSRD	AVX
3714	7065	1860	37	8	0	0x0000000000000100	VPINSRD	AVX
3715	7068	1861	37	8	0	0x0000000000000100	VPINSRQ	AVX
3716	7069	1861	37	8	0	0x0000000000000100	VPINSRQ	AVX
3717	1552	979	175	123	1	0x0800000000000000	KSHIFTRB	AVX512DQ_KOPB
3718	1555	950	184	132	2	0x0000000000000010	KSHIFTRW	AVX512F_KOPW
3719	1553	980	166	114	1	0x0004000000000000	KSHIFTRD	AVX512BW_KOPD
3720	1554	981	167	115	1	0x0008000000000000	KSHIFTRQ	AVX512BW_KOPQ
3721	1548	976	175	123	1	0x0800000000000000	KSHIFTLB	AVX512DQ_KOPB
3722	1551	949	184	132	2	0x0000000000000010	KSHIFTLW	AVX512F_KOPW
3723	1549	977	166	114	1	0x0004000000000000	KSHIFTLD	AVX512BW_KOPD
3724	1550	978	167	115	1	0x0008000000000000	KSHIFTLQ	AVX512BW_KOPQ
3725	5565	1745	46	9	0	0x0000000000000200	VINSERTI128	AVX2
3726	5566	1745	46	9	0	0x0000000000000200	VINSERTI128	AVX2
3727	4553	1651	46	9	0	0x0000000000000200	VEXTRACTI128	AVX2
3728	4554	1651	46	9	0	0x0000000000000200	VEXTRACTI128	AVX2
3729	4515	1641	37	8	0	0x0000000000000100	VDPPS	AVX
3730	4516	1641	37	8	0	0x0000000000000100	VDPPS	AVX
3731	4517	1641	37	8	0	0x0000000000000100	VDPPS	AVX
3732	4518	1641	37	8	0	0x0000000000000100	VDPPS	AVX
3733	4507	1639	37	8	0	0x0000000000000100	VDPPD	AVX
3734	4508	1639	37	8	0	0x0000000000000100	VDPPD	AVX
3735	5987	1794	37	8	0	0x0000000000000100	VMPSADBW	AVX
3736	5988	1794	37	8	0	0x0000000000000100	VMPSADBW	AVX
3737	5991	1794	46	9	0	0x0000000000000200	VMPSADBW	AVX2
3738	5992	1794	46	9	0	0x0000000000000200	VMPSADBW	AVX2
3739	6400	736	37	8	0	0x0000000000000100	VPCLMULQDQ	AVX
3740	6401	736	37	8	0	0x0000000000000100	VPCLMULQDQ	AVX
3741	6404	736	78	41	0	0x0000020000000000	VPCLMULQDQ	VPCLMULQDQ
3742	6406	736	78	41	0	0x0000020000000000	VPCLMULQDQ	VPCLMULQDQ
3743	6772	1828	46	9	0	0x0000000000000200	VPERM2I128	AVX2
3744	6773	1828	46	9	0	0x0000000000000200	VPERM2I128	AVX2
3745	6828	883	38	12	0	0x0000000000001000	VPERMIL2PS	XOP
3746	6829	883	38	12	0	0x0000000000001000	VPERMIL2PS	XOP
3747	6830	883	38	12	0	0x0000000000001000	VPERMIL2PS	XOP
3748	6830	883	38	12	0	0x0000000000001000	VPERMIL2PS	XOP
3749	6831	883	38	12	0	0x0000000000001000	VPERMIL2PS	XOP
3750	6832	883	38	12	0	0x0000000000001000	VPERMIL2PS	XOP
3751	6833	883	38	12	0	0x0000000000001000	VPERMIL2PS	XOP
3752	6833	883	38	12	0	0x0000000000001000	VPERMIL2PS	XOP
3753	6822	884	38	12	0	0x0000000000001000	VPERMIL2PD	XOP
3754	6823	884	38	12	0	0x0000000000001000	VPERMIL2PD	XOP
3755	6824	884	38	12	0	0x0000000000001000	VPERMIL2PD	XOP
3756	6824	884	38	12	0	0x0000000000001000	VPERMIL2PD	XOP
3757	6825	884	38	12	0	0x0000000000001000	VPERMIL2PD	XOP
3758	6826	884	38	12	0	0x0000000000001000	VPERMIL2PD	XOP
3759	6827	884	38	12	0	0x0000000000001000	VPERMIL2PD	XOP
3760	6827	884	38	12	0	0x0000000000001000	VPERMIL2PD	XOP
3761	3539	1479	37	8	0	0x0000000000000100	VBLENDVPS	AVX
3762	3540	1479	37	8	0	0x0000000000000100	VBLENDVPS	AVX
3763	3541	1479	37	8	0	0x0000000000000100	VBLENDVPS	AVX
3764	3542	1479	37	8	0	0x0000000000000100	VBLENDVPS	AVX
3765	3535	1478	37	8	0	0x0000000000000100	VBLENDVPD	AVX
3766	3536	1478	37	8	0	0x0000000000000100	VBLENDVPD	AVX
3767	3537	1478	37	8	0	0x0000000000000100	VBLENDVPD	AVX
3768	3538	1478	37	8	0	0x0000000000000100	VBLENDVPD	AVX
3769	6334	1812	37	8	0	0x0000000000000100	VPBLENDVB	AVX
3770	6335	1812	37	8	0	0x0000000000000100	VPBLENDVB	AVX
3771	6336	1812	46	9	0	0x0000000000000200	VPBLENDVB	AVX2
3772	6337	1812	46	9	0	0x0000000000000200	VPBLENDVB	AVX2
3773	4839	804	39	13	0	0x0000000000002000	VFMADDSUBPS	FMA4
3774	4840	804	39	13	0	0x0000000000002000	VFMADDSUBPS	FMA4
3775	4841	804	39	13	0	0x0000000000002000	VFMADDSUBPS	FMA4
3776	4841	804	39	13	0	0x0000000000002000	VFMADDSUBPS	FMA4
3777	4842	804	39	13	0	0x0000000000002000	VFMADDSUBPS	FMA4
3778	4843	804	39	13	0	0x0000000000002000	VFMADDSUBPS	FMA4
3779	4844	804	39	13	0	0x0000000000002000	VFMADDSUBPS	FMA4
3780	4844	804	39	13	0	0x0000000000002000	VFMADDSUBPS	FMA4
3781	4833	805	39	13	0	0x0000000000002000	VFMADDSUBPD	FMA4
3782	4834	805	39	13	0	0x0000000000002000	VFMADDSUBPD	FMA4
3783	4835	805	39	13	0	0x0000000000002000	VFMADDSUBPD	FMA4
3784	4835	805	39	13	0	0x0000000000002000	VFMADDSUBPD	FMA4
3785	4836	805	39	13	0	0x0000000000002000	VFMADDSUBPD	FMA4
3786	4837	805	39	13	0	0x0000000000002000	VFMADDSUBPD	FMA4
3787	4838	805	39	13	0	0x0000000000002000	VFMADDSUBPD	FMA4
3788	4838	805	39	13	0	0x0000000000002000	VFMADDSUBPD	FMA4
3789	5055	806	39	13	0	0x0000000000002000	VFMSUBADDPS	FMA4
3790	5056	806	39	13	0	0x0000000000002000	VFMSUBADDPS	FMA4
3791	5057	806	39	13	0	0x0000000000002000	VFMSUBADDPS	FMA4
3792	5057	806	39	13	0	0x0000000000002000	VFMSUBADDPS	FMA4
3793	5058	806	39	13	0	0x0000000000002000	VFMSUBADDPS	FMA4
3794	5059	806	39	13	0	0x0000000000002000	VFMSUBADDPS	FMA4
3795	5060	806	39	13	0	0x0000000000002000	VFMSUBADDPS	FMA4
3796	5060	806	39	13	0	0x0000000000002000	VFMSUBADDPS	FMA4
3797	5049	807	39	13	0	0x0000000000002000	VFMSUBADDPD	FMA4
3798	5050	807	39	13	0	0x0000000000002000	VFMSUBADDPD	FMA4
3799	5051	807	39	13	0	0x0000000000002000	VFMSUBADDPD	FMA4
3800	5051	807	39	13	0	0x0000000000002000	VFMSUBADDPD	FMA4
3801	5052	807	39	13	0	0x0000000000002000	VFMSUBADDPD	FMA4
3802	5053	807	39	13	0	0x0000000000002000	VFMSUBADDPD	FMA4
3803	5054	807	39	13	0	0x0000000000002000	VFMSUBADDPD	FMA4
3804	5054	807	39	13	0	0x0000000000002000	VFMSUBADDPD	FMA4
3805	6474	1821	37	8	0	0x0000000000000100	VPCMPESTRM	AVX
3806	6474	1821	37	8	0	0x0000000000000100	VPCMPESTRM	AVX
3807	6475	1821	37	8	0	0x0000000000000100	VPCMPESTRM	AVX
3808	6475	1821	37	8	0	0x0000000000000100	VPCMPESTRM	AVX
3809	6472	1822	37	8	0	0x0000000000000100	VPCMPESTRM64	AVX
3810	6473	1822	37	8	0	0x0000000000000100	VPCMPESTRM64	AVX
3811	6470	1819	37	8	0	0x0000000000000100	VPCMPESTRI	AVX
3812	6470	1819	37	8	0	0x0000000000000100	VPCMPESTRI	AVX
3813	6471	1819	37	8	0	0x0000000000000100	VPCMPESTRI	AVX
3814	6471	1819	37	8	0	0x0000000000000100	VPCMPESTRI	AVX
3815	6468	1820	37	8	0	0x0000000000000100	VPCMPESTRI64	AVX
3816	6469	1820	37	8	0	0x0000000000000100	VPCMPESTRI64	AVX
3817	6520	1826	37	8	0	0x0000000000000100	VPCMPISTRM	AVX
3818	6521	1826	37	8	0	0x0000000000000100	VPCMPISTRM	AVX
3819	6518	1824	37	8	0	0x0000000000000100	VPCMPISTRI	AVX
3820	6518	1824	37	8	0	0x0000000000000100	VPCMPISTRI	AVX
3821	6519	1824	37	8	0	0x0000000000000100	VPCMPISTRI	AVX
3822	6519	1824	37	8	0	0x0000000000000100	VPCMPISTRI	AVX
3823	6516	1825	37	8	0	0x0000000000000100	VPCMPISTRI64	AVX
3824	6517	1825	37	8	0	0x0000000000000100	VPCMPISTRI64	AVX
3825	4743	710	39	13	0	0x0000000000002000	VFMADDPS	FMA4
3826	4744	710	39	13	0	0x0000000000002000	VFMADDPS	FMA4
3827	4745	710	39	13	0	0x0000000000002000	VFMADDPS	FMA4
3828	4745	710	39	13	0	0x0000000000002000	VFMADDPS	FMA4
3829	4746	710	39	13	0	0x0000000000002000	VFMADDPS	FMA4
3830	4747	710	39	13	0	0x0000000000002000	VFMADDPS	FMA4
3831	4748	710	39	13	0	0x0000000000002000	VFMADDPS	FMA4
3832	4748	710	39	13	0	0x0000000000002000	VFMADDPS	FMA4
3833	4737	711	39	13	0	0x0000000000002000	VFMADDPD	FMA4
3834	4738	711	39	13	0	0x0000000000002000	VFMADDPD	FMA4
3835	4739	711	39	13	0	0x0000000000002000	VFMADDPD	FMA4
3836	4739	711	39	13	0	0x0000000000002000	VFMADDPD	FMA4
3837	4740	711	39	13	0	0x0000000000002000	VFMADDPD	FMA4
3838	4741	711	39	13	0	0x0000000000002000	VFMADDPD	FMA4
3839	4742	711	39	13	0	0x0000000000002000	VFMADDPD	FMA4
3840	4742	711	39	13	0	0x0000000000002000	VFMADDPD	FMA4
3841	4752	712	39	13	0	0x0000000000002000	VFMADDSS	FMA4
3842	4753	712	39	13	0	0x0000000000002000	VFMADDSS	FMA4
3843	4754	712	39	13	0	0x0000000000002000	VFMADDSS	FMA4
3844	4754	712	39	13	0	0x0000000000002000	VFMADDSS	FMA4
3845	4749	713	39	13	0	0x0000000000002000	VFMADDSD	FMA4
3846	4750	713	39	13	0	0x0000000000002000	VFMADDSD	FMA4
3847	4751	713	39	13	0	0x0000000000002000	VFMADDSD	FMA4
3848	4751	713	39	13	0	0x0000000000002000	VFMADDSD	FMA4
3849	5067	808	39	13	0	0x0000000000002000	VFMSUBPS	FMA4
3850	5068	808	39	13	0	0x0000000000002000	VFMSUBPS	FMA4
3851	5069	808	39	13	0	0x0000000000002000	VFMSUBPS	FMA4
3852	5069	808	39	13	0	0x0000000000002000	VFMSUBPS	FMA4
3853	5070	808	39	13	0	0x0000000000002000	VFMSUBPS	FMA4
3854	5071	808	39	13	0	0x0000000000002000	VFMSUBPS	FMA4
3855	5072	808	39	13	0	0x0000000000002000	VFMSUBPS	FMA4
3856	5072	808	39	13	0	0x0000000000002000	VFMSUBPS	FMA4
3857	5061	809	39	13	0	0x0000000000002000	VFMSUBPD	FMA4
3858	5062	809	39	13	0	0x0000000000002000	VFMSUBPD	FMA4
3859	5063	809	39	13	0	0x0000000000002000	VFMSUBPD	FMA4
3860	5063	809	39	13	0	0x0000000000002000	VFMSUBPD	FMA4
3861	5064	809	39	13	0	0x0000000000002000	VFMSUBPD	FMA4
3862	5065	809	39	13	0	0x0000000000002000	VFMSUBPD	FMA4
3863	5066	809	39	13	0	0x0000000000002000	VFMSUBPD	FMA4
3864	5066	809	39	13	0	0x0000000000002000	VFMSUBPD	FMA4
3865	5076	810	39	13	0	0x0000000000002000	VFMSUBSS	FMA4
3866	5077	810	39	13	0	0x0000000000002000	VFMSUBSS	FMA4
3867	5078	810	39	13	0	0x0000000000002000	VFMSUBSS	FMA4
3868	5078	810	39	13	0	0x0000000000002000	VFMSUBSS	FMA4
3869	5073	811	39	13	0	0x0000000000002000	VFMSUBSD	FMA4
3870	5074	811	39	13	0	0x0000000000002000	VFMSUBSD	FMA4
3871	5075	811	39	13	0	0x0000000000002000	VFMSUBSD	FMA4
3872	5075	811	39	13	0	0x0000000000002000	VFMSUBSD	FMA4
3873	5219	812	39	13	0	0x0000000000002000	VFNMADDPS	FMA4
3874	5220	812	39	13	0	0x0000000000002000	VFNMADDPS	FMA4
3875	5221	812	39	13	0	0x0000000000002000	VFNMADDPS	FMA4
3876	5221	812	39	13	0	0x0000000000002000	VFNMADDPS	FMA4
3877	5222	812	39	13	0	0x0000000000002000	VFNMADDPS	FMA4
3878	5223	812	39	13	0	0x0000000000002000	VFNMADDPS	FMA4
3879	5224	812	39	13	0	0x0000000000002000	VFNMADDPS	FMA4
3880	5224	812	39	13	0	0x0000000000002000	VFNMADDPS	FMA4
3881	5213	813	39	13	0	0x0000000000002000	VFNMADDPD	FMA4
3882	5214	813	39	13	0	0x0000000000002000	VFNMADDPD	FMA4
3883	5215	813	39	13	0	0x0000000000002000	VFNMADDPD	FMA4
3884	5215	813	39	13	0	0x0000000000002000	VFNMADDPD	FMA4
3885	5216	813	39	13	0	0x0000000000002000	VFNMADDPD	FMA4
3886	5217	813	39	13	0	0x0000000000002000	VFNMADDPD	FMA4
3887	5218	813	39	13	0	0x0000000000002000	VFNMADDPD	FMA4
3888	5218	813	39	13	0	0x0000000000002000	VFNMADDPD	FMA4
3889	5228	814	39	13	0	0x0000000000002000	VFNMADDSS	FMA4
3890	5229	814	39	13	0	0x0000000000002000	VFNMADDSS	FMA4
3891	5230	814	39	13	0	0x0000000000002000	VFNMADDSS	FMA4
3892	5230	814	39	13	0	0x0000000000002000	VFNMADDSS	FMA4
3893	5225	815	39	13	0	0x0000000000002000	VFNMADDSD	FMA4
3894	5226	815	39	13	0	0x0000000000002000	VFNMADDSD	FMA4
3895	5227	815	39	13	0	0x0000000000002000	VFNMADDSD	FMA4
3896	5227	815	39	13	0	0x0000000000002000	VFNMADDSD	FMA4
3897	5363	816	39	13	0	0x0000000000002000	VFNMSUBPS	FMA4
3898	5364	816	39	13	0	0x0000000000002000	VFNMSUBPS	FMA4
3899	5365	816	39	13	0	0x0000000000002000	VFNMSUBPS	FMA4
3900	5365	816	39	13	0	0x0000000000002000	VFNMSUBPS	FMA4
3901	5366	816	39	13	0	0x0000000000002000	VFNMSUBPS	FMA4
3902	5367	816	39	13	0	0x0000000000002000	VFNMSUBPS	FMA4
3903	5368	816	39	13	0	0x0000000000002000	VFNMSUBPS	FMA4
3904	5368	816	39	13	0	0x0000000000002000	VFNMSUBPS	FMA4
3905	5357	817	39	13	0	0x0000000000002000	VFNMSUBPD	FMA4
3906	5358	817	39	13	0	0x0000000000002000	VFNMSUBPD	FMA4
3907	5359	817	39	13	0	0x0000000000002000	VFNMSUBPD	FMA4
3908	5359	817	39	13	0	0x0000000000002000	VFNMSUBPD	FMA4
3909	5360	817	39	13	0	0x0000000000002000	VFNMSUBPD	FMA4
3910	5361	817	39	13	0	0x0000000000002000	VFNMSUBPD	FMA4
3911	5362	817	39	13	0	0x0000000000002000	VFNMSUBPD	FMA4
3912	5362	817	39	13	0	0x0000000000002000	VFNMSUBPD	FMA4
3913	5372	818	39	13	0	0x0000000000002000	VFNMSUBSS	FMA4
3914	5373	818	39	13	0	0x0000000000002000	VFNMSUBSS	FMA4
3915	5374	818	39	13	0	0x0000000000002000	VFNMSUBSS	FMA4
3916	5374	818	39	13	0	0x0000000000002000	VFNMSUBSS	FMA4
3917	5369	819	39	13	0	0x0000000000002000	VFNMSUBSD	FMA4
3918	5370	819	39	13	0	0x0000000000002000	VFNMSUBSD	FMA4
3919	5371	819	39	13	0	0x0000000000002000	VFNMSUBSD	FMA4
3920	5371	819	39	13	0	0x0000000000002000	VFNMSUBSD	FMA4
3921	5517	1738	260	208	3	0x0000000000010000	VGF2P8AFFINEQB	AVX_GFNI
3922	5518	1738	260	208	3	0x0000000000010000	VGF2P8AFFINEQB	AVX_GFNI
3923	5521	1738	260	208	3	0x0000000000010000	VGF2P8AFFINEQB	AVX_GFNI
3924	5522	1738	260	208	3	0x0000000000010000	VGF2P8AFFINEQB	AVX_GFNI
3925	5507	1737	260	208	3	0x0000000000010000	VGF2P8AFFINEINVQB	AVX_GFNI
3926	5508	1737	260	208	3	0x0000000000010000	VGF2P8AFFINEINVQB	AVX_GFNI
3927	5511	1737	260	208	3	0x0000000000010000	VGF2P8AFFINEINVQB	AVX_GFNI
3928	5512	1737	260	208	3	0x0000000000010000	VGF2P8AFFINEINVQB	AVX_GFNI
3929	8688	890	96	31	0	0x0000000080000000	VSM3RNDS2	SM3
3930	8689	890	96	31	0	0x0000000080000000	VSM3RNDS2	SM3
3931	3457	801	259	207	3	0x0000000000008000	VAESKEYGENASSIST	AVXAES
3932	3458	801	259	207	3	0x0000000000008000	VAESKEYGENASSIST	AVXAES
3933	2682	693	49	59	0	0x0800000000000000	RORX	BMI2
3934	2682	693	49	59	0	0x0800000000000000	RORX	BMI2
3935	2683	693	49	59	0	0x0800000000000000	RORX	BMI2
3936	2683	693	49	59	0	0x0800000000000000	RORX	BMI2
3937	2688	693	49	59	0	0x0800000000000000	RORX	BMI2
3938	2689	693	49	59	0	0x0800000000000000	RORX	BMI2
3939	3267	927	99	48	0	0x0001000000000000	TDPBF8PS	AMX_FP8
3940	3268	928	99	48	0	0x0001000000000000	TDPBHF8PS	AMX_FP8
3941	3274	929	99	48	0	0x0001000000000000	TDPHBF8PS	AMX_FP8
3942	3275	930	99	48	0	0x0001000000000000	TDPHF8PS	AMX_FP8
3943	2572	148	287	234	3	0x0000040000000000	RDMSR	MSR_IMM
3944	8894	2023	287	234	3	0x0000040000000000	WRMSRNS	MSR_IMM
3945	3355	1466	315	261	4	0x0000000000000020	URDMSR	USER_MSR
3946	3359	1467	315	261	4	0x0000000000000020	UWRMSR	USER_MSR
3947	5914	1788	185	133	2	0x0000000000000020	VMOVSD	AVX512F_SCALAR
3948	5915	1788	185	133	2	0x0000000000000020	VMOVSD	AVX512F_SCALAR
3949	5944	1792	185	133	2	0x0000000000000020	VMOVSS	AVX512F_SCALAR
3950	5945	1792	185	133	2	0x0000000000000020	VMOVSS	AVX512F_SCALAR
3951	5954	1187	180	128	2	0x0000000000000001	VMOVUPD	AVX512F_128
3952	5955	1187	180	128	2	0x0000000000000001	VMOVUPD	AVX512F_128
3953	5956	1187	182	130	2	0x0000000000000004	VMOVUPD	AVX512F_256
3954	5957	1187	182	130	2	0x0000000000000004	VMOVUPD	AVX512F_256
3955	5961	1187	183	131	2	0x0000000000000008	VMOVUPD	AVX512F_512
3956	5962	1187	183	131	2	0x0000000000000008	VMOVUPD	AVX512F_512
3957	5971	1186	180	128	2	0x0000000000000001	VMOVUPS	AVX512F_128
3958	5972	1186	180	128	2	0x0000000000000001	VMOVUPS	AVX512F_128
3959	5973	1186	182	130	2	0x0000000000000004	VMOVUPS	AVX512F_256
3960	5974	1186	182	130	2	0x0000000000000004	VMOVUPS	AVX512F_256
3961	5978	1186	183	131	2	0x0000000000000008	VMOVUPS	AVX512F_512
3962	5979	1186	183	131	2	0x0000000000000008	VMOVUPS	AVX512F_512
3963	5909	1788	185	133	2	0x0000000000000020	VMOVSD	AVX512F_SCALAR
3964	5915	1788	185	133	2	0x0000000000000020	VMOVSD	AVX512F_SCALAR
3965	5940	1792	185	133	2	0x0000000000000020	VMOVSS	AVX512F_SCALAR
3966	5945	1792	185	133	2	0x0000000000000020	VMOVSS	AVX512F_SCALAR
3967	5947	1187	180	128	2	0x0000000000000001	VMOVUPD	AVX512F_128
3968	5948	1187	182	130	2	0x0000000000000004	VMOVUPD	AVX512F_256
3969	5949	1187	183	131	2	0x0000000000000008	VMOVUPD	AVX512F_512
3970	5955	1187	180	128	2	0x0000000000000001	VMOVUPD	AVX512F_128
3971	5957	1187	182	130	2	0x0000000000000004	VMOVUPD	AVX512F_256
3972	5962	1187	183	131	2	0x0000000000000008	VMOVUPD	AVX512F_512
3973	5964	1186	180	128	2	0x0000000000000001	VMOVUPS	AVX512F_128
3974	5965	1186	182	130	2	0x0000000000000004	VMOVUPS	AVX512F_256
3975	5966	1186	183	131	2	0x0000000000000008	VMOVUPS	AVX512F_512
3976	5972	1186	180	128	2	0x0000000000000001	VMOVUPS	AVX512F_128
3977	5974	1186	182	130	2	0x0000000000000004	VMOVUPS	AVX512F_256
3978	5979	1186	183	131	2	0x0000000000000008	VMOVUPS	AVX512F_512
3979	5751	1769	180	128	2	0x0000000000000001	VMOVDDUP	AVX512F_128
3980	5752	1769	180	128	2	0x0000000000000001	VMOVDDUP	AVX512F_128
3981	5753	1769	182	130	2	0x0000000000000004	VMOVDDUP	AVX512F_256
3982	5754	1769	182	130	2	0x0000000000000004	VMOVDDUP	AVX512F_256
3983	5757	1769	183	131	2	0x0000000000000008	VMOVDDUP	AVX512F_512
3984	5758	1769	183	131	2	0x0000000000000008	VMOVDDUP	AVX512F_512
3985	5841	1776	181	129	2	0x0000000000000002	VMOVHLPS	AVX512F_128N
3986	5855	1780	181	129	2	0x0000000000000002	VMOVLPD	AVX512F_128N
3987	5859	1781	181	129	2	0x0000000000000002	VMOVLPS	AVX512F_128N
3988	5931	1791	180	128	2	0x0000000000000001	VMOVSLDUP	AVX512F_128
3989	5932	1791	180	128	2	0x0000000000000001	VMOVSLDUP	AVX512F_128
3990	5933	1791	182	130	2	0x0000000000000004	VMOVSLDUP	AVX512F_256
3991	5934	1791	182	130	2	0x0000000000000004	VMOVSLDUP	AVX512F_256
3992	5937	1791	183	131	2	0x0000000000000008	VMOVSLDUP	AVX512F_512
3993	5938	1791	183	131	2	0x0000000000000008	VMOVSLDUP	AVX512F_512
3994	5852	1780	181	129	2	0x0000000000000002	VMOVLPD	AVX512F_128N
3995	5856	1781	181	129	2	0x0000000000000002	VMOVLPS	AVX512F_128N
3996	8847	2020	180	128	2	0x0000000000000001	VUNPCKLPD	AVX512F_128
3997	8848	2020	180	128	2	0x0000000000000001	VUNPCKLPD	AVX512F_128
3998	8849	2020	182	130	2	0x0000000000000004	VUNPCKLPD	AVX512F_256
3999	8850	2020	182	130	2	0x0000000000000004	VUNPCKLPD	AVX512F_256
4000	8853	2020	183	131	2	0x0000000000000008	VUNPCKLPD	AVX512F_512
4001	8854	2020	183	131	2	0x0000000000000008	VUNPCKLPD	AVX512F_512
4002	8857	2021	180	128	2	0x0000000000000001	VUNPCKLPS	AVX512F_128
4003	8858	2021	180	128	2	0x0000000000000001	VUNPCKLPS	AVX512F_128
4004	8859	2021	182	130	2	0x0000000000000004	VUNPCKLPS	AVX512F_256
4005	8860	2021	182	130	2	0x0000000000000004	VUNPCKLPS	AVX512F_256
4006	8863	2021	183	131	2	0x0000000000000008	VUNPCKLPS	AVX512F_512
4007	8864	2021	183	131	2	0x0000000000000008	VUNPCKLPS	AVX512F_512
4008	8827	2018	180	128	2	0x0000000000000001	VUNPCKHPD	AVX512F_128
4009	8828	2018	180	128	2	0x0000000000000001	VUNPCKHPD	AVX512F_128
4010	8829	2018	182	130	2	0x0000000000000004	VUNPCKHPD	AVX512F_256
4011	8830	2018	182	130	2	0x0000000000000004	VUNPCKHPD	AVX512F_256
4012	8833	2018	183	131	2	0x0000000000000008	VUNPCKHPD	AVX512F_512
4013	8834	2018	183	131	2	0x0000000000000008	VUNPCKHPD	AVX512F_512
4014	8837	2019	180	128	2	0x0000000000000001	VUNPCKHPS	AVX512F_128
4015	8838	2019	180	128	2	0x0000000000000001	VUNPCKHPS	AVX512F_128
4016	8839	2019	182	130	2	0x0000000000000004	VUNPCKHPS	AVX512F_256
4017	8840	2019	182	130	2	0x0000000000000004	VUNPCKHPS	AVX512F_256
4018	8843	2019	183	131	2	0x0000000000000008	VUNPCKHPS	AVX512F_512
4019	8844	2019	183	131	2	0x0000000000000008	VUNPCKHPS	AVX512F_512
4020	5845	1777	181	129	2	0x0000000000000002	VMOVHPD	AVX512F_128N
4021	5849	1778	181	129	2	0x0000000000000002	VMOVHPS	AVX512F_128N
4022	5851	1779	181	129	2	0x0000000000000002	VMOVLHPS	AVX512F_128N
4023	5918	1790	180	128	2	0x0000000000000001	VMOVSHDUP	AVX512F_128
4024	5919	1790	180	128	2	0x0000000000000001	VMOVSHDUP	AVX512F_128
4025	5920	1790	182	130	2	0x0000000000000004	VMOVSHDUP	AVX512F_256
4026	5921	1790	182	130	2	0x0000000000000004	VMOVSHDUP	AVX512F_256
4027	5924	1790	183	131	2	0x0000000000000008	VMOVSHDUP	AVX512F_512
4028	5925	1790	183	131	2	0x0000000000000008	VMOVSHDUP	AVX512F_512
4029	5842	1777	181	129	2	0x0000000000000002	VMOVHPD	AVX512F_128N
4030	5846	1778	181	129	2	0x0000000000000002	VMOVHPS	AVX512F_128N
4031	5723	1189	180	128	2	0x0000000000000001	VMOVAPD	AVX512F_128
4032	5724	1189	180	128	2	0x0000000000000001	VMOVAPD	AVX512F_128
4033	5725	1189	182	130	2	0x0000000000000004	VMOVAPD	AVX512F_256
4034	5726	1189	182	130	2	0x0000000000000004	VMOVAPD	AVX512F_256
4035	5730	1189	183	131	2	0x0000000000000008	VMOVAPD	AVX512F_512
4036	5731	1189	183	131	2	0x0000000000000008	VMOVAPD	AVX512F_512
4037	5740	1188	180	128	2	0x0000000000000001	VMOVAPS	AVX512F_128
4038	5741	1188	180	128	2	0x0000000000000001	VMOVAPS	AVX512F_128
4039	5742	1188	182	130	2	0x0000000000000004	VMOVAPS	AVX512F_256
4040	5743	1188	182	130	2	0x0000000000000004	VMOVAPS	AVX512F_256
4041	5747	1188	183	131	2	0x0000000000000008	VMOVAPS	AVX512F_512
4042	5748	1188	183	131	2	0x0000000000000008	VMOVAPS	AVX512F_512
4043	5716	1189	180	128	2	0x0000000000000001	VMOVAPD	AVX512F_128
4044	5717	1189	182	130	2	0x0000000000000004	VMOVAPD	AVX512F_256
4045	5718	1189	183	131	2	0x0000000000000008	VMOVAPD	AVX512F_512
4046	5724	1189	180	128	2	0x0000000000000001	VMOVAPD	AVX512F_128
4047	5726	1189	182	130	2	0x0000000000000004	VMOVAPD	AVX512F_256
4048	5731	1189	183	131	2	0x0000000000000008	VMOVAPD	AVX512F_512
4049	5733	1188	180	128	2	0x0000000000000001	VMOVAPS	AVX512F_128
4050	5734	1188	182	130	2	0x0000000000000004	VMOVAPS	AVX512F_256
4051	5735	1188	183	131	2	0x0000000000000008	VMOVAPS	AVX512F_512
4052	5741	1188	180	128	2	0x0000000000000001	VMOVAPS	AVX512F_128
4053	5743	1188	182	130	2	0x0000000000000004	VMOVAPS	AVX512F_256
4054	5748	1188	183	131	2	0x0000000000000008	VMOVAPS	AVX512F_512
4055	4135	1582	185	133	2	0x0000000000000020	VCVTSI2SD	AVX512F_SCALAR
4056	4135	1582	185	133	2	0x0000000000000020	VCVTSI2SD	AVX512F_SCALAR
4057	4136	1582	185	133	2	0x0000000000000020	VCVTSI2SD	AVX512F_SCALAR
4058	4136	1582	185	133	2	0x0000000000000020	VCVTSI2SD	AVX512F_SCALAR
4059	4137	1582	185	133	2	0x0000000000000020	VCVTSI2SD	AVX512F_SCALAR
4060	4137	1582	185	133	2	0x0000000000000020	VCVTSI2SD	AVX512F_SCALAR
4061	4138	1582	185	133	2	0x0000000000000020	VCVTSI2SD	AVX512F_SCALAR
4062	4147	1584	185	133	2	0x0000000000000020	VCVTSI2SS	AVX512F_SCALAR
4063	4147	1584	185	133	2	0x0000000000000020	VCVTSI2SS	AVX512F_SCALAR
4064	4147	1584	185	133	2	0x0000000000000020	VCVTSI2SS	AVX512F_SCALAR
4065	4147	1584	185	133	2	0x0000000000000020	VCVTSI2SS	AVX512F_SCALAR
4066	4148	1584	185	133	2	0x0000000000000020	VCVTSI2SS	AVX512F_SCALAR
4067	4148	1584	185	133	2	0x0000000000000020	VCVTSI2SS	AVX512F_SCALAR
4068	4149	1584	185	133	2	0x0000000000000020	VCVTSI2SS	AVX512F_SCALAR
4069	4149	1584	185	133	2	0x0000000000000020	VCVTSI2SS	AVX512F_SCALAR
4070	4150	1584	185	133	2	0x0000000000000020	VCVTSI2SS	AVX512F_SCALAR
4071	5875	1193	180	128	2	0x0000000000000001	VMOVNTPD	AVX512F_128
4072	5876	1193	182	130	2	0x0000000000000004	VMOVNTPD	AVX512F_256
4073	5877	1193	183	131	2	0x0000000000000008	VMOVNTPD	AVX512F_512
4074	5880	1192	180	128	2	0x0000000000000001	VMOVNTPS	AVX512F_128
4075	5881	1192	182	130	2	0x0000000000000004	VMOVNTPS	AVX512F_256
4076	5882	1192	183	131	2	0x0000000000000008	VMOVNTPS	AVX512F_512
4077	4351	1614	185	133	2	0x0000000000000020	VCVTTSD2SI	AVX512F_SCALAR
4078	4351	1614	185	133	2	0x0000000000000020	VCVTTSD2SI	AVX512F_SCALAR
4079	4352	1614	185	133	2	0x0000000000000020	VCVTTSD2SI	AVX512F_SCALAR
4080	4352	1614	185	133	2	0x0000000000000020	VCVTTSD2SI	AVX512F_SCALAR
4081	4352	1614	185	133	2	0x0000000000000020	VCVTTSD2SI	AVX512F_SCALAR
4082	4352	1614	185	133	2	0x0000000000000020	VCVTTSD2SI	AVX512F_SCALAR
4083	4353	1614	185	133	2	0x0000000000000020	VCVTTSD2SI	AVX512F_SCALAR
4084	4354	1614	185	133	2	0x0000000000000020	VCVTTSD2SI	AVX512F_SCALAR
4085	4354	1614	185	133	2	0x0000000000000020	VCVTTSD2SI	AVX512F_SCALAR
4086	4379	1620	185	133	2	0x0000000000000020	VCVTTSS2SI	AVX512F_SCALAR
4087	4379	1620	185	133	2	0x0000000000000020	VCVTTSS2SI	AVX512F_SCALAR
4088	4380	1620	185	133	2	0x0000000000000020	VCVTTSS2SI	AVX512F_SCALAR
4089	4380	1620	185	133	2	0x0000000000000020	VCVTTSS2SI	AVX512F_SCALAR
4090	4380	1620	185	133	2	0x0000000000000020	VCVTTSS2SI	AVX512F_SCALAR
4091	4380	1620	185	133	2	0x0000000000000020	VCVTTSS2SI	AVX512F_SCALAR
4092	4381	1620	185	133	2	0x0000000000000020	VCVTTSS2SI	AVX512F_SCALAR
4093	4382	1620	185	133	2	0x0000000000000020	VCVTTSS2SI	AVX512F_SCALAR
4094	4382	1620	185	133	2	0x0000000000000020	VCVTTSS2SI	AVX512F_SCALAR
4095	4105	1576	185	133	2	0x0000000000000020	VCVTSD2SI	AVX512F_SCALAR
4096	4105	1576	185	133	2	0x0000000000000020	VCVTSD2SI	AVX512F_SCALAR
4097	4106	1576	185	133	2	0x0000000000000020	VCVTSD2SI	AVX512F_SCALAR
4098	4106	1576	185	133	2	0x0000000000000020	VCVTSD2SI	AVX512F_SCALAR
4099	4106	1576	185	133	2	0x0000000000000020	VCVTSD2SI	AVX512F_SCALAR
4100	4106	1576	185	133	2	0x0000000000000020	VCVTSD2SI	AVX512F_SCALAR
4101	4107	1576	185	133	2	0x0000000000000020	VCVTSD2SI	AVX512F_SCALAR
4102	4108	1576	185	133	2	0x0000000000000020	VCVTSD2SI	AVX512F_SCALAR
4103	4108	1576	185	133	2	0x0000000000000020	VCVTSD2SI	AVX512F_SCALAR
4104	4159	1586	185	133	2	0x0000000000000020	VCVTSS2SI	AVX512F_SCALAR
4105	4159	1586	185	133	2	0x0000000000000020	VCVTSS2SI	AVX512F_SCALAR
4106	4160	1586	185	133	2	0x0000000000000020	VCVTSS2SI	AVX512F_SCALAR
4107	4160	1586	185	133	2	0x0000000000000020	VCVTSS2SI	AVX512F_SCALAR
4108	4160	1586	185	133	2	0x0000000000000020	VCVTSS2SI	AVX512F_SCALAR
4109	4160	1586	185	133	2	0x0000000000000020	VCVTSS2SI	AVX512F_SCALAR
4110	4161	1586	185	133	2	0x0000000000000020	VCVTSS2SI	AVX512F_SCALAR
4111	4162	1586	185	133	2	0x0000000000000020	VCVTSS2SI	AVX512F_SCALAR
4112	4162	1586	185	133	2	0x0000000000000020	VCVTSS2SI	AVX512F_SCALAR
4113	8805	2011	185	133	2	0x0000000000000020	VUCOMISD	AVX512F_SCALAR
4114	8806	2011	185	133	2	0x0000000000000020	VUCOMISD	AVX512F_SCALAR
4115	8806	2011	185	133	2	0x0000000000000020	VUCOMISD	AVX512F_SCALAR
4116	8811	2013	185	133	2	0x0000000000000020	VUCOMISS	AVX512F_SCALAR
4117	8812	2013	185	133	2	0x0000000000000020	VUCOMISS	AVX512F_SCALAR
4118	8812	2013	185	133	2	0x0000000000000020	VUCOMISS	AVX512F_SCALAR
4119	8813	2014	196	144	2	0x0000000000010000	VUCOMXSD	AVX512_COM_EF_SCALAR
4120	8814	2014	196	144	2	0x0000000000010000	VUCOMXSD	AVX512_COM_EF_SCALAR
4121	8814	2014	196	144	2	0x0000000000010000	VUCOMXSD	AVX512_COM_EF_SCALAR
4122	8817	2016	196	144	2	0x0000000000010000	VUCOMXSS	AVX512_COM_EF_SCALAR
4123	8818	2016	196	144	2	0x0000000000010000	VUCOMXSS	AVX512_COM_EF_SCALAR
4124	8818	2016	196	144	2	0x0000000000010000	VUCOMXSS	AVX512_COM_EF_SCALAR
4125	3627	1502	185	133	2	0x0000000000000020	VCOMISD	AVX512F_SCALAR
4126	3628	1502	185	133	2	0x0000000000000020	VCOMISD	AVX512F_SCALAR
4127	3628	1502	185	133	2	0x0000000000000020	VCOMISD	AVX512F_SCALAR
4128	3635	1504	185	133	2	0x0000000000000020	VCOMISS	AVX512F_SCALAR
4129	3636	1504	185	133	2	0x0000000000000020	VCOMISS	AVX512F_SCALAR
4130	3636	1504	185	133	2	0x0000000000000020	VCOMISS	AVX512F_SCALAR
4131	3649	1507	196	144	2	0x0000000000010000	VCOMXSD	AVX512_COM_EF_SCALAR
4132	3650	1507	196	144	2	0x0000000000010000	VCOMXSD	AVX512_COM_EF_SCALAR
4133	3650	1507	196	144	2	0x0000000000010000	VCOMXSD	AVX512_COM_EF_SCALAR
4134	3653	1509	196	144	2	0x0000000000010000	VCOMXSS	AVX512_COM_EF_SCALAR
4135	3654	1509	196	144	2	0x0000000000010000	VCOMXSS	AVX512_COM_EF_SCALAR
4136	3654	1509	196	144	2	0x0000000000010000	VCOMXSS	AVX512_COM_EF_SCALAR
4137	8718	903	180	128	2	0x0000000000000001	VSQRTPD	AVX512F_128
4138	8719	903	180	128	2	0x0000000000000001	VSQRTPD	AVX512F_128
4139	8720	903	182	130	2	0x0000000000000004	VSQRTPD	AVX512F_256
4140	8721	903	182	130	2	0x0000000000000004	VSQRTPD	AVX512F_256
4141	8724	903	183	131	2	0x0000000000000008	VSQRTPD	AVX512F_512
4142	8725	903	183	131	2	0x0000000000000008	VSQRTPD	AVX512F_512
4143	8725	903	183	131	2	0x0000000000000008	VSQRTPD	AVX512F_512
4144	8734	904	180	128	2	0x0000000000000001	VSQRTPS	AVX512F_128
4145	8735	904	180	128	2	0x0000000000000001	VSQRTPS	AVX512F_128
4146	8736	904	182	130	2	0x0000000000000004	VSQRTPS	AVX512F_256
4147	8737	904	182	130	2	0x0000000000000004	VSQRTPS	AVX512F_256
4148	8740	904	183	131	2	0x0000000000000008	VSQRTPS	AVX512F_512
4149	8741	904	183	131	2	0x0000000000000008	VSQRTPS	AVX512F_512
4150	8741	904	183	131	2	0x0000000000000008	VSQRTPS	AVX512F_512
4151	8744	905	185	133	2	0x0000000000000020	VSQRTSD	AVX512F_SCALAR
4152	8745	905	185	133	2	0x0000000000000020	VSQRTSD	AVX512F_SCALAR
4153	8745	905	185	133	2	0x0000000000000020	VSQRTSD	AVX512F_SCALAR
4154	8750	906	185	133	2	0x0000000000000020	VSQRTSS	AVX512F_SCALAR
4155	8751	906	185	133	2	0x0000000000000020	VSQRTSS	AVX512F_SCALAR
4156	8751	906	185	133	2	0x0000000000000020	VSQRTSS	AVX512F_SCALAR
4157	3493	635	171	119	1	0x0080000000000000	VANDPD	AVX512DQ_128
4158	3494	635	171	119	1	0x0080000000000000	VANDPD	AVX512DQ_128
4159	3497	635	173	121	1	0x0200000000000000	VANDPD	AVX512DQ_256
4160	3498	635	173	121	1	0x0200000000000000	VANDPD	AVX512DQ_256
4161	3499	635	174	122	1	0x0400000000000000	VANDPD	AVX512DQ_512
4162	3500	635	174	122	1	0x0400000000000000	VANDPD	AVX512DQ_512
4163	3503	634	171	119	1	0x0080000000000000	VANDPS	AVX512DQ_128
4164	3504	634	171	119	1	0x0080000000000000	VANDPS	AVX512DQ_128
4165	3507	634	173	121	1	0x0200000000000000	VANDPS	AVX512DQ_256
4166	3508	634	173	121	1	0x0200000000000000	VANDPS	AVX512DQ_256
4167	3509	634	174	122	1	0x0400000000000000	VANDPS	AVX512DQ_512
4168	3510	634	174	122	1	0x0400000000000000	VANDPS	AVX512DQ_512
4169	3473	637	171	119	1	0x0080000000000000	VANDNPD	AVX512DQ_128
4170	3474	637	171	119	1	0x0080000000000000	VANDNPD	AVX512DQ_128
4171	3477	637	173	121	1	0x0200000000000000	VANDNPD	AVX512DQ_256
4172	3478	637	173	121	1	0x0200000000000000	VANDNPD	AVX512DQ_256
4173	3479	637	174	122	1	0x0400000000000000	VANDNPD	AVX512DQ_512
4174	3480	637	174	122	1	0x0400000000000000	VANDNPD	AVX512DQ_512
4175	3483	636	171	119	1	0x0080000000000000	VANDNPS	AVX512DQ_128
4176	3484	636	171	119	1	0x0080000000000000	VANDNPS	AVX512DQ_128
4177	3487	636	173	121	1	0x0200000000000000	VANDNPS	AVX512DQ_256
4178	3488	636	173	121	1	0x0200000000000000	VANDNPS	AVX512DQ_256
4179	3489	636	174	122	1	0x0400000000000000	VANDNPS	AVX512DQ_512
4180	3490	636	174	122	1	0x0400000000000000	VANDNPS	AVX512DQ_512
4181	6056	639	171	119	1	0x0080000000000000	VORPD	AVX512DQ_128
4182	6057	639	171	119	1	0x0080000000000000	VORPD	AVX512DQ_128
4183	6060	639	173	121	1	0x0200000000000000	VORPD	AVX512DQ_256
4184	6061	639	173	121	1	0x0200000000000000	VORPD	AVX512DQ_256
4185	6062	639	174	122	1	0x0400000000000000	VORPD	AVX512DQ_512
4186	6063	639	174	122	1	0x0400000000000000	VORPD	AVX512DQ_512
4187	6066	638	171	119	1	0x0080000000000000	VORPS	AVX512DQ_128
4188	6067	638	171	119	1	0x0080000000000000	VORPS	AVX512DQ_128
4189	6070	638	173	121	1	0x0200000000000000	VORPS	AVX512DQ_256
4190	6071	638	173	121	1	0x0200000000000000	VORPS	AVX512DQ_256
4191	6072	638	174	122	1	0x0400000000000000	VORPS	AVX512DQ_512
4192	6073	638	174	122	1	0x0400000000000000	VORPS	AVX512DQ_512
4193	8867	641	171	119	1	0x0080000000000000	VXORPD	AVX512DQ_128
4194	8868	641	171	119	1	0x0080000000000000	VXORPD	AVX512DQ_128
4195	8871	641	173	121	1	0x0200000000000000	VXORPD	AVX512DQ_256
4196	8872	641	173	121	1	0x0200000000000000	VXORPD	AVX512DQ_256
4197	8873	641	174	122	1	0x0400000000000000	VXORPD	AVX512DQ_512
4198	8874	641	174	122	1	0x0400000000000000	VXORPD	AVX512DQ_512
4199	8877	640	171	119	1	0x0080000000000000	VXORPS	AVX512DQ_128
4200	8878	640	171	119	1	0x0080000000000000	VXORPS	AVX512DQ_128
4201	8881	640	173	121	1	0x0200000000000000	VXORPS	AVX512DQ_256
4202	8882	640	173	121	1	0x0200000000000000	VXORPS	AVX512DQ_256
4203	8883	640	174	122	1	0x0400000000000000	VXORPS	AVX512DQ_512
4204	8884	640	174	122	1	0x0400000000000000	VXORPS	AVX512DQ_512
4205	3373	611	180	128	2	0x0000000000000001	VADDPD	AVX512F_128
4206	3374	611	180	128	2	0x0000000000000001	VADDPD	AVX512F_128
4207	3375	611	182	130	2	0x0000000000000004	VADDPD	AVX512F_256
4208	3376	611	182	130	2	0x0000000000000004	VADDPD	AVX512F_256
4209	3379	611	183	131	2	0x0000000000000008	VADDPD	AVX512F_512
4210	3380	611	183	131	2	0x0000000000000008	VADDPD	AVX512F_512
4211	3380	611	183	131	2	0x0000000000000008	VADDPD	AVX512F_512
4212	3389	610	180	128	2	0x0000000000000001	VADDPS	AVX512F_128
4213	3390	610	180	128	2	0x0000000000000001	VADDPS	AVX512F_128
4214	3391	610	182	130	2	0x0000000000000004	VADDPS	AVX512F_256
4215	3392	610	182	130	2	0x0000000000000004	VADDPS	AVX512F_256
4216	3395	610	183	131	2	0x0000000000000008	VADDPS	AVX512F_512
4217	3396	610	183	131	2	0x0000000000000008	VADDPS	AVX512F_512
4218	3396	610	183	131	2	0x0000000000000008	VADDPS	AVX512F_512
4219	3399	613	185	133	2	0x0000000000000020	VADDSD	AVX512F_SCALAR
4220	3400	613	185	133	2	0x0000000000000020	VADDSD	AVX512F_SCALAR
4221	3400	613	185	133	2	0x0000000000000020	VADDSD	AVX512F_SCALAR
4222	3405	612	185	133	2	0x0000000000000020	VADDSS	AVX512F_SCALAR
4223	3406	612	185	133	2	0x0000000000000020	VADDSS	AVX512F_SCALAR
4224	3406	612	185	133	2	0x0000000000000020	VADDSS	AVX512F_SCALAR
4225	6014	619	180	128	2	0x0000000000000001	VMULPD	AVX512F_128
4226	6015	619	180	128	2	0x0000000000000001	VMULPD	AVX512F_128
4227	6016	619	182	130	2	0x0000000000000004	VMULPD	AVX512F_256
4228	6017	619	182	130	2	0x0000000000000004	VMULPD	AVX512F_256
4229	6020	619	183	131	2	0x0000000000000008	VMULPD	AVX512F_512
4230	6021	619	183	131	2	0x0000000000000008	VMULPD	AVX512F_512
4231	6021	619	183	131	2	0x0000000000000008	VMULPD	AVX512F_512
4232	6030	618	180	128	2	0x0000000000000001	VMULPS	AVX512F_128
4233	6031	618	180	128	2	0x0000000000000001	VMULPS	AVX512F_128
4234	6032	618	182	130	2	0x0000000000000004	VMULPS	AVX512F_256
4235	6033	618	182	130	2	0x0000000000000004	VMULPS	AVX512F_256
4236	6036	618	183	131	2	0x0000000000000008	VMULPS	AVX512F_512
4237	6037	618	183	131	2	0x0000000000000008	VMULPS	AVX512F_512
4238	6037	618	183	131	2	0x0000000000000008	VMULPS	AVX512F_512
4239	6040	621	185	133	2	0x0000000000000020	VMULSD	AVX512F_SCALAR
4240	6041	621	185	133	2	0x0000000000000020	VMULSD	AVX512F_SCALAR
4241	6041	621	185	133	2	0x0000000000000020	VMULSD	AVX512F_SCALAR
4242	6046	620	185	133	2	0x0000000000000020	VMULSS	AVX512F_SCALAR
4243	6047	620	185	133	2	0x0000000000000020	VMULSS	AVX512F_SCALAR
4244	6047	620	185	133	2	0x0000000000000020	VMULSS	AVX512F_SCALAR
4245	3863	911	180	128	2	0x0000000000000001	VCVTPD2PS	AVX512F_128
4246	3864	911	182	130	2	0x0000000000000004	VCVTPD2PS	AVX512F_256
4247	3865	911	180	128	2	0x0000000000000001	VCVTPD2PS	AVX512F_128
4248	3866	911	182	130	2	0x0000000000000004	VCVTPD2PS	AVX512F_256
4249	3867	911	183	131	2	0x0000000000000008	VCVTPD2PS	AVX512F_512
4250	3868	911	183	131	2	0x0000000000000008	VCVTPD2PS	AVX512F_512
4251	3868	911	183	131	2	0x0000000000000008	VCVTPD2PS	AVX512F_512
4252	4029	914	180	128	2	0x0000000000000001	VCVTPS2PD	AVX512F_128
4253	4030	914	180	128	2	0x0000000000000001	VCVTPS2PD	AVX512F_128
4254	4031	914	182	130	2	0x0000000000000004	VCVTPS2PD	AVX512F_256
4255	4032	914	182	130	2	0x0000000000000004	VCVTPS2PD	AVX512F_256
4256	4035	914	183	131	2	0x0000000000000008	VCVTPS2PD	AVX512F_512
4257	4036	914	183	131	2	0x0000000000000008	VCVTPS2PD	AVX512F_512
4258	4036	914	183	131	2	0x0000000000000008	VCVTPS2PD	AVX512F_512
4259	4113	915	185	133	2	0x0000000000000020	VCVTSD2SS	AVX512F_SCALAR
4260	4114	915	185	133	2	0x0000000000000020	VCVTSD2SS	AVX512F_SCALAR
4261	4114	915	185	133	2	0x0000000000000020	VCVTSD2SS	AVX512F_SCALAR
4262	4153	916	185	133	2	0x0000000000000020	VCVTSS2SD	AVX512F_SCALAR
4263	4154	916	185	133	2	0x0000000000000020	VCVTSS2SD	AVX512F_SCALAR
4264	4154	916	185	133	2	0x0000000000000020	VCVTSS2SD	AVX512F_SCALAR
4265	3787	908	180	128	2	0x0000000000000001	VCVTDQ2PS	AVX512F_128
4266	3788	908	180	128	2	0x0000000000000001	VCVTDQ2PS	AVX512F_128
4267	3789	908	182	130	2	0x0000000000000004	VCVTDQ2PS	AVX512F_256
4268	3790	908	182	130	2	0x0000000000000004	VCVTDQ2PS	AVX512F_256
4269	3793	908	183	131	2	0x0000000000000008	VCVTDQ2PS	AVX512F_512
4270	3794	908	183	131	2	0x0000000000000008	VCVTDQ2PS	AVX512F_512
4271	3794	908	183	131	2	0x0000000000000008	VCVTDQ2PS	AVX512F_512
4272	3995	912	180	128	2	0x0000000000000001	VCVTPS2DQ	AVX512F_128
4273	3996	912	180	128	2	0x0000000000000001	VCVTPS2DQ	AVX512F_128
4274	3997	912	182	130	2	0x0000000000000004	VCVTPS2DQ	AVX512F_256
4275	3998	912	182	130	2	0x0000000000000004	VCVTPS2DQ	AVX512F_256
4276	4001	912	183	131	2	0x0000000000000008	VCVTPS2DQ	AVX512F_512
4277	4002	912	183	131	2	0x0000000000000008	VCVTPS2DQ	AVX512F_512
4278	4002	912	183	131	2	0x0000000000000008	VCVTPS2DQ	AVX512F_512
4279	4083	1572	171	119	1	0x0080000000000000	VCVTQQ2PS	AVX512DQ_128
4280	4084	1572	173	121	1	0x0200000000000000	VCVTQQ2PS	AVX512DQ_256
4281	4085	1572	171	119	1	0x0080000000000000	VCVTQQ2PS	AVX512DQ_128
4282	4086	1572	173	121	1	0x0200000000000000	VCVTQQ2PS	AVX512DQ_256
4283	4087	1572	174	122	1	0x0400000000000000	VCVTQQ2PS	AVX512DQ_512
4284	4088	1572	174	122	1	0x0400000000000000	VCVTQQ2PS	AVX512DQ_512
4285	4088	1572	174	122	1	0x0400000000000000	VCVTQQ2PS	AVX512DQ_512
4286	4289	913	180	128	2	0x0000000000000001	VCVTTPS2DQ	AVX512F_128
4287	4290	913	180	128	2	0x0000000000000001	VCVTTPS2DQ	AVX512F_128
4288	4291	913	182	130	2	0x0000000000000004	VCVTTPS2DQ	AVX512F_256
4289	4292	913	182	130	2	0x0000000000000004	VCVTTPS2DQ	AVX512F_256
4290	4295	913	183	131	2	0x0000000000000008	VCVTTPS2DQ	AVX512F_512
4291	4296	913	183	131	2	0x0000000000000008	VCVTTPS2DQ	AVX512F_512
4292	4296	913	183	131	2	0x0000000000000008	VCVTTPS2DQ	AVX512F_512
4293	8761	615	180	128	2	0x0000000000000001	VSUBPD	AVX512F_128
4294	8762	615	180	128	2	0x0000000000000001	VSUBPD	AVX512F_128
4295	8763	615	182	130	2	0x0000000000000004	VSUBPD	AVX512F_256
4296	8764	615	182	130	2	0x0000000000000004	VSUBPD	AVX512F_256
4297	8767	615	183	131	2	0x0000000000000008	VSUBPD	AVX512F_512
4298	8768	615	183	131	2	0x0000000000000008	VSUBPD	AVX512F_512
4299	8768	615	183	131	2	0x0000000000000008	VSUBPD	AVX512F_512
4300	8777	614	180	128	2	0x0000000000000001	VSUBPS	AVX512F_128
4301	8778	614	180	128	2	0x0000000000000001	VSUBPS	AVX512F_128
4302	8779	614	182	130	2	0x0000000000000004	VSUBPS	AVX512F_256
4303	8780	614	182	130	2	0x0000000000000004	VSUBPS	AVX512F_256
4304	8783	614	183	131	2	0x0000000000000008	VSUBPS	AVX512F_512
4305	8784	614	183	131	2	0x0000000000000008	VSUBPS	AVX512F_512
4306	8784	614	183	131	2	0x0000000000000008	VSUBPS	AVX512F_512
4307	8787	617	185	133	2	0x0000000000000020	VSUBSD	AVX512F_SCALAR
4308	8788	617	185	133	2	0x0000000000000020	VSUBSD	AVX512F_SCALAR
4309	8788	617	185	133	2	0x0000000000000020	VSUBSD	AVX512F_SCALAR
4310	8793	616	185	133	2	0x0000000000000020	VSUBSS	AVX512F_SCALAR
4311	8794	616	185	133	2	0x0000000000000020	VSUBSS	AVX512F_SCALAR
4312	8794	616	185	133	2	0x0000000000000020	VSUBSS	AVX512F_SCALAR
4313	5678	627	180	128	2	0x0000000000000001	VMINPD	AVX512F_128
4314	5679	627	180	128	2	0x0000000000000001	VMINPD	AVX512F_128
4315	5680	627	182	130	2	0x0000000000000004	VMINPD	AVX512F_256
4316	5681	627	182	130	2	0x0000000000000004	VMINPD	AVX512F_256
4317	5684	627	183	131	2	0x0000000000000008	VMINPD	AVX512F_512
4318	5685	627	183	131	2	0x0000000000000008	VMINPD	AVX512F_512
4319	5685	627	183	131	2	0x0000000000000008	VMINPD	AVX512F_512
4320	5694	626	180	128	2	0x0000000000000001	VMINPS	AVX512F_128
4321	5695	626	180	128	2	0x0000000000000001	VMINPS	AVX512F_128
4322	5696	626	182	130	2	0x0000000000000004	VMINPS	AVX512F_256
4323	5697	626	182	130	2	0x0000000000000004	VMINPS	AVX512F_256
4324	5700	626	183	131	2	0x0000000000000008	VMINPS	AVX512F_512
4325	5701	626	183	131	2	0x0000000000000008	VMINPS	AVX512F_512
4326	5701	626	183	131	2	0x0000000000000008	VMINPS	AVX512F_512
4327	5704	629	185	133	2	0x0000000000000020	VMINSD	AVX512F_SCALAR
4328	5705	629	185	133	2	0x0000000000000020	VMINSD	AVX512F_SCALAR
4329	5705	629	185	133	2	0x0000000000000020	VMINSD	AVX512F_SCALAR
4330	5710	628	185	133	2	0x0000000000000020	VMINSS	AVX512F_SCALAR
4331	5711	628	185	133	2	0x0000000000000020	VMINSS	AVX512F_SCALAR
4332	5711	628	185	133	2	0x0000000000000020	VMINSS	AVX512F_SCALAR
4333	4467	623	180	128	2	0x0000000000000001	VDIVPD	AVX512F_128
4334	4468	623	180	128	2	0x0000000000000001	VDIVPD	AVX512F_128
4335	4469	623	182	130	2	0x0000000000000004	VDIVPD	AVX512F_256
4336	4470	623	182	130	2	0x0000000000000004	VDIVPD	AVX512F_256
4337	4473	623	183	131	2	0x0000000000000008	VDIVPD	AVX512F_512
4338	4474	623	183	131	2	0x0000000000000008	VDIVPD	AVX512F_512
4339	4474	623	183	131	2	0x0000000000000008	VDIVPD	AVX512F_512
4340	4483	622	180	128	2	0x0000000000000001	VDIVPS	AVX512F_128
4341	4484	622	180	128	2	0x0000000000000001	VDIVPS	AVX512F_128
4342	4485	622	182	130	2	0x0000000000000004	VDIVPS	AVX512F_256
4343	4486	622	182	130	2	0x0000000000000004	VDIVPS	AVX512F_256
4344	4489	622	183	131	2	0x0000000000000008	VDIVPS	AVX512F_512
4345	4490	622	183	131	2	0x0000000000000008	VDIVPS	AVX512F_512
4346	4490	622	183	131	2	0x0000000000000008	VDIVPS	AVX512F_512
4347	4493	625	185	133	2	0x0000000000000020	VDIVSD	AVX512F_SCALAR
4348	4494	625	185	133	2	0x0000000000000020	VDIVSD	AVX512F_SCALAR
4349	4494	625	185	133	2	0x0000000000000020	VDIVSD	AVX512F_SCALAR
4350	4499	624	185	133	2	0x0000000000000020	VDIVSS	AVX512F_SCALAR
4351	4500	624	185	133	2	0x0000000000000020	VDIVSS	AVX512F_SCALAR
4352	4500	624	185	133	2	0x0000000000000020	VDIVSS	AVX512F_SCALAR
4353	5603	631	180	128	2	0x0000000000000001	VMAXPD	AVX512F_128
4354	5604	631	180	128	2	0x0000000000000001	VMAXPD	AVX512F_128
4355	5605	631	182	130	2	0x0000000000000004	VMAXPD	AVX512F_256
4356	5606	631	182	130	2	0x0000000000000004	VMAXPD	AVX512F_256
4357	5609	631	183	131	2	0x0000000000000008	VMAXPD	AVX512F_512
4358	5610	631	183	131	2	0x0000000000000008	VMAXPD	AVX512F_512
4359	5610	631	183	131	2	0x0000000000000008	VMAXPD	AVX512F_512
4360	5619	630	180	128	2	0x0000000000000001	VMAXPS	AVX512F_128
4361	5620	630	180	128	2	0x0000000000000001	VMAXPS	AVX512F_128
4362	5621	630	182	130	2	0x0000000000000004	VMAXPS	AVX512F_256
4363	5622	630	182	130	2	0x0000000000000004	VMAXPS	AVX512F_256
4364	5625	630	183	131	2	0x0000000000000008	VMAXPS	AVX512F_512
4365	5626	630	183	131	2	0x0000000000000008	VMAXPS	AVX512F_512
4366	5626	630	183	131	2	0x0000000000000008	VMAXPS	AVX512F_512
4367	5629	633	185	133	2	0x0000000000000020	VMAXSD	AVX512F_SCALAR
4368	5630	633	185	133	2	0x0000000000000020	VMAXSD	AVX512F_SCALAR
4369	5630	633	185	133	2	0x0000000000000020	VMAXSD	AVX512F_SCALAR
4370	5635	632	185	133	2	0x0000000000000020	VMAXSS	AVX512F_SCALAR
4371	5636	632	185	133	2	0x0000000000000020	VMAXSS	AVX512F_SCALAR
4372	5636	632	185	133	2	0x0000000000000020	VMAXSS	AVX512F_SCALAR
4373	8365	1930	162	110	1	0x0000400000000000	VPUNPCKLBW	AVX512BW_128
4374	8366	1930	162	110	1	0x0000400000000000	VPUNPCKLBW	AVX512BW_128
4375	8369	1930	164	112	1	0x0001000000000000	VPUNPCKLBW	AVX512BW_256
4376	8370	1930	164	112	1	0x0001000000000000	VPUNPCKLBW	AVX512BW_256
4377	8371	1930	165	113	1	0x0002000000000000	VPUNPCKLBW	AVX512BW_512
4378	8372	1930	165	113	1	0x0002000000000000	VPUNPCKLBW	AVX512BW_512
4379	8395	1933	162	110	1	0x0000400000000000	VPUNPCKLWD	AVX512BW_128
4380	8396	1933	162	110	1	0x0000400000000000	VPUNPCKLWD	AVX512BW_128
4381	8399	1933	164	112	1	0x0001000000000000	VPUNPCKLWD	AVX512BW_256
4382	8400	1933	164	112	1	0x0001000000000000	VPUNPCKLWD	AVX512BW_256
4383	8401	1933	165	113	1	0x0002000000000000	VPUNPCKLWD	AVX512BW_512
4384	8402	1933	165	113	1	0x0002000000000000	VPUNPCKLWD	AVX512BW_512
4385	8375	1931	180	128	2	0x0000000000000001	VPUNPCKLDQ	AVX512F_128
4386	8376	1931	180	128	2	0x0000000000000001	VPUNPCKLDQ	AVX512F_128
4387	8379	1931	182	130	2	0x0000000000000004	VPUNPCKLDQ	AVX512F_256
4388	8380	1931	182	130	2	0x0000000000000004	VPUNPCKLDQ	AVX512F_256
4389	8381	1931	183	131	2	0x0000000000000008	VPUNPCKLDQ	AVX512F_512
4390	8382	1931	183	131	2	0x0000000000000008	VPUNPCKLDQ	AVX512F_512
4391	6136	1804	162	110	1	0x0000400000000000	VPACKSSWB	AVX512BW_128
4392	6137	1804	162	110	1	0x0000400000000000	VPACKSSWB	AVX512BW_128
4393	6138	1804	164	112	1	0x0001000000000000	VPACKSSWB	AVX512BW_256
4394	6139	1804	164	112	1	0x0001000000000000	VPACKSSWB	AVX512BW_256
4395	6142	1804	165	113	1	0x0002000000000000	VPACKSSWB	AVX512BW_512
4396	6143	1804	165	113	1	0x0002000000000000	VPACKSSWB	AVX512BW_512
4397	6476	657	162	110	1	0x0000400000000000	VPCMPGTB	AVX512BW_128
4398	6477	657	162	110	1	0x0000400000000000	VPCMPGTB	AVX512BW_128
4399	6478	657	164	112	1	0x0001000000000000	VPCMPGTB	AVX512BW_256
4400	6479	657	164	112	1	0x0001000000000000	VPCMPGTB	AVX512BW_256
4401	6480	657	165	113	1	0x0002000000000000	VPCMPGTB	AVX512BW_512
4402	6481	657	165	113	1	0x0002000000000000	VPCMPGTB	AVX512BW_512
4403	6506	658	162	110	1	0x0000400000000000	VPCMPGTW	AVX512BW_128
4404	6507	658	162	110	1	0x0000400000000000	VPCMPGTW	AVX512BW_128
4405	6508	658	164	112	1	0x0001000000000000	VPCMPGTW	AVX512BW_256
4406	6509	658	164	112	1	0x0001000000000000	VPCMPGTW	AVX512BW_256
4407	6510	658	165	113	1	0x0002000000000000	VPCMPGTW	AVX512BW_512
4408	6511	658	165	113	1	0x0002000000000000	VPCMPGTW	AVX512BW_512
4409	6486	659	180	128	2	0x0000000000000001	VPCMPGTD	AVX512F_128
4410	6487	659	180	128	2	0x0000000000000001	VPCMPGTD	AVX512F_128
4411	6488	659	182	130	2	0x0000000000000004	VPCMPGTD	AVX512F_256
4412	6489	659	182	130	2	0x0000000000000004	VPCMPGTD	AVX512F_256
4413	6490	659	183	131	2	0x0000000000000008	VPCMPGTD	AVX512F_512
4414	6491	659	183	131	2	0x0000000000000008	VPCMPGTD	AVX512F_512
4415	6156	1806	162	110	1	0x0000400000000000	VPACKUSWB	AVX512BW_128
4416	6157	1806	162	110	1	0x0000400000000000	VPACKUSWB	AVX512BW_128
4417	6160	1806	164	112	1	0x0001000000000000	VPACKUSWB	AVX512BW_256
4418	6161	1806	164	112	1	0x0001000000000000	VPACKUSWB	AVX512BW_256
4419	6162	1806	165	113	1	0x0002000000000000	VPACKUSWB	AVX512BW_512
4420	6163	1806	165	113	1	0x0002000000000000	VPACKUSWB	AVX512BW_512
4421	8325	1926	162	110	1	0x0000400000000000	VPUNPCKHBW	AVX512BW_128
4422	8326	1926	162	110	1	0x0000400000000000	VPUNPCKHBW	AVX512BW_128
4423	8329	1926	164	112	1	0x0001000000000000	VPUNPCKHBW	AVX512BW_256
4424	8330	1926	164	112	1	0x0001000000000000	VPUNPCKHBW	AVX512BW_256
4425	8331	1926	165	113	1	0x0002000000000000	VPUNPCKHBW	AVX512BW_512
4426	8332	1926	165	113	1	0x0002000000000000	VPUNPCKHBW	AVX512BW_512
4427	8355	1929	162	110	1	0x0000400000000000	VPUNPCKHWD	AVX512BW_128
4428	8356	1929	162	110	1	0x0000400000000000	VPUNPCKHWD	AVX512BW_128
4429	8359	1929	164	112	1	0x0001000000000000	VPUNPCKHWD	AVX512BW_256
4430	8360	1929	164	112	1	0x0001000000000000	VPUNPCKHWD	AVX512BW_256
4431	8361	1929	165	113	1	0x0002000000000000	VPUNPCKHWD	AVX512BW_512
4432	8362	1929	165	113	1	0x0002000000000000	VPUNPCKHWD	AVX512BW_512
4433	8335	1927	180	128	2	0x0000000000000001	VPUNPCKHDQ	AVX512F_128
4434	8336	1927	180	128	2	0x0000000000000001	VPUNPCKHDQ	AVX512F_128
4435	8339	1927	182	130	2	0x0000000000000004	VPUNPCKHDQ	AVX512F_256
4436	8340	1927	182	130	2	0x0000000000000004	VPUNPCKHDQ	AVX512F_256
4437	8341	1927	183	131	2	0x0000000000000008	VPUNPCKHDQ	AVX512F_512
4438	8342	1927	183	131	2	0x0000000000000008	VPUNPCKHDQ	AVX512F_512
4439	6126	1803	162	110	1	0x0000400000000000	VPACKSSDW	AVX512BW_128
4440	6127	1803	162	110	1	0x0000400000000000	VPACKSSDW	AVX512BW_128
4441	6128	1803	164	112	1	0x0001000000000000	VPACKSSDW	AVX512BW_256
4442	6129	1803	164	112	1	0x0001000000000000	VPACKSSDW	AVX512BW_256
4443	6132	1803	165	113	1	0x0002000000000000	VPACKSSDW	AVX512BW_512
4444	6133	1803	165	113	1	0x0002000000000000	VPACKSSDW	AVX512BW_512
4445	8385	1932	180	128	2	0x0000000000000001	VPUNPCKLQDQ	AVX512F_128
4446	8386	1932	180	128	2	0x0000000000000001	VPUNPCKLQDQ	AVX512F_128
4447	8389	1932	182	130	2	0x0000000000000004	VPUNPCKLQDQ	AVX512F_256
4448	8390	1932	182	130	2	0x0000000000000004	VPUNPCKLQDQ	AVX512F_256
4449	8391	1932	183	131	2	0x0000000000000008	VPUNPCKLQDQ	AVX512F_512
4450	8392	1932	183	131	2	0x0000000000000008	VPUNPCKLQDQ	AVX512F_512
4451	8345	1928	180	128	2	0x0000000000000001	VPUNPCKHQDQ	AVX512F_128
4452	8346	1928	180	128	2	0x0000000000000001	VPUNPCKHQDQ	AVX512F_128
4453	8349	1928	182	130	2	0x0000000000000004	VPUNPCKHQDQ	AVX512F_256
4454	8350	1928	182	130	2	0x0000000000000004	VPUNPCKHQDQ	AVX512F_256
4455	8351	1928	183	131	2	0x0000000000000008	VPUNPCKHQDQ	AVX512F_512
4456	8352	1928	183	131	2	0x0000000000000008	VPUNPCKHQDQ	AVX512F_512
4457	5836	1768	181	129	2	0x0000000000000002	VMOVD	AVX512F_128N
4458	5836	1768	181	129	2	0x0000000000000002	VMOVD	AVX512F_128N
4459	5837	1768	181	129	2	0x0000000000000002	VMOVD	AVX512F_128N
4460	5837	1768	181	129	2	0x0000000000000002	VMOVD	AVX512F_128N
4461	5894	1783	181	129	2	0x0000000000000002	VMOVQ	AVX512F_128N
4462	5895	1783	181	129	2	0x0000000000000002	VMOVQ	AVX512F_128N
4463	5762	1770	180	128	2	0x0000000000000001	VMOVDQA32	AVX512F_128
4464	5763	1770	180	128	2	0x0000000000000001	VMOVDQA32	AVX512F_128
4465	5764	1770	182	130	2	0x0000000000000004	VMOVDQA32	AVX512F_256
4466	5765	1770	182	130	2	0x0000000000000004	VMOVDQA32	AVX512F_256
4467	5766	1770	183	131	2	0x0000000000000008	VMOVDQA32	AVX512F_512
4468	5767	1770	183	131	2	0x0000000000000008	VMOVDQA32	AVX512F_512
4469	5771	1771	180	128	2	0x0000000000000001	VMOVDQA64	AVX512F_128
4470	5772	1771	180	128	2	0x0000000000000001	VMOVDQA64	AVX512F_128
4471	5773	1771	182	130	2	0x0000000000000004	VMOVDQA64	AVX512F_256
4472	5774	1771	182	130	2	0x0000000000000004	VMOVDQA64	AVX512F_256
4473	5775	1771	183	131	2	0x0000000000000008	VMOVDQA64	AVX512F_512
4474	5776	1771	183	131	2	0x0000000000000008	VMOVDQA64	AVX512F_512
4475	5788	1772	162	110	1	0x0000400000000000	VMOVDQU16	AVX512BW_128
4476	5789	1772	162	110	1	0x0000400000000000	VMOVDQU16	AVX512BW_128
4477	5790	1772	164	112	1	0x0001000000000000	VMOVDQU16	AVX512BW_256
4478	5791	1772	164	112	1	0x0001000000000000	VMOVDQU16	AVX512BW_256
4479	5792	1772	165	113	1	0x0002000000000000	VMOVDQU16	AVX512BW_512
4480	5793	1772	165	113	1	0x0002000000000000	VMOVDQU16	AVX512BW_512
4481	5797	1773	180	128	2	0x0000000000000001	VMOVDQU32	AVX512F_128
4482	5798	1773	180	128	2	0x0000000000000001	VMOVDQU32	AVX512F_128
4483	5799	1773	182	130	2	0x0000000000000004	VMOVDQU32	AVX512F_256
4484	5800	1773	182	130	2	0x0000000000000004	VMOVDQU32	AVX512F_256
4485	5801	1773	183	131	2	0x0000000000000008	VMOVDQU32	AVX512F_512
4486	5802	1773	183	131	2	0x0000000000000008	VMOVDQU32	AVX512F_512
4487	5806	1774	180	128	2	0x0000000000000001	VMOVDQU64	AVX512F_128
4488	5807	1774	180	128	2	0x0000000000000001	VMOVDQU64	AVX512F_128
4489	5808	1774	182	130	2	0x0000000000000004	VMOVDQU64	AVX512F_256
4490	5809	1774	182	130	2	0x0000000000000004	VMOVDQU64	AVX512F_256
4491	5810	1774	183	131	2	0x0000000000000008	VMOVDQU64	AVX512F_512
4492	5811	1774	183	131	2	0x0000000000000008	VMOVDQU64	AVX512F_512
4493	5815	1775	162	110	1	0x0000400000000000	VMOVDQU8	AVX512BW_128
4494	5816	1775	162	110	1	0x0000400000000000	VMOVDQU8	AVX512BW_128
4495	5817	1775	164	112	1	0x0001000000000000	VMOVDQU8	AVX512BW_256
4496	5818	1775	164	112	1	0x0001000000000000	VMOVDQU8	AVX512BW_256
4497	5819	1775	165	113	1	0x0002000000000000	VMOVDQU8	AVX512BW_512
4498	5820	1775	165	113	1	0x0002000000000000	VMOVDQU8	AVX512BW_512
4499	7893	1909	180	128	2	0x0000000000000001	VPSHUFD	AVX512F_128
4500	7894	1909	180	128	2	0x0000000000000001	VPSHUFD	AVX512F_128
4501	7897	1909	182	130	2	0x0000000000000004	VPSHUFD	AVX512F_256
4502	7898	1909	182	130	2	0x0000000000000004	VPSHUFD	AVX512F_256
4503	7899	1909	183	131	2	0x0000000000000008	VPSHUFD	AVX512F_512
4504	7900	1909	183	131	2	0x0000000000000008	VPSHUFD	AVX512F_512
4505	7903	1910	162	110	1	0x0000400000000000	VPSHUFHW	AVX512BW_128
4506	7904	1910	162	110	1	0x0000400000000000	VPSHUFHW	AVX512BW_128
4507	7907	1910	164	112	1	0x0001000000000000	VPSHUFHW	AVX512BW_256
4508	7908	1910	164	112	1	0x0001000000000000	VPSHUFHW	AVX512BW_256
4509	7909	1910	165	113	1	0x0002000000000000	VPSHUFHW	AVX512BW_512
4510	7910	1910	165	113	1	0x0002000000000000	VPSHUFHW	AVX512BW_512
4511	7913	1911	162	110	1	0x0000400000000000	VPSHUFLW	AVX512BW_128
4512	7914	1911	162	110	1	0x0000400000000000	VPSHUFLW	AVX512BW_128
4513	7917	1911	164	112	1	0x0001000000000000	VPSHUFLW	AVX512BW_256
4514	7918	1911	164	112	1	0x0001000000000000	VPSHUFLW	AVX512BW_256
4515	7919	1911	165	113	1	0x0002000000000000	VPSHUFLW	AVX512BW_512
4516	7920	1911	165	113	1	0x0002000000000000	VPSHUFLW	AVX512BW_512
4517	8006	1060	162	110	1	0x0000400000000000	VPSLLW	AVX512BW_128
4518	8007	1060	162	110	1	0x0000400000000000	VPSLLW	AVX512BW_128
4519	8013	1060	164	112	1	0x0001000000000000	VPSLLW	AVX512BW_256
4520	8014	1060	164	112	1	0x0001000000000000	VPSLLW	AVX512BW_256
4521	8017	1060	165	113	1	0x0002000000000000	VPSLLW	AVX512BW_512
4522	8018	1060	165	113	1	0x0002000000000000	VPSLLW	AVX512BW_512
4523	8076	1059	162	110	1	0x0000400000000000	VPSRAW	AVX512BW_128
4524	8077	1059	162	110	1	0x0000400000000000	VPSRAW	AVX512BW_128
4525	8083	1059	164	112	1	0x0001000000000000	VPSRAW	AVX512BW_256
4526	8084	1059	164	112	1	0x0001000000000000	VPSRAW	AVX512BW_256
4527	8087	1059	165	113	1	0x0002000000000000	VPSRAW	AVX512BW_512
4528	8088	1059	165	113	1	0x0002000000000000	VPSRAW	AVX512BW_512
4529	8164	1058	162	110	1	0x0000400000000000	VPSRLW	AVX512BW_128
4530	8165	1058	162	110	1	0x0000400000000000	VPSRLW	AVX512BW_128
4531	8171	1058	164	112	1	0x0001000000000000	VPSRLW	AVX512BW_256
4532	8172	1058	164	112	1	0x0001000000000000	VPSRLW	AVX512BW_256
4533	8175	1058	165	113	1	0x0002000000000000	VPSRLW	AVX512BW_512
4534	8176	1058	165	113	1	0x0002000000000000	VPSRLW	AVX512BW_512
4535	7689	1050	180	128	2	0x0000000000000001	VPROLD	AVX512F_128
4536	7690	1050	180	128	2	0x0000000000000001	VPROLD	AVX512F_128
4537	7691	1050	182	130	2	0x0000000000000004	VPROLD	AVX512F_256
4538	7692	1050	182	130	2	0x0000000000000004	VPROLD	AVX512F_256
4539	7693	1050	183	131	2	0x0000000000000008	VPROLD	AVX512F_512
4540	7694	1050	183	131	2	0x0000000000000008	VPROLD	AVX512F_512
4541	7695	1051	180	128	2	0x0000000000000001	VPROLQ	AVX512F_128
4542	7696	1051	180	128	2	0x0000000000000001	VPROLQ	AVX512F_128
4543	7697	1051	182	130	2	0x0000000000000004	VPROLQ	AVX512F_256
4544	7698	1051	182	130	2	0x0000000000000004	VPROLQ	AVX512F_256
4545	7699	1051	183	131	2	0x0000000000000008	VPROLQ	AVX512F_512
4546	7700	1051	183	131	2	0x0000000000000008	VPROLQ	AVX512F_512
4547	7713	1052	180	128	2	0x0000000000000001	VPRORD	AVX512F_128
4548	7714	1052	180	128	2	0x0000000000000001	VPRORD	AVX512F_128
4549	7715	1052	182	130	2	0x0000000000000004	VPRORD	AVX512F_256
4550	7716	1052	182	130	2	0x0000000000000004	VPRORD	AVX512F_256
4551	7717	1052	183	131	2	0x0000000000000008	VPRORD	AVX512F_512
4552	7718	1052	183	131	2	0x0000000000000008	VPRORD	AVX512F_512
4553	7719	1053	180	128	2	0x0000000000000001	VPRORQ	AVX512F_128
4554	7720	1053	180	128	2	0x0000000000000001	VPRORQ	AVX512F_128
4555	7721	1053	182	130	2	0x0000000000000004	VPRORQ	AVX512F_256
4556	7722	1053	182	130	2	0x0000000000000004	VPRORQ	AVX512F_256
4557	7723	1053	183	131	2	0x0000000000000008	VPRORQ	AVX512F_512
4558	7724	1053	183	131	2	0x0000000000000008	VPRORQ	AVX512F_512
4559	7944	1057	180	128	2	0x0000000000000001	VPSLLD	AVX512F_128
4560	7945	1057	180	128	2	0x0000000000000001	VPSLLD	AVX512F_128
4561	7951	1057	182	130	2	0x0000000000000004	VPSLLD	AVX512F_256
4562	7952	1057	182	130	2	0x0000000000000004	VPSLLD	AVX512F_256
4563	7955	1057	183	131	2	0x0000000000000008	VPSLLD	AVX512F_512
4564	7956	1057	183	131	2	0x0000000000000008	VPSLLD	AVX512F_512
4565	8024	1055	180	128	2	0x0000000000000001	VPSRAD	AVX512F_128
4566	8025	1055	180	128	2	0x0000000000000001	VPSRAD	AVX512F_128
4567	8031	1055	182	130	2	0x0000000000000004	VPSRAD	AVX512F_256
4568	8032	1055	182	130	2	0x0000000000000004	VPSRAD	AVX512F_256
4569	8035	1055	183	131	2	0x0000000000000008	VPSRAD	AVX512F_512
4570	8036	1055	183	131	2	0x0000000000000008	VPSRAD	AVX512F_512
4571	8039	1056	180	128	2	0x0000000000000001	VPSRAQ	AVX512F_128
4572	8040	1056	180	128	2	0x0000000000000001	VPSRAQ	AVX512F_128
4573	8043	1056	182	130	2	0x0000000000000004	VPSRAQ	AVX512F_256
4574	8044	1056	182	130	2	0x0000000000000004	VPSRAQ	AVX512F_256
4575	8047	1056	183	131	2	0x0000000000000008	VPSRAQ	AVX512F_512
4576	8048	1056	183	131	2	0x0000000000000008	VPSRAQ	AVX512F_512
4577	8102	1054	180	128	2	0x0000000000000001	VPSRLD	AVX512F_128
4578	8103	1054	180	128	2	0x0000000000000001	VPSRLD	AVX512F_128
4579	8109	1054	182	130	2	0x0000000000000004	VPSRLD	AVX512F_256
4580	8110	1054	182	130	2	0x0000000000000004	VPSRLD	AVX512F_256
4581	8113	1054	183	131	2	0x0000000000000008	VPSRLD	AVX512F_512
4582	8114	1054	183	131	2	0x0000000000000008	VPSRLD	AVX512F_512
4583	7934	1064	162	110	1	0x0000400000000000	VPSLLDQ	AVX512BW_128
4584	7935	1064	162	110	1	0x0000400000000000	VPSLLDQ	AVX512BW_128
4585	7937	1064	164	112	1	0x0001000000000000	VPSLLDQ	AVX512BW_256
4586	7938	1064	164	112	1	0x0001000000000000	VPSLLDQ	AVX512BW_256
4587	7939	1064	165	113	1	0x0002000000000000	VPSLLDQ	AVX512BW_512
4588	7940	1064	165	113	1	0x0002000000000000	VPSLLDQ	AVX512BW_512
4589	7962	1063	180	128	2	0x0000000000000001	VPSLLQ	AVX512F_128
4590	7963	1063	180	128	2	0x0000000000000001	VPSLLQ	AVX512F_128
4591	7969	1063	182	130	2	0x0000000000000004	VPSLLQ	AVX512F_256
4592	7970	1063	182	130	2	0x0000000000000004	VPSLLQ	AVX512F_256
4593	7973	1063	183	131	2	0x0000000000000008	VPSLLQ	AVX512F_512
4594	7974	1063	183	131	2	0x0000000000000008	VPSLLQ	AVX512F_512
4595	8092	1062	162	110	1	0x0000400000000000	VPSRLDQ	AVX512BW_128
4596	8093	1062	162	110	1	0x0000400000000000	VPSRLDQ	AVX512BW_128
4597	8095	1062	164	112	1	0x0001000000000000	VPSRLDQ	AVX512BW_256
4598	8096	1062	164	112	1	0x0001000000000000	VPSRLDQ	AVX512BW_256
4599	8097	1062	165	113	1	0x0002000000000000	VPSRLDQ	AVX512BW_512
4600	8098	1062	165	113	1	0x0002000000000000	VPSRLDQ	AVX512BW_512
4601	8120	1061	180	128	2	0x0000000000000001	VPSRLQ	AVX512F_128
4602	8121	1061	180	128	2	0x0000000000000001	VPSRLQ	AVX512F_128
4603	8127	1061	182	130	2	0x0000000000000004	VPSRLQ	AVX512F_256
4604	8128	1061	182	130	2	0x0000000000000004	VPSRLQ	AVX512F_256
4605	8131	1061	183	131	2	0x0000000000000008	VPSRLQ	AVX512F_512
4606	8132	1061	183	131	2	0x0000000000000008	VPSRLQ	AVX512F_512
4607	6428	654	162	110	1	0x0000400000000000	VPCMPEQB	AVX512BW_128
4608	6429	654	162	110	1	0x0000400000000000	VPCMPEQB	AVX512BW_128
4609	6430	654	164	112	1	0x0001000000000000	VPCMPEQB	AVX512BW_256
4610	6431	654	164	112	1	0x0001000000000000	VPCMPEQB	AVX512BW_256
4611	6432	654	165	113	1	0x0002000000000000	VPCMPEQB	AVX512BW_512
4612	6433	654	165	113	1	0x0002000000000000	VPCMPEQB	AVX512BW_512
4613	6458	655	162	110	1	0x0000400000000000	VPCMPEQW	AVX512BW_128
4614	6459	655	162	110	1	0x0000400000000000	VPCMPEQW	AVX512BW_128
4615	6460	655	164	112	1	0x0001000000000000	VPCMPEQW	AVX512BW_256
4616	6461	655	164	112	1	0x0001000000000000	VPCMPEQW	AVX512BW_256
4617	6462	655	165	113	1	0x0002000000000000	VPCMPEQW	AVX512BW_512
4618	6463	655	165	113	1	0x0002000000000000	VPCMPEQW	AVX512BW_512
4619	6438	656	180	128	2	0x0000000000000001	VPCMPEQD	AVX512F_128
4620	6439	656	180	128	2	0x0000000000000001	VPCMPEQD	AVX512F_128
4621	6440	656	182	130	2	0x0000000000000004	VPCMPEQD	AVX512F_256
4622	6441	656	182	130	2	0x0000000000000004	VPCMPEQD	AVX512F_256
4623	6442	656	183	131	2	0x0000000000000008	VPCMPEQD	AVX512F_512
4624	6443	656	183	131	2	0x0000000000000008	VPCMPEQD	AVX512F_512
4625	4215	1593	180	128	2	0x0000000000000001	VCVTTPD2UDQ	AVX512F_128
4626	4216	1593	182	130	2	0x0000000000000004	VCVTTPD2UDQ	AVX512F_256
4627	4217	1593	180	128	2	0x0000000000000001	VCVTTPD2UDQ	AVX512F_128
4628	4218	1593	182	130	2	0x0000000000000004	VCVTTPD2UDQ	AVX512F_256
4629	4219	1593	183	131	2	0x0000000000000008	VCVTTPD2UDQ	AVX512F_512
4630	4220	1593	183	131	2	0x0000000000000008	VCVTTPD2UDQ	AVX512F_512
4631	4220	1593	183	131	2	0x0000000000000008	VCVTTPD2UDQ	AVX512F_512
4632	4227	1595	171	119	1	0x0080000000000000	VCVTTPD2UQQ	AVX512DQ_128
4633	4228	1595	171	119	1	0x0080000000000000	VCVTTPD2UQQ	AVX512DQ_128
4634	4229	1595	173	121	1	0x0200000000000000	VCVTTPD2UQQ	AVX512DQ_256
4635	4230	1595	173	121	1	0x0200000000000000	VCVTTPD2UQQ	AVX512DQ_256
4636	4231	1595	174	122	1	0x0400000000000000	VCVTTPD2UQQ	AVX512DQ_512
4637	4232	1595	174	122	1	0x0400000000000000	VCVTTPD2UQQ	AVX512DQ_512
4638	4232	1595	174	122	1	0x0400000000000000	VCVTTPD2UQQ	AVX512DQ_512
4639	4327	1610	180	128	2	0x0000000000000001	VCVTTPS2UDQ	AVX512F_128
4640	4328	1610	180	128	2	0x0000000000000001	VCVTTPS2UDQ	AVX512F_128
4641	4329	1610	182	130	2	0x0000000000000004	VCVTTPS2UDQ	AVX512F_256
4642	4330	1610	182	130	2	0x0000000000000004	VCVTTPS2UDQ	AVX512F_256
4643	4331	1610	183	131	2	0x0000000000000008	VCVTTPS2UDQ	AVX512F_512
4644	4332	1610	183	131	2	0x0000000000000008	VCVTTPS2UDQ	AVX512F_512
4645	4332	1610	183	131	2	0x0000000000000008	VCVTTPS2UDQ	AVX512F_512
4646	4339	1612	171	119	1	0x0080000000000000	VCVTTPS2UQQ	AVX512DQ_128
4647	4340	1612	171	119	1	0x0080000000000000	VCVTTPS2UQQ	AVX512DQ_128
4648	4341	1612	173	121	1	0x0200000000000000	VCVTTPS2UQQ	AVX512DQ_256
4649	4342	1612	173	121	1	0x0200000000000000	VCVTTPS2UQQ	AVX512DQ_256
4650	4343	1612	174	122	1	0x0400000000000000	VCVTTPS2UQQ	AVX512DQ_512
4651	4344	1612	174	122	1	0x0400000000000000	VCVTTPS2UQQ	AVX512DQ_512
4652	4344	1612	174	122	1	0x0400000000000000	VCVTTPS2UQQ	AVX512DQ_512
4653	4361	1616	185	133	2	0x0000000000000020	VCVTTSD2USI	AVX512F_SCALAR
4654	4361	1616	185	133	2	0x0000000000000020	VCVTTSD2USI	AVX512F_SCALAR
4655	4362	1616	185	133	2	0x0000000000000020	VCVTTSD2USI	AVX512F_SCALAR
4656	4362	1616	185	133	2	0x0000000000000020	VCVTTSD2USI	AVX512F_SCALAR
4657	4362	1616	185	133	2	0x0000000000000020	VCVTTSD2USI	AVX512F_SCALAR
4658	4362	1616	185	133	2	0x0000000000000020	VCVTTSD2USI	AVX512F_SCALAR
4659	4363	1616	185	133	2	0x0000000000000020	VCVTTSD2USI	AVX512F_SCALAR
4660	4364	1616	185	133	2	0x0000000000000020	VCVTTSD2USI	AVX512F_SCALAR
4661	4364	1616	185	133	2	0x0000000000000020	VCVTTSD2USI	AVX512F_SCALAR
4662	4389	1622	185	133	2	0x0000000000000020	VCVTTSS2USI	AVX512F_SCALAR
4663	4389	1622	185	133	2	0x0000000000000020	VCVTTSS2USI	AVX512F_SCALAR
4664	4390	1622	185	133	2	0x0000000000000020	VCVTTSS2USI	AVX512F_SCALAR
4665	4390	1622	185	133	2	0x0000000000000020	VCVTTSS2USI	AVX512F_SCALAR
4666	4390	1622	185	133	2	0x0000000000000020	VCVTTSS2USI	AVX512F_SCALAR
4667	4390	1622	185	133	2	0x0000000000000020	VCVTTSS2USI	AVX512F_SCALAR
4668	4391	1622	185	133	2	0x0000000000000020	VCVTTSS2USI	AVX512F_SCALAR
4669	4392	1622	185	133	2	0x0000000000000020	VCVTTSS2USI	AVX512F_SCALAR
4670	4392	1622	185	133	2	0x0000000000000020	VCVTTSS2USI	AVX512F_SCALAR
4671	3875	1544	180	128	2	0x0000000000000001	VCVTPD2UDQ	AVX512F_128
4672	3876	1544	182	130	2	0x0000000000000004	VCVTPD2UDQ	AVX512F_256
4673	3877	1544	180	128	2	0x0000000000000001	VCVTPD2UDQ	AVX512F_128
4674	3878	1544	182	130	2	0x0000000000000004	VCVTPD2UDQ	AVX512F_256
4675	3879	1544	183	131	2	0x0000000000000008	VCVTPD2UDQ	AVX512F_512
4676	3880	1544	183	131	2	0x0000000000000008	VCVTPD2UDQ	AVX512F_512
4677	3880	1544	183	131	2	0x0000000000000008	VCVTPD2UDQ	AVX512F_512
4678	3881	1545	171	119	1	0x0080000000000000	VCVTPD2UQQ	AVX512DQ_128
4679	3882	1545	171	119	1	0x0080000000000000	VCVTPD2UQQ	AVX512DQ_128
4680	3883	1545	173	121	1	0x0200000000000000	VCVTPD2UQQ	AVX512DQ_256
4681	3884	1545	173	121	1	0x0200000000000000	VCVTPD2UQQ	AVX512DQ_256
4682	3885	1545	174	122	1	0x0400000000000000	VCVTPD2UQQ	AVX512DQ_512
4683	3886	1545	174	122	1	0x0400000000000000	VCVTPD2UQQ	AVX512DQ_512
4684	3886	1545	174	122	1	0x0400000000000000	VCVTPD2UQQ	AVX512DQ_512
4685	4059	1568	180	128	2	0x0000000000000001	VCVTPS2UDQ	AVX512F_128
4686	4060	1568	180	128	2	0x0000000000000001	VCVTPS2UDQ	AVX512F_128
4687	4061	1568	182	130	2	0x0000000000000004	VCVTPS2UDQ	AVX512F_256
4688	4062	1568	182	130	2	0x0000000000000004	VCVTPS2UDQ	AVX512F_256
4689	4063	1568	183	131	2	0x0000000000000008	VCVTPS2UDQ	AVX512F_512
4690	4064	1568	183	131	2	0x0000000000000008	VCVTPS2UDQ	AVX512F_512
4691	4064	1568	183	131	2	0x0000000000000008	VCVTPS2UDQ	AVX512F_512
4692	4065	1569	171	119	1	0x0080000000000000	VCVTPS2UQQ	AVX512DQ_128
4693	4066	1569	171	119	1	0x0080000000000000	VCVTPS2UQQ	AVX512DQ_128
4694	4067	1569	173	121	1	0x0200000000000000	VCVTPS2UQQ	AVX512DQ_256
4695	4068	1569	173	121	1	0x0200000000000000	VCVTPS2UQQ	AVX512DQ_256
4696	4069	1569	174	122	1	0x0400000000000000	VCVTPS2UQQ	AVX512DQ_512
4697	4070	1569	174	122	1	0x0400000000000000	VCVTPS2UQQ	AVX512DQ_512
4698	4070	1569	174	122	1	0x0400000000000000	VCVTPS2UQQ	AVX512DQ_512
4699	4115	1577	185	133	2	0x0000000000000020	VCVTSD2USI	AVX512F_SCALAR
4700	4115	1577	185	133	2	0x0000000000000020	VCVTSD2USI	AVX512F_SCALAR
4701	4116	1577	185	133	2	0x0000000000000020	VCVTSD2USI	AVX512F_SCALAR
4702	4116	1577	185	133	2	0x0000000000000020	VCVTSD2USI	AVX512F_SCALAR
4703	4116	1577	185	133	2	0x0000000000000020	VCVTSD2USI	AVX512F_SCALAR
4704	4116	1577	185	133	2	0x0000000000000020	VCVTSD2USI	AVX512F_SCALAR
4705	4117	1577	185	133	2	0x0000000000000020	VCVTSD2USI	AVX512F_SCALAR
4706	4118	1577	185	133	2	0x0000000000000020	VCVTSD2USI	AVX512F_SCALAR
4707	4118	1577	185	133	2	0x0000000000000020	VCVTSD2USI	AVX512F_SCALAR
4708	4165	1587	185	133	2	0x0000000000000020	VCVTSS2USI	AVX512F_SCALAR
4709	4165	1587	185	133	2	0x0000000000000020	VCVTSS2USI	AVX512F_SCALAR
4710	4166	1587	185	133	2	0x0000000000000020	VCVTSS2USI	AVX512F_SCALAR
4711	4166	1587	185	133	2	0x0000000000000020	VCVTSS2USI	AVX512F_SCALAR
4712	4166	1587	185	133	2	0x0000000000000020	VCVTSS2USI	AVX512F_SCALAR
4713	4166	1587	185	133	2	0x0000000000000020	VCVTSS2USI	AVX512F_SCALAR
4714	4167	1587	185	133	2	0x0000000000000020	VCVTSS2USI	AVX512F_SCALAR
4715	4168	1587	185	133	2	0x0000000000000020	VCVTSS2USI	AVX512F_SCALAR
4716	4168	1587	185	133	2	0x0000000000000020	VCVTSS2USI	AVX512F_SCALAR
4717	4203	1591	171	119	1	0x0080000000000000	VCVTTPD2QQ	AVX512DQ_128
4718	4204	1591	171	119	1	0x0080000000000000	VCVTTPD2QQ	AVX512DQ_128
4719	4205	1591	173	121	1	0x0200000000000000	VCVTTPD2QQ	AVX512DQ_256
4720	4206	1591	173	121	1	0x0200000000000000	VCVTTPD2QQ	AVX512DQ_256
4721	4207	1591	174	122	1	0x0400000000000000	VCVTTPD2QQ	AVX512DQ_512
4722	4208	1591	174	122	1	0x0400000000000000	VCVTTPD2QQ	AVX512DQ_512
4723	4208	1591	174	122	1	0x0400000000000000	VCVTTPD2QQ	AVX512DQ_512
4724	4315	1608	171	119	1	0x0080000000000000	VCVTTPS2QQ	AVX512DQ_128
4725	4316	1608	171	119	1	0x0080000000000000	VCVTTPS2QQ	AVX512DQ_128
4726	4317	1608	173	121	1	0x0200000000000000	VCVTTPS2QQ	AVX512DQ_256
4727	4318	1608	173	121	1	0x0200000000000000	VCVTTPS2QQ	AVX512DQ_256
4728	4319	1608	174	122	1	0x0400000000000000	VCVTTPS2QQ	AVX512DQ_512
4729	4320	1608	174	122	1	0x0400000000000000	VCVTTPS2QQ	AVX512DQ_512
4730	4320	1608	174	122	1	0x0400000000000000	VCVTTPS2QQ	AVX512DQ_512
4731	4393	1624	180	128	2	0x0000000000000001	VCVTUDQ2PD	AVX512F_128
4732	4394	1624	180	128	2	0x0000000000000001	VCVTUDQ2PD	AVX512F_128
4733	4395	1624	182	130	2	0x0000000000000004	VCVTUDQ2PD	AVX512F_256
4734	4396	1624	182	130	2	0x0000000000000004	VCVTUDQ2PD	AVX512F_256
4735	4397	1624	183	131	2	0x0000000000000008	VCVTUDQ2PD	AVX512F_512
4736	4398	1624	183	131	2	0x0000000000000008	VCVTUDQ2PD	AVX512F_512
4737	4398	1624	183	131	2	0x0000000000000008	VCVTUDQ2PD	AVX512F_512
4738	4405	1626	180	128	2	0x0000000000000001	VCVTUDQ2PS	AVX512F_128
4739	4406	1626	180	128	2	0x0000000000000001	VCVTUDQ2PS	AVX512F_128
4740	4407	1626	182	130	2	0x0000000000000004	VCVTUDQ2PS	AVX512F_256
4741	4408	1626	182	130	2	0x0000000000000004	VCVTUDQ2PS	AVX512F_256
4742	4409	1626	183	131	2	0x0000000000000008	VCVTUDQ2PS	AVX512F_512
4743	4410	1626	183	131	2	0x0000000000000008	VCVTUDQ2PS	AVX512F_512
4744	4410	1626	183	131	2	0x0000000000000008	VCVTUDQ2PS	AVX512F_512
4745	4411	1627	171	119	1	0x0080000000000000	VCVTUQQ2PD	AVX512DQ_128
4746	4412	1627	171	119	1	0x0080000000000000	VCVTUQQ2PD	AVX512DQ_128
4747	4413	1627	173	121	1	0x0200000000000000	VCVTUQQ2PD	AVX512DQ_256
4748	4414	1627	173	121	1	0x0200000000000000	VCVTUQQ2PD	AVX512DQ_256
4749	4415	1627	174	122	1	0x0400000000000000	VCVTUQQ2PD	AVX512DQ_512
4750	4416	1627	174	122	1	0x0400000000000000	VCVTUQQ2PD	AVX512DQ_512
4751	4416	1627	174	122	1	0x0400000000000000	VCVTUQQ2PD	AVX512DQ_512
4752	4423	1629	171	119	1	0x0080000000000000	VCVTUQQ2PS	AVX512DQ_128
4753	4424	1629	173	121	1	0x0200000000000000	VCVTUQQ2PS	AVX512DQ_256
4754	4425	1629	171	119	1	0x0080000000000000	VCVTUQQ2PS	AVX512DQ_128
4755	4426	1629	173	121	1	0x0200000000000000	VCVTUQQ2PS	AVX512DQ_256
4756	4427	1629	174	122	1	0x0400000000000000	VCVTUQQ2PS	AVX512DQ_512
4757	4428	1629	174	122	1	0x0400000000000000	VCVTUQQ2PS	AVX512DQ_512
4758	4428	1629	174	122	1	0x0400000000000000	VCVTUQQ2PS	AVX512DQ_512
4759	3869	1543	171	119	1	0x0080000000000000	VCVTPD2QQ	AVX512DQ_128
4760	3870	1543	171	119	1	0x0080000000000000	VCVTPD2QQ	AVX512DQ_128
4761	3871	1543	173	121	1	0x0200000000000000	VCVTPD2QQ	AVX512DQ_256
4762	3872	1543	173	121	1	0x0200000000000000	VCVTPD2QQ	AVX512DQ_256
4763	3873	1543	174	122	1	0x0400000000000000	VCVTPD2QQ	AVX512DQ_512
4764	3874	1543	174	122	1	0x0400000000000000	VCVTPD2QQ	AVX512DQ_512
4765	3874	1543	174	122	1	0x0400000000000000	VCVTPD2QQ	AVX512DQ_512
4766	4053	1567	171	119	1	0x0080000000000000	VCVTPS2QQ	AVX512DQ_128
4767	4054	1567	171	119	1	0x0080000000000000	VCVTPS2QQ	AVX512DQ_128
4768	4055	1567	173	121	1	0x0200000000000000	VCVTPS2QQ	AVX512DQ_256
4769	4056	1567	173	121	1	0x0200000000000000	VCVTPS2QQ	AVX512DQ_256
4770	4057	1567	174	122	1	0x0400000000000000	VCVTPS2QQ	AVX512DQ_512
4771	4058	1567	174	122	1	0x0400000000000000	VCVTPS2QQ	AVX512DQ_512
4772	4058	1567	174	122	1	0x0400000000000000	VCVTPS2QQ	AVX512DQ_512
4773	4429	1630	185	133	2	0x0000000000000020	VCVTUSI2SD	AVX512F_SCALAR
4774	4429	1630	185	133	2	0x0000000000000020	VCVTUSI2SD	AVX512F_SCALAR
4775	4430	1630	185	133	2	0x0000000000000020	VCVTUSI2SD	AVX512F_SCALAR
4776	4430	1630	185	133	2	0x0000000000000020	VCVTUSI2SD	AVX512F_SCALAR
4777	4431	1630	185	133	2	0x0000000000000020	VCVTUSI2SD	AVX512F_SCALAR
4778	4431	1630	185	133	2	0x0000000000000020	VCVTUSI2SD	AVX512F_SCALAR
4779	4432	1630	185	133	2	0x0000000000000020	VCVTUSI2SD	AVX512F_SCALAR
4780	4437	1632	185	133	2	0x0000000000000020	VCVTUSI2SS	AVX512F_SCALAR
4781	4437	1632	185	133	2	0x0000000000000020	VCVTUSI2SS	AVX512F_SCALAR
4782	4437	1632	185	133	2	0x0000000000000020	VCVTUSI2SS	AVX512F_SCALAR
4783	4437	1632	185	133	2	0x0000000000000020	VCVTUSI2SS	AVX512F_SCALAR
4784	4438	1632	185	133	2	0x0000000000000020	VCVTUSI2SS	AVX512F_SCALAR
4785	4438	1632	185	133	2	0x0000000000000020	VCVTUSI2SS	AVX512F_SCALAR
4786	4439	1632	185	133	2	0x0000000000000020	VCVTUSI2SS	AVX512F_SCALAR
4787	4439	1632	185	133	2	0x0000000000000020	VCVTUSI2SS	AVX512F_SCALAR
4788	4440	1632	185	133	2	0x0000000000000020	VCVTUSI2SS	AVX512F_SCALAR
4789	5830	1768	181	129	2	0x0000000000000002	VMOVD	AVX512F_128N
4790	5830	1768	181	129	2	0x0000000000000002	VMOVD	AVX512F_128N
4791	5832	1768	181	129	2	0x0000000000000002	VMOVD	AVX512F_128N
4792	5832	1768	181	129	2	0x0000000000000002	VMOVD	AVX512F_128N
4793	5838	1768	221	169	2	0x0000020000000000	VMOVD	AVX512_MOVZXC_128
4794	5839	1768	221	169	2	0x0000020000000000	VMOVD	AVX512_MOVZXC_128
4795	5885	1783	181	129	2	0x0000000000000002	VMOVQ	AVX512F_128N
4796	5888	1783	181	129	2	0x0000000000000002	VMOVQ	AVX512F_128N
4797	5895	1783	181	129	2	0x0000000000000002	VMOVQ	AVX512F_128N
4798	5896	1783	181	129	2	0x0000000000000002	VMOVQ	AVX512F_128N
4799	5759	1770	180	128	2	0x0000000000000001	VMOVDQA32	AVX512F_128
4800	5760	1770	182	130	2	0x0000000000000004	VMOVDQA32	AVX512F_256
4801	5761	1770	183	131	2	0x0000000000000008	VMOVDQA32	AVX512F_512
4802	5763	1770	180	128	2	0x0000000000000001	VMOVDQA32	AVX512F_128
4803	5765	1770	182	130	2	0x0000000000000004	VMOVDQA32	AVX512F_256
4804	5767	1770	183	131	2	0x0000000000000008	VMOVDQA32	AVX512F_512
4805	5768	1771	180	128	2	0x0000000000000001	VMOVDQA64	AVX512F_128
4806	5769	1771	182	130	2	0x0000000000000004	VMOVDQA64	AVX512F_256
4807	5770	1771	183	131	2	0x0000000000000008	VMOVDQA64	AVX512F_512
4808	5772	1771	180	128	2	0x0000000000000001	VMOVDQA64	AVX512F_128
4809	5774	1771	182	130	2	0x0000000000000004	VMOVDQA64	AVX512F_256
4810	5776	1771	183	131	2	0x0000000000000008	VMOVDQA64	AVX512F_512
4811	5785	1772	162	110	1	0x0000400000000000	VMOVDQU16	AVX512BW_128
4812	5786	1772	164	112	1	0x0001000000000000	VMOVDQU16	AVX512BW_256
4813	5787	1772	165	113	1	0x0002000000000000	VMOVDQU16	AVX512BW_512
4814	5789	1772	162	110	1	0x0000400000000000	VMOVDQU16	AVX512BW_128
4815	5791	1772	164	112	1	0x0001000000000000	VMOVDQU16	AVX512BW_256
4816	5793	1772	165	113	1	0x0002000000000000	VMOVDQU16	AVX512BW_512
4817	5794	1773	180	128	2	0x0000000000000001	VMOVDQU32	AVX512F_128
4818	5795	1773	182	130	2	0x0000000000000004	VMOVDQU32	AVX512F_256
4819	5796	1773	183	131	2	0x0000000000000008	VMOVDQU32	AVX512F_512
4820	5798	1773	180	128	2	0x0000000000000001	VMOVDQU32	AVX512F_128
4821	5800	1773	182	130	2	0x0000000000000004	VMOVDQU32	AVX512F_256
4822	5802	1773	183	131	2	0x0000000000000008	VMOVDQU32	AVX512F_512
4823	5803	1774	180	128	2	0x0000000000000001	VMOVDQU64	AVX512F_128
4824	5804	1774	182	130	2	0x0000000000000004	VMOVDQU64	AVX512F_256
4825	5805	1774	183	131	2	0x0000000000000008	VMOVDQU64	AVX512F_512
4826	5807	1774	180	128	2	0x0000000000000001	VMOVDQU64	AVX512F_128
4827	5809	1774	182	130	2	0x0000000000000004	VMOVDQU64	AVX512F_256
4828	5811	1774	183	131	2	0x0000000000000008	VMOVDQU64	AVX512F_512
4829	5812	1775	162	110	1	0x0000400000000000	VMOVDQU8	AVX512BW_128
4830	5813	1775	164	112	1	0x0001000000000000	VMOVDQU8	AVX512BW_256
4831	5814	1775	165	113	1	0x0002000000000000	VMOVDQU8	AVX512BW_512
4832	5816	1775	162	110	1	0x0000400000000000	VMOVDQU8	AVX512BW_128
4833	5818	1775	164	112	1	0x0001000000000000	VMOVDQU8	AVX512BW_256
4834	5820	1775	165	113	1	0x0002000000000000	VMOVDQU8	AVX512BW_512
4835	1500	964	134	82	1	0x0000000000040000	KMOVB	APX_F_KOPB
4836	1502	964	134	82	1	0x0000000000040000	KMOVB	APX_F_KOPB
4837	1510	965	135	83	1	0x0000000000080000	KMOVD	APX_F_KOPD
4838	1512	965	135	83	1	0x0000000000080000	KMOVD	APX_F_KOPD
4839	1520	966	136	84	1	0x0000000000100000	KMOVQ	APX_F_KOPQ
4840	1522	966	136	84	1	0x0000000000100000	KMOVQ	APX_F_KOPQ
4841	1530	945	137	85	1	0x0000000000200000	KMOVW	APX_F_KOPW
4842	1532	945	137	85	1	0x0000000000200000	KMOVW	APX_F_KOPW
4843	1504	964	134	82	1	0x0000000000040000	KMOVB	APX_F_KOPB
4844	1514	965	135	83	1	0x0000000000080000	KMOVD	APX_F_KOPD
4845	1524	966	136	84	1	0x0000000000100000	KMOVQ	APX_F_KOPQ
4846	1534	945	137	85	1	0x0000000000200000	KMOVW	APX_F_KOPW
4847	1498	964	134	82	1	0x0000000000040000	KMOVB	APX_F_KOPB
4848	1508	965	135	83	1	0x0000000000080000	KMOVD	APX_F_KOPD
4849	1518	966	136	84	1	0x0000000000100000	KMOVQ	APX_F_KOPQ
4850	1528	945	137	85	1	0x0000000000200000	KMOVW	APX_F_KOPW
4851	1496	964	134	82	1	0x0000000000040000	KMOVB	APX_F_KOPB
4852	1506	965	135	83	1	0x0000000000080000	KMOVD	APX_F_KOPD
4853	1516	966	136	84	1	0x0000000000100000	KMOVQ	APX_F_KOPQ
4854	1526	945	137	85	1	0x0000000000200000	KMOVW	APX_F_KOPW
4855	3589	1495	180	128	2	0x0000000000000001	VCMPPD	AVX512F_128
4856	3590	1495	180	128	2	0x0000000000000001	VCMPPD	AVX512F_128
4857	3591	1495	182	130	2	0x0000000000000004	VCMPPD	AVX512F_256
4858	3592	1495	182	130	2	0x0000000000000004	VCMPPD	AVX512F_256
4859	3593	1495	183	131	2	0x0000000000000008	VCMPPD	AVX512F_512
4860	3594	1495	183	131	2	0x0000000000000008	VCMPPD	AVX512F_512
4861	3594	1495	183	131	2	0x0000000000000008	VCMPPD	AVX512F_512
4862	3605	1497	180	128	2	0x0000000000000001	VCMPPS	AVX512F_128
4863	3606	1497	180	128	2	0x0000000000000001	VCMPPS	AVX512F_128
4864	3607	1497	182	130	2	0x0000000000000004	VCMPPS	AVX512F_256
4865	3608	1497	182	130	2	0x0000000000000004	VCMPPS	AVX512F_256
4866	3609	1497	183	131	2	0x0000000000000008	VCMPPS	AVX512F_512
4867	3610	1497	183	131	2	0x0000000000000008	VCMPPS	AVX512F_512
4868	3610	1497	183	131	2	0x0000000000000008	VCMPPS	AVX512F_512
4869	3615	1498	185	133	2	0x0000000000000020	VCMPSD	AVX512F_SCALAR
4870	3616	1498	185	133	2	0x0000000000000020	VCMPSD	AVX512F_SCALAR
4871	3616	1498	185	133	2	0x0000000000000020	VCMPSD	AVX512F_SCALAR
4872	3621	1500	185	133	2	0x0000000000000020	VCMPSS	AVX512F_SCALAR
4873	3622	1500	185	133	2	0x0000000000000020	VCMPSS	AVX512F_SCALAR
4874	3622	1500	185	133	2	0x0000000000000020	VCMPSS	AVX512F_SCALAR
4875	7074	1862	163	111	1	0x0000800000000000	VPINSRW	AVX512BW_128N
4876	7075	1862	163	111	1	0x0000800000000000	VPINSRW	AVX512BW_128N
4877	6981	1847	163	111	1	0x0000800000000000	VPEXTRW_C5	AVX512BW_128N
4878	6981	1847	163	111	1	0x0000800000000000	VPEXTRW_C5	AVX512BW_128N
4879	8666	2001	180	128	2	0x0000000000000001	VSHUFPD	AVX512F_128
4880	8667	2001	180	128	2	0x0000000000000001	VSHUFPD	AVX512F_128
4881	8668	2001	182	130	2	0x0000000000000004	VSHUFPD	AVX512F_256
4882	8669	2001	182	130	2	0x0000000000000004	VSHUFPD	AVX512F_256
4883	8672	2001	183	131	2	0x0000000000000008	VSHUFPD	AVX512F_512
4884	8673	2001	183	131	2	0x0000000000000008	VSHUFPD	AVX512F_512
4885	8676	2002	180	128	2	0x0000000000000001	VSHUFPS	AVX512F_128
4886	8677	2002	180	128	2	0x0000000000000001	VSHUFPS	AVX512F_128
4887	8678	2002	182	130	2	0x0000000000000004	VSHUFPS	AVX512F_256
4888	8679	2002	182	130	2	0x0000000000000004	VSHUFPS	AVX512F_256
4889	8682	2002	183	131	2	0x0000000000000008	VSHUFPS	AVX512F_512
4890	8683	2002	183	131	2	0x0000000000000008	VSHUFPS	AVX512F_512
4891	8166	1058	162	110	1	0x0000400000000000	VPSRLW	AVX512BW_128
4892	8167	1058	162	110	1	0x0000400000000000	VPSRLW	AVX512BW_128
4893	8173	1058	164	112	1	0x0001000000000000	VPSRLW	AVX512BW_256
4894	8174	1058	164	112	1	0x0001000000000000	VPSRLW	AVX512BW_256
4895	8177	1058	165	113	1	0x0002000000000000	VPSRLW	AVX512BW_512
4896	8178	1058	165	113	1	0x0002000000000000	VPSRLW	AVX512BW_512
4897	8104	1054	180	128	2	0x0000000000000001	VPSRLD	AVX512F_128
4898	8105	1054	180	128	2	0x0000000000000001	VPSRLD	AVX512F_128
4899	8111	1054	182	130	2	0x0000000000000004	VPSRLD	AVX512F_256
4900	8112	1054	182	130	2	0x0000000000000004	VPSRLD	AVX512F_256
4901	8115	1054	183	131	2	0x0000000000000008	VPSRLD	AVX512F_512
4902	8116	1054	183	131	2	0x0000000000000008	VPSRLD	AVX512F_512
4903	8122	1061	180	128	2	0x0000000000000001	VPSRLQ	AVX512F_128
4904	8123	1061	180	128	2	0x0000000000000001	VPSRLQ	AVX512F_128
4905	8129	1061	182	130	2	0x0000000000000004	VPSRLQ	AVX512F_256
4906	8130	1061	182	130	2	0x0000000000000004	VPSRLQ	AVX512F_256
4907	8133	1061	183	131	2	0x0000000000000008	VPSRLQ	AVX512F_512
4908	8134	1061	183	131	2	0x0000000000000008	VPSRLQ	AVX512F_512
4909	6186	645	180	128	2	0x0000000000000001	VPADDQ	AVX512F_128
4910	6187	645	180	128	2	0x0000000000000001	VPADDQ	AVX512F_128
4911	6190	645	182	130	2	0x0000000000000004	VPADDQ	AVX512F_256
4912	6191	645	182	130	2	0x0000000000000004	VPADDQ	AVX512F_256
4913	6192	645	183	131	2	0x0000000000000008	VPADDQ	AVX512F_512
4914	6193	645	183	131	2	0x0000000000000008	VPADDQ	AVX512F_512
4915	7622	660	162	110	1	0x0000400000000000	VPMULLW	AVX512BW_128
4916	7623	660	162	110	1	0x0000400000000000	VPMULLW	AVX512BW_128
4917	7626	660	164	112	1	0x0001000000000000	VPMULLW	AVX512BW_256
4918	7627	660	164	112	1	0x0001000000000000	VPMULLW	AVX512BW_256
4919	7628	660	165	113	1	0x0002000000000000	VPMULLW	AVX512BW_512
4920	7629	660	165	113	1	0x0002000000000000	VPMULLW	AVX512BW_512
4921	5833	1768	221	169	2	0x0000020000000000	VMOVD	AVX512_MOVZXC_128
4922	5839	1768	221	169	2	0x0000020000000000	VMOVD	AVX512_MOVZXC_128
4923	5888	1783	181	129	2	0x0000000000000002	VMOVQ	AVX512F_128N
4924	5896	1783	181	129	2	0x0000000000000002	VMOVQ	AVX512F_128N
4925	8231	1027	162	110	1	0x0000400000000000	VPSUBUSB	AVX512BW_128
4926	8232	1027	162	110	1	0x0000400000000000	VPSUBUSB	AVX512BW_128
4927	8235	1027	164	112	1	0x0001000000000000	VPSUBUSB	AVX512BW_256
4928	8236	1027	164	112	1	0x0001000000000000	VPSUBUSB	AVX512BW_256
4929	8237	1027	165	113	1	0x0002000000000000	VPSUBUSB	AVX512BW_512
4930	8238	1027	165	113	1	0x0002000000000000	VPSUBUSB	AVX512BW_512
4931	8241	1028	162	110	1	0x0000400000000000	VPSUBUSW	AVX512BW_128
4932	8242	1028	162	110	1	0x0000400000000000	VPSUBUSW	AVX512BW_128
4933	8245	1028	164	112	1	0x0001000000000000	VPSUBUSW	AVX512BW_256
4934	8246	1028	164	112	1	0x0001000000000000	VPSUBUSW	AVX512BW_256
4935	8247	1028	165	113	1	0x0002000000000000	VPSUBUSW	AVX512BW_512
4936	8248	1028	165	113	1	0x0002000000000000	VPSUBUSW	AVX512BW_512
4937	7270	668	162	110	1	0x0000400000000000	VPMINUB	AVX512BW_128
4938	7271	668	162	110	1	0x0000400000000000	VPMINUB	AVX512BW_128
4939	7274	668	164	112	1	0x0001000000000000	VPMINUB	AVX512BW_256
4940	7275	668	164	112	1	0x0001000000000000	VPMINUB	AVX512BW_256
4941	7276	668	165	113	1	0x0002000000000000	VPMINUB	AVX512BW_512
4942	7277	668	165	113	1	0x0002000000000000	VPMINUB	AVX512BW_512
4943	6254	1029	180	128	2	0x0000000000000001	VPANDD	AVX512F_128
4944	6255	1029	180	128	2	0x0000000000000001	VPANDD	AVX512F_128
4945	6256	1029	182	130	2	0x0000000000000004	VPANDD	AVX512F_256
4946	6257	1029	182	130	2	0x0000000000000004	VPANDD	AVX512F_256
4947	6258	1029	183	131	2	0x0000000000000008	VPANDD	AVX512F_512
4948	6259	1029	183	131	2	0x0000000000000008	VPANDD	AVX512F_512
4949	6276	1030	180	128	2	0x0000000000000001	VPANDQ	AVX512F_128
4950	6277	1030	180	128	2	0x0000000000000001	VPANDQ	AVX512F_128
4951	6278	1030	182	130	2	0x0000000000000004	VPANDQ	AVX512F_256
4952	6279	1030	182	130	2	0x0000000000000004	VPANDQ	AVX512F_256
4953	6280	1030	183	131	2	0x0000000000000008	VPANDQ	AVX512F_512
4954	6281	1030	183	131	2	0x0000000000000008	VPANDQ	AVX512F_512
4955	6216	1023	162	110	1	0x0000400000000000	VPADDUSB	AVX512BW_128
4956	6217	1023	162	110	1	0x0000400000000000	VPADDUSB	AVX512BW_128
4957	6220	1023	164	112	1	0x0001000000000000	VPADDUSB	AVX512BW_256
4958	6221	1023	164	112	1	0x0001000000000000	VPADDUSB	AVX512BW_256
4959	6222	1023	165	113	1	0x0002000000000000	VPADDUSB	AVX512BW_512
4960	6223	1023	165	113	1	0x0002000000000000	VPADDUSB	AVX512BW_512
4961	6226	1024	162	110	1	0x0000400000000000	VPADDUSW	AVX512BW_128
4962	6227	1024	162	110	1	0x0000400000000000	VPADDUSW	AVX512BW_128
4963	6230	1024	164	112	1	0x0001000000000000	VPADDUSW	AVX512BW_256
4964	6231	1024	164	112	1	0x0001000000000000	VPADDUSW	AVX512BW_256
4965	6232	1024	165	113	1	0x0002000000000000	VPADDUSW	AVX512BW_512
4966	6233	1024	165	113	1	0x0002000000000000	VPADDUSW	AVX512BW_512
4967	7198	666	162	110	1	0x0000400000000000	VPMAXUB	AVX512BW_128
4968	7199	666	162	110	1	0x0000400000000000	VPMAXUB	AVX512BW_128
4969	7202	666	164	112	1	0x0001000000000000	VPMAXUB	AVX512BW_256
4970	7203	666	164	112	1	0x0001000000000000	VPMAXUB	AVX512BW_256
4971	7204	666	165	113	1	0x0002000000000000	VPMAXUB	AVX512BW_512
4972	7205	666	165	113	1	0x0002000000000000	VPMAXUB	AVX512BW_512
4973	6260	1031	180	128	2	0x0000000000000001	VPANDND	AVX512F_128
4974	6261	1031	180	128	2	0x0000000000000001	VPANDND	AVX512F_128
4975	6262	1031	182	130	2	0x0000000000000004	VPANDND	AVX512F_256
4976	6263	1031	182	130	2	0x0000000000000004	VPANDND	AVX512F_256
4977	6264	1031	183	131	2	0x0000000000000008	VPANDND	AVX512F_512
4978	6265	1031	183	131	2	0x0000000000000008	VPANDND	AVX512F_512
4979	6266	1032	180	128	2	0x0000000000000001	VPANDNQ	AVX512F_128
4980	6267	1032	180	128	2	0x0000000000000001	VPANDNQ	AVX512F_128
4981	6268	1032	182	130	2	0x0000000000000004	VPANDNQ	AVX512F_256
4982	6269	1032	182	130	2	0x0000000000000004	VPANDNQ	AVX512F_256
4983	6270	1032	183	131	2	0x0000000000000008	VPANDNQ	AVX512F_512
4984	6271	1032	183	131	2	0x0000000000000008	VPANDNQ	AVX512F_512
4985	6288	663	162	110	1	0x0000400000000000	VPAVGB	AVX512BW_128
4986	6289	663	162	110	1	0x0000400000000000	VPAVGB	AVX512BW_128
4987	6292	663	164	112	1	0x0001000000000000	VPAVGB	AVX512BW_256
4988	6293	663	164	112	1	0x0001000000000000	VPAVGB	AVX512BW_256
4989	6294	663	165	113	1	0x0002000000000000	VPAVGB	AVX512BW_512
4990	6295	663	165	113	1	0x0002000000000000	VPAVGB	AVX512BW_512
4991	8078	1059	162	110	1	0x0000400000000000	VPSRAW	AVX512BW_128
4992	8079	1059	162	110	1	0x0000400000000000	VPSRAW	AVX512BW_128
4993	8085	1059	164	112	1	0x0001000000000000	VPSRAW	AVX512BW_256
4994	8086	1059	164	112	1	0x0001000000000000	VPSRAW	AVX512BW_256
4995	8089	1059	165	113	1	0x0002000000000000	VPSRAW	AVX512BW_512
4996	8090	1059	165	113	1	0x0002000000000000	VPSRAW	AVX512BW_512
4997	8026	1055	180	128	2	0x0000000000000001	VPSRAD	AVX512F_128
4998	8027	1055	180	128	2	0x0000000000000001	VPSRAD	AVX512F_128
4999	8033	1055	182	130	2	0x0000000000000004	VPSRAD	AVX512F_256
5000	8034	1055	182	130	2	0x0000000000000004	VPSRAD	AVX512F_256
5001	8037	1055	183	131	2	0x0000000000000008	VPSRAD	AVX512F_512
5002	8038	1055	183	131	2	0x0000000000000008	VPSRAD	AVX512F_512
5003	8041	1056	180	128	2	0x0000000000000001	VPSRAQ	AVX512F_128
5004	8042	1056	180	128	2	0x0000000000000001	VPSRAQ	AVX512F_128
5005	8045	1056	182	130	2	0x0000000000000004	VPSRAQ	AVX512F_256
5006	8046	1056	182	130	2	0x0000000000000004	VPSRAQ	AVX512F_256
5007	8049	1056	183	131	2	0x0000000000000008	VPSRAQ	AVX512F_512
5008	8050	1056	183	131	2	0x0000000000000008	VPSRAQ	AVX512F_512
5009	6298	664	162	110	1	0x0000400000000000	VPAVGW	AVX512BW_128
5010	6299	664	162	110	1	0x0000400000000000	VPAVGW	AVX512BW_128
5011	6302	664	164	112	1	0x0001000000000000	VPAVGW	AVX512BW_256
5012	6303	664	164	112	1	0x0001000000000000	VPAVGW	AVX512BW_256
5013	6304	664	165	113	1	0x0002000000000000	VPAVGW	AVX512BW_512
5014	6305	664	165	113	1	0x0002000000000000	VPAVGW	AVX512BW_512
5015	7586	1017	162	110	1	0x0000400000000000	VPMULHUW	AVX512BW_128
5016	7587	1017	162	110	1	0x0000400000000000	VPMULHUW	AVX512BW_128
5017	7590	1017	164	112	1	0x0001000000000000	VPMULHUW	AVX512BW_256
5018	7591	1017	164	112	1	0x0001000000000000	VPMULHUW	AVX512BW_256
5019	7592	1017	165	113	1	0x0002000000000000	VPMULHUW	AVX512BW_512
5020	7593	1017	165	113	1	0x0002000000000000	VPMULHUW	AVX512BW_512
5021	7596	1016	162	110	1	0x0000400000000000	VPMULHW	AVX512BW_128
5022	7597	1016	162	110	1	0x0000400000000000	VPMULHW	AVX512BW_128
5023	7600	1016	164	112	1	0x0001000000000000	VPMULHW	AVX512BW_256
5024	7601	1016	164	112	1	0x0001000000000000	VPMULHW	AVX512BW_256
5025	7602	1016	165	113	1	0x0002000000000000	VPMULHW	AVX512BW_512
5026	7603	1016	165	113	1	0x0002000000000000	VPMULHW	AVX512BW_512
5027	3771	907	180	128	2	0x0000000000000001	VCVTDQ2PD	AVX512F_128
5028	3772	907	180	128	2	0x0000000000000001	VCVTDQ2PD	AVX512F_128
5029	3773	907	182	130	2	0x0000000000000004	VCVTDQ2PD	AVX512F_256
5030	3774	907	182	130	2	0x0000000000000004	VCVTDQ2PD	AVX512F_256
5031	3777	907	183	131	2	0x0000000000000008	VCVTDQ2PD	AVX512F_512
5032	3778	907	183	131	2	0x0000000000000008	VCVTDQ2PD	AVX512F_512
5033	3778	907	183	131	2	0x0000000000000008	VCVTDQ2PD	AVX512F_512
5034	3847	909	180	128	2	0x0000000000000001	VCVTPD2DQ	AVX512F_128
5035	3848	909	182	130	2	0x0000000000000004	VCVTPD2DQ	AVX512F_256
5036	3849	909	180	128	2	0x0000000000000001	VCVTPD2DQ	AVX512F_128
5037	3850	909	182	130	2	0x0000000000000004	VCVTPD2DQ	AVX512F_256
5038	3851	909	183	131	2	0x0000000000000008	VCVTPD2DQ	AVX512F_512
5039	3852	909	183	131	2	0x0000000000000008	VCVTPD2DQ	AVX512F_512
5040	3852	909	183	131	2	0x0000000000000008	VCVTPD2DQ	AVX512F_512
5041	4071	1570	171	119	1	0x0080000000000000	VCVTQQ2PD	AVX512DQ_128
5042	4072	1570	171	119	1	0x0080000000000000	VCVTQQ2PD	AVX512DQ_128
5043	4073	1570	173	121	1	0x0200000000000000	VCVTQQ2PD	AVX512DQ_256
5044	4074	1570	173	121	1	0x0200000000000000	VCVTQQ2PD	AVX512DQ_256
5045	4075	1570	174	122	1	0x0400000000000000	VCVTQQ2PD	AVX512DQ_512
5046	4076	1570	174	122	1	0x0400000000000000	VCVTQQ2PD	AVX512DQ_512
5047	4076	1570	174	122	1	0x0400000000000000	VCVTQQ2PD	AVX512DQ_512
5048	4191	910	180	128	2	0x0000000000000001	VCVTTPD2DQ	AVX512F_128
5049	4192	910	182	130	2	0x0000000000000004	VCVTTPD2DQ	AVX512F_256
5050	4193	910	180	128	2	0x0000000000000001	VCVTTPD2DQ	AVX512F_128
5051	4194	910	182	130	2	0x0000000000000004	VCVTTPD2DQ	AVX512F_256
5052	4195	910	183	131	2	0x0000000000000008	VCVTTPD2DQ	AVX512F_512
5053	4196	910	183	131	2	0x0000000000000008	VCVTTPD2DQ	AVX512F_512
5054	4196	910	183	131	2	0x0000000000000008	VCVTTPD2DQ	AVX512F_512
5055	5871	1194	180	128	2	0x0000000000000001	VMOVNTDQ	AVX512F_128
5056	5872	1194	182	130	2	0x0000000000000004	VMOVNTDQ	AVX512F_256
5057	5873	1194	183	131	2	0x0000000000000008	VMOVNTDQ	AVX512F_512
5058	8211	1025	162	110	1	0x0000400000000000	VPSUBSB	AVX512BW_128
5059	8212	1025	162	110	1	0x0000400000000000	VPSUBSB	AVX512BW_128
5060	8213	1025	164	112	1	0x0001000000000000	VPSUBSB	AVX512BW_256
5061	8214	1025	164	112	1	0x0001000000000000	VPSUBSB	AVX512BW_256
5062	8217	1025	165	113	1	0x0002000000000000	VPSUBSB	AVX512BW_512
5063	8218	1025	165	113	1	0x0002000000000000	VPSUBSB	AVX512BW_512
5064	8221	1026	162	110	1	0x0000400000000000	VPSUBSW	AVX512BW_128
5065	8222	1026	162	110	1	0x0000400000000000	VPSUBSW	AVX512BW_128
5066	8223	1026	164	112	1	0x0001000000000000	VPSUBSW	AVX512BW_256
5067	8224	1026	164	112	1	0x0001000000000000	VPSUBSW	AVX512BW_256
5068	8227	1026	165	113	1	0x0002000000000000	VPSUBSW	AVX512BW_512
5069	8228	1026	165	113	1	0x0002000000000000	VPSUBSW	AVX512BW_512
5070	7260	667	162	110	1	0x0000400000000000	VPMINSW	AVX512BW_128
5071	7261	667	162	110	1	0x0000400000000000	VPMINSW	AVX512BW_128
5072	7262	667	164	112	1	0x0001000000000000	VPMINSW	AVX512BW_256
5073	7263	667	164	112	1	0x0001000000000000	VPMINSW	AVX512BW_256
5074	7266	667	165	113	1	0x0002000000000000	VPMINSW	AVX512BW_512
5075	7267	667	165	113	1	0x0002000000000000	VPMINSW	AVX512BW_512
5076	7670	1033	180	128	2	0x0000000000000001	VPORD	AVX512F_128
5077	7671	1033	180	128	2	0x0000000000000001	VPORD	AVX512F_128
5078	7672	1033	182	130	2	0x0000000000000004	VPORD	AVX512F_256
5079	7673	1033	182	130	2	0x0000000000000004	VPORD	AVX512F_256
5080	7674	1033	183	131	2	0x0000000000000008	VPORD	AVX512F_512
5081	7675	1033	183	131	2	0x0000000000000008	VPORD	AVX512F_512
5082	7676	1034	180	128	2	0x0000000000000001	VPORQ	AVX512F_128
5083	7677	1034	180	128	2	0x0000000000000001	VPORQ	AVX512F_128
5084	7678	1034	182	130	2	0x0000000000000004	VPORQ	AVX512F_256
5085	7679	1034	182	130	2	0x0000000000000004	VPORQ	AVX512F_256
5086	7680	1034	183	131	2	0x0000000000000008	VPORQ	AVX512F_512
5087	7681	1034	183	131	2	0x0000000000000008	VPORQ	AVX512F_512
5088	6196	1021	162	110	1	0x0000400000000000	VPADDSB	AVX512BW_128
5089	6197	1021	162	110	1	0x0000400000000000	VPADDSB	AVX512BW_128
5090	6198	1021	164	112	1	0x0001000000000000	VPADDSB	AVX512BW_256
5091	6199	1021	164	112	1	0x0001000000000000	VPADDSB	AVX512BW_256
5092	6202	1021	165	113	1	0x0002000000000000	VPADDSB	AVX512BW_512
5093	6203	1021	165	113	1	0x0002000000000000	VPADDSB	AVX512BW_512
5094	6206	1022	162	110	1	0x0000400000000000	VPADDSW	AVX512BW_128
5095	6207	1022	162	110	1	0x0000400000000000	VPADDSW	AVX512BW_128
5096	6208	1022	164	112	1	0x0001000000000000	VPADDSW	AVX512BW_256
5097	6209	1022	164	112	1	0x0001000000000000	VPADDSW	AVX512BW_256
5098	6212	1022	165	113	1	0x0002000000000000	VPADDSW	AVX512BW_512
5099	6213	1022	165	113	1	0x0002000000000000	VPADDSW	AVX512BW_512
5100	7188	665	162	110	1	0x0000400000000000	VPMAXSW	AVX512BW_128
5101	7189	665	162	110	1	0x0000400000000000	VPMAXSW	AVX512BW_128
5102	7190	665	164	112	1	0x0001000000000000	VPMAXSW	AVX512BW_256
5103	7191	665	164	112	1	0x0001000000000000	VPMAXSW	AVX512BW_256
5104	7194	665	165	113	1	0x0002000000000000	VPMAXSW	AVX512BW_512
5105	7195	665	165	113	1	0x0002000000000000	VPMAXSW	AVX512BW_512
5106	8403	1035	180	128	2	0x0000000000000001	VPXORD	AVX512F_128
5107	8404	1035	180	128	2	0x0000000000000001	VPXORD	AVX512F_128
5108	8405	1035	182	130	2	0x0000000000000004	VPXORD	AVX512F_256
5109	8406	1035	182	130	2	0x0000000000000004	VPXORD	AVX512F_256
5110	8407	1035	183	131	2	0x0000000000000008	VPXORD	AVX512F_512
5111	8408	1035	183	131	2	0x0000000000000008	VPXORD	AVX512F_512
5112	8409	1036	180	128	2	0x0000000000000001	VPXORQ	AVX512F_128
5113	8410	1036	180	128	2	0x0000000000000001	VPXORQ	AVX512F_128
5114	8411	1036	182	130	2	0x0000000000000004	VPXORQ	AVX512F_256
5115	8412	1036	182	130	2	0x0000000000000004	VPXORQ	AVX512F_256
5116	8413	1036	183	131	2	0x0000000000000008	VPXORQ	AVX512F_512
5117	8414	1036	183	131	2	0x0000000000000008	VPXORQ	AVX512F_512
5118	8008	1060	162	110	1	0x0000400000000000	VPSLLW	AVX512BW_128
5119	8009	1060	162	110	1	0x0000400000000000	VPSLLW	AVX512BW_128
5120	8015	1060	164	112	1	0x0001000000000000	VPSLLW	AVX512BW_256
5121	8016	1060	164	112	1	0x0001000000000000	VPSLLW	AVX512BW_256
5122	8019	1060	165	113	1	0x0002000000000000	VPSLLW	AVX512BW_512
5123	8020	1060	165	113	1	0x0002000000000000	VPSLLW	AVX512BW_512
5124	7946	1057	180	128	2	0x0000000000000001	VPSLLD	AVX512F_128
5125	7947	1057	180	128	2	0x0000000000000001	VPSLLD	AVX512F_128
5126	7953	1057	182	130	2	0x0000000000000004	VPSLLD	AVX512F_256
5127	7954	1057	182	130	2	0x0000000000000004	VPSLLD	AVX512F_256
5128	7957	1057	183	131	2	0x0000000000000008	VPSLLD	AVX512F_512
5129	7958	1057	183	131	2	0x0000000000000008	VPSLLD	AVX512F_512
5130	7964	1063	180	128	2	0x0000000000000001	VPSLLQ	AVX512F_128
5131	7965	1063	180	128	2	0x0000000000000001	VPSLLQ	AVX512F_128
5132	7971	1063	182	130	2	0x0000000000000004	VPSLLQ	AVX512F_256
5133	7972	1063	182	130	2	0x0000000000000004	VPSLLQ	AVX512F_256
5134	7975	1063	183	131	2	0x0000000000000008	VPSLLQ	AVX512F_512
5135	7976	1063	183	131	2	0x0000000000000008	VPSLLQ	AVX512F_512
5136	7638	661	180	128	2	0x0000000000000001	VPMULUDQ	AVX512F_128
5137	7639	661	180	128	2	0x0000000000000001	VPMULUDQ	AVX512F_128
5138	7642	661	182	130	2	0x0000000000000004	VPMULUDQ	AVX512F_256
5139	7643	661	182	130	2	0x0000000000000004	VPMULUDQ	AVX512F_256
5140	7644	661	183	131	2	0x0000000000000008	VPMULUDQ	AVX512F_512
5141	7645	661	183	131	2	0x0000000000000008	VPMULUDQ	AVX512F_512
5142	7144	662	162	110	1	0x0000400000000000	VPMADDWD	AVX512BW_128
5143	7145	662	162	110	1	0x0000400000000000	VPMADDWD	AVX512BW_128
5144	7146	662	164	112	1	0x0001000000000000	VPMADDWD	AVX512BW_256
5145	7147	662	164	112	1	0x0001000000000000	VPMADDWD	AVX512BW_256
5146	7150	662	165	113	1	0x0002000000000000	VPMADDWD	AVX512BW_512
5147	7151	662	165	113	1	0x0002000000000000	VPMADDWD	AVX512BW_512
5148	7759	669	162	110	1	0x0000400000000000	VPSADBW	AVX512BW_128
5149	7760	669	162	110	1	0x0000400000000000	VPSADBW	AVX512BW_128
5150	7763	669	164	112	1	0x0001000000000000	VPSADBW	AVX512BW_256
5151	7764	669	164	112	1	0x0001000000000000	VPSADBW	AVX512BW_256
5152	7765	669	165	113	1	0x0002000000000000	VPSADBW	AVX512BW_512
5153	7766	669	165	113	1	0x0002000000000000	VPSADBW	AVX512BW_512
5154	8181	646	162	110	1	0x0000400000000000	VPSUBB	AVX512BW_128
5155	8182	646	162	110	1	0x0000400000000000	VPSUBB	AVX512BW_128
5156	8185	646	164	112	1	0x0001000000000000	VPSUBB	AVX512BW_256
5157	8186	646	164	112	1	0x0001000000000000	VPSUBB	AVX512BW_256
5158	8187	646	165	113	1	0x0002000000000000	VPSUBB	AVX512BW_512
5159	8188	646	165	113	1	0x0002000000000000	VPSUBB	AVX512BW_512
5160	8251	647	162	110	1	0x0000400000000000	VPSUBW	AVX512BW_128
5161	8252	647	162	110	1	0x0000400000000000	VPSUBW	AVX512BW_128
5162	8255	647	164	112	1	0x0001000000000000	VPSUBW	AVX512BW_256
5163	8256	647	164	112	1	0x0001000000000000	VPSUBW	AVX512BW_256
5164	8257	647	165	113	1	0x0002000000000000	VPSUBW	AVX512BW_512
5165	8258	647	165	113	1	0x0002000000000000	VPSUBW	AVX512BW_512
5166	8191	648	180	128	2	0x0000000000000001	VPSUBD	AVX512F_128
5167	8192	648	180	128	2	0x0000000000000001	VPSUBD	AVX512F_128
5168	8195	648	182	130	2	0x0000000000000004	VPSUBD	AVX512F_256
5169	8196	648	182	130	2	0x0000000000000004	VPSUBD	AVX512F_256
5170	8197	648	183	131	2	0x0000000000000008	VPSUBD	AVX512F_512
5171	8198	648	183	131	2	0x0000000000000008	VPSUBD	AVX512F_512
5172	8201	649	180	128	2	0x0000000000000001	VPSUBQ	AVX512F_128
5173	8202	649	180	128	2	0x0000000000000001	VPSUBQ	AVX512F_128
5174	8205	649	182	130	2	0x0000000000000004	VPSUBQ	AVX512F_256
5175	8206	649	182	130	2	0x0000000000000004	VPSUBQ	AVX512F_256
5176	8207	649	183	131	2	0x0000000000000008	VPSUBQ	AVX512F_512
5177	8208	649	183	131	2	0x0000000000000008	VPSUBQ	AVX512F_512
5178	6166	642	162	110	1	0x0000400000000000	VPADDB	AVX512BW_128
5179	6167	642	162	110	1	0x0000400000000000	VPADDB	AVX512BW_128
5180	6170	642	164	112	1	0x0001000000000000	VPADDB	AVX512BW_256
5181	6171	642	164	112	1	0x0001000000000000	VPADDB	AVX512BW_256
5182	6172	642	165	113	1	0x0002000000000000	VPADDB	AVX512BW_512
5183	6173	642	165	113	1	0x0002000000000000	VPADDB	AVX512BW_512
5184	6236	643	162	110	1	0x0000400000000000	VPADDW	AVX512BW_128
5185	6237	643	162	110	1	0x0000400000000000	VPADDW	AVX512BW_128
5186	6240	643	164	112	1	0x0001000000000000	VPADDW	AVX512BW_256
5187	6241	643	164	112	1	0x0001000000000000	VPADDW	AVX512BW_256
5188	6242	643	165	113	1	0x0002000000000000	VPADDW	AVX512BW_512
5189	6243	643	165	113	1	0x0002000000000000	VPADDW	AVX512BW_512
5190	6176	644	180	128	2	0x0000000000000001	VPADDD	AVX512F_128
5191	6177	644	180	128	2	0x0000000000000001	VPADDD	AVX512F_128
5192	6180	644	182	130	2	0x0000000000000004	VPADDD	AVX512F_256
5193	6181	644	182	130	2	0x0000000000000004	VPADDD	AVX512F_256
5194	6182	644	183	131	2	0x0000000000000008	VPADDD	AVX512F_512
5195	6183	644	183	131	2	0x0000000000000008	VPADDD	AVX512F_512
5196	7883	733	162	110	1	0x0000400000000000	VPSHUFB	AVX512BW_128
5197	7884	733	162	110	1	0x0000400000000000	VPSHUFB	AVX512BW_128
5198	7887	733	164	112	1	0x0001000000000000	VPSHUFB	AVX512BW_256
5199	7888	733	164	112	1	0x0001000000000000	VPSHUFB	AVX512BW_256
5200	7889	733	165	113	1	0x0002000000000000	VPSHUFB	AVX512BW_512
5201	7890	733	165	113	1	0x0002000000000000	VPSHUFB	AVX512BW_512
5202	7134	1020	162	110	1	0x0000400000000000	VPMADDUBSW	AVX512BW_128
5203	7135	1020	162	110	1	0x0000400000000000	VPMADDUBSW	AVX512BW_128
5204	7136	1020	164	112	1	0x0001000000000000	VPMADDUBSW	AVX512BW_256
5205	7137	1020	164	112	1	0x0001000000000000	VPMADDUBSW	AVX512BW_256
5206	7140	1020	165	113	1	0x0002000000000000	VPMADDUBSW	AVX512BW_512
5207	7141	1020	165	113	1	0x0002000000000000	VPMADDUBSW	AVX512BW_512
5208	7576	1018	162	110	1	0x0000400000000000	VPMULHRSW	AVX512BW_128
5209	7577	1018	162	110	1	0x0000400000000000	VPMULHRSW	AVX512BW_128
5210	7578	1018	164	112	1	0x0001000000000000	VPMULHRSW	AVX512BW_256
5211	7579	1018	164	112	1	0x0001000000000000	VPMULHRSW	AVX512BW_256
5212	7582	1018	165	113	1	0x0002000000000000	VPMULHRSW	AVX512BW_512
5213	7583	1018	165	113	1	0x0002000000000000	VPMULHRSW	AVX512BW_512
5214	6860	1835	180	128	2	0x0000000000000001	VPERMILPS	AVX512F_128
5215	6861	1835	180	128	2	0x0000000000000001	VPERMILPS	AVX512F_128
5216	6864	1835	182	130	2	0x0000000000000004	VPERMILPS	AVX512F_256
5217	6865	1835	182	130	2	0x0000000000000004	VPERMILPS	AVX512F_256
5218	6872	1835	183	131	2	0x0000000000000008	VPERMILPS	AVX512F_512
5219	6873	1835	183	131	2	0x0000000000000008	VPERMILPS	AVX512F_512
5220	6840	1834	180	128	2	0x0000000000000001	VPERMILPD	AVX512F_128
5221	6841	1834	180	128	2	0x0000000000000001	VPERMILPD	AVX512F_128
5222	6844	1834	182	130	2	0x0000000000000004	VPERMILPD	AVX512F_256
5223	6845	1834	182	130	2	0x0000000000000004	VPERMILPD	AVX512F_256
5224	6852	1834	183	131	2	0x0000000000000008	VPERMILPD	AVX512F_512
5225	6853	1834	183	131	2	0x0000000000000008	VPERMILPD	AVX512F_512
5226	7489	1896	162	110	1	0x0000400000000000	VPMOVUSWB	AVX512BW_128
5227	7490	1896	164	112	1	0x0001000000000000	VPMOVUSWB	AVX512BW_256
5228	7491	1896	165	113	1	0x0002000000000000	VPMOVUSWB	AVX512BW_512
5229	7492	1896	162	110	1	0x0000400000000000	VPMOVUSWB	AVX512BW_128
5230	7493	1896	164	112	1	0x0001000000000000	VPMOVUSWB	AVX512BW_256
5231	7494	1896	165	113	1	0x0002000000000000	VPMOVUSWB	AVX512BW_512
5232	8155	1044	162	110	1	0x0000400000000000	VPSRLVW	AVX512BW_128
5233	8156	1044	162	110	1	0x0000400000000000	VPSRLVW	AVX512BW_128
5234	8157	1044	164	112	1	0x0001000000000000	VPSRLVW	AVX512BW_256
5235	8158	1044	164	112	1	0x0001000000000000	VPSRLVW	AVX512BW_256
5236	8159	1044	165	113	1	0x0002000000000000	VPSRLVW	AVX512BW_512
5237	8160	1044	165	113	1	0x0002000000000000	VPSRLVW	AVX512BW_512
5238	7459	1891	180	128	2	0x0000000000000001	VPMOVUSDB	AVX512F_128
5239	7460	1891	182	130	2	0x0000000000000004	VPMOVUSDB	AVX512F_256
5240	7461	1891	183	131	2	0x0000000000000008	VPMOVUSDB	AVX512F_512
5241	7462	1891	180	128	2	0x0000000000000001	VPMOVUSDB	AVX512F_128
5242	7463	1891	182	130	2	0x0000000000000004	VPMOVUSDB	AVX512F_256
5243	7464	1891	183	131	2	0x0000000000000008	VPMOVUSDB	AVX512F_512
5244	8067	1045	162	110	1	0x0000400000000000	VPSRAVW	AVX512BW_128
5245	8068	1045	162	110	1	0x0000400000000000	VPSRAVW	AVX512BW_128
5246	8069	1045	164	112	1	0x0001000000000000	VPSRAVW	AVX512BW_256
5247	8070	1045	164	112	1	0x0001000000000000	VPSRAVW	AVX512BW_256
5248	8071	1045	165	113	1	0x0002000000000000	VPSRAVW	AVX512BW_512
5249	8072	1045	165	113	1	0x0002000000000000	VPSRAVW	AVX512BW_512
5250	7471	1893	180	128	2	0x0000000000000001	VPMOVUSQB	AVX512F_128
5251	7472	1893	182	130	2	0x0000000000000004	VPMOVUSQB	AVX512F_256
5252	7473	1893	183	131	2	0x0000000000000008	VPMOVUSQB	AVX512F_512
5253	7474	1893	180	128	2	0x0000000000000001	VPMOVUSQB	AVX512F_128
5254	7475	1893	182	130	2	0x0000000000000004	VPMOVUSQB	AVX512F_256
5255	7476	1893	183	131	2	0x0000000000000008	VPMOVUSQB	AVX512F_512
5256	7997	1043	162	110	1	0x0000400000000000	VPSLLVW	AVX512BW_128
5257	7998	1043	162	110	1	0x0000400000000000	VPSLLVW	AVX512BW_128
5258	7999	1043	164	112	1	0x0001000000000000	VPSLLVW	AVX512BW_256
5259	8000	1043	164	112	1	0x0001000000000000	VPSLLVW	AVX512BW_256
5260	8001	1043	165	113	1	0x0002000000000000	VPSLLVW	AVX512BW_512
5261	8002	1043	165	113	1	0x0002000000000000	VPSLLVW	AVX512BW_512
5262	3943	697	180	128	2	0x0000000000000001	VCVTPH2PS	AVX512F_128
5263	3944	697	180	128	2	0x0000000000000001	VCVTPH2PS	AVX512F_128
5264	3945	697	182	130	2	0x0000000000000004	VCVTPH2PS	AVX512F_256
5265	3946	697	182	130	2	0x0000000000000004	VCVTPH2PS	AVX512F_256
5266	3949	697	183	131	2	0x0000000000000008	VCVTPH2PS	AVX512F_512
5267	3950	697	183	131	2	0x0000000000000008	VCVTPH2PS	AVX512F_512
5268	3950	697	183	131	2	0x0000000000000008	VCVTPH2PS	AVX512F_512
5269	7465	1892	180	128	2	0x0000000000000001	VPMOVUSDW	AVX512F_128
5270	7466	1892	182	130	2	0x0000000000000004	VPMOVUSDW	AVX512F_256
5271	7467	1892	183	131	2	0x0000000000000008	VPMOVUSDW	AVX512F_512
5272	7468	1892	180	128	2	0x0000000000000001	VPMOVUSDW	AVX512F_128
5273	7469	1892	182	130	2	0x0000000000000004	VPMOVUSDW	AVX512F_256
5274	7470	1892	183	131	2	0x0000000000000008	VPMOVUSDW	AVX512F_512
5275	7483	1895	180	128	2	0x0000000000000001	VPMOVUSQW	AVX512F_128
5276	7484	1895	182	130	2	0x0000000000000004	VPMOVUSQW	AVX512F_256
5277	7485	1895	183	131	2	0x0000000000000008	VPMOVUSQW	AVX512F_512
5278	7486	1895	180	128	2	0x0000000000000001	VPMOVUSQW	AVX512F_128
5279	7487	1895	182	130	2	0x0000000000000004	VPMOVUSQW	AVX512F_256
5280	7488	1895	183	131	2	0x0000000000000008	VPMOVUSQW	AVX512F_512
5281	7725	1048	180	128	2	0x0000000000000001	VPRORVD	AVX512F_128
5282	7726	1048	180	128	2	0x0000000000000001	VPRORVD	AVX512F_128
5283	7727	1048	182	130	2	0x0000000000000004	VPRORVD	AVX512F_256
5284	7728	1048	182	130	2	0x0000000000000004	VPRORVD	AVX512F_256
5285	7729	1048	183	131	2	0x0000000000000008	VPRORVD	AVX512F_512
5286	7730	1048	183	131	2	0x0000000000000008	VPRORVD	AVX512F_512
5287	7731	1049	180	128	2	0x0000000000000001	VPRORVQ	AVX512F_128
5288	7732	1049	180	128	2	0x0000000000000001	VPRORVQ	AVX512F_128
5289	7733	1049	182	130	2	0x0000000000000004	VPRORVQ	AVX512F_256
5290	7734	1049	182	130	2	0x0000000000000004	VPRORVQ	AVX512F_256
5291	7735	1049	183	131	2	0x0000000000000008	VPRORVQ	AVX512F_512
5292	7736	1049	183	131	2	0x0000000000000008	VPRORVQ	AVX512F_512
5293	7477	1894	180	128	2	0x0000000000000001	VPMOVUSQD	AVX512F_128
5294	7478	1894	182	130	2	0x0000000000000004	VPMOVUSQD	AVX512F_256
5295	7479	1894	183	131	2	0x0000000000000008	VPMOVUSQD	AVX512F_512
5296	7480	1894	180	128	2	0x0000000000000001	VPMOVUSQD	AVX512F_128
5297	7481	1894	182	130	2	0x0000000000000004	VPMOVUSQD	AVX512F_256
5298	7482	1894	183	131	2	0x0000000000000008	VPMOVUSQD	AVX512F_512
5299	7701	1046	180	128	2	0x0000000000000001	VPROLVD	AVX512F_128
5300	7702	1046	180	128	2	0x0000000000000001	VPROLVD	AVX512F_128
5301	7703	1046	182	130	2	0x0000000000000004	VPROLVD	AVX512F_256
5302	7704	1046	182	130	2	0x0000000000000004	VPROLVD	AVX512F_256
5303	7705	1046	183	131	2	0x0000000000000008	VPROLVD	AVX512F_512
5304	7706	1046	183	131	2	0x0000000000000008	VPROLVD	AVX512F_512
5305	7707	1047	180	128	2	0x0000000000000001	VPROLVQ	AVX512F_128
5306	7708	1047	180	128	2	0x0000000000000001	VPROLVQ	AVX512F_128
5307	7709	1047	182	130	2	0x0000000000000004	VPROLVQ	AVX512F_256
5308	7710	1047	182	130	2	0x0000000000000004	VPROLVQ	AVX512F_256
5309	7711	1047	183	131	2	0x0000000000000008	VPROLVQ	AVX512F_512
5310	7712	1047	183	131	2	0x0000000000000008	VPROLVQ	AVX512F_512
5311	6876	1836	182	130	2	0x0000000000000004	VPERMPD	AVX512F_256
5312	6877	1836	182	130	2	0x0000000000000004	VPERMPD	AVX512F_256
5313	6882	1836	183	131	2	0x0000000000000008	VPERMPD	AVX512F_512
5314	6883	1836	183	131	2	0x0000000000000008	VPERMPD	AVX512F_512
5315	6884	1837	182	130	2	0x0000000000000004	VPERMPS	AVX512F_256
5316	6885	1837	182	130	2	0x0000000000000004	VPERMPS	AVX512F_256
5317	6888	1837	183	131	2	0x0000000000000008	VPERMPS	AVX512F_512
5318	6889	1837	183	131	2	0x0000000000000008	VPERMPS	AVX512F_512
5319	3575	1493	180	128	2	0x0000000000000001	VBROADCASTSS	AVX512F_128
5320	3576	1493	180	128	2	0x0000000000000001	VBROADCASTSS	AVX512F_128
5321	3577	1493	182	130	2	0x0000000000000004	VBROADCASTSS	AVX512F_256
5322	3578	1493	182	130	2	0x0000000000000004	VBROADCASTSS	AVX512F_256
5323	3581	1493	183	131	2	0x0000000000000008	VBROADCASTSS	AVX512F_512
5324	3582	1493	183	131	2	0x0000000000000008	VBROADCASTSS	AVX512F_512
5325	3544	1481	173	121	1	0x0200000000000000	VBROADCASTF32X2	AVX512DQ_256
5326	3545	1481	173	121	1	0x0200000000000000	VBROADCASTF32X2	AVX512DQ_256
5327	3546	1481	174	122	1	0x0400000000000000	VBROADCASTF32X2	AVX512DQ_512
5328	3547	1481	174	122	1	0x0400000000000000	VBROADCASTF32X2	AVX512DQ_512
5329	3567	1492	182	130	2	0x0000000000000004	VBROADCASTSD	AVX512F_256
5330	3568	1492	182	130	2	0x0000000000000004	VBROADCASTSD	AVX512F_256
5331	3571	1492	183	131	2	0x0000000000000008	VBROADCASTSD	AVX512F_512
5332	3572	1492	183	131	2	0x0000000000000008	VBROADCASTSD	AVX512F_512
5333	3548	1482	182	130	2	0x0000000000000004	VBROADCASTF32X4	AVX512F_256
5334	3549	1482	183	131	2	0x0000000000000008	VBROADCASTF32X4	AVX512F_512
5335	3551	1484	173	121	1	0x0200000000000000	VBROADCASTF64X2	AVX512DQ_256
5336	3552	1484	174	122	1	0x0400000000000000	VBROADCASTF64X2	AVX512DQ_512
5337	3550	1483	174	122	1	0x0400000000000000	VBROADCASTF32X8	AVX512DQ_512
5338	3553	1485	183	131	2	0x0000000000000008	VBROADCASTF64X4	AVX512F_512
5339	6090	1799	162	110	1	0x0000400000000000	VPABSB	AVX512BW_128
5340	6091	1799	162	110	1	0x0000400000000000	VPABSB	AVX512BW_128
5341	6092	1799	164	112	1	0x0001000000000000	VPABSB	AVX512BW_256
5342	6093	1799	164	112	1	0x0001000000000000	VPABSB	AVX512BW_256
5343	6096	1799	165	113	1	0x0002000000000000	VPABSB	AVX512BW_512
5344	6097	1799	165	113	1	0x0002000000000000	VPABSB	AVX512BW_512
5345	6116	1802	162	110	1	0x0000400000000000	VPABSW	AVX512BW_128
5346	6117	1802	162	110	1	0x0000400000000000	VPABSW	AVX512BW_128
5347	6118	1802	164	112	1	0x0001000000000000	VPABSW	AVX512BW_256
5348	6119	1802	164	112	1	0x0001000000000000	VPABSW	AVX512BW_256
5349	6122	1802	165	113	1	0x0002000000000000	VPABSW	AVX512BW_512
5350	6123	1802	165	113	1	0x0002000000000000	VPABSW	AVX512BW_512
5351	6100	1800	180	128	2	0x0000000000000001	VPABSD	AVX512F_128
5352	6101	1800	180	128	2	0x0000000000000001	VPABSD	AVX512F_128
5353	6102	1800	182	130	2	0x0000000000000004	VPABSD	AVX512F_256
5354	6103	1800	182	130	2	0x0000000000000004	VPABSD	AVX512F_256
5355	6106	1800	183	131	2	0x0000000000000008	VPABSD	AVX512F_512
5356	6107	1800	183	131	2	0x0000000000000008	VPABSD	AVX512F_512
5357	6108	1801	180	128	2	0x0000000000000001	VPABSQ	AVX512F_128
5358	6109	1801	180	128	2	0x0000000000000001	VPABSQ	AVX512F_128
5359	6110	1801	182	130	2	0x0000000000000004	VPABSQ	AVX512F_256
5360	6111	1801	182	130	2	0x0000000000000004	VPABSQ	AVX512F_256
5361	6112	1801	183	131	2	0x0000000000000008	VPABSQ	AVX512F_512
5362	6113	1801	183	131	2	0x0000000000000008	VPABSQ	AVX512F_512
5363	7393	1884	162	110	1	0x0000400000000000	VPMOVSWB	AVX512BW_128
5364	7394	1884	164	112	1	0x0001000000000000	VPMOVSWB	AVX512BW_256
5365	7395	1884	165	113	1	0x0002000000000000	VPMOVSWB	AVX512BW_512
5366	7396	1884	162	110	1	0x0000400000000000	VPMOVSWB	AVX512BW_128
5367	7397	1884	164	112	1	0x0001000000000000	VPMOVSWB	AVX512BW_256
5368	7398	1884	165	113	1	0x0002000000000000	VPMOVSWB	AVX512BW_512
5369	7421	1887	162	110	1	0x0000400000000000	VPMOVSXBW	AVX512BW_128
5370	7422	1887	162	110	1	0x0000400000000000	VPMOVSXBW	AVX512BW_128
5371	7423	1887	164	112	1	0x0001000000000000	VPMOVSXBW	AVX512BW_256
5372	7424	1887	164	112	1	0x0001000000000000	VPMOVSXBW	AVX512BW_256
5373	7427	1887	165	113	1	0x0002000000000000	VPMOVSXBW	AVX512BW_512
5374	7428	1887	165	113	1	0x0002000000000000	VPMOVSXBW	AVX512BW_512
5375	7357	1878	180	128	2	0x0000000000000001	VPMOVSDB	AVX512F_128
5376	7358	1878	182	130	2	0x0000000000000004	VPMOVSDB	AVX512F_256
5377	7359	1878	183	131	2	0x0000000000000008	VPMOVSDB	AVX512F_512
5378	7360	1878	180	128	2	0x0000000000000001	VPMOVSDB	AVX512F_128
5379	7361	1878	182	130	2	0x0000000000000004	VPMOVSDB	AVX512F_256
5380	7362	1878	183	131	2	0x0000000000000008	VPMOVSDB	AVX512F_512
5381	7401	1885	180	128	2	0x0000000000000001	VPMOVSXBD	AVX512F_128
5382	7402	1885	180	128	2	0x0000000000000001	VPMOVSXBD	AVX512F_128
5383	7403	1885	182	130	2	0x0000000000000004	VPMOVSXBD	AVX512F_256
5384	7404	1885	182	130	2	0x0000000000000004	VPMOVSXBD	AVX512F_256
5385	7407	1885	183	131	2	0x0000000000000008	VPMOVSXBD	AVX512F_512
5386	7408	1885	183	131	2	0x0000000000000008	VPMOVSXBD	AVX512F_512
5387	7369	1880	180	128	2	0x0000000000000001	VPMOVSQB	AVX512F_128
5388	7370	1880	182	130	2	0x0000000000000004	VPMOVSQB	AVX512F_256
5389	7371	1880	183	131	2	0x0000000000000008	VPMOVSQB	AVX512F_512
5390	7372	1880	180	128	2	0x0000000000000001	VPMOVSQB	AVX512F_128
5391	7373	1880	182	130	2	0x0000000000000004	VPMOVSQB	AVX512F_256
5392	7374	1880	183	131	2	0x0000000000000008	VPMOVSQB	AVX512F_512
5393	7411	1886	180	128	2	0x0000000000000001	VPMOVSXBQ	AVX512F_128
5394	7412	1886	180	128	2	0x0000000000000001	VPMOVSXBQ	AVX512F_128
5395	7413	1886	182	130	2	0x0000000000000004	VPMOVSXBQ	AVX512F_256
5396	7414	1886	182	130	2	0x0000000000000004	VPMOVSXBQ	AVX512F_256
5397	7417	1886	183	131	2	0x0000000000000008	VPMOVSXBQ	AVX512F_512
5398	7418	1886	183	131	2	0x0000000000000008	VPMOVSXBQ	AVX512F_512
5399	7363	1879	180	128	2	0x0000000000000001	VPMOVSDW	AVX512F_128
5400	7364	1879	182	130	2	0x0000000000000004	VPMOVSDW	AVX512F_256
5401	7365	1879	183	131	2	0x0000000000000008	VPMOVSDW	AVX512F_512
5402	7366	1879	180	128	2	0x0000000000000001	VPMOVSDW	AVX512F_128
5403	7367	1879	182	130	2	0x0000000000000004	VPMOVSDW	AVX512F_256
5404	7368	1879	183	131	2	0x0000000000000008	VPMOVSDW	AVX512F_512
5405	7441	1889	180	128	2	0x0000000000000001	VPMOVSXWD	AVX512F_128
5406	7442	1889	180	128	2	0x0000000000000001	VPMOVSXWD	AVX512F_128
5407	7443	1889	182	130	2	0x0000000000000004	VPMOVSXWD	AVX512F_256
5408	7444	1889	182	130	2	0x0000000000000004	VPMOVSXWD	AVX512F_256
5409	7447	1889	183	131	2	0x0000000000000008	VPMOVSXWD	AVX512F_512
5410	7448	1889	183	131	2	0x0000000000000008	VPMOVSXWD	AVX512F_512
5411	7381	1882	180	128	2	0x0000000000000001	VPMOVSQW	AVX512F_128
5412	7382	1882	182	130	2	0x0000000000000004	VPMOVSQW	AVX512F_256
5413	7383	1882	183	131	2	0x0000000000000008	VPMOVSQW	AVX512F_512
5414	7384	1882	180	128	2	0x0000000000000001	VPMOVSQW	AVX512F_128
5415	7385	1882	182	130	2	0x0000000000000004	VPMOVSQW	AVX512F_256
5416	7386	1882	183	131	2	0x0000000000000008	VPMOVSQW	AVX512F_512
5417	7451	1890	180	128	2	0x0000000000000001	VPMOVSXWQ	AVX512F_128
5418	7452	1890	180	128	2	0x0000000000000001	VPMOVSXWQ	AVX512F_128
5419	7453	1890	182	130	2	0x0000000000000004	VPMOVSXWQ	AVX512F_256
5420	7454	1890	182	130	2	0x0000000000000004	VPMOVSXWQ	AVX512F_256
5421	7457	1890	183	131	2	0x0000000000000008	VPMOVSXWQ	AVX512F_512
5422	7458	1890	183	131	2	0x0000000000000008	VPMOVSXWQ	AVX512F_512
5423	7375	1881	180	128	2	0x0000000000000001	VPMOVSQD	AVX512F_128
5424	7376	1881	182	130	2	0x0000000000000004	VPMOVSQD	AVX512F_256
5425	7377	1881	183	131	2	0x0000000000000008	VPMOVSQD	AVX512F_512
5426	7378	1881	180	128	2	0x0000000000000001	VPMOVSQD	AVX512F_128
5427	7379	1881	182	130	2	0x0000000000000004	VPMOVSQD	AVX512F_256
5428	7380	1881	183	131	2	0x0000000000000008	VPMOVSQD	AVX512F_512
5429	7431	1888	180	128	2	0x0000000000000001	VPMOVSXDQ	AVX512F_128
5430	7432	1888	180	128	2	0x0000000000000001	VPMOVSXDQ	AVX512F_128
5431	7433	1888	182	130	2	0x0000000000000004	VPMOVSXDQ	AVX512F_256
5432	7434	1888	182	130	2	0x0000000000000004	VPMOVSXDQ	AVX512F_256
5433	7437	1888	183	131	2	0x0000000000000008	VPMOVSXDQ	AVX512F_512
5434	7438	1888	183	131	2	0x0000000000000008	VPMOVSXDQ	AVX512F_512
5435	8271	1918	162	110	1	0x0000400000000000	VPTESTMB	AVX512BW_128
5436	8272	1918	162	110	1	0x0000400000000000	VPTESTMB	AVX512BW_128
5437	8273	1918	164	112	1	0x0001000000000000	VPTESTMB	AVX512BW_256
5438	8274	1918	164	112	1	0x0001000000000000	VPTESTMB	AVX512BW_256
5439	8275	1918	165	113	1	0x0002000000000000	VPTESTMB	AVX512BW_512
5440	8276	1918	165	113	1	0x0002000000000000	VPTESTMB	AVX512BW_512
5441	8289	1921	162	110	1	0x0000400000000000	VPTESTMW	AVX512BW_128
5442	8290	1921	162	110	1	0x0000400000000000	VPTESTMW	AVX512BW_128
5443	8291	1921	164	112	1	0x0001000000000000	VPTESTMW	AVX512BW_256
5444	8292	1921	164	112	1	0x0001000000000000	VPTESTMW	AVX512BW_256
5445	8293	1921	165	113	1	0x0002000000000000	VPTESTMW	AVX512BW_512
5446	8294	1921	165	113	1	0x0002000000000000	VPTESTMW	AVX512BW_512
5447	8295	1922	162	110	1	0x0000400000000000	VPTESTNMB	AVX512BW_128
5448	8296	1922	162	110	1	0x0000400000000000	VPTESTNMB	AVX512BW_128
5449	8297	1922	164	112	1	0x0001000000000000	VPTESTNMB	AVX512BW_256
5450	8298	1922	164	112	1	0x0001000000000000	VPTESTNMB	AVX512BW_256
5451	8299	1922	165	113	1	0x0002000000000000	VPTESTNMB	AVX512BW_512
5452	8300	1922	165	113	1	0x0002000000000000	VPTESTNMB	AVX512BW_512
5453	8313	1925	162	110	1	0x0000400000000000	VPTESTNMW	AVX512BW_128
5454	8314	1925	162	110	1	0x0000400000000000	VPTESTNMW	AVX512BW_128
5455	8315	1925	164	112	1	0x0001000000000000	VPTESTNMW	AVX512BW_256
5456	8316	1925	164	112	1	0x0001000000000000	VPTESTNMW	AVX512BW_256
5457	8317	1925	165	113	1	0x0002000000000000	VPTESTNMW	AVX512BW_512
5458	8318	1925	165	113	1	0x0002000000000000	VPTESTNMW	AVX512BW_512
5459	8277	1919	180	128	2	0x0000000000000001	VPTESTMD	AVX512F_128
5460	8278	1919	180	128	2	0x0000000000000001	VPTESTMD	AVX512F_128
5461	8279	1919	182	130	2	0x0000000000000004	VPTESTMD	AVX512F_256
5462	8280	1919	182	130	2	0x0000000000000004	VPTESTMD	AVX512F_256
5463	8281	1919	183	131	2	0x0000000000000008	VPTESTMD	AVX512F_512
5464	8282	1919	183	131	2	0x0000000000000008	VPTESTMD	AVX512F_512
5465	8283	1920	180	128	2	0x0000000000000001	VPTESTMQ	AVX512F_128
5466	8284	1920	180	128	2	0x0000000000000001	VPTESTMQ	AVX512F_128
5467	8285	1920	182	130	2	0x0000000000000004	VPTESTMQ	AVX512F_256
5468	8286	1920	182	130	2	0x0000000000000004	VPTESTMQ	AVX512F_256
5469	8287	1920	183	131	2	0x0000000000000008	VPTESTMQ	AVX512F_512
5470	8288	1920	183	131	2	0x0000000000000008	VPTESTMQ	AVX512F_512
5471	8301	1923	180	128	2	0x0000000000000001	VPTESTNMD	AVX512F_128
5472	8302	1923	180	128	2	0x0000000000000001	VPTESTNMD	AVX512F_128
5473	8303	1923	182	130	2	0x0000000000000004	VPTESTNMD	AVX512F_256
5474	8304	1923	182	130	2	0x0000000000000004	VPTESTNMD	AVX512F_256
5475	8305	1923	183	131	2	0x0000000000000008	VPTESTNMD	AVX512F_512
5476	8306	1923	183	131	2	0x0000000000000008	VPTESTNMD	AVX512F_512
5477	8307	1924	180	128	2	0x0000000000000001	VPTESTNMQ	AVX512F_128
5478	8308	1924	180	128	2	0x0000000000000001	VPTESTNMQ	AVX512F_128
5479	8309	1924	182	130	2	0x0000000000000004	VPTESTNMQ	AVX512F_256
5480	8310	1924	182	130	2	0x0000000000000004	VPTESTNMQ	AVX512F_256
5481	8311	1924	183	131	2	0x0000000000000008	VPTESTNMQ	AVX512F_512
5482	8312	1924	183	131	2	0x0000000000000008	VPTESTNMQ	AVX512F_512
5483	7322	1869	162	110	1	0x0000400000000000	VPMOVM2B	AVX512BW_128
5484	7323	1869	164	112	1	0x0001000000000000	VPMOVM2B	AVX512BW_256
5485	7324	1869	165	113	1	0x0002000000000000	VPMOVM2B	AVX512BW_512
5486	7331	1872	162	110	1	0x0000400000000000	VPMOVM2W	AVX512BW_128
5487	7332	1872	164	112	1	0x0001000000000000	VPMOVM2W	AVX512BW_256
5488	7333	1872	165	113	1	0x0002000000000000	VPMOVM2W	AVX512BW_512
5489	7566	1019	180	128	2	0x0000000000000001	VPMULDQ	AVX512F_128
5490	7567	1019	180	128	2	0x0000000000000001	VPMULDQ	AVX512F_128
5491	7568	1019	182	130	2	0x0000000000000004	VPMULDQ	AVX512F_256
5492	7569	1019	182	130	2	0x0000000000000004	VPMULDQ	AVX512F_256
5493	7572	1019	183	131	2	0x0000000000000008	VPMULDQ	AVX512F_512
5494	7573	1019	183	131	2	0x0000000000000008	VPMULDQ	AVX512F_512
5495	6448	1818	180	128	2	0x0000000000000001	VPCMPEQQ	AVX512F_128
5496	6449	1818	180	128	2	0x0000000000000001	VPCMPEQQ	AVX512F_128
5497	6450	1818	182	130	2	0x0000000000000004	VPCMPEQQ	AVX512F_256
5498	6451	1818	182	130	2	0x0000000000000004	VPCMPEQQ	AVX512F_256
5499	6452	1818	183	131	2	0x0000000000000008	VPCMPEQQ	AVX512F_512
5500	6453	1818	183	131	2	0x0000000000000008	VPCMPEQQ	AVX512F_512
5501	7304	1865	162	110	1	0x0000400000000000	VPMOVB2M	AVX512BW_128
5502	7305	1865	164	112	1	0x0001000000000000	VPMOVB2M	AVX512BW_256
5503	7306	1865	165	113	1	0x0002000000000000	VPMOVB2M	AVX512BW_512
5504	7495	1897	162	110	1	0x0000400000000000	VPMOVW2M	AVX512BW_128
5505	7496	1897	164	112	1	0x0001000000000000	VPMOVW2M	AVX512BW_256
5506	7497	1897	165	113	1	0x0002000000000000	VPMOVW2M	AVX512BW_512
5507	5865	1782	180	128	2	0x0000000000000001	VMOVNTDQA	AVX512F_128
5508	5867	1782	182	130	2	0x0000000000000004	VMOVNTDQA	AVX512F_256
5509	5868	1782	183	131	2	0x0000000000000008	VMOVNTDQA	AVX512F_512
5510	6368	1093	168	116	1	0x0010000000000000	VPBROADCASTMB2Q	AVX512CD_128
5511	6369	1093	169	117	1	0x0020000000000000	VPBROADCASTMB2Q	AVX512CD_256
5512	6370	1093	170	118	1	0x0040000000000000	VPBROADCASTMB2Q	AVX512CD_512
5513	6146	1805	162	110	1	0x0000400000000000	VPACKUSDW	AVX512BW_128
5514	6147	1805	162	110	1	0x0000400000000000	VPACKUSDW	AVX512BW_128
5515	6150	1805	164	112	1	0x0001000000000000	VPACKUSDW	AVX512BW_256
5516	6151	1805	164	112	1	0x0001000000000000	VPACKUSDW	AVX512BW_256
5517	6152	1805	165	113	1	0x0002000000000000	VPACKUSDW	AVX512BW_512
5518	6153	1805	165	113	1	0x0002000000000000	VPACKUSDW	AVX512BW_512
5519	8601	1979	180	128	2	0x0000000000000001	VSCALEFPD	AVX512F_128
5520	8602	1979	180	128	2	0x0000000000000001	VSCALEFPD	AVX512F_128
5521	8603	1979	182	130	2	0x0000000000000004	VSCALEFPD	AVX512F_256
5522	8604	1979	182	130	2	0x0000000000000004	VSCALEFPD	AVX512F_256
5523	8605	1979	183	131	2	0x0000000000000008	VSCALEFPD	AVX512F_512
5524	8606	1979	183	131	2	0x0000000000000008	VSCALEFPD	AVX512F_512
5525	8606	1979	183	131	2	0x0000000000000008	VSCALEFPD	AVX512F_512
5526	8613	1981	180	128	2	0x0000000000000001	VSCALEFPS	AVX512F_128
5527	8614	1981	180	128	2	0x0000000000000001	VSCALEFPS	AVX512F_128
5528	8615	1981	182	130	2	0x0000000000000004	VSCALEFPS	AVX512F_256
5529	8616	1981	182	130	2	0x0000000000000004	VSCALEFPS	AVX512F_256
5530	8617	1981	183	131	2	0x0000000000000008	VSCALEFPS	AVX512F_512
5531	8618	1981	183	131	2	0x0000000000000008	VSCALEFPS	AVX512F_512
5532	8618	1981	183	131	2	0x0000000000000008	VSCALEFPS	AVX512F_512
5533	8619	1982	185	133	2	0x0000000000000020	VSCALEFSD	AVX512F_SCALAR
5534	8620	1982	185	133	2	0x0000000000000020	VSCALEFSD	AVX512F_SCALAR
5535	8620	1982	185	133	2	0x0000000000000020	VSCALEFSD	AVX512F_SCALAR
5536	8623	1984	185	133	2	0x0000000000000020	VSCALEFSS	AVX512F_SCALAR
5537	8624	1984	185	133	2	0x0000000000000020	VSCALEFSS	AVX512F_SCALAR
5538	8624	1984	185	133	2	0x0000000000000020	VSCALEFSS	AVX512F_SCALAR
5539	7498	1898	162	110	1	0x0000400000000000	VPMOVWB	AVX512BW_128
5540	7499	1898	164	112	1	0x0001000000000000	VPMOVWB	AVX512BW_256
5541	7500	1898	165	113	1	0x0002000000000000	VPMOVWB	AVX512BW_512
5542	7501	1898	162	110	1	0x0000400000000000	VPMOVWB	AVX512BW_128
5543	7502	1898	164	112	1	0x0001000000000000	VPMOVWB	AVX512BW_256
5544	7503	1898	165	113	1	0x0002000000000000	VPMOVWB	AVX512BW_512
5545	7526	1901	162	110	1	0x0000400000000000	VPMOVZXBW	AVX512BW_128
5546	7527	1901	162	110	1	0x0000400000000000	VPMOVZXBW	AVX512BW_128
5547	7528	1901	164	112	1	0x0001000000000000	VPMOVZXBW	AVX512BW_256
5548	7529	1901	164	112	1	0x0001000000000000	VPMOVZXBW	AVX512BW_256
5549	7532	1901	165	113	1	0x0002000000000000	VPMOVZXBW	AVX512BW_512
5550	7533	1901	165	113	1	0x0002000000000000	VPMOVZXBW	AVX512BW_512
5551	7310	1867	180	128	2	0x0000000000000001	VPMOVDB	AVX512F_128
5552	7311	1867	182	130	2	0x0000000000000004	VPMOVDB	AVX512F_256
5553	7312	1867	183	131	2	0x0000000000000008	VPMOVDB	AVX512F_512
5554	7313	1867	180	128	2	0x0000000000000001	VPMOVDB	AVX512F_128
5555	7314	1867	182	130	2	0x0000000000000004	VPMOVDB	AVX512F_256
5556	7315	1867	183	131	2	0x0000000000000008	VPMOVDB	AVX512F_512
5557	7506	1899	180	128	2	0x0000000000000001	VPMOVZXBD	AVX512F_128
5558	7507	1899	180	128	2	0x0000000000000001	VPMOVZXBD	AVX512F_128
5559	7508	1899	182	130	2	0x0000000000000004	VPMOVZXBD	AVX512F_256
5560	7509	1899	182	130	2	0x0000000000000004	VPMOVZXBD	AVX512F_256
5561	7512	1899	183	131	2	0x0000000000000008	VPMOVZXBD	AVX512F_512
5562	7513	1899	183	131	2	0x0000000000000008	VPMOVZXBD	AVX512F_512
5563	7339	1875	180	128	2	0x0000000000000001	VPMOVQB	AVX512F_128
5564	7340	1875	182	130	2	0x0000000000000004	VPMOVQB	AVX512F_256
5565	7341	1875	183	131	2	0x0000000000000008	VPMOVQB	AVX512F_512
5566	7342	1875	180	128	2	0x0000000000000001	VPMOVQB	AVX512F_128
5567	7343	1875	182	130	2	0x0000000000000004	VPMOVQB	AVX512F_256
5568	7344	1875	183	131	2	0x0000000000000008	VPMOVQB	AVX512F_512
5569	7516	1900	180	128	2	0x0000000000000001	VPMOVZXBQ	AVX512F_128
5570	7517	1900	180	128	2	0x0000000000000001	VPMOVZXBQ	AVX512F_128
5571	7518	1900	182	130	2	0x0000000000000004	VPMOVZXBQ	AVX512F_256
5572	7519	1900	182	130	2	0x0000000000000004	VPMOVZXBQ	AVX512F_256
5573	7522	1900	183	131	2	0x0000000000000008	VPMOVZXBQ	AVX512F_512
5574	7523	1900	183	131	2	0x0000000000000008	VPMOVZXBQ	AVX512F_512
5575	7316	1868	180	128	2	0x0000000000000001	VPMOVDW	AVX512F_128
5576	7317	1868	182	130	2	0x0000000000000004	VPMOVDW	AVX512F_256
5577	7318	1868	183	131	2	0x0000000000000008	VPMOVDW	AVX512F_512
5578	7319	1868	180	128	2	0x0000000000000001	VPMOVDW	AVX512F_128
5579	7320	1868	182	130	2	0x0000000000000004	VPMOVDW	AVX512F_256
5580	7321	1868	183	131	2	0x0000000000000008	VPMOVDW	AVX512F_512
5581	7546	1903	180	128	2	0x0000000000000001	VPMOVZXWD	AVX512F_128
5582	7547	1903	180	128	2	0x0000000000000001	VPMOVZXWD	AVX512F_128
5583	7548	1903	182	130	2	0x0000000000000004	VPMOVZXWD	AVX512F_256
5584	7549	1903	182	130	2	0x0000000000000004	VPMOVZXWD	AVX512F_256
5585	7552	1903	183	131	2	0x0000000000000008	VPMOVZXWD	AVX512F_512
5586	7553	1903	183	131	2	0x0000000000000008	VPMOVZXWD	AVX512F_512
5587	7351	1877	180	128	2	0x0000000000000001	VPMOVQW	AVX512F_128
5588	7352	1877	182	130	2	0x0000000000000004	VPMOVQW	AVX512F_256
5589	7353	1877	183	131	2	0x0000000000000008	VPMOVQW	AVX512F_512
5590	7354	1877	180	128	2	0x0000000000000001	VPMOVQW	AVX512F_128
5591	7355	1877	182	130	2	0x0000000000000004	VPMOVQW	AVX512F_256
5592	7356	1877	183	131	2	0x0000000000000008	VPMOVQW	AVX512F_512
5593	7556	1904	180	128	2	0x0000000000000001	VPMOVZXWQ	AVX512F_128
5594	7557	1904	180	128	2	0x0000000000000001	VPMOVZXWQ	AVX512F_128
5595	7558	1904	182	130	2	0x0000000000000004	VPMOVZXWQ	AVX512F_256
5596	7559	1904	182	130	2	0x0000000000000004	VPMOVZXWQ	AVX512F_256
5597	7562	1904	183	131	2	0x0000000000000008	VPMOVZXWQ	AVX512F_512
5598	7563	1904	183	131	2	0x0000000000000008	VPMOVZXWQ	AVX512F_512
5599	7345	1876	180	128	2	0x0000000000000001	VPMOVQD	AVX512F_128
5600	7346	1876	182	130	2	0x0000000000000004	VPMOVQD	AVX512F_256
5601	7347	1876	183	131	2	0x0000000000000008	VPMOVQD	AVX512F_512
5602	7348	1876	180	128	2	0x0000000000000001	VPMOVQD	AVX512F_128
5603	7349	1876	182	130	2	0x0000000000000004	VPMOVQD	AVX512F_256
5604	7350	1876	183	131	2	0x0000000000000008	VPMOVQD	AVX512F_512
5605	7536	1902	180	128	2	0x0000000000000001	VPMOVZXDQ	AVX512F_128
5606	7537	1902	180	128	2	0x0000000000000001	VPMOVZXDQ	AVX512F_128
5607	7538	1902	182	130	2	0x0000000000000004	VPMOVZXDQ	AVX512F_256
5608	7539	1902	182	130	2	0x0000000000000004	VPMOVZXDQ	AVX512F_256
5609	7542	1902	183	131	2	0x0000000000000008	VPMOVZXDQ	AVX512F_512
5610	7543	1902	183	131	2	0x0000000000000008	VPMOVZXDQ	AVX512F_512
5611	6782	1829	182	130	2	0x0000000000000004	VPERMD	AVX512F_256
5612	6783	1829	182	130	2	0x0000000000000004	VPERMD	AVX512F_256
5613	6784	1829	183	131	2	0x0000000000000008	VPERMD	AVX512F_512
5614	6785	1829	183	131	2	0x0000000000000008	VPERMD	AVX512F_512
5615	6894	1838	182	130	2	0x0000000000000004	VPERMQ	AVX512F_256
5616	6895	1838	182	130	2	0x0000000000000004	VPERMQ	AVX512F_256
5617	6898	1838	183	131	2	0x0000000000000008	VPERMQ	AVX512F_512
5618	6899	1838	183	131	2	0x0000000000000008	VPERMQ	AVX512F_512
5619	6496	1823	180	128	2	0x0000000000000001	VPCMPGTQ	AVX512F_128
5620	6497	1823	180	128	2	0x0000000000000001	VPCMPGTQ	AVX512F_128
5621	6498	1823	182	130	2	0x0000000000000004	VPCMPGTQ	AVX512F_256
5622	6499	1823	182	130	2	0x0000000000000004	VPCMPGTQ	AVX512F_256
5623	6500	1823	183	131	2	0x0000000000000008	VPCMPGTQ	AVX512F_512
5624	6501	1823	183	131	2	0x0000000000000008	VPCMPGTQ	AVX512F_512
5625	7234	1002	162	110	1	0x0000400000000000	VPMINSB	AVX512BW_128
5626	7235	1002	162	110	1	0x0000400000000000	VPMINSB	AVX512BW_128
5627	7236	1002	164	112	1	0x0001000000000000	VPMINSB	AVX512BW_256
5628	7237	1002	164	112	1	0x0001000000000000	VPMINSB	AVX512BW_256
5629	7240	1002	165	113	1	0x0002000000000000	VPMINSB	AVX512BW_512
5630	7241	1002	165	113	1	0x0002000000000000	VPMINSB	AVX512BW_512
5631	7325	1870	171	119	1	0x0080000000000000	VPMOVM2D	AVX512DQ_128
5632	7326	1870	173	121	1	0x0200000000000000	VPMOVM2D	AVX512DQ_256
5633	7327	1870	174	122	1	0x0400000000000000	VPMOVM2D	AVX512DQ_512
5634	7328	1871	171	119	1	0x0080000000000000	VPMOVM2Q	AVX512DQ_128
5635	7329	1871	173	121	1	0x0200000000000000	VPMOVM2Q	AVX512DQ_256
5636	7330	1871	174	122	1	0x0400000000000000	VPMOVM2Q	AVX512DQ_512
5637	7244	1003	180	128	2	0x0000000000000001	VPMINSD	AVX512F_128
5638	7245	1003	180	128	2	0x0000000000000001	VPMINSD	AVX512F_128
5639	7246	1003	182	130	2	0x0000000000000004	VPMINSD	AVX512F_256
5640	7247	1003	182	130	2	0x0000000000000004	VPMINSD	AVX512F_256
5641	7250	1003	183	131	2	0x0000000000000008	VPMINSD	AVX512F_512
5642	7251	1003	183	131	2	0x0000000000000008	VPMINSD	AVX512F_512
5643	7252	1004	180	128	2	0x0000000000000001	VPMINSQ	AVX512F_128
5644	7253	1004	180	128	2	0x0000000000000001	VPMINSQ	AVX512F_128
5645	7254	1004	182	130	2	0x0000000000000004	VPMINSQ	AVX512F_256
5646	7255	1004	182	130	2	0x0000000000000004	VPMINSQ	AVX512F_256
5647	7256	1004	183	131	2	0x0000000000000008	VPMINSQ	AVX512F_512
5648	7257	1004	183	131	2	0x0000000000000008	VPMINSQ	AVX512F_512
5649	7307	1866	171	119	1	0x0080000000000000	VPMOVD2M	AVX512DQ_128
5650	7308	1866	173	121	1	0x0200000000000000	VPMOVD2M	AVX512DQ_256
5651	7309	1866	174	122	1	0x0400000000000000	VPMOVD2M	AVX512DQ_512
5652	7336	1874	171	119	1	0x0080000000000000	VPMOVQ2M	AVX512DQ_128
5653	7337	1874	173	121	1	0x0200000000000000	VPMOVQ2M	AVX512DQ_256
5654	7338	1874	174	122	1	0x0400000000000000	VPMOVQ2M	AVX512DQ_512
5655	6371	1094	168	116	1	0x0010000000000000	VPBROADCASTMW2D	AVX512CD_128
5656	6372	1094	169	117	1	0x0020000000000000	VPBROADCASTMW2D	AVX512CD_256
5657	6373	1094	170	118	1	0x0040000000000000	VPBROADCASTMW2D	AVX512CD_512
5658	7296	1005	162	110	1	0x0000400000000000	VPMINUW	AVX512BW_128
5659	7297	1005	162	110	1	0x0000400000000000	VPMINUW	AVX512BW_128
5660	7300	1005	164	112	1	0x0001000000000000	VPMINUW	AVX512BW_256
5661	7301	1005	164	112	1	0x0001000000000000	VPMINUW	AVX512BW_256
5662	7302	1005	165	113	1	0x0002000000000000	VPMINUW	AVX512BW_512
5663	7303	1005	165	113	1	0x0002000000000000	VPMINUW	AVX512BW_512
5664	7280	1006	180	128	2	0x0000000000000001	VPMINUD	AVX512F_128
5665	7281	1006	180	128	2	0x0000000000000001	VPMINUD	AVX512F_128
5666	7284	1006	182	130	2	0x0000000000000004	VPMINUD	AVX512F_256
5667	7285	1006	182	130	2	0x0000000000000004	VPMINUD	AVX512F_256
5668	7286	1006	183	131	2	0x0000000000000008	VPMINUD	AVX512F_512
5669	7287	1006	183	131	2	0x0000000000000008	VPMINUD	AVX512F_512
5670	7288	1007	180	128	2	0x0000000000000001	VPMINUQ	AVX512F_128
5671	7289	1007	180	128	2	0x0000000000000001	VPMINUQ	AVX512F_128
5672	7290	1007	182	130	2	0x0000000000000004	VPMINUQ	AVX512F_256
5673	7291	1007	182	130	2	0x0000000000000004	VPMINUQ	AVX512F_256
5674	7292	1007	183	131	2	0x0000000000000008	VPMINUQ	AVX512F_512
5675	7293	1007	183	131	2	0x0000000000000008	VPMINUQ	AVX512F_512
5676	7162	1008	162	110	1	0x0000400000000000	VPMAXSB	AVX512BW_128
5677	7163	1008	162	110	1	0x0000400000000000	VPMAXSB	AVX512BW_128
5678	7164	1008	164	112	1	0x0001000000000000	VPMAXSB	AVX512BW_256
5679	7165	1008	164	112	1	0x0001000000000000	VPMAXSB	AVX512BW_256
5680	7168	1008	165	113	1	0x0002000000000000	VPMAXSB	AVX512BW_512
5681	7169	1008	165	113	1	0x0002000000000000	VPMAXSB	AVX512BW_512
5682	7172	1009	180	128	2	0x0000000000000001	VPMAXSD	AVX512F_128
5683	7173	1009	180	128	2	0x0000000000000001	VPMAXSD	AVX512F_128
5684	7174	1009	182	130	2	0x0000000000000004	VPMAXSD	AVX512F_256
5685	7175	1009	182	130	2	0x0000000000000004	VPMAXSD	AVX512F_256
5686	7178	1009	183	131	2	0x0000000000000008	VPMAXSD	AVX512F_512
5687	7179	1009	183	131	2	0x0000000000000008	VPMAXSD	AVX512F_512
5688	7180	1010	180	128	2	0x0000000000000001	VPMAXSQ	AVX512F_128
5689	7181	1010	180	128	2	0x0000000000000001	VPMAXSQ	AVX512F_128
5690	7182	1010	182	130	2	0x0000000000000004	VPMAXSQ	AVX512F_256
5691	7183	1010	182	130	2	0x0000000000000004	VPMAXSQ	AVX512F_256
5692	7184	1010	183	131	2	0x0000000000000008	VPMAXSQ	AVX512F_512
5693	7185	1010	183	131	2	0x0000000000000008	VPMAXSQ	AVX512F_512
5694	7224	1011	162	110	1	0x0000400000000000	VPMAXUW	AVX512BW_128
5695	7225	1011	162	110	1	0x0000400000000000	VPMAXUW	AVX512BW_128
5696	7228	1011	164	112	1	0x0001000000000000	VPMAXUW	AVX512BW_256
5697	7229	1011	164	112	1	0x0001000000000000	VPMAXUW	AVX512BW_256
5698	7230	1011	165	113	1	0x0002000000000000	VPMAXUW	AVX512BW_512
5699	7231	1011	165	113	1	0x0002000000000000	VPMAXUW	AVX512BW_512
5700	7208	1012	180	128	2	0x0000000000000001	VPMAXUD	AVX512F_128
5701	7209	1012	180	128	2	0x0000000000000001	VPMAXUD	AVX512F_128
5702	7212	1012	182	130	2	0x0000000000000004	VPMAXUD	AVX512F_256
5703	7213	1012	182	130	2	0x0000000000000004	VPMAXUD	AVX512F_256
5704	7214	1012	183	131	2	0x0000000000000008	VPMAXUD	AVX512F_512
5705	7215	1012	183	131	2	0x0000000000000008	VPMAXUD	AVX512F_512
5706	7216	1013	180	128	2	0x0000000000000001	VPMAXUQ	AVX512F_128
5707	7217	1013	180	128	2	0x0000000000000001	VPMAXUQ	AVX512F_128
5708	7218	1013	182	130	2	0x0000000000000004	VPMAXUQ	AVX512F_256
5709	7219	1013	182	130	2	0x0000000000000004	VPMAXUQ	AVX512F_256
5710	7220	1013	183	131	2	0x0000000000000008	VPMAXUQ	AVX512F_512
5711	7221	1013	183	131	2	0x0000000000000008	VPMAXUQ	AVX512F_512
5712	7606	1014	180	128	2	0x0000000000000001	VPMULLD	AVX512F_128
5713	7607	1014	180	128	2	0x0000000000000001	VPMULLD	AVX512F_128
5714	7610	1014	182	130	2	0x0000000000000004	VPMULLD	AVX512F_256
5715	7611	1014	182	130	2	0x0000000000000004	VPMULLD	AVX512F_256
5716	7612	1014	183	131	2	0x0000000000000008	VPMULLD	AVX512F_512
5717	7613	1014	183	131	2	0x0000000000000008	VPMULLD	AVX512F_512
5718	7614	1015	171	119	1	0x0080000000000000	VPMULLQ	AVX512DQ_128
5719	7615	1015	171	119	1	0x0080000000000000	VPMULLQ	AVX512DQ_128
5720	7616	1015	173	121	1	0x0200000000000000	VPMULLQ	AVX512DQ_256
5721	7617	1015	173	121	1	0x0200000000000000	VPMULLQ	AVX512DQ_256
5722	7618	1015	174	122	1	0x0400000000000000	VPMULLQ	AVX512DQ_512
5723	7619	1015	174	122	1	0x0400000000000000	VPMULLQ	AVX512DQ_512
5724	7387	1883	158	106	1	0x0000040000000000	VPMOVSSDB	AVX10_V2_AUX_128
5725	7388	1883	159	107	1	0x0000080000000000	VPMOVSSDB	AVX10_V2_AUX_256
5726	7389	1883	160	108	1	0x0000100000000000	VPMOVSSDB	AVX10_V2_AUX_512
5727	7390	1883	158	106	1	0x0000040000000000	VPMOVSSDB	AVX10_V2_AUX_128
5728	7391	1883	159	107	1	0x0000080000000000	VPMOVSSDB	AVX10_V2_AUX_256
5729	7392	1883	160	108	1	0x0000100000000000	VPMOVSSDB	AVX10_V2_AUX_512
5730	5451	1123	180	128	2	0x0000000000000001	VGETEXPPD	AVX512F_128
5731	5452	1123	180	128	2	0x0000000000000001	VGETEXPPD	AVX512F_128
5732	5453	1123	182	130	2	0x0000000000000004	VGETEXPPD	AVX512F_256
5733	5454	1123	182	130	2	0x0000000000000004	VGETEXPPD	AVX512F_256
5734	5455	1123	183	131	2	0x0000000000000008	VGETEXPPD	AVX512F_512
5735	5456	1123	183	131	2	0x0000000000000008	VGETEXPPD	AVX512F_512
5736	5456	1123	183	131	2	0x0000000000000008	VGETEXPPD	AVX512F_512
5737	5463	1122	180	128	2	0x0000000000000001	VGETEXPPS	AVX512F_128
5738	5464	1122	180	128	2	0x0000000000000001	VGETEXPPS	AVX512F_128
5739	5465	1122	182	130	2	0x0000000000000004	VGETEXPPS	AVX512F_256
5740	5466	1122	182	130	2	0x0000000000000004	VGETEXPPS	AVX512F_256
5741	5467	1122	183	131	2	0x0000000000000008	VGETEXPPS	AVX512F_512
5742	5468	1122	183	131	2	0x0000000000000008	VGETEXPPS	AVX512F_512
5743	5468	1122	183	131	2	0x0000000000000008	VGETEXPPS	AVX512F_512
5744	5469	1125	185	133	2	0x0000000000000020	VGETEXPSD	AVX512F_SCALAR
5745	5470	1125	185	133	2	0x0000000000000020	VGETEXPSD	AVX512F_SCALAR
5746	5470	1125	185	133	2	0x0000000000000020	VGETEXPSD	AVX512F_SCALAR
5747	5473	1124	185	133	2	0x0000000000000020	VGETEXPSS	AVX512F_SCALAR
5748	5474	1124	185	133	2	0x0000000000000020	VGETEXPSS	AVX512F_SCALAR
5749	5474	1124	185	133	2	0x0000000000000020	VGETEXPSS	AVX512F_SCALAR
5750	7076	1091	168	116	1	0x0010000000000000	VPLZCNTD	AVX512CD_128
5751	7077	1091	168	116	1	0x0010000000000000	VPLZCNTD	AVX512CD_128
5752	7078	1091	169	117	1	0x0020000000000000	VPLZCNTD	AVX512CD_256
5753	7079	1091	169	117	1	0x0020000000000000	VPLZCNTD	AVX512CD_256
5754	7080	1091	170	118	1	0x0040000000000000	VPLZCNTD	AVX512CD_512
5755	7081	1091	170	118	1	0x0040000000000000	VPLZCNTD	AVX512CD_512
5756	7082	1092	168	116	1	0x0010000000000000	VPLZCNTQ	AVX512CD_128
5757	7083	1092	168	116	1	0x0010000000000000	VPLZCNTQ	AVX512CD_128
5758	7084	1092	169	117	1	0x0020000000000000	VPLZCNTQ	AVX512CD_256
5759	7085	1092	169	117	1	0x0020000000000000	VPLZCNTQ	AVX512CD_256
5760	7086	1092	170	118	1	0x0040000000000000	VPLZCNTQ	AVX512CD_512
5761	7087	1092	170	118	1	0x0040000000000000	VPLZCNTQ	AVX512CD_512
5762	8137	1039	180	128	2	0x0000000000000001	VPSRLVD	AVX512F_128
5763	8138	1039	180	128	2	0x0000000000000001	VPSRLVD	AVX512F_128
5764	8141	1039	182	130	2	0x0000000000000004	VPSRLVD	AVX512F_256
5765	8142	1039	182	130	2	0x0000000000000004	VPSRLVD	AVX512F_256
5766	8143	1039	183	131	2	0x0000000000000008	VPSRLVD	AVX512F_512
5767	8144	1039	183	131	2	0x0000000000000008	VPSRLVD	AVX512F_512
5768	8147	1040	180	128	2	0x0000000000000001	VPSRLVQ	AVX512F_128
5769	8148	1040	180	128	2	0x0000000000000001	VPSRLVQ	AVX512F_128
5770	8151	1040	182	130	2	0x0000000000000004	VPSRLVQ	AVX512F_256
5771	8152	1040	182	130	2	0x0000000000000004	VPSRLVQ	AVX512F_256
5772	8153	1040	183	131	2	0x0000000000000008	VPSRLVQ	AVX512F_512
5773	8154	1040	183	131	2	0x0000000000000008	VPSRLVQ	AVX512F_512
5774	8053	1041	180	128	2	0x0000000000000001	VPSRAVD	AVX512F_128
5775	8054	1041	180	128	2	0x0000000000000001	VPSRAVD	AVX512F_128
5776	8057	1041	182	130	2	0x0000000000000004	VPSRAVD	AVX512F_256
5777	8058	1041	182	130	2	0x0000000000000004	VPSRAVD	AVX512F_256
5778	8059	1041	183	131	2	0x0000000000000008	VPSRAVD	AVX512F_512
5779	8060	1041	183	131	2	0x0000000000000008	VPSRAVD	AVX512F_512
5780	8061	1042	180	128	2	0x0000000000000001	VPSRAVQ	AVX512F_128
5781	8062	1042	180	128	2	0x0000000000000001	VPSRAVQ	AVX512F_128
5782	8063	1042	182	130	2	0x0000000000000004	VPSRAVQ	AVX512F_256
5783	8064	1042	182	130	2	0x0000000000000004	VPSRAVQ	AVX512F_256
5784	8065	1042	183	131	2	0x0000000000000008	VPSRAVQ	AVX512F_512
5785	8066	1042	183	131	2	0x0000000000000008	VPSRAVQ	AVX512F_512
5786	7979	1037	180	128	2	0x0000000000000001	VPSLLVD	AVX512F_128
5787	7980	1037	180	128	2	0x0000000000000001	VPSLLVD	AVX512F_128
5788	7983	1037	182	130	2	0x0000000000000004	VPSLLVD	AVX512F_256
5789	7984	1037	182	130	2	0x0000000000000004	VPSLLVD	AVX512F_256
5790	7985	1037	183	131	2	0x0000000000000008	VPSLLVD	AVX512F_512
5791	7986	1037	183	131	2	0x0000000000000008	VPSLLVD	AVX512F_512
5792	7989	1038	180	128	2	0x0000000000000001	VPSLLVQ	AVX512F_128
5793	7990	1038	180	128	2	0x0000000000000001	VPSLLVQ	AVX512F_128
5794	7993	1038	182	130	2	0x0000000000000004	VPSLLVQ	AVX512F_256
5795	7994	1038	182	130	2	0x0000000000000004	VPSLLVQ	AVX512F_256
5796	7995	1038	183	131	2	0x0000000000000008	VPSLLVQ	AVX512F_512
5797	7996	1038	183	131	2	0x0000000000000008	VPSLLVQ	AVX512F_512
5798	1578	719	124	72	1	0x0000000000000100	LDTILECFG	APX_F_AMX_BASE
5799	3171	720	124	72	1	0x0000000000000100	STTILECFG	APX_F_AMX_BASE
5800	3255	933	101	50	0	0x0004000000000000	TCVTROWD2PS	AMX_AVX512
5801	3294	931	125	73	1	0x0000000000000200	TILELOADDRS	APX_F_AMX_MOVRS
5802	3292	932	125	73	1	0x0000000000000200	TILELOADDRST1	APX_F_AMX_MOVRS
5803	3301	938	116	64	1	0x0000000000000001	TILEMOVROW	ACE_1
5804	3303	938	101	50	0	0x0004000000000000	TILEMOVROW	AMX_AVX512
5805	3298	721	123	71	1	0x0000000000000080	TILELOADD	APX_F_AMX
5806	3296	722	123	71	1	0x0000000000000080	TILELOADDT1	APX_F_AMX
5807	3299	1453	116	64	1	0x0000000000000001	TILEMOVCOL	ACE_1
5808	3307	723	123	71	1	0x0000000000000080	TILESTORED	APX_F_AMX
5809	8435	1938	180	128	2	0x0000000000000001	VRCP14PD	AVX512F_128
5810	8436	1938	180	128	2	0x0000000000000001	VRCP14PD	AVX512F_128
5811	8437	1938	182	130	2	0x0000000000000004	VRCP14PD	AVX512F_256
5812	8438	1938	182	130	2	0x0000000000000004	VRCP14PD	AVX512F_256
5813	8439	1938	183	131	2	0x0000000000000008	VRCP14PD	AVX512F_512
5814	8440	1938	183	131	2	0x0000000000000008	VRCP14PD	AVX512F_512
5815	8441	1939	180	128	2	0x0000000000000001	VRCP14PS	AVX512F_128
5816	8442	1939	180	128	2	0x0000000000000001	VRCP14PS	AVX512F_128
5817	8443	1939	182	130	2	0x0000000000000004	VRCP14PS	AVX512F_256
5818	8444	1939	182	130	2	0x0000000000000004	VRCP14PS	AVX512F_256
5819	8445	1939	183	131	2	0x0000000000000008	VRCP14PS	AVX512F_512
5820	8446	1939	183	131	2	0x0000000000000008	VRCP14PS	AVX512F_512
5821	8447	1940	185	133	2	0x0000000000000020	VRCP14SD	AVX512F_SCALAR
5822	8448	1940	185	133	2	0x0000000000000020	VRCP14SD	AVX512F_SCALAR
5823	8449	1941	185	133	2	0x0000000000000020	VRCP14SS	AVX512F_SCALAR
5824	8450	1941	185	133	2	0x0000000000000020	VRCP14SS	AVX512F_SCALAR
5825	8551	1967	180	128	2	0x0000000000000001	VRSQRT14PD	AVX512F_128
5826	8552	1967	180	128	2	0x0000000000000001	VRSQRT14PD	AVX512F_128
5827	8553	1967	182	130	2	0x0000000000000004	VRSQRT14PD	AVX512F_256
5828	8554	1967	182	130	2	0x0000000000000004	VRSQRT14PD	AVX512F_256
5829	8555	1967	183	131	2	0x0000000000000008	VRSQRT14PD	AVX512F_512
5830	8556	1967	183	131	2	0x0000000000000008	VRSQRT14PD	AVX512F_512
5831	8557	1968	180	128	2	0x0000000000000001	VRSQRT14PS	AVX512F_128
5832	8558	1968	180	128	2	0x0000000000000001	VRSQRT14PS	AVX512F_128
5833	8559	1968	182	130	2	0x0000000000000004	VRSQRT14PS	AVX512F_256
5834	8560	1968	182	130	2	0x0000000000000004	VRSQRT14PS	AVX512F_256
5835	8561	1968	183	131	2	0x0000000000000008	VRSQRT14PS	AVX512F_512
5836	8562	1968	183	131	2	0x0000000000000008	VRSQRT14PS	AVX512F_512
5837	8563	1969	185	133	2	0x0000000000000020	VRSQRT14SD	AVX512F_SCALAR
5838	8564	1969	185	133	2	0x0000000000000020	VRSQRT14SD	AVX512F_SCALAR
5839	8565	1970	185	133	2	0x0000000000000020	VRSQRT14SS	AVX512F_SCALAR
5840	8566	1970	185	133	2	0x0000000000000020	VRSQRT14SS	AVX512F_SCALAR
5841	6620	1104	247	195	3	0x0000000000000008	VPDPBSSD	AVX512_VNNI_INT8_128
5842	6621	1104	247	195	3	0x0000000000000008	VPDPBSSD	AVX512_VNNI_INT8_128
5843	6624	1104	248	196	3	0x0000000000000010	VPDPBSSD	AVX512_VNNI_INT8_256
5844	6625	1104	248	196	3	0x0000000000000010	VPDPBSSD	AVX512_VNNI_INT8_256
5845	6628	1104	249	197	3	0x0000000000000020	VPDPBSSD	AVX512_VNNI_INT8_512
5846	6629	1104	249	197	3	0x0000000000000020	VPDPBSSD	AVX512_VNNI_INT8_512
5847	6640	1106	247	195	3	0x0000000000000008	VPDPBSUD	AVX512_VNNI_INT8_128
5848	6641	1106	247	195	3	0x0000000000000008	VPDPBSUD	AVX512_VNNI_INT8_128
5849	6644	1106	248	196	3	0x0000000000000010	VPDPBSUD	AVX512_VNNI_INT8_256
5850	6645	1106	248	196	3	0x0000000000000010	VPDPBSUD	AVX512_VNNI_INT8_256
5851	6648	1106	249	197	3	0x0000000000000020	VPDPBSUD	AVX512_VNNI_INT8_512
5852	6649	1106	249	197	3	0x0000000000000020	VPDPBSUD	AVX512_VNNI_INT8_512
5853	6660	715	238	186	2	0x0400000000000000	VPDPBUSD	AVX512_VNNI_128
5854	6661	715	238	186	2	0x0400000000000000	VPDPBUSD	AVX512_VNNI_128
5855	6664	715	239	187	2	0x0800000000000000	VPDPBUSD	AVX512_VNNI_256
5856	6665	715	239	187	2	0x0800000000000000	VPDPBUSD	AVX512_VNNI_256
5857	6668	715	240	188	2	0x1000000000000000	VPDPBUSD	AVX512_VNNI_512
5858	6669	715	240	188	2	0x1000000000000000	VPDPBUSD	AVX512_VNNI_512
5859	6680	1108	247	195	3	0x0000000000000008	VPDPBUUD	AVX512_VNNI_INT8_128
5860	6681	1108	247	195	3	0x0000000000000008	VPDPBUUD	AVX512_VNNI_INT8_128
5861	6684	1108	248	196	3	0x0000000000000010	VPDPBUUD	AVX512_VNNI_INT8_256
5862	6685	1108	248	196	3	0x0000000000000010	VPDPBUUD	AVX512_VNNI_INT8_256
5863	6688	1108	249	197	3	0x0000000000000020	VPDPBUUD	AVX512_VNNI_INT8_512
5864	6689	1108	249	197	3	0x0000000000000020	VPDPBUUD	AVX512_VNNI_INT8_512
5865	6610	1105	247	195	3	0x0000000000000008	VPDPBSSDS	AVX512_VNNI_INT8_128
5866	6611	1105	247	195	3	0x0000000000000008	VPDPBSSDS	AVX512_VNNI_INT8_128
5867	6614	1105	248	196	3	0x0000000000000010	VPDPBSSDS	AVX512_VNNI_INT8_256
5868	6615	1105	248	196	3	0x0000000000000010	VPDPBSSDS	AVX512_VNNI_INT8_256
5869	6618	1105	249	197	3	0x0000000000000020	VPDPBSSDS	AVX512_VNNI_INT8_512
5870	6619	1105	249	197	3	0x0000000000000020	VPDPBSSDS	AVX512_VNNI_INT8_512
5871	6630	1107	247	195	3	0x0000000000000008	VPDPBSUDS	AVX512_VNNI_INT8_128
5872	6631	1107	247	195	3	0x0000000000000008	VPDPBSUDS	AVX512_VNNI_INT8_128
5873	6634	1107	248	196	3	0x0000000000000010	VPDPBSUDS	AVX512_VNNI_INT8_256
5874	6635	1107	248	196	3	0x0000000000000010	VPDPBSUDS	AVX512_VNNI_INT8_256
5875	6638	1107	249	197	3	0x0000000000000020	VPDPBSUDS	AVX512_VNNI_INT8_512
5876	6639	1107	249	197	3	0x0000000000000020	VPDPBSUDS	AVX512_VNNI_INT8_512
5877	6650	1095	238	186	2	0x0400000000000000	VPDPBUSDS	AVX512_VNNI_128
5878	6651	1095	238	186	2	0x0400000000000000	VPDPBUSDS	AVX512_VNNI_128
5879	6654	1095	239	187	2	0x0800000000000000	VPDPBUSDS	AVX512_VNNI_256
5880	6655	1095	239	187	2	0x0800000000000000	VPDPBUSDS	AVX512_VNNI_256
5881	6658	1095	240	188	2	0x1000000000000000	VPDPBUSDS	AVX512_VNNI_512
5882	6659	1095	240	188	2	0x1000000000000000	VPDPBUSDS	AVX512_VNNI_512
5883	6670	1109	247	195	3	0x0000000000000008	VPDPBUUDS	AVX512_VNNI_INT8_128
5884	6671	1109	247	195	3	0x0000000000000008	VPDPBUUDS	AVX512_VNNI_INT8_128
5885	6674	1109	248	196	3	0x0000000000000010	VPDPBUUDS	AVX512_VNNI_INT8_256
5886	6675	1109	248	196	3	0x0000000000000010	VPDPBUUDS	AVX512_VNNI_INT8_256
5887	6678	1109	249	197	3	0x0000000000000020	VPDPBUUDS	AVX512_VNNI_INT8_512
5888	6679	1109	249	197	3	0x0000000000000020	VPDPBUUDS	AVX512_VNNI_INT8_512
5889	4501	1638	190	138	2	0x0000000000000400	VDPBF16PS	AVX512_BF16_128
5890	4502	1638	190	138	2	0x0000000000000400	VDPBF16PS	AVX512_BF16_128
5891	4503	1638	191	139	2	0x0000000000000800	VDPBF16PS	AVX512_BF16_256
5892	4504	1638	191	139	2	0x0000000000000800	VDPBF16PS	AVX512_BF16_256
5893	4505	1638	192	140	2	0x0000000000001000	VDPBF16PS	AVX512_BF16_512
5894	4506	1638	192	140	2	0x0000000000001000	VDPBF16PS	AVX512_BF16_512
5895	4509	1640	241	189	2	0x2000000000000000	VDPPHPS	AVX512_VNNI_FP16_128
5896	4510	1640	241	189	2	0x2000000000000000	VDPPHPS	AVX512_VNNI_FP16_128
5897	4511	1640	242	190	2	0x4000000000000000	VDPPHPS	AVX512_VNNI_FP16_256
5898	4512	1640	242	190	2	0x4000000000000000	VDPPHPS	AVX512_VNNI_FP16_256
5899	4513	1640	243	191	2	0x8000000000000000	VDPPHPS	AVX512_VNNI_FP16_512
5900	4514	1640	243	191	2	0x8000000000000000	VDPPHPS	AVX512_VNNI_FP16_512
5901	6087	1116	189	137	2	0x0000000000000200	VP4DPWSSD	AVX512_4VNNIW_512
5902	6700	1096	238	186	2	0x0400000000000000	VPDPWSSD	AVX512_VNNI_128
5903	6701	1096	238	186	2	0x0400000000000000	VPDPWSSD	AVX512_VNNI_128
5904	6704	1096	239	187	2	0x0800000000000000	VPDPWSSD	AVX512_VNNI_256
5905	6705	1096	239	187	2	0x0800000000000000	VPDPWSSD	AVX512_VNNI_256
5906	6708	1096	240	188	2	0x1000000000000000	VPDPWSSD	AVX512_VNNI_512
5907	6709	1096	240	188	2	0x1000000000000000	VPDPWSSD	AVX512_VNNI_512
5908	6086	1117	189	137	2	0x0000000000000200	VP4DPWSSDS	AVX512_4VNNIW_512
5909	6690	1097	238	186	2	0x0400000000000000	VPDPWSSDS	AVX512_VNNI_128
5910	6691	1097	238	186	2	0x0400000000000000	VPDPWSSDS	AVX512_VNNI_128
5911	6694	1097	239	187	2	0x0800000000000000	VPDPWSSDS	AVX512_VNNI_256
5912	6695	1097	239	187	2	0x0800000000000000	VPDPWSSDS	AVX512_VNNI_256
5913	6698	1097	240	188	2	0x1000000000000000	VPDPWSSDS	AVX512_VNNI_512
5914	6699	1097	240	188	2	0x1000000000000000	VPDPWSSDS	AVX512_VNNI_512
5915	7646	1085	193	141	2	0x0000000000002000	VPOPCNTB	AVX512_BITALG_128
5916	7647	1085	193	141	2	0x0000000000002000	VPOPCNTB	AVX512_BITALG_128
5917	7648	1085	194	142	2	0x0000000000004000	VPOPCNTB	AVX512_BITALG_256
5918	7649	1085	194	142	2	0x0000000000004000	VPOPCNTB	AVX512_BITALG_256
5919	7650	1085	195	143	2	0x0000000000008000	VPOPCNTB	AVX512_BITALG_512
5920	7651	1085	195	143	2	0x0000000000008000	VPOPCNTB	AVX512_BITALG_512
5921	7664	1086	193	141	2	0x0000000000002000	VPOPCNTW	AVX512_BITALG_128
5922	7665	1086	193	141	2	0x0000000000002000	VPOPCNTW	AVX512_BITALG_128
5923	7666	1086	194	142	2	0x0000000000004000	VPOPCNTW	AVX512_BITALG_256
5924	7667	1086	194	142	2	0x0000000000004000	VPOPCNTW	AVX512_BITALG_256
5925	7668	1086	195	143	2	0x0000000000008000	VPOPCNTW	AVX512_BITALG_512
5926	7669	1086	195	143	2	0x0000000000008000	VPOPCNTW	AVX512_BITALG_512
5927	7652	716	256	204	3	0x0000000000001000	VPOPCNTD	AVX512_VPOPCNTDQ_128
5928	7653	716	256	204	3	0x0000000000001000	VPOPCNTD	AVX512_VPOPCNTDQ_128
5929	7654	716	257	205	3	0x0000000000002000	VPOPCNTD	AVX512_VPOPCNTDQ_256
5930	7655	716	257	205	3	0x0000000000002000	VPOPCNTD	AVX512_VPOPCNTDQ_256
5931	7656	716	258	206	3	0x0000000000004000	VPOPCNTD	AVX512_VPOPCNTDQ_512
5932	7657	716	258	206	3	0x0000000000004000	VPOPCNTD	AVX512_VPOPCNTDQ_512
5933	7658	1087	256	204	3	0x0000000000001000	VPOPCNTQ	AVX512_VPOPCNTDQ_128
5934	7659	1087	256	204	3	0x0000000000001000	VPOPCNTQ	AVX512_VPOPCNTDQ_128
5935	7660	1087	257	205	3	0x0000000000002000	VPOPCNTQ	AVX512_VPOPCNTDQ_256
5936	7661	1087	257	205	3	0x0000000000002000	VPOPCNTQ	AVX512_VPOPCNTDQ_256
5937	7662	1087	258	206	3	0x0000000000004000	VPOPCNTQ	AVX512_VPOPCNTDQ_512
5938	7663	1087	258	206	3	0x0000000000004000	VPOPCNTQ	AVX512_VPOPCNTDQ_512
5939	6358	1815	180	128	2	0x0000000000000001	VPBROADCASTD	AVX512F_128
5940	6359	1815	180	128	2	0x0000000000000001	VPBROADCASTD	AVX512F_128
5941	6363	1815	182	130	2	0x0000000000000004	VPBROADCASTD	AVX512F_256
5942	6364	1815	182	130	2	0x0000000000000004	VPBROADCASTD	AVX512F_256
5943	6366	1815	183	131	2	0x0000000000000008	VPBROADCASTD	AVX512F_512
5944	6367	1815	183	131	2	0x0000000000000008	VPBROADCASTD	AVX512F_512
5945	3555	1487	171	119	1	0x0080000000000000	VBROADCASTI32X2	AVX512DQ_128
5946	3556	1487	171	119	1	0x0080000000000000	VBROADCASTI32X2	AVX512DQ_128
5947	3557	1487	173	121	1	0x0200000000000000	VBROADCASTI32X2	AVX512DQ_256
5948	3558	1487	173	121	1	0x0200000000000000	VBROADCASTI32X2	AVX512DQ_256
5949	3559	1487	174	122	1	0x0400000000000000	VBROADCASTI32X2	AVX512DQ_512
5950	3560	1487	174	122	1	0x0400000000000000	VBROADCASTI32X2	AVX512DQ_512
5951	6377	1816	180	128	2	0x0000000000000001	VPBROADCASTQ	AVX512F_128
5952	6378	1816	180	128	2	0x0000000000000001	VPBROADCASTQ	AVX512F_128
5953	6382	1816	182	130	2	0x0000000000000004	VPBROADCASTQ	AVX512F_256
5954	6383	1816	182	130	2	0x0000000000000004	VPBROADCASTQ	AVX512F_256
5955	6385	1816	183	131	2	0x0000000000000008	VPBROADCASTQ	AVX512F_512
5956	6386	1816	183	131	2	0x0000000000000008	VPBROADCASTQ	AVX512F_512
5957	3561	1488	182	130	2	0x0000000000000004	VBROADCASTI32X4	AVX512F_256
5958	3562	1488	183	131	2	0x0000000000000008	VBROADCASTI32X4	AVX512F_512
5959	3564	1490	173	121	1	0x0200000000000000	VBROADCASTI64X2	AVX512DQ_256
5960	3565	1490	174	122	1	0x0400000000000000	VBROADCASTI64X2	AVX512DQ_512
5961	3563	1489	174	122	1	0x0400000000000000	VBROADCASTI32X8	AVX512DQ_512
5962	3566	1491	183	131	2	0x0000000000000008	VBROADCASTI64X4	AVX512F_512
5963	3310	1455	116	64	1	0x0000000000000001	TOP2BF16PS	ACE_1
5964	3311	1456	116	64	1	0x0000000000000001	TOP4BSSD	ACE_1
5965	3312	1457	116	64	1	0x0000000000000001	TOP4BSUD	ACE_1
5966	3313	1458	116	64	1	0x0000000000000001	TOP4BUSD	ACE_1
5967	3314	1459	116	64	1	0x0000000000000001	TOP4BUUD	ACE_1
5968	6942	1081	232	180	2	0x0010000000000000	VPEXPANDB	AVX512_VBMI2_128
5969	6943	1081	232	180	2	0x0010000000000000	VPEXPANDB	AVX512_VBMI2_128
5970	6944	1081	233	181	2	0x0020000000000000	VPEXPANDB	AVX512_VBMI2_256
5971	6945	1081	233	181	2	0x0020000000000000	VPEXPANDB	AVX512_VBMI2_256
5972	6946	1081	234	182	2	0x0040000000000000	VPEXPANDB	AVX512_VBMI2_512
5973	6947	1081	234	182	2	0x0040000000000000	VPEXPANDB	AVX512_VBMI2_512
5974	6960	1082	232	180	2	0x0010000000000000	VPEXPANDW	AVX512_VBMI2_128
5975	6961	1082	232	180	2	0x0010000000000000	VPEXPANDW	AVX512_VBMI2_128
5976	6962	1082	233	181	2	0x0020000000000000	VPEXPANDW	AVX512_VBMI2_256
5977	6963	1082	233	181	2	0x0020000000000000	VPEXPANDW	AVX512_VBMI2_256
5978	6964	1082	234	182	2	0x0040000000000000	VPEXPANDW	AVX512_VBMI2_512
5979	6965	1082	234	182	2	0x0040000000000000	VPEXPANDW	AVX512_VBMI2_512
5980	6562	1077	232	180	2	0x0010000000000000	VPCOMPRESSB	AVX512_VBMI2_128
5981	6563	1077	233	181	2	0x0020000000000000	VPCOMPRESSB	AVX512_VBMI2_256
5982	6564	1077	234	182	2	0x0040000000000000	VPCOMPRESSB	AVX512_VBMI2_512
5983	6565	1077	232	180	2	0x0010000000000000	VPCOMPRESSB	AVX512_VBMI2_128
5984	6566	1077	233	181	2	0x0020000000000000	VPCOMPRESSB	AVX512_VBMI2_256
5985	6567	1077	234	182	2	0x0040000000000000	VPCOMPRESSB	AVX512_VBMI2_512
5986	6580	1078	232	180	2	0x0010000000000000	VPCOMPRESSW	AVX512_VBMI2_128
5987	6581	1078	233	181	2	0x0020000000000000	VPCOMPRESSW	AVX512_VBMI2_256
5988	6582	1078	234	182	2	0x0040000000000000	VPCOMPRESSW	AVX512_VBMI2_512
5989	6583	1078	232	180	2	0x0010000000000000	VPCOMPRESSW	AVX512_VBMI2_128
5990	6584	1078	233	181	2	0x0020000000000000	VPCOMPRESSW	AVX512_VBMI2_256
5991	6585	1078	234	182	2	0x0040000000000000	VPCOMPRESSW	AVX512_VBMI2_512
5992	6316	1809	180	128	2	0x0000000000000001	VPBLENDMD	AVX512F_128
5993	6317	1809	180	128	2	0x0000000000000001	VPBLENDMD	AVX512F_128
5994	6318	1809	182	130	2	0x0000000000000004	VPBLENDMD	AVX512F_256
5995	6319	1809	182	130	2	0x0000000000000004	VPBLENDMD	AVX512F_256
5996	6320	1809	183	131	2	0x0000000000000008	VPBLENDMD	AVX512F_512
5997	6321	1809	183	131	2	0x0000000000000008	VPBLENDMD	AVX512F_512
5998	6322	1810	180	128	2	0x0000000000000001	VPBLENDMQ	AVX512F_128
5999	6323	1810	180	128	2	0x0000000000000001	VPBLENDMQ	AVX512F_128
6000	6324	1810	182	130	2	0x0000000000000004	VPBLENDMQ	AVX512F_256
6001	6325	1810	182	130	2	0x0000000000000004	VPBLENDMQ	AVX512F_256
6002	6326	1810	183	131	2	0x0000000000000008	VPBLENDMQ	AVX512F_512
6003	6327	1810	183	131	2	0x0000000000000008	VPBLENDMQ	AVX512F_512
6004	3515	1474	180	128	2	0x0000000000000001	VBLENDMPD	AVX512F_128
6005	3516	1474	180	128	2	0x0000000000000001	VBLENDMPD	AVX512F_128
6006	3517	1474	182	130	2	0x0000000000000004	VBLENDMPD	AVX512F_256
6007	3518	1474	182	130	2	0x0000000000000004	VBLENDMPD	AVX512F_256
6008	3519	1474	183	131	2	0x0000000000000008	VBLENDMPD	AVX512F_512
6009	3520	1474	183	131	2	0x0000000000000008	VBLENDMPD	AVX512F_512
6010	3521	1475	180	128	2	0x0000000000000001	VBLENDMPS	AVX512F_128
6011	3522	1475	180	128	2	0x0000000000000001	VBLENDMPS	AVX512F_128
6012	3523	1475	182	130	2	0x0000000000000004	VBLENDMPS	AVX512F_256
6013	3524	1475	182	130	2	0x0000000000000004	VBLENDMPS	AVX512F_256
6014	3525	1475	183	131	2	0x0000000000000008	VBLENDMPS	AVX512F_512
6015	3526	1475	183	131	2	0x0000000000000008	VBLENDMPS	AVX512F_512
6016	6310	1808	162	110	1	0x0000400000000000	VPBLENDMB	AVX512BW_128
6017	6311	1808	162	110	1	0x0000400000000000	VPBLENDMB	AVX512BW_128
6018	6312	1808	164	112	1	0x0001000000000000	VPBLENDMB	AVX512BW_256
6019	6313	1808	164	112	1	0x0001000000000000	VPBLENDMB	AVX512BW_256
6020	6314	1808	165	113	1	0x0002000000000000	VPBLENDMB	AVX512BW_512
6021	6315	1808	165	113	1	0x0002000000000000	VPBLENDMB	AVX512BW_512
6022	6328	1811	162	110	1	0x0000400000000000	VPBLENDMW	AVX512BW_128
6023	6329	1811	162	110	1	0x0000400000000000	VPBLENDMW	AVX512BW_128
6024	6330	1811	164	112	1	0x0001000000000000	VPBLENDMW	AVX512BW_256
6025	6331	1811	164	112	1	0x0001000000000000	VPBLENDMW	AVX512BW_256
6026	6332	1811	165	113	1	0x0002000000000000	VPBLENDMW	AVX512BW_512
6027	6333	1811	165	113	1	0x0002000000000000	VPBLENDMW	AVX512BW_512
6028	3679	1514	201	149	2	0x0000000000200000	VCVT2PS2PHX	AVX512_FP16_CONVERT_128
6029	3680	1514	201	149	2	0x0000000000200000	VCVT2PS2PHX	AVX512_FP16_CONVERT_128
6030	3681	1514	202	150	2	0x0000000000400000	VCVT2PS2PHX	AVX512_FP16_CONVERT_256
6031	3682	1514	202	150	2	0x0000000000400000	VCVT2PS2PHX	AVX512_FP16_CONVERT_256
6032	3683	1514	203	151	2	0x0000000000800000	VCVT2PS2PHX	AVX512_FP16_CONVERT_512
6033	3684	1514	203	151	2	0x0000000000800000	VCVT2PS2PHX	AVX512_FP16_CONVERT_512
6034	3684	1514	203	151	2	0x0000000000800000	VCVT2PS2PHX	AVX512_FP16_CONVERT_512
6035	6074	1797	250	198	3	0x0000000000000040	VP2INTERSECTD	AVX512_VP2INTERSECT_128
6036	6075	1797	250	198	3	0x0000000000000040	VP2INTERSECTD	AVX512_VP2INTERSECT_128
6037	6076	1797	251	199	3	0x0000000000000080	VP2INTERSECTD	AVX512_VP2INTERSECT_256
6038	6077	1797	251	199	3	0x0000000000000080	VP2INTERSECTD	AVX512_VP2INTERSECT_256
6039	6078	1797	252	200	3	0x0000000000000100	VP2INTERSECTD	AVX512_VP2INTERSECT_512
6040	6079	1797	252	200	3	0x0000000000000100	VP2INTERSECTD	AVX512_VP2INTERSECT_512
6041	6080	1798	250	198	3	0x0000000000000040	VP2INTERSECTQ	AVX512_VP2INTERSECT_128
6042	6081	1798	250	198	3	0x0000000000000040	VP2INTERSECTQ	AVX512_VP2INTERSECT_128
6043	6082	1798	251	199	3	0x0000000000000080	VP2INTERSECTQ	AVX512_VP2INTERSECT_256
6044	6083	1798	251	199	3	0x0000000000000080	VP2INTERSECTQ	AVX512_VP2INTERSECT_256
6045	6084	1798	252	200	3	0x0000000000000100	VP2INTERSECTQ	AVX512_VP2INTERSECT_512
6046	6085	1798	252	200	3	0x0000000000000100	VP2INTERSECTQ	AVX512_VP2INTERSECT_512
6047	3257	934	101	50	0	0x0004000000000000	TCVTROWPS2BF16H	AMX_AVX512
6048	3259	935	101	50	0	0x0004000000000000	TCVTROWPS2BF16L	AMX_AVX512
6049	3261	936	101	50	0	0x0004000000000000	TCVTROWPS2PHH	AMX_AVX512
6050	3263	937	101	50	0	0x0004000000000000	TCVTROWPS2PHL	AMX_AVX512
6051	7818	1068	232	180	2	0x0010000000000000	VPSHLDVW	AVX512_VBMI2_128
6052	7819	1068	232	180	2	0x0010000000000000	VPSHLDVW	AVX512_VBMI2_128
6053	7820	1068	233	181	2	0x0020000000000000	VPSHLDVW	AVX512_VBMI2_256
6054	7821	1068	233	181	2	0x0020000000000000	VPSHLDVW	AVX512_VBMI2_256
6055	7822	1068	234	182	2	0x0040000000000000	VPSHLDVW	AVX512_VBMI2_512
6056	7823	1068	234	182	2	0x0040000000000000	VPSHLDVW	AVX512_VBMI2_512
6057	7806	1069	232	180	2	0x0010000000000000	VPSHLDVD	AVX512_VBMI2_128
6058	7807	1069	232	180	2	0x0010000000000000	VPSHLDVD	AVX512_VBMI2_128
6059	7808	1069	233	181	2	0x0020000000000000	VPSHLDVD	AVX512_VBMI2_256
6060	7809	1069	233	181	2	0x0020000000000000	VPSHLDVD	AVX512_VBMI2_256
6061	7810	1069	234	182	2	0x0040000000000000	VPSHLDVD	AVX512_VBMI2_512
6062	7811	1069	234	182	2	0x0040000000000000	VPSHLDVD	AVX512_VBMI2_512
6063	7812	1070	232	180	2	0x0010000000000000	VPSHLDVQ	AVX512_VBMI2_128
6064	7813	1070	232	180	2	0x0010000000000000	VPSHLDVQ	AVX512_VBMI2_128
6065	7814	1070	233	181	2	0x0020000000000000	VPSHLDVQ	AVX512_VBMI2_256
6066	7815	1070	233	181	2	0x0020000000000000	VPSHLDVQ	AVX512_VBMI2_256
6067	7816	1070	234	182	2	0x0040000000000000	VPSHLDVQ	AVX512_VBMI2_512
6068	7817	1070	234	182	2	0x0040000000000000	VPSHLDVQ	AVX512_VBMI2_512
6069	3819	1536	190	138	2	0x0000000000000400	VCVTNE2PS2BF16	AVX512_BF16_128
6070	3820	1536	190	138	2	0x0000000000000400	VCVTNE2PS2BF16	AVX512_BF16_128
6071	3821	1536	191	139	2	0x0000000000000800	VCVTNE2PS2BF16	AVX512_BF16_256
6072	3822	1536	191	139	2	0x0000000000000800	VCVTNE2PS2BF16	AVX512_BF16_256
6073	3823	1536	192	140	2	0x0000000000001000	VCVTNE2PS2BF16	AVX512_BF16_512
6074	3824	1536	192	140	2	0x0000000000001000	VCVTNE2PS2BF16	AVX512_BF16_512
6075	3833	1541	190	138	2	0x0000000000000400	VCVTNEPS2BF16	AVX512_BF16_128
6076	3834	1541	191	139	2	0x0000000000000800	VCVTNEPS2BF16	AVX512_BF16_256
6077	3835	1541	190	138	2	0x0000000000000400	VCVTNEPS2BF16	AVX512_BF16_128
6078	3836	1541	191	139	2	0x0000000000000800	VCVTNEPS2BF16	AVX512_BF16_256
6079	3841	1541	192	140	2	0x0000000000001000	VCVTNEPS2BF16	AVX512_BF16_512
6080	3842	1541	192	140	2	0x0000000000001000	VCVTNEPS2BF16	AVX512_BF16_512
6081	7863	1074	232	180	2	0x0010000000000000	VPSHRDVW	AVX512_VBMI2_128
6082	7864	1074	232	180	2	0x0010000000000000	VPSHRDVW	AVX512_VBMI2_128
6083	7865	1074	233	181	2	0x0020000000000000	VPSHRDVW	AVX512_VBMI2_256
6084	7866	1074	233	181	2	0x0020000000000000	VPSHRDVW	AVX512_VBMI2_256
6085	7867	1074	234	182	2	0x0040000000000000	VPSHRDVW	AVX512_VBMI2_512
6086	7868	1074	234	182	2	0x0040000000000000	VPSHRDVW	AVX512_VBMI2_512
6087	7851	1075	232	180	2	0x0010000000000000	VPSHRDVD	AVX512_VBMI2_128
6088	7852	1075	232	180	2	0x0010000000000000	VPSHRDVD	AVX512_VBMI2_128
6089	7853	1075	233	181	2	0x0020000000000000	VPSHRDVD	AVX512_VBMI2_256
6090	7854	1075	233	181	2	0x0020000000000000	VPSHRDVD	AVX512_VBMI2_256
6091	7855	1075	234	182	2	0x0040000000000000	VPSHRDVD	AVX512_VBMI2_512
6092	7856	1075	234	182	2	0x0040000000000000	VPSHRDVD	AVX512_VBMI2_512
6093	7857	1076	232	180	2	0x0010000000000000	VPSHRDVQ	AVX512_VBMI2_128
6094	7858	1076	232	180	2	0x0010000000000000	VPSHRDVQ	AVX512_VBMI2_128
6095	7859	1076	233	181	2	0x0020000000000000	VPSHRDVQ	AVX512_VBMI2_256
6096	7860	1076	233	181	2	0x0020000000000000	VPSHRDVQ	AVX512_VBMI2_256
6097	7861	1076	234	182	2	0x0040000000000000	VPSHRDVQ	AVX512_VBMI2_512
6098	7862	1076	234	182	2	0x0040000000000000	VPSHRDVQ	AVX512_VBMI2_512
6099	3661	1510	205	153	2	0x0000000002000000	VCVT2PH2BF8	AVX512_FP8_CONVERT_128
6100	3662	1510	205	153	2	0x0000000002000000	VCVT2PH2BF8	AVX512_FP8_CONVERT_128
6101	3663	1510	206	154	2	0x0000000004000000	VCVT2PH2BF8	AVX512_FP8_CONVERT_256
6102	3664	1510	206	154	2	0x0000000004000000	VCVT2PH2BF8	AVX512_FP8_CONVERT_256
6103	3665	1510	207	155	2	0x0000000008000000	VCVT2PH2BF8	AVX512_FP8_CONVERT_512
6104	3666	1510	207	155	2	0x0000000008000000	VCVT2PH2BF8	AVX512_FP8_CONVERT_512
6105	3727	1522	205	153	2	0x0000000002000000	VCVTBIASPH2BF8	AVX512_FP8_CONVERT_128
6106	3728	1522	205	153	2	0x0000000002000000	VCVTBIASPH2BF8	AVX512_FP8_CONVERT_128
6107	3729	1522	206	154	2	0x0000000004000000	VCVTBIASPH2BF8	AVX512_FP8_CONVERT_256
6108	3730	1522	206	154	2	0x0000000004000000	VCVTBIASPH2BF8	AVX512_FP8_CONVERT_256
6109	3731	1522	207	155	2	0x0000000008000000	VCVTBIASPH2BF8	AVX512_FP8_CONVERT_512
6110	3732	1522	207	155	2	0x0000000008000000	VCVTBIASPH2BF8	AVX512_FP8_CONVERT_512
6111	3893	1546	205	153	2	0x0000000002000000	VCVTPH2BF8	AVX512_FP8_CONVERT_128
6112	3894	1546	206	154	2	0x0000000004000000	VCVTPH2BF8	AVX512_FP8_CONVERT_256
6113	3895	1546	205	153	2	0x0000000002000000	VCVTPH2BF8	AVX512_FP8_CONVERT_128
6114	3896	1546	206	154	2	0x0000000004000000	VCVTPH2BF8	AVX512_FP8_CONVERT_256
6115	3897	1546	207	155	2	0x0000000008000000	VCVTPH2BF8	AVX512_FP8_CONVERT_512
6116	3898	1546	207	155	2	0x0000000008000000	VCVTPH2BF8	AVX512_FP8_CONVERT_512
6117	6786	1098	235	183	2	0x0080000000000000	VPERMI2B	AVX512_VBMI_128
6118	6787	1098	235	183	2	0x0080000000000000	VPERMI2B	AVX512_VBMI_128
6119	6788	1098	236	184	2	0x0100000000000000	VPERMI2B	AVX512_VBMI_256
6120	6789	1098	236	184	2	0x0100000000000000	VPERMI2B	AVX512_VBMI_256
6121	6790	1098	237	185	2	0x0200000000000000	VPERMI2B	AVX512_VBMI_512
6122	6791	1098	237	185	2	0x0200000000000000	VPERMI2B	AVX512_VBMI_512
6123	6816	1101	162	110	1	0x0000400000000000	VPERMI2W	AVX512BW_128
6124	6817	1101	162	110	1	0x0000400000000000	VPERMI2W	AVX512BW_128
6125	6818	1101	164	112	1	0x0001000000000000	VPERMI2W	AVX512BW_256
6126	6819	1101	164	112	1	0x0001000000000000	VPERMI2W	AVX512BW_256
6127	6820	1101	165	113	1	0x0002000000000000	VPERMI2W	AVX512BW_512
6128	6821	1101	165	113	1	0x0002000000000000	VPERMI2W	AVX512BW_512
6129	6792	1830	180	128	2	0x0000000000000001	VPERMI2D	AVX512F_128
6130	6793	1830	180	128	2	0x0000000000000001	VPERMI2D	AVX512F_128
6131	6794	1830	182	130	2	0x0000000000000004	VPERMI2D	AVX512F_256
6132	6795	1830	182	130	2	0x0000000000000004	VPERMI2D	AVX512F_256
6133	6796	1830	183	131	2	0x0000000000000008	VPERMI2D	AVX512F_512
6134	6797	1830	183	131	2	0x0000000000000008	VPERMI2D	AVX512F_512
6135	6810	1833	180	128	2	0x0000000000000001	VPERMI2Q	AVX512F_128
6136	6811	1833	180	128	2	0x0000000000000001	VPERMI2Q	AVX512F_128
6137	6812	1833	182	130	2	0x0000000000000004	VPERMI2Q	AVX512F_256
6138	6813	1833	182	130	2	0x0000000000000004	VPERMI2Q	AVX512F_256
6139	6814	1833	183	131	2	0x0000000000000008	VPERMI2Q	AVX512F_512
6140	6815	1833	183	131	2	0x0000000000000008	VPERMI2Q	AVX512F_512
6141	6798	1831	180	128	2	0x0000000000000001	VPERMI2PD	AVX512F_128
6142	6799	1831	180	128	2	0x0000000000000001	VPERMI2PD	AVX512F_128
6143	6800	1831	182	130	2	0x0000000000000004	VPERMI2PD	AVX512F_256
6144	6801	1831	182	130	2	0x0000000000000004	VPERMI2PD	AVX512F_256
6145	6802	1831	183	131	2	0x0000000000000008	VPERMI2PD	AVX512F_512
6146	6803	1831	183	131	2	0x0000000000000008	VPERMI2PD	AVX512F_512
6147	6804	1832	180	128	2	0x0000000000000001	VPERMI2PS	AVX512F_128
6148	6805	1832	180	128	2	0x0000000000000001	VPERMI2PS	AVX512F_128
6149	6806	1832	182	130	2	0x0000000000000004	VPERMI2PS	AVX512F_256
6150	6807	1832	182	130	2	0x0000000000000004	VPERMI2PS	AVX512F_256
6151	6808	1832	183	131	2	0x0000000000000008	VPERMI2PS	AVX512F_512
6152	6809	1832	183	131	2	0x0000000000000008	VPERMI2PS	AVX512F_512
6153	6345	1814	162	110	1	0x0000400000000000	VPBROADCASTB	AVX512BW_128
6154	6346	1814	162	110	1	0x0000400000000000	VPBROADCASTB	AVX512BW_128
6155	6350	1814	164	112	1	0x0001000000000000	VPBROADCASTB	AVX512BW_256
6156	6351	1814	164	112	1	0x0001000000000000	VPBROADCASTB	AVX512BW_256
6157	6353	1814	165	113	1	0x0002000000000000	VPBROADCASTB	AVX512BW_512
6158	6354	1814	165	113	1	0x0002000000000000	VPBROADCASTB	AVX512BW_512
6159	6390	1817	162	110	1	0x0000400000000000	VPBROADCASTW	AVX512BW_128
6160	6391	1817	162	110	1	0x0000400000000000	VPBROADCASTW	AVX512BW_128
6161	6395	1817	164	112	1	0x0001000000000000	VPBROADCASTW	AVX512BW_256
6162	6396	1817	164	112	1	0x0001000000000000	VPBROADCASTW	AVX512BW_256
6163	6398	1817	165	113	1	0x0002000000000000	VPBROADCASTW	AVX512BW_512
6164	6399	1817	165	113	1	0x0002000000000000	VPBROADCASTW	AVX512BW_512
6165	6344	1814	162	110	1	0x0000400000000000	VPBROADCASTB	AVX512BW_128
6166	6349	1814	164	112	1	0x0001000000000000	VPBROADCASTB	AVX512BW_256
6167	6352	1814	165	113	1	0x0002000000000000	VPBROADCASTB	AVX512BW_512
6168	6389	1817	162	110	1	0x0000400000000000	VPBROADCASTW	AVX512BW_128
6169	6394	1817	164	112	1	0x0001000000000000	VPBROADCASTW	AVX512BW_256
6170	6397	1817	165	113	1	0x0002000000000000	VPBROADCASTW	AVX512BW_512
6171	6357	1815	180	128	2	0x0000000000000001	VPBROADCASTD	AVX512F_128
6172	6357	1815	180	128	2	0x0000000000000001	VPBROADCASTD	AVX512F_128
6173	6362	1815	182	130	2	0x0000000000000004	VPBROADCASTD	AVX512F_256
6174	6362	1815	182	130	2	0x0000000000000004	VPBROADCASTD	AVX512F_256
6175	6365	1815	183	131	2	0x0000000000000008	VPBROADCASTD	AVX512F_512
6176	6365	1815	183	131	2	0x0000000000000008	VPBROADCASTD	AVX512F_512
6177	6376	1816	180	128	2	0x0000000000000001	VPBROADCASTQ	AVX512F_128
6178	6381	1816	182	130	2	0x0000000000000004	VPBROADCASTQ	AVX512F_256
6179	6384	1816	183	131	2	0x0000000000000008	VPBROADCASTQ	AVX512F_512
6180	6900	1099	235	183	2	0x0080000000000000	VPERMT2B	AVX512_VBMI_128
6181	6901	1099	235	183	2	0x0080000000000000	VPERMT2B	AVX512_VBMI_128
6182	6902	1099	236	184	2	0x0100000000000000	VPERMT2B	AVX512_VBMI_256
6183	6903	1099	236	184	2	0x0100000000000000	VPERMT2B	AVX512_VBMI_256
6184	6904	1099	237	185	2	0x0200000000000000	VPERMT2B	AVX512_VBMI_512
6185	6905	1099	237	185	2	0x0200000000000000	VPERMT2B	AVX512_VBMI_512
6186	6930	1102	162	110	1	0x0000400000000000	VPERMT2W	AVX512BW_128
6187	6931	1102	162	110	1	0x0000400000000000	VPERMT2W	AVX512BW_128
6188	6932	1102	164	112	1	0x0001000000000000	VPERMT2W	AVX512BW_256
6189	6933	1102	164	112	1	0x0001000000000000	VPERMT2W	AVX512BW_256
6190	6934	1102	165	113	1	0x0002000000000000	VPERMT2W	AVX512BW_512
6191	6935	1102	165	113	1	0x0002000000000000	VPERMT2W	AVX512BW_512
6192	6906	1839	180	128	2	0x0000000000000001	VPERMT2D	AVX512F_128
6193	6907	1839	180	128	2	0x0000000000000001	VPERMT2D	AVX512F_128
6194	6908	1839	182	130	2	0x0000000000000004	VPERMT2D	AVX512F_256
6195	6909	1839	182	130	2	0x0000000000000004	VPERMT2D	AVX512F_256
6196	6910	1839	183	131	2	0x0000000000000008	VPERMT2D	AVX512F_512
6197	6911	1839	183	131	2	0x0000000000000008	VPERMT2D	AVX512F_512
6198	6924	1842	180	128	2	0x0000000000000001	VPERMT2Q	AVX512F_128
6199	6925	1842	180	128	2	0x0000000000000001	VPERMT2Q	AVX512F_128
6200	6926	1842	182	130	2	0x0000000000000004	VPERMT2Q	AVX512F_256
6201	6927	1842	182	130	2	0x0000000000000004	VPERMT2Q	AVX512F_256
6202	6928	1842	183	131	2	0x0000000000000008	VPERMT2Q	AVX512F_512
6203	6929	1842	183	131	2	0x0000000000000008	VPERMT2Q	AVX512F_512
6204	6912	1840	180	128	2	0x0000000000000001	VPERMT2PD	AVX512F_128
6205	6913	1840	180	128	2	0x0000000000000001	VPERMT2PD	AVX512F_128
6206	6914	1840	182	130	2	0x0000000000000004	VPERMT2PD	AVX512F_256
6207	6915	1840	182	130	2	0x0000000000000004	VPERMT2PD	AVX512F_256
6208	6916	1840	183	131	2	0x0000000000000008	VPERMT2PD	AVX512F_512
6209	6917	1840	183	131	2	0x0000000000000008	VPERMT2PD	AVX512F_512
6210	6918	1841	180	128	2	0x0000000000000001	VPERMT2PS	AVX512F_128
6211	6919	1841	180	128	2	0x0000000000000001	VPERMT2PS	AVX512F_128
6212	6920	1841	182	130	2	0x0000000000000004	VPERMT2PS	AVX512F_256
6213	6921	1841	182	130	2	0x0000000000000004	VPERMT2PS	AVX512F_256
6214	6922	1841	183	131	2	0x0000000000000008	VPERMT2PS	AVX512F_512
6215	6923	1841	183	131	2	0x0000000000000008	VPERMT2PS	AVX512F_512
6216	7630	1100	235	183	2	0x0080000000000000	VPMULTISHIFTQB	AVX512_VBMI_128
6217	7631	1100	235	183	2	0x0080000000000000	VPMULTISHIFTQB	AVX512_VBMI_128
6218	7632	1100	236	184	2	0x0100000000000000	VPMULTISHIFTQB	AVX512_VBMI_256
6219	7633	1100	236	184	2	0x0100000000000000	VPMULTISHIFTQB	AVX512_VBMI_256
6220	7634	1100	237	185	2	0x0200000000000000	VPMULTISHIFTQB	AVX512_VBMI_512
6221	7635	1100	237	185	2	0x0200000000000000	VPMULTISHIFTQB	AVX512_VBMI_512
6222	4527	1644	180	128	2	0x0000000000000001	VEXPANDPD	AVX512F_128
6223	4528	1644	180	128	2	0x0000000000000001	VEXPANDPD	AVX512F_128
6224	4529	1644	182	130	2	0x0000000000000004	VEXPANDPD	AVX512F_256
6225	4530	1644	182	130	2	0x0000000000000004	VEXPANDPD	AVX512F_256
6226	4531	1644	183	131	2	0x0000000000000008	VEXPANDPD	AVX512F_512
6227	4532	1644	183	131	2	0x0000000000000008	VEXPANDPD	AVX512F_512
6228	4533	1645	180	128	2	0x0000000000000001	VEXPANDPS	AVX512F_128
6229	4534	1645	180	128	2	0x0000000000000001	VEXPANDPS	AVX512F_128
6230	4535	1645	182	130	2	0x0000000000000004	VEXPANDPS	AVX512F_256
6231	4536	1645	182	130	2	0x0000000000000004	VEXPANDPS	AVX512F_256
6232	4537	1645	183	131	2	0x0000000000000008	VEXPANDPS	AVX512F_512
6233	4538	1645	183	131	2	0x0000000000000008	VEXPANDPS	AVX512F_512
6234	6948	1083	180	128	2	0x0000000000000001	VPEXPANDD	AVX512F_128
6235	6949	1083	180	128	2	0x0000000000000001	VPEXPANDD	AVX512F_128
6236	6950	1083	182	130	2	0x0000000000000004	VPEXPANDD	AVX512F_256
6237	6951	1083	182	130	2	0x0000000000000004	VPEXPANDD	AVX512F_256
6238	6952	1083	183	131	2	0x0000000000000008	VPEXPANDD	AVX512F_512
6239	6953	1083	183	131	2	0x0000000000000008	VPEXPANDD	AVX512F_512
6240	6954	1084	180	128	2	0x0000000000000001	VPEXPANDQ	AVX512F_128
6241	6955	1084	180	128	2	0x0000000000000001	VPEXPANDQ	AVX512F_128
6242	6956	1084	182	130	2	0x0000000000000004	VPEXPANDQ	AVX512F_256
6243	6957	1084	182	130	2	0x0000000000000004	VPEXPANDQ	AVX512F_256
6244	6958	1084	183	131	2	0x0000000000000008	VPEXPANDQ	AVX512F_512
6245	6959	1084	183	131	2	0x0000000000000008	VPEXPANDQ	AVX512F_512
6246	3637	1505	180	128	2	0x0000000000000001	VCOMPRESSPD	AVX512F_128
6247	3638	1505	182	130	2	0x0000000000000004	VCOMPRESSPD	AVX512F_256
6248	3639	1505	183	131	2	0x0000000000000008	VCOMPRESSPD	AVX512F_512
6249	3640	1505	180	128	2	0x0000000000000001	VCOMPRESSPD	AVX512F_128
6250	3641	1505	182	130	2	0x0000000000000004	VCOMPRESSPD	AVX512F_256
6251	3642	1505	183	131	2	0x0000000000000008	VCOMPRESSPD	AVX512F_512
6252	3643	1506	180	128	2	0x0000000000000001	VCOMPRESSPS	AVX512F_128
6253	3644	1506	182	130	2	0x0000000000000004	VCOMPRESSPS	AVX512F_256
6254	3645	1506	183	131	2	0x0000000000000008	VCOMPRESSPS	AVX512F_512
6255	3646	1506	180	128	2	0x0000000000000001	VCOMPRESSPS	AVX512F_128
6256	3647	1506	182	130	2	0x0000000000000004	VCOMPRESSPS	AVX512F_256
6257	3648	1506	183	131	2	0x0000000000000008	VCOMPRESSPS	AVX512F_512
6258	6568	1079	180	128	2	0x0000000000000001	VPCOMPRESSD	AVX512F_128
6259	6569	1079	182	130	2	0x0000000000000004	VPCOMPRESSD	AVX512F_256
6260	6570	1079	183	131	2	0x0000000000000008	VPCOMPRESSD	AVX512F_512
6261	6571	1079	180	128	2	0x0000000000000001	VPCOMPRESSD	AVX512F_128
6262	6572	1079	182	130	2	0x0000000000000004	VPCOMPRESSD	AVX512F_256
6263	6573	1079	183	131	2	0x0000000000000008	VPCOMPRESSD	AVX512F_512
6264	6574	1080	180	128	2	0x0000000000000001	VPCOMPRESSQ	AVX512F_128
6265	6575	1080	182	130	2	0x0000000000000004	VPCOMPRESSQ	AVX512F_256
6266	6576	1080	183	131	2	0x0000000000000008	VPCOMPRESSQ	AVX512F_512
6267	6577	1080	180	128	2	0x0000000000000001	VPCOMPRESSQ	AVX512F_128
6268	6578	1080	182	130	2	0x0000000000000004	VPCOMPRESSQ	AVX512F_256
6269	6579	1080	183	131	2	0x0000000000000008	VPCOMPRESSQ	AVX512F_512
6270	6774	714	235	183	2	0x0080000000000000	VPERMB	AVX512_VBMI_128
6271	6775	714	235	183	2	0x0080000000000000	VPERMB	AVX512_VBMI_128
6272	6776	714	236	184	2	0x0100000000000000	VPERMB	AVX512_VBMI_256
6273	6777	714	236	184	2	0x0100000000000000	VPERMB	AVX512_VBMI_256
6274	6778	714	237	185	2	0x0200000000000000	VPERMB	AVX512_VBMI_512
6275	6779	714	237	185	2	0x0200000000000000	VPERMB	AVX512_VBMI_512
6276	6936	1103	162	110	1	0x0000400000000000	VPERMW	AVX512BW_128
6277	6937	1103	162	110	1	0x0000400000000000	VPERMW	AVX512BW_128
6278	6938	1103	164	112	1	0x0001000000000000	VPERMW	AVX512BW_256
6279	6939	1103	164	112	1	0x0001000000000000	VPERMW	AVX512BW_256
6280	6940	1103	165	113	1	0x0002000000000000	VPERMW	AVX512BW_512
6281	6941	1103	165	113	1	0x0002000000000000	VPERMW	AVX512BW_512
6282	7875	1088	193	141	2	0x0000000000002000	VPSHUFBITQMB	AVX512_BITALG_128
6283	7876	1088	193	141	2	0x0000000000002000	VPSHUFBITQMB	AVX512_BITALG_128
6284	7877	1088	194	142	2	0x0000000000004000	VPSHUFBITQMB	AVX512_BITALG_256
6285	7878	1088	194	142	2	0x0000000000004000	VPSHUFBITQMB	AVX512_BITALG_256
6286	7879	1088	195	143	2	0x0000000000008000	VPSHUFBITQMB	AVX512_BITALG_512
6287	7880	1088	195	143	2	0x0000000000008000	VPSHUFBITQMB	AVX512_BITALG_512
6288	6984	1848	180	128	2	0x0000000000000001	VPGATHERDD	AVX512F_128
6289	6986	1848	182	130	2	0x0000000000000004	VPGATHERDD	AVX512F_256
6290	6988	1848	183	131	2	0x0000000000000008	VPGATHERDD	AVX512F_512
6291	6989	1849	180	128	2	0x0000000000000001	VPGATHERDQ	AVX512F_128
6292	6991	1849	182	130	2	0x0000000000000004	VPGATHERDQ	AVX512F_256
6293	6993	1849	183	131	2	0x0000000000000008	VPGATHERDQ	AVX512F_512
6294	6994	1850	180	128	2	0x0000000000000001	VPGATHERQD	AVX512F_128
6295	6995	1850	182	130	2	0x0000000000000004	VPGATHERQD	AVX512F_256
6296	6998	1850	183	131	2	0x0000000000000008	VPGATHERQD	AVX512F_512
6297	6999	1851	180	128	2	0x0000000000000001	VPGATHERQQ	AVX512F_128
6298	7001	1851	182	130	2	0x0000000000000004	VPGATHERQQ	AVX512F_256
6299	7003	1851	183	131	2	0x0000000000000008	VPGATHERQQ	AVX512F_512
6300	5417	1718	180	128	2	0x0000000000000001	VGATHERDPD	AVX512F_128
6301	5419	1718	182	130	2	0x0000000000000004	VGATHERDPD	AVX512F_256
6302	5421	1718	183	131	2	0x0000000000000008	VGATHERDPD	AVX512F_512
6303	5422	1719	180	128	2	0x0000000000000001	VGATHERDPS	AVX512F_128
6304	5424	1719	182	130	2	0x0000000000000004	VGATHERDPS	AVX512F_256
6305	5426	1719	183	131	2	0x0000000000000008	VGATHERDPS	AVX512F_512
6306	5435	1728	180	128	2	0x0000000000000001	VGATHERQPD	AVX512F_128
6307	5437	1728	182	130	2	0x0000000000000004	VGATHERQPD	AVX512F_256
6308	5439	1728	183	131	2	0x0000000000000008	VGATHERQPD	AVX512F_512
6309	5440	1729	180	128	2	0x0000000000000001	VGATHERQPS	AVX512F_128
6310	5441	1729	182	130	2	0x0000000000000004	VGATHERQPS	AVX512F_256
6311	5444	1729	183	131	2	0x0000000000000008	VGATHERQPS	AVX512F_512
6312	4757	750	180	128	2	0x0000000000000001	VFMADDSUB132PD	AVX512F_128
6313	4758	750	180	128	2	0x0000000000000001	VFMADDSUB132PD	AVX512F_128
6314	4759	750	182	130	2	0x0000000000000004	VFMADDSUB132PD	AVX512F_256
6315	4760	750	182	130	2	0x0000000000000004	VFMADDSUB132PD	AVX512F_256
6316	4763	750	183	131	2	0x0000000000000008	VFMADDSUB132PD	AVX512F_512
6317	4764	750	183	131	2	0x0000000000000008	VFMADDSUB132PD	AVX512F_512
6318	4764	750	183	131	2	0x0000000000000008	VFMADDSUB132PD	AVX512F_512
6319	4773	749	180	128	2	0x0000000000000001	VFMADDSUB132PS	AVX512F_128
6320	4774	749	180	128	2	0x0000000000000001	VFMADDSUB132PS	AVX512F_128
6321	4775	749	182	130	2	0x0000000000000004	VFMADDSUB132PS	AVX512F_256
6322	4776	749	182	130	2	0x0000000000000004	VFMADDSUB132PS	AVX512F_256
6323	4779	749	183	131	2	0x0000000000000008	VFMADDSUB132PS	AVX512F_512
6324	4780	749	183	131	2	0x0000000000000008	VFMADDSUB132PS	AVX512F_512
6325	4780	749	183	131	2	0x0000000000000008	VFMADDSUB132PS	AVX512F_512
6326	4973	756	180	128	2	0x0000000000000001	VFMSUBADD132PD	AVX512F_128
6327	4974	756	180	128	2	0x0000000000000001	VFMSUBADD132PD	AVX512F_128
6328	4975	756	182	130	2	0x0000000000000004	VFMSUBADD132PD	AVX512F_256
6329	4976	756	182	130	2	0x0000000000000004	VFMSUBADD132PD	AVX512F_256
6330	4979	756	183	131	2	0x0000000000000008	VFMSUBADD132PD	AVX512F_512
6331	4980	756	183	131	2	0x0000000000000008	VFMSUBADD132PD	AVX512F_512
6332	4980	756	183	131	2	0x0000000000000008	VFMSUBADD132PD	AVX512F_512
6333	4989	755	180	128	2	0x0000000000000001	VFMSUBADD132PS	AVX512F_128
6334	4990	755	180	128	2	0x0000000000000001	VFMSUBADD132PS	AVX512F_128
6335	4991	755	182	130	2	0x0000000000000004	VFMSUBADD132PS	AVX512F_256
6336	4992	755	182	130	2	0x0000000000000004	VFMSUBADD132PS	AVX512F_256
6337	4995	755	183	131	2	0x0000000000000008	VFMSUBADD132PS	AVX512F_512
6338	4996	755	183	131	2	0x0000000000000008	VFMSUBADD132PS	AVX512F_512
6339	4996	755	183	131	2	0x0000000000000008	VFMSUBADD132PS	AVX512F_512
6340	4611	702	180	128	2	0x0000000000000001	VFMADD132PD	AVX512F_128
6341	4612	702	180	128	2	0x0000000000000001	VFMADD132PD	AVX512F_128
6342	4613	702	182	130	2	0x0000000000000004	VFMADD132PD	AVX512F_256
6343	4614	702	182	130	2	0x0000000000000004	VFMADD132PD	AVX512F_256
6344	4617	702	183	131	2	0x0000000000000008	VFMADD132PD	AVX512F_512
6345	4618	702	183	131	2	0x0000000000000008	VFMADD132PD	AVX512F_512
6346	4618	702	183	131	2	0x0000000000000008	VFMADD132PD	AVX512F_512
6347	4627	699	180	128	2	0x0000000000000001	VFMADD132PS	AVX512F_128
6348	4628	699	180	128	2	0x0000000000000001	VFMADD132PS	AVX512F_128
6349	4629	699	182	130	2	0x0000000000000004	VFMADD132PS	AVX512F_256
6350	4630	699	182	130	2	0x0000000000000004	VFMADD132PS	AVX512F_256
6351	4633	699	183	131	2	0x0000000000000008	VFMADD132PS	AVX512F_512
6352	4634	699	183	131	2	0x0000000000000008	VFMADD132PS	AVX512F_512
6353	4634	699	183	131	2	0x0000000000000008	VFMADD132PS	AVX512F_512
6354	4637	704	185	133	2	0x0000000000000020	VFMADD132SD	AVX512F_SCALAR
6355	4638	704	185	133	2	0x0000000000000020	VFMADD132SD	AVX512F_SCALAR
6356	4638	704	185	133	2	0x0000000000000020	VFMADD132SD	AVX512F_SCALAR
6357	4643	703	185	133	2	0x0000000000000020	VFMADD132SS	AVX512F_SCALAR
6358	4644	703	185	133	2	0x0000000000000020	VFMADD132SS	AVX512F_SCALAR
6359	4644	703	185	133	2	0x0000000000000020	VFMADD132SS	AVX512F_SCALAR
6360	3361	1118	187	135	2	0x0000000000000080	V4FMADDPS	AVX512_4FMAPS_512
6361	4853	762	180	128	2	0x0000000000000001	VFMSUB132PD	AVX512F_128
6362	4854	762	180	128	2	0x0000000000000001	VFMSUB132PD	AVX512F_128
6363	4855	762	182	130	2	0x0000000000000004	VFMSUB132PD	AVX512F_256
6364	4856	762	182	130	2	0x0000000000000004	VFMSUB132PD	AVX512F_256
6365	4859	762	183	131	2	0x0000000000000008	VFMSUB132PD	AVX512F_512
6366	4860	762	183	131	2	0x0000000000000008	VFMSUB132PD	AVX512F_512
6367	4860	762	183	131	2	0x0000000000000008	VFMSUB132PD	AVX512F_512
6368	4869	761	180	128	2	0x0000000000000001	VFMSUB132PS	AVX512F_128
6369	4870	761	180	128	2	0x0000000000000001	VFMSUB132PS	AVX512F_128
6370	4871	761	182	130	2	0x0000000000000004	VFMSUB132PS	AVX512F_256
6371	4872	761	182	130	2	0x0000000000000004	VFMSUB132PS	AVX512F_256
6372	4875	761	183	131	2	0x0000000000000008	VFMSUB132PS	AVX512F_512
6373	4876	761	183	131	2	0x0000000000000008	VFMSUB132PS	AVX512F_512
6374	4876	761	183	131	2	0x0000000000000008	VFMSUB132PS	AVX512F_512
6375	3362	1119	188	136	2	0x0000000000000100	V4FMADDSS	AVX512_4FMAPS_SCALAR
6376	4879	764	185	133	2	0x0000000000000020	VFMSUB132SD	AVX512F_SCALAR
6377	4880	764	185	133	2	0x0000000000000020	VFMSUB132SD	AVX512F_SCALAR
6378	4880	764	185	133	2	0x0000000000000020	VFMSUB132SD	AVX512F_SCALAR
6379	4885	763	185	133	2	0x0000000000000020	VFMSUB132SS	AVX512F_SCALAR
6380	4886	763	185	133	2	0x0000000000000020	VFMSUB132SS	AVX512F_SCALAR
6381	4886	763	185	133	2	0x0000000000000020	VFMSUB132SS	AVX512F_SCALAR
6382	5095	774	180	128	2	0x0000000000000001	VFNMADD132PD	AVX512F_128
6383	5096	774	180	128	2	0x0000000000000001	VFNMADD132PD	AVX512F_128
6384	5097	774	182	130	2	0x0000000000000004	VFNMADD132PD	AVX512F_256
6385	5098	774	182	130	2	0x0000000000000004	VFNMADD132PD	AVX512F_256
6386	5101	774	183	131	2	0x0000000000000008	VFNMADD132PD	AVX512F_512
6387	5102	774	183	131	2	0x0000000000000008	VFNMADD132PD	AVX512F_512
6388	5102	774	183	131	2	0x0000000000000008	VFNMADD132PD	AVX512F_512
6389	5111	773	180	128	2	0x0000000000000001	VFNMADD132PS	AVX512F_128
6390	5112	773	180	128	2	0x0000000000000001	VFNMADD132PS	AVX512F_128
6391	5113	773	182	130	2	0x0000000000000004	VFNMADD132PS	AVX512F_256
6392	5114	773	182	130	2	0x0000000000000004	VFNMADD132PS	AVX512F_256
6393	5117	773	183	131	2	0x0000000000000008	VFNMADD132PS	AVX512F_512
6394	5118	773	183	131	2	0x0000000000000008	VFNMADD132PS	AVX512F_512
6395	5118	773	183	131	2	0x0000000000000008	VFNMADD132PS	AVX512F_512
6396	5121	776	185	133	2	0x0000000000000020	VFNMADD132SD	AVX512F_SCALAR
6397	5122	776	185	133	2	0x0000000000000020	VFNMADD132SD	AVX512F_SCALAR
6398	5122	776	185	133	2	0x0000000000000020	VFNMADD132SD	AVX512F_SCALAR
6399	5127	775	185	133	2	0x0000000000000020	VFNMADD132SS	AVX512F_SCALAR
6400	5128	775	185	133	2	0x0000000000000020	VFNMADD132SS	AVX512F_SCALAR
6401	5128	775	185	133	2	0x0000000000000020	VFNMADD132SS	AVX512F_SCALAR
6402	5239	786	180	128	2	0x0000000000000001	VFNMSUB132PD	AVX512F_128
6403	5240	786	180	128	2	0x0000000000000001	VFNMSUB132PD	AVX512F_128
6404	5241	786	182	130	2	0x0000000000000004	VFNMSUB132PD	AVX512F_256
6405	5242	786	182	130	2	0x0000000000000004	VFNMSUB132PD	AVX512F_256
6406	5245	786	183	131	2	0x0000000000000008	VFNMSUB132PD	AVX512F_512
6407	5246	786	183	131	2	0x0000000000000008	VFNMSUB132PD	AVX512F_512
6408	5246	786	183	131	2	0x0000000000000008	VFNMSUB132PD	AVX512F_512
6409	5255	785	180	128	2	0x0000000000000001	VFNMSUB132PS	AVX512F_128
6410	5256	785	180	128	2	0x0000000000000001	VFNMSUB132PS	AVX512F_128
6411	5257	785	182	130	2	0x0000000000000004	VFNMSUB132PS	AVX512F_256
6412	5258	785	182	130	2	0x0000000000000004	VFNMSUB132PS	AVX512F_256
6413	5261	785	183	131	2	0x0000000000000008	VFNMSUB132PS	AVX512F_512
6414	5262	785	183	131	2	0x0000000000000008	VFNMSUB132PS	AVX512F_512
6415	5262	785	183	131	2	0x0000000000000008	VFNMSUB132PS	AVX512F_512
6416	5265	788	185	133	2	0x0000000000000020	VFNMSUB132SD	AVX512F_SCALAR
6417	5266	788	185	133	2	0x0000000000000020	VFNMSUB132SD	AVX512F_SCALAR
6418	5266	788	185	133	2	0x0000000000000020	VFNMSUB132SD	AVX512F_SCALAR
6419	5271	787	185	133	2	0x0000000000000020	VFNMSUB132SS	AVX512F_SCALAR
6420	5272	787	185	133	2	0x0000000000000020	VFNMSUB132SS	AVX512F_SCALAR
6421	5272	787	185	133	2	0x0000000000000020	VFNMSUB132SS	AVX512F_SCALAR
6422	7767	1905	180	128	2	0x0000000000000001	VPSCATTERDD	AVX512F_128
6423	7768	1905	182	130	2	0x0000000000000004	VPSCATTERDD	AVX512F_256
6424	7769	1905	183	131	2	0x0000000000000008	VPSCATTERDD	AVX512F_512
6425	7770	1906	180	128	2	0x0000000000000001	VPSCATTERDQ	AVX512F_128
6426	7771	1906	182	130	2	0x0000000000000004	VPSCATTERDQ	AVX512F_256
6427	7772	1906	183	131	2	0x0000000000000008	VPSCATTERDQ	AVX512F_512
6428	7773	1907	180	128	2	0x0000000000000001	VPSCATTERQD	AVX512F_128
6429	7774	1907	182	130	2	0x0000000000000004	VPSCATTERQD	AVX512F_256
6430	7775	1907	183	131	2	0x0000000000000008	VPSCATTERQD	AVX512F_512
6431	7776	1908	180	128	2	0x0000000000000001	VPSCATTERQQ	AVX512F_128
6432	7777	1908	182	130	2	0x0000000000000004	VPSCATTERQQ	AVX512F_256
6433	7778	1908	183	131	2	0x0000000000000008	VPSCATTERQQ	AVX512F_512
6434	8625	1985	180	128	2	0x0000000000000001	VSCATTERDPD	AVX512F_128
6435	8626	1985	182	130	2	0x0000000000000004	VSCATTERDPD	AVX512F_256
6436	8627	1985	183	131	2	0x0000000000000008	VSCATTERDPD	AVX512F_512
6437	8628	1986	180	128	2	0x0000000000000001	VSCATTERDPS	AVX512F_128
6438	8629	1986	182	130	2	0x0000000000000004	VSCATTERDPS	AVX512F_256
6439	8630	1986	183	131	2	0x0000000000000008	VSCATTERDPS	AVX512F_512
6440	8639	1995	180	128	2	0x0000000000000001	VSCATTERQPD	AVX512F_128
6441	8640	1995	182	130	2	0x0000000000000004	VSCATTERQPD	AVX512F_256
6442	8641	1995	183	131	2	0x0000000000000008	VSCATTERQPD	AVX512F_512
6443	8642	1996	180	128	2	0x0000000000000001	VSCATTERQPS	AVX512F_128
6444	8643	1996	182	130	2	0x0000000000000004	VSCATTERQPS	AVX512F_256
6445	8644	1996	183	131	2	0x0000000000000008	VSCATTERQPS	AVX512F_512
6446	4783	752	180	128	2	0x0000000000000001	VFMADDSUB213PD	AVX512F_128
6447	4784	752	180	128	2	0x0000000000000001	VFMADDSUB213PD	AVX512F_128
6448	4785	752	182	130	2	0x0000000000000004	VFMADDSUB213PD	AVX512F_256
6449	4786	752	182	130	2	0x0000000000000004	VFMADDSUB213PD	AVX512F_256
6450	4789	752	183	131	2	0x0000000000000008	VFMADDSUB213PD	AVX512F_512
6451	4790	752	183	131	2	0x0000000000000008	VFMADDSUB213PD	AVX512F_512
6452	4790	752	183	131	2	0x0000000000000008	VFMADDSUB213PD	AVX512F_512
6453	4799	751	180	128	2	0x0000000000000001	VFMADDSUB213PS	AVX512F_128
6454	4800	751	180	128	2	0x0000000000000001	VFMADDSUB213PS	AVX512F_128
6455	4801	751	182	130	2	0x0000000000000004	VFMADDSUB213PS	AVX512F_256
6456	4802	751	182	130	2	0x0000000000000004	VFMADDSUB213PS	AVX512F_256
6457	4805	751	183	131	2	0x0000000000000008	VFMADDSUB213PS	AVX512F_512
6458	4806	751	183	131	2	0x0000000000000008	VFMADDSUB213PS	AVX512F_512
6459	4806	751	183	131	2	0x0000000000000008	VFMADDSUB213PS	AVX512F_512
6460	4999	758	180	128	2	0x0000000000000001	VFMSUBADD213PD	AVX512F_128
6461	5000	758	180	128	2	0x0000000000000001	VFMSUBADD213PD	AVX512F_128
6462	5001	758	182	130	2	0x0000000000000004	VFMSUBADD213PD	AVX512F_256
6463	5002	758	182	130	2	0x0000000000000004	VFMSUBADD213PD	AVX512F_256
6464	5005	758	183	131	2	0x0000000000000008	VFMSUBADD213PD	AVX512F_512
6465	5006	758	183	131	2	0x0000000000000008	VFMSUBADD213PD	AVX512F_512
6466	5006	758	183	131	2	0x0000000000000008	VFMSUBADD213PD	AVX512F_512
6467	5015	757	180	128	2	0x0000000000000001	VFMSUBADD213PS	AVX512F_128
6468	5016	757	180	128	2	0x0000000000000001	VFMSUBADD213PS	AVX512F_128
6469	5017	757	182	130	2	0x0000000000000004	VFMSUBADD213PS	AVX512F_256
6470	5018	757	182	130	2	0x0000000000000004	VFMSUBADD213PS	AVX512F_256
6471	5021	757	183	131	2	0x0000000000000008	VFMSUBADD213PS	AVX512F_512
6472	5022	757	183	131	2	0x0000000000000008	VFMSUBADD213PS	AVX512F_512
6473	5022	757	183	131	2	0x0000000000000008	VFMSUBADD213PS	AVX512F_512
6474	4653	743	180	128	2	0x0000000000000001	VFMADD213PD	AVX512F_128
6475	4654	743	180	128	2	0x0000000000000001	VFMADD213PD	AVX512F_128
6476	4655	743	182	130	2	0x0000000000000004	VFMADD213PD	AVX512F_256
6477	4656	743	182	130	2	0x0000000000000004	VFMADD213PD	AVX512F_256
6478	4659	743	183	131	2	0x0000000000000008	VFMADD213PD	AVX512F_512
6479	4660	743	183	131	2	0x0000000000000008	VFMADD213PD	AVX512F_512
6480	4660	743	183	131	2	0x0000000000000008	VFMADD213PD	AVX512F_512
6481	4669	700	180	128	2	0x0000000000000001	VFMADD213PS	AVX512F_128
6482	4670	700	180	128	2	0x0000000000000001	VFMADD213PS	AVX512F_128
6483	4671	700	182	130	2	0x0000000000000004	VFMADD213PS	AVX512F_256
6484	4672	700	182	130	2	0x0000000000000004	VFMADD213PS	AVX512F_256
6485	4675	700	183	131	2	0x0000000000000008	VFMADD213PS	AVX512F_512
6486	4676	700	183	131	2	0x0000000000000008	VFMADD213PS	AVX512F_512
6487	4676	700	183	131	2	0x0000000000000008	VFMADD213PS	AVX512F_512
6488	4679	746	185	133	2	0x0000000000000020	VFMADD213SD	AVX512F_SCALAR
6489	4680	746	185	133	2	0x0000000000000020	VFMADD213SD	AVX512F_SCALAR
6490	4680	746	185	133	2	0x0000000000000020	VFMADD213SD	AVX512F_SCALAR
6491	4685	745	185	133	2	0x0000000000000020	VFMADD213SS	AVX512F_SCALAR
6492	4686	745	185	133	2	0x0000000000000020	VFMADD213SS	AVX512F_SCALAR
6493	4686	745	185	133	2	0x0000000000000020	VFMADD213SS	AVX512F_SCALAR
6494	3363	1120	187	135	2	0x0000000000000080	V4FNMADDPS	AVX512_4FMAPS_512
6495	4895	766	180	128	2	0x0000000000000001	VFMSUB213PD	AVX512F_128
6496	4896	766	180	128	2	0x0000000000000001	VFMSUB213PD	AVX512F_128
6497	4897	766	182	130	2	0x0000000000000004	VFMSUB213PD	AVX512F_256
6498	4898	766	182	130	2	0x0000000000000004	VFMSUB213PD	AVX512F_256
6499	4901	766	183	131	2	0x0000000000000008	VFMSUB213PD	AVX512F_512
6500	4902	766	183	131	2	0x0000000000000008	VFMSUB213PD	AVX512F_512
6501	4902	766	183	131	2	0x0000000000000008	VFMSUB213PD	AVX512F_512
6502	4911	765	180	128	2	0x0000000000000001	VFMSUB213PS	AVX512F_128
6503	4912	765	180	128	2	0x0000000000000001	VFMSUB213PS	AVX512F_128
6504	4913	765	182	130	2	0x0000000000000004	VFMSUB213PS	AVX512F_256
6505	4914	765	182	130	2	0x0000000000000004	VFMSUB213PS	AVX512F_256
6506	4917	765	183	131	2	0x0000000000000008	VFMSUB213PS	AVX512F_512
6507	4918	765	183	131	2	0x0000000000000008	VFMSUB213PS	AVX512F_512
6508	4918	765	183	131	2	0x0000000000000008	VFMSUB213PS	AVX512F_512
6509	3364	1121	188	136	2	0x0000000000000100	V4FNMADDSS	AVX512_4FMAPS_SCALAR
6510	4921	768	185	133	2	0x0000000000000020	VFMSUB213SD	AVX512F_SCALAR
6511	4922	768	185	133	2	0x0000000000000020	VFMSUB213SD	AVX512F_SCALAR
6512	4922	768	185	133	2	0x0000000000000020	VFMSUB213SD	AVX512F_SCALAR
6513	4927	767	185	133	2	0x0000000000000020	VFMSUB213SS	AVX512F_SCALAR
6514	4928	767	185	133	2	0x0000000000000020	VFMSUB213SS	AVX512F_SCALAR
6515	4928	767	185	133	2	0x0000000000000020	VFMSUB213SS	AVX512F_SCALAR
6516	5137	778	180	128	2	0x0000000000000001	VFNMADD213PD	AVX512F_128
6517	5138	778	180	128	2	0x0000000000000001	VFNMADD213PD	AVX512F_128
6518	5139	778	182	130	2	0x0000000000000004	VFNMADD213PD	AVX512F_256
6519	5140	778	182	130	2	0x0000000000000004	VFNMADD213PD	AVX512F_256
6520	5143	778	183	131	2	0x0000000000000008	VFNMADD213PD	AVX512F_512
6521	5144	778	183	131	2	0x0000000000000008	VFNMADD213PD	AVX512F_512
6522	5144	778	183	131	2	0x0000000000000008	VFNMADD213PD	AVX512F_512
6523	5153	777	180	128	2	0x0000000000000001	VFNMADD213PS	AVX512F_128
6524	5154	777	180	128	2	0x0000000000000001	VFNMADD213PS	AVX512F_128
6525	5155	777	182	130	2	0x0000000000000004	VFNMADD213PS	AVX512F_256
6526	5156	777	182	130	2	0x0000000000000004	VFNMADD213PS	AVX512F_256
6527	5159	777	183	131	2	0x0000000000000008	VFNMADD213PS	AVX512F_512
6528	5160	777	183	131	2	0x0000000000000008	VFNMADD213PS	AVX512F_512
6529	5160	777	183	131	2	0x0000000000000008	VFNMADD213PS	AVX512F_512
6530	5163	780	185	133	2	0x0000000000000020	VFNMADD213SD	AVX512F_SCALAR
6531	5164	780	185	133	2	0x0000000000000020	VFNMADD213SD	AVX512F_SCALAR
6532	5164	780	185	133	2	0x0000000000000020	VFNMADD213SD	AVX512F_SCALAR
6533	5169	779	185	133	2	0x0000000000000020	VFNMADD213SS	AVX512F_SCALAR
6534	5170	779	185	133	2	0x0000000000000020	VFNMADD213SS	AVX512F_SCALAR
6535	5170	779	185	133	2	0x0000000000000020	VFNMADD213SS	AVX512F_SCALAR
6536	5281	790	180	128	2	0x0000000000000001	VFNMSUB213PD	AVX512F_128
6537	5282	790	180	128	2	0x0000000000000001	VFNMSUB213PD	AVX512F_128
6538	5283	790	182	130	2	0x0000000000000004	VFNMSUB213PD	AVX512F_256
6539	5284	790	182	130	2	0x0000000000000004	VFNMSUB213PD	AVX512F_256
6540	5287	790	183	131	2	0x0000000000000008	VFNMSUB213PD	AVX512F_512
6541	5288	790	183	131	2	0x0000000000000008	VFNMSUB213PD	AVX512F_512
6542	5288	790	183	131	2	0x0000000000000008	VFNMSUB213PD	AVX512F_512
6543	5297	789	180	128	2	0x0000000000000001	VFNMSUB213PS	AVX512F_128
6544	5298	789	180	128	2	0x0000000000000001	VFNMSUB213PS	AVX512F_128
6545	5299	789	182	130	2	0x0000000000000004	VFNMSUB213PS	AVX512F_256
6546	5300	789	182	130	2	0x0000000000000004	VFNMSUB213PS	AVX512F_256
6547	5303	789	183	131	2	0x0000000000000008	VFNMSUB213PS	AVX512F_512
6548	5304	789	183	131	2	0x0000000000000008	VFNMSUB213PS	AVX512F_512
6549	5304	789	183	131	2	0x0000000000000008	VFNMSUB213PS	AVX512F_512
6550	5307	792	185	133	2	0x0000000000000020	VFNMSUB213SD	AVX512F_SCALAR
6551	5308	792	185	133	2	0x0000000000000020	VFNMSUB213SD	AVX512F_SCALAR
6552	5308	792	185	133	2	0x0000000000000020	VFNMSUB213SD	AVX512F_SCALAR
6553	5313	791	185	133	2	0x0000000000000020	VFNMSUB213SS	AVX512F_SCALAR
6554	5314	791	185	133	2	0x0000000000000020	VFNMSUB213SS	AVX512F_SCALAR
6555	5314	791	185	133	2	0x0000000000000020	VFNMSUB213SS	AVX512F_SCALAR
6556	7122	717	211	159	2	0x0000000080000000	VPMADD52LUQ	AVX512_IFMA_128
6557	7123	717	211	159	2	0x0000000080000000	VPMADD52LUQ	AVX512_IFMA_128
6558	7126	717	212	160	2	0x0000000100000000	VPMADD52LUQ	AVX512_IFMA_256
6559	7127	717	212	160	2	0x0000000100000000	VPMADD52LUQ	AVX512_IFMA_256
6560	7130	717	213	161	2	0x0000000200000000	VPMADD52LUQ	AVX512_IFMA_512
6561	7131	717	213	161	2	0x0000000200000000	VPMADD52LUQ	AVX512_IFMA_512
6562	7112	718	211	159	2	0x0000000080000000	VPMADD52HUQ	AVX512_IFMA_128
6563	7113	718	211	159	2	0x0000000080000000	VPMADD52HUQ	AVX512_IFMA_128
6564	7116	718	212	160	2	0x0000000100000000	VPMADD52HUQ	AVX512_IFMA_256
6565	7117	718	212	160	2	0x0000000100000000	VPMADD52HUQ	AVX512_IFMA_256
6566	7120	718	213	161	2	0x0000000200000000	VPMADD52HUQ	AVX512_IFMA_512
6567	7121	718	213	161	2	0x0000000200000000	VPMADD52HUQ	AVX512_IFMA_512
6568	4809	754	180	128	2	0x0000000000000001	VFMADDSUB231PD	AVX512F_128
6569	4810	754	180	128	2	0x0000000000000001	VFMADDSUB231PD	AVX512F_128
6570	4811	754	182	130	2	0x0000000000000004	VFMADDSUB231PD	AVX512F_256
6571	4812	754	182	130	2	0x0000000000000004	VFMADDSUB231PD	AVX512F_256
6572	4815	754	183	131	2	0x0000000000000008	VFMADDSUB231PD	AVX512F_512
6573	4816	754	183	131	2	0x0000000000000008	VFMADDSUB231PD	AVX512F_512
6574	4816	754	183	131	2	0x0000000000000008	VFMADDSUB231PD	AVX512F_512
6575	4825	753	180	128	2	0x0000000000000001	VFMADDSUB231PS	AVX512F_128
6576	4826	753	180	128	2	0x0000000000000001	VFMADDSUB231PS	AVX512F_128
6577	4827	753	182	130	2	0x0000000000000004	VFMADDSUB231PS	AVX512F_256
6578	4828	753	182	130	2	0x0000000000000004	VFMADDSUB231PS	AVX512F_256
6579	4831	753	183	131	2	0x0000000000000008	VFMADDSUB231PS	AVX512F_512
6580	4832	753	183	131	2	0x0000000000000008	VFMADDSUB231PS	AVX512F_512
6581	4832	753	183	131	2	0x0000000000000008	VFMADDSUB231PS	AVX512F_512
6582	5025	760	180	128	2	0x0000000000000001	VFMSUBADD231PD	AVX512F_128
6583	5026	760	180	128	2	0x0000000000000001	VFMSUBADD231PD	AVX512F_128
6584	5027	760	182	130	2	0x0000000000000004	VFMSUBADD231PD	AVX512F_256
6585	5028	760	182	130	2	0x0000000000000004	VFMSUBADD231PD	AVX512F_256
6586	5031	760	183	131	2	0x0000000000000008	VFMSUBADD231PD	AVX512F_512
6587	5032	760	183	131	2	0x0000000000000008	VFMSUBADD231PD	AVX512F_512
6588	5032	760	183	131	2	0x0000000000000008	VFMSUBADD231PD	AVX512F_512
6589	5041	759	180	128	2	0x0000000000000001	VFMSUBADD231PS	AVX512F_128
6590	5042	759	180	128	2	0x0000000000000001	VFMSUBADD231PS	AVX512F_128
6591	5043	759	182	130	2	0x0000000000000004	VFMSUBADD231PS	AVX512F_256
6592	5044	759	182	130	2	0x0000000000000004	VFMSUBADD231PS	AVX512F_256
6593	5047	759	183	131	2	0x0000000000000008	VFMSUBADD231PS	AVX512F_512
6594	5048	759	183	131	2	0x0000000000000008	VFMSUBADD231PS	AVX512F_512
6595	5048	759	183	131	2	0x0000000000000008	VFMSUBADD231PS	AVX512F_512
6596	4695	744	180	128	2	0x0000000000000001	VFMADD231PD	AVX512F_128
6597	4696	744	180	128	2	0x0000000000000001	VFMADD231PD	AVX512F_128
6598	4697	744	182	130	2	0x0000000000000004	VFMADD231PD	AVX512F_256
6599	4698	744	182	130	2	0x0000000000000004	VFMADD231PD	AVX512F_256
6600	4701	744	183	131	2	0x0000000000000008	VFMADD231PD	AVX512F_512
6601	4702	744	183	131	2	0x0000000000000008	VFMADD231PD	AVX512F_512
6602	4702	744	183	131	2	0x0000000000000008	VFMADD231PD	AVX512F_512
6603	4711	701	180	128	2	0x0000000000000001	VFMADD231PS	AVX512F_128
6604	4712	701	180	128	2	0x0000000000000001	VFMADD231PS	AVX512F_128
6605	4713	701	182	130	2	0x0000000000000004	VFMADD231PS	AVX512F_256
6606	4714	701	182	130	2	0x0000000000000004	VFMADD231PS	AVX512F_256
6607	4717	701	183	131	2	0x0000000000000008	VFMADD231PS	AVX512F_512
6608	4718	701	183	131	2	0x0000000000000008	VFMADD231PS	AVX512F_512
6609	4718	701	183	131	2	0x0000000000000008	VFMADD231PS	AVX512F_512
6610	4721	748	185	133	2	0x0000000000000020	VFMADD231SD	AVX512F_SCALAR
6611	4722	748	185	133	2	0x0000000000000020	VFMADD231SD	AVX512F_SCALAR
6612	4722	748	185	133	2	0x0000000000000020	VFMADD231SD	AVX512F_SCALAR
6613	4727	747	185	133	2	0x0000000000000020	VFMADD231SS	AVX512F_SCALAR
6614	4728	747	185	133	2	0x0000000000000020	VFMADD231SS	AVX512F_SCALAR
6615	4728	747	185	133	2	0x0000000000000020	VFMADD231SS	AVX512F_SCALAR
6616	4937	770	180	128	2	0x0000000000000001	VFMSUB231PD	AVX512F_128
6617	4938	770	180	128	2	0x0000000000000001	VFMSUB231PD	AVX512F_128
6618	4939	770	182	130	2	0x0000000000000004	VFMSUB231PD	AVX512F_256
6619	4940	770	182	130	2	0x0000000000000004	VFMSUB231PD	AVX512F_256
6620	4943	770	183	131	2	0x0000000000000008	VFMSUB231PD	AVX512F_512
6621	4944	770	183	131	2	0x0000000000000008	VFMSUB231PD	AVX512F_512
6622	4944	770	183	131	2	0x0000000000000008	VFMSUB231PD	AVX512F_512
6623	4953	769	180	128	2	0x0000000000000001	VFMSUB231PS	AVX512F_128
6624	4954	769	180	128	2	0x0000000000000001	VFMSUB231PS	AVX512F_128
6625	4955	769	182	130	2	0x0000000000000004	VFMSUB231PS	AVX512F_256
6626	4956	769	182	130	2	0x0000000000000004	VFMSUB231PS	AVX512F_256
6627	4959	769	183	131	2	0x0000000000000008	VFMSUB231PS	AVX512F_512
6628	4960	769	183	131	2	0x0000000000000008	VFMSUB231PS	AVX512F_512
6629	4960	769	183	131	2	0x0000000000000008	VFMSUB231PS	AVX512F_512
6630	4963	772	185	133	2	0x0000000000000020	VFMSUB231SD	AVX512F_SCALAR
6631	4964	772	185	133	2	0x0000000000000020	VFMSUB231SD	AVX512F_SCALAR
6632	4964	772	185	133	2	0x0000000000000020	VFMSUB231SD	AVX512F_SCALAR
6633	4969	771	185	133	2	0x0000000000000020	VFMSUB231SS	AVX512F_SCALAR
6634	4970	771	185	133	2	0x0000000000000020	VFMSUB231SS	AVX512F_SCALAR
6635	4970	771	185	133	2	0x0000000000000020	VFMSUB231SS	AVX512F_SCALAR
6636	5179	782	180	128	2	0x0000000000000001	VFNMADD231PD	AVX512F_128
6637	5180	782	180	128	2	0x0000000000000001	VFNMADD231PD	AVX512F_128
6638	5181	782	182	130	2	0x0000000000000004	VFNMADD231PD	AVX512F_256
6639	5182	782	182	130	2	0x0000000000000004	VFNMADD231PD	AVX512F_256
6640	5185	782	183	131	2	0x0000000000000008	VFNMADD231PD	AVX512F_512
6641	5186	782	183	131	2	0x0000000000000008	VFNMADD231PD	AVX512F_512
6642	5186	782	183	131	2	0x0000000000000008	VFNMADD231PD	AVX512F_512
6643	5195	781	180	128	2	0x0000000000000001	VFNMADD231PS	AVX512F_128
6644	5196	781	180	128	2	0x0000000000000001	VFNMADD231PS	AVX512F_128
6645	5197	781	182	130	2	0x0000000000000004	VFNMADD231PS	AVX512F_256
6646	5198	781	182	130	2	0x0000000000000004	VFNMADD231PS	AVX512F_256
6647	5201	781	183	131	2	0x0000000000000008	VFNMADD231PS	AVX512F_512
6648	5202	781	183	131	2	0x0000000000000008	VFNMADD231PS	AVX512F_512
6649	5202	781	183	131	2	0x0000000000000008	VFNMADD231PS	AVX512F_512
6650	5205	784	185	133	2	0x0000000000000020	VFNMADD231SD	AVX512F_SCALAR
6651	5206	784	185	133	2	0x0000000000000020	VFNMADD231SD	AVX512F_SCALAR
6652	5206	784	185	133	2	0x0000000000000020	VFNMADD231SD	AVX512F_SCALAR
6653	5211	783	185	133	2	0x0000000000000020	VFNMADD231SS	AVX512F_SCALAR
6654	5212	783	185	133	2	0x0000000000000020	VFNMADD231SS	AVX512F_SCALAR
6655	5212	783	185	133	2	0x0000000000000020	VFNMADD231SS	AVX512F_SCALAR
6656	5323	794	180	128	2	0x0000000000000001	VFNMSUB231PD	AVX512F_128
6657	5324	794	180	128	2	0x0000000000000001	VFNMSUB231PD	AVX512F_128
6658	5325	794	182	130	2	0x0000000000000004	VFNMSUB231PD	AVX512F_256
6659	5326	794	182	130	2	0x0000000000000004	VFNMSUB231PD	AVX512F_256
6660	5329	794	183	131	2	0x0000000000000008	VFNMSUB231PD	AVX512F_512
6661	5330	794	183	131	2	0x0000000000000008	VFNMSUB231PD	AVX512F_512
6662	5330	794	183	131	2	0x0000000000000008	VFNMSUB231PD	AVX512F_512
6663	5339	793	180	128	2	0x0000000000000001	VFNMSUB231PS	AVX512F_128
6664	5340	793	180	128	2	0x0000000000000001	VFNMSUB231PS	AVX512F_128
6665	5341	793	182	130	2	0x0000000000000004	VFNMSUB231PS	AVX512F_256
6666	5342	793	182	130	2	0x0000000000000004	VFNMSUB231PS	AVX512F_256
6667	5345	793	183	131	2	0x0000000000000008	VFNMSUB231PS	AVX512F_512
6668	5346	793	183	131	2	0x0000000000000008	VFNMSUB231PS	AVX512F_512
6669	5346	793	183	131	2	0x0000000000000008	VFNMSUB231PS	AVX512F_512
6670	5349	796	185	133	2	0x0000000000000020	VFNMSUB231SD	AVX512F_SCALAR
6671	5350	796	185	133	2	0x0000000000000020	VFNMSUB231SD	AVX512F_SCALAR
6672	5350	796	185	133	2	0x0000000000000020	VFNMSUB231SD	AVX512F_SCALAR
6673	5355	795	185	133	2	0x0000000000000020	VFNMSUB231SS	AVX512F_SCALAR
6674	5356	795	185	133	2	0x0000000000000020	VFNMSUB231SS	AVX512F_SCALAR
6675	5356	795	185	133	2	0x0000000000000020	VFNMSUB231SS	AVX512F_SCALAR
6676	6598	1089	168	116	1	0x0010000000000000	VPCONFLICTD	AVX512CD_128
6677	6599	1089	168	116	1	0x0010000000000000	VPCONFLICTD	AVX512CD_128
6678	6600	1089	169	117	1	0x0020000000000000	VPCONFLICTD	AVX512CD_256
6679	6601	1089	169	117	1	0x0020000000000000	VPCONFLICTD	AVX512CD_256
6680	6602	1089	170	118	1	0x0040000000000000	VPCONFLICTD	AVX512CD_512
6681	6603	1089	170	118	1	0x0040000000000000	VPCONFLICTD	AVX512CD_512
6682	6604	1090	168	116	1	0x0010000000000000	VPCONFLICTQ	AVX512CD_128
6683	6605	1090	168	116	1	0x0010000000000000	VPCONFLICTQ	AVX512CD_128
6684	6606	1090	169	117	1	0x0020000000000000	VPCONFLICTQ	AVX512CD_256
6685	6607	1090	169	117	1	0x0020000000000000	VPCONFLICTQ	AVX512CD_256
6686	6608	1090	170	118	1	0x0040000000000000	VPCONFLICTQ	AVX512CD_512
6687	6609	1090	170	118	1	0x0040000000000000	VPCONFLICTQ	AVX512CD_512
6688	5427	1720	186	134	2	0x0000000000000040	VGATHERPF0DPD	AVX512PF_512
6689	5428	1721	186	134	2	0x0000000000000040	VGATHERPF0DPS	AVX512PF_512
6690	5431	1724	186	134	2	0x0000000000000040	VGATHERPF1DPD	AVX512PF_512
6691	5432	1725	186	134	2	0x0000000000000040	VGATHERPF1DPS	AVX512PF_512
6692	8631	1987	186	134	2	0x0000000000000040	VSCATTERPF0DPD	AVX512PF_512
6693	8632	1988	186	134	2	0x0000000000000040	VSCATTERPF0DPS	AVX512PF_512
6694	8635	1991	186	134	2	0x0000000000000040	VSCATTERPF1DPD	AVX512PF_512
6695	8636	1992	186	134	2	0x0000000000000040	VSCATTERPF1DPS	AVX512PF_512
6696	5429	1722	186	134	2	0x0000000000000040	VGATHERPF0QPD	AVX512PF_512
6697	5430	1723	186	134	2	0x0000000000000040	VGATHERPF0QPS	AVX512PF_512
6698	5433	1726	186	134	2	0x0000000000000040	VGATHERPF1QPD	AVX512PF_512
6699	5434	1727	186	134	2	0x0000000000000040	VGATHERPF1QPS	AVX512PF_512
6700	8633	1989	186	134	2	0x0000000000000040	VSCATTERPF0QPD	AVX512PF_512
6701	8634	1990	186	134	2	0x0000000000000040	VSCATTERPF0QPS	AVX512PF_512
6702	8637	1993	186	134	2	0x0000000000000040	VSCATTERPF1QPD	AVX512PF_512
6703	8638	1994	186	134	2	0x0000000000000040	VSCATTERPF1QPS	AVX512PF_512
6704	4523	1642	178	126	1	0x4000000000000000	VEXP2PD	AVX512ER_512
6705	4524	1642	178	126	1	0x4000000000000000	VEXP2PD	AVX512ER_512
6706	4524	1642	178	126	1	0x4000000000000000	VEXP2PD	AVX512ER_512
6707	4525	1643	178	126	1	0x4000000000000000	VEXP2PS	AVX512ER_512
6708	4526	1643	178	126	1	0x4000000000000000	VEXP2PS	AVX512ER_512
6709	4526	1643	178	126	1	0x4000000000000000	VEXP2PS	AVX512ER_512
6710	8451	1942	178	126	1	0x4000000000000000	VRCP28PD	AVX512ER_512
6711	8452	1942	178	126	1	0x4000000000000000	VRCP28PD	AVX512ER_512
6712	8452	1942	178	126	1	0x4000000000000000	VRCP28PD	AVX512ER_512
6713	8453	1943	178	126	1	0x4000000000000000	VRCP28PS	AVX512ER_512
6714	8454	1943	178	126	1	0x4000000000000000	VRCP28PS	AVX512ER_512
6715	8454	1943	178	126	1	0x4000000000000000	VRCP28PS	AVX512ER_512
6716	8455	1944	179	127	1	0x8000000000000000	VRCP28SD	AVX512ER_SCALAR
6717	8456	1944	179	127	1	0x8000000000000000	VRCP28SD	AVX512ER_SCALAR
6718	8456	1944	179	127	1	0x8000000000000000	VRCP28SD	AVX512ER_SCALAR
6719	8457	1945	179	127	1	0x8000000000000000	VRCP28SS	AVX512ER_SCALAR
6720	8458	1945	179	127	1	0x8000000000000000	VRCP28SS	AVX512ER_SCALAR
6721	8458	1945	179	127	1	0x8000000000000000	VRCP28SS	AVX512ER_SCALAR
6722	8567	1971	178	126	1	0x4000000000000000	VRSQRT28PD	AVX512ER_512
6723	8568	1971	178	126	1	0x4000000000000000	VRSQRT28PD	AVX512ER_512
6724	8568	1971	178	126	1	0x4000000000000000	VRSQRT28PD	AVX512ER_512
6725	8569	1972	178	126	1	0x4000000000000000	VRSQRT28PS	AVX512ER_512
6726	8570	1972	178	126	1	0x4000000000000000	VRSQRT28PS	AVX512ER_512
6727	8570	1972	178	126	1	0x4000000000000000	VRSQRT28PS	AVX512ER_512
6728	8571	1973	179	127	1	0x8000000000000000	VRSQRT28SD	AVX512ER_SCALAR
6729	8572	1973	179	127	1	0x8000000000000000	VRSQRT28SD	AVX512ER_SCALAR
6730	8572	1973	179	127	1	0x8000000000000000	VRSQRT28SD	AVX512ER_SCALAR
6731	8573	1974	179	127	1	0x8000000000000000	VRSQRT28SS	AVX512ER_SCALAR
6732	8574	1974	179	127	1	0x8000000000000000	VRSQRT28SS	AVX512ER_SCALAR
6733	8574	1974	179	127	1	0x8000000000000000	VRSQRT28SS	AVX512ER_SCALAR
6734	5525	1739	208	156	2	0x0000000010000000	VGF2P8MULB	AVX512_GFNI_128
6735	5526	1739	208	156	2	0x0000000010000000	VGF2P8MULB	AVX512_GFNI_128
6736	5529	1739	209	157	2	0x0000000020000000	VGF2P8MULB	AVX512_GFNI_256
6737	5530	1739	209	157	2	0x0000000020000000	VGF2P8MULB	AVX512_GFNI_256
6738	5533	1739	210	158	2	0x0000000040000000	VGF2P8MULB	AVX512_GFNI_512
6739	5534	1739	210	158	2	0x0000000040000000	VGF2P8MULB	AVX512_GFNI_512
6740	6720	1110	244	192	3	0x0000000000000001	VPDPWSUD	AVX512_VNNI_INT16_128
6741	6721	1110	244	192	3	0x0000000000000001	VPDPWSUD	AVX512_VNNI_INT16_128
6742	6724	1110	245	193	3	0x0000000000000002	VPDPWSUD	AVX512_VNNI_INT16_256
6743	6725	1110	245	193	3	0x0000000000000002	VPDPWSUD	AVX512_VNNI_INT16_256
6744	6728	1110	246	194	3	0x0000000000000004	VPDPWSUD	AVX512_VNNI_INT16_512
6745	6729	1110	246	194	3	0x0000000000000004	VPDPWSUD	AVX512_VNNI_INT16_512
6746	6740	1112	244	192	3	0x0000000000000001	VPDPWUSD	AVX512_VNNI_INT16_128
6747	6741	1112	244	192	3	0x0000000000000001	VPDPWUSD	AVX512_VNNI_INT16_128
6748	6744	1112	245	193	3	0x0000000000000002	VPDPWUSD	AVX512_VNNI_INT16_256
6749	6745	1112	245	193	3	0x0000000000000002	VPDPWUSD	AVX512_VNNI_INT16_256
6750	6748	1112	246	194	3	0x0000000000000004	VPDPWUSD	AVX512_VNNI_INT16_512
6751	6749	1112	246	194	3	0x0000000000000004	VPDPWUSD	AVX512_VNNI_INT16_512
6752	6760	1114	244	192	3	0x0000000000000001	VPDPWUUD	AVX512_VNNI_INT16_128
6753	6761	1114	244	192	3	0x0000000000000001	VPDPWUUD	AVX512_VNNI_INT16_128
6754	6764	1114	245	193	3	0x0000000000000002	VPDPWUUD	AVX512_VNNI_INT16_256
6755	6765	1114	245	193	3	0x0000000000000002	VPDPWUUD	AVX512_VNNI_INT16_256
6756	6768	1114	246	194	3	0x0000000000000004	VPDPWUUD	AVX512_VNNI_INT16_512
6757	6769	1114	246	194	3	0x0000000000000004	VPDPWUUD	AVX512_VNNI_INT16_512
6758	6710	1111	244	192	3	0x0000000000000001	VPDPWSUDS	AVX512_VNNI_INT16_128
6759	6711	1111	244	192	3	0x0000000000000001	VPDPWSUDS	AVX512_VNNI_INT16_128
6760	6714	1111	245	193	3	0x0000000000000002	VPDPWSUDS	AVX512_VNNI_INT16_256
6761	6715	1111	245	193	3	0x0000000000000002	VPDPWSUDS	AVX512_VNNI_INT16_256
6762	6718	1111	246	194	3	0x0000000000000004	VPDPWSUDS	AVX512_VNNI_INT16_512
6763	6719	1111	246	194	3	0x0000000000000004	VPDPWSUDS	AVX512_VNNI_INT16_512
6764	6730	1113	244	192	3	0x0000000000000001	VPDPWUSDS	AVX512_VNNI_INT16_128
6765	6731	1113	244	192	3	0x0000000000000001	VPDPWUSDS	AVX512_VNNI_INT16_128
6766	6734	1113	245	193	3	0x0000000000000002	VPDPWUSDS	AVX512_VNNI_INT16_256
6767	6735	1113	245	193	3	0x0000000000000002	VPDPWUSDS	AVX512_VNNI_INT16_256
6768	6738	1113	246	194	3	0x0000000000000004	VPDPWUSDS	AVX512_VNNI_INT16_512
6769	6739	1113	246	194	3	0x0000000000000004	VPDPWUSDS	AVX512_VNNI_INT16_512
6770	6750	1115	244	192	3	0x0000000000000001	VPDPWUUDS	AVX512_VNNI_INT16_128
6771	6751	1115	244	192	3	0x0000000000000001	VPDPWUUDS	AVX512_VNNI_INT16_128
6772	6754	1115	245	193	3	0x0000000000000002	VPDPWUUDS	AVX512_VNNI_INT16_256
6773	6755	1115	245	193	3	0x0000000000000002	VPDPWUUDS	AVX512_VNNI_INT16_256
6774	6758	1115	246	194	3	0x0000000000000004	VPDPWUUDS	AVX512_VNNI_INT16_512
6775	6759	1115	246	194	3	0x0000000000000004	VPDPWUUDS	AVX512_VNNI_INT16_512
6776	8691	891	303	250	3	0x0400000000000000	VSM4KEY4	SM4_128
6777	8693	891	303	250	3	0x0400000000000000	VSM4KEY4	SM4_128
6778	8695	891	304	251	3	0x0800000000000000	VSM4KEY4	SM4_256
6779	8697	891	304	251	3	0x0800000000000000	VSM4KEY4	SM4_256
6780	8698	891	305	252	3	0x1000000000000000	VSM4KEY4	SM4_512
6781	8699	891	305	252	3	0x1000000000000000	VSM4KEY4	SM4_512
6782	8701	892	303	250	3	0x0400000000000000	VSM4RNDS4	SM4_128
6783	8703	892	303	250	3	0x0400000000000000	VSM4RNDS4	SM4_128
6784	8705	892	304	251	3	0x0800000000000000	VSM4RNDS4	SM4_256
6785	8707	892	304	251	3	0x0800000000000000	VSM4RNDS4	SM4_256
6786	8708	892	305	252	3	0x1000000000000000	VSM4RNDS4	SM4_512
6787	8709	892	305	252	3	0x1000000000000000	VSM4RNDS4	SM4_512
6788	3447	735	229	177	2	0x0002000000000000	VAESENC	AVX512_VAES_128
6789	3448	735	229	177	2	0x0002000000000000	VAESENC	AVX512_VAES_128
6790	3450	735	230	178	2	0x0004000000000000	VAESENC	AVX512_VAES_256
6791	3452	735	230	178	2	0x0004000000000000	VAESENC	AVX512_VAES_256
6792	3453	735	231	179	2	0x0008000000000000	VAESENC	AVX512_VAES_512
6793	3454	735	231	179	2	0x0008000000000000	VAESENC	AVX512_VAES_512
6794	3437	797	229	177	2	0x0002000000000000	VAESENCLAST	AVX512_VAES_128
6795	3438	797	229	177	2	0x0002000000000000	VAESENCLAST	AVX512_VAES_128
6796	3440	797	230	178	2	0x0004000000000000	VAESENCLAST	AVX512_VAES_256
6797	3442	797	230	178	2	0x0004000000000000	VAESENCLAST	AVX512_VAES_256
6798	3443	797	231	179	2	0x0008000000000000	VAESENCLAST	AVX512_VAES_512
6799	3444	797	231	179	2	0x0008000000000000	VAESENCLAST	AVX512_VAES_512
6800	3427	798	229	177	2	0x0002000000000000	VAESDEC	AVX512_VAES_128
6801	3428	798	229	177	2	0x0002000000000000	VAESDEC	AVX512_VAES_128
6802	3430	798	230	178	2	0x0004000000000000	VAESDEC	AVX512_VAES_256
6803	3432	798	230	178	2	0x0004000000000000	VAESDEC	AVX512_VAES_256
6804	3433	798	231	179	2	0x0008000000000000	VAESDEC	AVX512_VAES_512
6805	3434	798	231	179	2	0x0008000000000000	VAESDEC	AVX512_VAES_512
6806	3417	799	229	177	2	0x0002000000000000	VAESDECLAST	AVX512_VAES_128
6807	3418	799	229	177	2	0x0002000000000000	VAESDECLAST	AVX512_VAES_128
6808	3420	799	230	178	2	0x0004000000000000	VAESDECLAST	AVX512_VAES_256
6809	3422	799	230	178	2	0x0004000000000000	VAESDECLAST	AVX512_VAES_256
6810	3423	799	231	179	2	0x0008000000000000	VAESDECLAST	AVX512_VAES_512
6811	3424	799	231	179	2	0x0008000000000000	VAESDECLAST	AVX512_VAES_512
6812	834	1283	131	79	1	0x0000000000008000	CMPOXADD	APX_F_CMPCCXADD
6813	836	1283	131	79	1	0x0000000000008000	CMPOXADD	APX_F_CMPCCXADD
6814	818	1279	131	79	1	0x0000000000008000	CMPNOXADD	APX_F_CMPCCXADD
6815	820	1279	131	79	1	0x0000000000008000	CMPNOXADD	APX_F_CMPCCXADD
6816	790	1272	131	79	1	0x0000000000008000	CMPBXADD	APX_F_CMPCCXADD
6817	792	1272	131	79	1	0x0000000000008000	CMPBXADD	APX_F_CMPCCXADD
6818	806	1276	131	79	1	0x0000000000008000	CMPNBXADD	APX_F_CMPCCXADD
6819	808	1276	131	79	1	0x0000000000008000	CMPNBXADD	APX_F_CMPCCXADD
6820	868	1290	131	79	1	0x0000000000008000	CMPZXADD	APX_F_CMPCCXADD
6821	870	1290	131	79	1	0x0000000000008000	CMPZXADD	APX_F_CMPCCXADD
6822	830	1282	131	79	1	0x0000000000008000	CMPNZXADD	APX_F_CMPCCXADD
6823	832	1282	131	79	1	0x0000000000008000	CMPNZXADD	APX_F_CMPCCXADD
6824	786	1271	131	79	1	0x0000000000008000	CMPBEXADD	APX_F_CMPCCXADD
6825	788	1271	131	79	1	0x0000000000008000	CMPBEXADD	APX_F_CMPCCXADD
6826	802	1275	131	79	1	0x0000000000008000	CMPNBEXADD	APX_F_CMPCCXADD
6827	804	1275	131	79	1	0x0000000000008000	CMPNBEXADD	APX_F_CMPCCXADD
6828	854	1286	131	79	1	0x0000000000008000	CMPSXADD	APX_F_CMPCCXADD
6829	856	1286	131	79	1	0x0000000000008000	CMPSXADD	APX_F_CMPCCXADD
6830	826	1281	131	79	1	0x0000000000008000	CMPNSXADD	APX_F_CMPCCXADD
6831	828	1281	131	79	1	0x0000000000008000	CMPNSXADD	APX_F_CMPCCXADD
6832	842	1284	131	79	1	0x0000000000008000	CMPPXADD	APX_F_CMPCCXADD
6833	844	1284	131	79	1	0x0000000000008000	CMPPXADD	APX_F_CMPCCXADD
6834	822	1280	131	79	1	0x0000000000008000	CMPNPXADD	APX_F_CMPCCXADD
6835	824	1280	131	79	1	0x0000000000008000	CMPNPXADD	APX_F_CMPCCXADD
6836	798	1274	131	79	1	0x0000000000008000	CMPLXADD	APX_F_CMPCCXADD
6837	800	1274	131	79	1	0x0000000000008000	CMPLXADD	APX_F_CMPCCXADD
6838	814	1278	131	79	1	0x0000000000008000	CMPNLXADD	APX_F_CMPCCXADD
6839	816	1278	131	79	1	0x0000000000008000	CMPNLXADD	APX_F_CMPCCXADD
6840	794	1273	131	79	1	0x0000000000008000	CMPLEXADD	APX_F_CMPCCXADD
6841	796	1273	131	79	1	0x0000000000008000	CMPLEXADD	APX_F_CMPCCXADD
6842	810	1277	131	79	1	0x0000000000008000	CMPNLEXADD	APX_F_CMPCCXADD
6843	812	1277	131	79	1	0x0000000000008000	CMPNLEXADD	APX_F_CMPCCXADD
6844	183	684	126	74	1	0x0000000000000400	ANDN	APX_F_BMI1
6845	184	684	127	75	1	0x0000000000000800	ANDN	APX_F_BMI1_N3
6846	185	684	126	74	1	0x0000000000000400	ANDN	APX_F_BMI1
6847	186	684	127	75	1	0x0000000000000800	ANDN	APX_F_BMI1_N3
6848	187	684	126	74	1	0x0000000000000400	ANDN	APX_F_BMI1
6849	188	684	127	75	1	0x0000000000000800	ANDN	APX_F_BMI1_N3
6850	189	684	126	74	1	0x0000000000000400	ANDN	APX_F_BMI1
6851	190	684	127	75	1	0x0000000000000800	ANDN	APX_F_BMI1_N3
6852	321	686	126	74	1	0x0000000000000400	BLSI	APX_F_BMI1
6853	322	686	127	75	1	0x0000000000000800	BLSI	APX_F_BMI1_N3
6854	323	686	126	74	1	0x0000000000000400	BLSI	APX_F_BMI1
6855	324	686	127	75	1	0x0000000000000800	BLSI	APX_F_BMI1_N3
6856	325	686	126	74	1	0x0000000000000400	BLSI	APX_F_BMI1
6857	326	686	127	75	1	0x0000000000000800	BLSI	APX_F_BMI1_N3
6858	327	686	126	74	1	0x0000000000000400	BLSI	APX_F_BMI1
6859	328	686	127	75	1	0x0000000000000800	BLSI	APX_F_BMI1_N3
6860	333	687	126	74	1	0x0000000000000400	BLSMSK	APX_F_BMI1
6861	334	687	127	75	1	0x0000000000000800	BLSMSK	APX_F_BMI1_N3
6862	335	687	126	74	1	0x0000000000000400	BLSMSK	APX_F_BMI1
6863	336	687	127	75	1	0x0000000000000800	BLSMSK	APX_F_BMI1_N3
6864	337	687	126	74	1	0x0000000000000400	BLSMSK	APX_F_BMI1
6865	338	687	127	75	1	0x0000000000000800	BLSMSK	APX_F_BMI1_N3
6866	339	687	126	74	1	0x0000000000000400	BLSMSK	APX_F_BMI1
6867	340	687	127	75	1	0x0000000000000800	BLSMSK	APX_F_BMI1_N3
6868	345	688	126	74	1	0x0000000000000400	BLSR	APX_F_BMI1
6869	346	688	127	75	1	0x0000000000000800	BLSR	APX_F_BMI1_N3
6870	347	688	126	74	1	0x0000000000000400	BLSR	APX_F_BMI1
6871	348	688	127	75	1	0x0000000000000800	BLSR	APX_F_BMI1_N3
6872	349	688	126	74	1	0x0000000000000400	BLSR	APX_F_BMI1
6873	350	688	127	75	1	0x0000000000000800	BLSR	APX_F_BMI1_N3
6874	351	688	126	74	1	0x0000000000000400	BLSR	APX_F_BMI1
6875	352	688	127	75	1	0x0000000000000800	BLSR	APX_F_BMI1_N3
6876	416	689	128	76	1	0x0000000000001000	BZHI	APX_F_BMI2
6877	417	689	129	77	1	0x0000000000002000	BZHI	APX_F_BMI2_N3
6878	418	689	128	76	1	0x0000000000001000	BZHI	APX_F_BMI2
6879	419	689	129	77	1	0x0000000000002000	BZHI	APX_F_BMI2_N3
6880	420	689	128	76	1	0x0000000000001000	BZHI	APX_F_BMI2
6881	421	689	129	77	1	0x0000000000002000	BZHI	APX_F_BMI2_N3
6882	422	689	128	76	1	0x0000000000001000	BZHI	APX_F_BMI2
6883	423	689	129	77	1	0x0000000000002000	BZHI	APX_F_BMI2_N3
6884	2088	691	128	76	1	0x0000000000001000	PDEP	APX_F_BMI2
6885	2089	691	128	76	1	0x0000000000001000	PDEP	APX_F_BMI2
6886	2090	691	128	76	1	0x0000000000001000	PDEP	APX_F_BMI2
6887	2091	691	128	76	1	0x0000000000001000	PDEP	APX_F_BMI2
6888	2106	692	128	76	1	0x0000000000001000	PEXT	APX_F_BMI2
6889	2107	692	128	76	1	0x0000000000001000	PEXT	APX_F_BMI2
6890	2108	692	128	76	1	0x0000000000001000	PEXT	APX_F_BMI2
6891	2109	692	128	76	1	0x0000000000001000	PEXT	APX_F_BMI2
6892	1803	690	128	76	1	0x0000000000001000	MULX	APX_F_BMI2
6893	1804	690	128	76	1	0x0000000000001000	MULX	APX_F_BMI2
6894	1805	690	128	76	1	0x0000000000001000	MULX	APX_F_BMI2
6895	1806	690	128	76	1	0x0000000000001000	MULX	APX_F_BMI2
6896	269	685	126	74	1	0x0000000000000400	BEXTR	APX_F_BMI1
6897	270	685	127	75	1	0x0000000000000800	BEXTR	APX_F_BMI1_N3
6898	271	685	126	74	1	0x0000000000000400	BEXTR	APX_F_BMI1
6899	272	685	127	75	1	0x0000000000000800	BEXTR	APX_F_BMI1_N3
6900	273	685	126	74	1	0x0000000000000400	BEXTR	APX_F_BMI1
6901	274	685	127	75	1	0x0000000000000800	BEXTR	APX_F_BMI1_N3
6902	275	685	126	74	1	0x0000000000000400	BEXTR	APX_F_BMI1
6903	276	685	127	75	1	0x0000000000000800	BEXTR	APX_F_BMI1_N3
6904	2756	694	128	76	1	0x0000000000001000	SARX	APX_F_BMI2
6905	2757	694	128	76	1	0x0000000000001000	SARX	APX_F_BMI2
6906	2758	694	128	76	1	0x0000000000001000	SARX	APX_F_BMI2
6907	2759	694	128	76	1	0x0000000000001000	SARX	APX_F_BMI2
6908	3000	695	128	76	1	0x0000000000001000	SHLX	APX_F_BMI2
6909	3001	695	128	76	1	0x0000000000001000	SHLX	APX_F_BMI2
6910	3002	695	128	76	1	0x0000000000001000	SHLX	APX_F_BMI2
6911	3003	695	128	76	1	0x0000000000001000	SHLX	APX_F_BMI2
6912	3084	696	128	76	1	0x0000000000001000	SHRX	APX_F_BMI2
6913	3085	696	128	76	1	0x0000000000001000	SHRX	APX_F_BMI2
6914	3086	696	128	76	1	0x0000000000001000	SHRX	APX_F_BMI2
6915	3087	696	128	76	1	0x0000000000001000	SHRX	APX_F_BMI2
6916	6892	1838	182	130	2	0x0000000000000004	VPERMQ	AVX512F_256
6917	6893	1838	182	130	2	0x0000000000000004	VPERMQ	AVX512F_256
6918	6896	1838	183	131	2	0x0000000000000008	VPERMQ	AVX512F_512
6919	6897	1838	183	131	2	0x0000000000000008	VPERMQ	AVX512F_512
6920	6874	1836	182	130	2	0x0000000000000004	VPERMPD	AVX512F_256
6921	6875	1836	182	130	2	0x0000000000000004	VPERMPD	AVX512F_256
6922	6880	1836	183	131	2	0x0000000000000008	VPERMPD	AVX512F_512
6923	6881	1836	183	131	2	0x0000000000000008	VPERMPD	AVX512F_512
6924	3459	1470	180	128	2	0x0000000000000001	VALIGND	AVX512F_128
6925	3460	1470	180	128	2	0x0000000000000001	VALIGND	AVX512F_128
6926	3461	1470	182	130	2	0x0000000000000004	VALIGND	AVX512F_256
6927	3462	1470	182	130	2	0x0000000000000004	VALIGND	AVX512F_256
6928	3463	1470	183	131	2	0x0000000000000008	VALIGND	AVX512F_512
6929	3464	1470	183	131	2	0x0000000000000008	VALIGND	AVX512F_512
6930	3465	1471	180	128	2	0x0000000000000001	VALIGNQ	AVX512F_128
6931	3466	1471	180	128	2	0x0000000000000001	VALIGNQ	AVX512F_128
6932	3467	1471	182	130	2	0x0000000000000004	VALIGNQ	AVX512F_256
6933	3468	1471	182	130	2	0x0000000000000004	VALIGNQ	AVX512F_256
6934	3469	1471	183	131	2	0x0000000000000008	VALIGNQ	AVX512F_512
6935	3470	1471	183	131	2	0x0000000000000008	VALIGNQ	AVX512F_512
6936	6858	1835	180	128	2	0x0000000000000001	VPERMILPS	AVX512F_128
6937	6859	1835	180	128	2	0x0000000000000001	VPERMILPS	AVX512F_128
6938	6862	1835	182	130	2	0x0000000000000004	VPERMILPS	AVX512F_256
6939	6863	1835	182	130	2	0x0000000000000004	VPERMILPS	AVX512F_256
6940	6870	1835	183	131	2	0x0000000000000008	VPERMILPS	AVX512F_512
6941	6871	1835	183	131	2	0x0000000000000008	VPERMILPS	AVX512F_512
6942	6838	1834	180	128	2	0x0000000000000001	VPERMILPD	AVX512F_128
6943	6839	1834	180	128	2	0x0000000000000001	VPERMILPD	AVX512F_128
6944	6842	1834	182	130	2	0x0000000000000004	VPERMILPD	AVX512F_256
6945	6843	1834	182	130	2	0x0000000000000004	VPERMILPD	AVX512F_256
6946	6850	1834	183	131	2	0x0000000000000008	VPERMILPD	AVX512F_512
6947	6851	1834	183	131	2	0x0000000000000008	VPERMILPD	AVX512F_512
6948	3256	933	101	50	0	0x0004000000000000	TCVTROWD2PS	AMX_AVX512
6949	3258	934	101	50	0	0x0004000000000000	TCVTROWPS2BF16H	AMX_AVX512
6950	3262	936	101	50	0	0x0004000000000000	TCVTROWPS2PHH	AMX_AVX512
6951	3302	938	116	64	1	0x0000000000000001	TILEMOVROW	ACE_1
6952	3304	938	101	50	0	0x0004000000000000	TILEMOVROW	AMX_AVX512
6953	8509	1956	151	99	1	0x0000000800000000	VRNDSCALEBF16	AVX10_2_BF16_128
6954	8510	1956	151	99	1	0x0000000800000000	VRNDSCALEBF16	AVX10_2_BF16_128
6955	8511	1956	152	100	1	0x0000001000000000	VRNDSCALEBF16	AVX10_2_BF16_256
6956	8512	1956	152	100	1	0x0000001000000000	VRNDSCALEBF16	AVX10_2_BF16_256
6957	8513	1956	153	101	1	0x0000002000000000	VRNDSCALEBF16	AVX10_2_BF16_512
6958	8514	1956	153	101	1	0x0000002000000000	VRNDSCALEBF16	AVX10_2_BF16_512
6959	8521	1958	197	145	2	0x0000000000020000	VRNDSCALEPH	AVX512_FP16_128
6960	8522	1958	197	145	2	0x0000000000020000	VRNDSCALEPH	AVX512_FP16_128
6961	8523	1958	199	147	2	0x0000000000080000	VRNDSCALEPH	AVX512_FP16_256
6962	8524	1958	199	147	2	0x0000000000080000	VRNDSCALEPH	AVX512_FP16_256
6963	8525	1958	200	148	2	0x0000000000100000	VRNDSCALEPH	AVX512_FP16_512
6964	8526	1958	200	148	2	0x0000000000100000	VRNDSCALEPH	AVX512_FP16_512
6965	8526	1958	200	148	2	0x0000000000100000	VRNDSCALEPH	AVX512_FP16_512
6966	8527	1959	180	128	2	0x0000000000000001	VRNDSCALEPS	AVX512F_128
6967	8528	1959	180	128	2	0x0000000000000001	VRNDSCALEPS	AVX512F_128
6968	8529	1959	182	130	2	0x0000000000000004	VRNDSCALEPS	AVX512F_256
6969	8530	1959	182	130	2	0x0000000000000004	VRNDSCALEPS	AVX512F_256
6970	8531	1959	183	131	2	0x0000000000000008	VRNDSCALEPS	AVX512F_512
6971	8532	1959	183	131	2	0x0000000000000008	VRNDSCALEPS	AVX512F_512
6972	8532	1959	183	131	2	0x0000000000000008	VRNDSCALEPS	AVX512F_512
6973	8515	1957	180	128	2	0x0000000000000001	VRNDSCALEPD	AVX512F_128
6974	8516	1957	180	128	2	0x0000000000000001	VRNDSCALEPD	AVX512F_128
6975	8517	1957	182	130	2	0x0000000000000004	VRNDSCALEPD	AVX512F_256
6976	8518	1957	182	130	2	0x0000000000000004	VRNDSCALEPD	AVX512F_256
6977	8519	1957	183	131	2	0x0000000000000008	VRNDSCALEPD	AVX512F_512
6978	8520	1957	183	131	2	0x0000000000000008	VRNDSCALEPD	AVX512F_512
6979	8520	1957	183	131	2	0x0000000000000008	VRNDSCALEPD	AVX512F_512
6980	8535	1961	204	152	2	0x0000000001000000	VRNDSCALESH	AVX512_FP16_SCALAR
6981	8536	1961	204	152	2	0x0000000001000000	VRNDSCALESH	AVX512_FP16_SCALAR
6982	8536	1961	204	152	2	0x0000000001000000	VRNDSCALESH	AVX512_FP16_SCALAR
6983	8537	1962	185	133	2	0x0000000000000020	VRNDSCALESS	AVX512F_SCALAR
6984	8538	1962	185	133	2	0x0000000000000020	VRNDSCALESS	AVX512F_SCALAR
6985	8538	1962	185	133	2	0x0000000000000020	VRNDSCALESS	AVX512F_SCALAR
6986	8533	1960	185	133	2	0x0000000000000020	VRNDSCALESD	AVX512F_SCALAR
6987	8534	1960	185	133	2	0x0000000000000020	VRNDSCALESD	AVX512F_SCALAR
6988	8534	1960	185	133	2	0x0000000000000020	VRNDSCALESD	AVX512F_SCALAR
6989	6246	734	162	110	1	0x0000400000000000	VPALIGNR	AVX512BW_128
6990	6247	734	162	110	1	0x0000400000000000	VPALIGNR	AVX512BW_128
6991	6250	734	164	112	1	0x0001000000000000	VPALIGNR	AVX512BW_256
6992	6251	734	164	112	1	0x0001000000000000	VPALIGNR	AVX512BW_256
6993	6252	734	165	113	1	0x0002000000000000	VPALIGNR	AVX512BW_512
6994	6253	734	165	113	1	0x0002000000000000	VPALIGNR	AVX512BW_512
6995	6967	1843	163	111	1	0x0000800000000000	VPEXTRB	AVX512BW_128N
6996	6969	1843	163	111	1	0x0000800000000000	VPEXTRB	AVX512BW_128N
6997	6980	1846	163	111	1	0x0000800000000000	VPEXTRW	AVX512BW_128N
6998	6982	1846	163	111	1	0x0000800000000000	VPEXTRW	AVX512BW_128N
6999	6971	1844	172	120	1	0x0100000000000000	VPEXTRD	AVX512DQ_128N
7000	6971	1844	172	120	1	0x0100000000000000	VPEXTRD	AVX512DQ_128N
7001	6973	1844	172	120	1	0x0100000000000000	VPEXTRD	AVX512DQ_128N
7002	6973	1844	172	120	1	0x0100000000000000	VPEXTRD	AVX512DQ_128N
7003	6975	1845	172	120	1	0x0100000000000000	VPEXTRQ	AVX512DQ_128N
7004	6977	1845	172	120	1	0x0100000000000000	VPEXTRQ	AVX512DQ_128N
7005	4568	1656	181	129	2	0x0000000000000002	VEXTRACTPS	AVX512F_128N
7006	4570	1656	181	129	2	0x0000000000000002	VEXTRACTPS	AVX512F_128N
7007	5553	1741	182	130	2	0x0000000000000004	VINSERTF32X4	AVX512F_256
7008	5554	1741	182	130	2	0x0000000000000004	VINSERTF32X4	AVX512F_256
7009	5555	1741	183	131	2	0x0000000000000008	VINSERTF32X4	AVX512F_512
7010	5556	1741	183	131	2	0x0000000000000008	VINSERTF32X4	AVX512F_512
7011	5559	1743	173	121	1	0x0200000000000000	VINSERTF64X2	AVX512DQ_256
7012	5560	1743	173	121	1	0x0200000000000000	VINSERTF64X2	AVX512DQ_256
7013	5561	1743	174	122	1	0x0400000000000000	VINSERTF64X2	AVX512DQ_512
7014	5562	1743	174	122	1	0x0400000000000000	VINSERTF64X2	AVX512DQ_512
7015	4541	1647	182	130	2	0x0000000000000004	VEXTRACTF32X4	AVX512F_256
7016	4542	1647	183	131	2	0x0000000000000008	VEXTRACTF32X4	AVX512F_512
7017	4543	1647	182	130	2	0x0000000000000004	VEXTRACTF32X4	AVX512F_256
7018	4544	1647	183	131	2	0x0000000000000008	VEXTRACTF32X4	AVX512F_512
7019	4547	1649	173	121	1	0x0200000000000000	VEXTRACTF64X2	AVX512DQ_256
7020	4548	1649	174	122	1	0x0400000000000000	VEXTRACTF64X2	AVX512DQ_512
7021	4549	1649	173	121	1	0x0200000000000000	VEXTRACTF64X2	AVX512DQ_256
7022	4550	1649	174	122	1	0x0400000000000000	VEXTRACTF64X2	AVX512DQ_512
7023	5557	1742	174	122	1	0x0400000000000000	VINSERTF32X8	AVX512DQ_512
7024	5558	1742	174	122	1	0x0400000000000000	VINSERTF32X8	AVX512DQ_512
7025	5563	1744	183	131	2	0x0000000000000008	VINSERTF64X4	AVX512F_512
7026	5564	1744	183	131	2	0x0000000000000008	VINSERTF64X4	AVX512F_512
7027	4545	1648	174	122	1	0x0400000000000000	VEXTRACTF32X8	AVX512DQ_512
7028	4546	1648	174	122	1	0x0400000000000000	VEXTRACTF32X8	AVX512DQ_512
7029	4551	1650	183	131	2	0x0000000000000008	VEXTRACTF64X4	AVX512F_512
7030	4552	1650	183	131	2	0x0000000000000008	VEXTRACTF64X4	AVX512F_512
7031	4044	698	180	128	2	0x0000000000000001	VCVTPS2PH	AVX512F_128
7032	4045	698	182	130	2	0x0000000000000004	VCVTPS2PH	AVX512F_256
7033	4046	698	183	131	2	0x0000000000000008	VCVTPS2PH	AVX512F_512
7034	4049	698	180	128	2	0x0000000000000001	VCVTPS2PH	AVX512F_128
7035	4050	698	182	130	2	0x0000000000000004	VCVTPS2PH	AVX512F_256
7036	4052	698	183	131	2	0x0000000000000008	VCVTPS2PH	AVX512F_512
7037	4052	698	183	131	2	0x0000000000000008	VCVTPS2PH	AVX512F_512
7038	6534	1000	180	128	2	0x0000000000000001	VPCMPUD	AVX512F_128
7039	6535	1000	180	128	2	0x0000000000000001	VPCMPUD	AVX512F_128
7040	6536	1000	182	130	2	0x0000000000000004	VPCMPUD	AVX512F_256
7041	6537	1000	182	130	2	0x0000000000000004	VPCMPUD	AVX512F_256
7042	6538	1000	183	131	2	0x0000000000000008	VPCMPUD	AVX512F_512
7043	6539	1000	183	131	2	0x0000000000000008	VPCMPUD	AVX512F_512
7044	6540	1001	180	128	2	0x0000000000000001	VPCMPUQ	AVX512F_128
7045	6541	1001	180	128	2	0x0000000000000001	VPCMPUQ	AVX512F_128
7046	6542	1001	182	130	2	0x0000000000000004	VPCMPUQ	AVX512F_256
7047	6543	1001	182	130	2	0x0000000000000004	VPCMPUQ	AVX512F_256
7048	6544	1001	183	131	2	0x0000000000000008	VPCMPUQ	AVX512F_512
7049	6545	1001	183	131	2	0x0000000000000008	VPCMPUQ	AVX512F_512
7050	6422	996	180	128	2	0x0000000000000001	VPCMPD	AVX512F_128
7051	6423	996	180	128	2	0x0000000000000001	VPCMPD	AVX512F_128
7052	6424	996	182	130	2	0x0000000000000004	VPCMPD	AVX512F_256
7053	6425	996	182	130	2	0x0000000000000004	VPCMPD	AVX512F_256
7054	6426	996	183	131	2	0x0000000000000008	VPCMPD	AVX512F_512
7055	6427	996	183	131	2	0x0000000000000008	VPCMPD	AVX512F_512
7056	6522	997	180	128	2	0x0000000000000001	VPCMPQ	AVX512F_128
7057	6523	997	180	128	2	0x0000000000000001	VPCMPQ	AVX512F_128
7058	6524	997	182	130	2	0x0000000000000004	VPCMPQ	AVX512F_256
7059	6525	997	182	130	2	0x0000000000000004	VPCMPQ	AVX512F_256
7060	6526	997	183	131	2	0x0000000000000008	VPCMPQ	AVX512F_512
7061	6527	997	183	131	2	0x0000000000000008	VPCMPQ	AVX512F_512
7062	7062	1859	163	111	1	0x0000800000000000	VPINSRB	AVX512BW_128N
7063	7063	1859	163	111	1	0x0000800000000000	VPINSRB	AVX512BW_128N
7064	5581	1750	181	129	2	0x0000000000000002	VINSERTPS	AVX512F_128N
7065	5582	1750	181	129	2	0x0000000000000002	VINSERTPS	AVX512F_128N
7066	7066	1860	172	120	1	0x0100000000000000	VPINSRD	AVX512DQ_128N
7067	7066	1860	172	120	1	0x0100000000000000	VPINSRD	AVX512DQ_128N
7068	7067	1860	172	120	1	0x0100000000000000	VPINSRD	AVX512DQ_128N
7069	7067	1860	172	120	1	0x0100000000000000	VPINSRD	AVX512DQ_128N
7070	7070	1861	172	120	1	0x0100000000000000	VPINSRQ	AVX512DQ_128N
7071	7071	1861	172	120	1	0x0100000000000000	VPINSRQ	AVX512DQ_128N
7072	8648	1997	182	130	2	0x0000000000000004	VSHUFF32X4	AVX512F_256
7073	8649	1997	182	130	2	0x0000000000000004	VSHUFF32X4	AVX512F_256
7074	8650	1997	183	131	2	0x0000000000000008	VSHUFF32X4	AVX512F_512
7075	8651	1997	183	131	2	0x0000000000000008	VSHUFF32X4	AVX512F_512
7076	8652	1998	182	130	2	0x0000000000000004	VSHUFF64X2	AVX512F_256
7077	8653	1998	182	130	2	0x0000000000000004	VSHUFF64X2	AVX512F_256
7078	8654	1998	183	131	2	0x0000000000000008	VSHUFF64X2	AVX512F_512
7079	8655	1998	183	131	2	0x0000000000000008	VSHUFF64X2	AVX512F_512
7080	8259	1915	180	128	2	0x0000000000000001	VPTERNLOGD	AVX512F_128
7081	8260	1915	180	128	2	0x0000000000000001	VPTERNLOGD	AVX512F_128
7082	8261	1915	182	130	2	0x0000000000000004	VPTERNLOGD	AVX512F_256
7083	8262	1915	182	130	2	0x0000000000000004	VPTERNLOGD	AVX512F_256
7084	8263	1915	183	131	2	0x0000000000000008	VPTERNLOGD	AVX512F_512
7085	8264	1915	183	131	2	0x0000000000000008	VPTERNLOGD	AVX512F_512
7086	8265	1916	180	128	2	0x0000000000000001	VPTERNLOGQ	AVX512F_128
7087	8266	1916	180	128	2	0x0000000000000001	VPTERNLOGQ	AVX512F_128
7088	8267	1916	182	130	2	0x0000000000000004	VPTERNLOGQ	AVX512F_256
7089	8268	1916	182	130	2	0x0000000000000004	VPTERNLOGQ	AVX512F_256
7090	8269	1916	183	131	2	0x0000000000000008	VPTERNLOGQ	AVX512F_512
7091	8270	1916	183	131	2	0x0000000000000008	VPTERNLOGQ	AVX512F_512
7092	5475	1730	151	99	1	0x0000000800000000	VGETMANTBF16	AVX10_2_BF16_128
7093	5476	1730	151	99	1	0x0000000800000000	VGETMANTBF16	AVX10_2_BF16_128
7094	5477	1730	152	100	1	0x0000001000000000	VGETMANTBF16	AVX10_2_BF16_256
7095	5478	1730	152	100	1	0x0000001000000000	VGETMANTBF16	AVX10_2_BF16_256
7096	5479	1730	153	101	1	0x0000002000000000	VGETMANTBF16	AVX10_2_BF16_512
7097	5480	1730	153	101	1	0x0000002000000000	VGETMANTBF16	AVX10_2_BF16_512
7098	5481	1731	180	128	2	0x0000000000000001	VGETMANTPD	AVX512F_128
7099	5482	1731	180	128	2	0x0000000000000001	VGETMANTPD	AVX512F_128
7100	5483	1731	182	130	2	0x0000000000000004	VGETMANTPD	AVX512F_256
7101	5484	1731	182	130	2	0x0000000000000004	VGETMANTPD	AVX512F_256
7102	5485	1731	183	131	2	0x0000000000000008	VGETMANTPD	AVX512F_512
7103	5486	1731	183	131	2	0x0000000000000008	VGETMANTPD	AVX512F_512
7104	5486	1731	183	131	2	0x0000000000000008	VGETMANTPD	AVX512F_512
7105	5487	1732	197	145	2	0x0000000000020000	VGETMANTPH	AVX512_FP16_128
7106	5488	1732	197	145	2	0x0000000000020000	VGETMANTPH	AVX512_FP16_128
7107	5489	1732	199	147	2	0x0000000000080000	VGETMANTPH	AVX512_FP16_256
7108	5490	1732	199	147	2	0x0000000000080000	VGETMANTPH	AVX512_FP16_256
7109	5491	1732	200	148	2	0x0000000000100000	VGETMANTPH	AVX512_FP16_512
7110	5492	1732	200	148	2	0x0000000000100000	VGETMANTPH	AVX512_FP16_512
7111	5492	1732	200	148	2	0x0000000000100000	VGETMANTPH	AVX512_FP16_512
7112	5493	1733	180	128	2	0x0000000000000001	VGETMANTPS	AVX512F_128
7113	5494	1733	180	128	2	0x0000000000000001	VGETMANTPS	AVX512F_128
7114	5495	1733	182	130	2	0x0000000000000004	VGETMANTPS	AVX512F_256
7115	5496	1733	182	130	2	0x0000000000000004	VGETMANTPS	AVX512F_256
7116	5497	1733	183	131	2	0x0000000000000008	VGETMANTPS	AVX512F_512
7117	5498	1733	183	131	2	0x0000000000000008	VGETMANTPS	AVX512F_512
7118	5498	1733	183	131	2	0x0000000000000008	VGETMANTPS	AVX512F_512
7119	5499	1734	185	133	2	0x0000000000000020	VGETMANTSD	AVX512F_SCALAR
7120	5500	1734	185	133	2	0x0000000000000020	VGETMANTSD	AVX512F_SCALAR
7121	5500	1734	185	133	2	0x0000000000000020	VGETMANTSD	AVX512F_SCALAR
7122	5501	1735	204	152	2	0x0000000001000000	VGETMANTSH	AVX512_FP16_SCALAR
7123	5502	1735	204	152	2	0x0000000001000000	VGETMANTSH	AVX512_FP16_SCALAR
7124	5502	1735	204	152	2	0x0000000001000000	VGETMANTSH	AVX512_FP16_SCALAR
7125	5503	1736	185	133	2	0x0000000000000020	VGETMANTSS	AVX512F_SCALAR
7126	5504	1736	185	133	2	0x0000000000000020	VGETMANTSS	AVX512F_SCALAR
7127	5504	1736	185	133	2	0x0000000000000020	VGETMANTSS	AVX512F_SCALAR
7128	3300	1453	116	64	1	0x0000000000000001	TILEMOVCOL	ACE_1
7129	5567	1746	182	130	2	0x0000000000000004	VINSERTI32X4	AVX512F_256
7130	5568	1746	182	130	2	0x0000000000000004	VINSERTI32X4	AVX512F_256
7131	5569	1746	183	131	2	0x0000000000000008	VINSERTI32X4	AVX512F_512
7132	5570	1746	183	131	2	0x0000000000000008	VINSERTI32X4	AVX512F_512
7133	5573	1748	173	121	1	0x0200000000000000	VINSERTI64X2	AVX512DQ_256
7134	5574	1748	173	121	1	0x0200000000000000	VINSERTI64X2	AVX512DQ_256
7135	5575	1748	174	122	1	0x0400000000000000	VINSERTI64X2	AVX512DQ_512
7136	5576	1748	174	122	1	0x0400000000000000	VINSERTI64X2	AVX512DQ_512
7137	4555	1652	182	130	2	0x0000000000000004	VEXTRACTI32X4	AVX512F_256
7138	4556	1652	183	131	2	0x0000000000000008	VEXTRACTI32X4	AVX512F_512
7139	4557	1652	182	130	2	0x0000000000000004	VEXTRACTI32X4	AVX512F_256
7140	4558	1652	183	131	2	0x0000000000000008	VEXTRACTI32X4	AVX512F_512
7141	4561	1654	173	121	1	0x0200000000000000	VEXTRACTI64X2	AVX512DQ_256
7142	4562	1654	174	122	1	0x0400000000000000	VEXTRACTI64X2	AVX512DQ_512
7143	4563	1654	173	121	1	0x0200000000000000	VEXTRACTI64X2	AVX512DQ_256
7144	4564	1654	174	122	1	0x0400000000000000	VEXTRACTI64X2	AVX512DQ_512
7145	5571	1747	174	122	1	0x0400000000000000	VINSERTI32X8	AVX512DQ_512
7146	5572	1747	174	122	1	0x0400000000000000	VINSERTI32X8	AVX512DQ_512
7147	5577	1749	183	131	2	0x0000000000000008	VINSERTI64X4	AVX512F_512
7148	5578	1749	183	131	2	0x0000000000000008	VINSERTI64X4	AVX512F_512
7149	4559	1653	174	122	1	0x0400000000000000	VEXTRACTI32X8	AVX512DQ_512
7150	4560	1653	174	122	1	0x0400000000000000	VEXTRACTI32X8	AVX512DQ_512
7151	4565	1655	183	131	2	0x0000000000000008	VEXTRACTI64X4	AVX512F_512
7152	4566	1655	183	131	2	0x0000000000000008	VEXTRACTI64X4	AVX512F_512
7153	8819	2017	158	106	1	0x0000040000000000	VUNPACKB	AVX10_V2_AUX_128
7154	8820	2017	158	106	1	0x0000040000000000	VUNPACKB	AVX10_V2_AUX_128
7155	8821	2017	159	107	1	0x0000080000000000	VUNPACKB	AVX10_V2_AUX_256
7156	8822	2017	159	107	1	0x0000080000000000	VUNPACKB	AVX10_V2_AUX_256
7157	8823	2017	160	108	1	0x0000100000000000	VUNPACKB	AVX10_V2_AUX_512
7158	8824	2017	160	108	1	0x0000100000000000	VUNPACKB	AVX10_V2_AUX_512
7159	6528	998	162	110	1	0x0000400000000000	VPCMPUB	AVX512BW_128
7160	6529	998	162	110	1	0x0000400000000000	VPCMPUB	AVX512BW_128
7161	6530	998	164	112	1	0x0001000000000000	VPCMPUB	AVX512BW_256
7162	6531	998	164	112	1	0x0001000000000000	VPCMPUB	AVX512BW_256
7163	6532	998	165	113	1	0x0002000000000000	VPCMPUB	AVX512BW_512
7164	6533	998	165	113	1	0x0002000000000000	VPCMPUB	AVX512BW_512
7165	6546	999	162	110	1	0x0000400000000000	VPCMPUW	AVX512BW_128
7166	6547	999	162	110	1	0x0000400000000000	VPCMPUW	AVX512BW_128
7167	6548	999	164	112	1	0x0001000000000000	VPCMPUW	AVX512BW_256
7168	6549	999	164	112	1	0x0001000000000000	VPCMPUW	AVX512BW_256
7169	6550	999	165	113	1	0x0002000000000000	VPCMPUW	AVX512BW_512
7170	6551	999	165	113	1	0x0002000000000000	VPCMPUW	AVX512BW_512
7171	6416	994	162	110	1	0x0000400000000000	VPCMPB	AVX512BW_128
7172	6417	994	162	110	1	0x0000400000000000	VPCMPB	AVX512BW_128
7173	6418	994	164	112	1	0x0001000000000000	VPCMPB	AVX512BW_256
7174	6419	994	164	112	1	0x0001000000000000	VPCMPB	AVX512BW_256
7175	6420	994	165	113	1	0x0002000000000000	VPCMPB	AVX512BW_512
7176	6421	994	165	113	1	0x0002000000000000	VPCMPB	AVX512BW_512
7177	6552	995	162	110	1	0x0000400000000000	VPCMPW	AVX512BW_128
7178	6553	995	162	110	1	0x0000400000000000	VPCMPW	AVX512BW_128
7179	6554	995	164	112	1	0x0001000000000000	VPCMPW	AVX512BW_256
7180	6555	995	164	112	1	0x0001000000000000	VPCMPW	AVX512BW_256
7181	6556	995	165	113	1	0x0002000000000000	VPCMPW	AVX512BW_512
7182	6557	995	165	113	1	0x0002000000000000	VPCMPW	AVX512BW_512
7183	4453	1635	162	110	1	0x0000400000000000	VDBPSADBW	AVX512BW_128
7184	4454	1635	162	110	1	0x0000400000000000	VDBPSADBW	AVX512BW_128
7185	4455	1635	164	112	1	0x0001000000000000	VDBPSADBW	AVX512BW_256
7186	4456	1635	164	112	1	0x0001000000000000	VDBPSADBW	AVX512BW_256
7187	4457	1635	165	113	1	0x0002000000000000	VDBPSADBW	AVX512BW_512
7188	4458	1635	165	113	1	0x0002000000000000	VDBPSADBW	AVX512BW_512
7189	5989	1794	214	162	2	0x0000000400000000	VMPSADBW	AVX512_MEDIAX_128
7190	5990	1794	214	162	2	0x0000000400000000	VMPSADBW	AVX512_MEDIAX_128
7191	5993	1794	215	163	2	0x0000000800000000	VMPSADBW	AVX512_MEDIAX_256
7192	5994	1794	215	163	2	0x0000000800000000	VMPSADBW	AVX512_MEDIAX_256
7193	5995	1794	216	164	2	0x0000001000000000	VMPSADBW	AVX512_MEDIAX_512
7194	5996	1794	216	164	2	0x0000001000000000	VMPSADBW	AVX512_MEDIAX_512
7195	8656	1999	182	130	2	0x0000000000000004	VSHUFI32X4	AVX512F_256
7196	8657	1999	182	130	2	0x0000000000000004	VSHUFI32X4	AVX512F_256
7197	8658	1999	183	131	2	0x0000000000000008	VSHUFI32X4	AVX512F_512
7198	8659	1999	183	131	2	0x0000000000000008	VSHUFI32X4	AVX512F_512
7199	8660	2000	182	130	2	0x0000000000000004	VSHUFI64X2	AVX512F_256
7200	8661	2000	182	130	2	0x0000000000000004	VSHUFI64X2	AVX512F_256
7201	8662	2000	183	131	2	0x0000000000000008	VSHUFI64X2	AVX512F_512
7202	8663	2000	183	131	2	0x0000000000000008	VSHUFI64X2	AVX512F_512
7203	6402	736	253	201	3	0x0000000000000200	VPCLMULQDQ	AVX512_VPCLMULQDQ_128
7204	6403	736	253	201	3	0x0000000000000200	VPCLMULQDQ	AVX512_VPCLMULQDQ_128
7205	6405	736	254	202	3	0x0000000000000400	VPCLMULQDQ	AVX512_VPCLMULQDQ_256
7206	6407	736	254	202	3	0x0000000000000400	VPCLMULQDQ	AVX512_VPCLMULQDQ_256
7207	6408	736	255	203	3	0x0000000000000800	VPCLMULQDQ	AVX512_VPCLMULQDQ_512
7208	6409	736	255	203	3	0x0000000000000800	VPCLMULQDQ	AVX512_VPCLMULQDQ_512
7209	8419	1934	171	119	1	0x0080000000000000	VRANGEPD	AVX512DQ_128
7210	8420	1934	171	119	1	0x0080000000000000	VRANGEPD	AVX512DQ_128
7211	8421	1934	173	121	1	0x0200000000000000	VRANGEPD	AVX512DQ_256
7212	8422	1934	173	121	1	0x0200000000000000	VRANGEPD	AVX512DQ_256
7213	8423	1934	174	122	1	0x0400000000000000	VRANGEPD	AVX512DQ_512
7214	8424	1934	174	122	1	0x0400000000000000	VRANGEPD	AVX512DQ_512
7215	8424	1934	174	122	1	0x0400000000000000	VRANGEPD	AVX512DQ_512
7216	8425	1935	171	119	1	0x0080000000000000	VRANGEPS	AVX512DQ_128
7217	8426	1935	171	119	1	0x0080000000000000	VRANGEPS	AVX512DQ_128
7218	8427	1935	173	121	1	0x0200000000000000	VRANGEPS	AVX512DQ_256
7219	8428	1935	173	121	1	0x0200000000000000	VRANGEPS	AVX512DQ_256
7220	8429	1935	174	122	1	0x0400000000000000	VRANGEPS	AVX512DQ_512
7221	8430	1935	174	122	1	0x0400000000000000	VRANGEPS	AVX512DQ_512
7222	8430	1935	174	122	1	0x0400000000000000	VRANGEPS	AVX512DQ_512
7223	8431	1936	177	125	1	0x2000000000000000	VRANGESD	AVX512DQ_SCALAR
7224	8432	1936	177	125	1	0x2000000000000000	VRANGESD	AVX512DQ_SCALAR
7225	8432	1936	177	125	1	0x2000000000000000	VRANGESD	AVX512DQ_SCALAR
7226	8433	1937	177	125	1	0x2000000000000000	VRANGESS	AVX512DQ_SCALAR
7227	8434	1937	177	125	1	0x2000000000000000	VRANGESS	AVX512DQ_SCALAR
7228	8434	1937	177	125	1	0x2000000000000000	VRANGESS	AVX512DQ_SCALAR
7229	5646	1759	217	165	2	0x0000002000000000	VMINMAXBF16	AVX512_MINMAX_128
7230	5647	1759	217	165	2	0x0000002000000000	VMINMAXBF16	AVX512_MINMAX_128
7231	5648	1759	218	166	2	0x0000004000000000	VMINMAXBF16	AVX512_MINMAX_256
7232	5649	1759	218	166	2	0x0000004000000000	VMINMAXBF16	AVX512_MINMAX_256
7233	5650	1759	219	167	2	0x0000008000000000	VMINMAXBF16	AVX512_MINMAX_512
7234	5651	1759	219	167	2	0x0000008000000000	VMINMAXBF16	AVX512_MINMAX_512
7235	5652	1760	217	165	2	0x0000002000000000	VMINMAXPD	AVX512_MINMAX_128
7236	5653	1760	217	165	2	0x0000002000000000	VMINMAXPD	AVX512_MINMAX_128
7237	5654	1760	218	166	2	0x0000004000000000	VMINMAXPD	AVX512_MINMAX_256
7238	5655	1760	218	166	2	0x0000004000000000	VMINMAXPD	AVX512_MINMAX_256
7239	5656	1760	219	167	2	0x0000008000000000	VMINMAXPD	AVX512_MINMAX_512
7240	5657	1760	219	167	2	0x0000008000000000	VMINMAXPD	AVX512_MINMAX_512
7241	5657	1760	219	167	2	0x0000008000000000	VMINMAXPD	AVX512_MINMAX_512
7242	5658	1761	217	165	2	0x0000002000000000	VMINMAXPH	AVX512_MINMAX_128
7243	5659	1761	217	165	2	0x0000002000000000	VMINMAXPH	AVX512_MINMAX_128
7244	5660	1761	218	166	2	0x0000004000000000	VMINMAXPH	AVX512_MINMAX_256
7245	5661	1761	218	166	2	0x0000004000000000	VMINMAXPH	AVX512_MINMAX_256
7246	5662	1761	219	167	2	0x0000008000000000	VMINMAXPH	AVX512_MINMAX_512
7247	5663	1761	219	167	2	0x0000008000000000	VMINMAXPH	AVX512_MINMAX_512
7248	5663	1761	219	167	2	0x0000008000000000	VMINMAXPH	AVX512_MINMAX_512
7249	5664	1762	217	165	2	0x0000002000000000	VMINMAXPS	AVX512_MINMAX_128
7250	5665	1762	217	165	2	0x0000002000000000	VMINMAXPS	AVX512_MINMAX_128
7251	5666	1762	218	166	2	0x0000004000000000	VMINMAXPS	AVX512_MINMAX_256
7252	5667	1762	218	166	2	0x0000004000000000	VMINMAXPS	AVX512_MINMAX_256
7253	5668	1762	219	167	2	0x0000008000000000	VMINMAXPS	AVX512_MINMAX_512
7254	5669	1762	219	167	2	0x0000008000000000	VMINMAXPS	AVX512_MINMAX_512
7255	5669	1762	219	167	2	0x0000008000000000	VMINMAXPS	AVX512_MINMAX_512
7256	5670	1763	220	168	2	0x0000010000000000	VMINMAXSD	AVX512_MINMAX_SCALAR
7257	5671	1763	220	168	2	0x0000010000000000	VMINMAXSD	AVX512_MINMAX_SCALAR
7258	5671	1763	220	168	2	0x0000010000000000	VMINMAXSD	AVX512_MINMAX_SCALAR
7259	5672	1764	220	168	2	0x0000010000000000	VMINMAXSH	AVX512_MINMAX_SCALAR
7260	5673	1764	220	168	2	0x0000010000000000	VMINMAXSH	AVX512_MINMAX_SCALAR
7261	5673	1764	220	168	2	0x0000010000000000	VMINMAXSH	AVX512_MINMAX_SCALAR
7262	5674	1765	220	168	2	0x0000010000000000	VMINMAXSS	AVX512_MINMAX_SCALAR
7263	5675	1765	220	168	2	0x0000010000000000	VMINMAXSS	AVX512_MINMAX_SCALAR
7264	5675	1765	220	168	2	0x0000010000000000	VMINMAXSS	AVX512_MINMAX_SCALAR
7265	4587	1661	180	128	2	0x0000000000000001	VFIXUPIMMPD	AVX512F_128
7266	4588	1661	180	128	2	0x0000000000000001	VFIXUPIMMPD	AVX512F_128
7267	4589	1661	182	130	2	0x0000000000000004	VFIXUPIMMPD	AVX512F_256
7268	4590	1661	182	130	2	0x0000000000000004	VFIXUPIMMPD	AVX512F_256
7269	4591	1661	183	131	2	0x0000000000000008	VFIXUPIMMPD	AVX512F_512
7270	4592	1661	183	131	2	0x0000000000000008	VFIXUPIMMPD	AVX512F_512
7271	4592	1661	183	131	2	0x0000000000000008	VFIXUPIMMPD	AVX512F_512
7272	4593	1662	180	128	2	0x0000000000000001	VFIXUPIMMPS	AVX512F_128
7273	4594	1662	180	128	2	0x0000000000000001	VFIXUPIMMPS	AVX512F_128
7274	4595	1662	182	130	2	0x0000000000000004	VFIXUPIMMPS	AVX512F_256
7275	4596	1662	182	130	2	0x0000000000000004	VFIXUPIMMPS	AVX512F_256
7276	4597	1662	183	131	2	0x0000000000000008	VFIXUPIMMPS	AVX512F_512
7277	4598	1662	183	131	2	0x0000000000000008	VFIXUPIMMPS	AVX512F_512
7278	4598	1662	183	131	2	0x0000000000000008	VFIXUPIMMPS	AVX512F_512
7279	4599	1663	185	133	2	0x0000000000000020	VFIXUPIMMSD	AVX512F_SCALAR
7280	4600	1663	185	133	2	0x0000000000000020	VFIXUPIMMSD	AVX512F_SCALAR
7281	4600	1663	185	133	2	0x0000000000000020	VFIXUPIMMSD	AVX512F_SCALAR
7282	4601	1664	185	133	2	0x0000000000000020	VFIXUPIMMSS	AVX512F_SCALAR
7283	4602	1664	185	133	2	0x0000000000000020	VFIXUPIMMSS	AVX512F_SCALAR
7284	4602	1664	185	133	2	0x0000000000000020	VFIXUPIMMSS	AVX512F_SCALAR
7285	8479	1949	151	99	1	0x0000000800000000	VREDUCEBF16	AVX10_2_BF16_128
7286	8480	1949	151	99	1	0x0000000800000000	VREDUCEBF16	AVX10_2_BF16_128
7287	8481	1949	152	100	1	0x0000001000000000	VREDUCEBF16	AVX10_2_BF16_256
7288	8482	1949	152	100	1	0x0000001000000000	VREDUCEBF16	AVX10_2_BF16_256
7289	8483	1949	153	101	1	0x0000002000000000	VREDUCEBF16	AVX10_2_BF16_512
7290	8484	1949	153	101	1	0x0000002000000000	VREDUCEBF16	AVX10_2_BF16_512
7291	8485	1950	171	119	1	0x0080000000000000	VREDUCEPD	AVX512DQ_128
7292	8486	1950	171	119	1	0x0080000000000000	VREDUCEPD	AVX512DQ_128
7293	8487	1950	173	121	1	0x0200000000000000	VREDUCEPD	AVX512DQ_256
7294	8488	1950	173	121	1	0x0200000000000000	VREDUCEPD	AVX512DQ_256
7295	8489	1950	174	122	1	0x0400000000000000	VREDUCEPD	AVX512DQ_512
7296	8490	1950	174	122	1	0x0400000000000000	VREDUCEPD	AVX512DQ_512
7297	8490	1950	174	122	1	0x0400000000000000	VREDUCEPD	AVX512DQ_512
7298	8491	1951	197	145	2	0x0000000000020000	VREDUCEPH	AVX512_FP16_128
7299	8492	1951	197	145	2	0x0000000000020000	VREDUCEPH	AVX512_FP16_128
7300	8493	1951	199	147	2	0x0000000000080000	VREDUCEPH	AVX512_FP16_256
7301	8494	1951	199	147	2	0x0000000000080000	VREDUCEPH	AVX512_FP16_256
7302	8495	1951	200	148	2	0x0000000000100000	VREDUCEPH	AVX512_FP16_512
7303	8496	1951	200	148	2	0x0000000000100000	VREDUCEPH	AVX512_FP16_512
7304	8496	1951	200	148	2	0x0000000000100000	VREDUCEPH	AVX512_FP16_512
7305	8497	1952	171	119	1	0x0080000000000000	VREDUCEPS	AVX512DQ_128
7306	8498	1952	171	119	1	0x0080000000000000	VREDUCEPS	AVX512DQ_128
7307	8499	1952	173	121	1	0x0200000000000000	VREDUCEPS	AVX512DQ_256
7308	8500	1952	173	121	1	0x0200000000000000	VREDUCEPS	AVX512DQ_256
7309	8501	1952	174	122	1	0x0400000000000000	VREDUCEPS	AVX512DQ_512
7310	8502	1952	174	122	1	0x0400000000000000	VREDUCEPS	AVX512DQ_512
7311	8502	1952	174	122	1	0x0400000000000000	VREDUCEPS	AVX512DQ_512
7312	8503	1953	177	125	1	0x2000000000000000	VREDUCESD	AVX512DQ_SCALAR
7313	8504	1953	177	125	1	0x2000000000000000	VREDUCESD	AVX512DQ_SCALAR
7314	8504	1953	177	125	1	0x2000000000000000	VREDUCESD	AVX512DQ_SCALAR
7315	8505	1954	204	152	2	0x0000000001000000	VREDUCESH	AVX512_FP16_SCALAR
7316	8506	1954	204	152	2	0x0000000001000000	VREDUCESH	AVX512_FP16_SCALAR
7317	8506	1954	204	152	2	0x0000000001000000	VREDUCESH	AVX512_FP16_SCALAR
7318	8507	1955	177	125	1	0x2000000000000000	VREDUCESS	AVX512DQ_SCALAR
7319	8508	1955	177	125	1	0x2000000000000000	VREDUCESS	AVX512DQ_SCALAR
7320	8508	1955	177	125	1	0x2000000000000000	VREDUCESS	AVX512DQ_SCALAR
7321	5375	1711	151	99	1	0x0000000800000000	VFPCLASSBF16	AVX10_2_BF16_128
7322	5376	1711	152	100	1	0x0000001000000000	VFPCLASSBF16	AVX10_2_BF16_256
7323	5377	1711	153	101	1	0x0000002000000000	VFPCLASSBF16	AVX10_2_BF16_512
7324	5378	1711	151	99	1	0x0000000800000000	VFPCLASSBF16	AVX10_2_BF16_128
7325	5379	1711	152	100	1	0x0000001000000000	VFPCLASSBF16	AVX10_2_BF16_256
7326	5380	1711	153	101	1	0x0000002000000000	VFPCLASSBF16	AVX10_2_BF16_512
7327	5381	1712	171	119	1	0x0080000000000000	VFPCLASSPD	AVX512DQ_128
7328	5382	1712	173	121	1	0x0200000000000000	VFPCLASSPD	AVX512DQ_256
7329	5383	1712	174	122	1	0x0400000000000000	VFPCLASSPD	AVX512DQ_512
7330	5384	1712	171	119	1	0x0080000000000000	VFPCLASSPD	AVX512DQ_128
7331	5385	1712	173	121	1	0x0200000000000000	VFPCLASSPD	AVX512DQ_256
7332	5386	1712	174	122	1	0x0400000000000000	VFPCLASSPD	AVX512DQ_512
7333	5387	1713	197	145	2	0x0000000000020000	VFPCLASSPH	AVX512_FP16_128
7334	5388	1713	199	147	2	0x0000000000080000	VFPCLASSPH	AVX512_FP16_256
7335	5389	1713	200	148	2	0x0000000000100000	VFPCLASSPH	AVX512_FP16_512
7336	5390	1713	197	145	2	0x0000000000020000	VFPCLASSPH	AVX512_FP16_128
7337	5391	1713	199	147	2	0x0000000000080000	VFPCLASSPH	AVX512_FP16_256
7338	5392	1713	200	148	2	0x0000000000100000	VFPCLASSPH	AVX512_FP16_512
7339	5393	1714	171	119	1	0x0080000000000000	VFPCLASSPS	AVX512DQ_128
7340	5394	1714	173	121	1	0x0200000000000000	VFPCLASSPS	AVX512DQ_256
7341	5395	1714	174	122	1	0x0400000000000000	VFPCLASSPS	AVX512DQ_512
7342	5396	1714	171	119	1	0x0080000000000000	VFPCLASSPS	AVX512DQ_128
7343	5397	1714	173	121	1	0x0200000000000000	VFPCLASSPS	AVX512DQ_256
7344	5398	1714	174	122	1	0x0400000000000000	VFPCLASSPS	AVX512DQ_512
7345	5399	1715	177	125	1	0x2000000000000000	VFPCLASSSD	AVX512DQ_SCALAR
7346	5400	1715	177	125	1	0x2000000000000000	VFPCLASSSD	AVX512DQ_SCALAR
7347	5401	1716	204	152	2	0x0000000001000000	VFPCLASSSH	AVX512_FP16_SCALAR
7348	5402	1716	204	152	2	0x0000000001000000	VFPCLASSSH	AVX512_FP16_SCALAR
7349	5403	1717	177	125	1	0x2000000000000000	VFPCLASSSS	AVX512DQ_SCALAR
7350	5404	1717	177	125	1	0x2000000000000000	VFPCLASSSS	AVX512DQ_SCALAR
7351	7824	1065	232	180	2	0x0010000000000000	VPSHLDW	AVX512_VBMI2_128
7352	7825	1065	232	180	2	0x0010000000000000	VPSHLDW	AVX512_VBMI2_128
7353	7826	1065	233	181	2	0x0020000000000000	VPSHLDW	AVX512_VBMI2_256
7354	7827	1065	233	181	2	0x0020000000000000	VPSHLDW	AVX512_VBMI2_256
7355	7828	1065	234	182	2	0x0040000000000000	VPSHLDW	AVX512_VBMI2_512
7356	7829	1065	234	182	2	0x0040000000000000	VPSHLDW	AVX512_VBMI2_512
7357	7794	1066	232	180	2	0x0010000000000000	VPSHLDD	AVX512_VBMI2_128
7358	7795	1066	232	180	2	0x0010000000000000	VPSHLDD	AVX512_VBMI2_128
7359	7796	1066	233	181	2	0x0020000000000000	VPSHLDD	AVX512_VBMI2_256
7360	7797	1066	233	181	2	0x0020000000000000	VPSHLDD	AVX512_VBMI2_256
7361	7798	1066	234	182	2	0x0040000000000000	VPSHLDD	AVX512_VBMI2_512
7362	7799	1066	234	182	2	0x0040000000000000	VPSHLDD	AVX512_VBMI2_512
7363	7800	1067	232	180	2	0x0010000000000000	VPSHLDQ	AVX512_VBMI2_128
7364	7801	1067	232	180	2	0x0010000000000000	VPSHLDQ	AVX512_VBMI2_128
7365	7802	1067	233	181	2	0x0020000000000000	VPSHLDQ	AVX512_VBMI2_256
7366	7803	1067	233	181	2	0x0020000000000000	VPSHLDQ	AVX512_VBMI2_256
7367	7804	1067	234	182	2	0x0040000000000000	VPSHLDQ	AVX512_VBMI2_512
7368	7805	1067	234	182	2	0x0040000000000000	VPSHLDQ	AVX512_VBMI2_512
7369	7869	1071	232	180	2	0x0010000000000000	VPSHRDW	AVX512_VBMI2_128
7370	7870	1071	232	180	2	0x0010000000000000	VPSHRDW	AVX512_VBMI2_128
7371	7871	1071	233	181	2	0x0020000000000000	VPSHRDW	AVX512_VBMI2_256
7372	7872	1071	233	181	2	0x0020000000000000	VPSHRDW	AVX512_VBMI2_256
7373	7873	1071	234	182	2	0x0040000000000000	VPSHRDW	AVX512_VBMI2_512
7374	7874	1071	234	182	2	0x0040000000000000	VPSHRDW	AVX512_VBMI2_512
7375	7839	1072	232	180	2	0x0010000000000000	VPSHRDD	AVX512_VBMI2_128
7376	7840	1072	232	180	2	0x0010000000000000	VPSHRDD	AVX512_VBMI2_128
7377	7841	1072	233	181	2	0x0020000000000000	VPSHRDD	AVX512_VBMI2_256
7378	7842	1072	233	181	2	0x0020000000000000	VPSHRDD	AVX512_VBMI2_256
7379	7843	1072	234	182	2	0x0040000000000000	VPSHRDD	AVX512_VBMI2_512
7380	7844	1072	234	182	2	0x0040000000000000	VPSHRDD	AVX512_VBMI2_512
7381	7845	1073	232	180	2	0x0010000000000000	VPSHRDQ	AVX512_VBMI2_128
7382	7846	1073	232	180	2	0x0010000000000000	VPSHRDQ	AVX512_VBMI2_128
7383	7847	1073	233	181	2	0x0020000000000000	VPSHRDQ	AVX512_VBMI2_256
7384	7848	1073	233	181	2	0x0020000000000000	VPSHRDQ	AVX512_VBMI2_256
7385	7849	1073	234	182	2	0x0040000000000000	VPSHRDQ	AVX512_VBMI2_512
7386	7850	1073	234	182	2	0x0040000000000000	VPSHRDQ	AVX512_VBMI2_512
7387	3260	935	101	50	0	0x0004000000000000	TCVTROWPS2BF16L	AMX_AVX512
7388	3264	937	101	50	0	0x0004000000000000	TCVTROWPS2PHL	AMX_AVX512
7389	3315	1460	116	64	1	0x0000000000000001	TOP4MXBF8PS	ACE_1
7390	3316	1461	116	64	1	0x0000000000000001	TOP4MXBHF8PS	ACE_1
7391	3318	1463	116	64	1	0x0000000000000001	TOP4MXHBF8PS	ACE_1
7392	3319	1464	116	64	1	0x0000000000000001	TOP4MXHF8PS	ACE_1
7393	3317	1462	116	64	1	0x0000000000000001	TOP4MXBSSPS	ACE_1
7394	3583	1494	151	99	1	0x0000000800000000	VCMPBF16	AVX10_2_BF16_128
7395	3584	1494	151	99	1	0x0000000800000000	VCMPBF16	AVX10_2_BF16_128
7396	3585	1494	152	100	1	0x0000001000000000	VCMPBF16	AVX10_2_BF16_256
7397	3586	1494	152	100	1	0x0000001000000000	VCMPBF16	AVX10_2_BF16_256
7398	3587	1494	153	101	1	0x0000002000000000	VCMPBF16	AVX10_2_BF16_512
7399	3588	1494	153	101	1	0x0000002000000000	VCMPBF16	AVX10_2_BF16_512
7400	3599	1496	197	145	2	0x0000000000020000	VCMPPH	AVX512_FP16_128
7401	3600	1496	197	145	2	0x0000000000020000	VCMPPH	AVX512_FP16_128
7402	3601	1496	199	147	2	0x0000000000080000	VCMPPH	AVX512_FP16_256
7403	3602	1496	199	147	2	0x0000000000080000	VCMPPH	AVX512_FP16_256
7404	3603	1496	200	148	2	0x0000000000100000	VCMPPH	AVX512_FP16_512
7405	3604	1496	200	148	2	0x0000000000100000	VCMPPH	AVX512_FP16_512
7406	3604	1496	200	148	2	0x0000000000100000	VCMPPH	AVX512_FP16_512
7407	3619	1499	204	152	2	0x0000000001000000	VCMPSH	AVX512_FP16_SCALAR
7408	3620	1499	204	152	2	0x0000000001000000	VCMPSH	AVX512_FP16_SCALAR
7409	3620	1499	204	152	2	0x0000000001000000	VCMPSH	AVX512_FP16_SCALAR
7410	5515	1738	208	156	2	0x0000000010000000	VGF2P8AFFINEQB	AVX512_GFNI_128
7411	5516	1738	208	156	2	0x0000000010000000	VGF2P8AFFINEQB	AVX512_GFNI_128
7412	5519	1738	209	157	2	0x0000000020000000	VGF2P8AFFINEQB	AVX512_GFNI_256
7413	5520	1738	209	157	2	0x0000000020000000	VGF2P8AFFINEQB	AVX512_GFNI_256
7414	5523	1738	210	158	2	0x0000000040000000	VGF2P8AFFINEQB	AVX512_GFNI_512
7415	5524	1738	210	158	2	0x0000000040000000	VGF2P8AFFINEQB	AVX512_GFNI_512
7416	5505	1737	208	156	2	0x0000000010000000	VGF2P8AFFINEINVQB	AVX512_GFNI_128
7417	5506	1737	208	156	2	0x0000000010000000	VGF2P8AFFINEINVQB	AVX512_GFNI_128
7418	5509	1737	209	157	2	0x0000000020000000	VGF2P8AFFINEINVQB	AVX512_GFNI_256
7419	5510	1737	209	157	2	0x0000000020000000	VGF2P8AFFINEINVQB	AVX512_GFNI_256
7420	5513	1737	210	158	2	0x0000000040000000	VGF2P8AFFINEINVQB	AVX512_GFNI_512
7421	5514	1737	210	158	2	0x0000000040000000	VGF2P8AFFINEINVQB	AVX512_GFNI_512
7422	2684	693	128	76	1	0x0000000000001000	RORX	APX_F_BMI2
7423	2685	693	128	76	1	0x0000000000001000	RORX	APX_F_BMI2
7424	2686	693	128	76	1	0x0000000000001000	RORX	APX_F_BMI2
7425	2687	693	128	76	1	0x0000000000001000	RORX	APX_F_BMI2
7426	91	6	91	22	0	0x0000000000400000	ADD	APX_F
7427	92	6	145	93	1	0x0000000020000000	ADD	APX_F_N3
7428	93	6	145	93	1	0x0000000020000000	ADD	APX_F_N3
7429	93	6	145	93	1	0x0000000020000000	ADD	APX_F_N3
7430	100	6	145	93	1	0x0000000020000000	ADD	APX_F_N3
7431	100	6	145	93	1	0x0000000020000000	ADD	APX_F_N3
7432	131	6	91	22	0	0x0000000000400000	ADD	APX_F
7433	132	6	145	93	1	0x0000000020000000	ADD	APX_F_N3
7434	104	6	91	22	0	0x0000000000400000	ADD	APX_F
7435	104	6	91	22	0	0x0000000000400000	ADD	APX_F
7436	105	6	145	93	1	0x0000000020000000	ADD	APX_F_N3
7437	105	6	145	93	1	0x0000000020000000	ADD	APX_F_N3
7438	106	6	145	93	1	0x0000000020000000	ADD	APX_F_N3
7439	106	6	145	93	1	0x0000000020000000	ADD	APX_F_N3
7440	106	6	145	93	1	0x0000000020000000	ADD	APX_F_N3
7441	106	6	145	93	1	0x0000000020000000	ADD	APX_F_N3
7442	119	6	145	93	1	0x0000000020000000	ADD	APX_F_N3
7443	119	6	145	93	1	0x0000000020000000	ADD	APX_F_N3
7444	119	6	145	93	1	0x0000000020000000	ADD	APX_F_N3
7445	119	6	145	93	1	0x0000000020000000	ADD	APX_F_N3
7446	136	6	91	22	0	0x0000000000400000	ADD	APX_F
7447	136	6	91	22	0	0x0000000000400000	ADD	APX_F
7448	137	6	145	93	1	0x0000000020000000	ADD	APX_F_N3
7449	137	6	145	93	1	0x0000000020000000	ADD	APX_F_N3
7450	91	6	91	22	0	0x0000000000400000	ADD	APX_F
7451	92	6	145	93	1	0x0000000020000000	ADD	APX_F_N3
7452	93	6	145	93	1	0x0000000020000000	ADD	APX_F_N3
7453	93	6	145	93	1	0x0000000020000000	ADD	APX_F_N3
7454	95	6	145	93	1	0x0000000020000000	ADD	APX_F_N3
7455	95	6	145	93	1	0x0000000020000000	ADD	APX_F_N3
7456	98	6	91	22	0	0x0000000000400000	ADD	APX_F
7457	99	6	145	93	1	0x0000000020000000	ADD	APX_F_N3
7458	104	6	91	22	0	0x0000000000400000	ADD	APX_F
7459	104	6	91	22	0	0x0000000000400000	ADD	APX_F
7460	105	6	145	93	1	0x0000000020000000	ADD	APX_F_N3
7461	105	6	145	93	1	0x0000000020000000	ADD	APX_F_N3
7462	106	6	145	93	1	0x0000000020000000	ADD	APX_F_N3
7463	106	6	145	93	1	0x0000000020000000	ADD	APX_F_N3
7464	106	6	145	93	1	0x0000000020000000	ADD	APX_F_N3
7465	106	6	145	93	1	0x0000000020000000	ADD	APX_F_N3
7466	109	6	145	93	1	0x0000000020000000	ADD	APX_F_N3
7467	109	6	145	93	1	0x0000000020000000	ADD	APX_F_N3
7468	109	6	145	93	1	0x0000000020000000	ADD	APX_F_N3
7469	109	6	145	93	1	0x0000000020000000	ADD	APX_F_N3
7470	117	6	91	22	0	0x0000000000400000	ADD	APX_F
7471	117	6	91	22	0	0x0000000000400000	ADD	APX_F
7472	118	6	145	93	1	0x0000000020000000	ADD	APX_F_N3
7473	118	6	145	93	1	0x0000000020000000	ADD	APX_F_N3
7474	1893	131	91	22	0	0x0000000000400000	OR	APX_F
7475	1894	131	145	93	1	0x0000000020000000	OR	APX_F_N3
7476	1895	131	145	93	1	0x0000000020000000	OR	APX_F_N3
7477	1895	131	145	93	1	0x0000000020000000	OR	APX_F_N3
7478	1902	131	145	93	1	0x0000000020000000	OR	APX_F_N3
7479	1902	131	145	93	1	0x0000000020000000	OR	APX_F_N3
7480	1933	131	91	22	0	0x0000000000400000	OR	APX_F
7481	1934	131	145	93	1	0x0000000020000000	OR	APX_F_N3
7482	1906	131	91	22	0	0x0000000000400000	OR	APX_F
7483	1906	131	91	22	0	0x0000000000400000	OR	APX_F
7484	1907	131	145	93	1	0x0000000020000000	OR	APX_F_N3
7485	1907	131	145	93	1	0x0000000020000000	OR	APX_F_N3
7486	1908	131	145	93	1	0x0000000020000000	OR	APX_F_N3
7487	1908	131	145	93	1	0x0000000020000000	OR	APX_F_N3
7488	1908	131	145	93	1	0x0000000020000000	OR	APX_F_N3
7489	1908	131	145	93	1	0x0000000020000000	OR	APX_F_N3
7490	1921	131	145	93	1	0x0000000020000000	OR	APX_F_N3
7491	1921	131	145	93	1	0x0000000020000000	OR	APX_F_N3
7492	1921	131	145	93	1	0x0000000020000000	OR	APX_F_N3
7493	1921	131	145	93	1	0x0000000020000000	OR	APX_F_N3
7494	1938	131	91	22	0	0x0000000000400000	OR	APX_F
7495	1938	131	91	22	0	0x0000000000400000	OR	APX_F
7496	1939	131	145	93	1	0x0000000020000000	OR	APX_F_N3
7497	1939	131	145	93	1	0x0000000020000000	OR	APX_F_N3
7498	1893	131	91	22	0	0x0000000000400000	OR	APX_F
7499	1894	131	145	93	1	0x0000000020000000	OR	APX_F_N3
7500	1895	131	145	93	1	0x0000000020000000	OR	APX_F_N3
7501	1895	131	145	93	1	0x0000000020000000	OR	APX_F_N3
7502	1897	131	145	93	1	0x0000000020000000	OR	APX_F_N3
7503	1897	131	145	93	1	0x0000000020000000	OR	APX_F_N3
7504	1900	131	91	22	0	0x0000000000400000	OR	APX_F
7505	1901	131	145	93	1	0x0000000020000000	OR	APX_F_N3
7506	1906	131	91	22	0	0x0000000000400000	OR	APX_F
7507	1906	131	91	22	0	0x0000000000400000	OR	APX_F
7508	1907	131	145	93	1	0x0000000020000000	OR	APX_F_N3
7509	1907	131	145	93	1	0x0000000020000000	OR	APX_F_N3
7510	1908	131	145	93	1	0x0000000020000000	OR	APX_F_N3
7511	1908	131	145	93	1	0x0000000020000000	OR	APX_F_N3
7512	1908	131	145	93	1	0x0000000020000000	OR	APX_F_N3
7513	1908	131	145	93	1	0x0000000020000000	OR	APX_F_N3
7514	1911	131	145	93	1	0x0000000020000000	OR	APX_F_N3
7515	1911	131	145	93	1	0x0000000020000000	OR	APX_F_N3
7516	1911	131	145	93	1	0x0000000020000000	OR	APX_F_N3
7517	1911	131	145	93	1	0x0000000020000000	OR	APX_F_N3
7518	1919	131	91	22	0	0x0000000000400000	OR	APX_F
7519	1919	131	91	22	0	0x0000000000400000	OR	APX_F
7520	1920	131	145	93	1	0x0000000020000000	OR	APX_F_N3
7521	1920	131	145	93	1	0x0000000020000000	OR	APX_F_N3
7522	31	5	91	22	0	0x0000000000400000	ADC	APX_F
7523	32	5	145	93	1	0x0000000020000000	ADC	APX_F_N3
7524	37	5	145	93	1	0x0000000020000000	ADC	APX_F_N3
7525	64	5	91	22	0	0x0000000000400000	ADC	APX_F
7526	41	5	91	22	0	0x0000000000400000	ADC	APX_F
7527	41	5	91	22	0	0x0000000000400000	ADC	APX_F
7528	42	5	145	93	1	0x0000000020000000	ADC	APX_F_N3
7529	42	5	145	93	1	0x0000000020000000	ADC	APX_F_N3
7530	52	5	145	93	1	0x0000000020000000	ADC	APX_F_N3
7531	52	5	145	93	1	0x0000000020000000	ADC	APX_F_N3
7532	67	5	91	22	0	0x0000000000400000	ADC	APX_F
7533	67	5	91	22	0	0x0000000000400000	ADC	APX_F
7534	31	5	91	22	0	0x0000000000400000	ADC	APX_F
7535	32	5	145	93	1	0x0000000020000000	ADC	APX_F_N3
7536	34	5	145	93	1	0x0000000020000000	ADC	APX_F_N3
7537	36	5	91	22	0	0x0000000000400000	ADC	APX_F
7538	41	5	91	22	0	0x0000000000400000	ADC	APX_F
7539	41	5	91	22	0	0x0000000000400000	ADC	APX_F
7540	42	5	145	93	1	0x0000000020000000	ADC	APX_F_N3
7541	42	5	145	93	1	0x0000000020000000	ADC	APX_F_N3
7542	45	5	145	93	1	0x0000000020000000	ADC	APX_F_N3
7543	45	5	145	93	1	0x0000000020000000	ADC	APX_F_N3
7544	51	5	91	22	0	0x0000000000400000	ADC	APX_F
7545	51	5	91	22	0	0x0000000000400000	ADC	APX_F
7546	2817	157	91	22	0	0x0000000000400000	SBB	APX_F
7547	2818	157	145	93	1	0x0000000020000000	SBB	APX_F_N3
7548	2823	157	145	93	1	0x0000000020000000	SBB	APX_F_N3
7549	2850	157	91	22	0	0x0000000000400000	SBB	APX_F
7550	2827	157	91	22	0	0x0000000000400000	SBB	APX_F
7551	2827	157	91	22	0	0x0000000000400000	SBB	APX_F
7552	2828	157	145	93	1	0x0000000020000000	SBB	APX_F_N3
7553	2828	157	145	93	1	0x0000000020000000	SBB	APX_F_N3
7554	2838	157	145	93	1	0x0000000020000000	SBB	APX_F_N3
7555	2838	157	145	93	1	0x0000000020000000	SBB	APX_F_N3
7556	2853	157	91	22	0	0x0000000000400000	SBB	APX_F
7557	2853	157	91	22	0	0x0000000000400000	SBB	APX_F
7558	2817	157	91	22	0	0x0000000000400000	SBB	APX_F
7559	2818	157	145	93	1	0x0000000020000000	SBB	APX_F_N3
7560	2820	157	145	93	1	0x0000000020000000	SBB	APX_F_N3
7561	2822	157	91	22	0	0x0000000000400000	SBB	APX_F
7562	2827	157	91	22	0	0x0000000000400000	SBB	APX_F
7563	2827	157	91	22	0	0x0000000000400000	SBB	APX_F
7564	2828	157	145	93	1	0x0000000020000000	SBB	APX_F_N3
7565	2828	157	145	93	1	0x0000000020000000	SBB	APX_F_N3
7566	2831	157	145	93	1	0x0000000020000000	SBB	APX_F_N3
7567	2831	157	145	93	1	0x0000000020000000	SBB	APX_F_N3
7568	2837	157	91	22	0	0x0000000000400000	SBB	APX_F
7569	2837	157	91	22	0	0x0000000000400000	SBB	APX_F
7570	203	7	91	22	0	0x0000000000400000	AND	APX_F
7571	204	7	145	93	1	0x0000000020000000	AND	APX_F_N3
7572	205	7	145	93	1	0x0000000020000000	AND	APX_F_N3
7573	205	7	145	93	1	0x0000000020000000	AND	APX_F_N3
7574	212	7	145	93	1	0x0000000020000000	AND	APX_F_N3
7575	212	7	145	93	1	0x0000000020000000	AND	APX_F_N3
7576	243	7	91	22	0	0x0000000000400000	AND	APX_F
7577	244	7	145	93	1	0x0000000020000000	AND	APX_F_N3
7578	216	7	91	22	0	0x0000000000400000	AND	APX_F
7579	216	7	91	22	0	0x0000000000400000	AND	APX_F
7580	217	7	145	93	1	0x0000000020000000	AND	APX_F_N3
7581	217	7	145	93	1	0x0000000020000000	AND	APX_F_N3
7582	218	7	145	93	1	0x0000000020000000	AND	APX_F_N3
7583	218	7	145	93	1	0x0000000020000000	AND	APX_F_N3
7584	218	7	145	93	1	0x0000000020000000	AND	APX_F_N3
7585	218	7	145	93	1	0x0000000020000000	AND	APX_F_N3
7586	231	7	145	93	1	0x0000000020000000	AND	APX_F_N3
7587	231	7	145	93	1	0x0000000020000000	AND	APX_F_N3
7588	231	7	145	93	1	0x0000000020000000	AND	APX_F_N3
7589	231	7	145	93	1	0x0000000020000000	AND	APX_F_N3
7590	248	7	91	22	0	0x0000000000400000	AND	APX_F
7591	248	7	91	22	0	0x0000000000400000	AND	APX_F
7592	249	7	145	93	1	0x0000000020000000	AND	APX_F_N3
7593	249	7	145	93	1	0x0000000020000000	AND	APX_F_N3
7594	203	7	91	22	0	0x0000000000400000	AND	APX_F
7595	204	7	145	93	1	0x0000000020000000	AND	APX_F_N3
7596	205	7	145	93	1	0x0000000020000000	AND	APX_F_N3
7597	205	7	145	93	1	0x0000000020000000	AND	APX_F_N3
7598	207	7	145	93	1	0x0000000020000000	AND	APX_F_N3
7599	207	7	145	93	1	0x0000000020000000	AND	APX_F_N3
7600	210	7	91	22	0	0x0000000000400000	AND	APX_F
7601	211	7	145	93	1	0x0000000020000000	AND	APX_F_N3
7602	216	7	91	22	0	0x0000000000400000	AND	APX_F
7603	216	7	91	22	0	0x0000000000400000	AND	APX_F
7604	217	7	145	93	1	0x0000000020000000	AND	APX_F_N3
7605	217	7	145	93	1	0x0000000020000000	AND	APX_F_N3
7606	218	7	145	93	1	0x0000000020000000	AND	APX_F_N3
7607	218	7	145	93	1	0x0000000020000000	AND	APX_F_N3
7608	218	7	145	93	1	0x0000000020000000	AND	APX_F_N3
7609	218	7	145	93	1	0x0000000020000000	AND	APX_F_N3
7610	221	7	145	93	1	0x0000000020000000	AND	APX_F_N3
7611	221	7	145	93	1	0x0000000020000000	AND	APX_F_N3
7612	221	7	145	93	1	0x0000000020000000	AND	APX_F_N3
7613	221	7	145	93	1	0x0000000020000000	AND	APX_F_N3
7614	229	7	91	22	0	0x0000000000400000	AND	APX_F
7615	229	7	91	22	0	0x0000000000400000	AND	APX_F
7616	230	7	145	93	1	0x0000000020000000	AND	APX_F_N3
7617	230	7	145	93	1	0x0000000020000000	AND	APX_F_N3
7618	2986	180	145	93	1	0x0000000020000000	SHLD	APX_F_N3
7619	2986	180	145	93	1	0x0000000020000000	SHLD	APX_F_N3
7620	2986	180	145	93	1	0x0000000020000000	SHLD	APX_F_N3
7621	2986	180	145	93	1	0x0000000020000000	SHLD	APX_F_N3
7622	2987	180	91	22	0	0x0000000000400000	SHLD	APX_F
7623	2987	180	91	22	0	0x0000000000400000	SHLD	APX_F
7624	2988	180	145	93	1	0x0000000020000000	SHLD	APX_F_N3
7625	2988	180	145	93	1	0x0000000020000000	SHLD	APX_F_N3
7626	2991	180	145	93	1	0x0000000020000000	SHLD	APX_F_N3
7627	2991	180	145	93	1	0x0000000020000000	SHLD	APX_F_N3
7628	2991	180	145	93	1	0x0000000020000000	SHLD	APX_F_N3
7629	2991	180	145	93	1	0x0000000020000000	SHLD	APX_F_N3
7630	2995	180	91	22	0	0x0000000000400000	SHLD	APX_F
7631	2995	180	91	22	0	0x0000000000400000	SHLD	APX_F
7632	2996	180	145	93	1	0x0000000020000000	SHLD	APX_F_N3
7633	2996	180	145	93	1	0x0000000020000000	SHLD	APX_F_N3
7634	3187	194	91	22	0	0x0000000000400000	SUB	APX_F
7635	3188	194	145	93	1	0x0000000020000000	SUB	APX_F_N3
7636	3189	194	145	93	1	0x0000000020000000	SUB	APX_F_N3
7637	3189	194	145	93	1	0x0000000020000000	SUB	APX_F_N3
7638	3196	194	145	93	1	0x0000000020000000	SUB	APX_F_N3
7639	3196	194	145	93	1	0x0000000020000000	SUB	APX_F_N3
7640	3227	194	91	22	0	0x0000000000400000	SUB	APX_F
7641	3228	194	145	93	1	0x0000000020000000	SUB	APX_F_N3
7642	3200	194	91	22	0	0x0000000000400000	SUB	APX_F
7643	3200	194	91	22	0	0x0000000000400000	SUB	APX_F
7644	3201	194	145	93	1	0x0000000020000000	SUB	APX_F_N3
7645	3201	194	145	93	1	0x0000000020000000	SUB	APX_F_N3
7646	3202	194	145	93	1	0x0000000020000000	SUB	APX_F_N3
7647	3202	194	145	93	1	0x0000000020000000	SUB	APX_F_N3
7648	3202	194	145	93	1	0x0000000020000000	SUB	APX_F_N3
7649	3202	194	145	93	1	0x0000000020000000	SUB	APX_F_N3
7650	3215	194	145	93	1	0x0000000020000000	SUB	APX_F_N3
7651	3215	194	145	93	1	0x0000000020000000	SUB	APX_F_N3
7652	3215	194	145	93	1	0x0000000020000000	SUB	APX_F_N3
7653	3215	194	145	93	1	0x0000000020000000	SUB	APX_F_N3
7654	3232	194	91	22	0	0x0000000000400000	SUB	APX_F
7655	3232	194	91	22	0	0x0000000000400000	SUB	APX_F
7656	3233	194	145	93	1	0x0000000020000000	SUB	APX_F_N3
7657	3233	194	145	93	1	0x0000000020000000	SUB	APX_F_N3
7658	3187	194	91	22	0	0x0000000000400000	SUB	APX_F
7659	3188	194	145	93	1	0x0000000020000000	SUB	APX_F_N3
7660	3189	194	145	93	1	0x0000000020000000	SUB	APX_F_N3
7661	3189	194	145	93	1	0x0000000020000000	SUB	APX_F_N3
7662	3191	194	145	93	1	0x0000000020000000	SUB	APX_F_N3
7663	3191	194	145	93	1	0x0000000020000000	SUB	APX_F_N3
7664	3194	194	91	22	0	0x0000000000400000	SUB	APX_F
7665	3195	194	145	93	1	0x0000000020000000	SUB	APX_F_N3
7666	3200	194	91	22	0	0x0000000000400000	SUB	APX_F
7667	3200	194	91	22	0	0x0000000000400000	SUB	APX_F
7668	3201	194	145	93	1	0x0000000020000000	SUB	APX_F_N3
7669	3201	194	145	93	1	0x0000000020000000	SUB	APX_F_N3
7670	3202	194	145	93	1	0x0000000020000000	SUB	APX_F_N3
7671	3202	194	145	93	1	0x0000000020000000	SUB	APX_F_N3
7672	3202	194	145	93	1	0x0000000020000000	SUB	APX_F_N3
7673	3202	194	145	93	1	0x0000000020000000	SUB	APX_F_N3
7674	3205	194	145	93	1	0x0000000020000000	SUB	APX_F_N3
7675	3205	194	145	93	1	0x0000000020000000	SUB	APX_F_N3
7676	3205	194	145	93	1	0x0000000020000000	SUB	APX_F_N3
7677	3205	194	145	93	1	0x0000000020000000	SUB	APX_F_N3
7678	3213	194	91	22	0	0x0000000000400000	SUB	APX_F
7679	3213	194	91	22	0	0x0000000000400000	SUB	APX_F
7680	3214	194	145	93	1	0x0000000020000000	SUB	APX_F_N3
7681	3214	194	145	93	1	0x0000000020000000	SUB	APX_F_N3
7682	3070	182	145	93	1	0x0000000020000000	SHRD	APX_F_N3
7683	3070	182	145	93	1	0x0000000020000000	SHRD	APX_F_N3
7684	3070	182	145	93	1	0x0000000020000000	SHRD	APX_F_N3
7685	3070	182	145	93	1	0x0000000020000000	SHRD	APX_F_N3
7686	3071	182	91	22	0	0x0000000000400000	SHRD	APX_F
7687	3071	182	91	22	0	0x0000000000400000	SHRD	APX_F
7688	3072	182	145	93	1	0x0000000020000000	SHRD	APX_F_N3
7689	3072	182	145	93	1	0x0000000020000000	SHRD	APX_F_N3
7690	3075	182	145	93	1	0x0000000020000000	SHRD	APX_F_N3
7691	3075	182	145	93	1	0x0000000020000000	SHRD	APX_F_N3
7692	3075	182	145	93	1	0x0000000020000000	SHRD	APX_F_N3
7693	3075	182	145	93	1	0x0000000020000000	SHRD	APX_F_N3
7694	3079	182	91	22	0	0x0000000000400000	SHRD	APX_F
7695	3079	182	91	22	0	0x0000000000400000	SHRD	APX_F
7696	3080	182	145	93	1	0x0000000020000000	SHRD	APX_F_N3
7697	3080	182	145	93	1	0x0000000020000000	SHRD	APX_F_N3
7698	8931	210	91	22	0	0x0000000000400000	XOR	APX_F
7699	8932	210	145	93	1	0x0000000020000000	XOR	APX_F_N3
7700	8933	210	145	93	1	0x0000000020000000	XOR	APX_F_N3
7701	8933	210	145	93	1	0x0000000020000000	XOR	APX_F_N3
7702	8940	210	145	93	1	0x0000000020000000	XOR	APX_F_N3
7703	8940	210	145	93	1	0x0000000020000000	XOR	APX_F_N3
7704	8971	210	91	22	0	0x0000000000400000	XOR	APX_F
7705	8972	210	145	93	1	0x0000000020000000	XOR	APX_F_N3
7706	8944	210	91	22	0	0x0000000000400000	XOR	APX_F
7707	8944	210	91	22	0	0x0000000000400000	XOR	APX_F
7708	8945	210	145	93	1	0x0000000020000000	XOR	APX_F_N3
7709	8945	210	145	93	1	0x0000000020000000	XOR	APX_F_N3
7710	8946	210	145	93	1	0x0000000020000000	XOR	APX_F_N3
7711	8946	210	145	93	1	0x0000000020000000	XOR	APX_F_N3
7712	8946	210	145	93	1	0x0000000020000000	XOR	APX_F_N3
7713	8946	210	145	93	1	0x0000000020000000	XOR	APX_F_N3
7714	8959	210	145	93	1	0x0000000020000000	XOR	APX_F_N3
7715	8959	210	145	93	1	0x0000000020000000	XOR	APX_F_N3
7716	8959	210	145	93	1	0x0000000020000000	XOR	APX_F_N3
7717	8959	210	145	93	1	0x0000000020000000	XOR	APX_F_N3
7718	8976	210	91	22	0	0x0000000000400000	XOR	APX_F
7719	8976	210	91	22	0	0x0000000000400000	XOR	APX_F
7720	8977	210	145	93	1	0x0000000020000000	XOR	APX_F_N3
7721	8977	210	145	93	1	0x0000000020000000	XOR	APX_F_N3
7722	8931	210	91	22	0	0x0000000000400000	XOR	APX_F
7723	8932	210	145	93	1	0x0000000020000000	XOR	APX_F_N3
7724	8933	210	145	93	1	0x0000000020000000	XOR	APX_F_N3
7725	8933	210	145	93	1	0x0000000020000000	XOR	APX_F_N3
7726	8935	210	145	93	1	0x0000000020000000	XOR	APX_F_N3
7727	8935	210	145	93	1	0x0000000020000000	XOR	APX_F_N3
7728	8938	210	91	22	0	0x0000000000400000	XOR	APX_F
7729	8939	210	145	93	1	0x0000000020000000	XOR	APX_F_N3
7730	8944	210	91	22	0	0x0000000000400000	XOR	APX_F
7731	8944	210	91	22	0	0x0000000000400000	XOR	APX_F
7732	8945	210	145	93	1	0x0000000020000000	XOR	APX_F_N3
7733	8945	210	145	93	1	0x0000000020000000	XOR	APX_F_N3
7734	8946	210	145	93	1	0x0000000020000000	XOR	APX_F_N3
7735	8946	210	145	93	1	0x0000000020000000	XOR	APX_F_N3
7736	8946	210	145	93	1	0x0000000020000000	XOR	APX_F_N3
7737	8946	210	145	93	1	0x0000000020000000	XOR	APX_F_N3
7738	8949	210	145	93	1	0x0000000020000000	XOR	APX_F_N3
7739	8949	210	145	93	1	0x0000000020000000	XOR	APX_F_N3
7740	8949	210	145	93	1	0x0000000020000000	XOR	APX_F_N3
7741	8949	210	145	93	1	0x0000000020000000	XOR	APX_F_N3
7742	8957	210	91	22	0	0x0000000000400000	XOR	APX_F
7743	8957	210	91	22	0	0x0000000000400000	XOR	APX_F
7744	8958	210	145	93	1	0x0000000020000000	XOR	APX_F_N3
7745	8958	210	145	93	1	0x0000000020000000	XOR	APX_F_N3
7746	445	1230	145	93	1	0x0000000020000000	CCMPB	APX_F_N3
7747	452	1230	145	93	1	0x0000000020000000	CCMPB	APX_F_N3
7748	433	1231	145	93	1	0x0000000020000000	CCMPBE	APX_F_N3
7749	440	1231	145	93	1	0x0000000020000000	CCMPBE	APX_F_N3
7750	457	1232	145	93	1	0x0000000020000000	CCMPF	APX_F_N3
7751	464	1232	145	93	1	0x0000000020000000	CCMPF	APX_F_N3
7752	481	1233	145	93	1	0x0000000020000000	CCMPL	APX_F_N3
7753	488	1233	145	93	1	0x0000000020000000	CCMPL	APX_F_N3
7754	469	1234	145	93	1	0x0000000020000000	CCMPLE	APX_F_N3
7755	476	1234	145	93	1	0x0000000020000000	CCMPLE	APX_F_N3
7756	505	1235	145	93	1	0x0000000020000000	CCMPNB	APX_F_N3
7757	512	1235	145	93	1	0x0000000020000000	CCMPNB	APX_F_N3
7758	493	1236	145	93	1	0x0000000020000000	CCMPNBE	APX_F_N3
7759	500	1236	145	93	1	0x0000000020000000	CCMPNBE	APX_F_N3
7760	529	1237	145	93	1	0x0000000020000000	CCMPNL	APX_F_N3
7761	536	1237	145	93	1	0x0000000020000000	CCMPNL	APX_F_N3
7762	517	1238	145	93	1	0x0000000020000000	CCMPNLE	APX_F_N3
7763	524	1238	145	93	1	0x0000000020000000	CCMPNLE	APX_F_N3
7764	541	1239	145	93	1	0x0000000020000000	CCMPNO	APX_F_N3
7765	548	1239	145	93	1	0x0000000020000000	CCMPNO	APX_F_N3
7766	553	1240	145	93	1	0x0000000020000000	CCMPNS	APX_F_N3
7767	560	1240	145	93	1	0x0000000020000000	CCMPNS	APX_F_N3
7768	565	1241	145	93	1	0x0000000020000000	CCMPNZ	APX_F_N3
7769	572	1241	145	93	1	0x0000000020000000	CCMPNZ	APX_F_N3
7770	577	1242	145	93	1	0x0000000020000000	CCMPO	APX_F_N3
7771	584	1242	145	93	1	0x0000000020000000	CCMPO	APX_F_N3
7772	589	1243	145	93	1	0x0000000020000000	CCMPS	APX_F_N3
7773	596	1243	145	93	1	0x0000000020000000	CCMPS	APX_F_N3
7774	601	1244	145	93	1	0x0000000020000000	CCMPT	APX_F_N3
7775	608	1244	145	93	1	0x0000000020000000	CCMPT	APX_F_N3
7776	613	1245	145	93	1	0x0000000020000000	CCMPZ	APX_F_N3
7777	620	1245	145	93	1	0x0000000020000000	CCMPZ	APX_F_N3
7778	448	1230	145	93	1	0x0000000020000000	CCMPB	APX_F_N3
7779	448	1230	145	93	1	0x0000000020000000	CCMPB	APX_F_N3
7780	454	1230	145	93	1	0x0000000020000000	CCMPB	APX_F_N3
7781	454	1230	145	93	1	0x0000000020000000	CCMPB	APX_F_N3
7782	436	1231	145	93	1	0x0000000020000000	CCMPBE	APX_F_N3
7783	436	1231	145	93	1	0x0000000020000000	CCMPBE	APX_F_N3
7784	442	1231	145	93	1	0x0000000020000000	CCMPBE	APX_F_N3
7785	442	1231	145	93	1	0x0000000020000000	CCMPBE	APX_F_N3
7786	460	1232	145	93	1	0x0000000020000000	CCMPF	APX_F_N3
7787	460	1232	145	93	1	0x0000000020000000	CCMPF	APX_F_N3
7788	466	1232	145	93	1	0x0000000020000000	CCMPF	APX_F_N3
7789	466	1232	145	93	1	0x0000000020000000	CCMPF	APX_F_N3
7790	484	1233	145	93	1	0x0000000020000000	CCMPL	APX_F_N3
7791	484	1233	145	93	1	0x0000000020000000	CCMPL	APX_F_N3
7792	490	1233	145	93	1	0x0000000020000000	CCMPL	APX_F_N3
7793	490	1233	145	93	1	0x0000000020000000	CCMPL	APX_F_N3
7794	472	1234	145	93	1	0x0000000020000000	CCMPLE	APX_F_N3
7795	472	1234	145	93	1	0x0000000020000000	CCMPLE	APX_F_N3
7796	478	1234	145	93	1	0x0000000020000000	CCMPLE	APX_F_N3
7797	478	1234	145	93	1	0x0000000020000000	CCMPLE	APX_F_N3
7798	508	1235	145	93	1	0x0000000020000000	CCMPNB	APX_F_N3
7799	508	1235	145	93	1	0x0000000020000000	CCMPNB	APX_F_N3
7800	514	1235	145	93	1	0x0000000020000000	CCMPNB	APX_F_N3
7801	514	1235	145	93	1	0x0000000020000000	CCMPNB	APX_F_N3
7802	496	1236	145	93	1	0x0000000020000000	CCMPNBE	APX_F_N3
7803	496	1236	145	93	1	0x0000000020000000	CCMPNBE	APX_F_N3
7804	502	1236	145	93	1	0x0000000020000000	CCMPNBE	APX_F_N3
7805	502	1236	145	93	1	0x0000000020000000	CCMPNBE	APX_F_N3
7806	532	1237	145	93	1	0x0000000020000000	CCMPNL	APX_F_N3
7807	532	1237	145	93	1	0x0000000020000000	CCMPNL	APX_F_N3
7808	538	1237	145	93	1	0x0000000020000000	CCMPNL	APX_F_N3
7809	538	1237	145	93	1	0x0000000020000000	CCMPNL	APX_F_N3
7810	520	1238	145	93	1	0x0000000020000000	CCMPNLE	APX_F_N3
7811	520	1238	145	93	1	0x0000000020000000	CCMPNLE	APX_F_N3
7812	526	1238	145	93	1	0x0000000020000000	CCMPNLE	APX_F_N3
7813	526	1238	145	93	1	0x0000000020000000	CCMPNLE	APX_F_N3
7814	544	1239	145	93	1	0x0000000020000000	CCMPNO	APX_F_N3
7815	544	1239	145	93	1	0x0000000020000000	CCMPNO	APX_F_N3
7816	550	1239	145	93	1	0x0000000020000000	CCMPNO	APX_F_N3
7817	550	1239	145	93	1	0x0000000020000000	CCMPNO	APX_F_N3
7818	556	1240	145	93	1	0x0000000020000000	CCMPNS	APX_F_N3
7819	556	1240	145	93	1	0x0000000020000000	CCMPNS	APX_F_N3
7820	562	1240	145	93	1	0x0000000020000000	CCMPNS	APX_F_N3
7821	562	1240	145	93	1	0x0000000020000000	CCMPNS	APX_F_N3
7822	568	1241	145	93	1	0x0000000020000000	CCMPNZ	APX_F_N3
7823	568	1241	145	93	1	0x0000000020000000	CCMPNZ	APX_F_N3
7824	574	1241	145	93	1	0x0000000020000000	CCMPNZ	APX_F_N3
7825	574	1241	145	93	1	0x0000000020000000	CCMPNZ	APX_F_N3
7826	580	1242	145	93	1	0x0000000020000000	CCMPO	APX_F_N3
7827	580	1242	145	93	1	0x0000000020000000	CCMPO	APX_F_N3
7828	586	1242	145	93	1	0x0000000020000000	CCMPO	APX_F_N3
7829	586	1242	145	93	1	0x0000000020000000	CCMPO	APX_F_N3
7830	592	1243	145	93	1	0x0000000020000000	CCMPS	APX_F_N3
7831	592	1243	145	93	1	0x0000000020000000	CCMPS	APX_F_N3
7832	598	1243	145	93	1	0x0000000020000000	CCMPS	APX_F_N3
7833	598	1243	145	93	1	0x0000000020000000	CCMPS	APX_F_N3
7834	604	1244	145	93	1	0x0000000020000000	CCMPT	APX_F_N3
7835	604	1244	145	93	1	0x0000000020000000	CCMPT	APX_F_N3
7836	610	1244	145	93	1	0x0000000020000000	CCMPT	APX_F_N3
7837	610	1244	145	93	1	0x0000000020000000	CCMPT	APX_F_N3
7838	616	1245	145	93	1	0x0000000020000000	CCMPZ	APX_F_N3
7839	616	1245	145	93	1	0x0000000020000000	CCMPZ	APX_F_N3
7840	622	1245	145	93	1	0x0000000020000000	CCMPZ	APX_F_N3
7841	622	1245	145	93	1	0x0000000020000000	CCMPZ	APX_F_N3
7842	445	1230	145	93	1	0x0000000020000000	CCMPB	APX_F_N3
7843	447	1230	145	93	1	0x0000000020000000	CCMPB	APX_F_N3
7844	433	1231	145	93	1	0x0000000020000000	CCMPBE	APX_F_N3
7845	435	1231	145	93	1	0x0000000020000000	CCMPBE	APX_F_N3
7846	457	1232	145	93	1	0x0000000020000000	CCMPF	APX_F_N3
7847	459	1232	145	93	1	0x0000000020000000	CCMPF	APX_F_N3
7848	481	1233	145	93	1	0x0000000020000000	CCMPL	APX_F_N3
7849	483	1233	145	93	1	0x0000000020000000	CCMPL	APX_F_N3
7850	469	1234	145	93	1	0x0000000020000000	CCMPLE	APX_F_N3
7851	471	1234	145	93	1	0x0000000020000000	CCMPLE	APX_F_N3
7852	505	1235	145	93	1	0x0000000020000000	CCMPNB	APX_F_N3
7853	507	1235	145	93	1	0x0000000020000000	CCMPNB	APX_F_N3
7854	493	1236	145	93	1	0x0000000020000000	CCMPNBE	APX_F_N3
7855	495	1236	145	93	1	0x0000000020000000	CCMPNBE	APX_F_N3
7856	529	1237	145	93	1	0x0000000020000000	CCMPNL	APX_F_N3
7857	531	1237	145	93	1	0x0000000020000000	CCMPNL	APX_F_N3
7858	517	1238	145	93	1	0x0000000020000000	CCMPNLE	APX_F_N3
7859	519	1238	145	93	1	0x0000000020000000	CCMPNLE	APX_F_N3
7860	541	1239	145	93	1	0x0000000020000000	CCMPNO	APX_F_N3
7861	543	1239	145	93	1	0x0000000020000000	CCMPNO	APX_F_N3
7862	553	1240	145	93	1	0x0000000020000000	CCMPNS	APX_F_N3
7863	555	1240	145	93	1	0x0000000020000000	CCMPNS	APX_F_N3
7864	565	1241	145	93	1	0x0000000020000000	CCMPNZ	APX_F_N3
7865	567	1241	145	93	1	0x0000000020000000	CCMPNZ	APX_F_N3
7866	577	1242	145	93	1	0x0000000020000000	CCMPO	APX_F_N3
7867	579	1242	145	93	1	0x0000000020000000	CCMPO	APX_F_N3
7868	589	1243	145	93	1	0x0000000020000000	CCMPS	APX_F_N3
7869	591	1243	145	93	1	0x0000000020000000	CCMPS	APX_F_N3
7870	601	1244	145	93	1	0x0000000020000000	CCMPT	APX_F_N3
7871	603	1244	145	93	1	0x0000000020000000	CCMPT	APX_F_N3
7872	613	1245	145	93	1	0x0000000020000000	CCMPZ	APX_F_N3
7873	615	1245	145	93	1	0x0000000020000000	CCMPZ	APX_F_N3
7874	448	1230	145	93	1	0x0000000020000000	CCMPB	APX_F_N3
7875	448	1230	145	93	1	0x0000000020000000	CCMPB	APX_F_N3
7876	451	1230	145	93	1	0x0000000020000000	CCMPB	APX_F_N3
7877	451	1230	145	93	1	0x0000000020000000	CCMPB	APX_F_N3
7878	436	1231	145	93	1	0x0000000020000000	CCMPBE	APX_F_N3
7879	436	1231	145	93	1	0x0000000020000000	CCMPBE	APX_F_N3
7880	439	1231	145	93	1	0x0000000020000000	CCMPBE	APX_F_N3
7881	439	1231	145	93	1	0x0000000020000000	CCMPBE	APX_F_N3
7882	460	1232	145	93	1	0x0000000020000000	CCMPF	APX_F_N3
7883	460	1232	145	93	1	0x0000000020000000	CCMPF	APX_F_N3
7884	463	1232	145	93	1	0x0000000020000000	CCMPF	APX_F_N3
7885	463	1232	145	93	1	0x0000000020000000	CCMPF	APX_F_N3
7886	484	1233	145	93	1	0x0000000020000000	CCMPL	APX_F_N3
7887	484	1233	145	93	1	0x0000000020000000	CCMPL	APX_F_N3
7888	487	1233	145	93	1	0x0000000020000000	CCMPL	APX_F_N3
7889	487	1233	145	93	1	0x0000000020000000	CCMPL	APX_F_N3
7890	472	1234	145	93	1	0x0000000020000000	CCMPLE	APX_F_N3
7891	472	1234	145	93	1	0x0000000020000000	CCMPLE	APX_F_N3
7892	475	1234	145	93	1	0x0000000020000000	CCMPLE	APX_F_N3
7893	475	1234	145	93	1	0x0000000020000000	CCMPLE	APX_F_N3
7894	508	1235	145	93	1	0x0000000020000000	CCMPNB	APX_F_N3
7895	508	1235	145	93	1	0x0000000020000000	CCMPNB	APX_F_N3
7896	511	1235	145	93	1	0x0000000020000000	CCMPNB	APX_F_N3
7897	511	1235	145	93	1	0x0000000020000000	CCMPNB	APX_F_N3
7898	496	1236	145	93	1	0x0000000020000000	CCMPNBE	APX_F_N3
7899	496	1236	145	93	1	0x0000000020000000	CCMPNBE	APX_F_N3
7900	499	1236	145	93	1	0x0000000020000000	CCMPNBE	APX_F_N3
7901	499	1236	145	93	1	0x0000000020000000	CCMPNBE	APX_F_N3
7902	532	1237	145	93	1	0x0000000020000000	CCMPNL	APX_F_N3
7903	532	1237	145	93	1	0x0000000020000000	CCMPNL	APX_F_N3
7904	535	1237	145	93	1	0x0000000020000000	CCMPNL	APX_F_N3
7905	535	1237	145	93	1	0x0000000020000000	CCMPNL	APX_F_N3
7906	520	1238	145	93	1	0x0000000020000000	CCMPNLE	APX_F_N3
7907	520	1238	145	93	1	0x0000000020000000	CCMPNLE	APX_F_N3
7908	523	1238	145	93	1	0x0000000020000000	CCMPNLE	APX_F_N3
7909	523	1238	145	93	1	0x0000000020000000	CCMPNLE	APX_F_N3
7910	544	1239	145	93	1	0x0000000020000000	CCMPNO	APX_F_N3
7911	544	1239	145	93	1	0x0000000020000000	CCMPNO	APX_F_N3
7912	547	1239	145	93	1	0x0000000020000000	CCMPNO	APX_F_N3
7913	547	1239	145	93	1	0x0000000020000000	CCMPNO	APX_F_N3
7914	556	1240	145	93	1	0x0000000020000000	CCMPNS	APX_F_N3
7915	556	1240	145	93	1	0x0000000020000000	CCMPNS	APX_F_N3
7916	559	1240	145	93	1	0x0000000020000000	CCMPNS	APX_F_N3
7917	559	1240	145	93	1	0x0000000020000000	CCMPNS	APX_F_N3
7918	568	1241	145	93	1	0x0000000020000000	CCMPNZ	APX_F_N3
7919	568	1241	145	93	1	0x0000000020000000	CCMPNZ	APX_F_N3
7920	571	1241	145	93	1	0x0000000020000000	CCMPNZ	APX_F_N3
7921	571	1241	145	93	1	0x0000000020000000	CCMPNZ	APX_F_N3
7922	580	1242	145	93	1	0x0000000020000000	CCMPO	APX_F_N3
7923	580	1242	145	93	1	0x0000000020000000	CCMPO	APX_F_N3
7924	583	1242	145	93	1	0x0000000020000000	CCMPO	APX_F_N3
7925	583	1242	145	93	1	0x0000000020000000	CCMPO	APX_F_N3
7926	592	1243	145	93	1	0x0000000020000000	CCMPS	APX_F_N3
7927	592	1243	145	93	1	0x0000000020000000	CCMPS	APX_F_N3
7928	595	1243	145	93	1	0x0000000020000000	CCMPS	APX_F_N3
7929	595	1243	145	93	1	0x0000000020000000	CCMPS	APX_F_N3
7930	604	1244	145	93	1	0x0000000020000000	CCMPT	APX_F_N3
7931	604	1244	145	93	1	0x0000000020000000	CCMPT	APX_F_N3
7932	607	1244	145	93	1	0x0000000020000000	CCMPT	APX_F_N3
7933	607	1244	145	93	1	0x0000000020000000	CCMPT	APX_F_N3
7934	616	1245	145	93	1	0x0000000020000000	CCMPZ	APX_F_N3
7935	616	1245	145	93	1	0x0000000020000000	CCMPZ	APX_F_N3
7936	619	1245	145	93	1	0x0000000020000000	CCMPZ	APX_F_N3
7937	619	1245	145	93	1	0x0000000020000000	CCMPZ	APX_F_N3
7938	687	1258	145	93	1	0x0000000020000000	CFCMOVO	APX_F_N3
7939	687	1258	145	93	1	0x0000000020000000	CFCMOVO	APX_F_N3
7940	687	1258	145	93	1	0x0000000020000000	CFCMOVO	APX_F_N3
7941	687	1258	145	93	1	0x0000000020000000	CFCMOVO	APX_F_N3
7942	688	1258	145	93	1	0x0000000020000000	CFCMOVO	APX_F_N3
7943	688	1258	145	93	1	0x0000000020000000	CFCMOVO	APX_F_N3
7944	689	1258	145	93	1	0x0000000020000000	CFCMOVO	APX_F_N3
7945	689	1258	145	93	1	0x0000000020000000	CFCMOVO	APX_F_N3
7946	690	1258	145	93	1	0x0000000020000000	CFCMOVO	APX_F_N3
7947	690	1258	145	93	1	0x0000000020000000	CFCMOVO	APX_F_N3
7948	691	1258	145	93	1	0x0000000020000000	CFCMOVO	APX_F_N3
7949	691	1258	145	93	1	0x0000000020000000	CFCMOVO	APX_F_N3
7950	770	38	145	93	1	0x0000000020000000	CMOVO	APX_F_N3
7951	770	38	145	93	1	0x0000000020000000	CMOVO	APX_F_N3
7952	771	38	145	93	1	0x0000000020000000	CMOVO	APX_F_N3
7953	771	38	145	93	1	0x0000000020000000	CMOVO	APX_F_N3
7954	2941	175	145	93	1	0x0000000020000000	SETO	APX_F_N3
7955	2942	175	145	93	1	0x0000000020000000	SETO	APX_F_N3
7956	2944	175	145	93	1	0x0000000020000000	SETO	APX_F_N3
7957	2945	175	145	93	1	0x0000000020000000	SETO	APX_F_N3
7958	667	1254	145	93	1	0x0000000020000000	CFCMOVNO	APX_F_N3
7959	667	1254	145	93	1	0x0000000020000000	CFCMOVNO	APX_F_N3
7960	667	1254	145	93	1	0x0000000020000000	CFCMOVNO	APX_F_N3
7961	667	1254	145	93	1	0x0000000020000000	CFCMOVNO	APX_F_N3
7962	668	1254	145	93	1	0x0000000020000000	CFCMOVNO	APX_F_N3
7963	668	1254	145	93	1	0x0000000020000000	CFCMOVNO	APX_F_N3
7964	669	1254	145	93	1	0x0000000020000000	CFCMOVNO	APX_F_N3
7965	669	1254	145	93	1	0x0000000020000000	CFCMOVNO	APX_F_N3
7966	670	1254	145	93	1	0x0000000020000000	CFCMOVNO	APX_F_N3
7967	670	1254	145	93	1	0x0000000020000000	CFCMOVNO	APX_F_N3
7968	671	1254	145	93	1	0x0000000020000000	CFCMOVNO	APX_F_N3
7969	671	1254	145	93	1	0x0000000020000000	CFCMOVNO	APX_F_N3
7970	754	35	145	93	1	0x0000000020000000	CMOVNO	APX_F_N3
7971	754	35	145	93	1	0x0000000020000000	CMOVNO	APX_F_N3
7972	755	35	145	93	1	0x0000000020000000	CMOVNO	APX_F_N3
7973	755	35	145	93	1	0x0000000020000000	CMOVNO	APX_F_N3
7974	2917	172	145	93	1	0x0000000020000000	SETNO	APX_F_N3
7975	2918	172	145	93	1	0x0000000020000000	SETNO	APX_F_N3
7976	2920	172	145	93	1	0x0000000020000000	SETNO	APX_F_N3
7977	2921	172	145	93	1	0x0000000020000000	SETNO	APX_F_N3
7978	632	1246	145	93	1	0x0000000020000000	CFCMOVB	APX_F_N3
7979	632	1246	145	93	1	0x0000000020000000	CFCMOVB	APX_F_N3
7980	632	1246	145	93	1	0x0000000020000000	CFCMOVB	APX_F_N3
7981	632	1246	145	93	1	0x0000000020000000	CFCMOVB	APX_F_N3
7982	633	1246	145	93	1	0x0000000020000000	CFCMOVB	APX_F_N3
7983	633	1246	145	93	1	0x0000000020000000	CFCMOVB	APX_F_N3
7984	634	1246	145	93	1	0x0000000020000000	CFCMOVB	APX_F_N3
7985	634	1246	145	93	1	0x0000000020000000	CFCMOVB	APX_F_N3
7986	635	1246	145	93	1	0x0000000020000000	CFCMOVB	APX_F_N3
7987	635	1246	145	93	1	0x0000000020000000	CFCMOVB	APX_F_N3
7988	636	1246	145	93	1	0x0000000020000000	CFCMOVB	APX_F_N3
7989	636	1246	145	93	1	0x0000000020000000	CFCMOVB	APX_F_N3
7990	726	27	145	93	1	0x0000000020000000	CMOVB	APX_F_N3
7991	726	27	145	93	1	0x0000000020000000	CMOVB	APX_F_N3
7992	727	27	145	93	1	0x0000000020000000	CMOVB	APX_F_N3
7993	727	27	145	93	1	0x0000000020000000	CMOVB	APX_F_N3
7994	2875	164	145	93	1	0x0000000020000000	SETB	APX_F_N3
7995	2876	164	145	93	1	0x0000000020000000	SETB	APX_F_N3
7996	2878	164	145	93	1	0x0000000020000000	SETB	APX_F_N3
7997	2879	164	145	93	1	0x0000000020000000	SETB	APX_F_N3
7998	652	1250	145	93	1	0x0000000020000000	CFCMOVNB	APX_F_N3
7999	652	1250	145	93	1	0x0000000020000000	CFCMOVNB	APX_F_N3
8000	652	1250	145	93	1	0x0000000020000000	CFCMOVNB	APX_F_N3
8001	652	1250	145	93	1	0x0000000020000000	CFCMOVNB	APX_F_N3
8002	653	1250	145	93	1	0x0000000020000000	CFCMOVNB	APX_F_N3
8003	653	1250	145	93	1	0x0000000020000000	CFCMOVNB	APX_F_N3
8004	654	1250	145	93	1	0x0000000020000000	CFCMOVNB	APX_F_N3
8005	654	1250	145	93	1	0x0000000020000000	CFCMOVNB	APX_F_N3
8006	655	1250	145	93	1	0x0000000020000000	CFCMOVNB	APX_F_N3
8007	655	1250	145	93	1	0x0000000020000000	CFCMOVNB	APX_F_N3
8008	656	1250	145	93	1	0x0000000020000000	CFCMOVNB	APX_F_N3
8009	656	1250	145	93	1	0x0000000020000000	CFCMOVNB	APX_F_N3
8010	742	1265	145	93	1	0x0000000020000000	CMOVNB	APX_F_N3
8011	742	1265	145	93	1	0x0000000020000000	CMOVNB	APX_F_N3
8012	743	1265	145	93	1	0x0000000020000000	CMOVNB	APX_F_N3
8013	743	1265	145	93	1	0x0000000020000000	CMOVNB	APX_F_N3
8014	2899	1438	145	93	1	0x0000000020000000	SETNB	APX_F_N3
8015	2900	1438	145	93	1	0x0000000020000000	SETNB	APX_F_N3
8016	2902	1438	145	93	1	0x0000000020000000	SETNB	APX_F_N3
8017	2903	1438	145	93	1	0x0000000020000000	SETNB	APX_F_N3
8018	702	1261	145	93	1	0x0000000020000000	CFCMOVZ	APX_F_N3
8019	702	1261	145	93	1	0x0000000020000000	CFCMOVZ	APX_F_N3
8020	702	1261	145	93	1	0x0000000020000000	CFCMOVZ	APX_F_N3
8021	702	1261	145	93	1	0x0000000020000000	CFCMOVZ	APX_F_N3
8022	703	1261	145	93	1	0x0000000020000000	CFCMOVZ	APX_F_N3
8023	703	1261	145	93	1	0x0000000020000000	CFCMOVZ	APX_F_N3
8024	704	1261	145	93	1	0x0000000020000000	CFCMOVZ	APX_F_N3
8025	704	1261	145	93	1	0x0000000020000000	CFCMOVZ	APX_F_N3
8026	705	1261	145	93	1	0x0000000020000000	CFCMOVZ	APX_F_N3
8027	705	1261	145	93	1	0x0000000020000000	CFCMOVZ	APX_F_N3
8028	706	1261	145	93	1	0x0000000020000000	CFCMOVZ	APX_F_N3
8029	706	1261	145	93	1	0x0000000020000000	CFCMOVZ	APX_F_N3
8030	782	1270	145	93	1	0x0000000020000000	CMOVZ	APX_F_N3
8031	782	1270	145	93	1	0x0000000020000000	CMOVZ	APX_F_N3
8032	783	1270	145	93	1	0x0000000020000000	CMOVZ	APX_F_N3
8033	783	1270	145	93	1	0x0000000020000000	CMOVZ	APX_F_N3
8034	2960	1443	145	93	1	0x0000000020000000	SETZ	APX_F_N3
8035	2961	1443	145	93	1	0x0000000020000000	SETZ	APX_F_N3
8036	2963	1443	145	93	1	0x0000000020000000	SETZ	APX_F_N3
8037	2964	1443	145	93	1	0x0000000020000000	SETZ	APX_F_N3
8038	682	1257	145	93	1	0x0000000020000000	CFCMOVNZ	APX_F_N3
8039	682	1257	145	93	1	0x0000000020000000	CFCMOVNZ	APX_F_N3
8040	682	1257	145	93	1	0x0000000020000000	CFCMOVNZ	APX_F_N3
8041	682	1257	145	93	1	0x0000000020000000	CFCMOVNZ	APX_F_N3
8042	683	1257	145	93	1	0x0000000020000000	CFCMOVNZ	APX_F_N3
8043	683	1257	145	93	1	0x0000000020000000	CFCMOVNZ	APX_F_N3
8044	684	1257	145	93	1	0x0000000020000000	CFCMOVNZ	APX_F_N3
8045	684	1257	145	93	1	0x0000000020000000	CFCMOVNZ	APX_F_N3
8046	685	1257	145	93	1	0x0000000020000000	CFCMOVNZ	APX_F_N3
8047	685	1257	145	93	1	0x0000000020000000	CFCMOVNZ	APX_F_N3
8048	686	1257	145	93	1	0x0000000020000000	CFCMOVNZ	APX_F_N3
8049	686	1257	145	93	1	0x0000000020000000	CFCMOVNZ	APX_F_N3
8050	766	1269	145	93	1	0x0000000020000000	CMOVNZ	APX_F_N3
8051	766	1269	145	93	1	0x0000000020000000	CMOVNZ	APX_F_N3
8052	767	1269	145	93	1	0x0000000020000000	CMOVNZ	APX_F_N3
8053	767	1269	145	93	1	0x0000000020000000	CMOVNZ	APX_F_N3
8054	2935	1442	145	93	1	0x0000000020000000	SETNZ	APX_F_N3
8055	2936	1442	145	93	1	0x0000000020000000	SETNZ	APX_F_N3
8056	2938	1442	145	93	1	0x0000000020000000	SETNZ	APX_F_N3
8057	2939	1442	145	93	1	0x0000000020000000	SETNZ	APX_F_N3
8058	627	1247	145	93	1	0x0000000020000000	CFCMOVBE	APX_F_N3
8059	627	1247	145	93	1	0x0000000020000000	CFCMOVBE	APX_F_N3
8060	627	1247	145	93	1	0x0000000020000000	CFCMOVBE	APX_F_N3
8061	627	1247	145	93	1	0x0000000020000000	CFCMOVBE	APX_F_N3
8062	628	1247	145	93	1	0x0000000020000000	CFCMOVBE	APX_F_N3
8063	628	1247	145	93	1	0x0000000020000000	CFCMOVBE	APX_F_N3
8064	629	1247	145	93	1	0x0000000020000000	CFCMOVBE	APX_F_N3
8065	629	1247	145	93	1	0x0000000020000000	CFCMOVBE	APX_F_N3
8066	630	1247	145	93	1	0x0000000020000000	CFCMOVBE	APX_F_N3
8067	630	1247	145	93	1	0x0000000020000000	CFCMOVBE	APX_F_N3
8068	631	1247	145	93	1	0x0000000020000000	CFCMOVBE	APX_F_N3
8069	631	1247	145	93	1	0x0000000020000000	CFCMOVBE	APX_F_N3
8070	722	28	145	93	1	0x0000000020000000	CMOVBE	APX_F_N3
8071	722	28	145	93	1	0x0000000020000000	CMOVBE	APX_F_N3
8072	723	28	145	93	1	0x0000000020000000	CMOVBE	APX_F_N3
8073	723	28	145	93	1	0x0000000020000000	CMOVBE	APX_F_N3
8074	2869	165	145	93	1	0x0000000020000000	SETBE	APX_F_N3
8075	2870	165	145	93	1	0x0000000020000000	SETBE	APX_F_N3
8076	2872	165	145	93	1	0x0000000020000000	SETBE	APX_F_N3
8077	2873	165	145	93	1	0x0000000020000000	SETBE	APX_F_N3
8078	647	1251	145	93	1	0x0000000020000000	CFCMOVNBE	APX_F_N3
8079	647	1251	145	93	1	0x0000000020000000	CFCMOVNBE	APX_F_N3
8080	647	1251	145	93	1	0x0000000020000000	CFCMOVNBE	APX_F_N3
8081	647	1251	145	93	1	0x0000000020000000	CFCMOVNBE	APX_F_N3
8082	648	1251	145	93	1	0x0000000020000000	CFCMOVNBE	APX_F_N3
8083	648	1251	145	93	1	0x0000000020000000	CFCMOVNBE	APX_F_N3
8084	649	1251	145	93	1	0x0000000020000000	CFCMOVNBE	APX_F_N3
8085	649	1251	145	93	1	0x0000000020000000	CFCMOVNBE	APX_F_N3
8086	650	1251	145	93	1	0x0000000020000000	CFCMOVNBE	APX_F_N3
8087	650	1251	145	93	1	0x0000000020000000	CFCMOVNBE	APX_F_N3
8088	651	1251	145	93	1	0x0000000020000000	CFCMOVNBE	APX_F_N3
8089	651	1251	145	93	1	0x0000000020000000	CFCMOVNBE	APX_F_N3
8090	738	1266	145	93	1	0x0000000020000000	CMOVNBE	APX_F_N3
8091	738	1266	145	93	1	0x0000000020000000	CMOVNBE	APX_F_N3
8092	739	1266	145	93	1	0x0000000020000000	CMOVNBE	APX_F_N3
8093	739	1266	145	93	1	0x0000000020000000	CMOVNBE	APX_F_N3
8094	2893	1439	145	93	1	0x0000000020000000	SETNBE	APX_F_N3
8095	2894	1439	145	93	1	0x0000000020000000	SETNBE	APX_F_N3
8096	2896	1439	145	93	1	0x0000000020000000	SETNBE	APX_F_N3
8097	2897	1439	145	93	1	0x0000000020000000	SETNBE	APX_F_N3
8098	697	1260	145	93	1	0x0000000020000000	CFCMOVS	APX_F_N3
8099	697	1260	145	93	1	0x0000000020000000	CFCMOVS	APX_F_N3
8100	697	1260	145	93	1	0x0000000020000000	CFCMOVS	APX_F_N3
8101	697	1260	145	93	1	0x0000000020000000	CFCMOVS	APX_F_N3
8102	698	1260	145	93	1	0x0000000020000000	CFCMOVS	APX_F_N3
8103	698	1260	145	93	1	0x0000000020000000	CFCMOVS	APX_F_N3
8104	699	1260	145	93	1	0x0000000020000000	CFCMOVS	APX_F_N3
8105	699	1260	145	93	1	0x0000000020000000	CFCMOVS	APX_F_N3
8106	700	1260	145	93	1	0x0000000020000000	CFCMOVS	APX_F_N3
8107	700	1260	145	93	1	0x0000000020000000	CFCMOVS	APX_F_N3
8108	701	1260	145	93	1	0x0000000020000000	CFCMOVS	APX_F_N3
8109	701	1260	145	93	1	0x0000000020000000	CFCMOVS	APX_F_N3
8110	778	40	145	93	1	0x0000000020000000	CMOVS	APX_F_N3
8111	778	40	145	93	1	0x0000000020000000	CMOVS	APX_F_N3
8112	779	40	145	93	1	0x0000000020000000	CMOVS	APX_F_N3
8113	779	40	145	93	1	0x0000000020000000	CMOVS	APX_F_N3
8114	2954	177	145	93	1	0x0000000020000000	SETS	APX_F_N3
8115	2955	177	145	93	1	0x0000000020000000	SETS	APX_F_N3
8116	2957	177	145	93	1	0x0000000020000000	SETS	APX_F_N3
8117	2958	177	145	93	1	0x0000000020000000	SETS	APX_F_N3
8118	677	1256	145	93	1	0x0000000020000000	CFCMOVNS	APX_F_N3
8119	677	1256	145	93	1	0x0000000020000000	CFCMOVNS	APX_F_N3
8120	677	1256	145	93	1	0x0000000020000000	CFCMOVNS	APX_F_N3
8121	677	1256	145	93	1	0x0000000020000000	CFCMOVNS	APX_F_N3
8122	678	1256	145	93	1	0x0000000020000000	CFCMOVNS	APX_F_N3
8123	678	1256	145	93	1	0x0000000020000000	CFCMOVNS	APX_F_N3
8124	679	1256	145	93	1	0x0000000020000000	CFCMOVNS	APX_F_N3
8125	679	1256	145	93	1	0x0000000020000000	CFCMOVNS	APX_F_N3
8126	680	1256	145	93	1	0x0000000020000000	CFCMOVNS	APX_F_N3
8127	680	1256	145	93	1	0x0000000020000000	CFCMOVNS	APX_F_N3
8128	681	1256	145	93	1	0x0000000020000000	CFCMOVNS	APX_F_N3
8129	681	1256	145	93	1	0x0000000020000000	CFCMOVNS	APX_F_N3
8130	762	37	145	93	1	0x0000000020000000	CMOVNS	APX_F_N3
8131	762	37	145	93	1	0x0000000020000000	CMOVNS	APX_F_N3
8132	763	37	145	93	1	0x0000000020000000	CMOVNS	APX_F_N3
8133	763	37	145	93	1	0x0000000020000000	CMOVNS	APX_F_N3
8134	2929	174	145	93	1	0x0000000020000000	SETNS	APX_F_N3
8135	2930	174	145	93	1	0x0000000020000000	SETNS	APX_F_N3
8136	2932	174	145	93	1	0x0000000020000000	SETNS	APX_F_N3
8137	2933	174	145	93	1	0x0000000020000000	SETNS	APX_F_N3
8138	692	1259	145	93	1	0x0000000020000000	CFCMOVP	APX_F_N3
8139	692	1259	145	93	1	0x0000000020000000	CFCMOVP	APX_F_N3
8140	692	1259	145	93	1	0x0000000020000000	CFCMOVP	APX_F_N3
8141	692	1259	145	93	1	0x0000000020000000	CFCMOVP	APX_F_N3
8142	693	1259	145	93	1	0x0000000020000000	CFCMOVP	APX_F_N3
8143	693	1259	145	93	1	0x0000000020000000	CFCMOVP	APX_F_N3
8144	694	1259	145	93	1	0x0000000020000000	CFCMOVP	APX_F_N3
8145	694	1259	145	93	1	0x0000000020000000	CFCMOVP	APX_F_N3
8146	695	1259	145	93	1	0x0000000020000000	CFCMOVP	APX_F_N3
8147	695	1259	145	93	1	0x0000000020000000	CFCMOVP	APX_F_N3
8148	696	1259	145	93	1	0x0000000020000000	CFCMOVP	APX_F_N3
8149	696	1259	145	93	1	0x0000000020000000	CFCMOVP	APX_F_N3
8150	774	39	145	93	1	0x0000000020000000	CMOVP	APX_F_N3
8151	774	39	145	93	1	0x0000000020000000	CMOVP	APX_F_N3
8152	775	39	145	93	1	0x0000000020000000	CMOVP	APX_F_N3
8153	775	39	145	93	1	0x0000000020000000	CMOVP	APX_F_N3
8154	2947	176	145	93	1	0x0000000020000000	SETP	APX_F_N3
8155	2948	176	145	93	1	0x0000000020000000	SETP	APX_F_N3
8156	2950	176	145	93	1	0x0000000020000000	SETP	APX_F_N3
8157	2951	176	145	93	1	0x0000000020000000	SETP	APX_F_N3
8158	672	1255	145	93	1	0x0000000020000000	CFCMOVNP	APX_F_N3
8159	672	1255	145	93	1	0x0000000020000000	CFCMOVNP	APX_F_N3
8160	672	1255	145	93	1	0x0000000020000000	CFCMOVNP	APX_F_N3
8161	672	1255	145	93	1	0x0000000020000000	CFCMOVNP	APX_F_N3
8162	673	1255	145	93	1	0x0000000020000000	CFCMOVNP	APX_F_N3
8163	673	1255	145	93	1	0x0000000020000000	CFCMOVNP	APX_F_N3
8164	674	1255	145	93	1	0x0000000020000000	CFCMOVNP	APX_F_N3
8165	674	1255	145	93	1	0x0000000020000000	CFCMOVNP	APX_F_N3
8166	675	1255	145	93	1	0x0000000020000000	CFCMOVNP	APX_F_N3
8167	675	1255	145	93	1	0x0000000020000000	CFCMOVNP	APX_F_N3
8168	676	1255	145	93	1	0x0000000020000000	CFCMOVNP	APX_F_N3
8169	676	1255	145	93	1	0x0000000020000000	CFCMOVNP	APX_F_N3
8170	758	36	145	93	1	0x0000000020000000	CMOVNP	APX_F_N3
8171	758	36	145	93	1	0x0000000020000000	CMOVNP	APX_F_N3
8172	759	36	145	93	1	0x0000000020000000	CMOVNP	APX_F_N3
8173	759	36	145	93	1	0x0000000020000000	CMOVNP	APX_F_N3
8174	2923	173	145	93	1	0x0000000020000000	SETNP	APX_F_N3
8175	2924	173	145	93	1	0x0000000020000000	SETNP	APX_F_N3
8176	2926	173	145	93	1	0x0000000020000000	SETNP	APX_F_N3
8177	2927	173	145	93	1	0x0000000020000000	SETNP	APX_F_N3
8178	642	1248	145	93	1	0x0000000020000000	CFCMOVL	APX_F_N3
8179	642	1248	145	93	1	0x0000000020000000	CFCMOVL	APX_F_N3
8180	642	1248	145	93	1	0x0000000020000000	CFCMOVL	APX_F_N3
8181	642	1248	145	93	1	0x0000000020000000	CFCMOVL	APX_F_N3
8182	643	1248	145	93	1	0x0000000020000000	CFCMOVL	APX_F_N3
8183	643	1248	145	93	1	0x0000000020000000	CFCMOVL	APX_F_N3
8184	644	1248	145	93	1	0x0000000020000000	CFCMOVL	APX_F_N3
8185	644	1248	145	93	1	0x0000000020000000	CFCMOVL	APX_F_N3
8186	645	1248	145	93	1	0x0000000020000000	CFCMOVL	APX_F_N3
8187	645	1248	145	93	1	0x0000000020000000	CFCMOVL	APX_F_N3
8188	646	1248	145	93	1	0x0000000020000000	CFCMOVL	APX_F_N3
8189	646	1248	145	93	1	0x0000000020000000	CFCMOVL	APX_F_N3
8190	734	32	145	93	1	0x0000000020000000	CMOVL	APX_F_N3
8191	734	32	145	93	1	0x0000000020000000	CMOVL	APX_F_N3
8192	735	32	145	93	1	0x0000000020000000	CMOVL	APX_F_N3
8193	735	32	145	93	1	0x0000000020000000	CMOVL	APX_F_N3
8194	2887	169	145	93	1	0x0000000020000000	SETL	APX_F_N3
8195	2888	169	145	93	1	0x0000000020000000	SETL	APX_F_N3
8196	2890	169	145	93	1	0x0000000020000000	SETL	APX_F_N3
8197	2891	169	145	93	1	0x0000000020000000	SETL	APX_F_N3
8198	662	1252	145	93	1	0x0000000020000000	CFCMOVNL	APX_F_N3
8199	662	1252	145	93	1	0x0000000020000000	CFCMOVNL	APX_F_N3
8200	662	1252	145	93	1	0x0000000020000000	CFCMOVNL	APX_F_N3
8201	662	1252	145	93	1	0x0000000020000000	CFCMOVNL	APX_F_N3
8202	663	1252	145	93	1	0x0000000020000000	CFCMOVNL	APX_F_N3
8203	663	1252	145	93	1	0x0000000020000000	CFCMOVNL	APX_F_N3
8204	664	1252	145	93	1	0x0000000020000000	CFCMOVNL	APX_F_N3
8205	664	1252	145	93	1	0x0000000020000000	CFCMOVNL	APX_F_N3
8206	665	1252	145	93	1	0x0000000020000000	CFCMOVNL	APX_F_N3
8207	665	1252	145	93	1	0x0000000020000000	CFCMOVNL	APX_F_N3
8208	666	1252	145	93	1	0x0000000020000000	CFCMOVNL	APX_F_N3
8209	666	1252	145	93	1	0x0000000020000000	CFCMOVNL	APX_F_N3
8210	750	1267	145	93	1	0x0000000020000000	CMOVNL	APX_F_N3
8211	750	1267	145	93	1	0x0000000020000000	CMOVNL	APX_F_N3
8212	751	1267	145	93	1	0x0000000020000000	CMOVNL	APX_F_N3
8213	751	1267	145	93	1	0x0000000020000000	CMOVNL	APX_F_N3
8214	2911	1440	145	93	1	0x0000000020000000	SETNL	APX_F_N3
8215	2912	1440	145	93	1	0x0000000020000000	SETNL	APX_F_N3
8216	2914	1440	145	93	1	0x0000000020000000	SETNL	APX_F_N3
8217	2915	1440	145	93	1	0x0000000020000000	SETNL	APX_F_N3
8218	637	1249	145	93	1	0x0000000020000000	CFCMOVLE	APX_F_N3
8219	637	1249	145	93	1	0x0000000020000000	CFCMOVLE	APX_F_N3
8220	637	1249	145	93	1	0x0000000020000000	CFCMOVLE	APX_F_N3
8221	637	1249	145	93	1	0x0000000020000000	CFCMOVLE	APX_F_N3
8222	638	1249	145	93	1	0x0000000020000000	CFCMOVLE	APX_F_N3
8223	638	1249	145	93	1	0x0000000020000000	CFCMOVLE	APX_F_N3
8224	639	1249	145	93	1	0x0000000020000000	CFCMOVLE	APX_F_N3
8225	639	1249	145	93	1	0x0000000020000000	CFCMOVLE	APX_F_N3
8226	640	1249	145	93	1	0x0000000020000000	CFCMOVLE	APX_F_N3
8227	640	1249	145	93	1	0x0000000020000000	CFCMOVLE	APX_F_N3
8228	641	1249	145	93	1	0x0000000020000000	CFCMOVLE	APX_F_N3
8229	641	1249	145	93	1	0x0000000020000000	CFCMOVLE	APX_F_N3
8230	730	33	145	93	1	0x0000000020000000	CMOVLE	APX_F_N3
8231	730	33	145	93	1	0x0000000020000000	CMOVLE	APX_F_N3
8232	731	33	145	93	1	0x0000000020000000	CMOVLE	APX_F_N3
8233	731	33	145	93	1	0x0000000020000000	CMOVLE	APX_F_N3
8234	2881	170	145	93	1	0x0000000020000000	SETLE	APX_F_N3
8235	2882	170	145	93	1	0x0000000020000000	SETLE	APX_F_N3
8236	2884	170	145	93	1	0x0000000020000000	SETLE	APX_F_N3
8237	2885	170	145	93	1	0x0000000020000000	SETLE	APX_F_N3
8238	657	1253	145	93	1	0x0000000020000000	CFCMOVNLE	APX_F_N3
8239	657	1253	145	93	1	0x0000000020000000	CFCMOVNLE	APX_F_N3
8240	657	1253	145	93	1	0x0000000020000000	CFCMOVNLE	APX_F_N3
8241	657	1253	145	93	1	0x0000000020000000	CFCMOVNLE	APX_F_N3
8242	658	1253	145	93	1	0x0000000020000000	CFCMOVNLE	APX_F_N3
8243	658	1253	145	93	1	0x0000000020000000	CFCMOVNLE	APX_F_N3
8244	659	1253	145	93	1	0x0000000020000000	CFCMOVNLE	APX_F_N3
8245	659	1253	145	93	1	0x0000000020000000	CFCMOVNLE	APX_F_N3
8246	660	1253	145	93	1	0x0000000020000000	CFCMOVNLE	APX_F_N3
8247	660	1253	145	93	1	0x0000000020000000	CFCMOVNLE	APX_F_N3
8248	661	1253	145	93	1	0x0000000020000000	CFCMOVNLE	APX_F_N3
8249	661	1253	145	93	1	0x0000000020000000	CFCMOVNLE	APX_F_N3
8250	746	1268	145	93	1	0x0000000020000000	CMOVNLE	APX_F_N3
8251	746	1268	145	93	1	0x0000000020000000	CMOVNLE	APX_F_N3
8252	747	1268	145	93	1	0x0000000020000000	CMOVNLE	APX_F_N3
8253	747	1268	145	93	1	0x0000000020000000	CMOVNLE	APX_F_N3
8254	2905	1441	145	93	1	0x0000000020000000	SETNLE	APX_F_N3
8255	2906	1441	145	93	1	0x0000000020000000	SETNLE	APX_F_N3
8256	2908	1441	145	93	1	0x0000000020000000	SETNLE	APX_F_N3
8257	2909	1441	145	93	1	0x0000000020000000	SETNLE	APX_F_N3
8258	1649	1134	140	88	1	0x0000000001000000	MOVBE	APX_F_MOVBE
8259	1649	1134	140	88	1	0x0000000001000000	MOVBE	APX_F_MOVBE
8260	1651	1134	140	88	1	0x0000000001000000	MOVBE	APX_F_MOVBE
8261	1651	1134	140	88	1	0x0000000001000000	MOVBE	APX_F_MOVBE
8262	1649	1134	140	88	1	0x0000000001000000	MOVBE	APX_F_MOVBE
8263	1649	1134	140	88	1	0x0000000001000000	MOVBE	APX_F_MOVBE
8264	1653	1134	140	88	1	0x0000000001000000	MOVBE	APX_F_MOVBE
8265	1653	1134	140	88	1	0x0000000001000000	MOVBE	APX_F_MOVBE
8266	8902	838	130	78	1	0x0000000000004000	WRUSSD	APX_F_CET
8267	8904	839	130	78	1	0x0000000000004000	WRUSSQ	APX_F_CET
8268	15	1135	121	69	1	0x0000000000000020	ADCX	APX_F_ADX
8269	16	1135	122	70	1	0x0000000000000040	ADCX	APX_F_ADX_N3
8270	17	1135	122	70	1	0x0000000000000040	ADCX	APX_F_ADX_N3
8271	18	1135	121	69	1	0x0000000000000020	ADCX	APX_F_ADX
8272	19	1135	121	69	1	0x0000000000000020	ADCX	APX_F_ADX
8273	20	1135	122	70	1	0x0000000000000040	ADCX	APX_F_ADX_N3
8274	21	1135	122	70	1	0x0000000000000040	ADCX	APX_F_ADX_N3
8275	22	1135	121	69	1	0x0000000000000020	ADCX	APX_F_ADX
8276	147	1136	121	69	1	0x0000000000000020	ADOX	APX_F_ADX
8277	148	1136	122	70	1	0x0000000000000040	ADOX	APX_F_ADX_N3
8278	149	1136	122	70	1	0x0000000000000040	ADOX	APX_F_ADX_N3
8279	150	1136	121	69	1	0x0000000000000020	ADOX	APX_F_ADX
8280	151	1136	121	69	1	0x0000000000000020	ADOX	APX_F_ADX
8281	152	1136	122	70	1	0x0000000000000040	ADOX	APX_F_ADX_N3
8282	153	1136	122	70	1	0x0000000000000040	ADOX	APX_F_ADX_N3
8283	154	1136	121	69	1	0x0000000000000020	ADOX	APX_F_ADX
8284	8898	836	130	78	1	0x0000000000004000	WRSSD	APX_F_CET
8285	8900	837	130	78	1	0x0000000000004000	WRSSQ	APX_F_CET
8286	1352	62	91	22	0	0x0000000000400000	IMUL	APX_F
8287	1352	62	91	22	0	0x0000000000400000	IMUL	APX_F
8288	1353	62	145	93	1	0x0000000020000000	IMUL	APX_F_N3
8289	1353	62	145	93	1	0x0000000020000000	IMUL	APX_F_N3
8290	1354	62	145	93	1	0x0000000020000000	IMUL	APX_F_N3
8291	1354	62	145	93	1	0x0000000020000000	IMUL	APX_F_N3
8292	1354	62	145	93	1	0x0000000020000000	IMUL	APX_F_N3
8293	1354	62	145	93	1	0x0000000020000000	IMUL	APX_F_N3
8294	1364	62	91	22	0	0x0000000000400000	IMUL	APX_F
8295	1364	62	91	22	0	0x0000000000400000	IMUL	APX_F
8296	1365	62	145	93	1	0x0000000020000000	IMUL	APX_F_N3
8297	1365	62	145	93	1	0x0000000020000000	IMUL	APX_F_N3
8298	1366	62	145	93	1	0x0000000020000000	IMUL	APX_F_N3
8299	1366	62	145	93	1	0x0000000020000000	IMUL	APX_F_N3
8300	1366	62	145	93	1	0x0000000020000000	IMUL	APX_F_N3
8301	1366	62	145	93	1	0x0000000020000000	IMUL	APX_F_N3
8302	1347	62	91	22	0	0x0000000000400000	IMUL	APX_F
8303	1347	62	91	22	0	0x0000000000400000	IMUL	APX_F
8304	1348	62	145	93	1	0x0000000020000000	IMUL	APX_F_N3
8305	1348	62	145	93	1	0x0000000020000000	IMUL	APX_F_N3
8306	1349	62	145	93	1	0x0000000020000000	IMUL	APX_F_N3
8307	1349	62	145	93	1	0x0000000020000000	IMUL	APX_F_N3
8308	1349	62	145	93	1	0x0000000020000000	IMUL	APX_F_N3
8309	1349	62	145	93	1	0x0000000020000000	IMUL	APX_F_N3
8310	1359	62	91	22	0	0x0000000000400000	IMUL	APX_F
8311	1359	62	91	22	0	0x0000000000400000	IMUL	APX_F
8312	1360	62	145	93	1	0x0000000020000000	IMUL	APX_F_N3
8313	1360	62	145	93	1	0x0000000020000000	IMUL	APX_F_N3
8314	1361	62	145	93	1	0x0000000020000000	IMUL	APX_F_N3
8315	1361	62	145	93	1	0x0000000020000000	IMUL	APX_F_N3
8316	1361	62	145	93	1	0x0000000020000000	IMUL	APX_F_N3
8317	1361	62	145	93	1	0x0000000020000000	IMUL	APX_F_N3
8318	33	5	145	93	1	0x0000000020000000	ADC	APX_F_N3
8319	35	5	91	22	0	0x0000000000400000	ADC	APX_F
8320	38	5	145	93	1	0x0000000020000000	ADC	APX_F_N3
8321	65	5	91	22	0	0x0000000000400000	ADC	APX_F
8322	94	6	145	93	1	0x0000000020000000	ADD	APX_F_N3
8323	94	6	145	93	1	0x0000000020000000	ADD	APX_F_N3
8324	96	6	91	22	0	0x0000000000400000	ADD	APX_F
8325	97	6	145	93	1	0x0000000020000000	ADD	APX_F_N3
8326	101	6	145	93	1	0x0000000020000000	ADD	APX_F_N3
8327	101	6	145	93	1	0x0000000020000000	ADD	APX_F_N3
8328	133	6	91	22	0	0x0000000000400000	ADD	APX_F
8329	134	6	145	93	1	0x0000000020000000	ADD	APX_F_N3
8330	206	7	145	93	1	0x0000000020000000	AND	APX_F_N3
8331	206	7	145	93	1	0x0000000020000000	AND	APX_F_N3
8332	208	7	91	22	0	0x0000000000400000	AND	APX_F
8333	209	7	145	93	1	0x0000000020000000	AND	APX_F_N3
8334	213	7	145	93	1	0x0000000020000000	AND	APX_F_N3
8335	213	7	145	93	1	0x0000000020000000	AND	APX_F_N3
8336	245	7	91	22	0	0x0000000000400000	AND	APX_F
8337	246	7	145	93	1	0x0000000020000000	AND	APX_F_N3
8338	446	1230	145	93	1	0x0000000020000000	CCMPB	APX_F_N3
8339	453	1230	145	93	1	0x0000000020000000	CCMPB	APX_F_N3
8340	434	1231	145	93	1	0x0000000020000000	CCMPBE	APX_F_N3
8341	441	1231	145	93	1	0x0000000020000000	CCMPBE	APX_F_N3
8342	458	1232	145	93	1	0x0000000020000000	CCMPF	APX_F_N3
8343	465	1232	145	93	1	0x0000000020000000	CCMPF	APX_F_N3
8344	482	1233	145	93	1	0x0000000020000000	CCMPL	APX_F_N3
8345	489	1233	145	93	1	0x0000000020000000	CCMPL	APX_F_N3
8346	470	1234	145	93	1	0x0000000020000000	CCMPLE	APX_F_N3
8347	477	1234	145	93	1	0x0000000020000000	CCMPLE	APX_F_N3
8348	506	1235	145	93	1	0x0000000020000000	CCMPNB	APX_F_N3
8349	513	1235	145	93	1	0x0000000020000000	CCMPNB	APX_F_N3
8350	494	1236	145	93	1	0x0000000020000000	CCMPNBE	APX_F_N3
8351	501	1236	145	93	1	0x0000000020000000	CCMPNBE	APX_F_N3
8352	530	1237	145	93	1	0x0000000020000000	CCMPNL	APX_F_N3
8353	537	1237	145	93	1	0x0000000020000000	CCMPNL	APX_F_N3
8354	518	1238	145	93	1	0x0000000020000000	CCMPNLE	APX_F_N3
8355	525	1238	145	93	1	0x0000000020000000	CCMPNLE	APX_F_N3
8356	542	1239	145	93	1	0x0000000020000000	CCMPNO	APX_F_N3
8357	549	1239	145	93	1	0x0000000020000000	CCMPNO	APX_F_N3
8358	554	1240	145	93	1	0x0000000020000000	CCMPNS	APX_F_N3
8359	561	1240	145	93	1	0x0000000020000000	CCMPNS	APX_F_N3
8360	566	1241	145	93	1	0x0000000020000000	CCMPNZ	APX_F_N3
8361	573	1241	145	93	1	0x0000000020000000	CCMPNZ	APX_F_N3
8362	578	1242	145	93	1	0x0000000020000000	CCMPO	APX_F_N3
8363	585	1242	145	93	1	0x0000000020000000	CCMPO	APX_F_N3
8364	590	1243	145	93	1	0x0000000020000000	CCMPS	APX_F_N3
8365	597	1243	145	93	1	0x0000000020000000	CCMPS	APX_F_N3
8366	602	1244	145	93	1	0x0000000020000000	CCMPT	APX_F_N3
8367	609	1244	145	93	1	0x0000000020000000	CCMPT	APX_F_N3
8368	614	1245	145	93	1	0x0000000020000000	CCMPZ	APX_F_N3
8369	621	1245	145	93	1	0x0000000020000000	CCMPZ	APX_F_N3
8370	1896	131	145	93	1	0x0000000020000000	OR	APX_F_N3
8371	1896	131	145	93	1	0x0000000020000000	OR	APX_F_N3
8372	1898	131	91	22	0	0x0000000000400000	OR	APX_F
8373	1899	131	145	93	1	0x0000000020000000	OR	APX_F_N3
8374	1903	131	145	93	1	0x0000000020000000	OR	APX_F_N3
8375	1903	131	145	93	1	0x0000000020000000	OR	APX_F_N3
8376	1935	131	91	22	0	0x0000000000400000	OR	APX_F
8377	1936	131	145	93	1	0x0000000020000000	OR	APX_F_N3
8378	2819	157	145	93	1	0x0000000020000000	SBB	APX_F_N3
8379	2821	157	91	22	0	0x0000000000400000	SBB	APX_F
8380	2824	157	145	93	1	0x0000000020000000	SBB	APX_F_N3
8381	2851	157	91	22	0	0x0000000000400000	SBB	APX_F
8382	3190	194	145	93	1	0x0000000020000000	SUB	APX_F_N3
8383	3190	194	145	93	1	0x0000000020000000	SUB	APX_F_N3
8384	3192	194	91	22	0	0x0000000000400000	SUB	APX_F
8385	3193	194	145	93	1	0x0000000020000000	SUB	APX_F_N3
8386	3197	194	145	93	1	0x0000000020000000	SUB	APX_F_N3
8387	3197	194	145	93	1	0x0000000020000000	SUB	APX_F_N3
8388	3229	194	91	22	0	0x0000000000400000	SUB	APX_F
8389	3230	194	145	93	1	0x0000000020000000	SUB	APX_F_N3
8390	8934	210	145	93	1	0x0000000020000000	XOR	APX_F_N3
8391	8934	210	145	93	1	0x0000000020000000	XOR	APX_F_N3
8392	8936	210	91	22	0	0x0000000000400000	XOR	APX_F
8393	8937	210	145	93	1	0x0000000020000000	XOR	APX_F_N3
8394	8941	210	145	93	1	0x0000000020000000	XOR	APX_F_N3
8395	8941	210	145	93	1	0x0000000020000000	XOR	APX_F_N3
8396	8973	210	91	22	0	0x0000000000400000	XOR	APX_F
8397	8974	210	145	93	1	0x0000000020000000	XOR	APX_F_N3
8398	44	5	145	93	1	0x0000000020000000	ADC	APX_F_N3
8399	44	5	145	93	1	0x0000000020000000	ADC	APX_F_N3
8400	49	5	91	22	0	0x0000000000400000	ADC	APX_F
8401	49	5	91	22	0	0x0000000000400000	ADC	APX_F
8402	54	5	145	93	1	0x0000000020000000	ADC	APX_F_N3
8403	54	5	145	93	1	0x0000000020000000	ADC	APX_F_N3
8404	71	5	91	22	0	0x0000000000400000	ADC	APX_F
8405	71	5	91	22	0	0x0000000000400000	ADC	APX_F
8406	108	6	145	93	1	0x0000000020000000	ADD	APX_F_N3
8407	108	6	145	93	1	0x0000000020000000	ADD	APX_F_N3
8408	108	6	145	93	1	0x0000000020000000	ADD	APX_F_N3
8409	108	6	145	93	1	0x0000000020000000	ADD	APX_F_N3
8410	114	6	91	22	0	0x0000000000400000	ADD	APX_F
8411	114	6	91	22	0	0x0000000000400000	ADD	APX_F
8412	115	6	145	93	1	0x0000000020000000	ADD	APX_F_N3
8413	115	6	145	93	1	0x0000000020000000	ADD	APX_F_N3
8414	121	6	145	93	1	0x0000000020000000	ADD	APX_F_N3
8415	121	6	145	93	1	0x0000000020000000	ADD	APX_F_N3
8416	121	6	145	93	1	0x0000000020000000	ADD	APX_F_N3
8417	121	6	145	93	1	0x0000000020000000	ADD	APX_F_N3
8418	142	6	91	22	0	0x0000000000400000	ADD	APX_F
8419	142	6	91	22	0	0x0000000000400000	ADD	APX_F
8420	143	6	145	93	1	0x0000000020000000	ADD	APX_F_N3
8421	143	6	145	93	1	0x0000000020000000	ADD	APX_F_N3
8422	220	7	145	93	1	0x0000000020000000	AND	APX_F_N3
8423	220	7	145	93	1	0x0000000020000000	AND	APX_F_N3
8424	220	7	145	93	1	0x0000000020000000	AND	APX_F_N3
8425	220	7	145	93	1	0x0000000020000000	AND	APX_F_N3
8426	226	7	91	22	0	0x0000000000400000	AND	APX_F
8427	226	7	91	22	0	0x0000000000400000	AND	APX_F
8428	227	7	145	93	1	0x0000000020000000	AND	APX_F_N3
8429	227	7	145	93	1	0x0000000020000000	AND	APX_F_N3
8430	233	7	145	93	1	0x0000000020000000	AND	APX_F_N3
8431	233	7	145	93	1	0x0000000020000000	AND	APX_F_N3
8432	233	7	145	93	1	0x0000000020000000	AND	APX_F_N3
8433	233	7	145	93	1	0x0000000020000000	AND	APX_F_N3
8434	254	7	91	22	0	0x0000000000400000	AND	APX_F
8435	254	7	91	22	0	0x0000000000400000	AND	APX_F
8436	255	7	145	93	1	0x0000000020000000	AND	APX_F_N3
8437	255	7	145	93	1	0x0000000020000000	AND	APX_F_N3
8438	450	1230	145	93	1	0x0000000020000000	CCMPB	APX_F_N3
8439	450	1230	145	93	1	0x0000000020000000	CCMPB	APX_F_N3
8440	456	1230	145	93	1	0x0000000020000000	CCMPB	APX_F_N3
8441	456	1230	145	93	1	0x0000000020000000	CCMPB	APX_F_N3
8442	438	1231	145	93	1	0x0000000020000000	CCMPBE	APX_F_N3
8443	438	1231	145	93	1	0x0000000020000000	CCMPBE	APX_F_N3
8444	444	1231	145	93	1	0x0000000020000000	CCMPBE	APX_F_N3
8445	444	1231	145	93	1	0x0000000020000000	CCMPBE	APX_F_N3
8446	462	1232	145	93	1	0x0000000020000000	CCMPF	APX_F_N3
8447	462	1232	145	93	1	0x0000000020000000	CCMPF	APX_F_N3
8448	468	1232	145	93	1	0x0000000020000000	CCMPF	APX_F_N3
8449	468	1232	145	93	1	0x0000000020000000	CCMPF	APX_F_N3
8450	486	1233	145	93	1	0x0000000020000000	CCMPL	APX_F_N3
8451	486	1233	145	93	1	0x0000000020000000	CCMPL	APX_F_N3
8452	492	1233	145	93	1	0x0000000020000000	CCMPL	APX_F_N3
8453	492	1233	145	93	1	0x0000000020000000	CCMPL	APX_F_N3
8454	474	1234	145	93	1	0x0000000020000000	CCMPLE	APX_F_N3
8455	474	1234	145	93	1	0x0000000020000000	CCMPLE	APX_F_N3
8456	480	1234	145	93	1	0x0000000020000000	CCMPLE	APX_F_N3
8457	480	1234	145	93	1	0x0000000020000000	CCMPLE	APX_F_N3
8458	510	1235	145	93	1	0x0000000020000000	CCMPNB	APX_F_N3
8459	510	1235	145	93	1	0x0000000020000000	CCMPNB	APX_F_N3
8460	516	1235	145	93	1	0x0000000020000000	CCMPNB	APX_F_N3
8461	516	1235	145	93	1	0x0000000020000000	CCMPNB	APX_F_N3
8462	498	1236	145	93	1	0x0000000020000000	CCMPNBE	APX_F_N3
8463	498	1236	145	93	1	0x0000000020000000	CCMPNBE	APX_F_N3
8464	504	1236	145	93	1	0x0000000020000000	CCMPNBE	APX_F_N3
8465	504	1236	145	93	1	0x0000000020000000	CCMPNBE	APX_F_N3
8466	534	1237	145	93	1	0x0000000020000000	CCMPNL	APX_F_N3
8467	534	1237	145	93	1	0x0000000020000000	CCMPNL	APX_F_N3
8468	540	1237	145	93	1	0x0000000020000000	CCMPNL	APX_F_N3
8469	540	1237	145	93	1	0x0000000020000000	CCMPNL	APX_F_N3
8470	522	1238	145	93	1	0x0000000020000000	CCMPNLE	APX_F_N3
8471	522	1238	145	93	1	0x0000000020000000	CCMPNLE	APX_F_N3
8472	528	1238	145	93	1	0x0000000020000000	CCMPNLE	APX_F_N3
8473	528	1238	145	93	1	0x0000000020000000	CCMPNLE	APX_F_N3
8474	546	1239	145	93	1	0x0000000020000000	CCMPNO	APX_F_N3
8475	546	1239	145	93	1	0x0000000020000000	CCMPNO	APX_F_N3
8476	552	1239	145	93	1	0x0000000020000000	CCMPNO	APX_F_N3
8477	552	1239	145	93	1	0x0000000020000000	CCMPNO	APX_F_N3
8478	558	1240	145	93	1	0x0000000020000000	CCMPNS	APX_F_N3
8479	558	1240	145	93	1	0x0000000020000000	CCMPNS	APX_F_N3
8480	564	1240	145	93	1	0x0000000020000000	CCMPNS	APX_F_N3
8481	564	1240	145	93	1	0x0000000020000000	CCMPNS	APX_F_N3
8482	570	1241	145	93	1	0x0000000020000000	CCMPNZ	APX_F_N3
8483	570	1241	145	93	1	0x0000000020000000	CCMPNZ	APX_F_N3
8484	576	1241	145	93	1	0x0000000020000000	CCMPNZ	APX_F_N3
8485	576	1241	145	93	1	0x0000000020000000	CCMPNZ	APX_F_N3
8486	582	1242	145	93	1	0x0000000020000000	CCMPO	APX_F_N3
8487	582	1242	145	93	1	0x0000000020000000	CCMPO	APX_F_N3
8488	588	1242	145	93	1	0x0000000020000000	CCMPO	APX_F_N3
8489	588	1242	145	93	1	0x0000000020000000	CCMPO	APX_F_N3
8490	594	1243	145	93	1	0x0000000020000000	CCMPS	APX_F_N3
8491	594	1243	145	93	1	0x0000000020000000	CCMPS	APX_F_N3
8492	600	1243	145	93	1	0x0000000020000000	CCMPS	APX_F_N3
8493	600	1243	145	93	1	0x0000000020000000	CCMPS	APX_F_N3
8494	606	1244	145	93	1	0x0000000020000000	CCMPT	APX_F_N3
8495	606	1244	145	93	1	0x0000000020000000	CCMPT	APX_F_N3
8496	612	1244	145	93	1	0x0000000020000000	CCMPT	APX_F_N3
8497	612	1244	145	93	1	0x0000000020000000	CCMPT	APX_F_N3
8498	618	1245	145	93	1	0x0000000020000000	CCMPZ	APX_F_N3
8499	618	1245	145	93	1	0x0000000020000000	CCMPZ	APX_F_N3
8500	624	1245	145	93	1	0x0000000020000000	CCMPZ	APX_F_N3
8501	624	1245	145	93	1	0x0000000020000000	CCMPZ	APX_F_N3
8502	1910	131	145	93	1	0x0000000020000000	OR	APX_F_N3
8503	1910	131	145	93	1	0x0000000020000000	OR	APX_F_N3
8504	1910	131	145	93	1	0x0000000020000000	OR	APX_F_N3
8505	1910	131	145	93	1	0x0000000020000000	OR	APX_F_N3
8506	1916	131	91	22	0	0x0000000000400000	OR	APX_F
8507	1916	131	91	22	0	0x0000000000400000	OR	APX_F
8508	1917	131	145	93	1	0x0000000020000000	OR	APX_F_N3
8509	1917	131	145	93	1	0x0000000020000000	OR	APX_F_N3
8510	1923	131	145	93	1	0x0000000020000000	OR	APX_F_N3
8511	1923	131	145	93	1	0x0000000020000000	OR	APX_F_N3
8512	1923	131	145	93	1	0x0000000020000000	OR	APX_F_N3
8513	1923	131	145	93	1	0x0000000020000000	OR	APX_F_N3
8514	1944	131	91	22	0	0x0000000000400000	OR	APX_F
8515	1944	131	91	22	0	0x0000000000400000	OR	APX_F
8516	1945	131	145	93	1	0x0000000020000000	OR	APX_F_N3
8517	1945	131	145	93	1	0x0000000020000000	OR	APX_F_N3
8518	2830	157	145	93	1	0x0000000020000000	SBB	APX_F_N3
8519	2830	157	145	93	1	0x0000000020000000	SBB	APX_F_N3
8520	2835	157	91	22	0	0x0000000000400000	SBB	APX_F
8521	2835	157	91	22	0	0x0000000000400000	SBB	APX_F
8522	2840	157	145	93	1	0x0000000020000000	SBB	APX_F_N3
8523	2840	157	145	93	1	0x0000000020000000	SBB	APX_F_N3
8524	2857	157	91	22	0	0x0000000000400000	SBB	APX_F
8525	2857	157	91	22	0	0x0000000000400000	SBB	APX_F
8526	3204	194	145	93	1	0x0000000020000000	SUB	APX_F_N3
8527	3204	194	145	93	1	0x0000000020000000	SUB	APX_F_N3
8528	3204	194	145	93	1	0x0000000020000000	SUB	APX_F_N3
8529	3204	194	145	93	1	0x0000000020000000	SUB	APX_F_N3
8530	3210	194	91	22	0	0x0000000000400000	SUB	APX_F
8531	3210	194	91	22	0	0x0000000000400000	SUB	APX_F
8532	3211	194	145	93	1	0x0000000020000000	SUB	APX_F_N3
8533	3211	194	145	93	1	0x0000000020000000	SUB	APX_F_N3
8534	3217	194	145	93	1	0x0000000020000000	SUB	APX_F_N3
8535	3217	194	145	93	1	0x0000000020000000	SUB	APX_F_N3
8536	3217	194	145	93	1	0x0000000020000000	SUB	APX_F_N3
8537	3217	194	145	93	1	0x0000000020000000	SUB	APX_F_N3
8538	3238	194	91	22	0	0x0000000000400000	SUB	APX_F
8539	3238	194	91	22	0	0x0000000000400000	SUB	APX_F
8540	3239	194	145	93	1	0x0000000020000000	SUB	APX_F_N3
8541	3239	194	145	93	1	0x0000000020000000	SUB	APX_F_N3
8542	8948	210	145	93	1	0x0000000020000000	XOR	APX_F_N3
8543	8948	210	145	93	1	0x0000000020000000	XOR	APX_F_N3
8544	8948	210	145	93	1	0x0000000020000000	XOR	APX_F_N3
8545	8948	210	145	93	1	0x0000000020000000	XOR	APX_F_N3
8546	8954	210	91	22	0	0x0000000000400000	XOR	APX_F
8547	8954	210	91	22	0	0x0000000000400000	XOR	APX_F
8548	8955	210	145	93	1	0x0000000020000000	XOR	APX_F_N3
8549	8955	210	145	93	1	0x0000000020000000	XOR	APX_F_N3
8550	8961	210	145	93	1	0x0000000020000000	XOR	APX_F_N3
8551	8961	210	145	93	1	0x0000000020000000	XOR	APX_F_N3
8552	8961	210	145	93	1	0x0000000020000000	XOR	APX_F_N3
8553	8961	210	145	93	1	0x0000000020000000	XOR	APX_F_N3
8554	8982	210	91	22	0	0x0000000000400000	XOR	APX_F
8555	8982	210	91	22	0	0x0000000000400000	XOR	APX_F
8556	8983	210	145	93	1	0x0000000020000000	XOR	APX_F_N3
8557	8983	210	145	93	1	0x0000000020000000	XOR	APX_F_N3
8558	43	5	145	93	1	0x0000000020000000	ADC	APX_F_N3
8559	43	5	145	93	1	0x0000000020000000	ADC	APX_F_N3
8560	46	5	91	22	0	0x0000000000400000	ADC	APX_F
8561	46	5	91	22	0	0x0000000000400000	ADC	APX_F
8562	53	5	145	93	1	0x0000000020000000	ADC	APX_F_N3
8563	53	5	145	93	1	0x0000000020000000	ADC	APX_F_N3
8564	68	5	91	22	0	0x0000000000400000	ADC	APX_F
8565	68	5	91	22	0	0x0000000000400000	ADC	APX_F
8566	107	6	145	93	1	0x0000000020000000	ADD	APX_F_N3
8567	107	6	145	93	1	0x0000000020000000	ADD	APX_F_N3
8568	107	6	145	93	1	0x0000000020000000	ADD	APX_F_N3
8569	107	6	145	93	1	0x0000000020000000	ADD	APX_F_N3
8570	110	6	91	22	0	0x0000000000400000	ADD	APX_F
8571	110	6	91	22	0	0x0000000000400000	ADD	APX_F
8572	111	6	145	93	1	0x0000000020000000	ADD	APX_F_N3
8573	111	6	145	93	1	0x0000000020000000	ADD	APX_F_N3
8574	120	6	145	93	1	0x0000000020000000	ADD	APX_F_N3
8575	120	6	145	93	1	0x0000000020000000	ADD	APX_F_N3
8576	120	6	145	93	1	0x0000000020000000	ADD	APX_F_N3
8577	120	6	145	93	1	0x0000000020000000	ADD	APX_F_N3
8578	138	6	91	22	0	0x0000000000400000	ADD	APX_F
8579	138	6	91	22	0	0x0000000000400000	ADD	APX_F
8580	139	6	145	93	1	0x0000000020000000	ADD	APX_F_N3
8581	139	6	145	93	1	0x0000000020000000	ADD	APX_F_N3
8582	219	7	145	93	1	0x0000000020000000	AND	APX_F_N3
8583	219	7	145	93	1	0x0000000020000000	AND	APX_F_N3
8584	219	7	145	93	1	0x0000000020000000	AND	APX_F_N3
8585	219	7	145	93	1	0x0000000020000000	AND	APX_F_N3
8586	222	7	91	22	0	0x0000000000400000	AND	APX_F
8587	222	7	91	22	0	0x0000000000400000	AND	APX_F
8588	223	7	145	93	1	0x0000000020000000	AND	APX_F_N3
8589	223	7	145	93	1	0x0000000020000000	AND	APX_F_N3
8590	232	7	145	93	1	0x0000000020000000	AND	APX_F_N3
8591	232	7	145	93	1	0x0000000020000000	AND	APX_F_N3
8592	232	7	145	93	1	0x0000000020000000	AND	APX_F_N3
8593	232	7	145	93	1	0x0000000020000000	AND	APX_F_N3
8594	250	7	91	22	0	0x0000000000400000	AND	APX_F
8595	250	7	91	22	0	0x0000000000400000	AND	APX_F
8596	251	7	145	93	1	0x0000000020000000	AND	APX_F_N3
8597	251	7	145	93	1	0x0000000020000000	AND	APX_F_N3
8598	449	1230	145	93	1	0x0000000020000000	CCMPB	APX_F_N3
8599	449	1230	145	93	1	0x0000000020000000	CCMPB	APX_F_N3
8600	455	1230	145	93	1	0x0000000020000000	CCMPB	APX_F_N3
8601	455	1230	145	93	1	0x0000000020000000	CCMPB	APX_F_N3
8602	437	1231	145	93	1	0x0000000020000000	CCMPBE	APX_F_N3
8603	437	1231	145	93	1	0x0000000020000000	CCMPBE	APX_F_N3
8604	443	1231	145	93	1	0x0000000020000000	CCMPBE	APX_F_N3
8605	443	1231	145	93	1	0x0000000020000000	CCMPBE	APX_F_N3
8606	461	1232	145	93	1	0x0000000020000000	CCMPF	APX_F_N3
8607	461	1232	145	93	1	0x0000000020000000	CCMPF	APX_F_N3
8608	467	1232	145	93	1	0x0000000020000000	CCMPF	APX_F_N3
8609	467	1232	145	93	1	0x0000000020000000	CCMPF	APX_F_N3
8610	485	1233	145	93	1	0x0000000020000000	CCMPL	APX_F_N3
8611	485	1233	145	93	1	0x0000000020000000	CCMPL	APX_F_N3
8612	491	1233	145	93	1	0x0000000020000000	CCMPL	APX_F_N3
8613	491	1233	145	93	1	0x0000000020000000	CCMPL	APX_F_N3
8614	473	1234	145	93	1	0x0000000020000000	CCMPLE	APX_F_N3
8615	473	1234	145	93	1	0x0000000020000000	CCMPLE	APX_F_N3
8616	479	1234	145	93	1	0x0000000020000000	CCMPLE	APX_F_N3
8617	479	1234	145	93	1	0x0000000020000000	CCMPLE	APX_F_N3
8618	509	1235	145	93	1	0x0000000020000000	CCMPNB	APX_F_N3
8619	509	1235	145	93	1	0x0000000020000000	CCMPNB	APX_F_N3
8620	515	1235	145	93	1	0x0000000020000000	CCMPNB	APX_F_N3
8621	515	1235	145	93	1	0x0000000020000000	CCMPNB	APX_F_N3
8622	497	1236	145	93	1	0x0000000020000000	CCMPNBE	APX_F_N3
8623	497	1236	145	93	1	0x0000000020000000	CCMPNBE	APX_F_N3
8624	503	1236	145	93	1	0x0000000020000000	CCMPNBE	APX_F_N3
8625	503	1236	145	93	1	0x0000000020000000	CCMPNBE	APX_F_N3
8626	533	1237	145	93	1	0x0000000020000000	CCMPNL	APX_F_N3
8627	533	1237	145	93	1	0x0000000020000000	CCMPNL	APX_F_N3
8628	539	1237	145	93	1	0x0000000020000000	CCMPNL	APX_F_N3
8629	539	1237	145	93	1	0x0000000020000000	CCMPNL	APX_F_N3
8630	521	1238	145	93	1	0x0000000020000000	CCMPNLE	APX_F_N3
8631	521	1238	145	93	1	0x0000000020000000	CCMPNLE	APX_F_N3
8632	527	1238	145	93	1	0x0000000020000000	CCMPNLE	APX_F_N3
8633	527	1238	145	93	1	0x0000000020000000	CCMPNLE	APX_F_N3
8634	545	1239	145	93	1	0x0000000020000000	CCMPNO	APX_F_N3
8635	545	1239	145	93	1	0x0000000020000000	CCMPNO	APX_F_N3
8636	551	1239	145	93	1	0x0000000020000000	CCMPNO	APX_F_N3
8637	551	1239	145	93	1	0x0000000020000000	CCMPNO	APX_F_N3
8638	557	1240	145	93	1	0x0000000020000000	CCMPNS	APX_F_N3
8639	557	1240	145	93	1	0x0000000020000000	CCMPNS	APX_F_N3
8640	563	1240	145	93	1	0x0000000020000000	CCMPNS	APX_F_N3
8641	563	1240	145	93	1	0x0000000020000000	CCMPNS	APX_F_N3
8642	569	1241	145	93	1	0x0000000020000000	CCMPNZ	APX_F_N3
8643	569	1241	145	93	1	0x0000000020000000	CCMPNZ	APX_F_N3
8644	575	1241	145	93	1	0x0000000020000000	CCMPNZ	APX_F_N3
8645	575	1241	145	93	1	0x0000000020000000	CCMPNZ	APX_F_N3
8646	581	1242	145	93	1	0x0000000020000000	CCMPO	APX_F_N3
8647	581	1242	145	93	1	0x0000000020000000	CCMPO	APX_F_N3
8648	587	1242	145	93	1	0x0000000020000000	CCMPO	APX_F_N3
8649	587	1242	145	93	1	0x0000000020000000	CCMPO	APX_F_N3
8650	593	1243	145	93	1	0x0000000020000000	CCMPS	APX_F_N3
8651	593	1243	145	93	1	0x0000000020000000	CCMPS	APX_F_N3
8652	599	1243	145	93	1	0x0000000020000000	CCMPS	APX_F_N3
8653	599	1243	145	93	1	0x0000000020000000	CCMPS	APX_F_N3
8654	605	1244	145	93	1	0x0000000020000000	CCMPT	APX_F_N3
8655	605	1244	145	93	1	0x0000000020000000	CCMPT	APX_F_N3
8656	611	1244	145	93	1	0x0000000020000000	CCMPT	APX_F_N3
8657	611	1244	145	93	1	0x0000000020000000	CCMPT	APX_F_N3
8658	617	1245	145	93	1	0x0000000020000000	CCMPZ	APX_F_N3
8659	617	1245	145	93	1	0x0000000020000000	CCMPZ	APX_F_N3
8660	623	1245	145	93	1	0x0000000020000000	CCMPZ	APX_F_N3
8661	623	1245	145	93	1	0x0000000020000000	CCMPZ	APX_F_N3
8662	1909	131	145	93	1	0x0000000020000000	OR	APX_F_N3
8663	1909	131	145	93	1	0x0000000020000000	OR	APX_F_N3
8664	1909	131	145	93	1	0x0000000020000000	OR	APX_F_N3
8665	1909	131	145	93	1	0x0000000020000000	OR	APX_F_N3
8666	1912	131	91	22	0	0x0000000000400000	OR	APX_F
8667	1912	131	91	22	0	0x0000000000400000	OR	APX_F
8668	1913	131	145	93	1	0x0000000020000000	OR	APX_F_N3
8669	1913	131	145	93	1	0x0000000020000000	OR	APX_F_N3
8670	1922	131	145	93	1	0x0000000020000000	OR	APX_F_N3
8671	1922	131	145	93	1	0x0000000020000000	OR	APX_F_N3
8672	1922	131	145	93	1	0x0000000020000000	OR	APX_F_N3
8673	1922	131	145	93	1	0x0000000020000000	OR	APX_F_N3
8674	1940	131	91	22	0	0x0000000000400000	OR	APX_F
8675	1940	131	91	22	0	0x0000000000400000	OR	APX_F
8676	1941	131	145	93	1	0x0000000020000000	OR	APX_F_N3
8677	1941	131	145	93	1	0x0000000020000000	OR	APX_F_N3
8678	2829	157	145	93	1	0x0000000020000000	SBB	APX_F_N3
8679	2829	157	145	93	1	0x0000000020000000	SBB	APX_F_N3
8680	2832	157	91	22	0	0x0000000000400000	SBB	APX_F
8681	2832	157	91	22	0	0x0000000000400000	SBB	APX_F
8682	2839	157	145	93	1	0x0000000020000000	SBB	APX_F_N3
8683	2839	157	145	93	1	0x0000000020000000	SBB	APX_F_N3
8684	2854	157	91	22	0	0x0000000000400000	SBB	APX_F
8685	2854	157	91	22	0	0x0000000000400000	SBB	APX_F
8686	3203	194	145	93	1	0x0000000020000000	SUB	APX_F_N3
8687	3203	194	145	93	1	0x0000000020000000	SUB	APX_F_N3
8688	3203	194	145	93	1	0x0000000020000000	SUB	APX_F_N3
8689	3203	194	145	93	1	0x0000000020000000	SUB	APX_F_N3
8690	3206	194	91	22	0	0x0000000000400000	SUB	APX_F
8691	3206	194	91	22	0	0x0000000000400000	SUB	APX_F
8692	3207	194	145	93	1	0x0000000020000000	SUB	APX_F_N3
8693	3207	194	145	93	1	0x0000000020000000	SUB	APX_F_N3
8694	3216	194	145	93	1	0x0000000020000000	SUB	APX_F_N3
8695	3216	194	145	93	1	0x0000000020000000	SUB	APX_F_N3
8696	3216	194	145	93	1	0x0000000020000000	SUB	APX_F_N3
8697	3216	194	145	93	1	0x0000000020000000	SUB	APX_F_N3
8698	3234	194	91	22	0	0x0000000000400000	SUB	APX_F
8699	3234	194	91	22	0	0x0000000000400000	SUB	APX_F
8700	3235	194	145	93	1	0x0000000020000000	SUB	APX_F_N3
8701	3235	194	145	93	1	0x0000000020000000	SUB	APX_F_N3
8702	8947	210	145	93	1	0x0000000020000000	XOR	APX_F_N3
8703	8947	210	145	93	1	0x0000000020000000	XOR	APX_F_N3
8704	8947	210	145	93	1	0x0000000020000000	XOR	APX_F_N3
8705	8947	210	145	93	1	0x0000000020000000	XOR	APX_F_N3
8706	8950	210	91	22	0	0x0000000000400000	XOR	APX_F
8707	8950	210	91	22	0	0x0000000000400000	XOR	APX_F
8708	8951	210	145	93	1	0x0000000020000000	XOR	APX_F_N3
8709	8951	210	145	93	1	0x0000000020000000	XOR	APX_F_N3
8710	8960	210	145	93	1	0x0000000020000000	XOR	APX_F_N3
8711	8960	210	145	93	1	0x0000000020000000	XOR	APX_F_N3
8712	8960	210	145	93	1	0x0000000020000000	XOR	APX_F_N3
8713	8960	210	145	93	1	0x0000000020000000	XOR	APX_F_N3
8714	8978	210	91	22	0	0x0000000000400000	XOR	APX_F
8715	8978	210	91	22	0	0x0000000000400000	XOR	APX_F
8716	8979	210	145	93	1	0x0000000020000000	XOR	APX_F_N3
8717	8979	210	145	93	1	0x0000000020000000	XOR	APX_F_N3
8718	911	1291	145	93	1	0x0000000020000000	CTESTB	APX_F_N3
8719	915	1291	145	93	1	0x0000000020000000	CTESTB	APX_F_N3
8720	903	1292	145	93	1	0x0000000020000000	CTESTBE	APX_F_N3
8721	907	1292	145	93	1	0x0000000020000000	CTESTBE	APX_F_N3
8722	919	1293	145	93	1	0x0000000020000000	CTESTF	APX_F_N3
8723	923	1293	145	93	1	0x0000000020000000	CTESTF	APX_F_N3
8724	935	1294	145	93	1	0x0000000020000000	CTESTL	APX_F_N3
8725	939	1294	145	93	1	0x0000000020000000	CTESTL	APX_F_N3
8726	927	1295	145	93	1	0x0000000020000000	CTESTLE	APX_F_N3
8727	931	1295	145	93	1	0x0000000020000000	CTESTLE	APX_F_N3
8728	951	1296	145	93	1	0x0000000020000000	CTESTNB	APX_F_N3
8729	955	1296	145	93	1	0x0000000020000000	CTESTNB	APX_F_N3
8730	943	1297	145	93	1	0x0000000020000000	CTESTNBE	APX_F_N3
8731	947	1297	145	93	1	0x0000000020000000	CTESTNBE	APX_F_N3
8732	967	1298	145	93	1	0x0000000020000000	CTESTNL	APX_F_N3
8733	971	1298	145	93	1	0x0000000020000000	CTESTNL	APX_F_N3
8734	959	1299	145	93	1	0x0000000020000000	CTESTNLE	APX_F_N3
8735	963	1299	145	93	1	0x0000000020000000	CTESTNLE	APX_F_N3
8736	975	1300	145	93	1	0x0000000020000000	CTESTNO	APX_F_N3
8737	979	1300	145	93	1	0x0000000020000000	CTESTNO	APX_F_N3
8738	983	1301	145	93	1	0x0000000020000000	CTESTNS	APX_F_N3
8739	987	1301	145	93	1	0x0000000020000000	CTESTNS	APX_F_N3
8740	991	1302	145	93	1	0x0000000020000000	CTESTNZ	APX_F_N3
8741	995	1302	145	93	1	0x0000000020000000	CTESTNZ	APX_F_N3
8742	999	1303	145	93	1	0x0000000020000000	CTESTO	APX_F_N3
8743	1003	1303	145	93	1	0x0000000020000000	CTESTO	APX_F_N3
8744	1007	1304	145	93	1	0x0000000020000000	CTESTS	APX_F_N3
8745	1011	1304	145	93	1	0x0000000020000000	CTESTS	APX_F_N3
8746	1015	1305	145	93	1	0x0000000020000000	CTESTT	APX_F_N3
8747	1019	1305	145	93	1	0x0000000020000000	CTESTT	APX_F_N3
8748	1023	1306	145	93	1	0x0000000020000000	CTESTZ	APX_F_N3
8749	1027	1306	145	93	1	0x0000000020000000	CTESTZ	APX_F_N3
8750	913	1291	145	93	1	0x0000000020000000	CTESTB	APX_F_N3
8751	913	1291	145	93	1	0x0000000020000000	CTESTB	APX_F_N3
8752	917	1291	145	93	1	0x0000000020000000	CTESTB	APX_F_N3
8753	917	1291	145	93	1	0x0000000020000000	CTESTB	APX_F_N3
8754	905	1292	145	93	1	0x0000000020000000	CTESTBE	APX_F_N3
8755	905	1292	145	93	1	0x0000000020000000	CTESTBE	APX_F_N3
8756	909	1292	145	93	1	0x0000000020000000	CTESTBE	APX_F_N3
8757	909	1292	145	93	1	0x0000000020000000	CTESTBE	APX_F_N3
8758	921	1293	145	93	1	0x0000000020000000	CTESTF	APX_F_N3
8759	921	1293	145	93	1	0x0000000020000000	CTESTF	APX_F_N3
8760	925	1293	145	93	1	0x0000000020000000	CTESTF	APX_F_N3
8761	925	1293	145	93	1	0x0000000020000000	CTESTF	APX_F_N3
8762	937	1294	145	93	1	0x0000000020000000	CTESTL	APX_F_N3
8763	937	1294	145	93	1	0x0000000020000000	CTESTL	APX_F_N3
8764	941	1294	145	93	1	0x0000000020000000	CTESTL	APX_F_N3
8765	941	1294	145	93	1	0x0000000020000000	CTESTL	APX_F_N3
8766	929	1295	145	93	1	0x0000000020000000	CTESTLE	APX_F_N3
8767	929	1295	145	93	1	0x0000000020000000	CTESTLE	APX_F_N3
8768	933	1295	145	93	1	0x0000000020000000	CTESTLE	APX_F_N3
8769	933	1295	145	93	1	0x0000000020000000	CTESTLE	APX_F_N3
8770	953	1296	145	93	1	0x0000000020000000	CTESTNB	APX_F_N3
8771	953	1296	145	93	1	0x0000000020000000	CTESTNB	APX_F_N3
8772	957	1296	145	93	1	0x0000000020000000	CTESTNB	APX_F_N3
8773	957	1296	145	93	1	0x0000000020000000	CTESTNB	APX_F_N3
8774	945	1297	145	93	1	0x0000000020000000	CTESTNBE	APX_F_N3
8775	945	1297	145	93	1	0x0000000020000000	CTESTNBE	APX_F_N3
8776	949	1297	145	93	1	0x0000000020000000	CTESTNBE	APX_F_N3
8777	949	1297	145	93	1	0x0000000020000000	CTESTNBE	APX_F_N3
8778	969	1298	145	93	1	0x0000000020000000	CTESTNL	APX_F_N3
8779	969	1298	145	93	1	0x0000000020000000	CTESTNL	APX_F_N3
8780	973	1298	145	93	1	0x0000000020000000	CTESTNL	APX_F_N3
8781	973	1298	145	93	1	0x0000000020000000	CTESTNL	APX_F_N3
8782	961	1299	145	93	1	0x0000000020000000	CTESTNLE	APX_F_N3
8783	961	1299	145	93	1	0x0000000020000000	CTESTNLE	APX_F_N3
8784	965	1299	145	93	1	0x0000000020000000	CTESTNLE	APX_F_N3
8785	965	1299	145	93	1	0x0000000020000000	CTESTNLE	APX_F_N3
8786	977	1300	145	93	1	0x0000000020000000	CTESTNO	APX_F_N3
8787	977	1300	145	93	1	0x0000000020000000	CTESTNO	APX_F_N3
8788	981	1300	145	93	1	0x0000000020000000	CTESTNO	APX_F_N3
8789	981	1300	145	93	1	0x0000000020000000	CTESTNO	APX_F_N3
8790	985	1301	145	93	1	0x0000000020000000	CTESTNS	APX_F_N3
8791	985	1301	145	93	1	0x0000000020000000	CTESTNS	APX_F_N3
8792	989	1301	145	93	1	0x0000000020000000	CTESTNS	APX_F_N3
8793	989	1301	145	93	1	0x0000000020000000	CTESTNS	APX_F_N3
8794	993	1302	145	93	1	0x0000000020000000	CTESTNZ	APX_F_N3
8795	993	1302	145	93	1	0x0000000020000000	CTESTNZ	APX_F_N3
8796	997	1302	145	93	1	0x0000000020000000	CTESTNZ	APX_F_N3
8797	997	1302	145	93	1	0x0000000020000000	CTESTNZ	APX_F_N3
8798	1001	1303	145	93	1	0x0000000020000000	CTESTO	APX_F_N3
8799	1001	1303	145	93	1	0x0000000020000000	CTESTO	APX_F_N3
8800	1005	1303	145	93	1	0x0000000020000000	CTESTO	APX_F_N3
8801	1005	1303	145	93	1	0x0000000020000000	CTESTO	APX_F_N3
8802	1009	1304	145	93	1	0x0000000020000000	CTESTS	APX_F_N3
8803	1009	1304	145	93	1	0x0000000020000000	CTESTS	APX_F_N3
8804	1013	1304	145	93	1	0x0000000020000000	CTESTS	APX_F_N3
8805	1013	1304	145	93	1	0x0000000020000000	CTESTS	APX_F_N3
8806	1017	1305	145	93	1	0x0000000020000000	CTESTT	APX_F_N3
8807	1017	1305	145	93	1	0x0000000020000000	CTESTT	APX_F_N3
8808	1021	1305	145	93	1	0x0000000020000000	CTESTT	APX_F_N3
8809	1021	1305	145	93	1	0x0000000020000000	CTESTT	APX_F_N3
8810	1025	1306	145	93	1	0x0000000020000000	CTESTZ	APX_F_N3
8811	1025	1306	145	93	1	0x0000000020000000	CTESTZ	APX_F_N3
8812	1029	1306	145	93	1	0x0000000020000000	CTESTZ	APX_F_N3
8813	1029	1306	145	93	1	0x0000000020000000	CTESTZ	APX_F_N3
8814	2287	138	146	94	1	0x0000000040000000	POPCNT	APX_F_POPCNT
8815	2287	138	146	94	1	0x0000000040000000	POPCNT	APX_F_POPCNT
8816	2288	138	147	95	1	0x0000000080000000	POPCNT	APX_F_POPCNT_N3
8817	2288	138	147	95	1	0x0000000080000000	POPCNT	APX_F_POPCNT_N3
8818	2290	138	146	94	1	0x0000000040000000	POPCNT	APX_F_POPCNT
8819	2290	138	146	94	1	0x0000000040000000	POPCNT	APX_F_POPCNT
8820	2291	138	147	95	1	0x0000000080000000	POPCNT	APX_F_POPCNT_N3
8821	2291	138	147	95	1	0x0000000080000000	POPCNT	APX_F_POPCNT_N3
8822	1717	1350	143	91	1	0x0000000008000000	MOVRS	APX_F_MOVRS
8823	1719	1350	143	91	1	0x0000000008000000	MOVRS	APX_F_MOVRS
8824	1719	1350	143	91	1	0x0000000008000000	MOVRS	APX_F_MOVRS
8825	2283	732	145	93	1	0x0000000020000000	POP2	APX_F_N3
8826	2282	1366	145	93	1	0x0000000020000000	POP2P	APX_F_N3
8827	2983	180	91	22	0	0x0000000000400000	SHLD	APX_F
8828	2983	180	91	22	0	0x0000000000400000	SHLD	APX_F
8829	2984	180	145	93	1	0x0000000020000000	SHLD	APX_F_N3
8830	2984	180	145	93	1	0x0000000020000000	SHLD	APX_F_N3
8831	2985	180	145	93	1	0x0000000020000000	SHLD	APX_F_N3
8832	2985	180	145	93	1	0x0000000020000000	SHLD	APX_F_N3
8833	2985	180	145	93	1	0x0000000020000000	SHLD	APX_F_N3
8834	2985	180	145	93	1	0x0000000020000000	SHLD	APX_F_N3
8835	2990	180	145	93	1	0x0000000020000000	SHLD	APX_F_N3
8836	2990	180	145	93	1	0x0000000020000000	SHLD	APX_F_N3
8837	2990	180	145	93	1	0x0000000020000000	SHLD	APX_F_N3
8838	2990	180	145	93	1	0x0000000020000000	SHLD	APX_F_N3
8839	2993	180	91	22	0	0x0000000000400000	SHLD	APX_F
8840	2993	180	91	22	0	0x0000000000400000	SHLD	APX_F
8841	2994	180	145	93	1	0x0000000020000000	SHLD	APX_F_N3
8842	2994	180	145	93	1	0x0000000020000000	SHLD	APX_F_N3
8843	3067	182	91	22	0	0x0000000000400000	SHRD	APX_F
8844	3067	182	91	22	0	0x0000000000400000	SHRD	APX_F
8845	3068	182	145	93	1	0x0000000020000000	SHRD	APX_F_N3
8846	3068	182	145	93	1	0x0000000020000000	SHRD	APX_F_N3
8847	3069	182	145	93	1	0x0000000020000000	SHRD	APX_F_N3
8848	3069	182	145	93	1	0x0000000020000000	SHRD	APX_F_N3
8849	3069	182	145	93	1	0x0000000020000000	SHRD	APX_F_N3
8850	3069	182	145	93	1	0x0000000020000000	SHRD	APX_F_N3
8851	3074	182	145	93	1	0x0000000020000000	SHRD	APX_F_N3
8852	3074	182	145	93	1	0x0000000020000000	SHRD	APX_F_N3
8853	3074	182	145	93	1	0x0000000020000000	SHRD	APX_F_N3
8854	3074	182	145	93	1	0x0000000020000000	SHRD	APX_F_N3
8855	3077	182	91	22	0	0x0000000000400000	SHRD	APX_F
8856	3077	182	91	22	0	0x0000000000400000	SHRD	APX_F
8857	3078	182	145	93	1	0x0000000020000000	SHRD	APX_F_N3
8858	3078	182	145	93	1	0x0000000020000000	SHRD	APX_F_N3
8859	1344	62	91	22	0	0x0000000000400000	IMUL	APX_F
8860	1344	62	91	22	0	0x0000000000400000	IMUL	APX_F
8861	1345	62	145	93	1	0x0000000020000000	IMUL	APX_F_N3
8862	1345	62	145	93	1	0x0000000020000000	IMUL	APX_F_N3
8863	1346	62	145	93	1	0x0000000020000000	IMUL	APX_F_N3
8864	1346	62	145	93	1	0x0000000020000000	IMUL	APX_F_N3
8865	1346	62	145	93	1	0x0000000020000000	IMUL	APX_F_N3
8866	1346	62	145	93	1	0x0000000020000000	IMUL	APX_F_N3
8867	1355	62	145	93	1	0x0000000020000000	IMUL	APX_F_N3
8868	1355	62	145	93	1	0x0000000020000000	IMUL	APX_F_N3
8869	1355	62	145	93	1	0x0000000020000000	IMUL	APX_F_N3
8870	1355	62	145	93	1	0x0000000020000000	IMUL	APX_F_N3
8871	1357	62	91	22	0	0x0000000000400000	IMUL	APX_F
8872	1357	62	91	22	0	0x0000000000400000	IMUL	APX_F
8873	1358	62	145	93	1	0x0000000020000000	IMUL	APX_F_N3
8874	1358	62	145	93	1	0x0000000020000000	IMUL	APX_F_N3
8875	2497	146	145	93	1	0x0000000020000000	RCL	APX_F_N3
8876	2499	146	91	22	0	0x0000000000400000	RCL	APX_F
8877	2501	146	145	93	1	0x0000000020000000	RCL	APX_F_N3
8878	2520	146	91	22	0	0x0000000000400000	RCL	APX_F
8879	2537	147	145	93	1	0x0000000020000000	RCR	APX_F_N3
8880	2539	147	91	22	0	0x0000000000400000	RCR	APX_F
8881	2541	147	145	93	1	0x0000000020000000	RCR	APX_F_N3
8882	2560	147	91	22	0	0x0000000000400000	RCR	APX_F
8883	2640	153	145	93	1	0x0000000020000000	ROL	APX_F_N3
8884	2640	153	145	93	1	0x0000000020000000	ROL	APX_F_N3
8885	2642	153	91	22	0	0x0000000000400000	ROL	APX_F
8886	2643	153	145	93	1	0x0000000020000000	ROL	APX_F_N3
8887	2645	153	145	93	1	0x0000000020000000	ROL	APX_F_N3
8888	2645	153	145	93	1	0x0000000020000000	ROL	APX_F_N3
8889	2669	153	91	22	0	0x0000000000400000	ROL	APX_F
8890	2670	153	145	93	1	0x0000000020000000	ROL	APX_F_N3
8891	2696	154	145	93	1	0x0000000020000000	ROR	APX_F_N3
8892	2696	154	145	93	1	0x0000000020000000	ROR	APX_F_N3
8893	2698	154	91	22	0	0x0000000000400000	ROR	APX_F
8894	2699	154	145	93	1	0x0000000020000000	ROR	APX_F_N3
8895	2701	154	145	93	1	0x0000000020000000	ROR	APX_F_N3
8896	2701	154	145	93	1	0x0000000020000000	ROR	APX_F_N3
8897	2725	154	91	22	0	0x0000000000400000	ROR	APX_F
8898	2726	154	145	93	1	0x0000000020000000	ROR	APX_F_N3
8899	2768	156	145	93	1	0x0000000020000000	SAR	APX_F_N3
8900	2768	156	145	93	1	0x0000000020000000	SAR	APX_F_N3
8901	2770	156	91	22	0	0x0000000000400000	SAR	APX_F
8902	2771	156	145	93	1	0x0000000020000000	SAR	APX_F_N3
8903	2773	156	145	93	1	0x0000000020000000	SAR	APX_F_N3
8904	2773	156	145	93	1	0x0000000020000000	SAR	APX_F_N3
8905	2797	156	91	22	0	0x0000000000400000	SAR	APX_F
8906	2798	156	145	93	1	0x0000000020000000	SAR	APX_F_N3
8907	3015	179	145	93	1	0x0000000020000000	SHL	APX_F_N3
8908	3015	179	145	93	1	0x0000000020000000	SHL	APX_F_N3
8909	3015	179	145	93	1	0x0000000020000000	SHL	APX_F_N3
8910	3015	179	145	93	1	0x0000000020000000	SHL	APX_F_N3
8911	3017	179	91	22	0	0x0000000000400000	SHL	APX_F
8912	3017	179	91	22	0	0x0000000000400000	SHL	APX_F
8913	3018	179	145	93	1	0x0000000020000000	SHL	APX_F_N3
8914	3018	179	145	93	1	0x0000000020000000	SHL	APX_F_N3
8915	3020	179	145	93	1	0x0000000020000000	SHL	APX_F_N3
8916	3020	179	145	93	1	0x0000000020000000	SHL	APX_F_N3
8917	3020	179	145	93	1	0x0000000020000000	SHL	APX_F_N3
8918	3020	179	145	93	1	0x0000000020000000	SHL	APX_F_N3
8919	3050	179	91	22	0	0x0000000000400000	SHL	APX_F
8920	3050	179	91	22	0	0x0000000000400000	SHL	APX_F
8921	3051	179	145	93	1	0x0000000020000000	SHL	APX_F_N3
8922	3051	179	145	93	1	0x0000000020000000	SHL	APX_F_N3
8923	3096	181	145	93	1	0x0000000020000000	SHR	APX_F_N3
8924	3096	181	145	93	1	0x0000000020000000	SHR	APX_F_N3
8925	3098	181	91	22	0	0x0000000000400000	SHR	APX_F
8926	3099	181	145	93	1	0x0000000020000000	SHR	APX_F_N3
8927	3101	181	145	93	1	0x0000000020000000	SHR	APX_F_N3
8928	3101	181	145	93	1	0x0000000020000000	SHR	APX_F_N3
8929	3125	181	91	22	0	0x0000000000400000	SHR	APX_F
8930	3126	181	145	93	1	0x0000000020000000	SHR	APX_F_N3
8931	2507	146	145	93	1	0x0000000020000000	RCL	APX_F_N3
8932	2507	146	145	93	1	0x0000000020000000	RCL	APX_F_N3
8933	2509	146	91	22	0	0x0000000000400000	RCL	APX_F
8934	2509	146	91	22	0	0x0000000000400000	RCL	APX_F
8935	2512	146	145	93	1	0x0000000020000000	RCL	APX_F_N3
8936	2512	146	145	93	1	0x0000000020000000	RCL	APX_F_N3
8937	2524	146	91	22	0	0x0000000000400000	RCL	APX_F
8938	2524	146	91	22	0	0x0000000000400000	RCL	APX_F
8939	2547	147	145	93	1	0x0000000020000000	RCR	APX_F_N3
8940	2547	147	145	93	1	0x0000000020000000	RCR	APX_F_N3
8941	2549	147	91	22	0	0x0000000000400000	RCR	APX_F
8942	2549	147	91	22	0	0x0000000000400000	RCR	APX_F
8943	2552	147	145	93	1	0x0000000020000000	RCR	APX_F_N3
8944	2552	147	145	93	1	0x0000000020000000	RCR	APX_F_N3
8945	2564	147	91	22	0	0x0000000000400000	RCR	APX_F
8946	2564	147	91	22	0	0x0000000000400000	RCR	APX_F
8947	2653	153	145	93	1	0x0000000020000000	ROL	APX_F_N3
8948	2653	153	145	93	1	0x0000000020000000	ROL	APX_F_N3
8949	2653	153	145	93	1	0x0000000020000000	ROL	APX_F_N3
8950	2653	153	145	93	1	0x0000000020000000	ROL	APX_F_N3
8951	2655	153	91	22	0	0x0000000000400000	ROL	APX_F
8952	2655	153	91	22	0	0x0000000000400000	ROL	APX_F
8953	2656	153	145	93	1	0x0000000020000000	ROL	APX_F_N3
8954	2656	153	145	93	1	0x0000000020000000	ROL	APX_F_N3
8955	2659	153	145	93	1	0x0000000020000000	ROL	APX_F_N3
8956	2659	153	145	93	1	0x0000000020000000	ROL	APX_F_N3
8957	2659	153	145	93	1	0x0000000020000000	ROL	APX_F_N3
8958	2659	153	145	93	1	0x0000000020000000	ROL	APX_F_N3
8959	2676	153	91	22	0	0x0000000000400000	ROL	APX_F
8960	2676	153	91	22	0	0x0000000000400000	ROL	APX_F
8961	2677	153	145	93	1	0x0000000020000000	ROL	APX_F_N3
8962	2677	153	145	93	1	0x0000000020000000	ROL	APX_F_N3
8963	2709	154	145	93	1	0x0000000020000000	ROR	APX_F_N3
8964	2709	154	145	93	1	0x0000000020000000	ROR	APX_F_N3
8965	2709	154	145	93	1	0x0000000020000000	ROR	APX_F_N3
8966	2709	154	145	93	1	0x0000000020000000	ROR	APX_F_N3
8967	2711	154	91	22	0	0x0000000000400000	ROR	APX_F
8968	2711	154	91	22	0	0x0000000000400000	ROR	APX_F
8969	2712	154	145	93	1	0x0000000020000000	ROR	APX_F_N3
8970	2712	154	145	93	1	0x0000000020000000	ROR	APX_F_N3
8971	2715	154	145	93	1	0x0000000020000000	ROR	APX_F_N3
8972	2715	154	145	93	1	0x0000000020000000	ROR	APX_F_N3
8973	2715	154	145	93	1	0x0000000020000000	ROR	APX_F_N3
8974	2715	154	145	93	1	0x0000000020000000	ROR	APX_F_N3
8975	2732	154	91	22	0	0x0000000000400000	ROR	APX_F
8976	2732	154	91	22	0	0x0000000000400000	ROR	APX_F
8977	2733	154	145	93	1	0x0000000020000000	ROR	APX_F_N3
8978	2733	154	145	93	1	0x0000000020000000	ROR	APX_F_N3
8979	2781	156	145	93	1	0x0000000020000000	SAR	APX_F_N3
8980	2781	156	145	93	1	0x0000000020000000	SAR	APX_F_N3
8981	2781	156	145	93	1	0x0000000020000000	SAR	APX_F_N3
8982	2781	156	145	93	1	0x0000000020000000	SAR	APX_F_N3
8983	2783	156	91	22	0	0x0000000000400000	SAR	APX_F
8984	2783	156	91	22	0	0x0000000000400000	SAR	APX_F
8985	2784	156	145	93	1	0x0000000020000000	SAR	APX_F_N3
8986	2784	156	145	93	1	0x0000000020000000	SAR	APX_F_N3
8987	2787	156	145	93	1	0x0000000020000000	SAR	APX_F_N3
8988	2787	156	145	93	1	0x0000000020000000	SAR	APX_F_N3
8989	2787	156	145	93	1	0x0000000020000000	SAR	APX_F_N3
8990	2787	156	145	93	1	0x0000000020000000	SAR	APX_F_N3
8991	2804	156	91	22	0	0x0000000000400000	SAR	APX_F
8992	2804	156	91	22	0	0x0000000000400000	SAR	APX_F
8993	2805	156	145	93	1	0x0000000020000000	SAR	APX_F_N3
8994	2805	156	145	93	1	0x0000000020000000	SAR	APX_F_N3
8995	3029	179	145	93	1	0x0000000020000000	SHL	APX_F_N3
8996	3029	179	145	93	1	0x0000000020000000	SHL	APX_F_N3
8997	3029	179	145	93	1	0x0000000020000000	SHL	APX_F_N3
8998	3029	179	145	93	1	0x0000000020000000	SHL	APX_F_N3
8999	3029	179	145	93	1	0x0000000020000000	SHL	APX_F_N3
9000	3029	179	145	93	1	0x0000000020000000	SHL	APX_F_N3
9001	3029	179	145	93	1	0x0000000020000000	SHL	APX_F_N3
9002	3029	179	145	93	1	0x0000000020000000	SHL	APX_F_N3
9003	3031	179	91	22	0	0x0000000000400000	SHL	APX_F
9004	3031	179	91	22	0	0x0000000000400000	SHL	APX_F
9005	3031	179	91	22	0	0x0000000000400000	SHL	APX_F
9006	3031	179	91	22	0	0x0000000000400000	SHL	APX_F
9007	3032	179	145	93	1	0x0000000020000000	SHL	APX_F_N3
9008	3032	179	145	93	1	0x0000000020000000	SHL	APX_F_N3
9009	3032	179	145	93	1	0x0000000020000000	SHL	APX_F_N3
9010	3032	179	145	93	1	0x0000000020000000	SHL	APX_F_N3
9011	3036	179	145	93	1	0x0000000020000000	SHL	APX_F_N3
9012	3036	179	145	93	1	0x0000000020000000	SHL	APX_F_N3
9013	3036	179	145	93	1	0x0000000020000000	SHL	APX_F_N3
9014	3036	179	145	93	1	0x0000000020000000	SHL	APX_F_N3
9015	3036	179	145	93	1	0x0000000020000000	SHL	APX_F_N3
9016	3036	179	145	93	1	0x0000000020000000	SHL	APX_F_N3
9017	3036	179	145	93	1	0x0000000020000000	SHL	APX_F_N3
9018	3036	179	145	93	1	0x0000000020000000	SHL	APX_F_N3
9019	3058	179	91	22	0	0x0000000000400000	SHL	APX_F
9020	3058	179	91	22	0	0x0000000000400000	SHL	APX_F
9021	3058	179	91	22	0	0x0000000000400000	SHL	APX_F
9022	3058	179	91	22	0	0x0000000000400000	SHL	APX_F
9023	3059	179	145	93	1	0x0000000020000000	SHL	APX_F_N3
9024	3059	179	145	93	1	0x0000000020000000	SHL	APX_F_N3
9025	3059	179	145	93	1	0x0000000020000000	SHL	APX_F_N3
9026	3059	179	145	93	1	0x0000000020000000	SHL	APX_F_N3
9027	3109	181	145	93	1	0x0000000020000000	SHR	APX_F_N3
9028	3109	181	145	93	1	0x0000000020000000	SHR	APX_F_N3
9029	3109	181	145	93	1	0x0000000020000000	SHR	APX_F_N3
9030	3109	181	145	93	1	0x0000000020000000	SHR	APX_F_N3
9031	3111	181	91	22	0	0x0000000000400000	SHR	APX_F
9032	3111	181	91	22	0	0x0000000000400000	SHR	APX_F
9033	3112	181	145	93	1	0x0000000020000000	SHR	APX_F_N3
9034	3112	181	145	93	1	0x0000000020000000	SHR	APX_F_N3
9035	3115	181	145	93	1	0x0000000020000000	SHR	APX_F_N3
9036	3115	181	145	93	1	0x0000000020000000	SHR	APX_F_N3
9037	3115	181	145	93	1	0x0000000020000000	SHR	APX_F_N3
9038	3115	181	145	93	1	0x0000000020000000	SHR	APX_F_N3
9039	3132	181	91	22	0	0x0000000000400000	SHR	APX_F
9040	3132	181	91	22	0	0x0000000000400000	SHR	APX_F
9041	3133	181	145	93	1	0x0000000020000000	SHR	APX_F_N3
9042	3133	181	145	93	1	0x0000000020000000	SHR	APX_F_N3
9043	2498	146	145	93	1	0x0000000020000000	RCL	APX_F_N3
9044	2502	146	145	93	1	0x0000000020000000	RCL	APX_F_N3
9045	2503	146	91	22	0	0x0000000000400000	RCL	APX_F
9046	2521	146	91	22	0	0x0000000000400000	RCL	APX_F
9047	2538	147	145	93	1	0x0000000020000000	RCR	APX_F_N3
9048	2542	147	145	93	1	0x0000000020000000	RCR	APX_F_N3
9049	2543	147	91	22	0	0x0000000000400000	RCR	APX_F
9050	2561	147	91	22	0	0x0000000000400000	RCR	APX_F
9051	2641	153	145	93	1	0x0000000020000000	ROL	APX_F_N3
9052	2641	153	145	93	1	0x0000000020000000	ROL	APX_F_N3
9053	2646	153	145	93	1	0x0000000020000000	ROL	APX_F_N3
9054	2646	153	145	93	1	0x0000000020000000	ROL	APX_F_N3
9055	2647	153	91	22	0	0x0000000000400000	ROL	APX_F
9056	2648	153	145	93	1	0x0000000020000000	ROL	APX_F_N3
9057	2671	153	91	22	0	0x0000000000400000	ROL	APX_F
9058	2672	153	145	93	1	0x0000000020000000	ROL	APX_F_N3
9059	2697	154	145	93	1	0x0000000020000000	ROR	APX_F_N3
9060	2697	154	145	93	1	0x0000000020000000	ROR	APX_F_N3
9061	2702	154	145	93	1	0x0000000020000000	ROR	APX_F_N3
9062	2702	154	145	93	1	0x0000000020000000	ROR	APX_F_N3
9063	2703	154	91	22	0	0x0000000000400000	ROR	APX_F
9064	2704	154	145	93	1	0x0000000020000000	ROR	APX_F_N3
9065	2727	154	91	22	0	0x0000000000400000	ROR	APX_F
9066	2728	154	145	93	1	0x0000000020000000	ROR	APX_F_N3
9067	2769	156	145	93	1	0x0000000020000000	SAR	APX_F_N3
9068	2769	156	145	93	1	0x0000000020000000	SAR	APX_F_N3
9069	2774	156	145	93	1	0x0000000020000000	SAR	APX_F_N3
9070	2774	156	145	93	1	0x0000000020000000	SAR	APX_F_N3
9071	2775	156	91	22	0	0x0000000000400000	SAR	APX_F
9072	2776	156	145	93	1	0x0000000020000000	SAR	APX_F_N3
9073	2799	156	91	22	0	0x0000000000400000	SAR	APX_F
9074	2800	156	145	93	1	0x0000000020000000	SAR	APX_F_N3
9075	3016	179	145	93	1	0x0000000020000000	SHL	APX_F_N3
9076	3016	179	145	93	1	0x0000000020000000	SHL	APX_F_N3
9077	3016	179	145	93	1	0x0000000020000000	SHL	APX_F_N3
9078	3016	179	145	93	1	0x0000000020000000	SHL	APX_F_N3
9079	3021	179	145	93	1	0x0000000020000000	SHL	APX_F_N3
9080	3021	179	145	93	1	0x0000000020000000	SHL	APX_F_N3
9081	3021	179	145	93	1	0x0000000020000000	SHL	APX_F_N3
9082	3021	179	145	93	1	0x0000000020000000	SHL	APX_F_N3
9083	3022	179	91	22	0	0x0000000000400000	SHL	APX_F
9084	3022	179	91	22	0	0x0000000000400000	SHL	APX_F
9085	3023	179	145	93	1	0x0000000020000000	SHL	APX_F_N3
9086	3023	179	145	93	1	0x0000000020000000	SHL	APX_F_N3
9087	3052	179	91	22	0	0x0000000000400000	SHL	APX_F
9088	3052	179	91	22	0	0x0000000000400000	SHL	APX_F
9089	3053	179	145	93	1	0x0000000020000000	SHL	APX_F_N3
9090	3053	179	145	93	1	0x0000000020000000	SHL	APX_F_N3
9091	3097	181	145	93	1	0x0000000020000000	SHR	APX_F_N3
9092	3097	181	145	93	1	0x0000000020000000	SHR	APX_F_N3
9093	3102	181	145	93	1	0x0000000020000000	SHR	APX_F_N3
9094	3102	181	145	93	1	0x0000000020000000	SHR	APX_F_N3
9095	3103	181	91	22	0	0x0000000000400000	SHR	APX_F
9096	3104	181	145	93	1	0x0000000020000000	SHR	APX_F_N3
9097	3127	181	91	22	0	0x0000000000400000	SHR	APX_F
9098	3128	181	145	93	1	0x0000000020000000	SHR	APX_F_N3
9099	2508	146	145	93	1	0x0000000020000000	RCL	APX_F_N3
9100	2508	146	145	93	1	0x0000000020000000	RCL	APX_F_N3
9101	2513	146	145	93	1	0x0000000020000000	RCL	APX_F_N3
9102	2513	146	145	93	1	0x0000000020000000	RCL	APX_F_N3
9103	2515	146	91	22	0	0x0000000000400000	RCL	APX_F
9104	2515	146	91	22	0	0x0000000000400000	RCL	APX_F
9105	2527	146	91	22	0	0x0000000000400000	RCL	APX_F
9106	2527	146	91	22	0	0x0000000000400000	RCL	APX_F
9107	2548	147	145	93	1	0x0000000020000000	RCR	APX_F_N3
9108	2548	147	145	93	1	0x0000000020000000	RCR	APX_F_N3
9109	2553	147	145	93	1	0x0000000020000000	RCR	APX_F_N3
9110	2553	147	145	93	1	0x0000000020000000	RCR	APX_F_N3
9111	2555	147	91	22	0	0x0000000000400000	RCR	APX_F
9112	2555	147	91	22	0	0x0000000000400000	RCR	APX_F
9113	2567	147	91	22	0	0x0000000000400000	RCR	APX_F
9114	2567	147	91	22	0	0x0000000000400000	RCR	APX_F
9115	2654	153	145	93	1	0x0000000020000000	ROL	APX_F_N3
9116	2654	153	145	93	1	0x0000000020000000	ROL	APX_F_N3
9117	2654	153	145	93	1	0x0000000020000000	ROL	APX_F_N3
9118	2654	153	145	93	1	0x0000000020000000	ROL	APX_F_N3
9119	2660	153	145	93	1	0x0000000020000000	ROL	APX_F_N3
9120	2660	153	145	93	1	0x0000000020000000	ROL	APX_F_N3
9121	2660	153	145	93	1	0x0000000020000000	ROL	APX_F_N3
9122	2660	153	145	93	1	0x0000000020000000	ROL	APX_F_N3
9123	2662	153	91	22	0	0x0000000000400000	ROL	APX_F
9124	2662	153	91	22	0	0x0000000000400000	ROL	APX_F
9125	2663	153	145	93	1	0x0000000020000000	ROL	APX_F_N3
9126	2663	153	145	93	1	0x0000000020000000	ROL	APX_F_N3
9127	2680	153	91	22	0	0x0000000000400000	ROL	APX_F
9128	2680	153	91	22	0	0x0000000000400000	ROL	APX_F
9129	2681	153	145	93	1	0x0000000020000000	ROL	APX_F_N3
9130	2681	153	145	93	1	0x0000000020000000	ROL	APX_F_N3
9131	2710	154	145	93	1	0x0000000020000000	ROR	APX_F_N3
9132	2710	154	145	93	1	0x0000000020000000	ROR	APX_F_N3
9133	2710	154	145	93	1	0x0000000020000000	ROR	APX_F_N3
9134	2710	154	145	93	1	0x0000000020000000	ROR	APX_F_N3
9135	2716	154	145	93	1	0x0000000020000000	ROR	APX_F_N3
9136	2716	154	145	93	1	0x0000000020000000	ROR	APX_F_N3
9137	2716	154	145	93	1	0x0000000020000000	ROR	APX_F_N3
9138	2716	154	145	93	1	0x0000000020000000	ROR	APX_F_N3
9139	2718	154	91	22	0	0x0000000000400000	ROR	APX_F
9140	2718	154	91	22	0	0x0000000000400000	ROR	APX_F
9141	2719	154	145	93	1	0x0000000020000000	ROR	APX_F_N3
9142	2719	154	145	93	1	0x0000000020000000	ROR	APX_F_N3
9143	2736	154	91	22	0	0x0000000000400000	ROR	APX_F
9144	2736	154	91	22	0	0x0000000000400000	ROR	APX_F
9145	2737	154	145	93	1	0x0000000020000000	ROR	APX_F_N3
9146	2737	154	145	93	1	0x0000000020000000	ROR	APX_F_N3
9147	2782	156	145	93	1	0x0000000020000000	SAR	APX_F_N3
9148	2782	156	145	93	1	0x0000000020000000	SAR	APX_F_N3
9149	2782	156	145	93	1	0x0000000020000000	SAR	APX_F_N3
9150	2782	156	145	93	1	0x0000000020000000	SAR	APX_F_N3
9151	2788	156	145	93	1	0x0000000020000000	SAR	APX_F_N3
9152	2788	156	145	93	1	0x0000000020000000	SAR	APX_F_N3
9153	2788	156	145	93	1	0x0000000020000000	SAR	APX_F_N3
9154	2788	156	145	93	1	0x0000000020000000	SAR	APX_F_N3
9155	2790	156	91	22	0	0x0000000000400000	SAR	APX_F
9156	2790	156	91	22	0	0x0000000000400000	SAR	APX_F
9157	2791	156	145	93	1	0x0000000020000000	SAR	APX_F_N3
9158	2791	156	145	93	1	0x0000000020000000	SAR	APX_F_N3
9159	2808	156	91	22	0	0x0000000000400000	SAR	APX_F
9160	2808	156	91	22	0	0x0000000000400000	SAR	APX_F
9161	2809	156	145	93	1	0x0000000020000000	SAR	APX_F_N3
9162	2809	156	145	93	1	0x0000000020000000	SAR	APX_F_N3
9163	3030	179	145	93	1	0x0000000020000000	SHL	APX_F_N3
9164	3030	179	145	93	1	0x0000000020000000	SHL	APX_F_N3
9165	3030	179	145	93	1	0x0000000020000000	SHL	APX_F_N3
9166	3030	179	145	93	1	0x0000000020000000	SHL	APX_F_N3
9167	3030	179	145	93	1	0x0000000020000000	SHL	APX_F_N3
9168	3030	179	145	93	1	0x0000000020000000	SHL	APX_F_N3
9169	3030	179	145	93	1	0x0000000020000000	SHL	APX_F_N3
9170	3030	179	145	93	1	0x0000000020000000	SHL	APX_F_N3
9171	3037	179	145	93	1	0x0000000020000000	SHL	APX_F_N3
9172	3037	179	145	93	1	0x0000000020000000	SHL	APX_F_N3
9173	3037	179	145	93	1	0x0000000020000000	SHL	APX_F_N3
9174	3037	179	145	93	1	0x0000000020000000	SHL	APX_F_N3
9175	3037	179	145	93	1	0x0000000020000000	SHL	APX_F_N3
9176	3037	179	145	93	1	0x0000000020000000	SHL	APX_F_N3
9177	3037	179	145	93	1	0x0000000020000000	SHL	APX_F_N3
9178	3037	179	145	93	1	0x0000000020000000	SHL	APX_F_N3
9179	3038	179	91	22	0	0x0000000000400000	SHL	APX_F
9180	3038	179	91	22	0	0x0000000000400000	SHL	APX_F
9181	3038	179	91	22	0	0x0000000000400000	SHL	APX_F
9182	3038	179	91	22	0	0x0000000000400000	SHL	APX_F
9183	3039	179	145	93	1	0x0000000020000000	SHL	APX_F_N3
9184	3039	179	145	93	1	0x0000000020000000	SHL	APX_F_N3
9185	3039	179	145	93	1	0x0000000020000000	SHL	APX_F_N3
9186	3039	179	145	93	1	0x0000000020000000	SHL	APX_F_N3
9187	3062	179	91	22	0	0x0000000000400000	SHL	APX_F
9188	3062	179	91	22	0	0x0000000000400000	SHL	APX_F
9189	3062	179	91	22	0	0x0000000000400000	SHL	APX_F
9190	3062	179	91	22	0	0x0000000000400000	SHL	APX_F
9191	3063	179	145	93	1	0x0000000020000000	SHL	APX_F_N3
9192	3063	179	145	93	1	0x0000000020000000	SHL	APX_F_N3
9193	3063	179	145	93	1	0x0000000020000000	SHL	APX_F_N3
9194	3063	179	145	93	1	0x0000000020000000	SHL	APX_F_N3
9195	3110	181	145	93	1	0x0000000020000000	SHR	APX_F_N3
9196	3110	181	145	93	1	0x0000000020000000	SHR	APX_F_N3
9197	3110	181	145	93	1	0x0000000020000000	SHR	APX_F_N3
9198	3110	181	145	93	1	0x0000000020000000	SHR	APX_F_N3
9199	3116	181	145	93	1	0x0000000020000000	SHR	APX_F_N3
9200	3116	181	145	93	1	0x0000000020000000	SHR	APX_F_N3
9201	3116	181	145	93	1	0x0000000020000000	SHR	APX_F_N3
9202	3116	181	145	93	1	0x0000000020000000	SHR	APX_F_N3
9203	3118	181	91	22	0	0x0000000000400000	SHR	APX_F
9204	3118	181	91	22	0	0x0000000000400000	SHR	APX_F
9205	3119	181	145	93	1	0x0000000020000000	SHR	APX_F_N3
9206	3119	181	145	93	1	0x0000000020000000	SHR	APX_F_N3
9207	3136	181	91	22	0	0x0000000000400000	SHR	APX_F
9208	3136	181	91	22	0	0x0000000000400000	SHR	APX_F
9209	3137	181	145	93	1	0x0000000020000000	SHR	APX_F_N3
9210	3137	181	145	93	1	0x0000000020000000	SHR	APX_F_N3
9211	2495	146	91	22	0	0x0000000000400000	RCL	APX_F
9212	2496	146	145	93	1	0x0000000020000000	RCL	APX_F_N3
9213	2500	146	145	93	1	0x0000000020000000	RCL	APX_F_N3
9214	2519	146	91	22	0	0x0000000000400000	RCL	APX_F
9215	2535	147	91	22	0	0x0000000000400000	RCR	APX_F
9216	2536	147	145	93	1	0x0000000020000000	RCR	APX_F_N3
9217	2540	147	145	93	1	0x0000000020000000	RCR	APX_F_N3
9218	2559	147	91	22	0	0x0000000000400000	RCR	APX_F
9219	2637	153	91	22	0	0x0000000000400000	ROL	APX_F
9220	2638	153	145	93	1	0x0000000020000000	ROL	APX_F_N3
9221	2639	153	145	93	1	0x0000000020000000	ROL	APX_F_N3
9222	2639	153	145	93	1	0x0000000020000000	ROL	APX_F_N3
9223	2644	153	145	93	1	0x0000000020000000	ROL	APX_F_N3
9224	2644	153	145	93	1	0x0000000020000000	ROL	APX_F_N3
9225	2667	153	91	22	0	0x0000000000400000	ROL	APX_F
9226	2668	153	145	93	1	0x0000000020000000	ROL	APX_F_N3
9227	2693	154	91	22	0	0x0000000000400000	ROR	APX_F
9228	2694	154	145	93	1	0x0000000020000000	ROR	APX_F_N3
9229	2695	154	145	93	1	0x0000000020000000	ROR	APX_F_N3
9230	2695	154	145	93	1	0x0000000020000000	ROR	APX_F_N3
9231	2700	154	145	93	1	0x0000000020000000	ROR	APX_F_N3
9232	2700	154	145	93	1	0x0000000020000000	ROR	APX_F_N3
9233	2723	154	91	22	0	0x0000000000400000	ROR	APX_F
9234	2724	154	145	93	1	0x0000000020000000	ROR	APX_F_N3
9235	2765	156	91	22	0	0x0000000000400000	SAR	APX_F
9236	2766	156	145	93	1	0x0000000020000000	SAR	APX_F_N3
9237	2767	156	145	93	1	0x0000000020000000	SAR	APX_F_N3
9238	2767	156	145	93	1	0x0000000020000000	SAR	APX_F_N3
9239	2772	156	145	93	1	0x0000000020000000	SAR	APX_F_N3
9240	2772	156	145	93	1	0x0000000020000000	SAR	APX_F_N3
9241	2795	156	91	22	0	0x0000000000400000	SAR	APX_F
9242	2796	156	145	93	1	0x0000000020000000	SAR	APX_F_N3
9243	3012	179	91	22	0	0x0000000000400000	SHL	APX_F
9244	3012	179	91	22	0	0x0000000000400000	SHL	APX_F
9245	3013	179	145	93	1	0x0000000020000000	SHL	APX_F_N3
9246	3013	179	145	93	1	0x0000000020000000	SHL	APX_F_N3
9247	3014	179	145	93	1	0x0000000020000000	SHL	APX_F_N3
9248	3014	179	145	93	1	0x0000000020000000	SHL	APX_F_N3
9249	3014	179	145	93	1	0x0000000020000000	SHL	APX_F_N3
9250	3014	179	145	93	1	0x0000000020000000	SHL	APX_F_N3
9251	3019	179	145	93	1	0x0000000020000000	SHL	APX_F_N3
9252	3019	179	145	93	1	0x0000000020000000	SHL	APX_F_N3
9253	3019	179	145	93	1	0x0000000020000000	SHL	APX_F_N3
9254	3019	179	145	93	1	0x0000000020000000	SHL	APX_F_N3
9255	3048	179	91	22	0	0x0000000000400000	SHL	APX_F
9256	3048	179	91	22	0	0x0000000000400000	SHL	APX_F
9257	3049	179	145	93	1	0x0000000020000000	SHL	APX_F_N3
9258	3049	179	145	93	1	0x0000000020000000	SHL	APX_F_N3
9259	3093	181	91	22	0	0x0000000000400000	SHR	APX_F
9260	3094	181	145	93	1	0x0000000020000000	SHR	APX_F_N3
9261	3095	181	145	93	1	0x0000000020000000	SHR	APX_F_N3
9262	3095	181	145	93	1	0x0000000020000000	SHR	APX_F_N3
9263	3100	181	145	93	1	0x0000000020000000	SHR	APX_F_N3
9264	3100	181	145	93	1	0x0000000020000000	SHR	APX_F_N3
9265	3123	181	91	22	0	0x0000000000400000	SHR	APX_F
9266	3124	181	145	93	1	0x0000000020000000	SHR	APX_F_N3
9267	2505	146	91	22	0	0x0000000000400000	RCL	APX_F
9268	2505	146	91	22	0	0x0000000000400000	RCL	APX_F
9269	2506	146	145	93	1	0x0000000020000000	RCL	APX_F_N3
9270	2506	146	145	93	1	0x0000000020000000	RCL	APX_F_N3
9271	2511	146	145	93	1	0x0000000020000000	RCL	APX_F_N3
9272	2511	146	145	93	1	0x0000000020000000	RCL	APX_F_N3
9273	2523	146	91	22	0	0x0000000000400000	RCL	APX_F
9274	2523	146	91	22	0	0x0000000000400000	RCL	APX_F
9275	2545	147	91	22	0	0x0000000000400000	RCR	APX_F
9276	2545	147	91	22	0	0x0000000000400000	RCR	APX_F
9277	2546	147	145	93	1	0x0000000020000000	RCR	APX_F_N3
9278	2546	147	145	93	1	0x0000000020000000	RCR	APX_F_N3
9279	2551	147	145	93	1	0x0000000020000000	RCR	APX_F_N3
9280	2551	147	145	93	1	0x0000000020000000	RCR	APX_F_N3
9281	2563	147	91	22	0	0x0000000000400000	RCR	APX_F
9282	2563	147	91	22	0	0x0000000000400000	RCR	APX_F
9283	2650	153	91	22	0	0x0000000000400000	ROL	APX_F
9284	2650	153	91	22	0	0x0000000000400000	ROL	APX_F
9285	2651	153	145	93	1	0x0000000020000000	ROL	APX_F_N3
9286	2651	153	145	93	1	0x0000000020000000	ROL	APX_F_N3
9287	2652	153	145	93	1	0x0000000020000000	ROL	APX_F_N3
9288	2652	153	145	93	1	0x0000000020000000	ROL	APX_F_N3
9289	2652	153	145	93	1	0x0000000020000000	ROL	APX_F_N3
9290	2652	153	145	93	1	0x0000000020000000	ROL	APX_F_N3
9291	2658	153	145	93	1	0x0000000020000000	ROL	APX_F_N3
9292	2658	153	145	93	1	0x0000000020000000	ROL	APX_F_N3
9293	2658	153	145	93	1	0x0000000020000000	ROL	APX_F_N3
9294	2658	153	145	93	1	0x0000000020000000	ROL	APX_F_N3
9295	2674	153	91	22	0	0x0000000000400000	ROL	APX_F
9296	2674	153	91	22	0	0x0000000000400000	ROL	APX_F
9297	2675	153	145	93	1	0x0000000020000000	ROL	APX_F_N3
9298	2675	153	145	93	1	0x0000000020000000	ROL	APX_F_N3
9299	2706	154	91	22	0	0x0000000000400000	ROR	APX_F
9300	2706	154	91	22	0	0x0000000000400000	ROR	APX_F
9301	2707	154	145	93	1	0x0000000020000000	ROR	APX_F_N3
9302	2707	154	145	93	1	0x0000000020000000	ROR	APX_F_N3
9303	2708	154	145	93	1	0x0000000020000000	ROR	APX_F_N3
9304	2708	154	145	93	1	0x0000000020000000	ROR	APX_F_N3
9305	2708	154	145	93	1	0x0000000020000000	ROR	APX_F_N3
9306	2708	154	145	93	1	0x0000000020000000	ROR	APX_F_N3
9307	2714	154	145	93	1	0x0000000020000000	ROR	APX_F_N3
9308	2714	154	145	93	1	0x0000000020000000	ROR	APX_F_N3
9309	2714	154	145	93	1	0x0000000020000000	ROR	APX_F_N3
9310	2714	154	145	93	1	0x0000000020000000	ROR	APX_F_N3
9311	2730	154	91	22	0	0x0000000000400000	ROR	APX_F
9312	2730	154	91	22	0	0x0000000000400000	ROR	APX_F
9313	2731	154	145	93	1	0x0000000020000000	ROR	APX_F_N3
9314	2731	154	145	93	1	0x0000000020000000	ROR	APX_F_N3
9315	2778	156	91	22	0	0x0000000000400000	SAR	APX_F
9316	2778	156	91	22	0	0x0000000000400000	SAR	APX_F
9317	2779	156	145	93	1	0x0000000020000000	SAR	APX_F_N3
9318	2779	156	145	93	1	0x0000000020000000	SAR	APX_F_N3
9319	2780	156	145	93	1	0x0000000020000000	SAR	APX_F_N3
9320	2780	156	145	93	1	0x0000000020000000	SAR	APX_F_N3
9321	2780	156	145	93	1	0x0000000020000000	SAR	APX_F_N3
9322	2780	156	145	93	1	0x0000000020000000	SAR	APX_F_N3
9323	2786	156	145	93	1	0x0000000020000000	SAR	APX_F_N3
9324	2786	156	145	93	1	0x0000000020000000	SAR	APX_F_N3
9325	2786	156	145	93	1	0x0000000020000000	SAR	APX_F_N3
9326	2786	156	145	93	1	0x0000000020000000	SAR	APX_F_N3
9327	2802	156	91	22	0	0x0000000000400000	SAR	APX_F
9328	2802	156	91	22	0	0x0000000000400000	SAR	APX_F
9329	2803	156	145	93	1	0x0000000020000000	SAR	APX_F_N3
9330	2803	156	145	93	1	0x0000000020000000	SAR	APX_F_N3
9331	3024	179	91	22	0	0x0000000000400000	SHL	APX_F
9332	3024	179	91	22	0	0x0000000000400000	SHL	APX_F
9333	3024	179	91	22	0	0x0000000000400000	SHL	APX_F
9334	3024	179	91	22	0	0x0000000000400000	SHL	APX_F
9335	3025	179	145	93	1	0x0000000020000000	SHL	APX_F_N3
9336	3025	179	145	93	1	0x0000000020000000	SHL	APX_F_N3
9337	3025	179	145	93	1	0x0000000020000000	SHL	APX_F_N3
9338	3025	179	145	93	1	0x0000000020000000	SHL	APX_F_N3
9339	3028	179	145	93	1	0x0000000020000000	SHL	APX_F_N3
9340	3028	179	145	93	1	0x0000000020000000	SHL	APX_F_N3
9341	3028	179	145	93	1	0x0000000020000000	SHL	APX_F_N3
9342	3028	179	145	93	1	0x0000000020000000	SHL	APX_F_N3
9343	3028	179	145	93	1	0x0000000020000000	SHL	APX_F_N3
9344	3028	179	145	93	1	0x0000000020000000	SHL	APX_F_N3
9345	3028	179	145	93	1	0x0000000020000000	SHL	APX_F_N3
9346	3028	179	145	93	1	0x0000000020000000	SHL	APX_F_N3
9347	3035	179	145	93	1	0x0000000020000000	SHL	APX_F_N3
9348	3035	179	145	93	1	0x0000000020000000	SHL	APX_F_N3
9349	3035	179	145	93	1	0x0000000020000000	SHL	APX_F_N3
9350	3035	179	145	93	1	0x0000000020000000	SHL	APX_F_N3
9351	3035	179	145	93	1	0x0000000020000000	SHL	APX_F_N3
9352	3035	179	145	93	1	0x0000000020000000	SHL	APX_F_N3
9353	3035	179	145	93	1	0x0000000020000000	SHL	APX_F_N3
9354	3035	179	145	93	1	0x0000000020000000	SHL	APX_F_N3
9355	3054	179	91	22	0	0x0000000000400000	SHL	APX_F
9356	3054	179	91	22	0	0x0000000000400000	SHL	APX_F
9357	3054	179	91	22	0	0x0000000000400000	SHL	APX_F
9358	3054	179	91	22	0	0x0000000000400000	SHL	APX_F
9359	3055	179	145	93	1	0x0000000020000000	SHL	APX_F_N3
9360	3055	179	145	93	1	0x0000000020000000	SHL	APX_F_N3
9361	3055	179	145	93	1	0x0000000020000000	SHL	APX_F_N3
9362	3055	179	145	93	1	0x0000000020000000	SHL	APX_F_N3
9363	3106	181	91	22	0	0x0000000000400000	SHR	APX_F
9364	3106	181	91	22	0	0x0000000000400000	SHR	APX_F
9365	3107	181	145	93	1	0x0000000020000000	SHR	APX_F_N3
9366	3107	181	145	93	1	0x0000000020000000	SHR	APX_F_N3
9367	3108	181	145	93	1	0x0000000020000000	SHR	APX_F_N3
9368	3108	181	145	93	1	0x0000000020000000	SHR	APX_F_N3
9369	3108	181	145	93	1	0x0000000020000000	SHR	APX_F_N3
9370	3108	181	145	93	1	0x0000000020000000	SHR	APX_F_N3
9371	3114	181	145	93	1	0x0000000020000000	SHR	APX_F_N3
9372	3114	181	145	93	1	0x0000000020000000	SHR	APX_F_N3
9373	3114	181	145	93	1	0x0000000020000000	SHR	APX_F_N3
9374	3114	181	145	93	1	0x0000000020000000	SHR	APX_F_N3
9375	3130	181	91	22	0	0x0000000000400000	SHR	APX_F
9376	3130	181	91	22	0	0x0000000000400000	SHR	APX_F
9377	3131	181	145	93	1	0x0000000020000000	SHR	APX_F_N3
9378	3131	181	145	93	1	0x0000000020000000	SHR	APX_F_N3
9379	895	507	91	22	0	0x0000000000400000	CRC32	APX_F
9380	897	507	91	22	0	0x0000000000400000	CRC32	APX_F
9381	1408	216	150	98	1	0x0000000400000000	INVEPT	APX_F_VMX
9382	896	507	91	22	0	0x0000000000400000	CRC32	APX_F
9383	896	507	91	22	0	0x0000000000400000	CRC32	APX_F
9384	898	507	91	22	0	0x0000000000400000	CRC32	APX_F
9385	898	507	91	22	0	0x0000000000400000	CRC32	APX_F
9386	1417	218	150	98	1	0x0000000400000000	INVVPID	APX_F_VMX
9387	1414	1160	133	81	1	0x0000000000020000	INVPCID	APX_F_INVPCID
9388	3322	200	126	74	1	0x0000000000000400	TZCNT	APX_F_BMI1
9389	3322	200	126	74	1	0x0000000000000400	TZCNT	APX_F_BMI1
9390	3323	200	127	75	1	0x0000000000000800	TZCNT	APX_F_BMI1_N3
9391	3323	200	127	75	1	0x0000000000000800	TZCNT	APX_F_BMI1_N3
9392	3325	200	126	74	1	0x0000000000000400	TZCNT	APX_F_BMI1
9393	3325	200	126	74	1	0x0000000000000400	TZCNT	APX_F_BMI1
9394	3326	200	127	75	1	0x0000000000000800	TZCNT	APX_F_BMI1_N3
9395	3326	200	127	75	1	0x0000000000000800	TZCNT	APX_F_BMI1_N3
9396	1614	117	138	86	1	0x0000000000400000	LZCNT	APX_F_LZCNT
9397	1614	117	138	86	1	0x0000000000400000	LZCNT	APX_F_LZCNT
9398	1615	117	139	87	1	0x0000000000800000	LZCNT	APX_F_LZCNT_N3
9399	1615	117	139	87	1	0x0000000000800000	LZCNT	APX_F_LZCNT_N3
9400	1617	117	138	86	1	0x0000000000400000	LZCNT	APX_F_LZCNT
9401	1617	117	138	86	1	0x0000000000400000	LZCNT	APX_F_LZCNT
9402	1618	117	139	87	1	0x0000000000800000	LZCNT	APX_F_LZCNT_N3
9403	1618	117	139	87	1	0x0000000000800000	LZCNT	APX_F_LZCNT_N3
9404	912	1291	145	93	1	0x0000000020000000	CTESTB	APX_F_N3
9405	912	1291	145	93	1	0x0000000020000000	CTESTB	APX_F_N3
9406	916	1291	145	93	1	0x0000000020000000	CTESTB	APX_F_N3
9407	916	1291	145	93	1	0x0000000020000000	CTESTB	APX_F_N3
9408	904	1292	145	93	1	0x0000000020000000	CTESTBE	APX_F_N3
9409	904	1292	145	93	1	0x0000000020000000	CTESTBE	APX_F_N3
9410	908	1292	145	93	1	0x0000000020000000	CTESTBE	APX_F_N3
9411	908	1292	145	93	1	0x0000000020000000	CTESTBE	APX_F_N3
9412	920	1293	145	93	1	0x0000000020000000	CTESTF	APX_F_N3
9413	920	1293	145	93	1	0x0000000020000000	CTESTF	APX_F_N3
9414	924	1293	145	93	1	0x0000000020000000	CTESTF	APX_F_N3
9415	924	1293	145	93	1	0x0000000020000000	CTESTF	APX_F_N3
9416	936	1294	145	93	1	0x0000000020000000	CTESTL	APX_F_N3
9417	936	1294	145	93	1	0x0000000020000000	CTESTL	APX_F_N3
9418	940	1294	145	93	1	0x0000000020000000	CTESTL	APX_F_N3
9419	940	1294	145	93	1	0x0000000020000000	CTESTL	APX_F_N3
9420	928	1295	145	93	1	0x0000000020000000	CTESTLE	APX_F_N3
9421	928	1295	145	93	1	0x0000000020000000	CTESTLE	APX_F_N3
9422	932	1295	145	93	1	0x0000000020000000	CTESTLE	APX_F_N3
9423	932	1295	145	93	1	0x0000000020000000	CTESTLE	APX_F_N3
9424	952	1296	145	93	1	0x0000000020000000	CTESTNB	APX_F_N3
9425	952	1296	145	93	1	0x0000000020000000	CTESTNB	APX_F_N3
9426	956	1296	145	93	1	0x0000000020000000	CTESTNB	APX_F_N3
9427	956	1296	145	93	1	0x0000000020000000	CTESTNB	APX_F_N3
9428	944	1297	145	93	1	0x0000000020000000	CTESTNBE	APX_F_N3
9429	944	1297	145	93	1	0x0000000020000000	CTESTNBE	APX_F_N3
9430	948	1297	145	93	1	0x0000000020000000	CTESTNBE	APX_F_N3
9431	948	1297	145	93	1	0x0000000020000000	CTESTNBE	APX_F_N3
9432	968	1298	145	93	1	0x0000000020000000	CTESTNL	APX_F_N3
9433	968	1298	145	93	1	0x0000000020000000	CTESTNL	APX_F_N3
9434	972	1298	145	93	1	0x0000000020000000	CTESTNL	APX_F_N3
9435	972	1298	145	93	1	0x0000000020000000	CTESTNL	APX_F_N3
9436	960	1299	145	93	1	0x0000000020000000	CTESTNLE	APX_F_N3
9437	960	1299	145	93	1	0x0000000020000000	CTESTNLE	APX_F_N3
9438	964	1299	145	93	1	0x0000000020000000	CTESTNLE	APX_F_N3
9439	964	1299	145	93	1	0x0000000020000000	CTESTNLE	APX_F_N3
9440	976	1300	145	93	1	0x0000000020000000	CTESTNO	APX_F_N3
9441	976	1300	145	93	1	0x0000000020000000	CTESTNO	APX_F_N3
9442	980	1300	145	93	1	0x0000000020000000	CTESTNO	APX_F_N3
9443	980	1300	145	93	1	0x0000000020000000	CTESTNO	APX_F_N3
9444	984	1301	145	93	1	0x0000000020000000	CTESTNS	APX_F_N3
9445	984	1301	145	93	1	0x0000000020000000	CTESTNS	APX_F_N3
9446	988	1301	145	93	1	0x0000000020000000	CTESTNS	APX_F_N3
9447	988	1301	145	93	1	0x0000000020000000	CTESTNS	APX_F_N3
9448	992	1302	145	93	1	0x0000000020000000	CTESTNZ	APX_F_N3
9449	992	1302	145	93	1	0x0000000020000000	CTESTNZ	APX_F_N3
9450	996	1302	145	93	1	0x0000000020000000	CTESTNZ	APX_F_N3
9451	996	1302	145	93	1	0x0000000020000000	CTESTNZ	APX_F_N3
9452	1000	1303	145	93	1	0x0000000020000000	CTESTO	APX_F_N3
9453	1000	1303	145	93	1	0x0000000020000000	CTESTO	APX_F_N3
9454	1004	1303	145	93	1	0x0000000020000000	CTESTO	APX_F_N3
9455	1004	1303	145	93	1	0x0000000020000000	CTESTO	APX_F_N3
9456	1008	1304	145	93	1	0x0000000020000000	CTESTS	APX_F_N3
9457	1008	1304	145	93	1	0x0000000020000000	CTESTS	APX_F_N3
9458	1012	1304	145	93	1	0x0000000020000000	CTESTS	APX_F_N3
9459	1012	1304	145	93	1	0x0000000020000000	CTESTS	APX_F_N3
9460	1016	1305	145	93	1	0x0000000020000000	CTESTT	APX_F_N3
9461	1016	1305	145	93	1	0x0000000020000000	CTESTT	APX_F_N3
9462	1020	1305	145	93	1	0x0000000020000000	CTESTT	APX_F_N3
9463	1020	1305	145	93	1	0x0000000020000000	CTESTT	APX_F_N3
9464	1024	1306	145	93	1	0x0000000020000000	CTESTZ	APX_F_N3
9465	1024	1306	145	93	1	0x0000000020000000	CTESTZ	APX_F_N3
9466	1028	1306	145	93	1	0x0000000020000000	CTESTZ	APX_F_N3
9467	1028	1306	145	93	1	0x0000000020000000	CTESTZ	APX_F_N3
9468	1119	54	91	22	0	0x0000000000400000	DIV	APX_F
9469	1120	54	145	93	1	0x0000000020000000	DIV	APX_F_N3
9470	1125	54	91	22	0	0x0000000000400000	DIV	APX_F
9471	1126	54	145	93	1	0x0000000020000000	DIV	APX_F_N3
9472	1326	61	91	22	0	0x0000000000400000	IDIV	APX_F
9473	1327	61	145	93	1	0x0000000020000000	IDIV	APX_F_N3
9474	1332	61	91	22	0	0x0000000000400000	IDIV	APX_F
9475	1333	61	145	93	1	0x0000000020000000	IDIV	APX_F_N3
9476	1338	62	91	22	0	0x0000000000400000	IMUL	APX_F
9477	1339	62	145	93	1	0x0000000020000000	IMUL	APX_F_N3
9478	1368	62	91	22	0	0x0000000000400000	IMUL	APX_F
9479	1369	62	145	93	1	0x0000000020000000	IMUL	APX_F_N3
9480	1810	127	91	22	0	0x0000000000400000	MUL	APX_F
9481	1811	127	145	93	1	0x0000000020000000	MUL	APX_F_N3
9482	1816	127	91	22	0	0x0000000000400000	MUL	APX_F
9483	1817	127	145	93	1	0x0000000020000000	MUL	APX_F_N3
9484	1824	128	91	22	0	0x0000000000400000	NEG	APX_F
9485	1825	128	145	93	1	0x0000000020000000	NEG	APX_F_N3
9486	1826	128	145	93	1	0x0000000020000000	NEG	APX_F_N3
9487	1826	128	145	93	1	0x0000000020000000	NEG	APX_F_N3
9488	1827	128	145	93	1	0x0000000020000000	NEG	APX_F_N3
9489	1827	128	145	93	1	0x0000000020000000	NEG	APX_F_N3
9490	1836	128	91	22	0	0x0000000000400000	NEG	APX_F
9491	1837	128	145	93	1	0x0000000020000000	NEG	APX_F_N3
9492	1870	130	91	22	0	0x0000000000400000	NOT	APX_F
9493	1871	130	145	93	1	0x0000000020000000	NOT	APX_F_N3
9494	1872	130	145	93	1	0x0000000020000000	NOT	APX_F_N3
9495	1880	130	91	22	0	0x0000000000400000	NOT	APX_F
9496	914	1291	145	93	1	0x0000000020000000	CTESTB	APX_F_N3
9497	914	1291	145	93	1	0x0000000020000000	CTESTB	APX_F_N3
9498	914	1291	145	93	1	0x0000000020000000	CTESTB	APX_F_N3
9499	914	1291	145	93	1	0x0000000020000000	CTESTB	APX_F_N3
9500	918	1291	145	93	1	0x0000000020000000	CTESTB	APX_F_N3
9501	918	1291	145	93	1	0x0000000020000000	CTESTB	APX_F_N3
9502	918	1291	145	93	1	0x0000000020000000	CTESTB	APX_F_N3
9503	918	1291	145	93	1	0x0000000020000000	CTESTB	APX_F_N3
9504	906	1292	145	93	1	0x0000000020000000	CTESTBE	APX_F_N3
9505	906	1292	145	93	1	0x0000000020000000	CTESTBE	APX_F_N3
9506	906	1292	145	93	1	0x0000000020000000	CTESTBE	APX_F_N3
9507	906	1292	145	93	1	0x0000000020000000	CTESTBE	APX_F_N3
9508	910	1292	145	93	1	0x0000000020000000	CTESTBE	APX_F_N3
9509	910	1292	145	93	1	0x0000000020000000	CTESTBE	APX_F_N3
9510	910	1292	145	93	1	0x0000000020000000	CTESTBE	APX_F_N3
9511	910	1292	145	93	1	0x0000000020000000	CTESTBE	APX_F_N3
9512	922	1293	145	93	1	0x0000000020000000	CTESTF	APX_F_N3
9513	922	1293	145	93	1	0x0000000020000000	CTESTF	APX_F_N3
9514	922	1293	145	93	1	0x0000000020000000	CTESTF	APX_F_N3
9515	922	1293	145	93	1	0x0000000020000000	CTESTF	APX_F_N3
9516	926	1293	145	93	1	0x0000000020000000	CTESTF	APX_F_N3
9517	926	1293	145	93	1	0x0000000020000000	CTESTF	APX_F_N3
9518	926	1293	145	93	1	0x0000000020000000	CTESTF	APX_F_N3
9519	926	1293	145	93	1	0x0000000020000000	CTESTF	APX_F_N3
9520	938	1294	145	93	1	0x0000000020000000	CTESTL	APX_F_N3
9521	938	1294	145	93	1	0x0000000020000000	CTESTL	APX_F_N3
9522	938	1294	145	93	1	0x0000000020000000	CTESTL	APX_F_N3
9523	938	1294	145	93	1	0x0000000020000000	CTESTL	APX_F_N3
9524	942	1294	145	93	1	0x0000000020000000	CTESTL	APX_F_N3
9525	942	1294	145	93	1	0x0000000020000000	CTESTL	APX_F_N3
9526	942	1294	145	93	1	0x0000000020000000	CTESTL	APX_F_N3
9527	942	1294	145	93	1	0x0000000020000000	CTESTL	APX_F_N3
9528	930	1295	145	93	1	0x0000000020000000	CTESTLE	APX_F_N3
9529	930	1295	145	93	1	0x0000000020000000	CTESTLE	APX_F_N3
9530	930	1295	145	93	1	0x0000000020000000	CTESTLE	APX_F_N3
9531	930	1295	145	93	1	0x0000000020000000	CTESTLE	APX_F_N3
9532	934	1295	145	93	1	0x0000000020000000	CTESTLE	APX_F_N3
9533	934	1295	145	93	1	0x0000000020000000	CTESTLE	APX_F_N3
9534	934	1295	145	93	1	0x0000000020000000	CTESTLE	APX_F_N3
9535	934	1295	145	93	1	0x0000000020000000	CTESTLE	APX_F_N3
9536	954	1296	145	93	1	0x0000000020000000	CTESTNB	APX_F_N3
9537	954	1296	145	93	1	0x0000000020000000	CTESTNB	APX_F_N3
9538	954	1296	145	93	1	0x0000000020000000	CTESTNB	APX_F_N3
9539	954	1296	145	93	1	0x0000000020000000	CTESTNB	APX_F_N3
9540	958	1296	145	93	1	0x0000000020000000	CTESTNB	APX_F_N3
9541	958	1296	145	93	1	0x0000000020000000	CTESTNB	APX_F_N3
9542	958	1296	145	93	1	0x0000000020000000	CTESTNB	APX_F_N3
9543	958	1296	145	93	1	0x0000000020000000	CTESTNB	APX_F_N3
9544	946	1297	145	93	1	0x0000000020000000	CTESTNBE	APX_F_N3
9545	946	1297	145	93	1	0x0000000020000000	CTESTNBE	APX_F_N3
9546	946	1297	145	93	1	0x0000000020000000	CTESTNBE	APX_F_N3
9547	946	1297	145	93	1	0x0000000020000000	CTESTNBE	APX_F_N3
9548	950	1297	145	93	1	0x0000000020000000	CTESTNBE	APX_F_N3
9549	950	1297	145	93	1	0x0000000020000000	CTESTNBE	APX_F_N3
9550	950	1297	145	93	1	0x0000000020000000	CTESTNBE	APX_F_N3
9551	950	1297	145	93	1	0x0000000020000000	CTESTNBE	APX_F_N3
9552	970	1298	145	93	1	0x0000000020000000	CTESTNL	APX_F_N3
9553	970	1298	145	93	1	0x0000000020000000	CTESTNL	APX_F_N3
9554	970	1298	145	93	1	0x0000000020000000	CTESTNL	APX_F_N3
9555	970	1298	145	93	1	0x0000000020000000	CTESTNL	APX_F_N3
9556	974	1298	145	93	1	0x0000000020000000	CTESTNL	APX_F_N3
9557	974	1298	145	93	1	0x0000000020000000	CTESTNL	APX_F_N3
9558	974	1298	145	93	1	0x0000000020000000	CTESTNL	APX_F_N3
9559	974	1298	145	93	1	0x0000000020000000	CTESTNL	APX_F_N3
9560	962	1299	145	93	1	0x0000000020000000	CTESTNLE	APX_F_N3
9561	962	1299	145	93	1	0x0000000020000000	CTESTNLE	APX_F_N3
9562	962	1299	145	93	1	0x0000000020000000	CTESTNLE	APX_F_N3
9563	962	1299	145	93	1	0x0000000020000000	CTESTNLE	APX_F_N3
9564	966	1299	145	93	1	0x0000000020000000	CTESTNLE	APX_F_N3
9565	966	1299	145	93	1	0x0000000020000000	CTESTNLE	APX_F_N3
9566	966	1299	145	93	1	0x0000000020000000	CTESTNLE	APX_F_N3
9567	966	1299	145	93	1	0x0000000020000000	CTESTNLE	APX_F_N3
9568	978	1300	145	93	1	0x0000000020000000	CTESTNO	APX_F_N3
9569	978	1300	145	93	1	0x0000000020000000	CTESTNO	APX_F_N3
9570	978	1300	145	93	1	0x0000000020000000	CTESTNO	APX_F_N3
9571	978	1300	145	93	1	0x0000000020000000	CTESTNO	APX_F_N3
9572	982	1300	145	93	1	0x0000000020000000	CTESTNO	APX_F_N3
9573	982	1300	145	93	1	0x0000000020000000	CTESTNO	APX_F_N3
9574	982	1300	145	93	1	0x0000000020000000	CTESTNO	APX_F_N3
9575	982	1300	145	93	1	0x0000000020000000	CTESTNO	APX_F_N3
9576	986	1301	145	93	1	0x0000000020000000	CTESTNS	APX_F_N3
9577	986	1301	145	93	1	0x0000000020000000	CTESTNS	APX_F_N3
9578	986	1301	145	93	1	0x0000000020000000	CTESTNS	APX_F_N3
9579	986	1301	145	93	1	0x0000000020000000	CTESTNS	APX_F_N3
9580	990	1301	145	93	1	0x0000000020000000	CTESTNS	APX_F_N3
9581	990	1301	145	93	1	0x0000000020000000	CTESTNS	APX_F_N3
9582	990	1301	145	93	1	0x0000000020000000	CTESTNS	APX_F_N3
9583	990	1301	145	93	1	0x0000000020000000	CTESTNS	APX_F_N3
9584	994	1302	145	93	1	0x0000000020000000	CTESTNZ	APX_F_N3
9585	994	1302	145	93	1	0x0000000020000000	CTESTNZ	APX_F_N3
9586	994	1302	145	93	1	0x0000000020000000	CTESTNZ	APX_F_N3
9587	994	1302	145	93	1	0x0000000020000000	CTESTNZ	APX_F_N3
9588	998	1302	145	93	1	0x0000000020000000	CTESTNZ	APX_F_N3
9589	998	1302	145	93	1	0x0000000020000000	CTESTNZ	APX_F_N3
9590	998	1302	145	93	1	0x0000000020000000	CTESTNZ	APX_F_N3
9591	998	1302	145	93	1	0x0000000020000000	CTESTNZ	APX_F_N3
9592	1002	1303	145	93	1	0x0000000020000000	CTESTO	APX_F_N3
9593	1002	1303	145	93	1	0x0000000020000000	CTESTO	APX_F_N3
9594	1002	1303	145	93	1	0x0000000020000000	CTESTO	APX_F_N3
9595	1002	1303	145	93	1	0x0000000020000000	CTESTO	APX_F_N3
9596	1006	1303	145	93	1	0x0000000020000000	CTESTO	APX_F_N3
9597	1006	1303	145	93	1	0x0000000020000000	CTESTO	APX_F_N3
9598	1006	1303	145	93	1	0x0000000020000000	CTESTO	APX_F_N3
9599	1006	1303	145	93	1	0x0000000020000000	CTESTO	APX_F_N3
9600	1010	1304	145	93	1	0x0000000020000000	CTESTS	APX_F_N3
9601	1010	1304	145	93	1	0x0000000020000000	CTESTS	APX_F_N3
9602	1010	1304	145	93	1	0x0000000020000000	CTESTS	APX_F_N3
9603	1010	1304	145	93	1	0x0000000020000000	CTESTS	APX_F_N3
9604	1014	1304	145	93	1	0x0000000020000000	CTESTS	APX_F_N3
9605	1014	1304	145	93	1	0x0000000020000000	CTESTS	APX_F_N3
9606	1014	1304	145	93	1	0x0000000020000000	CTESTS	APX_F_N3
9607	1014	1304	145	93	1	0x0000000020000000	CTESTS	APX_F_N3
9608	1018	1305	145	93	1	0x0000000020000000	CTESTT	APX_F_N3
9609	1018	1305	145	93	1	0x0000000020000000	CTESTT	APX_F_N3
9610	1018	1305	145	93	1	0x0000000020000000	CTESTT	APX_F_N3
9611	1018	1305	145	93	1	0x0000000020000000	CTESTT	APX_F_N3
9612	1022	1305	145	93	1	0x0000000020000000	CTESTT	APX_F_N3
9613	1022	1305	145	93	1	0x0000000020000000	CTESTT	APX_F_N3
9614	1022	1305	145	93	1	0x0000000020000000	CTESTT	APX_F_N3
9615	1022	1305	145	93	1	0x0000000020000000	CTESTT	APX_F_N3
9616	1026	1306	145	93	1	0x0000000020000000	CTESTZ	APX_F_N3
9617	1026	1306	145	93	1	0x0000000020000000	CTESTZ	APX_F_N3
9618	1026	1306	145	93	1	0x0000000020000000	CTESTZ	APX_F_N3
9619	1026	1306	145	93	1	0x0000000020000000	CTESTZ	APX_F_N3
9620	1030	1306	145	93	1	0x0000000020000000	CTESTZ	APX_F_N3
9621	1030	1306	145	93	1	0x0000000020000000	CTESTZ	APX_F_N3
9622	1030	1306	145	93	1	0x0000000020000000	CTESTZ	APX_F_N3
9623	1030	1306	145	93	1	0x0000000020000000	CTESTZ	APX_F_N3
9624	1122	54	91	22	0	0x0000000000400000	DIV	APX_F
9625	1122	54	91	22	0	0x0000000000400000	DIV	APX_F
9626	1123	54	145	93	1	0x0000000020000000	DIV	APX_F_N3
9627	1123	54	145	93	1	0x0000000020000000	DIV	APX_F_N3
9628	1128	54	91	22	0	0x0000000000400000	DIV	APX_F
9629	1128	54	91	22	0	0x0000000000400000	DIV	APX_F
9630	1129	54	145	93	1	0x0000000020000000	DIV	APX_F_N3
9631	1129	54	145	93	1	0x0000000020000000	DIV	APX_F_N3
9632	1329	61	91	22	0	0x0000000000400000	IDIV	APX_F
9633	1329	61	91	22	0	0x0000000000400000	IDIV	APX_F
9634	1330	61	145	93	1	0x0000000020000000	IDIV	APX_F_N3
9635	1330	61	145	93	1	0x0000000020000000	IDIV	APX_F_N3
9636	1335	61	91	22	0	0x0000000000400000	IDIV	APX_F
9637	1335	61	91	22	0	0x0000000000400000	IDIV	APX_F
9638	1336	61	145	93	1	0x0000000020000000	IDIV	APX_F_N3
9639	1336	61	145	93	1	0x0000000020000000	IDIV	APX_F_N3
9640	1341	62	91	22	0	0x0000000000400000	IMUL	APX_F
9641	1341	62	91	22	0	0x0000000000400000	IMUL	APX_F
9642	1342	62	145	93	1	0x0000000020000000	IMUL	APX_F_N3
9643	1342	62	145	93	1	0x0000000020000000	IMUL	APX_F_N3
9644	1371	62	91	22	0	0x0000000000400000	IMUL	APX_F
9645	1371	62	91	22	0	0x0000000000400000	IMUL	APX_F
9646	1372	62	145	93	1	0x0000000020000000	IMUL	APX_F_N3
9647	1372	62	145	93	1	0x0000000020000000	IMUL	APX_F_N3
9648	1813	127	91	22	0	0x0000000000400000	MUL	APX_F
9649	1813	127	91	22	0	0x0000000000400000	MUL	APX_F
9650	1814	127	145	93	1	0x0000000020000000	MUL	APX_F_N3
9651	1814	127	145	93	1	0x0000000020000000	MUL	APX_F_N3
9652	1819	127	91	22	0	0x0000000000400000	MUL	APX_F
9653	1819	127	91	22	0	0x0000000000400000	MUL	APX_F
9654	1820	127	145	93	1	0x0000000020000000	MUL	APX_F_N3
9655	1820	127	145	93	1	0x0000000020000000	MUL	APX_F_N3
9656	1829	128	91	22	0	0x0000000000400000	NEG	APX_F
9657	1829	128	91	22	0	0x0000000000400000	NEG	APX_F
9658	1830	128	145	93	1	0x0000000020000000	NEG	APX_F_N3
9659	1830	128	145	93	1	0x0000000020000000	NEG	APX_F_N3
9660	1831	128	145	93	1	0x0000000020000000	NEG	APX_F_N3
9661	1831	128	145	93	1	0x0000000020000000	NEG	APX_F_N3
9662	1831	128	145	93	1	0x0000000020000000	NEG	APX_F_N3
9663	1831	128	145	93	1	0x0000000020000000	NEG	APX_F_N3
9664	1832	128	145	93	1	0x0000000020000000	NEG	APX_F_N3
9665	1832	128	145	93	1	0x0000000020000000	NEG	APX_F_N3
9666	1832	128	145	93	1	0x0000000020000000	NEG	APX_F_N3
9667	1832	128	145	93	1	0x0000000020000000	NEG	APX_F_N3
9668	1839	128	91	22	0	0x0000000000400000	NEG	APX_F
9669	1839	128	91	22	0	0x0000000000400000	NEG	APX_F
9670	1840	128	145	93	1	0x0000000020000000	NEG	APX_F_N3
9671	1840	128	145	93	1	0x0000000020000000	NEG	APX_F_N3
9672	1874	130	91	22	0	0x0000000000400000	NOT	APX_F
9673	1874	130	91	22	0	0x0000000000400000	NOT	APX_F
9674	1875	130	145	93	1	0x0000000020000000	NOT	APX_F_N3
9675	1875	130	145	93	1	0x0000000020000000	NOT	APX_F_N3
9676	1876	130	145	93	1	0x0000000020000000	NOT	APX_F_N3
9677	1876	130	145	93	1	0x0000000020000000	NOT	APX_F_N3
9678	1882	130	91	22	0	0x0000000000400000	NOT	APX_F
9679	1882	130	91	22	0	0x0000000000400000	NOT	APX_F
9680	1145	1184	132	80	1	0x0000000000010000	ENQCMD	APX_F_ENQCMD
9681	1143	1185	132	80	1	0x0000000000010000	ENQCMDS	APX_F_ENQCMD
9682	1657	923	141	89	1	0x0000000002000000	MOVDIR64B	APX_F_MOVDIR64B
9683	3354	1466	149	97	1	0x0000000200000000	URDMSR	APX_F_USER_MSR
9684	3358	1467	149	97	1	0x0000000200000000	UWRMSR	APX_F_USER_MSR
9685	1660	922	142	90	1	0x0000000004000000	MOVDIRI	APX_F_MOVDIRI
9686	4	1198	148	96	1	0x0000000100000000	AADD	APX_F_RAO_INT
9687	5	1198	148	96	1	0x0000000100000000	AADD	APX_F_RAO_INT
9688	10	1199	148	96	1	0x0000000100000000	AAND	APX_F_RAO_INT
9689	11	1199	148	96	1	0x0000000100000000	AAND	APX_F_RAO_INT
9690	259	1211	148	96	1	0x0000000100000000	AOR	APX_F_RAO_INT
9691	260	1211	148	96	1	0x0000000100000000	AOR	APX_F_RAO_INT
9692	265	1212	148	96	1	0x0000000100000000	AXOR	APX_F_RAO_INT
9693	266	1212	148	96	1	0x0000000100000000	AXOR	APX_F_RAO_INT
9694	1092	53	91	22	0	0x0000000000400000	DEC	APX_F
9695	1093	53	145	93	1	0x0000000020000000	DEC	APX_F_N3
9696	1094	53	145	93	1	0x0000000020000000	DEC	APX_F_N3
9697	1094	53	145	93	1	0x0000000020000000	DEC	APX_F_N3
9698	1095	53	145	93	1	0x0000000020000000	DEC	APX_F_N3
9699	1095	53	145	93	1	0x0000000020000000	DEC	APX_F_N3
9700	1105	53	91	22	0	0x0000000000400000	DEC	APX_F
9701	1106	53	145	93	1	0x0000000020000000	DEC	APX_F_N3
9702	1376	64	91	22	0	0x0000000000400000	INC	APX_F
9703	1377	64	145	93	1	0x0000000020000000	INC	APX_F_N3
9704	1378	64	145	93	1	0x0000000020000000	INC	APX_F_N3
9705	1378	64	145	93	1	0x0000000020000000	INC	APX_F_N3
9706	1379	64	145	93	1	0x0000000020000000	INC	APX_F_N3
9707	1379	64	145	93	1	0x0000000020000000	INC	APX_F_N3
9708	1389	64	91	22	0	0x0000000000400000	INC	APX_F
9709	1390	64	145	93	1	0x0000000020000000	INC	APX_F_N3
9710	1097	53	91	22	0	0x0000000000400000	DEC	APX_F
9711	1097	53	91	22	0	0x0000000000400000	DEC	APX_F
9712	1098	53	145	93	1	0x0000000020000000	DEC	APX_F_N3
9713	1098	53	145	93	1	0x0000000020000000	DEC	APX_F_N3
9714	1100	53	145	93	1	0x0000000020000000	DEC	APX_F_N3
9715	1100	53	145	93	1	0x0000000020000000	DEC	APX_F_N3
9716	1100	53	145	93	1	0x0000000020000000	DEC	APX_F_N3
9717	1100	53	145	93	1	0x0000000020000000	DEC	APX_F_N3
9718	1101	53	145	93	1	0x0000000020000000	DEC	APX_F_N3
9719	1101	53	145	93	1	0x0000000020000000	DEC	APX_F_N3
9720	1101	53	145	93	1	0x0000000020000000	DEC	APX_F_N3
9721	1101	53	145	93	1	0x0000000020000000	DEC	APX_F_N3
9722	1108	53	91	22	0	0x0000000000400000	DEC	APX_F
9723	1108	53	91	22	0	0x0000000000400000	DEC	APX_F
9724	1109	53	145	93	1	0x0000000020000000	DEC	APX_F_N3
9725	1109	53	145	93	1	0x0000000020000000	DEC	APX_F_N3
9726	1381	64	91	22	0	0x0000000000400000	INC	APX_F
9727	1381	64	91	22	0	0x0000000000400000	INC	APX_F
9728	1382	64	145	93	1	0x0000000020000000	INC	APX_F_N3
9729	1382	64	145	93	1	0x0000000020000000	INC	APX_F_N3
9730	1384	64	145	93	1	0x0000000020000000	INC	APX_F_N3
9731	1384	64	145	93	1	0x0000000020000000	INC	APX_F_N3
9732	1384	64	145	93	1	0x0000000020000000	INC	APX_F_N3
9733	1384	64	145	93	1	0x0000000020000000	INC	APX_F_N3
9734	1385	64	145	93	1	0x0000000020000000	INC	APX_F_N3
9735	1385	64	145	93	1	0x0000000020000000	INC	APX_F_N3
9736	1385	64	145	93	1	0x0000000020000000	INC	APX_F_N3
9737	1385	64	145	93	1	0x0000000020000000	INC	APX_F_N3
9738	1392	64	91	22	0	0x0000000000400000	INC	APX_F
9739	1392	64	91	22	0	0x0000000000400000	INC	APX_F
9740	1393	64	145	93	1	0x0000000020000000	INC	APX_F_N3
9741	1393	64	145	93	1	0x0000000020000000	INC	APX_F_N3
9742	2469	731	145	93	1	0x0000000020000000	PUSH2	APX_F_N3
9743	2468	1381	145	93	1	0x0000000020000000	PUSH2P	APX_F_N3
9744	5927	1789	204	152	2	0x0000000001000000	VMOVSH	AVX512_FP16_SCALAR
9745	5928	1789	204	152	2	0x0000000001000000	VMOVSH	AVX512_FP16_SCALAR
9746	5926	1789	204	152	2	0x0000000001000000	VMOVSH	AVX512_FP16_SCALAR
9747	5928	1789	204	152	2	0x0000000001000000	VMOVSH	AVX512_FP16_SCALAR
9748	3673	1512	205	153	2	0x0000000002000000	VCVT2PH2HF8	AVX512_FP8_CONVERT_128
9749	3674	1512	205	153	2	0x0000000002000000	VCVT2PH2HF8	AVX512_FP8_CONVERT_128
9750	3675	1512	206	154	2	0x0000000004000000	VCVT2PH2HF8	AVX512_FP8_CONVERT_256
9751	3676	1512	206	154	2	0x0000000004000000	VCVT2PH2HF8	AVX512_FP8_CONVERT_256
9752	3677	1512	207	155	2	0x0000000008000000	VCVT2PH2HF8	AVX512_FP8_CONVERT_512
9753	3678	1512	207	155	2	0x0000000008000000	VCVT2PH2HF8	AVX512_FP8_CONVERT_512
9754	3739	1524	205	153	2	0x0000000002000000	VCVTBIASPH2HF8	AVX512_FP8_CONVERT_128
9755	3740	1524	205	153	2	0x0000000002000000	VCVTBIASPH2HF8	AVX512_FP8_CONVERT_128
9756	3741	1524	206	154	2	0x0000000004000000	VCVTBIASPH2HF8	AVX512_FP8_CONVERT_256
9757	3742	1524	206	154	2	0x0000000004000000	VCVTBIASPH2HF8	AVX512_FP8_CONVERT_256
9758	3743	1524	207	155	2	0x0000000008000000	VCVTBIASPH2HF8	AVX512_FP8_CONVERT_512
9759	3744	1524	207	155	2	0x0000000008000000	VCVTBIASPH2HF8	AVX512_FP8_CONVERT_512
9760	3911	1549	205	153	2	0x0000000002000000	VCVTPH2HF8	AVX512_FP8_CONVERT_128
9761	3912	1549	206	154	2	0x0000000004000000	VCVTPH2HF8	AVX512_FP8_CONVERT_256
9762	3913	1549	205	153	2	0x0000000002000000	VCVTPH2HF8	AVX512_FP8_CONVERT_128
9763	3914	1549	206	154	2	0x0000000004000000	VCVTPH2HF8	AVX512_FP8_CONVERT_256
9764	3915	1549	207	155	2	0x0000000008000000	VCVTPH2HF8	AVX512_FP8_CONVERT_512
9765	3916	1549	207	155	2	0x0000000008000000	VCVTPH2HF8	AVX512_FP8_CONVERT_512
9766	3667	1513	205	153	2	0x0000000002000000	VCVT2PH2HF8S	AVX512_FP8_CONVERT_128
9767	3668	1513	205	153	2	0x0000000002000000	VCVT2PH2HF8S	AVX512_FP8_CONVERT_128
9768	3669	1513	206	154	2	0x0000000004000000	VCVT2PH2HF8S	AVX512_FP8_CONVERT_256
9769	3670	1513	206	154	2	0x0000000004000000	VCVT2PH2HF8S	AVX512_FP8_CONVERT_256
9770	3671	1513	207	155	2	0x0000000008000000	VCVT2PH2HF8S	AVX512_FP8_CONVERT_512
9771	3672	1513	207	155	2	0x0000000008000000	VCVT2PH2HF8S	AVX512_FP8_CONVERT_512
9772	3733	1525	205	153	2	0x0000000002000000	VCVTBIASPH2HF8S	AVX512_FP8_CONVERT_128
9773	3734	1525	205	153	2	0x0000000002000000	VCVTBIASPH2HF8S	AVX512_FP8_CONVERT_128
9774	3735	1525	206	154	2	0x0000000004000000	VCVTBIASPH2HF8S	AVX512_FP8_CONVERT_256
9775	3736	1525	206	154	2	0x0000000004000000	VCVTBIASPH2HF8S	AVX512_FP8_CONVERT_256
9776	3737	1525	207	155	2	0x0000000008000000	VCVTBIASPH2HF8S	AVX512_FP8_CONVERT_512
9777	3738	1525	207	155	2	0x0000000008000000	VCVTBIASPH2HF8S	AVX512_FP8_CONVERT_512
9778	3905	1550	205	153	2	0x0000000002000000	VCVTPH2HF8S	AVX512_FP8_CONVERT_128
9779	3906	1550	206	154	2	0x0000000004000000	VCVTPH2HF8S	AVX512_FP8_CONVERT_256
9780	3907	1550	205	153	2	0x0000000002000000	VCVTPH2HF8S	AVX512_FP8_CONVERT_128
9781	3908	1550	206	154	2	0x0000000004000000	VCVTPH2HF8S	AVX512_FP8_CONVERT_256
9782	3909	1550	207	155	2	0x0000000008000000	VCVTPH2HF8S	AVX512_FP8_CONVERT_512
9783	3910	1550	207	155	2	0x0000000008000000	VCVTPH2HF8S	AVX512_FP8_CONVERT_512
9784	4037	1566	197	145	2	0x0000000000020000	VCVTPS2PHX	AVX512_FP16_128
9785	4038	1566	199	147	2	0x0000000000080000	VCVTPS2PHX	AVX512_FP16_256
9786	4039	1566	197	145	2	0x0000000000020000	VCVTPS2PHX	AVX512_FP16_128
9787	4040	1566	199	147	2	0x0000000000080000	VCVTPS2PHX	AVX512_FP16_256
9788	4041	1566	200	148	2	0x0000000000100000	VCVTPS2PHX	AVX512_FP16_512
9789	4042	1566	200	148	2	0x0000000000100000	VCVTPS2PHX	AVX512_FP16_512
9790	4042	1566	200	148	2	0x0000000000100000	VCVTPS2PHX	AVX512_FP16_512
9791	4155	1585	204	152	2	0x0000000001000000	VCVTSS2SH	AVX512_FP16_SCALAR
9792	4156	1585	204	152	2	0x0000000001000000	VCVTSS2SH	AVX512_FP16_SCALAR
9793	4156	1585	204	152	2	0x0000000001000000	VCVTSS2SH	AVX512_FP16_SCALAR
9794	3807	1534	205	153	2	0x0000000002000000	VCVTHF82PH	AVX512_FP8_CONVERT_128
9795	3808	1534	205	153	2	0x0000000002000000	VCVTHF82PH	AVX512_FP8_CONVERT_128
9796	3809	1534	206	154	2	0x0000000004000000	VCVTHF82PH	AVX512_FP8_CONVERT_256
9797	3810	1534	206	154	2	0x0000000004000000	VCVTHF82PH	AVX512_FP8_CONVERT_256
9798	3811	1534	207	155	2	0x0000000008000000	VCVTHF82PH	AVX512_FP8_CONVERT_512
9799	3812	1534	207	155	2	0x0000000008000000	VCVTHF82PH	AVX512_FP8_CONVERT_512
9800	4139	1583	204	152	2	0x0000000001000000	VCVTSI2SH	AVX512_FP16_SCALAR
9801	4139	1583	204	152	2	0x0000000001000000	VCVTSI2SH	AVX512_FP16_SCALAR
9802	4139	1583	204	152	2	0x0000000001000000	VCVTSI2SH	AVX512_FP16_SCALAR
9803	4139	1583	204	152	2	0x0000000001000000	VCVTSI2SH	AVX512_FP16_SCALAR
9804	4140	1583	204	152	2	0x0000000001000000	VCVTSI2SH	AVX512_FP16_SCALAR
9805	4140	1583	204	152	2	0x0000000001000000	VCVTSI2SH	AVX512_FP16_SCALAR
9806	4141	1583	204	152	2	0x0000000001000000	VCVTSI2SH	AVX512_FP16_SCALAR
9807	4141	1583	204	152	2	0x0000000001000000	VCVTSI2SH	AVX512_FP16_SCALAR
9808	4142	1583	204	152	2	0x0000000001000000	VCVTSI2SH	AVX512_FP16_SCALAR
9809	4365	1618	204	152	2	0x0000000001000000	VCVTTSH2SI	AVX512_FP16_SCALAR
9810	4365	1618	204	152	2	0x0000000001000000	VCVTTSH2SI	AVX512_FP16_SCALAR
9811	4366	1618	204	152	2	0x0000000001000000	VCVTTSH2SI	AVX512_FP16_SCALAR
9812	4366	1618	204	152	2	0x0000000001000000	VCVTTSH2SI	AVX512_FP16_SCALAR
9813	4366	1618	204	152	2	0x0000000001000000	VCVTTSH2SI	AVX512_FP16_SCALAR
9814	4366	1618	204	152	2	0x0000000001000000	VCVTTSH2SI	AVX512_FP16_SCALAR
9815	4367	1618	204	152	2	0x0000000001000000	VCVTTSH2SI	AVX512_FP16_SCALAR
9816	4368	1618	204	152	2	0x0000000001000000	VCVTTSH2SI	AVX512_FP16_SCALAR
9817	4368	1618	204	152	2	0x0000000001000000	VCVTTSH2SI	AVX512_FP16_SCALAR
9818	4121	1579	204	152	2	0x0000000001000000	VCVTSH2SI	AVX512_FP16_SCALAR
9819	4121	1579	204	152	2	0x0000000001000000	VCVTSH2SI	AVX512_FP16_SCALAR
9820	4122	1579	204	152	2	0x0000000001000000	VCVTSH2SI	AVX512_FP16_SCALAR
9821	4122	1579	204	152	2	0x0000000001000000	VCVTSH2SI	AVX512_FP16_SCALAR
9822	4122	1579	204	152	2	0x0000000001000000	VCVTSH2SI	AVX512_FP16_SCALAR
9823	4122	1579	204	152	2	0x0000000001000000	VCVTSH2SI	AVX512_FP16_SCALAR
9824	4123	1579	204	152	2	0x0000000001000000	VCVTSH2SI	AVX512_FP16_SCALAR
9825	4124	1579	204	152	2	0x0000000001000000	VCVTSH2SI	AVX512_FP16_SCALAR
9826	4124	1579	204	152	2	0x0000000001000000	VCVTSH2SI	AVX512_FP16_SCALAR
9827	8807	2012	204	152	2	0x0000000001000000	VUCOMISH	AVX512_FP16_SCALAR
9828	8808	2012	204	152	2	0x0000000001000000	VUCOMISH	AVX512_FP16_SCALAR
9829	8808	2012	204	152	2	0x0000000001000000	VUCOMISH	AVX512_FP16_SCALAR
9830	8815	2015	196	144	2	0x0000000000010000	VUCOMXSH	AVX512_COM_EF_SCALAR
9831	8816	2015	196	144	2	0x0000000000010000	VUCOMXSH	AVX512_COM_EF_SCALAR
9832	8816	2015	196	144	2	0x0000000000010000	VUCOMXSH	AVX512_COM_EF_SCALAR
9833	3625	1501	154	102	1	0x0000004000000000	VCOMISBF16	AVX10_2_BF16_SCALAR
9834	3626	1501	154	102	1	0x0000004000000000	VCOMISBF16	AVX10_2_BF16_SCALAR
9835	3631	1503	204	152	2	0x0000000001000000	VCOMISH	AVX512_FP16_SCALAR
9836	3632	1503	204	152	2	0x0000000001000000	VCOMISH	AVX512_FP16_SCALAR
9837	3632	1503	204	152	2	0x0000000001000000	VCOMISH	AVX512_FP16_SCALAR
9838	3651	1508	196	144	2	0x0000000000010000	VCOMXSH	AVX512_COM_EF_SCALAR
9839	3652	1508	196	144	2	0x0000000000010000	VCOMXSH	AVX512_COM_EF_SCALAR
9840	3652	1508	196	144	2	0x0000000000010000	VCOMXSH	AVX512_COM_EF_SCALAR
9841	3715	1521	158	106	1	0x0000040000000000	VCVTBF82PS	AVX10_V2_AUX_128
9842	3716	1521	158	106	1	0x0000040000000000	VCVTBF82PS	AVX10_V2_AUX_128
9843	3717	1521	159	107	1	0x0000080000000000	VCVTBF82PS	AVX10_V2_AUX_256
9844	3718	1521	159	107	1	0x0000080000000000	VCVTBF82PS	AVX10_V2_AUX_256
9845	3719	1521	160	108	1	0x0000100000000000	VCVTBF82PS	AVX10_V2_AUX_512
9846	3720	1521	160	108	1	0x0000100000000000	VCVTBF82PS	AVX10_V2_AUX_512
9847	3813	1535	158	106	1	0x0000040000000000	VCVTHF82PS	AVX10_V2_AUX_128
9848	3814	1535	158	106	1	0x0000040000000000	VCVTHF82PS	AVX10_V2_AUX_128
9849	3815	1535	159	107	1	0x0000080000000000	VCVTHF82PS	AVX10_V2_AUX_256
9850	3816	1535	159	107	1	0x0000080000000000	VCVTHF82PS	AVX10_V2_AUX_256
9851	3817	1535	160	108	1	0x0000100000000000	VCVTHF82PS	AVX10_V2_AUX_512
9852	3818	1535	160	108	1	0x0000100000000000	VCVTHF82PS	AVX10_V2_AUX_512
9853	3697	1517	158	106	1	0x0000040000000000	VCVTBF42HF8	AVX10_V2_AUX_128
9854	3698	1517	158	106	1	0x0000040000000000	VCVTBF42HF8	AVX10_V2_AUX_128
9855	3699	1517	159	107	1	0x0000080000000000	VCVTBF42HF8	AVX10_V2_AUX_256
9856	3700	1517	159	107	1	0x0000080000000000	VCVTBF42HF8	AVX10_V2_AUX_256
9857	3701	1517	160	108	1	0x0000100000000000	VCVTBF42HF8	AVX10_V2_AUX_512
9858	3702	1517	160	108	1	0x0000100000000000	VCVTBF42HF8	AVX10_V2_AUX_512
9859	3703	1518	158	106	1	0x0000040000000000	VCVTBF62HF8	AVX10_V2_AUX_128
9860	3704	1518	159	107	1	0x0000080000000000	VCVTBF62HF8	AVX10_V2_AUX_256
9861	3705	1518	160	108	1	0x0000100000000000	VCVTBF62HF8	AVX10_V2_AUX_512
9862	3795	1531	158	106	1	0x0000040000000000	VCVTHF62HF8	AVX10_V2_AUX_128
9863	3796	1531	159	107	1	0x0000080000000000	VCVTHF62HF8	AVX10_V2_AUX_256
9864	3797	1531	160	108	1	0x0000100000000000	VCVTHF62HF8	AVX10_V2_AUX_512
9865	3763	1528	158	106	1	0x0000040000000000	VCVTBIASPS2HF8	AVX10_V2_AUX_128
9866	3764	1528	158	106	1	0x0000040000000000	VCVTBIASPS2HF8	AVX10_V2_AUX_128
9867	3765	1528	159	107	1	0x0000080000000000	VCVTBIASPS2HF8	AVX10_V2_AUX_256
9868	3766	1528	159	107	1	0x0000080000000000	VCVTBIASPS2HF8	AVX10_V2_AUX_256
9869	3767	1528	160	108	1	0x0000100000000000	VCVTBIASPS2HF8	AVX10_V2_AUX_512
9870	3768	1528	160	108	1	0x0000100000000000	VCVTBIASPS2HF8	AVX10_V2_AUX_512
9871	4009	1562	158	106	1	0x0000040000000000	VCVTPS2HF8	AVX10_V2_AUX_128
9872	4010	1562	159	107	1	0x0000080000000000	VCVTPS2HF8	AVX10_V2_AUX_256
9873	4011	1562	160	108	1	0x0000100000000000	VCVTPS2HF8	AVX10_V2_AUX_512
9874	4012	1562	158	106	1	0x0000040000000000	VCVTPS2HF8	AVX10_V2_AUX_128
9875	4013	1562	159	107	1	0x0000080000000000	VCVTPS2HF8	AVX10_V2_AUX_256
9876	4014	1562	160	108	1	0x0000100000000000	VCVTPS2HF8	AVX10_V2_AUX_512
9877	4095	1573	158	106	1	0x0000040000000000	VCVTROPS2HF8	AVX10_V2_AUX_128
9878	4096	1573	159	107	1	0x0000080000000000	VCVTROPS2HF8	AVX10_V2_AUX_256
9879	4097	1573	160	108	1	0x0000100000000000	VCVTROPS2HF8	AVX10_V2_AUX_512
9880	4098	1573	158	106	1	0x0000040000000000	VCVTROPS2HF8	AVX10_V2_AUX_128
9881	4099	1573	159	107	1	0x0000080000000000	VCVTROPS2HF8	AVX10_V2_AUX_256
9882	4100	1573	160	108	1	0x0000100000000000	VCVTROPS2HF8	AVX10_V2_AUX_512
9883	3751	1526	158	106	1	0x0000040000000000	VCVTBIASPS2BF8	AVX10_V2_AUX_128
9884	3752	1526	158	106	1	0x0000040000000000	VCVTBIASPS2BF8	AVX10_V2_AUX_128
9885	3753	1526	159	107	1	0x0000080000000000	VCVTBIASPS2BF8	AVX10_V2_AUX_256
9886	3754	1526	159	107	1	0x0000080000000000	VCVTBIASPS2BF8	AVX10_V2_AUX_256
9887	3755	1526	160	108	1	0x0000100000000000	VCVTBIASPS2BF8	AVX10_V2_AUX_512
9888	3756	1526	160	108	1	0x0000100000000000	VCVTBIASPS2BF8	AVX10_V2_AUX_512
9889	3987	1560	158	106	1	0x0000040000000000	VCVTPS2BF8	AVX10_V2_AUX_128
9890	3988	1560	159	107	1	0x0000080000000000	VCVTPS2BF8	AVX10_V2_AUX_256
9891	3989	1560	160	108	1	0x0000100000000000	VCVTPS2BF8	AVX10_V2_AUX_512
9892	3990	1560	158	106	1	0x0000040000000000	VCVTPS2BF8	AVX10_V2_AUX_128
9893	3991	1560	159	107	1	0x0000080000000000	VCVTPS2BF8	AVX10_V2_AUX_256
9894	3992	1560	160	108	1	0x0000100000000000	VCVTPS2BF8	AVX10_V2_AUX_512
9895	3757	1529	158	106	1	0x0000040000000000	VCVTBIASPS2HF8S	AVX10_V2_AUX_128
9896	3758	1529	158	106	1	0x0000040000000000	VCVTBIASPS2HF8S	AVX10_V2_AUX_128
9897	3759	1529	159	107	1	0x0000080000000000	VCVTBIASPS2HF8S	AVX10_V2_AUX_256
9898	3760	1529	159	107	1	0x0000080000000000	VCVTBIASPS2HF8S	AVX10_V2_AUX_256
9899	3761	1529	160	108	1	0x0000100000000000	VCVTBIASPS2HF8S	AVX10_V2_AUX_512
9900	3762	1529	160	108	1	0x0000100000000000	VCVTBIASPS2HF8S	AVX10_V2_AUX_512
9901	4003	1563	158	106	1	0x0000040000000000	VCVTPS2HF8S	AVX10_V2_AUX_128
9902	4004	1563	159	107	1	0x0000080000000000	VCVTPS2HF8S	AVX10_V2_AUX_256
9903	4005	1563	160	108	1	0x0000100000000000	VCVTPS2HF8S	AVX10_V2_AUX_512
9904	4006	1563	158	106	1	0x0000040000000000	VCVTPS2HF8S	AVX10_V2_AUX_128
9905	4007	1563	159	107	1	0x0000080000000000	VCVTPS2HF8S	AVX10_V2_AUX_256
9906	4008	1563	160	108	1	0x0000100000000000	VCVTPS2HF8S	AVX10_V2_AUX_512
9907	4089	1574	158	106	1	0x0000040000000000	VCVTROPS2HF8S	AVX10_V2_AUX_128
9908	4090	1574	159	107	1	0x0000080000000000	VCVTROPS2HF8S	AVX10_V2_AUX_256
9909	4091	1574	160	108	1	0x0000100000000000	VCVTROPS2HF8S	AVX10_V2_AUX_512
9910	4092	1574	158	106	1	0x0000040000000000	VCVTROPS2HF8S	AVX10_V2_AUX_128
9911	4093	1574	159	107	1	0x0000080000000000	VCVTROPS2HF8S	AVX10_V2_AUX_256
9912	4094	1574	160	108	1	0x0000100000000000	VCVTROPS2HF8S	AVX10_V2_AUX_512
9913	3745	1527	158	106	1	0x0000040000000000	VCVTBIASPS2BF8S	AVX10_V2_AUX_128
9914	3746	1527	158	106	1	0x0000040000000000	VCVTBIASPS2BF8S	AVX10_V2_AUX_128
9915	3747	1527	159	107	1	0x0000080000000000	VCVTBIASPS2BF8S	AVX10_V2_AUX_256
9916	3748	1527	159	107	1	0x0000080000000000	VCVTBIASPS2BF8S	AVX10_V2_AUX_256
9917	3749	1527	160	108	1	0x0000100000000000	VCVTBIASPS2BF8S	AVX10_V2_AUX_512
9918	3750	1527	160	108	1	0x0000100000000000	VCVTBIASPS2BF8S	AVX10_V2_AUX_512
9919	3981	1561	158	106	1	0x0000040000000000	VCVTPS2BF8S	AVX10_V2_AUX_128
9920	3982	1561	159	107	1	0x0000080000000000	VCVTPS2BF8S	AVX10_V2_AUX_256
9921	3983	1561	160	108	1	0x0000100000000000	VCVTPS2BF8S	AVX10_V2_AUX_512
9922	3984	1561	158	106	1	0x0000040000000000	VCVTPS2BF8S	AVX10_V2_AUX_128
9923	3985	1561	159	107	1	0x0000080000000000	VCVTPS2BF8S	AVX10_V2_AUX_256
9924	3986	1561	160	108	1	0x0000100000000000	VCVTPS2BF8S	AVX10_V2_AUX_512
9925	3804	1533	158	106	1	0x0000040000000000	VCVTHF82HF6S	AVX10_V2_AUX_128
9926	3805	1533	159	107	1	0x0000080000000000	VCVTHF82HF6S	AVX10_V2_AUX_256
9927	3806	1533	160	108	1	0x0000100000000000	VCVTHF82HF6S	AVX10_V2_AUX_512
9928	3706	1519	158	106	1	0x0000040000000000	VCVTBF82BF4S	AVX10_V2_AUX_128
9929	3707	1519	159	107	1	0x0000080000000000	VCVTBF82BF4S	AVX10_V2_AUX_256
9930	3708	1519	160	108	1	0x0000100000000000	VCVTBF82BF4S	AVX10_V2_AUX_512
9931	3709	1519	158	106	1	0x0000040000000000	VCVTBF82BF4S	AVX10_V2_AUX_128
9932	3710	1519	159	107	1	0x0000080000000000	VCVTBF82BF4S	AVX10_V2_AUX_256
9933	3711	1519	160	108	1	0x0000100000000000	VCVTBF82BF4S	AVX10_V2_AUX_512
9934	3798	1532	158	106	1	0x0000040000000000	VCVTHF82BF4S	AVX10_V2_AUX_128
9935	3799	1532	159	107	1	0x0000080000000000	VCVTHF82BF4S	AVX10_V2_AUX_256
9936	3800	1532	160	108	1	0x0000100000000000	VCVTHF82BF4S	AVX10_V2_AUX_512
9937	3801	1532	158	106	1	0x0000040000000000	VCVTHF82BF4S	AVX10_V2_AUX_128
9938	3802	1532	159	107	1	0x0000080000000000	VCVTHF82BF4S	AVX10_V2_AUX_256
9939	3803	1532	160	108	1	0x0000100000000000	VCVTHF82BF4S	AVX10_V2_AUX_512
9940	3712	1520	158	106	1	0x0000040000000000	VCVTBF82BF6S	AVX10_V2_AUX_128
9941	3713	1520	159	107	1	0x0000080000000000	VCVTBF82BF6S	AVX10_V2_AUX_256
9942	3714	1520	160	108	1	0x0000100000000000	VCVTBF82BF6S	AVX10_V2_AUX_512
9943	8710	2003	151	99	1	0x0000000800000000	VSQRTBF16	AVX10_2_BF16_128
9944	8711	2003	151	99	1	0x0000000800000000	VSQRTBF16	AVX10_2_BF16_128
9945	8712	2003	152	100	1	0x0000001000000000	VSQRTBF16	AVX10_2_BF16_256
9946	8713	2003	152	100	1	0x0000001000000000	VSQRTBF16	AVX10_2_BF16_256
9947	8714	2003	153	101	1	0x0000002000000000	VSQRTBF16	AVX10_2_BF16_512
9948	8715	2003	153	101	1	0x0000002000000000	VSQRTBF16	AVX10_2_BF16_512
9949	8726	2004	197	145	2	0x0000000000020000	VSQRTPH	AVX512_FP16_128
9950	8727	2004	197	145	2	0x0000000000020000	VSQRTPH	AVX512_FP16_128
9951	8728	2004	199	147	2	0x0000000000080000	VSQRTPH	AVX512_FP16_256
9952	8729	2004	199	147	2	0x0000000000080000	VSQRTPH	AVX512_FP16_256
9953	8730	2004	200	148	2	0x0000000000100000	VSQRTPH	AVX512_FP16_512
9954	8731	2004	200	148	2	0x0000000000100000	VSQRTPH	AVX512_FP16_512
9955	8731	2004	200	148	2	0x0000000000100000	VSQRTPH	AVX512_FP16_512
9956	8746	2005	204	152	2	0x0000000001000000	VSQRTSH	AVX512_FP16_SCALAR
9957	8747	2005	204	152	2	0x0000000001000000	VSQRTSH	AVX512_FP16_SCALAR
9958	8747	2005	204	152	2	0x0000000001000000	VSQRTSH	AVX512_FP16_SCALAR
9959	3365	939	151	99	1	0x0000000800000000	VADDBF16	AVX10_2_BF16_128
9960	3366	939	151	99	1	0x0000000800000000	VADDBF16	AVX10_2_BF16_128
9961	3367	939	152	100	1	0x0000001000000000	VADDBF16	AVX10_2_BF16_256
9962	3368	939	152	100	1	0x0000001000000000	VADDBF16	AVX10_2_BF16_256
9963	3369	939	153	101	1	0x0000002000000000	VADDBF16	AVX10_2_BF16_512
9964	3370	939	153	101	1	0x0000002000000000	VADDBF16	AVX10_2_BF16_512
9965	3381	1468	197	145	2	0x0000000000020000	VADDPH	AVX512_FP16_128
9966	3382	1468	197	145	2	0x0000000000020000	VADDPH	AVX512_FP16_128
9967	3383	1468	199	147	2	0x0000000000080000	VADDPH	AVX512_FP16_256
9968	3384	1468	199	147	2	0x0000000000080000	VADDPH	AVX512_FP16_256
9969	3385	1468	200	148	2	0x0000000000100000	VADDPH	AVX512_FP16_512
9970	3386	1468	200	148	2	0x0000000000100000	VADDPH	AVX512_FP16_512
9971	3386	1468	200	148	2	0x0000000000100000	VADDPH	AVX512_FP16_512
9972	3401	1469	204	152	2	0x0000000001000000	VADDSH	AVX512_FP16_SCALAR
9973	3402	1469	204	152	2	0x0000000001000000	VADDSH	AVX512_FP16_SCALAR
9974	3402	1469	204	152	2	0x0000000001000000	VADDSH	AVX512_FP16_SCALAR
9975	6006	940	151	99	1	0x0000000800000000	VMULBF16	AVX10_2_BF16_128
9976	6007	940	151	99	1	0x0000000800000000	VMULBF16	AVX10_2_BF16_128
9977	6008	940	152	100	1	0x0000001000000000	VMULBF16	AVX10_2_BF16_256
9978	6009	940	152	100	1	0x0000001000000000	VMULBF16	AVX10_2_BF16_256
9979	6010	940	153	101	1	0x0000002000000000	VMULBF16	AVX10_2_BF16_512
9980	6011	940	153	101	1	0x0000002000000000	VMULBF16	AVX10_2_BF16_512
9981	6022	1795	197	145	2	0x0000000000020000	VMULPH	AVX512_FP16_128
9982	6023	1795	197	145	2	0x0000000000020000	VMULPH	AVX512_FP16_128
9983	6024	1795	199	147	2	0x0000000000080000	VMULPH	AVX512_FP16_256
9984	6025	1795	199	147	2	0x0000000000080000	VMULPH	AVX512_FP16_256
9985	6026	1795	200	148	2	0x0000000000100000	VMULPH	AVX512_FP16_512
9986	6027	1795	200	148	2	0x0000000000100000	VMULPH	AVX512_FP16_512
9987	6027	1795	200	148	2	0x0000000000100000	VMULPH	AVX512_FP16_512
9988	6042	1796	204	152	2	0x0000000001000000	VMULSH	AVX512_FP16_SCALAR
9989	6043	1796	204	152	2	0x0000000001000000	VMULSH	AVX512_FP16_SCALAR
9990	6043	1796	204	152	2	0x0000000001000000	VMULSH	AVX512_FP16_SCALAR
9991	3853	1542	197	145	2	0x0000000000020000	VCVTPD2PH	AVX512_FP16_128
9992	3854	1542	199	147	2	0x0000000000080000	VCVTPD2PH	AVX512_FP16_256
9993	3855	1542	200	148	2	0x0000000000100000	VCVTPD2PH	AVX512_FP16_512
9994	3856	1542	197	145	2	0x0000000000020000	VCVTPD2PH	AVX512_FP16_128
9995	3857	1542	199	147	2	0x0000000000080000	VCVTPD2PH	AVX512_FP16_256
9996	3858	1542	200	148	2	0x0000000000100000	VCVTPD2PH	AVX512_FP16_512
9997	3858	1542	200	148	2	0x0000000000100000	VCVTPD2PH	AVX512_FP16_512
9998	3929	1553	197	145	2	0x0000000000020000	VCVTPH2PD	AVX512_FP16_128
9999	3930	1553	197	145	2	0x0000000000020000	VCVTPH2PD	AVX512_FP16_128
10000	3931	1553	199	147	2	0x0000000000080000	VCVTPH2PD	AVX512_FP16_256
10001	3932	1553	199	147	2	0x0000000000080000	VCVTPH2PD	AVX512_FP16_256
10002	3933	1553	200	148	2	0x0000000000100000	VCVTPH2PD	AVX512_FP16_512
10003	3934	1553	200	148	2	0x0000000000100000	VCVTPH2PD	AVX512_FP16_512
10004	3934	1553	200	148	2	0x0000000000100000	VCVTPH2PD	AVX512_FP16_512
10005	4101	1575	204	152	2	0x0000000001000000	VCVTSD2SH	AVX512_FP16_SCALAR
10006	4102	1575	204	152	2	0x0000000001000000	VCVTSD2SH	AVX512_FP16_SCALAR
10007	4102	1575	204	152	2	0x0000000001000000	VCVTSD2SH	AVX512_FP16_SCALAR
10008	4119	1578	204	152	2	0x0000000001000000	VCVTSH2SD	AVX512_FP16_SCALAR
10009	4120	1578	204	152	2	0x0000000001000000	VCVTSH2SD	AVX512_FP16_SCALAR
10010	4120	1578	204	152	2	0x0000000001000000	VCVTSH2SD	AVX512_FP16_SCALAR
10011	3779	1530	197	145	2	0x0000000000020000	VCVTDQ2PH	AVX512_FP16_128
10012	3780	1530	199	147	2	0x0000000000080000	VCVTDQ2PH	AVX512_FP16_256
10013	3781	1530	197	145	2	0x0000000000020000	VCVTDQ2PH	AVX512_FP16_128
10014	3782	1530	199	147	2	0x0000000000080000	VCVTDQ2PH	AVX512_FP16_256
10015	3783	1530	200	148	2	0x0000000000100000	VCVTDQ2PH	AVX512_FP16_512
10016	3784	1530	200	148	2	0x0000000000100000	VCVTDQ2PH	AVX512_FP16_512
10017	3784	1530	200	148	2	0x0000000000100000	VCVTDQ2PH	AVX512_FP16_512
10018	3899	1548	197	145	2	0x0000000000020000	VCVTPH2DQ	AVX512_FP16_128
10019	3900	1548	197	145	2	0x0000000000020000	VCVTPH2DQ	AVX512_FP16_128
10020	3901	1548	199	147	2	0x0000000000080000	VCVTPH2DQ	AVX512_FP16_256
10021	3902	1548	199	147	2	0x0000000000080000	VCVTPH2DQ	AVX512_FP16_256
10022	3903	1548	200	148	2	0x0000000000100000	VCVTPH2DQ	AVX512_FP16_512
10023	3904	1548	200	148	2	0x0000000000100000	VCVTPH2DQ	AVX512_FP16_512
10024	3904	1548	200	148	2	0x0000000000100000	VCVTPH2DQ	AVX512_FP16_512
10025	4077	1571	197	145	2	0x0000000000020000	VCVTQQ2PH	AVX512_FP16_128
10026	4078	1571	199	147	2	0x0000000000080000	VCVTQQ2PH	AVX512_FP16_256
10027	4079	1571	200	148	2	0x0000000000100000	VCVTQQ2PH	AVX512_FP16_512
10028	4080	1571	197	145	2	0x0000000000020000	VCVTQQ2PH	AVX512_FP16_128
10029	4081	1571	199	147	2	0x0000000000080000	VCVTQQ2PH	AVX512_FP16_256
10030	4082	1571	200	148	2	0x0000000000100000	VCVTQQ2PH	AVX512_FP16_512
10031	4082	1571	200	148	2	0x0000000000100000	VCVTQQ2PH	AVX512_FP16_512
10032	4233	1597	197	145	2	0x0000000000020000	VCVTTPH2DQ	AVX512_FP16_128
10033	4234	1597	197	145	2	0x0000000000020000	VCVTTPH2DQ	AVX512_FP16_128
10034	4235	1597	199	147	2	0x0000000000080000	VCVTTPH2DQ	AVX512_FP16_256
10035	4236	1597	199	147	2	0x0000000000080000	VCVTTPH2DQ	AVX512_FP16_256
10036	4237	1597	200	148	2	0x0000000000100000	VCVTTPH2DQ	AVX512_FP16_512
10037	4238	1597	200	148	2	0x0000000000100000	VCVTTPH2DQ	AVX512_FP16_512
10038	4238	1597	200	148	2	0x0000000000100000	VCVTTPH2DQ	AVX512_FP16_512
10039	8753	941	151	99	1	0x0000000800000000	VSUBBF16	AVX10_2_BF16_128
10040	8754	941	151	99	1	0x0000000800000000	VSUBBF16	AVX10_2_BF16_128
10041	8755	941	152	100	1	0x0000001000000000	VSUBBF16	AVX10_2_BF16_256
10042	8756	941	152	100	1	0x0000001000000000	VSUBBF16	AVX10_2_BF16_256
10043	8757	941	153	101	1	0x0000002000000000	VSUBBF16	AVX10_2_BF16_512
10044	8758	941	153	101	1	0x0000002000000000	VSUBBF16	AVX10_2_BF16_512
10045	8769	2007	197	145	2	0x0000000000020000	VSUBPH	AVX512_FP16_128
10046	8770	2007	197	145	2	0x0000000000020000	VSUBPH	AVX512_FP16_128
10047	8771	2007	199	147	2	0x0000000000080000	VSUBPH	AVX512_FP16_256
10048	8772	2007	199	147	2	0x0000000000080000	VSUBPH	AVX512_FP16_256
10049	8773	2007	200	148	2	0x0000000000100000	VSUBPH	AVX512_FP16_512
10050	8774	2007	200	148	2	0x0000000000100000	VSUBPH	AVX512_FP16_512
10051	8774	2007	200	148	2	0x0000000000100000	VSUBPH	AVX512_FP16_512
10052	8789	2008	204	152	2	0x0000000001000000	VSUBSH	AVX512_FP16_SCALAR
10053	8790	2008	204	152	2	0x0000000001000000	VSUBSH	AVX512_FP16_SCALAR
10054	8790	2008	204	152	2	0x0000000001000000	VSUBSH	AVX512_FP16_SCALAR
10055	5640	1758	151	99	1	0x0000000800000000	VMINBF16	AVX10_2_BF16_128
10056	5641	1758	151	99	1	0x0000000800000000	VMINBF16	AVX10_2_BF16_128
10057	5642	1758	152	100	1	0x0000001000000000	VMINBF16	AVX10_2_BF16_256
10058	5643	1758	152	100	1	0x0000001000000000	VMINBF16	AVX10_2_BF16_256
10059	5644	1758	153	101	1	0x0000002000000000	VMINBF16	AVX10_2_BF16_512
10060	5645	1758	153	101	1	0x0000002000000000	VMINBF16	AVX10_2_BF16_512
10061	5686	1766	197	145	2	0x0000000000020000	VMINPH	AVX512_FP16_128
10062	5687	1766	197	145	2	0x0000000000020000	VMINPH	AVX512_FP16_128
10063	5688	1766	199	147	2	0x0000000000080000	VMINPH	AVX512_FP16_256
10064	5689	1766	199	147	2	0x0000000000080000	VMINPH	AVX512_FP16_256
10065	5690	1766	200	148	2	0x0000000000100000	VMINPH	AVX512_FP16_512
10066	5691	1766	200	148	2	0x0000000000100000	VMINPH	AVX512_FP16_512
10067	5691	1766	200	148	2	0x0000000000100000	VMINPH	AVX512_FP16_512
10068	5706	1767	204	152	2	0x0000000001000000	VMINSH	AVX512_FP16_SCALAR
10069	5707	1767	204	152	2	0x0000000001000000	VMINSH	AVX512_FP16_SCALAR
10070	5707	1767	204	152	2	0x0000000001000000	VMINSH	AVX512_FP16_SCALAR
10071	4459	942	151	99	1	0x0000000800000000	VDIVBF16	AVX10_2_BF16_128
10072	4460	942	151	99	1	0x0000000800000000	VDIVBF16	AVX10_2_BF16_128
10073	4461	942	152	100	1	0x0000001000000000	VDIVBF16	AVX10_2_BF16_256
10074	4462	942	152	100	1	0x0000001000000000	VDIVBF16	AVX10_2_BF16_256
10075	4463	942	153	101	1	0x0000002000000000	VDIVBF16	AVX10_2_BF16_512
10076	4464	942	153	101	1	0x0000002000000000	VDIVBF16	AVX10_2_BF16_512
10077	4475	1636	197	145	2	0x0000000000020000	VDIVPH	AVX512_FP16_128
10078	4476	1636	197	145	2	0x0000000000020000	VDIVPH	AVX512_FP16_128
10079	4477	1636	199	147	2	0x0000000000080000	VDIVPH	AVX512_FP16_256
10080	4478	1636	199	147	2	0x0000000000080000	VDIVPH	AVX512_FP16_256
10081	4479	1636	200	148	2	0x0000000000100000	VDIVPH	AVX512_FP16_512
10082	4480	1636	200	148	2	0x0000000000100000	VDIVPH	AVX512_FP16_512
10083	4480	1636	200	148	2	0x0000000000100000	VDIVPH	AVX512_FP16_512
10084	4495	1637	204	152	2	0x0000000001000000	VDIVSH	AVX512_FP16_SCALAR
10085	4496	1637	204	152	2	0x0000000001000000	VDIVSH	AVX512_FP16_SCALAR
10086	4496	1637	204	152	2	0x0000000001000000	VDIVSH	AVX512_FP16_SCALAR
10087	5595	1755	151	99	1	0x0000000800000000	VMAXBF16	AVX10_2_BF16_128
10088	5596	1755	151	99	1	0x0000000800000000	VMAXBF16	AVX10_2_BF16_128
10089	5597	1755	152	100	1	0x0000001000000000	VMAXBF16	AVX10_2_BF16_256
10090	5598	1755	152	100	1	0x0000001000000000	VMAXBF16	AVX10_2_BF16_256
10091	5599	1755	153	101	1	0x0000002000000000	VMAXBF16	AVX10_2_BF16_512
10092	5600	1755	153	101	1	0x0000002000000000	VMAXBF16	AVX10_2_BF16_512
10093	5611	1756	197	145	2	0x0000000000020000	VMAXPH	AVX512_FP16_128
10094	5612	1756	197	145	2	0x0000000000020000	VMAXPH	AVX512_FP16_128
10095	5613	1756	199	147	2	0x0000000000080000	VMAXPH	AVX512_FP16_256
10096	5614	1756	199	147	2	0x0000000000080000	VMAXPH	AVX512_FP16_256
10097	5615	1756	200	148	2	0x0000000000100000	VMAXPH	AVX512_FP16_512
10098	5616	1756	200	148	2	0x0000000000100000	VMAXPH	AVX512_FP16_512
10099	5616	1756	200	148	2	0x0000000000100000	VMAXPH	AVX512_FP16_512
10100	5631	1757	204	152	2	0x0000000001000000	VMAXSH	AVX512_FP16_SCALAR
10101	5632	1757	204	152	2	0x0000000001000000	VMAXSH	AVX512_FP16_SCALAR
10102	5632	1757	204	152	2	0x0000000001000000	VMAXSH	AVX512_FP16_SCALAR
10103	4169	1588	222	170	2	0x0000040000000000	VCVTTBF162IBS	AVX512_SAT_CVT_128
10104	4170	1588	222	170	2	0x0000040000000000	VCVTTBF162IBS	AVX512_SAT_CVT_128
10105	4171	1588	223	171	2	0x0000080000000000	VCVTTBF162IBS	AVX512_SAT_CVT_256
10106	4172	1588	223	171	2	0x0000080000000000	VCVTTBF162IBS	AVX512_SAT_CVT_256
10107	4173	1588	224	172	2	0x0000100000000000	VCVTTBF162IBS	AVX512_SAT_CVT_512
10108	4174	1588	224	172	2	0x0000100000000000	VCVTTBF162IBS	AVX512_SAT_CVT_512
10109	4174	1588	224	172	2	0x0000100000000000	VCVTTBF162IBS	AVX512_SAT_CVT_512
10110	4239	1598	222	170	2	0x0000040000000000	VCVTTPH2IBS	AVX512_SAT_CVT_128
10111	4240	1598	222	170	2	0x0000040000000000	VCVTTPH2IBS	AVX512_SAT_CVT_128
10112	4241	1598	223	171	2	0x0000080000000000	VCVTTPH2IBS	AVX512_SAT_CVT_256
10113	4242	1598	223	171	2	0x0000080000000000	VCVTTPH2IBS	AVX512_SAT_CVT_256
10114	4243	1598	224	172	2	0x0000100000000000	VCVTTPH2IBS	AVX512_SAT_CVT_512
10115	4244	1598	224	172	2	0x0000100000000000	VCVTTPH2IBS	AVX512_SAT_CVT_512
10116	4244	1598	224	172	2	0x0000100000000000	VCVTTPH2IBS	AVX512_SAT_CVT_512
10117	4297	1606	222	170	2	0x0000040000000000	VCVTTPS2IBS	AVX512_SAT_CVT_128
10118	4298	1606	222	170	2	0x0000040000000000	VCVTTPS2IBS	AVX512_SAT_CVT_128
10119	4299	1606	223	171	2	0x0000080000000000	VCVTTPS2IBS	AVX512_SAT_CVT_256
10120	4300	1606	223	171	2	0x0000080000000000	VCVTTPS2IBS	AVX512_SAT_CVT_256
10121	4301	1606	224	172	2	0x0000100000000000	VCVTTPS2IBS	AVX512_SAT_CVT_512
10122	4302	1606	224	172	2	0x0000100000000000	VCVTTPS2IBS	AVX512_SAT_CVT_512
10123	4302	1606	224	172	2	0x0000100000000000	VCVTTPS2IBS	AVX512_SAT_CVT_512
10124	3685	1515	222	170	2	0x0000040000000000	VCVTBF162IBS	AVX512_SAT_CVT_128
10125	3686	1515	222	170	2	0x0000040000000000	VCVTBF162IBS	AVX512_SAT_CVT_128
10126	3687	1515	223	171	2	0x0000080000000000	VCVTBF162IBS	AVX512_SAT_CVT_256
10127	3688	1515	223	171	2	0x0000080000000000	VCVTBF162IBS	AVX512_SAT_CVT_256
10128	3689	1515	224	172	2	0x0000100000000000	VCVTBF162IBS	AVX512_SAT_CVT_512
10129	3690	1515	224	172	2	0x0000100000000000	VCVTBF162IBS	AVX512_SAT_CVT_512
10130	3917	1551	222	170	2	0x0000040000000000	VCVTPH2IBS	AVX512_SAT_CVT_128
10131	3918	1551	222	170	2	0x0000040000000000	VCVTPH2IBS	AVX512_SAT_CVT_128
10132	3919	1551	223	171	2	0x0000080000000000	VCVTPH2IBS	AVX512_SAT_CVT_256
10133	3920	1551	223	171	2	0x0000080000000000	VCVTPH2IBS	AVX512_SAT_CVT_256
10134	3921	1551	224	172	2	0x0000100000000000	VCVTPH2IBS	AVX512_SAT_CVT_512
10135	3922	1551	224	172	2	0x0000100000000000	VCVTPH2IBS	AVX512_SAT_CVT_512
10136	3922	1551	224	172	2	0x0000100000000000	VCVTPH2IBS	AVX512_SAT_CVT_512
10137	4015	1564	222	170	2	0x0000040000000000	VCVTPS2IBS	AVX512_SAT_CVT_128
10138	4016	1564	222	170	2	0x0000040000000000	VCVTPS2IBS	AVX512_SAT_CVT_128
10139	4017	1564	223	171	2	0x0000080000000000	VCVTPS2IBS	AVX512_SAT_CVT_256
10140	4018	1564	223	171	2	0x0000080000000000	VCVTPS2IBS	AVX512_SAT_CVT_256
10141	4019	1564	224	172	2	0x0000100000000000	VCVTPS2IBS	AVX512_SAT_CVT_512
10142	4020	1564	224	172	2	0x0000100000000000	VCVTPS2IBS	AVX512_SAT_CVT_512
10143	4020	1564	224	172	2	0x0000100000000000	VCVTPS2IBS	AVX512_SAT_CVT_512
10144	4175	1589	222	170	2	0x0000040000000000	VCVTTBF162IUBS	AVX512_SAT_CVT_128
10145	4176	1589	222	170	2	0x0000040000000000	VCVTTBF162IUBS	AVX512_SAT_CVT_128
10146	4177	1589	223	171	2	0x0000080000000000	VCVTTBF162IUBS	AVX512_SAT_CVT_256
10147	4178	1589	223	171	2	0x0000080000000000	VCVTTBF162IUBS	AVX512_SAT_CVT_256
10148	4179	1589	224	172	2	0x0000100000000000	VCVTTBF162IUBS	AVX512_SAT_CVT_512
10149	4180	1589	224	172	2	0x0000100000000000	VCVTTBF162IUBS	AVX512_SAT_CVT_512
10150	4180	1589	224	172	2	0x0000100000000000	VCVTTBF162IUBS	AVX512_SAT_CVT_512
10151	4245	1599	222	170	2	0x0000040000000000	VCVTTPH2IUBS	AVX512_SAT_CVT_128
10152	4246	1599	222	170	2	0x0000040000000000	VCVTTPH2IUBS	AVX512_SAT_CVT_128
10153	4247	1599	223	171	2	0x0000080000000000	VCVTTPH2IUBS	AVX512_SAT_CVT_256
10154	4248	1599	223	171	2	0x0000080000000000	VCVTTPH2IUBS	AVX512_SAT_CVT_256
10155	4249	1599	224	172	2	0x0000100000000000	VCVTTPH2IUBS	AVX512_SAT_CVT_512
10156	4250	1599	224	172	2	0x0000100000000000	VCVTTPH2IUBS	AVX512_SAT_CVT_512
10157	4250	1599	224	172	2	0x0000100000000000	VCVTTPH2IUBS	AVX512_SAT_CVT_512
10158	4303	1607	222	170	2	0x0000040000000000	VCVTTPS2IUBS	AVX512_SAT_CVT_128
10159	4304	1607	222	170	2	0x0000040000000000	VCVTTPS2IUBS	AVX512_SAT_CVT_128
10160	4305	1607	223	171	2	0x0000080000000000	VCVTTPS2IUBS	AVX512_SAT_CVT_256
10161	4306	1607	223	171	2	0x0000080000000000	VCVTTPS2IUBS	AVX512_SAT_CVT_256
10162	4307	1607	224	172	2	0x0000100000000000	VCVTTPS2IUBS	AVX512_SAT_CVT_512
10163	4308	1607	224	172	2	0x0000100000000000	VCVTTPS2IUBS	AVX512_SAT_CVT_512
10164	4308	1607	224	172	2	0x0000100000000000	VCVTTPS2IUBS	AVX512_SAT_CVT_512
10165	3691	1516	222	170	2	0x0000040000000000	VCVTBF162IUBS	AVX512_SAT_CVT_128
10166	3692	1516	222	170	2	0x0000040000000000	VCVTBF162IUBS	AVX512_SAT_CVT_128
10167	3693	1516	223	171	2	0x0000080000000000	VCVTBF162IUBS	AVX512_SAT_CVT_256
10168	3694	1516	223	171	2	0x0000080000000000	VCVTBF162IUBS	AVX512_SAT_CVT_256
10169	3695	1516	224	172	2	0x0000100000000000	VCVTBF162IUBS	AVX512_SAT_CVT_512
10170	3696	1516	224	172	2	0x0000100000000000	VCVTBF162IUBS	AVX512_SAT_CVT_512
10171	3923	1552	222	170	2	0x0000040000000000	VCVTPH2IUBS	AVX512_SAT_CVT_128
10172	3924	1552	222	170	2	0x0000040000000000	VCVTPH2IUBS	AVX512_SAT_CVT_128
10173	3925	1552	223	171	2	0x0000080000000000	VCVTPH2IUBS	AVX512_SAT_CVT_256
10174	3926	1552	223	171	2	0x0000080000000000	VCVTPH2IUBS	AVX512_SAT_CVT_256
10175	3927	1552	224	172	2	0x0000100000000000	VCVTPH2IUBS	AVX512_SAT_CVT_512
10176	3928	1552	224	172	2	0x0000100000000000	VCVTPH2IUBS	AVX512_SAT_CVT_512
10177	3928	1552	224	172	2	0x0000100000000000	VCVTPH2IUBS	AVX512_SAT_CVT_512
10178	4021	1565	222	170	2	0x0000040000000000	VCVTPS2IUBS	AVX512_SAT_CVT_128
10179	4022	1565	222	170	2	0x0000040000000000	VCVTPS2IUBS	AVX512_SAT_CVT_128
10180	4023	1565	223	171	2	0x0000080000000000	VCVTPS2IUBS	AVX512_SAT_CVT_256
10181	4024	1565	223	171	2	0x0000080000000000	VCVTPS2IUBS	AVX512_SAT_CVT_256
10182	4025	1565	224	172	2	0x0000100000000000	VCVTPS2IUBS	AVX512_SAT_CVT_512
10183	4026	1565	224	172	2	0x0000100000000000	VCVTPS2IUBS	AVX512_SAT_CVT_512
10184	4026	1565	224	172	2	0x0000100000000000	VCVTPS2IUBS	AVX512_SAT_CVT_512
10185	4209	1594	225	173	2	0x0000200000000000	VCVTTPD2UDQS	AVX512_SAT_CVT_DS_128
10186	4210	1594	226	174	2	0x0000400000000000	VCVTTPD2UDQS	AVX512_SAT_CVT_DS_256
10187	4211	1594	225	173	2	0x0000200000000000	VCVTTPD2UDQS	AVX512_SAT_CVT_DS_128
10188	4212	1594	226	174	2	0x0000400000000000	VCVTTPD2UDQS	AVX512_SAT_CVT_DS_256
10189	4213	1594	227	175	2	0x0000800000000000	VCVTTPD2UDQS	AVX512_SAT_CVT_DS_512
10190	4214	1594	227	175	2	0x0000800000000000	VCVTTPD2UDQS	AVX512_SAT_CVT_DS_512
10191	4214	1594	227	175	2	0x0000800000000000	VCVTTPD2UDQS	AVX512_SAT_CVT_DS_512
10192	4221	1596	225	173	2	0x0000200000000000	VCVTTPD2UQQS	AVX512_SAT_CVT_DS_128
10193	4222	1596	225	173	2	0x0000200000000000	VCVTTPD2UQQS	AVX512_SAT_CVT_DS_128
10194	4223	1596	226	174	2	0x0000400000000000	VCVTTPD2UQQS	AVX512_SAT_CVT_DS_256
10195	4224	1596	226	174	2	0x0000400000000000	VCVTTPD2UQQS	AVX512_SAT_CVT_DS_256
10196	4225	1596	227	175	2	0x0000800000000000	VCVTTPD2UQQS	AVX512_SAT_CVT_DS_512
10197	4226	1596	227	175	2	0x0000800000000000	VCVTTPD2UQQS	AVX512_SAT_CVT_DS_512
10198	4226	1596	227	175	2	0x0000800000000000	VCVTTPD2UQQS	AVX512_SAT_CVT_DS_512
10199	4321	1611	225	173	2	0x0000200000000000	VCVTTPS2UDQS	AVX512_SAT_CVT_DS_128
10200	4322	1611	225	173	2	0x0000200000000000	VCVTTPS2UDQS	AVX512_SAT_CVT_DS_128
10201	4323	1611	226	174	2	0x0000400000000000	VCVTTPS2UDQS	AVX512_SAT_CVT_DS_256
10202	4324	1611	226	174	2	0x0000400000000000	VCVTTPS2UDQS	AVX512_SAT_CVT_DS_256
10203	4325	1611	227	175	2	0x0000800000000000	VCVTTPS2UDQS	AVX512_SAT_CVT_DS_512
10204	4326	1611	227	175	2	0x0000800000000000	VCVTTPS2UDQS	AVX512_SAT_CVT_DS_512
10205	4326	1611	227	175	2	0x0000800000000000	VCVTTPS2UDQS	AVX512_SAT_CVT_DS_512
10206	4333	1613	225	173	2	0x0000200000000000	VCVTTPS2UQQS	AVX512_SAT_CVT_DS_128
10207	4334	1613	225	173	2	0x0000200000000000	VCVTTPS2UQQS	AVX512_SAT_CVT_DS_128
10208	4335	1613	226	174	2	0x0000400000000000	VCVTTPS2UQQS	AVX512_SAT_CVT_DS_256
10209	4336	1613	226	174	2	0x0000400000000000	VCVTTPS2UQQS	AVX512_SAT_CVT_DS_256
10210	4337	1613	227	175	2	0x0000800000000000	VCVTTPS2UQQS	AVX512_SAT_CVT_DS_512
10211	4338	1613	227	175	2	0x0000800000000000	VCVTTPS2UQQS	AVX512_SAT_CVT_DS_512
10212	4338	1613	227	175	2	0x0000800000000000	VCVTTPS2UQQS	AVX512_SAT_CVT_DS_512
10213	4357	1617	228	176	2	0x0001000000000000	VCVTTSD2USIS	AVX512_SAT_CVT_DS_SCALAR
10214	4357	1617	228	176	2	0x0001000000000000	VCVTTSD2USIS	AVX512_SAT_CVT_DS_SCALAR
10215	4358	1617	228	176	2	0x0001000000000000	VCVTTSD2USIS	AVX512_SAT_CVT_DS_SCALAR
10216	4358	1617	228	176	2	0x0001000000000000	VCVTTSD2USIS	AVX512_SAT_CVT_DS_SCALAR
10217	4358	1617	228	176	2	0x0001000000000000	VCVTTSD2USIS	AVX512_SAT_CVT_DS_SCALAR
10218	4358	1617	228	176	2	0x0001000000000000	VCVTTSD2USIS	AVX512_SAT_CVT_DS_SCALAR
10219	4359	1617	228	176	2	0x0001000000000000	VCVTTSD2USIS	AVX512_SAT_CVT_DS_SCALAR
10220	4360	1617	228	176	2	0x0001000000000000	VCVTTSD2USIS	AVX512_SAT_CVT_DS_SCALAR
10221	4360	1617	228	176	2	0x0001000000000000	VCVTTSD2USIS	AVX512_SAT_CVT_DS_SCALAR
10222	4385	1623	228	176	2	0x0001000000000000	VCVTTSS2USIS	AVX512_SAT_CVT_DS_SCALAR
10223	4385	1623	228	176	2	0x0001000000000000	VCVTTSS2USIS	AVX512_SAT_CVT_DS_SCALAR
10224	4386	1623	228	176	2	0x0001000000000000	VCVTTSS2USIS	AVX512_SAT_CVT_DS_SCALAR
10225	4386	1623	228	176	2	0x0001000000000000	VCVTTSS2USIS	AVX512_SAT_CVT_DS_SCALAR
10226	4386	1623	228	176	2	0x0001000000000000	VCVTTSS2USIS	AVX512_SAT_CVT_DS_SCALAR
10227	4386	1623	228	176	2	0x0001000000000000	VCVTTSS2USIS	AVX512_SAT_CVT_DS_SCALAR
10228	4387	1623	228	176	2	0x0001000000000000	VCVTTSS2USIS	AVX512_SAT_CVT_DS_SCALAR
10229	4388	1623	228	176	2	0x0001000000000000	VCVTTSS2USIS	AVX512_SAT_CVT_DS_SCALAR
10230	4388	1623	228	176	2	0x0001000000000000	VCVTTSS2USIS	AVX512_SAT_CVT_DS_SCALAR
10231	4181	1590	225	173	2	0x0000200000000000	VCVTTPD2DQS	AVX512_SAT_CVT_DS_128
10232	4182	1590	226	174	2	0x0000400000000000	VCVTTPD2DQS	AVX512_SAT_CVT_DS_256
10233	4183	1590	225	173	2	0x0000200000000000	VCVTTPD2DQS	AVX512_SAT_CVT_DS_128
10234	4184	1590	226	174	2	0x0000400000000000	VCVTTPD2DQS	AVX512_SAT_CVT_DS_256
10235	4185	1590	227	175	2	0x0000800000000000	VCVTTPD2DQS	AVX512_SAT_CVT_DS_512
10236	4186	1590	227	175	2	0x0000800000000000	VCVTTPD2DQS	AVX512_SAT_CVT_DS_512
10237	4186	1590	227	175	2	0x0000800000000000	VCVTTPD2DQS	AVX512_SAT_CVT_DS_512
10238	4197	1592	225	173	2	0x0000200000000000	VCVTTPD2QQS	AVX512_SAT_CVT_DS_128
10239	4198	1592	225	173	2	0x0000200000000000	VCVTTPD2QQS	AVX512_SAT_CVT_DS_128
10240	4199	1592	226	174	2	0x0000400000000000	VCVTTPD2QQS	AVX512_SAT_CVT_DS_256
10241	4200	1592	226	174	2	0x0000400000000000	VCVTTPD2QQS	AVX512_SAT_CVT_DS_256
10242	4201	1592	227	175	2	0x0000800000000000	VCVTTPD2QQS	AVX512_SAT_CVT_DS_512
10243	4202	1592	227	175	2	0x0000800000000000	VCVTTPD2QQS	AVX512_SAT_CVT_DS_512
10244	4202	1592	227	175	2	0x0000800000000000	VCVTTPD2QQS	AVX512_SAT_CVT_DS_512
10245	4281	1605	225	173	2	0x0000200000000000	VCVTTPS2DQS	AVX512_SAT_CVT_DS_128
10246	4282	1605	225	173	2	0x0000200000000000	VCVTTPS2DQS	AVX512_SAT_CVT_DS_128
10247	4283	1605	226	174	2	0x0000400000000000	VCVTTPS2DQS	AVX512_SAT_CVT_DS_256
10248	4284	1605	226	174	2	0x0000400000000000	VCVTTPS2DQS	AVX512_SAT_CVT_DS_256
10249	4285	1605	227	175	2	0x0000800000000000	VCVTTPS2DQS	AVX512_SAT_CVT_DS_512
10250	4286	1605	227	175	2	0x0000800000000000	VCVTTPS2DQS	AVX512_SAT_CVT_DS_512
10251	4286	1605	227	175	2	0x0000800000000000	VCVTTPS2DQS	AVX512_SAT_CVT_DS_512
10252	4309	1609	225	173	2	0x0000200000000000	VCVTTPS2QQS	AVX512_SAT_CVT_DS_128
10253	4310	1609	225	173	2	0x0000200000000000	VCVTTPS2QQS	AVX512_SAT_CVT_DS_128
10254	4311	1609	226	174	2	0x0000400000000000	VCVTTPS2QQS	AVX512_SAT_CVT_DS_256
10255	4312	1609	226	174	2	0x0000400000000000	VCVTTPS2QQS	AVX512_SAT_CVT_DS_256
10256	4313	1609	227	175	2	0x0000800000000000	VCVTTPS2QQS	AVX512_SAT_CVT_DS_512
10257	4314	1609	227	175	2	0x0000800000000000	VCVTTPS2QQS	AVX512_SAT_CVT_DS_512
10258	4314	1609	227	175	2	0x0000800000000000	VCVTTPS2QQS	AVX512_SAT_CVT_DS_512
10259	4345	1615	228	176	2	0x0001000000000000	VCVTTSD2SIS	AVX512_SAT_CVT_DS_SCALAR
10260	4345	1615	228	176	2	0x0001000000000000	VCVTTSD2SIS	AVX512_SAT_CVT_DS_SCALAR
10261	4346	1615	228	176	2	0x0001000000000000	VCVTTSD2SIS	AVX512_SAT_CVT_DS_SCALAR
10262	4346	1615	228	176	2	0x0001000000000000	VCVTTSD2SIS	AVX512_SAT_CVT_DS_SCALAR
10263	4346	1615	228	176	2	0x0001000000000000	VCVTTSD2SIS	AVX512_SAT_CVT_DS_SCALAR
10264	4346	1615	228	176	2	0x0001000000000000	VCVTTSD2SIS	AVX512_SAT_CVT_DS_SCALAR
10265	4347	1615	228	176	2	0x0001000000000000	VCVTTSD2SIS	AVX512_SAT_CVT_DS_SCALAR
10266	4348	1615	228	176	2	0x0001000000000000	VCVTTSD2SIS	AVX512_SAT_CVT_DS_SCALAR
10267	4348	1615	228	176	2	0x0001000000000000	VCVTTSD2SIS	AVX512_SAT_CVT_DS_SCALAR
10268	4373	1621	228	176	2	0x0001000000000000	VCVTTSS2SIS	AVX512_SAT_CVT_DS_SCALAR
10269	4373	1621	228	176	2	0x0001000000000000	VCVTTSS2SIS	AVX512_SAT_CVT_DS_SCALAR
10270	4374	1621	228	176	2	0x0001000000000000	VCVTTSS2SIS	AVX512_SAT_CVT_DS_SCALAR
10271	4374	1621	228	176	2	0x0001000000000000	VCVTTSS2SIS	AVX512_SAT_CVT_DS_SCALAR
10272	4374	1621	228	176	2	0x0001000000000000	VCVTTSS2SIS	AVX512_SAT_CVT_DS_SCALAR
10273	4374	1621	228	176	2	0x0001000000000000	VCVTTSS2SIS	AVX512_SAT_CVT_DS_SCALAR
10274	4375	1621	228	176	2	0x0001000000000000	VCVTTSS2SIS	AVX512_SAT_CVT_DS_SCALAR
10275	4376	1621	228	176	2	0x0001000000000000	VCVTTSS2SIS	AVX512_SAT_CVT_DS_SCALAR
10276	4376	1621	228	176	2	0x0001000000000000	VCVTTSS2SIS	AVX512_SAT_CVT_DS_SCALAR
10277	5983	1793	198	146	2	0x0000000000040000	VMOVW	AVX512_FP16_128N
10278	5984	1793	198	146	2	0x0000000000040000	VMOVW	AVX512_FP16_128N
10279	5985	1793	221	169	2	0x0000020000000000	VMOVW	AVX512_MOVZXC_128
10280	5986	1793	221	169	2	0x0000020000000000	VMOVW	AVX512_MOVZXC_128
10281	5897	1784	155	103	1	0x0000008000000000	VMOVRSB	AVX10_MOVRS_128
10282	5898	1784	156	104	1	0x0000010000000000	VMOVRSB	AVX10_MOVRS_256
10283	5899	1784	157	105	1	0x0000020000000000	VMOVRSB	AVX10_MOVRS_512
10284	5900	1785	155	103	1	0x0000008000000000	VMOVRSD	AVX10_MOVRS_128
10285	5901	1785	156	104	1	0x0000010000000000	VMOVRSD	AVX10_MOVRS_256
10286	5902	1785	157	105	1	0x0000020000000000	VMOVRSD	AVX10_MOVRS_512
10287	5903	1786	155	103	1	0x0000008000000000	VMOVRSQ	AVX10_MOVRS_128
10288	5904	1786	156	104	1	0x0000010000000000	VMOVRSQ	AVX10_MOVRS_256
10289	5905	1786	157	105	1	0x0000020000000000	VMOVRSQ	AVX10_MOVRS_512
10290	5906	1787	155	103	1	0x0000008000000000	VMOVRSW	AVX10_MOVRS_128
10291	5907	1787	156	104	1	0x0000010000000000	VMOVRSW	AVX10_MOVRS_256
10292	5908	1787	157	105	1	0x0000020000000000	VMOVRSW	AVX10_MOVRS_512
10293	3655	1511	205	153	2	0x0000000002000000	VCVT2PH2BF8S	AVX512_FP8_CONVERT_128
10294	3656	1511	205	153	2	0x0000000002000000	VCVT2PH2BF8S	AVX512_FP8_CONVERT_128
10295	3657	1511	206	154	2	0x0000000004000000	VCVT2PH2BF8S	AVX512_FP8_CONVERT_256
10296	3658	1511	206	154	2	0x0000000004000000	VCVT2PH2BF8S	AVX512_FP8_CONVERT_256
10297	3659	1511	207	155	2	0x0000000008000000	VCVT2PH2BF8S	AVX512_FP8_CONVERT_512
10298	3660	1511	207	155	2	0x0000000008000000	VCVT2PH2BF8S	AVX512_FP8_CONVERT_512
10299	3721	1523	205	153	2	0x0000000002000000	VCVTBIASPH2BF8S	AVX512_FP8_CONVERT_128
10300	3722	1523	205	153	2	0x0000000002000000	VCVTBIASPH2BF8S	AVX512_FP8_CONVERT_128
10301	3723	1523	206	154	2	0x0000000004000000	VCVTBIASPH2BF8S	AVX512_FP8_CONVERT_256
10302	3724	1523	206	154	2	0x0000000004000000	VCVTBIASPH2BF8S	AVX512_FP8_CONVERT_256
10303	3725	1523	207	155	2	0x0000000008000000	VCVTBIASPH2BF8S	AVX512_FP8_CONVERT_512
10304	3726	1523	207	155	2	0x0000000008000000	VCVTBIASPH2BF8S	AVX512_FP8_CONVERT_512
10305	3887	1547	205	153	2	0x0000000002000000	VCVTPH2BF8S	AVX512_FP8_CONVERT_128
10306	3888	1547	206	154	2	0x0000000004000000	VCVTPH2BF8S	AVX512_FP8_CONVERT_256
10307	3889	1547	205	153	2	0x0000000002000000	VCVTPH2BF8S	AVX512_FP8_CONVERT_128
10308	3890	1547	206	154	2	0x0000000004000000	VCVTPH2BF8S	AVX512_FP8_CONVERT_256
10309	3891	1547	207	155	2	0x0000000008000000	VCVTPH2BF8S	AVX512_FP8_CONVERT_512
10310	3892	1547	207	155	2	0x0000000008000000	VCVTPH2BF8S	AVX512_FP8_CONVERT_512
10311	4257	1601	197	145	2	0x0000000000020000	VCVTTPH2UDQ	AVX512_FP16_128
10312	4258	1601	197	145	2	0x0000000000020000	VCVTTPH2UDQ	AVX512_FP16_128
10313	4259	1601	199	147	2	0x0000000000080000	VCVTTPH2UDQ	AVX512_FP16_256
10314	4260	1601	199	147	2	0x0000000000080000	VCVTTPH2UDQ	AVX512_FP16_256
10315	4261	1601	200	148	2	0x0000000000100000	VCVTTPH2UDQ	AVX512_FP16_512
10316	4262	1601	200	148	2	0x0000000000100000	VCVTTPH2UDQ	AVX512_FP16_512
10317	4262	1601	200	148	2	0x0000000000100000	VCVTTPH2UDQ	AVX512_FP16_512
10318	4263	1602	197	145	2	0x0000000000020000	VCVTTPH2UQQ	AVX512_FP16_128
10319	4264	1602	197	145	2	0x0000000000020000	VCVTTPH2UQQ	AVX512_FP16_128
10320	4265	1602	199	147	2	0x0000000000080000	VCVTTPH2UQQ	AVX512_FP16_256
10321	4266	1602	199	147	2	0x0000000000080000	VCVTTPH2UQQ	AVX512_FP16_256
10322	4267	1602	200	148	2	0x0000000000100000	VCVTTPH2UQQ	AVX512_FP16_512
10323	4268	1602	200	148	2	0x0000000000100000	VCVTTPH2UQQ	AVX512_FP16_512
10324	4268	1602	200	148	2	0x0000000000100000	VCVTTPH2UQQ	AVX512_FP16_512
10325	4369	1619	204	152	2	0x0000000001000000	VCVTTSH2USI	AVX512_FP16_SCALAR
10326	4369	1619	204	152	2	0x0000000001000000	VCVTTSH2USI	AVX512_FP16_SCALAR
10327	4370	1619	204	152	2	0x0000000001000000	VCVTTSH2USI	AVX512_FP16_SCALAR
10328	4370	1619	204	152	2	0x0000000001000000	VCVTTSH2USI	AVX512_FP16_SCALAR
10329	4370	1619	204	152	2	0x0000000001000000	VCVTTSH2USI	AVX512_FP16_SCALAR
10330	4370	1619	204	152	2	0x0000000001000000	VCVTTSH2USI	AVX512_FP16_SCALAR
10331	4371	1619	204	152	2	0x0000000001000000	VCVTTSH2USI	AVX512_FP16_SCALAR
10332	4372	1619	204	152	2	0x0000000001000000	VCVTTSH2USI	AVX512_FP16_SCALAR
10333	4372	1619	204	152	2	0x0000000001000000	VCVTTSH2USI	AVX512_FP16_SCALAR
10334	3957	1556	197	145	2	0x0000000000020000	VCVTPH2UDQ	AVX512_FP16_128
10335	3958	1556	197	145	2	0x0000000000020000	VCVTPH2UDQ	AVX512_FP16_128
10336	3959	1556	199	147	2	0x0000000000080000	VCVTPH2UDQ	AVX512_FP16_256
10337	3960	1556	199	147	2	0x0000000000080000	VCVTPH2UDQ	AVX512_FP16_256
10338	3961	1556	200	148	2	0x0000000000100000	VCVTPH2UDQ	AVX512_FP16_512
10339	3962	1556	200	148	2	0x0000000000100000	VCVTPH2UDQ	AVX512_FP16_512
10340	3962	1556	200	148	2	0x0000000000100000	VCVTPH2UDQ	AVX512_FP16_512
10341	3963	1557	197	145	2	0x0000000000020000	VCVTPH2UQQ	AVX512_FP16_128
10342	3964	1557	197	145	2	0x0000000000020000	VCVTPH2UQQ	AVX512_FP16_128
10343	3965	1557	199	147	2	0x0000000000080000	VCVTPH2UQQ	AVX512_FP16_256
10344	3966	1557	199	147	2	0x0000000000080000	VCVTPH2UQQ	AVX512_FP16_256
10345	3967	1557	200	148	2	0x0000000000100000	VCVTPH2UQQ	AVX512_FP16_512
10346	3968	1557	200	148	2	0x0000000000100000	VCVTPH2UQQ	AVX512_FP16_512
10347	3968	1557	200	148	2	0x0000000000100000	VCVTPH2UQQ	AVX512_FP16_512
10348	4127	1581	204	152	2	0x0000000001000000	VCVTSH2USI	AVX512_FP16_SCALAR
10349	4127	1581	204	152	2	0x0000000001000000	VCVTSH2USI	AVX512_FP16_SCALAR
10350	4128	1581	204	152	2	0x0000000001000000	VCVTSH2USI	AVX512_FP16_SCALAR
10351	4128	1581	204	152	2	0x0000000001000000	VCVTSH2USI	AVX512_FP16_SCALAR
10352	4128	1581	204	152	2	0x0000000001000000	VCVTSH2USI	AVX512_FP16_SCALAR
10353	4128	1581	204	152	2	0x0000000001000000	VCVTSH2USI	AVX512_FP16_SCALAR
10354	4129	1581	204	152	2	0x0000000001000000	VCVTSH2USI	AVX512_FP16_SCALAR
10355	4130	1581	204	152	2	0x0000000001000000	VCVTSH2USI	AVX512_FP16_SCALAR
10356	4130	1581	204	152	2	0x0000000001000000	VCVTSH2USI	AVX512_FP16_SCALAR
10357	4251	1600	197	145	2	0x0000000000020000	VCVTTPH2QQ	AVX512_FP16_128
10358	4252	1600	197	145	2	0x0000000000020000	VCVTTPH2QQ	AVX512_FP16_128
10359	4253	1600	199	147	2	0x0000000000080000	VCVTTPH2QQ	AVX512_FP16_256
10360	4254	1600	199	147	2	0x0000000000080000	VCVTTPH2QQ	AVX512_FP16_256
10361	4255	1600	200	148	2	0x0000000000100000	VCVTTPH2QQ	AVX512_FP16_512
10362	4256	1600	200	148	2	0x0000000000100000	VCVTTPH2QQ	AVX512_FP16_512
10363	4256	1600	200	148	2	0x0000000000100000	VCVTTPH2QQ	AVX512_FP16_512
10364	4399	1625	197	145	2	0x0000000000020000	VCVTUDQ2PH	AVX512_FP16_128
10365	4400	1625	199	147	2	0x0000000000080000	VCVTUDQ2PH	AVX512_FP16_256
10366	4401	1625	197	145	2	0x0000000000020000	VCVTUDQ2PH	AVX512_FP16_128
10367	4402	1625	199	147	2	0x0000000000080000	VCVTUDQ2PH	AVX512_FP16_256
10368	4403	1625	200	148	2	0x0000000000100000	VCVTUDQ2PH	AVX512_FP16_512
10369	4404	1625	200	148	2	0x0000000000100000	VCVTUDQ2PH	AVX512_FP16_512
10370	4404	1625	200	148	2	0x0000000000100000	VCVTUDQ2PH	AVX512_FP16_512
10371	4417	1628	197	145	2	0x0000000000020000	VCVTUQQ2PH	AVX512_FP16_128
10372	4418	1628	199	147	2	0x0000000000080000	VCVTUQQ2PH	AVX512_FP16_256
10373	4419	1628	200	148	2	0x0000000000100000	VCVTUQQ2PH	AVX512_FP16_512
10374	4420	1628	197	145	2	0x0000000000020000	VCVTUQQ2PH	AVX512_FP16_128
10375	4421	1628	199	147	2	0x0000000000080000	VCVTUQQ2PH	AVX512_FP16_256
10376	4422	1628	200	148	2	0x0000000000100000	VCVTUQQ2PH	AVX512_FP16_512
10377	4422	1628	200	148	2	0x0000000000100000	VCVTUQQ2PH	AVX512_FP16_512
10378	3951	1555	197	145	2	0x0000000000020000	VCVTPH2QQ	AVX512_FP16_128
10379	3952	1555	197	145	2	0x0000000000020000	VCVTPH2QQ	AVX512_FP16_128
10380	3953	1555	199	147	2	0x0000000000080000	VCVTPH2QQ	AVX512_FP16_256
10381	3954	1555	199	147	2	0x0000000000080000	VCVTPH2QQ	AVX512_FP16_256
10382	3955	1555	200	148	2	0x0000000000100000	VCVTPH2QQ	AVX512_FP16_512
10383	3956	1555	200	148	2	0x0000000000100000	VCVTPH2QQ	AVX512_FP16_512
10384	3956	1555	200	148	2	0x0000000000100000	VCVTPH2QQ	AVX512_FP16_512
10385	4433	1631	204	152	2	0x0000000001000000	VCVTUSI2SH	AVX512_FP16_SCALAR
10386	4433	1631	204	152	2	0x0000000001000000	VCVTUSI2SH	AVX512_FP16_SCALAR
10387	4433	1631	204	152	2	0x0000000001000000	VCVTUSI2SH	AVX512_FP16_SCALAR
10388	4433	1631	204	152	2	0x0000000001000000	VCVTUSI2SH	AVX512_FP16_SCALAR
10389	4434	1631	204	152	2	0x0000000001000000	VCVTUSI2SH	AVX512_FP16_SCALAR
10390	4434	1631	204	152	2	0x0000000001000000	VCVTUSI2SH	AVX512_FP16_SCALAR
10391	4435	1631	204	152	2	0x0000000001000000	VCVTUSI2SH	AVX512_FP16_SCALAR
10392	4435	1631	204	152	2	0x0000000001000000	VCVTUSI2SH	AVX512_FP16_SCALAR
10393	4436	1631	204	152	2	0x0000000001000000	VCVTUSI2SH	AVX512_FP16_SCALAR
10394	4269	1603	197	145	2	0x0000000000020000	VCVTTPH2UW	AVX512_FP16_128
10395	4270	1603	197	145	2	0x0000000000020000	VCVTTPH2UW	AVX512_FP16_128
10396	4271	1603	199	147	2	0x0000000000080000	VCVTTPH2UW	AVX512_FP16_256
10397	4272	1603	199	147	2	0x0000000000080000	VCVTTPH2UW	AVX512_FP16_256
10398	4273	1603	200	148	2	0x0000000000100000	VCVTTPH2UW	AVX512_FP16_512
10399	4274	1603	200	148	2	0x0000000000100000	VCVTTPH2UW	AVX512_FP16_512
10400	4274	1603	200	148	2	0x0000000000100000	VCVTTPH2UW	AVX512_FP16_512
10401	4275	1604	197	145	2	0x0000000000020000	VCVTTPH2W	AVX512_FP16_128
10402	4276	1604	197	145	2	0x0000000000020000	VCVTTPH2W	AVX512_FP16_128
10403	4277	1604	199	147	2	0x0000000000080000	VCVTTPH2W	AVX512_FP16_256
10404	4278	1604	199	147	2	0x0000000000080000	VCVTTPH2W	AVX512_FP16_256
10405	4279	1604	200	148	2	0x0000000000100000	VCVTTPH2W	AVX512_FP16_512
10406	4280	1604	200	148	2	0x0000000000100000	VCVTTPH2W	AVX512_FP16_512
10407	4280	1604	200	148	2	0x0000000000100000	VCVTTPH2W	AVX512_FP16_512
10408	3969	1558	197	145	2	0x0000000000020000	VCVTPH2UW	AVX512_FP16_128
10409	3970	1558	197	145	2	0x0000000000020000	VCVTPH2UW	AVX512_FP16_128
10410	3971	1558	199	147	2	0x0000000000080000	VCVTPH2UW	AVX512_FP16_256
10411	3972	1558	199	147	2	0x0000000000080000	VCVTPH2UW	AVX512_FP16_256
10412	3973	1558	200	148	2	0x0000000000100000	VCVTPH2UW	AVX512_FP16_512
10413	3974	1558	200	148	2	0x0000000000100000	VCVTPH2UW	AVX512_FP16_512
10414	3974	1558	200	148	2	0x0000000000100000	VCVTPH2UW	AVX512_FP16_512
10415	3975	1559	197	145	2	0x0000000000020000	VCVTPH2W	AVX512_FP16_128
10416	3976	1559	197	145	2	0x0000000000020000	VCVTPH2W	AVX512_FP16_128
10417	3977	1559	199	147	2	0x0000000000080000	VCVTPH2W	AVX512_FP16_256
10418	3978	1559	199	147	2	0x0000000000080000	VCVTPH2W	AVX512_FP16_256
10419	3979	1559	200	148	2	0x0000000000100000	VCVTPH2W	AVX512_FP16_512
10420	3980	1559	200	148	2	0x0000000000100000	VCVTPH2W	AVX512_FP16_512
10421	3980	1559	200	148	2	0x0000000000100000	VCVTPH2W	AVX512_FP16_512
10422	4441	1633	197	145	2	0x0000000000020000	VCVTUW2PH	AVX512_FP16_128
10423	4442	1633	197	145	2	0x0000000000020000	VCVTUW2PH	AVX512_FP16_128
10424	4443	1633	199	147	2	0x0000000000080000	VCVTUW2PH	AVX512_FP16_256
10425	4444	1633	199	147	2	0x0000000000080000	VCVTUW2PH	AVX512_FP16_256
10426	4445	1633	200	148	2	0x0000000000100000	VCVTUW2PH	AVX512_FP16_512
10427	4446	1633	200	148	2	0x0000000000100000	VCVTUW2PH	AVX512_FP16_512
10428	4446	1633	200	148	2	0x0000000000100000	VCVTUW2PH	AVX512_FP16_512
10429	4447	1634	197	145	2	0x0000000000020000	VCVTW2PH	AVX512_FP16_128
10430	4448	1634	197	145	2	0x0000000000020000	VCVTW2PH	AVX512_FP16_128
10431	4449	1634	199	147	2	0x0000000000080000	VCVTW2PH	AVX512_FP16_256
10432	4450	1634	199	147	2	0x0000000000080000	VCVTW2PH	AVX512_FP16_256
10433	4451	1634	200	148	2	0x0000000000100000	VCVTW2PH	AVX512_FP16_512
10434	4452	1634	200	148	2	0x0000000000100000	VCVTW2PH	AVX512_FP16_512
10435	4452	1634	200	148	2	0x0000000000100000	VCVTW2PH	AVX512_FP16_512
10436	5980	1793	198	146	2	0x0000000000040000	VMOVW	AVX512_FP16_128N
10437	5981	1793	198	146	2	0x0000000000040000	VMOVW	AVX512_FP16_128N
10438	5982	1793	221	169	2	0x0000020000000000	VMOVW	AVX512_MOVZXC_128
10439	5986	1793	221	169	2	0x0000020000000000	VMOVW	AVX512_MOVZXC_128
10440	3935	1554	197	145	2	0x0000000000020000	VCVTPH2PSX	AVX512_FP16_128
10441	3936	1554	197	145	2	0x0000000000020000	VCVTPH2PSX	AVX512_FP16_128
10442	3937	1554	199	147	2	0x0000000000080000	VCVTPH2PSX	AVX512_FP16_256
10443	3938	1554	199	147	2	0x0000000000080000	VCVTPH2PSX	AVX512_FP16_256
10444	3939	1554	200	148	2	0x0000000000100000	VCVTPH2PSX	AVX512_FP16_512
10445	3940	1554	200	148	2	0x0000000000100000	VCVTPH2PSX	AVX512_FP16_512
10446	3940	1554	200	148	2	0x0000000000100000	VCVTPH2PSX	AVX512_FP16_512
10447	4125	1580	204	152	2	0x0000000001000000	VCVTSH2SS	AVX512_FP16_SCALAR
10448	4126	1580	204	152	2	0x0000000001000000	VCVTSH2SS	AVX512_FP16_SCALAR
10449	4126	1580	204	152	2	0x0000000001000000	VCVTSH2SS	AVX512_FP16_SCALAR
10450	8595	1978	151	99	1	0x0000000800000000	VSCALEFBF16	AVX10_2_BF16_128
10451	8596	1978	151	99	1	0x0000000800000000	VSCALEFBF16	AVX10_2_BF16_128
10452	8597	1978	152	100	1	0x0000001000000000	VSCALEFBF16	AVX10_2_BF16_256
10453	8598	1978	152	100	1	0x0000001000000000	VSCALEFBF16	AVX10_2_BF16_256
10454	8599	1978	153	101	1	0x0000002000000000	VSCALEFBF16	AVX10_2_BF16_512
10455	8600	1978	153	101	1	0x0000002000000000	VSCALEFBF16	AVX10_2_BF16_512
10456	8607	1980	197	145	2	0x0000000000020000	VSCALEFPH	AVX512_FP16_128
10457	8608	1980	197	145	2	0x0000000000020000	VSCALEFPH	AVX512_FP16_128
10458	8609	1980	199	147	2	0x0000000000080000	VSCALEFPH	AVX512_FP16_256
10459	8610	1980	199	147	2	0x0000000000080000	VSCALEFPH	AVX512_FP16_256
10460	8611	1980	200	148	2	0x0000000000100000	VSCALEFPH	AVX512_FP16_512
10461	8612	1980	200	148	2	0x0000000000100000	VSCALEFPH	AVX512_FP16_512
10462	8612	1980	200	148	2	0x0000000000100000	VSCALEFPH	AVX512_FP16_512
10463	8621	1983	204	152	2	0x0000000001000000	VSCALEFSH	AVX512_FP16_SCALAR
10464	8622	1983	204	152	2	0x0000000001000000	VSCALEFSH	AVX512_FP16_SCALAR
10465	8622	1983	204	152	2	0x0000000001000000	VSCALEFSH	AVX512_FP16_SCALAR
10466	5445	1128	151	99	1	0x0000000800000000	VGETEXPBF16	AVX10_2_BF16_128
10467	5446	1128	151	99	1	0x0000000800000000	VGETEXPBF16	AVX10_2_BF16_128
10468	5447	1128	152	100	1	0x0000001000000000	VGETEXPBF16	AVX10_2_BF16_256
10469	5448	1128	152	100	1	0x0000001000000000	VGETEXPBF16	AVX10_2_BF16_256
10470	5449	1128	153	101	1	0x0000002000000000	VGETEXPBF16	AVX10_2_BF16_512
10471	5450	1128	153	101	1	0x0000002000000000	VGETEXPBF16	AVX10_2_BF16_512
10472	5457	1126	197	145	2	0x0000000000020000	VGETEXPPH	AVX512_FP16_128
10473	5458	1126	197	145	2	0x0000000000020000	VGETEXPPH	AVX512_FP16_128
10474	5459	1126	199	147	2	0x0000000000080000	VGETEXPPH	AVX512_FP16_256
10475	5460	1126	199	147	2	0x0000000000080000	VGETEXPPH	AVX512_FP16_256
10476	5461	1126	200	148	2	0x0000000000100000	VGETEXPPH	AVX512_FP16_512
10477	5462	1126	200	148	2	0x0000000000100000	VGETEXPPH	AVX512_FP16_512
10478	5462	1126	200	148	2	0x0000000000100000	VGETEXPPH	AVX512_FP16_512
10479	5471	1127	204	152	2	0x0000000001000000	VGETEXPSH	AVX512_FP16_SCALAR
10480	5472	1127	204	152	2	0x0000000001000000	VGETEXPSH	AVX512_FP16_SCALAR
10481	5472	1127	204	152	2	0x0000000001000000	VGETEXPSH	AVX512_FP16_SCALAR
10482	8459	1946	151	99	1	0x0000000800000000	VRCPBF16	AVX10_2_BF16_128
10483	8460	1946	151	99	1	0x0000000800000000	VRCPBF16	AVX10_2_BF16_128
10484	8461	1946	152	100	1	0x0000001000000000	VRCPBF16	AVX10_2_BF16_256
10485	8462	1946	152	100	1	0x0000001000000000	VRCPBF16	AVX10_2_BF16_256
10486	8463	1946	153	101	1	0x0000002000000000	VRCPBF16	AVX10_2_BF16_512
10487	8464	1946	153	101	1	0x0000002000000000	VRCPBF16	AVX10_2_BF16_512
10488	8465	1947	197	145	2	0x0000000000020000	VRCPPH	AVX512_FP16_128
10489	8466	1947	197	145	2	0x0000000000020000	VRCPPH	AVX512_FP16_128
10490	8467	1947	199	147	2	0x0000000000080000	VRCPPH	AVX512_FP16_256
10491	8468	1947	199	147	2	0x0000000000080000	VRCPPH	AVX512_FP16_256
10492	8469	1947	200	148	2	0x0000000000100000	VRCPPH	AVX512_FP16_512
10493	8470	1947	200	148	2	0x0000000000100000	VRCPPH	AVX512_FP16_512
10494	8475	1948	204	152	2	0x0000000001000000	VRCPSH	AVX512_FP16_SCALAR
10495	8476	1948	204	152	2	0x0000000001000000	VRCPSH	AVX512_FP16_SCALAR
10496	8575	1975	151	99	1	0x0000000800000000	VRSQRTBF16	AVX10_2_BF16_128
10497	8576	1975	151	99	1	0x0000000800000000	VRSQRTBF16	AVX10_2_BF16_128
10498	8577	1975	152	100	1	0x0000001000000000	VRSQRTBF16	AVX10_2_BF16_256
10499	8578	1975	152	100	1	0x0000001000000000	VRSQRTBF16	AVX10_2_BF16_256
10500	8579	1975	153	101	1	0x0000002000000000	VRSQRTBF16	AVX10_2_BF16_512
10501	8580	1975	153	101	1	0x0000002000000000	VRSQRTBF16	AVX10_2_BF16_512
10502	8581	1976	197	145	2	0x0000000000020000	VRSQRTPH	AVX512_FP16_128
10503	8582	1976	197	145	2	0x0000000000020000	VRSQRTPH	AVX512_FP16_128
10504	8583	1976	199	147	2	0x0000000000080000	VRSQRTPH	AVX512_FP16_256
10505	8584	1976	199	147	2	0x0000000000080000	VRSQRTPH	AVX512_FP16_256
10506	8585	1976	200	148	2	0x0000000000100000	VRSQRTPH	AVX512_FP16_512
10507	8586	1976	200	148	2	0x0000000000100000	VRSQRTPH	AVX512_FP16_512
10508	8591	1977	204	152	2	0x0000000001000000	VRSQRTSH	AVX512_FP16_SCALAR
10509	8592	1977	204	152	2	0x0000000001000000	VRSQRTSH	AVX512_FP16_SCALAR
10510	4571	1657	197	145	2	0x0000000000020000	VFCMADDCPH	AVX512_FP16_128
10511	4572	1657	197	145	2	0x0000000000020000	VFCMADDCPH	AVX512_FP16_128
10512	4573	1657	199	147	2	0x0000000000080000	VFCMADDCPH	AVX512_FP16_256
10513	4574	1657	199	147	2	0x0000000000080000	VFCMADDCPH	AVX512_FP16_256
10514	4575	1657	200	148	2	0x0000000000100000	VFCMADDCPH	AVX512_FP16_512
10515	4576	1657	200	148	2	0x0000000000100000	VFCMADDCPH	AVX512_FP16_512
10516	4576	1657	200	148	2	0x0000000000100000	VFCMADDCPH	AVX512_FP16_512
10517	4729	1674	197	145	2	0x0000000000020000	VFMADDCPH	AVX512_FP16_128
10518	4730	1674	197	145	2	0x0000000000020000	VFMADDCPH	AVX512_FP16_128
10519	4731	1674	199	147	2	0x0000000000080000	VFMADDCPH	AVX512_FP16_256
10520	4732	1674	199	147	2	0x0000000000080000	VFMADDCPH	AVX512_FP16_256
10521	4733	1674	200	148	2	0x0000000000100000	VFMADDCPH	AVX512_FP16_512
10522	4734	1674	200	148	2	0x0000000000100000	VFMADDCPH	AVX512_FP16_512
10523	4734	1674	200	148	2	0x0000000000100000	VFMADDCPH	AVX512_FP16_512
10524	4577	1658	204	152	2	0x0000000001000000	VFCMADDCSH	AVX512_FP16_SCALAR
10525	4578	1658	204	152	2	0x0000000001000000	VFCMADDCSH	AVX512_FP16_SCALAR
10526	4578	1658	204	152	2	0x0000000001000000	VFCMADDCSH	AVX512_FP16_SCALAR
10527	4735	1675	204	152	2	0x0000000001000000	VFMADDCSH	AVX512_FP16_SCALAR
10528	4736	1675	204	152	2	0x0000000001000000	VFMADDCSH	AVX512_FP16_SCALAR
10529	4736	1675	204	152	2	0x0000000001000000	VFMADDCSH	AVX512_FP16_SCALAR
10530	379	1222	116	64	1	0x0000000000000001	BSRMOVF	ACE_1
10531	380	1222	116	64	1	0x0000000000000001	BSRMOVF	ACE_1
10532	381	1223	116	64	1	0x0000000000000001	BSRMOVH	ACE_1
10533	382	1223	116	64	1	0x0000000000000001	BSRMOVH	ACE_1
10534	383	1223	116	64	1	0x0000000000000001	BSRMOVH	ACE_1
10535	384	1223	116	64	1	0x0000000000000001	BSRMOVH	ACE_1
10536	385	1224	116	64	1	0x0000000000000001	BSRMOVL	ACE_1
10537	386	1224	116	64	1	0x0000000000000001	BSRMOVL	ACE_1
10538	387	1224	116	64	1	0x0000000000000001	BSRMOVL	ACE_1
10539	388	1224	116	64	1	0x0000000000000001	BSRMOVL	ACE_1
10540	4765	1676	197	145	2	0x0000000000020000	VFMADDSUB132PH	AVX512_FP16_128
10541	4766	1676	197	145	2	0x0000000000020000	VFMADDSUB132PH	AVX512_FP16_128
10542	4767	1676	199	147	2	0x0000000000080000	VFMADDSUB132PH	AVX512_FP16_256
10543	4768	1676	199	147	2	0x0000000000080000	VFMADDSUB132PH	AVX512_FP16_256
10544	4769	1676	200	148	2	0x0000000000100000	VFMADDSUB132PH	AVX512_FP16_512
10545	4770	1676	200	148	2	0x0000000000100000	VFMADDSUB132PH	AVX512_FP16_512
10546	4770	1676	200	148	2	0x0000000000100000	VFMADDSUB132PH	AVX512_FP16_512
10547	4981	1688	197	145	2	0x0000000000020000	VFMSUBADD132PH	AVX512_FP16_128
10548	4982	1688	197	145	2	0x0000000000020000	VFMSUBADD132PH	AVX512_FP16_128
10549	4983	1688	199	147	2	0x0000000000080000	VFMSUBADD132PH	AVX512_FP16_256
10550	4984	1688	199	147	2	0x0000000000080000	VFMSUBADD132PH	AVX512_FP16_256
10551	4985	1688	200	148	2	0x0000000000100000	VFMSUBADD132PH	AVX512_FP16_512
10552	4986	1688	200	148	2	0x0000000000100000	VFMSUBADD132PH	AVX512_FP16_512
10553	4986	1688	200	148	2	0x0000000000100000	VFMSUBADD132PH	AVX512_FP16_512
10554	4603	1665	151	99	1	0x0000000800000000	VFMADD132BF16	AVX10_2_BF16_128
10555	4604	1665	151	99	1	0x0000000800000000	VFMADD132BF16	AVX10_2_BF16_128
10556	4605	1665	152	100	1	0x0000001000000000	VFMADD132BF16	AVX10_2_BF16_256
10557	4606	1665	152	100	1	0x0000001000000000	VFMADD132BF16	AVX10_2_BF16_256
10558	4607	1665	153	101	1	0x0000002000000000	VFMADD132BF16	AVX10_2_BF16_512
10559	4608	1665	153	101	1	0x0000002000000000	VFMADD132BF16	AVX10_2_BF16_512
10560	4619	1666	197	145	2	0x0000000000020000	VFMADD132PH	AVX512_FP16_128
10561	4620	1666	197	145	2	0x0000000000020000	VFMADD132PH	AVX512_FP16_128
10562	4621	1666	199	147	2	0x0000000000080000	VFMADD132PH	AVX512_FP16_256
10563	4622	1666	199	147	2	0x0000000000080000	VFMADD132PH	AVX512_FP16_256
10564	4623	1666	200	148	2	0x0000000000100000	VFMADD132PH	AVX512_FP16_512
10565	4624	1666	200	148	2	0x0000000000100000	VFMADD132PH	AVX512_FP16_512
10566	4624	1666	200	148	2	0x0000000000100000	VFMADD132PH	AVX512_FP16_512
10567	4639	1667	204	152	2	0x0000000001000000	VFMADD132SH	AVX512_FP16_SCALAR
10568	4640	1667	204	152	2	0x0000000001000000	VFMADD132SH	AVX512_FP16_SCALAR
10569	4640	1667	204	152	2	0x0000000001000000	VFMADD132SH	AVX512_FP16_SCALAR
10570	4845	1679	151	99	1	0x0000000800000000	VFMSUB132BF16	AVX10_2_BF16_128
10571	4846	1679	151	99	1	0x0000000800000000	VFMSUB132BF16	AVX10_2_BF16_128
10572	4847	1679	152	100	1	0x0000001000000000	VFMSUB132BF16	AVX10_2_BF16_256
10573	4848	1679	152	100	1	0x0000001000000000	VFMSUB132BF16	AVX10_2_BF16_256
10574	4849	1679	153	101	1	0x0000002000000000	VFMSUB132BF16	AVX10_2_BF16_512
10575	4850	1679	153	101	1	0x0000002000000000	VFMSUB132BF16	AVX10_2_BF16_512
10576	4861	1680	197	145	2	0x0000000000020000	VFMSUB132PH	AVX512_FP16_128
10577	4862	1680	197	145	2	0x0000000000020000	VFMSUB132PH	AVX512_FP16_128
10578	4863	1680	199	147	2	0x0000000000080000	VFMSUB132PH	AVX512_FP16_256
10579	4864	1680	199	147	2	0x0000000000080000	VFMSUB132PH	AVX512_FP16_256
10580	4865	1680	200	148	2	0x0000000000100000	VFMSUB132PH	AVX512_FP16_512
10581	4866	1680	200	148	2	0x0000000000100000	VFMSUB132PH	AVX512_FP16_512
10582	4866	1680	200	148	2	0x0000000000100000	VFMSUB132PH	AVX512_FP16_512
10583	4881	1681	204	152	2	0x0000000001000000	VFMSUB132SH	AVX512_FP16_SCALAR
10584	4882	1681	204	152	2	0x0000000001000000	VFMSUB132SH	AVX512_FP16_SCALAR
10585	4882	1681	204	152	2	0x0000000001000000	VFMSUB132SH	AVX512_FP16_SCALAR
10586	5087	1693	151	99	1	0x0000000800000000	VFNMADD132BF16	AVX10_2_BF16_128
10587	5088	1693	151	99	1	0x0000000800000000	VFNMADD132BF16	AVX10_2_BF16_128
10588	5089	1693	152	100	1	0x0000001000000000	VFNMADD132BF16	AVX10_2_BF16_256
10589	5090	1693	152	100	1	0x0000001000000000	VFNMADD132BF16	AVX10_2_BF16_256
10590	5091	1693	153	101	1	0x0000002000000000	VFNMADD132BF16	AVX10_2_BF16_512
10591	5092	1693	153	101	1	0x0000002000000000	VFNMADD132BF16	AVX10_2_BF16_512
10592	5103	1694	197	145	2	0x0000000000020000	VFNMADD132PH	AVX512_FP16_128
10593	5104	1694	197	145	2	0x0000000000020000	VFNMADD132PH	AVX512_FP16_128
10594	5105	1694	199	147	2	0x0000000000080000	VFNMADD132PH	AVX512_FP16_256
10595	5106	1694	199	147	2	0x0000000000080000	VFNMADD132PH	AVX512_FP16_256
10596	5107	1694	200	148	2	0x0000000000100000	VFNMADD132PH	AVX512_FP16_512
10597	5108	1694	200	148	2	0x0000000000100000	VFNMADD132PH	AVX512_FP16_512
10598	5108	1694	200	148	2	0x0000000000100000	VFNMADD132PH	AVX512_FP16_512
10599	5123	1695	204	152	2	0x0000000001000000	VFNMADD132SH	AVX512_FP16_SCALAR
10600	5124	1695	204	152	2	0x0000000001000000	VFNMADD132SH	AVX512_FP16_SCALAR
10601	5124	1695	204	152	2	0x0000000001000000	VFNMADD132SH	AVX512_FP16_SCALAR
10602	5231	1702	151	99	1	0x0000000800000000	VFNMSUB132BF16	AVX10_2_BF16_128
10603	5232	1702	151	99	1	0x0000000800000000	VFNMSUB132BF16	AVX10_2_BF16_128
10604	5233	1702	152	100	1	0x0000001000000000	VFNMSUB132BF16	AVX10_2_BF16_256
10605	5234	1702	152	100	1	0x0000001000000000	VFNMSUB132BF16	AVX10_2_BF16_256
10606	5235	1702	153	101	1	0x0000002000000000	VFNMSUB132BF16	AVX10_2_BF16_512
10607	5236	1702	153	101	1	0x0000002000000000	VFNMSUB132BF16	AVX10_2_BF16_512
10608	5247	1703	197	145	2	0x0000000000020000	VFNMSUB132PH	AVX512_FP16_128
10609	5248	1703	197	145	2	0x0000000000020000	VFNMSUB132PH	AVX512_FP16_128
10610	5249	1703	199	147	2	0x0000000000080000	VFNMSUB132PH	AVX512_FP16_256
10611	5250	1703	199	147	2	0x0000000000080000	VFNMSUB132PH	AVX512_FP16_256
10612	5251	1703	200	148	2	0x0000000000100000	VFNMSUB132PH	AVX512_FP16_512
10613	5252	1703	200	148	2	0x0000000000100000	VFNMSUB132PH	AVX512_FP16_512
10614	5252	1703	200	148	2	0x0000000000100000	VFNMSUB132PH	AVX512_FP16_512
10615	5267	1704	204	152	2	0x0000000001000000	VFNMSUB132SH	AVX512_FP16_SCALAR
10616	5268	1704	204	152	2	0x0000000001000000	VFNMSUB132SH	AVX512_FP16_SCALAR
10617	5268	1704	204	152	2	0x0000000001000000	VFNMSUB132SH	AVX512_FP16_SCALAR
10618	4791	1677	197	145	2	0x0000000000020000	VFMADDSUB213PH	AVX512_FP16_128
10619	4792	1677	197	145	2	0x0000000000020000	VFMADDSUB213PH	AVX512_FP16_128
10620	4793	1677	199	147	2	0x0000000000080000	VFMADDSUB213PH	AVX512_FP16_256
10621	4794	1677	199	147	2	0x0000000000080000	VFMADDSUB213PH	AVX512_FP16_256
10622	4795	1677	200	148	2	0x0000000000100000	VFMADDSUB213PH	AVX512_FP16_512
10623	4796	1677	200	148	2	0x0000000000100000	VFMADDSUB213PH	AVX512_FP16_512
10624	4796	1677	200	148	2	0x0000000000100000	VFMADDSUB213PH	AVX512_FP16_512
10625	5007	1689	197	145	2	0x0000000000020000	VFMSUBADD213PH	AVX512_FP16_128
10626	5008	1689	197	145	2	0x0000000000020000	VFMSUBADD213PH	AVX512_FP16_128
10627	5009	1689	199	147	2	0x0000000000080000	VFMSUBADD213PH	AVX512_FP16_256
10628	5010	1689	199	147	2	0x0000000000080000	VFMSUBADD213PH	AVX512_FP16_256
10629	5011	1689	200	148	2	0x0000000000100000	VFMSUBADD213PH	AVX512_FP16_512
10630	5012	1689	200	148	2	0x0000000000100000	VFMSUBADD213PH	AVX512_FP16_512
10631	5012	1689	200	148	2	0x0000000000100000	VFMSUBADD213PH	AVX512_FP16_512
10632	4645	1668	151	99	1	0x0000000800000000	VFMADD213BF16	AVX10_2_BF16_128
10633	4646	1668	151	99	1	0x0000000800000000	VFMADD213BF16	AVX10_2_BF16_128
10634	4647	1668	152	100	1	0x0000001000000000	VFMADD213BF16	AVX10_2_BF16_256
10635	4648	1668	152	100	1	0x0000001000000000	VFMADD213BF16	AVX10_2_BF16_256
10636	4649	1668	153	101	1	0x0000002000000000	VFMADD213BF16	AVX10_2_BF16_512
10637	4650	1668	153	101	1	0x0000002000000000	VFMADD213BF16	AVX10_2_BF16_512
10638	4661	1669	197	145	2	0x0000000000020000	VFMADD213PH	AVX512_FP16_128
10639	4662	1669	197	145	2	0x0000000000020000	VFMADD213PH	AVX512_FP16_128
10640	4663	1669	199	147	2	0x0000000000080000	VFMADD213PH	AVX512_FP16_256
10641	4664	1669	199	147	2	0x0000000000080000	VFMADD213PH	AVX512_FP16_256
10642	4665	1669	200	148	2	0x0000000000100000	VFMADD213PH	AVX512_FP16_512
10643	4666	1669	200	148	2	0x0000000000100000	VFMADD213PH	AVX512_FP16_512
10644	4666	1669	200	148	2	0x0000000000100000	VFMADD213PH	AVX512_FP16_512
10645	4681	1670	204	152	2	0x0000000001000000	VFMADD213SH	AVX512_FP16_SCALAR
10646	4682	1670	204	152	2	0x0000000001000000	VFMADD213SH	AVX512_FP16_SCALAR
10647	4682	1670	204	152	2	0x0000000001000000	VFMADD213SH	AVX512_FP16_SCALAR
10648	4887	1682	151	99	1	0x0000000800000000	VFMSUB213BF16	AVX10_2_BF16_128
10649	4888	1682	151	99	1	0x0000000800000000	VFMSUB213BF16	AVX10_2_BF16_128
10650	4889	1682	152	100	1	0x0000001000000000	VFMSUB213BF16	AVX10_2_BF16_256
10651	4890	1682	152	100	1	0x0000001000000000	VFMSUB213BF16	AVX10_2_BF16_256
10652	4891	1682	153	101	1	0x0000002000000000	VFMSUB213BF16	AVX10_2_BF16_512
10653	4892	1682	153	101	1	0x0000002000000000	VFMSUB213BF16	AVX10_2_BF16_512
10654	4903	1683	197	145	2	0x0000000000020000	VFMSUB213PH	AVX512_FP16_128
10655	4904	1683	197	145	2	0x0000000000020000	VFMSUB213PH	AVX512_FP16_128
10656	4905	1683	199	147	2	0x0000000000080000	VFMSUB213PH	AVX512_FP16_256
10657	4906	1683	199	147	2	0x0000000000080000	VFMSUB213PH	AVX512_FP16_256
10658	4907	1683	200	148	2	0x0000000000100000	VFMSUB213PH	AVX512_FP16_512
10659	4908	1683	200	148	2	0x0000000000100000	VFMSUB213PH	AVX512_FP16_512
10660	4908	1683	200	148	2	0x0000000000100000	VFMSUB213PH	AVX512_FP16_512
10661	4923	1684	204	152	2	0x0000000001000000	VFMSUB213SH	AVX512_FP16_SCALAR
10662	4924	1684	204	152	2	0x0000000001000000	VFMSUB213SH	AVX512_FP16_SCALAR
10663	4924	1684	204	152	2	0x0000000001000000	VFMSUB213SH	AVX512_FP16_SCALAR
10664	5129	1696	151	99	1	0x0000000800000000	VFNMADD213BF16	AVX10_2_BF16_128
10665	5130	1696	151	99	1	0x0000000800000000	VFNMADD213BF16	AVX10_2_BF16_128
10666	5131	1696	152	100	1	0x0000001000000000	VFNMADD213BF16	AVX10_2_BF16_256
10667	5132	1696	152	100	1	0x0000001000000000	VFNMADD213BF16	AVX10_2_BF16_256
10668	5133	1696	153	101	1	0x0000002000000000	VFNMADD213BF16	AVX10_2_BF16_512
10669	5134	1696	153	101	1	0x0000002000000000	VFNMADD213BF16	AVX10_2_BF16_512
10670	5145	1697	197	145	2	0x0000000000020000	VFNMADD213PH	AVX512_FP16_128
10671	5146	1697	197	145	2	0x0000000000020000	VFNMADD213PH	AVX512_FP16_128
10672	5147	1697	199	147	2	0x0000000000080000	VFNMADD213PH	AVX512_FP16_256
10673	5148	1697	199	147	2	0x0000000000080000	VFNMADD213PH	AVX512_FP16_256
10674	5149	1697	200	148	2	0x0000000000100000	VFNMADD213PH	AVX512_FP16_512
10675	5150	1697	200	148	2	0x0000000000100000	VFNMADD213PH	AVX512_FP16_512
10676	5150	1697	200	148	2	0x0000000000100000	VFNMADD213PH	AVX512_FP16_512
10677	5165	1698	204	152	2	0x0000000001000000	VFNMADD213SH	AVX512_FP16_SCALAR
10678	5166	1698	204	152	2	0x0000000001000000	VFNMADD213SH	AVX512_FP16_SCALAR
10679	5166	1698	204	152	2	0x0000000001000000	VFNMADD213SH	AVX512_FP16_SCALAR
10680	5273	1705	151	99	1	0x0000000800000000	VFNMSUB213BF16	AVX10_2_BF16_128
10681	5274	1705	151	99	1	0x0000000800000000	VFNMSUB213BF16	AVX10_2_BF16_128
10682	5275	1705	152	100	1	0x0000001000000000	VFNMSUB213BF16	AVX10_2_BF16_256
10683	5276	1705	152	100	1	0x0000001000000000	VFNMSUB213BF16	AVX10_2_BF16_256
10684	5277	1705	153	101	1	0x0000002000000000	VFNMSUB213BF16	AVX10_2_BF16_512
10685	5278	1705	153	101	1	0x0000002000000000	VFNMSUB213BF16	AVX10_2_BF16_512
10686	5289	1706	197	145	2	0x0000000000020000	VFNMSUB213PH	AVX512_FP16_128
10687	5290	1706	197	145	2	0x0000000000020000	VFNMSUB213PH	AVX512_FP16_128
10688	5291	1706	199	147	2	0x0000000000080000	VFNMSUB213PH	AVX512_FP16_256
10689	5292	1706	199	147	2	0x0000000000080000	VFNMSUB213PH	AVX512_FP16_256
10690	5293	1706	200	148	2	0x0000000000100000	VFNMSUB213PH	AVX512_FP16_512
10691	5294	1706	200	148	2	0x0000000000100000	VFNMSUB213PH	AVX512_FP16_512
10692	5294	1706	200	148	2	0x0000000000100000	VFNMSUB213PH	AVX512_FP16_512
10693	5309	1707	204	152	2	0x0000000001000000	VFNMSUB213SH	AVX512_FP16_SCALAR
10694	5310	1707	204	152	2	0x0000000001000000	VFNMSUB213SH	AVX512_FP16_SCALAR
10695	5310	1707	204	152	2	0x0000000001000000	VFNMSUB213SH	AVX512_FP16_SCALAR
10696	4817	1678	197	145	2	0x0000000000020000	VFMADDSUB231PH	AVX512_FP16_128
10697	4818	1678	197	145	2	0x0000000000020000	VFMADDSUB231PH	AVX512_FP16_128
10698	4819	1678	199	147	2	0x0000000000080000	VFMADDSUB231PH	AVX512_FP16_256
10699	4820	1678	199	147	2	0x0000000000080000	VFMADDSUB231PH	AVX512_FP16_256
10700	4821	1678	200	148	2	0x0000000000100000	VFMADDSUB231PH	AVX512_FP16_512
10701	4822	1678	200	148	2	0x0000000000100000	VFMADDSUB231PH	AVX512_FP16_512
10702	4822	1678	200	148	2	0x0000000000100000	VFMADDSUB231PH	AVX512_FP16_512
10703	5033	1690	197	145	2	0x0000000000020000	VFMSUBADD231PH	AVX512_FP16_128
10704	5034	1690	197	145	2	0x0000000000020000	VFMSUBADD231PH	AVX512_FP16_128
10705	5035	1690	199	147	2	0x0000000000080000	VFMSUBADD231PH	AVX512_FP16_256
10706	5036	1690	199	147	2	0x0000000000080000	VFMSUBADD231PH	AVX512_FP16_256
10707	5037	1690	200	148	2	0x0000000000100000	VFMSUBADD231PH	AVX512_FP16_512
10708	5038	1690	200	148	2	0x0000000000100000	VFMSUBADD231PH	AVX512_FP16_512
10709	5038	1690	200	148	2	0x0000000000100000	VFMSUBADD231PH	AVX512_FP16_512
10710	4687	1671	151	99	1	0x0000000800000000	VFMADD231BF16	AVX10_2_BF16_128
10711	4688	1671	151	99	1	0x0000000800000000	VFMADD231BF16	AVX10_2_BF16_128
10712	4689	1671	152	100	1	0x0000001000000000	VFMADD231BF16	AVX10_2_BF16_256
10713	4690	1671	152	100	1	0x0000001000000000	VFMADD231BF16	AVX10_2_BF16_256
10714	4691	1671	153	101	1	0x0000002000000000	VFMADD231BF16	AVX10_2_BF16_512
10715	4692	1671	153	101	1	0x0000002000000000	VFMADD231BF16	AVX10_2_BF16_512
10716	4703	1672	197	145	2	0x0000000000020000	VFMADD231PH	AVX512_FP16_128
10717	4704	1672	197	145	2	0x0000000000020000	VFMADD231PH	AVX512_FP16_128
10718	4705	1672	199	147	2	0x0000000000080000	VFMADD231PH	AVX512_FP16_256
10719	4706	1672	199	147	2	0x0000000000080000	VFMADD231PH	AVX512_FP16_256
10720	4707	1672	200	148	2	0x0000000000100000	VFMADD231PH	AVX512_FP16_512
10721	4708	1672	200	148	2	0x0000000000100000	VFMADD231PH	AVX512_FP16_512
10722	4708	1672	200	148	2	0x0000000000100000	VFMADD231PH	AVX512_FP16_512
10723	4723	1673	204	152	2	0x0000000001000000	VFMADD231SH	AVX512_FP16_SCALAR
10724	4724	1673	204	152	2	0x0000000001000000	VFMADD231SH	AVX512_FP16_SCALAR
10725	4724	1673	204	152	2	0x0000000001000000	VFMADD231SH	AVX512_FP16_SCALAR
10726	4929	1685	151	99	1	0x0000000800000000	VFMSUB231BF16	AVX10_2_BF16_128
10727	4930	1685	151	99	1	0x0000000800000000	VFMSUB231BF16	AVX10_2_BF16_128
10728	4931	1685	152	100	1	0x0000001000000000	VFMSUB231BF16	AVX10_2_BF16_256
10729	4932	1685	152	100	1	0x0000001000000000	VFMSUB231BF16	AVX10_2_BF16_256
10730	4933	1685	153	101	1	0x0000002000000000	VFMSUB231BF16	AVX10_2_BF16_512
10731	4934	1685	153	101	1	0x0000002000000000	VFMSUB231BF16	AVX10_2_BF16_512
10732	4945	1686	197	145	2	0x0000000000020000	VFMSUB231PH	AVX512_FP16_128
10733	4946	1686	197	145	2	0x0000000000020000	VFMSUB231PH	AVX512_FP16_128
10734	4947	1686	199	147	2	0x0000000000080000	VFMSUB231PH	AVX512_FP16_256
10735	4948	1686	199	147	2	0x0000000000080000	VFMSUB231PH	AVX512_FP16_256
10736	4949	1686	200	148	2	0x0000000000100000	VFMSUB231PH	AVX512_FP16_512
10737	4950	1686	200	148	2	0x0000000000100000	VFMSUB231PH	AVX512_FP16_512
10738	4950	1686	200	148	2	0x0000000000100000	VFMSUB231PH	AVX512_FP16_512
10739	4965	1687	204	152	2	0x0000000001000000	VFMSUB231SH	AVX512_FP16_SCALAR
10740	4966	1687	204	152	2	0x0000000001000000	VFMSUB231SH	AVX512_FP16_SCALAR
10741	4966	1687	204	152	2	0x0000000001000000	VFMSUB231SH	AVX512_FP16_SCALAR
10742	5171	1699	151	99	1	0x0000000800000000	VFNMADD231BF16	AVX10_2_BF16_128
10743	5172	1699	151	99	1	0x0000000800000000	VFNMADD231BF16	AVX10_2_BF16_128
10744	5173	1699	152	100	1	0x0000001000000000	VFNMADD231BF16	AVX10_2_BF16_256
10745	5174	1699	152	100	1	0x0000001000000000	VFNMADD231BF16	AVX10_2_BF16_256
10746	5175	1699	153	101	1	0x0000002000000000	VFNMADD231BF16	AVX10_2_BF16_512
10747	5176	1699	153	101	1	0x0000002000000000	VFNMADD231BF16	AVX10_2_BF16_512
10748	5187	1700	197	145	2	0x0000000000020000	VFNMADD231PH	AVX512_FP16_128
10749	5188	1700	197	145	2	0x0000000000020000	VFNMADD231PH	AVX512_FP16_128
10750	5189	1700	199	147	2	0x0000000000080000	VFNMADD231PH	AVX512_FP16_256
10751	5190	1700	199	147	2	0x0000000000080000	VFNMADD231PH	AVX512_FP16_256
10752	5191	1700	200	148	2	0x0000000000100000	VFNMADD231PH	AVX512_FP16_512
10753	5192	1700	200	148	2	0x0000000000100000	VFNMADD231PH	AVX512_FP16_512
10754	5192	1700	200	148	2	0x0000000000100000	VFNMADD231PH	AVX512_FP16_512
10755	5207	1701	204	152	2	0x0000000001000000	VFNMADD231SH	AVX512_FP16_SCALAR
10756	5208	1701	204	152	2	0x0000000001000000	VFNMADD231SH	AVX512_FP16_SCALAR
10757	5208	1701	204	152	2	0x0000000001000000	VFNMADD231SH	AVX512_FP16_SCALAR
10758	5315	1708	151	99	1	0x0000000800000000	VFNMSUB231BF16	AVX10_2_BF16_128
10759	5316	1708	151	99	1	0x0000000800000000	VFNMSUB231BF16	AVX10_2_BF16_128
10760	5317	1708	152	100	1	0x0000001000000000	VFNMSUB231BF16	AVX10_2_BF16_256
10761	5318	1708	152	100	1	0x0000001000000000	VFNMSUB231BF16	AVX10_2_BF16_256
10762	5319	1708	153	101	1	0x0000002000000000	VFNMSUB231BF16	AVX10_2_BF16_512
10763	5320	1708	153	101	1	0x0000002000000000	VFNMSUB231BF16	AVX10_2_BF16_512
10764	5331	1709	197	145	2	0x0000000000020000	VFNMSUB231PH	AVX512_FP16_128
10765	5332	1709	197	145	2	0x0000000000020000	VFNMSUB231PH	AVX512_FP16_128
10766	5333	1709	199	147	2	0x0000000000080000	VFNMSUB231PH	AVX512_FP16_256
10767	5334	1709	199	147	2	0x0000000000080000	VFNMSUB231PH	AVX512_FP16_256
10768	5335	1709	200	148	2	0x0000000000100000	VFNMSUB231PH	AVX512_FP16_512
10769	5336	1709	200	148	2	0x0000000000100000	VFNMSUB231PH	AVX512_FP16_512
10770	5336	1709	200	148	2	0x0000000000100000	VFNMSUB231PH	AVX512_FP16_512
10771	5351	1710	204	152	2	0x0000000001000000	VFNMSUB231SH	AVX512_FP16_SCALAR
10772	5352	1710	204	152	2	0x0000000001000000	VFNMSUB231SH	AVX512_FP16_SCALAR
10773	5352	1710	204	152	2	0x0000000001000000	VFNMSUB231SH	AVX512_FP16_SCALAR
10774	4579	1659	197	145	2	0x0000000000020000	VFCMULCPH	AVX512_FP16_128
10775	4580	1659	197	145	2	0x0000000000020000	VFCMULCPH	AVX512_FP16_128
10776	4581	1659	199	147	2	0x0000000000080000	VFCMULCPH	AVX512_FP16_256
10777	4582	1659	199	147	2	0x0000000000080000	VFCMULCPH	AVX512_FP16_256
10778	4583	1659	200	148	2	0x0000000000100000	VFCMULCPH	AVX512_FP16_512
10779	4584	1659	200	148	2	0x0000000000100000	VFCMULCPH	AVX512_FP16_512
10780	4584	1659	200	148	2	0x0000000000100000	VFCMULCPH	AVX512_FP16_512
10781	5079	1691	197	145	2	0x0000000000020000	VFMULCPH	AVX512_FP16_128
10782	5080	1691	197	145	2	0x0000000000020000	VFMULCPH	AVX512_FP16_128
10783	5081	1691	199	147	2	0x0000000000080000	VFMULCPH	AVX512_FP16_256
10784	5082	1691	199	147	2	0x0000000000080000	VFMULCPH	AVX512_FP16_256
10785	5083	1691	200	148	2	0x0000000000100000	VFMULCPH	AVX512_FP16_512
10786	5084	1691	200	148	2	0x0000000000100000	VFMULCPH	AVX512_FP16_512
10787	5084	1691	200	148	2	0x0000000000100000	VFMULCPH	AVX512_FP16_512
10788	4585	1660	204	152	2	0x0000000001000000	VFCMULCSH	AVX512_FP16_SCALAR
10789	4586	1660	204	152	2	0x0000000001000000	VFCMULCSH	AVX512_FP16_SCALAR
10790	4586	1660	204	152	2	0x0000000001000000	VFCMULCSH	AVX512_FP16_SCALAR
10791	5085	1692	204	152	2	0x0000000001000000	VFMULCSH	AVX512_FP16_SCALAR
10792	5086	1692	204	152	2	0x0000000001000000	VFMULCSH	AVX512_FP16_SCALAR
10793	5086	1692	204	152	2	0x0000000001000000	VFMULCSH	AVX512_FP16_SCALAR
10794	2573	148	144	92	1	0x0000000010000000	RDMSR	APX_F_MSR_IMM
10795	8895	2023	144	92	1	0x0000000010000000	WRMSRNS	APX_F_MSR_IMM
10796	3356	1466	149	97	1	0x0000000200000000	URDMSR	APX_F_USER_MSR
10797	3360	1467	149	97	1	0x0000000200000000	UWRMSR	APX_F_USER_MSR
10798	7102	862	38	12	0	0x0000000000001000	VPMACSSWW	XOP
10799	7103	862	38	12	0	0x0000000000001000	VPMACSSWW	XOP
10800	7100	863	38	12	0	0x0000000000001000	VPMACSSWD	XOP
10801	7101	863	38	12	0	0x0000000000001000	VPMACSSWD	XOP
10802	7098	864	38	12	0	0x0000000000001000	VPMACSSDQL	XOP
10803	7099	864	38	12	0	0x0000000000001000	VPMACSSDQL	XOP
10804	7094	865	38	12	0	0x0000000000001000	VPMACSSDD	XOP
10805	7095	865	38	12	0	0x0000000000001000	VPMACSSDD	XOP
10806	7096	866	38	12	0	0x0000000000001000	VPMACSSDQH	XOP
10807	7097	866	38	12	0	0x0000000000001000	VPMACSSDQH	XOP
10808	7106	867	38	12	0	0x0000000000001000	VPMACSWW	XOP
10809	7107	867	38	12	0	0x0000000000001000	VPMACSWW	XOP
10810	7104	868	38	12	0	0x0000000000001000	VPMACSWD	XOP
10811	7105	868	38	12	0	0x0000000000001000	VPMACSWD	XOP
10812	7092	869	38	12	0	0x0000000000001000	VPMACSDQL	XOP
10813	7093	869	38	12	0	0x0000000000001000	VPMACSDQL	XOP
10814	7088	870	38	12	0	0x0000000000001000	VPMACSDD	XOP
10815	7089	870	38	12	0	0x0000000000001000	VPMACSDD	XOP
10816	7090	871	38	12	0	0x0000000000001000	VPMACSDQH	XOP
10817	7091	871	38	12	0	0x0000000000001000	VPMACSDQH	XOP
10818	6410	709	38	12	0	0x0000000000001000	VPCMOV	XOP
10819	6411	709	38	12	0	0x0000000000001000	VPCMOV	XOP
10820	6412	709	38	12	0	0x0000000000001000	VPCMOV	XOP
10821	6412	709	38	12	0	0x0000000000001000	VPCMOV	XOP
10822	6413	709	38	12	0	0x0000000000001000	VPCMOV	XOP
10823	6414	709	38	12	0	0x0000000000001000	VPCMOV	XOP
10824	6415	709	38	12	0	0x0000000000001000	VPCMOV	XOP
10825	6415	709	38	12	0	0x0000000000001000	VPCMOV	XOP
10826	7686	882	38	12	0	0x0000000000001000	VPPERM	XOP
10827	7687	882	38	12	0	0x0000000000001000	VPPERM	XOP
10828	7688	882	38	12	0	0x0000000000001000	VPPERM	XOP
10829	7688	882	38	12	0	0x0000000000001000	VPPERM	XOP
10830	7108	872	38	12	0	0x0000000000001000	VPMADCSSWD	XOP
10831	7109	872	38	12	0	0x0000000000001000	VPMADCSSWD	XOP
10832	7110	873	38	12	0	0x0000000000001000	VPMADCSWD	XOP
10833	7111	873	38	12	0	0x0000000000001000	VPMADCSWD	XOP
10834	7737	705	38	12	0	0x0000000000001000	VPROTB	XOP
10835	7739	705	38	12	0	0x0000000000001000	VPROTB	XOP
10836	7752	706	38	12	0	0x0000000000001000	VPROTW	XOP
10837	7754	706	38	12	0	0x0000000000001000	VPROTW	XOP
10838	7742	707	38	12	0	0x0000000000001000	VPROTD	XOP
10839	7744	707	38	12	0	0x0000000000001000	VPROTD	XOP
10840	7747	708	38	12	0	0x0000000000001000	VPROTQ	XOP
10841	7749	708	38	12	0	0x0000000000001000	VPROTQ	XOP
10842	6558	874	38	12	0	0x0000000000001000	VPCOMB	XOP
10843	6559	874	38	12	0	0x0000000000001000	VPCOMB	XOP
10844	6596	875	38	12	0	0x0000000000001000	VPCOMW	XOP
10845	6597	875	38	12	0	0x0000000000001000	VPCOMW	XOP
10846	6560	876	38	12	0	0x0000000000001000	VPCOMD	XOP
10847	6561	876	38	12	0	0x0000000000001000	VPCOMD	XOP
10848	6586	877	38	12	0	0x0000000000001000	VPCOMQ	XOP
10849	6587	877	38	12	0	0x0000000000001000	VPCOMQ	XOP
10850	6588	878	38	12	0	0x0000000000001000	VPCOMUB	XOP
10851	6589	878	38	12	0	0x0000000000001000	VPCOMUB	XOP
10852	6594	879	38	12	0	0x0000000000001000	VPCOMUW	XOP
10853	6595	879	38	12	0	0x0000000000001000	VPCOMUW	XOP
10854	6590	880	38	12	0	0x0000000000001000	VPCOMUD	XOP
10855	6591	880	38	12	0	0x0000000000001000	VPCOMUD	XOP
10856	6592	881	38	12	0	0x0000000000001000	VPCOMUQ	XOP
10857	6593	881	38	12	0	0x0000000000001000	VPCOMUQ	XOP
10858	283	1214	40	18	0	0x0000000000040000	BLCFILL	TBM
10859	284	1214	40	18	0	0x0000000000040000	BLCFILL	TBM
10860	285	1214	40	18	0	0x0000000000040000	BLCFILL	TBM
10861	286	1214	40	18	0	0x0000000000040000	BLCFILL	TBM
10862	287	1216	40	18	0	0x0000000000040000	BLCIC	TBM
10863	288	1216	40	18	0	0x0000000000040000	BLCIC	TBM
10864	289	1216	40	18	0	0x0000000000040000	BLCIC	TBM
10865	290	1216	40	18	0	0x0000000000040000	BLCIC	TBM
10866	299	1218	40	18	0	0x0000000000040000	BLCS	TBM
10867	300	1218	40	18	0	0x0000000000040000	BLCS	TBM
10868	301	1218	40	18	0	0x0000000000040000	BLCS	TBM
10869	302	1218	40	18	0	0x0000000000040000	BLCS	TBM
10870	311	1219	40	18	0	0x0000000000040000	BLSFILL	TBM
10871	312	1219	40	18	0	0x0000000000040000	BLSFILL	TBM
10872	313	1219	40	18	0	0x0000000000040000	BLSFILL	TBM
10873	314	1219	40	18	0	0x0000000000040000	BLSFILL	TBM
10874	315	1220	40	18	0	0x0000000000040000	BLSIC	TBM
10875	316	1220	40	18	0	0x0000000000040000	BLSIC	TBM
10876	317	1220	40	18	0	0x0000000000040000	BLSIC	TBM
10877	318	1220	40	18	0	0x0000000000040000	BLSIC	TBM
10878	3249	1451	40	18	0	0x0000000000040000	T1MSKC	TBM
10879	3250	1451	40	18	0	0x0000000000040000	T1MSKC	TBM
10880	3251	1451	40	18	0	0x0000000000040000	T1MSKC	TBM
10881	3252	1451	40	18	0	0x0000000000040000	T1MSKC	TBM
10882	3327	1465	40	18	0	0x0000000000040000	TZMSK	TBM
10883	3328	1465	40	18	0	0x0000000000040000	TZMSK	TBM
10884	3329	1465	40	18	0	0x0000000000040000	TZMSK	TBM
10885	3330	1465	40	18	0	0x0000000000040000	TZMSK	TBM
10886	291	1215	40	18	0	0x0000000000040000	BLCI	TBM
10887	292	1215	40	18	0	0x0000000000040000	BLCI	TBM
10888	293	1215	40	18	0	0x0000000000040000	BLCI	TBM
10889	294	1215	40	18	0	0x0000000000040000	BLCI	TBM
10890	295	1217	40	18	0	0x0000000000040000	BLCMSK	TBM
10891	296	1217	40	18	0	0x0000000000040000	BLCMSK	TBM
10892	297	1217	40	18	0	0x0000000000040000	BLCMSK	TBM
10893	298	1217	40	18	0	0x0000000000040000	BLCMSK	TBM
10894	1593	1337	41	24	0	0x0000000001000000	LLWPCB	LWP
10895	3147	1444	41	24	0	0x0000000001000000	SLWPCB	LWP
10896	5409	843	38	12	0	0x0000000000001000	VFRCZPS	XOP
10897	5410	843	38	12	0	0x0000000000001000	VFRCZPS	XOP
10898	5411	843	38	12	0	0x0000000000001000	VFRCZPS	XOP
10899	5412	843	38	12	0	0x0000000000001000	VFRCZPS	XOP
10900	5405	844	38	12	0	0x0000000000001000	VFRCZPD	XOP
10901	5406	844	38	12	0	0x0000000000001000	VFRCZPD	XOP
10902	5407	844	38	12	0	0x0000000000001000	VFRCZPD	XOP
10903	5408	844	38	12	0	0x0000000000001000	VFRCZPD	XOP
10904	5415	845	38	12	0	0x0000000000001000	VFRCZSS	XOP
10905	5416	845	38	12	0	0x0000000000001000	VFRCZSS	XOP
10906	5413	846	38	12	0	0x0000000000001000	VFRCZSD	XOP
10907	5414	846	38	12	0	0x0000000000001000	VFRCZSD	XOP
10908	7738	705	38	12	0	0x0000000000001000	VPROTB	XOP
10909	7740	705	38	12	0	0x0000000000001000	VPROTB	XOP
10910	7741	705	38	12	0	0x0000000000001000	VPROTB	XOP
10911	7741	705	38	12	0	0x0000000000001000	VPROTB	XOP
10912	7753	706	38	12	0	0x0000000000001000	VPROTW	XOP
10913	7755	706	38	12	0	0x0000000000001000	VPROTW	XOP
10914	7756	706	38	12	0	0x0000000000001000	VPROTW	XOP
10915	7756	706	38	12	0	0x0000000000001000	VPROTW	XOP
10916	7743	707	38	12	0	0x0000000000001000	VPROTD	XOP
10917	7745	707	38	12	0	0x0000000000001000	VPROTD	XOP
10918	7746	707	38	12	0	0x0000000000001000	VPROTD	XOP
10919	7746	707	38	12	0	0x0000000000001000	VPROTD	XOP
10920	7748	708	38	12	0	0x0000000000001000	VPROTQ	XOP
10921	7750	708	38	12	0	0x0000000000001000	VPROTQ	XOP
10922	7751	708	38	12	0	0x0000000000001000	VPROTQ	XOP
10923	7751	708	38	12	0	0x0000000000001000	VPROTQ	XOP
10924	7791	820	38	12	0	0x0000000000001000	VPSHLB	XOP
10925	7792	820	38	12	0	0x0000000000001000	VPSHLB	XOP
10926	7793	820	38	12	0	0x0000000000001000	VPSHLB	XOP
10927	7793	820	38	12	0	0x0000000000001000	VPSHLB	XOP
10928	7836	821	38	12	0	0x0000000000001000	VPSHLW	XOP
10929	7837	821	38	12	0	0x0000000000001000	VPSHLW	XOP
10930	7838	821	38	12	0	0x0000000000001000	VPSHLW	XOP
10931	7838	821	38	12	0	0x0000000000001000	VPSHLW	XOP
10932	7830	822	38	12	0	0x0000000000001000	VPSHLD	XOP
10933	7831	822	38	12	0	0x0000000000001000	VPSHLD	XOP
10934	7832	822	38	12	0	0x0000000000001000	VPSHLD	XOP
10935	7832	822	38	12	0	0x0000000000001000	VPSHLD	XOP
10936	7833	823	38	12	0	0x0000000000001000	VPSHLQ	XOP
10937	7834	823	38	12	0	0x0000000000001000	VPSHLQ	XOP
10938	7835	823	38	12	0	0x0000000000001000	VPSHLQ	XOP
10939	7835	823	38	12	0	0x0000000000001000	VPSHLQ	XOP
10940	7779	824	38	12	0	0x0000000000001000	VPSHAB	XOP
10941	7780	824	38	12	0	0x0000000000001000	VPSHAB	XOP
10942	7781	824	38	12	0	0x0000000000001000	VPSHAB	XOP
10943	7781	824	38	12	0	0x0000000000001000	VPSHAB	XOP
10944	7788	825	38	12	0	0x0000000000001000	VPSHAW	XOP
10945	7789	825	38	12	0	0x0000000000001000	VPSHAW	XOP
10946	7790	825	38	12	0	0x0000000000001000	VPSHAW	XOP
10947	7790	825	38	12	0	0x0000000000001000	VPSHAW	XOP
10948	7782	826	38	12	0	0x0000000000001000	VPSHAD	XOP
10949	7783	826	38	12	0	0x0000000000001000	VPSHAD	XOP
10950	7784	826	38	12	0	0x0000000000001000	VPSHAD	XOP
10951	7784	826	38	12	0	0x0000000000001000	VPSHAD	XOP
10952	7785	827	38	12	0	0x0000000000001000	VPSHAQ	XOP
10953	7786	827	38	12	0	0x0000000000001000	VPSHAQ	XOP
10954	7787	827	38	12	0	0x0000000000001000	VPSHAQ	XOP
10955	7787	827	38	12	0	0x0000000000001000	VPSHAQ	XOP
10956	7008	847	38	12	0	0x0000000000001000	VPHADDBW	XOP
10957	7009	847	38	12	0	0x0000000000001000	VPHADDBW	XOP
10958	7004	848	38	12	0	0x0000000000001000	VPHADDBD	XOP
10959	7005	848	38	12	0	0x0000000000001000	VPHADDBD	XOP
10960	7006	849	38	12	0	0x0000000000001000	VPHADDBQ	XOP
10961	7007	849	38	12	0	0x0000000000001000	VPHADDBQ	XOP
10962	7032	850	38	12	0	0x0000000000001000	VPHADDWD	XOP
10963	7033	850	38	12	0	0x0000000000001000	VPHADDWD	XOP
10964	7034	851	38	12	0	0x0000000000001000	VPHADDWQ	XOP
10965	7035	851	38	12	0	0x0000000000001000	VPHADDWQ	XOP
10966	7010	852	38	12	0	0x0000000000001000	VPHADDDQ	XOP
10967	7011	852	38	12	0	0x0000000000001000	VPHADDDQ	XOP
10968	7024	853	38	12	0	0x0000000000001000	VPHADDUBW	XOP
10969	7025	853	38	12	0	0x0000000000001000	VPHADDUBW	XOP
10970	7020	854	38	12	0	0x0000000000001000	VPHADDUBD	XOP
10971	7021	854	38	12	0	0x0000000000001000	VPHADDUBD	XOP
10972	7022	855	38	12	0	0x0000000000001000	VPHADDUBQ	XOP
10973	7023	855	38	12	0	0x0000000000001000	VPHADDUBQ	XOP
10974	7028	856	38	12	0	0x0000000000001000	VPHADDUWD	XOP
10975	7029	856	38	12	0	0x0000000000001000	VPHADDUWD	XOP
10976	7030	857	38	12	0	0x0000000000001000	VPHADDUWQ	XOP
10977	7031	857	38	12	0	0x0000000000001000	VPHADDUWQ	XOP
10978	7026	858	38	12	0	0x0000000000001000	VPHADDUDQ	XOP
10979	7027	858	38	12	0	0x0000000000001000	VPHADDUDQ	XOP
10980	7042	859	38	12	0	0x0000000000001000	VPHSUBBW	XOP
10981	7043	859	38	12	0	0x0000000000001000	VPHSUBBW	XOP
10982	7054	860	38	12	0	0x0000000000001000	VPHSUBWD	XOP
10983	7055	860	38	12	0	0x0000000000001000	VPHSUBWD	XOP
10984	7044	861	38	12	0	0x0000000000001000	VPHSUBDQ	XOP
10985	7045	861	38	12	0	0x0000000000001000	VPHSUBDQ	XOP
10986	279	1213	40	18	0	0x0000000000040000	BEXTR_XOP	TBM
10987	280	1213	40	18	0	0x0000000000040000	BEXTR_XOP	TBM
10988	281	1213	40	18	0	0x0000000000040000	BEXTR_XOP	TBM
10989	282	1213	40	18	0	0x0000000000040000	BEXTR_XOP	TBM
10990	1609	1339	41	24	0	0x0000000001000000	LWPINS	LWP
10991	1610	1339	41	24	0	0x0000000001000000	LWPINS	LWP
10992	1611	1340	41	24	0	0x0000000001000000	LWPVAL	LWP
10993	1612	1340	41	24	0	0x0000000001000000	LWPVAL	LWP
