iform_id	iform	iclass	iclass_id
1	AAA	AAA	1
2	AADD_MEM32_GPR32	AADD	1198
3	AADD_MEM64_GPR64	AADD	1198
4	AADD_MEMi32_GPR32i32_APX	AADD	1198
5	AADD_MEMi64_GPR64i64_APX	AADD	1198
6	AAD_IMMb	AAD	2
7	AAM_IMMb	AAM	3
8	AAND_MEM32_GPR32	AAND	1199
9	AAND_MEM64_GPR64	AAND	1199
10	AAND_MEMi32_GPR32i32_APX	AAND	1199
11	AAND_MEMi64_GPR64i64_APX	AAND	1199
12	AAS	AAS	4
13	ADCX_GPR32d_GPR32d	ADCX	1135
14	ADCX_GPR32d_MEMd	ADCX	1135
15	ADCX_GPR32i32_GPR32i32_APX	ADCX	1135
16	ADCX_GPR32i32_GPR32i32_GPR32i32_APX_N3	ADCX	1135
17	ADCX_GPR32i32_GPR32i32_MEMi32_APX_N3	ADCX	1135
18	ADCX_GPR32i32_MEMi32_APX	ADCX	1135
19	ADCX_GPR64i64_GPR64i64_APX	ADCX	1135
20	ADCX_GPR64i64_GPR64i64_GPR64i64_APX_N3	ADCX	1135
21	ADCX_GPR64i64_GPR64i64_MEMi64_APX_N3	ADCX	1135
22	ADCX_GPR64i64_MEMi64_APX	ADCX	1135
23	ADCX_GPR64q_GPR64q	ADCX	1135
24	ADCX_GPR64q_MEMq	ADCX	1135
25	ADC_AL_IMMb	ADC	5
26	ADC_GPR8_GPR8_10	ADC	5
27	ADC_GPR8_GPR8_12	ADC	5
28	ADC_GPR8_IMMb_80r2	ADC	5
29	ADC_GPR8_IMMb_82r2	ADC	5
30	ADC_GPR8_MEMb	ADC	5
31	ADC_GPR8i8_GPR8i8_APX	ADC	5
32	ADC_GPR8i8_GPR8i8_GPR8i8_APX_N3	ADC	5
33	ADC_GPR8i8_GPR8i8_IMM8_APX_N3	ADC	5
34	ADC_GPR8i8_GPR8i8_MEMi8_APX_N3	ADC	5
35	ADC_GPR8i8_IMM8_APX	ADC	5
36	ADC_GPR8i8_MEMi8_APX	ADC	5
37	ADC_GPR8i8_MEMi8_GPR8i8_APX_N3	ADC	5
38	ADC_GPR8i8_MEMi8_IMM8_APX_N3	ADC	5
39	ADC_GPRv_GPRv_11	ADC	5
40	ADC_GPRv_GPRv_13	ADC	5
41	ADC_GPRv_GPRv_APX	ADC	5
42	ADC_GPRv_GPRv_GPRv_APX_N3	ADC	5
43	ADC_GPRv_GPRv_IMM8_APX_N3	ADC	5
44	ADC_GPRv_GPRv_IMMz_APX_N3	ADC	5
45	ADC_GPRv_GPRv_MEMv_APX_N3	ADC	5
46	ADC_GPRv_IMM8_APX	ADC	5
47	ADC_GPRv_IMMb	ADC	5
48	ADC_GPRv_IMMz	ADC	5
49	ADC_GPRv_IMMz_APX	ADC	5
50	ADC_GPRv_MEMv	ADC	5
51	ADC_GPRv_MEMv_APX	ADC	5
52	ADC_GPRv_MEMv_GPRv_APX_N3	ADC	5
53	ADC_GPRv_MEMv_IMM8_APX_N3	ADC	5
54	ADC_GPRv_MEMv_IMMz_APX_N3	ADC	5
55	ADC_LOCK_MEMb_GPR8	ADC_LOCK	1200
56	ADC_LOCK_MEMb_IMMb_80r2	ADC_LOCK	1200
57	ADC_LOCK_MEMb_IMMb_82r2	ADC_LOCK	1200
58	ADC_LOCK_MEMv_GPRv	ADC_LOCK	1200
59	ADC_LOCK_MEMv_IMMb	ADC_LOCK	1200
60	ADC_LOCK_MEMv_IMMz	ADC_LOCK	1200
61	ADC_MEMb_GPR8	ADC	5
62	ADC_MEMb_IMMb_80r2	ADC	5
63	ADC_MEMb_IMMb_82r2	ADC	5
64	ADC_MEMi8_GPR8i8_APX	ADC	5
65	ADC_MEMi8_IMM8_APX	ADC	5
66	ADC_MEMv_GPRv	ADC	5
67	ADC_MEMv_GPRv_APX	ADC	5
68	ADC_MEMv_IMM8_APX	ADC	5
69	ADC_MEMv_IMMb	ADC	5
70	ADC_MEMv_IMMz	ADC	5
71	ADC_MEMv_IMMz_APX	ADC	5
72	ADC_OrAX_IMMz	ADC	5
73	ADDPD_XMMpd_MEMpd	ADDPD	351
74	ADDPD_XMMpd_XMMpd	ADDPD	351
75	ADDPS_XMMps_MEMps	ADDPS	293
76	ADDPS_XMMps_XMMps	ADDPS	293
77	ADDSD_XMMsd_MEMsd	ADDSD	352
78	ADDSD_XMMsd_XMMsd	ADDSD	352
79	ADDSS_XMMss_MEMss	ADDSS	294
80	ADDSS_XMMss_XMMss	ADDSS	294
81	ADDSUBPD_XMMpd_MEMpd	ADDSUBPD	435
82	ADDSUBPD_XMMpd_XMMpd	ADDSUBPD	435
83	ADDSUBPS_XMMps_MEMps	ADDSUBPS	436
84	ADDSUBPS_XMMps_XMMps	ADDSUBPS	436
85	ADD_AL_IMMb	ADD	6
86	ADD_GPR8_GPR8_00	ADD	6
87	ADD_GPR8_GPR8_02	ADD	6
88	ADD_GPR8_IMMb_80r0	ADD	6
89	ADD_GPR8_IMMb_82r0	ADD	6
90	ADD_GPR8_MEMb	ADD	6
91	ADD_GPR8i8_GPR8i8_APX	ADD	6
92	ADD_GPR8i8_GPR8i8_APX_N3	ADD	6
93	ADD_GPR8i8_GPR8i8_GPR8i8_APX_N3	ADD	6
94	ADD_GPR8i8_GPR8i8_IMM8_APX_N3	ADD	6
95	ADD_GPR8i8_GPR8i8_MEMi8_APX_N3	ADD	6
96	ADD_GPR8i8_IMM8_APX	ADD	6
97	ADD_GPR8i8_IMM8_APX_N3	ADD	6
98	ADD_GPR8i8_MEMi8_APX	ADD	6
99	ADD_GPR8i8_MEMi8_APX_N3	ADD	6
100	ADD_GPR8i8_MEMi8_GPR8i8_APX_N3	ADD	6
101	ADD_GPR8i8_MEMi8_IMM8_APX_N3	ADD	6
102	ADD_GPRv_GPRv_01	ADD	6
103	ADD_GPRv_GPRv_03	ADD	6
104	ADD_GPRv_GPRv_APX	ADD	6
105	ADD_GPRv_GPRv_APX_N3	ADD	6
106	ADD_GPRv_GPRv_GPRv_APX_N3	ADD	6
107	ADD_GPRv_GPRv_IMM8_APX_N3	ADD	6
108	ADD_GPRv_GPRv_IMMz_APX_N3	ADD	6
109	ADD_GPRv_GPRv_MEMv_APX_N3	ADD	6
110	ADD_GPRv_IMM8_APX	ADD	6
111	ADD_GPRv_IMM8_APX_N3	ADD	6
112	ADD_GPRv_IMMb	ADD	6
113	ADD_GPRv_IMMz	ADD	6
114	ADD_GPRv_IMMz_APX	ADD	6
115	ADD_GPRv_IMMz_APX_N3	ADD	6
116	ADD_GPRv_MEMv	ADD	6
117	ADD_GPRv_MEMv_APX	ADD	6
118	ADD_GPRv_MEMv_APX_N3	ADD	6
119	ADD_GPRv_MEMv_GPRv_APX_N3	ADD	6
120	ADD_GPRv_MEMv_IMM8_APX_N3	ADD	6
121	ADD_GPRv_MEMv_IMMz_APX_N3	ADD	6
122	ADD_LOCK_MEMb_GPR8	ADD_LOCK	1201
123	ADD_LOCK_MEMb_IMMb_80r0	ADD_LOCK	1201
124	ADD_LOCK_MEMb_IMMb_82r0	ADD_LOCK	1201
125	ADD_LOCK_MEMv_GPRv	ADD_LOCK	1201
126	ADD_LOCK_MEMv_IMMb	ADD_LOCK	1201
127	ADD_LOCK_MEMv_IMMz	ADD_LOCK	1201
128	ADD_MEMb_GPR8	ADD	6
129	ADD_MEMb_IMMb_80r0	ADD	6
130	ADD_MEMb_IMMb_82r0	ADD	6
131	ADD_MEMi8_GPR8i8_APX	ADD	6
132	ADD_MEMi8_GPR8i8_APX_N3	ADD	6
133	ADD_MEMi8_IMM8_APX	ADD	6
134	ADD_MEMi8_IMM8_APX_N3	ADD	6
135	ADD_MEMv_GPRv	ADD	6
136	ADD_MEMv_GPRv_APX	ADD	6
137	ADD_MEMv_GPRv_APX_N3	ADD	6
138	ADD_MEMv_IMM8_APX	ADD	6
139	ADD_MEMv_IMM8_APX_N3	ADD	6
140	ADD_MEMv_IMMb	ADD	6
141	ADD_MEMv_IMMz	ADD	6
142	ADD_MEMv_IMMz_APX	ADD	6
143	ADD_MEMv_IMMz_APX_N3	ADD	6
144	ADD_OrAX_IMMz	ADD	6
145	ADOX_GPR32d_GPR32d	ADOX	1136
146	ADOX_GPR32d_MEMd	ADOX	1136
147	ADOX_GPR32i32_GPR32i32_APX	ADOX	1136
148	ADOX_GPR32i32_GPR32i32_GPR32i32_APX_N3	ADOX	1136
149	ADOX_GPR32i32_GPR32i32_MEMi32_APX_N3	ADOX	1136
150	ADOX_GPR32i32_MEMi32_APX	ADOX	1136
151	ADOX_GPR64i64_GPR64i64_APX	ADOX	1136
152	ADOX_GPR64i64_GPR64i64_GPR64i64_APX_N3	ADOX	1136
153	ADOX_GPR64i64_GPR64i64_MEMi64_APX_N3	ADOX	1136
154	ADOX_GPR64i64_MEMi64_APX	ADOX	1136
155	ADOX_GPR64q_GPR64q	ADOX	1136
156	ADOX_GPR64q_MEMq	ADOX	1136
157	AESDEC128KL_XMMu8_MEMu8	AESDEC128KL	1202
158	AESDEC256KL_XMMu8_MEMu8	AESDEC256KL	1203
159	AESDECLAST_XMMdq_MEMdq	AESDECLAST	673
160	AESDECLAST_XMMdq_XMMdq	AESDECLAST	673
161	AESDECWIDE128KL_MEMu8	AESDECWIDE128KL	1204
162	AESDECWIDE256KL_MEMu8	AESDECWIDE256KL	1205
163	AESDEC_XMMdq_MEMdq	AESDEC	672
164	AESDEC_XMMdq_XMMdq	AESDEC	672
165	AESENC128KL_XMMu8_MEMu8	AESENC128KL	1206
166	AESENC256KL_XMMu8_MEMu8	AESENC256KL	1207
167	AESENCLAST_XMMdq_MEMdq	AESENCLAST	671
168	AESENCLAST_XMMdq_XMMdq	AESENCLAST	671
169	AESENCWIDE128KL_MEMu8	AESENCWIDE128KL	1208
170	AESENCWIDE256KL_MEMu8	AESENCWIDE256KL	1209
171	AESENC_XMMdq_MEMdq	AESENC	670
172	AESENC_XMMdq_XMMdq	AESENC	670
173	AESIMC_XMMdq_MEMdq	AESIMC	674
174	AESIMC_XMMdq_XMMdq	AESIMC	674
175	AESKEYGENASSIST_XMMdq_MEMdq_IMMb	AESKEYGENASSIST	675
176	AESKEYGENASSIST_XMMdq_XMMdq_IMMb	AESKEYGENASSIST	675
177	ANDNPD_XMMxuq_MEMxuq	ANDNPD	348
178	ANDNPD_XMMxuq_XMMxuq	ANDNPD	348
179	ANDNPS_XMMxud_MEMxud	ANDNPS	290
180	ANDNPS_XMMxud_XMMxud	ANDNPS	290
181	ANDN_GPR32d_GPR32d_GPR32d	ANDN	684
182	ANDN_GPR32d_GPR32d_MEMd	ANDN	684
183	ANDN_GPR32i32_GPR32i32_GPR32i32_APX	ANDN	684
184	ANDN_GPR32i32_GPR32i32_GPR32i32_APX_N3	ANDN	684
185	ANDN_GPR32i32_GPR32i32_MEMi32_APX	ANDN	684
186	ANDN_GPR32i32_GPR32i32_MEMi32_APX_N3	ANDN	684
187	ANDN_GPR64i64_GPR64i64_GPR64i64_APX	ANDN	684
188	ANDN_GPR64i64_GPR64i64_GPR64i64_APX_N3	ANDN	684
189	ANDN_GPR64i64_GPR64i64_MEMi64_APX	ANDN	684
190	ANDN_GPR64i64_GPR64i64_MEMi64_APX_N3	ANDN	684
191	ANDN_GPR64q_GPR64q_GPR64q	ANDN	684
192	ANDN_GPR64q_GPR64q_MEMq	ANDN	684
193	ANDPD_XMMxuq_MEMxuq	ANDPD	347
194	ANDPD_XMMxuq_XMMxuq	ANDPD	347
195	ANDPS_XMMxud_MEMxud	ANDPS	289
196	ANDPS_XMMxud_XMMxud	ANDPS	289
197	AND_AL_IMMb	AND	7
198	AND_GPR8_GPR8_20	AND	7
199	AND_GPR8_GPR8_22	AND	7
200	AND_GPR8_IMMb_80r4	AND	7
201	AND_GPR8_IMMb_82r4	AND	7
202	AND_GPR8_MEMb	AND	7
203	AND_GPR8i8_GPR8i8_APX	AND	7
204	AND_GPR8i8_GPR8i8_APX_N3	AND	7
205	AND_GPR8i8_GPR8i8_GPR8i8_APX_N3	AND	7
206	AND_GPR8i8_GPR8i8_IMM8_APX_N3	AND	7
207	AND_GPR8i8_GPR8i8_MEMi8_APX_N3	AND	7
208	AND_GPR8i8_IMM8_APX	AND	7
209	AND_GPR8i8_IMM8_APX_N3	AND	7
210	AND_GPR8i8_MEMi8_APX	AND	7
211	AND_GPR8i8_MEMi8_APX_N3	AND	7
212	AND_GPR8i8_MEMi8_GPR8i8_APX_N3	AND	7
213	AND_GPR8i8_MEMi8_IMM8_APX_N3	AND	7
214	AND_GPRv_GPRv_21	AND	7
215	AND_GPRv_GPRv_23	AND	7
216	AND_GPRv_GPRv_APX	AND	7
217	AND_GPRv_GPRv_APX_N3	AND	7
218	AND_GPRv_GPRv_GPRv_APX_N3	AND	7
219	AND_GPRv_GPRv_IMM8_APX_N3	AND	7
220	AND_GPRv_GPRv_IMMz_APX_N3	AND	7
221	AND_GPRv_GPRv_MEMv_APX_N3	AND	7
222	AND_GPRv_IMM8_APX	AND	7
223	AND_GPRv_IMM8_APX_N3	AND	7
224	AND_GPRv_IMMb	AND	7
225	AND_GPRv_IMMz	AND	7
226	AND_GPRv_IMMz_APX	AND	7
227	AND_GPRv_IMMz_APX_N3	AND	7
228	AND_GPRv_MEMv	AND	7
229	AND_GPRv_MEMv_APX	AND	7
230	AND_GPRv_MEMv_APX_N3	AND	7
231	AND_GPRv_MEMv_GPRv_APX_N3	AND	7
232	AND_GPRv_MEMv_IMM8_APX_N3	AND	7
233	AND_GPRv_MEMv_IMMz_APX_N3	AND	7
234	AND_LOCK_MEMb_GPR8	AND_LOCK	1210
235	AND_LOCK_MEMb_IMMb_80r4	AND_LOCK	1210
236	AND_LOCK_MEMb_IMMb_82r4	AND_LOCK	1210
237	AND_LOCK_MEMv_GPRv	AND_LOCK	1210
238	AND_LOCK_MEMv_IMMb	AND_LOCK	1210
239	AND_LOCK_MEMv_IMMz	AND_LOCK	1210
240	AND_MEMb_GPR8	AND	7
241	AND_MEMb_IMMb_80r4	AND	7
242	AND_MEMb_IMMb_82r4	AND	7
243	AND_MEMi8_GPR8i8_APX	AND	7
244	AND_MEMi8_GPR8i8_APX_N3	AND	7
245	AND_MEMi8_IMM8_APX	AND	7
246	AND_MEMi8_IMM8_APX_N3	AND	7
247	AND_MEMv_GPRv	AND	7
248	AND_MEMv_GPRv_APX	AND	7
249	AND_MEMv_GPRv_APX_N3	AND	7
250	AND_MEMv_IMM8_APX	AND	7
251	AND_MEMv_IMM8_APX_N3	AND	7
252	AND_MEMv_IMMb	AND	7
253	AND_MEMv_IMMz	AND	7
254	AND_MEMv_IMMz_APX	AND	7
255	AND_MEMv_IMMz_APX_N3	AND	7
256	AND_OrAX_IMMz	AND	7
257	AOR_MEM32_GPR32	AOR	1211
258	AOR_MEM64_GPR64	AOR	1211
259	AOR_MEMi32_GPR32i32_APX	AOR	1211
260	AOR_MEMi64_GPR64i64_APX	AOR	1211
261	ARPL_GPR16_GPR16	ARPL	8
262	ARPL_MEMw_GPR16	ARPL	8
263	AXOR_MEM32_GPR32	AXOR	1212
264	AXOR_MEM64_GPR64	AXOR	1212
265	AXOR_MEMi32_GPR32i32_APX	AXOR	1212
266	AXOR_MEMi64_GPR64i64_APX	AXOR	1212
267	BEXTR_GPR32d_GPR32d_GPR32d	BEXTR	685
268	BEXTR_GPR32d_MEMd_GPR32d	BEXTR	685
269	BEXTR_GPR32i32_GPR32i32_GPR32i32_APX	BEXTR	685
270	BEXTR_GPR32i32_GPR32i32_GPR32i32_APX_N3	BEXTR	685
271	BEXTR_GPR32i32_MEMi32_GPR32i32_APX	BEXTR	685
272	BEXTR_GPR32i32_MEMi32_GPR32i32_APX_N3	BEXTR	685
273	BEXTR_GPR64i64_GPR64i64_GPR64i64_APX	BEXTR	685
274	BEXTR_GPR64i64_GPR64i64_GPR64i64_APX_N3	BEXTR	685
275	BEXTR_GPR64i64_MEMi64_GPR64i64_APX	BEXTR	685
276	BEXTR_GPR64i64_MEMi64_GPR64i64_APX_N3	BEXTR	685
277	BEXTR_GPR64q_GPR64q_GPR64q	BEXTR	685
278	BEXTR_GPR64q_MEMq_GPR64q	BEXTR	685
279	BEXTR_XOP_GPR32d_GPR32d_IMMd	BEXTR_XOP	1213
280	BEXTR_XOP_GPR32d_MEMd_IMMd	BEXTR_XOP	1213
281	BEXTR_XOP_GPRyy_GPRyy_IMMd	BEXTR_XOP	1213
282	BEXTR_XOP_GPRyy_MEMy_IMMd	BEXTR_XOP	1213
283	BLCFILL_GPR32d_GPR32d	BLCFILL	1214
284	BLCFILL_GPR32d_MEMd	BLCFILL	1214
285	BLCFILL_GPRyy_GPRyy	BLCFILL	1214
286	BLCFILL_GPRyy_MEMy	BLCFILL	1214
287	BLCIC_GPR32d_GPR32d	BLCIC	1216
288	BLCIC_GPR32d_MEMd	BLCIC	1216
289	BLCIC_GPRyy_GPRyy	BLCIC	1216
290	BLCIC_GPRyy_MEMy	BLCIC	1216
291	BLCI_GPR32d_GPR32d	BLCI	1215
292	BLCI_GPR32d_MEMd	BLCI	1215
293	BLCI_GPRyy_GPRyy	BLCI	1215
294	BLCI_GPRyy_MEMy	BLCI	1215
295	BLCMSK_GPR32d_GPR32d	BLCMSK	1217
296	BLCMSK_GPR32d_MEMd	BLCMSK	1217
297	BLCMSK_GPRyy_GPRyy	BLCMSK	1217
298	BLCMSK_GPRyy_MEMy	BLCMSK	1217
299	BLCS_GPR32d_GPR32d	BLCS	1218
300	BLCS_GPR32d_MEMd	BLCS	1218
301	BLCS_GPRyy_GPRyy	BLCS	1218
302	BLCS_GPRyy_MEMy	BLCS	1218
303	BLENDPD_XMMdq_MEMdq_IMMb	BLENDPD	489
304	BLENDPD_XMMdq_XMMdq_IMMb	BLENDPD	489
305	BLENDPS_XMMdq_MEMdq_IMMb	BLENDPS	488
306	BLENDPS_XMMdq_XMMdq_IMMb	BLENDPS	488
307	BLENDVPD_XMMdq_MEMdq	BLENDVPD	456
308	BLENDVPD_XMMdq_XMMdq	BLENDVPD	456
309	BLENDVPS_XMMdq_MEMdq	BLENDVPS	455
310	BLENDVPS_XMMdq_XMMdq	BLENDVPS	455
311	BLSFILL_GPR32d_GPR32d	BLSFILL	1219
312	BLSFILL_GPR32d_MEMd	BLSFILL	1219
313	BLSFILL_GPRyy_GPRyy	BLSFILL	1219
314	BLSFILL_GPRyy_MEMy	BLSFILL	1219
315	BLSIC_GPR32d_GPR32d	BLSIC	1220
316	BLSIC_GPR32d_MEMd	BLSIC	1220
317	BLSIC_GPRyy_GPRyy	BLSIC	1220
318	BLSIC_GPRyy_MEMy	BLSIC	1220
319	BLSI_GPR32d_GPR32d	BLSI	686
320	BLSI_GPR32d_MEMd	BLSI	686
321	BLSI_GPR32i32_GPR32i32_APX	BLSI	686
322	BLSI_GPR32i32_GPR32i32_APX_N3	BLSI	686
323	BLSI_GPR32i32_MEMi32_APX	BLSI	686
324	BLSI_GPR32i32_MEMi32_APX_N3	BLSI	686
325	BLSI_GPR64i64_GPR64i64_APX	BLSI	686
326	BLSI_GPR64i64_GPR64i64_APX_N3	BLSI	686
327	BLSI_GPR64i64_MEMi64_APX	BLSI	686
328	BLSI_GPR64i64_MEMi64_APX_N3	BLSI	686
329	BLSI_GPR64q_GPR64q	BLSI	686
330	BLSI_GPR64q_MEMq	BLSI	686
331	BLSMSK_GPR32d_GPR32d	BLSMSK	687
332	BLSMSK_GPR32d_MEMd	BLSMSK	687
333	BLSMSK_GPR32i32_GPR32i32_APX	BLSMSK	687
334	BLSMSK_GPR32i32_GPR32i32_APX_N3	BLSMSK	687
335	BLSMSK_GPR32i32_MEMi32_APX	BLSMSK	687
336	BLSMSK_GPR32i32_MEMi32_APX_N3	BLSMSK	687
337	BLSMSK_GPR64i64_GPR64i64_APX	BLSMSK	687
338	BLSMSK_GPR64i64_GPR64i64_APX_N3	BLSMSK	687
339	BLSMSK_GPR64i64_MEMi64_APX	BLSMSK	687
340	BLSMSK_GPR64i64_MEMi64_APX_N3	BLSMSK	687
341	BLSMSK_GPR64q_GPR64q	BLSMSK	687
342	BLSMSK_GPR64q_MEMq	BLSMSK	687
343	BLSR_GPR32d_GPR32d	BLSR	688
344	BLSR_GPR32d_MEMd	BLSR	688
345	BLSR_GPR32i32_GPR32i32_APX	BLSR	688
346	BLSR_GPR32i32_GPR32i32_APX_N3	BLSR	688
347	BLSR_GPR32i32_MEMi32_APX	BLSR	688
348	BLSR_GPR32i32_MEMi32_APX_N3	BLSR	688
349	BLSR_GPR64i64_GPR64i64_APX	BLSR	688
350	BLSR_GPR64i64_GPR64i64_APX_N3	BLSR	688
351	BLSR_GPR64i64_MEMi64_APX	BLSR	688
352	BLSR_GPR64i64_MEMi64_APX_N3	BLSR	688
353	BLSR_GPR64q_GPR64q	BLSR	688
354	BLSR_GPR64q_MEMq	BLSR	688
355	BNDCL_BND_AGEN	BNDCL	1168
356	BNDCL_BND_GPR32	BNDCL	1168
357	BNDCL_BND_GPR64	BNDCL	1168
358	BNDCN_BND_AGEN	BNDCN	1170
359	BNDCN_BND_GPR32	BNDCN	1170
360	BNDCN_BND_GPR64	BNDCN	1170
361	BNDCU_BND_AGEN	BNDCU	1169
362	BNDCU_BND_GPR32	BNDCU	1169
363	BNDCU_BND_GPR64	BNDCU	1169
364	BNDLDX_BND_MEMbnd32	BNDLDX	1172
365	BNDLDX_BND_MEMbnd64	BNDLDX	1172
366	BNDMK_BND_AGEN	BNDMK	1167
367	BNDMOV_BND_BND	BNDMOV	1171
368	BNDMOV_BND_MEMdq	BNDMOV	1171
369	BNDMOV_BND_MEMq	BNDMOV	1171
370	BNDMOV_MEMdq_BND	BNDMOV	1171
371	BNDMOV_MEMq_BND	BNDMOV	1171
372	BNDSTX_MEMbnd32_BND	BNDSTX	1173
373	BNDSTX_MEMbnd64_BND	BNDSTX	1173
374	BOUND_GPR16_MEMa16	BOUND	1129
375	BOUND_GPR32_MEMa32	BOUND	1129
376	BSF_GPRv_GPRv	BSF	9
377	BSF_GPRv_MEMv	BSF	9
378	BSRINIT_BSR0	BSRINIT	1221
379	BSRMOVF_BSR0_ZMMu64_MEMu64	BSRMOVF	1222
380	BSRMOVF_BSR0_ZMMu64_ZMMu64	BSRMOVF	1222
381	BSRMOVH_BSR0_MEMu64	BSRMOVH	1223
382	BSRMOVH_BSR0_ZMMu64	BSRMOVH	1223
383	BSRMOVH_MEMu64_BSR0	BSRMOVH	1223
384	BSRMOVH_ZMMu64_BSR0	BSRMOVH	1223
385	BSRMOVL_BSR0_MEMu64	BSRMOVL	1224
386	BSRMOVL_BSR0_ZMMu64	BSRMOVL	1224
387	BSRMOVL_MEMu64_BSR0	BSRMOVL	1224
388	BSRMOVL_ZMMu64_BSR0	BSRMOVL	1224
389	BSR_GPRv_GPRv	BSR	10
390	BSR_GPRv_MEMv	BSR	10
391	BSWAP_GPRv	BSWAP	11
392	BTC_GPRv_GPRv	BTC	13
393	BTC_GPRv_IMMb	BTC	13
394	BTC_LOCK_MEMv_GPRv	BTC_LOCK	1225
395	BTC_LOCK_MEMv_IMMb	BTC_LOCK	1225
396	BTC_MEMv_GPRv	BTC	13
397	BTC_MEMv_IMMb	BTC	13
398	BTR_GPRv_GPRv	BTR	14
399	BTR_GPRv_IMMb	BTR	14
400	BTR_LOCK_MEMv_GPRv	BTR_LOCK	1226
401	BTR_LOCK_MEMv_IMMb	BTR_LOCK	1226
402	BTR_MEMv_GPRv	BTR	14
403	BTR_MEMv_IMMb	BTR	14
404	BTS_GPRv_GPRv	BTS	15
405	BTS_GPRv_IMMb	BTS	15
406	BTS_LOCK_MEMv_GPRv	BTS_LOCK	1227
407	BTS_LOCK_MEMv_IMMb	BTS_LOCK	1227
408	BTS_MEMv_GPRv	BTS	15
409	BTS_MEMv_IMMb	BTS	15
410	BT_GPRv_GPRv	BT	12
411	BT_GPRv_IMMb	BT	12
412	BT_MEMv_GPRv	BT	12
413	BT_MEMv_IMMb	BT	12
414	BZHI_GPR32d_GPR32d_GPR32d	BZHI	689
415	BZHI_GPR32d_MEMd_GPR32d	BZHI	689
416	BZHI_GPR32i32_GPR32i32_GPR32i32_APX	BZHI	689
417	BZHI_GPR32i32_GPR32i32_GPR32i32_APX_N3	BZHI	689
418	BZHI_GPR32i32_MEMi32_GPR32i32_APX	BZHI	689
419	BZHI_GPR32i32_MEMi32_GPR32i32_APX_N3	BZHI	689
420	BZHI_GPR64i64_GPR64i64_GPR64i64_APX	BZHI	689
421	BZHI_GPR64i64_GPR64i64_GPR64i64_APX_N3	BZHI	689
422	BZHI_GPR64i64_MEMi64_GPR64i64_APX	BZHI	689
423	BZHI_GPR64i64_MEMi64_GPR64i64_APX_N3	BZHI	689
424	BZHI_GPR64q_GPR64q_GPR64q	BZHI	689
425	BZHI_GPR64q_MEMq_GPR64q	BZHI	689
426	CALL_FAR_MEMp2	CALL_FAR	1228
427	CALL_FAR_PTRp_IMMw	CALL_FAR	1228
428	CALL_NEAR_GPRv	CALL_NEAR	1229
429	CALL_NEAR_MEMv	CALL_NEAR	1229
430	CALL_NEAR_RELBRd	CALL_NEAR	1229
431	CALL_NEAR_RELBRz	CALL_NEAR	1229
432	CBW	CBW	17
433	CCMPBE_GPR8i8_GPR8i8_DFV_APX_N3	CCMPBE	1231
434	CCMPBE_GPR8i8_IMM8_DFV_APX_N3	CCMPBE	1231
435	CCMPBE_GPR8i8_MEMi8_DFV_APX_N3	CCMPBE	1231
436	CCMPBE_GPRv_GPRv_DFV_APX_N3	CCMPBE	1231
437	CCMPBE_GPRv_IMM8_DFV_APX_N3	CCMPBE	1231
438	CCMPBE_GPRv_IMMz_DFV_APX_N3	CCMPBE	1231
439	CCMPBE_GPRv_MEMv_DFV_APX_N3	CCMPBE	1231
440	CCMPBE_MEMi8_GPR8i8_DFV_APX_N3	CCMPBE	1231
441	CCMPBE_MEMi8_IMM8_DFV_APX_N3	CCMPBE	1231
442	CCMPBE_MEMv_GPRv_DFV_APX_N3	CCMPBE	1231
443	CCMPBE_MEMv_IMM8_DFV_APX_N3	CCMPBE	1231
444	CCMPBE_MEMv_IMMz_DFV_APX_N3	CCMPBE	1231
445	CCMPB_GPR8i8_GPR8i8_DFV_APX_N3	CCMPB	1230
446	CCMPB_GPR8i8_IMM8_DFV_APX_N3	CCMPB	1230
447	CCMPB_GPR8i8_MEMi8_DFV_APX_N3	CCMPB	1230
448	CCMPB_GPRv_GPRv_DFV_APX_N3	CCMPB	1230
449	CCMPB_GPRv_IMM8_DFV_APX_N3	CCMPB	1230
450	CCMPB_GPRv_IMMz_DFV_APX_N3	CCMPB	1230
451	CCMPB_GPRv_MEMv_DFV_APX_N3	CCMPB	1230
452	CCMPB_MEMi8_GPR8i8_DFV_APX_N3	CCMPB	1230
453	CCMPB_MEMi8_IMM8_DFV_APX_N3	CCMPB	1230
454	CCMPB_MEMv_GPRv_DFV_APX_N3	CCMPB	1230
455	CCMPB_MEMv_IMM8_DFV_APX_N3	CCMPB	1230
456	CCMPB_MEMv_IMMz_DFV_APX_N3	CCMPB	1230
457	CCMPF_GPR8i8_GPR8i8_DFV_APX_N3	CCMPF	1232
458	CCMPF_GPR8i8_IMM8_DFV_APX_N3	CCMPF	1232
459	CCMPF_GPR8i8_MEMi8_DFV_APX_N3	CCMPF	1232
460	CCMPF_GPRv_GPRv_DFV_APX_N3	CCMPF	1232
461	CCMPF_GPRv_IMM8_DFV_APX_N3	CCMPF	1232
462	CCMPF_GPRv_IMMz_DFV_APX_N3	CCMPF	1232
463	CCMPF_GPRv_MEMv_DFV_APX_N3	CCMPF	1232
464	CCMPF_MEMi8_GPR8i8_DFV_APX_N3	CCMPF	1232
465	CCMPF_MEMi8_IMM8_DFV_APX_N3	CCMPF	1232
466	CCMPF_MEMv_GPRv_DFV_APX_N3	CCMPF	1232
467	CCMPF_MEMv_IMM8_DFV_APX_N3	CCMPF	1232
468	CCMPF_MEMv_IMMz_DFV_APX_N3	CCMPF	1232
469	CCMPLE_GPR8i8_GPR8i8_DFV_APX_N3	CCMPLE	1234
470	CCMPLE_GPR8i8_IMM8_DFV_APX_N3	CCMPLE	1234
471	CCMPLE_GPR8i8_MEMi8_DFV_APX_N3	CCMPLE	1234
472	CCMPLE_GPRv_GPRv_DFV_APX_N3	CCMPLE	1234
473	CCMPLE_GPRv_IMM8_DFV_APX_N3	CCMPLE	1234
474	CCMPLE_GPRv_IMMz_DFV_APX_N3	CCMPLE	1234
475	CCMPLE_GPRv_MEMv_DFV_APX_N3	CCMPLE	1234
476	CCMPLE_MEMi8_GPR8i8_DFV_APX_N3	CCMPLE	1234
477	CCMPLE_MEMi8_IMM8_DFV_APX_N3	CCMPLE	1234
478	CCMPLE_MEMv_GPRv_DFV_APX_N3	CCMPLE	1234
479	CCMPLE_MEMv_IMM8_DFV_APX_N3	CCMPLE	1234
480	CCMPLE_MEMv_IMMz_DFV_APX_N3	CCMPLE	1234
481	CCMPL_GPR8i8_GPR8i8_DFV_APX_N3	CCMPL	1233
482	CCMPL_GPR8i8_IMM8_DFV_APX_N3	CCMPL	1233
483	CCMPL_GPR8i8_MEMi8_DFV_APX_N3	CCMPL	1233
484	CCMPL_GPRv_GPRv_DFV_APX_N3	CCMPL	1233
485	CCMPL_GPRv_IMM8_DFV_APX_N3	CCMPL	1233
486	CCMPL_GPRv_IMMz_DFV_APX_N3	CCMPL	1233
487	CCMPL_GPRv_MEMv_DFV_APX_N3	CCMPL	1233
488	CCMPL_MEMi8_GPR8i8_DFV_APX_N3	CCMPL	1233
489	CCMPL_MEMi8_IMM8_DFV_APX_N3	CCMPL	1233
490	CCMPL_MEMv_GPRv_DFV_APX_N3	CCMPL	1233
491	CCMPL_MEMv_IMM8_DFV_APX_N3	CCMPL	1233
492	CCMPL_MEMv_IMMz_DFV_APX_N3	CCMPL	1233
493	CCMPNBE_GPR8i8_GPR8i8_DFV_APX_N3	CCMPNBE	1236
494	CCMPNBE_GPR8i8_IMM8_DFV_APX_N3	CCMPNBE	1236
495	CCMPNBE_GPR8i8_MEMi8_DFV_APX_N3	CCMPNBE	1236
496	CCMPNBE_GPRv_GPRv_DFV_APX_N3	CCMPNBE	1236
497	CCMPNBE_GPRv_IMM8_DFV_APX_N3	CCMPNBE	1236
498	CCMPNBE_GPRv_IMMz_DFV_APX_N3	CCMPNBE	1236
499	CCMPNBE_GPRv_MEMv_DFV_APX_N3	CCMPNBE	1236
500	CCMPNBE_MEMi8_GPR8i8_DFV_APX_N3	CCMPNBE	1236
501	CCMPNBE_MEMi8_IMM8_DFV_APX_N3	CCMPNBE	1236
502	CCMPNBE_MEMv_GPRv_DFV_APX_N3	CCMPNBE	1236
503	CCMPNBE_MEMv_IMM8_DFV_APX_N3	CCMPNBE	1236
504	CCMPNBE_MEMv_IMMz_DFV_APX_N3	CCMPNBE	1236
505	CCMPNB_GPR8i8_GPR8i8_DFV_APX_N3	CCMPNB	1235
506	CCMPNB_GPR8i8_IMM8_DFV_APX_N3	CCMPNB	1235
507	CCMPNB_GPR8i8_MEMi8_DFV_APX_N3	CCMPNB	1235
508	CCMPNB_GPRv_GPRv_DFV_APX_N3	CCMPNB	1235
509	CCMPNB_GPRv_IMM8_DFV_APX_N3	CCMPNB	1235
510	CCMPNB_GPRv_IMMz_DFV_APX_N3	CCMPNB	1235
511	CCMPNB_GPRv_MEMv_DFV_APX_N3	CCMPNB	1235
512	CCMPNB_MEMi8_GPR8i8_DFV_APX_N3	CCMPNB	1235
513	CCMPNB_MEMi8_IMM8_DFV_APX_N3	CCMPNB	1235
514	CCMPNB_MEMv_GPRv_DFV_APX_N3	CCMPNB	1235
515	CCMPNB_MEMv_IMM8_DFV_APX_N3	CCMPNB	1235
516	CCMPNB_MEMv_IMMz_DFV_APX_N3	CCMPNB	1235
517	CCMPNLE_GPR8i8_GPR8i8_DFV_APX_N3	CCMPNLE	1238
518	CCMPNLE_GPR8i8_IMM8_DFV_APX_N3	CCMPNLE	1238
519	CCMPNLE_GPR8i8_MEMi8_DFV_APX_N3	CCMPNLE	1238
520	CCMPNLE_GPRv_GPRv_DFV_APX_N3	CCMPNLE	1238
521	CCMPNLE_GPRv_IMM8_DFV_APX_N3	CCMPNLE	1238
522	CCMPNLE_GPRv_IMMz_DFV_APX_N3	CCMPNLE	1238
523	CCMPNLE_GPRv_MEMv_DFV_APX_N3	CCMPNLE	1238
524	CCMPNLE_MEMi8_GPR8i8_DFV_APX_N3	CCMPNLE	1238
525	CCMPNLE_MEMi8_IMM8_DFV_APX_N3	CCMPNLE	1238
526	CCMPNLE_MEMv_GPRv_DFV_APX_N3	CCMPNLE	1238
527	CCMPNLE_MEMv_IMM8_DFV_APX_N3	CCMPNLE	1238
528	CCMPNLE_MEMv_IMMz_DFV_APX_N3	CCMPNLE	1238
529	CCMPNL_GPR8i8_GPR8i8_DFV_APX_N3	CCMPNL	1237
530	CCMPNL_GPR8i8_IMM8_DFV_APX_N3	CCMPNL	1237
531	CCMPNL_GPR8i8_MEMi8_DFV_APX_N3	CCMPNL	1237
532	CCMPNL_GPRv_GPRv_DFV_APX_N3	CCMPNL	1237
533	CCMPNL_GPRv_IMM8_DFV_APX_N3	CCMPNL	1237
534	CCMPNL_GPRv_IMMz_DFV_APX_N3	CCMPNL	1237
535	CCMPNL_GPRv_MEMv_DFV_APX_N3	CCMPNL	1237
536	CCMPNL_MEMi8_GPR8i8_DFV_APX_N3	CCMPNL	1237
537	CCMPNL_MEMi8_IMM8_DFV_APX_N3	CCMPNL	1237
538	CCMPNL_MEMv_GPRv_DFV_APX_N3	CCMPNL	1237
539	CCMPNL_MEMv_IMM8_DFV_APX_N3	CCMPNL	1237
540	CCMPNL_MEMv_IMMz_DFV_APX_N3	CCMPNL	1237
541	CCMPNO_GPR8i8_GPR8i8_DFV_APX_N3	CCMPNO	1239
542	CCMPNO_GPR8i8_IMM8_DFV_APX_N3	CCMPNO	1239
543	CCMPNO_GPR8i8_MEMi8_DFV_APX_N3	CCMPNO	1239
544	CCMPNO_GPRv_GPRv_DFV_APX_N3	CCMPNO	1239
545	CCMPNO_GPRv_IMM8_DFV_APX_N3	CCMPNO	1239
546	CCMPNO_GPRv_IMMz_DFV_APX_N3	CCMPNO	1239
547	CCMPNO_GPRv_MEMv_DFV_APX_N3	CCMPNO	1239
548	CCMPNO_MEMi8_GPR8i8_DFV_APX_N3	CCMPNO	1239
549	CCMPNO_MEMi8_IMM8_DFV_APX_N3	CCMPNO	1239
550	CCMPNO_MEMv_GPRv_DFV_APX_N3	CCMPNO	1239
551	CCMPNO_MEMv_IMM8_DFV_APX_N3	CCMPNO	1239
552	CCMPNO_MEMv_IMMz_DFV_APX_N3	CCMPNO	1239
553	CCMPNS_GPR8i8_GPR8i8_DFV_APX_N3	CCMPNS	1240
554	CCMPNS_GPR8i8_IMM8_DFV_APX_N3	CCMPNS	1240
555	CCMPNS_GPR8i8_MEMi8_DFV_APX_N3	CCMPNS	1240
556	CCMPNS_GPRv_GPRv_DFV_APX_N3	CCMPNS	1240
557	CCMPNS_GPRv_IMM8_DFV_APX_N3	CCMPNS	1240
558	CCMPNS_GPRv_IMMz_DFV_APX_N3	CCMPNS	1240
559	CCMPNS_GPRv_MEMv_DFV_APX_N3	CCMPNS	1240
560	CCMPNS_MEMi8_GPR8i8_DFV_APX_N3	CCMPNS	1240
561	CCMPNS_MEMi8_IMM8_DFV_APX_N3	CCMPNS	1240
562	CCMPNS_MEMv_GPRv_DFV_APX_N3	CCMPNS	1240
563	CCMPNS_MEMv_IMM8_DFV_APX_N3	CCMPNS	1240
564	CCMPNS_MEMv_IMMz_DFV_APX_N3	CCMPNS	1240
565	CCMPNZ_GPR8i8_GPR8i8_DFV_APX_N3	CCMPNZ	1241
566	CCMPNZ_GPR8i8_IMM8_DFV_APX_N3	CCMPNZ	1241
567	CCMPNZ_GPR8i8_MEMi8_DFV_APX_N3	CCMPNZ	1241
568	CCMPNZ_GPRv_GPRv_DFV_APX_N3	CCMPNZ	1241
569	CCMPNZ_GPRv_IMM8_DFV_APX_N3	CCMPNZ	1241
570	CCMPNZ_GPRv_IMMz_DFV_APX_N3	CCMPNZ	1241
571	CCMPNZ_GPRv_MEMv_DFV_APX_N3	CCMPNZ	1241
572	CCMPNZ_MEMi8_GPR8i8_DFV_APX_N3	CCMPNZ	1241
573	CCMPNZ_MEMi8_IMM8_DFV_APX_N3	CCMPNZ	1241
574	CCMPNZ_MEMv_GPRv_DFV_APX_N3	CCMPNZ	1241
575	CCMPNZ_MEMv_IMM8_DFV_APX_N3	CCMPNZ	1241
576	CCMPNZ_MEMv_IMMz_DFV_APX_N3	CCMPNZ	1241
577	CCMPO_GPR8i8_GPR8i8_DFV_APX_N3	CCMPO	1242
578	CCMPO_GPR8i8_IMM8_DFV_APX_N3	CCMPO	1242
579	CCMPO_GPR8i8_MEMi8_DFV_APX_N3	CCMPO	1242
580	CCMPO_GPRv_GPRv_DFV_APX_N3	CCMPO	1242
581	CCMPO_GPRv_IMM8_DFV_APX_N3	CCMPO	1242
582	CCMPO_GPRv_IMMz_DFV_APX_N3	CCMPO	1242
583	CCMPO_GPRv_MEMv_DFV_APX_N3	CCMPO	1242
584	CCMPO_MEMi8_GPR8i8_DFV_APX_N3	CCMPO	1242
585	CCMPO_MEMi8_IMM8_DFV_APX_N3	CCMPO	1242
586	CCMPO_MEMv_GPRv_DFV_APX_N3	CCMPO	1242
587	CCMPO_MEMv_IMM8_DFV_APX_N3	CCMPO	1242
588	CCMPO_MEMv_IMMz_DFV_APX_N3	CCMPO	1242
589	CCMPS_GPR8i8_GPR8i8_DFV_APX_N3	CCMPS	1243
590	CCMPS_GPR8i8_IMM8_DFV_APX_N3	CCMPS	1243
591	CCMPS_GPR8i8_MEMi8_DFV_APX_N3	CCMPS	1243
592	CCMPS_GPRv_GPRv_DFV_APX_N3	CCMPS	1243
593	CCMPS_GPRv_IMM8_DFV_APX_N3	CCMPS	1243
594	CCMPS_GPRv_IMMz_DFV_APX_N3	CCMPS	1243
595	CCMPS_GPRv_MEMv_DFV_APX_N3	CCMPS	1243
596	CCMPS_MEMi8_GPR8i8_DFV_APX_N3	CCMPS	1243
597	CCMPS_MEMi8_IMM8_DFV_APX_N3	CCMPS	1243
598	CCMPS_MEMv_GPRv_DFV_APX_N3	CCMPS	1243
599	CCMPS_MEMv_IMM8_DFV_APX_N3	CCMPS	1243
600	CCMPS_MEMv_IMMz_DFV_APX_N3	CCMPS	1243
601	CCMPT_GPR8i8_GPR8i8_DFV_APX_N3	CCMPT	1244
602	CCMPT_GPR8i8_IMM8_DFV_APX_N3	CCMPT	1244
603	CCMPT_GPR8i8_MEMi8_DFV_APX_N3	CCMPT	1244
604	CCMPT_GPRv_GPRv_DFV_APX_N3	CCMPT	1244
605	CCMPT_GPRv_IMM8_DFV_APX_N3	CCMPT	1244
606	CCMPT_GPRv_IMMz_DFV_APX_N3	CCMPT	1244
607	CCMPT_GPRv_MEMv_DFV_APX_N3	CCMPT	1244
608	CCMPT_MEMi8_GPR8i8_DFV_APX_N3	CCMPT	1244
609	CCMPT_MEMi8_IMM8_DFV_APX_N3	CCMPT	1244
610	CCMPT_MEMv_GPRv_DFV_APX_N3	CCMPT	1244
611	CCMPT_MEMv_IMM8_DFV_APX_N3	CCMPT	1244
612	CCMPT_MEMv_IMMz_DFV_APX_N3	CCMPT	1244
613	CCMPZ_GPR8i8_GPR8i8_DFV_APX_N3	CCMPZ	1245
614	CCMPZ_GPR8i8_IMM8_DFV_APX_N3	CCMPZ	1245
615	CCMPZ_GPR8i8_MEMi8_DFV_APX_N3	CCMPZ	1245
616	CCMPZ_GPRv_GPRv_DFV_APX_N3	CCMPZ	1245
617	CCMPZ_GPRv_IMM8_DFV_APX_N3	CCMPZ	1245
618	CCMPZ_GPRv_IMMz_DFV_APX_N3	CCMPZ	1245
619	CCMPZ_GPRv_MEMv_DFV_APX_N3	CCMPZ	1245
620	CCMPZ_MEMi8_GPR8i8_DFV_APX_N3	CCMPZ	1245
621	CCMPZ_MEMi8_IMM8_DFV_APX_N3	CCMPZ	1245
622	CCMPZ_MEMv_GPRv_DFV_APX_N3	CCMPZ	1245
623	CCMPZ_MEMv_IMM8_DFV_APX_N3	CCMPZ	1245
624	CCMPZ_MEMv_IMMz_DFV_APX_N3	CCMPZ	1245
625	CDQ	CDQ	18
626	CDQE	CDQE	19
627	CFCMOVBE_GPRv_GPRv_APX_N3	CFCMOVBE	1247
628	CFCMOVBE_GPRv_GPRv_GPRv_APX_N3	CFCMOVBE	1247
629	CFCMOVBE_GPRv_GPRv_MEMv_APX_N3	CFCMOVBE	1247
630	CFCMOVBE_GPRv_MEMv_APX_N3	CFCMOVBE	1247
631	CFCMOVBE_MEMv_GPRv_APX_N3	CFCMOVBE	1247
632	CFCMOVB_GPRv_GPRv_APX_N3	CFCMOVB	1246
633	CFCMOVB_GPRv_GPRv_GPRv_APX_N3	CFCMOVB	1246
634	CFCMOVB_GPRv_GPRv_MEMv_APX_N3	CFCMOVB	1246
635	CFCMOVB_GPRv_MEMv_APX_N3	CFCMOVB	1246
636	CFCMOVB_MEMv_GPRv_APX_N3	CFCMOVB	1246
637	CFCMOVLE_GPRv_GPRv_APX_N3	CFCMOVLE	1249
638	CFCMOVLE_GPRv_GPRv_GPRv_APX_N3	CFCMOVLE	1249
639	CFCMOVLE_GPRv_GPRv_MEMv_APX_N3	CFCMOVLE	1249
640	CFCMOVLE_GPRv_MEMv_APX_N3	CFCMOVLE	1249
641	CFCMOVLE_MEMv_GPRv_APX_N3	CFCMOVLE	1249
642	CFCMOVL_GPRv_GPRv_APX_N3	CFCMOVL	1248
643	CFCMOVL_GPRv_GPRv_GPRv_APX_N3	CFCMOVL	1248
644	CFCMOVL_GPRv_GPRv_MEMv_APX_N3	CFCMOVL	1248
645	CFCMOVL_GPRv_MEMv_APX_N3	CFCMOVL	1248
646	CFCMOVL_MEMv_GPRv_APX_N3	CFCMOVL	1248
647	CFCMOVNBE_GPRv_GPRv_APX_N3	CFCMOVNBE	1251
648	CFCMOVNBE_GPRv_GPRv_GPRv_APX_N3	CFCMOVNBE	1251
649	CFCMOVNBE_GPRv_GPRv_MEMv_APX_N3	CFCMOVNBE	1251
650	CFCMOVNBE_GPRv_MEMv_APX_N3	CFCMOVNBE	1251
651	CFCMOVNBE_MEMv_GPRv_APX_N3	CFCMOVNBE	1251
652	CFCMOVNB_GPRv_GPRv_APX_N3	CFCMOVNB	1250
653	CFCMOVNB_GPRv_GPRv_GPRv_APX_N3	CFCMOVNB	1250
654	CFCMOVNB_GPRv_GPRv_MEMv_APX_N3	CFCMOVNB	1250
655	CFCMOVNB_GPRv_MEMv_APX_N3	CFCMOVNB	1250
656	CFCMOVNB_MEMv_GPRv_APX_N3	CFCMOVNB	1250
657	CFCMOVNLE_GPRv_GPRv_APX_N3	CFCMOVNLE	1253
658	CFCMOVNLE_GPRv_GPRv_GPRv_APX_N3	CFCMOVNLE	1253
659	CFCMOVNLE_GPRv_GPRv_MEMv_APX_N3	CFCMOVNLE	1253
660	CFCMOVNLE_GPRv_MEMv_APX_N3	CFCMOVNLE	1253
661	CFCMOVNLE_MEMv_GPRv_APX_N3	CFCMOVNLE	1253
662	CFCMOVNL_GPRv_GPRv_APX_N3	CFCMOVNL	1252
663	CFCMOVNL_GPRv_GPRv_GPRv_APX_N3	CFCMOVNL	1252
664	CFCMOVNL_GPRv_GPRv_MEMv_APX_N3	CFCMOVNL	1252
665	CFCMOVNL_GPRv_MEMv_APX_N3	CFCMOVNL	1252
666	CFCMOVNL_MEMv_GPRv_APX_N3	CFCMOVNL	1252
667	CFCMOVNO_GPRv_GPRv_APX_N3	CFCMOVNO	1254
668	CFCMOVNO_GPRv_GPRv_GPRv_APX_N3	CFCMOVNO	1254
669	CFCMOVNO_GPRv_GPRv_MEMv_APX_N3	CFCMOVNO	1254
670	CFCMOVNO_GPRv_MEMv_APX_N3	CFCMOVNO	1254
671	CFCMOVNO_MEMv_GPRv_APX_N3	CFCMOVNO	1254
672	CFCMOVNP_GPRv_GPRv_APX_N3	CFCMOVNP	1255
673	CFCMOVNP_GPRv_GPRv_GPRv_APX_N3	CFCMOVNP	1255
674	CFCMOVNP_GPRv_GPRv_MEMv_APX_N3	CFCMOVNP	1255
675	CFCMOVNP_GPRv_MEMv_APX_N3	CFCMOVNP	1255
676	CFCMOVNP_MEMv_GPRv_APX_N3	CFCMOVNP	1255
677	CFCMOVNS_GPRv_GPRv_APX_N3	CFCMOVNS	1256
678	CFCMOVNS_GPRv_GPRv_GPRv_APX_N3	CFCMOVNS	1256
679	CFCMOVNS_GPRv_GPRv_MEMv_APX_N3	CFCMOVNS	1256
680	CFCMOVNS_GPRv_MEMv_APX_N3	CFCMOVNS	1256
681	CFCMOVNS_MEMv_GPRv_APX_N3	CFCMOVNS	1256
682	CFCMOVNZ_GPRv_GPRv_APX_N3	CFCMOVNZ	1257
683	CFCMOVNZ_GPRv_GPRv_GPRv_APX_N3	CFCMOVNZ	1257
684	CFCMOVNZ_GPRv_GPRv_MEMv_APX_N3	CFCMOVNZ	1257
685	CFCMOVNZ_GPRv_MEMv_APX_N3	CFCMOVNZ	1257
686	CFCMOVNZ_MEMv_GPRv_APX_N3	CFCMOVNZ	1257
687	CFCMOVO_GPRv_GPRv_APX_N3	CFCMOVO	1258
688	CFCMOVO_GPRv_GPRv_GPRv_APX_N3	CFCMOVO	1258
689	CFCMOVO_GPRv_GPRv_MEMv_APX_N3	CFCMOVO	1258
690	CFCMOVO_GPRv_MEMv_APX_N3	CFCMOVO	1258
691	CFCMOVO_MEMv_GPRv_APX_N3	CFCMOVO	1258
692	CFCMOVP_GPRv_GPRv_APX_N3	CFCMOVP	1259
693	CFCMOVP_GPRv_GPRv_GPRv_APX_N3	CFCMOVP	1259
694	CFCMOVP_GPRv_GPRv_MEMv_APX_N3	CFCMOVP	1259
695	CFCMOVP_GPRv_MEMv_APX_N3	CFCMOVP	1259
696	CFCMOVP_MEMv_GPRv_APX_N3	CFCMOVP	1259
697	CFCMOVS_GPRv_GPRv_APX_N3	CFCMOVS	1260
698	CFCMOVS_GPRv_GPRv_GPRv_APX_N3	CFCMOVS	1260
699	CFCMOVS_GPRv_GPRv_MEMv_APX_N3	CFCMOVS	1260
700	CFCMOVS_GPRv_MEMv_APX_N3	CFCMOVS	1260
701	CFCMOVS_MEMv_GPRv_APX_N3	CFCMOVS	1260
702	CFCMOVZ_GPRv_GPRv_APX_N3	CFCMOVZ	1261
703	CFCMOVZ_GPRv_GPRv_GPRv_APX_N3	CFCMOVZ	1261
704	CFCMOVZ_GPRv_GPRv_MEMv_APX_N3	CFCMOVZ	1261
705	CFCMOVZ_GPRv_MEMv_APX_N3	CFCMOVZ	1261
706	CFCMOVZ_MEMv_GPRv_APX_N3	CFCMOVZ	1261
707	CLAC	CLAC	1262
708	CLC	CLC	20
709	CLD	CLD	21
710	CLDEMOTE_MEMu8	CLDEMOTE	1263
711	CLFLUSHOPT_MEMmprefetch	CLFLUSHOPT	918
712	CLFLUSH_MEMmprefetch	CLFLUSH	917
713	CLGI	CLGI	215
714	CLI	CLI	22
715	CLRSSBSY_MEMu64	CLRSSBSY	828
716	CLTS	CLTS	23
717	CLUI	CLUI	1179
718	CLWB_MEMmprefetch	CLWB	919
719	CLZERO	CLZERO	1264
720	CMC	CMC	24
721	CMOVBE_GPRv_GPRv	CMOVBE	28
722	CMOVBE_GPRv_GPRv_GPRv_APX_N3	CMOVBE	28
723	CMOVBE_GPRv_GPRv_MEMv_APX_N3	CMOVBE	28
724	CMOVBE_GPRv_MEMv	CMOVBE	28
725	CMOVB_GPRv_GPRv	CMOVB	27
726	CMOVB_GPRv_GPRv_GPRv_APX_N3	CMOVB	27
727	CMOVB_GPRv_GPRv_MEMv_APX_N3	CMOVB	27
728	CMOVB_GPRv_MEMv	CMOVB	27
729	CMOVLE_GPRv_GPRv	CMOVLE	33
730	CMOVLE_GPRv_GPRv_GPRv_APX_N3	CMOVLE	33
731	CMOVLE_GPRv_GPRv_MEMv_APX_N3	CMOVLE	33
732	CMOVLE_GPRv_MEMv	CMOVLE	33
733	CMOVL_GPRv_GPRv	CMOVL	32
734	CMOVL_GPRv_GPRv_GPRv_APX_N3	CMOVL	32
735	CMOVL_GPRv_GPRv_MEMv_APX_N3	CMOVL	32
736	CMOVL_GPRv_MEMv	CMOVL	32
737	CMOVNBE_GPRv_GPRv	CMOVNBE	1266
738	CMOVNBE_GPRv_GPRv_GPRv_APX_N3	CMOVNBE	1266
739	CMOVNBE_GPRv_GPRv_MEMv_APX_N3	CMOVNBE	1266
740	CMOVNBE_GPRv_MEMv	CMOVNBE	1266
741	CMOVNB_GPRv_GPRv	CMOVNB	1265
742	CMOVNB_GPRv_GPRv_GPRv_APX_N3	CMOVNB	1265
743	CMOVNB_GPRv_GPRv_MEMv_APX_N3	CMOVNB	1265
744	CMOVNB_GPRv_MEMv	CMOVNB	1265
745	CMOVNLE_GPRv_GPRv	CMOVNLE	1268
746	CMOVNLE_GPRv_GPRv_GPRv_APX_N3	CMOVNLE	1268
747	CMOVNLE_GPRv_GPRv_MEMv_APX_N3	CMOVNLE	1268
748	CMOVNLE_GPRv_MEMv	CMOVNLE	1268
749	CMOVNL_GPRv_GPRv	CMOVNL	1267
750	CMOVNL_GPRv_GPRv_GPRv_APX_N3	CMOVNL	1267
751	CMOVNL_GPRv_GPRv_MEMv_APX_N3	CMOVNL	1267
752	CMOVNL_GPRv_MEMv	CMOVNL	1267
753	CMOVNO_GPRv_GPRv	CMOVNO	35
754	CMOVNO_GPRv_GPRv_GPRv_APX_N3	CMOVNO	35
755	CMOVNO_GPRv_GPRv_MEMv_APX_N3	CMOVNO	35
756	CMOVNO_GPRv_MEMv	CMOVNO	35
757	CMOVNP_GPRv_GPRv	CMOVNP	36
758	CMOVNP_GPRv_GPRv_GPRv_APX_N3	CMOVNP	36
759	CMOVNP_GPRv_GPRv_MEMv_APX_N3	CMOVNP	36
760	CMOVNP_GPRv_MEMv	CMOVNP	36
761	CMOVNS_GPRv_GPRv	CMOVNS	37
762	CMOVNS_GPRv_GPRv_GPRv_APX_N3	CMOVNS	37
763	CMOVNS_GPRv_GPRv_MEMv_APX_N3	CMOVNS	37
764	CMOVNS_GPRv_MEMv	CMOVNS	37
765	CMOVNZ_GPRv_GPRv	CMOVNZ	1269
766	CMOVNZ_GPRv_GPRv_GPRv_APX_N3	CMOVNZ	1269
767	CMOVNZ_GPRv_GPRv_MEMv_APX_N3	CMOVNZ	1269
768	CMOVNZ_GPRv_MEMv	CMOVNZ	1269
769	CMOVO_GPRv_GPRv	CMOVO	38
770	CMOVO_GPRv_GPRv_GPRv_APX_N3	CMOVO	38
771	CMOVO_GPRv_GPRv_MEMv_APX_N3	CMOVO	38
772	CMOVO_GPRv_MEMv	CMOVO	38
773	CMOVP_GPRv_GPRv	CMOVP	39
774	CMOVP_GPRv_GPRv_GPRv_APX_N3	CMOVP	39
775	CMOVP_GPRv_GPRv_MEMv_APX_N3	CMOVP	39
776	CMOVP_GPRv_MEMv	CMOVP	39
777	CMOVS_GPRv_GPRv	CMOVS	40
778	CMOVS_GPRv_GPRv_GPRv_APX_N3	CMOVS	40
779	CMOVS_GPRv_GPRv_MEMv_APX_N3	CMOVS	40
780	CMOVS_GPRv_MEMv	CMOVS	40
781	CMOVZ_GPRv_GPRv	CMOVZ	1270
782	CMOVZ_GPRv_GPRv_GPRv_APX_N3	CMOVZ	1270
783	CMOVZ_GPRv_GPRv_MEMv_APX_N3	CMOVZ	1270
784	CMOVZ_GPRv_MEMv	CMOVZ	1270
785	CMPBEXADD_MEMu32_GPR32u32_GPR32u32	CMPBEXADD	1271
786	CMPBEXADD_MEMu32_GPR32u32_GPR32u32_APX	CMPBEXADD	1271
787	CMPBEXADD_MEMu64_GPR64u64_GPR64u64	CMPBEXADD	1271
788	CMPBEXADD_MEMu64_GPR64u64_GPR64u64_APX	CMPBEXADD	1271
789	CMPBXADD_MEMu32_GPR32u32_GPR32u32	CMPBXADD	1272
790	CMPBXADD_MEMu32_GPR32u32_GPR32u32_APX	CMPBXADD	1272
791	CMPBXADD_MEMu64_GPR64u64_GPR64u64	CMPBXADD	1272
792	CMPBXADD_MEMu64_GPR64u64_GPR64u64_APX	CMPBXADD	1272
793	CMPLEXADD_MEMu32_GPR32u32_GPR32u32	CMPLEXADD	1273
794	CMPLEXADD_MEMu32_GPR32u32_GPR32u32_APX	CMPLEXADD	1273
795	CMPLEXADD_MEMu64_GPR64u64_GPR64u64	CMPLEXADD	1273
796	CMPLEXADD_MEMu64_GPR64u64_GPR64u64_APX	CMPLEXADD	1273
797	CMPLXADD_MEMu32_GPR32u32_GPR32u32	CMPLXADD	1274
798	CMPLXADD_MEMu32_GPR32u32_GPR32u32_APX	CMPLXADD	1274
799	CMPLXADD_MEMu64_GPR64u64_GPR64u64	CMPLXADD	1274
800	CMPLXADD_MEMu64_GPR64u64_GPR64u64_APX	CMPLXADD	1274
801	CMPNBEXADD_MEMu32_GPR32u32_GPR32u32	CMPNBEXADD	1275
802	CMPNBEXADD_MEMu32_GPR32u32_GPR32u32_APX	CMPNBEXADD	1275
803	CMPNBEXADD_MEMu64_GPR64u64_GPR64u64	CMPNBEXADD	1275
804	CMPNBEXADD_MEMu64_GPR64u64_GPR64u64_APX	CMPNBEXADD	1275
805	CMPNBXADD_MEMu32_GPR32u32_GPR32u32	CMPNBXADD	1276
806	CMPNBXADD_MEMu32_GPR32u32_GPR32u32_APX	CMPNBXADD	1276
807	CMPNBXADD_MEMu64_GPR64u64_GPR64u64	CMPNBXADD	1276
808	CMPNBXADD_MEMu64_GPR64u64_GPR64u64_APX	CMPNBXADD	1276
809	CMPNLEXADD_MEMu32_GPR32u32_GPR32u32	CMPNLEXADD	1277
810	CMPNLEXADD_MEMu32_GPR32u32_GPR32u32_APX	CMPNLEXADD	1277
811	CMPNLEXADD_MEMu64_GPR64u64_GPR64u64	CMPNLEXADD	1277
812	CMPNLEXADD_MEMu64_GPR64u64_GPR64u64_APX	CMPNLEXADD	1277
813	CMPNLXADD_MEMu32_GPR32u32_GPR32u32	CMPNLXADD	1278
814	CMPNLXADD_MEMu32_GPR32u32_GPR32u32_APX	CMPNLXADD	1278
815	CMPNLXADD_MEMu64_GPR64u64_GPR64u64	CMPNLXADD	1278
816	CMPNLXADD_MEMu64_GPR64u64_GPR64u64_APX	CMPNLXADD	1278
817	CMPNOXADD_MEMu32_GPR32u32_GPR32u32	CMPNOXADD	1279
818	CMPNOXADD_MEMu32_GPR32u32_GPR32u32_APX	CMPNOXADD	1279
819	CMPNOXADD_MEMu64_GPR64u64_GPR64u64	CMPNOXADD	1279
820	CMPNOXADD_MEMu64_GPR64u64_GPR64u64_APX	CMPNOXADD	1279
821	CMPNPXADD_MEMu32_GPR32u32_GPR32u32	CMPNPXADD	1280
822	CMPNPXADD_MEMu32_GPR32u32_GPR32u32_APX	CMPNPXADD	1280
823	CMPNPXADD_MEMu64_GPR64u64_GPR64u64	CMPNPXADD	1280
824	CMPNPXADD_MEMu64_GPR64u64_GPR64u64_APX	CMPNPXADD	1280
825	CMPNSXADD_MEMu32_GPR32u32_GPR32u32	CMPNSXADD	1281
826	CMPNSXADD_MEMu32_GPR32u32_GPR32u32_APX	CMPNSXADD	1281
827	CMPNSXADD_MEMu64_GPR64u64_GPR64u64	CMPNSXADD	1281
828	CMPNSXADD_MEMu64_GPR64u64_GPR64u64_APX	CMPNSXADD	1281
829	CMPNZXADD_MEMu32_GPR32u32_GPR32u32	CMPNZXADD	1282
830	CMPNZXADD_MEMu32_GPR32u32_GPR32u32_APX	CMPNZXADD	1282
831	CMPNZXADD_MEMu64_GPR64u64_GPR64u64	CMPNZXADD	1282
832	CMPNZXADD_MEMu64_GPR64u64_GPR64u64_APX	CMPNZXADD	1282
833	CMPOXADD_MEMu32_GPR32u32_GPR32u32	CMPOXADD	1283
834	CMPOXADD_MEMu32_GPR32u32_GPR32u32_APX	CMPOXADD	1283
835	CMPOXADD_MEMu64_GPR64u64_GPR64u64	CMPOXADD	1283
836	CMPOXADD_MEMu64_GPR64u64_GPR64u64_APX	CMPOXADD	1283
837	CMPPD_XMMpd_MEMpd_IMMb	CMPPD	363
838	CMPPD_XMMpd_XMMpd_IMMb	CMPPD	363
839	CMPPS_XMMps_MEMps_IMMb	CMPPS	305
840	CMPPS_XMMps_XMMps_IMMb	CMPPS	305
841	CMPPXADD_MEMu32_GPR32u32_GPR32u32	CMPPXADD	1284
842	CMPPXADD_MEMu32_GPR32u32_GPR32u32_APX	CMPPXADD	1284
843	CMPPXADD_MEMu64_GPR64u64_GPR64u64	CMPPXADD	1284
844	CMPPXADD_MEMu64_GPR64u64_GPR64u64_APX	CMPPXADD	1284
845	CMPSB	CMPSB	42
846	CMPSD	CMPSD	43
847	CMPSD_XMM_XMMsd_MEMsd_IMMb	CMPSD_XMM	1285
848	CMPSD_XMM_XMMsd_XMMsd_IMMb	CMPSD_XMM	1285
849	CMPSQ	CMPSQ	44
850	CMPSS_XMMss_MEMss_IMMb	CMPSS	306
851	CMPSS_XMMss_XMMss_IMMb	CMPSS	306
852	CMPSW	CMPSW	45
853	CMPSXADD_MEMu32_GPR32u32_GPR32u32	CMPSXADD	1286
854	CMPSXADD_MEMu32_GPR32u32_GPR32u32_APX	CMPSXADD	1286
855	CMPSXADD_MEMu64_GPR64u64_GPR64u64	CMPSXADD	1286
856	CMPSXADD_MEMu64_GPR64u64_GPR64u64_APX	CMPSXADD	1286
857	CMPXCHG16B_LOCK_MEMdq	CMPXCHG16B_LOCK	1287
858	CMPXCHG16B_MEMdq	CMPXCHG16B	1133
859	CMPXCHG8B_LOCK_MEMq	CMPXCHG8B_LOCK	1288
860	CMPXCHG8B_MEMq	CMPXCHG8B	1132
861	CMPXCHG_GPR8_GPR8	CMPXCHG	46
862	CMPXCHG_GPRv_GPRv	CMPXCHG	46
863	CMPXCHG_LOCK_MEMb_GPR8	CMPXCHG_LOCK	1289
864	CMPXCHG_LOCK_MEMv_GPRv	CMPXCHG_LOCK	1289
865	CMPXCHG_MEMb_GPR8	CMPXCHG	46
866	CMPXCHG_MEMv_GPRv	CMPXCHG	46
867	CMPZXADD_MEMu32_GPR32u32_GPR32u32	CMPZXADD	1290
868	CMPZXADD_MEMu32_GPR32u32_GPR32u32_APX	CMPZXADD	1290
869	CMPZXADD_MEMu64_GPR64u64_GPR64u64	CMPZXADD	1290
870	CMPZXADD_MEMu64_GPR64u64_GPR64u64_APX	CMPZXADD	1290
871	CMP_AL_IMMb	CMP	41
872	CMP_GPR8_GPR8_38	CMP	41
873	CMP_GPR8_GPR8_3A	CMP	41
874	CMP_GPR8_IMMb_80r7	CMP	41
875	CMP_GPR8_IMMb_82r7	CMP	41
876	CMP_GPR8_MEMb	CMP	41
877	CMP_GPRv_GPRv_39	CMP	41
878	CMP_GPRv_GPRv_3B	CMP	41
879	CMP_GPRv_IMMb	CMP	41
880	CMP_GPRv_IMMz	CMP	41
881	CMP_GPRv_MEMv	CMP	41
882	CMP_MEMb_GPR8	CMP	41
883	CMP_MEMb_IMMb_80r7	CMP	41
884	CMP_MEMb_IMMb_82r7	CMP	41
885	CMP_MEMv_GPRv	CMP	41
886	CMP_MEMv_IMMb	CMP	41
887	CMP_MEMv_IMMz	CMP	41
888	CMP_OrAX_IMMz	CMP	41
889	COMISD_XMMsd_MEMsd	COMISD	343
890	COMISD_XMMsd_XMMsd	COMISD	343
891	COMISS_XMMss_MEMss	COMISS	281
892	COMISS_XMMss_XMMss	COMISS	281
893	CPUID	CPUID	47
894	CQO	CQO	48
895	CRC32_GPRy_GPR8i8_APX	CRC32	507
896	CRC32_GPRy_GPRv_APX	CRC32	507
897	CRC32_GPRy_MEMi8_APX	CRC32	507
898	CRC32_GPRy_MEMv_APX	CRC32	507
899	CRC32_GPRyy_GPR8b	CRC32	507
900	CRC32_GPRyy_GPRv	CRC32	507
901	CRC32_GPRyy_MEMb	CRC32	507
902	CRC32_GPRyy_MEMv	CRC32	507
903	CTESTBE_GPR8i8_GPR8i8_DFV_APX_N3	CTESTBE	1292
904	CTESTBE_GPR8i8_IMM8_DFV_APX_N3	CTESTBE	1292
905	CTESTBE_GPRv_GPRv_DFV_APX_N3	CTESTBE	1292
906	CTESTBE_GPRv_IMMz_DFV_APX_N3	CTESTBE	1292
907	CTESTBE_MEMi8_GPR8i8_DFV_APX_N3	CTESTBE	1292
908	CTESTBE_MEMi8_IMM8_DFV_APX_N3	CTESTBE	1292
909	CTESTBE_MEMv_GPRv_DFV_APX_N3	CTESTBE	1292
910	CTESTBE_MEMv_IMMz_DFV_APX_N3	CTESTBE	1292
911	CTESTB_GPR8i8_GPR8i8_DFV_APX_N3	CTESTB	1291
912	CTESTB_GPR8i8_IMM8_DFV_APX_N3	CTESTB	1291
913	CTESTB_GPRv_GPRv_DFV_APX_N3	CTESTB	1291
914	CTESTB_GPRv_IMMz_DFV_APX_N3	CTESTB	1291
915	CTESTB_MEMi8_GPR8i8_DFV_APX_N3	CTESTB	1291
916	CTESTB_MEMi8_IMM8_DFV_APX_N3	CTESTB	1291
917	CTESTB_MEMv_GPRv_DFV_APX_N3	CTESTB	1291
918	CTESTB_MEMv_IMMz_DFV_APX_N3	CTESTB	1291
919	CTESTF_GPR8i8_GPR8i8_DFV_APX_N3	CTESTF	1293
920	CTESTF_GPR8i8_IMM8_DFV_APX_N3	CTESTF	1293
921	CTESTF_GPRv_GPRv_DFV_APX_N3	CTESTF	1293
922	CTESTF_GPRv_IMMz_DFV_APX_N3	CTESTF	1293
923	CTESTF_MEMi8_GPR8i8_DFV_APX_N3	CTESTF	1293
924	CTESTF_MEMi8_IMM8_DFV_APX_N3	CTESTF	1293
925	CTESTF_MEMv_GPRv_DFV_APX_N3	CTESTF	1293
926	CTESTF_MEMv_IMMz_DFV_APX_N3	CTESTF	1293
927	CTESTLE_GPR8i8_GPR8i8_DFV_APX_N3	CTESTLE	1295
928	CTESTLE_GPR8i8_IMM8_DFV_APX_N3	CTESTLE	1295
929	CTESTLE_GPRv_GPRv_DFV_APX_N3	CTESTLE	1295
930	CTESTLE_GPRv_IMMz_DFV_APX_N3	CTESTLE	1295
931	CTESTLE_MEMi8_GPR8i8_DFV_APX_N3	CTESTLE	1295
932	CTESTLE_MEMi8_IMM8_DFV_APX_N3	CTESTLE	1295
933	CTESTLE_MEMv_GPRv_DFV_APX_N3	CTESTLE	1295
934	CTESTLE_MEMv_IMMz_DFV_APX_N3	CTESTLE	1295
935	CTESTL_GPR8i8_GPR8i8_DFV_APX_N3	CTESTL	1294
936	CTESTL_GPR8i8_IMM8_DFV_APX_N3	CTESTL	1294
937	CTESTL_GPRv_GPRv_DFV_APX_N3	CTESTL	1294
938	CTESTL_GPRv_IMMz_DFV_APX_N3	CTESTL	1294
939	CTESTL_MEMi8_GPR8i8_DFV_APX_N3	CTESTL	1294
940	CTESTL_MEMi8_IMM8_DFV_APX_N3	CTESTL	1294
941	CTESTL_MEMv_GPRv_DFV_APX_N3	CTESTL	1294
942	CTESTL_MEMv_IMMz_DFV_APX_N3	CTESTL	1294
943	CTESTNBE_GPR8i8_GPR8i8_DFV_APX_N3	CTESTNBE	1297
944	CTESTNBE_GPR8i8_IMM8_DFV_APX_N3	CTESTNBE	1297
945	CTESTNBE_GPRv_GPRv_DFV_APX_N3	CTESTNBE	1297
946	CTESTNBE_GPRv_IMMz_DFV_APX_N3	CTESTNBE	1297
947	CTESTNBE_MEMi8_GPR8i8_DFV_APX_N3	CTESTNBE	1297
948	CTESTNBE_MEMi8_IMM8_DFV_APX_N3	CTESTNBE	1297
949	CTESTNBE_MEMv_GPRv_DFV_APX_N3	CTESTNBE	1297
950	CTESTNBE_MEMv_IMMz_DFV_APX_N3	CTESTNBE	1297
951	CTESTNB_GPR8i8_GPR8i8_DFV_APX_N3	CTESTNB	1296
952	CTESTNB_GPR8i8_IMM8_DFV_APX_N3	CTESTNB	1296
953	CTESTNB_GPRv_GPRv_DFV_APX_N3	CTESTNB	1296
954	CTESTNB_GPRv_IMMz_DFV_APX_N3	CTESTNB	1296
955	CTESTNB_MEMi8_GPR8i8_DFV_APX_N3	CTESTNB	1296
956	CTESTNB_MEMi8_IMM8_DFV_APX_N3	CTESTNB	1296
957	CTESTNB_MEMv_GPRv_DFV_APX_N3	CTESTNB	1296
958	CTESTNB_MEMv_IMMz_DFV_APX_N3	CTESTNB	1296
959	CTESTNLE_GPR8i8_GPR8i8_DFV_APX_N3	CTESTNLE	1299
960	CTESTNLE_GPR8i8_IMM8_DFV_APX_N3	CTESTNLE	1299
961	CTESTNLE_GPRv_GPRv_DFV_APX_N3	CTESTNLE	1299
962	CTESTNLE_GPRv_IMMz_DFV_APX_N3	CTESTNLE	1299
963	CTESTNLE_MEMi8_GPR8i8_DFV_APX_N3	CTESTNLE	1299
964	CTESTNLE_MEMi8_IMM8_DFV_APX_N3	CTESTNLE	1299
965	CTESTNLE_MEMv_GPRv_DFV_APX_N3	CTESTNLE	1299
966	CTESTNLE_MEMv_IMMz_DFV_APX_N3	CTESTNLE	1299
967	CTESTNL_GPR8i8_GPR8i8_DFV_APX_N3	CTESTNL	1298
968	CTESTNL_GPR8i8_IMM8_DFV_APX_N3	CTESTNL	1298
969	CTESTNL_GPRv_GPRv_DFV_APX_N3	CTESTNL	1298
970	CTESTNL_GPRv_IMMz_DFV_APX_N3	CTESTNL	1298
971	CTESTNL_MEMi8_GPR8i8_DFV_APX_N3	CTESTNL	1298
972	CTESTNL_MEMi8_IMM8_DFV_APX_N3	CTESTNL	1298
973	CTESTNL_MEMv_GPRv_DFV_APX_N3	CTESTNL	1298
974	CTESTNL_MEMv_IMMz_DFV_APX_N3	CTESTNL	1298
975	CTESTNO_GPR8i8_GPR8i8_DFV_APX_N3	CTESTNO	1300
976	CTESTNO_GPR8i8_IMM8_DFV_APX_N3	CTESTNO	1300
977	CTESTNO_GPRv_GPRv_DFV_APX_N3	CTESTNO	1300
978	CTESTNO_GPRv_IMMz_DFV_APX_N3	CTESTNO	1300
979	CTESTNO_MEMi8_GPR8i8_DFV_APX_N3	CTESTNO	1300
980	CTESTNO_MEMi8_IMM8_DFV_APX_N3	CTESTNO	1300
981	CTESTNO_MEMv_GPRv_DFV_APX_N3	CTESTNO	1300
982	CTESTNO_MEMv_IMMz_DFV_APX_N3	CTESTNO	1300
983	CTESTNS_GPR8i8_GPR8i8_DFV_APX_N3	CTESTNS	1301
984	CTESTNS_GPR8i8_IMM8_DFV_APX_N3	CTESTNS	1301
985	CTESTNS_GPRv_GPRv_DFV_APX_N3	CTESTNS	1301
986	CTESTNS_GPRv_IMMz_DFV_APX_N3	CTESTNS	1301
987	CTESTNS_MEMi8_GPR8i8_DFV_APX_N3	CTESTNS	1301
988	CTESTNS_MEMi8_IMM8_DFV_APX_N3	CTESTNS	1301
989	CTESTNS_MEMv_GPRv_DFV_APX_N3	CTESTNS	1301
990	CTESTNS_MEMv_IMMz_DFV_APX_N3	CTESTNS	1301
991	CTESTNZ_GPR8i8_GPR8i8_DFV_APX_N3	CTESTNZ	1302
992	CTESTNZ_GPR8i8_IMM8_DFV_APX_N3	CTESTNZ	1302
993	CTESTNZ_GPRv_GPRv_DFV_APX_N3	CTESTNZ	1302
994	CTESTNZ_GPRv_IMMz_DFV_APX_N3	CTESTNZ	1302
995	CTESTNZ_MEMi8_GPR8i8_DFV_APX_N3	CTESTNZ	1302
996	CTESTNZ_MEMi8_IMM8_DFV_APX_N3	CTESTNZ	1302
997	CTESTNZ_MEMv_GPRv_DFV_APX_N3	CTESTNZ	1302
998	CTESTNZ_MEMv_IMMz_DFV_APX_N3	CTESTNZ	1302
999	CTESTO_GPR8i8_GPR8i8_DFV_APX_N3	CTESTO	1303
1000	CTESTO_GPR8i8_IMM8_DFV_APX_N3	CTESTO	1303
1001	CTESTO_GPRv_GPRv_DFV_APX_N3	CTESTO	1303
1002	CTESTO_GPRv_IMMz_DFV_APX_N3	CTESTO	1303
1003	CTESTO_MEMi8_GPR8i8_DFV_APX_N3	CTESTO	1303
1004	CTESTO_MEMi8_IMM8_DFV_APX_N3	CTESTO	1303
1005	CTESTO_MEMv_GPRv_DFV_APX_N3	CTESTO	1303
1006	CTESTO_MEMv_IMMz_DFV_APX_N3	CTESTO	1303
1007	CTESTS_GPR8i8_GPR8i8_DFV_APX_N3	CTESTS	1304
1008	CTESTS_GPR8i8_IMM8_DFV_APX_N3	CTESTS	1304
1009	CTESTS_GPRv_GPRv_DFV_APX_N3	CTESTS	1304
1010	CTESTS_GPRv_IMMz_DFV_APX_N3	CTESTS	1304
1011	CTESTS_MEMi8_GPR8i8_DFV_APX_N3	CTESTS	1304
1012	CTESTS_MEMi8_IMM8_DFV_APX_N3	CTESTS	1304
1013	CTESTS_MEMv_GPRv_DFV_APX_N3	CTESTS	1304
1014	CTESTS_MEMv_IMMz_DFV_APX_N3	CTESTS	1304
1015	CTESTT_GPR8i8_GPR8i8_DFV_APX_N3	CTESTT	1305
1016	CTESTT_GPR8i8_IMM8_DFV_APX_N3	CTESTT	1305
1017	CTESTT_GPRv_GPRv_DFV_APX_N3	CTESTT	1305
1018	CTESTT_GPRv_IMMz_DFV_APX_N3	CTESTT	1305
1019	CTESTT_MEMi8_GPR8i8_DFV_APX_N3	CTESTT	1305
1020	CTESTT_MEMi8_IMM8_DFV_APX_N3	CTESTT	1305
1021	CTESTT_MEMv_GPRv_DFV_APX_N3	CTESTT	1305
1022	CTESTT_MEMv_IMMz_DFV_APX_N3	CTESTT	1305
1023	CTESTZ_GPR8i8_GPR8i8_DFV_APX_N3	CTESTZ	1306
1024	CTESTZ_GPR8i8_IMM8_DFV_APX_N3	CTESTZ	1306
1025	CTESTZ_GPRv_GPRv_DFV_APX_N3	CTESTZ	1306
1026	CTESTZ_GPRv_IMMz_DFV_APX_N3	CTESTZ	1306
1027	CTESTZ_MEMi8_GPR8i8_DFV_APX_N3	CTESTZ	1306
1028	CTESTZ_MEMi8_IMM8_DFV_APX_N3	CTESTZ	1306
1029	CTESTZ_MEMv_GPRv_DFV_APX_N3	CTESTZ	1306
1030	CTESTZ_MEMv_IMMz_DFV_APX_N3	CTESTZ	1306
1031	CVTDQ2PD_XMMpd_MEMq	CVTDQ2PD	1307
1032	CVTDQ2PD_XMMpd_XMMq	CVTDQ2PD	1307
1033	CVTDQ2PS_XMMps_MEMdq	CVTDQ2PS	373
1034	CVTDQ2PS_XMMps_XMMdq	CVTDQ2PS	373
1035	CVTPD2DQ_XMMdq_MEMpd	CVTPD2DQ	1308
1036	CVTPD2DQ_XMMdq_XMMpd	CVTPD2DQ	1308
1037	CVTPD2PI_MMXq_MEMpd	CVTPD2PI	1309
1038	CVTPD2PI_MMXq_XMMpd	CVTPD2PI	1309
1039	CVTPD2PS_XMMps_MEMpd	CVTPD2PS	372
1040	CVTPD2PS_XMMps_XMMpd	CVTPD2PS	372
1041	CVTPI2PD_XMMpd_MEMq	CVTPI2PD	1310
1042	CVTPI2PD_XMMpd_MMXq	CVTPI2PD	1310
1043	CVTPI2PS_XMMq_MEMq	CVTPI2PS	310
1044	CVTPI2PS_XMMq_MMXq	CVTPI2PS	310
1045	CVTPS2DQ_XMMdq_MEMps	CVTPS2DQ	374
1046	CVTPS2DQ_XMMdq_XMMps	CVTPS2DQ	374
1047	CVTPS2PD_XMMpd_MEMq	CVTPS2PD	369
1048	CVTPS2PD_XMMpd_XMMq	CVTPS2PD	369
1049	CVTPS2PI_MMXq_MEMq	CVTPS2PI	311
1050	CVTPS2PI_MMXq_XMMq	CVTPS2PI	311
1051	CVTSD2SI_GPR32d_MEMsd	CVTSD2SI	377
1052	CVTSD2SI_GPR32d_XMMsd	CVTSD2SI	377
1053	CVTSD2SI_GPR64q_MEMsd	CVTSD2SI	377
1054	CVTSD2SI_GPR64q_XMMsd	CVTSD2SI	377
1055	CVTSD2SS_XMMss_MEMsd	CVTSD2SS	371
1056	CVTSD2SS_XMMss_XMMsd	CVTSD2SS	371
1057	CVTSI2SD_XMMsd_GPR32d	CVTSI2SD	376
1058	CVTSI2SD_XMMsd_GPR64q	CVTSI2SD	376
1059	CVTSI2SD_XMMsd_MEMd	CVTSI2SD	376
1060	CVTSI2SD_XMMsd_MEMq	CVTSI2SD	376
1061	CVTSI2SS_XMMss_GPR32d	CVTSI2SS	313
1062	CVTSI2SS_XMMss_GPR64q	CVTSI2SS	313
1063	CVTSI2SS_XMMss_MEMd	CVTSI2SS	313
1064	CVTSI2SS_XMMss_MEMq	CVTSI2SS	313
1065	CVTSS2SD_XMMsd_MEMss	CVTSS2SD	370
1066	CVTSS2SD_XMMsd_XMMss	CVTSS2SD	370
1067	CVTSS2SI_GPR32d_MEMss	CVTSS2SI	314
1068	CVTSS2SI_GPR32d_XMMss	CVTSS2SI	314
1069	CVTSS2SI_GPR64q_MEMss	CVTSS2SI	314
1070	CVTSS2SI_GPR64q_XMMss	CVTSS2SI	314
1071	CVTTPD2DQ_XMMdq_MEMpd	CVTTPD2DQ	1311
1072	CVTTPD2DQ_XMMdq_XMMpd	CVTTPD2DQ	1311
1073	CVTTPD2PI_MMXq_MEMpd	CVTTPD2PI	1312
1074	CVTTPD2PI_MMXq_XMMpd	CVTTPD2PI	1312
1075	CVTTPS2DQ_XMMdq_MEMps	CVTTPS2DQ	375
1076	CVTTPS2DQ_XMMdq_XMMps	CVTTPS2DQ	375
1077	CVTTPS2PI_MMXq_MEMq	CVTTPS2PI	312
1078	CVTTPS2PI_MMXq_XMMq	CVTTPS2PI	312
1079	CVTTSD2SI_GPR32d_MEMsd	CVTTSD2SI	378
1080	CVTTSD2SI_GPR32d_XMMsd	CVTTSD2SI	378
1081	CVTTSD2SI_GPR64q_MEMsd	CVTTSD2SI	378
1082	CVTTSD2SI_GPR64q_XMMsd	CVTTSD2SI	378
1083	CVTTSS2SI_GPR32d_MEMss	CVTTSS2SI	315
1084	CVTTSS2SI_GPR32d_XMMss	CVTTSS2SI	315
1085	CVTTSS2SI_GPR64q_MEMss	CVTTSS2SI	315
1086	CVTTSS2SI_GPR64q_XMMss	CVTTSS2SI	315
1087	CWD	CWD	49
1088	CWDE	CWDE	50
1089	DAA	DAA	51
1090	DAS	DAS	52
1091	DEC_GPR8	DEC	53
1092	DEC_GPR8i8_APX	DEC	53
1093	DEC_GPR8i8_APX_N3	DEC	53
1094	DEC_GPR8i8_GPR8i8_APX_N3	DEC	53
1095	DEC_GPR8i8_MEMi8_APX_N3	DEC	53
1096	DEC_GPRv_48	DEC	53
1097	DEC_GPRv_APX	DEC	53
1098	DEC_GPRv_APX_N3	DEC	53
1099	DEC_GPRv_FFr1	DEC	53
1100	DEC_GPRv_GPRv_APX_N3	DEC	53
1101	DEC_GPRv_MEMv_APX_N3	DEC	53
1102	DEC_LOCK_MEMb	DEC_LOCK	1313
1103	DEC_LOCK_MEMv	DEC_LOCK	1313
1104	DEC_MEMb	DEC	53
1105	DEC_MEMi8_APX	DEC	53
1106	DEC_MEMi8_APX_N3	DEC	53
1107	DEC_MEMv	DEC	53
1108	DEC_MEMv_APX	DEC	53
1109	DEC_MEMv_APX_N3	DEC	53
1110	DIVPD_XMMpd_MEMpd	DIVPD	359
1111	DIVPD_XMMpd_XMMpd	DIVPD	359
1112	DIVPS_XMMps_MEMps	DIVPS	301
1113	DIVPS_XMMps_XMMps	DIVPS	301
1114	DIVSD_XMMsd_MEMsd	DIVSD	360
1115	DIVSD_XMMsd_XMMsd	DIVSD	360
1116	DIVSS_XMMss_MEMss	DIVSS	302
1117	DIVSS_XMMss_XMMss	DIVSS	302
1118	DIV_GPR8	DIV	54
1119	DIV_GPR8i8_APX	DIV	54
1120	DIV_GPR8i8_APX_N3	DIV	54
1121	DIV_GPRv	DIV	54
1122	DIV_GPRv_APX	DIV	54
1123	DIV_GPRv_APX_N3	DIV	54
1124	DIV_MEMb	DIV	54
1125	DIV_MEMi8_APX	DIV	54
1126	DIV_MEMi8_APX_N3	DIV	54
1127	DIV_MEMv	DIV	54
1128	DIV_MEMv_APX	DIV	54
1129	DIV_MEMv_APX_N3	DIV	54
1130	DPPD_XMMdq_MEMdq_IMMb	DPPD	498
1131	DPPD_XMMdq_XMMdq_IMMb	DPPD	498
1132	DPPS_XMMdq_MEMdq_IMMb	DPPS	497
1133	DPPS_XMMdq_XMMdq_IMMb	DPPS	497
1134	EMMS	EMMS	55
1135	ENCLS	ENCLS	1174
1136	ENCLU	ENCLU	1175
1137	ENCLV	ENCLV	1176
1138	ENCODEKEY128_GPR32u8_GPR32u8	ENCODEKEY128	1314
1139	ENCODEKEY256_GPR32u8_GPR32u8	ENCODEKEY256	1315
1140	ENDBR32	ENDBR32	56
1141	ENDBR64	ENDBR64	57
1142	ENQCMDS_GPRa_MEMu32	ENQCMDS	1185
1143	ENQCMDS_GPRav_MEMu32_APX	ENQCMDS	1185
1144	ENQCMD_GPRa_MEMu32	ENQCMD	1184
1145	ENQCMD_GPRav_MEMu32_APX	ENQCMD	1184
1146	ENTER_IMMw_IMMb	ENTER	58
1147	ERETS	ERETS	1316
1148	ERETU	ERETU	1317
1149	EXTRACTPS_GPR32d_XMMdq_IMMb	EXTRACTPS	493
1150	EXTRACTPS_MEMd_XMMps_IMMb	EXTRACTPS	493
1151	EXTRQ_XMMq_IMMb_IMMb	EXTRQ	508
1152	EXTRQ_XMMq_XMMdq	EXTRQ	508
1153	F2XM1	F2XM1	510
1154	FABS	FABS	511
1155	FADDP_X87_ST0	FADDP	513
1156	FADD_MEMm64real	FADD	512
1157	FADD_MEMmem32real	FADD	512
1158	FADD_ST0_X87	FADD	512
1159	FADD_X87_ST0	FADD	512
1160	FBLD_ST0_MEMmem80dec	FBLD	514
1161	FBSTP_MEMmem80dec_ST0	FBSTP	515
1162	FCHS	FCHS	516
1163	FCMOVBE_ST0_X87	FCMOVBE	519
1164	FCMOVB_ST0_X87	FCMOVB	518
1165	FCMOVE_ST0_X87	FCMOVE	520
1166	FCMOVNBE_ST0_X87	FCMOVNBE	522
1167	FCMOVNB_ST0_X87	FCMOVNB	521
1168	FCMOVNE_ST0_X87	FCMOVNE	523
1169	FCMOVNU_ST0_X87	FCMOVNU	524
1170	FCMOVU_ST0_X87	FCMOVU	525
1171	FCOMIP_ST0_X87	FCOMIP	528
1172	FCOMI_ST0_X87	FCOMI	527
1173	FCOMPP	FCOMPP	530
1174	FCOMP_ST0_MEMm64real	FCOMP	529
1175	FCOMP_ST0_MEMmem32real	FCOMP	529
1176	FCOMP_ST0_X87	FCOMP	529
1177	FCOMP_ST0_X87_DCD1	FCOMP	529
1178	FCOMP_ST0_X87_DED0	FCOMP	529
1179	FCOM_ST0_MEMm64real	FCOM	526
1180	FCOM_ST0_MEMmem32real	FCOM	526
1181	FCOM_ST0_X87	FCOM	526
1182	FCOM_ST0_X87_DCD0	FCOM	526
1183	FCOS	FCOS	531
1184	FDECSTP	FDECSTP	532
1185	FDISI8087_NOP	FDISI8087_NOP	1318
1186	FDIVP_X87_ST0	FDIVP	535
1187	FDIVRP_X87_ST0	FDIVRP	537
1188	FDIVR_ST0_MEMm64real	FDIVR	536
1189	FDIVR_ST0_MEMmem32real	FDIVR	536
1190	FDIVR_ST0_X87	FDIVR	536
1191	FDIVR_X87_ST0	FDIVR	536
1192	FDIV_ST0_MEMm64real	FDIV	534
1193	FDIV_ST0_MEMmem32real	FDIV	534
1194	FDIV_ST0_X87	FDIV	534
1195	FDIV_X87_ST0	FDIV	534
1196	FEMMS	FEMMS	241
1197	FENI8087_NOP	FENI8087_NOP	1319
1198	FFREEP_X87	FFREEP	540
1199	FFREE_X87	FFREE	539
1200	FIADD_ST0_MEMmem16int	FIADD	541
1201	FIADD_ST0_MEMmem32int	FIADD	541
1202	FICOMP_ST0_MEMmem16int	FICOMP	543
1203	FICOMP_ST0_MEMmem32int	FICOMP	543
1204	FICOM_ST0_MEMmem16int	FICOM	542
1205	FICOM_ST0_MEMmem32int	FICOM	542
1206	FIDIVR_ST0_MEMmem16int	FIDIVR	545
1207	FIDIVR_ST0_MEMmem32int	FIDIVR	545
1208	FIDIV_ST0_MEMmem16int	FIDIV	544
1209	FIDIV_ST0_MEMmem32int	FIDIV	544
1210	FILD_ST0_MEMm64int	FILD	546
1211	FILD_ST0_MEMmem16int	FILD	546
1212	FILD_ST0_MEMmem32int	FILD	546
1213	FIMUL_ST0_MEMmem16int	FIMUL	547
1214	FIMUL_ST0_MEMmem32int	FIMUL	547
1215	FINCSTP	FINCSTP	548
1216	FISTP_MEMm64int_ST0	FISTP	551
1217	FISTP_MEMmem16int_ST0	FISTP	551
1218	FISTP_MEMmem32int_ST0	FISTP	551
1219	FISTTP_MEMm64int_ST0	FISTTP	552
1220	FISTTP_MEMmem16int_ST0	FISTTP	552
1221	FISTTP_MEMmem32int_ST0	FISTTP	552
1222	FIST_MEMmem16int_ST0	FIST	550
1223	FIST_MEMmem32int_ST0	FIST	550
1224	FISUBR_ST0_MEMmem16int	FISUBR	554
1225	FISUBR_ST0_MEMmem32int	FISUBR	554
1226	FISUB_ST0_MEMmem16int	FISUB	553
1227	FISUB_ST0_MEMmem32int	FISUB	553
1228	FLD1	FLD1	556
1229	FLDCW_MEMmem16	FLDCW	557
1230	FLDENV_MEMmem14	FLDENV	558
1231	FLDENV_MEMmem28	FLDENV	558
1232	FLDL2E	FLDL2E	559
1233	FLDL2T	FLDL2T	560
1234	FLDLG2	FLDLG2	561
1235	FLDLN2	FLDLN2	562
1236	FLDPI	FLDPI	563
1237	FLDZ	FLDZ	564
1238	FLD_ST0_MEMm64real	FLD	555
1239	FLD_ST0_MEMmem32real	FLD	555
1240	FLD_ST0_MEMmem80real	FLD	555
1241	FLD_ST0_X87	FLD	555
1242	FMULP_X87_ST0	FMULP	566
1243	FMUL_ST0_MEMm64real	FMUL	565
1244	FMUL_ST0_MEMmem32real	FMUL	565
1245	FMUL_ST0_X87	FMUL	565
1246	FMUL_X87_ST0	FMUL	565
1247	FNCLEX	FNCLEX	567
1248	FNINIT	FNINIT	570
1249	FNOP	FNOP	571
1250	FNSAVE_MEMmem108	FNSAVE	572
1251	FNSAVE_MEMmem94	FNSAVE	572
1252	FNSTCW_MEMmem16	FNSTCW	574
1253	FNSTENV_MEMmem14	FNSTENV	575
1254	FNSTENV_MEMmem28	FNSTENV	575
1255	FNSTSW_AX	FNSTSW	576
1256	FNSTSW_MEMmem16	FNSTSW	576
1257	FPATAN	FPATAN	577
1258	FPREM	FPREM	578
1259	FPREM1	FPREM1	579
1260	FPTAN	FPTAN	580
1261	FRNDINT	FRNDINT	581
1262	FRSTOR_MEMmem108	FRSTOR	582
1263	FRSTOR_MEMmem94	FRSTOR	582
1264	FSCALE	FSCALE	584
1265	FSETPM287_NOP	FSETPM287_NOP	1320
1266	FSIN	FSIN	586
1267	FSINCOS	FSINCOS	587
1268	FSQRT	FSQRT	588
1269	FSTPNCE_X87_ST0	FSTPNCE	609
1270	FSTP_MEMm64real_ST0	FSTP	592
1271	FSTP_MEMmem32real_ST0	FSTP	592
1272	FSTP_MEMmem80real_ST0	FSTP	592
1273	FSTP_X87_ST0	FSTP	592
1274	FSTP_X87_ST0_DFD0	FSTP	592
1275	FSTP_X87_ST0_DFD1	FSTP	592
1276	FST_MEMm64real_ST0	FST	589
1277	FST_MEMmem32real_ST0	FST	589
1278	FST_X87_ST0	FST	589
1279	FSUBP_X87_ST0	FSUBP	595
1280	FSUBRP_X87_ST0	FSUBRP	597
1281	FSUBR_ST0_MEMm64real	FSUBR	596
1282	FSUBR_ST0_MEMmem32real	FSUBR	596
1283	FSUBR_ST0_X87	FSUBR	596
1284	FSUBR_X87_ST0	FSUBR	596
1285	FSUB_ST0_MEMm64real	FSUB	594
1286	FSUB_ST0_MEMmem32real	FSUB	594
1287	FSUB_ST0_X87	FSUB	594
1288	FSUB_X87_ST0	FSUB	594
1289	FTST	FTST	598
1290	FUCOMIP_ST0_X87	FUCOMIP	601
1291	FUCOMI_ST0_X87	FUCOMI	600
1292	FUCOMPP	FUCOMPP	603
1293	FUCOMP_ST0_X87	FUCOMP	602
1294	FUCOM_ST0_X87	FUCOM	599
1295	FWAIT	FWAIT	1321
1296	FXAM	FXAM	604
1297	FXCH_ST0_X87	FXCH	605
1298	FXCH_ST0_X87_DDC1	FXCH	605
1299	FXCH_ST0_X87_DFC1	FXCH	605
1300	FXRSTOR64_MEMmfpxenv	FXRSTOR64	1142
1301	FXRSTOR_MEMmfpxenv	FXRSTOR	1141
1302	FXSAVE64_MEMmfpxenv	FXSAVE64	1140
1303	FXSAVE_MEMmfpxenv	FXSAVE	1139
1304	FXTRACT	FXTRACT	606
1305	FYL2X	FYL2X	607
1306	FYL2XP1	FYL2XP1	608
1307	GETSEC	GETSEC	59
1308	GF2P8AFFINEINVQB_XMMu8_MEMu64_IMM8	GF2P8AFFINEINVQB	1322
1309	GF2P8AFFINEINVQB_XMMu8_XMMu64_IMM8	GF2P8AFFINEINVQB	1322
1310	GF2P8AFFINEQB_XMMu8_MEMu64_IMM8	GF2P8AFFINEQB	1323
1311	GF2P8AFFINEQB_XMMu8_XMMu64_IMM8	GF2P8AFFINEQB	1323
1312	GF2P8MULB_XMMu8_MEMu8	GF2P8MULB	1324
1313	GF2P8MULB_XMMu8_XMMu8	GF2P8MULB	1324
1314	HADDPD_XMMpd_MEMpd	HADDPD	431
1315	HADDPD_XMMpd_XMMpd	HADDPD	431
1316	HADDPS_XMMps_MEMps	HADDPS	432
1317	HADDPS_XMMps_XMMps	HADDPS	432
1318	HLT	HLT	60
1319	HRESET_IMM8	HRESET	1325
1320	HSUBPD_XMMpd_MEMpd	HSUBPD	433
1321	HSUBPD_XMMpd_XMMpd	HSUBPD	433
1322	HSUBPS_XMMps_MEMps	HSUBPS	434
1323	HSUBPS_XMMps_XMMps	HSUBPS	434
1324	IBHF	IBHF	1326
1325	IDIV_GPR8	IDIV	61
1326	IDIV_GPR8i8_APX	IDIV	61
1327	IDIV_GPR8i8_APX_N3	IDIV	61
1328	IDIV_GPRv	IDIV	61
1329	IDIV_GPRv_APX	IDIV	61
1330	IDIV_GPRv_APX_N3	IDIV	61
1331	IDIV_MEMb	IDIV	61
1332	IDIV_MEMi8_APX	IDIV	61
1333	IDIV_MEMi8_APX_N3	IDIV	61
1334	IDIV_MEMv	IDIV	61
1335	IDIV_MEMv_APX	IDIV	61
1336	IDIV_MEMv_APX_N3	IDIV	61
1337	IMUL_GPR8	IMUL	62
1338	IMUL_GPR8i8_APX	IMUL	62
1339	IMUL_GPR8i8_APX_N3	IMUL	62
1340	IMUL_GPRv	IMUL	62
1341	IMUL_GPRv_APX	IMUL	62
1342	IMUL_GPRv_APX_N3	IMUL	62
1343	IMUL_GPRv_GPRv	IMUL	62
1344	IMUL_GPRv_GPRv_APX	IMUL	62
1345	IMUL_GPRv_GPRv_APX_N3	IMUL	62
1346	IMUL_GPRv_GPRv_GPRv_APX_N3	IMUL	62
1347	IMUL_GPRv_GPRv_IMM8_APX	IMUL	62
1348	IMUL_GPRv_GPRv_IMM8_APX_N3	IMUL	62
1349	IMUL_GPRv_GPRv_IMM8_APX_N3_ZU	IMUL	62
1350	IMUL_GPRv_GPRv_IMMb	IMUL	62
1351	IMUL_GPRv_GPRv_IMMz	IMUL	62
1352	IMUL_GPRv_GPRv_IMMz_APX	IMUL	62
1353	IMUL_GPRv_GPRv_IMMz_APX_N3	IMUL	62
1354	IMUL_GPRv_GPRv_IMMz_APX_N3_ZU	IMUL	62
1355	IMUL_GPRv_GPRv_MEMv_APX_N3	IMUL	62
1356	IMUL_GPRv_MEMv	IMUL	62
1357	IMUL_GPRv_MEMv_APX	IMUL	62
1358	IMUL_GPRv_MEMv_APX_N3	IMUL	62
1359	IMUL_GPRv_MEMv_IMM8_APX	IMUL	62
1360	IMUL_GPRv_MEMv_IMM8_APX_N3	IMUL	62
1361	IMUL_GPRv_MEMv_IMM8_APX_N3_ZU	IMUL	62
1362	IMUL_GPRv_MEMv_IMMb	IMUL	62
1363	IMUL_GPRv_MEMv_IMMz	IMUL	62
1364	IMUL_GPRv_MEMv_IMMz_APX	IMUL	62
1365	IMUL_GPRv_MEMv_IMMz_APX_N3	IMUL	62
1366	IMUL_GPRv_MEMv_IMMz_APX_N3_ZU	IMUL	62
1367	IMUL_MEMb	IMUL	62
1368	IMUL_MEMi8_APX	IMUL	62
1369	IMUL_MEMi8_APX_N3	IMUL	62
1370	IMUL_MEMv	IMUL	62
1371	IMUL_MEMv_APX	IMUL	62
1372	IMUL_MEMv_APX_N3	IMUL	62
1373	INCSSPD_GPR32u8	INCSSPD	829
1374	INCSSPQ_GPR64u8	INCSSPQ	830
1375	INC_GPR8	INC	64
1376	INC_GPR8i8_APX	INC	64
1377	INC_GPR8i8_APX_N3	INC	64
1378	INC_GPR8i8_GPR8i8_APX_N3	INC	64
1379	INC_GPR8i8_MEMi8_APX_N3	INC	64
1380	INC_GPRv_40	INC	64
1381	INC_GPRv_APX	INC	64
1382	INC_GPRv_APX_N3	INC	64
1383	INC_GPRv_FFr0	INC	64
1384	INC_GPRv_GPRv_APX_N3	INC	64
1385	INC_GPRv_MEMv_APX_N3	INC	64
1386	INC_LOCK_MEMb	INC_LOCK	1327
1387	INC_LOCK_MEMv	INC_LOCK	1327
1388	INC_MEMb	INC	64
1389	INC_MEMi8_APX	INC	64
1390	INC_MEMi8_APX_N3	INC	64
1391	INC_MEMv	INC	64
1392	INC_MEMv_APX	INC	64
1393	INC_MEMv_APX_N3	INC	64
1394	INSB	INSB	65
1395	INSD	INSD	66
1396	INSERTPS_XMMps_MEMd_IMMb	INSERTPS	495
1397	INSERTPS_XMMps_XMMps_IMMb	INSERTPS	495
1398	INSERTQ_XMMq_XMMdq	INSERTQ	509
1399	INSERTQ_XMMq_XMMq_IMMb_IMMb	INSERTQ	509
1400	INSW	INSW	67
1401	INT1	INT1	69
1402	INT3	INT3	70
1403	INTO	INTO	71
1404	INT_IMMb	INT	68
1405	INVD	INVD	72
1406	INVEPT_GPR32_MEMdq	INVEPT	216
1407	INVEPT_GPR64_MEMdq	INVEPT	216
1408	INVEPT_GPR64i64_MEMi128_APX	INVEPT	216
1409	INVLPGA_ArAX_ECX	INVLPGA	217
1410	INVLPGB	INVLPGB	1328
1411	INVLPG_MEMb	INVLPG	73
1412	INVPCID_GPR32_MEMdq	INVPCID	1160
1413	INVPCID_GPR64_MEMdq	INVPCID	1160
1414	INVPCID_GPR64i64_MEMi128_APX	INVPCID	1160
1415	INVVPID_GPR32_MEMdq	INVVPID	218
1416	INVVPID_GPR64_MEMdq	INVVPID	218
1417	INVVPID_GPR64i64_MEMi128_APX	INVVPID	218
1418	IN_AL_DX	IN	63
1419	IN_AL_IMMb	IN	63
1420	IN_OeAX_DX	IN	63
1421	IN_OeAX_IMMb	IN	63
1422	IRET	IRET	74
1423	IRETD	IRETD	75
1424	IRETQ	IRETQ	76
1425	JBE_RELBRb	JBE	80
1426	JBE_RELBRd	JBE	80
1427	JBE_RELBRz	JBE	80
1428	JB_RELBRb	JB	79
1429	JB_RELBRd	JB	79
1430	JB_RELBRz	JB	79
1431	JCXZ_RELBRb	JCXZ	81
1432	JECXZ_RELBRb	JECXZ	83
1433	JLE_RELBRb	JLE	87
1434	JLE_RELBRd	JLE	87
1435	JLE_RELBRz	JLE	87
1436	JL_RELBRb	JL	86
1437	JL_RELBRd	JL	86
1438	JL_RELBRz	JL	86
1439	JMPABS_ABSBRu64_APX	JMPABS	803
1440	JMP_FAR_MEMp2	JMP_FAR	1329
1441	JMP_FAR_PTRp_IMMw	JMP_FAR	1329
1442	JMP_GPRv	JMP	88
1443	JMP_MEMv	JMP	88
1444	JMP_RELBRb	JMP	88
1445	JMP_RELBRd	JMP	88
1446	JMP_RELBRz	JMP	88
1447	JNBE_RELBRb	JNBE	1331
1448	JNBE_RELBRd	JNBE	1331
1449	JNBE_RELBRz	JNBE	1331
1450	JNB_RELBRb	JNB	1330
1451	JNB_RELBRd	JNB	1330
1452	JNB_RELBRz	JNB	1330
1453	JNLE_RELBRb	JNLE	1333
1454	JNLE_RELBRd	JNLE	1333
1455	JNLE_RELBRz	JNLE	1333
1456	JNL_RELBRb	JNL	1332
1457	JNL_RELBRd	JNL	1332
1458	JNL_RELBRz	JNL	1332
1459	JNO_RELBRb	JNO	90
1460	JNO_RELBRd	JNO	90
1461	JNO_RELBRz	JNO	90
1462	JNP_RELBRb	JNP	91
1463	JNP_RELBRd	JNP	91
1464	JNP_RELBRz	JNP	91
1465	JNS_RELBRb	JNS	92
1466	JNS_RELBRd	JNS	92
1467	JNS_RELBRz	JNS	92
1468	JNZ_RELBRb	JNZ	1334
1469	JNZ_RELBRd	JNZ	1334
1470	JNZ_RELBRz	JNZ	1334
1471	JO_RELBRb	JO	93
1472	JO_RELBRd	JO	93
1473	JO_RELBRz	JO	93
1474	JP_RELBRb	JP	94
1475	JP_RELBRd	JP	94
1476	JP_RELBRz	JP	94
1477	JRCXZ_RELBRb	JRCXZ	95
1478	JS_RELBRb	JS	96
1479	JS_RELBRd	JS	96
1480	JS_RELBRz	JS	96
1481	JZ_RELBRb	JZ	1335
1482	JZ_RELBRd	JZ	1335
1483	JZ_RELBRz	JZ	1335
1484	KADDB_MASKmskw_MASKmskw_MASKmskw_AVX512	KADDB	954
1485	KADDD_MASKmskw_MASKmskw_MASKmskw_AVX512	KADDD	955
1486	KADDQ_MASKmskw_MASKmskw_MASKmskw_AVX512	KADDQ	956
1487	KADDW_MASKmskw_MASKmskw_MASKmskw_AVX512	KADDW	957
1488	KANDB_MASKmskw_MASKmskw_MASKmskw_AVX512	KANDB	958
1489	KANDD_MASKmskw_MASKmskw_MASKmskw_AVX512	KANDD	959
1490	KANDNB_MASKmskw_MASKmskw_MASKmskw_AVX512	KANDNB	960
1491	KANDND_MASKmskw_MASKmskw_MASKmskw_AVX512	KANDND	961
1492	KANDNQ_MASKmskw_MASKmskw_MASKmskw_AVX512	KANDNQ	962
1493	KANDNW_MASKmskw_MASKmskw_MASKmskw_AVX512	KANDNW	943
1494	KANDQ_MASKmskw_MASKmskw_MASKmskw_AVX512	KANDQ	963
1495	KANDW_MASKmskw_MASKmskw_MASKmskw_AVX512	KANDW	944
1496	KMOVB_GPR32u32_MASKmskw_APX	KMOVB	964
1497	KMOVB_GPR32u32_MASKmskw_AVX512	KMOVB	964
1498	KMOVB_MASKmskw_GPR32u32_APX	KMOVB	964
1499	KMOVB_MASKmskw_GPR32u32_AVX512	KMOVB	964
1500	KMOVB_MASKmskw_MASKu8_APX	KMOVB	964
1501	KMOVB_MASKmskw_MASKu8_AVX512	KMOVB	964
1502	KMOVB_MASKmskw_MEMu8_APX	KMOVB	964
1503	KMOVB_MASKmskw_MEMu8_AVX512	KMOVB	964
1504	KMOVB_MEMu8_MASKmskw_APX	KMOVB	964
1505	KMOVB_MEMu8_MASKmskw_AVX512	KMOVB	964
1506	KMOVD_GPR32u32_MASKmskw_APX	KMOVD	965
1507	KMOVD_GPR32u32_MASKmskw_AVX512	KMOVD	965
1508	KMOVD_MASKmskw_GPR32u32_APX	KMOVD	965
1509	KMOVD_MASKmskw_GPR32u32_AVX512	KMOVD	965
1510	KMOVD_MASKmskw_MASKu32_APX	KMOVD	965
1511	KMOVD_MASKmskw_MASKu32_AVX512	KMOVD	965
1512	KMOVD_MASKmskw_MEMu32_APX	KMOVD	965
1513	KMOVD_MASKmskw_MEMu32_AVX512	KMOVD	965
1514	KMOVD_MEMu32_MASKmskw_APX	KMOVD	965
1515	KMOVD_MEMu32_MASKmskw_AVX512	KMOVD	965
1516	KMOVQ_GPR64u64_MASKmskw_APX	KMOVQ	966
1517	KMOVQ_GPR64u64_MASKmskw_AVX512	KMOVQ	966
1518	KMOVQ_MASKmskw_GPR64u64_APX	KMOVQ	966
1519	KMOVQ_MASKmskw_GPR64u64_AVX512	KMOVQ	966
1520	KMOVQ_MASKmskw_MASKu64_APX	KMOVQ	966
1521	KMOVQ_MASKmskw_MASKu64_AVX512	KMOVQ	966
1522	KMOVQ_MASKmskw_MEMu64_APX	KMOVQ	966
1523	KMOVQ_MASKmskw_MEMu64_AVX512	KMOVQ	966
1524	KMOVQ_MEMu64_MASKmskw_APX	KMOVQ	966
1525	KMOVQ_MEMu64_MASKmskw_AVX512	KMOVQ	966
1526	KMOVW_GPR32u32_MASKmskw_APX	KMOVW	945
1527	KMOVW_GPR32u32_MASKmskw_AVX512	KMOVW	945
1528	KMOVW_MASKmskw_GPR32u32_APX	KMOVW	945
1529	KMOVW_MASKmskw_GPR32u32_AVX512	KMOVW	945
1530	KMOVW_MASKmskw_MASKu16_APX	KMOVW	945
1531	KMOVW_MASKmskw_MASKu16_AVX512	KMOVW	945
1532	KMOVW_MASKmskw_MEMu16_APX	KMOVW	945
1533	KMOVW_MASKmskw_MEMu16_AVX512	KMOVW	945
1534	KMOVW_MEMu16_MASKmskw_APX	KMOVW	945
1535	KMOVW_MEMu16_MASKmskw_AVX512	KMOVW	945
1536	KNOTB_MASKmskw_MASKmskw_AVX512	KNOTB	967
1537	KNOTD_MASKmskw_MASKmskw_AVX512	KNOTD	968
1538	KNOTQ_MASKmskw_MASKmskw_AVX512	KNOTQ	969
1539	KNOTW_MASKmskw_MASKmskw_AVX512	KNOTW	946
1540	KORB_MASKmskw_MASKmskw_MASKmskw_AVX512	KORB	970
1541	KORD_MASKmskw_MASKmskw_MASKmskw_AVX512	KORD	971
1542	KORQ_MASKmskw_MASKmskw_MASKmskw_AVX512	KORQ	972
1543	KORTESTB_MASKmskw_MASKmskw_AVX512	KORTESTB	973
1544	KORTESTD_MASKmskw_MASKmskw_AVX512	KORTESTD	974
1545	KORTESTQ_MASKmskw_MASKmskw_AVX512	KORTESTQ	975
1546	KORTESTW_MASKmskw_MASKmskw_AVX512	KORTESTW	947
1547	KORW_MASKmskw_MASKmskw_MASKmskw_AVX512	KORW	948
1548	KSHIFTLB_MASKmskw_MASKmskw_IMM8_AVX512	KSHIFTLB	976
1549	KSHIFTLD_MASKmskw_MASKmskw_IMM8_AVX512	KSHIFTLD	977
1550	KSHIFTLQ_MASKmskw_MASKmskw_IMM8_AVX512	KSHIFTLQ	978
1551	KSHIFTLW_MASKmskw_MASKmskw_IMM8_AVX512	KSHIFTLW	949
1552	KSHIFTRB_MASKmskw_MASKmskw_IMM8_AVX512	KSHIFTRB	979
1553	KSHIFTRD_MASKmskw_MASKmskw_IMM8_AVX512	KSHIFTRD	980
1554	KSHIFTRQ_MASKmskw_MASKmskw_IMM8_AVX512	KSHIFTRQ	981
1555	KSHIFTRW_MASKmskw_MASKmskw_IMM8_AVX512	KSHIFTRW	950
1556	KTESTB_MASKmskw_MASKmskw_AVX512	KTESTB	982
1557	KTESTD_MASKmskw_MASKmskw_AVX512	KTESTD	983
1558	KTESTQ_MASKmskw_MASKmskw_AVX512	KTESTQ	984
1559	KTESTW_MASKmskw_MASKmskw_AVX512	KTESTW	985
1560	KUNPCKBW_MASKmskw_MASKmskw_MASKmskw_AVX512	KUNPCKBW	951
1561	KUNPCKDQ_MASKmskw_MASKmskw_MASKmskw_AVX512	KUNPCKDQ	986
1562	KUNPCKWD_MASKmskw_MASKmskw_MASKmskw_AVX512	KUNPCKWD	987
1563	KXNORB_MASKmskw_MASKmskw_MASKmskw_AVX512	KXNORB	988
1564	KXNORD_MASKmskw_MASKmskw_MASKmskw_AVX512	KXNORD	989
1565	KXNORQ_MASKmskw_MASKmskw_MASKmskw_AVX512	KXNORQ	990
1566	KXNORW_MASKmskw_MASKmskw_MASKmskw_AVX512	KXNORW	952
1567	KXORB_MASKmskw_MASKmskw_MASKmskw_AVX512	KXORB	991
1568	KXORD_MASKmskw_MASKmskw_MASKmskw_AVX512	KXORD	992
1569	KXORQ_MASKmskw_MASKmskw_MASKmskw_AVX512	KXORQ	993
1570	KXORW_MASKmskw_MASKmskw_MASKmskw_AVX512	KXORW	953
1571	LAHF	LAHF	97
1572	LAR_GPRv_GPRv	LAR	98
1573	LAR_GPRv_MEMw	LAR	98
1574	LDDQU_XMMpd_MEMdq	LDDQU	437
1575	LDMXCSR_MEMd	LDMXCSR	316
1576	LDS_GPRz_MEMp	LDS	1130
1577	LDTILECFG_MEM	LDTILECFG	719
1578	LDTILECFG_MEM_APX	LDTILECFG	719
1579	LEAVE	LEAVE	100
1580	LEA_GPRv_AGEN	LEA	99
1581	LES_GPRz_MEMp	LES	1131
1582	LFENCE	LFENCE	1137
1583	LFS_GPRv_MEMp2	LFS	101
1584	LGDT_MEMs	LGDT	102
1585	LGDT_MEMs64	LGDT	102
1586	LGS_GPRv_MEMp2	LGS	103
1587	LIDT_MEMs	LIDT	104
1588	LIDT_MEMs64	LIDT	104
1589	LKGS_GPR16u16	LKGS	1336
1590	LKGS_MEMu16	LKGS	1336
1591	LLDT_GPR16	LLDT	105
1592	LLDT_MEMw	LLDT	105
1593	LLWPCB_GPRyy	LLWPCB	1337
1594	LMSW_GPR16	LMSW	106
1595	LMSW_MEMw	LMSW	106
1596	LOADIWKEY_XMMu8_XMMu8	LOADIWKEY	1338
1597	LODSB	LODSB	107
1598	LODSD	LODSD	108
1599	LODSQ	LODSQ	109
1600	LODSW	LODSW	110
1601	LOOPE_RELBRb	LOOPE	112
1602	LOOPNE_RELBRb	LOOPNE	113
1603	LOOP_RELBRb	LOOP	111
1604	LSL_GPRv_GPRz	LSL	114
1605	LSL_GPRv_MEMw	LSL	114
1606	LSS_GPRv_MEMp2	LSS	115
1607	LTR_GPR16	LTR	116
1608	LTR_MEMw	LTR	116
1609	LWPINS_GPRyy_GPR32d_IMMd	LWPINS	1339
1610	LWPINS_GPRyy_MEMd_IMMd	LWPINS	1339
1611	LWPVAL_GPRyy_GPR32d_IMMd	LWPVAL	1340
1612	LWPVAL_GPRyy_MEMd_IMMd	LWPVAL	1340
1613	LZCNT_GPRv_GPRv	LZCNT	117
1614	LZCNT_GPRv_GPRv_APX	LZCNT	117
1615	LZCNT_GPRv_GPRv_APX_N3	LZCNT	117
1616	LZCNT_GPRv_MEMv	LZCNT	117
1617	LZCNT_GPRv_MEMv_APX	LZCNT	117
1618	LZCNT_GPRv_MEMv_APX_N3	LZCNT	117
1619	MASKMOVDQU_XMMxub_XMMxub	MASKMOVDQU	1341
1620	MASKMOVQ_MMXq_MMXq	MASKMOVQ	335
1621	MAXPD_XMMpd_MEMpd	MAXPD	361
1622	MAXPD_XMMpd_XMMpd	MAXPD	361
1623	MAXPS_XMMps_MEMps	MAXPS	303
1624	MAXPS_XMMps_XMMps	MAXPS	303
1625	MAXSD_XMMsd_MEMsd	MAXSD	362
1626	MAXSD_XMMsd_XMMsd	MAXSD	362
1627	MAXSS_XMMss_MEMss	MAXSS	304
1628	MAXSS_XMMss_XMMss	MAXSS	304
1629	MCOMMIT	MCOMMIT	1342
1630	MFENCE	MFENCE	1138
1631	MINPD_XMMpd_MEMpd	MINPD	357
1632	MINPD_XMMpd_XMMpd	MINPD	357
1633	MINPS_XMMps_MEMps	MINPS	299
1634	MINPS_XMMps_XMMps	MINPS	299
1635	MINSD_XMMsd_MEMsd	MINSD	358
1636	MINSD_XMMsd_XMMsd	MINSD	358
1637	MINSS_XMMss_MEMss	MINSS	300
1638	MINSS_XMMss_XMMss	MINSS	300
1639	MONITOR	MONITOR	1157
1640	MONITORX	MONITORX	1343
1641	MOVAPD_MEMpd_XMMpd	MOVAPD	338
1642	MOVAPD_XMMpd_MEMpd	MOVAPD	338
1643	MOVAPD_XMMpd_XMMpd_0F28	MOVAPD	338
1644	MOVAPD_XMMpd_XMMpd_0F29	MOVAPD	338
1645	MOVAPS_MEMps_XMMps	MOVAPS	274
1646	MOVAPS_XMMps_MEMps	MOVAPS	274
1647	MOVAPS_XMMps_XMMps_0F28	MOVAPS	274
1648	MOVAPS_XMMps_XMMps_0F29	MOVAPS	274
1649	MOVBE_GPRv_GPRv_APX	MOVBE	1134
1650	MOVBE_GPRv_MEMv	MOVBE	1134
1651	MOVBE_GPRv_MEMv_APX	MOVBE	1134
1652	MOVBE_MEMv_GPRv	MOVBE	1134
1653	MOVBE_MEMv_GPRv_APX	MOVBE	1134
1654	MOVDDUP_XMMdq_MEMq	MOVDDUP	428
1655	MOVDDUP_XMMdq_XMMq	MOVDDUP	428
1656	MOVDIR64B_GPRa_MEM	MOVDIR64B	923
1657	MOVDIR64B_GPRav_MEMu32_APX	MOVDIR64B	923
1658	MOVDIRI_MEMu32_GPR32u32	MOVDIRI	922
1659	MOVDIRI_MEMu64_GPR64u64	MOVDIRI	922
1660	MOVDIRI_MEMyu_GPRyu_APX	MOVDIRI	922
1661	MOVDQ2Q_MMXq_XMMq	MOVDQ2Q	1345
1662	MOVDQA_MEMdq_XMMdq	MOVDQA	367
1663	MOVDQA_XMMdq_MEMdq	MOVDQA	367
1664	MOVDQA_XMMdq_XMMdq_0F6F	MOVDQA	367
1665	MOVDQA_XMMdq_XMMdq_0F7F	MOVDQA	367
1666	MOVDQU_MEMdq_XMMdq	MOVDQU	368
1667	MOVDQU_XMMdq_MEMdq	MOVDQU	368
1668	MOVDQU_XMMdq_XMMdq_0F6F	MOVDQU	368
1669	MOVDQU_XMMdq_XMMdq_0F7F	MOVDQU	368
1670	MOVD_GPR32_MMXd	MOVD	1344
1671	MOVD_GPR32_XMMd	MOVD	1344
1672	MOVD_MEMd_MMXd	MOVD	1344
1673	MOVD_MEMd_XMMd	MOVD	1344
1674	MOVD_MMXq_GPR32	MOVD	1344
1675	MOVD_MMXq_MEMd	MOVD	1344
1676	MOVD_XMMdq_GPR32	MOVD	1344
1677	MOVD_XMMdq_MEMd	MOVD	1344
1678	MOVHLPS_XMMq_XMMq	MOVHLPS	276
1679	MOVHPD_MEMq_XMMsd	MOVHPD	340
1680	MOVHPD_XMMsd_MEMq	MOVHPD	340
1681	MOVHPS_MEMq_XMMps	MOVHPS	277
1682	MOVHPS_XMMq_MEMq	MOVHPS	277
1683	MOVLHPS_XMMq_XMMq	MOVLHPS	278
1684	MOVLPD_MEMq_XMMsd	MOVLPD	339
1685	MOVLPD_XMMsd_MEMq	MOVLPD	339
1686	MOVLPS_MEMq_XMMq	MOVLPS	275
1687	MOVLPS_XMMq_MEMq	MOVLPS	275
1688	MOVMSKPD_GPR32_XMMpd	MOVMSKPD	344
1689	MOVMSKPS_GPR32_XMMps	MOVMSKPS	282
1690	MOVNTDQA_XMMdq_MEMdq	MOVNTDQA	466
1691	MOVNTDQ_MEMdq_XMMdq	MOVNTDQ	1346
1692	MOVNTI_MEMd_GPR32	MOVNTI	1347
1693	MOVNTI_MEMq_GPR64	MOVNTI	1347
1694	MOVNTPD_MEMdq_XMMpd	MOVNTPD	341
1695	MOVNTPS_MEMdq_XMMps	MOVNTPS	279
1696	MOVNTQ_MEMq_MMXq	MOVNTQ	336
1697	MOVNTSD_MEMq_XMMq	MOVNTSD	501
1698	MOVNTSS_MEMd_XMMd	MOVNTSS	500
1699	MOVQ2DQ_XMMdq_MMXq	MOVQ2DQ	1349
1700	MOVQ_GPR64_MMXq	MOVQ	1348
1701	MOVQ_GPR64_XMMq	MOVQ	1348
1702	MOVQ_MEMq_MMXq_0F7E	MOVQ	1348
1703	MOVQ_MEMq_MMXq_0F7F	MOVQ	1348
1704	MOVQ_MEMq_XMMq_0F7E	MOVQ	1348
1705	MOVQ_MEMq_XMMq_0FD6	MOVQ	1348
1706	MOVQ_MMXq_GPR64	MOVQ	1348
1707	MOVQ_MMXq_MEMq_0F6E	MOVQ	1348
1708	MOVQ_MMXq_MEMq_0F6F	MOVQ	1348
1709	MOVQ_MMXq_MMXq_0F6F	MOVQ	1348
1710	MOVQ_MMXq_MMXq_0F7F	MOVQ	1348
1711	MOVQ_XMMdq_GPR64	MOVQ	1348
1712	MOVQ_XMMdq_MEMq_0F6E	MOVQ	1348
1713	MOVQ_XMMdq_MEMq_0F7E	MOVQ	1348
1714	MOVQ_XMMdq_XMMq_0F7E	MOVQ	1348
1715	MOVQ_XMMdq_XMMq_0FD6	MOVQ	1348
1716	MOVRS_GPR8i8_MEMi8	MOVRS	1350
1717	MOVRS_GPR8i8_MEMi8_APX	MOVRS	1350
1718	MOVRS_GPRv_MEMv	MOVRS	1350
1719	MOVRS_GPRv_MEMv_APX	MOVRS	1350
1720	MOVSB	MOVSB	120
1721	MOVSD	MOVSD	121
1722	MOVSD_XMM_MEMsd_XMMsd	MOVSD_XMM	1351
1723	MOVSD_XMM_XMMdq_MEMsd	MOVSD_XMM	1351
1724	MOVSD_XMM_XMMsd_XMMsd_0F10	MOVSD_XMM	1351
1725	MOVSD_XMM_XMMsd_XMMsd_0F11	MOVSD_XMM	1351
1726	MOVSHDUP_XMMps_MEMps	MOVSHDUP	430
1727	MOVSHDUP_XMMps_XMMps	MOVSHDUP	430
1728	MOVSLDUP_XMMps_MEMps	MOVSLDUP	429
1729	MOVSLDUP_XMMps_XMMps	MOVSLDUP	429
1730	MOVSQ	MOVSQ	122
1731	MOVSS_MEMss_XMMss	MOVSS	273
1732	MOVSS_XMMdq_MEMss	MOVSS	273
1733	MOVSS_XMMss_XMMss_0F10	MOVSS	273
1734	MOVSS_XMMss_XMMss_0F11	MOVSS	273
1735	MOVSW	MOVSW	123
1736	MOVSXD_GPR64_MEMd	MOVSXD	125
1737	MOVSXD_GPRv_GPRz	MOVSXD	125
1738	MOVSXD_GPRz_MEMz	MOVSXD	125
1739	MOVSX_GPR16_MEMw	MOVSX	124
1740	MOVSX_GPR32_MEMw	MOVSX	124
1741	MOVSX_GPR64_MEMw	MOVSX	124
1742	MOVSX_GPRv_GPR16	MOVSX	124
1743	MOVSX_GPRv_GPR8	MOVSX	124
1744	MOVSX_GPRv_MEMb	MOVSX	124
1745	MOVSX_GPRv_MEMw	MOVSX	124
1746	MOVUPD_MEMpd_XMMpd	MOVUPD	337
1747	MOVUPD_XMMpd_MEMpd	MOVUPD	337
1748	MOVUPD_XMMpd_XMMpd_0F10	MOVUPD	337
1749	MOVUPD_XMMpd_XMMpd_0F11	MOVUPD	337
1750	MOVUPS_MEMps_XMMps	MOVUPS	272
1751	MOVUPS_XMMps_MEMps	MOVUPS	272
1752	MOVUPS_XMMps_XMMps_0F10	MOVUPS	272
1753	MOVUPS_XMMps_XMMps_0F11	MOVUPS	272
1754	MOVZX_GPR16_MEMw	MOVZX	126
1755	MOVZX_GPR32_MEMw	MOVZX	126
1756	MOVZX_GPR64_MEMw	MOVZX	126
1757	MOVZX_GPRv_GPR16	MOVZX	126
1758	MOVZX_GPRv_GPR8	MOVZX	126
1759	MOVZX_GPRv_MEMb	MOVZX	126
1760	MOVZX_GPRv_MEMw	MOVZX	126
1761	MOV_AL_MEMb	MOV	118
1762	MOV_CR_CR_GPR32	MOV_CR	1352
1763	MOV_CR_CR_GPR64	MOV_CR	1352
1764	MOV_CR_GPR32_CR	MOV_CR	1352
1765	MOV_CR_GPR64_CR	MOV_CR	1352
1766	MOV_DR_DR_GPR32	MOV_DR	1353
1767	MOV_DR_DR_GPR64	MOV_DR	1353
1768	MOV_DR_GPR32_DR	MOV_DR	1353
1769	MOV_DR_GPR64_DR	MOV_DR	1353
1770	MOV_GPR8_GPR8_88	MOV	118
1771	MOV_GPR8_GPR8_8A	MOV	118
1772	MOV_GPR8_IMMb_B0	MOV	118
1773	MOV_GPR8_IMMb_C6r0	MOV	118
1774	MOV_GPR8_MEMb	MOV	118
1775	MOV_GPRv_GPRv_89	MOV	118
1776	MOV_GPRv_GPRv_8B	MOV	118
1777	MOV_GPRv_IMMv	MOV	118
1778	MOV_GPRv_IMMz	MOV	118
1779	MOV_GPRv_MEMv	MOV	118
1780	MOV_GPRv_SEG	MOV	118
1781	MOV_MEMb_AL	MOV	118
1782	MOV_MEMb_GPR8	MOV	118
1783	MOV_MEMb_IMMb	MOV	118
1784	MOV_MEMv_GPRv	MOV	118
1785	MOV_MEMv_IMMz	MOV	118
1786	MOV_MEMv_OrAX	MOV	118
1787	MOV_MEMw_SEG	MOV	118
1788	MOV_OrAX_MEMv	MOV	118
1789	MOV_SEG_GPR16	MOV	118
1790	MOV_SEG_MEMw	MOV	118
1791	MPSADBW_XMMdq_MEMdq_IMMb	MPSADBW	499
1792	MPSADBW_XMMdq_XMMdq_IMMb	MPSADBW	499
1793	MULPD_XMMpd_MEMpd	MULPD	353
1794	MULPD_XMMpd_XMMpd	MULPD	353
1795	MULPS_XMMps_MEMps	MULPS	295
1796	MULPS_XMMps_XMMps	MULPS	295
1797	MULSD_XMMsd_MEMsd	MULSD	354
1798	MULSD_XMMsd_XMMsd	MULSD	354
1799	MULSS_XMMss_MEMss	MULSS	296
1800	MULSS_XMMss_XMMss	MULSS	296
1801	MULX_GPR32d_GPR32d_GPR32d	MULX	690
1802	MULX_GPR32d_GPR32d_MEMd	MULX	690
1803	MULX_GPR32i32_GPR32i32_GPR32i32_APX	MULX	690
1804	MULX_GPR32i32_GPR32i32_MEMi32_APX	MULX	690
1805	MULX_GPR64i64_GPR64i64_GPR64i64_APX	MULX	690
1806	MULX_GPR64i64_GPR64i64_MEMi64_APX	MULX	690
1807	MULX_GPR64q_GPR64q_GPR64q	MULX	690
1808	MULX_GPR64q_GPR64q_MEMq	MULX	690
1809	MUL_GPR8	MUL	127
1810	MUL_GPR8i8_APX	MUL	127
1811	MUL_GPR8i8_APX_N3	MUL	127
1812	MUL_GPRv	MUL	127
1813	MUL_GPRv_APX	MUL	127
1814	MUL_GPRv_APX_N3	MUL	127
1815	MUL_MEMb	MUL	127
1816	MUL_MEMi8_APX	MUL	127
1817	MUL_MEMi8_APX_N3	MUL	127
1818	MUL_MEMv	MUL	127
1819	MUL_MEMv_APX	MUL	127
1820	MUL_MEMv_APX_N3	MUL	127
1821	MWAIT	MWAIT	1158
1822	MWAITX	MWAITX	1354
1823	NEG_GPR8	NEG	128
1824	NEG_GPR8i8_APX	NEG	128
1825	NEG_GPR8i8_APX_N3	NEG	128
1826	NEG_GPR8i8_GPR8i8_APX_N3	NEG	128
1827	NEG_GPR8i8_MEMi8_APX_N3	NEG	128
1828	NEG_GPRv	NEG	128
1829	NEG_GPRv_APX	NEG	128
1830	NEG_GPRv_APX_N3	NEG	128
1831	NEG_GPRv_GPRv_APX_N3	NEG	128
1832	NEG_GPRv_MEMv_APX_N3	NEG	128
1833	NEG_LOCK_MEMb	NEG_LOCK	1355
1834	NEG_LOCK_MEMv	NEG_LOCK	1355
1835	NEG_MEMb	NEG	128
1836	NEG_MEMi8_APX	NEG	128
1837	NEG_MEMi8_APX_N3	NEG	128
1838	NEG_MEMv	NEG	128
1839	NEG_MEMv_APX	NEG	128
1840	NEG_MEMv_APX_N3	NEG	128
1841	NOP_90	NOP	129
1842	NOP_GPRv_0F18r0	NOP	129
1843	NOP_GPRv_0F18r1	NOP	129
1844	NOP_GPRv_0F18r2	NOP	129
1845	NOP_GPRv_0F18r3	NOP	129
1846	NOP_GPRv_0F18r4	NOP	129
1847	NOP_GPRv_0F18r5	NOP	129
1848	NOP_GPRv_0F18r6	NOP	129
1849	NOP_GPRv_0F18r7	NOP	129
1850	NOP_GPRv_0F1F	NOP	129
1851	NOP_GPRv_GPRv_0F0D	NOP	129
1852	NOP_GPRv_GPRv_0F19	NOP	129
1853	NOP_GPRv_GPRv_0F1A	NOP	129
1854	NOP_GPRv_GPRv_0F1B	NOP	129
1855	NOP_GPRv_GPRv_0F1C	NOP	129
1856	NOP_GPRv_GPRv_0F1D	NOP	129
1857	NOP_GPRv_GPRv_0F1E	NOP	129
1858	NOP_GPRv_MEM_0F1B	NOP	129
1859	NOP_GPRv_MEMv_0F1A	NOP	129
1860	NOP_MEMv_0F18r4	NOP	129
1861	NOP_MEMv_0F18r5	NOP	129
1862	NOP_MEMv_0F18r6	NOP	129
1863	NOP_MEMv_0F18r7	NOP	129
1864	NOP_MEMv_0F1F	NOP	129
1865	NOP_MEMv_GPRv_0F19	NOP	129
1866	NOP_MEMv_GPRv_0F1C	NOP	129
1867	NOP_MEMv_GPRv_0F1D	NOP	129
1868	NOP_MEMv_GPRv_0F1E	NOP	129
1869	NOT_GPR8	NOT	130
1870	NOT_GPR8i8_APX	NOT	130
1871	NOT_GPR8i8_GPR8i8_APX_N3	NOT	130
1872	NOT_GPR8i8_MEMi8_APX_N3	NOT	130
1873	NOT_GPRv	NOT	130
1874	NOT_GPRv_APX	NOT	130
1875	NOT_GPRv_GPRv_APX_N3	NOT	130
1876	NOT_GPRv_MEMv_APX_N3	NOT	130
1877	NOT_LOCK_MEMb	NOT_LOCK	1356
1878	NOT_LOCK_MEMv	NOT_LOCK	1356
1879	NOT_MEMb	NOT	130
1880	NOT_MEMi8_APX	NOT	130
1881	NOT_MEMv	NOT	130
1882	NOT_MEMv_APX	NOT	130
1883	ORPD_XMMxuq_MEMxuq	ORPD	349
1884	ORPD_XMMxuq_XMMxuq	ORPD	349
1885	ORPS_XMMxud_MEMxud	ORPS	291
1886	ORPS_XMMxud_XMMxud	ORPS	291
1887	OR_AL_IMMb	OR	131
1888	OR_GPR8_GPR8_08	OR	131
1889	OR_GPR8_GPR8_0A	OR	131
1890	OR_GPR8_IMMb_80r1	OR	131
1891	OR_GPR8_IMMb_82r1	OR	131
1892	OR_GPR8_MEMb	OR	131
1893	OR_GPR8i8_GPR8i8_APX	OR	131
1894	OR_GPR8i8_GPR8i8_APX_N3	OR	131
1895	OR_GPR8i8_GPR8i8_GPR8i8_APX_N3	OR	131
1896	OR_GPR8i8_GPR8i8_IMM8_APX_N3	OR	131
1897	OR_GPR8i8_GPR8i8_MEMi8_APX_N3	OR	131
1898	OR_GPR8i8_IMM8_APX	OR	131
1899	OR_GPR8i8_IMM8_APX_N3	OR	131
1900	OR_GPR8i8_MEMi8_APX	OR	131
1901	OR_GPR8i8_MEMi8_APX_N3	OR	131
1902	OR_GPR8i8_MEMi8_GPR8i8_APX_N3	OR	131
1903	OR_GPR8i8_MEMi8_IMM8_APX_N3	OR	131
1904	OR_GPRv_GPRv_09	OR	131
1905	OR_GPRv_GPRv_0B	OR	131
1906	OR_GPRv_GPRv_APX	OR	131
1907	OR_GPRv_GPRv_APX_N3	OR	131
1908	OR_GPRv_GPRv_GPRv_APX_N3	OR	131
1909	OR_GPRv_GPRv_IMM8_APX_N3	OR	131
1910	OR_GPRv_GPRv_IMMz_APX_N3	OR	131
1911	OR_GPRv_GPRv_MEMv_APX_N3	OR	131
1912	OR_GPRv_IMM8_APX	OR	131
1913	OR_GPRv_IMM8_APX_N3	OR	131
1914	OR_GPRv_IMMb	OR	131
1915	OR_GPRv_IMMz	OR	131
1916	OR_GPRv_IMMz_APX	OR	131
1917	OR_GPRv_IMMz_APX_N3	OR	131
1918	OR_GPRv_MEMv	OR	131
1919	OR_GPRv_MEMv_APX	OR	131
1920	OR_GPRv_MEMv_APX_N3	OR	131
1921	OR_GPRv_MEMv_GPRv_APX_N3	OR	131
1922	OR_GPRv_MEMv_IMM8_APX_N3	OR	131
1923	OR_GPRv_MEMv_IMMz_APX_N3	OR	131
1924	OR_LOCK_MEMb_GPR8	OR_LOCK	1357
1925	OR_LOCK_MEMb_IMMb_80r1	OR_LOCK	1357
1926	OR_LOCK_MEMb_IMMb_82r1	OR_LOCK	1357
1927	OR_LOCK_MEMv_GPRv	OR_LOCK	1357
1928	OR_LOCK_MEMv_IMMb	OR_LOCK	1357
1929	OR_LOCK_MEMv_IMMz	OR_LOCK	1357
1930	OR_MEMb_GPR8	OR	131
1931	OR_MEMb_IMMb_80r1	OR	131
1932	OR_MEMb_IMMb_82r1	OR	131
1933	OR_MEMi8_GPR8i8_APX	OR	131
1934	OR_MEMi8_GPR8i8_APX_N3	OR	131
1935	OR_MEMi8_IMM8_APX	OR	131
1936	OR_MEMi8_IMM8_APX_N3	OR	131
1937	OR_MEMv_GPRv	OR	131
1938	OR_MEMv_GPRv_APX	OR	131
1939	OR_MEMv_GPRv_APX_N3	OR	131
1940	OR_MEMv_IMM8_APX	OR	131
1941	OR_MEMv_IMM8_APX_N3	OR	131
1942	OR_MEMv_IMMb	OR	131
1943	OR_MEMv_IMMz	OR	131
1944	OR_MEMv_IMMz_APX	OR	131
1945	OR_MEMv_IMMz_APX_N3	OR	131
1946	OR_OrAX_IMMz	OR	131
1947	OUTSB	OUTSB	133
1948	OUTSD	OUTSD	134
1949	OUTSW	OUTSW	135
1950	OUT_DX_AL	OUT	132
1951	OUT_DX_OeAX	OUT	132
1952	OUT_IMMb_AL	OUT	132
1953	OUT_IMMb_OeAX	OUT	132
1954	PABSB_MMXq_MEMq	PABSB	450
1955	PABSB_MMXq_MMXq	PABSB	450
1956	PABSB_XMMdq_MEMdq	PABSB	450
1957	PABSB_XMMdq_XMMdq	PABSB	450
1958	PABSD_MMXq_MEMq	PABSD	452
1959	PABSD_MMXq_MMXq	PABSD	452
1960	PABSD_XMMdq_MEMdq	PABSD	452
1961	PABSD_XMMdq_XMMdq	PABSD	452
1962	PABSW_MMXq_MEMq	PABSW	451
1963	PABSW_MMXq_MMXq	PABSW	451
1964	PABSW_XMMdq_MEMdq	PABSW	451
1965	PABSW_XMMdq_XMMdq	PABSW	451
1966	PACKSSDW_MMXq_MEMq	PACKSSDW	390
1967	PACKSSDW_MMXq_MMXq	PACKSSDW	390
1968	PACKSSDW_XMMdq_MEMdq	PACKSSDW	390
1969	PACKSSDW_XMMdq_XMMdq	PACKSSDW	390
1970	PACKSSWB_MMXq_MEMq	PACKSSWB	382
1971	PACKSSWB_MMXq_MMXq	PACKSSWB	382
1972	PACKSSWB_XMMdq_MEMdq	PACKSSWB	382
1973	PACKSSWB_XMMdq_XMMdq	PACKSSWB	382
1974	PACKUSDW_XMMdq_MEMdq	PACKUSDW	467
1975	PACKUSDW_XMMdq_XMMdq	PACKUSDW	467
1976	PACKUSWB_MMXq_MEMq	PACKUSWB	386
1977	PACKUSWB_MMXq_MMXq	PACKUSWB	386
1978	PACKUSWB_XMMdq_MEMdq	PACKUSWB	386
1979	PACKUSWB_XMMdq_XMMdq	PACKUSWB	386
1980	PADDB_MMXq_MEMq	PADDB	425
1981	PADDB_MMXq_MMXq	PADDB	425
1982	PADDB_XMMdq_MEMdq	PADDB	425
1983	PADDB_XMMdq_XMMdq	PADDB	425
1984	PADDD_MMXq_MEMq	PADDD	427
1985	PADDD_MMXq_MMXq	PADDD	427
1986	PADDD_XMMdq_MEMdq	PADDD	427
1987	PADDD_XMMdq_XMMdq	PADDD	427
1988	PADDQ_MMXq_MEMq	PADDQ	399
1989	PADDQ_MMXq_MMXq	PADDQ	399
1990	PADDQ_XMMdq_MEMdq	PADDQ	399
1991	PADDQ_XMMdq_XMMdq	PADDQ	399
1992	PADDSB_MMXq_MEMq	PADDSB	413
1993	PADDSB_MMXq_MMXq	PADDSB	413
1994	PADDSB_XMMdq_MEMdq	PADDSB	413
1995	PADDSB_XMMdq_XMMdq	PADDSB	413
1996	PADDSW_MMXq_MEMq	PADDSW	414
1997	PADDSW_MMXq_MMXq	PADDSW	414
1998	PADDSW_XMMdq_MEMdq	PADDSW	414
1999	PADDSW_XMMdq_XMMdq	PADDSW	414
2000	PADDUSB_MMXq_MEMq	PADDUSB	404
2001	PADDUSB_MMXq_MMXq	PADDUSB	404
2002	PADDUSB_XMMdq_MEMdq	PADDUSB	404
2003	PADDUSB_XMMdq_XMMdq	PADDUSB	404
2004	PADDUSW_MMXq_MEMq	PADDUSW	405
2005	PADDUSW_MMXq_MMXq	PADDUSW	405
2006	PADDUSW_XMMdq_MEMdq	PADDUSW	405
2007	PADDUSW_XMMdq_XMMdq	PADDUSW	405
2008	PADDW_MMXq_MEMq	PADDW	426
2009	PADDW_MMXq_MMXq	PADDW	426
2010	PADDW_XMMdq_MEMdq	PADDW	426
2011	PADDW_XMMdq_XMMdq	PADDW	426
2012	PALIGNR_MMXq_MEMq_IMMb	PALIGNR	453
2013	PALIGNR_MMXq_MMXq_IMMb	PALIGNR	453
2014	PALIGNR_XMMdq_MEMdq_IMMb	PALIGNR	453
2015	PALIGNR_XMMdq_XMMdq_IMMb	PALIGNR	453
2016	PANDN_MMXq_MEMq	PANDN	406
2017	PANDN_MMXq_MMXq	PANDN	406
2018	PANDN_XMMdq_MEMdq	PANDN	406
2019	PANDN_XMMdq_XMMdq	PANDN	406
2020	PAND_MMXq_MEMq	PAND	403
2021	PAND_MMXq_MMXq	PAND	403
2022	PAND_XMMdq_MEMdq	PAND	403
2023	PAND_XMMdq_XMMdq	PAND	403
2024	PAUSE	PAUSE	136
2025	PAVGB_MMXq_MEMq	PAVGB	323
2026	PAVGB_MMXq_MMXq	PAVGB	323
2027	PAVGB_XMMdq_MEMdq	PAVGB	323
2028	PAVGB_XMMdq_XMMdq	PAVGB	323
2029	PAVGUSB_MMXq_MEMq	PAVGUSB	242
2030	PAVGUSB_MMXq_MMXq	PAVGUSB	242
2031	PAVGW_MMXq_MEMq	PAVGW	324
2032	PAVGW_MMXq_MMXq	PAVGW	324
2033	PAVGW_XMMdq_MEMdq	PAVGW	324
2034	PAVGW_XMMdq_XMMdq	PAVGW	324
2035	PBLENDVB_XMMdq_MEMdq	PBLENDVB	454
2036	PBLENDVB_XMMdq_XMMdq	PBLENDVB	454
2037	PBLENDW_XMMdq_MEMdq_IMMb	PBLENDW	490
2038	PBLENDW_XMMdq_XMMdq_IMMb	PBLENDW	490
2039	PBNDKB	PBNDKB	1358
2040	PCLMULQDQ_XMMdq_MEMdq_IMMb	PCLMULQDQ	676
2041	PCLMULQDQ_XMMdq_XMMdq_IMMb	PCLMULQDQ	676
2042	PCMPEQB_MMXq_MEMq	PCMPEQB	393
2043	PCMPEQB_MMXq_MMXq	PCMPEQB	393
2044	PCMPEQB_XMMdq_MEMdq	PCMPEQB	393
2045	PCMPEQB_XMMdq_XMMdq	PCMPEQB	393
2046	PCMPEQD_MMXq_MEMq	PCMPEQD	395
2047	PCMPEQD_MMXq_MMXq	PCMPEQD	395
2048	PCMPEQD_XMMdq_MEMdq	PCMPEQD	395
2049	PCMPEQD_XMMdq_XMMdq	PCMPEQD	395
2050	PCMPEQQ_XMMdq_MEMdq	PCMPEQQ	465
2051	PCMPEQQ_XMMdq_XMMdq	PCMPEQQ	465
2052	PCMPEQW_MMXq_MEMq	PCMPEQW	394
2053	PCMPEQW_MMXq_MMXq	PCMPEQW	394
2054	PCMPEQW_XMMdq_MEMdq	PCMPEQW	394
2055	PCMPEQW_XMMdq_XMMdq	PCMPEQW	394
2056	PCMPESTRI64_XMMdq_MEMdq_IMMb	PCMPESTRI64	1359
2057	PCMPESTRI64_XMMdq_XMMdq_IMMb	PCMPESTRI64	1359
2058	PCMPESTRI_XMMdq_MEMdq_IMMb	PCMPESTRI	504
2059	PCMPESTRI_XMMdq_XMMdq_IMMb	PCMPESTRI	504
2060	PCMPESTRM64_XMMdq_MEMdq_IMMb	PCMPESTRM64	1360
2061	PCMPESTRM64_XMMdq_XMMdq_IMMb	PCMPESTRM64	1360
2062	PCMPESTRM_XMMdq_MEMdq_IMMb	PCMPESTRM	503
2063	PCMPESTRM_XMMdq_XMMdq_IMMb	PCMPESTRM	503
2064	PCMPGTB_MMXq_MEMq	PCMPGTB	383
2065	PCMPGTB_MMXq_MMXq	PCMPGTB	383
2066	PCMPGTB_XMMdq_MEMdq	PCMPGTB	383
2067	PCMPGTB_XMMdq_XMMdq	PCMPGTB	383
2068	PCMPGTD_MMXq_MEMq	PCMPGTD	385
2069	PCMPGTD_MMXq_MMXq	PCMPGTD	385
2070	PCMPGTD_XMMdq_MEMdq	PCMPGTD	385
2071	PCMPGTD_XMMdq_XMMdq	PCMPGTD	385
2072	PCMPGTQ_XMMdq_MEMdq	PCMPGTQ	502
2073	PCMPGTQ_XMMdq_XMMdq	PCMPGTQ	502
2074	PCMPGTW_MMXq_MEMq	PCMPGTW	384
2075	PCMPGTW_MMXq_MMXq	PCMPGTW	384
2076	PCMPGTW_XMMdq_MEMdq	PCMPGTW	384
2077	PCMPGTW_XMMdq_XMMdq	PCMPGTW	384
2078	PCMPISTRI64_XMMdq_MEMdq_IMMb	PCMPISTRI64	1361
2079	PCMPISTRI64_XMMdq_XMMdq_IMMb	PCMPISTRI64	1361
2080	PCMPISTRI_XMMdq_MEMdq_IMMb	PCMPISTRI	506
2081	PCMPISTRI_XMMdq_XMMdq_IMMb	PCMPISTRI	506
2082	PCMPISTRM_XMMdq_MEMdq_IMMb	PCMPISTRM	505
2083	PCMPISTRM_XMMdq_XMMdq_IMMb	PCMPISTRM	505
2084	PCONFIG	PCONFIG	1362
2085	PCONFIG64	PCONFIG	1362
2086	PDEP_GPR32d_GPR32d_GPR32d	PDEP	691
2087	PDEP_GPR32d_GPR32d_MEMd	PDEP	691
2088	PDEP_GPR32i32_GPR32i32_GPR32i32_APX	PDEP	691
2089	PDEP_GPR32i32_GPR32i32_MEMi32_APX	PDEP	691
2090	PDEP_GPR64i64_GPR64i64_GPR64i64_APX	PDEP	691
2091	PDEP_GPR64i64_GPR64i64_MEMi64_APX	PDEP	691
2092	PDEP_GPR64q_GPR64q_GPR64q	PDEP	691
2093	PDEP_GPR64q_GPR64q_MEMq	PDEP	691
2094	PEXTRB_GPR32d_XMMdq_IMMb	PEXTRB	491
2095	PEXTRB_MEMb_XMMdq_IMMb	PEXTRB	491
2096	PEXTRD_GPR32d_XMMdq_IMMb	PEXTRD	492
2097	PEXTRD_MEMd_XMMdq_IMMb	PEXTRD	492
2098	PEXTRQ_GPR64q_XMMdq_IMMb	PEXTRQ	1363
2099	PEXTRQ_MEMq_XMMdq_IMMb	PEXTRQ	1363
2100	PEXTRW_GPR32_MMXq_IMMb	PEXTRW	325
2101	PEXTRW_GPR32_XMMdq_IMMb	PEXTRW	325
2102	PEXTRW_SSE4_GPR32_XMMdq_IMMb	PEXTRW_SSE4	1364
2103	PEXTRW_SSE4_MEMw_XMMdq_IMMb	PEXTRW_SSE4	1364
2104	PEXT_GPR32d_GPR32d_GPR32d	PEXT	692
2105	PEXT_GPR32d_GPR32d_MEMd	PEXT	692
2106	PEXT_GPR32i32_GPR32i32_GPR32i32_APX	PEXT	692
2107	PEXT_GPR32i32_GPR32i32_MEMi32_APX	PEXT	692
2108	PEXT_GPR64i64_GPR64i64_GPR64i64_APX	PEXT	692
2109	PEXT_GPR64i64_GPR64i64_MEMi64_APX	PEXT	692
2110	PEXT_GPR64q_GPR64q_GPR64q	PEXT	692
2111	PEXT_GPR64q_GPR64q_MEMq	PEXT	692
2112	PF2ID_MMXq_MEMq	PF2ID	243
2113	PF2ID_MMXq_MMXq	PF2ID	243
2114	PF2IW_MMXq_MEMq	PF2IW	244
2115	PF2IW_MMXq_MMXq	PF2IW	244
2116	PFACC_MMXq_MEMq	PFACC	245
2117	PFACC_MMXq_MMXq	PFACC	245
2118	PFADD_MMXq_MEMq	PFADD	246
2119	PFADD_MMXq_MMXq	PFADD	246
2120	PFCMPEQ_MMXq_MEMq	PFCMPEQ	247
2121	PFCMPEQ_MMXq_MMXq	PFCMPEQ	247
2122	PFCMPGE_MMXq_MEMq	PFCMPGE	248
2123	PFCMPGE_MMXq_MMXq	PFCMPGE	248
2124	PFCMPGT_MMXq_MEMq	PFCMPGT	249
2125	PFCMPGT_MMXq_MMXq	PFCMPGT	249
2126	PFMAX_MMXq_MEMq	PFMAX	250
2127	PFMAX_MMXq_MMXq	PFMAX	250
2128	PFMIN_MMXq_MEMq	PFMIN	251
2129	PFMIN_MMXq_MMXq	PFMIN	251
2130	PFMUL_MMXq_MEMq	PFMUL	252
2131	PFMUL_MMXq_MMXq	PFMUL	252
2132	PFNACC_MMXq_MEMq	PFNACC	253
2133	PFNACC_MMXq_MMXq	PFNACC	253
2134	PFPNACC_MMXq_MEMq	PFPNACC	254
2135	PFPNACC_MMXq_MMXq	PFPNACC	254
2136	PFRCPIT1_MMXq_MEMq	PFRCPIT1	256
2137	PFRCPIT1_MMXq_MMXq	PFRCPIT1	256
2138	PFRCPIT2_MMXq_MEMq	PFRCPIT2	257
2139	PFRCPIT2_MMXq_MMXq	PFRCPIT2	257
2140	PFRCP_MMXq_MEMq	PFRCP	255
2141	PFRCP_MMXq_MMXq	PFRCP	255
2142	PFRSQIT1_MMXq_MEMq	PFRSQIT1	258
2143	PFRSQIT1_MMXq_MMXq	PFRSQIT1	258
2144	PFRSQRT_MMXq_MEMq	PFRSQRT	259
2145	PFRSQRT_MMXq_MMXq	PFRSQRT	259
2146	PFSUBR_MMXq_MEMq	PFSUBR	261
2147	PFSUBR_MMXq_MMXq	PFSUBR	261
2148	PFSUB_MMXq_MEMq	PFSUB	260
2149	PFSUB_MMXq_MMXq	PFSUB	260
2150	PHADDD_MMXq_MEMq	PHADDD	440
2151	PHADDD_MMXq_MMXq	PHADDD	440
2152	PHADDD_XMMdq_MEMdq	PHADDD	440
2153	PHADDD_XMMdq_XMMdq	PHADDD	440
2154	PHADDSW_MMXq_MEMq	PHADDSW	441
2155	PHADDSW_MMXq_MMXq	PHADDSW	441
2156	PHADDSW_XMMdq_MEMdq	PHADDSW	441
2157	PHADDSW_XMMdq_XMMdq	PHADDSW	441
2158	PHADDW_MMXq_MEMq	PHADDW	439
2159	PHADDW_MMXq_MMXq	PHADDW	439
2160	PHADDW_XMMdq_MEMdq	PHADDW	439
2161	PHADDW_XMMdq_XMMdq	PHADDW	439
2162	PHMINPOSUW_XMMdq_MEMdq	PHMINPOSUW	483
2163	PHMINPOSUW_XMMdq_XMMdq	PHMINPOSUW	483
2164	PHSUBD_MMXq_MEMq	PHSUBD	444
2165	PHSUBD_MMXq_MMXq	PHSUBD	444
2166	PHSUBD_XMMdq_MEMdq	PHSUBD	444
2167	PHSUBD_XMMdq_XMMdq	PHSUBD	444
2168	PHSUBSW_MMXq_MEMq	PHSUBSW	445
2169	PHSUBSW_MMXq_MMXq	PHSUBSW	445
2170	PHSUBSW_XMMdq_MEMdq	PHSUBSW	445
2171	PHSUBSW_XMMdq_XMMdq	PHSUBSW	445
2172	PHSUBW_MMXq_MEMq	PHSUBW	443
2173	PHSUBW_MMXq_MMXq	PHSUBW	443
2174	PHSUBW_XMMdq_MEMdq	PHSUBW	443
2175	PHSUBW_XMMdq_XMMdq	PHSUBW	443
2176	PI2FD_MMXq_MEMq	PI2FD	262
2177	PI2FD_MMXq_MMXq	PI2FD	262
2178	PI2FW_MMXq_MEMq	PI2FW	263
2179	PI2FW_MMXq_MMXq	PI2FW	263
2180	PINSRB_XMMdq_GPR32d_IMMb	PINSRB	494
2181	PINSRB_XMMdq_MEMb_IMMb	PINSRB	494
2182	PINSRD_XMMdq_GPR32d_IMMb	PINSRD	496
2183	PINSRD_XMMdq_MEMd_IMMb	PINSRD	496
2184	PINSRQ_XMMdq_GPR64q_IMMb	PINSRQ	1365
2185	PINSRQ_XMMdq_MEMq_IMMb	PINSRQ	1365
2186	PINSRW_MMXq_GPR32_IMMb	PINSRW	326
2187	PINSRW_MMXq_MEMw_IMMb	PINSRW	326
2188	PINSRW_XMMdq_GPR32_IMMb	PINSRW	326
2189	PINSRW_XMMdq_MEMw_IMMb	PINSRW	326
2190	PMADDUBSW_MMXq_MEMq	PMADDUBSW	442
2191	PMADDUBSW_MMXq_MMXq	PMADDUBSW	442
2192	PMADDUBSW_XMMdq_MEMdq	PMADDUBSW	442
2193	PMADDUBSW_XMMdq_XMMdq	PMADDUBSW	442
2194	PMADDWD_MMXq_MEMq	PMADDWD	420
2195	PMADDWD_MMXq_MMXq	PMADDWD	420
2196	PMADDWD_XMMdq_MEMdq	PMADDWD	420
2197	PMADDWD_XMMdq_XMMdq	PMADDWD	420
2198	PMAXSB_XMMdq_MEMdq	PMAXSB	478
2199	PMAXSB_XMMdq_XMMdq	PMAXSB	478
2200	PMAXSD_XMMdq_MEMdq	PMAXSD	479
2201	PMAXSD_XMMdq_XMMdq	PMAXSD	479
2202	PMAXSW_MMXq_MEMq	PMAXSW	327
2203	PMAXSW_MMXq_MMXq	PMAXSW	327
2204	PMAXSW_XMMdq_MEMdq	PMAXSW	327
2205	PMAXSW_XMMdq_XMMdq	PMAXSW	327
2206	PMAXUB_MMXq_MEMq	PMAXUB	328
2207	PMAXUB_MMXq_MMXq	PMAXUB	328
2208	PMAXUB_XMMdq_MEMdq	PMAXUB	328
2209	PMAXUB_XMMdq_XMMdq	PMAXUB	328
2210	PMAXUD_XMMdq_MEMdq	PMAXUD	481
2211	PMAXUD_XMMdq_XMMdq	PMAXUD	481
2212	PMAXUW_XMMdq_MEMdq	PMAXUW	480
2213	PMAXUW_XMMdq_XMMdq	PMAXUW	480
2214	PMINSB_XMMdq_MEMdq	PMINSB	474
2215	PMINSB_XMMdq_XMMdq	PMINSB	474
2216	PMINSD_XMMdq_MEMdq	PMINSD	475
2217	PMINSD_XMMdq_XMMdq	PMINSD	475
2218	PMINSW_MMXq_MEMq	PMINSW	329
2219	PMINSW_MMXq_MMXq	PMINSW	329
2220	PMINSW_XMMdq_MEMdq	PMINSW	329
2221	PMINSW_XMMdq_XMMdq	PMINSW	329
2222	PMINUB_MMXq_MEMq	PMINUB	330
2223	PMINUB_MMXq_MMXq	PMINUB	330
2224	PMINUB_XMMdq_MEMdq	PMINUB	330
2225	PMINUB_XMMdq_XMMdq	PMINUB	330
2226	PMINUD_XMMdq_MEMdq	PMINUD	477
2227	PMINUD_XMMdq_XMMdq	PMINUD	477
2228	PMINUW_XMMdq_MEMdq	PMINUW	476
2229	PMINUW_XMMdq_XMMdq	PMINUW	476
2230	PMOVMSKB_GPR32_MMXq	PMOVMSKB	331
2231	PMOVMSKB_GPR32_XMMdq	PMOVMSKB	331
2232	PMOVSXBD_XMMdq_MEMd	PMOVSXBD	459
2233	PMOVSXBD_XMMdq_XMMd	PMOVSXBD	459
2234	PMOVSXBQ_XMMdq_MEMw	PMOVSXBQ	460
2235	PMOVSXBQ_XMMdq_XMMw	PMOVSXBQ	460
2236	PMOVSXBW_XMMdq_MEMq	PMOVSXBW	458
2237	PMOVSXBW_XMMdq_XMMq	PMOVSXBW	458
2238	PMOVSXDQ_XMMdq_MEMq	PMOVSXDQ	463
2239	PMOVSXDQ_XMMdq_XMMq	PMOVSXDQ	463
2240	PMOVSXWD_XMMdq_MEMq	PMOVSXWD	461
2241	PMOVSXWD_XMMdq_XMMq	PMOVSXWD	461
2242	PMOVSXWQ_XMMdq_MEMd	PMOVSXWQ	462
2243	PMOVSXWQ_XMMdq_XMMd	PMOVSXWQ	462
2244	PMOVZXBD_XMMdq_MEMd	PMOVZXBD	469
2245	PMOVZXBD_XMMdq_XMMd	PMOVZXBD	469
2246	PMOVZXBQ_XMMdq_MEMw	PMOVZXBQ	470
2247	PMOVZXBQ_XMMdq_XMMw	PMOVZXBQ	470
2248	PMOVZXBW_XMMdq_MEMq	PMOVZXBW	468
2249	PMOVZXBW_XMMdq_XMMq	PMOVZXBW	468
2250	PMOVZXDQ_XMMdq_MEMq	PMOVZXDQ	473
2251	PMOVZXDQ_XMMdq_XMMq	PMOVZXDQ	473
2252	PMOVZXWD_XMMdq_MEMq	PMOVZXWD	471
2253	PMOVZXWD_XMMdq_XMMq	PMOVZXWD	471
2254	PMOVZXWQ_XMMdq_MEMd	PMOVZXWQ	472
2255	PMOVZXWQ_XMMdq_XMMd	PMOVZXWQ	472
2256	PMULDQ_XMMdq_MEMdq	PMULDQ	464
2257	PMULDQ_XMMdq_XMMdq	PMULDQ	464
2258	PMULHRSW_MMXq_MEMq	PMULHRSW	449
2259	PMULHRSW_MMXq_MMXq	PMULHRSW	449
2260	PMULHRSW_XMMdq_MEMdq	PMULHRSW	449
2261	PMULHRSW_XMMdq_XMMdq	PMULHRSW	449
2262	PMULHRW_MMXq_MEMq	PMULHRW	264
2263	PMULHRW_MMXq_MMXq	PMULHRW	264
2264	PMULHUW_MMXq_MEMq	PMULHUW	332
2265	PMULHUW_MMXq_MMXq	PMULHUW	332
2266	PMULHUW_XMMdq_MEMdq	PMULHUW	332
2267	PMULHUW_XMMdq_XMMdq	PMULHUW	332
2268	PMULHW_MMXq_MEMq	PMULHW	409
2269	PMULHW_MMXq_MMXq	PMULHW	409
2270	PMULHW_XMMdq_MEMdq	PMULHW	409
2271	PMULHW_XMMdq_XMMdq	PMULHW	409
2272	PMULLD_XMMdq_MEMdq	PMULLD	482
2273	PMULLD_XMMdq_XMMdq	PMULLD	482
2274	PMULLW_MMXq_MEMq	PMULLW	400
2275	PMULLW_MMXq_MMXq	PMULLW	400
2276	PMULLW_XMMdq_MEMdq	PMULLW	400
2277	PMULLW_XMMdq_XMMdq	PMULLW	400
2278	PMULUDQ_MMXq_MEMq	PMULUDQ	419
2279	PMULUDQ_MMXq_MMXq	PMULUDQ	419
2280	PMULUDQ_XMMdq_MEMdq	PMULUDQ	419
2281	PMULUDQ_XMMdq_XMMdq	PMULUDQ	419
2282	POP2P_GPR64u64_GPR64u64_APX_N3	POP2P	1366
2283	POP2_GPR64u64_GPR64u64_APX_N3	POP2	732
2284	POPA	POPA	211
2285	POPAD	POPAD	212
2286	POPCNT_GPRv_GPRv	POPCNT	138
2287	POPCNT_GPRv_GPRv_APX	POPCNT	138
2288	POPCNT_GPRv_GPRv_APX_N3	POPCNT	138
2289	POPCNT_GPRv_MEMv	POPCNT	138
2290	POPCNT_GPRv_MEMv_APX	POPCNT	138
2291	POPCNT_GPRv_MEMv_APX_N3	POPCNT	138
2292	POPF	POPF	139
2293	POPFD	POPFD	140
2294	POPFQ	POPFQ	141
2295	POPP_GPR64	POPP	1367
2296	POP_DS	POP	137
2297	POP_ES	POP	137
2298	POP_FS	POP	137
2299	POP_GPRv_58	POP	137
2300	POP_GPRv_8F	POP	137
2301	POP_GS	POP	137
2302	POP_MEMv	POP	137
2303	POP_SS	POP	137
2304	POR_MMXq_MEMq	POR	412
2305	POR_MMXq_MMXq	POR	412
2306	POR_XMMdq_MEMdq	POR	412
2307	POR_XMMdq_XMMdq	POR	412
2308	PREFETCHIT0_MEMu8	PREFETCHIT0	1368
2309	PREFETCHIT1_MEMu8	PREFETCHIT1	1369
2310	PREFETCHNTA_MEMmprefetch	PREFETCHNTA	319
2311	PREFETCHRST2_MEMu8	PREFETCHRST2	1370
2312	PREFETCHT0_MEMmprefetch	PREFETCHT0	320
2313	PREFETCHT1_MEMmprefetch	PREFETCHT1	321
2314	PREFETCHT2_MEMmprefetch	PREFETCHT2	322
2315	PREFETCHWT1_MEMu8	PREFETCHWT1	1371
2316	PREFETCHW_0F0Dr1	PREFETCHW	266
2317	PREFETCHW_0F0Dr3	PREFETCHW	266
2318	PREFETCH_EXCLUSIVE_MEMmprefetch	PREFETCH_EXCLUSIVE	1372
2319	PREFETCH_RESERVED_0F0Dr4	PREFETCH_RESERVED	1373
2320	PREFETCH_RESERVED_0F0Dr5	PREFETCH_RESERVED	1373
2321	PREFETCH_RESERVED_0F0Dr6	PREFETCH_RESERVED	1373
2322	PREFETCH_RESERVED_0F0Dr7	PREFETCH_RESERVED	1373
2323	PSADBW_MMXq_MEMq	PSADBW	333
2324	PSADBW_MMXq_MMXq	PSADBW	333
2325	PSADBW_XMMdq_MEMdq	PSADBW	333
2326	PSADBW_XMMdq_XMMdq	PSADBW	333
2327	PSHUFB_MMXq_MEMq	PSHUFB	438
2328	PSHUFB_MMXq_MMXq	PSHUFB	438
2329	PSHUFB_XMMdq_MEMdq	PSHUFB	438
2330	PSHUFB_XMMdq_XMMdq	PSHUFB	438
2331	PSHUFD_XMMdq_MEMdq_IMMb	PSHUFD	1374
2332	PSHUFD_XMMdq_XMMdq_IMMb	PSHUFD	1374
2333	PSHUFHW_XMMdq_MEMdq_IMMb	PSHUFHW	1375
2334	PSHUFHW_XMMdq_XMMdq_IMMb	PSHUFHW	1375
2335	PSHUFLW_XMMdq_MEMdq_IMMb	PSHUFLW	1376
2336	PSHUFLW_XMMdq_XMMdq_IMMb	PSHUFLW	1376
2337	PSHUFW_MMXq_MEMq_IMMb	PSHUFW	334
2338	PSHUFW_MMXq_MMXq_IMMb	PSHUFW	334
2339	PSIGNB_MMXq_MEMq	PSIGNB	446
2340	PSIGNB_MMXq_MMXq	PSIGNB	446
2341	PSIGNB_XMMdq_MEMdq	PSIGNB	446
2342	PSIGNB_XMMdq_XMMdq	PSIGNB	446
2343	PSIGND_MMXq_MEMq	PSIGND	448
2344	PSIGND_MMXq_MMXq	PSIGND	448
2345	PSIGND_XMMdq_MEMdq	PSIGND	448
2346	PSIGND_XMMdq_XMMdq	PSIGND	448
2347	PSIGNW_MMXq_MEMq	PSIGNW	447
2348	PSIGNW_MMXq_MMXq	PSIGNW	447
2349	PSIGNW_XMMdq_MEMdq	PSIGNW	447
2350	PSIGNW_XMMdq_XMMdq	PSIGNW	447
2351	PSLLDQ_XMMdq_IMMb	PSLLDQ	1377
2352	PSLLD_MMXq_IMMb	PSLLD	417
2353	PSLLD_MMXq_MEMq	PSLLD	417
2354	PSLLD_MMXq_MMXq	PSLLD	417
2355	PSLLD_XMMdq_IMMb	PSLLD	417
2356	PSLLD_XMMdq_MEMdq	PSLLD	417
2357	PSLLD_XMMdq_XMMdq	PSLLD	417
2358	PSLLQ_MMXq_IMMb	PSLLQ	418
2359	PSLLQ_MMXq_MEMq	PSLLQ	418
2360	PSLLQ_MMXq_MMXq	PSLLQ	418
2361	PSLLQ_XMMdq_IMMb	PSLLQ	418
2362	PSLLQ_XMMdq_MEMdq	PSLLQ	418
2363	PSLLQ_XMMdq_XMMdq	PSLLQ	418
2364	PSLLW_MMXq_IMMb	PSLLW	416
2365	PSLLW_MMXq_MEMq	PSLLW	416
2366	PSLLW_MMXq_MMXq	PSLLW	416
2367	PSLLW_XMMdq_IMMb	PSLLW	416
2368	PSLLW_XMMdq_MEMdq	PSLLW	416
2369	PSLLW_XMMdq_XMMdq	PSLLW	416
2370	PSMASH_RAX	PSMASH	1378
2371	PSRAD_MMXq_IMMb	PSRAD	408
2372	PSRAD_MMXq_MEMq	PSRAD	408
2373	PSRAD_MMXq_MMXq	PSRAD	408
2374	PSRAD_XMMdq_IMMb	PSRAD	408
2375	PSRAD_XMMdq_MEMdq	PSRAD	408
2376	PSRAD_XMMdq_XMMdq	PSRAD	408
2377	PSRAW_MMXq_IMMb	PSRAW	407
2378	PSRAW_MMXq_MEMq	PSRAW	407
2379	PSRAW_MMXq_MMXq	PSRAW	407
2380	PSRAW_XMMdq_IMMb	PSRAW	407
2381	PSRAW_XMMdq_MEMdq	PSRAW	407
2382	PSRAW_XMMdq_XMMdq	PSRAW	407
2383	PSRLDQ_XMMdq_IMMb	PSRLDQ	1379
2384	PSRLD_MMXq_IMMb	PSRLD	397
2385	PSRLD_MMXq_MEMq	PSRLD	397
2386	PSRLD_MMXq_MMXq	PSRLD	397
2387	PSRLD_XMMdq_IMMb	PSRLD	397
2388	PSRLD_XMMdq_MEMdq	PSRLD	397
2389	PSRLD_XMMdq_XMMdq	PSRLD	397
2390	PSRLQ_MMXq_IMMb	PSRLQ	398
2391	PSRLQ_MMXq_MEMq	PSRLQ	398
2392	PSRLQ_MMXq_MMXq	PSRLQ	398
2393	PSRLQ_XMMdq_IMMb	PSRLQ	398
2394	PSRLQ_XMMdq_MEMdq	PSRLQ	398
2395	PSRLQ_XMMdq_XMMdq	PSRLQ	398
2396	PSRLW_MMXq_IMMb	PSRLW	396
2397	PSRLW_MMXq_MEMq	PSRLW	396
2398	PSRLW_MMXq_MMXq	PSRLW	396
2399	PSRLW_XMMdq_IMMb	PSRLW	396
2400	PSRLW_XMMdq_MEMdq	PSRLW	396
2401	PSRLW_XMMdq_XMMdq	PSRLW	396
2402	PSUBB_MMXq_MEMq	PSUBB	421
2403	PSUBB_MMXq_MMXq	PSUBB	421
2404	PSUBB_XMMdq_MEMdq	PSUBB	421
2405	PSUBB_XMMdq_XMMdq	PSUBB	421
2406	PSUBD_MMXq_MEMq	PSUBD	423
2407	PSUBD_MMXq_MMXq	PSUBD	423
2408	PSUBD_XMMdq_MEMdq	PSUBD	423
2409	PSUBD_XMMdq_XMMdq	PSUBD	423
2410	PSUBQ_MMXq_MEMq	PSUBQ	424
2411	PSUBQ_MMXq_MMXq	PSUBQ	424
2412	PSUBQ_XMMdq_MEMdq	PSUBQ	424
2413	PSUBQ_XMMdq_XMMdq	PSUBQ	424
2414	PSUBSB_MMXq_MEMq	PSUBSB	410
2415	PSUBSB_MMXq_MMXq	PSUBSB	410
2416	PSUBSB_XMMdq_MEMdq	PSUBSB	410
2417	PSUBSB_XMMdq_XMMdq	PSUBSB	410
2418	PSUBSW_MMXq_MEMq	PSUBSW	411
2419	PSUBSW_MMXq_MMXq	PSUBSW	411
2420	PSUBSW_XMMdq_MEMdq	PSUBSW	411
2421	PSUBSW_XMMdq_XMMdq	PSUBSW	411
2422	PSUBUSB_MMXq_MEMq	PSUBUSB	401
2423	PSUBUSB_MMXq_MMXq	PSUBUSB	401
2424	PSUBUSB_XMMdq_MEMdq	PSUBUSB	401
2425	PSUBUSB_XMMdq_XMMdq	PSUBUSB	401
2426	PSUBUSW_MMXq_MEMq	PSUBUSW	402
2427	PSUBUSW_MMXq_MMXq	PSUBUSW	402
2428	PSUBUSW_XMMdq_MEMdq	PSUBUSW	402
2429	PSUBUSW_XMMdq_XMMdq	PSUBUSW	402
2430	PSUBW_MMXq_MEMq	PSUBW	422
2431	PSUBW_MMXq_MMXq	PSUBW	422
2432	PSUBW_XMMdq_MEMdq	PSUBW	422
2433	PSUBW_XMMdq_XMMdq	PSUBW	422
2434	PSWAPD_MMXq_MEMq	PSWAPD	267
2435	PSWAPD_MMXq_MMXq	PSWAPD	267
2436	PTEST_XMMdq_MEMdq	PTEST	457
2437	PTEST_XMMdq_XMMdq	PTEST	457
2438	PTWRITE_GPRy	PTWRITE	1380
2439	PTWRITE_MEMy	PTWRITE	1380
2440	PUNPCKHBW_MMXq_MEMq	PUNPCKHBW	387
2441	PUNPCKHBW_MMXq_MMXd	PUNPCKHBW	387
2442	PUNPCKHBW_XMMdq_MEMdq	PUNPCKHBW	387
2443	PUNPCKHBW_XMMdq_XMMq	PUNPCKHBW	387
2444	PUNPCKHDQ_MMXq_MEMq	PUNPCKHDQ	389
2445	PUNPCKHDQ_MMXq_MMXd	PUNPCKHDQ	389
2446	PUNPCKHDQ_XMMdq_MEMdq	PUNPCKHDQ	389
2447	PUNPCKHDQ_XMMdq_XMMq	PUNPCKHDQ	389
2448	PUNPCKHQDQ_XMMdq_MEMdq	PUNPCKHQDQ	392
2449	PUNPCKHQDQ_XMMdq_XMMq	PUNPCKHQDQ	392
2450	PUNPCKHWD_MMXq_MEMq	PUNPCKHWD	388
2451	PUNPCKHWD_MMXq_MMXd	PUNPCKHWD	388
2452	PUNPCKHWD_XMMdq_MEMdq	PUNPCKHWD	388
2453	PUNPCKHWD_XMMdq_XMMq	PUNPCKHWD	388
2454	PUNPCKLBW_MMXq_MEMd	PUNPCKLBW	379
2455	PUNPCKLBW_MMXq_MMXd	PUNPCKLBW	379
2456	PUNPCKLBW_XMMdq_MEMdq	PUNPCKLBW	379
2457	PUNPCKLBW_XMMdq_XMMq	PUNPCKLBW	379
2458	PUNPCKLDQ_MMXq_MEMd	PUNPCKLDQ	381
2459	PUNPCKLDQ_MMXq_MMXd	PUNPCKLDQ	381
2460	PUNPCKLDQ_XMMdq_MEMdq	PUNPCKLDQ	381
2461	PUNPCKLDQ_XMMdq_XMMq	PUNPCKLDQ	381
2462	PUNPCKLQDQ_XMMdq_MEMdq	PUNPCKLQDQ	391
2463	PUNPCKLQDQ_XMMdq_XMMq	PUNPCKLQDQ	391
2464	PUNPCKLWD_MMXq_MEMd	PUNPCKLWD	380
2465	PUNPCKLWD_MMXq_MMXd	PUNPCKLWD	380
2466	PUNPCKLWD_XMMdq_MEMdq	PUNPCKLWD	380
2467	PUNPCKLWD_XMMdq_XMMq	PUNPCKLWD	380
2468	PUSH2P_GPR64u64_GPR64u64_APX_N3	PUSH2P	1381
2469	PUSH2_GPR64u64_GPR64u64_APX_N3	PUSH2	731
2470	PUSHA	PUSHA	213
2471	PUSHAD	PUSHAD	214
2472	PUSHF	PUSHF	143
2473	PUSHFD	PUSHFD	144
2474	PUSHFQ	PUSHFQ	145
2475	PUSHP_GPR64	PUSHP	1382
2476	PUSH_CS	PUSH	142
2477	PUSH_DS	PUSH	142
2478	PUSH_ES	PUSH	142
2479	PUSH_FS	PUSH	142
2480	PUSH_GPRv_50	PUSH	142
2481	PUSH_GPRv_FFr6	PUSH	142
2482	PUSH_GS	PUSH	142
2483	PUSH_IMMb	PUSH	142
2484	PUSH_IMMz	PUSH	142
2485	PUSH_MEMv	PUSH	142
2486	PUSH_SS	PUSH	142
2487	PVALIDATE_RAX_ECX_EDX	PVALIDATE	1383
2488	PXOR_MMXq_MEMq	PXOR	415
2489	PXOR_MMXq_MMXq	PXOR	415
2490	PXOR_XMMdq_MEMdq	PXOR	415
2491	PXOR_XMMdq_XMMdq	PXOR	415
2492	RCL_GPR8_CL	RCL	146
2493	RCL_GPR8_IMMb	RCL	146
2494	RCL_GPR8_ONE	RCL	146
2495	RCL_GPR8i8_CL_APX	RCL	146
2496	RCL_GPR8i8_GPR8i8_CL_APX_N3	RCL	146
2497	RCL_GPR8i8_GPR8i8_IMM8_APX_N3	RCL	146
2498	RCL_GPR8i8_GPR8i8_ONE_APX_N3	RCL	146
2499	RCL_GPR8i8_IMM8_APX	RCL	146
2500	RCL_GPR8i8_MEMi8_CL_APX_N3	RCL	146
2501	RCL_GPR8i8_MEMi8_IMM8_APX_N3	RCL	146
2502	RCL_GPR8i8_MEMi8_ONE_APX_N3	RCL	146
2503	RCL_GPR8i8_ONE_APX	RCL	146
2504	RCL_GPRv_CL	RCL	146
2505	RCL_GPRv_CL_APX	RCL	146
2506	RCL_GPRv_GPRv_CL_APX_N3	RCL	146
2507	RCL_GPRv_GPRv_IMM8_APX_N3	RCL	146
2508	RCL_GPRv_GPRv_ONE_APX_N3	RCL	146
2509	RCL_GPRv_IMM8_APX	RCL	146
2510	RCL_GPRv_IMMb	RCL	146
2511	RCL_GPRv_MEMv_CL_APX_N3	RCL	146
2512	RCL_GPRv_MEMv_IMM8_APX_N3	RCL	146
2513	RCL_GPRv_MEMv_ONE_APX_N3	RCL	146
2514	RCL_GPRv_ONE	RCL	146
2515	RCL_GPRv_ONE_APX	RCL	146
2516	RCL_MEMb_CL	RCL	146
2517	RCL_MEMb_IMMb	RCL	146
2518	RCL_MEMb_ONE	RCL	146
2519	RCL_MEMi8_CL_APX	RCL	146
2520	RCL_MEMi8_IMM8_APX	RCL	146
2521	RCL_MEMi8_ONE_APX	RCL	146
2522	RCL_MEMv_CL	RCL	146
2523	RCL_MEMv_CL_APX	RCL	146
2524	RCL_MEMv_IMM8_APX	RCL	146
2525	RCL_MEMv_IMMb	RCL	146
2526	RCL_MEMv_ONE	RCL	146
2527	RCL_MEMv_ONE_APX	RCL	146
2528	RCPPS_XMMps_MEMps	RCPPS	287
2529	RCPPS_XMMps_XMMps	RCPPS	287
2530	RCPSS_XMMss_MEMss	RCPSS	288
2531	RCPSS_XMMss_XMMss	RCPSS	288
2532	RCR_GPR8_CL	RCR	147
2533	RCR_GPR8_IMMb	RCR	147
2534	RCR_GPR8_ONE	RCR	147
2535	RCR_GPR8i8_CL_APX	RCR	147
2536	RCR_GPR8i8_GPR8i8_CL_APX_N3	RCR	147
2537	RCR_GPR8i8_GPR8i8_IMM8_APX_N3	RCR	147
2538	RCR_GPR8i8_GPR8i8_ONE_APX_N3	RCR	147
2539	RCR_GPR8i8_IMM8_APX	RCR	147
2540	RCR_GPR8i8_MEMi8_CL_APX_N3	RCR	147
2541	RCR_GPR8i8_MEMi8_IMM8_APX_N3	RCR	147
2542	RCR_GPR8i8_MEMi8_ONE_APX_N3	RCR	147
2543	RCR_GPR8i8_ONE_APX	RCR	147
2544	RCR_GPRv_CL	RCR	147
2545	RCR_GPRv_CL_APX	RCR	147
2546	RCR_GPRv_GPRv_CL_APX_N3	RCR	147
2547	RCR_GPRv_GPRv_IMM8_APX_N3	RCR	147
2548	RCR_GPRv_GPRv_ONE_APX_N3	RCR	147
2549	RCR_GPRv_IMM8_APX	RCR	147
2550	RCR_GPRv_IMMb	RCR	147
2551	RCR_GPRv_MEMv_CL_APX_N3	RCR	147
2552	RCR_GPRv_MEMv_IMM8_APX_N3	RCR	147
2553	RCR_GPRv_MEMv_ONE_APX_N3	RCR	147
2554	RCR_GPRv_ONE	RCR	147
2555	RCR_GPRv_ONE_APX	RCR	147
2556	RCR_MEMb_CL	RCR	147
2557	RCR_MEMb_IMMb	RCR	147
2558	RCR_MEMb_ONE	RCR	147
2559	RCR_MEMi8_CL_APX	RCR	147
2560	RCR_MEMi8_IMM8_APX	RCR	147
2561	RCR_MEMi8_ONE_APX	RCR	147
2562	RCR_MEMv_CL	RCR	147
2563	RCR_MEMv_CL_APX	RCR	147
2564	RCR_MEMv_IMM8_APX	RCR	147
2565	RCR_MEMv_IMMb	RCR	147
2566	RCR_MEMv_ONE	RCR	147
2567	RCR_MEMv_ONE_APX	RCR	147
2568	RDFSBASE_GPRy	RDFSBASE	1161
2569	RDGSBASE_GPRy	RDGSBASE	1162
2570	RDMSR	RDMSR	148
2571	RDMSRLIST	RDMSRLIST	1384
2572	RDMSR_GPR64u64_IMM32	RDMSR	148
2573	RDMSR_GPR64u64_IMM32_APX	RDMSR	148
2574	RDPID_GPR32u32	RDPID	920
2575	RDPID_GPR64u64	RDPID	920
2576	RDPKRU	RDPKRU	1165
2577	RDPMC	RDPMC	149
2578	RDPRU	RDPRU	1385
2579	RDRAND_GPRv	RDRAND	737
2580	RDSEED_GPRv	RDSEED	738
2581	RDSSPD_GPR32u32	RDSSPD	831
2582	RDSSPQ_GPR64u64	RDSSPQ	832
2583	RDTSC	RDTSC	150
2584	RDTSCP	RDTSCP	1159
2585	REPE_CMPSB	REPE_CMPSB	1386
2586	REPE_CMPSD	REPE_CMPSD	1387
2587	REPE_CMPSQ	REPE_CMPSQ	1388
2588	REPE_CMPSW	REPE_CMPSW	1389
2589	REPE_SCASB	REPE_SCASB	1390
2590	REPE_SCASD	REPE_SCASD	1391
2591	REPE_SCASQ	REPE_SCASQ	1392
2592	REPE_SCASW	REPE_SCASW	1393
2593	REPNE_CMPSB	REPNE_CMPSB	1394
2594	REPNE_CMPSD	REPNE_CMPSD	1395
2595	REPNE_CMPSQ	REPNE_CMPSQ	1396
2596	REPNE_CMPSW	REPNE_CMPSW	1397
2597	REPNE_SCASB	REPNE_SCASB	1398
2598	REPNE_SCASD	REPNE_SCASD	1399
2599	REPNE_SCASQ	REPNE_SCASQ	1400
2600	REPNE_SCASW	REPNE_SCASW	1401
2601	REP_INSB	REP_INSB	1402
2602	REP_INSD	REP_INSD	1403
2603	REP_INSW	REP_INSW	1404
2604	REP_LODSB	REP_LODSB	1405
2605	REP_LODSD	REP_LODSD	1406
2606	REP_LODSQ	REP_LODSQ	1407
2607	REP_LODSW	REP_LODSW	1408
2608	REP_MONTMUL	REP_MONTMUL	1409
2609	REP_MOVSB	REP_MOVSB	1410
2610	REP_MOVSD	REP_MOVSD	1411
2611	REP_MOVSQ	REP_MOVSQ	1412
2612	REP_MOVSW	REP_MOVSW	1413
2613	REP_OUTSB	REP_OUTSB	1414
2614	REP_OUTSD	REP_OUTSD	1415
2615	REP_OUTSW	REP_OUTSW	1416
2616	REP_STOSB	REP_STOSB	1417
2617	REP_STOSD	REP_STOSD	1418
2618	REP_STOSQ	REP_STOSQ	1419
2619	REP_STOSW	REP_STOSW	1420
2620	REP_XCRYPTCBC	REP_XCRYPTCBC	1421
2621	REP_XCRYPTCFB	REP_XCRYPTCFB	1422
2622	REP_XCRYPTCTR	REP_XCRYPTCTR	1423
2623	REP_XCRYPTECB	REP_XCRYPTECB	1424
2624	REP_XCRYPTOFB	REP_XCRYPTOFB	1425
2625	REP_XSHA1	REP_XSHA1	1426
2626	REP_XSHA256	REP_XSHA256	1427
2627	REP_XSTORE	REP_XSTORE	1428
2628	RET_FAR	RET_FAR	1429
2629	RET_FAR_IMMw	RET_FAR	1429
2630	RET_NEAR	RET_NEAR	1430
2631	RET_NEAR_IMMw	RET_NEAR	1430
2632	RMPADJUST_RAX_RCX_RDX	RMPADJUST	1431
2633	RMPUPDATE_RAX_RCX	RMPUPDATE	1432
2634	ROL_GPR8_CL	ROL	153
2635	ROL_GPR8_IMMb	ROL	153
2636	ROL_GPR8_ONE	ROL	153
2637	ROL_GPR8i8_CL_APX	ROL	153
2638	ROL_GPR8i8_CL_APX_N3	ROL	153
2639	ROL_GPR8i8_GPR8i8_CL_APX_N3	ROL	153
2640	ROL_GPR8i8_GPR8i8_IMM8_APX_N3	ROL	153
2641	ROL_GPR8i8_GPR8i8_ONE_APX_N3	ROL	153
2642	ROL_GPR8i8_IMM8_APX	ROL	153
2643	ROL_GPR8i8_IMM8_APX_N3	ROL	153
2644	ROL_GPR8i8_MEMi8_CL_APX_N3	ROL	153
2645	ROL_GPR8i8_MEMi8_IMM8_APX_N3	ROL	153
2646	ROL_GPR8i8_MEMi8_ONE_APX_N3	ROL	153
2647	ROL_GPR8i8_ONE_APX	ROL	153
2648	ROL_GPR8i8_ONE_APX_N3	ROL	153
2649	ROL_GPRv_CL	ROL	153
2650	ROL_GPRv_CL_APX	ROL	153
2651	ROL_GPRv_CL_APX_N3	ROL	153
2652	ROL_GPRv_GPRv_CL_APX_N3	ROL	153
2653	ROL_GPRv_GPRv_IMM8_APX_N3	ROL	153
2654	ROL_GPRv_GPRv_ONE_APX_N3	ROL	153
2655	ROL_GPRv_IMM8_APX	ROL	153
2656	ROL_GPRv_IMM8_APX_N3	ROL	153
2657	ROL_GPRv_IMMb	ROL	153
2658	ROL_GPRv_MEMv_CL_APX_N3	ROL	153
2659	ROL_GPRv_MEMv_IMM8_APX_N3	ROL	153
2660	ROL_GPRv_MEMv_ONE_APX_N3	ROL	153
2661	ROL_GPRv_ONE	ROL	153
2662	ROL_GPRv_ONE_APX	ROL	153
2663	ROL_GPRv_ONE_APX_N3	ROL	153
2664	ROL_MEMb_CL	ROL	153
2665	ROL_MEMb_IMMb	ROL	153
2666	ROL_MEMb_ONE	ROL	153
2667	ROL_MEMi8_CL_APX	ROL	153
2668	ROL_MEMi8_CL_APX_N3	ROL	153
2669	ROL_MEMi8_IMM8_APX	ROL	153
2670	ROL_MEMi8_IMM8_APX_N3	ROL	153
2671	ROL_MEMi8_ONE_APX	ROL	153
2672	ROL_MEMi8_ONE_APX_N3	ROL	153
2673	ROL_MEMv_CL	ROL	153
2674	ROL_MEMv_CL_APX	ROL	153
2675	ROL_MEMv_CL_APX_N3	ROL	153
2676	ROL_MEMv_IMM8_APX	ROL	153
2677	ROL_MEMv_IMM8_APX_N3	ROL	153
2678	ROL_MEMv_IMMb	ROL	153
2679	ROL_MEMv_ONE	ROL	153
2680	ROL_MEMv_ONE_APX	ROL	153
2681	ROL_MEMv_ONE_APX_N3	ROL	153
2682	RORX_GPR32d_GPR32d_IMMb	RORX	693
2683	RORX_GPR32d_MEMd_IMMb	RORX	693
2684	RORX_GPR32i32_GPR32i32_IMM8_APX	RORX	693
2685	RORX_GPR32i32_MEMi32_IMM8_APX	RORX	693
2686	RORX_GPR64i64_GPR64i64_IMM8_APX	RORX	693
2687	RORX_GPR64i64_MEMi64_IMM8_APX	RORX	693
2688	RORX_GPR64q_GPR64q_IMMb	RORX	693
2689	RORX_GPR64q_MEMq_IMMb	RORX	693
2690	ROR_GPR8_CL	ROR	154
2691	ROR_GPR8_IMMb	ROR	154
2692	ROR_GPR8_ONE	ROR	154
2693	ROR_GPR8i8_CL_APX	ROR	154
2694	ROR_GPR8i8_CL_APX_N3	ROR	154
2695	ROR_GPR8i8_GPR8i8_CL_APX_N3	ROR	154
2696	ROR_GPR8i8_GPR8i8_IMM8_APX_N3	ROR	154
2697	ROR_GPR8i8_GPR8i8_ONE_APX_N3	ROR	154
2698	ROR_GPR8i8_IMM8_APX	ROR	154
2699	ROR_GPR8i8_IMM8_APX_N3	ROR	154
2700	ROR_GPR8i8_MEMi8_CL_APX_N3	ROR	154
2701	ROR_GPR8i8_MEMi8_IMM8_APX_N3	ROR	154
2702	ROR_GPR8i8_MEMi8_ONE_APX_N3	ROR	154
2703	ROR_GPR8i8_ONE_APX	ROR	154
2704	ROR_GPR8i8_ONE_APX_N3	ROR	154
2705	ROR_GPRv_CL	ROR	154
2706	ROR_GPRv_CL_APX	ROR	154
2707	ROR_GPRv_CL_APX_N3	ROR	154
2708	ROR_GPRv_GPRv_CL_APX_N3	ROR	154
2709	ROR_GPRv_GPRv_IMM8_APX_N3	ROR	154
2710	ROR_GPRv_GPRv_ONE_APX_N3	ROR	154
2711	ROR_GPRv_IMM8_APX	ROR	154
2712	ROR_GPRv_IMM8_APX_N3	ROR	154
2713	ROR_GPRv_IMMb	ROR	154
2714	ROR_GPRv_MEMv_CL_APX_N3	ROR	154
2715	ROR_GPRv_MEMv_IMM8_APX_N3	ROR	154
2716	ROR_GPRv_MEMv_ONE_APX_N3	ROR	154
2717	ROR_GPRv_ONE	ROR	154
2718	ROR_GPRv_ONE_APX	ROR	154
2719	ROR_GPRv_ONE_APX_N3	ROR	154
2720	ROR_MEMb_CL	ROR	154
2721	ROR_MEMb_IMMb	ROR	154
2722	ROR_MEMb_ONE	ROR	154
2723	ROR_MEMi8_CL_APX	ROR	154
2724	ROR_MEMi8_CL_APX_N3	ROR	154
2725	ROR_MEMi8_IMM8_APX	ROR	154
2726	ROR_MEMi8_IMM8_APX_N3	ROR	154
2727	ROR_MEMi8_ONE_APX	ROR	154
2728	ROR_MEMi8_ONE_APX_N3	ROR	154
2729	ROR_MEMv_CL	ROR	154
2730	ROR_MEMv_CL_APX	ROR	154
2731	ROR_MEMv_CL_APX_N3	ROR	154
2732	ROR_MEMv_IMM8_APX	ROR	154
2733	ROR_MEMv_IMM8_APX_N3	ROR	154
2734	ROR_MEMv_IMMb	ROR	154
2735	ROR_MEMv_ONE	ROR	154
2736	ROR_MEMv_ONE_APX	ROR	154
2737	ROR_MEMv_ONE_APX_N3	ROR	154
2738	ROUNDPD_XMMpd_MEMpd_IMMb	ROUNDPD	485
2739	ROUNDPD_XMMpd_XMMpd_IMMb	ROUNDPD	485
2740	ROUNDPS_XMMps_MEMps_IMMb	ROUNDPS	484
2741	ROUNDPS_XMMps_XMMps_IMMb	ROUNDPS	484
2742	ROUNDSD_XMMq_MEMq_IMMb	ROUNDSD	487
2743	ROUNDSD_XMMq_XMMq_IMMb	ROUNDSD	487
2744	ROUNDSS_XMMd_MEMd_IMMb	ROUNDSS	486
2745	ROUNDSS_XMMd_XMMd_IMMb	ROUNDSS	486
2746	RSM	RSM	1433
2747	RSQRTPS_XMMps_MEMps	RSQRTPS	285
2748	RSQRTPS_XMMps_XMMps	RSQRTPS	285
2749	RSQRTSS_XMMss_MEMss	RSQRTSS	286
2750	RSQRTSS_XMMss_XMMss	RSQRTSS	286
2751	RSTORSSP_MEMu64	RSTORSSP	833
2752	SAHF	SAHF	155
2753	SALC	SALC	221
2754	SARX_GPR32d_GPR32d_GPR32d	SARX	694
2755	SARX_GPR32d_MEMd_GPR32d	SARX	694
2756	SARX_GPR32i32_GPR32i32_GPR32i32_APX	SARX	694
2757	SARX_GPR32i32_MEMi32_GPR32i32_APX	SARX	694
2758	SARX_GPR64i64_GPR64i64_GPR64i64_APX	SARX	694
2759	SARX_GPR64i64_MEMi64_GPR64i64_APX	SARX	694
2760	SARX_GPR64q_GPR64q_GPR64q	SARX	694
2761	SARX_GPR64q_MEMq_GPR64q	SARX	694
2762	SAR_GPR8_CL	SAR	156
2763	SAR_GPR8_IMMb	SAR	156
2764	SAR_GPR8_ONE	SAR	156
2765	SAR_GPR8i8_CL_APX	SAR	156
2766	SAR_GPR8i8_CL_APX_N3	SAR	156
2767	SAR_GPR8i8_GPR8i8_CL_APX_N3	SAR	156
2768	SAR_GPR8i8_GPR8i8_IMM8_APX_N3	SAR	156
2769	SAR_GPR8i8_GPR8i8_ONE_APX_N3	SAR	156
2770	SAR_GPR8i8_IMM8_APX	SAR	156
2771	SAR_GPR8i8_IMM8_APX_N3	SAR	156
2772	SAR_GPR8i8_MEMi8_CL_APX_N3	SAR	156
2773	SAR_GPR8i8_MEMi8_IMM8_APX_N3	SAR	156
2774	SAR_GPR8i8_MEMi8_ONE_APX_N3	SAR	156
2775	SAR_GPR8i8_ONE_APX	SAR	156
2776	SAR_GPR8i8_ONE_APX_N3	SAR	156
2777	SAR_GPRv_CL	SAR	156
2778	SAR_GPRv_CL_APX	SAR	156
2779	SAR_GPRv_CL_APX_N3	SAR	156
2780	SAR_GPRv_GPRv_CL_APX_N3	SAR	156
2781	SAR_GPRv_GPRv_IMM8_APX_N3	SAR	156
2782	SAR_GPRv_GPRv_ONE_APX_N3	SAR	156
2783	SAR_GPRv_IMM8_APX	SAR	156
2784	SAR_GPRv_IMM8_APX_N3	SAR	156
2785	SAR_GPRv_IMMb	SAR	156
2786	SAR_GPRv_MEMv_CL_APX_N3	SAR	156
2787	SAR_GPRv_MEMv_IMM8_APX_N3	SAR	156
2788	SAR_GPRv_MEMv_ONE_APX_N3	SAR	156
2789	SAR_GPRv_ONE	SAR	156
2790	SAR_GPRv_ONE_APX	SAR	156
2791	SAR_GPRv_ONE_APX_N3	SAR	156
2792	SAR_MEMb_CL	SAR	156
2793	SAR_MEMb_IMMb	SAR	156
2794	SAR_MEMb_ONE	SAR	156
2795	SAR_MEMi8_CL_APX	SAR	156
2796	SAR_MEMi8_CL_APX_N3	SAR	156
2797	SAR_MEMi8_IMM8_APX	SAR	156
2798	SAR_MEMi8_IMM8_APX_N3	SAR	156
2799	SAR_MEMi8_ONE_APX	SAR	156
2800	SAR_MEMi8_ONE_APX_N3	SAR	156
2801	SAR_MEMv_CL	SAR	156
2802	SAR_MEMv_CL_APX	SAR	156
2803	SAR_MEMv_CL_APX_N3	SAR	156
2804	SAR_MEMv_IMM8_APX	SAR	156
2805	SAR_MEMv_IMM8_APX_N3	SAR	156
2806	SAR_MEMv_IMMb	SAR	156
2807	SAR_MEMv_ONE	SAR	156
2808	SAR_MEMv_ONE_APX	SAR	156
2809	SAR_MEMv_ONE_APX_N3	SAR	156
2810	SAVEPREVSSP	SAVEPREVSSP	834
2811	SBB_AL_IMMb	SBB	157
2812	SBB_GPR8_GPR8_18	SBB	157
2813	SBB_GPR8_GPR8_1A	SBB	157
2814	SBB_GPR8_IMMb_80r3	SBB	157
2815	SBB_GPR8_IMMb_82r3	SBB	157
2816	SBB_GPR8_MEMb	SBB	157
2817	SBB_GPR8i8_GPR8i8_APX	SBB	157
2818	SBB_GPR8i8_GPR8i8_GPR8i8_APX_N3	SBB	157
2819	SBB_GPR8i8_GPR8i8_IMM8_APX_N3	SBB	157
2820	SBB_GPR8i8_GPR8i8_MEMi8_APX_N3	SBB	157
2821	SBB_GPR8i8_IMM8_APX	SBB	157
2822	SBB_GPR8i8_MEMi8_APX	SBB	157
2823	SBB_GPR8i8_MEMi8_GPR8i8_APX_N3	SBB	157
2824	SBB_GPR8i8_MEMi8_IMM8_APX_N3	SBB	157
2825	SBB_GPRv_GPRv_19	SBB	157
2826	SBB_GPRv_GPRv_1B	SBB	157
2827	SBB_GPRv_GPRv_APX	SBB	157
2828	SBB_GPRv_GPRv_GPRv_APX_N3	SBB	157
2829	SBB_GPRv_GPRv_IMM8_APX_N3	SBB	157
2830	SBB_GPRv_GPRv_IMMz_APX_N3	SBB	157
2831	SBB_GPRv_GPRv_MEMv_APX_N3	SBB	157
2832	SBB_GPRv_IMM8_APX	SBB	157
2833	SBB_GPRv_IMMb	SBB	157
2834	SBB_GPRv_IMMz	SBB	157
2835	SBB_GPRv_IMMz_APX	SBB	157
2836	SBB_GPRv_MEMv	SBB	157
2837	SBB_GPRv_MEMv_APX	SBB	157
2838	SBB_GPRv_MEMv_GPRv_APX_N3	SBB	157
2839	SBB_GPRv_MEMv_IMM8_APX_N3	SBB	157
2840	SBB_GPRv_MEMv_IMMz_APX_N3	SBB	157
2841	SBB_LOCK_MEMb_GPR8	SBB_LOCK	1434
2842	SBB_LOCK_MEMb_IMMb_80r3	SBB_LOCK	1434
2843	SBB_LOCK_MEMb_IMMb_82r3	SBB_LOCK	1434
2844	SBB_LOCK_MEMv_GPRv	SBB_LOCK	1434
2845	SBB_LOCK_MEMv_IMMb	SBB_LOCK	1434
2846	SBB_LOCK_MEMv_IMMz	SBB_LOCK	1434
2847	SBB_MEMb_GPR8	SBB	157
2848	SBB_MEMb_IMMb_80r3	SBB	157
2849	SBB_MEMb_IMMb_82r3	SBB	157
2850	SBB_MEMi8_GPR8i8_APX	SBB	157
2851	SBB_MEMi8_IMM8_APX	SBB	157
2852	SBB_MEMv_GPRv	SBB	157
2853	SBB_MEMv_GPRv_APX	SBB	157
2854	SBB_MEMv_IMM8_APX	SBB	157
2855	SBB_MEMv_IMMb	SBB	157
2856	SBB_MEMv_IMMz	SBB	157
2857	SBB_MEMv_IMMz_APX	SBB	157
2858	SBB_OrAX_IMMz	SBB	157
2859	SCASB	SCASB	158
2860	SCASD	SCASD	159
2861	SCASQ	SCASQ	160
2862	SCASW	SCASW	161
2863	SEAMCALL	SEAMCALL	1435
2864	SEAMOPS	SEAMOPS	1436
2865	SEAMRET	SEAMRET	1437
2866	SENDUIPI_GPR64u32	SENDUIPI	1180
2867	SERIALIZE	SERIALIZE	921
2868	SETBE_GPR8	SETBE	165
2869	SETBE_GPR8i8_APX_N3	SETBE	165
2870	SETBE_GPR8i8_APX_N3_ZU	SETBE	165
2871	SETBE_MEMb	SETBE	165
2872	SETBE_MEMi8_APX_N3	SETBE	165
2873	SETBE_MEMi8_APX_N3_ZU	SETBE	165
2874	SETB_GPR8	SETB	164
2875	SETB_GPR8i8_APX_N3	SETB	164
2876	SETB_GPR8i8_APX_N3_ZU	SETB	164
2877	SETB_MEMb	SETB	164
2878	SETB_MEMi8_APX_N3	SETB	164
2879	SETB_MEMi8_APX_N3_ZU	SETB	164
2880	SETLE_GPR8	SETLE	170
2881	SETLE_GPR8i8_APX_N3	SETLE	170
2882	SETLE_GPR8i8_APX_N3_ZU	SETLE	170
2883	SETLE_MEMb	SETLE	170
2884	SETLE_MEMi8_APX_N3	SETLE	170
2885	SETLE_MEMi8_APX_N3_ZU	SETLE	170
2886	SETL_GPR8	SETL	169
2887	SETL_GPR8i8_APX_N3	SETL	169
2888	SETL_GPR8i8_APX_N3_ZU	SETL	169
2889	SETL_MEMb	SETL	169
2890	SETL_MEMi8_APX_N3	SETL	169
2891	SETL_MEMi8_APX_N3_ZU	SETL	169
2892	SETNBE_GPR8	SETNBE	1439
2893	SETNBE_GPR8i8_APX_N3	SETNBE	1439
2894	SETNBE_GPR8i8_APX_N3_ZU	SETNBE	1439
2895	SETNBE_MEMb	SETNBE	1439
2896	SETNBE_MEMi8_APX_N3	SETNBE	1439
2897	SETNBE_MEMi8_APX_N3_ZU	SETNBE	1439
2898	SETNB_GPR8	SETNB	1438
2899	SETNB_GPR8i8_APX_N3	SETNB	1438
2900	SETNB_GPR8i8_APX_N3_ZU	SETNB	1438
2901	SETNB_MEMb	SETNB	1438
2902	SETNB_MEMi8_APX_N3	SETNB	1438
2903	SETNB_MEMi8_APX_N3_ZU	SETNB	1438
2904	SETNLE_GPR8	SETNLE	1441
2905	SETNLE_GPR8i8_APX_N3	SETNLE	1441
2906	SETNLE_GPR8i8_APX_N3_ZU	SETNLE	1441
2907	SETNLE_MEMb	SETNLE	1441
2908	SETNLE_MEMi8_APX_N3	SETNLE	1441
2909	SETNLE_MEMi8_APX_N3_ZU	SETNLE	1441
2910	SETNL_GPR8	SETNL	1440
2911	SETNL_GPR8i8_APX_N3	SETNL	1440
2912	SETNL_GPR8i8_APX_N3_ZU	SETNL	1440
2913	SETNL_MEMb	SETNL	1440
2914	SETNL_MEMi8_APX_N3	SETNL	1440
2915	SETNL_MEMi8_APX_N3_ZU	SETNL	1440
2916	SETNO_GPR8	SETNO	172
2917	SETNO_GPR8i8_APX_N3	SETNO	172
2918	SETNO_GPR8i8_APX_N3_ZU	SETNO	172
2919	SETNO_MEMb	SETNO	172
2920	SETNO_MEMi8_APX_N3	SETNO	172
2921	SETNO_MEMi8_APX_N3_ZU	SETNO	172
2922	SETNP_GPR8	SETNP	173
2923	SETNP_GPR8i8_APX_N3	SETNP	173
2924	SETNP_GPR8i8_APX_N3_ZU	SETNP	173
2925	SETNP_MEMb	SETNP	173
2926	SETNP_MEMi8_APX_N3	SETNP	173
2927	SETNP_MEMi8_APX_N3_ZU	SETNP	173
2928	SETNS_GPR8	SETNS	174
2929	SETNS_GPR8i8_APX_N3	SETNS	174
2930	SETNS_GPR8i8_APX_N3_ZU	SETNS	174
2931	SETNS_MEMb	SETNS	174
2932	SETNS_MEMi8_APX_N3	SETNS	174
2933	SETNS_MEMi8_APX_N3_ZU	SETNS	174
2934	SETNZ_GPR8	SETNZ	1442
2935	SETNZ_GPR8i8_APX_N3	SETNZ	1442
2936	SETNZ_GPR8i8_APX_N3_ZU	SETNZ	1442
2937	SETNZ_MEMb	SETNZ	1442
2938	SETNZ_MEMi8_APX_N3	SETNZ	1442
2939	SETNZ_MEMi8_APX_N3_ZU	SETNZ	1442
2940	SETO_GPR8	SETO	175
2941	SETO_GPR8i8_APX_N3	SETO	175
2942	SETO_GPR8i8_APX_N3_ZU	SETO	175
2943	SETO_MEMb	SETO	175
2944	SETO_MEMi8_APX_N3	SETO	175
2945	SETO_MEMi8_APX_N3_ZU	SETO	175
2946	SETP_GPR8	SETP	176
2947	SETP_GPR8i8_APX_N3	SETP	176
2948	SETP_GPR8i8_APX_N3_ZU	SETP	176
2949	SETP_MEMb	SETP	176
2950	SETP_MEMi8_APX_N3	SETP	176
2951	SETP_MEMi8_APX_N3_ZU	SETP	176
2952	SETSSBSY	SETSSBSY	835
2953	SETS_GPR8	SETS	177
2954	SETS_GPR8i8_APX_N3	SETS	177
2955	SETS_GPR8i8_APX_N3_ZU	SETS	177
2956	SETS_MEMb	SETS	177
2957	SETS_MEMi8_APX_N3	SETS	177
2958	SETS_MEMi8_APX_N3_ZU	SETS	177
2959	SETZ_GPR8	SETZ	1443
2960	SETZ_GPR8i8_APX_N3	SETZ	1443
2961	SETZ_GPR8i8_APX_N3_ZU	SETZ	1443
2962	SETZ_MEMb	SETZ	1443
2963	SETZ_MEMi8_APX_N3	SETZ	1443
2964	SETZ_MEMi8_APX_N3_ZU	SETZ	1443
2965	SFENCE	SFENCE	318
2966	SGDT_MEMs	SGDT	178
2967	SGDT_MEMs64	SGDT	178
2968	SHA1MSG1_XMMi32_MEMi32_SHA	SHA1MSG1	677
2969	SHA1MSG1_XMMi32_XMMi32_SHA	SHA1MSG1	677
2970	SHA1MSG2_XMMi32_MEMi32_SHA	SHA1MSG2	678
2971	SHA1MSG2_XMMi32_XMMi32_SHA	SHA1MSG2	678
2972	SHA1NEXTE_XMMi32_MEMi32_SHA	SHA1NEXTE	679
2973	SHA1NEXTE_XMMi32_XMMi32_SHA	SHA1NEXTE	679
2974	SHA1RNDS4_XMMi32_MEMi32_IMM8_SHA	SHA1RNDS4	680
2975	SHA1RNDS4_XMMi32_XMMi32_IMM8_SHA	SHA1RNDS4	680
2976	SHA256MSG1_XMMi32_MEMi32_SHA	SHA256MSG1	681
2977	SHA256MSG1_XMMi32_XMMi32_SHA	SHA256MSG1	681
2978	SHA256MSG2_XMMi32_MEMi32_SHA	SHA256MSG2	682
2979	SHA256MSG2_XMMi32_XMMi32_SHA	SHA256MSG2	682
2980	SHA256RNDS2_XMMi32_MEMi32_SHA	SHA256RNDS2	683
2981	SHA256RNDS2_XMMi32_XMMi32_SHA	SHA256RNDS2	683
2982	SHLD_GPRv_GPRv_CL	SHLD	180
2983	SHLD_GPRv_GPRv_CL_APX	SHLD	180
2984	SHLD_GPRv_GPRv_CL_APX_N3	SHLD	180
2985	SHLD_GPRv_GPRv_GPRv_CL_APX_N3	SHLD	180
2986	SHLD_GPRv_GPRv_GPRv_IMM8_APX_N3	SHLD	180
2987	SHLD_GPRv_GPRv_IMM8_APX	SHLD	180
2988	SHLD_GPRv_GPRv_IMM8_APX_N3	SHLD	180
2989	SHLD_GPRv_GPRv_IMMb	SHLD	180
2990	SHLD_GPRv_MEMv_GPRv_CL_APX_N3	SHLD	180
2991	SHLD_GPRv_MEMv_GPRv_IMM8_APX_N3	SHLD	180
2992	SHLD_MEMv_GPRv_CL	SHLD	180
2993	SHLD_MEMv_GPRv_CL_APX	SHLD	180
2994	SHLD_MEMv_GPRv_CL_APX_N3	SHLD	180
2995	SHLD_MEMv_GPRv_IMM8_APX	SHLD	180
2996	SHLD_MEMv_GPRv_IMM8_APX_N3	SHLD	180
2997	SHLD_MEMv_GPRv_IMMb	SHLD	180
2998	SHLX_GPR32d_GPR32d_GPR32d	SHLX	695
2999	SHLX_GPR32d_MEMd_GPR32d	SHLX	695
3000	SHLX_GPR32i32_GPR32i32_GPR32i32_APX	SHLX	695
3001	SHLX_GPR32i32_MEMi32_GPR32i32_APX	SHLX	695
3002	SHLX_GPR64i64_GPR64i64_GPR64i64_APX	SHLX	695
3003	SHLX_GPR64i64_MEMi64_GPR64i64_APX	SHLX	695
3004	SHLX_GPR64q_GPR64q_GPR64q	SHLX	695
3005	SHLX_GPR64q_MEMq_GPR64q	SHLX	695
3006	SHL_GPR8_CL_D2r4	SHL	179
3007	SHL_GPR8_CL_D2r6	SHL	179
3008	SHL_GPR8_IMMb_C0r4	SHL	179
3009	SHL_GPR8_IMMb_C0r6	SHL	179
3010	SHL_GPR8_ONE_D0r4	SHL	179
3011	SHL_GPR8_ONE_D0r6	SHL	179
3012	SHL_GPR8i8_CL_APX	SHL	179
3013	SHL_GPR8i8_CL_APX_N3	SHL	179
3014	SHL_GPR8i8_GPR8i8_CL_APX_N3	SHL	179
3015	SHL_GPR8i8_GPR8i8_IMM8_APX_N3	SHL	179
3016	SHL_GPR8i8_GPR8i8_ONE_APX_N3	SHL	179
3017	SHL_GPR8i8_IMM8_APX	SHL	179
3018	SHL_GPR8i8_IMM8_APX_N3	SHL	179
3019	SHL_GPR8i8_MEMi8_CL_APX_N3	SHL	179
3020	SHL_GPR8i8_MEMi8_IMM8_APX_N3	SHL	179
3021	SHL_GPR8i8_MEMi8_ONE_APX_N3	SHL	179
3022	SHL_GPR8i8_ONE_APX	SHL	179
3023	SHL_GPR8i8_ONE_APX_N3	SHL	179
3024	SHL_GPRv_CL_APX	SHL	179
3025	SHL_GPRv_CL_APX_N3	SHL	179
3026	SHL_GPRv_CL_D3r4	SHL	179
3027	SHL_GPRv_CL_D3r6	SHL	179
3028	SHL_GPRv_GPRv_CL_APX_N3	SHL	179
3029	SHL_GPRv_GPRv_IMM8_APX_N3	SHL	179
3030	SHL_GPRv_GPRv_ONE_APX_N3	SHL	179
3031	SHL_GPRv_IMM8_APX	SHL	179
3032	SHL_GPRv_IMM8_APX_N3	SHL	179
3033	SHL_GPRv_IMMb_C1r4	SHL	179
3034	SHL_GPRv_IMMb_C1r6	SHL	179
3035	SHL_GPRv_MEMv_CL_APX_N3	SHL	179
3036	SHL_GPRv_MEMv_IMM8_APX_N3	SHL	179
3037	SHL_GPRv_MEMv_ONE_APX_N3	SHL	179
3038	SHL_GPRv_ONE_APX	SHL	179
3039	SHL_GPRv_ONE_APX_N3	SHL	179
3040	SHL_GPRv_ONE_D1r4	SHL	179
3041	SHL_GPRv_ONE_D1r6	SHL	179
3042	SHL_MEMb_CL_D2r4	SHL	179
3043	SHL_MEMb_CL_D2r6	SHL	179
3044	SHL_MEMb_IMMb_C0r4	SHL	179
3045	SHL_MEMb_IMMb_C0r6	SHL	179
3046	SHL_MEMb_ONE_D0r4	SHL	179
3047	SHL_MEMb_ONE_D0r6	SHL	179
3048	SHL_MEMi8_CL_APX	SHL	179
3049	SHL_MEMi8_CL_APX_N3	SHL	179
3050	SHL_MEMi8_IMM8_APX	SHL	179
3051	SHL_MEMi8_IMM8_APX_N3	SHL	179
3052	SHL_MEMi8_ONE_APX	SHL	179
3053	SHL_MEMi8_ONE_APX_N3	SHL	179
3054	SHL_MEMv_CL_APX	SHL	179
3055	SHL_MEMv_CL_APX_N3	SHL	179
3056	SHL_MEMv_CL_D3r4	SHL	179
3057	SHL_MEMv_CL_D3r6	SHL	179
3058	SHL_MEMv_IMM8_APX	SHL	179
3059	SHL_MEMv_IMM8_APX_N3	SHL	179
3060	SHL_MEMv_IMMb_C1r4	SHL	179
3061	SHL_MEMv_IMMb_C1r6	SHL	179
3062	SHL_MEMv_ONE_APX	SHL	179
3063	SHL_MEMv_ONE_APX_N3	SHL	179
3064	SHL_MEMv_ONE_D1r4	SHL	179
3065	SHL_MEMv_ONE_D1r6	SHL	179
3066	SHRD_GPRv_GPRv_CL	SHRD	182
3067	SHRD_GPRv_GPRv_CL_APX	SHRD	182
3068	SHRD_GPRv_GPRv_CL_APX_N3	SHRD	182
3069	SHRD_GPRv_GPRv_GPRv_CL_APX_N3	SHRD	182
3070	SHRD_GPRv_GPRv_GPRv_IMM8_APX_N3	SHRD	182
3071	SHRD_GPRv_GPRv_IMM8_APX	SHRD	182
3072	SHRD_GPRv_GPRv_IMM8_APX_N3	SHRD	182
3073	SHRD_GPRv_GPRv_IMMb	SHRD	182
3074	SHRD_GPRv_MEMv_GPRv_CL_APX_N3	SHRD	182
3075	SHRD_GPRv_MEMv_GPRv_IMM8_APX_N3	SHRD	182
3076	SHRD_MEMv_GPRv_CL	SHRD	182
3077	SHRD_MEMv_GPRv_CL_APX	SHRD	182
3078	SHRD_MEMv_GPRv_CL_APX_N3	SHRD	182
3079	SHRD_MEMv_GPRv_IMM8_APX	SHRD	182
3080	SHRD_MEMv_GPRv_IMM8_APX_N3	SHRD	182
3081	SHRD_MEMv_GPRv_IMMb	SHRD	182
3082	SHRX_GPR32d_GPR32d_GPR32d	SHRX	696
3083	SHRX_GPR32d_MEMd_GPR32d	SHRX	696
3084	SHRX_GPR32i32_GPR32i32_GPR32i32_APX	SHRX	696
3085	SHRX_GPR32i32_MEMi32_GPR32i32_APX	SHRX	696
3086	SHRX_GPR64i64_GPR64i64_GPR64i64_APX	SHRX	696
3087	SHRX_GPR64i64_MEMi64_GPR64i64_APX	SHRX	696
3088	SHRX_GPR64q_GPR64q_GPR64q	SHRX	696
3089	SHRX_GPR64q_MEMq_GPR64q	SHRX	696
3090	SHR_GPR8_CL	SHR	181
3091	SHR_GPR8_IMMb	SHR	181
3092	SHR_GPR8_ONE	SHR	181
3093	SHR_GPR8i8_CL_APX	SHR	181
3094	SHR_GPR8i8_CL_APX_N3	SHR	181
3095	SHR_GPR8i8_GPR8i8_CL_APX_N3	SHR	181
3096	SHR_GPR8i8_GPR8i8_IMM8_APX_N3	SHR	181
3097	SHR_GPR8i8_GPR8i8_ONE_APX_N3	SHR	181
3098	SHR_GPR8i8_IMM8_APX	SHR	181
3099	SHR_GPR8i8_IMM8_APX_N3	SHR	181
3100	SHR_GPR8i8_MEMi8_CL_APX_N3	SHR	181
3101	SHR_GPR8i8_MEMi8_IMM8_APX_N3	SHR	181
3102	SHR_GPR8i8_MEMi8_ONE_APX_N3	SHR	181
3103	SHR_GPR8i8_ONE_APX	SHR	181
3104	SHR_GPR8i8_ONE_APX_N3	SHR	181
3105	SHR_GPRv_CL	SHR	181
3106	SHR_GPRv_CL_APX	SHR	181
3107	SHR_GPRv_CL_APX_N3	SHR	181
3108	SHR_GPRv_GPRv_CL_APX_N3	SHR	181
3109	SHR_GPRv_GPRv_IMM8_APX_N3	SHR	181
3110	SHR_GPRv_GPRv_ONE_APX_N3	SHR	181
3111	SHR_GPRv_IMM8_APX	SHR	181
3112	SHR_GPRv_IMM8_APX_N3	SHR	181
3113	SHR_GPRv_IMMb	SHR	181
3114	SHR_GPRv_MEMv_CL_APX_N3	SHR	181
3115	SHR_GPRv_MEMv_IMM8_APX_N3	SHR	181
3116	SHR_GPRv_MEMv_ONE_APX_N3	SHR	181
3117	SHR_GPRv_ONE	SHR	181
3118	SHR_GPRv_ONE_APX	SHR	181
3119	SHR_GPRv_ONE_APX_N3	SHR	181
3120	SHR_MEMb_CL	SHR	181
3121	SHR_MEMb_IMMb	SHR	181
3122	SHR_MEMb_ONE	SHR	181
3123	SHR_MEMi8_CL_APX	SHR	181
3124	SHR_MEMi8_CL_APX_N3	SHR	181
3125	SHR_MEMi8_IMM8_APX	SHR	181
3126	SHR_MEMi8_IMM8_APX_N3	SHR	181
3127	SHR_MEMi8_ONE_APX	SHR	181
3128	SHR_MEMi8_ONE_APX_N3	SHR	181
3129	SHR_MEMv_CL	SHR	181
3130	SHR_MEMv_CL_APX	SHR	181
3131	SHR_MEMv_CL_APX_N3	SHR	181
3132	SHR_MEMv_IMM8_APX	SHR	181
3133	SHR_MEMv_IMM8_APX_N3	SHR	181
3134	SHR_MEMv_IMMb	SHR	181
3135	SHR_MEMv_ONE	SHR	181
3136	SHR_MEMv_ONE_APX	SHR	181
3137	SHR_MEMv_ONE_APX_N3	SHR	181
3138	SHUFPD_XMMpd_MEMpd_IMMb	SHUFPD	364
3139	SHUFPD_XMMpd_XMMpd_IMMb	SHUFPD	364
3140	SHUFPS_XMMps_MEMps_IMMb	SHUFPS	307
3141	SHUFPS_XMMps_XMMps_IMMb	SHUFPS	307
3142	SIDT_MEMs	SIDT	183
3143	SIDT_MEMs64	SIDT	183
3144	SKINIT_EAX	SKINIT	222
3145	SLDT_GPRv	SLDT	184
3146	SLDT_MEMw	SLDT	184
3147	SLWPCB_GPRyy	SLWPCB	1444
3148	SMSW_GPRv	SMSW	185
3149	SMSW_MEMw	SMSW	185
3150	SQRTPD_XMMpd_MEMpd	SQRTPD	345
3151	SQRTPD_XMMpd_XMMpd	SQRTPD	345
3152	SQRTPS_XMMps_MEMps	SQRTPS	283
3153	SQRTPS_XMMps_XMMps	SQRTPS	283
3154	SQRTSD_XMMsd_MEMsd	SQRTSD	346
3155	SQRTSD_XMMsd_XMMsd	SQRTSD	346
3156	SQRTSS_XMMss_MEMss	SQRTSS	284
3157	SQRTSS_XMMss_XMMss	SQRTSS	284
3158	STAC	STAC	1445
3159	STC	STC	186
3160	STD	STD	187
3161	STGI	STGI	223
3162	STI	STI	188
3163	STMXCSR_MEMd	STMXCSR	317
3164	STOSB	STOSB	189
3165	STOSD	STOSD	190
3166	STOSQ	STOSQ	191
3167	STOSW	STOSW	192
3168	STR_GPRv	STR	193
3169	STR_MEMw	STR	193
3170	STTILECFG_MEM	STTILECFG	720
3171	STTILECFG_MEM_APX	STTILECFG	720
3172	STUI	STUI	1181
3173	SUBPD_XMMpd_MEMpd	SUBPD	355
3174	SUBPD_XMMpd_XMMpd	SUBPD	355
3175	SUBPS_XMMps_MEMps	SUBPS	297
3176	SUBPS_XMMps_XMMps	SUBPS	297
3177	SUBSD_XMMsd_MEMsd	SUBSD	356
3178	SUBSD_XMMsd_XMMsd	SUBSD	356
3179	SUBSS_XMMss_MEMss	SUBSS	298
3180	SUBSS_XMMss_XMMss	SUBSS	298
3181	SUB_AL_IMMb	SUB	194
3182	SUB_GPR8_GPR8_28	SUB	194
3183	SUB_GPR8_GPR8_2A	SUB	194
3184	SUB_GPR8_IMMb_80r5	SUB	194
3185	SUB_GPR8_IMMb_82r5	SUB	194
3186	SUB_GPR8_MEMb	SUB	194
3187	SUB_GPR8i8_GPR8i8_APX	SUB	194
3188	SUB_GPR8i8_GPR8i8_APX_N3	SUB	194
3189	SUB_GPR8i8_GPR8i8_GPR8i8_APX_N3	SUB	194
3190	SUB_GPR8i8_GPR8i8_IMM8_APX_N3	SUB	194
3191	SUB_GPR8i8_GPR8i8_MEMi8_APX_N3	SUB	194
3192	SUB_GPR8i8_IMM8_APX	SUB	194
3193	SUB_GPR8i8_IMM8_APX_N3	SUB	194
3194	SUB_GPR8i8_MEMi8_APX	SUB	194
3195	SUB_GPR8i8_MEMi8_APX_N3	SUB	194
3196	SUB_GPR8i8_MEMi8_GPR8i8_APX_N3	SUB	194
3197	SUB_GPR8i8_MEMi8_IMM8_APX_N3	SUB	194
3198	SUB_GPRv_GPRv_29	SUB	194
3199	SUB_GPRv_GPRv_2B	SUB	194
3200	SUB_GPRv_GPRv_APX	SUB	194
3201	SUB_GPRv_GPRv_APX_N3	SUB	194
3202	SUB_GPRv_GPRv_GPRv_APX_N3	SUB	194
3203	SUB_GPRv_GPRv_IMM8_APX_N3	SUB	194
3204	SUB_GPRv_GPRv_IMMz_APX_N3	SUB	194
3205	SUB_GPRv_GPRv_MEMv_APX_N3	SUB	194
3206	SUB_GPRv_IMM8_APX	SUB	194
3207	SUB_GPRv_IMM8_APX_N3	SUB	194
3208	SUB_GPRv_IMMb	SUB	194
3209	SUB_GPRv_IMMz	SUB	194
3210	SUB_GPRv_IMMz_APX	SUB	194
3211	SUB_GPRv_IMMz_APX_N3	SUB	194
3212	SUB_GPRv_MEMv	SUB	194
3213	SUB_GPRv_MEMv_APX	SUB	194
3214	SUB_GPRv_MEMv_APX_N3	SUB	194
3215	SUB_GPRv_MEMv_GPRv_APX_N3	SUB	194
3216	SUB_GPRv_MEMv_IMM8_APX_N3	SUB	194
3217	SUB_GPRv_MEMv_IMMz_APX_N3	SUB	194
3218	SUB_LOCK_MEMb_GPR8	SUB_LOCK	1446
3219	SUB_LOCK_MEMb_IMMb_80r5	SUB_LOCK	1446
3220	SUB_LOCK_MEMb_IMMb_82r5	SUB_LOCK	1446
3221	SUB_LOCK_MEMv_GPRv	SUB_LOCK	1446
3222	SUB_LOCK_MEMv_IMMb	SUB_LOCK	1446
3223	SUB_LOCK_MEMv_IMMz	SUB_LOCK	1446
3224	SUB_MEMb_GPR8	SUB	194
3225	SUB_MEMb_IMMb_80r5	SUB	194
3226	SUB_MEMb_IMMb_82r5	SUB	194
3227	SUB_MEMi8_GPR8i8_APX	SUB	194
3228	SUB_MEMi8_GPR8i8_APX_N3	SUB	194
3229	SUB_MEMi8_IMM8_APX	SUB	194
3230	SUB_MEMi8_IMM8_APX_N3	SUB	194
3231	SUB_MEMv_GPRv	SUB	194
3232	SUB_MEMv_GPRv_APX	SUB	194
3233	SUB_MEMv_GPRv_APX_N3	SUB	194
3234	SUB_MEMv_IMM8_APX	SUB	194
3235	SUB_MEMv_IMM8_APX_N3	SUB	194
3236	SUB_MEMv_IMMb	SUB	194
3237	SUB_MEMv_IMMz	SUB	194
3238	SUB_MEMv_IMMz_APX	SUB	194
3239	SUB_MEMv_IMMz_APX_N3	SUB	194
3240	SUB_OrAX_IMMz	SUB	194
3241	SWAPGS	SWAPGS	1447
3242	SYSCALL	SYSCALL	195
3243	SYSCALL_AMD	SYSCALL_AMD	1448
3244	SYSENTER	SYSENTER	196
3245	SYSEXIT	SYSEXIT	197
3246	SYSRET	SYSRET	198
3247	SYSRET64	SYSRET64	1449
3248	SYSRET_AMD	SYSRET_AMD	1450
3249	T1MSKC_GPR32d_GPR32d	T1MSKC	1451
3250	T1MSKC_GPR32d_MEMd	T1MSKC	1451
3251	T1MSKC_GPRyy_GPRyy	T1MSKC	1451
3252	T1MSKC_GPRyy_MEMy	T1MSKC	1451
3253	TCMMIMFP16PS_TMMf32_TMM2f16_TMM2f16	TCMMIMFP16PS	925
3254	TCMMRLFP16PS_TMMf32_TMM2f16_TMM2f16	TCMMRLFP16PS	926
3255	TCVTROWD2PS_ZMMf32_TMMu32_GPR32u32	TCVTROWD2PS	933
3256	TCVTROWD2PS_ZMMf32_TMMu32_IMM8	TCVTROWD2PS	933
3257	TCVTROWPS2BF16H_ZMMbf16_TMMf32_GPR32u32	TCVTROWPS2BF16H	934
3258	TCVTROWPS2BF16H_ZMMbf16_TMMf32_IMM8	TCVTROWPS2BF16H	934
3259	TCVTROWPS2BF16L_ZMMbf16_TMMf32_GPR32u32	TCVTROWPS2BF16L	935
3260	TCVTROWPS2BF16L_ZMMbf16_TMMf32_IMM8	TCVTROWPS2BF16L	935
3261	TCVTROWPS2PHH_ZMMf16_TMMf32_GPR32u32	TCVTROWPS2PHH	936
3262	TCVTROWPS2PHH_ZMMf16_TMMf32_IMM8	TCVTROWPS2PHH	936
3263	TCVTROWPS2PHL_ZMMf16_TMMf32_GPR32u32	TCVTROWPS2PHL	937
3264	TCVTROWPS2PHL_ZMMf16_TMMf32_IMM8	TCVTROWPS2PHL	937
3265	TDCALL	TDCALL	1452
3266	TDPBF16PS_TMMf32_TMM2bf16_TMM2bf16	TDPBF16PS	730
3267	TDPBF8PS_TMMf32_TMM4bf8_TMM4bf8	TDPBF8PS	927
3268	TDPBHF8PS_TMMf32_TMM4bf8_TMM4hf8	TDPBHF8PS	928
3269	TDPBSSD_TMMi32_TMM4i8_TMM4i8	TDPBSSD	726
3270	TDPBSUD_TMMi32_TMM4i8_TMM4u8	TDPBSUD	727
3271	TDPBUSD_TMMi32_TMM4u8_TMM4i8	TDPBUSD	728
3272	TDPBUUD_TMMu32_TMM4u8_TMM4u8	TDPBUUD	729
3273	TDPFP16PS_TMMf32_TMM2f16_TMM2f16	TDPFP16PS	802
3274	TDPHBF8PS_TMMf32_TMM4hf8_TMM4bf8	TDPHBF8PS	929
3275	TDPHF8PS_TMMf32_TMM4hf8_TMM4hf8	TDPHF8PS	930
3276	TESTUI	TESTUI	1182
3277	TEST_AL_IMMb	TEST	199
3278	TEST_GPR8_GPR8	TEST	199
3279	TEST_GPR8_IMMb_F6r0	TEST	199
3280	TEST_GPR8_IMMb_F6r1	TEST	199
3281	TEST_GPRv_GPRv	TEST	199
3282	TEST_GPRv_IMMz_F7r0	TEST	199
3283	TEST_GPRv_IMMz_F7r1	TEST	199
3284	TEST_MEMb_GPR8	TEST	199
3285	TEST_MEMb_IMMb_F6r0	TEST	199
3286	TEST_MEMb_IMMb_F6r1	TEST	199
3287	TEST_MEMv_GPRv	TEST	199
3288	TEST_MEMv_IMMz_F7r0	TEST	199
3289	TEST_MEMv_IMMz_F7r1	TEST	199
3290	TEST_OrAX_IMMz	TEST	199
3291	TILELOADDRST1_TMMu32_MEMu32	TILELOADDRST1	932
3292	TILELOADDRST1_TMMu32_MEMu32_APX	TILELOADDRST1	932
3293	TILELOADDRS_TMMu32_MEMu32	TILELOADDRS	931
3294	TILELOADDRS_TMMu32_MEMu32_APX	TILELOADDRS	931
3295	TILELOADDT1_TMMu32_MEMu32	TILELOADDT1	722
3296	TILELOADDT1_TMMu32_MEMu32_APX	TILELOADDT1	722
3297	TILELOADD_TMMu32_MEMu32	TILELOADD	721
3298	TILELOADD_TMMu32_MEMu32_APX	TILELOADD	721
3299	TILEMOVCOL_TMMu32_ZMMu32_GPR32u32	TILEMOVCOL	1453
3300	TILEMOVCOL_TMMu32_ZMMu32_IMM8	TILEMOVCOL	1453
3301	TILEMOVROW_TMMu32_ZMMu32_GPR32u32	TILEMOVROW	938
3302	TILEMOVROW_TMMu32_ZMMu32_IMM8	TILEMOVROW	938
3303	TILEMOVROW_ZMMu8_TMMu8_GPR32u32	TILEMOVROW	938
3304	TILEMOVROW_ZMMu8_TMMu8_IMM8	TILEMOVROW	938
3305	TILERELEASE	TILERELEASE	725
3306	TILESTORED_MEMu32_TMMu32	TILESTORED	723
3307	TILESTORED_MEMu32_TMMu32_APX	TILESTORED	723
3308	TILEZERO_TMMu32	TILEZERO	724
3309	TLBSYNC	TLBSYNC	1454
3310	TOP2BF16PS_TMMf32_ZMMbf16_ZMMbf16	TOP2BF16PS	1455
3311	TOP4BSSD_TMMu32_ZMMi8_ZMMi8	TOP4BSSD	1456
3312	TOP4BSUD_TMMu32_ZMMi8_ZMMu8	TOP4BSUD	1457
3313	TOP4BUSD_TMMu32_ZMMu8_ZMMi8	TOP4BUSD	1458
3314	TOP4BUUD_TMMu32_ZMMu8_ZMMu8	TOP4BUUD	1459
3315	TOP4MXBF8PS_TMMf32_ZMMbf8_ZMMbf8_IMM8	TOP4MXBF8PS	1460
3316	TOP4MXBHF8PS_TMMf32_ZMMbf8_ZMMhf8_IMM8	TOP4MXBHF8PS	1461
3317	TOP4MXBSSPS_TMMf32_ZMMi8_ZMMi8_IMM8	TOP4MXBSSPS	1462
3318	TOP4MXHBF8PS_TMMf32_ZMMhf8_ZMMbf8_IMM8	TOP4MXHBF8PS	1463
3319	TOP4MXHF8PS_TMMf32_ZMMhf8_ZMMhf8_IMM8	TOP4MXHF8PS	1464
3320	TPAUSE_GPR32u32	TPAUSE	842
3321	TZCNT_GPRv_GPRv	TZCNT	200
3322	TZCNT_GPRv_GPRv_APX	TZCNT	200
3323	TZCNT_GPRv_GPRv_APX_N3	TZCNT	200
3324	TZCNT_GPRv_MEMv	TZCNT	200
3325	TZCNT_GPRv_MEMv_APX	TZCNT	200
3326	TZCNT_GPRv_MEMv_APX_N3	TZCNT	200
3327	TZMSK_GPR32d_GPR32d	TZMSK	1465
3328	TZMSK_GPR32d_MEMd	TZMSK	1465
3329	TZMSK_GPRyy_GPRyy	TZMSK	1465
3330	TZMSK_GPRyy_MEMy	TZMSK	1465
3331	UCOMISD_XMMsd_MEMsd	UCOMISD	342
3332	UCOMISD_XMMsd_XMMsd	UCOMISD	342
3333	UCOMISS_XMMss_MEMss	UCOMISS	280
3334	UCOMISS_XMMss_XMMss	UCOMISS	280
3335	UD0	UD0	268
3336	UD0_GPR32_GPR32	UD0	268
3337	UD0_GPR32_MEMd	UD0	268
3338	UD1_GPR32_GPR32	UD1	269
3339	UD1_GPR32_MEMd	UD1	269
3340	UD2	UD2	201
3341	UDB	UDB	224
3342	UIRET	UIRET	1183
3343	UMONITOR_GPRa	UMONITOR	840
3344	UMWAIT_GPR32	UMWAIT	841
3345	UNPCKHPD_XMMpd_MEMdq	UNPCKHPD	366
3346	UNPCKHPD_XMMpd_XMMq	UNPCKHPD	366
3347	UNPCKHPS_XMMps_MEMdq	UNPCKHPS	309
3348	UNPCKHPS_XMMps_XMMdq	UNPCKHPS	309
3349	UNPCKLPD_XMMpd_MEMdq	UNPCKLPD	365
3350	UNPCKLPD_XMMpd_XMMq	UNPCKLPD	365
3351	UNPCKLPS_XMMps_MEMdq	UNPCKLPS	308
3352	UNPCKLPS_XMMps_XMMq	UNPCKLPS	308
3353	URDMSR_GPR64u64_GPR64u64	URDMSR	1466
3354	URDMSR_GPR64u64_GPR64u64_APX	URDMSR	1466
3355	URDMSR_GPR64u64_IMM32	URDMSR	1466
3356	URDMSR_GPR64u64_IMM32_APX	URDMSR	1466
3357	UWRMSR_GPR64u64_GPR64u64	UWRMSR	1467
3358	UWRMSR_GPR64u64_GPR64u64_APX	UWRMSR	1467
3359	UWRMSR_IMM32_GPR64u64	UWRMSR	1467
3360	UWRMSR_IMM32_GPR64u64_APX	UWRMSR	1467
3361	V4FMADDPS_ZMMf32_MASKmskw_ZMMf32_MEMf32_AVX512	V4FMADDPS	1118
3362	V4FMADDSS_XMMf32_MASKmskw_XMMf32_MEMf32_AVX512	V4FMADDSS	1119
3363	V4FNMADDPS_ZMMf32_MASKmskw_ZMMf32_MEMf32_AVX512	V4FNMADDPS	1120
3364	V4FNMADDSS_XMMf32_MASKmskw_XMMf32_MEMf32_AVX512	V4FNMADDSS	1121
3365	VADDBF16_XMMbf16_MASKmskw_XMMbf16_MEMbf16_AVX512	VADDBF16	939
3366	VADDBF16_XMMbf16_MASKmskw_XMMbf16_XMMbf16_AVX512	VADDBF16	939
3367	VADDBF16_YMMbf16_MASKmskw_YMMbf16_MEMbf16_AVX512	VADDBF16	939
3368	VADDBF16_YMMbf16_MASKmskw_YMMbf16_YMMbf16_AVX512	VADDBF16	939
3369	VADDBF16_ZMMbf16_MASKmskw_ZMMbf16_MEMbf16_AVX512	VADDBF16	939
3370	VADDBF16_ZMMbf16_MASKmskw_ZMMbf16_ZMMbf16_AVX512	VADDBF16	939
3371	VADDPD_XMMdq_XMMdq_MEMdq	VADDPD	611
3372	VADDPD_XMMdq_XMMdq_XMMdq	VADDPD	611
3373	VADDPD_XMMf64_MASKmskw_XMMf64_MEMf64_AVX512	VADDPD	611
3374	VADDPD_XMMf64_MASKmskw_XMMf64_XMMf64_AVX512	VADDPD	611
3375	VADDPD_YMMf64_MASKmskw_YMMf64_MEMf64_AVX512	VADDPD	611
3376	VADDPD_YMMf64_MASKmskw_YMMf64_YMMf64_AVX512	VADDPD	611
3377	VADDPD_YMMqq_YMMqq_MEMqq	VADDPD	611
3378	VADDPD_YMMqq_YMMqq_YMMqq	VADDPD	611
3379	VADDPD_ZMMf64_MASKmskw_ZMMf64_MEMf64_AVX512	VADDPD	611
3380	VADDPD_ZMMf64_MASKmskw_ZMMf64_ZMMf64_AVX512	VADDPD	611
3381	VADDPH_XMMf16_MASKmskw_XMMf16_MEMf16_AVX512	VADDPH	1468
3382	VADDPH_XMMf16_MASKmskw_XMMf16_XMMf16_AVX512	VADDPH	1468
3383	VADDPH_YMMf16_MASKmskw_YMMf16_MEMf16_AVX512	VADDPH	1468
3384	VADDPH_YMMf16_MASKmskw_YMMf16_YMMf16_AVX512	VADDPH	1468
3385	VADDPH_ZMMf16_MASKmskw_ZMMf16_MEMf16_AVX512	VADDPH	1468
3386	VADDPH_ZMMf16_MASKmskw_ZMMf16_ZMMf16_AVX512	VADDPH	1468
3387	VADDPS_XMMdq_XMMdq_MEMdq	VADDPS	610
3388	VADDPS_XMMdq_XMMdq_XMMdq	VADDPS	610
3389	VADDPS_XMMf32_MASKmskw_XMMf32_MEMf32_AVX512	VADDPS	610
3390	VADDPS_XMMf32_MASKmskw_XMMf32_XMMf32_AVX512	VADDPS	610
3391	VADDPS_YMMf32_MASKmskw_YMMf32_MEMf32_AVX512	VADDPS	610
3392	VADDPS_YMMf32_MASKmskw_YMMf32_YMMf32_AVX512	VADDPS	610
3393	VADDPS_YMMqq_YMMqq_MEMqq	VADDPS	610
3394	VADDPS_YMMqq_YMMqq_YMMqq	VADDPS	610
3395	VADDPS_ZMMf32_MASKmskw_ZMMf32_MEMf32_AVX512	VADDPS	610
3396	VADDPS_ZMMf32_MASKmskw_ZMMf32_ZMMf32_AVX512	VADDPS	610
3397	VADDSD_XMMdq_XMMdq_MEMq	VADDSD	613
3398	VADDSD_XMMdq_XMMdq_XMMq	VADDSD	613
3399	VADDSD_XMMf64_MASKmskw_XMMf64_MEMf64_AVX512	VADDSD	613
3400	VADDSD_XMMf64_MASKmskw_XMMf64_XMMf64_AVX512	VADDSD	613
3401	VADDSH_XMMf16_MASKmskw_XMMf16_MEMf16_AVX512	VADDSH	1469
3402	VADDSH_XMMf16_MASKmskw_XMMf16_XMMf16_AVX512	VADDSH	1469
3403	VADDSS_XMMdq_XMMdq_MEMd	VADDSS	612
3404	VADDSS_XMMdq_XMMdq_XMMd	VADDSS	612
3405	VADDSS_XMMf32_MASKmskw_XMMf32_MEMf32_AVX512	VADDSS	612
3406	VADDSS_XMMf32_MASKmskw_XMMf32_XMMf32_AVX512	VADDSS	612
3407	VADDSUBPD_XMMdq_XMMdq_MEMdq	VADDSUBPD	893
3408	VADDSUBPD_XMMdq_XMMdq_XMMdq	VADDSUBPD	893
3409	VADDSUBPD_YMMqq_YMMqq_MEMqq	VADDSUBPD	893
3410	VADDSUBPD_YMMqq_YMMqq_YMMqq	VADDSUBPD	893
3411	VADDSUBPS_XMMdq_XMMdq_MEMdq	VADDSUBPS	894
3412	VADDSUBPS_XMMdq_XMMdq_XMMdq	VADDSUBPS	894
3413	VADDSUBPS_YMMqq_YMMqq_MEMqq	VADDSUBPS	894
3414	VADDSUBPS_YMMqq_YMMqq_YMMqq	VADDSUBPS	894
3415	VAESDECLAST_XMMdq_XMMdq_MEMdq	VAESDECLAST	799
3416	VAESDECLAST_XMMdq_XMMdq_XMMdq	VAESDECLAST	799
3417	VAESDECLAST_XMMu128_XMMu128_MEMu128_AVX512	VAESDECLAST	799
3418	VAESDECLAST_XMMu128_XMMu128_XMMu128_AVX512	VAESDECLAST	799
3419	VAESDECLAST_YMMu128_YMMu128_MEMu128	VAESDECLAST	799
3420	VAESDECLAST_YMMu128_YMMu128_MEMu128_AVX512	VAESDECLAST	799
3421	VAESDECLAST_YMMu128_YMMu128_YMMu128	VAESDECLAST	799
3422	VAESDECLAST_YMMu128_YMMu128_YMMu128_AVX512	VAESDECLAST	799
3423	VAESDECLAST_ZMMu128_ZMMu128_MEMu128_AVX512	VAESDECLAST	799
3424	VAESDECLAST_ZMMu128_ZMMu128_ZMMu128_AVX512	VAESDECLAST	799
3425	VAESDEC_XMMdq_XMMdq_MEMdq	VAESDEC	798
3426	VAESDEC_XMMdq_XMMdq_XMMdq	VAESDEC	798
3427	VAESDEC_XMMu128_XMMu128_MEMu128_AVX512	VAESDEC	798
3428	VAESDEC_XMMu128_XMMu128_XMMu128_AVX512	VAESDEC	798
3429	VAESDEC_YMMu128_YMMu128_MEMu128	VAESDEC	798
3430	VAESDEC_YMMu128_YMMu128_MEMu128_AVX512	VAESDEC	798
3431	VAESDEC_YMMu128_YMMu128_YMMu128	VAESDEC	798
3432	VAESDEC_YMMu128_YMMu128_YMMu128_AVX512	VAESDEC	798
3433	VAESDEC_ZMMu128_ZMMu128_MEMu128_AVX512	VAESDEC	798
3434	VAESDEC_ZMMu128_ZMMu128_ZMMu128_AVX512	VAESDEC	798
3435	VAESENCLAST_XMMdq_XMMdq_MEMdq	VAESENCLAST	797
3436	VAESENCLAST_XMMdq_XMMdq_XMMdq	VAESENCLAST	797
3437	VAESENCLAST_XMMu128_XMMu128_MEMu128_AVX512	VAESENCLAST	797
3438	VAESENCLAST_XMMu128_XMMu128_XMMu128_AVX512	VAESENCLAST	797
3439	VAESENCLAST_YMMu128_YMMu128_MEMu128	VAESENCLAST	797
3440	VAESENCLAST_YMMu128_YMMu128_MEMu128_AVX512	VAESENCLAST	797
3441	VAESENCLAST_YMMu128_YMMu128_YMMu128	VAESENCLAST	797
3442	VAESENCLAST_YMMu128_YMMu128_YMMu128_AVX512	VAESENCLAST	797
3443	VAESENCLAST_ZMMu128_ZMMu128_MEMu128_AVX512	VAESENCLAST	797
3444	VAESENCLAST_ZMMu128_ZMMu128_ZMMu128_AVX512	VAESENCLAST	797
3445	VAESENC_XMMdq_XMMdq_MEMdq	VAESENC	735
3446	VAESENC_XMMdq_XMMdq_XMMdq	VAESENC	735
3447	VAESENC_XMMu128_XMMu128_MEMu128_AVX512	VAESENC	735
3448	VAESENC_XMMu128_XMMu128_XMMu128_AVX512	VAESENC	735
3449	VAESENC_YMMu128_YMMu128_MEMu128	VAESENC	735
3450	VAESENC_YMMu128_YMMu128_MEMu128_AVX512	VAESENC	735
3451	VAESENC_YMMu128_YMMu128_YMMu128	VAESENC	735
3452	VAESENC_YMMu128_YMMu128_YMMu128_AVX512	VAESENC	735
3453	VAESENC_ZMMu128_ZMMu128_MEMu128_AVX512	VAESENC	735
3454	VAESENC_ZMMu128_ZMMu128_ZMMu128_AVX512	VAESENC	735
3455	VAESIMC_XMMdq_MEMdq	VAESIMC	800
3456	VAESIMC_XMMdq_XMMdq	VAESIMC	800
3457	VAESKEYGENASSIST_XMMdq_MEMdq_IMMb	VAESKEYGENASSIST	801
3458	VAESKEYGENASSIST_XMMdq_XMMdq_IMMb	VAESKEYGENASSIST	801
3459	VALIGND_XMMu32_MASKmskw_XMMu32_MEMu32_IMM8_AVX512	VALIGND	1470
3460	VALIGND_XMMu32_MASKmskw_XMMu32_XMMu32_IMM8_AVX512	VALIGND	1470
3461	VALIGND_YMMu32_MASKmskw_YMMu32_MEMu32_IMM8_AVX512	VALIGND	1470
3462	VALIGND_YMMu32_MASKmskw_YMMu32_YMMu32_IMM8_AVX512	VALIGND	1470
3463	VALIGND_ZMMu32_MASKmskw_ZMMu32_MEMu32_IMM8_AVX512	VALIGND	1470
3464	VALIGND_ZMMu32_MASKmskw_ZMMu32_ZMMu32_IMM8_AVX512	VALIGND	1470
3465	VALIGNQ_XMMu64_MASKmskw_XMMu64_MEMu64_IMM8_AVX512	VALIGNQ	1471
3466	VALIGNQ_XMMu64_MASKmskw_XMMu64_XMMu64_IMM8_AVX512	VALIGNQ	1471
3467	VALIGNQ_YMMu64_MASKmskw_YMMu64_MEMu64_IMM8_AVX512	VALIGNQ	1471
3468	VALIGNQ_YMMu64_MASKmskw_YMMu64_YMMu64_IMM8_AVX512	VALIGNQ	1471
3469	VALIGNQ_ZMMu64_MASKmskw_ZMMu64_MEMu64_IMM8_AVX512	VALIGNQ	1471
3470	VALIGNQ_ZMMu64_MASKmskw_ZMMu64_ZMMu64_IMM8_AVX512	VALIGNQ	1471
3471	VANDNPD_XMMdq_XMMdq_MEMdq	VANDNPD	637
3472	VANDNPD_XMMdq_XMMdq_XMMdq	VANDNPD	637
3473	VANDNPD_XMMu64_MASKmskw_XMMu64_MEMu64_AVX512	VANDNPD	637
3474	VANDNPD_XMMu64_MASKmskw_XMMu64_XMMu64_AVX512	VANDNPD	637
3475	VANDNPD_YMMqq_YMMqq_MEMqq	VANDNPD	637
3476	VANDNPD_YMMqq_YMMqq_YMMqq	VANDNPD	637
3477	VANDNPD_YMMu64_MASKmskw_YMMu64_MEMu64_AVX512	VANDNPD	637
3478	VANDNPD_YMMu64_MASKmskw_YMMu64_YMMu64_AVX512	VANDNPD	637
3479	VANDNPD_ZMMu64_MASKmskw_ZMMu64_MEMu64_AVX512	VANDNPD	637
3480	VANDNPD_ZMMu64_MASKmskw_ZMMu64_ZMMu64_AVX512	VANDNPD	637
3481	VANDNPS_XMMdq_XMMdq_MEMdq	VANDNPS	636
3482	VANDNPS_XMMdq_XMMdq_XMMdq	VANDNPS	636
3483	VANDNPS_XMMu32_MASKmskw_XMMu32_MEMu32_AVX512	VANDNPS	636
3484	VANDNPS_XMMu32_MASKmskw_XMMu32_XMMu32_AVX512	VANDNPS	636
3485	VANDNPS_YMMqq_YMMqq_MEMqq	VANDNPS	636
3486	VANDNPS_YMMqq_YMMqq_YMMqq	VANDNPS	636
3487	VANDNPS_YMMu32_MASKmskw_YMMu32_MEMu32_AVX512	VANDNPS	636
3488	VANDNPS_YMMu32_MASKmskw_YMMu32_YMMu32_AVX512	VANDNPS	636
3489	VANDNPS_ZMMu32_MASKmskw_ZMMu32_MEMu32_AVX512	VANDNPS	636
3490	VANDNPS_ZMMu32_MASKmskw_ZMMu32_ZMMu32_AVX512	VANDNPS	636
3491	VANDPD_XMMdq_XMMdq_MEMdq	VANDPD	635
3492	VANDPD_XMMdq_XMMdq_XMMdq	VANDPD	635
3493	VANDPD_XMMu64_MASKmskw_XMMu64_MEMu64_AVX512	VANDPD	635
3494	VANDPD_XMMu64_MASKmskw_XMMu64_XMMu64_AVX512	VANDPD	635
3495	VANDPD_YMMqq_YMMqq_MEMqq	VANDPD	635
3496	VANDPD_YMMqq_YMMqq_YMMqq	VANDPD	635
3497	VANDPD_YMMu64_MASKmskw_YMMu64_MEMu64_AVX512	VANDPD	635
3498	VANDPD_YMMu64_MASKmskw_YMMu64_YMMu64_AVX512	VANDPD	635
3499	VANDPD_ZMMu64_MASKmskw_ZMMu64_MEMu64_AVX512	VANDPD	635
3500	VANDPD_ZMMu64_MASKmskw_ZMMu64_ZMMu64_AVX512	VANDPD	635
3501	VANDPS_XMMdq_XMMdq_MEMdq	VANDPS	634
3502	VANDPS_XMMdq_XMMdq_XMMdq	VANDPS	634
3503	VANDPS_XMMu32_MASKmskw_XMMu32_MEMu32_AVX512	VANDPS	634
3504	VANDPS_XMMu32_MASKmskw_XMMu32_XMMu32_AVX512	VANDPS	634
3505	VANDPS_YMMqq_YMMqq_MEMqq	VANDPS	634
3506	VANDPS_YMMqq_YMMqq_YMMqq	VANDPS	634
3507	VANDPS_YMMu32_MASKmskw_YMMu32_MEMu32_AVX512	VANDPS	634
3508	VANDPS_YMMu32_MASKmskw_YMMu32_YMMu32_AVX512	VANDPS	634
3509	VANDPS_ZMMu32_MASKmskw_ZMMu32_MEMu32_AVX512	VANDPS	634
3510	VANDPS_ZMMu32_MASKmskw_ZMMu32_ZMMu32_AVX512	VANDPS	634
3511	VBCSTNEBF162PS_XMMf32_MEMbf16	VBCSTNEBF162PS	1472
3512	VBCSTNEBF162PS_YMMf32_MEMbf16	VBCSTNEBF162PS	1472
3513	VBCSTNESH2PS_XMMf32_MEMf16	VBCSTNESH2PS	1473
3514	VBCSTNESH2PS_YMMf32_MEMf16	VBCSTNESH2PS	1473
3515	VBLENDMPD_XMMf64_MASKmskw_XMMf64_MEMf64_AVX512	VBLENDMPD	1474
3516	VBLENDMPD_XMMf64_MASKmskw_XMMf64_XMMf64_AVX512	VBLENDMPD	1474
3517	VBLENDMPD_YMMf64_MASKmskw_YMMf64_MEMf64_AVX512	VBLENDMPD	1474
3518	VBLENDMPD_YMMf64_MASKmskw_YMMf64_YMMf64_AVX512	VBLENDMPD	1474
3519	VBLENDMPD_ZMMf64_MASKmskw_ZMMf64_MEMf64_AVX512	VBLENDMPD	1474
3520	VBLENDMPD_ZMMf64_MASKmskw_ZMMf64_ZMMf64_AVX512	VBLENDMPD	1474
3521	VBLENDMPS_XMMf32_MASKmskw_XMMf32_MEMf32_AVX512	VBLENDMPS	1475
3522	VBLENDMPS_XMMf32_MASKmskw_XMMf32_XMMf32_AVX512	VBLENDMPS	1475
3523	VBLENDMPS_YMMf32_MASKmskw_YMMf32_MEMf32_AVX512	VBLENDMPS	1475
3524	VBLENDMPS_YMMf32_MASKmskw_YMMf32_YMMf32_AVX512	VBLENDMPS	1475
3525	VBLENDMPS_ZMMf32_MASKmskw_ZMMf32_MEMf32_AVX512	VBLENDMPS	1475
3526	VBLENDMPS_ZMMf32_MASKmskw_ZMMf32_ZMMf32_AVX512	VBLENDMPS	1475
3527	VBLENDPD_XMMdq_XMMdq_MEMdq_IMMb	VBLENDPD	1476
3528	VBLENDPD_XMMdq_XMMdq_XMMdq_IMMb	VBLENDPD	1476
3529	VBLENDPD_YMMqq_YMMqq_MEMqq_IMMb	VBLENDPD	1476
3530	VBLENDPD_YMMqq_YMMqq_YMMqq_IMMb	VBLENDPD	1476
3531	VBLENDPS_XMMdq_XMMdq_MEMdq_IMMb	VBLENDPS	1477
3532	VBLENDPS_XMMdq_XMMdq_XMMdq_IMMb	VBLENDPS	1477
3533	VBLENDPS_YMMqq_YMMqq_MEMqq_IMMb	VBLENDPS	1477
3534	VBLENDPS_YMMqq_YMMqq_YMMqq_IMMb	VBLENDPS	1477
3535	VBLENDVPD_XMMdq_XMMdq_MEMdq_XMMdq	VBLENDVPD	1478
3536	VBLENDVPD_XMMdq_XMMdq_XMMdq_XMMdq	VBLENDVPD	1478
3537	VBLENDVPD_YMMqq_YMMqq_MEMqq_YMMqq	VBLENDVPD	1478
3538	VBLENDVPD_YMMqq_YMMqq_YMMqq_YMMqq	VBLENDVPD	1478
3539	VBLENDVPS_XMMdq_XMMdq_MEMdq_XMMdq	VBLENDVPS	1479
3540	VBLENDVPS_XMMdq_XMMdq_XMMdq_XMMdq	VBLENDVPS	1479
3541	VBLENDVPS_YMMqq_YMMqq_MEMqq_YMMqq	VBLENDVPS	1479
3542	VBLENDVPS_YMMqq_YMMqq_YMMqq_YMMqq	VBLENDVPS	1479
3543	VBROADCASTF128_YMMqq_MEMdq	VBROADCASTF128	1480
3544	VBROADCASTF32X2_YMMf32_MASKmskw_MEMf32_AVX512	VBROADCASTF32X2	1481
3545	VBROADCASTF32X2_YMMf32_MASKmskw_XMMf32_AVX512	VBROADCASTF32X2	1481
3546	VBROADCASTF32X2_ZMMf32_MASKmskw_MEMf32_AVX512	VBROADCASTF32X2	1481
3547	VBROADCASTF32X2_ZMMf32_MASKmskw_XMMf32_AVX512	VBROADCASTF32X2	1481
3548	VBROADCASTF32X4_YMMf32_MASKmskw_MEMf32_AVX512	VBROADCASTF32X4	1482
3549	VBROADCASTF32X4_ZMMf32_MASKmskw_MEMf32_AVX512	VBROADCASTF32X4	1482
3550	VBROADCASTF32X8_ZMMf32_MASKmskw_MEMf32_AVX512	VBROADCASTF32X8	1483
3551	VBROADCASTF64X2_YMMf64_MASKmskw_MEMf64_AVX512	VBROADCASTF64X2	1484
3552	VBROADCASTF64X2_ZMMf64_MASKmskw_MEMf64_AVX512	VBROADCASTF64X2	1484
3553	VBROADCASTF64X4_ZMMf64_MASKmskw_MEMf64_AVX512	VBROADCASTF64X4	1485
3554	VBROADCASTI128_YMMqq_MEMdq	VBROADCASTI128	1486
3555	VBROADCASTI32X2_XMMu32_MASKmskw_MEMu32_AVX512	VBROADCASTI32X2	1487
3556	VBROADCASTI32X2_XMMu32_MASKmskw_XMMu32_AVX512	VBROADCASTI32X2	1487
3557	VBROADCASTI32X2_YMMu32_MASKmskw_MEMu32_AVX512	VBROADCASTI32X2	1487
3558	VBROADCASTI32X2_YMMu32_MASKmskw_XMMu32_AVX512	VBROADCASTI32X2	1487
3559	VBROADCASTI32X2_ZMMu32_MASKmskw_MEMu32_AVX512	VBROADCASTI32X2	1487
3560	VBROADCASTI32X2_ZMMu32_MASKmskw_XMMu32_AVX512	VBROADCASTI32X2	1487
3561	VBROADCASTI32X4_YMMu32_MASKmskw_MEMu32_AVX512	VBROADCASTI32X4	1488
3562	VBROADCASTI32X4_ZMMu32_MASKmskw_MEMu32_AVX512	VBROADCASTI32X4	1488
3563	VBROADCASTI32X8_ZMMu32_MASKmskw_MEMu32_AVX512	VBROADCASTI32X8	1489
3564	VBROADCASTI64X2_YMMu64_MASKmskw_MEMu64_AVX512	VBROADCASTI64X2	1490
3565	VBROADCASTI64X2_ZMMu64_MASKmskw_MEMu64_AVX512	VBROADCASTI64X2	1490
3566	VBROADCASTI64X4_ZMMu64_MASKmskw_MEMu64_AVX512	VBROADCASTI64X4	1491
3567	VBROADCASTSD_YMMf64_MASKmskw_MEMf64_AVX512	VBROADCASTSD	1492
3568	VBROADCASTSD_YMMf64_MASKmskw_XMMf64_AVX512	VBROADCASTSD	1492
3569	VBROADCASTSD_YMMqq_MEMq	VBROADCASTSD	1492
3570	VBROADCASTSD_YMMqq_XMMdq	VBROADCASTSD	1492
3571	VBROADCASTSD_ZMMf64_MASKmskw_MEMf64_AVX512	VBROADCASTSD	1492
3572	VBROADCASTSD_ZMMf64_MASKmskw_XMMf64_AVX512	VBROADCASTSD	1492
3573	VBROADCASTSS_XMMdq_MEMd	VBROADCASTSS	1493
3574	VBROADCASTSS_XMMdq_XMMdq	VBROADCASTSS	1493
3575	VBROADCASTSS_XMMf32_MASKmskw_MEMf32_AVX512	VBROADCASTSS	1493
3576	VBROADCASTSS_XMMf32_MASKmskw_XMMf32_AVX512	VBROADCASTSS	1493
3577	VBROADCASTSS_YMMf32_MASKmskw_MEMf32_AVX512	VBROADCASTSS	1493
3578	VBROADCASTSS_YMMf32_MASKmskw_XMMf32_AVX512	VBROADCASTSS	1493
3579	VBROADCASTSS_YMMqq_MEMd	VBROADCASTSS	1493
3580	VBROADCASTSS_YMMqq_XMMdq	VBROADCASTSS	1493
3581	VBROADCASTSS_ZMMf32_MASKmskw_MEMf32_AVX512	VBROADCASTSS	1493
3582	VBROADCASTSS_ZMMf32_MASKmskw_XMMf32_AVX512	VBROADCASTSS	1493
3583	VCMPBF16_MASKmskw_MASKmskw_XMMbf16_MEMbf16_IMM8_AVX512	VCMPBF16	1494
3584	VCMPBF16_MASKmskw_MASKmskw_XMMbf16_XMMbf16_IMM8_AVX512	VCMPBF16	1494
3585	VCMPBF16_MASKmskw_MASKmskw_YMMbf16_MEMbf16_IMM8_AVX512	VCMPBF16	1494
3586	VCMPBF16_MASKmskw_MASKmskw_YMMbf16_YMMbf16_IMM8_AVX512	VCMPBF16	1494
3587	VCMPBF16_MASKmskw_MASKmskw_ZMMbf16_MEMbf16_IMM8_AVX512	VCMPBF16	1494
3588	VCMPBF16_MASKmskw_MASKmskw_ZMMbf16_ZMMbf16_IMM8_AVX512	VCMPBF16	1494
3589	VCMPPD_MASKmskw_MASKmskw_XMMf64_MEMf64_IMM8_AVX512	VCMPPD	1495
3590	VCMPPD_MASKmskw_MASKmskw_XMMf64_XMMf64_IMM8_AVX512	VCMPPD	1495
3591	VCMPPD_MASKmskw_MASKmskw_YMMf64_MEMf64_IMM8_AVX512	VCMPPD	1495
3592	VCMPPD_MASKmskw_MASKmskw_YMMf64_YMMf64_IMM8_AVX512	VCMPPD	1495
3593	VCMPPD_MASKmskw_MASKmskw_ZMMf64_MEMf64_IMM8_AVX512	VCMPPD	1495
3594	VCMPPD_MASKmskw_MASKmskw_ZMMf64_ZMMf64_IMM8_AVX512	VCMPPD	1495
3595	VCMPPD_XMMdq_XMMdq_MEMdq_IMMb	VCMPPD	1495
3596	VCMPPD_XMMdq_XMMdq_XMMdq_IMMb	VCMPPD	1495
3597	VCMPPD_YMMqq_YMMqq_MEMqq_IMMb	VCMPPD	1495
3598	VCMPPD_YMMqq_YMMqq_YMMqq_IMMb	VCMPPD	1495
3599	VCMPPH_MASKmskw_MASKmskw_XMMf16_MEMf16_IMM8_AVX512	VCMPPH	1496
3600	VCMPPH_MASKmskw_MASKmskw_XMMf16_XMMf16_IMM8_AVX512	VCMPPH	1496
3601	VCMPPH_MASKmskw_MASKmskw_YMMf16_MEMf16_IMM8_AVX512	VCMPPH	1496
3602	VCMPPH_MASKmskw_MASKmskw_YMMf16_YMMf16_IMM8_AVX512	VCMPPH	1496
3603	VCMPPH_MASKmskw_MASKmskw_ZMMf16_MEMf16_IMM8_AVX512	VCMPPH	1496
3604	VCMPPH_MASKmskw_MASKmskw_ZMMf16_ZMMf16_IMM8_AVX512	VCMPPH	1496
3605	VCMPPS_MASKmskw_MASKmskw_XMMf32_MEMf32_IMM8_AVX512	VCMPPS	1497
3606	VCMPPS_MASKmskw_MASKmskw_XMMf32_XMMf32_IMM8_AVX512	VCMPPS	1497
3607	VCMPPS_MASKmskw_MASKmskw_YMMf32_MEMf32_IMM8_AVX512	VCMPPS	1497
3608	VCMPPS_MASKmskw_MASKmskw_YMMf32_YMMf32_IMM8_AVX512	VCMPPS	1497
3609	VCMPPS_MASKmskw_MASKmskw_ZMMf32_MEMf32_IMM8_AVX512	VCMPPS	1497
3610	VCMPPS_MASKmskw_MASKmskw_ZMMf32_ZMMf32_IMM8_AVX512	VCMPPS	1497
3611	VCMPPS_XMMdq_XMMdq_MEMdq_IMMb	VCMPPS	1497
3612	VCMPPS_XMMdq_XMMdq_XMMdq_IMMb	VCMPPS	1497
3613	VCMPPS_YMMqq_YMMqq_MEMqq_IMMb	VCMPPS	1497
3614	VCMPPS_YMMqq_YMMqq_YMMqq_IMMb	VCMPPS	1497
3615	VCMPSD_MASKmskw_MASKmskw_XMMf64_MEMf64_IMM8_AVX512	VCMPSD	1498
3616	VCMPSD_MASKmskw_MASKmskw_XMMf64_XMMf64_IMM8_AVX512	VCMPSD	1498
3617	VCMPSD_XMMdq_XMMdq_MEMq_IMMb	VCMPSD	1498
3618	VCMPSD_XMMdq_XMMdq_XMMq_IMMb	VCMPSD	1498
3619	VCMPSH_MASKmskw_MASKmskw_XMMf16_MEMf16_IMM8_AVX512	VCMPSH	1499
3620	VCMPSH_MASKmskw_MASKmskw_XMMf16_XMMf16_IMM8_AVX512	VCMPSH	1499
3621	VCMPSS_MASKmskw_MASKmskw_XMMf32_MEMf32_IMM8_AVX512	VCMPSS	1500
3622	VCMPSS_MASKmskw_MASKmskw_XMMf32_XMMf32_IMM8_AVX512	VCMPSS	1500
3623	VCMPSS_XMMdq_XMMdq_MEMd_IMMb	VCMPSS	1500
3624	VCMPSS_XMMdq_XMMdq_XMMd_IMMb	VCMPSS	1500
3625	VCOMISBF16_XMMbf16_MEMbf16_AVX512	VCOMISBF16	1501
3626	VCOMISBF16_XMMbf16_XMMbf16_AVX512	VCOMISBF16	1501
3627	VCOMISD_XMMf64_MEMf64_AVX512	VCOMISD	1502
3628	VCOMISD_XMMf64_XMMf64_AVX512	VCOMISD	1502
3629	VCOMISD_XMMq_MEMq	VCOMISD	1502
3630	VCOMISD_XMMq_XMMq	VCOMISD	1502
3631	VCOMISH_XMMf16_MEMf16_AVX512	VCOMISH	1503
3632	VCOMISH_XMMf16_XMMf16_AVX512	VCOMISH	1503
3633	VCOMISS_XMMd_MEMd	VCOMISS	1504
3634	VCOMISS_XMMd_XMMd	VCOMISS	1504
3635	VCOMISS_XMMf32_MEMf32_AVX512	VCOMISS	1504
3636	VCOMISS_XMMf32_XMMf32_AVX512	VCOMISS	1504
3637	VCOMPRESSPD_MEMf64_MASKmskw_XMMf64_AVX512	VCOMPRESSPD	1505
3638	VCOMPRESSPD_MEMf64_MASKmskw_YMMf64_AVX512	VCOMPRESSPD	1505
3639	VCOMPRESSPD_MEMf64_MASKmskw_ZMMf64_AVX512	VCOMPRESSPD	1505
3640	VCOMPRESSPD_XMMf64_MASKmskw_XMMf64_AVX512	VCOMPRESSPD	1505
3641	VCOMPRESSPD_YMMf64_MASKmskw_YMMf64_AVX512	VCOMPRESSPD	1505
3642	VCOMPRESSPD_ZMMf64_MASKmskw_ZMMf64_AVX512	VCOMPRESSPD	1505
3643	VCOMPRESSPS_MEMf32_MASKmskw_XMMf32_AVX512	VCOMPRESSPS	1506
3644	VCOMPRESSPS_MEMf32_MASKmskw_YMMf32_AVX512	VCOMPRESSPS	1506
3645	VCOMPRESSPS_MEMf32_MASKmskw_ZMMf32_AVX512	VCOMPRESSPS	1506
3646	VCOMPRESSPS_XMMf32_MASKmskw_XMMf32_AVX512	VCOMPRESSPS	1506
3647	VCOMPRESSPS_YMMf32_MASKmskw_YMMf32_AVX512	VCOMPRESSPS	1506
3648	VCOMPRESSPS_ZMMf32_MASKmskw_ZMMf32_AVX512	VCOMPRESSPS	1506
3649	VCOMXSD_XMMf64_MEMf64_AVX512	VCOMXSD	1507
3650	VCOMXSD_XMMf64_XMMf64_AVX512	VCOMXSD	1507
3651	VCOMXSH_XMMf16_MEMf16_AVX512	VCOMXSH	1508
3652	VCOMXSH_XMMf16_XMMf16_AVX512	VCOMXSH	1508
3653	VCOMXSS_XMMf32_MEMf32_AVX512	VCOMXSS	1509
3654	VCOMXSS_XMMf32_XMMf32_AVX512	VCOMXSS	1509
3655	VCVT2PH2BF8S_XMMbf8_MASKmskw_XMMf16_MEMf16_AVX512	VCVT2PH2BF8S	1511
3656	VCVT2PH2BF8S_XMMbf8_MASKmskw_XMMf16_XMMf16_AVX512	VCVT2PH2BF8S	1511
3657	VCVT2PH2BF8S_YMMbf8_MASKmskw_YMMf16_MEMf16_AVX512	VCVT2PH2BF8S	1511
3658	VCVT2PH2BF8S_YMMbf8_MASKmskw_YMMf16_YMMf16_AVX512	VCVT2PH2BF8S	1511
3659	VCVT2PH2BF8S_ZMMbf8_MASKmskw_ZMMf16_MEMf16_AVX512	VCVT2PH2BF8S	1511
3660	VCVT2PH2BF8S_ZMMbf8_MASKmskw_ZMMf16_ZMMf16_AVX512	VCVT2PH2BF8S	1511
3661	VCVT2PH2BF8_XMMbf8_MASKmskw_XMMf16_MEMf16_AVX512	VCVT2PH2BF8	1510
3662	VCVT2PH2BF8_XMMbf8_MASKmskw_XMMf16_XMMf16_AVX512	VCVT2PH2BF8	1510
3663	VCVT2PH2BF8_YMMbf8_MASKmskw_YMMf16_MEMf16_AVX512	VCVT2PH2BF8	1510
3664	VCVT2PH2BF8_YMMbf8_MASKmskw_YMMf16_YMMf16_AVX512	VCVT2PH2BF8	1510
3665	VCVT2PH2BF8_ZMMbf8_MASKmskw_ZMMf16_MEMf16_AVX512	VCVT2PH2BF8	1510
3666	VCVT2PH2BF8_ZMMbf8_MASKmskw_ZMMf16_ZMMf16_AVX512	VCVT2PH2BF8	1510
3667	VCVT2PH2HF8S_XMMhf8_MASKmskw_XMMf16_MEMf16_AVX512	VCVT2PH2HF8S	1513
3668	VCVT2PH2HF8S_XMMhf8_MASKmskw_XMMf16_XMMf16_AVX512	VCVT2PH2HF8S	1513
3669	VCVT2PH2HF8S_YMMhf8_MASKmskw_YMMf16_MEMf16_AVX512	VCVT2PH2HF8S	1513
3670	VCVT2PH2HF8S_YMMhf8_MASKmskw_YMMf16_YMMf16_AVX512	VCVT2PH2HF8S	1513
3671	VCVT2PH2HF8S_ZMMhf8_MASKmskw_ZMMf16_MEMf16_AVX512	VCVT2PH2HF8S	1513
3672	VCVT2PH2HF8S_ZMMhf8_MASKmskw_ZMMf16_ZMMf16_AVX512	VCVT2PH2HF8S	1513
3673	VCVT2PH2HF8_XMMhf8_MASKmskw_XMMf16_MEMf16_AVX512	VCVT2PH2HF8	1512
3674	VCVT2PH2HF8_XMMhf8_MASKmskw_XMMf16_XMMf16_AVX512	VCVT2PH2HF8	1512
3675	VCVT2PH2HF8_YMMhf8_MASKmskw_YMMf16_MEMf16_AVX512	VCVT2PH2HF8	1512
3676	VCVT2PH2HF8_YMMhf8_MASKmskw_YMMf16_YMMf16_AVX512	VCVT2PH2HF8	1512
3677	VCVT2PH2HF8_ZMMhf8_MASKmskw_ZMMf16_MEMf16_AVX512	VCVT2PH2HF8	1512
3678	VCVT2PH2HF8_ZMMhf8_MASKmskw_ZMMf16_ZMMf16_AVX512	VCVT2PH2HF8	1512
3679	VCVT2PS2PHX_XMMf16_MASKmskw_XMMf32_MEMf32_AVX512	VCVT2PS2PHX	1514
3680	VCVT2PS2PHX_XMMf16_MASKmskw_XMMf32_XMMf32_AVX512	VCVT2PS2PHX	1514
3681	VCVT2PS2PHX_YMMf16_MASKmskw_YMMf32_MEMf32_AVX512	VCVT2PS2PHX	1514
3682	VCVT2PS2PHX_YMMf16_MASKmskw_YMMf32_YMMf32_AVX512	VCVT2PS2PHX	1514
3683	VCVT2PS2PHX_ZMMf16_MASKmskw_ZMMf32_MEMf32_AVX512	VCVT2PS2PHX	1514
3684	VCVT2PS2PHX_ZMMf16_MASKmskw_ZMMf32_ZMMf32_AVX512	VCVT2PS2PHX	1514
3685	VCVTBF162IBS_XMMi8_MASKmskw_MEMbf16_AVX512	VCVTBF162IBS	1515
3686	VCVTBF162IBS_XMMi8_MASKmskw_XMMbf16_AVX512	VCVTBF162IBS	1515
3687	VCVTBF162IBS_YMMi8_MASKmskw_MEMbf16_AVX512	VCVTBF162IBS	1515
3688	VCVTBF162IBS_YMMi8_MASKmskw_YMMbf16_AVX512	VCVTBF162IBS	1515
3689	VCVTBF162IBS_ZMMi8_MASKmskw_MEMbf16_AVX512	VCVTBF162IBS	1515
3690	VCVTBF162IBS_ZMMi8_MASKmskw_ZMMbf16_AVX512	VCVTBF162IBS	1515
3691	VCVTBF162IUBS_XMMu8_MASKmskw_MEMbf16_AVX512	VCVTBF162IUBS	1516
3692	VCVTBF162IUBS_XMMu8_MASKmskw_XMMbf16_AVX512	VCVTBF162IUBS	1516
3693	VCVTBF162IUBS_YMMu8_MASKmskw_MEMbf16_AVX512	VCVTBF162IUBS	1516
3694	VCVTBF162IUBS_YMMu8_MASKmskw_YMMbf16_AVX512	VCVTBF162IUBS	1516
3695	VCVTBF162IUBS_ZMMu8_MASKmskw_MEMbf16_AVX512	VCVTBF162IUBS	1516
3696	VCVTBF162IUBS_ZMMu8_MASKmskw_ZMMbf16_AVX512	VCVTBF162IUBS	1516
3697	VCVTBF42HF8_XMMhf8_MASKmskw_MEMbf4_AVX512	VCVTBF42HF8	1517
3698	VCVTBF42HF8_XMMhf8_MASKmskw_XMMbf4_AVX512	VCVTBF42HF8	1517
3699	VCVTBF42HF8_YMMhf8_MASKmskw_MEMbf4_AVX512	VCVTBF42HF8	1517
3700	VCVTBF42HF8_YMMhf8_MASKmskw_XMMbf4_AVX512	VCVTBF42HF8	1517
3701	VCVTBF42HF8_ZMMhf8_MASKmskw_MEMbf4_AVX512	VCVTBF42HF8	1517
3702	VCVTBF42HF8_ZMMhf8_MASKmskw_YMMbf4_AVX512	VCVTBF42HF8	1517
3703	VCVTBF62HF8_XMMhf8_MASKmskw_XMMbf6_AVX512	VCVTBF62HF8	1518
3704	VCVTBF62HF8_YMMhf8_MASKmskw_YMMbf6_AVX512	VCVTBF62HF8	1518
3705	VCVTBF62HF8_ZMMhf8_MASKmskw_ZMMbf6_AVX512	VCVTBF62HF8	1518
3706	VCVTBF82BF4S_MEMbf4_XMMbf8_AVX512	VCVTBF82BF4S	1519
3707	VCVTBF82BF4S_MEMbf4_YMMbf8_AVX512	VCVTBF82BF4S	1519
3708	VCVTBF82BF4S_MEMbf4_ZMMbf8_AVX512	VCVTBF82BF4S	1519
3709	VCVTBF82BF4S_XMMbf4_XMMbf8_AVX512	VCVTBF82BF4S	1519
3710	VCVTBF82BF4S_XMMbf4_YMMbf8_AVX512	VCVTBF82BF4S	1519
3711	VCVTBF82BF4S_YMMbf4_ZMMbf8_AVX512	VCVTBF82BF4S	1519
3712	VCVTBF82BF6S_XMMbf6_XMMbf8_AVX512	VCVTBF82BF6S	1520
3713	VCVTBF82BF6S_YMMbf6_YMMbf8_AVX512	VCVTBF82BF6S	1520
3714	VCVTBF82BF6S_ZMMbf6_ZMMbf8_AVX512	VCVTBF82BF6S	1520
3715	VCVTBF82PS_XMMf32_MASKmskw_MEMbf8_AVX512	VCVTBF82PS	1521
3716	VCVTBF82PS_XMMf32_MASKmskw_XMMbf8_AVX512	VCVTBF82PS	1521
3717	VCVTBF82PS_YMMf32_MASKmskw_MEMbf8_AVX512	VCVTBF82PS	1521
3718	VCVTBF82PS_YMMf32_MASKmskw_XMMbf8_AVX512	VCVTBF82PS	1521
3719	VCVTBF82PS_ZMMf32_MASKmskw_MEMbf8_AVX512	VCVTBF82PS	1521
3720	VCVTBF82PS_ZMMf32_MASKmskw_XMMbf8_AVX512	VCVTBF82PS	1521
3721	VCVTBIASPH2BF8S_XMMbf8_MASKmskw_XMM2i8_MEMf16_AVX512_VL128	VCVTBIASPH2BF8S	1523
3722	VCVTBIASPH2BF8S_XMMbf8_MASKmskw_XMM2i8_XMMf16_AVX512	VCVTBIASPH2BF8S	1523
3723	VCVTBIASPH2BF8S_XMMbf8_MASKmskw_YMM2i8_MEMf16_AVX512_VL256	VCVTBIASPH2BF8S	1523
3724	VCVTBIASPH2BF8S_XMMbf8_MASKmskw_YMM2i8_YMMf16_AVX512	VCVTBIASPH2BF8S	1523
3725	VCVTBIASPH2BF8S_YMMbf8_MASKmskw_ZMM2i8_MEMf16_AVX512_VL512	VCVTBIASPH2BF8S	1523
3726	VCVTBIASPH2BF8S_YMMbf8_MASKmskw_ZMM2i8_ZMMf16_AVX512	VCVTBIASPH2BF8S	1523
3727	VCVTBIASPH2BF8_XMMbf8_MASKmskw_XMM2i8_MEMf16_AVX512_VL128	VCVTBIASPH2BF8	1522
3728	VCVTBIASPH2BF8_XMMbf8_MASKmskw_XMM2i8_XMMf16_AVX512	VCVTBIASPH2BF8	1522
3729	VCVTBIASPH2BF8_XMMbf8_MASKmskw_YMM2i8_MEMf16_AVX512_VL256	VCVTBIASPH2BF8	1522
3730	VCVTBIASPH2BF8_XMMbf8_MASKmskw_YMM2i8_YMMf16_AVX512	VCVTBIASPH2BF8	1522
3731	VCVTBIASPH2BF8_YMMbf8_MASKmskw_ZMM2i8_MEMf16_AVX512_VL512	VCVTBIASPH2BF8	1522
3732	VCVTBIASPH2BF8_YMMbf8_MASKmskw_ZMM2i8_ZMMf16_AVX512	VCVTBIASPH2BF8	1522
3733	VCVTBIASPH2HF8S_XMMhf8_MASKmskw_XMM2i8_MEMf16_AVX512_VL128	VCVTBIASPH2HF8S	1525
3734	VCVTBIASPH2HF8S_XMMhf8_MASKmskw_XMM2i8_XMMf16_AVX512	VCVTBIASPH2HF8S	1525
3735	VCVTBIASPH2HF8S_XMMhf8_MASKmskw_YMM2i8_MEMf16_AVX512_VL256	VCVTBIASPH2HF8S	1525
3736	VCVTBIASPH2HF8S_XMMhf8_MASKmskw_YMM2i8_YMMf16_AVX512	VCVTBIASPH2HF8S	1525
3737	VCVTBIASPH2HF8S_YMMhf8_MASKmskw_ZMM2i8_MEMf16_AVX512_VL512	VCVTBIASPH2HF8S	1525
3738	VCVTBIASPH2HF8S_YMMhf8_MASKmskw_ZMM2i8_ZMMf16_AVX512	VCVTBIASPH2HF8S	1525
3739	VCVTBIASPH2HF8_XMMhf8_MASKmskw_XMM2i8_MEMf16_AVX512_VL128	VCVTBIASPH2HF8	1524
3740	VCVTBIASPH2HF8_XMMhf8_MASKmskw_XMM2i8_XMMf16_AVX512	VCVTBIASPH2HF8	1524
3741	VCVTBIASPH2HF8_XMMhf8_MASKmskw_YMM2i8_MEMf16_AVX512_VL256	VCVTBIASPH2HF8	1524
3742	VCVTBIASPH2HF8_XMMhf8_MASKmskw_YMM2i8_YMMf16_AVX512	VCVTBIASPH2HF8	1524
3743	VCVTBIASPH2HF8_YMMhf8_MASKmskw_ZMM2i8_MEMf16_AVX512_VL512	VCVTBIASPH2HF8	1524
3744	VCVTBIASPH2HF8_YMMhf8_MASKmskw_ZMM2i8_ZMMf16_AVX512	VCVTBIASPH2HF8	1524
3745	VCVTBIASPS2BF8S_XMMbf8_MASKmskw_XMMf32_MEMf32_AVX512	VCVTBIASPS2BF8S	1527
3746	VCVTBIASPS2BF8S_XMMbf8_MASKmskw_XMMf32_XMMf32_AVX512	VCVTBIASPS2BF8S	1527
3747	VCVTBIASPS2BF8S_XMMbf8_MASKmskw_YMMf32_MEMf32_AVX512	VCVTBIASPS2BF8S	1527
3748	VCVTBIASPS2BF8S_XMMbf8_MASKmskw_YMMf32_YMMf32_AVX512	VCVTBIASPS2BF8S	1527
3749	VCVTBIASPS2BF8S_XMMbf8_MASKmskw_ZMMf32_MEMf32_AVX512	VCVTBIASPS2BF8S	1527
3750	VCVTBIASPS2BF8S_XMMbf8_MASKmskw_ZMMf32_ZMMf32_AVX512	VCVTBIASPS2BF8S	1527
3751	VCVTBIASPS2BF8_XMMbf8_MASKmskw_XMMf32_MEMf32_AVX512	VCVTBIASPS2BF8	1526
3752	VCVTBIASPS2BF8_XMMbf8_MASKmskw_XMMf32_XMMf32_AVX512	VCVTBIASPS2BF8	1526
3753	VCVTBIASPS2BF8_XMMbf8_MASKmskw_YMMf32_MEMf32_AVX512	VCVTBIASPS2BF8	1526
3754	VCVTBIASPS2BF8_XMMbf8_MASKmskw_YMMf32_YMMf32_AVX512	VCVTBIASPS2BF8	1526
3755	VCVTBIASPS2BF8_XMMbf8_MASKmskw_ZMMf32_MEMf32_AVX512	VCVTBIASPS2BF8	1526
3756	VCVTBIASPS2BF8_XMMbf8_MASKmskw_ZMMf32_ZMMf32_AVX512	VCVTBIASPS2BF8	1526
3757	VCVTBIASPS2HF8S_XMMhf8_MASKmskw_XMMf32_MEMf32_AVX512	VCVTBIASPS2HF8S	1529
3758	VCVTBIASPS2HF8S_XMMhf8_MASKmskw_XMMf32_XMMf32_AVX512	VCVTBIASPS2HF8S	1529
3759	VCVTBIASPS2HF8S_XMMhf8_MASKmskw_YMMf32_MEMf32_AVX512	VCVTBIASPS2HF8S	1529
3760	VCVTBIASPS2HF8S_XMMhf8_MASKmskw_YMMf32_YMMf32_AVX512	VCVTBIASPS2HF8S	1529
3761	VCVTBIASPS2HF8S_XMMhf8_MASKmskw_ZMMf32_MEMf32_AVX512	VCVTBIASPS2HF8S	1529
3762	VCVTBIASPS2HF8S_XMMhf8_MASKmskw_ZMMf32_ZMMf32_AVX512	VCVTBIASPS2HF8S	1529
3763	VCVTBIASPS2HF8_XMMhf8_MASKmskw_XMMf32_MEMf32_AVX512	VCVTBIASPS2HF8	1528
3764	VCVTBIASPS2HF8_XMMhf8_MASKmskw_XMMf32_XMMf32_AVX512	VCVTBIASPS2HF8	1528
3765	VCVTBIASPS2HF8_XMMhf8_MASKmskw_YMMf32_MEMf32_AVX512	VCVTBIASPS2HF8	1528
3766	VCVTBIASPS2HF8_XMMhf8_MASKmskw_YMMf32_YMMf32_AVX512	VCVTBIASPS2HF8	1528
3767	VCVTBIASPS2HF8_XMMhf8_MASKmskw_ZMMf32_MEMf32_AVX512	VCVTBIASPS2HF8	1528
3768	VCVTBIASPS2HF8_XMMhf8_MASKmskw_ZMMf32_ZMMf32_AVX512	VCVTBIASPS2HF8	1528
3769	VCVTDQ2PD_XMMdq_MEMq	VCVTDQ2PD	907
3770	VCVTDQ2PD_XMMdq_XMMq	VCVTDQ2PD	907
3771	VCVTDQ2PD_XMMf64_MASKmskw_MEMi32_AVX512	VCVTDQ2PD	907
3772	VCVTDQ2PD_XMMf64_MASKmskw_XMMi32_AVX512	VCVTDQ2PD	907
3773	VCVTDQ2PD_YMMf64_MASKmskw_MEMi32_AVX512	VCVTDQ2PD	907
3774	VCVTDQ2PD_YMMf64_MASKmskw_XMMi32_AVX512	VCVTDQ2PD	907
3775	VCVTDQ2PD_YMMqq_MEMdq	VCVTDQ2PD	907
3776	VCVTDQ2PD_YMMqq_XMMdq	VCVTDQ2PD	907
3777	VCVTDQ2PD_ZMMf64_MASKmskw_MEMi32_AVX512	VCVTDQ2PD	907
3778	VCVTDQ2PD_ZMMf64_MASKmskw_YMMi32_AVX512	VCVTDQ2PD	907
3779	VCVTDQ2PH_XMMf16_MASKmskw_MEMi32_AVX512_VL128	VCVTDQ2PH	1530
3780	VCVTDQ2PH_XMMf16_MASKmskw_MEMi32_AVX512_VL256	VCVTDQ2PH	1530
3781	VCVTDQ2PH_XMMf16_MASKmskw_XMMi32_AVX512	VCVTDQ2PH	1530
3782	VCVTDQ2PH_XMMf16_MASKmskw_YMMi32_AVX512	VCVTDQ2PH	1530
3783	VCVTDQ2PH_YMMf16_MASKmskw_MEMi32_AVX512	VCVTDQ2PH	1530
3784	VCVTDQ2PH_YMMf16_MASKmskw_ZMMi32_AVX512	VCVTDQ2PH	1530
3785	VCVTDQ2PS_XMMdq_MEMdq	VCVTDQ2PS	908
3786	VCVTDQ2PS_XMMdq_XMMdq	VCVTDQ2PS	908
3787	VCVTDQ2PS_XMMf32_MASKmskw_MEMi32_AVX512	VCVTDQ2PS	908
3788	VCVTDQ2PS_XMMf32_MASKmskw_XMMi32_AVX512	VCVTDQ2PS	908
3789	VCVTDQ2PS_YMMf32_MASKmskw_MEMi32_AVX512	VCVTDQ2PS	908
3790	VCVTDQ2PS_YMMf32_MASKmskw_YMMi32_AVX512	VCVTDQ2PS	908
3791	VCVTDQ2PS_YMMqq_MEMqq	VCVTDQ2PS	908
3792	VCVTDQ2PS_YMMqq_YMMqq	VCVTDQ2PS	908
3793	VCVTDQ2PS_ZMMf32_MASKmskw_MEMi32_AVX512	VCVTDQ2PS	908
3794	VCVTDQ2PS_ZMMf32_MASKmskw_ZMMi32_AVX512	VCVTDQ2PS	908
3795	VCVTHF62HF8_XMMhf8_MASKmskw_XMMhf6_AVX512	VCVTHF62HF8	1531
3796	VCVTHF62HF8_YMMhf8_MASKmskw_YMMhf6_AVX512	VCVTHF62HF8	1531
3797	VCVTHF62HF8_ZMMhf8_MASKmskw_ZMMhf6_AVX512	VCVTHF62HF8	1531
3798	VCVTHF82BF4S_MEMbf4_XMMhf8_AVX512	VCVTHF82BF4S	1532
3799	VCVTHF82BF4S_MEMbf4_YMMhf8_AVX512	VCVTHF82BF4S	1532
3800	VCVTHF82BF4S_MEMbf4_ZMMhf8_AVX512	VCVTHF82BF4S	1532
3801	VCVTHF82BF4S_XMMbf4_XMMhf8_AVX512	VCVTHF82BF4S	1532
3802	VCVTHF82BF4S_XMMbf4_YMMhf8_AVX512	VCVTHF82BF4S	1532
3803	VCVTHF82BF4S_YMMbf4_ZMMhf8_AVX512	VCVTHF82BF4S	1532
3804	VCVTHF82HF6S_XMMhf6_XMMhf8_AVX512	VCVTHF82HF6S	1533
3805	VCVTHF82HF6S_YMMhf6_YMMhf8_AVX512	VCVTHF82HF6S	1533
3806	VCVTHF82HF6S_ZMMhf6_ZMMhf8_AVX512	VCVTHF82HF6S	1533
3807	VCVTHF82PH_XMMf16_MASKmskw_MEMhf8_AVX512	VCVTHF82PH	1534
3808	VCVTHF82PH_XMMf16_MASKmskw_XMMhf8_AVX512	VCVTHF82PH	1534
3809	VCVTHF82PH_YMMf16_MASKmskw_MEMhf8_AVX512	VCVTHF82PH	1534
3810	VCVTHF82PH_YMMf16_MASKmskw_XMMhf8_AVX512	VCVTHF82PH	1534
3811	VCVTHF82PH_ZMMf16_MASKmskw_MEMhf8_AVX512	VCVTHF82PH	1534
3812	VCVTHF82PH_ZMMf16_MASKmskw_YMMhf8_AVX512	VCVTHF82PH	1534
3813	VCVTHF82PS_XMMf32_MASKmskw_MEMhf8_AVX512	VCVTHF82PS	1535
3814	VCVTHF82PS_XMMf32_MASKmskw_XMMhf8_AVX512	VCVTHF82PS	1535
3815	VCVTHF82PS_YMMf32_MASKmskw_MEMhf8_AVX512	VCVTHF82PS	1535
3816	VCVTHF82PS_YMMf32_MASKmskw_XMMhf8_AVX512	VCVTHF82PS	1535
3817	VCVTHF82PS_ZMMf32_MASKmskw_MEMhf8_AVX512	VCVTHF82PS	1535
3818	VCVTHF82PS_ZMMf32_MASKmskw_XMMhf8_AVX512	VCVTHF82PS	1535
3819	VCVTNE2PS2BF16_XMMbf16_MASKmskw_XMMf32_MEMf32_AVX512_VL128	VCVTNE2PS2BF16	1536
3820	VCVTNE2PS2BF16_XMMbf16_MASKmskw_XMMf32_XMMf32_AVX512	VCVTNE2PS2BF16	1536
3821	VCVTNE2PS2BF16_YMMbf16_MASKmskw_YMMf32_MEMf32_AVX512_VL256	VCVTNE2PS2BF16	1536
3822	VCVTNE2PS2BF16_YMMbf16_MASKmskw_YMMf32_YMMf32_AVX512	VCVTNE2PS2BF16	1536
3823	VCVTNE2PS2BF16_ZMMbf16_MASKmskw_ZMMf32_MEMf32_AVX512_VL512	VCVTNE2PS2BF16	1536
3824	VCVTNE2PS2BF16_ZMMbf16_MASKmskw_ZMMf32_ZMMf32_AVX512	VCVTNE2PS2BF16	1536
3825	VCVTNEEBF162PS_XMMf32_MEM2bf16	VCVTNEEBF162PS	1537
3826	VCVTNEEBF162PS_YMMf32_MEM2bf16	VCVTNEEBF162PS	1537
3827	VCVTNEEPH2PS_XMMf32_MEM2f16	VCVTNEEPH2PS	1538
3828	VCVTNEEPH2PS_YMMf32_MEM2f16	VCVTNEEPH2PS	1538
3829	VCVTNEOBF162PS_XMMf32_MEM2bf16	VCVTNEOBF162PS	1539
3830	VCVTNEOBF162PS_YMMf32_MEM2bf16	VCVTNEOBF162PS	1539
3831	VCVTNEOPH2PS_XMMf32_MEM2f16	VCVTNEOPH2PS	1540
3832	VCVTNEOPH2PS_YMMf32_MEM2f16	VCVTNEOPH2PS	1540
3833	VCVTNEPS2BF16_XMMbf16_MASKmskw_MEMf32_AVX512_VL128	VCVTNEPS2BF16	1541
3834	VCVTNEPS2BF16_XMMbf16_MASKmskw_MEMf32_AVX512_VL256	VCVTNEPS2BF16	1541
3835	VCVTNEPS2BF16_XMMbf16_MASKmskw_XMMf32_AVX512	VCVTNEPS2BF16	1541
3836	VCVTNEPS2BF16_XMMbf16_MASKmskw_YMMf32_AVX512	VCVTNEPS2BF16	1541
3837	VCVTNEPS2BF16_XMMbf16_MEMf32_VL128	VCVTNEPS2BF16	1541
3838	VCVTNEPS2BF16_XMMbf16_MEMf32_VL256	VCVTNEPS2BF16	1541
3839	VCVTNEPS2BF16_XMMbf16_XMMf32	VCVTNEPS2BF16	1541
3840	VCVTNEPS2BF16_XMMbf16_YMMf32	VCVTNEPS2BF16	1541
3841	VCVTNEPS2BF16_YMMbf16_MASKmskw_MEMf32_AVX512_VL512	VCVTNEPS2BF16	1541
3842	VCVTNEPS2BF16_YMMbf16_MASKmskw_ZMMf32_AVX512	VCVTNEPS2BF16	1541
3843	VCVTPD2DQ_XMMdq_MEMdq	VCVTPD2DQ	909
3844	VCVTPD2DQ_XMMdq_MEMqq	VCVTPD2DQ	909
3845	VCVTPD2DQ_XMMdq_XMMdq	VCVTPD2DQ	909
3846	VCVTPD2DQ_XMMdq_YMMqq	VCVTPD2DQ	909
3847	VCVTPD2DQ_XMMi32_MASKmskw_MEMf64_AVX512_VL128	VCVTPD2DQ	909
3848	VCVTPD2DQ_XMMi32_MASKmskw_MEMf64_AVX512_VL256	VCVTPD2DQ	909
3849	VCVTPD2DQ_XMMi32_MASKmskw_XMMf64_AVX512_VL128	VCVTPD2DQ	909
3850	VCVTPD2DQ_XMMi32_MASKmskw_YMMf64_AVX512_VL256	VCVTPD2DQ	909
3851	VCVTPD2DQ_YMMi32_MASKmskw_MEMf64_AVX512_VL512	VCVTPD2DQ	909
3852	VCVTPD2DQ_YMMi32_MASKmskw_ZMMf64_AVX512_VL512	VCVTPD2DQ	909
3853	VCVTPD2PH_XMMf16_MASKmskw_MEMf64_AVX512_VL128	VCVTPD2PH	1542
3854	VCVTPD2PH_XMMf16_MASKmskw_MEMf64_AVX512_VL256	VCVTPD2PH	1542
3855	VCVTPD2PH_XMMf16_MASKmskw_MEMf64_AVX512_VL512	VCVTPD2PH	1542
3856	VCVTPD2PH_XMMf16_MASKmskw_XMMf64_AVX512	VCVTPD2PH	1542
3857	VCVTPD2PH_XMMf16_MASKmskw_YMMf64_AVX512	VCVTPD2PH	1542
3858	VCVTPD2PH_XMMf16_MASKmskw_ZMMf64_AVX512	VCVTPD2PH	1542
3859	VCVTPD2PS_XMMdq_MEMdq	VCVTPD2PS	911
3860	VCVTPD2PS_XMMdq_MEMqq	VCVTPD2PS	911
3861	VCVTPD2PS_XMMdq_XMMdq	VCVTPD2PS	911
3862	VCVTPD2PS_XMMdq_YMMqq	VCVTPD2PS	911
3863	VCVTPD2PS_XMMf32_MASKmskw_MEMf64_AVX512_VL128	VCVTPD2PS	911
3864	VCVTPD2PS_XMMf32_MASKmskw_MEMf64_AVX512_VL256	VCVTPD2PS	911
3865	VCVTPD2PS_XMMf32_MASKmskw_XMMf64_AVX512_VL128	VCVTPD2PS	911
3866	VCVTPD2PS_XMMf32_MASKmskw_YMMf64_AVX512_VL256	VCVTPD2PS	911
3867	VCVTPD2PS_YMMf32_MASKmskw_MEMf64_AVX512_VL512	VCVTPD2PS	911
3868	VCVTPD2PS_YMMf32_MASKmskw_ZMMf64_AVX512_VL512	VCVTPD2PS	911
3869	VCVTPD2QQ_XMMi64_MASKmskw_MEMf64_AVX512	VCVTPD2QQ	1543
3870	VCVTPD2QQ_XMMi64_MASKmskw_XMMf64_AVX512	VCVTPD2QQ	1543
3871	VCVTPD2QQ_YMMi64_MASKmskw_MEMf64_AVX512	VCVTPD2QQ	1543
3872	VCVTPD2QQ_YMMi64_MASKmskw_YMMf64_AVX512	VCVTPD2QQ	1543
3873	VCVTPD2QQ_ZMMi64_MASKmskw_MEMf64_AVX512	VCVTPD2QQ	1543
3874	VCVTPD2QQ_ZMMi64_MASKmskw_ZMMf64_AVX512	VCVTPD2QQ	1543
3875	VCVTPD2UDQ_XMMu32_MASKmskw_MEMf64_AVX512_VL128	VCVTPD2UDQ	1544
3876	VCVTPD2UDQ_XMMu32_MASKmskw_MEMf64_AVX512_VL256	VCVTPD2UDQ	1544
3877	VCVTPD2UDQ_XMMu32_MASKmskw_XMMf64_AVX512_VL128	VCVTPD2UDQ	1544
3878	VCVTPD2UDQ_XMMu32_MASKmskw_YMMf64_AVX512_VL256	VCVTPD2UDQ	1544
3879	VCVTPD2UDQ_YMMu32_MASKmskw_MEMf64_AVX512_VL512	VCVTPD2UDQ	1544
3880	VCVTPD2UDQ_YMMu32_MASKmskw_ZMMf64_AVX512_VL512	VCVTPD2UDQ	1544
3881	VCVTPD2UQQ_XMMu64_MASKmskw_MEMf64_AVX512	VCVTPD2UQQ	1545
3882	VCVTPD2UQQ_XMMu64_MASKmskw_XMMf64_AVX512	VCVTPD2UQQ	1545
3883	VCVTPD2UQQ_YMMu64_MASKmskw_MEMf64_AVX512	VCVTPD2UQQ	1545
3884	VCVTPD2UQQ_YMMu64_MASKmskw_YMMf64_AVX512	VCVTPD2UQQ	1545
3885	VCVTPD2UQQ_ZMMu64_MASKmskw_MEMf64_AVX512	VCVTPD2UQQ	1545
3886	VCVTPD2UQQ_ZMMu64_MASKmskw_ZMMf64_AVX512	VCVTPD2UQQ	1545
3887	VCVTPH2BF8S_XMMbf8_MASKmskw_MEMf16_AVX512_VL128	VCVTPH2BF8S	1547
3888	VCVTPH2BF8S_XMMbf8_MASKmskw_MEMf16_AVX512_VL256	VCVTPH2BF8S	1547
3889	VCVTPH2BF8S_XMMbf8_MASKmskw_XMMf16_AVX512	VCVTPH2BF8S	1547
3890	VCVTPH2BF8S_XMMbf8_MASKmskw_YMMf16_AVX512	VCVTPH2BF8S	1547
3891	VCVTPH2BF8S_YMMbf8_MASKmskw_MEMf16_AVX512_VL512	VCVTPH2BF8S	1547
3892	VCVTPH2BF8S_YMMbf8_MASKmskw_ZMMf16_AVX512	VCVTPH2BF8S	1547
3893	VCVTPH2BF8_XMMbf8_MASKmskw_MEMf16_AVX512_VL128	VCVTPH2BF8	1546
3894	VCVTPH2BF8_XMMbf8_MASKmskw_MEMf16_AVX512_VL256	VCVTPH2BF8	1546
3895	VCVTPH2BF8_XMMbf8_MASKmskw_XMMf16_AVX512	VCVTPH2BF8	1546
3896	VCVTPH2BF8_XMMbf8_MASKmskw_YMMf16_AVX512	VCVTPH2BF8	1546
3897	VCVTPH2BF8_YMMbf8_MASKmskw_MEMf16_AVX512_VL512	VCVTPH2BF8	1546
3898	VCVTPH2BF8_YMMbf8_MASKmskw_ZMMf16_AVX512	VCVTPH2BF8	1546
3899	VCVTPH2DQ_XMMi32_MASKmskw_MEMf16_AVX512	VCVTPH2DQ	1548
3900	VCVTPH2DQ_XMMi32_MASKmskw_XMMf16_AVX512	VCVTPH2DQ	1548
3901	VCVTPH2DQ_YMMi32_MASKmskw_MEMf16_AVX512	VCVTPH2DQ	1548
3902	VCVTPH2DQ_YMMi32_MASKmskw_XMMf16_AVX512	VCVTPH2DQ	1548
3903	VCVTPH2DQ_ZMMi32_MASKmskw_MEMf16_AVX512	VCVTPH2DQ	1548
3904	VCVTPH2DQ_ZMMi32_MASKmskw_YMMf16_AVX512	VCVTPH2DQ	1548
3905	VCVTPH2HF8S_XMMhf8_MASKmskw_MEMf16_AVX512_VL128	VCVTPH2HF8S	1550
3906	VCVTPH2HF8S_XMMhf8_MASKmskw_MEMf16_AVX512_VL256	VCVTPH2HF8S	1550
3907	VCVTPH2HF8S_XMMhf8_MASKmskw_XMMf16_AVX512	VCVTPH2HF8S	1550
3908	VCVTPH2HF8S_XMMhf8_MASKmskw_YMMf16_AVX512	VCVTPH2HF8S	1550
3909	VCVTPH2HF8S_YMMhf8_MASKmskw_MEMf16_AVX512_VL512	VCVTPH2HF8S	1550
3910	VCVTPH2HF8S_YMMhf8_MASKmskw_ZMMf16_AVX512	VCVTPH2HF8S	1550
3911	VCVTPH2HF8_XMMhf8_MASKmskw_MEMf16_AVX512_VL128	VCVTPH2HF8	1549
3912	VCVTPH2HF8_XMMhf8_MASKmskw_MEMf16_AVX512_VL256	VCVTPH2HF8	1549
3913	VCVTPH2HF8_XMMhf8_MASKmskw_XMMf16_AVX512	VCVTPH2HF8	1549
3914	VCVTPH2HF8_XMMhf8_MASKmskw_YMMf16_AVX512	VCVTPH2HF8	1549
3915	VCVTPH2HF8_YMMhf8_MASKmskw_MEMf16_AVX512_VL512	VCVTPH2HF8	1549
3916	VCVTPH2HF8_YMMhf8_MASKmskw_ZMMf16_AVX512	VCVTPH2HF8	1549
3917	VCVTPH2IBS_XMMi8_MASKmskw_MEMf16_AVX512	VCVTPH2IBS	1551
3918	VCVTPH2IBS_XMMi8_MASKmskw_XMMf16_AVX512	VCVTPH2IBS	1551
3919	VCVTPH2IBS_YMMi8_MASKmskw_MEMf16_AVX512	VCVTPH2IBS	1551
3920	VCVTPH2IBS_YMMi8_MASKmskw_YMMf16_AVX512	VCVTPH2IBS	1551
3921	VCVTPH2IBS_ZMMi8_MASKmskw_MEMf16_AVX512	VCVTPH2IBS	1551
3922	VCVTPH2IBS_ZMMi8_MASKmskw_ZMMf16_AVX512	VCVTPH2IBS	1551
3923	VCVTPH2IUBS_XMMu8_MASKmskw_MEMf16_AVX512	VCVTPH2IUBS	1552
3924	VCVTPH2IUBS_XMMu8_MASKmskw_XMMf16_AVX512	VCVTPH2IUBS	1552
3925	VCVTPH2IUBS_YMMu8_MASKmskw_MEMf16_AVX512	VCVTPH2IUBS	1552
3926	VCVTPH2IUBS_YMMu8_MASKmskw_YMMf16_AVX512	VCVTPH2IUBS	1552
3927	VCVTPH2IUBS_ZMMu8_MASKmskw_MEMf16_AVX512	VCVTPH2IUBS	1552
3928	VCVTPH2IUBS_ZMMu8_MASKmskw_ZMMf16_AVX512	VCVTPH2IUBS	1552
3929	VCVTPH2PD_XMMf64_MASKmskw_MEMf16_AVX512	VCVTPH2PD	1553
3930	VCVTPH2PD_XMMf64_MASKmskw_XMMf16_AVX512	VCVTPH2PD	1553
3931	VCVTPH2PD_YMMf64_MASKmskw_MEMf16_AVX512	VCVTPH2PD	1553
3932	VCVTPH2PD_YMMf64_MASKmskw_XMMf16_AVX512	VCVTPH2PD	1553
3933	VCVTPH2PD_ZMMf64_MASKmskw_MEMf16_AVX512	VCVTPH2PD	1553
3934	VCVTPH2PD_ZMMf64_MASKmskw_XMMf16_AVX512	VCVTPH2PD	1553
3935	VCVTPH2PSX_XMMf32_MASKmskw_MEMf16_AVX512	VCVTPH2PSX	1554
3936	VCVTPH2PSX_XMMf32_MASKmskw_XMMf16_AVX512	VCVTPH2PSX	1554
3937	VCVTPH2PSX_YMMf32_MASKmskw_MEMf16_AVX512	VCVTPH2PSX	1554
3938	VCVTPH2PSX_YMMf32_MASKmskw_XMMf16_AVX512	VCVTPH2PSX	1554
3939	VCVTPH2PSX_ZMMf32_MASKmskw_MEMf16_AVX512	VCVTPH2PSX	1554
3940	VCVTPH2PSX_ZMMf32_MASKmskw_YMMf16_AVX512	VCVTPH2PSX	1554
3941	VCVTPH2PS_XMMdq_MEMq	VCVTPH2PS	697
3942	VCVTPH2PS_XMMdq_XMMq	VCVTPH2PS	697
3943	VCVTPH2PS_XMMf32_MASKmskw_MEMf16_AVX512	VCVTPH2PS	697
3944	VCVTPH2PS_XMMf32_MASKmskw_XMMf16_AVX512	VCVTPH2PS	697
3945	VCVTPH2PS_YMMf32_MASKmskw_MEMf16_AVX512	VCVTPH2PS	697
3946	VCVTPH2PS_YMMf32_MASKmskw_XMMf16_AVX512	VCVTPH2PS	697
3947	VCVTPH2PS_YMMqq_MEMdq	VCVTPH2PS	697
3948	VCVTPH2PS_YMMqq_XMMdq	VCVTPH2PS	697
3949	VCVTPH2PS_ZMMf32_MASKmskw_MEMf16_AVX512	VCVTPH2PS	697
3950	VCVTPH2PS_ZMMf32_MASKmskw_YMMf16_AVX512	VCVTPH2PS	697
3951	VCVTPH2QQ_XMMi64_MASKmskw_MEMf16_AVX512	VCVTPH2QQ	1555
3952	VCVTPH2QQ_XMMi64_MASKmskw_XMMf16_AVX512	VCVTPH2QQ	1555
3953	VCVTPH2QQ_YMMi64_MASKmskw_MEMf16_AVX512	VCVTPH2QQ	1555
3954	VCVTPH2QQ_YMMi64_MASKmskw_XMMf16_AVX512	VCVTPH2QQ	1555
3955	VCVTPH2QQ_ZMMi64_MASKmskw_MEMf16_AVX512	VCVTPH2QQ	1555
3956	VCVTPH2QQ_ZMMi64_MASKmskw_XMMf16_AVX512	VCVTPH2QQ	1555
3957	VCVTPH2UDQ_XMMu32_MASKmskw_MEMf16_AVX512	VCVTPH2UDQ	1556
3958	VCVTPH2UDQ_XMMu32_MASKmskw_XMMf16_AVX512	VCVTPH2UDQ	1556
3959	VCVTPH2UDQ_YMMu32_MASKmskw_MEMf16_AVX512	VCVTPH2UDQ	1556
3960	VCVTPH2UDQ_YMMu32_MASKmskw_XMMf16_AVX512	VCVTPH2UDQ	1556
3961	VCVTPH2UDQ_ZMMu32_MASKmskw_MEMf16_AVX512	VCVTPH2UDQ	1556
3962	VCVTPH2UDQ_ZMMu32_MASKmskw_YMMf16_AVX512	VCVTPH2UDQ	1556
3963	VCVTPH2UQQ_XMMu64_MASKmskw_MEMf16_AVX512	VCVTPH2UQQ	1557
3964	VCVTPH2UQQ_XMMu64_MASKmskw_XMMf16_AVX512	VCVTPH2UQQ	1557
3965	VCVTPH2UQQ_YMMu64_MASKmskw_MEMf16_AVX512	VCVTPH2UQQ	1557
3966	VCVTPH2UQQ_YMMu64_MASKmskw_XMMf16_AVX512	VCVTPH2UQQ	1557
3967	VCVTPH2UQQ_ZMMu64_MASKmskw_MEMf16_AVX512	VCVTPH2UQQ	1557
3968	VCVTPH2UQQ_ZMMu64_MASKmskw_XMMf16_AVX512	VCVTPH2UQQ	1557
3969	VCVTPH2UW_XMMu16_MASKmskw_MEMf16_AVX512	VCVTPH2UW	1558
3970	VCVTPH2UW_XMMu16_MASKmskw_XMMf16_AVX512	VCVTPH2UW	1558
3971	VCVTPH2UW_YMMu16_MASKmskw_MEMf16_AVX512	VCVTPH2UW	1558
3972	VCVTPH2UW_YMMu16_MASKmskw_YMMf16_AVX512	VCVTPH2UW	1558
3973	VCVTPH2UW_ZMMu16_MASKmskw_MEMf16_AVX512	VCVTPH2UW	1558
3974	VCVTPH2UW_ZMMu16_MASKmskw_ZMMf16_AVX512	VCVTPH2UW	1558
3975	VCVTPH2W_XMMi16_MASKmskw_MEMf16_AVX512	VCVTPH2W	1559
3976	VCVTPH2W_XMMi16_MASKmskw_XMMf16_AVX512	VCVTPH2W	1559
3977	VCVTPH2W_YMMi16_MASKmskw_MEMf16_AVX512	VCVTPH2W	1559
3978	VCVTPH2W_YMMi16_MASKmskw_YMMf16_AVX512	VCVTPH2W	1559
3979	VCVTPH2W_ZMMi16_MASKmskw_MEMf16_AVX512	VCVTPH2W	1559
3980	VCVTPH2W_ZMMi16_MASKmskw_ZMMf16_AVX512	VCVTPH2W	1559
3981	VCVTPS2BF8S_XMMbf8_MASKmskw_MEMf32_AVX512_VL128	VCVTPS2BF8S	1561
3982	VCVTPS2BF8S_XMMbf8_MASKmskw_MEMf32_AVX512_VL256	VCVTPS2BF8S	1561
3983	VCVTPS2BF8S_XMMbf8_MASKmskw_MEMf32_AVX512_VL512	VCVTPS2BF8S	1561
3984	VCVTPS2BF8S_XMMbf8_MASKmskw_XMMf32_AVX512	VCVTPS2BF8S	1561
3985	VCVTPS2BF8S_XMMbf8_MASKmskw_YMMf32_AVX512	VCVTPS2BF8S	1561
3986	VCVTPS2BF8S_XMMbf8_MASKmskw_ZMMf32_AVX512	VCVTPS2BF8S	1561
3987	VCVTPS2BF8_XMMbf8_MASKmskw_MEMf32_AVX512_VL128	VCVTPS2BF8	1560
3988	VCVTPS2BF8_XMMbf8_MASKmskw_MEMf32_AVX512_VL256	VCVTPS2BF8	1560
3989	VCVTPS2BF8_XMMbf8_MASKmskw_MEMf32_AVX512_VL512	VCVTPS2BF8	1560
3990	VCVTPS2BF8_XMMbf8_MASKmskw_XMMf32_AVX512	VCVTPS2BF8	1560
3991	VCVTPS2BF8_XMMbf8_MASKmskw_YMMf32_AVX512	VCVTPS2BF8	1560
3992	VCVTPS2BF8_XMMbf8_MASKmskw_ZMMf32_AVX512	VCVTPS2BF8	1560
3993	VCVTPS2DQ_XMMdq_MEMdq	VCVTPS2DQ	912
3994	VCVTPS2DQ_XMMdq_XMMdq	VCVTPS2DQ	912
3995	VCVTPS2DQ_XMMi32_MASKmskw_MEMf32_AVX512	VCVTPS2DQ	912
3996	VCVTPS2DQ_XMMi32_MASKmskw_XMMf32_AVX512	VCVTPS2DQ	912
3997	VCVTPS2DQ_YMMi32_MASKmskw_MEMf32_AVX512	VCVTPS2DQ	912
3998	VCVTPS2DQ_YMMi32_MASKmskw_YMMf32_AVX512	VCVTPS2DQ	912
3999	VCVTPS2DQ_YMMqq_MEMqq	VCVTPS2DQ	912
4000	VCVTPS2DQ_YMMqq_YMMqq	VCVTPS2DQ	912
4001	VCVTPS2DQ_ZMMi32_MASKmskw_MEMf32_AVX512	VCVTPS2DQ	912
4002	VCVTPS2DQ_ZMMi32_MASKmskw_ZMMf32_AVX512	VCVTPS2DQ	912
4003	VCVTPS2HF8S_XMMhf8_MASKmskw_MEMf32_AVX512_VL128	VCVTPS2HF8S	1563
4004	VCVTPS2HF8S_XMMhf8_MASKmskw_MEMf32_AVX512_VL256	VCVTPS2HF8S	1563
4005	VCVTPS2HF8S_XMMhf8_MASKmskw_MEMf32_AVX512_VL512	VCVTPS2HF8S	1563
4006	VCVTPS2HF8S_XMMhf8_MASKmskw_XMMf32_AVX512	VCVTPS2HF8S	1563
4007	VCVTPS2HF8S_XMMhf8_MASKmskw_YMMf32_AVX512	VCVTPS2HF8S	1563
4008	VCVTPS2HF8S_XMMhf8_MASKmskw_ZMMf32_AVX512	VCVTPS2HF8S	1563
4009	VCVTPS2HF8_XMMhf8_MASKmskw_MEMf32_AVX512_VL128	VCVTPS2HF8	1562
4010	VCVTPS2HF8_XMMhf8_MASKmskw_MEMf32_AVX512_VL256	VCVTPS2HF8	1562
4011	VCVTPS2HF8_XMMhf8_MASKmskw_MEMf32_AVX512_VL512	VCVTPS2HF8	1562
4012	VCVTPS2HF8_XMMhf8_MASKmskw_XMMf32_AVX512	VCVTPS2HF8	1562
4013	VCVTPS2HF8_XMMhf8_MASKmskw_YMMf32_AVX512	VCVTPS2HF8	1562
4014	VCVTPS2HF8_XMMhf8_MASKmskw_ZMMf32_AVX512	VCVTPS2HF8	1562
4015	VCVTPS2IBS_XMMi8_MASKmskw_MEMf32_AVX512	VCVTPS2IBS	1564
4016	VCVTPS2IBS_XMMi8_MASKmskw_XMMf32_AVX512	VCVTPS2IBS	1564
4017	VCVTPS2IBS_YMMi8_MASKmskw_MEMf32_AVX512	VCVTPS2IBS	1564
4018	VCVTPS2IBS_YMMi8_MASKmskw_YMMf32_AVX512	VCVTPS2IBS	1564
4019	VCVTPS2IBS_ZMMi8_MASKmskw_MEMf32_AVX512	VCVTPS2IBS	1564
4020	VCVTPS2IBS_ZMMi8_MASKmskw_ZMMf32_AVX512	VCVTPS2IBS	1564
4021	VCVTPS2IUBS_XMMu8_MASKmskw_MEMf32_AVX512	VCVTPS2IUBS	1565
4022	VCVTPS2IUBS_XMMu8_MASKmskw_XMMf32_AVX512	VCVTPS2IUBS	1565
4023	VCVTPS2IUBS_YMMu8_MASKmskw_MEMf32_AVX512	VCVTPS2IUBS	1565
4024	VCVTPS2IUBS_YMMu8_MASKmskw_YMMf32_AVX512	VCVTPS2IUBS	1565
4025	VCVTPS2IUBS_ZMMu8_MASKmskw_MEMf32_AVX512	VCVTPS2IUBS	1565
4026	VCVTPS2IUBS_ZMMu8_MASKmskw_ZMMf32_AVX512	VCVTPS2IUBS	1565
4027	VCVTPS2PD_XMMdq_MEMq	VCVTPS2PD	914
4028	VCVTPS2PD_XMMdq_XMMq	VCVTPS2PD	914
4029	VCVTPS2PD_XMMf64_MASKmskw_MEMf32_AVX512	VCVTPS2PD	914
4030	VCVTPS2PD_XMMf64_MASKmskw_XMMf32_AVX512	VCVTPS2PD	914
4031	VCVTPS2PD_YMMf64_MASKmskw_MEMf32_AVX512	VCVTPS2PD	914
4032	VCVTPS2PD_YMMf64_MASKmskw_XMMf32_AVX512	VCVTPS2PD	914
4033	VCVTPS2PD_YMMqq_MEMdq	VCVTPS2PD	914
4034	VCVTPS2PD_YMMqq_XMMdq	VCVTPS2PD	914
4035	VCVTPS2PD_ZMMf64_MASKmskw_MEMf32_AVX512	VCVTPS2PD	914
4036	VCVTPS2PD_ZMMf64_MASKmskw_YMMf32_AVX512	VCVTPS2PD	914
4037	VCVTPS2PHX_XMMf16_MASKmskw_MEMf32_AVX512_VL128	VCVTPS2PHX	1566
4038	VCVTPS2PHX_XMMf16_MASKmskw_MEMf32_AVX512_VL256	VCVTPS2PHX	1566
4039	VCVTPS2PHX_XMMf16_MASKmskw_XMMf32_AVX512	VCVTPS2PHX	1566
4040	VCVTPS2PHX_XMMf16_MASKmskw_YMMf32_AVX512	VCVTPS2PHX	1566
4041	VCVTPS2PHX_YMMf16_MASKmskw_MEMf32_AVX512_VL512	VCVTPS2PHX	1566
4042	VCVTPS2PHX_YMMf16_MASKmskw_ZMMf32_AVX512	VCVTPS2PHX	1566
4043	VCVTPS2PH_MEMdq_YMMqq_IMMb	VCVTPS2PH	698
4044	VCVTPS2PH_MEMf16_MASKmskw_XMMf32_IMM8_AVX512	VCVTPS2PH	698
4045	VCVTPS2PH_MEMf16_MASKmskw_YMMf32_IMM8_AVX512	VCVTPS2PH	698
4046	VCVTPS2PH_MEMf16_MASKmskw_ZMMf32_IMM8_AVX512	VCVTPS2PH	698
4047	VCVTPS2PH_MEMq_XMMdq_IMMb	VCVTPS2PH	698
4048	VCVTPS2PH_XMMdq_YMMqq_IMMb	VCVTPS2PH	698
4049	VCVTPS2PH_XMMf16_MASKmskw_XMMf32_IMM8_AVX512	VCVTPS2PH	698
4050	VCVTPS2PH_XMMf16_MASKmskw_YMMf32_IMM8_AVX512	VCVTPS2PH	698
4051	VCVTPS2PH_XMMq_XMMdq_IMMb	VCVTPS2PH	698
4052	VCVTPS2PH_YMMf16_MASKmskw_ZMMf32_IMM8_AVX512	VCVTPS2PH	698
4053	VCVTPS2QQ_XMMi64_MASKmskw_MEMf32_AVX512	VCVTPS2QQ	1567
4054	VCVTPS2QQ_XMMi64_MASKmskw_XMMf32_AVX512	VCVTPS2QQ	1567
4055	VCVTPS2QQ_YMMi64_MASKmskw_MEMf32_AVX512	VCVTPS2QQ	1567
4056	VCVTPS2QQ_YMMi64_MASKmskw_XMMf32_AVX512	VCVTPS2QQ	1567
4057	VCVTPS2QQ_ZMMi64_MASKmskw_MEMf32_AVX512	VCVTPS2QQ	1567
4058	VCVTPS2QQ_ZMMi64_MASKmskw_YMMf32_AVX512	VCVTPS2QQ	1567
4059	VCVTPS2UDQ_XMMu32_MASKmskw_MEMf32_AVX512	VCVTPS2UDQ	1568
4060	VCVTPS2UDQ_XMMu32_MASKmskw_XMMf32_AVX512	VCVTPS2UDQ	1568
4061	VCVTPS2UDQ_YMMu32_MASKmskw_MEMf32_AVX512	VCVTPS2UDQ	1568
4062	VCVTPS2UDQ_YMMu32_MASKmskw_YMMf32_AVX512	VCVTPS2UDQ	1568
4063	VCVTPS2UDQ_ZMMu32_MASKmskw_MEMf32_AVX512	VCVTPS2UDQ	1568
4064	VCVTPS2UDQ_ZMMu32_MASKmskw_ZMMf32_AVX512	VCVTPS2UDQ	1568
4065	VCVTPS2UQQ_XMMu64_MASKmskw_MEMf32_AVX512	VCVTPS2UQQ	1569
4066	VCVTPS2UQQ_XMMu64_MASKmskw_XMMf32_AVX512	VCVTPS2UQQ	1569
4067	VCVTPS2UQQ_YMMu64_MASKmskw_MEMf32_AVX512	VCVTPS2UQQ	1569
4068	VCVTPS2UQQ_YMMu64_MASKmskw_XMMf32_AVX512	VCVTPS2UQQ	1569
4069	VCVTPS2UQQ_ZMMu64_MASKmskw_MEMf32_AVX512	VCVTPS2UQQ	1569
4070	VCVTPS2UQQ_ZMMu64_MASKmskw_YMMf32_AVX512	VCVTPS2UQQ	1569
4071	VCVTQQ2PD_XMMf64_MASKmskw_MEMi64_AVX512	VCVTQQ2PD	1570
4072	VCVTQQ2PD_XMMf64_MASKmskw_XMMi64_AVX512	VCVTQQ2PD	1570
4073	VCVTQQ2PD_YMMf64_MASKmskw_MEMi64_AVX512	VCVTQQ2PD	1570
4074	VCVTQQ2PD_YMMf64_MASKmskw_YMMi64_AVX512	VCVTQQ2PD	1570
4075	VCVTQQ2PD_ZMMf64_MASKmskw_MEMi64_AVX512	VCVTQQ2PD	1570
4076	VCVTQQ2PD_ZMMf64_MASKmskw_ZMMi64_AVX512	VCVTQQ2PD	1570
4077	VCVTQQ2PH_XMMf16_MASKmskw_MEMu64_AVX512_VL128	VCVTQQ2PH	1571
4078	VCVTQQ2PH_XMMf16_MASKmskw_MEMu64_AVX512_VL256	VCVTQQ2PH	1571
4079	VCVTQQ2PH_XMMf16_MASKmskw_MEMu64_AVX512_VL512	VCVTQQ2PH	1571
4080	VCVTQQ2PH_XMMf16_MASKmskw_XMMu64_AVX512	VCVTQQ2PH	1571
4081	VCVTQQ2PH_XMMf16_MASKmskw_YMMu64_AVX512	VCVTQQ2PH	1571
4082	VCVTQQ2PH_XMMf16_MASKmskw_ZMMu64_AVX512	VCVTQQ2PH	1571
4083	VCVTQQ2PS_XMMf32_MASKmskw_MEMu64_AVX512_VL128	VCVTQQ2PS	1572
4084	VCVTQQ2PS_XMMf32_MASKmskw_MEMu64_AVX512_VL256	VCVTQQ2PS	1572
4085	VCVTQQ2PS_XMMf32_MASKmskw_XMMu64_AVX512_VL128	VCVTQQ2PS	1572
4086	VCVTQQ2PS_XMMf32_MASKmskw_YMMu64_AVX512_VL256	VCVTQQ2PS	1572
4087	VCVTQQ2PS_YMMf32_MASKmskw_MEMu64_AVX512_VL512	VCVTQQ2PS	1572
4088	VCVTQQ2PS_YMMf32_MASKmskw_ZMMu64_AVX512_VL512	VCVTQQ2PS	1572
4089	VCVTROPS2HF8S_XMMhf8_MASKmskw_MEMf32_AVX512_VL128	VCVTROPS2HF8S	1574
4090	VCVTROPS2HF8S_XMMhf8_MASKmskw_MEMf32_AVX512_VL256	VCVTROPS2HF8S	1574
4091	VCVTROPS2HF8S_XMMhf8_MASKmskw_MEMf32_AVX512_VL512	VCVTROPS2HF8S	1574
4092	VCVTROPS2HF8S_XMMhf8_MASKmskw_XMMf32_AVX512	VCVTROPS2HF8S	1574
4093	VCVTROPS2HF8S_XMMhf8_MASKmskw_YMMf32_AVX512	VCVTROPS2HF8S	1574
4094	VCVTROPS2HF8S_XMMhf8_MASKmskw_ZMMf32_AVX512	VCVTROPS2HF8S	1574
4095	VCVTROPS2HF8_XMMhf8_MASKmskw_MEMf32_AVX512_VL128	VCVTROPS2HF8	1573
4096	VCVTROPS2HF8_XMMhf8_MASKmskw_MEMf32_AVX512_VL256	VCVTROPS2HF8	1573
4097	VCVTROPS2HF8_XMMhf8_MASKmskw_MEMf32_AVX512_VL512	VCVTROPS2HF8	1573
4098	VCVTROPS2HF8_XMMhf8_MASKmskw_XMMf32_AVX512	VCVTROPS2HF8	1573
4099	VCVTROPS2HF8_XMMhf8_MASKmskw_YMMf32_AVX512	VCVTROPS2HF8	1573
4100	VCVTROPS2HF8_XMMhf8_MASKmskw_ZMMf32_AVX512	VCVTROPS2HF8	1573
4101	VCVTSD2SH_XMMf16_MASKmskw_XMMf64_MEMf64_AVX512	VCVTSD2SH	1575
4102	VCVTSD2SH_XMMf16_MASKmskw_XMMf64_XMMf64_AVX512	VCVTSD2SH	1575
4103	VCVTSD2SI_GPR32d_MEMq	VCVTSD2SI	1576
4104	VCVTSD2SI_GPR32d_XMMq	VCVTSD2SI	1576
4105	VCVTSD2SI_GPR32i32_MEMf64_AVX512	VCVTSD2SI	1576
4106	VCVTSD2SI_GPR32i32_XMMf64_AVX512	VCVTSD2SI	1576
4107	VCVTSD2SI_GPR64i64_MEMf64_AVX512	VCVTSD2SI	1576
4108	VCVTSD2SI_GPR64i64_XMMf64_AVX512	VCVTSD2SI	1576
4109	VCVTSD2SI_GPR64q_MEMq	VCVTSD2SI	1576
4110	VCVTSD2SI_GPR64q_XMMq	VCVTSD2SI	1576
4111	VCVTSD2SS_XMMdq_XMMdq_MEMq	VCVTSD2SS	915
4112	VCVTSD2SS_XMMdq_XMMdq_XMMq	VCVTSD2SS	915
4113	VCVTSD2SS_XMMf32_MASKmskw_XMMf64_MEMf64_AVX512	VCVTSD2SS	915
4114	VCVTSD2SS_XMMf32_MASKmskw_XMMf64_XMMf64_AVX512	VCVTSD2SS	915
4115	VCVTSD2USI_GPR32u32_MEMf64_AVX512	VCVTSD2USI	1577
4116	VCVTSD2USI_GPR32u32_XMMf64_AVX512	VCVTSD2USI	1577
4117	VCVTSD2USI_GPR64u64_MEMf64_AVX512	VCVTSD2USI	1577
4118	VCVTSD2USI_GPR64u64_XMMf64_AVX512	VCVTSD2USI	1577
4119	VCVTSH2SD_XMMf64_MASKmskw_XMMf64_MEMf16_AVX512	VCVTSH2SD	1578
4120	VCVTSH2SD_XMMf64_MASKmskw_XMMf64_XMMf16_AVX512	VCVTSH2SD	1578
4121	VCVTSH2SI_GPR32i32_MEMf16_AVX512	VCVTSH2SI	1579
4122	VCVTSH2SI_GPR32i32_XMMf16_AVX512	VCVTSH2SI	1579
4123	VCVTSH2SI_GPR64i64_MEMf16_AVX512	VCVTSH2SI	1579
4124	VCVTSH2SI_GPR64i64_XMMf16_AVX512	VCVTSH2SI	1579
4125	VCVTSH2SS_XMMf32_MASKmskw_XMMf32_MEMf16_AVX512	VCVTSH2SS	1580
4126	VCVTSH2SS_XMMf32_MASKmskw_XMMf32_XMMf16_AVX512	VCVTSH2SS	1580
4127	VCVTSH2USI_GPR32u32_MEMf16_AVX512	VCVTSH2USI	1581
4128	VCVTSH2USI_GPR32u32_XMMf16_AVX512	VCVTSH2USI	1581
4129	VCVTSH2USI_GPR64u64_MEMf16_AVX512	VCVTSH2USI	1581
4130	VCVTSH2USI_GPR64u64_XMMf16_AVX512	VCVTSH2USI	1581
4131	VCVTSI2SD_XMMdq_XMMdq_GPR32d	VCVTSI2SD	1582
4132	VCVTSI2SD_XMMdq_XMMdq_GPR64q	VCVTSI2SD	1582
4133	VCVTSI2SD_XMMdq_XMMdq_MEMd	VCVTSI2SD	1582
4134	VCVTSI2SD_XMMdq_XMMdq_MEMq	VCVTSI2SD	1582
4135	VCVTSI2SD_XMMf64_XMMf64_GPR32i32_AVX512	VCVTSI2SD	1582
4136	VCVTSI2SD_XMMf64_XMMf64_GPR64i64_AVX512	VCVTSI2SD	1582
4137	VCVTSI2SD_XMMf64_XMMf64_MEMi32_AVX512	VCVTSI2SD	1582
4138	VCVTSI2SD_XMMf64_XMMf64_MEMi64_AVX512	VCVTSI2SD	1582
4139	VCVTSI2SH_XMMf16_XMMf16_GPR32i32_AVX512	VCVTSI2SH	1583
4140	VCVTSI2SH_XMMf16_XMMf16_GPR64i64_AVX512	VCVTSI2SH	1583
4141	VCVTSI2SH_XMMf16_XMMf16_MEMi32_AVX512	VCVTSI2SH	1583
4142	VCVTSI2SH_XMMf16_XMMf16_MEMi64_AVX512	VCVTSI2SH	1583
4143	VCVTSI2SS_XMMdq_XMMdq_GPR32d	VCVTSI2SS	1584
4144	VCVTSI2SS_XMMdq_XMMdq_GPR64q	VCVTSI2SS	1584
4145	VCVTSI2SS_XMMdq_XMMdq_MEMd	VCVTSI2SS	1584
4146	VCVTSI2SS_XMMdq_XMMdq_MEMq	VCVTSI2SS	1584
4147	VCVTSI2SS_XMMf32_XMMf32_GPR32i32_AVX512	VCVTSI2SS	1584
4148	VCVTSI2SS_XMMf32_XMMf32_GPR64i64_AVX512	VCVTSI2SS	1584
4149	VCVTSI2SS_XMMf32_XMMf32_MEMi32_AVX512	VCVTSI2SS	1584
4150	VCVTSI2SS_XMMf32_XMMf32_MEMi64_AVX512	VCVTSI2SS	1584
4151	VCVTSS2SD_XMMdq_XMMdq_MEMd	VCVTSS2SD	916
4152	VCVTSS2SD_XMMdq_XMMdq_XMMd	VCVTSS2SD	916
4153	VCVTSS2SD_XMMf64_MASKmskw_XMMf32_MEMf32_AVX512	VCVTSS2SD	916
4154	VCVTSS2SD_XMMf64_MASKmskw_XMMf32_XMMf32_AVX512	VCVTSS2SD	916
4155	VCVTSS2SH_XMMf16_MASKmskw_XMMf16_MEMf32_AVX512	VCVTSS2SH	1585
4156	VCVTSS2SH_XMMf16_MASKmskw_XMMf16_XMMf32_AVX512	VCVTSS2SH	1585
4157	VCVTSS2SI_GPR32d_MEMd	VCVTSS2SI	1586
4158	VCVTSS2SI_GPR32d_XMMd	VCVTSS2SI	1586
4159	VCVTSS2SI_GPR32i32_MEMf32_AVX512	VCVTSS2SI	1586
4160	VCVTSS2SI_GPR32i32_XMMf32_AVX512	VCVTSS2SI	1586
4161	VCVTSS2SI_GPR64i64_MEMf32_AVX512	VCVTSS2SI	1586
4162	VCVTSS2SI_GPR64i64_XMMf32_AVX512	VCVTSS2SI	1586
4163	VCVTSS2SI_GPR64q_MEMd	VCVTSS2SI	1586
4164	VCVTSS2SI_GPR64q_XMMd	VCVTSS2SI	1586
4165	VCVTSS2USI_GPR32u32_MEMf32_AVX512	VCVTSS2USI	1587
4166	VCVTSS2USI_GPR32u32_XMMf32_AVX512	VCVTSS2USI	1587
4167	VCVTSS2USI_GPR64u64_MEMf32_AVX512	VCVTSS2USI	1587
4168	VCVTSS2USI_GPR64u64_XMMf32_AVX512	VCVTSS2USI	1587
4169	VCVTTBF162IBS_XMMi8_MASKmskw_MEMbf16_AVX512	VCVTTBF162IBS	1588
4170	VCVTTBF162IBS_XMMi8_MASKmskw_XMMbf16_AVX512	VCVTTBF162IBS	1588
4171	VCVTTBF162IBS_YMMi8_MASKmskw_MEMbf16_AVX512	VCVTTBF162IBS	1588
4172	VCVTTBF162IBS_YMMi8_MASKmskw_YMMbf16_AVX512	VCVTTBF162IBS	1588
4173	VCVTTBF162IBS_ZMMi8_MASKmskw_MEMbf16_AVX512	VCVTTBF162IBS	1588
4174	VCVTTBF162IBS_ZMMi8_MASKmskw_ZMMbf16_AVX512	VCVTTBF162IBS	1588
4175	VCVTTBF162IUBS_XMMu8_MASKmskw_MEMbf16_AVX512	VCVTTBF162IUBS	1589
4176	VCVTTBF162IUBS_XMMu8_MASKmskw_XMMbf16_AVX512	VCVTTBF162IUBS	1589
4177	VCVTTBF162IUBS_YMMu8_MASKmskw_MEMbf16_AVX512	VCVTTBF162IUBS	1589
4178	VCVTTBF162IUBS_YMMu8_MASKmskw_YMMbf16_AVX512	VCVTTBF162IUBS	1589
4179	VCVTTBF162IUBS_ZMMu8_MASKmskw_MEMbf16_AVX512	VCVTTBF162IUBS	1589
4180	VCVTTBF162IUBS_ZMMu8_MASKmskw_ZMMbf16_AVX512	VCVTTBF162IUBS	1589
4181	VCVTTPD2DQS_XMMi32_MASKmskw_MEMf64_AVX512_VL128	VCVTTPD2DQS	1590
4182	VCVTTPD2DQS_XMMi32_MASKmskw_MEMf64_AVX512_VL256	VCVTTPD2DQS	1590
4183	VCVTTPD2DQS_XMMi32_MASKmskw_XMMf64_AVX512	VCVTTPD2DQS	1590
4184	VCVTTPD2DQS_XMMi32_MASKmskw_YMMf64_AVX512	VCVTTPD2DQS	1590
4185	VCVTTPD2DQS_YMMi32_MASKmskw_MEMf64_AVX512_VL512	VCVTTPD2DQS	1590
4186	VCVTTPD2DQS_YMMi32_MASKmskw_ZMMf64_AVX512	VCVTTPD2DQS	1590
4187	VCVTTPD2DQ_XMMdq_MEMdq	VCVTTPD2DQ	910
4188	VCVTTPD2DQ_XMMdq_MEMqq	VCVTTPD2DQ	910
4189	VCVTTPD2DQ_XMMdq_XMMdq	VCVTTPD2DQ	910
4190	VCVTTPD2DQ_XMMdq_YMMqq	VCVTTPD2DQ	910
4191	VCVTTPD2DQ_XMMi32_MASKmskw_MEMf64_AVX512_VL128	VCVTTPD2DQ	910
4192	VCVTTPD2DQ_XMMi32_MASKmskw_MEMf64_AVX512_VL256	VCVTTPD2DQ	910
4193	VCVTTPD2DQ_XMMi32_MASKmskw_XMMf64_AVX512_VL128	VCVTTPD2DQ	910
4194	VCVTTPD2DQ_XMMi32_MASKmskw_YMMf64_AVX512_VL256	VCVTTPD2DQ	910
4195	VCVTTPD2DQ_YMMi32_MASKmskw_MEMf64_AVX512_VL512	VCVTTPD2DQ	910
4196	VCVTTPD2DQ_YMMi32_MASKmskw_ZMMf64_AVX512_VL512	VCVTTPD2DQ	910
4197	VCVTTPD2QQS_XMMi64_MASKmskw_MEMf64_AVX512	VCVTTPD2QQS	1592
4198	VCVTTPD2QQS_XMMi64_MASKmskw_XMMf64_AVX512	VCVTTPD2QQS	1592
4199	VCVTTPD2QQS_YMMi64_MASKmskw_MEMf64_AVX512	VCVTTPD2QQS	1592
4200	VCVTTPD2QQS_YMMi64_MASKmskw_YMMf64_AVX512	VCVTTPD2QQS	1592
4201	VCVTTPD2QQS_ZMMi64_MASKmskw_MEMf64_AVX512	VCVTTPD2QQS	1592
4202	VCVTTPD2QQS_ZMMi64_MASKmskw_ZMMf64_AVX512	VCVTTPD2QQS	1592
4203	VCVTTPD2QQ_XMMi64_MASKmskw_MEMf64_AVX512	VCVTTPD2QQ	1591
4204	VCVTTPD2QQ_XMMi64_MASKmskw_XMMf64_AVX512	VCVTTPD2QQ	1591
4205	VCVTTPD2QQ_YMMi64_MASKmskw_MEMf64_AVX512	VCVTTPD2QQ	1591
4206	VCVTTPD2QQ_YMMi64_MASKmskw_YMMf64_AVX512	VCVTTPD2QQ	1591
4207	VCVTTPD2QQ_ZMMi64_MASKmskw_MEMf64_AVX512	VCVTTPD2QQ	1591
4208	VCVTTPD2QQ_ZMMi64_MASKmskw_ZMMf64_AVX512	VCVTTPD2QQ	1591
4209	VCVTTPD2UDQS_XMMu32_MASKmskw_MEMf64_AVX512_VL128	VCVTTPD2UDQS	1594
4210	VCVTTPD2UDQS_XMMu32_MASKmskw_MEMf64_AVX512_VL256	VCVTTPD2UDQS	1594
4211	VCVTTPD2UDQS_XMMu32_MASKmskw_XMMf64_AVX512	VCVTTPD2UDQS	1594
4212	VCVTTPD2UDQS_XMMu32_MASKmskw_YMMf64_AVX512	VCVTTPD2UDQS	1594
4213	VCVTTPD2UDQS_YMMu32_MASKmskw_MEMf64_AVX512_VL512	VCVTTPD2UDQS	1594
4214	VCVTTPD2UDQS_YMMu32_MASKmskw_ZMMf64_AVX512	VCVTTPD2UDQS	1594
4215	VCVTTPD2UDQ_XMMu32_MASKmskw_MEMf64_AVX512_VL128	VCVTTPD2UDQ	1593
4216	VCVTTPD2UDQ_XMMu32_MASKmskw_MEMf64_AVX512_VL256	VCVTTPD2UDQ	1593
4217	VCVTTPD2UDQ_XMMu32_MASKmskw_XMMf64_AVX512_VL128	VCVTTPD2UDQ	1593
4218	VCVTTPD2UDQ_XMMu32_MASKmskw_YMMf64_AVX512_VL256	VCVTTPD2UDQ	1593
4219	VCVTTPD2UDQ_YMMu32_MASKmskw_MEMf64_AVX512_VL512	VCVTTPD2UDQ	1593
4220	VCVTTPD2UDQ_YMMu32_MASKmskw_ZMMf64_AVX512_VL512	VCVTTPD2UDQ	1593
4221	VCVTTPD2UQQS_XMMu64_MASKmskw_MEMf64_AVX512	VCVTTPD2UQQS	1596
4222	VCVTTPD2UQQS_XMMu64_MASKmskw_XMMf64_AVX512	VCVTTPD2UQQS	1596
4223	VCVTTPD2UQQS_YMMu64_MASKmskw_MEMf64_AVX512	VCVTTPD2UQQS	1596
4224	VCVTTPD2UQQS_YMMu64_MASKmskw_YMMf64_AVX512	VCVTTPD2UQQS	1596
4225	VCVTTPD2UQQS_ZMMu64_MASKmskw_MEMf64_AVX512	VCVTTPD2UQQS	1596
4226	VCVTTPD2UQQS_ZMMu64_MASKmskw_ZMMf64_AVX512	VCVTTPD2UQQS	1596
4227	VCVTTPD2UQQ_XMMu64_MASKmskw_MEMf64_AVX512	VCVTTPD2UQQ	1595
4228	VCVTTPD2UQQ_XMMu64_MASKmskw_XMMf64_AVX512	VCVTTPD2UQQ	1595
4229	VCVTTPD2UQQ_YMMu64_MASKmskw_MEMf64_AVX512	VCVTTPD2UQQ	1595
4230	VCVTTPD2UQQ_YMMu64_MASKmskw_YMMf64_AVX512	VCVTTPD2UQQ	1595
4231	VCVTTPD2UQQ_ZMMu64_MASKmskw_MEMf64_AVX512	VCVTTPD2UQQ	1595
4232	VCVTTPD2UQQ_ZMMu64_MASKmskw_ZMMf64_AVX512	VCVTTPD2UQQ	1595
4233	VCVTTPH2DQ_XMMi32_MASKmskw_MEMf16_AVX512	VCVTTPH2DQ	1597
4234	VCVTTPH2DQ_XMMi32_MASKmskw_XMMf16_AVX512	VCVTTPH2DQ	1597
4235	VCVTTPH2DQ_YMMi32_MASKmskw_MEMf16_AVX512	VCVTTPH2DQ	1597
4236	VCVTTPH2DQ_YMMi32_MASKmskw_XMMf16_AVX512	VCVTTPH2DQ	1597
4237	VCVTTPH2DQ_ZMMi32_MASKmskw_MEMf16_AVX512	VCVTTPH2DQ	1597
4238	VCVTTPH2DQ_ZMMi32_MASKmskw_YMMf16_AVX512	VCVTTPH2DQ	1597
4239	VCVTTPH2IBS_XMMi8_MASKmskw_MEMf16_AVX512	VCVTTPH2IBS	1598
4240	VCVTTPH2IBS_XMMi8_MASKmskw_XMMf16_AVX512	VCVTTPH2IBS	1598
4241	VCVTTPH2IBS_YMMi8_MASKmskw_MEMf16_AVX512	VCVTTPH2IBS	1598
4242	VCVTTPH2IBS_YMMi8_MASKmskw_YMMf16_AVX512	VCVTTPH2IBS	1598
4243	VCVTTPH2IBS_ZMMi8_MASKmskw_MEMf16_AVX512	VCVTTPH2IBS	1598
4244	VCVTTPH2IBS_ZMMi8_MASKmskw_ZMMf16_AVX512	VCVTTPH2IBS	1598
4245	VCVTTPH2IUBS_XMMu8_MASKmskw_MEMf16_AVX512	VCVTTPH2IUBS	1599
4246	VCVTTPH2IUBS_XMMu8_MASKmskw_XMMf16_AVX512	VCVTTPH2IUBS	1599
4247	VCVTTPH2IUBS_YMMu8_MASKmskw_MEMf16_AVX512	VCVTTPH2IUBS	1599
4248	VCVTTPH2IUBS_YMMu8_MASKmskw_YMMf16_AVX512	VCVTTPH2IUBS	1599
4249	VCVTTPH2IUBS_ZMMu8_MASKmskw_MEMf16_AVX512	VCVTTPH2IUBS	1599
4250	VCVTTPH2IUBS_ZMMu8_MASKmskw_ZMMf16_AVX512	VCVTTPH2IUBS	1599
4251	VCVTTPH2QQ_XMMi64_MASKmskw_MEMf16_AVX512	VCVTTPH2QQ	1600
4252	VCVTTPH2QQ_XMMi64_MASKmskw_XMMf16_AVX512	VCVTTPH2QQ	1600
4253	VCVTTPH2QQ_YMMi64_MASKmskw_MEMf16_AVX512	VCVTTPH2QQ	1600
4254	VCVTTPH2QQ_YMMi64_MASKmskw_XMMf16_AVX512	VCVTTPH2QQ	1600
4255	VCVTTPH2QQ_ZMMi64_MASKmskw_MEMf16_AVX512	VCVTTPH2QQ	1600
4256	VCVTTPH2QQ_ZMMi64_MASKmskw_XMMf16_AVX512	VCVTTPH2QQ	1600
4257	VCVTTPH2UDQ_XMMu32_MASKmskw_MEMf16_AVX512	VCVTTPH2UDQ	1601
4258	VCVTTPH2UDQ_XMMu32_MASKmskw_XMMf16_AVX512	VCVTTPH2UDQ	1601
4259	VCVTTPH2UDQ_YMMu32_MASKmskw_MEMf16_AVX512	VCVTTPH2UDQ	1601
4260	VCVTTPH2UDQ_YMMu32_MASKmskw_XMMf16_AVX512	VCVTTPH2UDQ	1601
4261	VCVTTPH2UDQ_ZMMu32_MASKmskw_MEMf16_AVX512	VCVTTPH2UDQ	1601
4262	VCVTTPH2UDQ_ZMMu32_MASKmskw_YMMf16_AVX512	VCVTTPH2UDQ	1601
4263	VCVTTPH2UQQ_XMMu64_MASKmskw_MEMf16_AVX512	VCVTTPH2UQQ	1602
4264	VCVTTPH2UQQ_XMMu64_MASKmskw_XMMf16_AVX512	VCVTTPH2UQQ	1602
4265	VCVTTPH2UQQ_YMMu64_MASKmskw_MEMf16_AVX512	VCVTTPH2UQQ	1602
4266	VCVTTPH2UQQ_YMMu64_MASKmskw_XMMf16_AVX512	VCVTTPH2UQQ	1602
4267	VCVTTPH2UQQ_ZMMu64_MASKmskw_MEMf16_AVX512	VCVTTPH2UQQ	1602
4268	VCVTTPH2UQQ_ZMMu64_MASKmskw_XMMf16_AVX512	VCVTTPH2UQQ	1602
4269	VCVTTPH2UW_XMMu16_MASKmskw_MEMf16_AVX512	VCVTTPH2UW	1603
4270	VCVTTPH2UW_XMMu16_MASKmskw_XMMf16_AVX512	VCVTTPH2UW	1603
4271	VCVTTPH2UW_YMMu16_MASKmskw_MEMf16_AVX512	VCVTTPH2UW	1603
4272	VCVTTPH2UW_YMMu16_MASKmskw_YMMf16_AVX512	VCVTTPH2UW	1603
4273	VCVTTPH2UW_ZMMu16_MASKmskw_MEMf16_AVX512	VCVTTPH2UW	1603
4274	VCVTTPH2UW_ZMMu16_MASKmskw_ZMMf16_AVX512	VCVTTPH2UW	1603
4275	VCVTTPH2W_XMMi16_MASKmskw_MEMf16_AVX512	VCVTTPH2W	1604
4276	VCVTTPH2W_XMMi16_MASKmskw_XMMf16_AVX512	VCVTTPH2W	1604
4277	VCVTTPH2W_YMMi16_MASKmskw_MEMf16_AVX512	VCVTTPH2W	1604
4278	VCVTTPH2W_YMMi16_MASKmskw_YMMf16_AVX512	VCVTTPH2W	1604
4279	VCVTTPH2W_ZMMi16_MASKmskw_MEMf16_AVX512	VCVTTPH2W	1604
4280	VCVTTPH2W_ZMMi16_MASKmskw_ZMMf16_AVX512	VCVTTPH2W	1604
4281	VCVTTPS2DQS_XMMi32_MASKmskw_MEMf32_AVX512	VCVTTPS2DQS	1605
4282	VCVTTPS2DQS_XMMi32_MASKmskw_XMMf32_AVX512	VCVTTPS2DQS	1605
4283	VCVTTPS2DQS_YMMi32_MASKmskw_MEMf32_AVX512	VCVTTPS2DQS	1605
4284	VCVTTPS2DQS_YMMi32_MASKmskw_YMMf32_AVX512	VCVTTPS2DQS	1605
4285	VCVTTPS2DQS_ZMMi32_MASKmskw_MEMf32_AVX512	VCVTTPS2DQS	1605
4286	VCVTTPS2DQS_ZMMi32_MASKmskw_ZMMf32_AVX512	VCVTTPS2DQS	1605
4287	VCVTTPS2DQ_XMMdq_MEMdq	VCVTTPS2DQ	913
4288	VCVTTPS2DQ_XMMdq_XMMdq	VCVTTPS2DQ	913
4289	VCVTTPS2DQ_XMMi32_MASKmskw_MEMf32_AVX512	VCVTTPS2DQ	913
4290	VCVTTPS2DQ_XMMi32_MASKmskw_XMMf32_AVX512	VCVTTPS2DQ	913
4291	VCVTTPS2DQ_YMMi32_MASKmskw_MEMf32_AVX512	VCVTTPS2DQ	913
4292	VCVTTPS2DQ_YMMi32_MASKmskw_YMMf32_AVX512	VCVTTPS2DQ	913
4293	VCVTTPS2DQ_YMMqq_MEMqq	VCVTTPS2DQ	913
4294	VCVTTPS2DQ_YMMqq_YMMqq	VCVTTPS2DQ	913
4295	VCVTTPS2DQ_ZMMi32_MASKmskw_MEMf32_AVX512	VCVTTPS2DQ	913
4296	VCVTTPS2DQ_ZMMi32_MASKmskw_ZMMf32_AVX512	VCVTTPS2DQ	913
4297	VCVTTPS2IBS_XMMi8_MASKmskw_MEMf32_AVX512	VCVTTPS2IBS	1606
4298	VCVTTPS2IBS_XMMi8_MASKmskw_XMMf32_AVX512	VCVTTPS2IBS	1606
4299	VCVTTPS2IBS_YMMi8_MASKmskw_MEMf32_AVX512	VCVTTPS2IBS	1606
4300	VCVTTPS2IBS_YMMi8_MASKmskw_YMMf32_AVX512	VCVTTPS2IBS	1606
4301	VCVTTPS2IBS_ZMMi8_MASKmskw_MEMf32_AVX512	VCVTTPS2IBS	1606
4302	VCVTTPS2IBS_ZMMi8_MASKmskw_ZMMf32_AVX512	VCVTTPS2IBS	1606
4303	VCVTTPS2IUBS_XMMu8_MASKmskw_MEMf32_AVX512	VCVTTPS2IUBS	1607
4304	VCVTTPS2IUBS_XMMu8_MASKmskw_XMMf32_AVX512	VCVTTPS2IUBS	1607
4305	VCVTTPS2IUBS_YMMu8_MASKmskw_MEMf32_AVX512	VCVTTPS2IUBS	1607
4306	VCVTTPS2IUBS_YMMu8_MASKmskw_YMMf32_AVX512	VCVTTPS2IUBS	1607
4307	VCVTTPS2IUBS_ZMMu8_MASKmskw_MEMf32_AVX512	VCVTTPS2IUBS	1607
4308	VCVTTPS2IUBS_ZMMu8_MASKmskw_ZMMf32_AVX512	VCVTTPS2IUBS	1607
4309	VCVTTPS2QQS_XMMi64_MASKmskw_MEMf32_AVX512	VCVTTPS2QQS	1609
4310	VCVTTPS2QQS_XMMi64_MASKmskw_XMMf32_AVX512	VCVTTPS2QQS	1609
4311	VCVTTPS2QQS_YMMi64_MASKmskw_MEMf32_AVX512	VCVTTPS2QQS	1609
4312	VCVTTPS2QQS_YMMi64_MASKmskw_XMMf32_AVX512	VCVTTPS2QQS	1609
4313	VCVTTPS2QQS_ZMMi64_MASKmskw_MEMf32_AVX512	VCVTTPS2QQS	1609
4314	VCVTTPS2QQS_ZMMi64_MASKmskw_YMMf32_AVX512	VCVTTPS2QQS	1609
4315	VCVTTPS2QQ_XMMi64_MASKmskw_MEMf32_AVX512	VCVTTPS2QQ	1608
4316	VCVTTPS2QQ_XMMi64_MASKmskw_XMMf32_AVX512	VCVTTPS2QQ	1608
4317	VCVTTPS2QQ_YMMi64_MASKmskw_MEMf32_AVX512	VCVTTPS2QQ	1608
4318	VCVTTPS2QQ_YMMi64_MASKmskw_XMMf32_AVX512	VCVTTPS2QQ	1608
4319	VCVTTPS2QQ_ZMMi64_MASKmskw_MEMf32_AVX512	VCVTTPS2QQ	1608
4320	VCVTTPS2QQ_ZMMi64_MASKmskw_YMMf32_AVX512	VCVTTPS2QQ	1608
4321	VCVTTPS2UDQS_XMMu32_MASKmskw_MEMf32_AVX512	VCVTTPS2UDQS	1611
4322	VCVTTPS2UDQS_XMMu32_MASKmskw_XMMf32_AVX512	VCVTTPS2UDQS	1611
4323	VCVTTPS2UDQS_YMMu32_MASKmskw_MEMf32_AVX512	VCVTTPS2UDQS	1611
4324	VCVTTPS2UDQS_YMMu32_MASKmskw_YMMf32_AVX512	VCVTTPS2UDQS	1611
4325	VCVTTPS2UDQS_ZMMu32_MASKmskw_MEMf32_AVX512	VCVTTPS2UDQS	1611
4326	VCVTTPS2UDQS_ZMMu32_MASKmskw_ZMMf32_AVX512	VCVTTPS2UDQS	1611
4327	VCVTTPS2UDQ_XMMu32_MASKmskw_MEMf32_AVX512	VCVTTPS2UDQ	1610
4328	VCVTTPS2UDQ_XMMu32_MASKmskw_XMMf32_AVX512	VCVTTPS2UDQ	1610
4329	VCVTTPS2UDQ_YMMu32_MASKmskw_MEMf32_AVX512	VCVTTPS2UDQ	1610
4330	VCVTTPS2UDQ_YMMu32_MASKmskw_YMMf32_AVX512	VCVTTPS2UDQ	1610
4331	VCVTTPS2UDQ_ZMMu32_MASKmskw_MEMf32_AVX512	VCVTTPS2UDQ	1610
4332	VCVTTPS2UDQ_ZMMu32_MASKmskw_ZMMf32_AVX512	VCVTTPS2UDQ	1610
4333	VCVTTPS2UQQS_XMMu64_MASKmskw_MEMf32_AVX512	VCVTTPS2UQQS	1613
4334	VCVTTPS2UQQS_XMMu64_MASKmskw_XMMf32_AVX512	VCVTTPS2UQQS	1613
4335	VCVTTPS2UQQS_YMMu64_MASKmskw_MEMf32_AVX512	VCVTTPS2UQQS	1613
4336	VCVTTPS2UQQS_YMMu64_MASKmskw_XMMf32_AVX512	VCVTTPS2UQQS	1613
4337	VCVTTPS2UQQS_ZMMu64_MASKmskw_MEMf32_AVX512	VCVTTPS2UQQS	1613
4338	VCVTTPS2UQQS_ZMMu64_MASKmskw_YMMf32_AVX512	VCVTTPS2UQQS	1613
4339	VCVTTPS2UQQ_XMMu64_MASKmskw_MEMf32_AVX512	VCVTTPS2UQQ	1612
4340	VCVTTPS2UQQ_XMMu64_MASKmskw_XMMf32_AVX512	VCVTTPS2UQQ	1612
4341	VCVTTPS2UQQ_YMMu64_MASKmskw_MEMf32_AVX512	VCVTTPS2UQQ	1612
4342	VCVTTPS2UQQ_YMMu64_MASKmskw_XMMf32_AVX512	VCVTTPS2UQQ	1612
4343	VCVTTPS2UQQ_ZMMu64_MASKmskw_MEMf32_AVX512	VCVTTPS2UQQ	1612
4344	VCVTTPS2UQQ_ZMMu64_MASKmskw_YMMf32_AVX512	VCVTTPS2UQQ	1612
4345	VCVTTSD2SIS_GPR32i32_MEMf64_AVX512	VCVTTSD2SIS	1615
4346	VCVTTSD2SIS_GPR32i32_XMMf64_AVX512	VCVTTSD2SIS	1615
4347	VCVTTSD2SIS_GPR64i64_MEMf64_AVX512	VCVTTSD2SIS	1615
4348	VCVTTSD2SIS_GPR64i64_XMMf64_AVX512	VCVTTSD2SIS	1615
4349	VCVTTSD2SI_GPR32d_MEMq	VCVTTSD2SI	1614
4350	VCVTTSD2SI_GPR32d_XMMq	VCVTTSD2SI	1614
4351	VCVTTSD2SI_GPR32i32_MEMf64_AVX512	VCVTTSD2SI	1614
4352	VCVTTSD2SI_GPR32i32_XMMf64_AVX512	VCVTTSD2SI	1614
4353	VCVTTSD2SI_GPR64i64_MEMf64_AVX512	VCVTTSD2SI	1614
4354	VCVTTSD2SI_GPR64i64_XMMf64_AVX512	VCVTTSD2SI	1614
4355	VCVTTSD2SI_GPR64q_MEMq	VCVTTSD2SI	1614
4356	VCVTTSD2SI_GPR64q_XMMq	VCVTTSD2SI	1614
4357	VCVTTSD2USIS_GPR32u32_MEMf64_AVX512	VCVTTSD2USIS	1617
4358	VCVTTSD2USIS_GPR32u32_XMMf64_AVX512	VCVTTSD2USIS	1617
4359	VCVTTSD2USIS_GPR64u64_MEMf64_AVX512	VCVTTSD2USIS	1617
4360	VCVTTSD2USIS_GPR64u64_XMMf64_AVX512	VCVTTSD2USIS	1617
4361	VCVTTSD2USI_GPR32u32_MEMf64_AVX512	VCVTTSD2USI	1616
4362	VCVTTSD2USI_GPR32u32_XMMf64_AVX512	VCVTTSD2USI	1616
4363	VCVTTSD2USI_GPR64u64_MEMf64_AVX512	VCVTTSD2USI	1616
4364	VCVTTSD2USI_GPR64u64_XMMf64_AVX512	VCVTTSD2USI	1616
4365	VCVTTSH2SI_GPR32i32_MEMf16_AVX512	VCVTTSH2SI	1618
4366	VCVTTSH2SI_GPR32i32_XMMf16_AVX512	VCVTTSH2SI	1618
4367	VCVTTSH2SI_GPR64i64_MEMf16_AVX512	VCVTTSH2SI	1618
4368	VCVTTSH2SI_GPR64i64_XMMf16_AVX512	VCVTTSH2SI	1618
4369	VCVTTSH2USI_GPR32u32_MEMf16_AVX512	VCVTTSH2USI	1619
4370	VCVTTSH2USI_GPR32u32_XMMf16_AVX512	VCVTTSH2USI	1619
4371	VCVTTSH2USI_GPR64u64_MEMf16_AVX512	VCVTTSH2USI	1619
4372	VCVTTSH2USI_GPR64u64_XMMf16_AVX512	VCVTTSH2USI	1619
4373	VCVTTSS2SIS_GPR32i32_MEMf32_AVX512	VCVTTSS2SIS	1621
4374	VCVTTSS2SIS_GPR32i32_XMMf32_AVX512	VCVTTSS2SIS	1621
4375	VCVTTSS2SIS_GPR64i64_MEMf32_AVX512	VCVTTSS2SIS	1621
4376	VCVTTSS2SIS_GPR64i64_XMMf32_AVX512	VCVTTSS2SIS	1621
4377	VCVTTSS2SI_GPR32d_MEMd	VCVTTSS2SI	1620
4378	VCVTTSS2SI_GPR32d_XMMd	VCVTTSS2SI	1620
4379	VCVTTSS2SI_GPR32i32_MEMf32_AVX512	VCVTTSS2SI	1620
4380	VCVTTSS2SI_GPR32i32_XMMf32_AVX512	VCVTTSS2SI	1620
4381	VCVTTSS2SI_GPR64i64_MEMf32_AVX512	VCVTTSS2SI	1620
4382	VCVTTSS2SI_GPR64i64_XMMf32_AVX512	VCVTTSS2SI	1620
4383	VCVTTSS2SI_GPR64q_MEMd	VCVTTSS2SI	1620
4384	VCVTTSS2SI_GPR64q_XMMd	VCVTTSS2SI	1620
4385	VCVTTSS2USIS_GPR32u32_MEMf32_AVX512	VCVTTSS2USIS	1623
4386	VCVTTSS2USIS_GPR32u32_XMMf32_AVX512	VCVTTSS2USIS	1623
4387	VCVTTSS2USIS_GPR64u64_MEMf32_AVX512	VCVTTSS2USIS	1623
4388	VCVTTSS2USIS_GPR64u64_XMMf32_AVX512	VCVTTSS2USIS	1623
4389	VCVTTSS2USI_GPR32u32_MEMf32_AVX512	VCVTTSS2USI	1622
4390	VCVTTSS2USI_GPR32u32_XMMf32_AVX512	VCVTTSS2USI	1622
4391	VCVTTSS2USI_GPR64u64_MEMf32_AVX512	VCVTTSS2USI	1622
4392	VCVTTSS2USI_GPR64u64_XMMf32_AVX512	VCVTTSS2USI	1622
4393	VCVTUDQ2PD_XMMf64_MASKmskw_MEMu32_AVX512	VCVTUDQ2PD	1624
4394	VCVTUDQ2PD_XMMf64_MASKmskw_XMMu32_AVX512	VCVTUDQ2PD	1624
4395	VCVTUDQ2PD_YMMf64_MASKmskw_MEMu32_AVX512	VCVTUDQ2PD	1624
4396	VCVTUDQ2PD_YMMf64_MASKmskw_XMMu32_AVX512	VCVTUDQ2PD	1624
4397	VCVTUDQ2PD_ZMMf64_MASKmskw_MEMu32_AVX512	VCVTUDQ2PD	1624
4398	VCVTUDQ2PD_ZMMf64_MASKmskw_YMMu32_AVX512	VCVTUDQ2PD	1624
4399	VCVTUDQ2PH_XMMf16_MASKmskw_MEMu32_AVX512_VL128	VCVTUDQ2PH	1625
4400	VCVTUDQ2PH_XMMf16_MASKmskw_MEMu32_AVX512_VL256	VCVTUDQ2PH	1625
4401	VCVTUDQ2PH_XMMf16_MASKmskw_XMMu32_AVX512	VCVTUDQ2PH	1625
4402	VCVTUDQ2PH_XMMf16_MASKmskw_YMMu32_AVX512	VCVTUDQ2PH	1625
4403	VCVTUDQ2PH_YMMf16_MASKmskw_MEMu32_AVX512	VCVTUDQ2PH	1625
4404	VCVTUDQ2PH_YMMf16_MASKmskw_ZMMu32_AVX512	VCVTUDQ2PH	1625
4405	VCVTUDQ2PS_XMMf32_MASKmskw_MEMu32_AVX512	VCVTUDQ2PS	1626
4406	VCVTUDQ2PS_XMMf32_MASKmskw_XMMu32_AVX512	VCVTUDQ2PS	1626
4407	VCVTUDQ2PS_YMMf32_MASKmskw_MEMu32_AVX512	VCVTUDQ2PS	1626
4408	VCVTUDQ2PS_YMMf32_MASKmskw_YMMu32_AVX512	VCVTUDQ2PS	1626
4409	VCVTUDQ2PS_ZMMf32_MASKmskw_MEMu32_AVX512	VCVTUDQ2PS	1626
4410	VCVTUDQ2PS_ZMMf32_MASKmskw_ZMMu32_AVX512	VCVTUDQ2PS	1626
4411	VCVTUQQ2PD_XMMf64_MASKmskw_MEMu64_AVX512	VCVTUQQ2PD	1627
4412	VCVTUQQ2PD_XMMf64_MASKmskw_XMMu64_AVX512	VCVTUQQ2PD	1627
4413	VCVTUQQ2PD_YMMf64_MASKmskw_MEMu64_AVX512	VCVTUQQ2PD	1627
4414	VCVTUQQ2PD_YMMf64_MASKmskw_YMMu64_AVX512	VCVTUQQ2PD	1627
4415	VCVTUQQ2PD_ZMMf64_MASKmskw_MEMu64_AVX512	VCVTUQQ2PD	1627
4416	VCVTUQQ2PD_ZMMf64_MASKmskw_ZMMu64_AVX512	VCVTUQQ2PD	1627
4417	VCVTUQQ2PH_XMMf16_MASKmskw_MEMu64_AVX512_VL128	VCVTUQQ2PH	1628
4418	VCVTUQQ2PH_XMMf16_MASKmskw_MEMu64_AVX512_VL256	VCVTUQQ2PH	1628
4419	VCVTUQQ2PH_XMMf16_MASKmskw_MEMu64_AVX512_VL512	VCVTUQQ2PH	1628
4420	VCVTUQQ2PH_XMMf16_MASKmskw_XMMu64_AVX512	VCVTUQQ2PH	1628
4421	VCVTUQQ2PH_XMMf16_MASKmskw_YMMu64_AVX512	VCVTUQQ2PH	1628
4422	VCVTUQQ2PH_XMMf16_MASKmskw_ZMMu64_AVX512	VCVTUQQ2PH	1628
4423	VCVTUQQ2PS_XMMf32_MASKmskw_MEMu64_AVX512_VL128	VCVTUQQ2PS	1629
4424	VCVTUQQ2PS_XMMf32_MASKmskw_MEMu64_AVX512_VL256	VCVTUQQ2PS	1629
4425	VCVTUQQ2PS_XMMf32_MASKmskw_XMMu64_AVX512_VL128	VCVTUQQ2PS	1629
4426	VCVTUQQ2PS_XMMf32_MASKmskw_YMMu64_AVX512_VL256	VCVTUQQ2PS	1629
4427	VCVTUQQ2PS_YMMf32_MASKmskw_MEMu64_AVX512_VL512	VCVTUQQ2PS	1629
4428	VCVTUQQ2PS_YMMf32_MASKmskw_ZMMu64_AVX512_VL512	VCVTUQQ2PS	1629
4429	VCVTUSI2SD_XMMf64_XMMf64_GPR32u32_AVX512	VCVTUSI2SD	1630
4430	VCVTUSI2SD_XMMf64_XMMf64_GPR64u64_AVX512	VCVTUSI2SD	1630
4431	VCVTUSI2SD_XMMf64_XMMf64_MEMu32_AVX512	VCVTUSI2SD	1630
4432	VCVTUSI2SD_XMMf64_XMMf64_MEMu64_AVX512	VCVTUSI2SD	1630
4433	VCVTUSI2SH_XMMf16_XMMf16_GPR32u32_AVX512	VCVTUSI2SH	1631
4434	VCVTUSI2SH_XMMf16_XMMf16_GPR64u64_AVX512	VCVTUSI2SH	1631
4435	VCVTUSI2SH_XMMf16_XMMf16_MEMu32_AVX512	VCVTUSI2SH	1631
4436	VCVTUSI2SH_XMMf16_XMMf16_MEMu64_AVX512	VCVTUSI2SH	1631
4437	VCVTUSI2SS_XMMf32_XMMf32_GPR32u32_AVX512	VCVTUSI2SS	1632
4438	VCVTUSI2SS_XMMf32_XMMf32_GPR64u64_AVX512	VCVTUSI2SS	1632
4439	VCVTUSI2SS_XMMf32_XMMf32_MEMu32_AVX512	VCVTUSI2SS	1632
4440	VCVTUSI2SS_XMMf32_XMMf32_MEMu64_AVX512	VCVTUSI2SS	1632
4441	VCVTUW2PH_XMMf16_MASKmskw_MEMu16_AVX512	VCVTUW2PH	1633
4442	VCVTUW2PH_XMMf16_MASKmskw_XMMu16_AVX512	VCVTUW2PH	1633
4443	VCVTUW2PH_YMMf16_MASKmskw_MEMu16_AVX512	VCVTUW2PH	1633
4444	VCVTUW2PH_YMMf16_MASKmskw_YMMu16_AVX512	VCVTUW2PH	1633
4445	VCVTUW2PH_ZMMf16_MASKmskw_MEMu16_AVX512	VCVTUW2PH	1633
4446	VCVTUW2PH_ZMMf16_MASKmskw_ZMMu16_AVX512	VCVTUW2PH	1633
4447	VCVTW2PH_XMMf16_MASKmskw_MEMi16_AVX512	VCVTW2PH	1634
4448	VCVTW2PH_XMMf16_MASKmskw_XMMi16_AVX512	VCVTW2PH	1634
4449	VCVTW2PH_YMMf16_MASKmskw_MEMi16_AVX512	VCVTW2PH	1634
4450	VCVTW2PH_YMMf16_MASKmskw_YMMi16_AVX512	VCVTW2PH	1634
4451	VCVTW2PH_ZMMf16_MASKmskw_MEMi16_AVX512	VCVTW2PH	1634
4452	VCVTW2PH_ZMMf16_MASKmskw_ZMMi16_AVX512	VCVTW2PH	1634
4453	VDBPSADBW_XMMu16_MASKmskw_XMMu8_MEMu8_IMM8_AVX512	VDBPSADBW	1635
4454	VDBPSADBW_XMMu16_MASKmskw_XMMu8_XMMu8_IMM8_AVX512	VDBPSADBW	1635
4455	VDBPSADBW_YMMu16_MASKmskw_YMMu8_MEMu8_IMM8_AVX512	VDBPSADBW	1635
4456	VDBPSADBW_YMMu16_MASKmskw_YMMu8_YMMu8_IMM8_AVX512	VDBPSADBW	1635
4457	VDBPSADBW_ZMMu16_MASKmskw_ZMMu8_MEMu8_IMM8_AVX512	VDBPSADBW	1635
4458	VDBPSADBW_ZMMu16_MASKmskw_ZMMu8_ZMMu8_IMM8_AVX512	VDBPSADBW	1635
4459	VDIVBF16_XMMbf16_MASKmskw_XMMbf16_MEMbf16_AVX512	VDIVBF16	942
4460	VDIVBF16_XMMbf16_MASKmskw_XMMbf16_XMMbf16_AVX512	VDIVBF16	942
4461	VDIVBF16_YMMbf16_MASKmskw_YMMbf16_MEMbf16_AVX512	VDIVBF16	942
4462	VDIVBF16_YMMbf16_MASKmskw_YMMbf16_YMMbf16_AVX512	VDIVBF16	942
4463	VDIVBF16_ZMMbf16_MASKmskw_ZMMbf16_MEMbf16_AVX512	VDIVBF16	942
4464	VDIVBF16_ZMMbf16_MASKmskw_ZMMbf16_ZMMbf16_AVX512	VDIVBF16	942
4465	VDIVPD_XMMdq_XMMdq_MEMdq	VDIVPD	623
4466	VDIVPD_XMMdq_XMMdq_XMMdq	VDIVPD	623
4467	VDIVPD_XMMf64_MASKmskw_XMMf64_MEMf64_AVX512	VDIVPD	623
4468	VDIVPD_XMMf64_MASKmskw_XMMf64_XMMf64_AVX512	VDIVPD	623
4469	VDIVPD_YMMf64_MASKmskw_YMMf64_MEMf64_AVX512	VDIVPD	623
4470	VDIVPD_YMMf64_MASKmskw_YMMf64_YMMf64_AVX512	VDIVPD	623
4471	VDIVPD_YMMqq_YMMqq_MEMqq	VDIVPD	623
4472	VDIVPD_YMMqq_YMMqq_YMMqq	VDIVPD	623
4473	VDIVPD_ZMMf64_MASKmskw_ZMMf64_MEMf64_AVX512	VDIVPD	623
4474	VDIVPD_ZMMf64_MASKmskw_ZMMf64_ZMMf64_AVX512	VDIVPD	623
4475	VDIVPH_XMMf16_MASKmskw_XMMf16_MEMf16_AVX512	VDIVPH	1636
4476	VDIVPH_XMMf16_MASKmskw_XMMf16_XMMf16_AVX512	VDIVPH	1636
4477	VDIVPH_YMMf16_MASKmskw_YMMf16_MEMf16_AVX512	VDIVPH	1636
4478	VDIVPH_YMMf16_MASKmskw_YMMf16_YMMf16_AVX512	VDIVPH	1636
4479	VDIVPH_ZMMf16_MASKmskw_ZMMf16_MEMf16_AVX512	VDIVPH	1636
4480	VDIVPH_ZMMf16_MASKmskw_ZMMf16_ZMMf16_AVX512	VDIVPH	1636
4481	VDIVPS_XMMdq_XMMdq_MEMdq	VDIVPS	622
4482	VDIVPS_XMMdq_XMMdq_XMMdq	VDIVPS	622
4483	VDIVPS_XMMf32_MASKmskw_XMMf32_MEMf32_AVX512	VDIVPS	622
4484	VDIVPS_XMMf32_MASKmskw_XMMf32_XMMf32_AVX512	VDIVPS	622
4485	VDIVPS_YMMf32_MASKmskw_YMMf32_MEMf32_AVX512	VDIVPS	622
4486	VDIVPS_YMMf32_MASKmskw_YMMf32_YMMf32_AVX512	VDIVPS	622
4487	VDIVPS_YMMqq_YMMqq_MEMqq	VDIVPS	622
4488	VDIVPS_YMMqq_YMMqq_YMMqq	VDIVPS	622
4489	VDIVPS_ZMMf32_MASKmskw_ZMMf32_MEMf32_AVX512	VDIVPS	622
4490	VDIVPS_ZMMf32_MASKmskw_ZMMf32_ZMMf32_AVX512	VDIVPS	622
4491	VDIVSD_XMMdq_XMMdq_MEMq	VDIVSD	625
4492	VDIVSD_XMMdq_XMMdq_XMMq	VDIVSD	625
4493	VDIVSD_XMMf64_MASKmskw_XMMf64_MEMf64_AVX512	VDIVSD	625
4494	VDIVSD_XMMf64_MASKmskw_XMMf64_XMMf64_AVX512	VDIVSD	625
4495	VDIVSH_XMMf16_MASKmskw_XMMf16_MEMf16_AVX512	VDIVSH	1637
4496	VDIVSH_XMMf16_MASKmskw_XMMf16_XMMf16_AVX512	VDIVSH	1637
4497	VDIVSS_XMMdq_XMMdq_MEMd	VDIVSS	624
4498	VDIVSS_XMMdq_XMMdq_XMMd	VDIVSS	624
4499	VDIVSS_XMMf32_MASKmskw_XMMf32_MEMf32_AVX512	VDIVSS	624
4500	VDIVSS_XMMf32_MASKmskw_XMMf32_XMMf32_AVX512	VDIVSS	624
4501	VDPBF16PS_XMMf32_MASKmskw_XMMu32_MEMu32_AVX512	VDPBF16PS	1638
4502	VDPBF16PS_XMMf32_MASKmskw_XMMu32_XMMu32_AVX512	VDPBF16PS	1638
4503	VDPBF16PS_YMMf32_MASKmskw_YMMu32_MEMu32_AVX512	VDPBF16PS	1638
4504	VDPBF16PS_YMMf32_MASKmskw_YMMu32_YMMu32_AVX512	VDPBF16PS	1638
4505	VDPBF16PS_ZMMf32_MASKmskw_ZMMu32_MEMu32_AVX512	VDPBF16PS	1638
4506	VDPBF16PS_ZMMf32_MASKmskw_ZMMu32_ZMMu32_AVX512	VDPBF16PS	1638
4507	VDPPD_XMMdq_XMMdq_MEMdq_IMMb	VDPPD	1639
4508	VDPPD_XMMdq_XMMdq_XMMdq_IMMb	VDPPD	1639
4509	VDPPHPS_XMMf32_MASKmskw_XMM2f16_MEM2f16_AVX512	VDPPHPS	1640
4510	VDPPHPS_XMMf32_MASKmskw_XMM2f16_XMM2f16_AVX512	VDPPHPS	1640
4511	VDPPHPS_YMMf32_MASKmskw_YMM2f16_MEM2f16_AVX512	VDPPHPS	1640
4512	VDPPHPS_YMMf32_MASKmskw_YMM2f16_YMM2f16_AVX512	VDPPHPS	1640
4513	VDPPHPS_ZMMf32_MASKmskw_ZMM2f16_MEM2f16_AVX512	VDPPHPS	1640
4514	VDPPHPS_ZMMf32_MASKmskw_ZMM2f16_ZMM2f16_AVX512	VDPPHPS	1640
4515	VDPPS_XMMdq_XMMdq_MEMdq_IMMb	VDPPS	1641
4516	VDPPS_XMMdq_XMMdq_XMMdq_IMMb	VDPPS	1641
4517	VDPPS_YMMqq_YMMqq_MEMqq_IMMb	VDPPS	1641
4518	VDPPS_YMMqq_YMMqq_YMMqq_IMMb	VDPPS	1641
4519	VERR_GPR16	VERR	202
4520	VERR_MEMw	VERR	202
4521	VERW_GPR16	VERW	203
4522	VERW_MEMw	VERW	203
4523	VEXP2PD_ZMMf64_MASKmskw_MEMf64_AVX512ER	VEXP2PD	1642
4524	VEXP2PD_ZMMf64_MASKmskw_ZMMf64_AVX512ER	VEXP2PD	1642
4525	VEXP2PS_ZMMf32_MASKmskw_MEMf32_AVX512ER	VEXP2PS	1643
4526	VEXP2PS_ZMMf32_MASKmskw_ZMMf32_AVX512ER	VEXP2PS	1643
4527	VEXPANDPD_XMMf64_MASKmskw_MEMf64_AVX512	VEXPANDPD	1644
4528	VEXPANDPD_XMMf64_MASKmskw_XMMf64_AVX512	VEXPANDPD	1644
4529	VEXPANDPD_YMMf64_MASKmskw_MEMf64_AVX512	VEXPANDPD	1644
4530	VEXPANDPD_YMMf64_MASKmskw_YMMf64_AVX512	VEXPANDPD	1644
4531	VEXPANDPD_ZMMf64_MASKmskw_MEMf64_AVX512	VEXPANDPD	1644
4532	VEXPANDPD_ZMMf64_MASKmskw_ZMMf64_AVX512	VEXPANDPD	1644
4533	VEXPANDPS_XMMf32_MASKmskw_MEMf32_AVX512	VEXPANDPS	1645
4534	VEXPANDPS_XMMf32_MASKmskw_XMMf32_AVX512	VEXPANDPS	1645
4535	VEXPANDPS_YMMf32_MASKmskw_MEMf32_AVX512	VEXPANDPS	1645
4536	VEXPANDPS_YMMf32_MASKmskw_YMMf32_AVX512	VEXPANDPS	1645
4537	VEXPANDPS_ZMMf32_MASKmskw_MEMf32_AVX512	VEXPANDPS	1645
4538	VEXPANDPS_ZMMf32_MASKmskw_ZMMf32_AVX512	VEXPANDPS	1645
4539	VEXTRACTF128_MEMdq_YMMqq_IMMb	VEXTRACTF128	1646
4540	VEXTRACTF128_XMMdq_YMMqq_IMMb	VEXTRACTF128	1646
4541	VEXTRACTF32X4_MEMf32_MASKmskw_YMMf32_IMM8_AVX512	VEXTRACTF32X4	1647
4542	VEXTRACTF32X4_MEMf32_MASKmskw_ZMMf32_IMM8_AVX512	VEXTRACTF32X4	1647
4543	VEXTRACTF32X4_XMMf32_MASKmskw_YMMf32_IMM8_AVX512	VEXTRACTF32X4	1647
4544	VEXTRACTF32X4_XMMf32_MASKmskw_ZMMf32_IMM8_AVX512	VEXTRACTF32X4	1647
4545	VEXTRACTF32X8_MEMf32_MASKmskw_ZMMf32_IMM8_AVX512	VEXTRACTF32X8	1648
4546	VEXTRACTF32X8_YMMf32_MASKmskw_ZMMf32_IMM8_AVX512	VEXTRACTF32X8	1648
4547	VEXTRACTF64X2_MEMf64_MASKmskw_YMMf64_IMM8_AVX512	VEXTRACTF64X2	1649
4548	VEXTRACTF64X2_MEMf64_MASKmskw_ZMMf64_IMM8_AVX512	VEXTRACTF64X2	1649
4549	VEXTRACTF64X2_XMMf64_MASKmskw_YMMf64_IMM8_AVX512	VEXTRACTF64X2	1649
4550	VEXTRACTF64X2_XMMf64_MASKmskw_ZMMf64_IMM8_AVX512	VEXTRACTF64X2	1649
4551	VEXTRACTF64X4_MEMf64_MASKmskw_ZMMf64_IMM8_AVX512	VEXTRACTF64X4	1650
4552	VEXTRACTF64X4_YMMf64_MASKmskw_ZMMf64_IMM8_AVX512	VEXTRACTF64X4	1650
4553	VEXTRACTI128_MEMdq_YMMqq_IMMb	VEXTRACTI128	1651
4554	VEXTRACTI128_XMMdq_YMMqq_IMMb	VEXTRACTI128	1651
4555	VEXTRACTI32X4_MEMu32_MASKmskw_YMMu32_IMM8_AVX512	VEXTRACTI32X4	1652
4556	VEXTRACTI32X4_MEMu32_MASKmskw_ZMMu32_IMM8_AVX512	VEXTRACTI32X4	1652
4557	VEXTRACTI32X4_XMMu32_MASKmskw_YMMu32_IMM8_AVX512	VEXTRACTI32X4	1652
4558	VEXTRACTI32X4_XMMu32_MASKmskw_ZMMu32_IMM8_AVX512	VEXTRACTI32X4	1652
4559	VEXTRACTI32X8_MEMu32_MASKmskw_ZMMu32_IMM8_AVX512	VEXTRACTI32X8	1653
4560	VEXTRACTI32X8_YMMu32_MASKmskw_ZMMu32_IMM8_AVX512	VEXTRACTI32X8	1653
4561	VEXTRACTI64X2_MEMu64_MASKmskw_YMMu64_IMM8_AVX512	VEXTRACTI64X2	1654
4562	VEXTRACTI64X2_MEMu64_MASKmskw_ZMMu64_IMM8_AVX512	VEXTRACTI64X2	1654
4563	VEXTRACTI64X2_XMMu64_MASKmskw_YMMu64_IMM8_AVX512	VEXTRACTI64X2	1654
4564	VEXTRACTI64X2_XMMu64_MASKmskw_ZMMu64_IMM8_AVX512	VEXTRACTI64X2	1654
4565	VEXTRACTI64X4_MEMu64_MASKmskw_ZMMu64_IMM8_AVX512	VEXTRACTI64X4	1655
4566	VEXTRACTI64X4_YMMu64_MASKmskw_ZMMu64_IMM8_AVX512	VEXTRACTI64X4	1655
4567	VEXTRACTPS_GPR32_XMMdq_IMMb	VEXTRACTPS	1656
4568	VEXTRACTPS_GPR32f32_XMMf32_IMM8_AVX512	VEXTRACTPS	1656
4569	VEXTRACTPS_MEMd_XMMdq_IMMb	VEXTRACTPS	1656
4570	VEXTRACTPS_MEMf32_XMMf32_IMM8_AVX512	VEXTRACTPS	1656
4571	VFCMADDCPH_XMM2f16_MASKmskw_XMM2f16_MEM2f16_AVX512	VFCMADDCPH	1657
4572	VFCMADDCPH_XMM2f16_MASKmskw_XMM2f16_XMM2f16_AVX512	VFCMADDCPH	1657
4573	VFCMADDCPH_YMM2f16_MASKmskw_YMM2f16_MEM2f16_AVX512	VFCMADDCPH	1657
4574	VFCMADDCPH_YMM2f16_MASKmskw_YMM2f16_YMM2f16_AVX512	VFCMADDCPH	1657
4575	VFCMADDCPH_ZMM2f16_MASKmskw_ZMM2f16_MEM2f16_AVX512	VFCMADDCPH	1657
4576	VFCMADDCPH_ZMM2f16_MASKmskw_ZMM2f16_ZMM2f16_AVX512	VFCMADDCPH	1657
4577	VFCMADDCSH_XMM2f16_MASKmskw_XMM2f16_MEM2f16_AVX512	VFCMADDCSH	1658
4578	VFCMADDCSH_XMM2f16_MASKmskw_XMM2f16_XMM2f16_AVX512	VFCMADDCSH	1658
4579	VFCMULCPH_XMM2f16_MASKmskw_XMM2f16_MEM2f16_AVX512	VFCMULCPH	1659
4580	VFCMULCPH_XMM2f16_MASKmskw_XMM2f16_XMM2f16_AVX512	VFCMULCPH	1659
4581	VFCMULCPH_YMM2f16_MASKmskw_YMM2f16_MEM2f16_AVX512	VFCMULCPH	1659
4582	VFCMULCPH_YMM2f16_MASKmskw_YMM2f16_YMM2f16_AVX512	VFCMULCPH	1659
4583	VFCMULCPH_ZMM2f16_MASKmskw_ZMM2f16_MEM2f16_AVX512	VFCMULCPH	1659
4584	VFCMULCPH_ZMM2f16_MASKmskw_ZMM2f16_ZMM2f16_AVX512	VFCMULCPH	1659
4585	VFCMULCSH_XMM2f16_MASKmskw_XMM2f16_MEM2f16_AVX512	VFCMULCSH	1660
4586	VFCMULCSH_XMM2f16_MASKmskw_XMM2f16_XMM2f16_AVX512	VFCMULCSH	1660
4587	VFIXUPIMMPD_XMMf64_MASKmskw_XMMf64_MEMf64_IMM8_AVX512	VFIXUPIMMPD	1661
4588	VFIXUPIMMPD_XMMf64_MASKmskw_XMMf64_XMMf64_IMM8_AVX512	VFIXUPIMMPD	1661
4589	VFIXUPIMMPD_YMMf64_MASKmskw_YMMf64_MEMf64_IMM8_AVX512	VFIXUPIMMPD	1661
4590	VFIXUPIMMPD_YMMf64_MASKmskw_YMMf64_YMMf64_IMM8_AVX512	VFIXUPIMMPD	1661
4591	VFIXUPIMMPD_ZMMf64_MASKmskw_ZMMf64_MEMf64_IMM8_AVX512	VFIXUPIMMPD	1661
4592	VFIXUPIMMPD_ZMMf64_MASKmskw_ZMMf64_ZMMf64_IMM8_AVX512	VFIXUPIMMPD	1661
4593	VFIXUPIMMPS_XMMf32_MASKmskw_XMMf32_MEMf32_IMM8_AVX512	VFIXUPIMMPS	1662
4594	VFIXUPIMMPS_XMMf32_MASKmskw_XMMf32_XMMf32_IMM8_AVX512	VFIXUPIMMPS	1662
4595	VFIXUPIMMPS_YMMf32_MASKmskw_YMMf32_MEMf32_IMM8_AVX512	VFIXUPIMMPS	1662
4596	VFIXUPIMMPS_YMMf32_MASKmskw_YMMf32_YMMf32_IMM8_AVX512	VFIXUPIMMPS	1662
4597	VFIXUPIMMPS_ZMMf32_MASKmskw_ZMMf32_MEMf32_IMM8_AVX512	VFIXUPIMMPS	1662
4598	VFIXUPIMMPS_ZMMf32_MASKmskw_ZMMf32_ZMMf32_IMM8_AVX512	VFIXUPIMMPS	1662
4599	VFIXUPIMMSD_XMMf64_MASKmskw_XMMf64_MEMf64_IMM8_AVX512	VFIXUPIMMSD	1663
4600	VFIXUPIMMSD_XMMf64_MASKmskw_XMMf64_XMMf64_IMM8_AVX512	VFIXUPIMMSD	1663
4601	VFIXUPIMMSS_XMMf32_MASKmskw_XMMf32_MEMf32_IMM8_AVX512	VFIXUPIMMSS	1664
4602	VFIXUPIMMSS_XMMf32_MASKmskw_XMMf32_XMMf32_IMM8_AVX512	VFIXUPIMMSS	1664
4603	VFMADD132BF16_XMMbf16_MASKmskw_XMMbf16_MEMbf16_AVX512	VFMADD132BF16	1665
4604	VFMADD132BF16_XMMbf16_MASKmskw_XMMbf16_XMMbf16_AVX512	VFMADD132BF16	1665
4605	VFMADD132BF16_YMMbf16_MASKmskw_YMMbf16_MEMbf16_AVX512	VFMADD132BF16	1665
4606	VFMADD132BF16_YMMbf16_MASKmskw_YMMbf16_YMMbf16_AVX512	VFMADD132BF16	1665
4607	VFMADD132BF16_ZMMbf16_MASKmskw_ZMMbf16_MEMbf16_AVX512	VFMADD132BF16	1665
4608	VFMADD132BF16_ZMMbf16_MASKmskw_ZMMbf16_ZMMbf16_AVX512	VFMADD132BF16	1665
4609	VFMADD132PD_XMMdq_XMMdq_MEMdq	VFMADD132PD	702
4610	VFMADD132PD_XMMdq_XMMdq_XMMdq	VFMADD132PD	702
4611	VFMADD132PD_XMMf64_MASKmskw_XMMf64_MEMf64_AVX512	VFMADD132PD	702
4612	VFMADD132PD_XMMf64_MASKmskw_XMMf64_XMMf64_AVX512	VFMADD132PD	702
4613	VFMADD132PD_YMMf64_MASKmskw_YMMf64_MEMf64_AVX512	VFMADD132PD	702
4614	VFMADD132PD_YMMf64_MASKmskw_YMMf64_YMMf64_AVX512	VFMADD132PD	702
4615	VFMADD132PD_YMMqq_YMMqq_MEMqq	VFMADD132PD	702
4616	VFMADD132PD_YMMqq_YMMqq_YMMqq	VFMADD132PD	702
4617	VFMADD132PD_ZMMf64_MASKmskw_ZMMf64_MEMf64_AVX512	VFMADD132PD	702
4618	VFMADD132PD_ZMMf64_MASKmskw_ZMMf64_ZMMf64_AVX512	VFMADD132PD	702
4619	VFMADD132PH_XMMf16_MASKmskw_XMMf16_MEMf16_AVX512	VFMADD132PH	1666
4620	VFMADD132PH_XMMf16_MASKmskw_XMMf16_XMMf16_AVX512	VFMADD132PH	1666
4621	VFMADD132PH_YMMf16_MASKmskw_YMMf16_MEMf16_AVX512	VFMADD132PH	1666
4622	VFMADD132PH_YMMf16_MASKmskw_YMMf16_YMMf16_AVX512	VFMADD132PH	1666
4623	VFMADD132PH_ZMMf16_MASKmskw_ZMMf16_MEMf16_AVX512	VFMADD132PH	1666
4624	VFMADD132PH_ZMMf16_MASKmskw_ZMMf16_ZMMf16_AVX512	VFMADD132PH	1666
4625	VFMADD132PS_XMMdq_XMMdq_MEMdq	VFMADD132PS	699
4626	VFMADD132PS_XMMdq_XMMdq_XMMdq	VFMADD132PS	699
4627	VFMADD132PS_XMMf32_MASKmskw_XMMf32_MEMf32_AVX512	VFMADD132PS	699
4628	VFMADD132PS_XMMf32_MASKmskw_XMMf32_XMMf32_AVX512	VFMADD132PS	699
4629	VFMADD132PS_YMMf32_MASKmskw_YMMf32_MEMf32_AVX512	VFMADD132PS	699
4630	VFMADD132PS_YMMf32_MASKmskw_YMMf32_YMMf32_AVX512	VFMADD132PS	699
4631	VFMADD132PS_YMMqq_YMMqq_MEMqq	VFMADD132PS	699
4632	VFMADD132PS_YMMqq_YMMqq_YMMqq	VFMADD132PS	699
4633	VFMADD132PS_ZMMf32_MASKmskw_ZMMf32_MEMf32_AVX512	VFMADD132PS	699
4634	VFMADD132PS_ZMMf32_MASKmskw_ZMMf32_ZMMf32_AVX512	VFMADD132PS	699
4635	VFMADD132SD_XMMdq_XMMq_MEMq	VFMADD132SD	704
4636	VFMADD132SD_XMMdq_XMMq_XMMq	VFMADD132SD	704
4637	VFMADD132SD_XMMf64_MASKmskw_XMMf64_MEMf64_AVX512	VFMADD132SD	704
4638	VFMADD132SD_XMMf64_MASKmskw_XMMf64_XMMf64_AVX512	VFMADD132SD	704
4639	VFMADD132SH_XMMf16_MASKmskw_XMMf16_MEMf16_AVX512	VFMADD132SH	1667
4640	VFMADD132SH_XMMf16_MASKmskw_XMMf16_XMMf16_AVX512	VFMADD132SH	1667
4641	VFMADD132SS_XMMdq_XMMd_MEMd	VFMADD132SS	703
4642	VFMADD132SS_XMMdq_XMMd_XMMd	VFMADD132SS	703
4643	VFMADD132SS_XMMf32_MASKmskw_XMMf32_MEMf32_AVX512	VFMADD132SS	703
4644	VFMADD132SS_XMMf32_MASKmskw_XMMf32_XMMf32_AVX512	VFMADD132SS	703
4645	VFMADD213BF16_XMMbf16_MASKmskw_XMMbf16_MEMbf16_AVX512	VFMADD213BF16	1668
4646	VFMADD213BF16_XMMbf16_MASKmskw_XMMbf16_XMMbf16_AVX512	VFMADD213BF16	1668
4647	VFMADD213BF16_YMMbf16_MASKmskw_YMMbf16_MEMbf16_AVX512	VFMADD213BF16	1668
4648	VFMADD213BF16_YMMbf16_MASKmskw_YMMbf16_YMMbf16_AVX512	VFMADD213BF16	1668
4649	VFMADD213BF16_ZMMbf16_MASKmskw_ZMMbf16_MEMbf16_AVX512	VFMADD213BF16	1668
4650	VFMADD213BF16_ZMMbf16_MASKmskw_ZMMbf16_ZMMbf16_AVX512	VFMADD213BF16	1668
4651	VFMADD213PD_XMMdq_XMMdq_MEMdq	VFMADD213PD	743
4652	VFMADD213PD_XMMdq_XMMdq_XMMdq	VFMADD213PD	743
4653	VFMADD213PD_XMMf64_MASKmskw_XMMf64_MEMf64_AVX512	VFMADD213PD	743
4654	VFMADD213PD_XMMf64_MASKmskw_XMMf64_XMMf64_AVX512	VFMADD213PD	743
4655	VFMADD213PD_YMMf64_MASKmskw_YMMf64_MEMf64_AVX512	VFMADD213PD	743
4656	VFMADD213PD_YMMf64_MASKmskw_YMMf64_YMMf64_AVX512	VFMADD213PD	743
4657	VFMADD213PD_YMMqq_YMMqq_MEMqq	VFMADD213PD	743
4658	VFMADD213PD_YMMqq_YMMqq_YMMqq	VFMADD213PD	743
4659	VFMADD213PD_ZMMf64_MASKmskw_ZMMf64_MEMf64_AVX512	VFMADD213PD	743
4660	VFMADD213PD_ZMMf64_MASKmskw_ZMMf64_ZMMf64_AVX512	VFMADD213PD	743
4661	VFMADD213PH_XMMf16_MASKmskw_XMMf16_MEMf16_AVX512	VFMADD213PH	1669
4662	VFMADD213PH_XMMf16_MASKmskw_XMMf16_XMMf16_AVX512	VFMADD213PH	1669
4663	VFMADD213PH_YMMf16_MASKmskw_YMMf16_MEMf16_AVX512	VFMADD213PH	1669
4664	VFMADD213PH_YMMf16_MASKmskw_YMMf16_YMMf16_AVX512	VFMADD213PH	1669
4665	VFMADD213PH_ZMMf16_MASKmskw_ZMMf16_MEMf16_AVX512	VFMADD213PH	1669
4666	VFMADD213PH_ZMMf16_MASKmskw_ZMMf16_ZMMf16_AVX512	VFMADD213PH	1669
4667	VFMADD213PS_XMMdq_XMMdq_MEMdq	VFMADD213PS	700
4668	VFMADD213PS_XMMdq_XMMdq_XMMdq	VFMADD213PS	700
4669	VFMADD213PS_XMMf32_MASKmskw_XMMf32_MEMf32_AVX512	VFMADD213PS	700
4670	VFMADD213PS_XMMf32_MASKmskw_XMMf32_XMMf32_AVX512	VFMADD213PS	700
4671	VFMADD213PS_YMMf32_MASKmskw_YMMf32_MEMf32_AVX512	VFMADD213PS	700
4672	VFMADD213PS_YMMf32_MASKmskw_YMMf32_YMMf32_AVX512	VFMADD213PS	700
4673	VFMADD213PS_YMMqq_YMMqq_MEMqq	VFMADD213PS	700
4674	VFMADD213PS_YMMqq_YMMqq_YMMqq	VFMADD213PS	700
4675	VFMADD213PS_ZMMf32_MASKmskw_ZMMf32_MEMf32_AVX512	VFMADD213PS	700
4676	VFMADD213PS_ZMMf32_MASKmskw_ZMMf32_ZMMf32_AVX512	VFMADD213PS	700
4677	VFMADD213SD_XMMdq_XMMq_MEMq	VFMADD213SD	746
4678	VFMADD213SD_XMMdq_XMMq_XMMq	VFMADD213SD	746
4679	VFMADD213SD_XMMf64_MASKmskw_XMMf64_MEMf64_AVX512	VFMADD213SD	746
4680	VFMADD213SD_XMMf64_MASKmskw_XMMf64_XMMf64_AVX512	VFMADD213SD	746
4681	VFMADD213SH_XMMf16_MASKmskw_XMMf16_MEMf16_AVX512	VFMADD213SH	1670
4682	VFMADD213SH_XMMf16_MASKmskw_XMMf16_XMMf16_AVX512	VFMADD213SH	1670
4683	VFMADD213SS_XMMdq_XMMd_MEMd	VFMADD213SS	745
4684	VFMADD213SS_XMMdq_XMMd_XMMd	VFMADD213SS	745
4685	VFMADD213SS_XMMf32_MASKmskw_XMMf32_MEMf32_AVX512	VFMADD213SS	745
4686	VFMADD213SS_XMMf32_MASKmskw_XMMf32_XMMf32_AVX512	VFMADD213SS	745
4687	VFMADD231BF16_XMMbf16_MASKmskw_XMMbf16_MEMbf16_AVX512	VFMADD231BF16	1671
4688	VFMADD231BF16_XMMbf16_MASKmskw_XMMbf16_XMMbf16_AVX512	VFMADD231BF16	1671
4689	VFMADD231BF16_YMMbf16_MASKmskw_YMMbf16_MEMbf16_AVX512	VFMADD231BF16	1671
4690	VFMADD231BF16_YMMbf16_MASKmskw_YMMbf16_YMMbf16_AVX512	VFMADD231BF16	1671
4691	VFMADD231BF16_ZMMbf16_MASKmskw_ZMMbf16_MEMbf16_AVX512	VFMADD231BF16	1671
4692	VFMADD231BF16_ZMMbf16_MASKmskw_ZMMbf16_ZMMbf16_AVX512	VFMADD231BF16	1671
4693	VFMADD231PD_XMMdq_XMMdq_MEMdq	VFMADD231PD	744
4694	VFMADD231PD_XMMdq_XMMdq_XMMdq	VFMADD231PD	744
4695	VFMADD231PD_XMMf64_MASKmskw_XMMf64_MEMf64_AVX512	VFMADD231PD	744
4696	VFMADD231PD_XMMf64_MASKmskw_XMMf64_XMMf64_AVX512	VFMADD231PD	744
4697	VFMADD231PD_YMMf64_MASKmskw_YMMf64_MEMf64_AVX512	VFMADD231PD	744
4698	VFMADD231PD_YMMf64_MASKmskw_YMMf64_YMMf64_AVX512	VFMADD231PD	744
4699	VFMADD231PD_YMMqq_YMMqq_MEMqq	VFMADD231PD	744
4700	VFMADD231PD_YMMqq_YMMqq_YMMqq	VFMADD231PD	744
4701	VFMADD231PD_ZMMf64_MASKmskw_ZMMf64_MEMf64_AVX512	VFMADD231PD	744
4702	VFMADD231PD_ZMMf64_MASKmskw_ZMMf64_ZMMf64_AVX512	VFMADD231PD	744
4703	VFMADD231PH_XMMf16_MASKmskw_XMMf16_MEMf16_AVX512	VFMADD231PH	1672
4704	VFMADD231PH_XMMf16_MASKmskw_XMMf16_XMMf16_AVX512	VFMADD231PH	1672
4705	VFMADD231PH_YMMf16_MASKmskw_YMMf16_MEMf16_AVX512	VFMADD231PH	1672
4706	VFMADD231PH_YMMf16_MASKmskw_YMMf16_YMMf16_AVX512	VFMADD231PH	1672
4707	VFMADD231PH_ZMMf16_MASKmskw_ZMMf16_MEMf16_AVX512	VFMADD231PH	1672
4708	VFMADD231PH_ZMMf16_MASKmskw_ZMMf16_ZMMf16_AVX512	VFMADD231PH	1672
4709	VFMADD231PS_XMMdq_XMMdq_MEMdq	VFMADD231PS	701
4710	VFMADD231PS_XMMdq_XMMdq_XMMdq	VFMADD231PS	701
4711	VFMADD231PS_XMMf32_MASKmskw_XMMf32_MEMf32_AVX512	VFMADD231PS	701
4712	VFMADD231PS_XMMf32_MASKmskw_XMMf32_XMMf32_AVX512	VFMADD231PS	701
4713	VFMADD231PS_YMMf32_MASKmskw_YMMf32_MEMf32_AVX512	VFMADD231PS	701
4714	VFMADD231PS_YMMf32_MASKmskw_YMMf32_YMMf32_AVX512	VFMADD231PS	701
4715	VFMADD231PS_YMMqq_YMMqq_MEMqq	VFMADD231PS	701
4716	VFMADD231PS_YMMqq_YMMqq_YMMqq	VFMADD231PS	701
4717	VFMADD231PS_ZMMf32_MASKmskw_ZMMf32_MEMf32_AVX512	VFMADD231PS	701
4718	VFMADD231PS_ZMMf32_MASKmskw_ZMMf32_ZMMf32_AVX512	VFMADD231PS	701
4719	VFMADD231SD_XMMdq_XMMq_MEMq	VFMADD231SD	748
4720	VFMADD231SD_XMMdq_XMMq_XMMq	VFMADD231SD	748
4721	VFMADD231SD_XMMf64_MASKmskw_XMMf64_MEMf64_AVX512	VFMADD231SD	748
4722	VFMADD231SD_XMMf64_MASKmskw_XMMf64_XMMf64_AVX512	VFMADD231SD	748
4723	VFMADD231SH_XMMf16_MASKmskw_XMMf16_MEMf16_AVX512	VFMADD231SH	1673
4724	VFMADD231SH_XMMf16_MASKmskw_XMMf16_XMMf16_AVX512	VFMADD231SH	1673
4725	VFMADD231SS_XMMdq_XMMd_MEMd	VFMADD231SS	747
4726	VFMADD231SS_XMMdq_XMMd_XMMd	VFMADD231SS	747
4727	VFMADD231SS_XMMf32_MASKmskw_XMMf32_MEMf32_AVX512	VFMADD231SS	747
4728	VFMADD231SS_XMMf32_MASKmskw_XMMf32_XMMf32_AVX512	VFMADD231SS	747
4729	VFMADDCPH_XMM2f16_MASKmskw_XMM2f16_MEM2f16_AVX512	VFMADDCPH	1674
4730	VFMADDCPH_XMM2f16_MASKmskw_XMM2f16_XMM2f16_AVX512	VFMADDCPH	1674
4731	VFMADDCPH_YMM2f16_MASKmskw_YMM2f16_MEM2f16_AVX512	VFMADDCPH	1674
4732	VFMADDCPH_YMM2f16_MASKmskw_YMM2f16_YMM2f16_AVX512	VFMADDCPH	1674
4733	VFMADDCPH_ZMM2f16_MASKmskw_ZMM2f16_MEM2f16_AVX512	VFMADDCPH	1674
4734	VFMADDCPH_ZMM2f16_MASKmskw_ZMM2f16_ZMM2f16_AVX512	VFMADDCPH	1674
4735	VFMADDCSH_XMM2f16_MASKmskw_XMM2f16_MEM2f16_AVX512	VFMADDCSH	1675
4736	VFMADDCSH_XMM2f16_MASKmskw_XMM2f16_XMM2f16_AVX512	VFMADDCSH	1675
4737	VFMADDPD_XMMdq_XMMdq_MEMdq_XMMdq	VFMADDPD	711
4738	VFMADDPD_XMMdq_XMMdq_XMMdq_MEMdq	VFMADDPD	711
4739	VFMADDPD_XMMdq_XMMdq_XMMdq_XMMdq	VFMADDPD	711
4740	VFMADDPD_YMMqq_YMMqq_MEMqq_YMMqq	VFMADDPD	711
4741	VFMADDPD_YMMqq_YMMqq_YMMqq_MEMqq	VFMADDPD	711
4742	VFMADDPD_YMMqq_YMMqq_YMMqq_YMMqq	VFMADDPD	711
4743	VFMADDPS_XMMdq_XMMdq_MEMdq_XMMdq	VFMADDPS	710
4744	VFMADDPS_XMMdq_XMMdq_XMMdq_MEMdq	VFMADDPS	710
4745	VFMADDPS_XMMdq_XMMdq_XMMdq_XMMdq	VFMADDPS	710
4746	VFMADDPS_YMMqq_YMMqq_MEMqq_YMMqq	VFMADDPS	710
4747	VFMADDPS_YMMqq_YMMqq_YMMqq_MEMqq	VFMADDPS	710
4748	VFMADDPS_YMMqq_YMMqq_YMMqq_YMMqq	VFMADDPS	710
4749	VFMADDSD_XMMdq_XMMq_MEMq_XMMq	VFMADDSD	713
4750	VFMADDSD_XMMdq_XMMq_XMMq_MEMq	VFMADDSD	713
4751	VFMADDSD_XMMdq_XMMq_XMMq_XMMq	VFMADDSD	713
4752	VFMADDSS_XMMdq_XMMd_MEMd_XMMd	VFMADDSS	712
4753	VFMADDSS_XMMdq_XMMd_XMMd_MEMd	VFMADDSS	712
4754	VFMADDSS_XMMdq_XMMd_XMMd_XMMd	VFMADDSS	712
4755	VFMADDSUB132PD_XMMdq_XMMdq_MEMdq	VFMADDSUB132PD	750
4756	VFMADDSUB132PD_XMMdq_XMMdq_XMMdq	VFMADDSUB132PD	750
4757	VFMADDSUB132PD_XMMf64_MASKmskw_XMMf64_MEMf64_AVX512	VFMADDSUB132PD	750
4758	VFMADDSUB132PD_XMMf64_MASKmskw_XMMf64_XMMf64_AVX512	VFMADDSUB132PD	750
4759	VFMADDSUB132PD_YMMf64_MASKmskw_YMMf64_MEMf64_AVX512	VFMADDSUB132PD	750
4760	VFMADDSUB132PD_YMMf64_MASKmskw_YMMf64_YMMf64_AVX512	VFMADDSUB132PD	750
4761	VFMADDSUB132PD_YMMqq_YMMqq_MEMqq	VFMADDSUB132PD	750
4762	VFMADDSUB132PD_YMMqq_YMMqq_YMMqq	VFMADDSUB132PD	750
4763	VFMADDSUB132PD_ZMMf64_MASKmskw_ZMMf64_MEMf64_AVX512	VFMADDSUB132PD	750
4764	VFMADDSUB132PD_ZMMf64_MASKmskw_ZMMf64_ZMMf64_AVX512	VFMADDSUB132PD	750
4765	VFMADDSUB132PH_XMMf16_MASKmskw_XMMf16_MEMf16_AVX512	VFMADDSUB132PH	1676
4766	VFMADDSUB132PH_XMMf16_MASKmskw_XMMf16_XMMf16_AVX512	VFMADDSUB132PH	1676
4767	VFMADDSUB132PH_YMMf16_MASKmskw_YMMf16_MEMf16_AVX512	VFMADDSUB132PH	1676
4768	VFMADDSUB132PH_YMMf16_MASKmskw_YMMf16_YMMf16_AVX512	VFMADDSUB132PH	1676
4769	VFMADDSUB132PH_ZMMf16_MASKmskw_ZMMf16_MEMf16_AVX512	VFMADDSUB132PH	1676
4770	VFMADDSUB132PH_ZMMf16_MASKmskw_ZMMf16_ZMMf16_AVX512	VFMADDSUB132PH	1676
4771	VFMADDSUB132PS_XMMdq_XMMdq_MEMdq	VFMADDSUB132PS	749
4772	VFMADDSUB132PS_XMMdq_XMMdq_XMMdq	VFMADDSUB132PS	749
4773	VFMADDSUB132PS_XMMf32_MASKmskw_XMMf32_MEMf32_AVX512	VFMADDSUB132PS	749
4774	VFMADDSUB132PS_XMMf32_MASKmskw_XMMf32_XMMf32_AVX512	VFMADDSUB132PS	749
4775	VFMADDSUB132PS_YMMf32_MASKmskw_YMMf32_MEMf32_AVX512	VFMADDSUB132PS	749
4776	VFMADDSUB132PS_YMMf32_MASKmskw_YMMf32_YMMf32_AVX512	VFMADDSUB132PS	749
4777	VFMADDSUB132PS_YMMqq_YMMqq_MEMqq	VFMADDSUB132PS	749
4778	VFMADDSUB132PS_YMMqq_YMMqq_YMMqq	VFMADDSUB132PS	749
4779	VFMADDSUB132PS_ZMMf32_MASKmskw_ZMMf32_MEMf32_AVX512	VFMADDSUB132PS	749
4780	VFMADDSUB132PS_ZMMf32_MASKmskw_ZMMf32_ZMMf32_AVX512	VFMADDSUB132PS	749
4781	VFMADDSUB213PD_XMMdq_XMMdq_MEMdq	VFMADDSUB213PD	752
4782	VFMADDSUB213PD_XMMdq_XMMdq_XMMdq	VFMADDSUB213PD	752
4783	VFMADDSUB213PD_XMMf64_MASKmskw_XMMf64_MEMf64_AVX512	VFMADDSUB213PD	752
4784	VFMADDSUB213PD_XMMf64_MASKmskw_XMMf64_XMMf64_AVX512	VFMADDSUB213PD	752
4785	VFMADDSUB213PD_YMMf64_MASKmskw_YMMf64_MEMf64_AVX512	VFMADDSUB213PD	752
4786	VFMADDSUB213PD_YMMf64_MASKmskw_YMMf64_YMMf64_AVX512	VFMADDSUB213PD	752
4787	VFMADDSUB213PD_YMMqq_YMMqq_MEMqq	VFMADDSUB213PD	752
4788	VFMADDSUB213PD_YMMqq_YMMqq_YMMqq	VFMADDSUB213PD	752
4789	VFMADDSUB213PD_ZMMf64_MASKmskw_ZMMf64_MEMf64_AVX512	VFMADDSUB213PD	752
4790	VFMADDSUB213PD_ZMMf64_MASKmskw_ZMMf64_ZMMf64_AVX512	VFMADDSUB213PD	752
4791	VFMADDSUB213PH_XMMf16_MASKmskw_XMMf16_MEMf16_AVX512	VFMADDSUB213PH	1677
4792	VFMADDSUB213PH_XMMf16_MASKmskw_XMMf16_XMMf16_AVX512	VFMADDSUB213PH	1677
4793	VFMADDSUB213PH_YMMf16_MASKmskw_YMMf16_MEMf16_AVX512	VFMADDSUB213PH	1677
4794	VFMADDSUB213PH_YMMf16_MASKmskw_YMMf16_YMMf16_AVX512	VFMADDSUB213PH	1677
4795	VFMADDSUB213PH_ZMMf16_MASKmskw_ZMMf16_MEMf16_AVX512	VFMADDSUB213PH	1677
4796	VFMADDSUB213PH_ZMMf16_MASKmskw_ZMMf16_ZMMf16_AVX512	VFMADDSUB213PH	1677
4797	VFMADDSUB213PS_XMMdq_XMMdq_MEMdq	VFMADDSUB213PS	751
4798	VFMADDSUB213PS_XMMdq_XMMdq_XMMdq	VFMADDSUB213PS	751
4799	VFMADDSUB213PS_XMMf32_MASKmskw_XMMf32_MEMf32_AVX512	VFMADDSUB213PS	751
4800	VFMADDSUB213PS_XMMf32_MASKmskw_XMMf32_XMMf32_AVX512	VFMADDSUB213PS	751
4801	VFMADDSUB213PS_YMMf32_MASKmskw_YMMf32_MEMf32_AVX512	VFMADDSUB213PS	751
4802	VFMADDSUB213PS_YMMf32_MASKmskw_YMMf32_YMMf32_AVX512	VFMADDSUB213PS	751
4803	VFMADDSUB213PS_YMMqq_YMMqq_MEMqq	VFMADDSUB213PS	751
4804	VFMADDSUB213PS_YMMqq_YMMqq_YMMqq	VFMADDSUB213PS	751
4805	VFMADDSUB213PS_ZMMf32_MASKmskw_ZMMf32_MEMf32_AVX512	VFMADDSUB213PS	751
4806	VFMADDSUB213PS_ZMMf32_MASKmskw_ZMMf32_ZMMf32_AVX512	VFMADDSUB213PS	751
4807	VFMADDSUB231PD_XMMdq_XMMdq_MEMdq	VFMADDSUB231PD	754
4808	VFMADDSUB231PD_XMMdq_XMMdq_XMMdq	VFMADDSUB231PD	754
4809	VFMADDSUB231PD_XMMf64_MASKmskw_XMMf64_MEMf64_AVX512	VFMADDSUB231PD	754
4810	VFMADDSUB231PD_XMMf64_MASKmskw_XMMf64_XMMf64_AVX512	VFMADDSUB231PD	754
4811	VFMADDSUB231PD_YMMf64_MASKmskw_YMMf64_MEMf64_AVX512	VFMADDSUB231PD	754
4812	VFMADDSUB231PD_YMMf64_MASKmskw_YMMf64_YMMf64_AVX512	VFMADDSUB231PD	754
4813	VFMADDSUB231PD_YMMqq_YMMqq_MEMqq	VFMADDSUB231PD	754
4814	VFMADDSUB231PD_YMMqq_YMMqq_YMMqq	VFMADDSUB231PD	754
4815	VFMADDSUB231PD_ZMMf64_MASKmskw_ZMMf64_MEMf64_AVX512	VFMADDSUB231PD	754
4816	VFMADDSUB231PD_ZMMf64_MASKmskw_ZMMf64_ZMMf64_AVX512	VFMADDSUB231PD	754
4817	VFMADDSUB231PH_XMMf16_MASKmskw_XMMf16_MEMf16_AVX512	VFMADDSUB231PH	1678
4818	VFMADDSUB231PH_XMMf16_MASKmskw_XMMf16_XMMf16_AVX512	VFMADDSUB231PH	1678
4819	VFMADDSUB231PH_YMMf16_MASKmskw_YMMf16_MEMf16_AVX512	VFMADDSUB231PH	1678
4820	VFMADDSUB231PH_YMMf16_MASKmskw_YMMf16_YMMf16_AVX512	VFMADDSUB231PH	1678
4821	VFMADDSUB231PH_ZMMf16_MASKmskw_ZMMf16_MEMf16_AVX512	VFMADDSUB231PH	1678
4822	VFMADDSUB231PH_ZMMf16_MASKmskw_ZMMf16_ZMMf16_AVX512	VFMADDSUB231PH	1678
4823	VFMADDSUB231PS_XMMdq_XMMdq_MEMdq	VFMADDSUB231PS	753
4824	VFMADDSUB231PS_XMMdq_XMMdq_XMMdq	VFMADDSUB231PS	753
4825	VFMADDSUB231PS_XMMf32_MASKmskw_XMMf32_MEMf32_AVX512	VFMADDSUB231PS	753
4826	VFMADDSUB231PS_XMMf32_MASKmskw_XMMf32_XMMf32_AVX512	VFMADDSUB231PS	753
4827	VFMADDSUB231PS_YMMf32_MASKmskw_YMMf32_MEMf32_AVX512	VFMADDSUB231PS	753
4828	VFMADDSUB231PS_YMMf32_MASKmskw_YMMf32_YMMf32_AVX512	VFMADDSUB231PS	753
4829	VFMADDSUB231PS_YMMqq_YMMqq_MEMqq	VFMADDSUB231PS	753
4830	VFMADDSUB231PS_YMMqq_YMMqq_YMMqq	VFMADDSUB231PS	753
4831	VFMADDSUB231PS_ZMMf32_MASKmskw_ZMMf32_MEMf32_AVX512	VFMADDSUB231PS	753
4832	VFMADDSUB231PS_ZMMf32_MASKmskw_ZMMf32_ZMMf32_AVX512	VFMADDSUB231PS	753
4833	VFMADDSUBPD_XMMdq_XMMdq_MEMdq_XMMdq	VFMADDSUBPD	805
4834	VFMADDSUBPD_XMMdq_XMMdq_XMMdq_MEMdq	VFMADDSUBPD	805
4835	VFMADDSUBPD_XMMdq_XMMdq_XMMdq_XMMdq	VFMADDSUBPD	805
4836	VFMADDSUBPD_YMMqq_YMMqq_MEMqq_YMMqq	VFMADDSUBPD	805
4837	VFMADDSUBPD_YMMqq_YMMqq_YMMqq_MEMqq	VFMADDSUBPD	805
4838	VFMADDSUBPD_YMMqq_YMMqq_YMMqq_YMMqq	VFMADDSUBPD	805
4839	VFMADDSUBPS_XMMdq_XMMdq_MEMdq_XMMdq	VFMADDSUBPS	804
4840	VFMADDSUBPS_XMMdq_XMMdq_XMMdq_MEMdq	VFMADDSUBPS	804
4841	VFMADDSUBPS_XMMdq_XMMdq_XMMdq_XMMdq	VFMADDSUBPS	804
4842	VFMADDSUBPS_YMMqq_YMMqq_MEMqq_YMMqq	VFMADDSUBPS	804
4843	VFMADDSUBPS_YMMqq_YMMqq_YMMqq_MEMqq	VFMADDSUBPS	804
4844	VFMADDSUBPS_YMMqq_YMMqq_YMMqq_YMMqq	VFMADDSUBPS	804
4845	VFMSUB132BF16_XMMbf16_MASKmskw_XMMbf16_MEMbf16_AVX512	VFMSUB132BF16	1679
4846	VFMSUB132BF16_XMMbf16_MASKmskw_XMMbf16_XMMbf16_AVX512	VFMSUB132BF16	1679
4847	VFMSUB132BF16_YMMbf16_MASKmskw_YMMbf16_MEMbf16_AVX512	VFMSUB132BF16	1679
4848	VFMSUB132BF16_YMMbf16_MASKmskw_YMMbf16_YMMbf16_AVX512	VFMSUB132BF16	1679
4849	VFMSUB132BF16_ZMMbf16_MASKmskw_ZMMbf16_MEMbf16_AVX512	VFMSUB132BF16	1679
4850	VFMSUB132BF16_ZMMbf16_MASKmskw_ZMMbf16_ZMMbf16_AVX512	VFMSUB132BF16	1679
4851	VFMSUB132PD_XMMdq_XMMdq_MEMdq	VFMSUB132PD	762
4852	VFMSUB132PD_XMMdq_XMMdq_XMMdq	VFMSUB132PD	762
4853	VFMSUB132PD_XMMf64_MASKmskw_XMMf64_MEMf64_AVX512	VFMSUB132PD	762
4854	VFMSUB132PD_XMMf64_MASKmskw_XMMf64_XMMf64_AVX512	VFMSUB132PD	762
4855	VFMSUB132PD_YMMf64_MASKmskw_YMMf64_MEMf64_AVX512	VFMSUB132PD	762
4856	VFMSUB132PD_YMMf64_MASKmskw_YMMf64_YMMf64_AVX512	VFMSUB132PD	762
4857	VFMSUB132PD_YMMqq_YMMqq_MEMqq	VFMSUB132PD	762
4858	VFMSUB132PD_YMMqq_YMMqq_YMMqq	VFMSUB132PD	762
4859	VFMSUB132PD_ZMMf64_MASKmskw_ZMMf64_MEMf64_AVX512	VFMSUB132PD	762
4860	VFMSUB132PD_ZMMf64_MASKmskw_ZMMf64_ZMMf64_AVX512	VFMSUB132PD	762
4861	VFMSUB132PH_XMMf16_MASKmskw_XMMf16_MEMf16_AVX512	VFMSUB132PH	1680
4862	VFMSUB132PH_XMMf16_MASKmskw_XMMf16_XMMf16_AVX512	VFMSUB132PH	1680
4863	VFMSUB132PH_YMMf16_MASKmskw_YMMf16_MEMf16_AVX512	VFMSUB132PH	1680
4864	VFMSUB132PH_YMMf16_MASKmskw_YMMf16_YMMf16_AVX512	VFMSUB132PH	1680
4865	VFMSUB132PH_ZMMf16_MASKmskw_ZMMf16_MEMf16_AVX512	VFMSUB132PH	1680
4866	VFMSUB132PH_ZMMf16_MASKmskw_ZMMf16_ZMMf16_AVX512	VFMSUB132PH	1680
4867	VFMSUB132PS_XMMdq_XMMdq_MEMdq	VFMSUB132PS	761
4868	VFMSUB132PS_XMMdq_XMMdq_XMMdq	VFMSUB132PS	761
4869	VFMSUB132PS_XMMf32_MASKmskw_XMMf32_MEMf32_AVX512	VFMSUB132PS	761
4870	VFMSUB132PS_XMMf32_MASKmskw_XMMf32_XMMf32_AVX512	VFMSUB132PS	761
4871	VFMSUB132PS_YMMf32_MASKmskw_YMMf32_MEMf32_AVX512	VFMSUB132PS	761
4872	VFMSUB132PS_YMMf32_MASKmskw_YMMf32_YMMf32_AVX512	VFMSUB132PS	761
4873	VFMSUB132PS_YMMqq_YMMqq_MEMqq	VFMSUB132PS	761
4874	VFMSUB132PS_YMMqq_YMMqq_YMMqq	VFMSUB132PS	761
4875	VFMSUB132PS_ZMMf32_MASKmskw_ZMMf32_MEMf32_AVX512	VFMSUB132PS	761
4876	VFMSUB132PS_ZMMf32_MASKmskw_ZMMf32_ZMMf32_AVX512	VFMSUB132PS	761
4877	VFMSUB132SD_XMMdq_XMMq_MEMq	VFMSUB132SD	764
4878	VFMSUB132SD_XMMdq_XMMq_XMMq	VFMSUB132SD	764
4879	VFMSUB132SD_XMMf64_MASKmskw_XMMf64_MEMf64_AVX512	VFMSUB132SD	764
4880	VFMSUB132SD_XMMf64_MASKmskw_XMMf64_XMMf64_AVX512	VFMSUB132SD	764
4881	VFMSUB132SH_XMMf16_MASKmskw_XMMf16_MEMf16_AVX512	VFMSUB132SH	1681
4882	VFMSUB132SH_XMMf16_MASKmskw_XMMf16_XMMf16_AVX512	VFMSUB132SH	1681
4883	VFMSUB132SS_XMMdq_XMMd_MEMd	VFMSUB132SS	763
4884	VFMSUB132SS_XMMdq_XMMd_XMMd	VFMSUB132SS	763
4885	VFMSUB132SS_XMMf32_MASKmskw_XMMf32_MEMf32_AVX512	VFMSUB132SS	763
4886	VFMSUB132SS_XMMf32_MASKmskw_XMMf32_XMMf32_AVX512	VFMSUB132SS	763
4887	VFMSUB213BF16_XMMbf16_MASKmskw_XMMbf16_MEMbf16_AVX512	VFMSUB213BF16	1682
4888	VFMSUB213BF16_XMMbf16_MASKmskw_XMMbf16_XMMbf16_AVX512	VFMSUB213BF16	1682
4889	VFMSUB213BF16_YMMbf16_MASKmskw_YMMbf16_MEMbf16_AVX512	VFMSUB213BF16	1682
4890	VFMSUB213BF16_YMMbf16_MASKmskw_YMMbf16_YMMbf16_AVX512	VFMSUB213BF16	1682
4891	VFMSUB213BF16_ZMMbf16_MASKmskw_ZMMbf16_MEMbf16_AVX512	VFMSUB213BF16	1682
4892	VFMSUB213BF16_ZMMbf16_MASKmskw_ZMMbf16_ZMMbf16_AVX512	VFMSUB213BF16	1682
4893	VFMSUB213PD_XMMdq_XMMdq_MEMdq	VFMSUB213PD	766
4894	VFMSUB213PD_XMMdq_XMMdq_XMMdq	VFMSUB213PD	766
4895	VFMSUB213PD_XMMf64_MASKmskw_XMMf64_MEMf64_AVX512	VFMSUB213PD	766
4896	VFMSUB213PD_XMMf64_MASKmskw_XMMf64_XMMf64_AVX512	VFMSUB213PD	766
4897	VFMSUB213PD_YMMf64_MASKmskw_YMMf64_MEMf64_AVX512	VFMSUB213PD	766
4898	VFMSUB213PD_YMMf64_MASKmskw_YMMf64_YMMf64_AVX512	VFMSUB213PD	766
4899	VFMSUB213PD_YMMqq_YMMqq_MEMqq	VFMSUB213PD	766
4900	VFMSUB213PD_YMMqq_YMMqq_YMMqq	VFMSUB213PD	766
4901	VFMSUB213PD_ZMMf64_MASKmskw_ZMMf64_MEMf64_AVX512	VFMSUB213PD	766
4902	VFMSUB213PD_ZMMf64_MASKmskw_ZMMf64_ZMMf64_AVX512	VFMSUB213PD	766
4903	VFMSUB213PH_XMMf16_MASKmskw_XMMf16_MEMf16_AVX512	VFMSUB213PH	1683
4904	VFMSUB213PH_XMMf16_MASKmskw_XMMf16_XMMf16_AVX512	VFMSUB213PH	1683
4905	VFMSUB213PH_YMMf16_MASKmskw_YMMf16_MEMf16_AVX512	VFMSUB213PH	1683
4906	VFMSUB213PH_YMMf16_MASKmskw_YMMf16_YMMf16_AVX512	VFMSUB213PH	1683
4907	VFMSUB213PH_ZMMf16_MASKmskw_ZMMf16_MEMf16_AVX512	VFMSUB213PH	1683
4908	VFMSUB213PH_ZMMf16_MASKmskw_ZMMf16_ZMMf16_AVX512	VFMSUB213PH	1683
4909	VFMSUB213PS_XMMdq_XMMdq_MEMdq	VFMSUB213PS	765
4910	VFMSUB213PS_XMMdq_XMMdq_XMMdq	VFMSUB213PS	765
4911	VFMSUB213PS_XMMf32_MASKmskw_XMMf32_MEMf32_AVX512	VFMSUB213PS	765
4912	VFMSUB213PS_XMMf32_MASKmskw_XMMf32_XMMf32_AVX512	VFMSUB213PS	765
4913	VFMSUB213PS_YMMf32_MASKmskw_YMMf32_MEMf32_AVX512	VFMSUB213PS	765
4914	VFMSUB213PS_YMMf32_MASKmskw_YMMf32_YMMf32_AVX512	VFMSUB213PS	765
4915	VFMSUB213PS_YMMqq_YMMqq_MEMqq	VFMSUB213PS	765
4916	VFMSUB213PS_YMMqq_YMMqq_YMMqq	VFMSUB213PS	765
4917	VFMSUB213PS_ZMMf32_MASKmskw_ZMMf32_MEMf32_AVX512	VFMSUB213PS	765
4918	VFMSUB213PS_ZMMf32_MASKmskw_ZMMf32_ZMMf32_AVX512	VFMSUB213PS	765
4919	VFMSUB213SD_XMMdq_XMMq_MEMq	VFMSUB213SD	768
4920	VFMSUB213SD_XMMdq_XMMq_XMMq	VFMSUB213SD	768
4921	VFMSUB213SD_XMMf64_MASKmskw_XMMf64_MEMf64_AVX512	VFMSUB213SD	768
4922	VFMSUB213SD_XMMf64_MASKmskw_XMMf64_XMMf64_AVX512	VFMSUB213SD	768
4923	VFMSUB213SH_XMMf16_MASKmskw_XMMf16_MEMf16_AVX512	VFMSUB213SH	1684
4924	VFMSUB213SH_XMMf16_MASKmskw_XMMf16_XMMf16_AVX512	VFMSUB213SH	1684
4925	VFMSUB213SS_XMMdq_XMMd_MEMd	VFMSUB213SS	767
4926	VFMSUB213SS_XMMdq_XMMd_XMMd	VFMSUB213SS	767
4927	VFMSUB213SS_XMMf32_MASKmskw_XMMf32_MEMf32_AVX512	VFMSUB213SS	767
4928	VFMSUB213SS_XMMf32_MASKmskw_XMMf32_XMMf32_AVX512	VFMSUB213SS	767
4929	VFMSUB231BF16_XMMbf16_MASKmskw_XMMbf16_MEMbf16_AVX512	VFMSUB231BF16	1685
4930	VFMSUB231BF16_XMMbf16_MASKmskw_XMMbf16_XMMbf16_AVX512	VFMSUB231BF16	1685
4931	VFMSUB231BF16_YMMbf16_MASKmskw_YMMbf16_MEMbf16_AVX512	VFMSUB231BF16	1685
4932	VFMSUB231BF16_YMMbf16_MASKmskw_YMMbf16_YMMbf16_AVX512	VFMSUB231BF16	1685
4933	VFMSUB231BF16_ZMMbf16_MASKmskw_ZMMbf16_MEMbf16_AVX512	VFMSUB231BF16	1685
4934	VFMSUB231BF16_ZMMbf16_MASKmskw_ZMMbf16_ZMMbf16_AVX512	VFMSUB231BF16	1685
4935	VFMSUB231PD_XMMdq_XMMdq_MEMdq	VFMSUB231PD	770
4936	VFMSUB231PD_XMMdq_XMMdq_XMMdq	VFMSUB231PD	770
4937	VFMSUB231PD_XMMf64_MASKmskw_XMMf64_MEMf64_AVX512	VFMSUB231PD	770
4938	VFMSUB231PD_XMMf64_MASKmskw_XMMf64_XMMf64_AVX512	VFMSUB231PD	770
4939	VFMSUB231PD_YMMf64_MASKmskw_YMMf64_MEMf64_AVX512	VFMSUB231PD	770
4940	VFMSUB231PD_YMMf64_MASKmskw_YMMf64_YMMf64_AVX512	VFMSUB231PD	770
4941	VFMSUB231PD_YMMqq_YMMqq_MEMqq	VFMSUB231PD	770
4942	VFMSUB231PD_YMMqq_YMMqq_YMMqq	VFMSUB231PD	770
4943	VFMSUB231PD_ZMMf64_MASKmskw_ZMMf64_MEMf64_AVX512	VFMSUB231PD	770
4944	VFMSUB231PD_ZMMf64_MASKmskw_ZMMf64_ZMMf64_AVX512	VFMSUB231PD	770
4945	VFMSUB231PH_XMMf16_MASKmskw_XMMf16_MEMf16_AVX512	VFMSUB231PH	1686
4946	VFMSUB231PH_XMMf16_MASKmskw_XMMf16_XMMf16_AVX512	VFMSUB231PH	1686
4947	VFMSUB231PH_YMMf16_MASKmskw_YMMf16_MEMf16_AVX512	VFMSUB231PH	1686
4948	VFMSUB231PH_YMMf16_MASKmskw_YMMf16_YMMf16_AVX512	VFMSUB231PH	1686
4949	VFMSUB231PH_ZMMf16_MASKmskw_ZMMf16_MEMf16_AVX512	VFMSUB231PH	1686
4950	VFMSUB231PH_ZMMf16_MASKmskw_ZMMf16_ZMMf16_AVX512	VFMSUB231PH	1686
4951	VFMSUB231PS_XMMdq_XMMdq_MEMdq	VFMSUB231PS	769
4952	VFMSUB231PS_XMMdq_XMMdq_XMMdq	VFMSUB231PS	769
4953	VFMSUB231PS_XMMf32_MASKmskw_XMMf32_MEMf32_AVX512	VFMSUB231PS	769
4954	VFMSUB231PS_XMMf32_MASKmskw_XMMf32_XMMf32_AVX512	VFMSUB231PS	769
4955	VFMSUB231PS_YMMf32_MASKmskw_YMMf32_MEMf32_AVX512	VFMSUB231PS	769
4956	VFMSUB231PS_YMMf32_MASKmskw_YMMf32_YMMf32_AVX512	VFMSUB231PS	769
4957	VFMSUB231PS_YMMqq_YMMqq_MEMqq	VFMSUB231PS	769
4958	VFMSUB231PS_YMMqq_YMMqq_YMMqq	VFMSUB231PS	769
4959	VFMSUB231PS_ZMMf32_MASKmskw_ZMMf32_MEMf32_AVX512	VFMSUB231PS	769
4960	VFMSUB231PS_ZMMf32_MASKmskw_ZMMf32_ZMMf32_AVX512	VFMSUB231PS	769
4961	VFMSUB231SD_XMMdq_XMMq_MEMq	VFMSUB231SD	772
4962	VFMSUB231SD_XMMdq_XMMq_XMMq	VFMSUB231SD	772
4963	VFMSUB231SD_XMMf64_MASKmskw_XMMf64_MEMf64_AVX512	VFMSUB231SD	772
4964	VFMSUB231SD_XMMf64_MASKmskw_XMMf64_XMMf64_AVX512	VFMSUB231SD	772
4965	VFMSUB231SH_XMMf16_MASKmskw_XMMf16_MEMf16_AVX512	VFMSUB231SH	1687
4966	VFMSUB231SH_XMMf16_MASKmskw_XMMf16_XMMf16_AVX512	VFMSUB231SH	1687
4967	VFMSUB231SS_XMMdq_XMMd_MEMd	VFMSUB231SS	771
4968	VFMSUB231SS_XMMdq_XMMd_XMMd	VFMSUB231SS	771
4969	VFMSUB231SS_XMMf32_MASKmskw_XMMf32_MEMf32_AVX512	VFMSUB231SS	771
4970	VFMSUB231SS_XMMf32_MASKmskw_XMMf32_XMMf32_AVX512	VFMSUB231SS	771
4971	VFMSUBADD132PD_XMMdq_XMMdq_MEMdq	VFMSUBADD132PD	756
4972	VFMSUBADD132PD_XMMdq_XMMdq_XMMdq	VFMSUBADD132PD	756
4973	VFMSUBADD132PD_XMMf64_MASKmskw_XMMf64_MEMf64_AVX512	VFMSUBADD132PD	756
4974	VFMSUBADD132PD_XMMf64_MASKmskw_XMMf64_XMMf64_AVX512	VFMSUBADD132PD	756
4975	VFMSUBADD132PD_YMMf64_MASKmskw_YMMf64_MEMf64_AVX512	VFMSUBADD132PD	756
4976	VFMSUBADD132PD_YMMf64_MASKmskw_YMMf64_YMMf64_AVX512	VFMSUBADD132PD	756
4977	VFMSUBADD132PD_YMMqq_YMMqq_MEMqq	VFMSUBADD132PD	756
4978	VFMSUBADD132PD_YMMqq_YMMqq_YMMqq	VFMSUBADD132PD	756
4979	VFMSUBADD132PD_ZMMf64_MASKmskw_ZMMf64_MEMf64_AVX512	VFMSUBADD132PD	756
4980	VFMSUBADD132PD_ZMMf64_MASKmskw_ZMMf64_ZMMf64_AVX512	VFMSUBADD132PD	756
4981	VFMSUBADD132PH_XMMf16_MASKmskw_XMMf16_MEMf16_AVX512	VFMSUBADD132PH	1688
4982	VFMSUBADD132PH_XMMf16_MASKmskw_XMMf16_XMMf16_AVX512	VFMSUBADD132PH	1688
4983	VFMSUBADD132PH_YMMf16_MASKmskw_YMMf16_MEMf16_AVX512	VFMSUBADD132PH	1688
4984	VFMSUBADD132PH_YMMf16_MASKmskw_YMMf16_YMMf16_AVX512	VFMSUBADD132PH	1688
4985	VFMSUBADD132PH_ZMMf16_MASKmskw_ZMMf16_MEMf16_AVX512	VFMSUBADD132PH	1688
4986	VFMSUBADD132PH_ZMMf16_MASKmskw_ZMMf16_ZMMf16_AVX512	VFMSUBADD132PH	1688
4987	VFMSUBADD132PS_XMMdq_XMMdq_MEMdq	VFMSUBADD132PS	755
4988	VFMSUBADD132PS_XMMdq_XMMdq_XMMdq	VFMSUBADD132PS	755
4989	VFMSUBADD132PS_XMMf32_MASKmskw_XMMf32_MEMf32_AVX512	VFMSUBADD132PS	755
4990	VFMSUBADD132PS_XMMf32_MASKmskw_XMMf32_XMMf32_AVX512	VFMSUBADD132PS	755
4991	VFMSUBADD132PS_YMMf32_MASKmskw_YMMf32_MEMf32_AVX512	VFMSUBADD132PS	755
4992	VFMSUBADD132PS_YMMf32_MASKmskw_YMMf32_YMMf32_AVX512	VFMSUBADD132PS	755
4993	VFMSUBADD132PS_YMMqq_YMMqq_MEMqq	VFMSUBADD132PS	755
4994	VFMSUBADD132PS_YMMqq_YMMqq_YMMqq	VFMSUBADD132PS	755
4995	VFMSUBADD132PS_ZMMf32_MASKmskw_ZMMf32_MEMf32_AVX512	VFMSUBADD132PS	755
4996	VFMSUBADD132PS_ZMMf32_MASKmskw_ZMMf32_ZMMf32_AVX512	VFMSUBADD132PS	755
4997	VFMSUBADD213PD_XMMdq_XMMdq_MEMdq	VFMSUBADD213PD	758
4998	VFMSUBADD213PD_XMMdq_XMMdq_XMMdq	VFMSUBADD213PD	758
4999	VFMSUBADD213PD_XMMf64_MASKmskw_XMMf64_MEMf64_AVX512	VFMSUBADD213PD	758
5000	VFMSUBADD213PD_XMMf64_MASKmskw_XMMf64_XMMf64_AVX512	VFMSUBADD213PD	758
5001	VFMSUBADD213PD_YMMf64_MASKmskw_YMMf64_MEMf64_AVX512	VFMSUBADD213PD	758
5002	VFMSUBADD213PD_YMMf64_MASKmskw_YMMf64_YMMf64_AVX512	VFMSUBADD213PD	758
5003	VFMSUBADD213PD_YMMqq_YMMqq_MEMqq	VFMSUBADD213PD	758
5004	VFMSUBADD213PD_YMMqq_YMMqq_YMMqq	VFMSUBADD213PD	758
5005	VFMSUBADD213PD_ZMMf64_MASKmskw_ZMMf64_MEMf64_AVX512	VFMSUBADD213PD	758
5006	VFMSUBADD213PD_ZMMf64_MASKmskw_ZMMf64_ZMMf64_AVX512	VFMSUBADD213PD	758
5007	VFMSUBADD213PH_XMMf16_MASKmskw_XMMf16_MEMf16_AVX512	VFMSUBADD213PH	1689
5008	VFMSUBADD213PH_XMMf16_MASKmskw_XMMf16_XMMf16_AVX512	VFMSUBADD213PH	1689
5009	VFMSUBADD213PH_YMMf16_MASKmskw_YMMf16_MEMf16_AVX512	VFMSUBADD213PH	1689
5010	VFMSUBADD213PH_YMMf16_MASKmskw_YMMf16_YMMf16_AVX512	VFMSUBADD213PH	1689
5011	VFMSUBADD213PH_ZMMf16_MASKmskw_ZMMf16_MEMf16_AVX512	VFMSUBADD213PH	1689
5012	VFMSUBADD213PH_ZMMf16_MASKmskw_ZMMf16_ZMMf16_AVX512	VFMSUBADD213PH	1689
5013	VFMSUBADD213PS_XMMdq_XMMdq_MEMdq	VFMSUBADD213PS	757
5014	VFMSUBADD213PS_XMMdq_XMMdq_XMMdq	VFMSUBADD213PS	757
5015	VFMSUBADD213PS_XMMf32_MASKmskw_XMMf32_MEMf32_AVX512	VFMSUBADD213PS	757
5016	VFMSUBADD213PS_XMMf32_MASKmskw_XMMf32_XMMf32_AVX512	VFMSUBADD213PS	757
5017	VFMSUBADD213PS_YMMf32_MASKmskw_YMMf32_MEMf32_AVX512	VFMSUBADD213PS	757
5018	VFMSUBADD213PS_YMMf32_MASKmskw_YMMf32_YMMf32_AVX512	VFMSUBADD213PS	757
5019	VFMSUBADD213PS_YMMqq_YMMqq_MEMqq	VFMSUBADD213PS	757
5020	VFMSUBADD213PS_YMMqq_YMMqq_YMMqq	VFMSUBADD213PS	757
5021	VFMSUBADD213PS_ZMMf32_MASKmskw_ZMMf32_MEMf32_AVX512	VFMSUBADD213PS	757
5022	VFMSUBADD213PS_ZMMf32_MASKmskw_ZMMf32_ZMMf32_AVX512	VFMSUBADD213PS	757
5023	VFMSUBADD231PD_XMMdq_XMMdq_MEMdq	VFMSUBADD231PD	760
5024	VFMSUBADD231PD_XMMdq_XMMdq_XMMdq	VFMSUBADD231PD	760
5025	VFMSUBADD231PD_XMMf64_MASKmskw_XMMf64_MEMf64_AVX512	VFMSUBADD231PD	760
5026	VFMSUBADD231PD_XMMf64_MASKmskw_XMMf64_XMMf64_AVX512	VFMSUBADD231PD	760
5027	VFMSUBADD231PD_YMMf64_MASKmskw_YMMf64_MEMf64_AVX512	VFMSUBADD231PD	760
5028	VFMSUBADD231PD_YMMf64_MASKmskw_YMMf64_YMMf64_AVX512	VFMSUBADD231PD	760
5029	VFMSUBADD231PD_YMMqq_YMMqq_MEMqq	VFMSUBADD231PD	760
5030	VFMSUBADD231PD_YMMqq_YMMqq_YMMqq	VFMSUBADD231PD	760
5031	VFMSUBADD231PD_ZMMf64_MASKmskw_ZMMf64_MEMf64_AVX512	VFMSUBADD231PD	760
5032	VFMSUBADD231PD_ZMMf64_MASKmskw_ZMMf64_ZMMf64_AVX512	VFMSUBADD231PD	760
5033	VFMSUBADD231PH_XMMf16_MASKmskw_XMMf16_MEMf16_AVX512	VFMSUBADD231PH	1690
5034	VFMSUBADD231PH_XMMf16_MASKmskw_XMMf16_XMMf16_AVX512	VFMSUBADD231PH	1690
5035	VFMSUBADD231PH_YMMf16_MASKmskw_YMMf16_MEMf16_AVX512	VFMSUBADD231PH	1690
5036	VFMSUBADD231PH_YMMf16_MASKmskw_YMMf16_YMMf16_AVX512	VFMSUBADD231PH	1690
5037	VFMSUBADD231PH_ZMMf16_MASKmskw_ZMMf16_MEMf16_AVX512	VFMSUBADD231PH	1690
5038	VFMSUBADD231PH_ZMMf16_MASKmskw_ZMMf16_ZMMf16_AVX512	VFMSUBADD231PH	1690
5039	VFMSUBADD231PS_XMMdq_XMMdq_MEMdq	VFMSUBADD231PS	759
5040	VFMSUBADD231PS_XMMdq_XMMdq_XMMdq	VFMSUBADD231PS	759
5041	VFMSUBADD231PS_XMMf32_MASKmskw_XMMf32_MEMf32_AVX512	VFMSUBADD231PS	759
5042	VFMSUBADD231PS_XMMf32_MASKmskw_XMMf32_XMMf32_AVX512	VFMSUBADD231PS	759
5043	VFMSUBADD231PS_YMMf32_MASKmskw_YMMf32_MEMf32_AVX512	VFMSUBADD231PS	759
5044	VFMSUBADD231PS_YMMf32_MASKmskw_YMMf32_YMMf32_AVX512	VFMSUBADD231PS	759
5045	VFMSUBADD231PS_YMMqq_YMMqq_MEMqq	VFMSUBADD231PS	759
5046	VFMSUBADD231PS_YMMqq_YMMqq_YMMqq	VFMSUBADD231PS	759
5047	VFMSUBADD231PS_ZMMf32_MASKmskw_ZMMf32_MEMf32_AVX512	VFMSUBADD231PS	759
5048	VFMSUBADD231PS_ZMMf32_MASKmskw_ZMMf32_ZMMf32_AVX512	VFMSUBADD231PS	759
5049	VFMSUBADDPD_XMMdq_XMMdq_MEMdq_XMMdq	VFMSUBADDPD	807
5050	VFMSUBADDPD_XMMdq_XMMdq_XMMdq_MEMdq	VFMSUBADDPD	807
5051	VFMSUBADDPD_XMMdq_XMMdq_XMMdq_XMMdq	VFMSUBADDPD	807
5052	VFMSUBADDPD_YMMqq_YMMqq_MEMqq_YMMqq	VFMSUBADDPD	807
5053	VFMSUBADDPD_YMMqq_YMMqq_YMMqq_MEMqq	VFMSUBADDPD	807
5054	VFMSUBADDPD_YMMqq_YMMqq_YMMqq_YMMqq	VFMSUBADDPD	807
5055	VFMSUBADDPS_XMMdq_XMMdq_MEMdq_XMMdq	VFMSUBADDPS	806
5056	VFMSUBADDPS_XMMdq_XMMdq_XMMdq_MEMdq	VFMSUBADDPS	806
5057	VFMSUBADDPS_XMMdq_XMMdq_XMMdq_XMMdq	VFMSUBADDPS	806
5058	VFMSUBADDPS_YMMqq_YMMqq_MEMqq_YMMqq	VFMSUBADDPS	806
5059	VFMSUBADDPS_YMMqq_YMMqq_YMMqq_MEMqq	VFMSUBADDPS	806
5060	VFMSUBADDPS_YMMqq_YMMqq_YMMqq_YMMqq	VFMSUBADDPS	806
5061	VFMSUBPD_XMMdq_XMMdq_MEMdq_XMMdq	VFMSUBPD	809
5062	VFMSUBPD_XMMdq_XMMdq_XMMdq_MEMdq	VFMSUBPD	809
5063	VFMSUBPD_XMMdq_XMMdq_XMMdq_XMMdq	VFMSUBPD	809
5064	VFMSUBPD_YMMqq_YMMqq_MEMqq_YMMqq	VFMSUBPD	809
5065	VFMSUBPD_YMMqq_YMMqq_YMMqq_MEMqq	VFMSUBPD	809
5066	VFMSUBPD_YMMqq_YMMqq_YMMqq_YMMqq	VFMSUBPD	809
5067	VFMSUBPS_XMMdq_XMMdq_MEMdq_XMMdq	VFMSUBPS	808
5068	VFMSUBPS_XMMdq_XMMdq_XMMdq_MEMdq	VFMSUBPS	808
5069	VFMSUBPS_XMMdq_XMMdq_XMMdq_XMMdq	VFMSUBPS	808
5070	VFMSUBPS_YMMqq_YMMqq_MEMqq_YMMqq	VFMSUBPS	808
5071	VFMSUBPS_YMMqq_YMMqq_YMMqq_MEMqq	VFMSUBPS	808
5072	VFMSUBPS_YMMqq_YMMqq_YMMqq_YMMqq	VFMSUBPS	808
5073	VFMSUBSD_XMMdq_XMMq_MEMq_XMMq	VFMSUBSD	811
5074	VFMSUBSD_XMMdq_XMMq_XMMq_MEMq	VFMSUBSD	811
5075	VFMSUBSD_XMMdq_XMMq_XMMq_XMMq	VFMSUBSD	811
5076	VFMSUBSS_XMMdq_XMMd_MEMd_XMMd	VFMSUBSS	810
5077	VFMSUBSS_XMMdq_XMMd_XMMd_MEMd	VFMSUBSS	810
5078	VFMSUBSS_XMMdq_XMMd_XMMd_XMMd	VFMSUBSS	810
5079	VFMULCPH_XMM2f16_MASKmskw_XMM2f16_MEM2f16_AVX512	VFMULCPH	1691
5080	VFMULCPH_XMM2f16_MASKmskw_XMM2f16_XMM2f16_AVX512	VFMULCPH	1691
5081	VFMULCPH_YMM2f16_MASKmskw_YMM2f16_MEM2f16_AVX512	VFMULCPH	1691
5082	VFMULCPH_YMM2f16_MASKmskw_YMM2f16_YMM2f16_AVX512	VFMULCPH	1691
5083	VFMULCPH_ZMM2f16_MASKmskw_ZMM2f16_MEM2f16_AVX512	VFMULCPH	1691
5084	VFMULCPH_ZMM2f16_MASKmskw_ZMM2f16_ZMM2f16_AVX512	VFMULCPH	1691
5085	VFMULCSH_XMM2f16_MASKmskw_XMM2f16_MEM2f16_AVX512	VFMULCSH	1692
5086	VFMULCSH_XMM2f16_MASKmskw_XMM2f16_XMM2f16_AVX512	VFMULCSH	1692
5087	VFNMADD132BF16_XMMbf16_MASKmskw_XMMbf16_MEMbf16_AVX512	VFNMADD132BF16	1693
5088	VFNMADD132BF16_XMMbf16_MASKmskw_XMMbf16_XMMbf16_AVX512	VFNMADD132BF16	1693
5089	VFNMADD132BF16_YMMbf16_MASKmskw_YMMbf16_MEMbf16_AVX512	VFNMADD132BF16	1693
5090	VFNMADD132BF16_YMMbf16_MASKmskw_YMMbf16_YMMbf16_AVX512	VFNMADD132BF16	1693
5091	VFNMADD132BF16_ZMMbf16_MASKmskw_ZMMbf16_MEMbf16_AVX512	VFNMADD132BF16	1693
5092	VFNMADD132BF16_ZMMbf16_MASKmskw_ZMMbf16_ZMMbf16_AVX512	VFNMADD132BF16	1693
5093	VFNMADD132PD_XMMdq_XMMdq_MEMdq	VFNMADD132PD	774
5094	VFNMADD132PD_XMMdq_XMMdq_XMMdq	VFNMADD132PD	774
5095	VFNMADD132PD_XMMf64_MASKmskw_XMMf64_MEMf64_AVX512	VFNMADD132PD	774
5096	VFNMADD132PD_XMMf64_MASKmskw_XMMf64_XMMf64_AVX512	VFNMADD132PD	774
5097	VFNMADD132PD_YMMf64_MASKmskw_YMMf64_MEMf64_AVX512	VFNMADD132PD	774
5098	VFNMADD132PD_YMMf64_MASKmskw_YMMf64_YMMf64_AVX512	VFNMADD132PD	774
5099	VFNMADD132PD_YMMqq_YMMqq_MEMqq	VFNMADD132PD	774
5100	VFNMADD132PD_YMMqq_YMMqq_YMMqq	VFNMADD132PD	774
5101	VFNMADD132PD_ZMMf64_MASKmskw_ZMMf64_MEMf64_AVX512	VFNMADD132PD	774
5102	VFNMADD132PD_ZMMf64_MASKmskw_ZMMf64_ZMMf64_AVX512	VFNMADD132PD	774
5103	VFNMADD132PH_XMMf16_MASKmskw_XMMf16_MEMf16_AVX512	VFNMADD132PH	1694
5104	VFNMADD132PH_XMMf16_MASKmskw_XMMf16_XMMf16_AVX512	VFNMADD132PH	1694
5105	VFNMADD132PH_YMMf16_MASKmskw_YMMf16_MEMf16_AVX512	VFNMADD132PH	1694
5106	VFNMADD132PH_YMMf16_MASKmskw_YMMf16_YMMf16_AVX512	VFNMADD132PH	1694
5107	VFNMADD132PH_ZMMf16_MASKmskw_ZMMf16_MEMf16_AVX512	VFNMADD132PH	1694
5108	VFNMADD132PH_ZMMf16_MASKmskw_ZMMf16_ZMMf16_AVX512	VFNMADD132PH	1694
5109	VFNMADD132PS_XMMdq_XMMdq_MEMdq	VFNMADD132PS	773
5110	VFNMADD132PS_XMMdq_XMMdq_XMMdq	VFNMADD132PS	773
5111	VFNMADD132PS_XMMf32_MASKmskw_XMMf32_MEMf32_AVX512	VFNMADD132PS	773
5112	VFNMADD132PS_XMMf32_MASKmskw_XMMf32_XMMf32_AVX512	VFNMADD132PS	773
5113	VFNMADD132PS_YMMf32_MASKmskw_YMMf32_MEMf32_AVX512	VFNMADD132PS	773
5114	VFNMADD132PS_YMMf32_MASKmskw_YMMf32_YMMf32_AVX512	VFNMADD132PS	773
5115	VFNMADD132PS_YMMqq_YMMqq_MEMqq	VFNMADD132PS	773
5116	VFNMADD132PS_YMMqq_YMMqq_YMMqq	VFNMADD132PS	773
5117	VFNMADD132PS_ZMMf32_MASKmskw_ZMMf32_MEMf32_AVX512	VFNMADD132PS	773
5118	VFNMADD132PS_ZMMf32_MASKmskw_ZMMf32_ZMMf32_AVX512	VFNMADD132PS	773
5119	VFNMADD132SD_XMMdq_XMMq_MEMq	VFNMADD132SD	776
5120	VFNMADD132SD_XMMdq_XMMq_XMMq	VFNMADD132SD	776
5121	VFNMADD132SD_XMMf64_MASKmskw_XMMf64_MEMf64_AVX512	VFNMADD132SD	776
5122	VFNMADD132SD_XMMf64_MASKmskw_XMMf64_XMMf64_AVX512	VFNMADD132SD	776
5123	VFNMADD132SH_XMMf16_MASKmskw_XMMf16_MEMf16_AVX512	VFNMADD132SH	1695
5124	VFNMADD132SH_XMMf16_MASKmskw_XMMf16_XMMf16_AVX512	VFNMADD132SH	1695
5125	VFNMADD132SS_XMMdq_XMMd_MEMd	VFNMADD132SS	775
5126	VFNMADD132SS_XMMdq_XMMd_XMMd	VFNMADD132SS	775
5127	VFNMADD132SS_XMMf32_MASKmskw_XMMf32_MEMf32_AVX512	VFNMADD132SS	775
5128	VFNMADD132SS_XMMf32_MASKmskw_XMMf32_XMMf32_AVX512	VFNMADD132SS	775
5129	VFNMADD213BF16_XMMbf16_MASKmskw_XMMbf16_MEMbf16_AVX512	VFNMADD213BF16	1696
5130	VFNMADD213BF16_XMMbf16_MASKmskw_XMMbf16_XMMbf16_AVX512	VFNMADD213BF16	1696
5131	VFNMADD213BF16_YMMbf16_MASKmskw_YMMbf16_MEMbf16_AVX512	VFNMADD213BF16	1696
5132	VFNMADD213BF16_YMMbf16_MASKmskw_YMMbf16_YMMbf16_AVX512	VFNMADD213BF16	1696
5133	VFNMADD213BF16_ZMMbf16_MASKmskw_ZMMbf16_MEMbf16_AVX512	VFNMADD213BF16	1696
5134	VFNMADD213BF16_ZMMbf16_MASKmskw_ZMMbf16_ZMMbf16_AVX512	VFNMADD213BF16	1696
5135	VFNMADD213PD_XMMdq_XMMdq_MEMdq	VFNMADD213PD	778
5136	VFNMADD213PD_XMMdq_XMMdq_XMMdq	VFNMADD213PD	778
5137	VFNMADD213PD_XMMf64_MASKmskw_XMMf64_MEMf64_AVX512	VFNMADD213PD	778
5138	VFNMADD213PD_XMMf64_MASKmskw_XMMf64_XMMf64_AVX512	VFNMADD213PD	778
5139	VFNMADD213PD_YMMf64_MASKmskw_YMMf64_MEMf64_AVX512	VFNMADD213PD	778
5140	VFNMADD213PD_YMMf64_MASKmskw_YMMf64_YMMf64_AVX512	VFNMADD213PD	778
5141	VFNMADD213PD_YMMqq_YMMqq_MEMqq	VFNMADD213PD	778
5142	VFNMADD213PD_YMMqq_YMMqq_YMMqq	VFNMADD213PD	778
5143	VFNMADD213PD_ZMMf64_MASKmskw_ZMMf64_MEMf64_AVX512	VFNMADD213PD	778
5144	VFNMADD213PD_ZMMf64_MASKmskw_ZMMf64_ZMMf64_AVX512	VFNMADD213PD	778
5145	VFNMADD213PH_XMMf16_MASKmskw_XMMf16_MEMf16_AVX512	VFNMADD213PH	1697
5146	VFNMADD213PH_XMMf16_MASKmskw_XMMf16_XMMf16_AVX512	VFNMADD213PH	1697
5147	VFNMADD213PH_YMMf16_MASKmskw_YMMf16_MEMf16_AVX512	VFNMADD213PH	1697
5148	VFNMADD213PH_YMMf16_MASKmskw_YMMf16_YMMf16_AVX512	VFNMADD213PH	1697
5149	VFNMADD213PH_ZMMf16_MASKmskw_ZMMf16_MEMf16_AVX512	VFNMADD213PH	1697
5150	VFNMADD213PH_ZMMf16_MASKmskw_ZMMf16_ZMMf16_AVX512	VFNMADD213PH	1697
5151	VFNMADD213PS_XMMdq_XMMdq_MEMdq	VFNMADD213PS	777
5152	VFNMADD213PS_XMMdq_XMMdq_XMMdq	VFNMADD213PS	777
5153	VFNMADD213PS_XMMf32_MASKmskw_XMMf32_MEMf32_AVX512	VFNMADD213PS	777
5154	VFNMADD213PS_XMMf32_MASKmskw_XMMf32_XMMf32_AVX512	VFNMADD213PS	777
5155	VFNMADD213PS_YMMf32_MASKmskw_YMMf32_MEMf32_AVX512	VFNMADD213PS	777
5156	VFNMADD213PS_YMMf32_MASKmskw_YMMf32_YMMf32_AVX512	VFNMADD213PS	777
5157	VFNMADD213PS_YMMqq_YMMqq_MEMqq	VFNMADD213PS	777
5158	VFNMADD213PS_YMMqq_YMMqq_YMMqq	VFNMADD213PS	777
5159	VFNMADD213PS_ZMMf32_MASKmskw_ZMMf32_MEMf32_AVX512	VFNMADD213PS	777
5160	VFNMADD213PS_ZMMf32_MASKmskw_ZMMf32_ZMMf32_AVX512	VFNMADD213PS	777
5161	VFNMADD213SD_XMMdq_XMMq_MEMq	VFNMADD213SD	780
5162	VFNMADD213SD_XMMdq_XMMq_XMMq	VFNMADD213SD	780
5163	VFNMADD213SD_XMMf64_MASKmskw_XMMf64_MEMf64_AVX512	VFNMADD213SD	780
5164	VFNMADD213SD_XMMf64_MASKmskw_XMMf64_XMMf64_AVX512	VFNMADD213SD	780
5165	VFNMADD213SH_XMMf16_MASKmskw_XMMf16_MEMf16_AVX512	VFNMADD213SH	1698
5166	VFNMADD213SH_XMMf16_MASKmskw_XMMf16_XMMf16_AVX512	VFNMADD213SH	1698
5167	VFNMADD213SS_XMMdq_XMMd_MEMd	VFNMADD213SS	779
5168	VFNMADD213SS_XMMdq_XMMd_XMMd	VFNMADD213SS	779
5169	VFNMADD213SS_XMMf32_MASKmskw_XMMf32_MEMf32_AVX512	VFNMADD213SS	779
5170	VFNMADD213SS_XMMf32_MASKmskw_XMMf32_XMMf32_AVX512	VFNMADD213SS	779
5171	VFNMADD231BF16_XMMbf16_MASKmskw_XMMbf16_MEMbf16_AVX512	VFNMADD231BF16	1699
5172	VFNMADD231BF16_XMMbf16_MASKmskw_XMMbf16_XMMbf16_AVX512	VFNMADD231BF16	1699
5173	VFNMADD231BF16_YMMbf16_MASKmskw_YMMbf16_MEMbf16_AVX512	VFNMADD231BF16	1699
5174	VFNMADD231BF16_YMMbf16_MASKmskw_YMMbf16_YMMbf16_AVX512	VFNMADD231BF16	1699
5175	VFNMADD231BF16_ZMMbf16_MASKmskw_ZMMbf16_MEMbf16_AVX512	VFNMADD231BF16	1699
5176	VFNMADD231BF16_ZMMbf16_MASKmskw_ZMMbf16_ZMMbf16_AVX512	VFNMADD231BF16	1699
5177	VFNMADD231PD_XMMdq_XMMdq_MEMdq	VFNMADD231PD	782
5178	VFNMADD231PD_XMMdq_XMMdq_XMMdq	VFNMADD231PD	782
5179	VFNMADD231PD_XMMf64_MASKmskw_XMMf64_MEMf64_AVX512	VFNMADD231PD	782
5180	VFNMADD231PD_XMMf64_MASKmskw_XMMf64_XMMf64_AVX512	VFNMADD231PD	782
5181	VFNMADD231PD_YMMf64_MASKmskw_YMMf64_MEMf64_AVX512	VFNMADD231PD	782
5182	VFNMADD231PD_YMMf64_MASKmskw_YMMf64_YMMf64_AVX512	VFNMADD231PD	782
5183	VFNMADD231PD_YMMqq_YMMqq_MEMqq	VFNMADD231PD	782
5184	VFNMADD231PD_YMMqq_YMMqq_YMMqq	VFNMADD231PD	782
5185	VFNMADD231PD_ZMMf64_MASKmskw_ZMMf64_MEMf64_AVX512	VFNMADD231PD	782
5186	VFNMADD231PD_ZMMf64_MASKmskw_ZMMf64_ZMMf64_AVX512	VFNMADD231PD	782
5187	VFNMADD231PH_XMMf16_MASKmskw_XMMf16_MEMf16_AVX512	VFNMADD231PH	1700
5188	VFNMADD231PH_XMMf16_MASKmskw_XMMf16_XMMf16_AVX512	VFNMADD231PH	1700
5189	VFNMADD231PH_YMMf16_MASKmskw_YMMf16_MEMf16_AVX512	VFNMADD231PH	1700
5190	VFNMADD231PH_YMMf16_MASKmskw_YMMf16_YMMf16_AVX512	VFNMADD231PH	1700
5191	VFNMADD231PH_ZMMf16_MASKmskw_ZMMf16_MEMf16_AVX512	VFNMADD231PH	1700
5192	VFNMADD231PH_ZMMf16_MASKmskw_ZMMf16_ZMMf16_AVX512	VFNMADD231PH	1700
5193	VFNMADD231PS_XMMdq_XMMdq_MEMdq	VFNMADD231PS	781
5194	VFNMADD231PS_XMMdq_XMMdq_XMMdq	VFNMADD231PS	781
5195	VFNMADD231PS_XMMf32_MASKmskw_XMMf32_MEMf32_AVX512	VFNMADD231PS	781
5196	VFNMADD231PS_XMMf32_MASKmskw_XMMf32_XMMf32_AVX512	VFNMADD231PS	781
5197	VFNMADD231PS_YMMf32_MASKmskw_YMMf32_MEMf32_AVX512	VFNMADD231PS	781
5198	VFNMADD231PS_YMMf32_MASKmskw_YMMf32_YMMf32_AVX512	VFNMADD231PS	781
5199	VFNMADD231PS_YMMqq_YMMqq_MEMqq	VFNMADD231PS	781
5200	VFNMADD231PS_YMMqq_YMMqq_YMMqq	VFNMADD231PS	781
5201	VFNMADD231PS_ZMMf32_MASKmskw_ZMMf32_MEMf32_AVX512	VFNMADD231PS	781
5202	VFNMADD231PS_ZMMf32_MASKmskw_ZMMf32_ZMMf32_AVX512	VFNMADD231PS	781
5203	VFNMADD231SD_XMMdq_XMMq_MEMq	VFNMADD231SD	784
5204	VFNMADD231SD_XMMdq_XMMq_XMMq	VFNMADD231SD	784
5205	VFNMADD231SD_XMMf64_MASKmskw_XMMf64_MEMf64_AVX512	VFNMADD231SD	784
5206	VFNMADD231SD_XMMf64_MASKmskw_XMMf64_XMMf64_AVX512	VFNMADD231SD	784
5207	VFNMADD231SH_XMMf16_MASKmskw_XMMf16_MEMf16_AVX512	VFNMADD231SH	1701
5208	VFNMADD231SH_XMMf16_MASKmskw_XMMf16_XMMf16_AVX512	VFNMADD231SH	1701
5209	VFNMADD231SS_XMMdq_XMMd_MEMd	VFNMADD231SS	783
5210	VFNMADD231SS_XMMdq_XMMd_XMMd	VFNMADD231SS	783
5211	VFNMADD231SS_XMMf32_MASKmskw_XMMf32_MEMf32_AVX512	VFNMADD231SS	783
5212	VFNMADD231SS_XMMf32_MASKmskw_XMMf32_XMMf32_AVX512	VFNMADD231SS	783
5213	VFNMADDPD_XMMdq_XMMdq_MEMdq_XMMdq	VFNMADDPD	813
5214	VFNMADDPD_XMMdq_XMMdq_XMMdq_MEMdq	VFNMADDPD	813
5215	VFNMADDPD_XMMdq_XMMdq_XMMdq_XMMdq	VFNMADDPD	813
5216	VFNMADDPD_YMMqq_YMMqq_MEMqq_YMMqq	VFNMADDPD	813
5217	VFNMADDPD_YMMqq_YMMqq_YMMqq_MEMqq	VFNMADDPD	813
5218	VFNMADDPD_YMMqq_YMMqq_YMMqq_YMMqq	VFNMADDPD	813
5219	VFNMADDPS_XMMdq_XMMdq_MEMdq_XMMdq	VFNMADDPS	812
5220	VFNMADDPS_XMMdq_XMMdq_XMMdq_MEMdq	VFNMADDPS	812
5221	VFNMADDPS_XMMdq_XMMdq_XMMdq_XMMdq	VFNMADDPS	812
5222	VFNMADDPS_YMMqq_YMMqq_MEMqq_YMMqq	VFNMADDPS	812
5223	VFNMADDPS_YMMqq_YMMqq_YMMqq_MEMqq	VFNMADDPS	812
5224	VFNMADDPS_YMMqq_YMMqq_YMMqq_YMMqq	VFNMADDPS	812
5225	VFNMADDSD_XMMdq_XMMq_MEMq_XMMq	VFNMADDSD	815
5226	VFNMADDSD_XMMdq_XMMq_XMMq_MEMq	VFNMADDSD	815
5227	VFNMADDSD_XMMdq_XMMq_XMMq_XMMq	VFNMADDSD	815
5228	VFNMADDSS_XMMdq_XMMd_MEMd_XMMd	VFNMADDSS	814
5229	VFNMADDSS_XMMdq_XMMd_XMMd_MEMd	VFNMADDSS	814
5230	VFNMADDSS_XMMdq_XMMd_XMMd_XMMd	VFNMADDSS	814
5231	VFNMSUB132BF16_XMMbf16_MASKmskw_XMMbf16_MEMbf16_AVX512	VFNMSUB132BF16	1702
5232	VFNMSUB132BF16_XMMbf16_MASKmskw_XMMbf16_XMMbf16_AVX512	VFNMSUB132BF16	1702
5233	VFNMSUB132BF16_YMMbf16_MASKmskw_YMMbf16_MEMbf16_AVX512	VFNMSUB132BF16	1702
5234	VFNMSUB132BF16_YMMbf16_MASKmskw_YMMbf16_YMMbf16_AVX512	VFNMSUB132BF16	1702
5235	VFNMSUB132BF16_ZMMbf16_MASKmskw_ZMMbf16_MEMbf16_AVX512	VFNMSUB132BF16	1702
5236	VFNMSUB132BF16_ZMMbf16_MASKmskw_ZMMbf16_ZMMbf16_AVX512	VFNMSUB132BF16	1702
5237	VFNMSUB132PD_XMMdq_XMMdq_MEMdq	VFNMSUB132PD	786
5238	VFNMSUB132PD_XMMdq_XMMdq_XMMdq	VFNMSUB132PD	786
5239	VFNMSUB132PD_XMMf64_MASKmskw_XMMf64_MEMf64_AVX512	VFNMSUB132PD	786
5240	VFNMSUB132PD_XMMf64_MASKmskw_XMMf64_XMMf64_AVX512	VFNMSUB132PD	786
5241	VFNMSUB132PD_YMMf64_MASKmskw_YMMf64_MEMf64_AVX512	VFNMSUB132PD	786
5242	VFNMSUB132PD_YMMf64_MASKmskw_YMMf64_YMMf64_AVX512	VFNMSUB132PD	786
5243	VFNMSUB132PD_YMMqq_YMMqq_MEMqq	VFNMSUB132PD	786
5244	VFNMSUB132PD_YMMqq_YMMqq_YMMqq	VFNMSUB132PD	786
5245	VFNMSUB132PD_ZMMf64_MASKmskw_ZMMf64_MEMf64_AVX512	VFNMSUB132PD	786
5246	VFNMSUB132PD_ZMMf64_MASKmskw_ZMMf64_ZMMf64_AVX512	VFNMSUB132PD	786
5247	VFNMSUB132PH_XMMf16_MASKmskw_XMMf16_MEMf16_AVX512	VFNMSUB132PH	1703
5248	VFNMSUB132PH_XMMf16_MASKmskw_XMMf16_XMMf16_AVX512	VFNMSUB132PH	1703
5249	VFNMSUB132PH_YMMf16_MASKmskw_YMMf16_MEMf16_AVX512	VFNMSUB132PH	1703
5250	VFNMSUB132PH_YMMf16_MASKmskw_YMMf16_YMMf16_AVX512	VFNMSUB132PH	1703
5251	VFNMSUB132PH_ZMMf16_MASKmskw_ZMMf16_MEMf16_AVX512	VFNMSUB132PH	1703
5252	VFNMSUB132PH_ZMMf16_MASKmskw_ZMMf16_ZMMf16_AVX512	VFNMSUB132PH	1703
5253	VFNMSUB132PS_XMMdq_XMMdq_MEMdq	VFNMSUB132PS	785
5254	VFNMSUB132PS_XMMdq_XMMdq_XMMdq	VFNMSUB132PS	785
5255	VFNMSUB132PS_XMMf32_MASKmskw_XMMf32_MEMf32_AVX512	VFNMSUB132PS	785
5256	VFNMSUB132PS_XMMf32_MASKmskw_XMMf32_XMMf32_AVX512	VFNMSUB132PS	785
5257	VFNMSUB132PS_YMMf32_MASKmskw_YMMf32_MEMf32_AVX512	VFNMSUB132PS	785
5258	VFNMSUB132PS_YMMf32_MASKmskw_YMMf32_YMMf32_AVX512	VFNMSUB132PS	785
5259	VFNMSUB132PS_YMMqq_YMMqq_MEMqq	VFNMSUB132PS	785
5260	VFNMSUB132PS_YMMqq_YMMqq_YMMqq	VFNMSUB132PS	785
5261	VFNMSUB132PS_ZMMf32_MASKmskw_ZMMf32_MEMf32_AVX512	VFNMSUB132PS	785
5262	VFNMSUB132PS_ZMMf32_MASKmskw_ZMMf32_ZMMf32_AVX512	VFNMSUB132PS	785
5263	VFNMSUB132SD_XMMdq_XMMq_MEMq	VFNMSUB132SD	788
5264	VFNMSUB132SD_XMMdq_XMMq_XMMq	VFNMSUB132SD	788
5265	VFNMSUB132SD_XMMf64_MASKmskw_XMMf64_MEMf64_AVX512	VFNMSUB132SD	788
5266	VFNMSUB132SD_XMMf64_MASKmskw_XMMf64_XMMf64_AVX512	VFNMSUB132SD	788
5267	VFNMSUB132SH_XMMf16_MASKmskw_XMMf16_MEMf16_AVX512	VFNMSUB132SH	1704
5268	VFNMSUB132SH_XMMf16_MASKmskw_XMMf16_XMMf16_AVX512	VFNMSUB132SH	1704
5269	VFNMSUB132SS_XMMdq_XMMd_MEMd	VFNMSUB132SS	787
5270	VFNMSUB132SS_XMMdq_XMMd_XMMd	VFNMSUB132SS	787
5271	VFNMSUB132SS_XMMf32_MASKmskw_XMMf32_MEMf32_AVX512	VFNMSUB132SS	787
5272	VFNMSUB132SS_XMMf32_MASKmskw_XMMf32_XMMf32_AVX512	VFNMSUB132SS	787
5273	VFNMSUB213BF16_XMMbf16_MASKmskw_XMMbf16_MEMbf16_AVX512	VFNMSUB213BF16	1705
5274	VFNMSUB213BF16_XMMbf16_MASKmskw_XMMbf16_XMMbf16_AVX512	VFNMSUB213BF16	1705
5275	VFNMSUB213BF16_YMMbf16_MASKmskw_YMMbf16_MEMbf16_AVX512	VFNMSUB213BF16	1705
5276	VFNMSUB213BF16_YMMbf16_MASKmskw_YMMbf16_YMMbf16_AVX512	VFNMSUB213BF16	1705
5277	VFNMSUB213BF16_ZMMbf16_MASKmskw_ZMMbf16_MEMbf16_AVX512	VFNMSUB213BF16	1705
5278	VFNMSUB213BF16_ZMMbf16_MASKmskw_ZMMbf16_ZMMbf16_AVX512	VFNMSUB213BF16	1705
5279	VFNMSUB213PD_XMMdq_XMMdq_MEMdq	VFNMSUB213PD	790
5280	VFNMSUB213PD_XMMdq_XMMdq_XMMdq	VFNMSUB213PD	790
5281	VFNMSUB213PD_XMMf64_MASKmskw_XMMf64_MEMf64_AVX512	VFNMSUB213PD	790
5282	VFNMSUB213PD_XMMf64_MASKmskw_XMMf64_XMMf64_AVX512	VFNMSUB213PD	790
5283	VFNMSUB213PD_YMMf64_MASKmskw_YMMf64_MEMf64_AVX512	VFNMSUB213PD	790
5284	VFNMSUB213PD_YMMf64_MASKmskw_YMMf64_YMMf64_AVX512	VFNMSUB213PD	790
5285	VFNMSUB213PD_YMMqq_YMMqq_MEMqq	VFNMSUB213PD	790
5286	VFNMSUB213PD_YMMqq_YMMqq_YMMqq	VFNMSUB213PD	790
5287	VFNMSUB213PD_ZMMf64_MASKmskw_ZMMf64_MEMf64_AVX512	VFNMSUB213PD	790
5288	VFNMSUB213PD_ZMMf64_MASKmskw_ZMMf64_ZMMf64_AVX512	VFNMSUB213PD	790
5289	VFNMSUB213PH_XMMf16_MASKmskw_XMMf16_MEMf16_AVX512	VFNMSUB213PH	1706
5290	VFNMSUB213PH_XMMf16_MASKmskw_XMMf16_XMMf16_AVX512	VFNMSUB213PH	1706
5291	VFNMSUB213PH_YMMf16_MASKmskw_YMMf16_MEMf16_AVX512	VFNMSUB213PH	1706
5292	VFNMSUB213PH_YMMf16_MASKmskw_YMMf16_YMMf16_AVX512	VFNMSUB213PH	1706
5293	VFNMSUB213PH_ZMMf16_MASKmskw_ZMMf16_MEMf16_AVX512	VFNMSUB213PH	1706
5294	VFNMSUB213PH_ZMMf16_MASKmskw_ZMMf16_ZMMf16_AVX512	VFNMSUB213PH	1706
5295	VFNMSUB213PS_XMMdq_XMMdq_MEMdq	VFNMSUB213PS	789
5296	VFNMSUB213PS_XMMdq_XMMdq_XMMdq	VFNMSUB213PS	789
5297	VFNMSUB213PS_XMMf32_MASKmskw_XMMf32_MEMf32_AVX512	VFNMSUB213PS	789
5298	VFNMSUB213PS_XMMf32_MASKmskw_XMMf32_XMMf32_AVX512	VFNMSUB213PS	789
5299	VFNMSUB213PS_YMMf32_MASKmskw_YMMf32_MEMf32_AVX512	VFNMSUB213PS	789
5300	VFNMSUB213PS_YMMf32_MASKmskw_YMMf32_YMMf32_AVX512	VFNMSUB213PS	789
5301	VFNMSUB213PS_YMMqq_YMMqq_MEMqq	VFNMSUB213PS	789
5302	VFNMSUB213PS_YMMqq_YMMqq_YMMqq	VFNMSUB213PS	789
5303	VFNMSUB213PS_ZMMf32_MASKmskw_ZMMf32_MEMf32_AVX512	VFNMSUB213PS	789
5304	VFNMSUB213PS_ZMMf32_MASKmskw_ZMMf32_ZMMf32_AVX512	VFNMSUB213PS	789
5305	VFNMSUB213SD_XMMdq_XMMq_MEMq	VFNMSUB213SD	792
5306	VFNMSUB213SD_XMMdq_XMMq_XMMq	VFNMSUB213SD	792
5307	VFNMSUB213SD_XMMf64_MASKmskw_XMMf64_MEMf64_AVX512	VFNMSUB213SD	792
5308	VFNMSUB213SD_XMMf64_MASKmskw_XMMf64_XMMf64_AVX512	VFNMSUB213SD	792
5309	VFNMSUB213SH_XMMf16_MASKmskw_XMMf16_MEMf16_AVX512	VFNMSUB213SH	1707
5310	VFNMSUB213SH_XMMf16_MASKmskw_XMMf16_XMMf16_AVX512	VFNMSUB213SH	1707
5311	VFNMSUB213SS_XMMdq_XMMd_MEMd	VFNMSUB213SS	791
5312	VFNMSUB213SS_XMMdq_XMMd_XMMd	VFNMSUB213SS	791
5313	VFNMSUB213SS_XMMf32_MASKmskw_XMMf32_MEMf32_AVX512	VFNMSUB213SS	791
5314	VFNMSUB213SS_XMMf32_MASKmskw_XMMf32_XMMf32_AVX512	VFNMSUB213SS	791
5315	VFNMSUB231BF16_XMMbf16_MASKmskw_XMMbf16_MEMbf16_AVX512	VFNMSUB231BF16	1708
5316	VFNMSUB231BF16_XMMbf16_MASKmskw_XMMbf16_XMMbf16_AVX512	VFNMSUB231BF16	1708
5317	VFNMSUB231BF16_YMMbf16_MASKmskw_YMMbf16_MEMbf16_AVX512	VFNMSUB231BF16	1708
5318	VFNMSUB231BF16_YMMbf16_MASKmskw_YMMbf16_YMMbf16_AVX512	VFNMSUB231BF16	1708
5319	VFNMSUB231BF16_ZMMbf16_MASKmskw_ZMMbf16_MEMbf16_AVX512	VFNMSUB231BF16	1708
5320	VFNMSUB231BF16_ZMMbf16_MASKmskw_ZMMbf16_ZMMbf16_AVX512	VFNMSUB231BF16	1708
5321	VFNMSUB231PD_XMMdq_XMMdq_MEMdq	VFNMSUB231PD	794
5322	VFNMSUB231PD_XMMdq_XMMdq_XMMdq	VFNMSUB231PD	794
5323	VFNMSUB231PD_XMMf64_MASKmskw_XMMf64_MEMf64_AVX512	VFNMSUB231PD	794
5324	VFNMSUB231PD_XMMf64_MASKmskw_XMMf64_XMMf64_AVX512	VFNMSUB231PD	794
5325	VFNMSUB231PD_YMMf64_MASKmskw_YMMf64_MEMf64_AVX512	VFNMSUB231PD	794
5326	VFNMSUB231PD_YMMf64_MASKmskw_YMMf64_YMMf64_AVX512	VFNMSUB231PD	794
5327	VFNMSUB231PD_YMMqq_YMMqq_MEMqq	VFNMSUB231PD	794
5328	VFNMSUB231PD_YMMqq_YMMqq_YMMqq	VFNMSUB231PD	794
5329	VFNMSUB231PD_ZMMf64_MASKmskw_ZMMf64_MEMf64_AVX512	VFNMSUB231PD	794
5330	VFNMSUB231PD_ZMMf64_MASKmskw_ZMMf64_ZMMf64_AVX512	VFNMSUB231PD	794
5331	VFNMSUB231PH_XMMf16_MASKmskw_XMMf16_MEMf16_AVX512	VFNMSUB231PH	1709
5332	VFNMSUB231PH_XMMf16_MASKmskw_XMMf16_XMMf16_AVX512	VFNMSUB231PH	1709
5333	VFNMSUB231PH_YMMf16_MASKmskw_YMMf16_MEMf16_AVX512	VFNMSUB231PH	1709
5334	VFNMSUB231PH_YMMf16_MASKmskw_YMMf16_YMMf16_AVX512	VFNMSUB231PH	1709
5335	VFNMSUB231PH_ZMMf16_MASKmskw_ZMMf16_MEMf16_AVX512	VFNMSUB231PH	1709
5336	VFNMSUB231PH_ZMMf16_MASKmskw_ZMMf16_ZMMf16_AVX512	VFNMSUB231PH	1709
5337	VFNMSUB231PS_XMMdq_XMMdq_MEMdq	VFNMSUB231PS	793
5338	VFNMSUB231PS_XMMdq_XMMdq_XMMdq	VFNMSUB231PS	793
5339	VFNMSUB231PS_XMMf32_MASKmskw_XMMf32_MEMf32_AVX512	VFNMSUB231PS	793
5340	VFNMSUB231PS_XMMf32_MASKmskw_XMMf32_XMMf32_AVX512	VFNMSUB231PS	793
5341	VFNMSUB231PS_YMMf32_MASKmskw_YMMf32_MEMf32_AVX512	VFNMSUB231PS	793
5342	VFNMSUB231PS_YMMf32_MASKmskw_YMMf32_YMMf32_AVX512	VFNMSUB231PS	793
5343	VFNMSUB231PS_YMMqq_YMMqq_MEMqq	VFNMSUB231PS	793
5344	VFNMSUB231PS_YMMqq_YMMqq_YMMqq	VFNMSUB231PS	793
5345	VFNMSUB231PS_ZMMf32_MASKmskw_ZMMf32_MEMf32_AVX512	VFNMSUB231PS	793
5346	VFNMSUB231PS_ZMMf32_MASKmskw_ZMMf32_ZMMf32_AVX512	VFNMSUB231PS	793
5347	VFNMSUB231SD_XMMdq_XMMq_MEMq	VFNMSUB231SD	796
5348	VFNMSUB231SD_XMMdq_XMMq_XMMq	VFNMSUB231SD	796
5349	VFNMSUB231SD_XMMf64_MASKmskw_XMMf64_MEMf64_AVX512	VFNMSUB231SD	796
5350	VFNMSUB231SD_XMMf64_MASKmskw_XMMf64_XMMf64_AVX512	VFNMSUB231SD	796
5351	VFNMSUB231SH_XMMf16_MASKmskw_XMMf16_MEMf16_AVX512	VFNMSUB231SH	1710
5352	VFNMSUB231SH_XMMf16_MASKmskw_XMMf16_XMMf16_AVX512	VFNMSUB231SH	1710
5353	VFNMSUB231SS_XMMdq_XMMd_MEMd	VFNMSUB231SS	795
5354	VFNMSUB231SS_XMMdq_XMMd_XMMd	VFNMSUB231SS	795
5355	VFNMSUB231SS_XMMf32_MASKmskw_XMMf32_MEMf32_AVX512	VFNMSUB231SS	795
5356	VFNMSUB231SS_XMMf32_MASKmskw_XMMf32_XMMf32_AVX512	VFNMSUB231SS	795
5357	VFNMSUBPD_XMMdq_XMMdq_MEMdq_XMMdq	VFNMSUBPD	817
5358	VFNMSUBPD_XMMdq_XMMdq_XMMdq_MEMdq	VFNMSUBPD	817
5359	VFNMSUBPD_XMMdq_XMMdq_XMMdq_XMMdq	VFNMSUBPD	817
5360	VFNMSUBPD_YMMqq_YMMqq_MEMqq_YMMqq	VFNMSUBPD	817
5361	VFNMSUBPD_YMMqq_YMMqq_YMMqq_MEMqq	VFNMSUBPD	817
5362	VFNMSUBPD_YMMqq_YMMqq_YMMqq_YMMqq	VFNMSUBPD	817
5363	VFNMSUBPS_XMMdq_XMMdq_MEMdq_XMMdq	VFNMSUBPS	816
5364	VFNMSUBPS_XMMdq_XMMdq_XMMdq_MEMdq	VFNMSUBPS	816
5365	VFNMSUBPS_XMMdq_XMMdq_XMMdq_XMMdq	VFNMSUBPS	816
5366	VFNMSUBPS_YMMqq_YMMqq_MEMqq_YMMqq	VFNMSUBPS	816
5367	VFNMSUBPS_YMMqq_YMMqq_YMMqq_MEMqq	VFNMSUBPS	816
5368	VFNMSUBPS_YMMqq_YMMqq_YMMqq_YMMqq	VFNMSUBPS	816
5369	VFNMSUBSD_XMMdq_XMMq_MEMq_XMMq	VFNMSUBSD	819
5370	VFNMSUBSD_XMMdq_XMMq_XMMq_MEMq	VFNMSUBSD	819
5371	VFNMSUBSD_XMMdq_XMMq_XMMq_XMMq	VFNMSUBSD	819
5372	VFNMSUBSS_XMMdq_XMMd_MEMd_XMMd	VFNMSUBSS	818
5373	VFNMSUBSS_XMMdq_XMMd_XMMd_MEMd	VFNMSUBSS	818
5374	VFNMSUBSS_XMMdq_XMMd_XMMd_XMMd	VFNMSUBSS	818
5375	VFPCLASSBF16_MASKi1_MASKmskw_MEMbf16_IMM8_AVX512_VL128	VFPCLASSBF16	1711
5376	VFPCLASSBF16_MASKi1_MASKmskw_MEMbf16_IMM8_AVX512_VL256	VFPCLASSBF16	1711
5377	VFPCLASSBF16_MASKi1_MASKmskw_MEMbf16_IMM8_AVX512_VL512	VFPCLASSBF16	1711
5378	VFPCLASSBF16_MASKi1_MASKmskw_XMMbf16_IMM8_AVX512	VFPCLASSBF16	1711
5379	VFPCLASSBF16_MASKi1_MASKmskw_YMMbf16_IMM8_AVX512	VFPCLASSBF16	1711
5380	VFPCLASSBF16_MASKi1_MASKmskw_ZMMbf16_IMM8_AVX512	VFPCLASSBF16	1711
5381	VFPCLASSPD_MASKmskw_MASKmskw_MEMf64_IMM8_AVX512_VL128	VFPCLASSPD	1712
5382	VFPCLASSPD_MASKmskw_MASKmskw_MEMf64_IMM8_AVX512_VL256	VFPCLASSPD	1712
5383	VFPCLASSPD_MASKmskw_MASKmskw_MEMf64_IMM8_AVX512_VL512	VFPCLASSPD	1712
5384	VFPCLASSPD_MASKmskw_MASKmskw_XMMf64_IMM8_AVX512	VFPCLASSPD	1712
5385	VFPCLASSPD_MASKmskw_MASKmskw_YMMf64_IMM8_AVX512	VFPCLASSPD	1712
5386	VFPCLASSPD_MASKmskw_MASKmskw_ZMMf64_IMM8_AVX512	VFPCLASSPD	1712
5387	VFPCLASSPH_MASKmskw_MASKmskw_MEMf16_IMM8_AVX512_VL128	VFPCLASSPH	1713
5388	VFPCLASSPH_MASKmskw_MASKmskw_MEMf16_IMM8_AVX512_VL256	VFPCLASSPH	1713
5389	VFPCLASSPH_MASKmskw_MASKmskw_MEMf16_IMM8_AVX512_VL512	VFPCLASSPH	1713
5390	VFPCLASSPH_MASKmskw_MASKmskw_XMMf16_IMM8_AVX512	VFPCLASSPH	1713
5391	VFPCLASSPH_MASKmskw_MASKmskw_YMMf16_IMM8_AVX512	VFPCLASSPH	1713
5392	VFPCLASSPH_MASKmskw_MASKmskw_ZMMf16_IMM8_AVX512	VFPCLASSPH	1713
5393	VFPCLASSPS_MASKmskw_MASKmskw_MEMf32_IMM8_AVX512_VL128	VFPCLASSPS	1714
5394	VFPCLASSPS_MASKmskw_MASKmskw_MEMf32_IMM8_AVX512_VL256	VFPCLASSPS	1714
5395	VFPCLASSPS_MASKmskw_MASKmskw_MEMf32_IMM8_AVX512_VL512	VFPCLASSPS	1714
5396	VFPCLASSPS_MASKmskw_MASKmskw_XMMf32_IMM8_AVX512	VFPCLASSPS	1714
5397	VFPCLASSPS_MASKmskw_MASKmskw_YMMf32_IMM8_AVX512	VFPCLASSPS	1714
5398	VFPCLASSPS_MASKmskw_MASKmskw_ZMMf32_IMM8_AVX512	VFPCLASSPS	1714
5399	VFPCLASSSD_MASKmskw_MASKmskw_MEMf64_IMM8_AVX512	VFPCLASSSD	1715
5400	VFPCLASSSD_MASKmskw_MASKmskw_XMMf64_IMM8_AVX512	VFPCLASSSD	1715
5401	VFPCLASSSH_MASKmskw_MASKmskw_MEMf16_IMM8_AVX512	VFPCLASSSH	1716
5402	VFPCLASSSH_MASKmskw_MASKmskw_XMMf16_IMM8_AVX512	VFPCLASSSH	1716
5403	VFPCLASSSS_MASKmskw_MASKmskw_MEMf32_IMM8_AVX512	VFPCLASSSS	1717
5404	VFPCLASSSS_MASKmskw_MASKmskw_XMMf32_IMM8_AVX512	VFPCLASSSS	1717
5405	VFRCZPD_XMMdq_MEMdq	VFRCZPD	844
5406	VFRCZPD_XMMdq_XMMdq	VFRCZPD	844
5407	VFRCZPD_YMMqq_MEMqq	VFRCZPD	844
5408	VFRCZPD_YMMqq_YMMqq	VFRCZPD	844
5409	VFRCZPS_XMMdq_MEMdq	VFRCZPS	843
5410	VFRCZPS_XMMdq_XMMdq	VFRCZPS	843
5411	VFRCZPS_YMMqq_MEMqq	VFRCZPS	843
5412	VFRCZPS_YMMqq_YMMqq	VFRCZPS	843
5413	VFRCZSD_XMMdq_MEMq	VFRCZSD	846
5414	VFRCZSD_XMMdq_XMMq	VFRCZSD	846
5415	VFRCZSS_XMMdq_MEMd	VFRCZSS	845
5416	VFRCZSS_XMMdq_XMMd	VFRCZSS	845
5417	VGATHERDPD_XMMf64_MASKmskw_MEMf64_AVX512_VL128	VGATHERDPD	1718
5418	VGATHERDPD_XMMf64_MEMf64_XMMi64_VL128	VGATHERDPD	1718
5419	VGATHERDPD_YMMf64_MASKmskw_MEMf64_AVX512_VL256	VGATHERDPD	1718
5420	VGATHERDPD_YMMf64_MEMf64_YMMi64_VL256	VGATHERDPD	1718
5421	VGATHERDPD_ZMMf64_MASKmskw_MEMf64_AVX512_VL512	VGATHERDPD	1718
5422	VGATHERDPS_XMMf32_MASKmskw_MEMf32_AVX512_VL128	VGATHERDPS	1719
5423	VGATHERDPS_XMMf32_MEMf32_XMMi32_VL128	VGATHERDPS	1719
5424	VGATHERDPS_YMMf32_MASKmskw_MEMf32_AVX512_VL256	VGATHERDPS	1719
5425	VGATHERDPS_YMMf32_MEMf32_YMMi32_VL256	VGATHERDPS	1719
5426	VGATHERDPS_ZMMf32_MASKmskw_MEMf32_AVX512_VL512	VGATHERDPS	1719
5427	VGATHERPF0DPD_MEMf64_MASKmskw_AVX512PF_VL512	VGATHERPF0DPD	1720
5428	VGATHERPF0DPS_MEMf32_MASKmskw_AVX512PF_VL512	VGATHERPF0DPS	1721
5429	VGATHERPF0QPD_MEMf64_MASKmskw_AVX512PF_VL512	VGATHERPF0QPD	1722
5430	VGATHERPF0QPS_MEMf32_MASKmskw_AVX512PF_VL512	VGATHERPF0QPS	1723
5431	VGATHERPF1DPD_MEMf64_MASKmskw_AVX512PF_VL512	VGATHERPF1DPD	1724
5432	VGATHERPF1DPS_MEMf32_MASKmskw_AVX512PF_VL512	VGATHERPF1DPS	1725
5433	VGATHERPF1QPD_MEMf64_MASKmskw_AVX512PF_VL512	VGATHERPF1QPD	1726
5434	VGATHERPF1QPS_MEMf32_MASKmskw_AVX512PF_VL512	VGATHERPF1QPS	1727
5435	VGATHERQPD_XMMf64_MASKmskw_MEMf64_AVX512_VL128	VGATHERQPD	1728
5436	VGATHERQPD_XMMf64_MEMf64_XMMi64_VL128	VGATHERQPD	1728
5437	VGATHERQPD_YMMf64_MASKmskw_MEMf64_AVX512_VL256	VGATHERQPD	1728
5438	VGATHERQPD_YMMf64_MEMf64_YMMi64_VL256	VGATHERQPD	1728
5439	VGATHERQPD_ZMMf64_MASKmskw_MEMf64_AVX512_VL512	VGATHERQPD	1728
5440	VGATHERQPS_XMMf32_MASKmskw_MEMf32_AVX512_VL128	VGATHERQPS	1729
5441	VGATHERQPS_XMMf32_MASKmskw_MEMf32_AVX512_VL256	VGATHERQPS	1729
5442	VGATHERQPS_XMMf32_MEMf32_XMMi32_VL128	VGATHERQPS	1729
5443	VGATHERQPS_XMMf32_MEMf32_XMMi32_VL256	VGATHERQPS	1729
5444	VGATHERQPS_YMMf32_MASKmskw_MEMf32_AVX512_VL512	VGATHERQPS	1729
5445	VGETEXPBF16_XMMbf16_MASKmskw_MEMbf16_AVX512	VGETEXPBF16	1128
5446	VGETEXPBF16_XMMbf16_MASKmskw_XMMbf16_AVX512	VGETEXPBF16	1128
5447	VGETEXPBF16_YMMbf16_MASKmskw_MEMbf16_AVX512	VGETEXPBF16	1128
5448	VGETEXPBF16_YMMbf16_MASKmskw_YMMbf16_AVX512	VGETEXPBF16	1128
5449	VGETEXPBF16_ZMMbf16_MASKmskw_MEMbf16_AVX512	VGETEXPBF16	1128
5450	VGETEXPBF16_ZMMbf16_MASKmskw_ZMMbf16_AVX512	VGETEXPBF16	1128
5451	VGETEXPPD_XMMf64_MASKmskw_MEMf64_AVX512	VGETEXPPD	1123
5452	VGETEXPPD_XMMf64_MASKmskw_XMMf64_AVX512	VGETEXPPD	1123
5453	VGETEXPPD_YMMf64_MASKmskw_MEMf64_AVX512	VGETEXPPD	1123
5454	VGETEXPPD_YMMf64_MASKmskw_YMMf64_AVX512	VGETEXPPD	1123
5455	VGETEXPPD_ZMMf64_MASKmskw_MEMf64_AVX512	VGETEXPPD	1123
5456	VGETEXPPD_ZMMf64_MASKmskw_ZMMf64_AVX512	VGETEXPPD	1123
5457	VGETEXPPH_XMMf16_MASKmskw_MEMf16_AVX512	VGETEXPPH	1126
5458	VGETEXPPH_XMMf16_MASKmskw_XMMf16_AVX512	VGETEXPPH	1126
5459	VGETEXPPH_YMMf16_MASKmskw_MEMf16_AVX512	VGETEXPPH	1126
5460	VGETEXPPH_YMMf16_MASKmskw_YMMf16_AVX512	VGETEXPPH	1126
5461	VGETEXPPH_ZMMf16_MASKmskw_MEMf16_AVX512	VGETEXPPH	1126
5462	VGETEXPPH_ZMMf16_MASKmskw_ZMMf16_AVX512	VGETEXPPH	1126
5463	VGETEXPPS_XMMf32_MASKmskw_MEMf32_AVX512	VGETEXPPS	1122
5464	VGETEXPPS_XMMf32_MASKmskw_XMMf32_AVX512	VGETEXPPS	1122
5465	VGETEXPPS_YMMf32_MASKmskw_MEMf32_AVX512	VGETEXPPS	1122
5466	VGETEXPPS_YMMf32_MASKmskw_YMMf32_AVX512	VGETEXPPS	1122
5467	VGETEXPPS_ZMMf32_MASKmskw_MEMf32_AVX512	VGETEXPPS	1122
5468	VGETEXPPS_ZMMf32_MASKmskw_ZMMf32_AVX512	VGETEXPPS	1122
5469	VGETEXPSD_XMMf64_MASKmskw_XMMf64_MEMf64_AVX512	VGETEXPSD	1125
5470	VGETEXPSD_XMMf64_MASKmskw_XMMf64_XMMf64_AVX512	VGETEXPSD	1125
5471	VGETEXPSH_XMMf16_MASKmskw_XMMf16_MEMf16_AVX512	VGETEXPSH	1127
5472	VGETEXPSH_XMMf16_MASKmskw_XMMf16_XMMf16_AVX512	VGETEXPSH	1127
5473	VGETEXPSS_XMMf32_MASKmskw_XMMf32_MEMf32_AVX512	VGETEXPSS	1124
5474	VGETEXPSS_XMMf32_MASKmskw_XMMf32_XMMf32_AVX512	VGETEXPSS	1124
5475	VGETMANTBF16_XMMbf16_MASKmskw_MEMbf16_IMM8_AVX512	VGETMANTBF16	1730
5476	VGETMANTBF16_XMMbf16_MASKmskw_XMMbf16_IMM8_AVX512	VGETMANTBF16	1730
5477	VGETMANTBF16_YMMbf16_MASKmskw_MEMbf16_IMM8_AVX512	VGETMANTBF16	1730
5478	VGETMANTBF16_YMMbf16_MASKmskw_YMMbf16_IMM8_AVX512	VGETMANTBF16	1730
5479	VGETMANTBF16_ZMMbf16_MASKmskw_MEMbf16_IMM8_AVX512	VGETMANTBF16	1730
5480	VGETMANTBF16_ZMMbf16_MASKmskw_ZMMbf16_IMM8_AVX512	VGETMANTBF16	1730
5481	VGETMANTPD_XMMf64_MASKmskw_MEMf64_IMM8_AVX512	VGETMANTPD	1731
5482	VGETMANTPD_XMMf64_MASKmskw_XMMf64_IMM8_AVX512	VGETMANTPD	1731
5483	VGETMANTPD_YMMf64_MASKmskw_MEMf64_IMM8_AVX512	VGETMANTPD	1731
5484	VGETMANTPD_YMMf64_MASKmskw_YMMf64_IMM8_AVX512	VGETMANTPD	1731
5485	VGETMANTPD_ZMMf64_MASKmskw_MEMf64_IMM8_AVX512	VGETMANTPD	1731
5486	VGETMANTPD_ZMMf64_MASKmskw_ZMMf64_IMM8_AVX512	VGETMANTPD	1731
5487	VGETMANTPH_XMMf16_MASKmskw_MEMf16_IMM8_AVX512	VGETMANTPH	1732
5488	VGETMANTPH_XMMf16_MASKmskw_XMMf16_IMM8_AVX512	VGETMANTPH	1732
5489	VGETMANTPH_YMMf16_MASKmskw_MEMf16_IMM8_AVX512	VGETMANTPH	1732
5490	VGETMANTPH_YMMf16_MASKmskw_YMMf16_IMM8_AVX512	VGETMANTPH	1732
5491	VGETMANTPH_ZMMf16_MASKmskw_MEMf16_IMM8_AVX512	VGETMANTPH	1732
5492	VGETMANTPH_ZMMf16_MASKmskw_ZMMf16_IMM8_AVX512	VGETMANTPH	1732
5493	VGETMANTPS_XMMf32_MASKmskw_MEMf32_IMM8_AVX512	VGETMANTPS	1733
5494	VGETMANTPS_XMMf32_MASKmskw_XMMf32_IMM8_AVX512	VGETMANTPS	1733
5495	VGETMANTPS_YMMf32_MASKmskw_MEMf32_IMM8_AVX512	VGETMANTPS	1733
5496	VGETMANTPS_YMMf32_MASKmskw_YMMf32_IMM8_AVX512	VGETMANTPS	1733
5497	VGETMANTPS_ZMMf32_MASKmskw_MEMf32_IMM8_AVX512	VGETMANTPS	1733
5498	VGETMANTPS_ZMMf32_MASKmskw_ZMMf32_IMM8_AVX512	VGETMANTPS	1733
5499	VGETMANTSD_XMMf64_MASKmskw_XMMf64_MEMf64_IMM8_AVX512	VGETMANTSD	1734
5500	VGETMANTSD_XMMf64_MASKmskw_XMMf64_XMMf64_IMM8_AVX512	VGETMANTSD	1734
5501	VGETMANTSH_XMMf16_MASKmskw_XMMf16_MEMf16_IMM8_AVX512	VGETMANTSH	1735
5502	VGETMANTSH_XMMf16_MASKmskw_XMMf16_XMMf16_IMM8_AVX512	VGETMANTSH	1735
5503	VGETMANTSS_XMMf32_MASKmskw_XMMf32_MEMf32_IMM8_AVX512	VGETMANTSS	1736
5504	VGETMANTSS_XMMf32_MASKmskw_XMMf32_XMMf32_IMM8_AVX512	VGETMANTSS	1736
5505	VGF2P8AFFINEINVQB_XMMu8_MASKmskw_XMMu8_MEMu64_IMM8_AVX512	VGF2P8AFFINEINVQB	1737
5506	VGF2P8AFFINEINVQB_XMMu8_MASKmskw_XMMu8_XMMu64_IMM8_AVX512	VGF2P8AFFINEINVQB	1737
5507	VGF2P8AFFINEINVQB_XMMu8_XMMu8_MEMu64_IMM8	VGF2P8AFFINEINVQB	1737
5508	VGF2P8AFFINEINVQB_XMMu8_XMMu8_XMMu64_IMM8	VGF2P8AFFINEINVQB	1737
5509	VGF2P8AFFINEINVQB_YMMu8_MASKmskw_YMMu8_MEMu64_IMM8_AVX512	VGF2P8AFFINEINVQB	1737
5510	VGF2P8AFFINEINVQB_YMMu8_MASKmskw_YMMu8_YMMu64_IMM8_AVX512	VGF2P8AFFINEINVQB	1737
5511	VGF2P8AFFINEINVQB_YMMu8_YMMu8_MEMu64_IMM8	VGF2P8AFFINEINVQB	1737
5512	VGF2P8AFFINEINVQB_YMMu8_YMMu8_YMMu64_IMM8	VGF2P8AFFINEINVQB	1737
5513	VGF2P8AFFINEINVQB_ZMMu8_MASKmskw_ZMMu8_MEMu64_IMM8_AVX512	VGF2P8AFFINEINVQB	1737
5514	VGF2P8AFFINEINVQB_ZMMu8_MASKmskw_ZMMu8_ZMMu64_IMM8_AVX512	VGF2P8AFFINEINVQB	1737
5515	VGF2P8AFFINEQB_XMMu8_MASKmskw_XMMu8_MEMu64_IMM8_AVX512	VGF2P8AFFINEQB	1738
5516	VGF2P8AFFINEQB_XMMu8_MASKmskw_XMMu8_XMMu64_IMM8_AVX512	VGF2P8AFFINEQB	1738
5517	VGF2P8AFFINEQB_XMMu8_XMMu8_MEMu64_IMM8	VGF2P8AFFINEQB	1738
5518	VGF2P8AFFINEQB_XMMu8_XMMu8_XMMu64_IMM8	VGF2P8AFFINEQB	1738
5519	VGF2P8AFFINEQB_YMMu8_MASKmskw_YMMu8_MEMu64_IMM8_AVX512	VGF2P8AFFINEQB	1738
5520	VGF2P8AFFINEQB_YMMu8_MASKmskw_YMMu8_YMMu64_IMM8_AVX512	VGF2P8AFFINEQB	1738
5521	VGF2P8AFFINEQB_YMMu8_YMMu8_MEMu64_IMM8	VGF2P8AFFINEQB	1738
5522	VGF2P8AFFINEQB_YMMu8_YMMu8_YMMu64_IMM8	VGF2P8AFFINEQB	1738
5523	VGF2P8AFFINEQB_ZMMu8_MASKmskw_ZMMu8_MEMu64_IMM8_AVX512	VGF2P8AFFINEQB	1738
5524	VGF2P8AFFINEQB_ZMMu8_MASKmskw_ZMMu8_ZMMu64_IMM8_AVX512	VGF2P8AFFINEQB	1738
5525	VGF2P8MULB_XMMu8_MASKmskw_XMMu8_MEMu8_AVX512	VGF2P8MULB	1739
5526	VGF2P8MULB_XMMu8_MASKmskw_XMMu8_XMMu8_AVX512	VGF2P8MULB	1739
5527	VGF2P8MULB_XMMu8_XMMu8_MEMu8	VGF2P8MULB	1739
5528	VGF2P8MULB_XMMu8_XMMu8_XMMu8	VGF2P8MULB	1739
5529	VGF2P8MULB_YMMu8_MASKmskw_YMMu8_MEMu8_AVX512	VGF2P8MULB	1739
5530	VGF2P8MULB_YMMu8_MASKmskw_YMMu8_YMMu8_AVX512	VGF2P8MULB	1739
5531	VGF2P8MULB_YMMu8_YMMu8_MEMu8	VGF2P8MULB	1739
5532	VGF2P8MULB_YMMu8_YMMu8_YMMu8	VGF2P8MULB	1739
5533	VGF2P8MULB_ZMMu8_MASKmskw_ZMMu8_MEMu8_AVX512	VGF2P8MULB	1739
5534	VGF2P8MULB_ZMMu8_MASKmskw_ZMMu8_ZMMu8_AVX512	VGF2P8MULB	1739
5535	VHADDPD_XMMdq_XMMdq_MEMdq	VHADDPD	895
5536	VHADDPD_XMMdq_XMMdq_XMMdq	VHADDPD	895
5537	VHADDPD_YMMqq_YMMqq_MEMqq	VHADDPD	895
5538	VHADDPD_YMMqq_YMMqq_YMMqq	VHADDPD	895
5539	VHADDPS_XMMdq_XMMdq_MEMdq	VHADDPS	896
5540	VHADDPS_XMMdq_XMMdq_XMMdq	VHADDPS	896
5541	VHADDPS_YMMqq_YMMqq_MEMqq	VHADDPS	896
5542	VHADDPS_YMMqq_YMMqq_YMMqq	VHADDPS	896
5543	VHSUBPD_XMMdq_XMMdq_MEMdq	VHSUBPD	897
5544	VHSUBPD_XMMdq_XMMdq_XMMdq	VHSUBPD	897
5545	VHSUBPD_YMMqq_YMMqq_MEMqq	VHSUBPD	897
5546	VHSUBPD_YMMqq_YMMqq_YMMqq	VHSUBPD	897
5547	VHSUBPS_XMMdq_XMMdq_MEMdq	VHSUBPS	898
5548	VHSUBPS_XMMdq_XMMdq_XMMdq	VHSUBPS	898
5549	VHSUBPS_YMMqq_YMMqq_MEMqq	VHSUBPS	898
5550	VHSUBPS_YMMqq_YMMqq_YMMqq	VHSUBPS	898
5551	VINSERTF128_YMMqq_YMMqq_MEMdq_IMMb	VINSERTF128	1740
5552	VINSERTF128_YMMqq_YMMqq_XMMdq_IMMb	VINSERTF128	1740
5553	VINSERTF32X4_YMMf32_MASKmskw_YMMf32_MEMf32_IMM8_AVX512	VINSERTF32X4	1741
5554	VINSERTF32X4_YMMf32_MASKmskw_YMMf32_XMMf32_IMM8_AVX512	VINSERTF32X4	1741
5555	VINSERTF32X4_ZMMf32_MASKmskw_ZMMf32_MEMf32_IMM8_AVX512	VINSERTF32X4	1741
5556	VINSERTF32X4_ZMMf32_MASKmskw_ZMMf32_XMMf32_IMM8_AVX512	VINSERTF32X4	1741
5557	VINSERTF32X8_ZMMf32_MASKmskw_ZMMf32_MEMf32_IMM8_AVX512	VINSERTF32X8	1742
5558	VINSERTF32X8_ZMMf32_MASKmskw_ZMMf32_YMMf32_IMM8_AVX512	VINSERTF32X8	1742
5559	VINSERTF64X2_YMMf64_MASKmskw_YMMf64_MEMf64_IMM8_AVX512	VINSERTF64X2	1743
5560	VINSERTF64X2_YMMf64_MASKmskw_YMMf64_XMMf64_IMM8_AVX512	VINSERTF64X2	1743
5561	VINSERTF64X2_ZMMf64_MASKmskw_ZMMf64_MEMf64_IMM8_AVX512	VINSERTF64X2	1743
5562	VINSERTF64X2_ZMMf64_MASKmskw_ZMMf64_XMMf64_IMM8_AVX512	VINSERTF64X2	1743
5563	VINSERTF64X4_ZMMf64_MASKmskw_ZMMf64_MEMf64_IMM8_AVX512	VINSERTF64X4	1744
5564	VINSERTF64X4_ZMMf64_MASKmskw_ZMMf64_YMMf64_IMM8_AVX512	VINSERTF64X4	1744
5565	VINSERTI128_YMMqq_YMMqq_MEMdq_IMMb	VINSERTI128	1745
5566	VINSERTI128_YMMqq_YMMqq_XMMdq_IMMb	VINSERTI128	1745
5567	VINSERTI32X4_YMMu32_MASKmskw_YMMu32_MEMu32_IMM8_AVX512	VINSERTI32X4	1746
5568	VINSERTI32X4_YMMu32_MASKmskw_YMMu32_XMMu32_IMM8_AVX512	VINSERTI32X4	1746
5569	VINSERTI32X4_ZMMu32_MASKmskw_ZMMu32_MEMu32_IMM8_AVX512	VINSERTI32X4	1746
5570	VINSERTI32X4_ZMMu32_MASKmskw_ZMMu32_XMMu32_IMM8_AVX512	VINSERTI32X4	1746
5571	VINSERTI32X8_ZMMu32_MASKmskw_ZMMu32_MEMu32_IMM8_AVX512	VINSERTI32X8	1747
5572	VINSERTI32X8_ZMMu32_MASKmskw_ZMMu32_YMMu32_IMM8_AVX512	VINSERTI32X8	1747
5573	VINSERTI64X2_YMMu64_MASKmskw_YMMu64_MEMu64_IMM8_AVX512	VINSERTI64X2	1748
5574	VINSERTI64X2_YMMu64_MASKmskw_YMMu64_XMMu64_IMM8_AVX512	VINSERTI64X2	1748
5575	VINSERTI64X2_ZMMu64_MASKmskw_ZMMu64_MEMu64_IMM8_AVX512	VINSERTI64X2	1748
5576	VINSERTI64X2_ZMMu64_MASKmskw_ZMMu64_XMMu64_IMM8_AVX512	VINSERTI64X2	1748
5577	VINSERTI64X4_ZMMu64_MASKmskw_ZMMu64_MEMu64_IMM8_AVX512	VINSERTI64X4	1749
5578	VINSERTI64X4_ZMMu64_MASKmskw_ZMMu64_YMMu64_IMM8_AVX512	VINSERTI64X4	1749
5579	VINSERTPS_XMMdq_XMMdq_MEMd_IMMb	VINSERTPS	1750
5580	VINSERTPS_XMMdq_XMMdq_XMMdq_IMMb	VINSERTPS	1750
5581	VINSERTPS_XMMf32_XMMf32_MEMf32_IMM8_AVX512	VINSERTPS	1750
5582	VINSERTPS_XMMf32_XMMf32_XMMf32_IMM8_AVX512	VINSERTPS	1750
5583	VLDDQU_XMMdq_MEMdq	VLDDQU	1195
5584	VLDDQU_YMMqq_MEMqq	VLDDQU	1195
5585	VLDMXCSR_MEMd	VLDMXCSR	1751
5586	VMASKMOVDQU_XMMxub_XMMxub	VMASKMOVDQU	1752
5587	VMASKMOVPD_MEMdq_XMMdq_XMMdq	VMASKMOVPD	1753
5588	VMASKMOVPD_MEMqq_YMMqq_YMMqq	VMASKMOVPD	1753
5589	VMASKMOVPD_XMMdq_XMMdq_MEMdq	VMASKMOVPD	1753
5590	VMASKMOVPD_YMMqq_YMMqq_MEMqq	VMASKMOVPD	1753
5591	VMASKMOVPS_MEMdq_XMMdq_XMMdq	VMASKMOVPS	1754
5592	VMASKMOVPS_MEMqq_YMMqq_YMMqq	VMASKMOVPS	1754
5593	VMASKMOVPS_XMMdq_XMMdq_MEMdq	VMASKMOVPS	1754
5594	VMASKMOVPS_YMMqq_YMMqq_MEMqq	VMASKMOVPS	1754
5595	VMAXBF16_XMMbf16_MASKmskw_XMMbf16_MEMbf16_AVX512	VMAXBF16	1755
5596	VMAXBF16_XMMbf16_MASKmskw_XMMbf16_XMMbf16_AVX512	VMAXBF16	1755
5597	VMAXBF16_YMMbf16_MASKmskw_YMMbf16_MEMbf16_AVX512	VMAXBF16	1755
5598	VMAXBF16_YMMbf16_MASKmskw_YMMbf16_YMMbf16_AVX512	VMAXBF16	1755
5599	VMAXBF16_ZMMbf16_MASKmskw_ZMMbf16_MEMbf16_AVX512	VMAXBF16	1755
5600	VMAXBF16_ZMMbf16_MASKmskw_ZMMbf16_ZMMbf16_AVX512	VMAXBF16	1755
5601	VMAXPD_XMMdq_XMMdq_MEMdq	VMAXPD	631
5602	VMAXPD_XMMdq_XMMdq_XMMdq	VMAXPD	631
5603	VMAXPD_XMMf64_MASKmskw_XMMf64_MEMf64_AVX512	VMAXPD	631
5604	VMAXPD_XMMf64_MASKmskw_XMMf64_XMMf64_AVX512	VMAXPD	631
5605	VMAXPD_YMMf64_MASKmskw_YMMf64_MEMf64_AVX512	VMAXPD	631
5606	VMAXPD_YMMf64_MASKmskw_YMMf64_YMMf64_AVX512	VMAXPD	631
5607	VMAXPD_YMMqq_YMMqq_MEMqq	VMAXPD	631
5608	VMAXPD_YMMqq_YMMqq_YMMqq	VMAXPD	631
5609	VMAXPD_ZMMf64_MASKmskw_ZMMf64_MEMf64_AVX512	VMAXPD	631
5610	VMAXPD_ZMMf64_MASKmskw_ZMMf64_ZMMf64_AVX512	VMAXPD	631
5611	VMAXPH_XMMf16_MASKmskw_XMMf16_MEMf16_AVX512	VMAXPH	1756
5612	VMAXPH_XMMf16_MASKmskw_XMMf16_XMMf16_AVX512	VMAXPH	1756
5613	VMAXPH_YMMf16_MASKmskw_YMMf16_MEMf16_AVX512	VMAXPH	1756
5614	VMAXPH_YMMf16_MASKmskw_YMMf16_YMMf16_AVX512	VMAXPH	1756
5615	VMAXPH_ZMMf16_MASKmskw_ZMMf16_MEMf16_AVX512	VMAXPH	1756
5616	VMAXPH_ZMMf16_MASKmskw_ZMMf16_ZMMf16_AVX512	VMAXPH	1756
5617	VMAXPS_XMMdq_XMMdq_MEMdq	VMAXPS	630
5618	VMAXPS_XMMdq_XMMdq_XMMdq	VMAXPS	630
5619	VMAXPS_XMMf32_MASKmskw_XMMf32_MEMf32_AVX512	VMAXPS	630
5620	VMAXPS_XMMf32_MASKmskw_XMMf32_XMMf32_AVX512	VMAXPS	630
5621	VMAXPS_YMMf32_MASKmskw_YMMf32_MEMf32_AVX512	VMAXPS	630
5622	VMAXPS_YMMf32_MASKmskw_YMMf32_YMMf32_AVX512	VMAXPS	630
5623	VMAXPS_YMMqq_YMMqq_MEMqq	VMAXPS	630
5624	VMAXPS_YMMqq_YMMqq_YMMqq	VMAXPS	630
5625	VMAXPS_ZMMf32_MASKmskw_ZMMf32_MEMf32_AVX512	VMAXPS	630
5626	VMAXPS_ZMMf32_MASKmskw_ZMMf32_ZMMf32_AVX512	VMAXPS	630
5627	VMAXSD_XMMdq_XMMdq_MEMq	VMAXSD	633
5628	VMAXSD_XMMdq_XMMdq_XMMq	VMAXSD	633
5629	VMAXSD_XMMf64_MASKmskw_XMMf64_MEMf64_AVX512	VMAXSD	633
5630	VMAXSD_XMMf64_MASKmskw_XMMf64_XMMf64_AVX512	VMAXSD	633
5631	VMAXSH_XMMf16_MASKmskw_XMMf16_MEMf16_AVX512	VMAXSH	1757
5632	VMAXSH_XMMf16_MASKmskw_XMMf16_XMMf16_AVX512	VMAXSH	1757
5633	VMAXSS_XMMdq_XMMdq_MEMd	VMAXSS	632
5634	VMAXSS_XMMdq_XMMdq_XMMd	VMAXSS	632
5635	VMAXSS_XMMf32_MASKmskw_XMMf32_MEMf32_AVX512	VMAXSS	632
5636	VMAXSS_XMMf32_MASKmskw_XMMf32_XMMf32_AVX512	VMAXSS	632
5637	VMCALL	VMCALL	225
5638	VMCLEAR_MEMq	VMCLEAR	226
5639	VMFUNC	VMFUNC	227
5640	VMINBF16_XMMbf16_MASKmskw_XMMbf16_MEMbf16_AVX512	VMINBF16	1758
5641	VMINBF16_XMMbf16_MASKmskw_XMMbf16_XMMbf16_AVX512	VMINBF16	1758
5642	VMINBF16_YMMbf16_MASKmskw_YMMbf16_MEMbf16_AVX512	VMINBF16	1758
5643	VMINBF16_YMMbf16_MASKmskw_YMMbf16_YMMbf16_AVX512	VMINBF16	1758
5644	VMINBF16_ZMMbf16_MASKmskw_ZMMbf16_MEMbf16_AVX512	VMINBF16	1758
5645	VMINBF16_ZMMbf16_MASKmskw_ZMMbf16_ZMMbf16_AVX512	VMINBF16	1758
5646	VMINMAXBF16_XMMbf16_MASKmskw_XMMbf16_MEMbf16_IMM8_AVX512	VMINMAXBF16	1759
5647	VMINMAXBF16_XMMbf16_MASKmskw_XMMbf16_XMMbf16_IMM8_AVX512	VMINMAXBF16	1759
5648	VMINMAXBF16_YMMbf16_MASKmskw_YMMbf16_MEMbf16_IMM8_AVX512	VMINMAXBF16	1759
5649	VMINMAXBF16_YMMbf16_MASKmskw_YMMbf16_YMMbf16_IMM8_AVX512	VMINMAXBF16	1759
5650	VMINMAXBF16_ZMMbf16_MASKmskw_ZMMbf16_MEMbf16_IMM8_AVX512	VMINMAXBF16	1759
5651	VMINMAXBF16_ZMMbf16_MASKmskw_ZMMbf16_ZMMbf16_IMM8_AVX512	VMINMAXBF16	1759
5652	VMINMAXPD_XMMf64_MASKmskw_XMMf64_MEMf64_IMM8_AVX512	VMINMAXPD	1760
5653	VMINMAXPD_XMMf64_MASKmskw_XMMf64_XMMf64_IMM8_AVX512	VMINMAXPD	1760
5654	VMINMAXPD_YMMf64_MASKmskw_YMMf64_MEMf64_IMM8_AVX512	VMINMAXPD	1760
5655	VMINMAXPD_YMMf64_MASKmskw_YMMf64_YMMf64_IMM8_AVX512	VMINMAXPD	1760
5656	VMINMAXPD_ZMMf64_MASKmskw_ZMMf64_MEMf64_IMM8_AVX512	VMINMAXPD	1760
5657	VMINMAXPD_ZMMf64_MASKmskw_ZMMf64_ZMMf64_IMM8_AVX512	VMINMAXPD	1760
5658	VMINMAXPH_XMMf16_MASKmskw_XMMf16_MEMf16_IMM8_AVX512	VMINMAXPH	1761
5659	VMINMAXPH_XMMf16_MASKmskw_XMMf16_XMMf16_IMM8_AVX512	VMINMAXPH	1761
5660	VMINMAXPH_YMMf16_MASKmskw_YMMf16_MEMf16_IMM8_AVX512	VMINMAXPH	1761
5661	VMINMAXPH_YMMf16_MASKmskw_YMMf16_YMMf16_IMM8_AVX512	VMINMAXPH	1761
5662	VMINMAXPH_ZMMf16_MASKmskw_ZMMf16_MEMf16_IMM8_AVX512	VMINMAXPH	1761
5663	VMINMAXPH_ZMMf16_MASKmskw_ZMMf16_ZMMf16_IMM8_AVX512	VMINMAXPH	1761
5664	VMINMAXPS_XMMf32_MASKmskw_XMMf32_MEMf32_IMM8_AVX512	VMINMAXPS	1762
5665	VMINMAXPS_XMMf32_MASKmskw_XMMf32_XMMf32_IMM8_AVX512	VMINMAXPS	1762
5666	VMINMAXPS_YMMf32_MASKmskw_YMMf32_MEMf32_IMM8_AVX512	VMINMAXPS	1762
5667	VMINMAXPS_YMMf32_MASKmskw_YMMf32_YMMf32_IMM8_AVX512	VMINMAXPS	1762
5668	VMINMAXPS_ZMMf32_MASKmskw_ZMMf32_MEMf32_IMM8_AVX512	VMINMAXPS	1762
5669	VMINMAXPS_ZMMf32_MASKmskw_ZMMf32_ZMMf32_IMM8_AVX512	VMINMAXPS	1762
5670	VMINMAXSD_XMMf64_MASKmskw_XMMf64_MEMf64_IMM8_AVX512	VMINMAXSD	1763
5671	VMINMAXSD_XMMf64_MASKmskw_XMMf64_XMMf64_IMM8_AVX512	VMINMAXSD	1763
5672	VMINMAXSH_XMMf16_MASKmskw_XMMf16_MEMf16_IMM8_AVX512	VMINMAXSH	1764
5673	VMINMAXSH_XMMf16_MASKmskw_XMMf16_XMMf16_IMM8_AVX512	VMINMAXSH	1764
5674	VMINMAXSS_XMMf32_MASKmskw_XMMf32_MEMf32_IMM8_AVX512	VMINMAXSS	1765
5675	VMINMAXSS_XMMf32_MASKmskw_XMMf32_XMMf32_IMM8_AVX512	VMINMAXSS	1765
5676	VMINPD_XMMdq_XMMdq_MEMdq	VMINPD	627
5677	VMINPD_XMMdq_XMMdq_XMMdq	VMINPD	627
5678	VMINPD_XMMf64_MASKmskw_XMMf64_MEMf64_AVX512	VMINPD	627
5679	VMINPD_XMMf64_MASKmskw_XMMf64_XMMf64_AVX512	VMINPD	627
5680	VMINPD_YMMf64_MASKmskw_YMMf64_MEMf64_AVX512	VMINPD	627
5681	VMINPD_YMMf64_MASKmskw_YMMf64_YMMf64_AVX512	VMINPD	627
5682	VMINPD_YMMqq_YMMqq_MEMqq	VMINPD	627
5683	VMINPD_YMMqq_YMMqq_YMMqq	VMINPD	627
5684	VMINPD_ZMMf64_MASKmskw_ZMMf64_MEMf64_AVX512	VMINPD	627
5685	VMINPD_ZMMf64_MASKmskw_ZMMf64_ZMMf64_AVX512	VMINPD	627
5686	VMINPH_XMMf16_MASKmskw_XMMf16_MEMf16_AVX512	VMINPH	1766
5687	VMINPH_XMMf16_MASKmskw_XMMf16_XMMf16_AVX512	VMINPH	1766
5688	VMINPH_YMMf16_MASKmskw_YMMf16_MEMf16_AVX512	VMINPH	1766
5689	VMINPH_YMMf16_MASKmskw_YMMf16_YMMf16_AVX512	VMINPH	1766
5690	VMINPH_ZMMf16_MASKmskw_ZMMf16_MEMf16_AVX512	VMINPH	1766
5691	VMINPH_ZMMf16_MASKmskw_ZMMf16_ZMMf16_AVX512	VMINPH	1766
5692	VMINPS_XMMdq_XMMdq_MEMdq	VMINPS	626
5693	VMINPS_XMMdq_XMMdq_XMMdq	VMINPS	626
5694	VMINPS_XMMf32_MASKmskw_XMMf32_MEMf32_AVX512	VMINPS	626
5695	VMINPS_XMMf32_MASKmskw_XMMf32_XMMf32_AVX512	VMINPS	626
5696	VMINPS_YMMf32_MASKmskw_YMMf32_MEMf32_AVX512	VMINPS	626
5697	VMINPS_YMMf32_MASKmskw_YMMf32_YMMf32_AVX512	VMINPS	626
5698	VMINPS_YMMqq_YMMqq_MEMqq	VMINPS	626
5699	VMINPS_YMMqq_YMMqq_YMMqq	VMINPS	626
5700	VMINPS_ZMMf32_MASKmskw_ZMMf32_MEMf32_AVX512	VMINPS	626
5701	VMINPS_ZMMf32_MASKmskw_ZMMf32_ZMMf32_AVX512	VMINPS	626
5702	VMINSD_XMMdq_XMMdq_MEMq	VMINSD	629
5703	VMINSD_XMMdq_XMMdq_XMMq	VMINSD	629
5704	VMINSD_XMMf64_MASKmskw_XMMf64_MEMf64_AVX512	VMINSD	629
5705	VMINSD_XMMf64_MASKmskw_XMMf64_XMMf64_AVX512	VMINSD	629
5706	VMINSH_XMMf16_MASKmskw_XMMf16_MEMf16_AVX512	VMINSH	1767
5707	VMINSH_XMMf16_MASKmskw_XMMf16_XMMf16_AVX512	VMINSH	1767
5708	VMINSS_XMMdq_XMMdq_MEMd	VMINSS	628
5709	VMINSS_XMMdq_XMMdq_XMMd	VMINSS	628
5710	VMINSS_XMMf32_MASKmskw_XMMf32_MEMf32_AVX512	VMINSS	628
5711	VMINSS_XMMf32_MASKmskw_XMMf32_XMMf32_AVX512	VMINSS	628
5712	VMLAUNCH	VMLAUNCH	229
5713	VMLOAD_ArAX	VMLOAD	230
5714	VMMCALL	VMMCALL	231
5715	VMOVAPD_MEMdq_XMMdq	VMOVAPD	1189
5716	VMOVAPD_MEMf64_MASKmskw_XMMf64_AVX512	VMOVAPD	1189
5717	VMOVAPD_MEMf64_MASKmskw_YMMf64_AVX512	VMOVAPD	1189
5718	VMOVAPD_MEMf64_MASKmskw_ZMMf64_AVX512	VMOVAPD	1189
5719	VMOVAPD_MEMqq_YMMqq	VMOVAPD	1189
5720	VMOVAPD_XMMdq_MEMdq	VMOVAPD	1189
5721	VMOVAPD_XMMdq_XMMdq_28	VMOVAPD	1189
5722	VMOVAPD_XMMdq_XMMdq_29	VMOVAPD	1189
5723	VMOVAPD_XMMf64_MASKmskw_MEMf64_AVX512	VMOVAPD	1189
5724	VMOVAPD_XMMf64_MASKmskw_XMMf64_AVX512	VMOVAPD	1189
5725	VMOVAPD_YMMf64_MASKmskw_MEMf64_AVX512	VMOVAPD	1189
5726	VMOVAPD_YMMf64_MASKmskw_YMMf64_AVX512	VMOVAPD	1189
5727	VMOVAPD_YMMqq_MEMqq	VMOVAPD	1189
5728	VMOVAPD_YMMqq_YMMqq_28	VMOVAPD	1189
5729	VMOVAPD_YMMqq_YMMqq_29	VMOVAPD	1189
5730	VMOVAPD_ZMMf64_MASKmskw_MEMf64_AVX512	VMOVAPD	1189
5731	VMOVAPD_ZMMf64_MASKmskw_ZMMf64_AVX512	VMOVAPD	1189
5732	VMOVAPS_MEMdq_XMMdq	VMOVAPS	1188
5733	VMOVAPS_MEMf32_MASKmskw_XMMf32_AVX512	VMOVAPS	1188
5734	VMOVAPS_MEMf32_MASKmskw_YMMf32_AVX512	VMOVAPS	1188
5735	VMOVAPS_MEMf32_MASKmskw_ZMMf32_AVX512	VMOVAPS	1188
5736	VMOVAPS_MEMqq_YMMqq	VMOVAPS	1188
5737	VMOVAPS_XMMdq_MEMdq	VMOVAPS	1188
5738	VMOVAPS_XMMdq_XMMdq_28	VMOVAPS	1188
5739	VMOVAPS_XMMdq_XMMdq_29	VMOVAPS	1188
5740	VMOVAPS_XMMf32_MASKmskw_MEMf32_AVX512	VMOVAPS	1188
5741	VMOVAPS_XMMf32_MASKmskw_XMMf32_AVX512	VMOVAPS	1188
5742	VMOVAPS_YMMf32_MASKmskw_MEMf32_AVX512	VMOVAPS	1188
5743	VMOVAPS_YMMf32_MASKmskw_YMMf32_AVX512	VMOVAPS	1188
5744	VMOVAPS_YMMqq_MEMqq	VMOVAPS	1188
5745	VMOVAPS_YMMqq_YMMqq_28	VMOVAPS	1188
5746	VMOVAPS_YMMqq_YMMqq_29	VMOVAPS	1188
5747	VMOVAPS_ZMMf32_MASKmskw_MEMf32_AVX512	VMOVAPS	1188
5748	VMOVAPS_ZMMf32_MASKmskw_ZMMf32_AVX512	VMOVAPS	1188
5749	VMOVDDUP_XMMdq_MEMq	VMOVDDUP	1769
5750	VMOVDDUP_XMMdq_XMMq	VMOVDDUP	1769
5751	VMOVDDUP_XMMf64_MASKmskw_MEMf64_AVX512	VMOVDDUP	1769
5752	VMOVDDUP_XMMf64_MASKmskw_XMMf64_AVX512	VMOVDDUP	1769
5753	VMOVDDUP_YMMf64_MASKmskw_MEMf64_AVX512	VMOVDDUP	1769
5754	VMOVDDUP_YMMf64_MASKmskw_YMMf64_AVX512	VMOVDDUP	1769
5755	VMOVDDUP_YMMqq_MEMqq	VMOVDDUP	1769
5756	VMOVDDUP_YMMqq_YMMqq	VMOVDDUP	1769
5757	VMOVDDUP_ZMMf64_MASKmskw_MEMf64_AVX512	VMOVDDUP	1769
5758	VMOVDDUP_ZMMf64_MASKmskw_ZMMf64_AVX512	VMOVDDUP	1769
5759	VMOVDQA32_MEMu32_MASKmskw_XMMu32_AVX512	VMOVDQA32	1770
5760	VMOVDQA32_MEMu32_MASKmskw_YMMu32_AVX512	VMOVDQA32	1770
5761	VMOVDQA32_MEMu32_MASKmskw_ZMMu32_AVX512	VMOVDQA32	1770
5762	VMOVDQA32_XMMu32_MASKmskw_MEMu32_AVX512	VMOVDQA32	1770
5763	VMOVDQA32_XMMu32_MASKmskw_XMMu32_AVX512	VMOVDQA32	1770
5764	VMOVDQA32_YMMu32_MASKmskw_MEMu32_AVX512	VMOVDQA32	1770
5765	VMOVDQA32_YMMu32_MASKmskw_YMMu32_AVX512	VMOVDQA32	1770
5766	VMOVDQA32_ZMMu32_MASKmskw_MEMu32_AVX512	VMOVDQA32	1770
5767	VMOVDQA32_ZMMu32_MASKmskw_ZMMu32_AVX512	VMOVDQA32	1770
5768	VMOVDQA64_MEMu64_MASKmskw_XMMu64_AVX512	VMOVDQA64	1771
5769	VMOVDQA64_MEMu64_MASKmskw_YMMu64_AVX512	VMOVDQA64	1771
5770	VMOVDQA64_MEMu64_MASKmskw_ZMMu64_AVX512	VMOVDQA64	1771
5771	VMOVDQA64_XMMu64_MASKmskw_MEMu64_AVX512	VMOVDQA64	1771
5772	VMOVDQA64_XMMu64_MASKmskw_XMMu64_AVX512	VMOVDQA64	1771
5773	VMOVDQA64_YMMu64_MASKmskw_MEMu64_AVX512	VMOVDQA64	1771
5774	VMOVDQA64_YMMu64_MASKmskw_YMMu64_AVX512	VMOVDQA64	1771
5775	VMOVDQA64_ZMMu64_MASKmskw_MEMu64_AVX512	VMOVDQA64	1771
5776	VMOVDQA64_ZMMu64_MASKmskw_ZMMu64_AVX512	VMOVDQA64	1771
5777	VMOVDQA_MEMdq_XMMdq	VMOVDQA	1190
5778	VMOVDQA_MEMqq_YMMqq	VMOVDQA	1190
5779	VMOVDQA_XMMdq_MEMdq	VMOVDQA	1190
5780	VMOVDQA_XMMdq_XMMdq_6F	VMOVDQA	1190
5781	VMOVDQA_XMMdq_XMMdq_7F	VMOVDQA	1190
5782	VMOVDQA_YMMqq_MEMqq	VMOVDQA	1190
5783	VMOVDQA_YMMqq_YMMqq_6F	VMOVDQA	1190
5784	VMOVDQA_YMMqq_YMMqq_7F	VMOVDQA	1190
5785	VMOVDQU16_MEMu16_MASKmskw_XMMu16_AVX512	VMOVDQU16	1772
5786	VMOVDQU16_MEMu16_MASKmskw_YMMu16_AVX512	VMOVDQU16	1772
5787	VMOVDQU16_MEMu16_MASKmskw_ZMMu16_AVX512	VMOVDQU16	1772
5788	VMOVDQU16_XMMu16_MASKmskw_MEMu16_AVX512	VMOVDQU16	1772
5789	VMOVDQU16_XMMu16_MASKmskw_XMMu16_AVX512	VMOVDQU16	1772
5790	VMOVDQU16_YMMu16_MASKmskw_MEMu16_AVX512	VMOVDQU16	1772
5791	VMOVDQU16_YMMu16_MASKmskw_YMMu16_AVX512	VMOVDQU16	1772
5792	VMOVDQU16_ZMMu16_MASKmskw_MEMu16_AVX512	VMOVDQU16	1772
5793	VMOVDQU16_ZMMu16_MASKmskw_ZMMu16_AVX512	VMOVDQU16	1772
5794	VMOVDQU32_MEMu32_MASKmskw_XMMu32_AVX512	VMOVDQU32	1773
5795	VMOVDQU32_MEMu32_MASKmskw_YMMu32_AVX512	VMOVDQU32	1773
5796	VMOVDQU32_MEMu32_MASKmskw_ZMMu32_AVX512	VMOVDQU32	1773
5797	VMOVDQU32_XMMu32_MASKmskw_MEMu32_AVX512	VMOVDQU32	1773
5798	VMOVDQU32_XMMu32_MASKmskw_XMMu32_AVX512	VMOVDQU32	1773
5799	VMOVDQU32_YMMu32_MASKmskw_MEMu32_AVX512	VMOVDQU32	1773
5800	VMOVDQU32_YMMu32_MASKmskw_YMMu32_AVX512	VMOVDQU32	1773
5801	VMOVDQU32_ZMMu32_MASKmskw_MEMu32_AVX512	VMOVDQU32	1773
5802	VMOVDQU32_ZMMu32_MASKmskw_ZMMu32_AVX512	VMOVDQU32	1773
5803	VMOVDQU64_MEMu64_MASKmskw_XMMu64_AVX512	VMOVDQU64	1774
5804	VMOVDQU64_MEMu64_MASKmskw_YMMu64_AVX512	VMOVDQU64	1774
5805	VMOVDQU64_MEMu64_MASKmskw_ZMMu64_AVX512	VMOVDQU64	1774
5806	VMOVDQU64_XMMu64_MASKmskw_MEMu64_AVX512	VMOVDQU64	1774
5807	VMOVDQU64_XMMu64_MASKmskw_XMMu64_AVX512	VMOVDQU64	1774
5808	VMOVDQU64_YMMu64_MASKmskw_MEMu64_AVX512	VMOVDQU64	1774
5809	VMOVDQU64_YMMu64_MASKmskw_YMMu64_AVX512	VMOVDQU64	1774
5810	VMOVDQU64_ZMMu64_MASKmskw_MEMu64_AVX512	VMOVDQU64	1774
5811	VMOVDQU64_ZMMu64_MASKmskw_ZMMu64_AVX512	VMOVDQU64	1774
5812	VMOVDQU8_MEMu8_MASKmskw_XMMu8_AVX512	VMOVDQU8	1775
5813	VMOVDQU8_MEMu8_MASKmskw_YMMu8_AVX512	VMOVDQU8	1775
5814	VMOVDQU8_MEMu8_MASKmskw_ZMMu8_AVX512	VMOVDQU8	1775
5815	VMOVDQU8_XMMu8_MASKmskw_MEMu8_AVX512	VMOVDQU8	1775
5816	VMOVDQU8_XMMu8_MASKmskw_XMMu8_AVX512	VMOVDQU8	1775
5817	VMOVDQU8_YMMu8_MASKmskw_MEMu8_AVX512	VMOVDQU8	1775
5818	VMOVDQU8_YMMu8_MASKmskw_YMMu8_AVX512	VMOVDQU8	1775
5819	VMOVDQU8_ZMMu8_MASKmskw_MEMu8_AVX512	VMOVDQU8	1775
5820	VMOVDQU8_ZMMu8_MASKmskw_ZMMu8_AVX512	VMOVDQU8	1775
5821	VMOVDQU_MEMdq_XMMdq	VMOVDQU	1191
5822	VMOVDQU_MEMqq_YMMqq	VMOVDQU	1191
5823	VMOVDQU_XMMdq_MEMdq	VMOVDQU	1191
5824	VMOVDQU_XMMdq_XMMdq_6F	VMOVDQU	1191
5825	VMOVDQU_XMMdq_XMMdq_7F	VMOVDQU	1191
5826	VMOVDQU_YMMqq_MEMqq	VMOVDQU	1191
5827	VMOVDQU_YMMqq_YMMqq_6F	VMOVDQU	1191
5828	VMOVDQU_YMMqq_YMMqq_7F	VMOVDQU	1191
5829	VMOVD_GPR32d_XMMd	VMOVD	1768
5830	VMOVD_GPR32u32_XMMu32_AVX512	VMOVD	1768
5831	VMOVD_MEMd_XMMd	VMOVD	1768
5832	VMOVD_MEMu32_XMMu32_AVX512	VMOVD	1768
5833	VMOVD_MEMu32_XMMu32_AVX512_MOVZXC	VMOVD	1768
5834	VMOVD_XMMdq_GPR32d	VMOVD	1768
5835	VMOVD_XMMdq_MEMd	VMOVD	1768
5836	VMOVD_XMMu32_GPR32u32_AVX512	VMOVD	1768
5837	VMOVD_XMMu32_MEMu32_AVX512	VMOVD	1768
5838	VMOVD_XMMu32_MEMu32_AVX512_MOVZXC	VMOVD	1768
5839	VMOVD_XMMu32_XMMu32_AVX512_MOVZXC	VMOVD	1768
5840	VMOVHLPS_XMMdq_XMMdq_XMMdq	VMOVHLPS	1776
5841	VMOVHLPS_XMMf32_XMMf32_XMMf32_AVX512	VMOVHLPS	1776
5842	VMOVHPD_MEMf64_XMMf64_AVX512	VMOVHPD	1777
5843	VMOVHPD_MEMq_XMMdq	VMOVHPD	1777
5844	VMOVHPD_XMMdq_XMMq_MEMq	VMOVHPD	1777
5845	VMOVHPD_XMMf64_XMMf64_MEMf64_AVX512	VMOVHPD	1777
5846	VMOVHPS_MEMf32_XMMf32_AVX512	VMOVHPS	1778
5847	VMOVHPS_MEMq_XMMdq	VMOVHPS	1778
5848	VMOVHPS_XMMdq_XMMq_MEMq	VMOVHPS	1778
5849	VMOVHPS_XMMf32_XMMf32_MEMf32_AVX512	VMOVHPS	1778
5850	VMOVLHPS_XMMdq_XMMq_XMMq	VMOVLHPS	1779
5851	VMOVLHPS_XMMf32_XMMf32_XMMf32_AVX512	VMOVLHPS	1779
5852	VMOVLPD_MEMf64_XMMf64_AVX512	VMOVLPD	1780
5853	VMOVLPD_MEMq_XMMq	VMOVLPD	1780
5854	VMOVLPD_XMMdq_XMMdq_MEMq	VMOVLPD	1780
5855	VMOVLPD_XMMf64_XMMf64_MEMf64_AVX512	VMOVLPD	1780
5856	VMOVLPS_MEMf32_XMMf32_AVX512	VMOVLPS	1781
5857	VMOVLPS_MEMq_XMMq	VMOVLPS	1781
5858	VMOVLPS_XMMdq_XMMdq_MEMq	VMOVLPS	1781
5859	VMOVLPS_XMMf32_XMMf32_MEMf32_AVX512	VMOVLPS	1781
5860	VMOVMSKPD_GPR32d_XMMdq	VMOVMSKPD	1197
5861	VMOVMSKPD_GPR32d_YMMqq	VMOVMSKPD	1197
5862	VMOVMSKPS_GPR32d_XMMdq	VMOVMSKPS	1196
5863	VMOVMSKPS_GPR32d_YMMqq	VMOVMSKPS	1196
5864	VMOVNTDQA_XMMdq_MEMdq	VMOVNTDQA	1782
5865	VMOVNTDQA_XMMu32_MEMu32_AVX512	VMOVNTDQA	1782
5866	VMOVNTDQA_YMMqq_MEMqq	VMOVNTDQA	1782
5867	VMOVNTDQA_YMMu32_MEMu32_AVX512	VMOVNTDQA	1782
5868	VMOVNTDQA_ZMMu32_MEMu32_AVX512	VMOVNTDQA	1782
5869	VMOVNTDQ_MEMdq_XMMdq	VMOVNTDQ	1194
5870	VMOVNTDQ_MEMqq_YMMqq	VMOVNTDQ	1194
5871	VMOVNTDQ_MEMu32_XMMu32_AVX512	VMOVNTDQ	1194
5872	VMOVNTDQ_MEMu32_YMMu32_AVX512	VMOVNTDQ	1194
5873	VMOVNTDQ_MEMu32_ZMMu32_AVX512	VMOVNTDQ	1194
5874	VMOVNTPD_MEMdq_XMMdq	VMOVNTPD	1193
5875	VMOVNTPD_MEMf64_XMMf64_AVX512	VMOVNTPD	1193
5876	VMOVNTPD_MEMf64_YMMf64_AVX512	VMOVNTPD	1193
5877	VMOVNTPD_MEMf64_ZMMf64_AVX512	VMOVNTPD	1193
5878	VMOVNTPD_MEMqq_YMMqq	VMOVNTPD	1193
5879	VMOVNTPS_MEMdq_XMMdq	VMOVNTPS	1192
5880	VMOVNTPS_MEMf32_XMMf32_AVX512	VMOVNTPS	1192
5881	VMOVNTPS_MEMf32_YMMf32_AVX512	VMOVNTPS	1192
5882	VMOVNTPS_MEMf32_ZMMf32_AVX512	VMOVNTPS	1192
5883	VMOVNTPS_MEMqq_YMMqq	VMOVNTPS	1192
5884	VMOVQ_GPR64q_XMMq	VMOVQ	1783
5885	VMOVQ_GPR64u64_XMMu64_AVX512	VMOVQ	1783
5886	VMOVQ_MEMq_XMMq_7E	VMOVQ	1783
5887	VMOVQ_MEMq_XMMq_D6	VMOVQ	1783
5888	VMOVQ_MEMu64_XMMu64_AVX512	VMOVQ	1783
5889	VMOVQ_XMMdq_GPR64q	VMOVQ	1783
5890	VMOVQ_XMMdq_MEMq_6E	VMOVQ	1783
5891	VMOVQ_XMMdq_MEMq_7E	VMOVQ	1783
5892	VMOVQ_XMMdq_XMMq_7E	VMOVQ	1783
5893	VMOVQ_XMMdq_XMMq_D6	VMOVQ	1783
5894	VMOVQ_XMMu64_GPR64u64_AVX512	VMOVQ	1783
5895	VMOVQ_XMMu64_MEMu64_AVX512	VMOVQ	1783
5896	VMOVQ_XMMu64_XMMu64_AVX512	VMOVQ	1783
5897	VMOVRSB_XMMu8_MASKmskw_MEMu8_AVX512	VMOVRSB	1784
5898	VMOVRSB_YMMu8_MASKmskw_MEMu8_AVX512	VMOVRSB	1784
5899	VMOVRSB_ZMMu8_MASKmskw_MEMu8_AVX512	VMOVRSB	1784
5900	VMOVRSD_XMMu32_MASKmskw_MEMu32_AVX512	VMOVRSD	1785
5901	VMOVRSD_YMMu32_MASKmskw_MEMu32_AVX512	VMOVRSD	1785
5902	VMOVRSD_ZMMu32_MASKmskw_MEMu32_AVX512	VMOVRSD	1785
5903	VMOVRSQ_XMMu64_MASKmskw_MEMu64_AVX512	VMOVRSQ	1786
5904	VMOVRSQ_YMMu64_MASKmskw_MEMu64_AVX512	VMOVRSQ	1786
5905	VMOVRSQ_ZMMu64_MASKmskw_MEMu64_AVX512	VMOVRSQ	1786
5906	VMOVRSW_XMMu16_MASKmskw_MEMu16_AVX512	VMOVRSW	1787
5907	VMOVRSW_YMMu16_MASKmskw_MEMu16_AVX512	VMOVRSW	1787
5908	VMOVRSW_ZMMu16_MASKmskw_MEMu16_AVX512	VMOVRSW	1787
5909	VMOVSD_MEMf64_MASKmskw_XMMf64_AVX512	VMOVSD	1788
5910	VMOVSD_MEMq_XMMq	VMOVSD	1788
5911	VMOVSD_XMMdq_MEMq	VMOVSD	1788
5912	VMOVSD_XMMdq_XMMdq_XMMq_10	VMOVSD	1788
5913	VMOVSD_XMMdq_XMMdq_XMMq_11	VMOVSD	1788
5914	VMOVSD_XMMf64_MASKmskw_MEMf64_AVX512	VMOVSD	1788
5915	VMOVSD_XMMf64_MASKmskw_XMMf64_XMMf64_AVX512	VMOVSD	1788
5916	VMOVSHDUP_XMMdq_MEMdq	VMOVSHDUP	1790
5917	VMOVSHDUP_XMMdq_XMMdq	VMOVSHDUP	1790
5918	VMOVSHDUP_XMMf32_MASKmskw_MEMf32_AVX512	VMOVSHDUP	1790
5919	VMOVSHDUP_XMMf32_MASKmskw_XMMf32_AVX512	VMOVSHDUP	1790
5920	VMOVSHDUP_YMMf32_MASKmskw_MEMf32_AVX512	VMOVSHDUP	1790
5921	VMOVSHDUP_YMMf32_MASKmskw_YMMf32_AVX512	VMOVSHDUP	1790
5922	VMOVSHDUP_YMMqq_MEMqq	VMOVSHDUP	1790
5923	VMOVSHDUP_YMMqq_YMMqq	VMOVSHDUP	1790
5924	VMOVSHDUP_ZMMf32_MASKmskw_MEMf32_AVX512	VMOVSHDUP	1790
5925	VMOVSHDUP_ZMMf32_MASKmskw_ZMMf32_AVX512	VMOVSHDUP	1790
5926	VMOVSH_MEMf16_MASKmskw_XMMf16_AVX512	VMOVSH	1789
5927	VMOVSH_XMMf16_MASKmskw_MEMf16_AVX512	VMOVSH	1789
5928	VMOVSH_XMMf16_MASKmskw_XMMf16_XMMf16_AVX512	VMOVSH	1789
5929	VMOVSLDUP_XMMdq_MEMdq	VMOVSLDUP	1791
5930	VMOVSLDUP_XMMdq_XMMdq	VMOVSLDUP	1791
5931	VMOVSLDUP_XMMf32_MASKmskw_MEMf32_AVX512	VMOVSLDUP	1791
5932	VMOVSLDUP_XMMf32_MASKmskw_XMMf32_AVX512	VMOVSLDUP	1791
5933	VMOVSLDUP_YMMf32_MASKmskw_MEMf32_AVX512	VMOVSLDUP	1791
5934	VMOVSLDUP_YMMf32_MASKmskw_YMMf32_AVX512	VMOVSLDUP	1791
5935	VMOVSLDUP_YMMqq_MEMqq	VMOVSLDUP	1791
5936	VMOVSLDUP_YMMqq_YMMqq	VMOVSLDUP	1791
5937	VMOVSLDUP_ZMMf32_MASKmskw_MEMf32_AVX512	VMOVSLDUP	1791
5938	VMOVSLDUP_ZMMf32_MASKmskw_ZMMf32_AVX512	VMOVSLDUP	1791
5939	VMOVSS_MEMd_XMMd	VMOVSS	1792
5940	VMOVSS_MEMf32_MASKmskw_XMMf32_AVX512	VMOVSS	1792
5941	VMOVSS_XMMdq_MEMd	VMOVSS	1792
5942	VMOVSS_XMMdq_XMMdq_XMMd_10	VMOVSS	1792
5943	VMOVSS_XMMdq_XMMdq_XMMd_11	VMOVSS	1792
5944	VMOVSS_XMMf32_MASKmskw_MEMf32_AVX512	VMOVSS	1792
5945	VMOVSS_XMMf32_MASKmskw_XMMf32_XMMf32_AVX512	VMOVSS	1792
5946	VMOVUPD_MEMdq_XMMdq	VMOVUPD	1187
5947	VMOVUPD_MEMf64_MASKmskw_XMMf64_AVX512	VMOVUPD	1187
5948	VMOVUPD_MEMf64_MASKmskw_YMMf64_AVX512	VMOVUPD	1187
5949	VMOVUPD_MEMf64_MASKmskw_ZMMf64_AVX512	VMOVUPD	1187
5950	VMOVUPD_MEMqq_YMMqq	VMOVUPD	1187
5951	VMOVUPD_XMMdq_MEMdq	VMOVUPD	1187
5952	VMOVUPD_XMMdq_XMMdq_10	VMOVUPD	1187
5953	VMOVUPD_XMMdq_XMMdq_11	VMOVUPD	1187
5954	VMOVUPD_XMMf64_MASKmskw_MEMf64_AVX512	VMOVUPD	1187
5955	VMOVUPD_XMMf64_MASKmskw_XMMf64_AVX512	VMOVUPD	1187
5956	VMOVUPD_YMMf64_MASKmskw_MEMf64_AVX512	VMOVUPD	1187
5957	VMOVUPD_YMMf64_MASKmskw_YMMf64_AVX512	VMOVUPD	1187
5958	VMOVUPD_YMMqq_MEMqq	VMOVUPD	1187
5959	VMOVUPD_YMMqq_YMMqq_10	VMOVUPD	1187
5960	VMOVUPD_YMMqq_YMMqq_11	VMOVUPD	1187
5961	VMOVUPD_ZMMf64_MASKmskw_MEMf64_AVX512	VMOVUPD	1187
5962	VMOVUPD_ZMMf64_MASKmskw_ZMMf64_AVX512	VMOVUPD	1187
5963	VMOVUPS_MEMdq_XMMdq	VMOVUPS	1186
5964	VMOVUPS_MEMf32_MASKmskw_XMMf32_AVX512	VMOVUPS	1186
5965	VMOVUPS_MEMf32_MASKmskw_YMMf32_AVX512	VMOVUPS	1186
5966	VMOVUPS_MEMf32_MASKmskw_ZMMf32_AVX512	VMOVUPS	1186
5967	VMOVUPS_MEMqq_YMMqq	VMOVUPS	1186
5968	VMOVUPS_XMMdq_MEMdq	VMOVUPS	1186
5969	VMOVUPS_XMMdq_XMMdq_10	VMOVUPS	1186
5970	VMOVUPS_XMMdq_XMMdq_11	VMOVUPS	1186
5971	VMOVUPS_XMMf32_MASKmskw_MEMf32_AVX512	VMOVUPS	1186
5972	VMOVUPS_XMMf32_MASKmskw_XMMf32_AVX512	VMOVUPS	1186
5973	VMOVUPS_YMMf32_MASKmskw_MEMf32_AVX512	VMOVUPS	1186
5974	VMOVUPS_YMMf32_MASKmskw_YMMf32_AVX512	VMOVUPS	1186
5975	VMOVUPS_YMMqq_MEMqq	VMOVUPS	1186
5976	VMOVUPS_YMMqq_YMMqq_10	VMOVUPS	1186
5977	VMOVUPS_YMMqq_YMMqq_11	VMOVUPS	1186
5978	VMOVUPS_ZMMf32_MASKmskw_MEMf32_AVX512	VMOVUPS	1186
5979	VMOVUPS_ZMMf32_MASKmskw_ZMMf32_AVX512	VMOVUPS	1186
5980	VMOVW_GPR32f16_XMMf16_AVX512	VMOVW	1793
5981	VMOVW_MEMf16_XMMf16_AVX512	VMOVW	1793
5982	VMOVW_MEMu16_XMMu16_AVX512_MOVZXC	VMOVW	1793
5983	VMOVW_XMMf16_GPR32f16_AVX512	VMOVW	1793
5984	VMOVW_XMMf16_MEMf16_AVX512	VMOVW	1793
5985	VMOVW_XMMu16_MEMu16_AVX512_MOVZXC	VMOVW	1793
5986	VMOVW_XMMu16_XMMu16_AVX512_MOVZXC	VMOVW	1793
5987	VMPSADBW_XMMdq_XMMdq_MEMdq_IMMb	VMPSADBW	1794
5988	VMPSADBW_XMMdq_XMMdq_XMMdq_IMMb	VMPSADBW	1794
5989	VMPSADBW_XMMu16_MASKmskw_XMMu8_MEMu8_IMM8_AVX512	VMPSADBW	1794
5990	VMPSADBW_XMMu16_MASKmskw_XMMu8_XMMu8_IMM8_AVX512	VMPSADBW	1794
5991	VMPSADBW_YMMqq_YMMqq_MEMqq_IMMb	VMPSADBW	1794
5992	VMPSADBW_YMMqq_YMMqq_YMMqq_IMMb	VMPSADBW	1794
5993	VMPSADBW_YMMu16_MASKmskw_YMMu8_MEMu8_IMM8_AVX512	VMPSADBW	1794
5994	VMPSADBW_YMMu16_MASKmskw_YMMu8_YMMu8_IMM8_AVX512	VMPSADBW	1794
5995	VMPSADBW_ZMMu16_MASKmskw_ZMMu8_MEMu8_IMM8_AVX512	VMPSADBW	1794
5996	VMPSADBW_ZMMu16_MASKmskw_ZMMu8_ZMMu8_IMM8_AVX512	VMPSADBW	1794
5997	VMPTRLD_MEMq	VMPTRLD	232
5998	VMPTRST_MEMq	VMPTRST	233
5999	VMREAD_GPR32_GPR32	VMREAD	234
6000	VMREAD_GPR64_GPR64	VMREAD	234
6001	VMREAD_MEMd_GPR32	VMREAD	234
6002	VMREAD_MEMq_GPR64	VMREAD	234
6003	VMRESUME	VMRESUME	235
6004	VMRUN_ArAX	VMRUN	236
6005	VMSAVE	VMSAVE	237
6006	VMULBF16_XMMbf16_MASKmskw_XMMbf16_MEMbf16_AVX512	VMULBF16	940
6007	VMULBF16_XMMbf16_MASKmskw_XMMbf16_XMMbf16_AVX512	VMULBF16	940
6008	VMULBF16_YMMbf16_MASKmskw_YMMbf16_MEMbf16_AVX512	VMULBF16	940
6009	VMULBF16_YMMbf16_MASKmskw_YMMbf16_YMMbf16_AVX512	VMULBF16	940
6010	VMULBF16_ZMMbf16_MASKmskw_ZMMbf16_MEMbf16_AVX512	VMULBF16	940
6011	VMULBF16_ZMMbf16_MASKmskw_ZMMbf16_ZMMbf16_AVX512	VMULBF16	940
6012	VMULPD_XMMdq_XMMdq_MEMdq	VMULPD	619
6013	VMULPD_XMMdq_XMMdq_XMMdq	VMULPD	619
6014	VMULPD_XMMf64_MASKmskw_XMMf64_MEMf64_AVX512	VMULPD	619
6015	VMULPD_XMMf64_MASKmskw_XMMf64_XMMf64_AVX512	VMULPD	619
6016	VMULPD_YMMf64_MASKmskw_YMMf64_MEMf64_AVX512	VMULPD	619
6017	VMULPD_YMMf64_MASKmskw_YMMf64_YMMf64_AVX512	VMULPD	619
6018	VMULPD_YMMqq_YMMqq_MEMqq	VMULPD	619
6019	VMULPD_YMMqq_YMMqq_YMMqq	VMULPD	619
6020	VMULPD_ZMMf64_MASKmskw_ZMMf64_MEMf64_AVX512	VMULPD	619
6021	VMULPD_ZMMf64_MASKmskw_ZMMf64_ZMMf64_AVX512	VMULPD	619
6022	VMULPH_XMMf16_MASKmskw_XMMf16_MEMf16_AVX512	VMULPH	1795
6023	VMULPH_XMMf16_MASKmskw_XMMf16_XMMf16_AVX512	VMULPH	1795
6024	VMULPH_YMMf16_MASKmskw_YMMf16_MEMf16_AVX512	VMULPH	1795
6025	VMULPH_YMMf16_MASKmskw_YMMf16_YMMf16_AVX512	VMULPH	1795
6026	VMULPH_ZMMf16_MASKmskw_ZMMf16_MEMf16_AVX512	VMULPH	1795
6027	VMULPH_ZMMf16_MASKmskw_ZMMf16_ZMMf16_AVX512	VMULPH	1795
6028	VMULPS_XMMdq_XMMdq_MEMdq	VMULPS	618
6029	VMULPS_XMMdq_XMMdq_XMMdq	VMULPS	618
6030	VMULPS_XMMf32_MASKmskw_XMMf32_MEMf32_AVX512	VMULPS	618
6031	VMULPS_XMMf32_MASKmskw_XMMf32_XMMf32_AVX512	VMULPS	618
6032	VMULPS_YMMf32_MASKmskw_YMMf32_MEMf32_AVX512	VMULPS	618
6033	VMULPS_YMMf32_MASKmskw_YMMf32_YMMf32_AVX512	VMULPS	618
6034	VMULPS_YMMqq_YMMqq_MEMqq	VMULPS	618
6035	VMULPS_YMMqq_YMMqq_YMMqq	VMULPS	618
6036	VMULPS_ZMMf32_MASKmskw_ZMMf32_MEMf32_AVX512	VMULPS	618
6037	VMULPS_ZMMf32_MASKmskw_ZMMf32_ZMMf32_AVX512	VMULPS	618
6038	VMULSD_XMMdq_XMMdq_MEMq	VMULSD	621
6039	VMULSD_XMMdq_XMMdq_XMMq	VMULSD	621
6040	VMULSD_XMMf64_MASKmskw_XMMf64_MEMf64_AVX512	VMULSD	621
6041	VMULSD_XMMf64_MASKmskw_XMMf64_XMMf64_AVX512	VMULSD	621
6042	VMULSH_XMMf16_MASKmskw_XMMf16_MEMf16_AVX512	VMULSH	1796
6043	VMULSH_XMMf16_MASKmskw_XMMf16_XMMf16_AVX512	VMULSH	1796
6044	VMULSS_XMMdq_XMMdq_MEMd	VMULSS	620
6045	VMULSS_XMMdq_XMMdq_XMMd	VMULSS	620
6046	VMULSS_XMMf32_MASKmskw_XMMf32_MEMf32_AVX512	VMULSS	620
6047	VMULSS_XMMf32_MASKmskw_XMMf32_XMMf32_AVX512	VMULSS	620
6048	VMWRITE_GPR32_GPR32	VMWRITE	238
6049	VMWRITE_GPR32_MEMd	VMWRITE	238
6050	VMWRITE_GPR64_GPR64	VMWRITE	238
6051	VMWRITE_GPR64_MEMq	VMWRITE	238
6052	VMXOFF	VMXOFF	239
6053	VMXON_MEMq	VMXON	240
6054	VORPD_XMMdq_XMMdq_MEMdq	VORPD	639
6055	VORPD_XMMdq_XMMdq_XMMdq	VORPD	639
6056	VORPD_XMMu64_MASKmskw_XMMu64_MEMu64_AVX512	VORPD	639
6057	VORPD_XMMu64_MASKmskw_XMMu64_XMMu64_AVX512	VORPD	639
6058	VORPD_YMMqq_YMMqq_MEMqq	VORPD	639
6059	VORPD_YMMqq_YMMqq_YMMqq	VORPD	639
6060	VORPD_YMMu64_MASKmskw_YMMu64_MEMu64_AVX512	VORPD	639
6061	VORPD_YMMu64_MASKmskw_YMMu64_YMMu64_AVX512	VORPD	639
6062	VORPD_ZMMu64_MASKmskw_ZMMu64_MEMu64_AVX512	VORPD	639
6063	VORPD_ZMMu64_MASKmskw_ZMMu64_ZMMu64_AVX512	VORPD	639
6064	VORPS_XMMdq_XMMdq_MEMdq	VORPS	638
6065	VORPS_XMMdq_XMMdq_XMMdq	VORPS	638
6066	VORPS_XMMu32_MASKmskw_XMMu32_MEMu32_AVX512	VORPS	638
6067	VORPS_XMMu32_MASKmskw_XMMu32_XMMu32_AVX512	VORPS	638
6068	VORPS_YMMqq_YMMqq_MEMqq	VORPS	638
6069	VORPS_YMMqq_YMMqq_YMMqq	VORPS	638
6070	VORPS_YMMu32_MASKmskw_YMMu32_MEMu32_AVX512	VORPS	638
6071	VORPS_YMMu32_MASKmskw_YMMu32_YMMu32_AVX512	VORPS	638
6072	VORPS_ZMMu32_MASKmskw_ZMMu32_MEMu32_AVX512	VORPS	638
6073	VORPS_ZMMu32_MASKmskw_ZMMu32_ZMMu32_AVX512	VORPS	638
6074	VP2INTERSECTD_MASKmskw_XMMu32_MEMu32_AVX512	VP2INTERSECTD	1797
6075	VP2INTERSECTD_MASKmskw_XMMu32_XMMu32_AVX512	VP2INTERSECTD	1797
6076	VP2INTERSECTD_MASKmskw_YMMu32_MEMu32_AVX512	VP2INTERSECTD	1797
6077	VP2INTERSECTD_MASKmskw_YMMu32_YMMu32_AVX512	VP2INTERSECTD	1797
6078	VP2INTERSECTD_MASKmskw_ZMMu32_MEMu32_AVX512	VP2INTERSECTD	1797
6079	VP2INTERSECTD_MASKmskw_ZMMu32_ZMMu32_AVX512	VP2INTERSECTD	1797
6080	VP2INTERSECTQ_MASKmskw_XMMu64_MEMu64_AVX512	VP2INTERSECTQ	1798
6081	VP2INTERSECTQ_MASKmskw_XMMu64_XMMu64_AVX512	VP2INTERSECTQ	1798
6082	VP2INTERSECTQ_MASKmskw_YMMu64_MEMu64_AVX512	VP2INTERSECTQ	1798
6083	VP2INTERSECTQ_MASKmskw_YMMu64_YMMu64_AVX512	VP2INTERSECTQ	1798
6084	VP2INTERSECTQ_MASKmskw_ZMMu64_MEMu64_AVX512	VP2INTERSECTQ	1798
6085	VP2INTERSECTQ_MASKmskw_ZMMu64_ZMMu64_AVX512	VP2INTERSECTQ	1798
6086	VP4DPWSSDS_ZMMi32_MASKmskw_ZMMi16_MEMu32_AVX512	VP4DPWSSDS	1117
6087	VP4DPWSSD_ZMMi32_MASKmskw_ZMMi16_MEMu32_AVX512	VP4DPWSSD	1116
6088	VPABSB_XMMdq_MEMdq	VPABSB	1799
6089	VPABSB_XMMdq_XMMdq	VPABSB	1799
6090	VPABSB_XMMi8_MASKmskw_MEMi8_AVX512	VPABSB	1799
6091	VPABSB_XMMi8_MASKmskw_XMMi8_AVX512	VPABSB	1799
6092	VPABSB_YMMi8_MASKmskw_MEMi8_AVX512	VPABSB	1799
6093	VPABSB_YMMi8_MASKmskw_YMMi8_AVX512	VPABSB	1799
6094	VPABSB_YMMqq_MEMqq	VPABSB	1799
6095	VPABSB_YMMqq_YMMqq	VPABSB	1799
6096	VPABSB_ZMMi8_MASKmskw_MEMi8_AVX512	VPABSB	1799
6097	VPABSB_ZMMi8_MASKmskw_ZMMi8_AVX512	VPABSB	1799
6098	VPABSD_XMMdq_MEMdq	VPABSD	1800
6099	VPABSD_XMMdq_XMMdq	VPABSD	1800
6100	VPABSD_XMMi32_MASKmskw_MEMi32_AVX512	VPABSD	1800
6101	VPABSD_XMMi32_MASKmskw_XMMi32_AVX512	VPABSD	1800
6102	VPABSD_YMMi32_MASKmskw_MEMi32_AVX512	VPABSD	1800
6103	VPABSD_YMMi32_MASKmskw_YMMi32_AVX512	VPABSD	1800
6104	VPABSD_YMMqq_MEMqq	VPABSD	1800
6105	VPABSD_YMMqq_YMMqq	VPABSD	1800
6106	VPABSD_ZMMi32_MASKmskw_MEMi32_AVX512	VPABSD	1800
6107	VPABSD_ZMMi32_MASKmskw_ZMMi32_AVX512	VPABSD	1800
6108	VPABSQ_XMMi64_MASKmskw_MEMi64_AVX512	VPABSQ	1801
6109	VPABSQ_XMMi64_MASKmskw_XMMi64_AVX512	VPABSQ	1801
6110	VPABSQ_YMMi64_MASKmskw_MEMi64_AVX512	VPABSQ	1801
6111	VPABSQ_YMMi64_MASKmskw_YMMi64_AVX512	VPABSQ	1801
6112	VPABSQ_ZMMi64_MASKmskw_MEMi64_AVX512	VPABSQ	1801
6113	VPABSQ_ZMMi64_MASKmskw_ZMMi64_AVX512	VPABSQ	1801
6114	VPABSW_XMMdq_MEMdq	VPABSW	1802
6115	VPABSW_XMMdq_XMMdq	VPABSW	1802
6116	VPABSW_XMMi16_MASKmskw_MEMi16_AVX512	VPABSW	1802
6117	VPABSW_XMMi16_MASKmskw_XMMi16_AVX512	VPABSW	1802
6118	VPABSW_YMMi16_MASKmskw_MEMi16_AVX512	VPABSW	1802
6119	VPABSW_YMMi16_MASKmskw_YMMi16_AVX512	VPABSW	1802
6120	VPABSW_YMMqq_MEMqq	VPABSW	1802
6121	VPABSW_YMMqq_YMMqq	VPABSW	1802
6122	VPABSW_ZMMi16_MASKmskw_MEMi16_AVX512	VPABSW	1802
6123	VPABSW_ZMMi16_MASKmskw_ZMMi16_AVX512	VPABSW	1802
6124	VPACKSSDW_XMMdq_XMMdq_MEMdq	VPACKSSDW	1803
6125	VPACKSSDW_XMMdq_XMMdq_XMMdq	VPACKSSDW	1803
6126	VPACKSSDW_XMMi16_MASKmskw_XMMi32_MEMi32_AVX512	VPACKSSDW	1803
6127	VPACKSSDW_XMMi16_MASKmskw_XMMi32_XMMi32_AVX512	VPACKSSDW	1803
6128	VPACKSSDW_YMMi16_MASKmskw_YMMi32_MEMi32_AVX512	VPACKSSDW	1803
6129	VPACKSSDW_YMMi16_MASKmskw_YMMi32_YMMi32_AVX512	VPACKSSDW	1803
6130	VPACKSSDW_YMMqq_YMMqq_MEMqq	VPACKSSDW	1803
6131	VPACKSSDW_YMMqq_YMMqq_YMMqq	VPACKSSDW	1803
6132	VPACKSSDW_ZMMi16_MASKmskw_ZMMi32_MEMi32_AVX512	VPACKSSDW	1803
6133	VPACKSSDW_ZMMi16_MASKmskw_ZMMi32_ZMMi32_AVX512	VPACKSSDW	1803
6134	VPACKSSWB_XMMdq_XMMdq_MEMdq	VPACKSSWB	1804
6135	VPACKSSWB_XMMdq_XMMdq_XMMdq	VPACKSSWB	1804
6136	VPACKSSWB_XMMi8_MASKmskw_XMMi16_MEMi16_AVX512	VPACKSSWB	1804
6137	VPACKSSWB_XMMi8_MASKmskw_XMMi16_XMMi16_AVX512	VPACKSSWB	1804
6138	VPACKSSWB_YMMi8_MASKmskw_YMMi16_MEMi16_AVX512	VPACKSSWB	1804
6139	VPACKSSWB_YMMi8_MASKmskw_YMMi16_YMMi16_AVX512	VPACKSSWB	1804
6140	VPACKSSWB_YMMqq_YMMqq_MEMqq	VPACKSSWB	1804
6141	VPACKSSWB_YMMqq_YMMqq_YMMqq	VPACKSSWB	1804
6142	VPACKSSWB_ZMMi8_MASKmskw_ZMMi16_MEMi16_AVX512	VPACKSSWB	1804
6143	VPACKSSWB_ZMMi8_MASKmskw_ZMMi16_ZMMi16_AVX512	VPACKSSWB	1804
6144	VPACKUSDW_XMMdq_XMMdq_MEMdq	VPACKUSDW	1805
6145	VPACKUSDW_XMMdq_XMMdq_XMMdq	VPACKUSDW	1805
6146	VPACKUSDW_XMMu16_MASKmskw_XMMu32_MEMu32_AVX512	VPACKUSDW	1805
6147	VPACKUSDW_XMMu16_MASKmskw_XMMu32_XMMu32_AVX512	VPACKUSDW	1805
6148	VPACKUSDW_YMMqq_YMMqq_MEMqq	VPACKUSDW	1805
6149	VPACKUSDW_YMMqq_YMMqq_YMMqq	VPACKUSDW	1805
6150	VPACKUSDW_YMMu16_MASKmskw_YMMu32_MEMu32_AVX512	VPACKUSDW	1805
6151	VPACKUSDW_YMMu16_MASKmskw_YMMu32_YMMu32_AVX512	VPACKUSDW	1805
6152	VPACKUSDW_ZMMu16_MASKmskw_ZMMu32_MEMu32_AVX512	VPACKUSDW	1805
6153	VPACKUSDW_ZMMu16_MASKmskw_ZMMu32_ZMMu32_AVX512	VPACKUSDW	1805
6154	VPACKUSWB_XMMdq_XMMdq_MEMdq	VPACKUSWB	1806
6155	VPACKUSWB_XMMdq_XMMdq_XMMdq	VPACKUSWB	1806
6156	VPACKUSWB_XMMu8_MASKmskw_XMMu16_MEMu16_AVX512	VPACKUSWB	1806
6157	VPACKUSWB_XMMu8_MASKmskw_XMMu16_XMMu16_AVX512	VPACKUSWB	1806
6158	VPACKUSWB_YMMqq_YMMqq_MEMqq	VPACKUSWB	1806
6159	VPACKUSWB_YMMqq_YMMqq_YMMqq	VPACKUSWB	1806
6160	VPACKUSWB_YMMu8_MASKmskw_YMMu16_MEMu16_AVX512	VPACKUSWB	1806
6161	VPACKUSWB_YMMu8_MASKmskw_YMMu16_YMMu16_AVX512	VPACKUSWB	1806
6162	VPACKUSWB_ZMMu8_MASKmskw_ZMMu16_MEMu16_AVX512	VPACKUSWB	1806
6163	VPACKUSWB_ZMMu8_MASKmskw_ZMMu16_ZMMu16_AVX512	VPACKUSWB	1806
6164	VPADDB_XMMdq_XMMdq_MEMdq	VPADDB	642
6165	VPADDB_XMMdq_XMMdq_XMMdq	VPADDB	642
6166	VPADDB_XMMu8_MASKmskw_XMMu8_MEMu8_AVX512	VPADDB	642
6167	VPADDB_XMMu8_MASKmskw_XMMu8_XMMu8_AVX512	VPADDB	642
6168	VPADDB_YMMqq_YMMqq_MEMqq	VPADDB	642
6169	VPADDB_YMMqq_YMMqq_YMMqq	VPADDB	642
6170	VPADDB_YMMu8_MASKmskw_YMMu8_MEMu8_AVX512	VPADDB	642
6171	VPADDB_YMMu8_MASKmskw_YMMu8_YMMu8_AVX512	VPADDB	642
6172	VPADDB_ZMMu8_MASKmskw_ZMMu8_MEMu8_AVX512	VPADDB	642
6173	VPADDB_ZMMu8_MASKmskw_ZMMu8_ZMMu8_AVX512	VPADDB	642
6174	VPADDD_XMMdq_XMMdq_MEMdq	VPADDD	644
6175	VPADDD_XMMdq_XMMdq_XMMdq	VPADDD	644
6176	VPADDD_XMMu32_MASKmskw_XMMu32_MEMu32_AVX512	VPADDD	644
6177	VPADDD_XMMu32_MASKmskw_XMMu32_XMMu32_AVX512	VPADDD	644
6178	VPADDD_YMMqq_YMMqq_MEMqq	VPADDD	644
6179	VPADDD_YMMqq_YMMqq_YMMqq	VPADDD	644
6180	VPADDD_YMMu32_MASKmskw_YMMu32_MEMu32_AVX512	VPADDD	644
6181	VPADDD_YMMu32_MASKmskw_YMMu32_YMMu32_AVX512	VPADDD	644
6182	VPADDD_ZMMu32_MASKmskw_ZMMu32_MEMu32_AVX512	VPADDD	644
6183	VPADDD_ZMMu32_MASKmskw_ZMMu32_ZMMu32_AVX512	VPADDD	644
6184	VPADDQ_XMMdq_XMMdq_MEMdq	VPADDQ	645
6185	VPADDQ_XMMdq_XMMdq_XMMdq	VPADDQ	645
6186	VPADDQ_XMMu64_MASKmskw_XMMu64_MEMu64_AVX512	VPADDQ	645
6187	VPADDQ_XMMu64_MASKmskw_XMMu64_XMMu64_AVX512	VPADDQ	645
6188	VPADDQ_YMMqq_YMMqq_MEMqq	VPADDQ	645
6189	VPADDQ_YMMqq_YMMqq_YMMqq	VPADDQ	645
6190	VPADDQ_YMMu64_MASKmskw_YMMu64_MEMu64_AVX512	VPADDQ	645
6191	VPADDQ_YMMu64_MASKmskw_YMMu64_YMMu64_AVX512	VPADDQ	645
6192	VPADDQ_ZMMu64_MASKmskw_ZMMu64_MEMu64_AVX512	VPADDQ	645
6193	VPADDQ_ZMMu64_MASKmskw_ZMMu64_ZMMu64_AVX512	VPADDQ	645
6194	VPADDSB_XMMdq_XMMdq_MEMdq	VPADDSB	1021
6195	VPADDSB_XMMdq_XMMdq_XMMdq	VPADDSB	1021
6196	VPADDSB_XMMi8_MASKmskw_XMMi8_MEMi8_AVX512	VPADDSB	1021
6197	VPADDSB_XMMi8_MASKmskw_XMMi8_XMMi8_AVX512	VPADDSB	1021
6198	VPADDSB_YMMi8_MASKmskw_YMMi8_MEMi8_AVX512	VPADDSB	1021
6199	VPADDSB_YMMi8_MASKmskw_YMMi8_YMMi8_AVX512	VPADDSB	1021
6200	VPADDSB_YMMqq_YMMqq_MEMqq	VPADDSB	1021
6201	VPADDSB_YMMqq_YMMqq_YMMqq	VPADDSB	1021
6202	VPADDSB_ZMMi8_MASKmskw_ZMMi8_MEMi8_AVX512	VPADDSB	1021
6203	VPADDSB_ZMMi8_MASKmskw_ZMMi8_ZMMi8_AVX512	VPADDSB	1021
6204	VPADDSW_XMMdq_XMMdq_MEMdq	VPADDSW	1022
6205	VPADDSW_XMMdq_XMMdq_XMMdq	VPADDSW	1022
6206	VPADDSW_XMMi16_MASKmskw_XMMi16_MEMi16_AVX512	VPADDSW	1022
6207	VPADDSW_XMMi16_MASKmskw_XMMi16_XMMi16_AVX512	VPADDSW	1022
6208	VPADDSW_YMMi16_MASKmskw_YMMi16_MEMi16_AVX512	VPADDSW	1022
6209	VPADDSW_YMMi16_MASKmskw_YMMi16_YMMi16_AVX512	VPADDSW	1022
6210	VPADDSW_YMMqq_YMMqq_MEMqq	VPADDSW	1022
6211	VPADDSW_YMMqq_YMMqq_YMMqq	VPADDSW	1022
6212	VPADDSW_ZMMi16_MASKmskw_ZMMi16_MEMi16_AVX512	VPADDSW	1022
6213	VPADDSW_ZMMi16_MASKmskw_ZMMi16_ZMMi16_AVX512	VPADDSW	1022
6214	VPADDUSB_XMMdq_XMMdq_MEMdq	VPADDUSB	1023
6215	VPADDUSB_XMMdq_XMMdq_XMMdq	VPADDUSB	1023
6216	VPADDUSB_XMMu8_MASKmskw_XMMu8_MEMu8_AVX512	VPADDUSB	1023
6217	VPADDUSB_XMMu8_MASKmskw_XMMu8_XMMu8_AVX512	VPADDUSB	1023
6218	VPADDUSB_YMMqq_YMMqq_MEMqq	VPADDUSB	1023
6219	VPADDUSB_YMMqq_YMMqq_YMMqq	VPADDUSB	1023
6220	VPADDUSB_YMMu8_MASKmskw_YMMu8_MEMu8_AVX512	VPADDUSB	1023
6221	VPADDUSB_YMMu8_MASKmskw_YMMu8_YMMu8_AVX512	VPADDUSB	1023
6222	VPADDUSB_ZMMu8_MASKmskw_ZMMu8_MEMu8_AVX512	VPADDUSB	1023
6223	VPADDUSB_ZMMu8_MASKmskw_ZMMu8_ZMMu8_AVX512	VPADDUSB	1023
6224	VPADDUSW_XMMdq_XMMdq_MEMdq	VPADDUSW	1024
6225	VPADDUSW_XMMdq_XMMdq_XMMdq	VPADDUSW	1024
6226	VPADDUSW_XMMu16_MASKmskw_XMMu16_MEMu16_AVX512	VPADDUSW	1024
6227	VPADDUSW_XMMu16_MASKmskw_XMMu16_XMMu16_AVX512	VPADDUSW	1024
6228	VPADDUSW_YMMqq_YMMqq_MEMqq	VPADDUSW	1024
6229	VPADDUSW_YMMqq_YMMqq_YMMqq	VPADDUSW	1024
6230	VPADDUSW_YMMu16_MASKmskw_YMMu16_MEMu16_AVX512	VPADDUSW	1024
6231	VPADDUSW_YMMu16_MASKmskw_YMMu16_YMMu16_AVX512	VPADDUSW	1024
6232	VPADDUSW_ZMMu16_MASKmskw_ZMMu16_MEMu16_AVX512	VPADDUSW	1024
6233	VPADDUSW_ZMMu16_MASKmskw_ZMMu16_ZMMu16_AVX512	VPADDUSW	1024
6234	VPADDW_XMMdq_XMMdq_MEMdq	VPADDW	643
6235	VPADDW_XMMdq_XMMdq_XMMdq	VPADDW	643
6236	VPADDW_XMMu16_MASKmskw_XMMu16_MEMu16_AVX512	VPADDW	643
6237	VPADDW_XMMu16_MASKmskw_XMMu16_XMMu16_AVX512	VPADDW	643
6238	VPADDW_YMMqq_YMMqq_MEMqq	VPADDW	643
6239	VPADDW_YMMqq_YMMqq_YMMqq	VPADDW	643
6240	VPADDW_YMMu16_MASKmskw_YMMu16_MEMu16_AVX512	VPADDW	643
6241	VPADDW_YMMu16_MASKmskw_YMMu16_YMMu16_AVX512	VPADDW	643
6242	VPADDW_ZMMu16_MASKmskw_ZMMu16_MEMu16_AVX512	VPADDW	643
6243	VPADDW_ZMMu16_MASKmskw_ZMMu16_ZMMu16_AVX512	VPADDW	643
6244	VPALIGNR_XMMdq_XMMdq_MEMdq_IMMb	VPALIGNR	734
6245	VPALIGNR_XMMdq_XMMdq_XMMdq_IMMb	VPALIGNR	734
6246	VPALIGNR_XMMu8_MASKmskw_XMMu8_MEMu8_IMM8_AVX512	VPALIGNR	734
6247	VPALIGNR_XMMu8_MASKmskw_XMMu8_XMMu8_IMM8_AVX512	VPALIGNR	734
6248	VPALIGNR_YMMqq_YMMqq_MEMqq_IMMb	VPALIGNR	734
6249	VPALIGNR_YMMqq_YMMqq_YMMqq_IMMb	VPALIGNR	734
6250	VPALIGNR_YMMu8_MASKmskw_YMMu8_MEMu8_IMM8_AVX512	VPALIGNR	734
6251	VPALIGNR_YMMu8_MASKmskw_YMMu8_YMMu8_IMM8_AVX512	VPALIGNR	734
6252	VPALIGNR_ZMMu8_MASKmskw_ZMMu8_MEMu8_IMM8_AVX512	VPALIGNR	734
6253	VPALIGNR_ZMMu8_MASKmskw_ZMMu8_ZMMu8_IMM8_AVX512	VPALIGNR	734
6254	VPANDD_XMMu32_MASKmskw_XMMu32_MEMu32_AVX512	VPANDD	1029
6255	VPANDD_XMMu32_MASKmskw_XMMu32_XMMu32_AVX512	VPANDD	1029
6256	VPANDD_YMMu32_MASKmskw_YMMu32_MEMu32_AVX512	VPANDD	1029
6257	VPANDD_YMMu32_MASKmskw_YMMu32_YMMu32_AVX512	VPANDD	1029
6258	VPANDD_ZMMu32_MASKmskw_ZMMu32_MEMu32_AVX512	VPANDD	1029
6259	VPANDD_ZMMu32_MASKmskw_ZMMu32_ZMMu32_AVX512	VPANDD	1029
6260	VPANDND_XMMu32_MASKmskw_XMMu32_MEMu32_AVX512	VPANDND	1031
6261	VPANDND_XMMu32_MASKmskw_XMMu32_XMMu32_AVX512	VPANDND	1031
6262	VPANDND_YMMu32_MASKmskw_YMMu32_MEMu32_AVX512	VPANDND	1031
6263	VPANDND_YMMu32_MASKmskw_YMMu32_YMMu32_AVX512	VPANDND	1031
6264	VPANDND_ZMMu32_MASKmskw_ZMMu32_MEMu32_AVX512	VPANDND	1031
6265	VPANDND_ZMMu32_MASKmskw_ZMMu32_ZMMu32_AVX512	VPANDND	1031
6266	VPANDNQ_XMMu64_MASKmskw_XMMu64_MEMu64_AVX512	VPANDNQ	1032
6267	VPANDNQ_XMMu64_MASKmskw_XMMu64_XMMu64_AVX512	VPANDNQ	1032
6268	VPANDNQ_YMMu64_MASKmskw_YMMu64_MEMu64_AVX512	VPANDNQ	1032
6269	VPANDNQ_YMMu64_MASKmskw_YMMu64_YMMu64_AVX512	VPANDNQ	1032
6270	VPANDNQ_ZMMu64_MASKmskw_ZMMu64_MEMu64_AVX512	VPANDNQ	1032
6271	VPANDNQ_ZMMu64_MASKmskw_ZMMu64_ZMMu64_AVX512	VPANDNQ	1032
6272	VPANDN_XMMdq_XMMdq_MEMdq	VPANDN	651
6273	VPANDN_XMMdq_XMMdq_XMMdq	VPANDN	651
6274	VPANDN_YMMqq_YMMqq_MEMqq	VPANDN	651
6275	VPANDN_YMMqq_YMMqq_YMMqq	VPANDN	651
6276	VPANDQ_XMMu64_MASKmskw_XMMu64_MEMu64_AVX512	VPANDQ	1030
6277	VPANDQ_XMMu64_MASKmskw_XMMu64_XMMu64_AVX512	VPANDQ	1030
6278	VPANDQ_YMMu64_MASKmskw_YMMu64_MEMu64_AVX512	VPANDQ	1030
6279	VPANDQ_YMMu64_MASKmskw_YMMu64_YMMu64_AVX512	VPANDQ	1030
6280	VPANDQ_ZMMu64_MASKmskw_ZMMu64_MEMu64_AVX512	VPANDQ	1030
6281	VPANDQ_ZMMu64_MASKmskw_ZMMu64_ZMMu64_AVX512	VPANDQ	1030
6282	VPAND_XMMdq_XMMdq_MEMdq	VPAND	650
6283	VPAND_XMMdq_XMMdq_XMMdq	VPAND	650
6284	VPAND_YMMqq_YMMqq_MEMqq	VPAND	650
6285	VPAND_YMMqq_YMMqq_YMMqq	VPAND	650
6286	VPAVGB_XMMdq_XMMdq_MEMdq	VPAVGB	663
6287	VPAVGB_XMMdq_XMMdq_XMMdq	VPAVGB	663
6288	VPAVGB_XMMu8_MASKmskw_XMMu8_MEMu8_AVX512	VPAVGB	663
6289	VPAVGB_XMMu8_MASKmskw_XMMu8_XMMu8_AVX512	VPAVGB	663
6290	VPAVGB_YMMqq_YMMqq_MEMqq	VPAVGB	663
6291	VPAVGB_YMMqq_YMMqq_YMMqq	VPAVGB	663
6292	VPAVGB_YMMu8_MASKmskw_YMMu8_MEMu8_AVX512	VPAVGB	663
6293	VPAVGB_YMMu8_MASKmskw_YMMu8_YMMu8_AVX512	VPAVGB	663
6294	VPAVGB_ZMMu8_MASKmskw_ZMMu8_MEMu8_AVX512	VPAVGB	663
6295	VPAVGB_ZMMu8_MASKmskw_ZMMu8_ZMMu8_AVX512	VPAVGB	663
6296	VPAVGW_XMMdq_XMMdq_MEMdq	VPAVGW	664
6297	VPAVGW_XMMdq_XMMdq_XMMdq	VPAVGW	664
6298	VPAVGW_XMMu16_MASKmskw_XMMu16_MEMu16_AVX512	VPAVGW	664
6299	VPAVGW_XMMu16_MASKmskw_XMMu16_XMMu16_AVX512	VPAVGW	664
6300	VPAVGW_YMMqq_YMMqq_MEMqq	VPAVGW	664
6301	VPAVGW_YMMqq_YMMqq_YMMqq	VPAVGW	664
6302	VPAVGW_YMMu16_MASKmskw_YMMu16_MEMu16_AVX512	VPAVGW	664
6303	VPAVGW_YMMu16_MASKmskw_YMMu16_YMMu16_AVX512	VPAVGW	664
6304	VPAVGW_ZMMu16_MASKmskw_ZMMu16_MEMu16_AVX512	VPAVGW	664
6305	VPAVGW_ZMMu16_MASKmskw_ZMMu16_ZMMu16_AVX512	VPAVGW	664
6306	VPBLENDD_XMMdq_XMMdq_MEMdq_IMMb	VPBLENDD	1807
6307	VPBLENDD_XMMdq_XMMdq_XMMdq_IMMb	VPBLENDD	1807
6308	VPBLENDD_YMMqq_YMMqq_MEMqq_IMMb	VPBLENDD	1807
6309	VPBLENDD_YMMqq_YMMqq_YMMqq_IMMb	VPBLENDD	1807
6310	VPBLENDMB_XMMu8_MASKmskw_XMMu8_MEMu8_AVX512	VPBLENDMB	1808
6311	VPBLENDMB_XMMu8_MASKmskw_XMMu8_XMMu8_AVX512	VPBLENDMB	1808
6312	VPBLENDMB_YMMu8_MASKmskw_YMMu8_MEMu8_AVX512	VPBLENDMB	1808
6313	VPBLENDMB_YMMu8_MASKmskw_YMMu8_YMMu8_AVX512	VPBLENDMB	1808
6314	VPBLENDMB_ZMMu8_MASKmskw_ZMMu8_MEMu8_AVX512	VPBLENDMB	1808
6315	VPBLENDMB_ZMMu8_MASKmskw_ZMMu8_ZMMu8_AVX512	VPBLENDMB	1808
6316	VPBLENDMD_XMMu32_MASKmskw_XMMu32_MEMu32_AVX512	VPBLENDMD	1809
6317	VPBLENDMD_XMMu32_MASKmskw_XMMu32_XMMu32_AVX512	VPBLENDMD	1809
6318	VPBLENDMD_YMMu32_MASKmskw_YMMu32_MEMu32_AVX512	VPBLENDMD	1809
6319	VPBLENDMD_YMMu32_MASKmskw_YMMu32_YMMu32_AVX512	VPBLENDMD	1809
6320	VPBLENDMD_ZMMu32_MASKmskw_ZMMu32_MEMu32_AVX512	VPBLENDMD	1809
6321	VPBLENDMD_ZMMu32_MASKmskw_ZMMu32_ZMMu32_AVX512	VPBLENDMD	1809
6322	VPBLENDMQ_XMMu64_MASKmskw_XMMu64_MEMu64_AVX512	VPBLENDMQ	1810
6323	VPBLENDMQ_XMMu64_MASKmskw_XMMu64_XMMu64_AVX512	VPBLENDMQ	1810
6324	VPBLENDMQ_YMMu64_MASKmskw_YMMu64_MEMu64_AVX512	VPBLENDMQ	1810
6325	VPBLENDMQ_YMMu64_MASKmskw_YMMu64_YMMu64_AVX512	VPBLENDMQ	1810
6326	VPBLENDMQ_ZMMu64_MASKmskw_ZMMu64_MEMu64_AVX512	VPBLENDMQ	1810
6327	VPBLENDMQ_ZMMu64_MASKmskw_ZMMu64_ZMMu64_AVX512	VPBLENDMQ	1810
6328	VPBLENDMW_XMMu16_MASKmskw_XMMu16_MEMu16_AVX512	VPBLENDMW	1811
6329	VPBLENDMW_XMMu16_MASKmskw_XMMu16_XMMu16_AVX512	VPBLENDMW	1811
6330	VPBLENDMW_YMMu16_MASKmskw_YMMu16_MEMu16_AVX512	VPBLENDMW	1811
6331	VPBLENDMW_YMMu16_MASKmskw_YMMu16_YMMu16_AVX512	VPBLENDMW	1811
6332	VPBLENDMW_ZMMu16_MASKmskw_ZMMu16_MEMu16_AVX512	VPBLENDMW	1811
6333	VPBLENDMW_ZMMu16_MASKmskw_ZMMu16_ZMMu16_AVX512	VPBLENDMW	1811
6334	VPBLENDVB_XMMdq_XMMdq_MEMdq_XMMdq	VPBLENDVB	1812
6335	VPBLENDVB_XMMdq_XMMdq_XMMdq_XMMdq	VPBLENDVB	1812
6336	VPBLENDVB_YMMqq_YMMqq_MEMqq_YMMqq	VPBLENDVB	1812
6337	VPBLENDVB_YMMqq_YMMqq_YMMqq_YMMqq	VPBLENDVB	1812
6338	VPBLENDW_XMMdq_XMMdq_MEMdq_IMMb	VPBLENDW	1813
6339	VPBLENDW_XMMdq_XMMdq_XMMdq_IMMb	VPBLENDW	1813
6340	VPBLENDW_YMMqq_YMMqq_MEMqq_IMMb	VPBLENDW	1813
6341	VPBLENDW_YMMqq_YMMqq_YMMqq_IMMb	VPBLENDW	1813
6342	VPBROADCASTB_XMMdq_MEMb	VPBROADCASTB	1814
6343	VPBROADCASTB_XMMdq_XMMb	VPBROADCASTB	1814
6344	VPBROADCASTB_XMMu8_MASKmskw_GPR32u8_AVX512	VPBROADCASTB	1814
6345	VPBROADCASTB_XMMu8_MASKmskw_MEMu8_AVX512	VPBROADCASTB	1814
6346	VPBROADCASTB_XMMu8_MASKmskw_XMMu8_AVX512	VPBROADCASTB	1814
6347	VPBROADCASTB_YMMqq_MEMb	VPBROADCASTB	1814
6348	VPBROADCASTB_YMMqq_XMMb	VPBROADCASTB	1814
6349	VPBROADCASTB_YMMu8_MASKmskw_GPR32u8_AVX512	VPBROADCASTB	1814
6350	VPBROADCASTB_YMMu8_MASKmskw_MEMu8_AVX512	VPBROADCASTB	1814
6351	VPBROADCASTB_YMMu8_MASKmskw_XMMu8_AVX512	VPBROADCASTB	1814
6352	VPBROADCASTB_ZMMu8_MASKmskw_GPR32u8_AVX512	VPBROADCASTB	1814
6353	VPBROADCASTB_ZMMu8_MASKmskw_MEMu8_AVX512	VPBROADCASTB	1814
6354	VPBROADCASTB_ZMMu8_MASKmskw_XMMu8_AVX512	VPBROADCASTB	1814
6355	VPBROADCASTD_XMMdq_MEMd	VPBROADCASTD	1815
6356	VPBROADCASTD_XMMdq_XMMd	VPBROADCASTD	1815
6357	VPBROADCASTD_XMMu32_MASKmskw_GPR32u32_AVX512	VPBROADCASTD	1815
6358	VPBROADCASTD_XMMu32_MASKmskw_MEMu32_AVX512	VPBROADCASTD	1815
6359	VPBROADCASTD_XMMu32_MASKmskw_XMMu32_AVX512	VPBROADCASTD	1815
6360	VPBROADCASTD_YMMqq_MEMd	VPBROADCASTD	1815
6361	VPBROADCASTD_YMMqq_XMMd	VPBROADCASTD	1815
6362	VPBROADCASTD_YMMu32_MASKmskw_GPR32u32_AVX512	VPBROADCASTD	1815
6363	VPBROADCASTD_YMMu32_MASKmskw_MEMu32_AVX512	VPBROADCASTD	1815
6364	VPBROADCASTD_YMMu32_MASKmskw_XMMu32_AVX512	VPBROADCASTD	1815
6365	VPBROADCASTD_ZMMu32_MASKmskw_GPR32u32_AVX512	VPBROADCASTD	1815
6366	VPBROADCASTD_ZMMu32_MASKmskw_MEMu32_AVX512	VPBROADCASTD	1815
6367	VPBROADCASTD_ZMMu32_MASKmskw_XMMu32_AVX512	VPBROADCASTD	1815
6368	VPBROADCASTMB2Q_XMMu64_MASKu64_AVX512	VPBROADCASTMB2Q	1093
6369	VPBROADCASTMB2Q_YMMu64_MASKu64_AVX512	VPBROADCASTMB2Q	1093
6370	VPBROADCASTMB2Q_ZMMu64_MASKu64_AVX512CD	VPBROADCASTMB2Q	1093
6371	VPBROADCASTMW2D_XMMu32_MASKu32_AVX512	VPBROADCASTMW2D	1094
6372	VPBROADCASTMW2D_YMMu32_MASKu32_AVX512	VPBROADCASTMW2D	1094
6373	VPBROADCASTMW2D_ZMMu32_MASKu32_AVX512CD	VPBROADCASTMW2D	1094
6374	VPBROADCASTQ_XMMdq_MEMq	VPBROADCASTQ	1816
6375	VPBROADCASTQ_XMMdq_XMMq	VPBROADCASTQ	1816
6376	VPBROADCASTQ_XMMu64_MASKmskw_GPR64u64_AVX512	VPBROADCASTQ	1816
6377	VPBROADCASTQ_XMMu64_MASKmskw_MEMu64_AVX512	VPBROADCASTQ	1816
6378	VPBROADCASTQ_XMMu64_MASKmskw_XMMu64_AVX512	VPBROADCASTQ	1816
6379	VPBROADCASTQ_YMMqq_MEMq	VPBROADCASTQ	1816
6380	VPBROADCASTQ_YMMqq_XMMq	VPBROADCASTQ	1816
6381	VPBROADCASTQ_YMMu64_MASKmskw_GPR64u64_AVX512	VPBROADCASTQ	1816
6382	VPBROADCASTQ_YMMu64_MASKmskw_MEMu64_AVX512	VPBROADCASTQ	1816
6383	VPBROADCASTQ_YMMu64_MASKmskw_XMMu64_AVX512	VPBROADCASTQ	1816
6384	VPBROADCASTQ_ZMMu64_MASKmskw_GPR64u64_AVX512	VPBROADCASTQ	1816
6385	VPBROADCASTQ_ZMMu64_MASKmskw_MEMu64_AVX512	VPBROADCASTQ	1816
6386	VPBROADCASTQ_ZMMu64_MASKmskw_XMMu64_AVX512	VPBROADCASTQ	1816
6387	VPBROADCASTW_XMMdq_MEMw	VPBROADCASTW	1817
6388	VPBROADCASTW_XMMdq_XMMw	VPBROADCASTW	1817
6389	VPBROADCASTW_XMMu16_MASKmskw_GPR32u16_AVX512	VPBROADCASTW	1817
6390	VPBROADCASTW_XMMu16_MASKmskw_MEMu16_AVX512	VPBROADCASTW	1817
6391	VPBROADCASTW_XMMu16_MASKmskw_XMMu16_AVX512	VPBROADCASTW	1817
6392	VPBROADCASTW_YMMqq_MEMw	VPBROADCASTW	1817
6393	VPBROADCASTW_YMMqq_XMMw	VPBROADCASTW	1817
6394	VPBROADCASTW_YMMu16_MASKmskw_GPR32u16_AVX512	VPBROADCASTW	1817
6395	VPBROADCASTW_YMMu16_MASKmskw_MEMu16_AVX512	VPBROADCASTW	1817
6396	VPBROADCASTW_YMMu16_MASKmskw_XMMu16_AVX512	VPBROADCASTW	1817
6397	VPBROADCASTW_ZMMu16_MASKmskw_GPR32u16_AVX512	VPBROADCASTW	1817
6398	VPBROADCASTW_ZMMu16_MASKmskw_MEMu16_AVX512	VPBROADCASTW	1817
6399	VPBROADCASTW_ZMMu16_MASKmskw_XMMu16_AVX512	VPBROADCASTW	1817
6400	VPCLMULQDQ_XMMdq_XMMdq_MEMdq_IMMb	VPCLMULQDQ	736
6401	VPCLMULQDQ_XMMdq_XMMdq_XMMdq_IMMb	VPCLMULQDQ	736
6402	VPCLMULQDQ_XMMu128_XMMu64_MEMu64_IMM8_AVX512	VPCLMULQDQ	736
6403	VPCLMULQDQ_XMMu128_XMMu64_XMMu64_IMM8_AVX512	VPCLMULQDQ	736
6404	VPCLMULQDQ_YMMu128_YMMu64_MEMu64_IMM8	VPCLMULQDQ	736
6405	VPCLMULQDQ_YMMu128_YMMu64_MEMu64_IMM8_AVX512	VPCLMULQDQ	736
6406	VPCLMULQDQ_YMMu128_YMMu64_YMMu64_IMM8	VPCLMULQDQ	736
6407	VPCLMULQDQ_YMMu128_YMMu64_YMMu64_IMM8_AVX512	VPCLMULQDQ	736
6408	VPCLMULQDQ_ZMMu128_ZMMu64_MEMu64_IMM8_AVX512	VPCLMULQDQ	736
6409	VPCLMULQDQ_ZMMu128_ZMMu64_ZMMu64_IMM8_AVX512	VPCLMULQDQ	736
6410	VPCMOV_XMMdq_XMMdq_MEMdq_XMMdq	VPCMOV	709
6411	VPCMOV_XMMdq_XMMdq_XMMdq_MEMdq	VPCMOV	709
6412	VPCMOV_XMMdq_XMMdq_XMMdq_XMMdq	VPCMOV	709
6413	VPCMOV_YMMqq_YMMqq_MEMqq_YMMqq	VPCMOV	709
6414	VPCMOV_YMMqq_YMMqq_YMMqq_MEMqq	VPCMOV	709
6415	VPCMOV_YMMqq_YMMqq_YMMqq_YMMqq	VPCMOV	709
6416	VPCMPB_MASKmskw_MASKmskw_XMMi8_MEMi8_IMM8_AVX512	VPCMPB	994
6417	VPCMPB_MASKmskw_MASKmskw_XMMi8_XMMi8_IMM8_AVX512	VPCMPB	994
6418	VPCMPB_MASKmskw_MASKmskw_YMMi8_MEMi8_IMM8_AVX512	VPCMPB	994
6419	VPCMPB_MASKmskw_MASKmskw_YMMi8_YMMi8_IMM8_AVX512	VPCMPB	994
6420	VPCMPB_MASKmskw_MASKmskw_ZMMi8_MEMi8_IMM8_AVX512	VPCMPB	994
6421	VPCMPB_MASKmskw_MASKmskw_ZMMi8_ZMMi8_IMM8_AVX512	VPCMPB	994
6422	VPCMPD_MASKmskw_MASKmskw_XMMi32_MEMi32_IMM8_AVX512	VPCMPD	996
6423	VPCMPD_MASKmskw_MASKmskw_XMMi32_XMMi32_IMM8_AVX512	VPCMPD	996
6424	VPCMPD_MASKmskw_MASKmskw_YMMi32_MEMi32_IMM8_AVX512	VPCMPD	996
6425	VPCMPD_MASKmskw_MASKmskw_YMMi32_YMMi32_IMM8_AVX512	VPCMPD	996
6426	VPCMPD_MASKmskw_MASKmskw_ZMMi32_MEMi32_IMM8_AVX512	VPCMPD	996
6427	VPCMPD_MASKmskw_MASKmskw_ZMMi32_ZMMi32_IMM8_AVX512	VPCMPD	996
6428	VPCMPEQB_MASKmskw_MASKmskw_XMMu8_MEMu8_AVX512	VPCMPEQB	654
6429	VPCMPEQB_MASKmskw_MASKmskw_XMMu8_XMMu8_AVX512	VPCMPEQB	654
6430	VPCMPEQB_MASKmskw_MASKmskw_YMMu8_MEMu8_AVX512	VPCMPEQB	654
6431	VPCMPEQB_MASKmskw_MASKmskw_YMMu8_YMMu8_AVX512	VPCMPEQB	654
6432	VPCMPEQB_MASKmskw_MASKmskw_ZMMu8_MEMu8_AVX512	VPCMPEQB	654
6433	VPCMPEQB_MASKmskw_MASKmskw_ZMMu8_ZMMu8_AVX512	VPCMPEQB	654
6434	VPCMPEQB_XMMdq_XMMdq_MEMdq	VPCMPEQB	654
6435	VPCMPEQB_XMMdq_XMMdq_XMMdq	VPCMPEQB	654
6436	VPCMPEQB_YMMqq_YMMqq_MEMqq	VPCMPEQB	654
6437	VPCMPEQB_YMMqq_YMMqq_YMMqq	VPCMPEQB	654
6438	VPCMPEQD_MASKmskw_MASKmskw_XMMu32_MEMu32_AVX512	VPCMPEQD	656
6439	VPCMPEQD_MASKmskw_MASKmskw_XMMu32_XMMu32_AVX512	VPCMPEQD	656
6440	VPCMPEQD_MASKmskw_MASKmskw_YMMu32_MEMu32_AVX512	VPCMPEQD	656
6441	VPCMPEQD_MASKmskw_MASKmskw_YMMu32_YMMu32_AVX512	VPCMPEQD	656
6442	VPCMPEQD_MASKmskw_MASKmskw_ZMMu32_MEMu32_AVX512	VPCMPEQD	656
6443	VPCMPEQD_MASKmskw_MASKmskw_ZMMu32_ZMMu32_AVX512	VPCMPEQD	656
6444	VPCMPEQD_XMMdq_XMMdq_MEMdq	VPCMPEQD	656
6445	VPCMPEQD_XMMdq_XMMdq_XMMdq	VPCMPEQD	656
6446	VPCMPEQD_YMMqq_YMMqq_MEMqq	VPCMPEQD	656
6447	VPCMPEQD_YMMqq_YMMqq_YMMqq	VPCMPEQD	656
6448	VPCMPEQQ_MASKmskw_MASKmskw_XMMu64_MEMu64_AVX512	VPCMPEQQ	1818
6449	VPCMPEQQ_MASKmskw_MASKmskw_XMMu64_XMMu64_AVX512	VPCMPEQQ	1818
6450	VPCMPEQQ_MASKmskw_MASKmskw_YMMu64_MEMu64_AVX512	VPCMPEQQ	1818
6451	VPCMPEQQ_MASKmskw_MASKmskw_YMMu64_YMMu64_AVX512	VPCMPEQQ	1818
6452	VPCMPEQQ_MASKmskw_MASKmskw_ZMMu64_MEMu64_AVX512	VPCMPEQQ	1818
6453	VPCMPEQQ_MASKmskw_MASKmskw_ZMMu64_ZMMu64_AVX512	VPCMPEQQ	1818
6454	VPCMPEQQ_XMMdq_XMMdq_MEMdq	VPCMPEQQ	1818
6455	VPCMPEQQ_XMMdq_XMMdq_XMMdq	VPCMPEQQ	1818
6456	VPCMPEQQ_YMMqq_YMMqq_MEMqq	VPCMPEQQ	1818
6457	VPCMPEQQ_YMMqq_YMMqq_YMMqq	VPCMPEQQ	1818
6458	VPCMPEQW_MASKmskw_MASKmskw_XMMu16_MEMu16_AVX512	VPCMPEQW	655
6459	VPCMPEQW_MASKmskw_MASKmskw_XMMu16_XMMu16_AVX512	VPCMPEQW	655
6460	VPCMPEQW_MASKmskw_MASKmskw_YMMu16_MEMu16_AVX512	VPCMPEQW	655
6461	VPCMPEQW_MASKmskw_MASKmskw_YMMu16_YMMu16_AVX512	VPCMPEQW	655
6462	VPCMPEQW_MASKmskw_MASKmskw_ZMMu16_MEMu16_AVX512	VPCMPEQW	655
6463	VPCMPEQW_MASKmskw_MASKmskw_ZMMu16_ZMMu16_AVX512	VPCMPEQW	655
6464	VPCMPEQW_XMMdq_XMMdq_MEMdq	VPCMPEQW	655
6465	VPCMPEQW_XMMdq_XMMdq_XMMdq	VPCMPEQW	655
6466	VPCMPEQW_YMMqq_YMMqq_MEMqq	VPCMPEQW	655
6467	VPCMPEQW_YMMqq_YMMqq_YMMqq	VPCMPEQW	655
6468	VPCMPESTRI64_XMMdq_MEMdq_IMMb	VPCMPESTRI64	1820
6469	VPCMPESTRI64_XMMdq_XMMdq_IMMb	VPCMPESTRI64	1820
6470	VPCMPESTRI_XMMdq_MEMdq_IMMb	VPCMPESTRI	1819
6471	VPCMPESTRI_XMMdq_XMMdq_IMMb	VPCMPESTRI	1819
6472	VPCMPESTRM64_XMMdq_MEMdq_IMMb	VPCMPESTRM64	1822
6473	VPCMPESTRM64_XMMdq_XMMdq_IMMb	VPCMPESTRM64	1822
6474	VPCMPESTRM_XMMdq_MEMdq_IMMb	VPCMPESTRM	1821
6475	VPCMPESTRM_XMMdq_XMMdq_IMMb	VPCMPESTRM	1821
6476	VPCMPGTB_MASKmskw_MASKmskw_XMMu8_MEMu8_AVX512	VPCMPGTB	657
6477	VPCMPGTB_MASKmskw_MASKmskw_XMMu8_XMMu8_AVX512	VPCMPGTB	657
6478	VPCMPGTB_MASKmskw_MASKmskw_YMMu8_MEMu8_AVX512	VPCMPGTB	657
6479	VPCMPGTB_MASKmskw_MASKmskw_YMMu8_YMMu8_AVX512	VPCMPGTB	657
6480	VPCMPGTB_MASKmskw_MASKmskw_ZMMu8_MEMu8_AVX512	VPCMPGTB	657
6481	VPCMPGTB_MASKmskw_MASKmskw_ZMMu8_ZMMu8_AVX512	VPCMPGTB	657
6482	VPCMPGTB_XMMdq_XMMdq_MEMdq	VPCMPGTB	657
6483	VPCMPGTB_XMMdq_XMMdq_XMMdq	VPCMPGTB	657
6484	VPCMPGTB_YMMqq_YMMqq_MEMqq	VPCMPGTB	657
6485	VPCMPGTB_YMMqq_YMMqq_YMMqq	VPCMPGTB	657
6486	VPCMPGTD_MASKmskw_MASKmskw_XMMi32_MEMi32_AVX512	VPCMPGTD	659
6487	VPCMPGTD_MASKmskw_MASKmskw_XMMi32_XMMi32_AVX512	VPCMPGTD	659
6488	VPCMPGTD_MASKmskw_MASKmskw_YMMi32_MEMi32_AVX512	VPCMPGTD	659
6489	VPCMPGTD_MASKmskw_MASKmskw_YMMi32_YMMi32_AVX512	VPCMPGTD	659
6490	VPCMPGTD_MASKmskw_MASKmskw_ZMMi32_MEMi32_AVX512	VPCMPGTD	659
6491	VPCMPGTD_MASKmskw_MASKmskw_ZMMi32_ZMMi32_AVX512	VPCMPGTD	659
6492	VPCMPGTD_XMMdq_XMMdq_MEMdq	VPCMPGTD	659
6493	VPCMPGTD_XMMdq_XMMdq_XMMdq	VPCMPGTD	659
6494	VPCMPGTD_YMMqq_YMMqq_MEMqq	VPCMPGTD	659
6495	VPCMPGTD_YMMqq_YMMqq_YMMqq	VPCMPGTD	659
6496	VPCMPGTQ_MASKmskw_MASKmskw_XMMi64_MEMi64_AVX512	VPCMPGTQ	1823
6497	VPCMPGTQ_MASKmskw_MASKmskw_XMMi64_XMMi64_AVX512	VPCMPGTQ	1823
6498	VPCMPGTQ_MASKmskw_MASKmskw_YMMi64_MEMi64_AVX512	VPCMPGTQ	1823
6499	VPCMPGTQ_MASKmskw_MASKmskw_YMMi64_YMMi64_AVX512	VPCMPGTQ	1823
6500	VPCMPGTQ_MASKmskw_MASKmskw_ZMMi64_MEMi64_AVX512	VPCMPGTQ	1823
6501	VPCMPGTQ_MASKmskw_MASKmskw_ZMMi64_ZMMi64_AVX512	VPCMPGTQ	1823
6502	VPCMPGTQ_XMMdq_XMMdq_MEMdq	VPCMPGTQ	1823
6503	VPCMPGTQ_XMMdq_XMMdq_XMMdq	VPCMPGTQ	1823
6504	VPCMPGTQ_YMMqq_YMMqq_MEMqq	VPCMPGTQ	1823
6505	VPCMPGTQ_YMMqq_YMMqq_YMMqq	VPCMPGTQ	1823
6506	VPCMPGTW_MASKmskw_MASKmskw_XMMu16_MEMu16_AVX512	VPCMPGTW	658
6507	VPCMPGTW_MASKmskw_MASKmskw_XMMu16_XMMu16_AVX512	VPCMPGTW	658
6508	VPCMPGTW_MASKmskw_MASKmskw_YMMu16_MEMu16_AVX512	VPCMPGTW	658
6509	VPCMPGTW_MASKmskw_MASKmskw_YMMu16_YMMu16_AVX512	VPCMPGTW	658
6510	VPCMPGTW_MASKmskw_MASKmskw_ZMMu16_MEMu16_AVX512	VPCMPGTW	658
6511	VPCMPGTW_MASKmskw_MASKmskw_ZMMu16_ZMMu16_AVX512	VPCMPGTW	658
6512	VPCMPGTW_XMMdq_XMMdq_MEMdq	VPCMPGTW	658
6513	VPCMPGTW_XMMdq_XMMdq_XMMdq	VPCMPGTW	658
6514	VPCMPGTW_YMMqq_YMMqq_MEMqq	VPCMPGTW	658
6515	VPCMPGTW_YMMqq_YMMqq_YMMqq	VPCMPGTW	658
6516	VPCMPISTRI64_XMMdq_MEMdq_IMMb	VPCMPISTRI64	1825
6517	VPCMPISTRI64_XMMdq_XMMdq_IMMb	VPCMPISTRI64	1825
6518	VPCMPISTRI_XMMdq_MEMdq_IMMb	VPCMPISTRI	1824
6519	VPCMPISTRI_XMMdq_XMMdq_IMMb	VPCMPISTRI	1824
6520	VPCMPISTRM_XMMdq_MEMdq_IMMb	VPCMPISTRM	1826
6521	VPCMPISTRM_XMMdq_XMMdq_IMMb	VPCMPISTRM	1826
6522	VPCMPQ_MASKmskw_MASKmskw_XMMi64_MEMi64_IMM8_AVX512	VPCMPQ	997
6523	VPCMPQ_MASKmskw_MASKmskw_XMMi64_XMMi64_IMM8_AVX512	VPCMPQ	997
6524	VPCMPQ_MASKmskw_MASKmskw_YMMi64_MEMi64_IMM8_AVX512	VPCMPQ	997
6525	VPCMPQ_MASKmskw_MASKmskw_YMMi64_YMMi64_IMM8_AVX512	VPCMPQ	997
6526	VPCMPQ_MASKmskw_MASKmskw_ZMMi64_MEMi64_IMM8_AVX512	VPCMPQ	997
6527	VPCMPQ_MASKmskw_MASKmskw_ZMMi64_ZMMi64_IMM8_AVX512	VPCMPQ	997
6528	VPCMPUB_MASKmskw_MASKmskw_XMMu8_MEMu8_IMM8_AVX512	VPCMPUB	998
6529	VPCMPUB_MASKmskw_MASKmskw_XMMu8_XMMu8_IMM8_AVX512	VPCMPUB	998
6530	VPCMPUB_MASKmskw_MASKmskw_YMMu8_MEMu8_IMM8_AVX512	VPCMPUB	998
6531	VPCMPUB_MASKmskw_MASKmskw_YMMu8_YMMu8_IMM8_AVX512	VPCMPUB	998
6532	VPCMPUB_MASKmskw_MASKmskw_ZMMu8_MEMu8_IMM8_AVX512	VPCMPUB	998
6533	VPCMPUB_MASKmskw_MASKmskw_ZMMu8_ZMMu8_IMM8_AVX512	VPCMPUB	998
6534	VPCMPUD_MASKmskw_MASKmskw_XMMu32_MEMu32_IMM8_AVX512	VPCMPUD	1000
6535	VPCMPUD_MASKmskw_MASKmskw_XMMu32_XMMu32_IMM8_AVX512	VPCMPUD	1000
6536	VPCMPUD_MASKmskw_MASKmskw_YMMu32_MEMu32_IMM8_AVX512	VPCMPUD	1000
6537	VPCMPUD_MASKmskw_MASKmskw_YMMu32_YMMu32_IMM8_AVX512	VPCMPUD	1000
6538	VPCMPUD_MASKmskw_MASKmskw_ZMMu32_MEMu32_IMM8_AVX512	VPCMPUD	1000
6539	VPCMPUD_MASKmskw_MASKmskw_ZMMu32_ZMMu32_IMM8_AVX512	VPCMPUD	1000
6540	VPCMPUQ_MASKmskw_MASKmskw_XMMu64_MEMu64_IMM8_AVX512	VPCMPUQ	1001
6541	VPCMPUQ_MASKmskw_MASKmskw_XMMu64_XMMu64_IMM8_AVX512	VPCMPUQ	1001
6542	VPCMPUQ_MASKmskw_MASKmskw_YMMu64_MEMu64_IMM8_AVX512	VPCMPUQ	1001
6543	VPCMPUQ_MASKmskw_MASKmskw_YMMu64_YMMu64_IMM8_AVX512	VPCMPUQ	1001
6544	VPCMPUQ_MASKmskw_MASKmskw_ZMMu64_MEMu64_IMM8_AVX512	VPCMPUQ	1001
6545	VPCMPUQ_MASKmskw_MASKmskw_ZMMu64_ZMMu64_IMM8_AVX512	VPCMPUQ	1001
6546	VPCMPUW_MASKmskw_MASKmskw_XMMu16_MEMu16_IMM8_AVX512	VPCMPUW	999
6547	VPCMPUW_MASKmskw_MASKmskw_XMMu16_XMMu16_IMM8_AVX512	VPCMPUW	999
6548	VPCMPUW_MASKmskw_MASKmskw_YMMu16_MEMu16_IMM8_AVX512	VPCMPUW	999
6549	VPCMPUW_MASKmskw_MASKmskw_YMMu16_YMMu16_IMM8_AVX512	VPCMPUW	999
6550	VPCMPUW_MASKmskw_MASKmskw_ZMMu16_MEMu16_IMM8_AVX512	VPCMPUW	999
6551	VPCMPUW_MASKmskw_MASKmskw_ZMMu16_ZMMu16_IMM8_AVX512	VPCMPUW	999
6552	VPCMPW_MASKmskw_MASKmskw_XMMi16_MEMi16_IMM8_AVX512	VPCMPW	995
6553	VPCMPW_MASKmskw_MASKmskw_XMMi16_XMMi16_IMM8_AVX512	VPCMPW	995
6554	VPCMPW_MASKmskw_MASKmskw_YMMi16_MEMi16_IMM8_AVX512	VPCMPW	995
6555	VPCMPW_MASKmskw_MASKmskw_YMMi16_YMMi16_IMM8_AVX512	VPCMPW	995
6556	VPCMPW_MASKmskw_MASKmskw_ZMMi16_MEMi16_IMM8_AVX512	VPCMPW	995
6557	VPCMPW_MASKmskw_MASKmskw_ZMMi16_ZMMi16_IMM8_AVX512	VPCMPW	995
6558	VPCOMB_XMMdq_XMMdq_MEMdq_IMMb	VPCOMB	874
6559	VPCOMB_XMMdq_XMMdq_XMMdq_IMMb	VPCOMB	874
6560	VPCOMD_XMMdq_XMMdq_MEMdq_IMMb	VPCOMD	876
6561	VPCOMD_XMMdq_XMMdq_XMMdq_IMMb	VPCOMD	876
6562	VPCOMPRESSB_MEMu8_MASKmskw_XMMu8_AVX512	VPCOMPRESSB	1077
6563	VPCOMPRESSB_MEMu8_MASKmskw_YMMu8_AVX512	VPCOMPRESSB	1077
6564	VPCOMPRESSB_MEMu8_MASKmskw_ZMMu8_AVX512	VPCOMPRESSB	1077
6565	VPCOMPRESSB_XMMu8_MASKmskw_XMMu8_AVX512	VPCOMPRESSB	1077
6566	VPCOMPRESSB_YMMu8_MASKmskw_YMMu8_AVX512	VPCOMPRESSB	1077
6567	VPCOMPRESSB_ZMMu8_MASKmskw_ZMMu8_AVX512	VPCOMPRESSB	1077
6568	VPCOMPRESSD_MEMu32_MASKmskw_XMMu32_AVX512	VPCOMPRESSD	1079
6569	VPCOMPRESSD_MEMu32_MASKmskw_YMMu32_AVX512	VPCOMPRESSD	1079
6570	VPCOMPRESSD_MEMu32_MASKmskw_ZMMu32_AVX512	VPCOMPRESSD	1079
6571	VPCOMPRESSD_XMMu32_MASKmskw_XMMu32_AVX512	VPCOMPRESSD	1079
6572	VPCOMPRESSD_YMMu32_MASKmskw_YMMu32_AVX512	VPCOMPRESSD	1079
6573	VPCOMPRESSD_ZMMu32_MASKmskw_ZMMu32_AVX512	VPCOMPRESSD	1079
6574	VPCOMPRESSQ_MEMu64_MASKmskw_XMMu64_AVX512	VPCOMPRESSQ	1080
6575	VPCOMPRESSQ_MEMu64_MASKmskw_YMMu64_AVX512	VPCOMPRESSQ	1080
6576	VPCOMPRESSQ_MEMu64_MASKmskw_ZMMu64_AVX512	VPCOMPRESSQ	1080
6577	VPCOMPRESSQ_XMMu64_MASKmskw_XMMu64_AVX512	VPCOMPRESSQ	1080
6578	VPCOMPRESSQ_YMMu64_MASKmskw_YMMu64_AVX512	VPCOMPRESSQ	1080
6579	VPCOMPRESSQ_ZMMu64_MASKmskw_ZMMu64_AVX512	VPCOMPRESSQ	1080
6580	VPCOMPRESSW_MEMu16_MASKmskw_XMMu16_AVX512	VPCOMPRESSW	1078
6581	VPCOMPRESSW_MEMu16_MASKmskw_YMMu16_AVX512	VPCOMPRESSW	1078
6582	VPCOMPRESSW_MEMu16_MASKmskw_ZMMu16_AVX512	VPCOMPRESSW	1078
6583	VPCOMPRESSW_XMMu16_MASKmskw_XMMu16_AVX512	VPCOMPRESSW	1078
6584	VPCOMPRESSW_YMMu16_MASKmskw_YMMu16_AVX512	VPCOMPRESSW	1078
6585	VPCOMPRESSW_ZMMu16_MASKmskw_ZMMu16_AVX512	VPCOMPRESSW	1078
6586	VPCOMQ_XMMdq_XMMdq_MEMdq_IMMb	VPCOMQ	877
6587	VPCOMQ_XMMdq_XMMdq_XMMdq_IMMb	VPCOMQ	877
6588	VPCOMUB_XMMdq_XMMdq_MEMdq_IMMb	VPCOMUB	878
6589	VPCOMUB_XMMdq_XMMdq_XMMdq_IMMb	VPCOMUB	878
6590	VPCOMUD_XMMdq_XMMdq_MEMdq_IMMb	VPCOMUD	880
6591	VPCOMUD_XMMdq_XMMdq_XMMdq_IMMb	VPCOMUD	880
6592	VPCOMUQ_XMMdq_XMMdq_MEMdq_IMMb	VPCOMUQ	881
6593	VPCOMUQ_XMMdq_XMMdq_XMMdq_IMMb	VPCOMUQ	881
6594	VPCOMUW_XMMdq_XMMdq_MEMdq_IMMb	VPCOMUW	879
6595	VPCOMUW_XMMdq_XMMdq_XMMdq_IMMb	VPCOMUW	879
6596	VPCOMW_XMMdq_XMMdq_MEMdq_IMMb	VPCOMW	875
6597	VPCOMW_XMMdq_XMMdq_XMMdq_IMMb	VPCOMW	875
6598	VPCONFLICTD_XMMu32_MASKmskw_MEMu32_AVX512	VPCONFLICTD	1089
6599	VPCONFLICTD_XMMu32_MASKmskw_XMMu32_AVX512	VPCONFLICTD	1089
6600	VPCONFLICTD_YMMu32_MASKmskw_MEMu32_AVX512	VPCONFLICTD	1089
6601	VPCONFLICTD_YMMu32_MASKmskw_YMMu32_AVX512	VPCONFLICTD	1089
6602	VPCONFLICTD_ZMMu32_MASKmskw_MEMu32_AVX512CD	VPCONFLICTD	1089
6603	VPCONFLICTD_ZMMu32_MASKmskw_ZMMu32_AVX512CD	VPCONFLICTD	1089
6604	VPCONFLICTQ_XMMu64_MASKmskw_MEMu64_AVX512	VPCONFLICTQ	1090
6605	VPCONFLICTQ_XMMu64_MASKmskw_XMMu64_AVX512	VPCONFLICTQ	1090
6606	VPCONFLICTQ_YMMu64_MASKmskw_MEMu64_AVX512	VPCONFLICTQ	1090
6607	VPCONFLICTQ_YMMu64_MASKmskw_YMMu64_AVX512	VPCONFLICTQ	1090
6608	VPCONFLICTQ_ZMMu64_MASKmskw_MEMu64_AVX512CD	VPCONFLICTQ	1090
6609	VPCONFLICTQ_ZMMu64_MASKmskw_ZMMu64_AVX512CD	VPCONFLICTQ	1090
6610	VPDPBSSDS_XMMi32_MASKmskw_XMM4i8_MEM4i8_AVX512	VPDPBSSDS	1105
6611	VPDPBSSDS_XMMi32_MASKmskw_XMM4i8_XMM4i8_AVX512	VPDPBSSDS	1105
6612	VPDPBSSDS_XMMi32_XMM4i8_MEM4i8	VPDPBSSDS	1105
6613	VPDPBSSDS_XMMi32_XMM4i8_XMM4i8	VPDPBSSDS	1105
6614	VPDPBSSDS_YMMi32_MASKmskw_YMM4i8_MEM4i8_AVX512	VPDPBSSDS	1105
6615	VPDPBSSDS_YMMi32_MASKmskw_YMM4i8_YMM4i8_AVX512	VPDPBSSDS	1105
6616	VPDPBSSDS_YMMi32_YMM4i8_MEM4i8	VPDPBSSDS	1105
6617	VPDPBSSDS_YMMi32_YMM4i8_YMM4i8	VPDPBSSDS	1105
6618	VPDPBSSDS_ZMMi32_MASKmskw_ZMM4i8_MEM4i8_AVX512	VPDPBSSDS	1105
6619	VPDPBSSDS_ZMMi32_MASKmskw_ZMM4i8_ZMM4i8_AVX512	VPDPBSSDS	1105
6620	VPDPBSSD_XMMi32_MASKmskw_XMM4i8_MEM4i8_AVX512	VPDPBSSD	1104
6621	VPDPBSSD_XMMi32_MASKmskw_XMM4i8_XMM4i8_AVX512	VPDPBSSD	1104
6622	VPDPBSSD_XMMi32_XMM4i8_MEM4i8	VPDPBSSD	1104
6623	VPDPBSSD_XMMi32_XMM4i8_XMM4i8	VPDPBSSD	1104
6624	VPDPBSSD_YMMi32_MASKmskw_YMM4i8_MEM4i8_AVX512	VPDPBSSD	1104
6625	VPDPBSSD_YMMi32_MASKmskw_YMM4i8_YMM4i8_AVX512	VPDPBSSD	1104
6626	VPDPBSSD_YMMi32_YMM4i8_MEM4i8	VPDPBSSD	1104
6627	VPDPBSSD_YMMi32_YMM4i8_YMM4i8	VPDPBSSD	1104
6628	VPDPBSSD_ZMMi32_MASKmskw_ZMM4i8_MEM4i8_AVX512	VPDPBSSD	1104
6629	VPDPBSSD_ZMMi32_MASKmskw_ZMM4i8_ZMM4i8_AVX512	VPDPBSSD	1104
6630	VPDPBSUDS_XMMi32_MASKmskw_XMM4i8_MEM4u8_AVX512	VPDPBSUDS	1107
6631	VPDPBSUDS_XMMi32_MASKmskw_XMM4i8_XMM4u8_AVX512	VPDPBSUDS	1107
6632	VPDPBSUDS_XMMi32_XMM4i8_MEM4u8	VPDPBSUDS	1107
6633	VPDPBSUDS_XMMi32_XMM4i8_XMM4u8	VPDPBSUDS	1107
6634	VPDPBSUDS_YMMi32_MASKmskw_YMM4i8_MEM4u8_AVX512	VPDPBSUDS	1107
6635	VPDPBSUDS_YMMi32_MASKmskw_YMM4i8_YMM4u8_AVX512	VPDPBSUDS	1107
6636	VPDPBSUDS_YMMi32_YMM4i8_MEM4u8	VPDPBSUDS	1107
6637	VPDPBSUDS_YMMi32_YMM4i8_YMM4u8	VPDPBSUDS	1107
6638	VPDPBSUDS_ZMMi32_MASKmskw_ZMM4i8_MEM4u8_AVX512	VPDPBSUDS	1107
6639	VPDPBSUDS_ZMMi32_MASKmskw_ZMM4i8_ZMM4u8_AVX512	VPDPBSUDS	1107
6640	VPDPBSUD_XMMi32_MASKmskw_XMM4i8_MEM4u8_AVX512	VPDPBSUD	1106
6641	VPDPBSUD_XMMi32_MASKmskw_XMM4i8_XMM4u8_AVX512	VPDPBSUD	1106
6642	VPDPBSUD_XMMi32_XMM4i8_MEM4u8	VPDPBSUD	1106
6643	VPDPBSUD_XMMi32_XMM4i8_XMM4u8	VPDPBSUD	1106
6644	VPDPBSUD_YMMi32_MASKmskw_YMM4i8_MEM4u8_AVX512	VPDPBSUD	1106
6645	VPDPBSUD_YMMi32_MASKmskw_YMM4i8_YMM4u8_AVX512	VPDPBSUD	1106
6646	VPDPBSUD_YMMi32_YMM4i8_MEM4u8	VPDPBSUD	1106
6647	VPDPBSUD_YMMi32_YMM4i8_YMM4u8	VPDPBSUD	1106
6648	VPDPBSUD_ZMMi32_MASKmskw_ZMM4i8_MEM4u8_AVX512	VPDPBSUD	1106
6649	VPDPBSUD_ZMMi32_MASKmskw_ZMM4i8_ZMM4u8_AVX512	VPDPBSUD	1106
6650	VPDPBUSDS_XMMi32_MASKmskw_XMMu8_MEMu32_AVX512	VPDPBUSDS	1095
6651	VPDPBUSDS_XMMi32_MASKmskw_XMMu8_XMMu32_AVX512	VPDPBUSDS	1095
6652	VPDPBUSDS_XMMi32_XMMu32_MEMu32	VPDPBUSDS	1095
6653	VPDPBUSDS_XMMi32_XMMu32_XMMu32	VPDPBUSDS	1095
6654	VPDPBUSDS_YMMi32_MASKmskw_YMMu8_MEMu32_AVX512	VPDPBUSDS	1095
6655	VPDPBUSDS_YMMi32_MASKmskw_YMMu8_YMMu32_AVX512	VPDPBUSDS	1095
6656	VPDPBUSDS_YMMi32_YMMu32_MEMu32	VPDPBUSDS	1095
6657	VPDPBUSDS_YMMi32_YMMu32_YMMu32	VPDPBUSDS	1095
6658	VPDPBUSDS_ZMMi32_MASKmskw_ZMMu8_MEMu32_AVX512	VPDPBUSDS	1095
6659	VPDPBUSDS_ZMMi32_MASKmskw_ZMMu8_ZMMu32_AVX512	VPDPBUSDS	1095
6660	VPDPBUSD_XMMi32_MASKmskw_XMMu8_MEMu32_AVX512	VPDPBUSD	715
6661	VPDPBUSD_XMMi32_MASKmskw_XMMu8_XMMu32_AVX512	VPDPBUSD	715
6662	VPDPBUSD_XMMi32_XMMu32_MEMu32	VPDPBUSD	715
6663	VPDPBUSD_XMMi32_XMMu32_XMMu32	VPDPBUSD	715
6664	VPDPBUSD_YMMi32_MASKmskw_YMMu8_MEMu32_AVX512	VPDPBUSD	715
6665	VPDPBUSD_YMMi32_MASKmskw_YMMu8_YMMu32_AVX512	VPDPBUSD	715
6666	VPDPBUSD_YMMi32_YMMu32_MEMu32	VPDPBUSD	715
6667	VPDPBUSD_YMMi32_YMMu32_YMMu32	VPDPBUSD	715
6668	VPDPBUSD_ZMMi32_MASKmskw_ZMMu8_MEMu32_AVX512	VPDPBUSD	715
6669	VPDPBUSD_ZMMi32_MASKmskw_ZMMu8_ZMMu32_AVX512	VPDPBUSD	715
6670	VPDPBUUDS_XMMu32_MASKmskw_XMM4u8_MEM4u8_AVX512	VPDPBUUDS	1109
6671	VPDPBUUDS_XMMu32_MASKmskw_XMM4u8_XMM4u8_AVX512	VPDPBUUDS	1109
6672	VPDPBUUDS_XMMu32_XMM4u8_MEM4u8	VPDPBUUDS	1109
6673	VPDPBUUDS_XMMu32_XMM4u8_XMM4u8	VPDPBUUDS	1109
6674	VPDPBUUDS_YMMu32_MASKmskw_YMM4u8_MEM4u8_AVX512	VPDPBUUDS	1109
6675	VPDPBUUDS_YMMu32_MASKmskw_YMM4u8_YMM4u8_AVX512	VPDPBUUDS	1109
6676	VPDPBUUDS_YMMu32_YMM4u8_MEM4u8	VPDPBUUDS	1109
6677	VPDPBUUDS_YMMu32_YMM4u8_YMM4u8	VPDPBUUDS	1109
6678	VPDPBUUDS_ZMMu32_MASKmskw_ZMM4u8_MEM4u8_AVX512	VPDPBUUDS	1109
6679	VPDPBUUDS_ZMMu32_MASKmskw_ZMM4u8_ZMM4u8_AVX512	VPDPBUUDS	1109
6680	VPDPBUUD_XMMu32_MASKmskw_XMM4u8_MEM4u8_AVX512	VPDPBUUD	1108
6681	VPDPBUUD_XMMu32_MASKmskw_XMM4u8_XMM4u8_AVX512	VPDPBUUD	1108
6682	VPDPBUUD_XMMu32_XMM4u8_MEM4u8	VPDPBUUD	1108
6683	VPDPBUUD_XMMu32_XMM4u8_XMM4u8	VPDPBUUD	1108
6684	VPDPBUUD_YMMu32_MASKmskw_YMM4u8_MEM4u8_AVX512	VPDPBUUD	1108
6685	VPDPBUUD_YMMu32_MASKmskw_YMM4u8_YMM4u8_AVX512	VPDPBUUD	1108
6686	VPDPBUUD_YMMu32_YMM4u8_MEM4u8	VPDPBUUD	1108
6687	VPDPBUUD_YMMu32_YMM4u8_YMM4u8	VPDPBUUD	1108
6688	VPDPBUUD_ZMMu32_MASKmskw_ZMM4u8_MEM4u8_AVX512	VPDPBUUD	1108
6689	VPDPBUUD_ZMMu32_MASKmskw_ZMM4u8_ZMM4u8_AVX512	VPDPBUUD	1108
6690	VPDPWSSDS_XMMi32_MASKmskw_XMMi16_MEMu32_AVX512	VPDPWSSDS	1097
6691	VPDPWSSDS_XMMi32_MASKmskw_XMMi16_XMMu32_AVX512	VPDPWSSDS	1097
6692	VPDPWSSDS_XMMi32_XMMu32_MEMu32	VPDPWSSDS	1097
6693	VPDPWSSDS_XMMi32_XMMu32_XMMu32	VPDPWSSDS	1097
6694	VPDPWSSDS_YMMi32_MASKmskw_YMMi16_MEMu32_AVX512	VPDPWSSDS	1097
6695	VPDPWSSDS_YMMi32_MASKmskw_YMMi16_YMMu32_AVX512	VPDPWSSDS	1097
6696	VPDPWSSDS_YMMi32_YMMu32_MEMu32	VPDPWSSDS	1097
6697	VPDPWSSDS_YMMi32_YMMu32_YMMu32	VPDPWSSDS	1097
6698	VPDPWSSDS_ZMMi32_MASKmskw_ZMMi16_MEMu32_AVX512	VPDPWSSDS	1097
6699	VPDPWSSDS_ZMMi32_MASKmskw_ZMMi16_ZMMu32_AVX512	VPDPWSSDS	1097
6700	VPDPWSSD_XMMi32_MASKmskw_XMMi16_MEMu32_AVX512	VPDPWSSD	1096
6701	VPDPWSSD_XMMi32_MASKmskw_XMMi16_XMMu32_AVX512	VPDPWSSD	1096
6702	VPDPWSSD_XMMi32_XMMu32_MEMu32	VPDPWSSD	1096
6703	VPDPWSSD_XMMi32_XMMu32_XMMu32	VPDPWSSD	1096
6704	VPDPWSSD_YMMi32_MASKmskw_YMMi16_MEMu32_AVX512	VPDPWSSD	1096
6705	VPDPWSSD_YMMi32_MASKmskw_YMMi16_YMMu32_AVX512	VPDPWSSD	1096
6706	VPDPWSSD_YMMi32_YMMu32_MEMu32	VPDPWSSD	1096
6707	VPDPWSSD_YMMi32_YMMu32_YMMu32	VPDPWSSD	1096
6708	VPDPWSSD_ZMMi32_MASKmskw_ZMMi16_MEMu32_AVX512	VPDPWSSD	1096
6709	VPDPWSSD_ZMMi32_MASKmskw_ZMMi16_ZMMu32_AVX512	VPDPWSSD	1096
6710	VPDPWSUDS_XMMi32_MASKmskw_XMM2i16_MEM2u16_AVX512	VPDPWSUDS	1111
6711	VPDPWSUDS_XMMi32_MASKmskw_XMM2i16_XMM2u16_AVX512	VPDPWSUDS	1111
6712	VPDPWSUDS_XMMi32_XMM2i16_MEM2u16	VPDPWSUDS	1111
6713	VPDPWSUDS_XMMi32_XMM2i16_XMM2u16	VPDPWSUDS	1111
6714	VPDPWSUDS_YMMi32_MASKmskw_YMM2i16_MEM2u16_AVX512	VPDPWSUDS	1111
6715	VPDPWSUDS_YMMi32_MASKmskw_YMM2i16_YMM2u16_AVX512	VPDPWSUDS	1111
6716	VPDPWSUDS_YMMi32_YMM2i16_MEM2u16	VPDPWSUDS	1111
6717	VPDPWSUDS_YMMi32_YMM2i16_YMM2u16	VPDPWSUDS	1111
6718	VPDPWSUDS_ZMMi32_MASKmskw_ZMM2i16_MEM2u16_AVX512	VPDPWSUDS	1111
6719	VPDPWSUDS_ZMMi32_MASKmskw_ZMM2i16_ZMM2u16_AVX512	VPDPWSUDS	1111
6720	VPDPWSUD_XMMi32_MASKmskw_XMM2i16_MEM2u16_AVX512	VPDPWSUD	1110
6721	VPDPWSUD_XMMi32_MASKmskw_XMM2i16_XMM2u16_AVX512	VPDPWSUD	1110
6722	VPDPWSUD_XMMi32_XMM2i16_MEM2u16	VPDPWSUD	1110
6723	VPDPWSUD_XMMi32_XMM2i16_XMM2u16	VPDPWSUD	1110
6724	VPDPWSUD_YMMi32_MASKmskw_YMM2i16_MEM2u16_AVX512	VPDPWSUD	1110
6725	VPDPWSUD_YMMi32_MASKmskw_YMM2i16_YMM2u16_AVX512	VPDPWSUD	1110
6726	VPDPWSUD_YMMi32_YMM2i16_MEM2u16	VPDPWSUD	1110
6727	VPDPWSUD_YMMi32_YMM2i16_YMM2u16	VPDPWSUD	1110
6728	VPDPWSUD_ZMMi32_MASKmskw_ZMM2i16_MEM2u16_AVX512	VPDPWSUD	1110
6729	VPDPWSUD_ZMMi32_MASKmskw_ZMM2i16_ZMM2u16_AVX512	VPDPWSUD	1110
6730	VPDPWUSDS_XMMi32_MASKmskw_XMM2u16_MEM2i16_AVX512	VPDPWUSDS	1113
6731	VPDPWUSDS_XMMi32_MASKmskw_XMM2u16_XMM2i16_AVX512	VPDPWUSDS	1113
6732	VPDPWUSDS_XMMi32_XMM2u16_MEM2i16	VPDPWUSDS	1113
6733	VPDPWUSDS_XMMi32_XMM2u16_XMM2i16	VPDPWUSDS	1113
6734	VPDPWUSDS_YMMi32_MASKmskw_YMM2u16_MEM2i16_AVX512	VPDPWUSDS	1113
6735	VPDPWUSDS_YMMi32_MASKmskw_YMM2u16_YMM2i16_AVX512	VPDPWUSDS	1113
6736	VPDPWUSDS_YMMi32_YMM2u16_MEM2i16	VPDPWUSDS	1113
6737	VPDPWUSDS_YMMi32_YMM2u16_YMM2i16	VPDPWUSDS	1113
6738	VPDPWUSDS_ZMMi32_MASKmskw_ZMM2u16_MEM2i16_AVX512	VPDPWUSDS	1113
6739	VPDPWUSDS_ZMMi32_MASKmskw_ZMM2u16_ZMM2i16_AVX512	VPDPWUSDS	1113
6740	VPDPWUSD_XMMi32_MASKmskw_XMM2u16_MEM2i16_AVX512	VPDPWUSD	1112
6741	VPDPWUSD_XMMi32_MASKmskw_XMM2u16_XMM2i16_AVX512	VPDPWUSD	1112
6742	VPDPWUSD_XMMi32_XMM2u16_MEM2i16	VPDPWUSD	1112
6743	VPDPWUSD_XMMi32_XMM2u16_XMM2i16	VPDPWUSD	1112
6744	VPDPWUSD_YMMi32_MASKmskw_YMM2u16_MEM2i16_AVX512	VPDPWUSD	1112
6745	VPDPWUSD_YMMi32_MASKmskw_YMM2u16_YMM2i16_AVX512	VPDPWUSD	1112
6746	VPDPWUSD_YMMi32_YMM2u16_MEM2i16	VPDPWUSD	1112
6747	VPDPWUSD_YMMi32_YMM2u16_YMM2i16	VPDPWUSD	1112
6748	VPDPWUSD_ZMMi32_MASKmskw_ZMM2u16_MEM2i16_AVX512	VPDPWUSD	1112
6749	VPDPWUSD_ZMMi32_MASKmskw_ZMM2u16_ZMM2i16_AVX512	VPDPWUSD	1112
6750	VPDPWUUDS_XMMu32_MASKmskw_XMM2u16_MEM2u16_AVX512	VPDPWUUDS	1115
6751	VPDPWUUDS_XMMu32_MASKmskw_XMM2u16_XMM2u16_AVX512	VPDPWUUDS	1115
6752	VPDPWUUDS_XMMu32_XMM2u16_MEM2u16	VPDPWUUDS	1115
6753	VPDPWUUDS_XMMu32_XMM2u16_XMM2u16	VPDPWUUDS	1115
6754	VPDPWUUDS_YMMu32_MASKmskw_YMM2u16_MEM2u16_AVX512	VPDPWUUDS	1115
6755	VPDPWUUDS_YMMu32_MASKmskw_YMM2u16_YMM2u16_AVX512	VPDPWUUDS	1115
6756	VPDPWUUDS_YMMu32_YMM2u16_MEM2u16	VPDPWUUDS	1115
6757	VPDPWUUDS_YMMu32_YMM2u16_YMM2u16	VPDPWUUDS	1115
6758	VPDPWUUDS_ZMMu32_MASKmskw_ZMM2u16_MEM2u16_AVX512	VPDPWUUDS	1115
6759	VPDPWUUDS_ZMMu32_MASKmskw_ZMM2u16_ZMM2u16_AVX512	VPDPWUUDS	1115
6760	VPDPWUUD_XMMu32_MASKmskw_XMM2u16_MEM2u16_AVX512	VPDPWUUD	1114
6761	VPDPWUUD_XMMu32_MASKmskw_XMM2u16_XMM2u16_AVX512	VPDPWUUD	1114
6762	VPDPWUUD_XMMu32_XMM2u16_MEM2u16	VPDPWUUD	1114
6763	VPDPWUUD_XMMu32_XMM2u16_XMM2u16	VPDPWUUD	1114
6764	VPDPWUUD_YMMu32_MASKmskw_YMM2u16_MEM2u16_AVX512	VPDPWUUD	1114
6765	VPDPWUUD_YMMu32_MASKmskw_YMM2u16_YMM2u16_AVX512	VPDPWUUD	1114
6766	VPDPWUUD_YMMu32_YMM2u16_MEM2u16	VPDPWUUD	1114
6767	VPDPWUUD_YMMu32_YMM2u16_YMM2u16	VPDPWUUD	1114
6768	VPDPWUUD_ZMMu32_MASKmskw_ZMM2u16_MEM2u16_AVX512	VPDPWUUD	1114
6769	VPDPWUUD_ZMMu32_MASKmskw_ZMM2u16_ZMM2u16_AVX512	VPDPWUUD	1114
6770	VPERM2F128_YMMqq_YMMqq_MEMqq_IMMb	VPERM2F128	1827
6771	VPERM2F128_YMMqq_YMMqq_YMMqq_IMMb	VPERM2F128	1827
6772	VPERM2I128_YMMqq_YMMqq_MEMqq_IMMb	VPERM2I128	1828
6773	VPERM2I128_YMMqq_YMMqq_YMMqq_IMMb	VPERM2I128	1828
6774	VPERMB_XMMu8_MASKmskw_XMMu8_MEMu8_AVX512	VPERMB	714
6775	VPERMB_XMMu8_MASKmskw_XMMu8_XMMu8_AVX512	VPERMB	714
6776	VPERMB_YMMu8_MASKmskw_YMMu8_MEMu8_AVX512	VPERMB	714
6777	VPERMB_YMMu8_MASKmskw_YMMu8_YMMu8_AVX512	VPERMB	714
6778	VPERMB_ZMMu8_MASKmskw_ZMMu8_MEMu8_AVX512	VPERMB	714
6779	VPERMB_ZMMu8_MASKmskw_ZMMu8_ZMMu8_AVX512	VPERMB	714
6780	VPERMD_YMMqq_YMMqq_MEMqq	VPERMD	1829
6781	VPERMD_YMMqq_YMMqq_YMMqq	VPERMD	1829
6782	VPERMD_YMMu32_MASKmskw_YMMu32_MEMu32_AVX512	VPERMD	1829
6783	VPERMD_YMMu32_MASKmskw_YMMu32_YMMu32_AVX512	VPERMD	1829
6784	VPERMD_ZMMu32_MASKmskw_ZMMu32_MEMu32_AVX512	VPERMD	1829
6785	VPERMD_ZMMu32_MASKmskw_ZMMu32_ZMMu32_AVX512	VPERMD	1829
6786	VPERMI2B_XMMu8_MASKmskw_XMMu8_MEMu8_AVX512	VPERMI2B	1098
6787	VPERMI2B_XMMu8_MASKmskw_XMMu8_XMMu8_AVX512	VPERMI2B	1098
6788	VPERMI2B_YMMu8_MASKmskw_YMMu8_MEMu8_AVX512	VPERMI2B	1098
6789	VPERMI2B_YMMu8_MASKmskw_YMMu8_YMMu8_AVX512	VPERMI2B	1098
6790	VPERMI2B_ZMMu8_MASKmskw_ZMMu8_MEMu8_AVX512	VPERMI2B	1098
6791	VPERMI2B_ZMMu8_MASKmskw_ZMMu8_ZMMu8_AVX512	VPERMI2B	1098
6792	VPERMI2D_XMMu32_MASKmskw_XMMu32_MEMu32_AVX512	VPERMI2D	1830
6793	VPERMI2D_XMMu32_MASKmskw_XMMu32_XMMu32_AVX512	VPERMI2D	1830
6794	VPERMI2D_YMMu32_MASKmskw_YMMu32_MEMu32_AVX512	VPERMI2D	1830
6795	VPERMI2D_YMMu32_MASKmskw_YMMu32_YMMu32_AVX512	VPERMI2D	1830
6796	VPERMI2D_ZMMu32_MASKmskw_ZMMu32_MEMu32_AVX512	VPERMI2D	1830
6797	VPERMI2D_ZMMu32_MASKmskw_ZMMu32_ZMMu32_AVX512	VPERMI2D	1830
6798	VPERMI2PD_XMMf64_MASKmskw_XMMf64_MEMf64_AVX512	VPERMI2PD	1831
6799	VPERMI2PD_XMMf64_MASKmskw_XMMf64_XMMf64_AVX512	VPERMI2PD	1831
6800	VPERMI2PD_YMMf64_MASKmskw_YMMf64_MEMf64_AVX512	VPERMI2PD	1831
6801	VPERMI2PD_YMMf64_MASKmskw_YMMf64_YMMf64_AVX512	VPERMI2PD	1831
6802	VPERMI2PD_ZMMf64_MASKmskw_ZMMf64_MEMf64_AVX512	VPERMI2PD	1831
6803	VPERMI2PD_ZMMf64_MASKmskw_ZMMf64_ZMMf64_AVX512	VPERMI2PD	1831
6804	VPERMI2PS_XMMf32_MASKmskw_XMMf32_MEMf32_AVX512	VPERMI2PS	1832
6805	VPERMI2PS_XMMf32_MASKmskw_XMMf32_XMMf32_AVX512	VPERMI2PS	1832
6806	VPERMI2PS_YMMf32_MASKmskw_YMMf32_MEMf32_AVX512	VPERMI2PS	1832
6807	VPERMI2PS_YMMf32_MASKmskw_YMMf32_YMMf32_AVX512	VPERMI2PS	1832
6808	VPERMI2PS_ZMMf32_MASKmskw_ZMMf32_MEMf32_AVX512	VPERMI2PS	1832
6809	VPERMI2PS_ZMMf32_MASKmskw_ZMMf32_ZMMf32_AVX512	VPERMI2PS	1832
6810	VPERMI2Q_XMMu64_MASKmskw_XMMu64_MEMu64_AVX512	VPERMI2Q	1833
6811	VPERMI2Q_XMMu64_MASKmskw_XMMu64_XMMu64_AVX512	VPERMI2Q	1833
6812	VPERMI2Q_YMMu64_MASKmskw_YMMu64_MEMu64_AVX512	VPERMI2Q	1833
6813	VPERMI2Q_YMMu64_MASKmskw_YMMu64_YMMu64_AVX512	VPERMI2Q	1833
6814	VPERMI2Q_ZMMu64_MASKmskw_ZMMu64_MEMu64_AVX512	VPERMI2Q	1833
6815	VPERMI2Q_ZMMu64_MASKmskw_ZMMu64_ZMMu64_AVX512	VPERMI2Q	1833
6816	VPERMI2W_XMMu16_MASKmskw_XMMu16_MEMu16_AVX512	VPERMI2W	1101
6817	VPERMI2W_XMMu16_MASKmskw_XMMu16_XMMu16_AVX512	VPERMI2W	1101
6818	VPERMI2W_YMMu16_MASKmskw_YMMu16_MEMu16_AVX512	VPERMI2W	1101
6819	VPERMI2W_YMMu16_MASKmskw_YMMu16_YMMu16_AVX512	VPERMI2W	1101
6820	VPERMI2W_ZMMu16_MASKmskw_ZMMu16_MEMu16_AVX512	VPERMI2W	1101
6821	VPERMI2W_ZMMu16_MASKmskw_ZMMu16_ZMMu16_AVX512	VPERMI2W	1101
6822	VPERMIL2PD_XMMdq_XMMdq_MEMdq_XMMdq_IMMb	VPERMIL2PD	884
6823	VPERMIL2PD_XMMdq_XMMdq_XMMdq_MEMdq_IMMb	VPERMIL2PD	884
6824	VPERMIL2PD_XMMdq_XMMdq_XMMdq_XMMdq_IMMb	VPERMIL2PD	884
6825	VPERMIL2PD_YMMqq_YMMqq_MEMqq_YMMqq_IMMb	VPERMIL2PD	884
6826	VPERMIL2PD_YMMqq_YMMqq_YMMqq_MEMqq_IMMb	VPERMIL2PD	884
6827	VPERMIL2PD_YMMqq_YMMqq_YMMqq_YMMqq_IMMb	VPERMIL2PD	884
6828	VPERMIL2PS_XMMdq_XMMdq_MEMdq_XMMdq_IMMb	VPERMIL2PS	883
6829	VPERMIL2PS_XMMdq_XMMdq_XMMdq_MEMdq_IMMb	VPERMIL2PS	883
6830	VPERMIL2PS_XMMdq_XMMdq_XMMdq_XMMdq_IMMb	VPERMIL2PS	883
6831	VPERMIL2PS_YMMqq_YMMqq_MEMqq_YMMqq_IMMb	VPERMIL2PS	883
6832	VPERMIL2PS_YMMqq_YMMqq_YMMqq_MEMqq_IMMb	VPERMIL2PS	883
6833	VPERMIL2PS_YMMqq_YMMqq_YMMqq_YMMqq_IMMb	VPERMIL2PS	883
6834	VPERMILPD_XMMdq_MEMdq_IMMb	VPERMILPD	1834
6835	VPERMILPD_XMMdq_XMMdq_IMMb	VPERMILPD	1834
6836	VPERMILPD_XMMdq_XMMdq_MEMdq	VPERMILPD	1834
6837	VPERMILPD_XMMdq_XMMdq_XMMdq	VPERMILPD	1834
6838	VPERMILPD_XMMf64_MASKmskw_MEMf64_IMM8_AVX512	VPERMILPD	1834
6839	VPERMILPD_XMMf64_MASKmskw_XMMf64_IMM8_AVX512	VPERMILPD	1834
6840	VPERMILPD_XMMf64_MASKmskw_XMMf64_MEMf64_AVX512	VPERMILPD	1834
6841	VPERMILPD_XMMf64_MASKmskw_XMMf64_XMMf64_AVX512	VPERMILPD	1834
6842	VPERMILPD_YMMf64_MASKmskw_MEMf64_IMM8_AVX512	VPERMILPD	1834
6843	VPERMILPD_YMMf64_MASKmskw_YMMf64_IMM8_AVX512	VPERMILPD	1834
6844	VPERMILPD_YMMf64_MASKmskw_YMMf64_MEMf64_AVX512	VPERMILPD	1834
6845	VPERMILPD_YMMf64_MASKmskw_YMMf64_YMMf64_AVX512	VPERMILPD	1834
6846	VPERMILPD_YMMqq_MEMqq_IMMb	VPERMILPD	1834
6847	VPERMILPD_YMMqq_YMMqq_IMMb	VPERMILPD	1834
6848	VPERMILPD_YMMqq_YMMqq_MEMqq	VPERMILPD	1834
6849	VPERMILPD_YMMqq_YMMqq_YMMqq	VPERMILPD	1834
6850	VPERMILPD_ZMMf64_MASKmskw_MEMf64_IMM8_AVX512	VPERMILPD	1834
6851	VPERMILPD_ZMMf64_MASKmskw_ZMMf64_IMM8_AVX512	VPERMILPD	1834
6852	VPERMILPD_ZMMf64_MASKmskw_ZMMf64_MEMf64_AVX512	VPERMILPD	1834
6853	VPERMILPD_ZMMf64_MASKmskw_ZMMf64_ZMMf64_AVX512	VPERMILPD	1834
6854	VPERMILPS_XMMdq_MEMdq_IMMb	VPERMILPS	1835
6855	VPERMILPS_XMMdq_XMMdq_IMMb	VPERMILPS	1835
6856	VPERMILPS_XMMdq_XMMdq_MEMdq	VPERMILPS	1835
6857	VPERMILPS_XMMdq_XMMdq_XMMdq	VPERMILPS	1835
6858	VPERMILPS_XMMf32_MASKmskw_MEMf32_IMM8_AVX512	VPERMILPS	1835
6859	VPERMILPS_XMMf32_MASKmskw_XMMf32_IMM8_AVX512	VPERMILPS	1835
6860	VPERMILPS_XMMf32_MASKmskw_XMMf32_MEMf32_AVX512	VPERMILPS	1835
6861	VPERMILPS_XMMf32_MASKmskw_XMMf32_XMMf32_AVX512	VPERMILPS	1835
6862	VPERMILPS_YMMf32_MASKmskw_MEMf32_IMM8_AVX512	VPERMILPS	1835
6863	VPERMILPS_YMMf32_MASKmskw_YMMf32_IMM8_AVX512	VPERMILPS	1835
6864	VPERMILPS_YMMf32_MASKmskw_YMMf32_MEMf32_AVX512	VPERMILPS	1835
6865	VPERMILPS_YMMf32_MASKmskw_YMMf32_YMMf32_AVX512	VPERMILPS	1835
6866	VPERMILPS_YMMqq_MEMqq_IMMb	VPERMILPS	1835
6867	VPERMILPS_YMMqq_YMMqq_IMMb	VPERMILPS	1835
6868	VPERMILPS_YMMqq_YMMqq_MEMqq	VPERMILPS	1835
6869	VPERMILPS_YMMqq_YMMqq_YMMqq	VPERMILPS	1835
6870	VPERMILPS_ZMMf32_MASKmskw_MEMf32_IMM8_AVX512	VPERMILPS	1835
6871	VPERMILPS_ZMMf32_MASKmskw_ZMMf32_IMM8_AVX512	VPERMILPS	1835
6872	VPERMILPS_ZMMf32_MASKmskw_ZMMf32_MEMf32_AVX512	VPERMILPS	1835
6873	VPERMILPS_ZMMf32_MASKmskw_ZMMf32_ZMMf32_AVX512	VPERMILPS	1835
6874	VPERMPD_YMMf64_MASKmskw_MEMf64_IMM8_AVX512	VPERMPD	1836
6875	VPERMPD_YMMf64_MASKmskw_YMMf64_IMM8_AVX512	VPERMPD	1836
6876	VPERMPD_YMMf64_MASKmskw_YMMf64_MEMf64_AVX512	VPERMPD	1836
6877	VPERMPD_YMMf64_MASKmskw_YMMf64_YMMf64_AVX512	VPERMPD	1836
6878	VPERMPD_YMMqq_MEMqq_IMMb	VPERMPD	1836
6879	VPERMPD_YMMqq_YMMqq_IMMb	VPERMPD	1836
6880	VPERMPD_ZMMf64_MASKmskw_MEMf64_IMM8_AVX512	VPERMPD	1836
6881	VPERMPD_ZMMf64_MASKmskw_ZMMf64_IMM8_AVX512	VPERMPD	1836
6882	VPERMPD_ZMMf64_MASKmskw_ZMMf64_MEMf64_AVX512	VPERMPD	1836
6883	VPERMPD_ZMMf64_MASKmskw_ZMMf64_ZMMf64_AVX512	VPERMPD	1836
6884	VPERMPS_YMMf32_MASKmskw_YMMf32_MEMf32_AVX512	VPERMPS	1837
6885	VPERMPS_YMMf32_MASKmskw_YMMf32_YMMf32_AVX512	VPERMPS	1837
6886	VPERMPS_YMMqq_YMMqq_MEMqq	VPERMPS	1837
6887	VPERMPS_YMMqq_YMMqq_YMMqq	VPERMPS	1837
6888	VPERMPS_ZMMf32_MASKmskw_ZMMf32_MEMf32_AVX512	VPERMPS	1837
6889	VPERMPS_ZMMf32_MASKmskw_ZMMf32_ZMMf32_AVX512	VPERMPS	1837
6890	VPERMQ_YMMqq_MEMqq_IMMb	VPERMQ	1838
6891	VPERMQ_YMMqq_YMMqq_IMMb	VPERMQ	1838
6892	VPERMQ_YMMu64_MASKmskw_MEMu64_IMM8_AVX512	VPERMQ	1838
6893	VPERMQ_YMMu64_MASKmskw_YMMu64_IMM8_AVX512	VPERMQ	1838
6894	VPERMQ_YMMu64_MASKmskw_YMMu64_MEMu64_AVX512	VPERMQ	1838
6895	VPERMQ_YMMu64_MASKmskw_YMMu64_YMMu64_AVX512	VPERMQ	1838
6896	VPERMQ_ZMMu64_MASKmskw_MEMu64_IMM8_AVX512	VPERMQ	1838
6897	VPERMQ_ZMMu64_MASKmskw_ZMMu64_IMM8_AVX512	VPERMQ	1838
6898	VPERMQ_ZMMu64_MASKmskw_ZMMu64_MEMu64_AVX512	VPERMQ	1838
6899	VPERMQ_ZMMu64_MASKmskw_ZMMu64_ZMMu64_AVX512	VPERMQ	1838
6900	VPERMT2B_XMMu8_MASKmskw_XMMu8_MEMu8_AVX512	VPERMT2B	1099
6901	VPERMT2B_XMMu8_MASKmskw_XMMu8_XMMu8_AVX512	VPERMT2B	1099
6902	VPERMT2B_YMMu8_MASKmskw_YMMu8_MEMu8_AVX512	VPERMT2B	1099
6903	VPERMT2B_YMMu8_MASKmskw_YMMu8_YMMu8_AVX512	VPERMT2B	1099
6904	VPERMT2B_ZMMu8_MASKmskw_ZMMu8_MEMu8_AVX512	VPERMT2B	1099
6905	VPERMT2B_ZMMu8_MASKmskw_ZMMu8_ZMMu8_AVX512	VPERMT2B	1099
6906	VPERMT2D_XMMu32_MASKmskw_XMMu32_MEMu32_AVX512	VPERMT2D	1839
6907	VPERMT2D_XMMu32_MASKmskw_XMMu32_XMMu32_AVX512	VPERMT2D	1839
6908	VPERMT2D_YMMu32_MASKmskw_YMMu32_MEMu32_AVX512	VPERMT2D	1839
6909	VPERMT2D_YMMu32_MASKmskw_YMMu32_YMMu32_AVX512	VPERMT2D	1839
6910	VPERMT2D_ZMMu32_MASKmskw_ZMMu32_MEMu32_AVX512	VPERMT2D	1839
6911	VPERMT2D_ZMMu32_MASKmskw_ZMMu32_ZMMu32_AVX512	VPERMT2D	1839
6912	VPERMT2PD_XMMf64_MASKmskw_XMMf64_MEMf64_AVX512	VPERMT2PD	1840
6913	VPERMT2PD_XMMf64_MASKmskw_XMMf64_XMMf64_AVX512	VPERMT2PD	1840
6914	VPERMT2PD_YMMf64_MASKmskw_YMMf64_MEMf64_AVX512	VPERMT2PD	1840
6915	VPERMT2PD_YMMf64_MASKmskw_YMMf64_YMMf64_AVX512	VPERMT2PD	1840
6916	VPERMT2PD_ZMMf64_MASKmskw_ZMMf64_MEMf64_AVX512	VPERMT2PD	1840
6917	VPERMT2PD_ZMMf64_MASKmskw_ZMMf64_ZMMf64_AVX512	VPERMT2PD	1840
6918	VPERMT2PS_XMMf32_MASKmskw_XMMf32_MEMf32_AVX512	VPERMT2PS	1841
6919	VPERMT2PS_XMMf32_MASKmskw_XMMf32_XMMf32_AVX512	VPERMT2PS	1841
6920	VPERMT2PS_YMMf32_MASKmskw_YMMf32_MEMf32_AVX512	VPERMT2PS	1841
6921	VPERMT2PS_YMMf32_MASKmskw_YMMf32_YMMf32_AVX512	VPERMT2PS	1841
6922	VPERMT2PS_ZMMf32_MASKmskw_ZMMf32_MEMf32_AVX512	VPERMT2PS	1841
6923	VPERMT2PS_ZMMf32_MASKmskw_ZMMf32_ZMMf32_AVX512	VPERMT2PS	1841
6924	VPERMT2Q_XMMu64_MASKmskw_XMMu64_MEMu64_AVX512	VPERMT2Q	1842
6925	VPERMT2Q_XMMu64_MASKmskw_XMMu64_XMMu64_AVX512	VPERMT2Q	1842
6926	VPERMT2Q_YMMu64_MASKmskw_YMMu64_MEMu64_AVX512	VPERMT2Q	1842
6927	VPERMT2Q_YMMu64_MASKmskw_YMMu64_YMMu64_AVX512	VPERMT2Q	1842
6928	VPERMT2Q_ZMMu64_MASKmskw_ZMMu64_MEMu64_AVX512	VPERMT2Q	1842
6929	VPERMT2Q_ZMMu64_MASKmskw_ZMMu64_ZMMu64_AVX512	VPERMT2Q	1842
6930	VPERMT2W_XMMu16_MASKmskw_XMMu16_MEMu16_AVX512	VPERMT2W	1102
6931	VPERMT2W_XMMu16_MASKmskw_XMMu16_XMMu16_AVX512	VPERMT2W	1102
6932	VPERMT2W_YMMu16_MASKmskw_YMMu16_MEMu16_AVX512	VPERMT2W	1102
6933	VPERMT2W_YMMu16_MASKmskw_YMMu16_YMMu16_AVX512	VPERMT2W	1102
6934	VPERMT2W_ZMMu16_MASKmskw_ZMMu16_MEMu16_AVX512	VPERMT2W	1102
6935	VPERMT2W_ZMMu16_MASKmskw_ZMMu16_ZMMu16_AVX512	VPERMT2W	1102
6936	VPERMW_XMMu16_MASKmskw_XMMu16_MEMu16_AVX512	VPERMW	1103
6937	VPERMW_XMMu16_MASKmskw_XMMu16_XMMu16_AVX512	VPERMW	1103
6938	VPERMW_YMMu16_MASKmskw_YMMu16_MEMu16_AVX512	VPERMW	1103
6939	VPERMW_YMMu16_MASKmskw_YMMu16_YMMu16_AVX512	VPERMW	1103
6940	VPERMW_ZMMu16_MASKmskw_ZMMu16_MEMu16_AVX512	VPERMW	1103
6941	VPERMW_ZMMu16_MASKmskw_ZMMu16_ZMMu16_AVX512	VPERMW	1103
6942	VPEXPANDB_XMMu8_MASKmskw_MEMu8_AVX512	VPEXPANDB	1081
6943	VPEXPANDB_XMMu8_MASKmskw_XMMu8_AVX512	VPEXPANDB	1081
6944	VPEXPANDB_YMMu8_MASKmskw_MEMu8_AVX512	VPEXPANDB	1081
6945	VPEXPANDB_YMMu8_MASKmskw_YMMu8_AVX512	VPEXPANDB	1081
6946	VPEXPANDB_ZMMu8_MASKmskw_MEMu8_AVX512	VPEXPANDB	1081
6947	VPEXPANDB_ZMMu8_MASKmskw_ZMMu8_AVX512	VPEXPANDB	1081
6948	VPEXPANDD_XMMu32_MASKmskw_MEMu32_AVX512	VPEXPANDD	1083
6949	VPEXPANDD_XMMu32_MASKmskw_XMMu32_AVX512	VPEXPANDD	1083
6950	VPEXPANDD_YMMu32_MASKmskw_MEMu32_AVX512	VPEXPANDD	1083
6951	VPEXPANDD_YMMu32_MASKmskw_YMMu32_AVX512	VPEXPANDD	1083
6952	VPEXPANDD_ZMMu32_MASKmskw_MEMu32_AVX512	VPEXPANDD	1083
6953	VPEXPANDD_ZMMu32_MASKmskw_ZMMu32_AVX512	VPEXPANDD	1083
6954	VPEXPANDQ_XMMu64_MASKmskw_MEMu64_AVX512	VPEXPANDQ	1084
6955	VPEXPANDQ_XMMu64_MASKmskw_XMMu64_AVX512	VPEXPANDQ	1084
6956	VPEXPANDQ_YMMu64_MASKmskw_MEMu64_AVX512	VPEXPANDQ	1084
6957	VPEXPANDQ_YMMu64_MASKmskw_YMMu64_AVX512	VPEXPANDQ	1084
6958	VPEXPANDQ_ZMMu64_MASKmskw_MEMu64_AVX512	VPEXPANDQ	1084
6959	VPEXPANDQ_ZMMu64_MASKmskw_ZMMu64_AVX512	VPEXPANDQ	1084
6960	VPEXPANDW_XMMu16_MASKmskw_MEMu16_AVX512	VPEXPANDW	1082
6961	VPEXPANDW_XMMu16_MASKmskw_XMMu16_AVX512	VPEXPANDW	1082
6962	VPEXPANDW_YMMu16_MASKmskw_MEMu16_AVX512	VPEXPANDW	1082
6963	VPEXPANDW_YMMu16_MASKmskw_YMMu16_AVX512	VPEXPANDW	1082
6964	VPEXPANDW_ZMMu16_MASKmskw_MEMu16_AVX512	VPEXPANDW	1082
6965	VPEXPANDW_ZMMu16_MASKmskw_ZMMu16_AVX512	VPEXPANDW	1082
6966	VPEXTRB_GPR32d_XMMdq_IMMb	VPEXTRB	1843
6967	VPEXTRB_GPR32u8_XMMu8_IMM8_AVX512	VPEXTRB	1843
6968	VPEXTRB_MEMb_XMMdq_IMMb	VPEXTRB	1843
6969	VPEXTRB_MEMu8_XMMu8_IMM8_AVX512	VPEXTRB	1843
6970	VPEXTRD_GPR32d_XMMdq_IMMb	VPEXTRD	1844
6971	VPEXTRD_GPR32u32_XMMu32_IMM8_AVX512	VPEXTRD	1844
6972	VPEXTRD_MEMd_XMMdq_IMMb	VPEXTRD	1844
6973	VPEXTRD_MEMu32_XMMu32_IMM8_AVX512	VPEXTRD	1844
6974	VPEXTRQ_GPR64q_XMMdq_IMMb	VPEXTRQ	1845
6975	VPEXTRQ_GPR64u64_XMMu64_IMM8_AVX512	VPEXTRQ	1845
6976	VPEXTRQ_MEMq_XMMdq_IMMb	VPEXTRQ	1845
6977	VPEXTRQ_MEMu64_XMMu64_IMM8_AVX512	VPEXTRQ	1845
6978	VPEXTRW_GPR32d_XMMdq_IMMb_15	VPEXTRW	1846
6979	VPEXTRW_GPR32d_XMMdq_IMMb_C5	VPEXTRW	1846
6980	VPEXTRW_GPR32u16_XMMu16_IMM8_AVX512	VPEXTRW	1846
6981	VPEXTRW_GPR32u16_XMMu16_IMM8_AVX512_C5	VPEXTRW_C5	1847
6982	VPEXTRW_MEMu16_XMMu16_IMM8_AVX512	VPEXTRW	1846
6983	VPEXTRW_MEMw_XMMdq_IMMb	VPEXTRW	1846
6984	VPGATHERDD_XMMu32_MASKmskw_MEMu32_AVX512_VL128	VPGATHERDD	1848
6985	VPGATHERDD_XMMu32_MEMd_XMMi32_VL128	VPGATHERDD	1848
6986	VPGATHERDD_YMMu32_MASKmskw_MEMu32_AVX512_VL256	VPGATHERDD	1848
6987	VPGATHERDD_YMMu32_MEMd_YMMi32_VL256	VPGATHERDD	1848
6988	VPGATHERDD_ZMMu32_MASKmskw_MEMu32_AVX512_VL512	VPGATHERDD	1848
6989	VPGATHERDQ_XMMu64_MASKmskw_MEMu64_AVX512_VL128	VPGATHERDQ	1849
6990	VPGATHERDQ_XMMu64_MEMq_XMMi64_VL128	VPGATHERDQ	1849
6991	VPGATHERDQ_YMMu64_MASKmskw_MEMu64_AVX512_VL256	VPGATHERDQ	1849
6992	VPGATHERDQ_YMMu64_MEMq_YMMi64_VL256	VPGATHERDQ	1849
6993	VPGATHERDQ_ZMMu64_MASKmskw_MEMu64_AVX512_VL512	VPGATHERDQ	1849
6994	VPGATHERQD_XMMu32_MASKmskw_MEMu32_AVX512_VL128	VPGATHERQD	1850
6995	VPGATHERQD_XMMu32_MASKmskw_MEMu32_AVX512_VL256	VPGATHERQD	1850
6996	VPGATHERQD_XMMu32_MEMd_XMMi32_VL128	VPGATHERQD	1850
6997	VPGATHERQD_XMMu32_MEMd_XMMi32_VL256	VPGATHERQD	1850
6998	VPGATHERQD_YMMu32_MASKmskw_MEMu32_AVX512_VL512	VPGATHERQD	1850
6999	VPGATHERQQ_XMMu64_MASKmskw_MEMu64_AVX512_VL128	VPGATHERQQ	1851
7000	VPGATHERQQ_XMMu64_MEMq_XMMi64_VL128	VPGATHERQQ	1851
7001	VPGATHERQQ_YMMu64_MASKmskw_MEMu64_AVX512_VL256	VPGATHERQQ	1851
7002	VPGATHERQQ_YMMu64_MEMq_YMMi64_VL256	VPGATHERQQ	1851
7003	VPGATHERQQ_ZMMu64_MASKmskw_MEMu64_AVX512_VL512	VPGATHERQQ	1851
7004	VPHADDBD_XMMdq_MEMdq	VPHADDBD	848
7005	VPHADDBD_XMMdq_XMMdq	VPHADDBD	848
7006	VPHADDBQ_XMMdq_MEMdq	VPHADDBQ	849
7007	VPHADDBQ_XMMdq_XMMdq	VPHADDBQ	849
7008	VPHADDBW_XMMdq_MEMdq	VPHADDBW	847
7009	VPHADDBW_XMMdq_XMMdq	VPHADDBW	847
7010	VPHADDDQ_XMMdq_MEMdq	VPHADDDQ	852
7011	VPHADDDQ_XMMdq_XMMdq	VPHADDDQ	852
7012	VPHADDD_XMMdq_XMMdq_MEMdq	VPHADDD	1852
7013	VPHADDD_XMMdq_XMMdq_XMMdq	VPHADDD	1852
7014	VPHADDD_YMMqq_YMMqq_MEMqq	VPHADDD	1852
7015	VPHADDD_YMMqq_YMMqq_YMMqq	VPHADDD	1852
7016	VPHADDSW_XMMdq_XMMdq_MEMdq	VPHADDSW	1853
7017	VPHADDSW_XMMdq_XMMdq_XMMdq	VPHADDSW	1853
7018	VPHADDSW_YMMqq_YMMqq_MEMqq	VPHADDSW	1853
7019	VPHADDSW_YMMqq_YMMqq_YMMqq	VPHADDSW	1853
7020	VPHADDUBD_XMMdq_MEMdq	VPHADDUBD	854
7021	VPHADDUBD_XMMdq_XMMdq	VPHADDUBD	854
7022	VPHADDUBQ_XMMdq_MEMdq	VPHADDUBQ	855
7023	VPHADDUBQ_XMMdq_XMMdq	VPHADDUBQ	855
7024	VPHADDUBW_XMMdq_MEMdq	VPHADDUBW	853
7025	VPHADDUBW_XMMdq_XMMdq	VPHADDUBW	853
7026	VPHADDUDQ_XMMdq_MEMdq	VPHADDUDQ	858
7027	VPHADDUDQ_XMMdq_XMMdq	VPHADDUDQ	858
7028	VPHADDUWD_XMMdq_MEMdq	VPHADDUWD	856
7029	VPHADDUWD_XMMdq_XMMdq	VPHADDUWD	856
7030	VPHADDUWQ_XMMdq_MEMdq	VPHADDUWQ	857
7031	VPHADDUWQ_XMMdq_XMMdq	VPHADDUWQ	857
7032	VPHADDWD_XMMdq_MEMdq	VPHADDWD	850
7033	VPHADDWD_XMMdq_XMMdq	VPHADDWD	850
7034	VPHADDWQ_XMMdq_MEMdq	VPHADDWQ	851
7035	VPHADDWQ_XMMdq_XMMdq	VPHADDWQ	851
7036	VPHADDW_XMMdq_XMMdq_MEMdq	VPHADDW	1854
7037	VPHADDW_XMMdq_XMMdq_XMMdq	VPHADDW	1854
7038	VPHADDW_YMMqq_YMMqq_MEMqq	VPHADDW	1854
7039	VPHADDW_YMMqq_YMMqq_YMMqq	VPHADDW	1854
7040	VPHMINPOSUW_XMMdq_MEMdq	VPHMINPOSUW	1855
7041	VPHMINPOSUW_XMMdq_XMMdq	VPHMINPOSUW	1855
7042	VPHSUBBW_XMMdq_MEMdq	VPHSUBBW	859
7043	VPHSUBBW_XMMdq_XMMdq	VPHSUBBW	859
7044	VPHSUBDQ_XMMdq_MEMdq	VPHSUBDQ	861
7045	VPHSUBDQ_XMMdq_XMMdq	VPHSUBDQ	861
7046	VPHSUBD_XMMdq_XMMdq_MEMdq	VPHSUBD	1856
7047	VPHSUBD_XMMdq_XMMdq_XMMdq	VPHSUBD	1856
7048	VPHSUBD_YMMqq_YMMqq_MEMqq	VPHSUBD	1856
7049	VPHSUBD_YMMqq_YMMqq_YMMqq	VPHSUBD	1856
7050	VPHSUBSW_XMMdq_XMMdq_MEMdq	VPHSUBSW	1857
7051	VPHSUBSW_XMMdq_XMMdq_XMMdq	VPHSUBSW	1857
7052	VPHSUBSW_YMMqq_YMMqq_MEMqq	VPHSUBSW	1857
7053	VPHSUBSW_YMMqq_YMMqq_YMMqq	VPHSUBSW	1857
7054	VPHSUBWD_XMMdq_MEMdq	VPHSUBWD	860
7055	VPHSUBWD_XMMdq_XMMdq	VPHSUBWD	860
7056	VPHSUBW_XMMdq_XMMdq_MEMdq	VPHSUBW	1858
7057	VPHSUBW_XMMdq_XMMdq_XMMdq	VPHSUBW	1858
7058	VPHSUBW_YMMqq_YMMqq_MEMqq	VPHSUBW	1858
7059	VPHSUBW_YMMqq_YMMqq_YMMqq	VPHSUBW	1858
7060	VPINSRB_XMMdq_XMMdq_GPR32d_IMMb	VPINSRB	1859
7061	VPINSRB_XMMdq_XMMdq_MEMb_IMMb	VPINSRB	1859
7062	VPINSRB_XMMu8_XMMu8_GPR32u8_IMM8_AVX512	VPINSRB	1859
7063	VPINSRB_XMMu8_XMMu8_MEMu8_IMM8_AVX512	VPINSRB	1859
7064	VPINSRD_XMMdq_XMMdq_GPR32d_IMMb	VPINSRD	1860
7065	VPINSRD_XMMdq_XMMdq_MEMd_IMMb	VPINSRD	1860
7066	VPINSRD_XMMu32_XMMu32_GPR32u32_IMM8_AVX512	VPINSRD	1860
7067	VPINSRD_XMMu32_XMMu32_MEMu32_IMM8_AVX512	VPINSRD	1860
7068	VPINSRQ_XMMdq_XMMdq_GPR64q_IMMb	VPINSRQ	1861
7069	VPINSRQ_XMMdq_XMMdq_MEMq_IMMb	VPINSRQ	1861
7070	VPINSRQ_XMMu64_XMMu64_GPR64u64_IMM8_AVX512	VPINSRQ	1861
7071	VPINSRQ_XMMu64_XMMu64_MEMu64_IMM8_AVX512	VPINSRQ	1861
7072	VPINSRW_XMMdq_XMMdq_GPR32d_IMMb	VPINSRW	1862
7073	VPINSRW_XMMdq_XMMdq_MEMw_IMMb	VPINSRW	1862
7074	VPINSRW_XMMu16_XMMu16_GPR32u16_IMM8_AVX512	VPINSRW	1862
7075	VPINSRW_XMMu16_XMMu16_MEMu16_IMM8_AVX512	VPINSRW	1862
7076	VPLZCNTD_XMMu32_MASKmskw_MEMu32_AVX512	VPLZCNTD	1091
7077	VPLZCNTD_XMMu32_MASKmskw_XMMu32_AVX512	VPLZCNTD	1091
7078	VPLZCNTD_YMMu32_MASKmskw_MEMu32_AVX512	VPLZCNTD	1091
7079	VPLZCNTD_YMMu32_MASKmskw_YMMu32_AVX512	VPLZCNTD	1091
7080	VPLZCNTD_ZMMu32_MASKmskw_MEMu32_AVX512CD	VPLZCNTD	1091
7081	VPLZCNTD_ZMMu32_MASKmskw_ZMMu32_AVX512CD	VPLZCNTD	1091
7082	VPLZCNTQ_XMMu64_MASKmskw_MEMu64_AVX512	VPLZCNTQ	1092
7083	VPLZCNTQ_XMMu64_MASKmskw_XMMu64_AVX512	VPLZCNTQ	1092
7084	VPLZCNTQ_YMMu64_MASKmskw_MEMu64_AVX512	VPLZCNTQ	1092
7085	VPLZCNTQ_YMMu64_MASKmskw_YMMu64_AVX512	VPLZCNTQ	1092
7086	VPLZCNTQ_ZMMu64_MASKmskw_MEMu64_AVX512CD	VPLZCNTQ	1092
7087	VPLZCNTQ_ZMMu64_MASKmskw_ZMMu64_AVX512CD	VPLZCNTQ	1092
7088	VPMACSDD_XMMdq_XMMdq_MEMdq_XMMdq	VPMACSDD	870
7089	VPMACSDD_XMMdq_XMMdq_XMMdq_XMMdq	VPMACSDD	870
7090	VPMACSDQH_XMMdq_XMMdq_MEMdq_XMMdq	VPMACSDQH	871
7091	VPMACSDQH_XMMdq_XMMdq_XMMdq_XMMdq	VPMACSDQH	871
7092	VPMACSDQL_XMMdq_XMMdq_MEMdq_XMMdq	VPMACSDQL	869
7093	VPMACSDQL_XMMdq_XMMdq_XMMdq_XMMdq	VPMACSDQL	869
7094	VPMACSSDD_XMMdq_XMMdq_MEMdq_XMMdq	VPMACSSDD	865
7095	VPMACSSDD_XMMdq_XMMdq_XMMdq_XMMdq	VPMACSSDD	865
7096	VPMACSSDQH_XMMdq_XMMdq_MEMdq_XMMdq	VPMACSSDQH	866
7097	VPMACSSDQH_XMMdq_XMMdq_XMMdq_XMMdq	VPMACSSDQH	866
7098	VPMACSSDQL_XMMdq_XMMdq_MEMdq_XMMdq	VPMACSSDQL	864
7099	VPMACSSDQL_XMMdq_XMMdq_XMMdq_XMMdq	VPMACSSDQL	864
7100	VPMACSSWD_XMMdq_XMMdq_MEMdq_XMMdq	VPMACSSWD	863
7101	VPMACSSWD_XMMdq_XMMdq_XMMdq_XMMdq	VPMACSSWD	863
7102	VPMACSSWW_XMMdq_XMMdq_MEMdq_XMMdq	VPMACSSWW	862
7103	VPMACSSWW_XMMdq_XMMdq_XMMdq_XMMdq	VPMACSSWW	862
7104	VPMACSWD_XMMdq_XMMdq_MEMdq_XMMdq	VPMACSWD	868
7105	VPMACSWD_XMMdq_XMMdq_XMMdq_XMMdq	VPMACSWD	868
7106	VPMACSWW_XMMdq_XMMdq_MEMdq_XMMdq	VPMACSWW	867
7107	VPMACSWW_XMMdq_XMMdq_XMMdq_XMMdq	VPMACSWW	867
7108	VPMADCSSWD_XMMdq_XMMdq_MEMdq_XMMdq	VPMADCSSWD	872
7109	VPMADCSSWD_XMMdq_XMMdq_XMMdq_XMMdq	VPMADCSSWD	872
7110	VPMADCSWD_XMMdq_XMMdq_MEMdq_XMMdq	VPMADCSWD	873
7111	VPMADCSWD_XMMdq_XMMdq_XMMdq_XMMdq	VPMADCSWD	873
7112	VPMADD52HUQ_XMMu64_MASKmskw_XMMu64_MEMu64_AVX512	VPMADD52HUQ	718
7113	VPMADD52HUQ_XMMu64_MASKmskw_XMMu64_XMMu64_AVX512	VPMADD52HUQ	718
7114	VPMADD52HUQ_XMMu64_XMMu64_MEMu64	VPMADD52HUQ	718
7115	VPMADD52HUQ_XMMu64_XMMu64_XMMu64	VPMADD52HUQ	718
7116	VPMADD52HUQ_YMMu64_MASKmskw_YMMu64_MEMu64_AVX512	VPMADD52HUQ	718
7117	VPMADD52HUQ_YMMu64_MASKmskw_YMMu64_YMMu64_AVX512	VPMADD52HUQ	718
7118	VPMADD52HUQ_YMMu64_YMMu64_MEMu64	VPMADD52HUQ	718
7119	VPMADD52HUQ_YMMu64_YMMu64_YMMu64	VPMADD52HUQ	718
7120	VPMADD52HUQ_ZMMu64_MASKmskw_ZMMu64_MEMu64_AVX512	VPMADD52HUQ	718
7121	VPMADD52HUQ_ZMMu64_MASKmskw_ZMMu64_ZMMu64_AVX512	VPMADD52HUQ	718
7122	VPMADD52LUQ_XMMu64_MASKmskw_XMMu64_MEMu64_AVX512	VPMADD52LUQ	717
7123	VPMADD52LUQ_XMMu64_MASKmskw_XMMu64_XMMu64_AVX512	VPMADD52LUQ	717
7124	VPMADD52LUQ_XMMu64_XMMu64_MEMu64	VPMADD52LUQ	717
7125	VPMADD52LUQ_XMMu64_XMMu64_XMMu64	VPMADD52LUQ	717
7126	VPMADD52LUQ_YMMu64_MASKmskw_YMMu64_MEMu64_AVX512	VPMADD52LUQ	717
7127	VPMADD52LUQ_YMMu64_MASKmskw_YMMu64_YMMu64_AVX512	VPMADD52LUQ	717
7128	VPMADD52LUQ_YMMu64_YMMu64_MEMu64	VPMADD52LUQ	717
7129	VPMADD52LUQ_YMMu64_YMMu64_YMMu64	VPMADD52LUQ	717
7130	VPMADD52LUQ_ZMMu64_MASKmskw_ZMMu64_MEMu64_AVX512	VPMADD52LUQ	717
7131	VPMADD52LUQ_ZMMu64_MASKmskw_ZMMu64_ZMMu64_AVX512	VPMADD52LUQ	717
7132	VPMADDUBSW_XMMdq_XMMdq_MEMdq	VPMADDUBSW	1020
7133	VPMADDUBSW_XMMdq_XMMdq_XMMdq	VPMADDUBSW	1020
7134	VPMADDUBSW_XMMi16_MASKmskw_XMMi16_MEMi16_AVX512	VPMADDUBSW	1020
7135	VPMADDUBSW_XMMi16_MASKmskw_XMMi16_XMMi16_AVX512	VPMADDUBSW	1020
7136	VPMADDUBSW_YMMi16_MASKmskw_YMMi16_MEMi16_AVX512	VPMADDUBSW	1020
7137	VPMADDUBSW_YMMi16_MASKmskw_YMMi16_YMMi16_AVX512	VPMADDUBSW	1020
7138	VPMADDUBSW_YMMqq_YMMqq_MEMqq	VPMADDUBSW	1020
7139	VPMADDUBSW_YMMqq_YMMqq_YMMqq	VPMADDUBSW	1020
7140	VPMADDUBSW_ZMMi16_MASKmskw_ZMMi16_MEMi16_AVX512	VPMADDUBSW	1020
7141	VPMADDUBSW_ZMMi16_MASKmskw_ZMMi16_ZMMi16_AVX512	VPMADDUBSW	1020
7142	VPMADDWD_XMMdq_XMMdq_MEMdq	VPMADDWD	662
7143	VPMADDWD_XMMdq_XMMdq_XMMdq	VPMADDWD	662
7144	VPMADDWD_XMMi32_MASKmskw_XMMi16_MEMi16_AVX512	VPMADDWD	662
7145	VPMADDWD_XMMi32_MASKmskw_XMMi16_XMMi16_AVX512	VPMADDWD	662
7146	VPMADDWD_YMMi32_MASKmskw_YMMi16_MEMi16_AVX512	VPMADDWD	662
7147	VPMADDWD_YMMi32_MASKmskw_YMMi16_YMMi16_AVX512	VPMADDWD	662
7148	VPMADDWD_YMMqq_YMMqq_MEMqq	VPMADDWD	662
7149	VPMADDWD_YMMqq_YMMqq_YMMqq	VPMADDWD	662
7150	VPMADDWD_ZMMi32_MASKmskw_ZMMi16_MEMi16_AVX512	VPMADDWD	662
7151	VPMADDWD_ZMMi32_MASKmskw_ZMMi16_ZMMi16_AVX512	VPMADDWD	662
7152	VPMASKMOVD_MEMdq_XMMdq_XMMdq	VPMASKMOVD	1863
7153	VPMASKMOVD_MEMqq_YMMqq_YMMqq	VPMASKMOVD	1863
7154	VPMASKMOVD_XMMdq_XMMdq_MEMdq	VPMASKMOVD	1863
7155	VPMASKMOVD_YMMqq_YMMqq_MEMqq	VPMASKMOVD	1863
7156	VPMASKMOVQ_MEMdq_XMMdq_XMMdq	VPMASKMOVQ	1864
7157	VPMASKMOVQ_MEMqq_YMMqq_YMMqq	VPMASKMOVQ	1864
7158	VPMASKMOVQ_XMMdq_XMMdq_MEMdq	VPMASKMOVQ	1864
7159	VPMASKMOVQ_YMMqq_YMMqq_MEMqq	VPMASKMOVQ	1864
7160	VPMAXSB_XMMdq_XMMdq_MEMdq	VPMAXSB	1008
7161	VPMAXSB_XMMdq_XMMdq_XMMdq	VPMAXSB	1008
7162	VPMAXSB_XMMi8_MASKmskw_XMMi8_MEMi8_AVX512	VPMAXSB	1008
7163	VPMAXSB_XMMi8_MASKmskw_XMMi8_XMMi8_AVX512	VPMAXSB	1008
7164	VPMAXSB_YMMi8_MASKmskw_YMMi8_MEMi8_AVX512	VPMAXSB	1008
7165	VPMAXSB_YMMi8_MASKmskw_YMMi8_YMMi8_AVX512	VPMAXSB	1008
7166	VPMAXSB_YMMqq_YMMqq_MEMqq	VPMAXSB	1008
7167	VPMAXSB_YMMqq_YMMqq_YMMqq	VPMAXSB	1008
7168	VPMAXSB_ZMMi8_MASKmskw_ZMMi8_MEMi8_AVX512	VPMAXSB	1008
7169	VPMAXSB_ZMMi8_MASKmskw_ZMMi8_ZMMi8_AVX512	VPMAXSB	1008
7170	VPMAXSD_XMMdq_XMMdq_MEMdq	VPMAXSD	1009
7171	VPMAXSD_XMMdq_XMMdq_XMMdq	VPMAXSD	1009
7172	VPMAXSD_XMMi32_MASKmskw_XMMi32_MEMi32_AVX512	VPMAXSD	1009
7173	VPMAXSD_XMMi32_MASKmskw_XMMi32_XMMi32_AVX512	VPMAXSD	1009
7174	VPMAXSD_YMMi32_MASKmskw_YMMi32_MEMi32_AVX512	VPMAXSD	1009
7175	VPMAXSD_YMMi32_MASKmskw_YMMi32_YMMi32_AVX512	VPMAXSD	1009
7176	VPMAXSD_YMMqq_YMMqq_MEMqq	VPMAXSD	1009
7177	VPMAXSD_YMMqq_YMMqq_YMMqq	VPMAXSD	1009
7178	VPMAXSD_ZMMi32_MASKmskw_ZMMi32_MEMi32_AVX512	VPMAXSD	1009
7179	VPMAXSD_ZMMi32_MASKmskw_ZMMi32_ZMMi32_AVX512	VPMAXSD	1009
7180	VPMAXSQ_XMMi64_MASKmskw_XMMi64_MEMi64_AVX512	VPMAXSQ	1010
7181	VPMAXSQ_XMMi64_MASKmskw_XMMi64_XMMi64_AVX512	VPMAXSQ	1010
7182	VPMAXSQ_YMMi64_MASKmskw_YMMi64_MEMi64_AVX512	VPMAXSQ	1010
7183	VPMAXSQ_YMMi64_MASKmskw_YMMi64_YMMi64_AVX512	VPMAXSQ	1010
7184	VPMAXSQ_ZMMi64_MASKmskw_ZMMi64_MEMi64_AVX512	VPMAXSQ	1010
7185	VPMAXSQ_ZMMi64_MASKmskw_ZMMi64_ZMMi64_AVX512	VPMAXSQ	1010
7186	VPMAXSW_XMMdq_XMMdq_MEMdq	VPMAXSW	665
7187	VPMAXSW_XMMdq_XMMdq_XMMdq	VPMAXSW	665
7188	VPMAXSW_XMMi16_MASKmskw_XMMi16_MEMi16_AVX512	VPMAXSW	665
7189	VPMAXSW_XMMi16_MASKmskw_XMMi16_XMMi16_AVX512	VPMAXSW	665
7190	VPMAXSW_YMMi16_MASKmskw_YMMi16_MEMi16_AVX512	VPMAXSW	665
7191	VPMAXSW_YMMi16_MASKmskw_YMMi16_YMMi16_AVX512	VPMAXSW	665
7192	VPMAXSW_YMMqq_YMMqq_MEMqq	VPMAXSW	665
7193	VPMAXSW_YMMqq_YMMqq_YMMqq	VPMAXSW	665
7194	VPMAXSW_ZMMi16_MASKmskw_ZMMi16_MEMi16_AVX512	VPMAXSW	665
7195	VPMAXSW_ZMMi16_MASKmskw_ZMMi16_ZMMi16_AVX512	VPMAXSW	665
7196	VPMAXUB_XMMdq_XMMdq_MEMdq	VPMAXUB	666
7197	VPMAXUB_XMMdq_XMMdq_XMMdq	VPMAXUB	666
7198	VPMAXUB_XMMu8_MASKmskw_XMMu8_MEMu8_AVX512	VPMAXUB	666
7199	VPMAXUB_XMMu8_MASKmskw_XMMu8_XMMu8_AVX512	VPMAXUB	666
7200	VPMAXUB_YMMqq_YMMqq_MEMqq	VPMAXUB	666
7201	VPMAXUB_YMMqq_YMMqq_YMMqq	VPMAXUB	666
7202	VPMAXUB_YMMu8_MASKmskw_YMMu8_MEMu8_AVX512	VPMAXUB	666
7203	VPMAXUB_YMMu8_MASKmskw_YMMu8_YMMu8_AVX512	VPMAXUB	666
7204	VPMAXUB_ZMMu8_MASKmskw_ZMMu8_MEMu8_AVX512	VPMAXUB	666
7205	VPMAXUB_ZMMu8_MASKmskw_ZMMu8_ZMMu8_AVX512	VPMAXUB	666
7206	VPMAXUD_XMMdq_XMMdq_MEMdq	VPMAXUD	1012
7207	VPMAXUD_XMMdq_XMMdq_XMMdq	VPMAXUD	1012
7208	VPMAXUD_XMMu32_MASKmskw_XMMu32_MEMu32_AVX512	VPMAXUD	1012
7209	VPMAXUD_XMMu32_MASKmskw_XMMu32_XMMu32_AVX512	VPMAXUD	1012
7210	VPMAXUD_YMMqq_YMMqq_MEMqq	VPMAXUD	1012
7211	VPMAXUD_YMMqq_YMMqq_YMMqq	VPMAXUD	1012
7212	VPMAXUD_YMMu32_MASKmskw_YMMu32_MEMu32_AVX512	VPMAXUD	1012
7213	VPMAXUD_YMMu32_MASKmskw_YMMu32_YMMu32_AVX512	VPMAXUD	1012
7214	VPMAXUD_ZMMu32_MASKmskw_ZMMu32_MEMu32_AVX512	VPMAXUD	1012
7215	VPMAXUD_ZMMu32_MASKmskw_ZMMu32_ZMMu32_AVX512	VPMAXUD	1012
7216	VPMAXUQ_XMMu64_MASKmskw_XMMu64_MEMu64_AVX512	VPMAXUQ	1013
7217	VPMAXUQ_XMMu64_MASKmskw_XMMu64_XMMu64_AVX512	VPMAXUQ	1013
7218	VPMAXUQ_YMMu64_MASKmskw_YMMu64_MEMu64_AVX512	VPMAXUQ	1013
7219	VPMAXUQ_YMMu64_MASKmskw_YMMu64_YMMu64_AVX512	VPMAXUQ	1013
7220	VPMAXUQ_ZMMu64_MASKmskw_ZMMu64_MEMu64_AVX512	VPMAXUQ	1013
7221	VPMAXUQ_ZMMu64_MASKmskw_ZMMu64_ZMMu64_AVX512	VPMAXUQ	1013
7222	VPMAXUW_XMMdq_XMMdq_MEMdq	VPMAXUW	1011
7223	VPMAXUW_XMMdq_XMMdq_XMMdq	VPMAXUW	1011
7224	VPMAXUW_XMMu16_MASKmskw_XMMu16_MEMu16_AVX512	VPMAXUW	1011
7225	VPMAXUW_XMMu16_MASKmskw_XMMu16_XMMu16_AVX512	VPMAXUW	1011
7226	VPMAXUW_YMMqq_YMMqq_MEMqq	VPMAXUW	1011
7227	VPMAXUW_YMMqq_YMMqq_YMMqq	VPMAXUW	1011
7228	VPMAXUW_YMMu16_MASKmskw_YMMu16_MEMu16_AVX512	VPMAXUW	1011
7229	VPMAXUW_YMMu16_MASKmskw_YMMu16_YMMu16_AVX512	VPMAXUW	1011
7230	VPMAXUW_ZMMu16_MASKmskw_ZMMu16_MEMu16_AVX512	VPMAXUW	1011
7231	VPMAXUW_ZMMu16_MASKmskw_ZMMu16_ZMMu16_AVX512	VPMAXUW	1011
7232	VPMINSB_XMMdq_XMMdq_MEMdq	VPMINSB	1002
7233	VPMINSB_XMMdq_XMMdq_XMMdq	VPMINSB	1002
7234	VPMINSB_XMMi8_MASKmskw_XMMi8_MEMi8_AVX512	VPMINSB	1002
7235	VPMINSB_XMMi8_MASKmskw_XMMi8_XMMi8_AVX512	VPMINSB	1002
7236	VPMINSB_YMMi8_MASKmskw_YMMi8_MEMi8_AVX512	VPMINSB	1002
7237	VPMINSB_YMMi8_MASKmskw_YMMi8_YMMi8_AVX512	VPMINSB	1002
7238	VPMINSB_YMMqq_YMMqq_MEMqq	VPMINSB	1002
7239	VPMINSB_YMMqq_YMMqq_YMMqq	VPMINSB	1002
7240	VPMINSB_ZMMi8_MASKmskw_ZMMi8_MEMi8_AVX512	VPMINSB	1002
7241	VPMINSB_ZMMi8_MASKmskw_ZMMi8_ZMMi8_AVX512	VPMINSB	1002
7242	VPMINSD_XMMdq_XMMdq_MEMdq	VPMINSD	1003
7243	VPMINSD_XMMdq_XMMdq_XMMdq	VPMINSD	1003
7244	VPMINSD_XMMi32_MASKmskw_XMMi32_MEMi32_AVX512	VPMINSD	1003
7245	VPMINSD_XMMi32_MASKmskw_XMMi32_XMMi32_AVX512	VPMINSD	1003
7246	VPMINSD_YMMi32_MASKmskw_YMMi32_MEMi32_AVX512	VPMINSD	1003
7247	VPMINSD_YMMi32_MASKmskw_YMMi32_YMMi32_AVX512	VPMINSD	1003
7248	VPMINSD_YMMqq_YMMqq_MEMqq	VPMINSD	1003
7249	VPMINSD_YMMqq_YMMqq_YMMqq	VPMINSD	1003
7250	VPMINSD_ZMMi32_MASKmskw_ZMMi32_MEMi32_AVX512	VPMINSD	1003
7251	VPMINSD_ZMMi32_MASKmskw_ZMMi32_ZMMi32_AVX512	VPMINSD	1003
7252	VPMINSQ_XMMi64_MASKmskw_XMMi64_MEMi64_AVX512	VPMINSQ	1004
7253	VPMINSQ_XMMi64_MASKmskw_XMMi64_XMMi64_AVX512	VPMINSQ	1004
7254	VPMINSQ_YMMi64_MASKmskw_YMMi64_MEMi64_AVX512	VPMINSQ	1004
7255	VPMINSQ_YMMi64_MASKmskw_YMMi64_YMMi64_AVX512	VPMINSQ	1004
7256	VPMINSQ_ZMMi64_MASKmskw_ZMMi64_MEMi64_AVX512	VPMINSQ	1004
7257	VPMINSQ_ZMMi64_MASKmskw_ZMMi64_ZMMi64_AVX512	VPMINSQ	1004
7258	VPMINSW_XMMdq_XMMdq_MEMdq	VPMINSW	667
7259	VPMINSW_XMMdq_XMMdq_XMMdq	VPMINSW	667
7260	VPMINSW_XMMi16_MASKmskw_XMMi16_MEMi16_AVX512	VPMINSW	667
7261	VPMINSW_XMMi16_MASKmskw_XMMi16_XMMi16_AVX512	VPMINSW	667
7262	VPMINSW_YMMi16_MASKmskw_YMMi16_MEMi16_AVX512	VPMINSW	667
7263	VPMINSW_YMMi16_MASKmskw_YMMi16_YMMi16_AVX512	VPMINSW	667
7264	VPMINSW_YMMqq_YMMqq_MEMqq	VPMINSW	667
7265	VPMINSW_YMMqq_YMMqq_YMMqq	VPMINSW	667
7266	VPMINSW_ZMMi16_MASKmskw_ZMMi16_MEMi16_AVX512	VPMINSW	667
7267	VPMINSW_ZMMi16_MASKmskw_ZMMi16_ZMMi16_AVX512	VPMINSW	667
7268	VPMINUB_XMMdq_XMMdq_MEMdq	VPMINUB	668
7269	VPMINUB_XMMdq_XMMdq_XMMdq	VPMINUB	668
7270	VPMINUB_XMMu8_MASKmskw_XMMu8_MEMu8_AVX512	VPMINUB	668
7271	VPMINUB_XMMu8_MASKmskw_XMMu8_XMMu8_AVX512	VPMINUB	668
7272	VPMINUB_YMMqq_YMMqq_MEMqq	VPMINUB	668
7273	VPMINUB_YMMqq_YMMqq_YMMqq	VPMINUB	668
7274	VPMINUB_YMMu8_MASKmskw_YMMu8_MEMu8_AVX512	VPMINUB	668
7275	VPMINUB_YMMu8_MASKmskw_YMMu8_YMMu8_AVX512	VPMINUB	668
7276	VPMINUB_ZMMu8_MASKmskw_ZMMu8_MEMu8_AVX512	VPMINUB	668
7277	VPMINUB_ZMMu8_MASKmskw_ZMMu8_ZMMu8_AVX512	VPMINUB	668
7278	VPMINUD_XMMdq_XMMdq_MEMdq	VPMINUD	1006
7279	VPMINUD_XMMdq_XMMdq_XMMdq	VPMINUD	1006
7280	VPMINUD_XMMu32_MASKmskw_XMMu32_MEMu32_AVX512	VPMINUD	1006
7281	VPMINUD_XMMu32_MASKmskw_XMMu32_XMMu32_AVX512	VPMINUD	1006
7282	VPMINUD_YMMqq_YMMqq_MEMqq	VPMINUD	1006
7283	VPMINUD_YMMqq_YMMqq_YMMqq	VPMINUD	1006
7284	VPMINUD_YMMu32_MASKmskw_YMMu32_MEMu32_AVX512	VPMINUD	1006
7285	VPMINUD_YMMu32_MASKmskw_YMMu32_YMMu32_AVX512	VPMINUD	1006
7286	VPMINUD_ZMMu32_MASKmskw_ZMMu32_MEMu32_AVX512	VPMINUD	1006
7287	VPMINUD_ZMMu32_MASKmskw_ZMMu32_ZMMu32_AVX512	VPMINUD	1006
7288	VPMINUQ_XMMu64_MASKmskw_XMMu64_MEMu64_AVX512	VPMINUQ	1007
7289	VPMINUQ_XMMu64_MASKmskw_XMMu64_XMMu64_AVX512	VPMINUQ	1007
7290	VPMINUQ_YMMu64_MASKmskw_YMMu64_MEMu64_AVX512	VPMINUQ	1007
7291	VPMINUQ_YMMu64_MASKmskw_YMMu64_YMMu64_AVX512	VPMINUQ	1007
7292	VPMINUQ_ZMMu64_MASKmskw_ZMMu64_MEMu64_AVX512	VPMINUQ	1007
7293	VPMINUQ_ZMMu64_MASKmskw_ZMMu64_ZMMu64_AVX512	VPMINUQ	1007
7294	VPMINUW_XMMdq_XMMdq_MEMdq	VPMINUW	1005
7295	VPMINUW_XMMdq_XMMdq_XMMdq	VPMINUW	1005
7296	VPMINUW_XMMu16_MASKmskw_XMMu16_MEMu16_AVX512	VPMINUW	1005
7297	VPMINUW_XMMu16_MASKmskw_XMMu16_XMMu16_AVX512	VPMINUW	1005
7298	VPMINUW_YMMqq_YMMqq_MEMqq	VPMINUW	1005
7299	VPMINUW_YMMqq_YMMqq_YMMqq	VPMINUW	1005
7300	VPMINUW_YMMu16_MASKmskw_YMMu16_MEMu16_AVX512	VPMINUW	1005
7301	VPMINUW_YMMu16_MASKmskw_YMMu16_YMMu16_AVX512	VPMINUW	1005
7302	VPMINUW_ZMMu16_MASKmskw_ZMMu16_MEMu16_AVX512	VPMINUW	1005
7303	VPMINUW_ZMMu16_MASKmskw_ZMMu16_ZMMu16_AVX512	VPMINUW	1005
7304	VPMOVB2M_MASKmskw_XMMu8_AVX512	VPMOVB2M	1865
7305	VPMOVB2M_MASKmskw_YMMu8_AVX512	VPMOVB2M	1865
7306	VPMOVB2M_MASKmskw_ZMMu8_AVX512	VPMOVB2M	1865
7307	VPMOVD2M_MASKmskw_XMMu32_AVX512	VPMOVD2M	1866
7308	VPMOVD2M_MASKmskw_YMMu32_AVX512	VPMOVD2M	1866
7309	VPMOVD2M_MASKmskw_ZMMu32_AVX512	VPMOVD2M	1866
7310	VPMOVDB_MEMu8_MASKmskw_XMMu32_AVX512	VPMOVDB	1867
7311	VPMOVDB_MEMu8_MASKmskw_YMMu32_AVX512	VPMOVDB	1867
7312	VPMOVDB_MEMu8_MASKmskw_ZMMu32_AVX512	VPMOVDB	1867
7313	VPMOVDB_XMMu8_MASKmskw_XMMu32_AVX512	VPMOVDB	1867
7314	VPMOVDB_XMMu8_MASKmskw_YMMu32_AVX512	VPMOVDB	1867
7315	VPMOVDB_XMMu8_MASKmskw_ZMMu32_AVX512	VPMOVDB	1867
7316	VPMOVDW_MEMu16_MASKmskw_XMMu32_AVX512	VPMOVDW	1868
7317	VPMOVDW_MEMu16_MASKmskw_YMMu32_AVX512	VPMOVDW	1868
7318	VPMOVDW_MEMu16_MASKmskw_ZMMu32_AVX512	VPMOVDW	1868
7319	VPMOVDW_XMMu16_MASKmskw_XMMu32_AVX512	VPMOVDW	1868
7320	VPMOVDW_XMMu16_MASKmskw_YMMu32_AVX512	VPMOVDW	1868
7321	VPMOVDW_YMMu16_MASKmskw_ZMMu32_AVX512	VPMOVDW	1868
7322	VPMOVM2B_XMMu8_MASKmskw_AVX512	VPMOVM2B	1869
7323	VPMOVM2B_YMMu8_MASKmskw_AVX512	VPMOVM2B	1869
7324	VPMOVM2B_ZMMu8_MASKmskw_AVX512	VPMOVM2B	1869
7325	VPMOVM2D_XMMu32_MASKmskw_AVX512	VPMOVM2D	1870
7326	VPMOVM2D_YMMu32_MASKmskw_AVX512	VPMOVM2D	1870
7327	VPMOVM2D_ZMMu32_MASKmskw_AVX512	VPMOVM2D	1870
7328	VPMOVM2Q_XMMu64_MASKmskw_AVX512	VPMOVM2Q	1871
7329	VPMOVM2Q_YMMu64_MASKmskw_AVX512	VPMOVM2Q	1871
7330	VPMOVM2Q_ZMMu64_MASKmskw_AVX512	VPMOVM2Q	1871
7331	VPMOVM2W_XMMu16_MASKmskw_AVX512	VPMOVM2W	1872
7332	VPMOVM2W_YMMu16_MASKmskw_AVX512	VPMOVM2W	1872
7333	VPMOVM2W_ZMMu16_MASKmskw_AVX512	VPMOVM2W	1872
7334	VPMOVMSKB_GPR32d_XMMdq	VPMOVMSKB	1873
7335	VPMOVMSKB_GPR32d_YMMqq	VPMOVMSKB	1873
7336	VPMOVQ2M_MASKmskw_XMMu64_AVX512	VPMOVQ2M	1874
7337	VPMOVQ2M_MASKmskw_YMMu64_AVX512	VPMOVQ2M	1874
7338	VPMOVQ2M_MASKmskw_ZMMu64_AVX512	VPMOVQ2M	1874
7339	VPMOVQB_MEMu8_MASKmskw_XMMu64_AVX512	VPMOVQB	1875
7340	VPMOVQB_MEMu8_MASKmskw_YMMu64_AVX512	VPMOVQB	1875
7341	VPMOVQB_MEMu8_MASKmskw_ZMMu64_AVX512	VPMOVQB	1875
7342	VPMOVQB_XMMu8_MASKmskw_XMMu64_AVX512	VPMOVQB	1875
7343	VPMOVQB_XMMu8_MASKmskw_YMMu64_AVX512	VPMOVQB	1875
7344	VPMOVQB_XMMu8_MASKmskw_ZMMu64_AVX512	VPMOVQB	1875
7345	VPMOVQD_MEMu32_MASKmskw_XMMu64_AVX512	VPMOVQD	1876
7346	VPMOVQD_MEMu32_MASKmskw_YMMu64_AVX512	VPMOVQD	1876
7347	VPMOVQD_MEMu32_MASKmskw_ZMMu64_AVX512	VPMOVQD	1876
7348	VPMOVQD_XMMu32_MASKmskw_XMMu64_AVX512	VPMOVQD	1876
7349	VPMOVQD_XMMu32_MASKmskw_YMMu64_AVX512	VPMOVQD	1876
7350	VPMOVQD_YMMu32_MASKmskw_ZMMu64_AVX512	VPMOVQD	1876
7351	VPMOVQW_MEMu16_MASKmskw_XMMu64_AVX512	VPMOVQW	1877
7352	VPMOVQW_MEMu16_MASKmskw_YMMu64_AVX512	VPMOVQW	1877
7353	VPMOVQW_MEMu16_MASKmskw_ZMMu64_AVX512	VPMOVQW	1877
7354	VPMOVQW_XMMu16_MASKmskw_XMMu64_AVX512	VPMOVQW	1877
7355	VPMOVQW_XMMu16_MASKmskw_YMMu64_AVX512	VPMOVQW	1877
7356	VPMOVQW_XMMu16_MASKmskw_ZMMu64_AVX512	VPMOVQW	1877
7357	VPMOVSDB_MEMi8_MASKmskw_XMMi32_AVX512	VPMOVSDB	1878
7358	VPMOVSDB_MEMi8_MASKmskw_YMMi32_AVX512	VPMOVSDB	1878
7359	VPMOVSDB_MEMi8_MASKmskw_ZMMi32_AVX512	VPMOVSDB	1878
7360	VPMOVSDB_XMMi8_MASKmskw_XMMi32_AVX512	VPMOVSDB	1878
7361	VPMOVSDB_XMMi8_MASKmskw_YMMi32_AVX512	VPMOVSDB	1878
7362	VPMOVSDB_XMMi8_MASKmskw_ZMMi32_AVX512	VPMOVSDB	1878
7363	VPMOVSDW_MEMi16_MASKmskw_XMMi32_AVX512	VPMOVSDW	1879
7364	VPMOVSDW_MEMi16_MASKmskw_YMMi32_AVX512	VPMOVSDW	1879
7365	VPMOVSDW_MEMi16_MASKmskw_ZMMi32_AVX512	VPMOVSDW	1879
7366	VPMOVSDW_XMMi16_MASKmskw_XMMi32_AVX512	VPMOVSDW	1879
7367	VPMOVSDW_XMMi16_MASKmskw_YMMi32_AVX512	VPMOVSDW	1879
7368	VPMOVSDW_YMMi16_MASKmskw_ZMMi32_AVX512	VPMOVSDW	1879
7369	VPMOVSQB_MEMi8_MASKmskw_XMMi64_AVX512	VPMOVSQB	1880
7370	VPMOVSQB_MEMi8_MASKmskw_YMMi64_AVX512	VPMOVSQB	1880
7371	VPMOVSQB_MEMi8_MASKmskw_ZMMi64_AVX512	VPMOVSQB	1880
7372	VPMOVSQB_XMMi8_MASKmskw_XMMi64_AVX512	VPMOVSQB	1880
7373	VPMOVSQB_XMMi8_MASKmskw_YMMi64_AVX512	VPMOVSQB	1880
7374	VPMOVSQB_XMMi8_MASKmskw_ZMMi64_AVX512	VPMOVSQB	1880
7375	VPMOVSQD_MEMi32_MASKmskw_XMMi64_AVX512	VPMOVSQD	1881
7376	VPMOVSQD_MEMi32_MASKmskw_YMMi64_AVX512	VPMOVSQD	1881
7377	VPMOVSQD_MEMi32_MASKmskw_ZMMi64_AVX512	VPMOVSQD	1881
7378	VPMOVSQD_XMMi32_MASKmskw_XMMi64_AVX512	VPMOVSQD	1881
7379	VPMOVSQD_XMMi32_MASKmskw_YMMi64_AVX512	VPMOVSQD	1881
7380	VPMOVSQD_YMMi32_MASKmskw_ZMMi64_AVX512	VPMOVSQD	1881
7381	VPMOVSQW_MEMi16_MASKmskw_XMMi64_AVX512	VPMOVSQW	1882
7382	VPMOVSQW_MEMi16_MASKmskw_YMMi64_AVX512	VPMOVSQW	1882
7383	VPMOVSQW_MEMi16_MASKmskw_ZMMi64_AVX512	VPMOVSQW	1882
7384	VPMOVSQW_XMMi16_MASKmskw_XMMi64_AVX512	VPMOVSQW	1882
7385	VPMOVSQW_XMMi16_MASKmskw_YMMi64_AVX512	VPMOVSQW	1882
7386	VPMOVSQW_XMMi16_MASKmskw_ZMMi64_AVX512	VPMOVSQW	1882
7387	VPMOVSSDB_MEMu8_MASKmskw_XMMu32_AVX512	VPMOVSSDB	1883
7388	VPMOVSSDB_MEMu8_MASKmskw_YMMu32_AVX512	VPMOVSSDB	1883
7389	VPMOVSSDB_MEMu8_MASKmskw_ZMMu32_AVX512	VPMOVSSDB	1883
7390	VPMOVSSDB_XMMu8_MASKmskw_XMMu32_AVX512	VPMOVSSDB	1883
7391	VPMOVSSDB_XMMu8_MASKmskw_YMMu32_AVX512	VPMOVSSDB	1883
7392	VPMOVSSDB_XMMu8_MASKmskw_ZMMu32_AVX512	VPMOVSSDB	1883
7393	VPMOVSWB_MEMi8_MASKmskw_XMMi16_AVX512	VPMOVSWB	1884
7394	VPMOVSWB_MEMi8_MASKmskw_YMMi16_AVX512	VPMOVSWB	1884
7395	VPMOVSWB_MEMi8_MASKmskw_ZMMi16_AVX512	VPMOVSWB	1884
7396	VPMOVSWB_XMMi8_MASKmskw_XMMi16_AVX512	VPMOVSWB	1884
7397	VPMOVSWB_XMMi8_MASKmskw_YMMi16_AVX512	VPMOVSWB	1884
7398	VPMOVSWB_YMMi8_MASKmskw_ZMMi16_AVX512	VPMOVSWB	1884
7399	VPMOVSXBD_XMMdq_MEMd	VPMOVSXBD	1885
7400	VPMOVSXBD_XMMdq_XMMd	VPMOVSXBD	1885
7401	VPMOVSXBD_XMMi32_MASKmskw_MEMi8_AVX512	VPMOVSXBD	1885
7402	VPMOVSXBD_XMMi32_MASKmskw_XMMi8_AVX512	VPMOVSXBD	1885
7403	VPMOVSXBD_YMMi32_MASKmskw_MEMi8_AVX512	VPMOVSXBD	1885
7404	VPMOVSXBD_YMMi32_MASKmskw_XMMi8_AVX512	VPMOVSXBD	1885
7405	VPMOVSXBD_YMMqq_MEMq	VPMOVSXBD	1885
7406	VPMOVSXBD_YMMqq_XMMq	VPMOVSXBD	1885
7407	VPMOVSXBD_ZMMi32_MASKmskw_MEMi8_AVX512	VPMOVSXBD	1885
7408	VPMOVSXBD_ZMMi32_MASKmskw_XMMi8_AVX512	VPMOVSXBD	1885
7409	VPMOVSXBQ_XMMdq_MEMw	VPMOVSXBQ	1886
7410	VPMOVSXBQ_XMMdq_XMMw	VPMOVSXBQ	1886
7411	VPMOVSXBQ_XMMi64_MASKmskw_MEMi8_AVX512	VPMOVSXBQ	1886
7412	VPMOVSXBQ_XMMi64_MASKmskw_XMMi8_AVX512	VPMOVSXBQ	1886
7413	VPMOVSXBQ_YMMi64_MASKmskw_MEMi8_AVX512	VPMOVSXBQ	1886
7414	VPMOVSXBQ_YMMi64_MASKmskw_XMMi8_AVX512	VPMOVSXBQ	1886
7415	VPMOVSXBQ_YMMqq_MEMd	VPMOVSXBQ	1886
7416	VPMOVSXBQ_YMMqq_XMMd	VPMOVSXBQ	1886
7417	VPMOVSXBQ_ZMMi64_MASKmskw_MEMi8_AVX512	VPMOVSXBQ	1886
7418	VPMOVSXBQ_ZMMi64_MASKmskw_XMMi8_AVX512	VPMOVSXBQ	1886
7419	VPMOVSXBW_XMMdq_MEMq	VPMOVSXBW	1887
7420	VPMOVSXBW_XMMdq_XMMq	VPMOVSXBW	1887
7421	VPMOVSXBW_XMMi16_MASKmskw_MEMi8_AVX512	VPMOVSXBW	1887
7422	VPMOVSXBW_XMMi16_MASKmskw_XMMi8_AVX512	VPMOVSXBW	1887
7423	VPMOVSXBW_YMMi16_MASKmskw_MEMi8_AVX512	VPMOVSXBW	1887
7424	VPMOVSXBW_YMMi16_MASKmskw_XMMi8_AVX512	VPMOVSXBW	1887
7425	VPMOVSXBW_YMMqq_MEMdq	VPMOVSXBW	1887
7426	VPMOVSXBW_YMMqq_XMMdq	VPMOVSXBW	1887
7427	VPMOVSXBW_ZMMi16_MASKmskw_MEMi8_AVX512	VPMOVSXBW	1887
7428	VPMOVSXBW_ZMMi16_MASKmskw_YMMi8_AVX512	VPMOVSXBW	1887
7429	VPMOVSXDQ_XMMdq_MEMq	VPMOVSXDQ	1888
7430	VPMOVSXDQ_XMMdq_XMMq	VPMOVSXDQ	1888
7431	VPMOVSXDQ_XMMi64_MASKmskw_MEMi32_AVX512	VPMOVSXDQ	1888
7432	VPMOVSXDQ_XMMi64_MASKmskw_XMMi32_AVX512	VPMOVSXDQ	1888
7433	VPMOVSXDQ_YMMi64_MASKmskw_MEMi32_AVX512	VPMOVSXDQ	1888
7434	VPMOVSXDQ_YMMi64_MASKmskw_XMMi32_AVX512	VPMOVSXDQ	1888
7435	VPMOVSXDQ_YMMqq_MEMdq	VPMOVSXDQ	1888
7436	VPMOVSXDQ_YMMqq_XMMdq	VPMOVSXDQ	1888
7437	VPMOVSXDQ_ZMMi64_MASKmskw_MEMi32_AVX512	VPMOVSXDQ	1888
7438	VPMOVSXDQ_ZMMi64_MASKmskw_YMMi32_AVX512	VPMOVSXDQ	1888
7439	VPMOVSXWD_XMMdq_MEMq	VPMOVSXWD	1889
7440	VPMOVSXWD_XMMdq_XMMq	VPMOVSXWD	1889
7441	VPMOVSXWD_XMMi32_MASKmskw_MEMi16_AVX512	VPMOVSXWD	1889
7442	VPMOVSXWD_XMMi32_MASKmskw_XMMi16_AVX512	VPMOVSXWD	1889
7443	VPMOVSXWD_YMMi32_MASKmskw_MEMi16_AVX512	VPMOVSXWD	1889
7444	VPMOVSXWD_YMMi32_MASKmskw_XMMi16_AVX512	VPMOVSXWD	1889
7445	VPMOVSXWD_YMMqq_MEMdq	VPMOVSXWD	1889
7446	VPMOVSXWD_YMMqq_XMMdq	VPMOVSXWD	1889
7447	VPMOVSXWD_ZMMi32_MASKmskw_MEMi16_AVX512	VPMOVSXWD	1889
7448	VPMOVSXWD_ZMMi32_MASKmskw_YMMi16_AVX512	VPMOVSXWD	1889
7449	VPMOVSXWQ_XMMdq_MEMd	VPMOVSXWQ	1890
7450	VPMOVSXWQ_XMMdq_XMMd	VPMOVSXWQ	1890
7451	VPMOVSXWQ_XMMi64_MASKmskw_MEMi16_AVX512	VPMOVSXWQ	1890
7452	VPMOVSXWQ_XMMi64_MASKmskw_XMMi16_AVX512	VPMOVSXWQ	1890
7453	VPMOVSXWQ_YMMi64_MASKmskw_MEMi16_AVX512	VPMOVSXWQ	1890
7454	VPMOVSXWQ_YMMi64_MASKmskw_XMMi16_AVX512	VPMOVSXWQ	1890
7455	VPMOVSXWQ_YMMqq_MEMq	VPMOVSXWQ	1890
7456	VPMOVSXWQ_YMMqq_XMMq	VPMOVSXWQ	1890
7457	VPMOVSXWQ_ZMMi64_MASKmskw_MEMi16_AVX512	VPMOVSXWQ	1890
7458	VPMOVSXWQ_ZMMi64_MASKmskw_XMMi16_AVX512	VPMOVSXWQ	1890
7459	VPMOVUSDB_MEMu8_MASKmskw_XMMu32_AVX512	VPMOVUSDB	1891
7460	VPMOVUSDB_MEMu8_MASKmskw_YMMu32_AVX512	VPMOVUSDB	1891
7461	VPMOVUSDB_MEMu8_MASKmskw_ZMMu32_AVX512	VPMOVUSDB	1891
7462	VPMOVUSDB_XMMu8_MASKmskw_XMMu32_AVX512	VPMOVUSDB	1891
7463	VPMOVUSDB_XMMu8_MASKmskw_YMMu32_AVX512	VPMOVUSDB	1891
7464	VPMOVUSDB_XMMu8_MASKmskw_ZMMu32_AVX512	VPMOVUSDB	1891
7465	VPMOVUSDW_MEMu16_MASKmskw_XMMu32_AVX512	VPMOVUSDW	1892
7466	VPMOVUSDW_MEMu16_MASKmskw_YMMu32_AVX512	VPMOVUSDW	1892
7467	VPMOVUSDW_MEMu16_MASKmskw_ZMMu32_AVX512	VPMOVUSDW	1892
7468	VPMOVUSDW_XMMu16_MASKmskw_XMMu32_AVX512	VPMOVUSDW	1892
7469	VPMOVUSDW_XMMu16_MASKmskw_YMMu32_AVX512	VPMOVUSDW	1892
7470	VPMOVUSDW_YMMu16_MASKmskw_ZMMu32_AVX512	VPMOVUSDW	1892
7471	VPMOVUSQB_MEMu8_MASKmskw_XMMu64_AVX512	VPMOVUSQB	1893
7472	VPMOVUSQB_MEMu8_MASKmskw_YMMu64_AVX512	VPMOVUSQB	1893
7473	VPMOVUSQB_MEMu8_MASKmskw_ZMMu64_AVX512	VPMOVUSQB	1893
7474	VPMOVUSQB_XMMu8_MASKmskw_XMMu64_AVX512	VPMOVUSQB	1893
7475	VPMOVUSQB_XMMu8_MASKmskw_YMMu64_AVX512	VPMOVUSQB	1893
7476	VPMOVUSQB_XMMu8_MASKmskw_ZMMu64_AVX512	VPMOVUSQB	1893
7477	VPMOVUSQD_MEMu32_MASKmskw_XMMu64_AVX512	VPMOVUSQD	1894
7478	VPMOVUSQD_MEMu32_MASKmskw_YMMu64_AVX512	VPMOVUSQD	1894
7479	VPMOVUSQD_MEMu32_MASKmskw_ZMMu64_AVX512	VPMOVUSQD	1894
7480	VPMOVUSQD_XMMu32_MASKmskw_XMMu64_AVX512	VPMOVUSQD	1894
7481	VPMOVUSQD_XMMu32_MASKmskw_YMMu64_AVX512	VPMOVUSQD	1894
7482	VPMOVUSQD_YMMu32_MASKmskw_ZMMu64_AVX512	VPMOVUSQD	1894
7483	VPMOVUSQW_MEMu16_MASKmskw_XMMu64_AVX512	VPMOVUSQW	1895
7484	VPMOVUSQW_MEMu16_MASKmskw_YMMu64_AVX512	VPMOVUSQW	1895
7485	VPMOVUSQW_MEMu16_MASKmskw_ZMMu64_AVX512	VPMOVUSQW	1895
7486	VPMOVUSQW_XMMu16_MASKmskw_XMMu64_AVX512	VPMOVUSQW	1895
7487	VPMOVUSQW_XMMu16_MASKmskw_YMMu64_AVX512	VPMOVUSQW	1895
7488	VPMOVUSQW_XMMu16_MASKmskw_ZMMu64_AVX512	VPMOVUSQW	1895
7489	VPMOVUSWB_MEMu8_MASKmskw_XMMu16_AVX512	VPMOVUSWB	1896
7490	VPMOVUSWB_MEMu8_MASKmskw_YMMu16_AVX512	VPMOVUSWB	1896
7491	VPMOVUSWB_MEMu8_MASKmskw_ZMMu16_AVX512	VPMOVUSWB	1896
7492	VPMOVUSWB_XMMu8_MASKmskw_XMMu16_AVX512	VPMOVUSWB	1896
7493	VPMOVUSWB_XMMu8_MASKmskw_YMMu16_AVX512	VPMOVUSWB	1896
7494	VPMOVUSWB_YMMu8_MASKmskw_ZMMu16_AVX512	VPMOVUSWB	1896
7495	VPMOVW2M_MASKmskw_XMMu16_AVX512	VPMOVW2M	1897
7496	VPMOVW2M_MASKmskw_YMMu16_AVX512	VPMOVW2M	1897
7497	VPMOVW2M_MASKmskw_ZMMu16_AVX512	VPMOVW2M	1897
7498	VPMOVWB_MEMu8_MASKmskw_XMMu16_AVX512	VPMOVWB	1898
7499	VPMOVWB_MEMu8_MASKmskw_YMMu16_AVX512	VPMOVWB	1898
7500	VPMOVWB_MEMu8_MASKmskw_ZMMu16_AVX512	VPMOVWB	1898
7501	VPMOVWB_XMMu8_MASKmskw_XMMu16_AVX512	VPMOVWB	1898
7502	VPMOVWB_XMMu8_MASKmskw_YMMu16_AVX512	VPMOVWB	1898
7503	VPMOVWB_YMMu8_MASKmskw_ZMMu16_AVX512	VPMOVWB	1898
7504	VPMOVZXBD_XMMdq_MEMd	VPMOVZXBD	1899
7505	VPMOVZXBD_XMMdq_XMMd	VPMOVZXBD	1899
7506	VPMOVZXBD_XMMi32_MASKmskw_MEMi8_AVX512	VPMOVZXBD	1899
7507	VPMOVZXBD_XMMi32_MASKmskw_XMMi8_AVX512	VPMOVZXBD	1899
7508	VPMOVZXBD_YMMi32_MASKmskw_MEMi8_AVX512	VPMOVZXBD	1899
7509	VPMOVZXBD_YMMi32_MASKmskw_XMMi8_AVX512	VPMOVZXBD	1899
7510	VPMOVZXBD_YMMqq_MEMq	VPMOVZXBD	1899
7511	VPMOVZXBD_YMMqq_XMMq	VPMOVZXBD	1899
7512	VPMOVZXBD_ZMMi32_MASKmskw_MEMi8_AVX512	VPMOVZXBD	1899
7513	VPMOVZXBD_ZMMi32_MASKmskw_XMMi8_AVX512	VPMOVZXBD	1899
7514	VPMOVZXBQ_XMMdq_MEMw	VPMOVZXBQ	1900
7515	VPMOVZXBQ_XMMdq_XMMw	VPMOVZXBQ	1900
7516	VPMOVZXBQ_XMMi64_MASKmskw_MEMi8_AVX512	VPMOVZXBQ	1900
7517	VPMOVZXBQ_XMMi64_MASKmskw_XMMi8_AVX512	VPMOVZXBQ	1900
7518	VPMOVZXBQ_YMMi64_MASKmskw_MEMi8_AVX512	VPMOVZXBQ	1900
7519	VPMOVZXBQ_YMMi64_MASKmskw_XMMi8_AVX512	VPMOVZXBQ	1900
7520	VPMOVZXBQ_YMMqq_MEMd	VPMOVZXBQ	1900
7521	VPMOVZXBQ_YMMqq_XMMd	VPMOVZXBQ	1900
7522	VPMOVZXBQ_ZMMi64_MASKmskw_MEMi8_AVX512	VPMOVZXBQ	1900
7523	VPMOVZXBQ_ZMMi64_MASKmskw_XMMi8_AVX512	VPMOVZXBQ	1900
7524	VPMOVZXBW_XMMdq_MEMq	VPMOVZXBW	1901
7525	VPMOVZXBW_XMMdq_XMMq	VPMOVZXBW	1901
7526	VPMOVZXBW_XMMi16_MASKmskw_MEMi8_AVX512	VPMOVZXBW	1901
7527	VPMOVZXBW_XMMi16_MASKmskw_XMMi8_AVX512	VPMOVZXBW	1901
7528	VPMOVZXBW_YMMi16_MASKmskw_MEMi8_AVX512	VPMOVZXBW	1901
7529	VPMOVZXBW_YMMi16_MASKmskw_XMMi8_AVX512	VPMOVZXBW	1901
7530	VPMOVZXBW_YMMqq_MEMdq	VPMOVZXBW	1901
7531	VPMOVZXBW_YMMqq_XMMdq	VPMOVZXBW	1901
7532	VPMOVZXBW_ZMMi16_MASKmskw_MEMi8_AVX512	VPMOVZXBW	1901
7533	VPMOVZXBW_ZMMi16_MASKmskw_YMMi8_AVX512	VPMOVZXBW	1901
7534	VPMOVZXDQ_XMMdq_MEMq	VPMOVZXDQ	1902
7535	VPMOVZXDQ_XMMdq_XMMq	VPMOVZXDQ	1902
7536	VPMOVZXDQ_XMMi64_MASKmskw_MEMi32_AVX512	VPMOVZXDQ	1902
7537	VPMOVZXDQ_XMMi64_MASKmskw_XMMi32_AVX512	VPMOVZXDQ	1902
7538	VPMOVZXDQ_YMMi64_MASKmskw_MEMi32_AVX512	VPMOVZXDQ	1902
7539	VPMOVZXDQ_YMMi64_MASKmskw_XMMi32_AVX512	VPMOVZXDQ	1902
7540	VPMOVZXDQ_YMMqq_MEMdq	VPMOVZXDQ	1902
7541	VPMOVZXDQ_YMMqq_XMMdq	VPMOVZXDQ	1902
7542	VPMOVZXDQ_ZMMi64_MASKmskw_MEMi32_AVX512	VPMOVZXDQ	1902
7543	VPMOVZXDQ_ZMMi64_MASKmskw_YMMi32_AVX512	VPMOVZXDQ	1902
7544	VPMOVZXWD_XMMdq_MEMq	VPMOVZXWD	1903
7545	VPMOVZXWD_XMMdq_XMMq	VPMOVZXWD	1903
7546	VPMOVZXWD_XMMi32_MASKmskw_MEMi16_AVX512	VPMOVZXWD	1903
7547	VPMOVZXWD_XMMi32_MASKmskw_XMMi16_AVX512	VPMOVZXWD	1903
7548	VPMOVZXWD_YMMi32_MASKmskw_MEMi16_AVX512	VPMOVZXWD	1903
7549	VPMOVZXWD_YMMi32_MASKmskw_XMMi16_AVX512	VPMOVZXWD	1903
7550	VPMOVZXWD_YMMqq_MEMdq	VPMOVZXWD	1903
7551	VPMOVZXWD_YMMqq_XMMdq	VPMOVZXWD	1903
7552	VPMOVZXWD_ZMMi32_MASKmskw_MEMi16_AVX512	VPMOVZXWD	1903
7553	VPMOVZXWD_ZMMi32_MASKmskw_YMMi16_AVX512	VPMOVZXWD	1903
7554	VPMOVZXWQ_XMMdq_MEMd	VPMOVZXWQ	1904
7555	VPMOVZXWQ_XMMdq_XMMd	VPMOVZXWQ	1904
7556	VPMOVZXWQ_XMMi64_MASKmskw_MEMi16_AVX512	VPMOVZXWQ	1904
7557	VPMOVZXWQ_XMMi64_MASKmskw_XMMi16_AVX512	VPMOVZXWQ	1904
7558	VPMOVZXWQ_YMMi64_MASKmskw_MEMi16_AVX512	VPMOVZXWQ	1904
7559	VPMOVZXWQ_YMMi64_MASKmskw_XMMi16_AVX512	VPMOVZXWQ	1904
7560	VPMOVZXWQ_YMMqq_MEMq	VPMOVZXWQ	1904
7561	VPMOVZXWQ_YMMqq_XMMq	VPMOVZXWQ	1904
7562	VPMOVZXWQ_ZMMi64_MASKmskw_MEMi16_AVX512	VPMOVZXWQ	1904
7563	VPMOVZXWQ_ZMMi64_MASKmskw_XMMi16_AVX512	VPMOVZXWQ	1904
7564	VPMULDQ_XMMdq_XMMdq_MEMdq	VPMULDQ	1019
7565	VPMULDQ_XMMdq_XMMdq_XMMdq	VPMULDQ	1019
7566	VPMULDQ_XMMi64_MASKmskw_XMMi64_MEMi64_AVX512	VPMULDQ	1019
7567	VPMULDQ_XMMi64_MASKmskw_XMMi64_XMMi64_AVX512	VPMULDQ	1019
7568	VPMULDQ_YMMi64_MASKmskw_YMMi64_MEMi64_AVX512	VPMULDQ	1019
7569	VPMULDQ_YMMi64_MASKmskw_YMMi64_YMMi64_AVX512	VPMULDQ	1019
7570	VPMULDQ_YMMqq_YMMqq_MEMqq	VPMULDQ	1019
7571	VPMULDQ_YMMqq_YMMqq_YMMqq	VPMULDQ	1019
7572	VPMULDQ_ZMMi64_MASKmskw_ZMMi64_MEMi64_AVX512	VPMULDQ	1019
7573	VPMULDQ_ZMMi64_MASKmskw_ZMMi64_ZMMi64_AVX512	VPMULDQ	1019
7574	VPMULHRSW_XMMdq_XMMdq_MEMdq	VPMULHRSW	1018
7575	VPMULHRSW_XMMdq_XMMdq_XMMdq	VPMULHRSW	1018
7576	VPMULHRSW_XMMi16_MASKmskw_XMMi16_MEMi16_AVX512	VPMULHRSW	1018
7577	VPMULHRSW_XMMi16_MASKmskw_XMMi16_XMMi16_AVX512	VPMULHRSW	1018
7578	VPMULHRSW_YMMi16_MASKmskw_YMMi16_MEMi16_AVX512	VPMULHRSW	1018
7579	VPMULHRSW_YMMi16_MASKmskw_YMMi16_YMMi16_AVX512	VPMULHRSW	1018
7580	VPMULHRSW_YMMqq_YMMqq_MEMqq	VPMULHRSW	1018
7581	VPMULHRSW_YMMqq_YMMqq_YMMqq	VPMULHRSW	1018
7582	VPMULHRSW_ZMMi16_MASKmskw_ZMMi16_MEMi16_AVX512	VPMULHRSW	1018
7583	VPMULHRSW_ZMMi16_MASKmskw_ZMMi16_ZMMi16_AVX512	VPMULHRSW	1018
7584	VPMULHUW_XMMdq_XMMdq_MEMdq	VPMULHUW	1017
7585	VPMULHUW_XMMdq_XMMdq_XMMdq	VPMULHUW	1017
7586	VPMULHUW_XMMu16_MASKmskw_XMMu16_MEMu16_AVX512	VPMULHUW	1017
7587	VPMULHUW_XMMu16_MASKmskw_XMMu16_XMMu16_AVX512	VPMULHUW	1017
7588	VPMULHUW_YMMqq_YMMqq_MEMqq	VPMULHUW	1017
7589	VPMULHUW_YMMqq_YMMqq_YMMqq	VPMULHUW	1017
7590	VPMULHUW_YMMu16_MASKmskw_YMMu16_MEMu16_AVX512	VPMULHUW	1017
7591	VPMULHUW_YMMu16_MASKmskw_YMMu16_YMMu16_AVX512	VPMULHUW	1017
7592	VPMULHUW_ZMMu16_MASKmskw_ZMMu16_MEMu16_AVX512	VPMULHUW	1017
7593	VPMULHUW_ZMMu16_MASKmskw_ZMMu16_ZMMu16_AVX512	VPMULHUW	1017
7594	VPMULHW_XMMdq_XMMdq_MEMdq	VPMULHW	1016
7595	VPMULHW_XMMdq_XMMdq_XMMdq	VPMULHW	1016
7596	VPMULHW_XMMu16_MASKmskw_XMMu16_MEMu16_AVX512	VPMULHW	1016
7597	VPMULHW_XMMu16_MASKmskw_XMMu16_XMMu16_AVX512	VPMULHW	1016
7598	VPMULHW_YMMqq_YMMqq_MEMqq	VPMULHW	1016
7599	VPMULHW_YMMqq_YMMqq_YMMqq	VPMULHW	1016
7600	VPMULHW_YMMu16_MASKmskw_YMMu16_MEMu16_AVX512	VPMULHW	1016
7601	VPMULHW_YMMu16_MASKmskw_YMMu16_YMMu16_AVX512	VPMULHW	1016
7602	VPMULHW_ZMMu16_MASKmskw_ZMMu16_MEMu16_AVX512	VPMULHW	1016
7603	VPMULHW_ZMMu16_MASKmskw_ZMMu16_ZMMu16_AVX512	VPMULHW	1016
7604	VPMULLD_XMMdq_XMMdq_MEMdq	VPMULLD	1014
7605	VPMULLD_XMMdq_XMMdq_XMMdq	VPMULLD	1014
7606	VPMULLD_XMMu32_MASKmskw_XMMu32_MEMu32_AVX512	VPMULLD	1014
7607	VPMULLD_XMMu32_MASKmskw_XMMu32_XMMu32_AVX512	VPMULLD	1014
7608	VPMULLD_YMMqq_YMMqq_MEMqq	VPMULLD	1014
7609	VPMULLD_YMMqq_YMMqq_YMMqq	VPMULLD	1014
7610	VPMULLD_YMMu32_MASKmskw_YMMu32_MEMu32_AVX512	VPMULLD	1014
7611	VPMULLD_YMMu32_MASKmskw_YMMu32_YMMu32_AVX512	VPMULLD	1014
7612	VPMULLD_ZMMu32_MASKmskw_ZMMu32_MEMu32_AVX512	VPMULLD	1014
7613	VPMULLD_ZMMu32_MASKmskw_ZMMu32_ZMMu32_AVX512	VPMULLD	1014
7614	VPMULLQ_XMMu64_MASKmskw_XMMu64_MEMu64_AVX512	VPMULLQ	1015
7615	VPMULLQ_XMMu64_MASKmskw_XMMu64_XMMu64_AVX512	VPMULLQ	1015
7616	VPMULLQ_YMMu64_MASKmskw_YMMu64_MEMu64_AVX512	VPMULLQ	1015
7617	VPMULLQ_YMMu64_MASKmskw_YMMu64_YMMu64_AVX512	VPMULLQ	1015
7618	VPMULLQ_ZMMu64_MASKmskw_ZMMu64_MEMu64_AVX512	VPMULLQ	1015
7619	VPMULLQ_ZMMu64_MASKmskw_ZMMu64_ZMMu64_AVX512	VPMULLQ	1015
7620	VPMULLW_XMMdq_XMMdq_MEMdq	VPMULLW	660
7621	VPMULLW_XMMdq_XMMdq_XMMdq	VPMULLW	660
7622	VPMULLW_XMMu16_MASKmskw_XMMu16_MEMu16_AVX512	VPMULLW	660
7623	VPMULLW_XMMu16_MASKmskw_XMMu16_XMMu16_AVX512	VPMULLW	660
7624	VPMULLW_YMMqq_YMMqq_MEMqq	VPMULLW	660
7625	VPMULLW_YMMqq_YMMqq_YMMqq	VPMULLW	660
7626	VPMULLW_YMMu16_MASKmskw_YMMu16_MEMu16_AVX512	VPMULLW	660
7627	VPMULLW_YMMu16_MASKmskw_YMMu16_YMMu16_AVX512	VPMULLW	660
7628	VPMULLW_ZMMu16_MASKmskw_ZMMu16_MEMu16_AVX512	VPMULLW	660
7629	VPMULLW_ZMMu16_MASKmskw_ZMMu16_ZMMu16_AVX512	VPMULLW	660
7630	VPMULTISHIFTQB_XMMu8_MASKmskw_XMMu8_MEMu64_AVX512	VPMULTISHIFTQB	1100
7631	VPMULTISHIFTQB_XMMu8_MASKmskw_XMMu8_XMMu64_AVX512	VPMULTISHIFTQB	1100
7632	VPMULTISHIFTQB_YMMu8_MASKmskw_YMMu8_MEMu64_AVX512	VPMULTISHIFTQB	1100
7633	VPMULTISHIFTQB_YMMu8_MASKmskw_YMMu8_YMMu64_AVX512	VPMULTISHIFTQB	1100
7634	VPMULTISHIFTQB_ZMMu8_MASKmskw_ZMMu8_MEMu64_AVX512	VPMULTISHIFTQB	1100
7635	VPMULTISHIFTQB_ZMMu8_MASKmskw_ZMMu8_ZMMu64_AVX512	VPMULTISHIFTQB	1100
7636	VPMULUDQ_XMMdq_XMMdq_MEMdq	VPMULUDQ	661
7637	VPMULUDQ_XMMdq_XMMdq_XMMdq	VPMULUDQ	661
7638	VPMULUDQ_XMMu64_MASKmskw_XMMu64_MEMu64_AVX512	VPMULUDQ	661
7639	VPMULUDQ_XMMu64_MASKmskw_XMMu64_XMMu64_AVX512	VPMULUDQ	661
7640	VPMULUDQ_YMMqq_YMMqq_MEMqq	VPMULUDQ	661
7641	VPMULUDQ_YMMqq_YMMqq_YMMqq	VPMULUDQ	661
7642	VPMULUDQ_YMMu64_MASKmskw_YMMu64_MEMu64_AVX512	VPMULUDQ	661
7643	VPMULUDQ_YMMu64_MASKmskw_YMMu64_YMMu64_AVX512	VPMULUDQ	661
7644	VPMULUDQ_ZMMu64_MASKmskw_ZMMu64_MEMu64_AVX512	VPMULUDQ	661
7645	VPMULUDQ_ZMMu64_MASKmskw_ZMMu64_ZMMu64_AVX512	VPMULUDQ	661
7646	VPOPCNTB_XMMu8_MASKmskw_MEMu8_AVX512	VPOPCNTB	1085
7647	VPOPCNTB_XMMu8_MASKmskw_XMMu8_AVX512	VPOPCNTB	1085
7648	VPOPCNTB_YMMu8_MASKmskw_MEMu8_AVX512	VPOPCNTB	1085
7649	VPOPCNTB_YMMu8_MASKmskw_YMMu8_AVX512	VPOPCNTB	1085
7650	VPOPCNTB_ZMMu8_MASKmskw_MEMu8_AVX512	VPOPCNTB	1085
7651	VPOPCNTB_ZMMu8_MASKmskw_ZMMu8_AVX512	VPOPCNTB	1085
7652	VPOPCNTD_XMMu32_MASKmskw_MEMu32_AVX512	VPOPCNTD	716
7653	VPOPCNTD_XMMu32_MASKmskw_XMMu32_AVX512	VPOPCNTD	716
7654	VPOPCNTD_YMMu32_MASKmskw_MEMu32_AVX512	VPOPCNTD	716
7655	VPOPCNTD_YMMu32_MASKmskw_YMMu32_AVX512	VPOPCNTD	716
7656	VPOPCNTD_ZMMu32_MASKmskw_MEMu32_AVX512	VPOPCNTD	716
7657	VPOPCNTD_ZMMu32_MASKmskw_ZMMu32_AVX512	VPOPCNTD	716
7658	VPOPCNTQ_XMMu64_MASKmskw_MEMu64_AVX512	VPOPCNTQ	1087
7659	VPOPCNTQ_XMMu64_MASKmskw_XMMu64_AVX512	VPOPCNTQ	1087
7660	VPOPCNTQ_YMMu64_MASKmskw_MEMu64_AVX512	VPOPCNTQ	1087
7661	VPOPCNTQ_YMMu64_MASKmskw_YMMu64_AVX512	VPOPCNTQ	1087
7662	VPOPCNTQ_ZMMu64_MASKmskw_MEMu64_AVX512	VPOPCNTQ	1087
7663	VPOPCNTQ_ZMMu64_MASKmskw_ZMMu64_AVX512	VPOPCNTQ	1087
7664	VPOPCNTW_XMMu16_MASKmskw_MEMu16_AVX512	VPOPCNTW	1086
7665	VPOPCNTW_XMMu16_MASKmskw_XMMu16_AVX512	VPOPCNTW	1086
7666	VPOPCNTW_YMMu16_MASKmskw_MEMu16_AVX512	VPOPCNTW	1086
7667	VPOPCNTW_YMMu16_MASKmskw_YMMu16_AVX512	VPOPCNTW	1086
7668	VPOPCNTW_ZMMu16_MASKmskw_MEMu16_AVX512	VPOPCNTW	1086
7669	VPOPCNTW_ZMMu16_MASKmskw_ZMMu16_AVX512	VPOPCNTW	1086
7670	VPORD_XMMu32_MASKmskw_XMMu32_MEMu32_AVX512	VPORD	1033
7671	VPORD_XMMu32_MASKmskw_XMMu32_XMMu32_AVX512	VPORD	1033
7672	VPORD_YMMu32_MASKmskw_YMMu32_MEMu32_AVX512	VPORD	1033
7673	VPORD_YMMu32_MASKmskw_YMMu32_YMMu32_AVX512	VPORD	1033
7674	VPORD_ZMMu32_MASKmskw_ZMMu32_MEMu32_AVX512	VPORD	1033
7675	VPORD_ZMMu32_MASKmskw_ZMMu32_ZMMu32_AVX512	VPORD	1033
7676	VPORQ_XMMu64_MASKmskw_XMMu64_MEMu64_AVX512	VPORQ	1034
7677	VPORQ_XMMu64_MASKmskw_XMMu64_XMMu64_AVX512	VPORQ	1034
7678	VPORQ_YMMu64_MASKmskw_YMMu64_MEMu64_AVX512	VPORQ	1034
7679	VPORQ_YMMu64_MASKmskw_YMMu64_YMMu64_AVX512	VPORQ	1034
7680	VPORQ_ZMMu64_MASKmskw_ZMMu64_MEMu64_AVX512	VPORQ	1034
7681	VPORQ_ZMMu64_MASKmskw_ZMMu64_ZMMu64_AVX512	VPORQ	1034
7682	VPOR_XMMdq_XMMdq_MEMdq	VPOR	652
7683	VPOR_XMMdq_XMMdq_XMMdq	VPOR	652
7684	VPOR_YMMqq_YMMqq_MEMqq	VPOR	652
7685	VPOR_YMMqq_YMMqq_YMMqq	VPOR	652
7686	VPPERM_XMMdq_XMMdq_MEMdq_XMMdq	VPPERM	882
7687	VPPERM_XMMdq_XMMdq_XMMdq_MEMdq	VPPERM	882
7688	VPPERM_XMMdq_XMMdq_XMMdq_XMMdq	VPPERM	882
7689	VPROLD_XMMu32_MASKmskw_MEMu32_IMM8_AVX512	VPROLD	1050
7690	VPROLD_XMMu32_MASKmskw_XMMu32_IMM8_AVX512	VPROLD	1050
7691	VPROLD_YMMu32_MASKmskw_MEMu32_IMM8_AVX512	VPROLD	1050
7692	VPROLD_YMMu32_MASKmskw_YMMu32_IMM8_AVX512	VPROLD	1050
7693	VPROLD_ZMMu32_MASKmskw_MEMu32_IMM8_AVX512	VPROLD	1050
7694	VPROLD_ZMMu32_MASKmskw_ZMMu32_IMM8_AVX512	VPROLD	1050
7695	VPROLQ_XMMu64_MASKmskw_MEMu64_IMM8_AVX512	VPROLQ	1051
7696	VPROLQ_XMMu64_MASKmskw_XMMu64_IMM8_AVX512	VPROLQ	1051
7697	VPROLQ_YMMu64_MASKmskw_MEMu64_IMM8_AVX512	VPROLQ	1051
7698	VPROLQ_YMMu64_MASKmskw_YMMu64_IMM8_AVX512	VPROLQ	1051
7699	VPROLQ_ZMMu64_MASKmskw_MEMu64_IMM8_AVX512	VPROLQ	1051
7700	VPROLQ_ZMMu64_MASKmskw_ZMMu64_IMM8_AVX512	VPROLQ	1051
7701	VPROLVD_XMMu32_MASKmskw_XMMu32_MEMu32_AVX512	VPROLVD	1046
7702	VPROLVD_XMMu32_MASKmskw_XMMu32_XMMu32_AVX512	VPROLVD	1046
7703	VPROLVD_YMMu32_MASKmskw_YMMu32_MEMu32_AVX512	VPROLVD	1046
7704	VPROLVD_YMMu32_MASKmskw_YMMu32_YMMu32_AVX512	VPROLVD	1046
7705	VPROLVD_ZMMu32_MASKmskw_ZMMu32_MEMu32_AVX512	VPROLVD	1046
7706	VPROLVD_ZMMu32_MASKmskw_ZMMu32_ZMMu32_AVX512	VPROLVD	1046
7707	VPROLVQ_XMMu64_MASKmskw_XMMu64_MEMu64_AVX512	VPROLVQ	1047
7708	VPROLVQ_XMMu64_MASKmskw_XMMu64_XMMu64_AVX512	VPROLVQ	1047
7709	VPROLVQ_YMMu64_MASKmskw_YMMu64_MEMu64_AVX512	VPROLVQ	1047
7710	VPROLVQ_YMMu64_MASKmskw_YMMu64_YMMu64_AVX512	VPROLVQ	1047
7711	VPROLVQ_ZMMu64_MASKmskw_ZMMu64_MEMu64_AVX512	VPROLVQ	1047
7712	VPROLVQ_ZMMu64_MASKmskw_ZMMu64_ZMMu64_AVX512	VPROLVQ	1047
7713	VPRORD_XMMu32_MASKmskw_MEMu32_IMM8_AVX512	VPRORD	1052
7714	VPRORD_XMMu32_MASKmskw_XMMu32_IMM8_AVX512	VPRORD	1052
7715	VPRORD_YMMu32_MASKmskw_MEMu32_IMM8_AVX512	VPRORD	1052
7716	VPRORD_YMMu32_MASKmskw_YMMu32_IMM8_AVX512	VPRORD	1052
7717	VPRORD_ZMMu32_MASKmskw_MEMu32_IMM8_AVX512	VPRORD	1052
7718	VPRORD_ZMMu32_MASKmskw_ZMMu32_IMM8_AVX512	VPRORD	1052
7719	VPRORQ_XMMu64_MASKmskw_MEMu64_IMM8_AVX512	VPRORQ	1053
7720	VPRORQ_XMMu64_MASKmskw_XMMu64_IMM8_AVX512	VPRORQ	1053
7721	VPRORQ_YMMu64_MASKmskw_MEMu64_IMM8_AVX512	VPRORQ	1053
7722	VPRORQ_YMMu64_MASKmskw_YMMu64_IMM8_AVX512	VPRORQ	1053
7723	VPRORQ_ZMMu64_MASKmskw_MEMu64_IMM8_AVX512	VPRORQ	1053
7724	VPRORQ_ZMMu64_MASKmskw_ZMMu64_IMM8_AVX512	VPRORQ	1053
7725	VPRORVD_XMMu32_MASKmskw_XMMu32_MEMu32_AVX512	VPRORVD	1048
7726	VPRORVD_XMMu32_MASKmskw_XMMu32_XMMu32_AVX512	VPRORVD	1048
7727	VPRORVD_YMMu32_MASKmskw_YMMu32_MEMu32_AVX512	VPRORVD	1048
7728	VPRORVD_YMMu32_MASKmskw_YMMu32_YMMu32_AVX512	VPRORVD	1048
7729	VPRORVD_ZMMu32_MASKmskw_ZMMu32_MEMu32_AVX512	VPRORVD	1048
7730	VPRORVD_ZMMu32_MASKmskw_ZMMu32_ZMMu32_AVX512	VPRORVD	1048
7731	VPRORVQ_XMMu64_MASKmskw_XMMu64_MEMu64_AVX512	VPRORVQ	1049
7732	VPRORVQ_XMMu64_MASKmskw_XMMu64_XMMu64_AVX512	VPRORVQ	1049
7733	VPRORVQ_YMMu64_MASKmskw_YMMu64_MEMu64_AVX512	VPRORVQ	1049
7734	VPRORVQ_YMMu64_MASKmskw_YMMu64_YMMu64_AVX512	VPRORVQ	1049
7735	VPRORVQ_ZMMu64_MASKmskw_ZMMu64_MEMu64_AVX512	VPRORVQ	1049
7736	VPRORVQ_ZMMu64_MASKmskw_ZMMu64_ZMMu64_AVX512	VPRORVQ	1049
7737	VPROTB_XMMdq_MEMdq_IMMb	VPROTB	705
7738	VPROTB_XMMdq_MEMdq_XMMdq	VPROTB	705
7739	VPROTB_XMMdq_XMMdq_IMMb	VPROTB	705
7740	VPROTB_XMMdq_XMMdq_MEMdq	VPROTB	705
7741	VPROTB_XMMdq_XMMdq_XMMdq	VPROTB	705
7742	VPROTD_XMMdq_MEMdq_IMMb	VPROTD	707
7743	VPROTD_XMMdq_MEMdq_XMMdq	VPROTD	707
7744	VPROTD_XMMdq_XMMdq_IMMb	VPROTD	707
7745	VPROTD_XMMdq_XMMdq_MEMdq	VPROTD	707
7746	VPROTD_XMMdq_XMMdq_XMMdq	VPROTD	707
7747	VPROTQ_XMMdq_MEMdq_IMMb	VPROTQ	708
7748	VPROTQ_XMMdq_MEMdq_XMMdq	VPROTQ	708
7749	VPROTQ_XMMdq_XMMdq_IMMb	VPROTQ	708
7750	VPROTQ_XMMdq_XMMdq_MEMdq	VPROTQ	708
7751	VPROTQ_XMMdq_XMMdq_XMMdq	VPROTQ	708
7752	VPROTW_XMMdq_MEMdq_IMMb	VPROTW	706
7753	VPROTW_XMMdq_MEMdq_XMMdq	VPROTW	706
7754	VPROTW_XMMdq_XMMdq_IMMb	VPROTW	706
7755	VPROTW_XMMdq_XMMdq_MEMdq	VPROTW	706
7756	VPROTW_XMMdq_XMMdq_XMMdq	VPROTW	706
7757	VPSADBW_XMMdq_XMMdq_MEMdq	VPSADBW	669
7758	VPSADBW_XMMdq_XMMdq_XMMdq	VPSADBW	669
7759	VPSADBW_XMMu16_XMMu8_MEMu8_AVX512	VPSADBW	669
7760	VPSADBW_XMMu16_XMMu8_XMMu8_AVX512	VPSADBW	669
7761	VPSADBW_YMMqq_YMMqq_MEMqq	VPSADBW	669
7762	VPSADBW_YMMqq_YMMqq_YMMqq	VPSADBW	669
7763	VPSADBW_YMMu16_YMMu8_MEMu8_AVX512	VPSADBW	669
7764	VPSADBW_YMMu16_YMMu8_YMMu8_AVX512	VPSADBW	669
7765	VPSADBW_ZMMu16_ZMMu8_MEMu8_AVX512	VPSADBW	669
7766	VPSADBW_ZMMu16_ZMMu8_ZMMu8_AVX512	VPSADBW	669
7767	VPSCATTERDD_MEMu32_MASKmskw_XMMu32_AVX512_VL128	VPSCATTERDD	1905
7768	VPSCATTERDD_MEMu32_MASKmskw_YMMu32_AVX512_VL256	VPSCATTERDD	1905
7769	VPSCATTERDD_MEMu32_MASKmskw_ZMMu32_AVX512_VL512	VPSCATTERDD	1905
7770	VPSCATTERDQ_MEMu64_MASKmskw_XMMu64_AVX512_VL128	VPSCATTERDQ	1906
7771	VPSCATTERDQ_MEMu64_MASKmskw_YMMu64_AVX512_VL256	VPSCATTERDQ	1906
7772	VPSCATTERDQ_MEMu64_MASKmskw_ZMMu64_AVX512_VL512	VPSCATTERDQ	1906
7773	VPSCATTERQD_MEMu32_MASKmskw_XMMu32_AVX512_VL128	VPSCATTERQD	1907
7774	VPSCATTERQD_MEMu32_MASKmskw_XMMu32_AVX512_VL256	VPSCATTERQD	1907
7775	VPSCATTERQD_MEMu32_MASKmskw_YMMu32_AVX512_VL512	VPSCATTERQD	1907
7776	VPSCATTERQQ_MEMu64_MASKmskw_XMMu64_AVX512_VL128	VPSCATTERQQ	1908
7777	VPSCATTERQQ_MEMu64_MASKmskw_YMMu64_AVX512_VL256	VPSCATTERQQ	1908
7778	VPSCATTERQQ_MEMu64_MASKmskw_ZMMu64_AVX512_VL512	VPSCATTERQQ	1908
7779	VPSHAB_XMMdq_MEMdq_XMMdq	VPSHAB	824
7780	VPSHAB_XMMdq_XMMdq_MEMdq	VPSHAB	824
7781	VPSHAB_XMMdq_XMMdq_XMMdq	VPSHAB	824
7782	VPSHAD_XMMdq_MEMdq_XMMdq	VPSHAD	826
7783	VPSHAD_XMMdq_XMMdq_MEMdq	VPSHAD	826
7784	VPSHAD_XMMdq_XMMdq_XMMdq	VPSHAD	826
7785	VPSHAQ_XMMdq_MEMdq_XMMdq	VPSHAQ	827
7786	VPSHAQ_XMMdq_XMMdq_MEMdq	VPSHAQ	827
7787	VPSHAQ_XMMdq_XMMdq_XMMdq	VPSHAQ	827
7788	VPSHAW_XMMdq_MEMdq_XMMdq	VPSHAW	825
7789	VPSHAW_XMMdq_XMMdq_MEMdq	VPSHAW	825
7790	VPSHAW_XMMdq_XMMdq_XMMdq	VPSHAW	825
7791	VPSHLB_XMMdq_MEMdq_XMMdq	VPSHLB	820
7792	VPSHLB_XMMdq_XMMdq_MEMdq	VPSHLB	820
7793	VPSHLB_XMMdq_XMMdq_XMMdq	VPSHLB	820
7794	VPSHLDD_XMMu32_MASKmskw_XMMu32_MEMu32_IMM8_AVX512	VPSHLDD	1066
7795	VPSHLDD_XMMu32_MASKmskw_XMMu32_XMMu32_IMM8_AVX512	VPSHLDD	1066
7796	VPSHLDD_YMMu32_MASKmskw_YMMu32_MEMu32_IMM8_AVX512	VPSHLDD	1066
7797	VPSHLDD_YMMu32_MASKmskw_YMMu32_YMMu32_IMM8_AVX512	VPSHLDD	1066
7798	VPSHLDD_ZMMu32_MASKmskw_ZMMu32_MEMu32_IMM8_AVX512	VPSHLDD	1066
7799	VPSHLDD_ZMMu32_MASKmskw_ZMMu32_ZMMu32_IMM8_AVX512	VPSHLDD	1066
7800	VPSHLDQ_XMMu64_MASKmskw_XMMu64_MEMu64_IMM8_AVX512	VPSHLDQ	1067
7801	VPSHLDQ_XMMu64_MASKmskw_XMMu64_XMMu64_IMM8_AVX512	VPSHLDQ	1067
7802	VPSHLDQ_YMMu64_MASKmskw_YMMu64_MEMu64_IMM8_AVX512	VPSHLDQ	1067
7803	VPSHLDQ_YMMu64_MASKmskw_YMMu64_YMMu64_IMM8_AVX512	VPSHLDQ	1067
7804	VPSHLDQ_ZMMu64_MASKmskw_ZMMu64_MEMu64_IMM8_AVX512	VPSHLDQ	1067
7805	VPSHLDQ_ZMMu64_MASKmskw_ZMMu64_ZMMu64_IMM8_AVX512	VPSHLDQ	1067
7806	VPSHLDVD_XMMu32_MASKmskw_XMMu32_MEMu32_AVX512	VPSHLDVD	1069
7807	VPSHLDVD_XMMu32_MASKmskw_XMMu32_XMMu32_AVX512	VPSHLDVD	1069
7808	VPSHLDVD_YMMu32_MASKmskw_YMMu32_MEMu32_AVX512	VPSHLDVD	1069
7809	VPSHLDVD_YMMu32_MASKmskw_YMMu32_YMMu32_AVX512	VPSHLDVD	1069
7810	VPSHLDVD_ZMMu32_MASKmskw_ZMMu32_MEMu32_AVX512	VPSHLDVD	1069
7811	VPSHLDVD_ZMMu32_MASKmskw_ZMMu32_ZMMu32_AVX512	VPSHLDVD	1069
7812	VPSHLDVQ_XMMu64_MASKmskw_XMMu64_MEMu64_AVX512	VPSHLDVQ	1070
7813	VPSHLDVQ_XMMu64_MASKmskw_XMMu64_XMMu64_AVX512	VPSHLDVQ	1070
7814	VPSHLDVQ_YMMu64_MASKmskw_YMMu64_MEMu64_AVX512	VPSHLDVQ	1070
7815	VPSHLDVQ_YMMu64_MASKmskw_YMMu64_YMMu64_AVX512	VPSHLDVQ	1070
7816	VPSHLDVQ_ZMMu64_MASKmskw_ZMMu64_MEMu64_AVX512	VPSHLDVQ	1070
7817	VPSHLDVQ_ZMMu64_MASKmskw_ZMMu64_ZMMu64_AVX512	VPSHLDVQ	1070
7818	VPSHLDVW_XMMu16_MASKmskw_XMMu16_MEMu16_AVX512	VPSHLDVW	1068
7819	VPSHLDVW_XMMu16_MASKmskw_XMMu16_XMMu16_AVX512	VPSHLDVW	1068
7820	VPSHLDVW_YMMu16_MASKmskw_YMMu16_MEMu16_AVX512	VPSHLDVW	1068
7821	VPSHLDVW_YMMu16_MASKmskw_YMMu16_YMMu16_AVX512	VPSHLDVW	1068
7822	VPSHLDVW_ZMMu16_MASKmskw_ZMMu16_MEMu16_AVX512	VPSHLDVW	1068
7823	VPSHLDVW_ZMMu16_MASKmskw_ZMMu16_ZMMu16_AVX512	VPSHLDVW	1068
7824	VPSHLDW_XMMu16_MASKmskw_XMMu16_MEMu16_IMM8_AVX512	VPSHLDW	1065
7825	VPSHLDW_XMMu16_MASKmskw_XMMu16_XMMu16_IMM8_AVX512	VPSHLDW	1065
7826	VPSHLDW_YMMu16_MASKmskw_YMMu16_MEMu16_IMM8_AVX512	VPSHLDW	1065
7827	VPSHLDW_YMMu16_MASKmskw_YMMu16_YMMu16_IMM8_AVX512	VPSHLDW	1065
7828	VPSHLDW_ZMMu16_MASKmskw_ZMMu16_MEMu16_IMM8_AVX512	VPSHLDW	1065
7829	VPSHLDW_ZMMu16_MASKmskw_ZMMu16_ZMMu16_IMM8_AVX512	VPSHLDW	1065
7830	VPSHLD_XMMdq_MEMdq_XMMdq	VPSHLD	822
7831	VPSHLD_XMMdq_XMMdq_MEMdq	VPSHLD	822
7832	VPSHLD_XMMdq_XMMdq_XMMdq	VPSHLD	822
7833	VPSHLQ_XMMdq_MEMdq_XMMdq	VPSHLQ	823
7834	VPSHLQ_XMMdq_XMMdq_MEMdq	VPSHLQ	823
7835	VPSHLQ_XMMdq_XMMdq_XMMdq	VPSHLQ	823
7836	VPSHLW_XMMdq_MEMdq_XMMdq	VPSHLW	821
7837	VPSHLW_XMMdq_XMMdq_MEMdq	VPSHLW	821
7838	VPSHLW_XMMdq_XMMdq_XMMdq	VPSHLW	821
7839	VPSHRDD_XMMu32_MASKmskw_XMMu32_MEMu32_IMM8_AVX512	VPSHRDD	1072
7840	VPSHRDD_XMMu32_MASKmskw_XMMu32_XMMu32_IMM8_AVX512	VPSHRDD	1072
7841	VPSHRDD_YMMu32_MASKmskw_YMMu32_MEMu32_IMM8_AVX512	VPSHRDD	1072
7842	VPSHRDD_YMMu32_MASKmskw_YMMu32_YMMu32_IMM8_AVX512	VPSHRDD	1072
7843	VPSHRDD_ZMMu32_MASKmskw_ZMMu32_MEMu32_IMM8_AVX512	VPSHRDD	1072
7844	VPSHRDD_ZMMu32_MASKmskw_ZMMu32_ZMMu32_IMM8_AVX512	VPSHRDD	1072
7845	VPSHRDQ_XMMu64_MASKmskw_XMMu64_MEMu64_IMM8_AVX512	VPSHRDQ	1073
7846	VPSHRDQ_XMMu64_MASKmskw_XMMu64_XMMu64_IMM8_AVX512	VPSHRDQ	1073
7847	VPSHRDQ_YMMu64_MASKmskw_YMMu64_MEMu64_IMM8_AVX512	VPSHRDQ	1073
7848	VPSHRDQ_YMMu64_MASKmskw_YMMu64_YMMu64_IMM8_AVX512	VPSHRDQ	1073
7849	VPSHRDQ_ZMMu64_MASKmskw_ZMMu64_MEMu64_IMM8_AVX512	VPSHRDQ	1073
7850	VPSHRDQ_ZMMu64_MASKmskw_ZMMu64_ZMMu64_IMM8_AVX512	VPSHRDQ	1073
7851	VPSHRDVD_XMMu32_MASKmskw_XMMu32_MEMu32_AVX512	VPSHRDVD	1075
7852	VPSHRDVD_XMMu32_MASKmskw_XMMu32_XMMu32_AVX512	VPSHRDVD	1075
7853	VPSHRDVD_YMMu32_MASKmskw_YMMu32_MEMu32_AVX512	VPSHRDVD	1075
7854	VPSHRDVD_YMMu32_MASKmskw_YMMu32_YMMu32_AVX512	VPSHRDVD	1075
7855	VPSHRDVD_ZMMu32_MASKmskw_ZMMu32_MEMu32_AVX512	VPSHRDVD	1075
7856	VPSHRDVD_ZMMu32_MASKmskw_ZMMu32_ZMMu32_AVX512	VPSHRDVD	1075
7857	VPSHRDVQ_XMMu64_MASKmskw_XMMu64_MEMu64_AVX512	VPSHRDVQ	1076
7858	VPSHRDVQ_XMMu64_MASKmskw_XMMu64_XMMu64_AVX512	VPSHRDVQ	1076
7859	VPSHRDVQ_YMMu64_MASKmskw_YMMu64_MEMu64_AVX512	VPSHRDVQ	1076
7860	VPSHRDVQ_YMMu64_MASKmskw_YMMu64_YMMu64_AVX512	VPSHRDVQ	1076
7861	VPSHRDVQ_ZMMu64_MASKmskw_ZMMu64_MEMu64_AVX512	VPSHRDVQ	1076
7862	VPSHRDVQ_ZMMu64_MASKmskw_ZMMu64_ZMMu64_AVX512	VPSHRDVQ	1076
7863	VPSHRDVW_XMMu16_MASKmskw_XMMu16_MEMu16_AVX512	VPSHRDVW	1074
7864	VPSHRDVW_XMMu16_MASKmskw_XMMu16_XMMu16_AVX512	VPSHRDVW	1074
7865	VPSHRDVW_YMMu16_MASKmskw_YMMu16_MEMu16_AVX512	VPSHRDVW	1074
7866	VPSHRDVW_YMMu16_MASKmskw_YMMu16_YMMu16_AVX512	VPSHRDVW	1074
7867	VPSHRDVW_ZMMu16_MASKmskw_ZMMu16_MEMu16_AVX512	VPSHRDVW	1074
7868	VPSHRDVW_ZMMu16_MASKmskw_ZMMu16_ZMMu16_AVX512	VPSHRDVW	1074
7869	VPSHRDW_XMMu16_MASKmskw_XMMu16_MEMu16_IMM8_AVX512	VPSHRDW	1071
7870	VPSHRDW_XMMu16_MASKmskw_XMMu16_XMMu16_IMM8_AVX512	VPSHRDW	1071
7871	VPSHRDW_YMMu16_MASKmskw_YMMu16_MEMu16_IMM8_AVX512	VPSHRDW	1071
7872	VPSHRDW_YMMu16_MASKmskw_YMMu16_YMMu16_IMM8_AVX512	VPSHRDW	1071
7873	VPSHRDW_ZMMu16_MASKmskw_ZMMu16_MEMu16_IMM8_AVX512	VPSHRDW	1071
7874	VPSHRDW_ZMMu16_MASKmskw_ZMMu16_ZMMu16_IMM8_AVX512	VPSHRDW	1071
7875	VPSHUFBITQMB_MASKmskw_MASKmskw_XMMu64_MEMu8_AVX512	VPSHUFBITQMB	1088
7876	VPSHUFBITQMB_MASKmskw_MASKmskw_XMMu64_XMMu8_AVX512	VPSHUFBITQMB	1088
7877	VPSHUFBITQMB_MASKmskw_MASKmskw_YMMu64_MEMu8_AVX512	VPSHUFBITQMB	1088
7878	VPSHUFBITQMB_MASKmskw_MASKmskw_YMMu64_YMMu8_AVX512	VPSHUFBITQMB	1088
7879	VPSHUFBITQMB_MASKmskw_MASKmskw_ZMMu64_MEMu8_AVX512	VPSHUFBITQMB	1088
7880	VPSHUFBITQMB_MASKmskw_MASKmskw_ZMMu64_ZMMu8_AVX512	VPSHUFBITQMB	1088
7881	VPSHUFB_XMMdq_XMMdq_MEMdq	VPSHUFB	733
7882	VPSHUFB_XMMdq_XMMdq_XMMdq	VPSHUFB	733
7883	VPSHUFB_XMMu8_MASKmskw_XMMu8_MEMu8_AVX512	VPSHUFB	733
7884	VPSHUFB_XMMu8_MASKmskw_XMMu8_XMMu8_AVX512	VPSHUFB	733
7885	VPSHUFB_YMMqq_YMMqq_MEMqq	VPSHUFB	733
7886	VPSHUFB_YMMqq_YMMqq_YMMqq	VPSHUFB	733
7887	VPSHUFB_YMMu8_MASKmskw_YMMu8_MEMu8_AVX512	VPSHUFB	733
7888	VPSHUFB_YMMu8_MASKmskw_YMMu8_YMMu8_AVX512	VPSHUFB	733
7889	VPSHUFB_ZMMu8_MASKmskw_ZMMu8_MEMu8_AVX512	VPSHUFB	733
7890	VPSHUFB_ZMMu8_MASKmskw_ZMMu8_ZMMu8_AVX512	VPSHUFB	733
7891	VPSHUFD_XMMdq_MEMdq_IMMb	VPSHUFD	1909
7892	VPSHUFD_XMMdq_XMMdq_IMMb	VPSHUFD	1909
7893	VPSHUFD_XMMu32_MASKmskw_MEMu32_IMM8_AVX512	VPSHUFD	1909
7894	VPSHUFD_XMMu32_MASKmskw_XMMu32_IMM8_AVX512	VPSHUFD	1909
7895	VPSHUFD_YMMqq_MEMqq_IMMb	VPSHUFD	1909
7896	VPSHUFD_YMMqq_YMMqq_IMMb	VPSHUFD	1909
7897	VPSHUFD_YMMu32_MASKmskw_MEMu32_IMM8_AVX512	VPSHUFD	1909
7898	VPSHUFD_YMMu32_MASKmskw_YMMu32_IMM8_AVX512	VPSHUFD	1909
7899	VPSHUFD_ZMMu32_MASKmskw_MEMu32_IMM8_AVX512	VPSHUFD	1909
7900	VPSHUFD_ZMMu32_MASKmskw_ZMMu32_IMM8_AVX512	VPSHUFD	1909
7901	VPSHUFHW_XMMdq_MEMdq_IMMb	VPSHUFHW	1910
7902	VPSHUFHW_XMMdq_XMMdq_IMMb	VPSHUFHW	1910
7903	VPSHUFHW_XMMu16_MASKmskw_MEMu16_IMM8_AVX512	VPSHUFHW	1910
7904	VPSHUFHW_XMMu16_MASKmskw_XMMu16_IMM8_AVX512	VPSHUFHW	1910
7905	VPSHUFHW_YMMqq_MEMqq_IMMb	VPSHUFHW	1910
7906	VPSHUFHW_YMMqq_YMMqq_IMMb	VPSHUFHW	1910
7907	VPSHUFHW_YMMu16_MASKmskw_MEMu16_IMM8_AVX512	VPSHUFHW	1910
7908	VPSHUFHW_YMMu16_MASKmskw_YMMu16_IMM8_AVX512	VPSHUFHW	1910
7909	VPSHUFHW_ZMMu16_MASKmskw_MEMu16_IMM8_AVX512	VPSHUFHW	1910
7910	VPSHUFHW_ZMMu16_MASKmskw_ZMMu16_IMM8_AVX512	VPSHUFHW	1910
7911	VPSHUFLW_XMMdq_MEMdq_IMMb	VPSHUFLW	1911
7912	VPSHUFLW_XMMdq_XMMdq_IMMb	VPSHUFLW	1911
7913	VPSHUFLW_XMMu16_MASKmskw_MEMu16_IMM8_AVX512	VPSHUFLW	1911
7914	VPSHUFLW_XMMu16_MASKmskw_XMMu16_IMM8_AVX512	VPSHUFLW	1911
7915	VPSHUFLW_YMMqq_MEMqq_IMMb	VPSHUFLW	1911
7916	VPSHUFLW_YMMqq_YMMqq_IMMb	VPSHUFLW	1911
7917	VPSHUFLW_YMMu16_MASKmskw_MEMu16_IMM8_AVX512	VPSHUFLW	1911
7918	VPSHUFLW_YMMu16_MASKmskw_YMMu16_IMM8_AVX512	VPSHUFLW	1911
7919	VPSHUFLW_ZMMu16_MASKmskw_MEMu16_IMM8_AVX512	VPSHUFLW	1911
7920	VPSHUFLW_ZMMu16_MASKmskw_ZMMu16_IMM8_AVX512	VPSHUFLW	1911
7921	VPSIGNB_XMMdq_XMMdq_MEMdq	VPSIGNB	1912
7922	VPSIGNB_XMMdq_XMMdq_XMMdq	VPSIGNB	1912
7923	VPSIGNB_YMMqq_YMMqq_MEMqq	VPSIGNB	1912
7924	VPSIGNB_YMMqq_YMMqq_YMMqq	VPSIGNB	1912
7925	VPSIGND_XMMdq_XMMdq_MEMdq	VPSIGND	1913
7926	VPSIGND_XMMdq_XMMdq_XMMdq	VPSIGND	1913
7927	VPSIGND_YMMqq_YMMqq_MEMqq	VPSIGND	1913
7928	VPSIGND_YMMqq_YMMqq_YMMqq	VPSIGND	1913
7929	VPSIGNW_XMMdq_XMMdq_MEMdq	VPSIGNW	1914
7930	VPSIGNW_XMMdq_XMMdq_XMMdq	VPSIGNW	1914
7931	VPSIGNW_YMMqq_YMMqq_MEMqq	VPSIGNW	1914
7932	VPSIGNW_YMMqq_YMMqq_YMMqq	VPSIGNW	1914
7933	VPSLLDQ_XMMdq_XMMdq_IMMb	VPSLLDQ	1064
7934	VPSLLDQ_XMMu8_MEMu8_IMM8_AVX512	VPSLLDQ	1064
7935	VPSLLDQ_XMMu8_XMMu8_IMM8_AVX512	VPSLLDQ	1064
7936	VPSLLDQ_YMMqq_YMMqq_IMMb	VPSLLDQ	1064
7937	VPSLLDQ_YMMu8_MEMu8_IMM8_AVX512	VPSLLDQ	1064
7938	VPSLLDQ_YMMu8_YMMu8_IMM8_AVX512	VPSLLDQ	1064
7939	VPSLLDQ_ZMMu8_MEMu8_IMM8_AVX512	VPSLLDQ	1064
7940	VPSLLDQ_ZMMu8_ZMMu8_IMM8_AVX512	VPSLLDQ	1064
7941	VPSLLD_XMMdq_XMMdq_IMMb	VPSLLD	1057
7942	VPSLLD_XMMdq_XMMdq_MEMdq	VPSLLD	1057
7943	VPSLLD_XMMdq_XMMdq_XMMdq	VPSLLD	1057
7944	VPSLLD_XMMu32_MASKmskw_MEMu32_IMM8_AVX512	VPSLLD	1057
7945	VPSLLD_XMMu32_MASKmskw_XMMu32_IMM8_AVX512	VPSLLD	1057
7946	VPSLLD_XMMu32_MASKmskw_XMMu32_MEMu32_AVX512	VPSLLD	1057
7947	VPSLLD_XMMu32_MASKmskw_XMMu32_XMMu32_AVX512	VPSLLD	1057
7948	VPSLLD_YMMqq_YMMqq_IMMb	VPSLLD	1057
7949	VPSLLD_YMMqq_YMMqq_MEMdq	VPSLLD	1057
7950	VPSLLD_YMMqq_YMMqq_XMMq	VPSLLD	1057
7951	VPSLLD_YMMu32_MASKmskw_MEMu32_IMM8_AVX512	VPSLLD	1057
7952	VPSLLD_YMMu32_MASKmskw_YMMu32_IMM8_AVX512	VPSLLD	1057
7953	VPSLLD_YMMu32_MASKmskw_YMMu32_MEMu32_AVX512	VPSLLD	1057
7954	VPSLLD_YMMu32_MASKmskw_YMMu32_XMMu32_AVX512	VPSLLD	1057
7955	VPSLLD_ZMMu32_MASKmskw_MEMu32_IMM8_AVX512	VPSLLD	1057
7956	VPSLLD_ZMMu32_MASKmskw_ZMMu32_IMM8_AVX512	VPSLLD	1057
7957	VPSLLD_ZMMu32_MASKmskw_ZMMu32_MEMu32_AVX512	VPSLLD	1057
7958	VPSLLD_ZMMu32_MASKmskw_ZMMu32_XMMu32_AVX512	VPSLLD	1057
7959	VPSLLQ_XMMdq_XMMdq_IMMb	VPSLLQ	1063
7960	VPSLLQ_XMMdq_XMMdq_MEMdq	VPSLLQ	1063
7961	VPSLLQ_XMMdq_XMMdq_XMMdq	VPSLLQ	1063
7962	VPSLLQ_XMMu64_MASKmskw_MEMu64_IMM8_AVX512	VPSLLQ	1063
7963	VPSLLQ_XMMu64_MASKmskw_XMMu64_IMM8_AVX512	VPSLLQ	1063
7964	VPSLLQ_XMMu64_MASKmskw_XMMu64_MEMu64_AVX512	VPSLLQ	1063
7965	VPSLLQ_XMMu64_MASKmskw_XMMu64_XMMu64_AVX512	VPSLLQ	1063
7966	VPSLLQ_YMMqq_YMMqq_IMMb	VPSLLQ	1063
7967	VPSLLQ_YMMqq_YMMqq_MEMdq	VPSLLQ	1063
7968	VPSLLQ_YMMqq_YMMqq_XMMq	VPSLLQ	1063
7969	VPSLLQ_YMMu64_MASKmskw_MEMu64_IMM8_AVX512	VPSLLQ	1063
7970	VPSLLQ_YMMu64_MASKmskw_YMMu64_IMM8_AVX512	VPSLLQ	1063
7971	VPSLLQ_YMMu64_MASKmskw_YMMu64_MEMu64_AVX512	VPSLLQ	1063
7972	VPSLLQ_YMMu64_MASKmskw_YMMu64_XMMu64_AVX512	VPSLLQ	1063
7973	VPSLLQ_ZMMu64_MASKmskw_MEMu64_IMM8_AVX512	VPSLLQ	1063
7974	VPSLLQ_ZMMu64_MASKmskw_ZMMu64_IMM8_AVX512	VPSLLQ	1063
7975	VPSLLQ_ZMMu64_MASKmskw_ZMMu64_MEMu64_AVX512	VPSLLQ	1063
7976	VPSLLQ_ZMMu64_MASKmskw_ZMMu64_XMMu64_AVX512	VPSLLQ	1063
7977	VPSLLVD_XMMdq_XMMdq_MEMdq	VPSLLVD	1037
7978	VPSLLVD_XMMdq_XMMdq_XMMdq	VPSLLVD	1037
7979	VPSLLVD_XMMu32_MASKmskw_XMMu32_MEMu32_AVX512	VPSLLVD	1037
7980	VPSLLVD_XMMu32_MASKmskw_XMMu32_XMMu32_AVX512	VPSLLVD	1037
7981	VPSLLVD_YMMqq_YMMqq_MEMqq	VPSLLVD	1037
7982	VPSLLVD_YMMqq_YMMqq_YMMqq	VPSLLVD	1037
7983	VPSLLVD_YMMu32_MASKmskw_YMMu32_MEMu32_AVX512	VPSLLVD	1037
7984	VPSLLVD_YMMu32_MASKmskw_YMMu32_YMMu32_AVX512	VPSLLVD	1037
7985	VPSLLVD_ZMMu32_MASKmskw_ZMMu32_MEMu32_AVX512	VPSLLVD	1037
7986	VPSLLVD_ZMMu32_MASKmskw_ZMMu32_ZMMu32_AVX512	VPSLLVD	1037
7987	VPSLLVQ_XMMdq_XMMdq_MEMdq	VPSLLVQ	1038
7988	VPSLLVQ_XMMdq_XMMdq_XMMdq	VPSLLVQ	1038
7989	VPSLLVQ_XMMu64_MASKmskw_XMMu64_MEMu64_AVX512	VPSLLVQ	1038
7990	VPSLLVQ_XMMu64_MASKmskw_XMMu64_XMMu64_AVX512	VPSLLVQ	1038
7991	VPSLLVQ_YMMqq_YMMqq_MEMqq	VPSLLVQ	1038
7992	VPSLLVQ_YMMqq_YMMqq_YMMqq	VPSLLVQ	1038
7993	VPSLLVQ_YMMu64_MASKmskw_YMMu64_MEMu64_AVX512	VPSLLVQ	1038
7994	VPSLLVQ_YMMu64_MASKmskw_YMMu64_YMMu64_AVX512	VPSLLVQ	1038
7995	VPSLLVQ_ZMMu64_MASKmskw_ZMMu64_MEMu64_AVX512	VPSLLVQ	1038
7996	VPSLLVQ_ZMMu64_MASKmskw_ZMMu64_ZMMu64_AVX512	VPSLLVQ	1038
7997	VPSLLVW_XMMu16_MASKmskw_XMMu16_MEMu16_AVX512	VPSLLVW	1043
7998	VPSLLVW_XMMu16_MASKmskw_XMMu16_XMMu16_AVX512	VPSLLVW	1043
7999	VPSLLVW_YMMu16_MASKmskw_YMMu16_MEMu16_AVX512	VPSLLVW	1043
8000	VPSLLVW_YMMu16_MASKmskw_YMMu16_YMMu16_AVX512	VPSLLVW	1043
8001	VPSLLVW_ZMMu16_MASKmskw_ZMMu16_MEMu16_AVX512	VPSLLVW	1043
8002	VPSLLVW_ZMMu16_MASKmskw_ZMMu16_ZMMu16_AVX512	VPSLLVW	1043
8003	VPSLLW_XMMdq_XMMdq_IMMb	VPSLLW	1060
8004	VPSLLW_XMMdq_XMMdq_MEMdq	VPSLLW	1060
8005	VPSLLW_XMMdq_XMMdq_XMMdq	VPSLLW	1060
8006	VPSLLW_XMMu16_MASKmskw_MEMu16_IMM8_AVX512	VPSLLW	1060
8007	VPSLLW_XMMu16_MASKmskw_XMMu16_IMM8_AVX512	VPSLLW	1060
8008	VPSLLW_XMMu16_MASKmskw_XMMu16_MEMu16_AVX512	VPSLLW	1060
8009	VPSLLW_XMMu16_MASKmskw_XMMu16_XMMu16_AVX512	VPSLLW	1060
8010	VPSLLW_YMMqq_YMMqq_IMMb	VPSLLW	1060
8011	VPSLLW_YMMqq_YMMqq_MEMdq	VPSLLW	1060
8012	VPSLLW_YMMqq_YMMqq_XMMq	VPSLLW	1060
8013	VPSLLW_YMMu16_MASKmskw_MEMu16_IMM8_AVX512	VPSLLW	1060
8014	VPSLLW_YMMu16_MASKmskw_YMMu16_IMM8_AVX512	VPSLLW	1060
8015	VPSLLW_YMMu16_MASKmskw_YMMu16_MEMu16_AVX512	VPSLLW	1060
8016	VPSLLW_YMMu16_MASKmskw_YMMu16_XMMu16_AVX512	VPSLLW	1060
8017	VPSLLW_ZMMu16_MASKmskw_MEMu16_IMM8_AVX512	VPSLLW	1060
8018	VPSLLW_ZMMu16_MASKmskw_ZMMu16_IMM8_AVX512	VPSLLW	1060
8019	VPSLLW_ZMMu16_MASKmskw_ZMMu16_MEMu16_AVX512	VPSLLW	1060
8020	VPSLLW_ZMMu16_MASKmskw_ZMMu16_XMMu16_AVX512	VPSLLW	1060
8021	VPSRAD_XMMdq_XMMdq_IMMb	VPSRAD	1055
8022	VPSRAD_XMMdq_XMMdq_MEMdq	VPSRAD	1055
8023	VPSRAD_XMMdq_XMMdq_XMMdq	VPSRAD	1055
8024	VPSRAD_XMMu32_MASKmskw_MEMu32_IMM8_AVX512	VPSRAD	1055
8025	VPSRAD_XMMu32_MASKmskw_XMMu32_IMM8_AVX512	VPSRAD	1055
8026	VPSRAD_XMMu32_MASKmskw_XMMu32_MEMu32_AVX512	VPSRAD	1055
8027	VPSRAD_XMMu32_MASKmskw_XMMu32_XMMu32_AVX512	VPSRAD	1055
8028	VPSRAD_YMMqq_YMMqq_IMMb	VPSRAD	1055
8029	VPSRAD_YMMqq_YMMqq_MEMdq	VPSRAD	1055
8030	VPSRAD_YMMqq_YMMqq_XMMq	VPSRAD	1055
8031	VPSRAD_YMMu32_MASKmskw_MEMu32_IMM8_AVX512	VPSRAD	1055
8032	VPSRAD_YMMu32_MASKmskw_YMMu32_IMM8_AVX512	VPSRAD	1055
8033	VPSRAD_YMMu32_MASKmskw_YMMu32_MEMu32_AVX512	VPSRAD	1055
8034	VPSRAD_YMMu32_MASKmskw_YMMu32_XMMu32_AVX512	VPSRAD	1055
8035	VPSRAD_ZMMu32_MASKmskw_MEMu32_IMM8_AVX512	VPSRAD	1055
8036	VPSRAD_ZMMu32_MASKmskw_ZMMu32_IMM8_AVX512	VPSRAD	1055
8037	VPSRAD_ZMMu32_MASKmskw_ZMMu32_MEMu32_AVX512	VPSRAD	1055
8038	VPSRAD_ZMMu32_MASKmskw_ZMMu32_XMMu32_AVX512	VPSRAD	1055
8039	VPSRAQ_XMMu64_MASKmskw_MEMu64_IMM8_AVX512	VPSRAQ	1056
8040	VPSRAQ_XMMu64_MASKmskw_XMMu64_IMM8_AVX512	VPSRAQ	1056
8041	VPSRAQ_XMMu64_MASKmskw_XMMu64_MEMu64_AVX512	VPSRAQ	1056
8042	VPSRAQ_XMMu64_MASKmskw_XMMu64_XMMu64_AVX512	VPSRAQ	1056
8043	VPSRAQ_YMMu64_MASKmskw_MEMu64_IMM8_AVX512	VPSRAQ	1056
8044	VPSRAQ_YMMu64_MASKmskw_YMMu64_IMM8_AVX512	VPSRAQ	1056
8045	VPSRAQ_YMMu64_MASKmskw_YMMu64_MEMu64_AVX512	VPSRAQ	1056
8046	VPSRAQ_YMMu64_MASKmskw_YMMu64_XMMu64_AVX512	VPSRAQ	1056
8047	VPSRAQ_ZMMu64_MASKmskw_MEMu64_IMM8_AVX512	VPSRAQ	1056
8048	VPSRAQ_ZMMu64_MASKmskw_ZMMu64_IMM8_AVX512	VPSRAQ	1056
8049	VPSRAQ_ZMMu64_MASKmskw_ZMMu64_MEMu64_AVX512	VPSRAQ	1056
8050	VPSRAQ_ZMMu64_MASKmskw_ZMMu64_XMMu64_AVX512	VPSRAQ	1056
8051	VPSRAVD_XMMdq_XMMdq_MEMdq	VPSRAVD	1041
8052	VPSRAVD_XMMdq_XMMdq_XMMdq	VPSRAVD	1041
8053	VPSRAVD_XMMu32_MASKmskw_XMMu32_MEMu32_AVX512	VPSRAVD	1041
8054	VPSRAVD_XMMu32_MASKmskw_XMMu32_XMMu32_AVX512	VPSRAVD	1041
8055	VPSRAVD_YMMqq_YMMqq_MEMqq	VPSRAVD	1041
8056	VPSRAVD_YMMqq_YMMqq_YMMqq	VPSRAVD	1041
8057	VPSRAVD_YMMu32_MASKmskw_YMMu32_MEMu32_AVX512	VPSRAVD	1041
8058	VPSRAVD_YMMu32_MASKmskw_YMMu32_YMMu32_AVX512	VPSRAVD	1041
8059	VPSRAVD_ZMMu32_MASKmskw_ZMMu32_MEMu32_AVX512	VPSRAVD	1041
8060	VPSRAVD_ZMMu32_MASKmskw_ZMMu32_ZMMu32_AVX512	VPSRAVD	1041
8061	VPSRAVQ_XMMu64_MASKmskw_XMMu64_MEMu64_AVX512	VPSRAVQ	1042
8062	VPSRAVQ_XMMu64_MASKmskw_XMMu64_XMMu64_AVX512	VPSRAVQ	1042
8063	VPSRAVQ_YMMu64_MASKmskw_YMMu64_MEMu64_AVX512	VPSRAVQ	1042
8064	VPSRAVQ_YMMu64_MASKmskw_YMMu64_YMMu64_AVX512	VPSRAVQ	1042
8065	VPSRAVQ_ZMMu64_MASKmskw_ZMMu64_MEMu64_AVX512	VPSRAVQ	1042
8066	VPSRAVQ_ZMMu64_MASKmskw_ZMMu64_ZMMu64_AVX512	VPSRAVQ	1042
8067	VPSRAVW_XMMu16_MASKmskw_XMMu16_MEMu16_AVX512	VPSRAVW	1045
8068	VPSRAVW_XMMu16_MASKmskw_XMMu16_XMMu16_AVX512	VPSRAVW	1045
8069	VPSRAVW_YMMu16_MASKmskw_YMMu16_MEMu16_AVX512	VPSRAVW	1045
8070	VPSRAVW_YMMu16_MASKmskw_YMMu16_YMMu16_AVX512	VPSRAVW	1045
8071	VPSRAVW_ZMMu16_MASKmskw_ZMMu16_MEMu16_AVX512	VPSRAVW	1045
8072	VPSRAVW_ZMMu16_MASKmskw_ZMMu16_ZMMu16_AVX512	VPSRAVW	1045
8073	VPSRAW_XMMdq_XMMdq_IMMb	VPSRAW	1059
8074	VPSRAW_XMMdq_XMMdq_MEMdq	VPSRAW	1059
8075	VPSRAW_XMMdq_XMMdq_XMMdq	VPSRAW	1059
8076	VPSRAW_XMMu16_MASKmskw_MEMu16_IMM8_AVX512	VPSRAW	1059
8077	VPSRAW_XMMu16_MASKmskw_XMMu16_IMM8_AVX512	VPSRAW	1059
8078	VPSRAW_XMMu16_MASKmskw_XMMu16_MEMu16_AVX512	VPSRAW	1059
8079	VPSRAW_XMMu16_MASKmskw_XMMu16_XMMu16_AVX512	VPSRAW	1059
8080	VPSRAW_YMMqq_YMMqq_IMMb	VPSRAW	1059
8081	VPSRAW_YMMqq_YMMqq_MEMdq	VPSRAW	1059
8082	VPSRAW_YMMqq_YMMqq_XMMq	VPSRAW	1059
8083	VPSRAW_YMMu16_MASKmskw_MEMu16_IMM8_AVX512	VPSRAW	1059
8084	VPSRAW_YMMu16_MASKmskw_YMMu16_IMM8_AVX512	VPSRAW	1059
8085	VPSRAW_YMMu16_MASKmskw_YMMu16_MEMu16_AVX512	VPSRAW	1059
8086	VPSRAW_YMMu16_MASKmskw_YMMu16_XMMu16_AVX512	VPSRAW	1059
8087	VPSRAW_ZMMu16_MASKmskw_MEMu16_IMM8_AVX512	VPSRAW	1059
8088	VPSRAW_ZMMu16_MASKmskw_ZMMu16_IMM8_AVX512	VPSRAW	1059
8089	VPSRAW_ZMMu16_MASKmskw_ZMMu16_MEMu16_AVX512	VPSRAW	1059
8090	VPSRAW_ZMMu16_MASKmskw_ZMMu16_XMMu16_AVX512	VPSRAW	1059
8091	VPSRLDQ_XMMdq_XMMdq_IMMb	VPSRLDQ	1062
8092	VPSRLDQ_XMMu8_MEMu8_IMM8_AVX512	VPSRLDQ	1062
8093	VPSRLDQ_XMMu8_XMMu8_IMM8_AVX512	VPSRLDQ	1062
8094	VPSRLDQ_YMMqq_YMMqq_IMMb	VPSRLDQ	1062
8095	VPSRLDQ_YMMu8_MEMu8_IMM8_AVX512	VPSRLDQ	1062
8096	VPSRLDQ_YMMu8_YMMu8_IMM8_AVX512	VPSRLDQ	1062
8097	VPSRLDQ_ZMMu8_MEMu8_IMM8_AVX512	VPSRLDQ	1062
8098	VPSRLDQ_ZMMu8_ZMMu8_IMM8_AVX512	VPSRLDQ	1062
8099	VPSRLD_XMMdq_XMMdq_IMMb	VPSRLD	1054
8100	VPSRLD_XMMdq_XMMdq_MEMdq	VPSRLD	1054
8101	VPSRLD_XMMdq_XMMdq_XMMdq	VPSRLD	1054
8102	VPSRLD_XMMu32_MASKmskw_MEMu32_IMM8_AVX512	VPSRLD	1054
8103	VPSRLD_XMMu32_MASKmskw_XMMu32_IMM8_AVX512	VPSRLD	1054
8104	VPSRLD_XMMu32_MASKmskw_XMMu32_MEMu32_AVX512	VPSRLD	1054
8105	VPSRLD_XMMu32_MASKmskw_XMMu32_XMMu32_AVX512	VPSRLD	1054
8106	VPSRLD_YMMqq_YMMqq_IMMb	VPSRLD	1054
8107	VPSRLD_YMMqq_YMMqq_MEMdq	VPSRLD	1054
8108	VPSRLD_YMMqq_YMMqq_XMMq	VPSRLD	1054
8109	VPSRLD_YMMu32_MASKmskw_MEMu32_IMM8_AVX512	VPSRLD	1054
8110	VPSRLD_YMMu32_MASKmskw_YMMu32_IMM8_AVX512	VPSRLD	1054
8111	VPSRLD_YMMu32_MASKmskw_YMMu32_MEMu32_AVX512	VPSRLD	1054
8112	VPSRLD_YMMu32_MASKmskw_YMMu32_XMMu32_AVX512	VPSRLD	1054
8113	VPSRLD_ZMMu32_MASKmskw_MEMu32_IMM8_AVX512	VPSRLD	1054
8114	VPSRLD_ZMMu32_MASKmskw_ZMMu32_IMM8_AVX512	VPSRLD	1054
8115	VPSRLD_ZMMu32_MASKmskw_ZMMu32_MEMu32_AVX512	VPSRLD	1054
8116	VPSRLD_ZMMu32_MASKmskw_ZMMu32_XMMu32_AVX512	VPSRLD	1054
8117	VPSRLQ_XMMdq_XMMdq_IMMb	VPSRLQ	1061
8118	VPSRLQ_XMMdq_XMMdq_MEMdq	VPSRLQ	1061
8119	VPSRLQ_XMMdq_XMMdq_XMMdq	VPSRLQ	1061
8120	VPSRLQ_XMMu64_MASKmskw_MEMu64_IMM8_AVX512	VPSRLQ	1061
8121	VPSRLQ_XMMu64_MASKmskw_XMMu64_IMM8_AVX512	VPSRLQ	1061
8122	VPSRLQ_XMMu64_MASKmskw_XMMu64_MEMu64_AVX512	VPSRLQ	1061
8123	VPSRLQ_XMMu64_MASKmskw_XMMu64_XMMu64_AVX512	VPSRLQ	1061
8124	VPSRLQ_YMMqq_YMMqq_IMMb	VPSRLQ	1061
8125	VPSRLQ_YMMqq_YMMqq_MEMdq	VPSRLQ	1061
8126	VPSRLQ_YMMqq_YMMqq_XMMq	VPSRLQ	1061
8127	VPSRLQ_YMMu64_MASKmskw_MEMu64_IMM8_AVX512	VPSRLQ	1061
8128	VPSRLQ_YMMu64_MASKmskw_YMMu64_IMM8_AVX512	VPSRLQ	1061
8129	VPSRLQ_YMMu64_MASKmskw_YMMu64_MEMu64_AVX512	VPSRLQ	1061
8130	VPSRLQ_YMMu64_MASKmskw_YMMu64_XMMu64_AVX512	VPSRLQ	1061
8131	VPSRLQ_ZMMu64_MASKmskw_MEMu64_IMM8_AVX512	VPSRLQ	1061
8132	VPSRLQ_ZMMu64_MASKmskw_ZMMu64_IMM8_AVX512	VPSRLQ	1061
8133	VPSRLQ_ZMMu64_MASKmskw_ZMMu64_MEMu64_AVX512	VPSRLQ	1061
8134	VPSRLQ_ZMMu64_MASKmskw_ZMMu64_XMMu64_AVX512	VPSRLQ	1061
8135	VPSRLVD_XMMdq_XMMdq_MEMdq	VPSRLVD	1039
8136	VPSRLVD_XMMdq_XMMdq_XMMdq	VPSRLVD	1039
8137	VPSRLVD_XMMu32_MASKmskw_XMMu32_MEMu32_AVX512	VPSRLVD	1039
8138	VPSRLVD_XMMu32_MASKmskw_XMMu32_XMMu32_AVX512	VPSRLVD	1039
8139	VPSRLVD_YMMqq_YMMqq_MEMqq	VPSRLVD	1039
8140	VPSRLVD_YMMqq_YMMqq_YMMqq	VPSRLVD	1039
8141	VPSRLVD_YMMu32_MASKmskw_YMMu32_MEMu32_AVX512	VPSRLVD	1039
8142	VPSRLVD_YMMu32_MASKmskw_YMMu32_YMMu32_AVX512	VPSRLVD	1039
8143	VPSRLVD_ZMMu32_MASKmskw_ZMMu32_MEMu32_AVX512	VPSRLVD	1039
8144	VPSRLVD_ZMMu32_MASKmskw_ZMMu32_ZMMu32_AVX512	VPSRLVD	1039
8145	VPSRLVQ_XMMdq_XMMdq_MEMdq	VPSRLVQ	1040
8146	VPSRLVQ_XMMdq_XMMdq_XMMdq	VPSRLVQ	1040
8147	VPSRLVQ_XMMu64_MASKmskw_XMMu64_MEMu64_AVX512	VPSRLVQ	1040
8148	VPSRLVQ_XMMu64_MASKmskw_XMMu64_XMMu64_AVX512	VPSRLVQ	1040
8149	VPSRLVQ_YMMqq_YMMqq_MEMqq	VPSRLVQ	1040
8150	VPSRLVQ_YMMqq_YMMqq_YMMqq	VPSRLVQ	1040
8151	VPSRLVQ_YMMu64_MASKmskw_YMMu64_MEMu64_AVX512	VPSRLVQ	1040
8152	VPSRLVQ_YMMu64_MASKmskw_YMMu64_YMMu64_AVX512	VPSRLVQ	1040
8153	VPSRLVQ_ZMMu64_MASKmskw_ZMMu64_MEMu64_AVX512	VPSRLVQ	1040
8154	VPSRLVQ_ZMMu64_MASKmskw_ZMMu64_ZMMu64_AVX512	VPSRLVQ	1040
8155	VPSRLVW_XMMu16_MASKmskw_XMMu16_MEMu16_AVX512	VPSRLVW	1044
8156	VPSRLVW_XMMu16_MASKmskw_XMMu16_XMMu16_AVX512	VPSRLVW	1044
8157	VPSRLVW_YMMu16_MASKmskw_YMMu16_MEMu16_AVX512	VPSRLVW	1044
8158	VPSRLVW_YMMu16_MASKmskw_YMMu16_YMMu16_AVX512	VPSRLVW	1044
8159	VPSRLVW_ZMMu16_MASKmskw_ZMMu16_MEMu16_AVX512	VPSRLVW	1044
8160	VPSRLVW_ZMMu16_MASKmskw_ZMMu16_ZMMu16_AVX512	VPSRLVW	1044
8161	VPSRLW_XMMdq_XMMdq_IMMb	VPSRLW	1058
8162	VPSRLW_XMMdq_XMMdq_MEMdq	VPSRLW	1058
8163	VPSRLW_XMMdq_XMMdq_XMMdq	VPSRLW	1058
8164	VPSRLW_XMMu16_MASKmskw_MEMu16_IMM8_AVX512	VPSRLW	1058
8165	VPSRLW_XMMu16_MASKmskw_XMMu16_IMM8_AVX512	VPSRLW	1058
8166	VPSRLW_XMMu16_MASKmskw_XMMu16_MEMu16_AVX512	VPSRLW	1058
8167	VPSRLW_XMMu16_MASKmskw_XMMu16_XMMu16_AVX512	VPSRLW	1058
8168	VPSRLW_YMMqq_YMMqq_IMMb	VPSRLW	1058
8169	VPSRLW_YMMqq_YMMqq_MEMdq	VPSRLW	1058
8170	VPSRLW_YMMqq_YMMqq_XMMq	VPSRLW	1058
8171	VPSRLW_YMMu16_MASKmskw_MEMu16_IMM8_AVX512	VPSRLW	1058
8172	VPSRLW_YMMu16_MASKmskw_YMMu16_IMM8_AVX512	VPSRLW	1058
8173	VPSRLW_YMMu16_MASKmskw_YMMu16_MEMu16_AVX512	VPSRLW	1058
8174	VPSRLW_YMMu16_MASKmskw_YMMu16_XMMu16_AVX512	VPSRLW	1058
8175	VPSRLW_ZMMu16_MASKmskw_MEMu16_IMM8_AVX512	VPSRLW	1058
8176	VPSRLW_ZMMu16_MASKmskw_ZMMu16_IMM8_AVX512	VPSRLW	1058
8177	VPSRLW_ZMMu16_MASKmskw_ZMMu16_MEMu16_AVX512	VPSRLW	1058
8178	VPSRLW_ZMMu16_MASKmskw_ZMMu16_XMMu16_AVX512	VPSRLW	1058
8179	VPSUBB_XMMdq_XMMdq_MEMdq	VPSUBB	646
8180	VPSUBB_XMMdq_XMMdq_XMMdq	VPSUBB	646
8181	VPSUBB_XMMu8_MASKmskw_XMMu8_MEMu8_AVX512	VPSUBB	646
8182	VPSUBB_XMMu8_MASKmskw_XMMu8_XMMu8_AVX512	VPSUBB	646
8183	VPSUBB_YMMqq_YMMqq_MEMqq	VPSUBB	646
8184	VPSUBB_YMMqq_YMMqq_YMMqq	VPSUBB	646
8185	VPSUBB_YMMu8_MASKmskw_YMMu8_MEMu8_AVX512	VPSUBB	646
8186	VPSUBB_YMMu8_MASKmskw_YMMu8_YMMu8_AVX512	VPSUBB	646
8187	VPSUBB_ZMMu8_MASKmskw_ZMMu8_MEMu8_AVX512	VPSUBB	646
8188	VPSUBB_ZMMu8_MASKmskw_ZMMu8_ZMMu8_AVX512	VPSUBB	646
8189	VPSUBD_XMMdq_XMMdq_MEMdq	VPSUBD	648
8190	VPSUBD_XMMdq_XMMdq_XMMdq	VPSUBD	648
8191	VPSUBD_XMMu32_MASKmskw_XMMu32_MEMu32_AVX512	VPSUBD	648
8192	VPSUBD_XMMu32_MASKmskw_XMMu32_XMMu32_AVX512	VPSUBD	648
8193	VPSUBD_YMMqq_YMMqq_MEMqq	VPSUBD	648
8194	VPSUBD_YMMqq_YMMqq_YMMqq	VPSUBD	648
8195	VPSUBD_YMMu32_MASKmskw_YMMu32_MEMu32_AVX512	VPSUBD	648
8196	VPSUBD_YMMu32_MASKmskw_YMMu32_YMMu32_AVX512	VPSUBD	648
8197	VPSUBD_ZMMu32_MASKmskw_ZMMu32_MEMu32_AVX512	VPSUBD	648
8198	VPSUBD_ZMMu32_MASKmskw_ZMMu32_ZMMu32_AVX512	VPSUBD	648
8199	VPSUBQ_XMMdq_XMMdq_MEMdq	VPSUBQ	649
8200	VPSUBQ_XMMdq_XMMdq_XMMdq	VPSUBQ	649
8201	VPSUBQ_XMMu64_MASKmskw_XMMu64_MEMu64_AVX512	VPSUBQ	649
8202	VPSUBQ_XMMu64_MASKmskw_XMMu64_XMMu64_AVX512	VPSUBQ	649
8203	VPSUBQ_YMMqq_YMMqq_MEMqq	VPSUBQ	649
8204	VPSUBQ_YMMqq_YMMqq_YMMqq	VPSUBQ	649
8205	VPSUBQ_YMMu64_MASKmskw_YMMu64_MEMu64_AVX512	VPSUBQ	649
8206	VPSUBQ_YMMu64_MASKmskw_YMMu64_YMMu64_AVX512	VPSUBQ	649
8207	VPSUBQ_ZMMu64_MASKmskw_ZMMu64_MEMu64_AVX512	VPSUBQ	649
8208	VPSUBQ_ZMMu64_MASKmskw_ZMMu64_ZMMu64_AVX512	VPSUBQ	649
8209	VPSUBSB_XMMdq_XMMdq_MEMdq	VPSUBSB	1025
8210	VPSUBSB_XMMdq_XMMdq_XMMdq	VPSUBSB	1025
8211	VPSUBSB_XMMi8_MASKmskw_XMMi8_MEMi8_AVX512	VPSUBSB	1025
8212	VPSUBSB_XMMi8_MASKmskw_XMMi8_XMMi8_AVX512	VPSUBSB	1025
8213	VPSUBSB_YMMi8_MASKmskw_YMMi8_MEMi8_AVX512	VPSUBSB	1025
8214	VPSUBSB_YMMi8_MASKmskw_YMMi8_YMMi8_AVX512	VPSUBSB	1025
8215	VPSUBSB_YMMqq_YMMqq_MEMqq	VPSUBSB	1025
8216	VPSUBSB_YMMqq_YMMqq_YMMqq	VPSUBSB	1025
8217	VPSUBSB_ZMMi8_MASKmskw_ZMMi8_MEMi8_AVX512	VPSUBSB	1025
8218	VPSUBSB_ZMMi8_MASKmskw_ZMMi8_ZMMi8_AVX512	VPSUBSB	1025
8219	VPSUBSW_XMMdq_XMMdq_MEMdq	VPSUBSW	1026
8220	VPSUBSW_XMMdq_XMMdq_XMMdq	VPSUBSW	1026
8221	VPSUBSW_XMMi16_MASKmskw_XMMi16_MEMi16_AVX512	VPSUBSW	1026
8222	VPSUBSW_XMMi16_MASKmskw_XMMi16_XMMi16_AVX512	VPSUBSW	1026
8223	VPSUBSW_YMMi16_MASKmskw_YMMi16_MEMi16_AVX512	VPSUBSW	1026
8224	VPSUBSW_YMMi16_MASKmskw_YMMi16_YMMi16_AVX512	VPSUBSW	1026
8225	VPSUBSW_YMMqq_YMMqq_MEMqq	VPSUBSW	1026
8226	VPSUBSW_YMMqq_YMMqq_YMMqq	VPSUBSW	1026
8227	VPSUBSW_ZMMi16_MASKmskw_ZMMi16_MEMi16_AVX512	VPSUBSW	1026
8228	VPSUBSW_ZMMi16_MASKmskw_ZMMi16_ZMMi16_AVX512	VPSUBSW	1026
8229	VPSUBUSB_XMMdq_XMMdq_MEMdq	VPSUBUSB	1027
8230	VPSUBUSB_XMMdq_XMMdq_XMMdq	VPSUBUSB	1027
8231	VPSUBUSB_XMMu8_MASKmskw_XMMu8_MEMu8_AVX512	VPSUBUSB	1027
8232	VPSUBUSB_XMMu8_MASKmskw_XMMu8_XMMu8_AVX512	VPSUBUSB	1027
8233	VPSUBUSB_YMMqq_YMMqq_MEMqq	VPSUBUSB	1027
8234	VPSUBUSB_YMMqq_YMMqq_YMMqq	VPSUBUSB	1027
8235	VPSUBUSB_YMMu8_MASKmskw_YMMu8_MEMu8_AVX512	VPSUBUSB	1027
8236	VPSUBUSB_YMMu8_MASKmskw_YMMu8_YMMu8_AVX512	VPSUBUSB	1027
8237	VPSUBUSB_ZMMu8_MASKmskw_ZMMu8_MEMu8_AVX512	VPSUBUSB	1027
8238	VPSUBUSB_ZMMu8_MASKmskw_ZMMu8_ZMMu8_AVX512	VPSUBUSB	1027
8239	VPSUBUSW_XMMdq_XMMdq_MEMdq	VPSUBUSW	1028
8240	VPSUBUSW_XMMdq_XMMdq_XMMdq	VPSUBUSW	1028
8241	VPSUBUSW_XMMu16_MASKmskw_XMMu16_MEMu16_AVX512	VPSUBUSW	1028
8242	VPSUBUSW_XMMu16_MASKmskw_XMMu16_XMMu16_AVX512	VPSUBUSW	1028
8243	VPSUBUSW_YMMqq_YMMqq_MEMqq	VPSUBUSW	1028
8244	VPSUBUSW_YMMqq_YMMqq_YMMqq	VPSUBUSW	1028
8245	VPSUBUSW_YMMu16_MASKmskw_YMMu16_MEMu16_AVX512	VPSUBUSW	1028
8246	VPSUBUSW_YMMu16_MASKmskw_YMMu16_YMMu16_AVX512	VPSUBUSW	1028
8247	VPSUBUSW_ZMMu16_MASKmskw_ZMMu16_MEMu16_AVX512	VPSUBUSW	1028
8248	VPSUBUSW_ZMMu16_MASKmskw_ZMMu16_ZMMu16_AVX512	VPSUBUSW	1028
8249	VPSUBW_XMMdq_XMMdq_MEMdq	VPSUBW	647
8250	VPSUBW_XMMdq_XMMdq_XMMdq	VPSUBW	647
8251	VPSUBW_XMMu16_MASKmskw_XMMu16_MEMu16_AVX512	VPSUBW	647
8252	VPSUBW_XMMu16_MASKmskw_XMMu16_XMMu16_AVX512	VPSUBW	647
8253	VPSUBW_YMMqq_YMMqq_MEMqq	VPSUBW	647
8254	VPSUBW_YMMqq_YMMqq_YMMqq	VPSUBW	647
8255	VPSUBW_YMMu16_MASKmskw_YMMu16_MEMu16_AVX512	VPSUBW	647
8256	VPSUBW_YMMu16_MASKmskw_YMMu16_YMMu16_AVX512	VPSUBW	647
8257	VPSUBW_ZMMu16_MASKmskw_ZMMu16_MEMu16_AVX512	VPSUBW	647
8258	VPSUBW_ZMMu16_MASKmskw_ZMMu16_ZMMu16_AVX512	VPSUBW	647
8259	VPTERNLOGD_XMMu32_MASKmskw_XMMu32_MEMu32_IMM8_AVX512	VPTERNLOGD	1915
8260	VPTERNLOGD_XMMu32_MASKmskw_XMMu32_XMMu32_IMM8_AVX512	VPTERNLOGD	1915
8261	VPTERNLOGD_YMMu32_MASKmskw_YMMu32_MEMu32_IMM8_AVX512	VPTERNLOGD	1915
8262	VPTERNLOGD_YMMu32_MASKmskw_YMMu32_YMMu32_IMM8_AVX512	VPTERNLOGD	1915
8263	VPTERNLOGD_ZMMu32_MASKmskw_ZMMu32_MEMu32_IMM8_AVX512	VPTERNLOGD	1915
8264	VPTERNLOGD_ZMMu32_MASKmskw_ZMMu32_ZMMu32_IMM8_AVX512	VPTERNLOGD	1915
8265	VPTERNLOGQ_XMMu64_MASKmskw_XMMu64_MEMu64_IMM8_AVX512	VPTERNLOGQ	1916
8266	VPTERNLOGQ_XMMu64_MASKmskw_XMMu64_XMMu64_IMM8_AVX512	VPTERNLOGQ	1916
8267	VPTERNLOGQ_YMMu64_MASKmskw_YMMu64_MEMu64_IMM8_AVX512	VPTERNLOGQ	1916
8268	VPTERNLOGQ_YMMu64_MASKmskw_YMMu64_YMMu64_IMM8_AVX512	VPTERNLOGQ	1916
8269	VPTERNLOGQ_ZMMu64_MASKmskw_ZMMu64_MEMu64_IMM8_AVX512	VPTERNLOGQ	1916
8270	VPTERNLOGQ_ZMMu64_MASKmskw_ZMMu64_ZMMu64_IMM8_AVX512	VPTERNLOGQ	1916
8271	VPTESTMB_MASKmskw_MASKmskw_XMMu8_MEMu8_AVX512	VPTESTMB	1918
8272	VPTESTMB_MASKmskw_MASKmskw_XMMu8_XMMu8_AVX512	VPTESTMB	1918
8273	VPTESTMB_MASKmskw_MASKmskw_YMMu8_MEMu8_AVX512	VPTESTMB	1918
8274	VPTESTMB_MASKmskw_MASKmskw_YMMu8_YMMu8_AVX512	VPTESTMB	1918
8275	VPTESTMB_MASKmskw_MASKmskw_ZMMu8_MEMu8_AVX512	VPTESTMB	1918
8276	VPTESTMB_MASKmskw_MASKmskw_ZMMu8_ZMMu8_AVX512	VPTESTMB	1918
8277	VPTESTMD_MASKmskw_MASKmskw_XMMu32_MEMu32_AVX512	VPTESTMD	1919
8278	VPTESTMD_MASKmskw_MASKmskw_XMMu32_XMMu32_AVX512	VPTESTMD	1919
8279	VPTESTMD_MASKmskw_MASKmskw_YMMu32_MEMu32_AVX512	VPTESTMD	1919
8280	VPTESTMD_MASKmskw_MASKmskw_YMMu32_YMMu32_AVX512	VPTESTMD	1919
8281	VPTESTMD_MASKmskw_MASKmskw_ZMMu32_MEMu32_AVX512	VPTESTMD	1919
8282	VPTESTMD_MASKmskw_MASKmskw_ZMMu32_ZMMu32_AVX512	VPTESTMD	1919
8283	VPTESTMQ_MASKmskw_MASKmskw_XMMu64_MEMu64_AVX512	VPTESTMQ	1920
8284	VPTESTMQ_MASKmskw_MASKmskw_XMMu64_XMMu64_AVX512	VPTESTMQ	1920
8285	VPTESTMQ_MASKmskw_MASKmskw_YMMu64_MEMu64_AVX512	VPTESTMQ	1920
8286	VPTESTMQ_MASKmskw_MASKmskw_YMMu64_YMMu64_AVX512	VPTESTMQ	1920
8287	VPTESTMQ_MASKmskw_MASKmskw_ZMMu64_MEMu64_AVX512	VPTESTMQ	1920
8288	VPTESTMQ_MASKmskw_MASKmskw_ZMMu64_ZMMu64_AVX512	VPTESTMQ	1920
8289	VPTESTMW_MASKmskw_MASKmskw_XMMu16_MEMu16_AVX512	VPTESTMW	1921
8290	VPTESTMW_MASKmskw_MASKmskw_XMMu16_XMMu16_AVX512	VPTESTMW	1921
8291	VPTESTMW_MASKmskw_MASKmskw_YMMu16_MEMu16_AVX512	VPTESTMW	1921
8292	VPTESTMW_MASKmskw_MASKmskw_YMMu16_YMMu16_AVX512	VPTESTMW	1921
8293	VPTESTMW_MASKmskw_MASKmskw_ZMMu16_MEMu16_AVX512	VPTESTMW	1921
8294	VPTESTMW_MASKmskw_MASKmskw_ZMMu16_ZMMu16_AVX512	VPTESTMW	1921
8295	VPTESTNMB_MASKmskw_MASKmskw_XMMu8_MEMu8_AVX512	VPTESTNMB	1922
8296	VPTESTNMB_MASKmskw_MASKmskw_XMMu8_XMMu8_AVX512	VPTESTNMB	1922
8297	VPTESTNMB_MASKmskw_MASKmskw_YMMu8_MEMu8_AVX512	VPTESTNMB	1922
8298	VPTESTNMB_MASKmskw_MASKmskw_YMMu8_YMMu8_AVX512	VPTESTNMB	1922
8299	VPTESTNMB_MASKmskw_MASKmskw_ZMMu8_MEMu8_AVX512	VPTESTNMB	1922
8300	VPTESTNMB_MASKmskw_MASKmskw_ZMMu8_ZMMu8_AVX512	VPTESTNMB	1922
8301	VPTESTNMD_MASKmskw_MASKmskw_XMMu32_MEMu32_AVX512	VPTESTNMD	1923
8302	VPTESTNMD_MASKmskw_MASKmskw_XMMu32_XMMu32_AVX512	VPTESTNMD	1923
8303	VPTESTNMD_MASKmskw_MASKmskw_YMMu32_MEMu32_AVX512	VPTESTNMD	1923
8304	VPTESTNMD_MASKmskw_MASKmskw_YMMu32_YMMu32_AVX512	VPTESTNMD	1923
8305	VPTESTNMD_MASKmskw_MASKmskw_ZMMu32_MEMu32_AVX512	VPTESTNMD	1923
8306	VPTESTNMD_MASKmskw_MASKmskw_ZMMu32_ZMMu32_AVX512	VPTESTNMD	1923
8307	VPTESTNMQ_MASKmskw_MASKmskw_XMMu64_MEMu64_AVX512	VPTESTNMQ	1924
8308	VPTESTNMQ_MASKmskw_MASKmskw_XMMu64_XMMu64_AVX512	VPTESTNMQ	1924
8309	VPTESTNMQ_MASKmskw_MASKmskw_YMMu64_MEMu64_AVX512	VPTESTNMQ	1924
8310	VPTESTNMQ_MASKmskw_MASKmskw_YMMu64_YMMu64_AVX512	VPTESTNMQ	1924
8311	VPTESTNMQ_MASKmskw_MASKmskw_ZMMu64_MEMu64_AVX512	VPTESTNMQ	1924
8312	VPTESTNMQ_MASKmskw_MASKmskw_ZMMu64_ZMMu64_AVX512	VPTESTNMQ	1924
8313	VPTESTNMW_MASKmskw_MASKmskw_XMMu16_MEMu16_AVX512	VPTESTNMW	1925
8314	VPTESTNMW_MASKmskw_MASKmskw_XMMu16_XMMu16_AVX512	VPTESTNMW	1925
8315	VPTESTNMW_MASKmskw_MASKmskw_YMMu16_MEMu16_AVX512	VPTESTNMW	1925
8316	VPTESTNMW_MASKmskw_MASKmskw_YMMu16_YMMu16_AVX512	VPTESTNMW	1925
8317	VPTESTNMW_MASKmskw_MASKmskw_ZMMu16_MEMu16_AVX512	VPTESTNMW	1925
8318	VPTESTNMW_MASKmskw_MASKmskw_ZMMu16_ZMMu16_AVX512	VPTESTNMW	1925
8319	VPTEST_XMMdq_MEMdq	VPTEST	1917
8320	VPTEST_XMMdq_XMMdq	VPTEST	1917
8321	VPTEST_YMMqq_MEMqq	VPTEST	1917
8322	VPTEST_YMMqq_YMMqq	VPTEST	1917
8323	VPUNPCKHBW_XMMdq_XMMdq_MEMdq	VPUNPCKHBW	1926
8324	VPUNPCKHBW_XMMdq_XMMdq_XMMdq	VPUNPCKHBW	1926
8325	VPUNPCKHBW_XMMu8_MASKmskw_XMMu8_MEMu8_AVX512	VPUNPCKHBW	1926
8326	VPUNPCKHBW_XMMu8_MASKmskw_XMMu8_XMMu8_AVX512	VPUNPCKHBW	1926
8327	VPUNPCKHBW_YMMqq_YMMqq_MEMqq	VPUNPCKHBW	1926
8328	VPUNPCKHBW_YMMqq_YMMqq_YMMqq	VPUNPCKHBW	1926
8329	VPUNPCKHBW_YMMu8_MASKmskw_YMMu8_MEMu8_AVX512	VPUNPCKHBW	1926
8330	VPUNPCKHBW_YMMu8_MASKmskw_YMMu8_YMMu8_AVX512	VPUNPCKHBW	1926
8331	VPUNPCKHBW_ZMMu8_MASKmskw_ZMMu8_MEMu8_AVX512	VPUNPCKHBW	1926
8332	VPUNPCKHBW_ZMMu8_MASKmskw_ZMMu8_ZMMu8_AVX512	VPUNPCKHBW	1926
8333	VPUNPCKHDQ_XMMdq_XMMdq_MEMdq	VPUNPCKHDQ	1927
8334	VPUNPCKHDQ_XMMdq_XMMdq_XMMdq	VPUNPCKHDQ	1927
8335	VPUNPCKHDQ_XMMu32_MASKmskw_XMMu32_MEMu32_AVX512	VPUNPCKHDQ	1927
8336	VPUNPCKHDQ_XMMu32_MASKmskw_XMMu32_XMMu32_AVX512	VPUNPCKHDQ	1927
8337	VPUNPCKHDQ_YMMqq_YMMqq_MEMqq	VPUNPCKHDQ	1927
8338	VPUNPCKHDQ_YMMqq_YMMqq_YMMqq	VPUNPCKHDQ	1927
8339	VPUNPCKHDQ_YMMu32_MASKmskw_YMMu32_MEMu32_AVX512	VPUNPCKHDQ	1927
8340	VPUNPCKHDQ_YMMu32_MASKmskw_YMMu32_YMMu32_AVX512	VPUNPCKHDQ	1927
8341	VPUNPCKHDQ_ZMMu32_MASKmskw_ZMMu32_MEMu32_AVX512	VPUNPCKHDQ	1927
8342	VPUNPCKHDQ_ZMMu32_MASKmskw_ZMMu32_ZMMu32_AVX512	VPUNPCKHDQ	1927
8343	VPUNPCKHQDQ_XMMdq_XMMdq_MEMdq	VPUNPCKHQDQ	1928
8344	VPUNPCKHQDQ_XMMdq_XMMdq_XMMdq	VPUNPCKHQDQ	1928
8345	VPUNPCKHQDQ_XMMu64_MASKmskw_XMMu64_MEMu64_AVX512	VPUNPCKHQDQ	1928
8346	VPUNPCKHQDQ_XMMu64_MASKmskw_XMMu64_XMMu64_AVX512	VPUNPCKHQDQ	1928
8347	VPUNPCKHQDQ_YMMqq_YMMqq_MEMqq	VPUNPCKHQDQ	1928
8348	VPUNPCKHQDQ_YMMqq_YMMqq_YMMqq	VPUNPCKHQDQ	1928
8349	VPUNPCKHQDQ_YMMu64_MASKmskw_YMMu64_MEMu64_AVX512	VPUNPCKHQDQ	1928
8350	VPUNPCKHQDQ_YMMu64_MASKmskw_YMMu64_YMMu64_AVX512	VPUNPCKHQDQ	1928
8351	VPUNPCKHQDQ_ZMMu64_MASKmskw_ZMMu64_MEMu64_AVX512	VPUNPCKHQDQ	1928
8352	VPUNPCKHQDQ_ZMMu64_MASKmskw_ZMMu64_ZMMu64_AVX512	VPUNPCKHQDQ	1928
8353	VPUNPCKHWD_XMMdq_XMMdq_MEMdq	VPUNPCKHWD	1929
8354	VPUNPCKHWD_XMMdq_XMMdq_XMMdq	VPUNPCKHWD	1929
8355	VPUNPCKHWD_XMMu16_MASKmskw_XMMu16_MEMu16_AVX512	VPUNPCKHWD	1929
8356	VPUNPCKHWD_XMMu16_MASKmskw_XMMu16_XMMu16_AVX512	VPUNPCKHWD	1929
8357	VPUNPCKHWD_YMMqq_YMMqq_MEMqq	VPUNPCKHWD	1929
8358	VPUNPCKHWD_YMMqq_YMMqq_YMMqq	VPUNPCKHWD	1929
8359	VPUNPCKHWD_YMMu16_MASKmskw_YMMu16_MEMu16_AVX512	VPUNPCKHWD	1929
8360	VPUNPCKHWD_YMMu16_MASKmskw_YMMu16_YMMu16_AVX512	VPUNPCKHWD	1929
8361	VPUNPCKHWD_ZMMu16_MASKmskw_ZMMu16_MEMu16_AVX512	VPUNPCKHWD	1929
8362	VPUNPCKHWD_ZMMu16_MASKmskw_ZMMu16_ZMMu16_AVX512	VPUNPCKHWD	1929
8363	VPUNPCKLBW_XMMdq_XMMdq_MEMdq	VPUNPCKLBW	1930
8364	VPUNPCKLBW_XMMdq_XMMdq_XMMdq	VPUNPCKLBW	1930
8365	VPUNPCKLBW_XMMu8_MASKmskw_XMMu8_MEMu8_AVX512	VPUNPCKLBW	1930
8366	VPUNPCKLBW_XMMu8_MASKmskw_XMMu8_XMMu8_AVX512	VPUNPCKLBW	1930
8367	VPUNPCKLBW_YMMqq_YMMqq_MEMqq	VPUNPCKLBW	1930
8368	VPUNPCKLBW_YMMqq_YMMqq_YMMqq	VPUNPCKLBW	1930
8369	VPUNPCKLBW_YMMu8_MASKmskw_YMMu8_MEMu8_AVX512	VPUNPCKLBW	1930
8370	VPUNPCKLBW_YMMu8_MASKmskw_YMMu8_YMMu8_AVX512	VPUNPCKLBW	1930
8371	VPUNPCKLBW_ZMMu8_MASKmskw_ZMMu8_MEMu8_AVX512	VPUNPCKLBW	1930
8372	VPUNPCKLBW_ZMMu8_MASKmskw_ZMMu8_ZMMu8_AVX512	VPUNPCKLBW	1930
8373	VPUNPCKLDQ_XMMdq_XMMdq_MEMdq	VPUNPCKLDQ	1931
8374	VPUNPCKLDQ_XMMdq_XMMdq_XMMdq	VPUNPCKLDQ	1931
8375	VPUNPCKLDQ_XMMu32_MASKmskw_XMMu32_MEMu32_AVX512	VPUNPCKLDQ	1931
8376	VPUNPCKLDQ_XMMu32_MASKmskw_XMMu32_XMMu32_AVX512	VPUNPCKLDQ	1931
8377	VPUNPCKLDQ_YMMqq_YMMqq_MEMqq	VPUNPCKLDQ	1931
8378	VPUNPCKLDQ_YMMqq_YMMqq_YMMqq	VPUNPCKLDQ	1931
8379	VPUNPCKLDQ_YMMu32_MASKmskw_YMMu32_MEMu32_AVX512	VPUNPCKLDQ	1931
8380	VPUNPCKLDQ_YMMu32_MASKmskw_YMMu32_YMMu32_AVX512	VPUNPCKLDQ	1931
8381	VPUNPCKLDQ_ZMMu32_MASKmskw_ZMMu32_MEMu32_AVX512	VPUNPCKLDQ	1931
8382	VPUNPCKLDQ_ZMMu32_MASKmskw_ZMMu32_ZMMu32_AVX512	VPUNPCKLDQ	1931
8383	VPUNPCKLQDQ_XMMdq_XMMdq_MEMdq	VPUNPCKLQDQ	1932
8384	VPUNPCKLQDQ_XMMdq_XMMdq_XMMdq	VPUNPCKLQDQ	1932
8385	VPUNPCKLQDQ_XMMu64_MASKmskw_XMMu64_MEMu64_AVX512	VPUNPCKLQDQ	1932
8386	VPUNPCKLQDQ_XMMu64_MASKmskw_XMMu64_XMMu64_AVX512	VPUNPCKLQDQ	1932
8387	VPUNPCKLQDQ_YMMqq_YMMqq_MEMqq	VPUNPCKLQDQ	1932
8388	VPUNPCKLQDQ_YMMqq_YMMqq_YMMqq	VPUNPCKLQDQ	1932
8389	VPUNPCKLQDQ_YMMu64_MASKmskw_YMMu64_MEMu64_AVX512	VPUNPCKLQDQ	1932
8390	VPUNPCKLQDQ_YMMu64_MASKmskw_YMMu64_YMMu64_AVX512	VPUNPCKLQDQ	1932
8391	VPUNPCKLQDQ_ZMMu64_MASKmskw_ZMMu64_MEMu64_AVX512	VPUNPCKLQDQ	1932
8392	VPUNPCKLQDQ_ZMMu64_MASKmskw_ZMMu64_ZMMu64_AVX512	VPUNPCKLQDQ	1932
8393	VPUNPCKLWD_XMMdq_XMMdq_MEMdq	VPUNPCKLWD	1933
8394	VPUNPCKLWD_XMMdq_XMMdq_XMMdq	VPUNPCKLWD	1933
8395	VPUNPCKLWD_XMMu16_MASKmskw_XMMu16_MEMu16_AVX512	VPUNPCKLWD	1933
8396	VPUNPCKLWD_XMMu16_MASKmskw_XMMu16_XMMu16_AVX512	VPUNPCKLWD	1933
8397	VPUNPCKLWD_YMMqq_YMMqq_MEMqq	VPUNPCKLWD	1933
8398	VPUNPCKLWD_YMMqq_YMMqq_YMMqq	VPUNPCKLWD	1933
8399	VPUNPCKLWD_YMMu16_MASKmskw_YMMu16_MEMu16_AVX512	VPUNPCKLWD	1933
8400	VPUNPCKLWD_YMMu16_MASKmskw_YMMu16_YMMu16_AVX512	VPUNPCKLWD	1933
8401	VPUNPCKLWD_ZMMu16_MASKmskw_ZMMu16_MEMu16_AVX512	VPUNPCKLWD	1933
8402	VPUNPCKLWD_ZMMu16_MASKmskw_ZMMu16_ZMMu16_AVX512	VPUNPCKLWD	1933
8403	VPXORD_XMMu32_MASKmskw_XMMu32_MEMu32_AVX512	VPXORD	1035
8404	VPXORD_XMMu32_MASKmskw_XMMu32_XMMu32_AVX512	VPXORD	1035
8405	VPXORD_YMMu32_MASKmskw_YMMu32_MEMu32_AVX512	VPXORD	1035
8406	VPXORD_YMMu32_MASKmskw_YMMu32_YMMu32_AVX512	VPXORD	1035
8407	VPXORD_ZMMu32_MASKmskw_ZMMu32_MEMu32_AVX512	VPXORD	1035
8408	VPXORD_ZMMu32_MASKmskw_ZMMu32_ZMMu32_AVX512	VPXORD	1035
8409	VPXORQ_XMMu64_MASKmskw_XMMu64_MEMu64_AVX512	VPXORQ	1036
8410	VPXORQ_XMMu64_MASKmskw_XMMu64_XMMu64_AVX512	VPXORQ	1036
8411	VPXORQ_YMMu64_MASKmskw_YMMu64_MEMu64_AVX512	VPXORQ	1036
8412	VPXORQ_YMMu64_MASKmskw_YMMu64_YMMu64_AVX512	VPXORQ	1036
8413	VPXORQ_ZMMu64_MASKmskw_ZMMu64_MEMu64_AVX512	VPXORQ	1036
8414	VPXORQ_ZMMu64_MASKmskw_ZMMu64_ZMMu64_AVX512	VPXORQ	1036
8415	VPXOR_XMMdq_XMMdq_MEMdq	VPXOR	653
8416	VPXOR_XMMdq_XMMdq_XMMdq	VPXOR	653
8417	VPXOR_YMMqq_YMMqq_MEMqq	VPXOR	653
8418	VPXOR_YMMqq_YMMqq_YMMqq	VPXOR	653
8419	VRANGEPD_XMMf64_MASKmskw_XMMf64_MEMf64_IMM8_AVX512	VRANGEPD	1934
8420	VRANGEPD_XMMf64_MASKmskw_XMMf64_XMMf64_IMM8_AVX512	VRANGEPD	1934
8421	VRANGEPD_YMMf64_MASKmskw_YMMf64_MEMf64_IMM8_AVX512	VRANGEPD	1934
8422	VRANGEPD_YMMf64_MASKmskw_YMMf64_YMMf64_IMM8_AVX512	VRANGEPD	1934
8423	VRANGEPD_ZMMf64_MASKmskw_ZMMf64_MEMf64_IMM8_AVX512	VRANGEPD	1934
8424	VRANGEPD_ZMMf64_MASKmskw_ZMMf64_ZMMf64_IMM8_AVX512	VRANGEPD	1934
8425	VRANGEPS_XMMf32_MASKmskw_XMMf32_MEMf32_IMM8_AVX512	VRANGEPS	1935
8426	VRANGEPS_XMMf32_MASKmskw_XMMf32_XMMf32_IMM8_AVX512	VRANGEPS	1935
8427	VRANGEPS_YMMf32_MASKmskw_YMMf32_MEMf32_IMM8_AVX512	VRANGEPS	1935
8428	VRANGEPS_YMMf32_MASKmskw_YMMf32_YMMf32_IMM8_AVX512	VRANGEPS	1935
8429	VRANGEPS_ZMMf32_MASKmskw_ZMMf32_MEMf32_IMM8_AVX512	VRANGEPS	1935
8430	VRANGEPS_ZMMf32_MASKmskw_ZMMf32_ZMMf32_IMM8_AVX512	VRANGEPS	1935
8431	VRANGESD_XMMf64_MASKmskw_XMMf64_MEMf64_IMM8_AVX512	VRANGESD	1936
8432	VRANGESD_XMMf64_MASKmskw_XMMf64_XMMf64_IMM8_AVX512	VRANGESD	1936
8433	VRANGESS_XMMf32_MASKmskw_XMMf32_MEMf32_IMM8_AVX512	VRANGESS	1937
8434	VRANGESS_XMMf32_MASKmskw_XMMf32_XMMf32_IMM8_AVX512	VRANGESS	1937
8435	VRCP14PD_XMMf64_MASKmskw_MEMf64_AVX512	VRCP14PD	1938
8436	VRCP14PD_XMMf64_MASKmskw_XMMf64_AVX512	VRCP14PD	1938
8437	VRCP14PD_YMMf64_MASKmskw_MEMf64_AVX512	VRCP14PD	1938
8438	VRCP14PD_YMMf64_MASKmskw_YMMf64_AVX512	VRCP14PD	1938
8439	VRCP14PD_ZMMf64_MASKmskw_MEMf64_AVX512	VRCP14PD	1938
8440	VRCP14PD_ZMMf64_MASKmskw_ZMMf64_AVX512	VRCP14PD	1938
8441	VRCP14PS_XMMf32_MASKmskw_MEMf32_AVX512	VRCP14PS	1939
8442	VRCP14PS_XMMf32_MASKmskw_XMMf32_AVX512	VRCP14PS	1939
8443	VRCP14PS_YMMf32_MASKmskw_MEMf32_AVX512	VRCP14PS	1939
8444	VRCP14PS_YMMf32_MASKmskw_YMMf32_AVX512	VRCP14PS	1939
8445	VRCP14PS_ZMMf32_MASKmskw_MEMf32_AVX512	VRCP14PS	1939
8446	VRCP14PS_ZMMf32_MASKmskw_ZMMf32_AVX512	VRCP14PS	1939
8447	VRCP14SD_XMMf64_MASKmskw_XMMf64_MEMf64_AVX512	VRCP14SD	1940
8448	VRCP14SD_XMMf64_MASKmskw_XMMf64_XMMf64_AVX512	VRCP14SD	1940
8449	VRCP14SS_XMMf32_MASKmskw_XMMf32_MEMf32_AVX512	VRCP14SS	1941
8450	VRCP14SS_XMMf32_MASKmskw_XMMf32_XMMf32_AVX512	VRCP14SS	1941
8451	VRCP28PD_ZMMf64_MASKmskw_MEMf64_AVX512ER	VRCP28PD	1942
8452	VRCP28PD_ZMMf64_MASKmskw_ZMMf64_AVX512ER	VRCP28PD	1942
8453	VRCP28PS_ZMMf32_MASKmskw_MEMf32_AVX512ER	VRCP28PS	1943
8454	VRCP28PS_ZMMf32_MASKmskw_ZMMf32_AVX512ER	VRCP28PS	1943
8455	VRCP28SD_XMMf64_MASKmskw_XMMf64_MEMf64_AVX512ER	VRCP28SD	1944
8456	VRCP28SD_XMMf64_MASKmskw_XMMf64_XMMf64_AVX512ER	VRCP28SD	1944
8457	VRCP28SS_XMMf32_MASKmskw_XMMf32_MEMf32_AVX512ER	VRCP28SS	1945
8458	VRCP28SS_XMMf32_MASKmskw_XMMf32_XMMf32_AVX512ER	VRCP28SS	1945
8459	VRCPBF16_XMMbf16_MASKmskw_MEMbf16_AVX512	VRCPBF16	1946
8460	VRCPBF16_XMMbf16_MASKmskw_XMMbf16_AVX512	VRCPBF16	1946
8461	VRCPBF16_YMMbf16_MASKmskw_MEMbf16_AVX512	VRCPBF16	1946
8462	VRCPBF16_YMMbf16_MASKmskw_YMMbf16_AVX512	VRCPBF16	1946
8463	VRCPBF16_ZMMbf16_MASKmskw_MEMbf16_AVX512	VRCPBF16	1946
8464	VRCPBF16_ZMMbf16_MASKmskw_ZMMbf16_AVX512	VRCPBF16	1946
8465	VRCPPH_XMMf16_MASKmskw_MEMf16_AVX512	VRCPPH	1947
8466	VRCPPH_XMMf16_MASKmskw_XMMf16_AVX512	VRCPPH	1947
8467	VRCPPH_YMMf16_MASKmskw_MEMf16_AVX512	VRCPPH	1947
8468	VRCPPH_YMMf16_MASKmskw_YMMf16_AVX512	VRCPPH	1947
8469	VRCPPH_ZMMf16_MASKmskw_MEMf16_AVX512	VRCPPH	1947
8470	VRCPPH_ZMMf16_MASKmskw_ZMMf16_AVX512	VRCPPH	1947
8471	VRCPPS_XMMdq_MEMdq	VRCPPS	899
8472	VRCPPS_XMMdq_XMMdq	VRCPPS	899
8473	VRCPPS_YMMqq_MEMqq	VRCPPS	899
8474	VRCPPS_YMMqq_YMMqq	VRCPPS	899
8475	VRCPSH_XMMf16_MASKmskw_XMMf16_MEMf16_AVX512	VRCPSH	1948
8476	VRCPSH_XMMf16_MASKmskw_XMMf16_XMMf16_AVX512	VRCPSH	1948
8477	VRCPSS_XMMdq_XMMdq_MEMd	VRCPSS	900
8478	VRCPSS_XMMdq_XMMdq_XMMd	VRCPSS	900
8479	VREDUCEBF16_XMMbf16_MASKmskw_MEMbf16_IMM8_AVX512	VREDUCEBF16	1949
8480	VREDUCEBF16_XMMbf16_MASKmskw_XMMbf16_IMM8_AVX512	VREDUCEBF16	1949
8481	VREDUCEBF16_YMMbf16_MASKmskw_MEMbf16_IMM8_AVX512	VREDUCEBF16	1949
8482	VREDUCEBF16_YMMbf16_MASKmskw_YMMbf16_IMM8_AVX512	VREDUCEBF16	1949
8483	VREDUCEBF16_ZMMbf16_MASKmskw_MEMbf16_IMM8_AVX512	VREDUCEBF16	1949
8484	VREDUCEBF16_ZMMbf16_MASKmskw_ZMMbf16_IMM8_AVX512	VREDUCEBF16	1949
8485	VREDUCEPD_XMMf64_MASKmskw_MEMf64_IMM8_AVX512	VREDUCEPD	1950
8486	VREDUCEPD_XMMf64_MASKmskw_XMMf64_IMM8_AVX512	VREDUCEPD	1950
8487	VREDUCEPD_YMMf64_MASKmskw_MEMf64_IMM8_AVX512	VREDUCEPD	1950
8488	VREDUCEPD_YMMf64_MASKmskw_YMMf64_IMM8_AVX512	VREDUCEPD	1950
8489	VREDUCEPD_ZMMf64_MASKmskw_MEMf64_IMM8_AVX512	VREDUCEPD	1950
8490	VREDUCEPD_ZMMf64_MASKmskw_ZMMf64_IMM8_AVX512	VREDUCEPD	1950
8491	VREDUCEPH_XMMf16_MASKmskw_MEMf16_IMM8_AVX512	VREDUCEPH	1951
8492	VREDUCEPH_XMMf16_MASKmskw_XMMf16_IMM8_AVX512	VREDUCEPH	1951
8493	VREDUCEPH_YMMf16_MASKmskw_MEMf16_IMM8_AVX512	VREDUCEPH	1951
8494	VREDUCEPH_YMMf16_MASKmskw_YMMf16_IMM8_AVX512	VREDUCEPH	1951
8495	VREDUCEPH_ZMMf16_MASKmskw_MEMf16_IMM8_AVX512	VREDUCEPH	1951
8496	VREDUCEPH_ZMMf16_MASKmskw_ZMMf16_IMM8_AVX512	VREDUCEPH	1951
8497	VREDUCEPS_XMMf32_MASKmskw_MEMf32_IMM8_AVX512	VREDUCEPS	1952
8498	VREDUCEPS_XMMf32_MASKmskw_XMMf32_IMM8_AVX512	VREDUCEPS	1952
8499	VREDUCEPS_YMMf32_MASKmskw_MEMf32_IMM8_AVX512	VREDUCEPS	1952
8500	VREDUCEPS_YMMf32_MASKmskw_YMMf32_IMM8_AVX512	VREDUCEPS	1952
8501	VREDUCEPS_ZMMf32_MASKmskw_MEMf32_IMM8_AVX512	VREDUCEPS	1952
8502	VREDUCEPS_ZMMf32_MASKmskw_ZMMf32_IMM8_AVX512	VREDUCEPS	1952
8503	VREDUCESD_XMMf64_MASKmskw_XMMf64_MEMf64_IMM8_AVX512	VREDUCESD	1953
8504	VREDUCESD_XMMf64_MASKmskw_XMMf64_XMMf64_IMM8_AVX512	VREDUCESD	1953
8505	VREDUCESH_XMMf16_MASKmskw_XMMf16_MEMf16_IMM8_AVX512	VREDUCESH	1954
8506	VREDUCESH_XMMf16_MASKmskw_XMMf16_XMMf16_IMM8_AVX512	VREDUCESH	1954
8507	VREDUCESS_XMMf32_MASKmskw_XMMf32_MEMf32_IMM8_AVX512	VREDUCESS	1955
8508	VREDUCESS_XMMf32_MASKmskw_XMMf32_XMMf32_IMM8_AVX512	VREDUCESS	1955
8509	VRNDSCALEBF16_XMMbf16_MASKmskw_MEMbf16_IMM8_AVX512	VRNDSCALEBF16	1956
8510	VRNDSCALEBF16_XMMbf16_MASKmskw_XMMbf16_IMM8_AVX512	VRNDSCALEBF16	1956
8511	VRNDSCALEBF16_YMMbf16_MASKmskw_MEMbf16_IMM8_AVX512	VRNDSCALEBF16	1956
8512	VRNDSCALEBF16_YMMbf16_MASKmskw_YMMbf16_IMM8_AVX512	VRNDSCALEBF16	1956
8513	VRNDSCALEBF16_ZMMbf16_MASKmskw_MEMbf16_IMM8_AVX512	VRNDSCALEBF16	1956
8514	VRNDSCALEBF16_ZMMbf16_MASKmskw_ZMMbf16_IMM8_AVX512	VRNDSCALEBF16	1956
8515	VRNDSCALEPD_XMMf64_MASKmskw_MEMf64_IMM8_AVX512	VRNDSCALEPD	1957
8516	VRNDSCALEPD_XMMf64_MASKmskw_XMMf64_IMM8_AVX512	VRNDSCALEPD	1957
8517	VRNDSCALEPD_YMMf64_MASKmskw_MEMf64_IMM8_AVX512	VRNDSCALEPD	1957
8518	VRNDSCALEPD_YMMf64_MASKmskw_YMMf64_IMM8_AVX512	VRNDSCALEPD	1957
8519	VRNDSCALEPD_ZMMf64_MASKmskw_MEMf64_IMM8_AVX512	VRNDSCALEPD	1957
8520	VRNDSCALEPD_ZMMf64_MASKmskw_ZMMf64_IMM8_AVX512	VRNDSCALEPD	1957
8521	VRNDSCALEPH_XMMf16_MASKmskw_MEMf16_IMM8_AVX512	VRNDSCALEPH	1958
8522	VRNDSCALEPH_XMMf16_MASKmskw_XMMf16_IMM8_AVX512	VRNDSCALEPH	1958
8523	VRNDSCALEPH_YMMf16_MASKmskw_MEMf16_IMM8_AVX512	VRNDSCALEPH	1958
8524	VRNDSCALEPH_YMMf16_MASKmskw_YMMf16_IMM8_AVX512	VRNDSCALEPH	1958
8525	VRNDSCALEPH_ZMMf16_MASKmskw_MEMf16_IMM8_AVX512	VRNDSCALEPH	1958
8526	VRNDSCALEPH_ZMMf16_MASKmskw_ZMMf16_IMM8_AVX512	VRNDSCALEPH	1958
8527	VRNDSCALEPS_XMMf32_MASKmskw_MEMf32_IMM8_AVX512	VRNDSCALEPS	1959
8528	VRNDSCALEPS_XMMf32_MASKmskw_XMMf32_IMM8_AVX512	VRNDSCALEPS	1959
8529	VRNDSCALEPS_YMMf32_MASKmskw_MEMf32_IMM8_AVX512	VRNDSCALEPS	1959
8530	VRNDSCALEPS_YMMf32_MASKmskw_YMMf32_IMM8_AVX512	VRNDSCALEPS	1959
8531	VRNDSCALEPS_ZMMf32_MASKmskw_MEMf32_IMM8_AVX512	VRNDSCALEPS	1959
8532	VRNDSCALEPS_ZMMf32_MASKmskw_ZMMf32_IMM8_AVX512	VRNDSCALEPS	1959
8533	VRNDSCALESD_XMMf64_MASKmskw_XMMf64_MEMf64_IMM8_AVX512	VRNDSCALESD	1960
8534	VRNDSCALESD_XMMf64_MASKmskw_XMMf64_XMMf64_IMM8_AVX512	VRNDSCALESD	1960
8535	VRNDSCALESH_XMMf16_MASKmskw_XMMf16_MEMf16_IMM8_AVX512	VRNDSCALESH	1961
8536	VRNDSCALESH_XMMf16_MASKmskw_XMMf16_XMMf16_IMM8_AVX512	VRNDSCALESH	1961
8537	VRNDSCALESS_XMMf32_MASKmskw_XMMf32_MEMf32_IMM8_AVX512	VRNDSCALESS	1962
8538	VRNDSCALESS_XMMf32_MASKmskw_XMMf32_XMMf32_IMM8_AVX512	VRNDSCALESS	1962
8539	VROUNDPD_XMMdq_MEMdq_IMMb	VROUNDPD	1963
8540	VROUNDPD_XMMdq_XMMdq_IMMb	VROUNDPD	1963
8541	VROUNDPD_YMMqq_MEMqq_IMMb	VROUNDPD	1963
8542	VROUNDPD_YMMqq_YMMqq_IMMb	VROUNDPD	1963
8543	VROUNDPS_XMMdq_MEMdq_IMMb	VROUNDPS	1964
8544	VROUNDPS_XMMdq_XMMdq_IMMb	VROUNDPS	1964
8545	VROUNDPS_YMMqq_MEMqq_IMMb	VROUNDPS	1964
8546	VROUNDPS_YMMqq_YMMqq_IMMb	VROUNDPS	1964
8547	VROUNDSD_XMMdq_XMMdq_MEMq_IMMb	VROUNDSD	1965
8548	VROUNDSD_XMMdq_XMMdq_XMMq_IMMb	VROUNDSD	1965
8549	VROUNDSS_XMMdq_XMMdq_MEMd_IMMb	VROUNDSS	1966
8550	VROUNDSS_XMMdq_XMMdq_XMMd_IMMb	VROUNDSS	1966
8551	VRSQRT14PD_XMMf64_MASKmskw_MEMf64_AVX512	VRSQRT14PD	1967
8552	VRSQRT14PD_XMMf64_MASKmskw_XMMf64_AVX512	VRSQRT14PD	1967
8553	VRSQRT14PD_YMMf64_MASKmskw_MEMf64_AVX512	VRSQRT14PD	1967
8554	VRSQRT14PD_YMMf64_MASKmskw_YMMf64_AVX512	VRSQRT14PD	1967
8555	VRSQRT14PD_ZMMf64_MASKmskw_MEMf64_AVX512	VRSQRT14PD	1967
8556	VRSQRT14PD_ZMMf64_MASKmskw_ZMMf64_AVX512	VRSQRT14PD	1967
8557	VRSQRT14PS_XMMf32_MASKmskw_MEMf32_AVX512	VRSQRT14PS	1968
8558	VRSQRT14PS_XMMf32_MASKmskw_XMMf32_AVX512	VRSQRT14PS	1968
8559	VRSQRT14PS_YMMf32_MASKmskw_MEMf32_AVX512	VRSQRT14PS	1968
8560	VRSQRT14PS_YMMf32_MASKmskw_YMMf32_AVX512	VRSQRT14PS	1968
8561	VRSQRT14PS_ZMMf32_MASKmskw_MEMf32_AVX512	VRSQRT14PS	1968
8562	VRSQRT14PS_ZMMf32_MASKmskw_ZMMf32_AVX512	VRSQRT14PS	1968
8563	VRSQRT14SD_XMMf64_MASKmskw_XMMf64_MEMf64_AVX512	VRSQRT14SD	1969
8564	VRSQRT14SD_XMMf64_MASKmskw_XMMf64_XMMf64_AVX512	VRSQRT14SD	1969
8565	VRSQRT14SS_XMMf32_MASKmskw_XMMf32_MEMf32_AVX512	VRSQRT14SS	1970
8566	VRSQRT14SS_XMMf32_MASKmskw_XMMf32_XMMf32_AVX512	VRSQRT14SS	1970
8567	VRSQRT28PD_ZMMf64_MASKmskw_MEMf64_AVX512ER	VRSQRT28PD	1971
8568	VRSQRT28PD_ZMMf64_MASKmskw_ZMMf64_AVX512ER	VRSQRT28PD	1971
8569	VRSQRT28PS_ZMMf32_MASKmskw_MEMf32_AVX512ER	VRSQRT28PS	1972
8570	VRSQRT28PS_ZMMf32_MASKmskw_ZMMf32_AVX512ER	VRSQRT28PS	1972
8571	VRSQRT28SD_XMMf64_MASKmskw_XMMf64_MEMf64_AVX512ER	VRSQRT28SD	1973
8572	VRSQRT28SD_XMMf64_MASKmskw_XMMf64_XMMf64_AVX512ER	VRSQRT28SD	1973
8573	VRSQRT28SS_XMMf32_MASKmskw_XMMf32_MEMf32_AVX512ER	VRSQRT28SS	1974
8574	VRSQRT28SS_XMMf32_MASKmskw_XMMf32_XMMf32_AVX512ER	VRSQRT28SS	1974
8575	VRSQRTBF16_XMMbf16_MASKmskw_MEMbf16_AVX512	VRSQRTBF16	1975
8576	VRSQRTBF16_XMMbf16_MASKmskw_XMMbf16_AVX512	VRSQRTBF16	1975
8577	VRSQRTBF16_YMMbf16_MASKmskw_MEMbf16_AVX512	VRSQRTBF16	1975
8578	VRSQRTBF16_YMMbf16_MASKmskw_YMMbf16_AVX512	VRSQRTBF16	1975
8579	VRSQRTBF16_ZMMbf16_MASKmskw_MEMbf16_AVX512	VRSQRTBF16	1975
8580	VRSQRTBF16_ZMMbf16_MASKmskw_ZMMbf16_AVX512	VRSQRTBF16	1975
8581	VRSQRTPH_XMMf16_MASKmskw_MEMf16_AVX512	VRSQRTPH	1976
8582	VRSQRTPH_XMMf16_MASKmskw_XMMf16_AVX512	VRSQRTPH	1976
8583	VRSQRTPH_YMMf16_MASKmskw_MEMf16_AVX512	VRSQRTPH	1976
8584	VRSQRTPH_YMMf16_MASKmskw_YMMf16_AVX512	VRSQRTPH	1976
8585	VRSQRTPH_ZMMf16_MASKmskw_MEMf16_AVX512	VRSQRTPH	1976
8586	VRSQRTPH_ZMMf16_MASKmskw_ZMMf16_AVX512	VRSQRTPH	1976
8587	VRSQRTPS_XMMdq_MEMdq	VRSQRTPS	901
8588	VRSQRTPS_XMMdq_XMMdq	VRSQRTPS	901
8589	VRSQRTPS_YMMqq_MEMqq	VRSQRTPS	901
8590	VRSQRTPS_YMMqq_YMMqq	VRSQRTPS	901
8591	VRSQRTSH_XMMf16_MASKmskw_XMMf16_MEMf16_AVX512	VRSQRTSH	1977
8592	VRSQRTSH_XMMf16_MASKmskw_XMMf16_XMMf16_AVX512	VRSQRTSH	1977
8593	VRSQRTSS_XMMdq_XMMdq_MEMd	VRSQRTSS	902
8594	VRSQRTSS_XMMdq_XMMdq_XMMd	VRSQRTSS	902
8595	VSCALEFBF16_XMMbf16_MASKmskw_XMMbf16_MEMbf16_AVX512	VSCALEFBF16	1978
8596	VSCALEFBF16_XMMbf16_MASKmskw_XMMbf16_XMMbf16_AVX512	VSCALEFBF16	1978
8597	VSCALEFBF16_YMMbf16_MASKmskw_YMMbf16_MEMbf16_AVX512	VSCALEFBF16	1978
8598	VSCALEFBF16_YMMbf16_MASKmskw_YMMbf16_YMMbf16_AVX512	VSCALEFBF16	1978
8599	VSCALEFBF16_ZMMbf16_MASKmskw_ZMMbf16_MEMbf16_AVX512	VSCALEFBF16	1978
8600	VSCALEFBF16_ZMMbf16_MASKmskw_ZMMbf16_ZMMbf16_AVX512	VSCALEFBF16	1978
8601	VSCALEFPD_XMMf64_MASKmskw_XMMf64_MEMf64_AVX512	VSCALEFPD	1979
8602	VSCALEFPD_XMMf64_MASKmskw_XMMf64_XMMf64_AVX512	VSCALEFPD	1979
8603	VSCALEFPD_YMMf64_MASKmskw_YMMf64_MEMf64_AVX512	VSCALEFPD	1979
8604	VSCALEFPD_YMMf64_MASKmskw_YMMf64_YMMf64_AVX512	VSCALEFPD	1979
8605	VSCALEFPD_ZMMf64_MASKmskw_ZMMf64_MEMf64_AVX512	VSCALEFPD	1979
8606	VSCALEFPD_ZMMf64_MASKmskw_ZMMf64_ZMMf64_AVX512	VSCALEFPD	1979
8607	VSCALEFPH_XMMf16_MASKmskw_XMMf16_MEMf16_AVX512	VSCALEFPH	1980
8608	VSCALEFPH_XMMf16_MASKmskw_XMMf16_XMMf16_AVX512	VSCALEFPH	1980
8609	VSCALEFPH_YMMf16_MASKmskw_YMMf16_MEMf16_AVX512	VSCALEFPH	1980
8610	VSCALEFPH_YMMf16_MASKmskw_YMMf16_YMMf16_AVX512	VSCALEFPH	1980
8611	VSCALEFPH_ZMMf16_MASKmskw_ZMMf16_MEMf16_AVX512	VSCALEFPH	1980
8612	VSCALEFPH_ZMMf16_MASKmskw_ZMMf16_ZMMf16_AVX512	VSCALEFPH	1980
8613	VSCALEFPS_XMMf32_MASKmskw_XMMf32_MEMf32_AVX512	VSCALEFPS	1981
8614	VSCALEFPS_XMMf32_MASKmskw_XMMf32_XMMf32_AVX512	VSCALEFPS	1981
8615	VSCALEFPS_YMMf32_MASKmskw_YMMf32_MEMf32_AVX512	VSCALEFPS	1981
8616	VSCALEFPS_YMMf32_MASKmskw_YMMf32_YMMf32_AVX512	VSCALEFPS	1981
8617	VSCALEFPS_ZMMf32_MASKmskw_ZMMf32_MEMf32_AVX512	VSCALEFPS	1981
8618	VSCALEFPS_ZMMf32_MASKmskw_ZMMf32_ZMMf32_AVX512	VSCALEFPS	1981
8619	VSCALEFSD_XMMf64_MASKmskw_XMMf64_MEMf64_AVX512	VSCALEFSD	1982
8620	VSCALEFSD_XMMf64_MASKmskw_XMMf64_XMMf64_AVX512	VSCALEFSD	1982
8621	VSCALEFSH_XMMf16_MASKmskw_XMMf16_MEMf16_AVX512	VSCALEFSH	1983
8622	VSCALEFSH_XMMf16_MASKmskw_XMMf16_XMMf16_AVX512	VSCALEFSH	1983
8623	VSCALEFSS_XMMf32_MASKmskw_XMMf32_MEMf32_AVX512	VSCALEFSS	1984
8624	VSCALEFSS_XMMf32_MASKmskw_XMMf32_XMMf32_AVX512	VSCALEFSS	1984
8625	VSCATTERDPD_MEMf64_MASKmskw_XMMf64_AVX512_VL128	VSCATTERDPD	1985
8626	VSCATTERDPD_MEMf64_MASKmskw_YMMf64_AVX512_VL256	VSCATTERDPD	1985
8627	VSCATTERDPD_MEMf64_MASKmskw_ZMMf64_AVX512_VL512	VSCATTERDPD	1985
8628	VSCATTERDPS_MEMf32_MASKmskw_XMMf32_AVX512_VL128	VSCATTERDPS	1986
8629	VSCATTERDPS_MEMf32_MASKmskw_YMMf32_AVX512_VL256	VSCATTERDPS	1986
8630	VSCATTERDPS_MEMf32_MASKmskw_ZMMf32_AVX512_VL512	VSCATTERDPS	1986
8631	VSCATTERPF0DPD_MEMf64_MASKmskw_AVX512PF_VL512	VSCATTERPF0DPD	1987
8632	VSCATTERPF0DPS_MEMf32_MASKmskw_AVX512PF_VL512	VSCATTERPF0DPS	1988
8633	VSCATTERPF0QPD_MEMf64_MASKmskw_AVX512PF_VL512	VSCATTERPF0QPD	1989
8634	VSCATTERPF0QPS_MEMf32_MASKmskw_AVX512PF_VL512	VSCATTERPF0QPS	1990
8635	VSCATTERPF1DPD_MEMf64_MASKmskw_AVX512PF_VL512	VSCATTERPF1DPD	1991
8636	VSCATTERPF1DPS_MEMf32_MASKmskw_AVX512PF_VL512	VSCATTERPF1DPS	1992
8637	VSCATTERPF1QPD_MEMf64_MASKmskw_AVX512PF_VL512	VSCATTERPF1QPD	1993
8638	VSCATTERPF1QPS_MEMf32_MASKmskw_AVX512PF_VL512	VSCATTERPF1QPS	1994
8639	VSCATTERQPD_MEMf64_MASKmskw_XMMf64_AVX512_VL128	VSCATTERQPD	1995
8640	VSCATTERQPD_MEMf64_MASKmskw_YMMf64_AVX512_VL256	VSCATTERQPD	1995
8641	VSCATTERQPD_MEMf64_MASKmskw_ZMMf64_AVX512_VL512	VSCATTERQPD	1995
8642	VSCATTERQPS_MEMf32_MASKmskw_XMMf32_AVX512_VL128	VSCATTERQPS	1996
8643	VSCATTERQPS_MEMf32_MASKmskw_XMMf32_AVX512_VL256	VSCATTERQPS	1996
8644	VSCATTERQPS_MEMf32_MASKmskw_YMMf32_AVX512_VL512	VSCATTERQPS	1996
8645	VSHA512MSG1_YMMu64_XMMu64	VSHA512MSG1	885
8646	VSHA512MSG2_YMMu64_YMMu64	VSHA512MSG2	886
8647	VSHA512RNDS2_YMMu64_YMMu64_XMMu64	VSHA512RNDS2	887
8648	VSHUFF32X4_YMMf32_MASKmskw_YMMf32_MEMf32_IMM8_AVX512	VSHUFF32X4	1997
8649	VSHUFF32X4_YMMf32_MASKmskw_YMMf32_YMMf32_IMM8_AVX512	VSHUFF32X4	1997
8650	VSHUFF32X4_ZMMf32_MASKmskw_ZMMf32_MEMf32_IMM8_AVX512	VSHUFF32X4	1997
8651	VSHUFF32X4_ZMMf32_MASKmskw_ZMMf32_ZMMf32_IMM8_AVX512	VSHUFF32X4	1997
8652	VSHUFF64X2_YMMf64_MASKmskw_YMMf64_MEMf64_IMM8_AVX512	VSHUFF64X2	1998
8653	VSHUFF64X2_YMMf64_MASKmskw_YMMf64_YMMf64_IMM8_AVX512	VSHUFF64X2	1998
8654	VSHUFF64X2_ZMMf64_MASKmskw_ZMMf64_MEMf64_IMM8_AVX512	VSHUFF64X2	1998
8655	VSHUFF64X2_ZMMf64_MASKmskw_ZMMf64_ZMMf64_IMM8_AVX512	VSHUFF64X2	1998
8656	VSHUFI32X4_YMMu32_MASKmskw_YMMu32_MEMu32_IMM8_AVX512	VSHUFI32X4	1999
8657	VSHUFI32X4_YMMu32_MASKmskw_YMMu32_YMMu32_IMM8_AVX512	VSHUFI32X4	1999
8658	VSHUFI32X4_ZMMu32_MASKmskw_ZMMu32_MEMu32_IMM8_AVX512	VSHUFI32X4	1999
8659	VSHUFI32X4_ZMMu32_MASKmskw_ZMMu32_ZMMu32_IMM8_AVX512	VSHUFI32X4	1999
8660	VSHUFI64X2_YMMu64_MASKmskw_YMMu64_MEMu64_IMM8_AVX512	VSHUFI64X2	2000
8661	VSHUFI64X2_YMMu64_MASKmskw_YMMu64_YMMu64_IMM8_AVX512	VSHUFI64X2	2000
8662	VSHUFI64X2_ZMMu64_MASKmskw_ZMMu64_MEMu64_IMM8_AVX512	VSHUFI64X2	2000
8663	VSHUFI64X2_ZMMu64_MASKmskw_ZMMu64_ZMMu64_IMM8_AVX512	VSHUFI64X2	2000
8664	VSHUFPD_XMMdq_XMMdq_MEMdq_IMMb	VSHUFPD	2001
8665	VSHUFPD_XMMdq_XMMdq_XMMdq_IMMb	VSHUFPD	2001
8666	VSHUFPD_XMMf64_MASKmskw_XMMf64_MEMf64_IMM8_AVX512	VSHUFPD	2001
8667	VSHUFPD_XMMf64_MASKmskw_XMMf64_XMMf64_IMM8_AVX512	VSHUFPD	2001
8668	VSHUFPD_YMMf64_MASKmskw_YMMf64_MEMf64_IMM8_AVX512	VSHUFPD	2001
8669	VSHUFPD_YMMf64_MASKmskw_YMMf64_YMMf64_IMM8_AVX512	VSHUFPD	2001
8670	VSHUFPD_YMMqq_YMMqq_MEMqq_IMMb	VSHUFPD	2001
8671	VSHUFPD_YMMqq_YMMqq_YMMqq_IMMb	VSHUFPD	2001
8672	VSHUFPD_ZMMf64_MASKmskw_ZMMf64_MEMf64_IMM8_AVX512	VSHUFPD	2001
8673	VSHUFPD_ZMMf64_MASKmskw_ZMMf64_ZMMf64_IMM8_AVX512	VSHUFPD	2001
8674	VSHUFPS_XMMdq_XMMdq_MEMdq_IMMb	VSHUFPS	2002
8675	VSHUFPS_XMMdq_XMMdq_XMMdq_IMMb	VSHUFPS	2002
8676	VSHUFPS_XMMf32_MASKmskw_XMMf32_MEMf32_IMM8_AVX512	VSHUFPS	2002
8677	VSHUFPS_XMMf32_MASKmskw_XMMf32_XMMf32_IMM8_AVX512	VSHUFPS	2002
8678	VSHUFPS_YMMf32_MASKmskw_YMMf32_MEMf32_IMM8_AVX512	VSHUFPS	2002
8679	VSHUFPS_YMMf32_MASKmskw_YMMf32_YMMf32_IMM8_AVX512	VSHUFPS	2002
8680	VSHUFPS_YMMqq_YMMqq_MEMqq_IMMb	VSHUFPS	2002
8681	VSHUFPS_YMMqq_YMMqq_YMMqq_IMMb	VSHUFPS	2002
8682	VSHUFPS_ZMMf32_MASKmskw_ZMMf32_MEMf32_IMM8_AVX512	VSHUFPS	2002
8683	VSHUFPS_ZMMf32_MASKmskw_ZMMf32_ZMMf32_IMM8_AVX512	VSHUFPS	2002
8684	VSM3MSG1_XMMu32_XMMu32_MEMu32	VSM3MSG1	888
8685	VSM3MSG1_XMMu32_XMMu32_XMMu32	VSM3MSG1	888
8686	VSM3MSG2_XMMu32_XMMu32_MEMu32	VSM3MSG2	889
8687	VSM3MSG2_XMMu32_XMMu32_XMMu32	VSM3MSG2	889
8688	VSM3RNDS2_XMMu32_XMMu32_MEMu32_IMM8	VSM3RNDS2	890
8689	VSM3RNDS2_XMMu32_XMMu32_XMMu32_IMM8	VSM3RNDS2	890
8690	VSM4KEY4_XMMu32_XMMu32_MEMu32	VSM4KEY4	891
8691	VSM4KEY4_XMMu32_XMMu32_MEMu32_AVX512	VSM4KEY4	891
8692	VSM4KEY4_XMMu32_XMMu32_XMMu32	VSM4KEY4	891
8693	VSM4KEY4_XMMu32_XMMu32_XMMu32_AVX512	VSM4KEY4	891
8694	VSM4KEY4_YMMu32_YMMu32_MEMu32	VSM4KEY4	891
8695	VSM4KEY4_YMMu32_YMMu32_MEMu32_AVX512	VSM4KEY4	891
8696	VSM4KEY4_YMMu32_YMMu32_YMMu32	VSM4KEY4	891
8697	VSM4KEY4_YMMu32_YMMu32_YMMu32_AVX512	VSM4KEY4	891
8698	VSM4KEY4_ZMMu32_ZMMu32_MEMu32_AVX512	VSM4KEY4	891
8699	VSM4KEY4_ZMMu32_ZMMu32_ZMMu32_AVX512	VSM4KEY4	891
8700	VSM4RNDS4_XMMu32_XMMu32_MEMu32	VSM4RNDS4	892
8701	VSM4RNDS4_XMMu32_XMMu32_MEMu32_AVX512	VSM4RNDS4	892
8702	VSM4RNDS4_XMMu32_XMMu32_XMMu32	VSM4RNDS4	892
8703	VSM4RNDS4_XMMu32_XMMu32_XMMu32_AVX512	VSM4RNDS4	892
8704	VSM4RNDS4_YMMu32_YMMu32_MEMu32	VSM4RNDS4	892
8705	VSM4RNDS4_YMMu32_YMMu32_MEMu32_AVX512	VSM4RNDS4	892
8706	VSM4RNDS4_YMMu32_YMMu32_YMMu32	VSM4RNDS4	892
8707	VSM4RNDS4_YMMu32_YMMu32_YMMu32_AVX512	VSM4RNDS4	892
8708	VSM4RNDS4_ZMMu32_ZMMu32_MEMu32_AVX512	VSM4RNDS4	892
8709	VSM4RNDS4_ZMMu32_ZMMu32_ZMMu32_AVX512	VSM4RNDS4	892
8710	VSQRTBF16_XMMbf16_MASKmskw_MEMbf16_AVX512	VSQRTBF16	2003
8711	VSQRTBF16_XMMbf16_MASKmskw_XMMbf16_AVX512	VSQRTBF16	2003
8712	VSQRTBF16_YMMbf16_MASKmskw_MEMbf16_AVX512	VSQRTBF16	2003
8713	VSQRTBF16_YMMbf16_MASKmskw_YMMbf16_AVX512	VSQRTBF16	2003
8714	VSQRTBF16_ZMMbf16_MASKmskw_MEMbf16_AVX512	VSQRTBF16	2003
8715	VSQRTBF16_ZMMbf16_MASKmskw_ZMMbf16_AVX512	VSQRTBF16	2003
8716	VSQRTPD_XMMdq_MEMdq	VSQRTPD	903
8717	VSQRTPD_XMMdq_XMMdq	VSQRTPD	903
8718	VSQRTPD_XMMf64_MASKmskw_MEMf64_AVX512	VSQRTPD	903
8719	VSQRTPD_XMMf64_MASKmskw_XMMf64_AVX512	VSQRTPD	903
8720	VSQRTPD_YMMf64_MASKmskw_MEMf64_AVX512	VSQRTPD	903
8721	VSQRTPD_YMMf64_MASKmskw_YMMf64_AVX512	VSQRTPD	903
8722	VSQRTPD_YMMqq_MEMqq	VSQRTPD	903
8723	VSQRTPD_YMMqq_YMMqq	VSQRTPD	903
8724	VSQRTPD_ZMMf64_MASKmskw_MEMf64_AVX512	VSQRTPD	903
8725	VSQRTPD_ZMMf64_MASKmskw_ZMMf64_AVX512	VSQRTPD	903
8726	VSQRTPH_XMMf16_MASKmskw_MEMf16_AVX512	VSQRTPH	2004
8727	VSQRTPH_XMMf16_MASKmskw_XMMf16_AVX512	VSQRTPH	2004
8728	VSQRTPH_YMMf16_MASKmskw_MEMf16_AVX512	VSQRTPH	2004
8729	VSQRTPH_YMMf16_MASKmskw_YMMf16_AVX512	VSQRTPH	2004
8730	VSQRTPH_ZMMf16_MASKmskw_MEMf16_AVX512	VSQRTPH	2004
8731	VSQRTPH_ZMMf16_MASKmskw_ZMMf16_AVX512	VSQRTPH	2004
8732	VSQRTPS_XMMdq_MEMdq	VSQRTPS	904
8733	VSQRTPS_XMMdq_XMMdq	VSQRTPS	904
8734	VSQRTPS_XMMf32_MASKmskw_MEMf32_AVX512	VSQRTPS	904
8735	VSQRTPS_XMMf32_MASKmskw_XMMf32_AVX512	VSQRTPS	904
8736	VSQRTPS_YMMf32_MASKmskw_MEMf32_AVX512	VSQRTPS	904
8737	VSQRTPS_YMMf32_MASKmskw_YMMf32_AVX512	VSQRTPS	904
8738	VSQRTPS_YMMqq_MEMqq	VSQRTPS	904
8739	VSQRTPS_YMMqq_YMMqq	VSQRTPS	904
8740	VSQRTPS_ZMMf32_MASKmskw_MEMf32_AVX512	VSQRTPS	904
8741	VSQRTPS_ZMMf32_MASKmskw_ZMMf32_AVX512	VSQRTPS	904
8742	VSQRTSD_XMMdq_XMMdq_MEMq	VSQRTSD	905
8743	VSQRTSD_XMMdq_XMMdq_XMMq	VSQRTSD	905
8744	VSQRTSD_XMMf64_MASKmskw_XMMf64_MEMf64_AVX512	VSQRTSD	905
8745	VSQRTSD_XMMf64_MASKmskw_XMMf64_XMMf64_AVX512	VSQRTSD	905
8746	VSQRTSH_XMMf16_MASKmskw_XMMf16_MEMf16_AVX512	VSQRTSH	2005
8747	VSQRTSH_XMMf16_MASKmskw_XMMf16_XMMf16_AVX512	VSQRTSH	2005
8748	VSQRTSS_XMMdq_XMMdq_MEMd	VSQRTSS	906
8749	VSQRTSS_XMMdq_XMMdq_XMMd	VSQRTSS	906
8750	VSQRTSS_XMMf32_MASKmskw_XMMf32_MEMf32_AVX512	VSQRTSS	906
8751	VSQRTSS_XMMf32_MASKmskw_XMMf32_XMMf32_AVX512	VSQRTSS	906
8752	VSTMXCSR_MEMd	VSTMXCSR	2006
8753	VSUBBF16_XMMbf16_MASKmskw_XMMbf16_MEMbf16_AVX512	VSUBBF16	941
8754	VSUBBF16_XMMbf16_MASKmskw_XMMbf16_XMMbf16_AVX512	VSUBBF16	941
8755	VSUBBF16_YMMbf16_MASKmskw_YMMbf16_MEMbf16_AVX512	VSUBBF16	941
8756	VSUBBF16_YMMbf16_MASKmskw_YMMbf16_YMMbf16_AVX512	VSUBBF16	941
8757	VSUBBF16_ZMMbf16_MASKmskw_ZMMbf16_MEMbf16_AVX512	VSUBBF16	941
8758	VSUBBF16_ZMMbf16_MASKmskw_ZMMbf16_ZMMbf16_AVX512	VSUBBF16	941
8759	VSUBPD_XMMdq_XMMdq_MEMdq	VSUBPD	615
8760	VSUBPD_XMMdq_XMMdq_XMMdq	VSUBPD	615
8761	VSUBPD_XMMf64_MASKmskw_XMMf64_MEMf64_AVX512	VSUBPD	615
8762	VSUBPD_XMMf64_MASKmskw_XMMf64_XMMf64_AVX512	VSUBPD	615
8763	VSUBPD_YMMf64_MASKmskw_YMMf64_MEMf64_AVX512	VSUBPD	615
8764	VSUBPD_YMMf64_MASKmskw_YMMf64_YMMf64_AVX512	VSUBPD	615
8765	VSUBPD_YMMqq_YMMqq_MEMqq	VSUBPD	615
8766	VSUBPD_YMMqq_YMMqq_YMMqq	VSUBPD	615
8767	VSUBPD_ZMMf64_MASKmskw_ZMMf64_MEMf64_AVX512	VSUBPD	615
8768	VSUBPD_ZMMf64_MASKmskw_ZMMf64_ZMMf64_AVX512	VSUBPD	615
8769	VSUBPH_XMMf16_MASKmskw_XMMf16_MEMf16_AVX512	VSUBPH	2007
8770	VSUBPH_XMMf16_MASKmskw_XMMf16_XMMf16_AVX512	VSUBPH	2007
8771	VSUBPH_YMMf16_MASKmskw_YMMf16_MEMf16_AVX512	VSUBPH	2007
8772	VSUBPH_YMMf16_MASKmskw_YMMf16_YMMf16_AVX512	VSUBPH	2007
8773	VSUBPH_ZMMf16_MASKmskw_ZMMf16_MEMf16_AVX512	VSUBPH	2007
8774	VSUBPH_ZMMf16_MASKmskw_ZMMf16_ZMMf16_AVX512	VSUBPH	2007
8775	VSUBPS_XMMdq_XMMdq_MEMdq	VSUBPS	614
8776	VSUBPS_XMMdq_XMMdq_XMMdq	VSUBPS	614
8777	VSUBPS_XMMf32_MASKmskw_XMMf32_MEMf32_AVX512	VSUBPS	614
8778	VSUBPS_XMMf32_MASKmskw_XMMf32_XMMf32_AVX512	VSUBPS	614
8779	VSUBPS_YMMf32_MASKmskw_YMMf32_MEMf32_AVX512	VSUBPS	614
8780	VSUBPS_YMMf32_MASKmskw_YMMf32_YMMf32_AVX512	VSUBPS	614
8781	VSUBPS_YMMqq_YMMqq_MEMqq	VSUBPS	614
8782	VSUBPS_YMMqq_YMMqq_YMMqq	VSUBPS	614
8783	VSUBPS_ZMMf32_MASKmskw_ZMMf32_MEMf32_AVX512	VSUBPS	614
8784	VSUBPS_ZMMf32_MASKmskw_ZMMf32_ZMMf32_AVX512	VSUBPS	614
8785	VSUBSD_XMMdq_XMMdq_MEMq	VSUBSD	617
8786	VSUBSD_XMMdq_XMMdq_XMMq	VSUBSD	617
8787	VSUBSD_XMMf64_MASKmskw_XMMf64_MEMf64_AVX512	VSUBSD	617
8788	VSUBSD_XMMf64_MASKmskw_XMMf64_XMMf64_AVX512	VSUBSD	617
8789	VSUBSH_XMMf16_MASKmskw_XMMf16_MEMf16_AVX512	VSUBSH	2008
8790	VSUBSH_XMMf16_MASKmskw_XMMf16_XMMf16_AVX512	VSUBSH	2008
8791	VSUBSS_XMMdq_XMMdq_MEMd	VSUBSS	616
8792	VSUBSS_XMMdq_XMMdq_XMMd	VSUBSS	616
8793	VSUBSS_XMMf32_MASKmskw_XMMf32_MEMf32_AVX512	VSUBSS	616
8794	VSUBSS_XMMf32_MASKmskw_XMMf32_XMMf32_AVX512	VSUBSS	616
8795	VTESTPD_XMMdq_MEMdq	VTESTPD	2009
8796	VTESTPD_XMMdq_XMMdq	VTESTPD	2009
8797	VTESTPD_YMMqq_MEMqq	VTESTPD	2009
8798	VTESTPD_YMMqq_YMMqq	VTESTPD	2009
8799	VTESTPS_XMMdq_MEMdq	VTESTPS	2010
8800	VTESTPS_XMMdq_XMMdq	VTESTPS	2010
8801	VTESTPS_YMMqq_MEMqq	VTESTPS	2010
8802	VTESTPS_YMMqq_YMMqq	VTESTPS	2010
8803	VUCOMISD_XMMdq_MEMq	VUCOMISD	2011
8804	VUCOMISD_XMMdq_XMMq	VUCOMISD	2011
8805	VUCOMISD_XMMf64_MEMf64_AVX512	VUCOMISD	2011
8806	VUCOMISD_XMMf64_XMMf64_AVX512	VUCOMISD	2011
8807	VUCOMISH_XMMf16_MEMf16_AVX512	VUCOMISH	2012
8808	VUCOMISH_XMMf16_XMMf16_AVX512	VUCOMISH	2012
8809	VUCOMISS_XMMdq_MEMd	VUCOMISS	2013
8810	VUCOMISS_XMMdq_XMMd	VUCOMISS	2013
8811	VUCOMISS_XMMf32_MEMf32_AVX512	VUCOMISS	2013
8812	VUCOMISS_XMMf32_XMMf32_AVX512	VUCOMISS	2013
8813	VUCOMXSD_XMMf64_MEMf64_AVX512	VUCOMXSD	2014
8814	VUCOMXSD_XMMf64_XMMf64_AVX512	VUCOMXSD	2014
8815	VUCOMXSH_XMMf16_MEMf16_AVX512	VUCOMXSH	2015
8816	VUCOMXSH_XMMf16_XMMf16_AVX512	VUCOMXSH	2015
8817	VUCOMXSS_XMMf32_MEMf32_AVX512	VUCOMXSS	2016
8818	VUCOMXSS_XMMf32_XMMf32_AVX512	VUCOMXSS	2016
8819	VUNPACKB_XMMu8_MASKmskw_MEMu8_IMM8_AVX512	VUNPACKB	2017
8820	VUNPACKB_XMMu8_MASKmskw_XMMu8_IMM8_AVX512	VUNPACKB	2017
8821	VUNPACKB_YMMu8_MASKmskw_MEMu8_IMM8_AVX512	VUNPACKB	2017
8822	VUNPACKB_YMMu8_MASKmskw_YMMu8_IMM8_AVX512	VUNPACKB	2017
8823	VUNPACKB_ZMMu8_MASKmskw_MEMu8_IMM8_AVX512	VUNPACKB	2017
8824	VUNPACKB_ZMMu8_MASKmskw_ZMMu8_IMM8_AVX512	VUNPACKB	2017
8825	VUNPCKHPD_XMMdq_XMMdq_MEMdq	VUNPCKHPD	2018
8826	VUNPCKHPD_XMMdq_XMMdq_XMMdq	VUNPCKHPD	2018
8827	VUNPCKHPD_XMMf64_MASKmskw_XMMf64_MEMf64_AVX512	VUNPCKHPD	2018
8828	VUNPCKHPD_XMMf64_MASKmskw_XMMf64_XMMf64_AVX512	VUNPCKHPD	2018
8829	VUNPCKHPD_YMMf64_MASKmskw_YMMf64_MEMf64_AVX512	VUNPCKHPD	2018
8830	VUNPCKHPD_YMMf64_MASKmskw_YMMf64_YMMf64_AVX512	VUNPCKHPD	2018
8831	VUNPCKHPD_YMMqq_YMMqq_MEMqq	VUNPCKHPD	2018
8832	VUNPCKHPD_YMMqq_YMMqq_YMMqq	VUNPCKHPD	2018
8833	VUNPCKHPD_ZMMf64_MASKmskw_ZMMf64_MEMf64_AVX512	VUNPCKHPD	2018
8834	VUNPCKHPD_ZMMf64_MASKmskw_ZMMf64_ZMMf64_AVX512	VUNPCKHPD	2018
8835	VUNPCKHPS_XMMdq_XMMdq_MEMdq	VUNPCKHPS	2019
8836	VUNPCKHPS_XMMdq_XMMdq_XMMdq	VUNPCKHPS	2019
8837	VUNPCKHPS_XMMf32_MASKmskw_XMMf32_MEMf32_AVX512	VUNPCKHPS	2019
8838	VUNPCKHPS_XMMf32_MASKmskw_XMMf32_XMMf32_AVX512	VUNPCKHPS	2019
8839	VUNPCKHPS_YMMf32_MASKmskw_YMMf32_MEMf32_AVX512	VUNPCKHPS	2019
8840	VUNPCKHPS_YMMf32_MASKmskw_YMMf32_YMMf32_AVX512	VUNPCKHPS	2019
8841	VUNPCKHPS_YMMqq_YMMqq_MEMqq	VUNPCKHPS	2019
8842	VUNPCKHPS_YMMqq_YMMqq_YMMqq	VUNPCKHPS	2019
8843	VUNPCKHPS_ZMMf32_MASKmskw_ZMMf32_MEMf32_AVX512	VUNPCKHPS	2019
8844	VUNPCKHPS_ZMMf32_MASKmskw_ZMMf32_ZMMf32_AVX512	VUNPCKHPS	2019
8845	VUNPCKLPD_XMMdq_XMMdq_MEMdq	VUNPCKLPD	2020
8846	VUNPCKLPD_XMMdq_XMMdq_XMMdq	VUNPCKLPD	2020
8847	VUNPCKLPD_XMMf64_MASKmskw_XMMf64_MEMf64_AVX512	VUNPCKLPD	2020
8848	VUNPCKLPD_XMMf64_MASKmskw_XMMf64_XMMf64_AVX512	VUNPCKLPD	2020
8849	VUNPCKLPD_YMMf64_MASKmskw_YMMf64_MEMf64_AVX512	VUNPCKLPD	2020
8850	VUNPCKLPD_YMMf64_MASKmskw_YMMf64_YMMf64_AVX512	VUNPCKLPD	2020
8851	VUNPCKLPD_YMMqq_YMMqq_MEMqq	VUNPCKLPD	2020
8852	VUNPCKLPD_YMMqq_YMMqq_YMMqq	VUNPCKLPD	2020
8853	VUNPCKLPD_ZMMf64_MASKmskw_ZMMf64_MEMf64_AVX512	VUNPCKLPD	2020
8854	VUNPCKLPD_ZMMf64_MASKmskw_ZMMf64_ZMMf64_AVX512	VUNPCKLPD	2020
8855	VUNPCKLPS_XMMdq_XMMdq_MEMdq	VUNPCKLPS	2021
8856	VUNPCKLPS_XMMdq_XMMdq_XMMdq	VUNPCKLPS	2021
8857	VUNPCKLPS_XMMf32_MASKmskw_XMMf32_MEMf32_AVX512	VUNPCKLPS	2021
8858	VUNPCKLPS_XMMf32_MASKmskw_XMMf32_XMMf32_AVX512	VUNPCKLPS	2021
8859	VUNPCKLPS_YMMf32_MASKmskw_YMMf32_MEMf32_AVX512	VUNPCKLPS	2021
8860	VUNPCKLPS_YMMf32_MASKmskw_YMMf32_YMMf32_AVX512	VUNPCKLPS	2021
8861	VUNPCKLPS_YMMqq_YMMqq_MEMqq	VUNPCKLPS	2021
8862	VUNPCKLPS_YMMqq_YMMqq_YMMqq	VUNPCKLPS	2021
8863	VUNPCKLPS_ZMMf32_MASKmskw_ZMMf32_MEMf32_AVX512	VUNPCKLPS	2021
8864	VUNPCKLPS_ZMMf32_MASKmskw_ZMMf32_ZMMf32_AVX512	VUNPCKLPS	2021
8865	VXORPD_XMMdq_XMMdq_MEMdq	VXORPD	641
8866	VXORPD_XMMdq_XMMdq_XMMdq	VXORPD	641
8867	VXORPD_XMMu64_MASKmskw_XMMu64_MEMu64_AVX512	VXORPD	641
8868	VXORPD_XMMu64_MASKmskw_XMMu64_XMMu64_AVX512	VXORPD	641
8869	VXORPD_YMMqq_YMMqq_MEMqq	VXORPD	641
8870	VXORPD_YMMqq_YMMqq_YMMqq	VXORPD	641
8871	VXORPD_YMMu64_MASKmskw_YMMu64_MEMu64_AVX512	VXORPD	641
8872	VXORPD_YMMu64_MASKmskw_YMMu64_YMMu64_AVX512	VXORPD	641
8873	VXORPD_ZMMu64_MASKmskw_ZMMu64_MEMu64_AVX512	VXORPD	641
8874	VXORPD_ZMMu64_MASKmskw_ZMMu64_ZMMu64_AVX512	VXORPD	641
8875	VXORPS_XMMdq_XMMdq_MEMdq	VXORPS	640
8876	VXORPS_XMMdq_XMMdq_XMMdq	VXORPS	640
8877	VXORPS_XMMu32_MASKmskw_XMMu32_MEMu32_AVX512	VXORPS	640
8878	VXORPS_XMMu32_MASKmskw_XMMu32_XMMu32_AVX512	VXORPS	640
8879	VXORPS_YMMqq_YMMqq_MEMqq	VXORPS	640
8880	VXORPS_YMMqq_YMMqq_YMMqq	VXORPS	640
8881	VXORPS_YMMu32_MASKmskw_YMMu32_MEMu32_AVX512	VXORPS	640
8882	VXORPS_YMMu32_MASKmskw_YMMu32_YMMu32_AVX512	VXORPS	640
8883	VXORPS_ZMMu32_MASKmskw_ZMMu32_MEMu32_AVX512	VXORPS	640
8884	VXORPS_ZMMu32_MASKmskw_ZMMu32_ZMMu32_AVX512	VXORPS	640
8885	VZEROALL	VZEROALL	270
8886	VZEROUPPER	VZEROUPPER	271
8887	WBINVD	WBINVD	205
8888	WBNOINVD	WBNOINVD	924
8889	WRFSBASE_GPRy	WRFSBASE	1163
8890	WRGSBASE_GPRy	WRGSBASE	1164
8891	WRMSR	WRMSR	206
8892	WRMSRLIST	WRMSRLIST	2022
8893	WRMSRNS	WRMSRNS	2023
8894	WRMSRNS_IMM32_GPR64u64	WRMSRNS	2023
8895	WRMSRNS_IMM32_GPR64u64_APX	WRMSRNS	2023
8896	WRPKRU	WRPKRU	1166
8897	WRSSD_MEMu32_GPR32u32	WRSSD	836
8898	WRSSD_MEMu32_GPR32u32_APX	WRSSD	836
8899	WRSSQ_MEMu64_GPR64u64	WRSSQ	837
8900	WRSSQ_MEMu64_GPR64u64_APX	WRSSQ	837
8901	WRUSSD_MEMu32_GPR32u32	WRUSSD	838
8902	WRUSSD_MEMu32_GPR32u32_APX	WRUSSD	838
8903	WRUSSQ_MEMu64_GPR64u64	WRUSSQ	839
8904	WRUSSQ_MEMu64_GPR64u64_APX	WRUSSQ	839
8905	XABORT_IMMb	XABORT	740
8906	XADD_GPR8_GPR8	XADD	207
8907	XADD_GPRv_GPRv	XADD	207
8908	XADD_LOCK_MEMb_GPR8	XADD_LOCK	2024
8909	XADD_LOCK_MEMv_GPRv	XADD_LOCK	2024
8910	XADD_MEMb_GPR8	XADD	207
8911	XADD_MEMv_GPRv	XADD	207
8912	XBEGIN_RELBRz	XBEGIN	739
8913	XCHG_GPR8_GPR8	XCHG	208
8914	XCHG_GPRv_GPRv	XCHG	208
8915	XCHG_GPRv_OrAX	XCHG	208
8916	XCHG_MEMb_GPR8	XCHG	208
8917	XCHG_MEMv_GPRv	XCHG	208
8918	XEND	XEND	741
8919	XGETBV	XGETBV	1155
8920	XLAT	XLAT	2025
8921	XORPD_XMMxuq_MEMxuq	XORPD	350
8922	XORPD_XMMxuq_XMMxuq	XORPD	350
8923	XORPS_XMMxud_MEMxud	XORPS	292
8924	XORPS_XMMxud_XMMxud	XORPS	292
8925	XOR_AL_IMMb	XOR	210
8926	XOR_GPR8_GPR8_30	XOR	210
8927	XOR_GPR8_GPR8_32	XOR	210
8928	XOR_GPR8_IMMb_80r6	XOR	210
8929	XOR_GPR8_IMMb_82r6	XOR	210
8930	XOR_GPR8_MEMb	XOR	210
8931	XOR_GPR8i8_GPR8i8_APX	XOR	210
8932	XOR_GPR8i8_GPR8i8_APX_N3	XOR	210
8933	XOR_GPR8i8_GPR8i8_GPR8i8_APX_N3	XOR	210
8934	XOR_GPR8i8_GPR8i8_IMM8_APX_N3	XOR	210
8935	XOR_GPR8i8_GPR8i8_MEMi8_APX_N3	XOR	210
8936	XOR_GPR8i8_IMM8_APX	XOR	210
8937	XOR_GPR8i8_IMM8_APX_N3	XOR	210
8938	XOR_GPR8i8_MEMi8_APX	XOR	210
8939	XOR_GPR8i8_MEMi8_APX_N3	XOR	210
8940	XOR_GPR8i8_MEMi8_GPR8i8_APX_N3	XOR	210
8941	XOR_GPR8i8_MEMi8_IMM8_APX_N3	XOR	210
8942	XOR_GPRv_GPRv_31	XOR	210
8943	XOR_GPRv_GPRv_33	XOR	210
8944	XOR_GPRv_GPRv_APX	XOR	210
8945	XOR_GPRv_GPRv_APX_N3	XOR	210
8946	XOR_GPRv_GPRv_GPRv_APX_N3	XOR	210
8947	XOR_GPRv_GPRv_IMM8_APX_N3	XOR	210
8948	XOR_GPRv_GPRv_IMMz_APX_N3	XOR	210
8949	XOR_GPRv_GPRv_MEMv_APX_N3	XOR	210
8950	XOR_GPRv_IMM8_APX	XOR	210
8951	XOR_GPRv_IMM8_APX_N3	XOR	210
8952	XOR_GPRv_IMMb	XOR	210
8953	XOR_GPRv_IMMz	XOR	210
8954	XOR_GPRv_IMMz_APX	XOR	210
8955	XOR_GPRv_IMMz_APX_N3	XOR	210
8956	XOR_GPRv_MEMv	XOR	210
8957	XOR_GPRv_MEMv_APX	XOR	210
8958	XOR_GPRv_MEMv_APX_N3	XOR	210
8959	XOR_GPRv_MEMv_GPRv_APX_N3	XOR	210
8960	XOR_GPRv_MEMv_IMM8_APX_N3	XOR	210
8961	XOR_GPRv_MEMv_IMMz_APX_N3	XOR	210
8962	XOR_LOCK_MEMb_GPR8	XOR_LOCK	2026
8963	XOR_LOCK_MEMb_IMMb_80r6	XOR_LOCK	2026
8964	XOR_LOCK_MEMb_IMMb_82r6	XOR_LOCK	2026
8965	XOR_LOCK_MEMv_GPRv	XOR_LOCK	2026
8966	XOR_LOCK_MEMv_IMMb	XOR_LOCK	2026
8967	XOR_LOCK_MEMv_IMMz	XOR_LOCK	2026
8968	XOR_MEMb_GPR8	XOR	210
8969	XOR_MEMb_IMMb_80r6	XOR	210
8970	XOR_MEMb_IMMb_82r6	XOR	210
8971	XOR_MEMi8_GPR8i8_APX	XOR	210
8972	XOR_MEMi8_GPR8i8_APX_N3	XOR	210
8973	XOR_MEMi8_IMM8_APX	XOR	210
8974	XOR_MEMi8_IMM8_APX_N3	XOR	210
8975	XOR_MEMv_GPRv	XOR	210
8976	XOR_MEMv_GPRv_APX	XOR	210
8977	XOR_MEMv_GPRv_APX_N3	XOR	210
8978	XOR_MEMv_IMM8_APX	XOR	210
8979	XOR_MEMv_IMM8_APX_N3	XOR	210
8980	XOR_MEMv_IMMb	XOR	210
8981	XOR_MEMv_IMMz	XOR	210
8982	XOR_MEMv_IMMz_APX	XOR	210
8983	XOR_MEMv_IMMz_APX_N3	XOR	210
8984	XOR_OrAX_IMMz	XOR	210
8985	XRESLDTRK	XRESLDTRK	1178
8986	XRSTOR64_MEMmxsave	XRSTOR64	1146
8987	XRSTORS64_MEMmxsave	XRSTORS64	1154
8988	XRSTORS_MEMmxsave	XRSTORS	1153
8989	XRSTOR_MEMmxsave	XRSTOR	1145
8990	XSAVE64_MEMmxsave	XSAVE64	1144
8991	XSAVEC64_MEMmxsave	XSAVEC64	1150
8992	XSAVEC_MEMmxsave	XSAVEC	1149
8993	XSAVEOPT64_MEMmxsave	XSAVEOPT64	1148
8994	XSAVEOPT_MEMmxsave	XSAVEOPT	1147
8995	XSAVES64_MEMmxsave	XSAVES64	1152
8996	XSAVES_MEMmxsave	XSAVES	1151
8997	XSAVE_MEMmxsave	XSAVE	1143
8998	XSETBV	XSETBV	1156
8999	XSTORE	XSTORE	2027
9000	XSUSLDTRK	XSUSLDTRK	1177
9001	XTEST	XTEST	742
