iform	iclass	category	extension	isa_set	mode	bytes	xed_iform	xed_length	decoder_contract	operand_contract	legality_contract	formatter_contract	evidence_state	blocker
CCMPBE_GPR8i8_GPR8i8_DFV_APX_N3	CCMPBE	APX	APXEVEX	APX_F_N3	64	62 f4 7c 06 38 c0	CCMPBE_GPR8i8_GPR8i8_DFV_APX_N3	6	exact	exact	structural_only	exact	decode_exact	cpu_legality_and_semantics_pending
CCMPBE_GPR8i8_IMM8_DFV_APX_N3	CCMPBE	APX	APXEVEX	APX_F_N3	64	62 f4 7c 06 80 f8 00	CCMPBE_GPR8i8_IMM8_DFV_APX_N3	7	exact	exact	structural_only	exact	decode_exact	cpu_legality_and_semantics_pending
CCMPBE_GPR8i8_MEMi8_DFV_APX_N3	CCMPBE	APX	APXEVEX	APX_F_N3	64	62 f4 78 06 3a 00	CCMPBE_GPR8i8_MEMi8_DFV_APX_N3	6	exact	exact	structural_only	exact	decode_exact	cpu_legality_and_semantics_pending
CCMPBE_GPRv_IMMz_DFV_APX_N3	CCMPBE	APX	APXEVEX	APX_F_N3	64	62 f4 7c 06 81 f8 00 00 00 00	CCMPBE_GPRv_IMMz_DFV_APX_N3	10	exact	exact	structural_only	exact	decode_exact	cpu_legality_and_semantics_pending
CCMPBE_GPRv_MEMv_DFV_APX_N3	CCMPBE	APX	APXEVEX	APX_F_N3	64	62 f4 78 06 3b 00	CCMPBE_GPRv_MEMv_DFV_APX_N3	6	exact	exact	structural_only	exact	decode_exact	cpu_legality_and_semantics_pending
CCMPBE_MEMi8_GPR8i8_DFV_APX_N3	CCMPBE	APX	APXEVEX	APX_F_N3	64	62 f4 78 06 38 00	CCMPBE_MEMi8_GPR8i8_DFV_APX_N3	6	exact	exact	structural_only	exact	decode_exact	cpu_legality_and_semantics_pending
CCMPBE_MEMi8_IMM8_DFV_APX_N3	CCMPBE	APX	APXEVEX	APX_F_N3	64	62 f4 78 06 80 38 00	CCMPBE_MEMi8_IMM8_DFV_APX_N3	7	exact	exact	structural_only	exact	decode_exact	cpu_legality_and_semantics_pending
CCMPBE_MEMv_IMM8_DFV_APX_N3	CCMPBE	APX	APXEVEX	APX_F_N3	64	62 f4 79 06 83 38 00	CCMPBE_MEMv_IMM8_DFV_APX_N3	7	exact	exact	structural_only	exact	decode_exact	cpu_legality_and_semantics_pending
CCMPBE_MEMv_IMMz_DFV_APX_N3	CCMPBE	APX	APXEVEX	APX_F_N3	64	62 f4 79 06 81 38 00 00	CCMPBE_MEMv_IMMz_DFV_APX_N3	8	exact	exact	structural_only	exact	decode_exact	cpu_legality_and_semantics_pending
CCMPB_GPR8i8_GPR8i8_DFV_APX_N3	CCMPB	APX	APXEVEX	APX_F_N3	64	62 f4 7c 02 38 c0	CCMPB_GPR8i8_GPR8i8_DFV_APX_N3	6	exact	exact	structural_only	exact	decode_exact	cpu_legality_and_semantics_pending
CCMPB_GPR8i8_IMM8_DFV_APX_N3	CCMPB	APX	APXEVEX	APX_F_N3	64	62 f4 7c 02 80 f8 00	CCMPB_GPR8i8_IMM8_DFV_APX_N3	7	exact	exact	structural_only	exact	decode_exact	cpu_legality_and_semantics_pending
CCMPB_GPR8i8_MEMi8_DFV_APX_N3	CCMPB	APX	APXEVEX	APX_F_N3	64	62 f4 78 02 3a 00	CCMPB_GPR8i8_MEMi8_DFV_APX_N3	6	exact	exact	structural_only	exact	decode_exact	cpu_legality_and_semantics_pending
CCMPB_GPRv_IMMz_DFV_APX_N3	CCMPB	APX	APXEVEX	APX_F_N3	64	62 f4 7d 02 81 f8 00 00	CCMPB_GPRv_IMMz_DFV_APX_N3	8	exact	exact	structural_only	exact	decode_exact	cpu_legality_and_semantics_pending
CCMPB_GPRv_MEMv_DFV_APX_N3	CCMPB	APX	APXEVEX	APX_F_N3	64	62 f4 78 02 3b 00	CCMPB_GPRv_MEMv_DFV_APX_N3	6	exact	exact	structural_only	exact	decode_exact	cpu_legality_and_semantics_pending
CCMPB_MEMi8_GPR8i8_DFV_APX_N3	CCMPB	APX	APXEVEX	APX_F_N3	64	62 f4 78 02 38 00	CCMPB_MEMi8_GPR8i8_DFV_APX_N3	6	exact	exact	structural_only	exact	decode_exact	cpu_legality_and_semantics_pending
CCMPB_MEMi8_IMM8_DFV_APX_N3	CCMPB	APX	APXEVEX	APX_F_N3	64	62 f4 78 02 80 38 00	CCMPB_MEMi8_IMM8_DFV_APX_N3	7	exact	exact	structural_only	exact	decode_exact	cpu_legality_and_semantics_pending
CCMPB_MEMv_GPRv_DFV_APX_N3	CCMPB	APX	APXEVEX	APX_F_N3	64	62 f4 78 02 39 00	CCMPB_MEMv_GPRv_DFV_APX_N3	6	exact	exact	structural_only	exact	decode_exact	cpu_legality_and_semantics_pending
CCMPB_MEMv_IMM8_DFV_APX_N3	CCMPB	APX	APXEVEX	APX_F_N3	64	62 f4 79 02 83 38 00	CCMPB_MEMv_IMM8_DFV_APX_N3	7	exact	exact	structural_only	exact	decode_exact	cpu_legality_and_semantics_pending
CCMPB_MEMv_IMMz_DFV_APX_N3	CCMPB	APX	APXEVEX	APX_F_N3	64	62 f4 79 02 81 38 00 00	CCMPB_MEMv_IMMz_DFV_APX_N3	8	exact	exact	structural_only	exact	decode_exact	cpu_legality_and_semantics_pending
CCMPF_GPR8i8_GPR8i8_DFV_APX_N3	CCMPF	APX	APXEVEX	APX_F_N3	64	62 f4 7c 0b 38 c0	CCMPF_GPR8i8_GPR8i8_DFV_APX_N3	6	exact	exact	structural_only	exact	decode_exact	cpu_legality_and_semantics_pending
CCMPF_GPR8i8_IMM8_DFV_APX_N3	CCMPF	APX	APXEVEX	APX_F_N3	64	62 f4 7c 0b 80 f8 00	CCMPF_GPR8i8_IMM8_DFV_APX_N3	7	exact	exact	structural_only	exact	decode_exact	cpu_legality_and_semantics_pending
CCMPF_GPR8i8_MEMi8_DFV_APX_N3	CCMPF	APX	APXEVEX	APX_F_N3	64	62 f4 78 0b 3a 00	CCMPF_GPR8i8_MEMi8_DFV_APX_N3	6	exact	exact	structural_only	exact	decode_exact	cpu_legality_and_semantics_pending
CCMPF_GPRv_IMMz_DFV_APX_N3	CCMPF	APX	APXEVEX	APX_F_N3	64	62 f4 7d 0b 81 f8 00 00	CCMPF_GPRv_IMMz_DFV_APX_N3	8	exact	exact	structural_only	exact	decode_exact	cpu_legality_and_semantics_pending
CCMPF_GPRv_MEMv_DFV_APX_N3	CCMPF	APX	APXEVEX	APX_F_N3	64	62 f4 78 0b 3b 00	CCMPF_GPRv_MEMv_DFV_APX_N3	6	exact	exact	structural_only	exact	decode_exact	cpu_legality_and_semantics_pending
CCMPF_MEMi8_GPR8i8_DFV_APX_N3	CCMPF	APX	APXEVEX	APX_F_N3	64	62 f4 78 0b 38 00	CCMPF_MEMi8_GPR8i8_DFV_APX_N3	6	exact	exact	structural_only	exact	decode_exact	cpu_legality_and_semantics_pending
CCMPF_MEMi8_IMM8_DFV_APX_N3	CCMPF	APX	APXEVEX	APX_F_N3	64	62 f4 78 0b 80 38 00	CCMPF_MEMi8_IMM8_DFV_APX_N3	7	exact	exact	structural_only	exact	decode_exact	cpu_legality_and_semantics_pending
CCMPF_MEMv_GPRv_DFV_APX_N3	CCMPF	APX	APXEVEX	APX_F_N3	64	62 f4 78 0b 39 00	CCMPF_MEMv_GPRv_DFV_APX_N3	6	exact	exact	structural_only	exact	decode_exact	cpu_legality_and_semantics_pending
CCMPF_MEMv_IMM8_DFV_APX_N3	CCMPF	APX	APXEVEX	APX_F_N3	64	62 f4 79 0b 83 38 00	CCMPF_MEMv_IMM8_DFV_APX_N3	7	exact	exact	structural_only	exact	decode_exact	cpu_legality_and_semantics_pending
CCMPF_MEMv_IMMz_DFV_APX_N3	CCMPF	APX	APXEVEX	APX_F_N3	64	62 f4 79 0b 81 38 00 00	CCMPF_MEMv_IMMz_DFV_APX_N3	8	exact	exact	structural_only	exact	decode_exact	cpu_legality_and_semantics_pending
CCMPLE_GPR8i8_GPR8i8_DFV_APX_N3	CCMPLE	APX	APXEVEX	APX_F_N3	64	62 f4 7c 0e 38 c0	CCMPLE_GPR8i8_GPR8i8_DFV_APX_N3	6	exact	exact	structural_only	exact	decode_exact	cpu_legality_and_semantics_pending
CCMPLE_GPR8i8_IMM8_DFV_APX_N3	CCMPLE	APX	APXEVEX	APX_F_N3	64	62 f4 7c 0e 80 f8 00	CCMPLE_GPR8i8_IMM8_DFV_APX_N3	7	exact	exact	structural_only	exact	decode_exact	cpu_legality_and_semantics_pending
CCMPLE_GPR8i8_MEMi8_DFV_APX_N3	CCMPLE	APX	APXEVEX	APX_F_N3	64	62 f4 78 0e 3a 00	CCMPLE_GPR8i8_MEMi8_DFV_APX_N3	6	exact	exact	structural_only	exact	decode_exact	cpu_legality_and_semantics_pending
CCMPLE_GPRv_IMMz_DFV_APX_N3	CCMPLE	APX	APXEVEX	APX_F_N3	64	62 f4 7c 0e 81 f8 00 00 00 00	CCMPLE_GPRv_IMMz_DFV_APX_N3	10	exact	exact	structural_only	exact	decode_exact	cpu_legality_and_semantics_pending
CCMPLE_GPRv_MEMv_DFV_APX_N3	CCMPLE	APX	APXEVEX	APX_F_N3	64	62 f4 78 0e 3b 00	CCMPLE_GPRv_MEMv_DFV_APX_N3	6	exact	exact	structural_only	exact	decode_exact	cpu_legality_and_semantics_pending
CCMPLE_MEMi8_GPR8i8_DFV_APX_N3	CCMPLE	APX	APXEVEX	APX_F_N3	64	62 f4 78 0e 38 00	CCMPLE_MEMi8_GPR8i8_DFV_APX_N3	6	exact	exact	structural_only	exact	decode_exact	cpu_legality_and_semantics_pending
CCMPLE_MEMi8_IMM8_DFV_APX_N3	CCMPLE	APX	APXEVEX	APX_F_N3	64	62 f4 78 0e 80 38 00	CCMPLE_MEMi8_IMM8_DFV_APX_N3	7	exact	exact	structural_only	exact	decode_exact	cpu_legality_and_semantics_pending
CCMPLE_MEMv_GPRv_DFV_APX_N3	CCMPLE	APX	APXEVEX	APX_F_N3	64	62 f4 79 0e 39 00	CCMPLE_MEMv_GPRv_DFV_APX_N3	6	exact	exact	structural_only	exact	decode_exact	cpu_legality_and_semantics_pending
CCMPLE_MEMv_IMM8_DFV_APX_N3	CCMPLE	APX	APXEVEX	APX_F_N3	64	62 f4 78 0e 83 38 00	CCMPLE_MEMv_IMM8_DFV_APX_N3	7	exact	exact	structural_only	exact	decode_exact	cpu_legality_and_semantics_pending
CCMPLE_MEMv_IMMz_DFV_APX_N3	CCMPLE	APX	APXEVEX	APX_F_N3	64	62 f4 78 0e 81 38 00 00 00 00	CCMPLE_MEMv_IMMz_DFV_APX_N3	10	exact	exact	structural_only	exact	decode_exact	cpu_legality_and_semantics_pending
CCMPL_GPR8i8_GPR8i8_DFV_APX_N3	CCMPL	APX	APXEVEX	APX_F_N3	64	62 f4 7c 0c 38 c0	CCMPL_GPR8i8_GPR8i8_DFV_APX_N3	6	exact	exact	structural_only	exact	decode_exact	cpu_legality_and_semantics_pending
CCMPL_GPR8i8_IMM8_DFV_APX_N3	CCMPL	APX	APXEVEX	APX_F_N3	64	62 f4 7c 0c 80 f8 00	CCMPL_GPR8i8_IMM8_DFV_APX_N3	7	exact	exact	structural_only	exact	decode_exact	cpu_legality_and_semantics_pending
CCMPL_GPR8i8_MEMi8_DFV_APX_N3	CCMPL	APX	APXEVEX	APX_F_N3	64	62 f4 78 0c 3a 00	CCMPL_GPR8i8_MEMi8_DFV_APX_N3	6	exact	exact	structural_only	exact	decode_exact	cpu_legality_and_semantics_pending
CCMPL_GPRv_IMMz_DFV_APX_N3	CCMPL	APX	APXEVEX	APX_F_N3	64	62 f4 7c 0c 81 f8 00 00 00 00	CCMPL_GPRv_IMMz_DFV_APX_N3	10	exact	exact	structural_only	exact	decode_exact	cpu_legality_and_semantics_pending
CCMPL_GPRv_MEMv_DFV_APX_N3	CCMPL	APX	APXEVEX	APX_F_N3	64	62 f4 79 0c 3b 00	CCMPL_GPRv_MEMv_DFV_APX_N3	6	exact	exact	structural_only	exact	decode_exact	cpu_legality_and_semantics_pending
CCMPL_MEMi8_GPR8i8_DFV_APX_N3	CCMPL	APX	APXEVEX	APX_F_N3	64	62 f4 78 0c 38 00	CCMPL_MEMi8_GPR8i8_DFV_APX_N3	6	exact	exact	structural_only	exact	decode_exact	cpu_legality_and_semantics_pending
CCMPL_MEMi8_IMM8_DFV_APX_N3	CCMPL	APX	APXEVEX	APX_F_N3	64	62 f4 78 0c 80 38 00	CCMPL_MEMi8_IMM8_DFV_APX_N3	7	exact	exact	structural_only	exact	decode_exact	cpu_legality_and_semantics_pending
CCMPL_MEMv_GPRv_DFV_APX_N3	CCMPL	APX	APXEVEX	APX_F_N3	64	62 f4 78 0c 39 00	CCMPL_MEMv_GPRv_DFV_APX_N3	6	exact	exact	structural_only	exact	decode_exact	cpu_legality_and_semantics_pending
CCMPL_MEMv_IMM8_DFV_APX_N3	CCMPL	APX	APXEVEX	APX_F_N3	64	62 f4 78 0c 83 38 00	CCMPL_MEMv_IMM8_DFV_APX_N3	7	exact	exact	structural_only	exact	decode_exact	cpu_legality_and_semantics_pending
CCMPL_MEMv_IMMz_DFV_APX_N3	CCMPL	APX	APXEVEX	APX_F_N3	64	62 f4 79 0c 81 38 00 00	CCMPL_MEMv_IMMz_DFV_APX_N3	8	exact	exact	structural_only	exact	decode_exact	cpu_legality_and_semantics_pending
CCMPNBE_GPR8i8_GPR8i8_DFV_APX_N3	CCMPNBE	APX	APXEVEX	APX_F_N3	64	62 f4 7c 07 38 c0	CCMPNBE_GPR8i8_GPR8i8_DFV_APX_N3	6	exact	exact	structural_only	exact	decode_exact	cpu_legality_and_semantics_pending
CCMPNBE_GPR8i8_IMM8_DFV_APX_N3	CCMPNBE	APX	APXEVEX	APX_F_N3	64	62 f4 7c 07 80 f8 00	CCMPNBE_GPR8i8_IMM8_DFV_APX_N3	7	exact	exact	structural_only	exact	decode_exact	cpu_legality_and_semantics_pending
CCMPNBE_GPR8i8_MEMi8_DFV_APX_N3	CCMPNBE	APX	APXEVEX	APX_F_N3	64	62 f4 78 07 3a 00	CCMPNBE_GPR8i8_MEMi8_DFV_APX_N3	6	exact	exact	structural_only	exact	decode_exact	cpu_legality_and_semantics_pending
CCMPNBE_GPRv_IMMz_DFV_APX_N3	CCMPNBE	APX	APXEVEX	APX_F_N3	64	62 f4 7c 07 81 f8 00 00 00 00	CCMPNBE_GPRv_IMMz_DFV_APX_N3	10	exact	exact	structural_only	exact	decode_exact	cpu_legality_and_semantics_pending
CCMPNBE_GPRv_MEMv_DFV_APX_N3	CCMPNBE	APX	APXEVEX	APX_F_N3	64	62 f4 79 07 3b 00	CCMPNBE_GPRv_MEMv_DFV_APX_N3	6	exact	exact	structural_only	exact	decode_exact	cpu_legality_and_semantics_pending
CCMPNBE_MEMi8_GPR8i8_DFV_APX_N3	CCMPNBE	APX	APXEVEX	APX_F_N3	64	62 f4 78 07 38 00	CCMPNBE_MEMi8_GPR8i8_DFV_APX_N3	6	exact	exact	structural_only	exact	decode_exact	cpu_legality_and_semantics_pending
CCMPNBE_MEMi8_IMM8_DFV_APX_N3	CCMPNBE	APX	APXEVEX	APX_F_N3	64	62 f4 78 07 80 38 00	CCMPNBE_MEMi8_IMM8_DFV_APX_N3	7	exact	exact	structural_only	exact	decode_exact	cpu_legality_and_semantics_pending
CCMPNBE_MEMv_GPRv_DFV_APX_N3	CCMPNBE	APX	APXEVEX	APX_F_N3	64	62 f4 79 07 39 00	CCMPNBE_MEMv_GPRv_DFV_APX_N3	6	exact	exact	structural_only	exact	decode_exact	cpu_legality_and_semantics_pending
CCMPNBE_MEMv_IMM8_DFV_APX_N3	CCMPNBE	APX	APXEVEX	APX_F_N3	64	62 f4 79 07 83 38 00	CCMPNBE_MEMv_IMM8_DFV_APX_N3	7	exact	exact	structural_only	exact	decode_exact	cpu_legality_and_semantics_pending
CCMPNBE_MEMv_IMMz_DFV_APX_N3	CCMPNBE	APX	APXEVEX	APX_F_N3	64	62 f4 78 07 81 38 00 00 00 00	CCMPNBE_MEMv_IMMz_DFV_APX_N3	10	exact	exact	structural_only	exact	decode_exact	cpu_legality_and_semantics_pending
CCMPNB_GPR8i8_GPR8i8_DFV_APX_N3	CCMPNB	APX	APXEVEX	APX_F_N3	64	62 f4 7c 03 38 c0	CCMPNB_GPR8i8_GPR8i8_DFV_APX_N3	6	exact	exact	structural_only	exact	decode_exact	cpu_legality_and_semantics_pending
CCMPNB_GPR8i8_IMM8_DFV_APX_N3	CCMPNB	APX	APXEVEX	APX_F_N3	64	62 f4 7c 03 80 f8 00	CCMPNB_GPR8i8_IMM8_DFV_APX_N3	7	exact	exact	structural_only	exact	decode_exact	cpu_legality_and_semantics_pending
CCMPNB_GPR8i8_MEMi8_DFV_APX_N3	CCMPNB	APX	APXEVEX	APX_F_N3	64	62 f4 78 03 3a 00	CCMPNB_GPR8i8_MEMi8_DFV_APX_N3	6	exact	exact	structural_only	exact	decode_exact	cpu_legality_and_semantics_pending
CCMPNB_GPRv_IMMz_DFV_APX_N3	CCMPNB	APX	APXEVEX	APX_F_N3	64	62 f4 7c 03 81 f8 00 00 00 00	CCMPNB_GPRv_IMMz_DFV_APX_N3	10	exact	exact	structural_only	exact	decode_exact	cpu_legality_and_semantics_pending
CCMPNB_GPRv_MEMv_DFV_APX_N3	CCMPNB	APX	APXEVEX	APX_F_N3	64	62 f4 78 03 3b 00	CCMPNB_GPRv_MEMv_DFV_APX_N3	6	exact	exact	structural_only	exact	decode_exact	cpu_legality_and_semantics_pending
CCMPNB_MEMi8_GPR8i8_DFV_APX_N3	CCMPNB	APX	APXEVEX	APX_F_N3	64	62 f4 78 03 38 00	CCMPNB_MEMi8_GPR8i8_DFV_APX_N3	6	exact	exact	structural_only	exact	decode_exact	cpu_legality_and_semantics_pending
CCMPNB_MEMi8_IMM8_DFV_APX_N3	CCMPNB	APX	APXEVEX	APX_F_N3	64	62 f4 78 03 80 38 00	CCMPNB_MEMi8_IMM8_DFV_APX_N3	7	exact	exact	structural_only	exact	decode_exact	cpu_legality_and_semantics_pending
CCMPNB_MEMv_GPRv_DFV_APX_N3	CCMPNB	APX	APXEVEX	APX_F_N3	64	62 f4 79 03 39 00	CCMPNB_MEMv_GPRv_DFV_APX_N3	6	exact	exact	structural_only	exact	decode_exact	cpu_legality_and_semantics_pending
CCMPNB_MEMv_IMM8_DFV_APX_N3	CCMPNB	APX	APXEVEX	APX_F_N3	64	62 f4 78 03 83 38 00	CCMPNB_MEMv_IMM8_DFV_APX_N3	7	exact	exact	structural_only	exact	decode_exact	cpu_legality_and_semantics_pending
CCMPNB_MEMv_IMMz_DFV_APX_N3	CCMPNB	APX	APXEVEX	APX_F_N3	64	62 f4 78 03 81 38 00 00 00 00	CCMPNB_MEMv_IMMz_DFV_APX_N3	10	exact	exact	structural_only	exact	decode_exact	cpu_legality_and_semantics_pending
CCMPNLE_GPR8i8_GPR8i8_DFV_APX_N3	CCMPNLE	APX	APXEVEX	APX_F_N3	64	62 f4 7c 0f 38 c0	CCMPNLE_GPR8i8_GPR8i8_DFV_APX_N3	6	exact	exact	structural_only	exact	decode_exact	cpu_legality_and_semantics_pending
CCMPNLE_GPR8i8_IMM8_DFV_APX_N3	CCMPNLE	APX	APXEVEX	APX_F_N3	64	62 f4 7c 0f 80 f8 00	CCMPNLE_GPR8i8_IMM8_DFV_APX_N3	7	exact	exact	structural_only	exact	decode_exact	cpu_legality_and_semantics_pending
CCMPNLE_GPR8i8_MEMi8_DFV_APX_N3	CCMPNLE	APX	APXEVEX	APX_F_N3	64	62 f4 78 0f 3a 00	CCMPNLE_GPR8i8_MEMi8_DFV_APX_N3	6	exact	exact	structural_only	exact	decode_exact	cpu_legality_and_semantics_pending
CCMPNLE_GPRv_IMMz_DFV_APX_N3	CCMPNLE	APX	APXEVEX	APX_F_N3	64	62 f4 7c 0f 81 f8 00 00 00 00	CCMPNLE_GPRv_IMMz_DFV_APX_N3	10	exact	exact	structural_only	exact	decode_exact	cpu_legality_and_semantics_pending
CCMPNLE_GPRv_MEMv_DFV_APX_N3	CCMPNLE	APX	APXEVEX	APX_F_N3	64	62 f4 79 0f 3b 00	CCMPNLE_GPRv_MEMv_DFV_APX_N3	6	exact	exact	structural_only	exact	decode_exact	cpu_legality_and_semantics_pending
CCMPNLE_MEMi8_GPR8i8_DFV_APX_N3	CCMPNLE	APX	APXEVEX	APX_F_N3	64	62 f4 78 0f 38 00	CCMPNLE_MEMi8_GPR8i8_DFV_APX_N3	6	exact	exact	structural_only	exact	decode_exact	cpu_legality_and_semantics_pending
CCMPNLE_MEMi8_IMM8_DFV_APX_N3	CCMPNLE	APX	APXEVEX	APX_F_N3	64	62 f4 78 0f 80 38 00	CCMPNLE_MEMi8_IMM8_DFV_APX_N3	7	exact	exact	structural_only	exact	decode_exact	cpu_legality_and_semantics_pending
CCMPNLE_MEMv_GPRv_DFV_APX_N3	CCMPNLE	APX	APXEVEX	APX_F_N3	64	62 f4 79 0f 39 00	CCMPNLE_MEMv_GPRv_DFV_APX_N3	6	exact	exact	structural_only	exact	decode_exact	cpu_legality_and_semantics_pending
CCMPNLE_MEMv_IMM8_DFV_APX_N3	CCMPNLE	APX	APXEVEX	APX_F_N3	64	62 f4 79 0f 83 38 00	CCMPNLE_MEMv_IMM8_DFV_APX_N3	7	exact	exact	structural_only	exact	decode_exact	cpu_legality_and_semantics_pending
CCMPNLE_MEMv_IMMz_DFV_APX_N3	CCMPNLE	APX	APXEVEX	APX_F_N3	64	62 f4 79 0f 81 38 00 00	CCMPNLE_MEMv_IMMz_DFV_APX_N3	8	exact	exact	structural_only	exact	decode_exact	cpu_legality_and_semantics_pending
CCMPNL_GPR8i8_GPR8i8_DFV_APX_N3	CCMPNL	APX	APXEVEX	APX_F_N3	64	62 f4 7c 0d 38 c0	CCMPNL_GPR8i8_GPR8i8_DFV_APX_N3	6	exact	exact	structural_only	exact	decode_exact	cpu_legality_and_semantics_pending
CCMPNL_GPR8i8_IMM8_DFV_APX_N3	CCMPNL	APX	APXEVEX	APX_F_N3	64	62 f4 7c 0d 80 f8 00	CCMPNL_GPR8i8_IMM8_DFV_APX_N3	7	exact	exact	structural_only	exact	decode_exact	cpu_legality_and_semantics_pending
CCMPNL_GPR8i8_MEMi8_DFV_APX_N3	CCMPNL	APX	APXEVEX	APX_F_N3	64	62 f4 78 0d 3a 00	CCMPNL_GPR8i8_MEMi8_DFV_APX_N3	6	exact	exact	structural_only	exact	decode_exact	cpu_legality_and_semantics_pending
CCMPNL_GPRv_IMMz_DFV_APX_N3	CCMPNL	APX	APXEVEX	APX_F_N3	64	62 f4 7c 0d 81 f8 00 00 00 00	CCMPNL_GPRv_IMMz_DFV_APX_N3	10	exact	exact	structural_only	exact	decode_exact	cpu_legality_and_semantics_pending
CCMPNL_GPRv_MEMv_DFV_APX_N3	CCMPNL	APX	APXEVEX	APX_F_N3	64	62 f4 79 0d 3b 00	CCMPNL_GPRv_MEMv_DFV_APX_N3	6	exact	exact	structural_only	exact	decode_exact	cpu_legality_and_semantics_pending
CCMPNL_MEMi8_GPR8i8_DFV_APX_N3	CCMPNL	APX	APXEVEX	APX_F_N3	64	62 f4 78 0d 38 00	CCMPNL_MEMi8_GPR8i8_DFV_APX_N3	6	exact	exact	structural_only	exact	decode_exact	cpu_legality_and_semantics_pending
CCMPNL_MEMi8_IMM8_DFV_APX_N3	CCMPNL	APX	APXEVEX	APX_F_N3	64	62 f4 78 0d 80 38 00	CCMPNL_MEMi8_IMM8_DFV_APX_N3	7	exact	exact	structural_only	exact	decode_exact	cpu_legality_and_semantics_pending
CCMPNL_MEMv_GPRv_DFV_APX_N3	CCMPNL	APX	APXEVEX	APX_F_N3	64	62 f4 78 0d 39 00	CCMPNL_MEMv_GPRv_DFV_APX_N3	6	exact	exact	structural_only	exact	decode_exact	cpu_legality_and_semantics_pending
CCMPNL_MEMv_IMM8_DFV_APX_N3	CCMPNL	APX	APXEVEX	APX_F_N3	64	62 f4 78 0d 83 38 00	CCMPNL_MEMv_IMM8_DFV_APX_N3	7	exact	exact	structural_only	exact	decode_exact	cpu_legality_and_semantics_pending
CCMPNL_MEMv_IMMz_DFV_APX_N3	CCMPNL	APX	APXEVEX	APX_F_N3	64	62 f4 78 0d 81 38 00 00 00 00	CCMPNL_MEMv_IMMz_DFV_APX_N3	10	exact	exact	structural_only	exact	decode_exact	cpu_legality_and_semantics_pending
CCMPNO_GPR8i8_GPR8i8_DFV_APX_N3	CCMPNO	APX	APXEVEX	APX_F_N3	64	62 f4 7c 01 38 c0	CCMPNO_GPR8i8_GPR8i8_DFV_APX_N3	6	exact	exact	structural_only	exact	decode_exact	cpu_legality_and_semantics_pending
CCMPNO_GPR8i8_IMM8_DFV_APX_N3	CCMPNO	APX	APXEVEX	APX_F_N3	64	62 f4 7c 01 80 f8 00	CCMPNO_GPR8i8_IMM8_DFV_APX_N3	7	exact	exact	structural_only	exact	decode_exact	cpu_legality_and_semantics_pending
CCMPNO_GPR8i8_MEMi8_DFV_APX_N3	CCMPNO	APX	APXEVEX	APX_F_N3	64	62 f4 78 01 3a 00	CCMPNO_GPR8i8_MEMi8_DFV_APX_N3	6	exact	exact	structural_only	exact	decode_exact	cpu_legality_and_semantics_pending
CCMPNO_GPRv_IMMz_DFV_APX_N3	CCMPNO	APX	APXEVEX	APX_F_N3	64	62 f4 7d 01 81 f8 00 00	CCMPNO_GPRv_IMMz_DFV_APX_N3	8	exact	exact	structural_only	exact	decode_exact	cpu_legality_and_semantics_pending
CCMPNO_GPRv_MEMv_DFV_APX_N3	CCMPNO	APX	APXEVEX	APX_F_N3	64	62 f4 79 01 3b 00	CCMPNO_GPRv_MEMv_DFV_APX_N3	6	exact	exact	structural_only	exact	decode_exact	cpu_legality_and_semantics_pending
CCMPNO_MEMi8_GPR8i8_DFV_APX_N3	CCMPNO	APX	APXEVEX	APX_F_N3	64	62 f4 78 01 38 00	CCMPNO_MEMi8_GPR8i8_DFV_APX_N3	6	exact	exact	structural_only	exact	decode_exact	cpu_legality_and_semantics_pending
CCMPNO_MEMi8_IMM8_DFV_APX_N3	CCMPNO	APX	APXEVEX	APX_F_N3	64	62 f4 78 01 80 38 00	CCMPNO_MEMi8_IMM8_DFV_APX_N3	7	exact	exact	structural_only	exact	decode_exact	cpu_legality_and_semantics_pending
CCMPNO_MEMv_GPRv_DFV_APX_N3	CCMPNO	APX	APXEVEX	APX_F_N3	64	62 f4 79 01 39 00	CCMPNO_MEMv_GPRv_DFV_APX_N3	6	exact	exact	structural_only	exact	decode_exact	cpu_legality_and_semantics_pending
CCMPNO_MEMv_IMM8_DFV_APX_N3	CCMPNO	APX	APXEVEX	APX_F_N3	64	62 f4 79 01 83 38 00	CCMPNO_MEMv_IMM8_DFV_APX_N3	7	exact	exact	structural_only	exact	decode_exact	cpu_legality_and_semantics_pending
CCMPNO_MEMv_IMMz_DFV_APX_N3	CCMPNO	APX	APXEVEX	APX_F_N3	64	62 f4 78 01 81 38 00 00 00 00	CCMPNO_MEMv_IMMz_DFV_APX_N3	10	exact	exact	structural_only	exact	decode_exact	cpu_legality_and_semantics_pending
CCMPNS_GPR8i8_GPR8i8_DFV_APX_N3	CCMPNS	APX	APXEVEX	APX_F_N3	64	62 f4 7c 09 38 c0	CCMPNS_GPR8i8_GPR8i8_DFV_APX_N3	6	exact	exact	structural_only	exact	decode_exact	cpu_legality_and_semantics_pending
CCMPNS_GPR8i8_IMM8_DFV_APX_N3	CCMPNS	APX	APXEVEX	APX_F_N3	64	62 f4 7c 09 80 f8 00	CCMPNS_GPR8i8_IMM8_DFV_APX_N3	7	exact	exact	structural_only	exact	decode_exact	cpu_legality_and_semantics_pending
CCMPNS_GPR8i8_MEMi8_DFV_APX_N3	CCMPNS	APX	APXEVEX	APX_F_N3	64	62 f4 78 09 3a 00	CCMPNS_GPR8i8_MEMi8_DFV_APX_N3	6	exact	exact	structural_only	exact	decode_exact	cpu_legality_and_semantics_pending
CCMPNS_GPRv_IMMz_DFV_APX_N3	CCMPNS	APX	APXEVEX	APX_F_N3	64	62 f4 7d 09 81 f8 00 00	CCMPNS_GPRv_IMMz_DFV_APX_N3	8	exact	exact	structural_only	exact	decode_exact	cpu_legality_and_semantics_pending
CCMPNS_GPRv_MEMv_DFV_APX_N3	CCMPNS	APX	APXEVEX	APX_F_N3	64	62 f4 79 09 3b 00	CCMPNS_GPRv_MEMv_DFV_APX_N3	6	exact	exact	structural_only	exact	decode_exact	cpu_legality_and_semantics_pending
CCMPNS_MEMi8_GPR8i8_DFV_APX_N3	CCMPNS	APX	APXEVEX	APX_F_N3	64	62 f4 78 09 38 00	CCMPNS_MEMi8_GPR8i8_DFV_APX_N3	6	exact	exact	structural_only	exact	decode_exact	cpu_legality_and_semantics_pending
CCMPNS_MEMi8_IMM8_DFV_APX_N3	CCMPNS	APX	APXEVEX	APX_F_N3	64	62 f4 78 09 80 38 00	CCMPNS_MEMi8_IMM8_DFV_APX_N3	7	exact	exact	structural_only	exact	decode_exact	cpu_legality_and_semantics_pending
CCMPNS_MEMv_GPRv_DFV_APX_N3	CCMPNS	APX	APXEVEX	APX_F_N3	64	62 f4 79 09 39 00	CCMPNS_MEMv_GPRv_DFV_APX_N3	6	exact	exact	structural_only	exact	decode_exact	cpu_legality_and_semantics_pending
CCMPNS_MEMv_IMM8_DFV_APX_N3	CCMPNS	APX	APXEVEX	APX_F_N3	64	62 f4 79 09 83 38 00	CCMPNS_MEMv_IMM8_DFV_APX_N3	7	exact	exact	structural_only	exact	decode_exact	cpu_legality_and_semantics_pending
CCMPNS_MEMv_IMMz_DFV_APX_N3	CCMPNS	APX	APXEVEX	APX_F_N3	64	62 f4 79 09 81 38 00 00	CCMPNS_MEMv_IMMz_DFV_APX_N3	8	exact	exact	structural_only	exact	decode_exact	cpu_legality_and_semantics_pending
CCMPNZ_GPR8i8_GPR8i8_DFV_APX_N3	CCMPNZ	APX	APXEVEX	APX_F_N3	64	62 f4 7c 05 38 c0	CCMPNZ_GPR8i8_GPR8i8_DFV_APX_N3	6	exact	exact	structural_only	exact	decode_exact	cpu_legality_and_semantics_pending
CCMPNZ_GPR8i8_IMM8_DFV_APX_N3	CCMPNZ	APX	APXEVEX	APX_F_N3	64	62 f4 7c 05 80 f8 00	CCMPNZ_GPR8i8_IMM8_DFV_APX_N3	7	exact	exact	structural_only	exact	decode_exact	cpu_legality_and_semantics_pending
CCMPNZ_GPR8i8_MEMi8_DFV_APX_N3	CCMPNZ	APX	APXEVEX	APX_F_N3	64	62 f4 78 05 3a 00	CCMPNZ_GPR8i8_MEMi8_DFV_APX_N3	6	exact	exact	structural_only	exact	decode_exact	cpu_legality_and_semantics_pending
CCMPNZ_GPRv_IMMz_DFV_APX_N3	CCMPNZ	APX	APXEVEX	APX_F_N3	64	62 f4 7d 05 81 f8 00 00	CCMPNZ_GPRv_IMMz_DFV_APX_N3	8	exact	exact	structural_only	exact	decode_exact	cpu_legality_and_semantics_pending
CCMPNZ_GPRv_MEMv_DFV_APX_N3	CCMPNZ	APX	APXEVEX	APX_F_N3	64	62 f4 79 05 3b 00	CCMPNZ_GPRv_MEMv_DFV_APX_N3	6	exact	exact	structural_only	exact	decode_exact	cpu_legality_and_semantics_pending
CCMPNZ_MEMi8_GPR8i8_DFV_APX_N3	CCMPNZ	APX	APXEVEX	APX_F_N3	64	62 f4 78 05 38 00	CCMPNZ_MEMi8_GPR8i8_DFV_APX_N3	6	exact	exact	structural_only	exact	decode_exact	cpu_legality_and_semantics_pending
CCMPNZ_MEMi8_IMM8_DFV_APX_N3	CCMPNZ	APX	APXEVEX	APX_F_N3	64	62 f4 78 05 80 38 00	CCMPNZ_MEMi8_IMM8_DFV_APX_N3	7	exact	exact	structural_only	exact	decode_exact	cpu_legality_and_semantics_pending
CCMPNZ_MEMv_GPRv_DFV_APX_N3	CCMPNZ	APX	APXEVEX	APX_F_N3	64	62 f4 79 05 39 00	CCMPNZ_MEMv_GPRv_DFV_APX_N3	6	exact	exact	structural_only	exact	decode_exact	cpu_legality_and_semantics_pending
CCMPNZ_MEMv_IMM8_DFV_APX_N3	CCMPNZ	APX	APXEVEX	APX_F_N3	64	62 f4 79 05 83 38 00	CCMPNZ_MEMv_IMM8_DFV_APX_N3	7	exact	exact	structural_only	exact	decode_exact	cpu_legality_and_semantics_pending
CCMPNZ_MEMv_IMMz_DFV_APX_N3	CCMPNZ	APX	APXEVEX	APX_F_N3	64	62 f4 78 05 81 38 00 00 00 00	CCMPNZ_MEMv_IMMz_DFV_APX_N3	10	exact	exact	structural_only	exact	decode_exact	cpu_legality_and_semantics_pending
CCMPO_GPR8i8_GPR8i8_DFV_APX_N3	CCMPO	APX	APXEVEX	APX_F_N3	64	62 f4 7c 00 38 c0	CCMPO_GPR8i8_GPR8i8_DFV_APX_N3	6	exact	exact	structural_only	exact	decode_exact	cpu_legality_and_semantics_pending
CCMPO_GPR8i8_IMM8_DFV_APX_N3	CCMPO	APX	APXEVEX	APX_F_N3	64	62 f4 7c 00 80 f8 00	CCMPO_GPR8i8_IMM8_DFV_APX_N3	7	exact	exact	structural_only	exact	decode_exact	cpu_legality_and_semantics_pending
CCMPO_GPR8i8_MEMi8_DFV_APX_N3	CCMPO	APX	APXEVEX	APX_F_N3	64	62 f4 78 00 3a 00	CCMPO_GPR8i8_MEMi8_DFV_APX_N3	6	exact	exact	structural_only	exact	decode_exact	cpu_legality_and_semantics_pending
CCMPO_GPRv_IMMz_DFV_APX_N3	CCMPO	APX	APXEVEX	APX_F_N3	64	62 f4 7d 00 81 f8 00 00	CCMPO_GPRv_IMMz_DFV_APX_N3	8	exact	exact	structural_only	exact	decode_exact	cpu_legality_and_semantics_pending
CCMPO_GPRv_MEMv_DFV_APX_N3	CCMPO	APX	APXEVEX	APX_F_N3	64	62 f4 78 00 3b 00	CCMPO_GPRv_MEMv_DFV_APX_N3	6	exact	exact	structural_only	exact	decode_exact	cpu_legality_and_semantics_pending
CCMPO_MEMi8_GPR8i8_DFV_APX_N3	CCMPO	APX	APXEVEX	APX_F_N3	64	62 f4 78 00 38 00	CCMPO_MEMi8_GPR8i8_DFV_APX_N3	6	exact	exact	structural_only	exact	decode_exact	cpu_legality_and_semantics_pending
CCMPO_MEMi8_IMM8_DFV_APX_N3	CCMPO	APX	APXEVEX	APX_F_N3	64	62 f4 78 00 80 38 00	CCMPO_MEMi8_IMM8_DFV_APX_N3	7	exact	exact	structural_only	exact	decode_exact	cpu_legality_and_semantics_pending
CCMPO_MEMv_GPRv_DFV_APX_N3	CCMPO	APX	APXEVEX	APX_F_N3	64	62 f4 79 00 39 00	CCMPO_MEMv_GPRv_DFV_APX_N3	6	exact	exact	structural_only	exact	decode_exact	cpu_legality_and_semantics_pending
CCMPO_MEMv_IMM8_DFV_APX_N3	CCMPO	APX	APXEVEX	APX_F_N3	64	62 f4 79 00 83 38 00	CCMPO_MEMv_IMM8_DFV_APX_N3	7	exact	exact	structural_only	exact	decode_exact	cpu_legality_and_semantics_pending
CCMPO_MEMv_IMMz_DFV_APX_N3	CCMPO	APX	APXEVEX	APX_F_N3	64	62 f4 78 00 81 38 00 00 00 00	CCMPO_MEMv_IMMz_DFV_APX_N3	10	exact	exact	structural_only	exact	decode_exact	cpu_legality_and_semantics_pending
CCMPS_GPR8i8_GPR8i8_DFV_APX_N3	CCMPS	APX	APXEVEX	APX_F_N3	64	62 f4 7c 08 38 c0	CCMPS_GPR8i8_GPR8i8_DFV_APX_N3	6	exact	exact	structural_only	exact	decode_exact	cpu_legality_and_semantics_pending
CCMPS_GPR8i8_IMM8_DFV_APX_N3	CCMPS	APX	APXEVEX	APX_F_N3	64	62 f4 7c 08 80 f8 00	CCMPS_GPR8i8_IMM8_DFV_APX_N3	7	exact	exact	structural_only	exact	decode_exact	cpu_legality_and_semantics_pending
CCMPS_GPR8i8_MEMi8_DFV_APX_N3	CCMPS	APX	APXEVEX	APX_F_N3	64	62 f4 78 08 3a 00	CCMPS_GPR8i8_MEMi8_DFV_APX_N3	6	exact	exact	structural_only	exact	decode_exact	cpu_legality_and_semantics_pending
CCMPS_GPRv_IMMz_DFV_APX_N3	CCMPS	APX	APXEVEX	APX_F_N3	64	62 f4 7d 08 81 f8 00 00	CCMPS_GPRv_IMMz_DFV_APX_N3	8	exact	exact	structural_only	exact	decode_exact	cpu_legality_and_semantics_pending
CCMPS_GPRv_MEMv_DFV_APX_N3	CCMPS	APX	APXEVEX	APX_F_N3	64	62 f4 79 08 3b 00	CCMPS_GPRv_MEMv_DFV_APX_N3	6	exact	exact	structural_only	exact	decode_exact	cpu_legality_and_semantics_pending
CCMPS_MEMi8_GPR8i8_DFV_APX_N3	CCMPS	APX	APXEVEX	APX_F_N3	64	62 f4 78 08 38 00	CCMPS_MEMi8_GPR8i8_DFV_APX_N3	6	exact	exact	structural_only	exact	decode_exact	cpu_legality_and_semantics_pending
CCMPS_MEMi8_IMM8_DFV_APX_N3	CCMPS	APX	APXEVEX	APX_F_N3	64	62 f4 78 08 80 38 00	CCMPS_MEMi8_IMM8_DFV_APX_N3	7	exact	exact	structural_only	exact	decode_exact	cpu_legality_and_semantics_pending
CCMPS_MEMv_GPRv_DFV_APX_N3	CCMPS	APX	APXEVEX	APX_F_N3	64	62 f4 79 08 39 00	CCMPS_MEMv_GPRv_DFV_APX_N3	6	exact	exact	structural_only	exact	decode_exact	cpu_legality_and_semantics_pending
CCMPS_MEMv_IMM8_DFV_APX_N3	CCMPS	APX	APXEVEX	APX_F_N3	64	62 f4 78 08 83 38 00	CCMPS_MEMv_IMM8_DFV_APX_N3	7	exact	exact	structural_only	exact	decode_exact	cpu_legality_and_semantics_pending
CCMPS_MEMv_IMMz_DFV_APX_N3	CCMPS	APX	APXEVEX	APX_F_N3	64	62 f4 79 08 81 38 00 00	CCMPS_MEMv_IMMz_DFV_APX_N3	8	exact	exact	structural_only	exact	decode_exact	cpu_legality_and_semantics_pending
CCMPT_GPR8i8_GPR8i8_DFV_APX_N3	CCMPT	APX	APXEVEX	APX_F_N3	64	62 f4 7c 0a 38 c0	CCMPT_GPR8i8_GPR8i8_DFV_APX_N3	6	exact	exact	structural_only	exact	decode_exact	cpu_legality_and_semantics_pending
CCMPT_GPR8i8_IMM8_DFV_APX_N3	CCMPT	APX	APXEVEX	APX_F_N3	64	62 f4 7c 0a 80 f8 00	CCMPT_GPR8i8_IMM8_DFV_APX_N3	7	exact	exact	structural_only	exact	decode_exact	cpu_legality_and_semantics_pending
CCMPT_GPR8i8_MEMi8_DFV_APX_N3	CCMPT	APX	APXEVEX	APX_F_N3	64	62 f4 78 0a 3a 00	CCMPT_GPR8i8_MEMi8_DFV_APX_N3	6	exact	exact	structural_only	exact	decode_exact	cpu_legality_and_semantics_pending
CCMPT_GPRv_IMMz_DFV_APX_N3	CCMPT	APX	APXEVEX	APX_F_N3	64	62 f4 7c 0a 81 f8 00 00 00 00	CCMPT_GPRv_IMMz_DFV_APX_N3	10	exact	exact	structural_only	exact	decode_exact	cpu_legality_and_semantics_pending
CCMPT_GPRv_MEMv_DFV_APX_N3	CCMPT	APX	APXEVEX	APX_F_N3	64	62 f4 79 0a 3b 00	CCMPT_GPRv_MEMv_DFV_APX_N3	6	exact	exact	structural_only	exact	decode_exact	cpu_legality_and_semantics_pending
CCMPT_MEMi8_GPR8i8_DFV_APX_N3	CCMPT	APX	APXEVEX	APX_F_N3	64	62 f4 78 0a 38 00	CCMPT_MEMi8_GPR8i8_DFV_APX_N3	6	exact	exact	structural_only	exact	decode_exact	cpu_legality_and_semantics_pending
CCMPT_MEMi8_IMM8_DFV_APX_N3	CCMPT	APX	APXEVEX	APX_F_N3	64	62 f4 78 0a 80 38 00	CCMPT_MEMi8_IMM8_DFV_APX_N3	7	exact	exact	structural_only	exact	decode_exact	cpu_legality_and_semantics_pending
CCMPT_MEMv_GPRv_DFV_APX_N3	CCMPT	APX	APXEVEX	APX_F_N3	64	62 f4 78 0a 39 00	CCMPT_MEMv_GPRv_DFV_APX_N3	6	exact	exact	structural_only	exact	decode_exact	cpu_legality_and_semantics_pending
CCMPT_MEMv_IMM8_DFV_APX_N3	CCMPT	APX	APXEVEX	APX_F_N3	64	62 f4 78 0a 83 38 00	CCMPT_MEMv_IMM8_DFV_APX_N3	7	exact	exact	structural_only	exact	decode_exact	cpu_legality_and_semantics_pending
CCMPT_MEMv_IMMz_DFV_APX_N3	CCMPT	APX	APXEVEX	APX_F_N3	64	62 f4 78 0a 81 38 00 00 00 00	CCMPT_MEMv_IMMz_DFV_APX_N3	10	exact	exact	structural_only	exact	decode_exact	cpu_legality_and_semantics_pending
CCMPZ_GPR8i8_GPR8i8_DFV_APX_N3	CCMPZ	APX	APXEVEX	APX_F_N3	64	62 f4 7c 04 38 c0	CCMPZ_GPR8i8_GPR8i8_DFV_APX_N3	6	exact	exact	structural_only	exact	decode_exact	cpu_legality_and_semantics_pending
CCMPZ_GPR8i8_IMM8_DFV_APX_N3	CCMPZ	APX	APXEVEX	APX_F_N3	64	62 f4 7c 04 80 f8 00	CCMPZ_GPR8i8_IMM8_DFV_APX_N3	7	exact	exact	structural_only	exact	decode_exact	cpu_legality_and_semantics_pending
CCMPZ_GPR8i8_MEMi8_DFV_APX_N3	CCMPZ	APX	APXEVEX	APX_F_N3	64	62 f4 78 04 3a 00	CCMPZ_GPR8i8_MEMi8_DFV_APX_N3	6	exact	exact	structural_only	exact	decode_exact	cpu_legality_and_semantics_pending
CCMPZ_GPRv_IMMz_DFV_APX_N3	CCMPZ	APX	APXEVEX	APX_F_N3	64	62 f4 7c 04 81 f8 00 00 00 00	CCMPZ_GPRv_IMMz_DFV_APX_N3	10	exact	exact	structural_only	exact	decode_exact	cpu_legality_and_semantics_pending
CCMPZ_GPRv_MEMv_DFV_APX_N3	CCMPZ	APX	APXEVEX	APX_F_N3	64	62 f4 78 04 3b 00	CCMPZ_GPRv_MEMv_DFV_APX_N3	6	exact	exact	structural_only	exact	decode_exact	cpu_legality_and_semantics_pending
CCMPZ_MEMi8_GPR8i8_DFV_APX_N3	CCMPZ	APX	APXEVEX	APX_F_N3	64	62 f4 78 04 38 00	CCMPZ_MEMi8_GPR8i8_DFV_APX_N3	6	exact	exact	structural_only	exact	decode_exact	cpu_legality_and_semantics_pending
CCMPZ_MEMi8_IMM8_DFV_APX_N3	CCMPZ	APX	APXEVEX	APX_F_N3	64	62 f4 78 04 80 38 00	CCMPZ_MEMi8_IMM8_DFV_APX_N3	7	exact	exact	structural_only	exact	decode_exact	cpu_legality_and_semantics_pending
CCMPZ_MEMv_GPRv_DFV_APX_N3	CCMPZ	APX	APXEVEX	APX_F_N3	64	62 f4 79 04 39 00	CCMPZ_MEMv_GPRv_DFV_APX_N3	6	exact	exact	structural_only	exact	decode_exact	cpu_legality_and_semantics_pending
CCMPZ_MEMv_IMM8_DFV_APX_N3	CCMPZ	APX	APXEVEX	APX_F_N3	64	62 f4 79 04 83 38 00	CCMPZ_MEMv_IMM8_DFV_APX_N3	7	exact	exact	structural_only	exact	decode_exact	cpu_legality_and_semantics_pending
CCMPZ_MEMv_IMMz_DFV_APX_N3	CCMPZ	APX	APXEVEX	APX_F_N3	64	62 f4 79 04 81 38 00 00	CCMPZ_MEMv_IMMz_DFV_APX_N3	8	exact	exact	structural_only	exact	decode_exact	cpu_legality_and_semantics_pending
CFCMOVBE_GPRv_GPRv_APX_N3	CFCMOVBE	APX	APXEVEX	APX_F_N3	64	62 f4 7d 0c 46 c0	CFCMOVBE_GPRv_GPRv_APX_N3	6	exact	exact	structural_only	exact	decode_exact	cpu_legality_and_semantics_pending
CFCMOVBE_GPRv_GPRv_GPRv_APX_N3	CFCMOVBE	APX	APXEVEX	APX_F_N3	64	62 f4 7d 1c 46 c0	CFCMOVBE_GPRv_GPRv_GPRv_APX_N3	6	exact	exact	structural_only	exact	decode_exact	cpu_legality_and_semantics_pending
CFCMOVBE_GPRv_GPRv_MEMv_APX_N3	CFCMOVBE	APX	APXEVEX	APX_F_N3	64	62 f4 79 1c 46 00	CFCMOVBE_GPRv_GPRv_MEMv_APX_N3	6	exact	exact	structural_only	exact	decode_exact	cpu_legality_and_semantics_pending
CFCMOVBE_GPRv_MEMv_APX_N3	CFCMOVBE	APX	APXEVEX	APX_F_N3	64	62 f4 78 08 46 00	CFCMOVBE_GPRv_MEMv_APX_N3	6	exact	exact	structural_only	exact	decode_exact	cpu_legality_and_semantics_pending
CFCMOVBE_MEMv_GPRv_APX_N3	CFCMOVBE	APX	APXEVEX	APX_F_N3	64	62 f4 79 0c 46 00	CFCMOVBE_MEMv_GPRv_APX_N3	6	exact	exact	structural_only	exact	decode_exact	cpu_legality_and_semantics_pending
CFCMOVB_GPRv_GPRv_APX_N3	CFCMOVB	APX	APXEVEX	APX_F_N3	64	62 f4 7c 0c 42 c0	CFCMOVB_GPRv_GPRv_APX_N3	6	exact	exact	structural_only	exact	decode_exact	cpu_legality_and_semantics_pending
CFCMOVB_GPRv_GPRv_GPRv_APX_N3	CFCMOVB	APX	APXEVEX	APX_F_N3	64	62 f4 7c 1c 42 c0	CFCMOVB_GPRv_GPRv_GPRv_APX_N3	6	exact	exact	structural_only	exact	decode_exact	cpu_legality_and_semantics_pending
CFCMOVB_GPRv_GPRv_MEMv_APX_N3	CFCMOVB	APX	APXEVEX	APX_F_N3	64	62 f4 79 1c 42 00	CFCMOVB_GPRv_GPRv_MEMv_APX_N3	6	exact	exact	structural_only	exact	decode_exact	cpu_legality_and_semantics_pending
CFCMOVB_GPRv_MEMv_APX_N3	CFCMOVB	APX	APXEVEX	APX_F_N3	64	62 f4 78 08 42 00	CFCMOVB_GPRv_MEMv_APX_N3	6	exact	exact	structural_only	exact	decode_exact	cpu_legality_and_semantics_pending
CFCMOVB_MEMv_GPRv_APX_N3	CFCMOVB	APX	APXEVEX	APX_F_N3	64	62 f4 78 0c 42 00	CFCMOVB_MEMv_GPRv_APX_N3	6	exact	exact	structural_only	exact	decode_exact	cpu_legality_and_semantics_pending
CFCMOVLE_GPRv_GPRv_APX_N3	CFCMOVLE	APX	APXEVEX	APX_F_N3	64	62 f4 7c 08 4e c0	CFCMOVLE_GPRv_GPRv_APX_N3	6	exact	exact	structural_only	exact	decode_exact	cpu_legality_and_semantics_pending
CFCMOVLE_GPRv_GPRv_GPRv_APX_N3	CFCMOVLE	APX	APXEVEX	APX_F_N3	64	62 f4 7c 1c 4e c0	CFCMOVLE_GPRv_GPRv_GPRv_APX_N3	6	exact	exact	structural_only	exact	decode_exact	cpu_legality_and_semantics_pending
CFCMOVLE_GPRv_GPRv_MEMv_APX_N3	CFCMOVLE	APX	APXEVEX	APX_F_N3	64	62 f4 79 1c 4e 00	CFCMOVLE_GPRv_GPRv_MEMv_APX_N3	6	exact	exact	structural_only	exact	decode_exact	cpu_legality_and_semantics_pending
CFCMOVLE_GPRv_MEMv_APX_N3	CFCMOVLE	APX	APXEVEX	APX_F_N3	64	62 f4 78 08 4e 00	CFCMOVLE_GPRv_MEMv_APX_N3	6	exact	exact	structural_only	exact	decode_exact	cpu_legality_and_semantics_pending
CFCMOVLE_MEMv_GPRv_APX_N3	CFCMOVLE	APX	APXEVEX	APX_F_N3	64	62 f4 78 0c 4e 00	CFCMOVLE_MEMv_GPRv_APX_N3	6	exact	exact	structural_only	exact	decode_exact	cpu_legality_and_semantics_pending
CFCMOVL_GPRv_GPRv_APX_N3	CFCMOVL	APX	APXEVEX	APX_F_N3	64	62 f4 7d 0c 4c c0	CFCMOVL_GPRv_GPRv_APX_N3	6	exact	exact	structural_only	exact	decode_exact	cpu_legality_and_semantics_pending
CFCMOVL_GPRv_GPRv_GPRv_APX_N3	CFCMOVL	APX	APXEVEX	APX_F_N3	64	62 f4 7c 1c 4c c0	CFCMOVL_GPRv_GPRv_GPRv_APX_N3	6	exact	exact	structural_only	exact	decode_exact	cpu_legality_and_semantics_pending
CFCMOVL_GPRv_GPRv_MEMv_APX_N3	CFCMOVL	APX	APXEVEX	APX_F_N3	64	62 f4 78 1c 4c 00	CFCMOVL_GPRv_GPRv_MEMv_APX_N3	6	exact	exact	structural_only	exact	decode_exact	cpu_legality_and_semantics_pending
CFCMOVL_GPRv_MEMv_APX_N3	CFCMOVL	APX	APXEVEX	APX_F_N3	64	62 f4 79 08 4c 00	CFCMOVL_GPRv_MEMv_APX_N3	6	exact	exact	structural_only	exact	decode_exact	cpu_legality_and_semantics_pending
CFCMOVL_MEMv_GPRv_APX_N3	CFCMOVL	APX	APXEVEX	APX_F_N3	64	62 f4 78 0c 4c 00	CFCMOVL_MEMv_GPRv_APX_N3	6	exact	exact	structural_only	exact	decode_exact	cpu_legality_and_semantics_pending
CFCMOVNBE_GPRv_GPRv_APX_N3	CFCMOVNBE	APX	APXEVEX	APX_F_N3	64	62 f4 7c 08 47 c0	CFCMOVNBE_GPRv_GPRv_APX_N3	6	exact	exact	structural_only	exact	decode_exact	cpu_legality_and_semantics_pending
CFCMOVNBE_GPRv_GPRv_GPRv_APX_N3	CFCMOVNBE	APX	APXEVEX	APX_F_N3	64	62 f4 7c 1c 47 c0	CFCMOVNBE_GPRv_GPRv_GPRv_APX_N3	6	exact	exact	structural_only	exact	decode_exact	cpu_legality_and_semantics_pending
CFCMOVNBE_GPRv_GPRv_MEMv_APX_N3	CFCMOVNBE	APX	APXEVEX	APX_F_N3	64	62 f4 79 1c 47 00	CFCMOVNBE_GPRv_GPRv_MEMv_APX_N3	6	exact	exact	structural_only	exact	decode_exact	cpu_legality_and_semantics_pending
CFCMOVNBE_GPRv_MEMv_APX_N3	CFCMOVNBE	APX	APXEVEX	APX_F_N3	64	62 f4 79 08 47 00	CFCMOVNBE_GPRv_MEMv_APX_N3	6	exact	exact	structural_only	exact	decode_exact	cpu_legality_and_semantics_pending
CFCMOVNBE_MEMv_GPRv_APX_N3	CFCMOVNBE	APX	APXEVEX	APX_F_N3	64	62 f4 78 0c 47 00	CFCMOVNBE_MEMv_GPRv_APX_N3	6	exact	exact	structural_only	exact	decode_exact	cpu_legality_and_semantics_pending
CFCMOVNB_GPRv_GPRv_APX_N3	CFCMOVNB	APX	APXEVEX	APX_F_N3	64	62 f4 7c 08 43 c0	CFCMOVNB_GPRv_GPRv_APX_N3	6	exact	exact	structural_only	exact	decode_exact	cpu_legality_and_semantics_pending
CFCMOVNB_GPRv_GPRv_GPRv_APX_N3	CFCMOVNB	APX	APXEVEX	APX_F_N3	64	62 f4 7c 1c 43 c0	CFCMOVNB_GPRv_GPRv_GPRv_APX_N3	6	exact	exact	structural_only	exact	decode_exact	cpu_legality_and_semantics_pending
CFCMOVNB_GPRv_GPRv_MEMv_APX_N3	CFCMOVNB	APX	APXEVEX	APX_F_N3	64	62 f4 79 1c 43 00	CFCMOVNB_GPRv_GPRv_MEMv_APX_N3	6	exact	exact	structural_only	exact	decode_exact	cpu_legality_and_semantics_pending
CFCMOVNB_GPRv_MEMv_APX_N3	CFCMOVNB	APX	APXEVEX	APX_F_N3	64	62 f4 78 08 43 00	CFCMOVNB_GPRv_MEMv_APX_N3	6	exact	exact	structural_only	exact	decode_exact	cpu_legality_and_semantics_pending
CFCMOVNB_MEMv_GPRv_APX_N3	CFCMOVNB	APX	APXEVEX	APX_F_N3	64	62 f4 79 0c 43 00	CFCMOVNB_MEMv_GPRv_APX_N3	6	exact	exact	structural_only	exact	decode_exact	cpu_legality_and_semantics_pending
CFCMOVNLE_GPRv_GPRv_APX_N3	CFCMOVNLE	APX	APXEVEX	APX_F_N3	64	62 f4 7c 08 4f c0	CFCMOVNLE_GPRv_GPRv_APX_N3	6	exact	exact	structural_only	exact	decode_exact	cpu_legality_and_semantics_pending
CFCMOVNLE_GPRv_GPRv_GPRv_APX_N3	CFCMOVNLE	APX	APXEVEX	APX_F_N3	64	62 f4 7d 1c 4f c0	CFCMOVNLE_GPRv_GPRv_GPRv_APX_N3	6	exact	exact	structural_only	exact	decode_exact	cpu_legality_and_semantics_pending
CFCMOVNLE_GPRv_GPRv_MEMv_APX_N3	CFCMOVNLE	APX	APXEVEX	APX_F_N3	64	62 f4 78 1c 4f 00	CFCMOVNLE_GPRv_GPRv_MEMv_APX_N3	6	exact	exact	structural_only	exact	decode_exact	cpu_legality_and_semantics_pending
CFCMOVNLE_GPRv_MEMv_APX_N3	CFCMOVNLE	APX	APXEVEX	APX_F_N3	64	62 f4 78 08 4f 00	CFCMOVNLE_GPRv_MEMv_APX_N3	6	exact	exact	structural_only	exact	decode_exact	cpu_legality_and_semantics_pending
CFCMOVNLE_MEMv_GPRv_APX_N3	CFCMOVNLE	APX	APXEVEX	APX_F_N3	64	62 f4 78 0c 4f 00	CFCMOVNLE_MEMv_GPRv_APX_N3	6	exact	exact	structural_only	exact	decode_exact	cpu_legality_and_semantics_pending
CFCMOVNL_GPRv_GPRv_APX_N3	CFCMOVNL	APX	APXEVEX	APX_F_N3	64	62 f4 7d 08 4d c0	CFCMOVNL_GPRv_GPRv_APX_N3	6	exact	exact	structural_only	exact	decode_exact	cpu_legality_and_semantics_pending
CFCMOVNL_GPRv_GPRv_GPRv_APX_N3	CFCMOVNL	APX	APXEVEX	APX_F_N3	64	62 f4 7d 1c 4d c0	CFCMOVNL_GPRv_GPRv_GPRv_APX_N3	6	exact	exact	structural_only	exact	decode_exact	cpu_legality_and_semantics_pending
CFCMOVNL_GPRv_GPRv_MEMv_APX_N3	CFCMOVNL	APX	APXEVEX	APX_F_N3	64	62 f4 79 1c 4d 00	CFCMOVNL_GPRv_GPRv_MEMv_APX_N3	6	exact	exact	structural_only	exact	decode_exact	cpu_legality_and_semantics_pending
CFCMOVNL_GPRv_MEMv_APX_N3	CFCMOVNL	APX	APXEVEX	APX_F_N3	64	62 f4 78 08 4d 00	CFCMOVNL_GPRv_MEMv_APX_N3	6	exact	exact	structural_only	exact	decode_exact	cpu_legality_and_semantics_pending
CFCMOVNL_MEMv_GPRv_APX_N3	CFCMOVNL	APX	APXEVEX	APX_F_N3	64	62 f4 79 0c 4d 00	CFCMOVNL_MEMv_GPRv_APX_N3	6	exact	exact	structural_only	exact	decode_exact	cpu_legality_and_semantics_pending
CFCMOVNO_GPRv_GPRv_APX_N3	CFCMOVNO	APX	APXEVEX	APX_F_N3	64	62 f4 7d 08 41 c0	CFCMOVNO_GPRv_GPRv_APX_N3	6	exact	exact	structural_only	exact	decode_exact	cpu_legality_and_semantics_pending
CFCMOVNO_GPRv_GPRv_GPRv_APX_N3	CFCMOVNO	APX	APXEVEX	APX_F_N3	64	62 f4 7c 1c 41 c0	CFCMOVNO_GPRv_GPRv_GPRv_APX_N3	6	exact	exact	structural_only	exact	decode_exact	cpu_legality_and_semantics_pending
CFCMOVNO_GPRv_GPRv_MEMv_APX_N3	CFCMOVNO	APX	APXEVEX	APX_F_N3	64	62 f4 79 1c 41 00	CFCMOVNO_GPRv_GPRv_MEMv_APX_N3	6	exact	exact	structural_only	exact	decode_exact	cpu_legality_and_semantics_pending
CFCMOVNO_GPRv_MEMv_APX_N3	CFCMOVNO	APX	APXEVEX	APX_F_N3	64	62 f4 79 08 41 00	CFCMOVNO_GPRv_MEMv_APX_N3	6	exact	exact	structural_only	exact	decode_exact	cpu_legality_and_semantics_pending
CFCMOVNO_MEMv_GPRv_APX_N3	CFCMOVNO	APX	APXEVEX	APX_F_N3	64	62 f4 79 0c 41 00	CFCMOVNO_MEMv_GPRv_APX_N3	6	exact	exact	structural_only	exact	decode_exact	cpu_legality_and_semantics_pending
CFCMOVNP_GPRv_GPRv_APX_N3	CFCMOVNP	APX	APXEVEX	APX_F_N3	64	62 f4 7d 08 4b c0	CFCMOVNP_GPRv_GPRv_APX_N3	6	exact	exact	structural_only	exact	decode_exact	cpu_legality_and_semantics_pending
CFCMOVNP_GPRv_GPRv_GPRv_APX_N3	CFCMOVNP	APX	APXEVEX	APX_F_N3	64	62 f4 7d 1c 4b c0	CFCMOVNP_GPRv_GPRv_GPRv_APX_N3	6	exact	exact	structural_only	exact	decode_exact	cpu_legality_and_semantics_pending
CFCMOVNP_GPRv_GPRv_MEMv_APX_N3	CFCMOVNP	APX	APXEVEX	APX_F_N3	64	62 f4 79 1c 4b 00	CFCMOVNP_GPRv_GPRv_MEMv_APX_N3	6	exact	exact	structural_only	exact	decode_exact	cpu_legality_and_semantics_pending
CFCMOVNP_GPRv_MEMv_APX_N3	CFCMOVNP	APX	APXEVEX	APX_F_N3	64	62 f4 79 08 4b 00	CFCMOVNP_GPRv_MEMv_APX_N3	6	exact	exact	structural_only	exact	decode_exact	cpu_legality_and_semantics_pending
CFCMOVNP_MEMv_GPRv_APX_N3	CFCMOVNP	APX	APXEVEX	APX_F_N3	64	62 f4 79 0c 4b 00	CFCMOVNP_MEMv_GPRv_APX_N3	6	exact	exact	structural_only	exact	decode_exact	cpu_legality_and_semantics_pending
CFCMOVNS_GPRv_GPRv_APX_N3	CFCMOVNS	APX	APXEVEX	APX_F_N3	64	62 f4 7d 0c 49 c0	CFCMOVNS_GPRv_GPRv_APX_N3	6	exact	exact	structural_only	exact	decode_exact	cpu_legality_and_semantics_pending
CFCMOVNS_GPRv_GPRv_GPRv_APX_N3	CFCMOVNS	APX	APXEVEX	APX_F_N3	64	62 f4 7c 1c 49 c0	CFCMOVNS_GPRv_GPRv_GPRv_APX_N3	6	exact	exact	structural_only	exact	decode_exact	cpu_legality_and_semantics_pending
CFCMOVNS_GPRv_GPRv_MEMv_APX_N3	CFCMOVNS	APX	APXEVEX	APX_F_N3	64	62 f4 79 1c 49 00	CFCMOVNS_GPRv_GPRv_MEMv_APX_N3	6	exact	exact	structural_only	exact	decode_exact	cpu_legality_and_semantics_pending
CFCMOVNS_GPRv_MEMv_APX_N3	CFCMOVNS	APX	APXEVEX	APX_F_N3	64	62 f4 78 08 49 00	CFCMOVNS_GPRv_MEMv_APX_N3	6	exact	exact	structural_only	exact	decode_exact	cpu_legality_and_semantics_pending
CFCMOVNS_MEMv_GPRv_APX_N3	CFCMOVNS	APX	APXEVEX	APX_F_N3	64	62 f4 79 0c 49 00	CFCMOVNS_MEMv_GPRv_APX_N3	6	exact	exact	structural_only	exact	decode_exact	cpu_legality_and_semantics_pending
CFCMOVNZ_GPRv_GPRv_APX_N3	CFCMOVNZ	APX	APXEVEX	APX_F_N3	64	62 f4 7d 0c 45 c0	CFCMOVNZ_GPRv_GPRv_APX_N3	6	exact	exact	structural_only	exact	decode_exact	cpu_legality_and_semantics_pending
CFCMOVNZ_GPRv_GPRv_GPRv_APX_N3	CFCMOVNZ	APX	APXEVEX	APX_F_N3	64	62 f4 7c 1c 45 c0	CFCMOVNZ_GPRv_GPRv_GPRv_APX_N3	6	exact	exact	structural_only	exact	decode_exact	cpu_legality_and_semantics_pending
CFCMOVNZ_GPRv_GPRv_MEMv_APX_N3	CFCMOVNZ	APX	APXEVEX	APX_F_N3	64	62 f4 79 1c 45 00	CFCMOVNZ_GPRv_GPRv_MEMv_APX_N3	6	exact	exact	structural_only	exact	decode_exact	cpu_legality_and_semantics_pending
CFCMOVNZ_GPRv_MEMv_APX_N3	CFCMOVNZ	APX	APXEVEX	APX_F_N3	64	62 f4 79 08 45 00	CFCMOVNZ_GPRv_MEMv_APX_N3	6	exact	exact	structural_only	exact	decode_exact	cpu_legality_and_semantics_pending
CFCMOVNZ_MEMv_GPRv_APX_N3	CFCMOVNZ	APX	APXEVEX	APX_F_N3	64	62 f4 79 0c 45 00	CFCMOVNZ_MEMv_GPRv_APX_N3	6	exact	exact	structural_only	exact	decode_exact	cpu_legality_and_semantics_pending
CFCMOVO_GPRv_GPRv_APX_N3	CFCMOVO	APX	APXEVEX	APX_F_N3	64	62 f4 7c 0c 40 c0	CFCMOVO_GPRv_GPRv_APX_N3	6	exact	exact	structural_only	exact	decode_exact	cpu_legality_and_semantics_pending
CFCMOVO_GPRv_GPRv_GPRv_APX_N3	CFCMOVO	APX	APXEVEX	APX_F_N3	64	62 f4 7d 1c 40 c0	CFCMOVO_GPRv_GPRv_GPRv_APX_N3	6	exact	exact	structural_only	exact	decode_exact	cpu_legality_and_semantics_pending
CFCMOVO_GPRv_GPRv_MEMv_APX_N3	CFCMOVO	APX	APXEVEX	APX_F_N3	64	62 f4 79 1c 40 00	CFCMOVO_GPRv_GPRv_MEMv_APX_N3	6	exact	exact	structural_only	exact	decode_exact	cpu_legality_and_semantics_pending
CFCMOVO_GPRv_MEMv_APX_N3	CFCMOVO	APX	APXEVEX	APX_F_N3	64	62 f4 79 08 40 00	CFCMOVO_GPRv_MEMv_APX_N3	6	exact	exact	structural_only	exact	decode_exact	cpu_legality_and_semantics_pending
CFCMOVO_MEMv_GPRv_APX_N3	CFCMOVO	APX	APXEVEX	APX_F_N3	64	62 f4 78 0c 40 00	CFCMOVO_MEMv_GPRv_APX_N3	6	exact	exact	structural_only	exact	decode_exact	cpu_legality_and_semantics_pending
CFCMOVP_GPRv_GPRv_APX_N3	CFCMOVP	APX	APXEVEX	APX_F_N3	64	62 f4 7d 0c 4a c0	CFCMOVP_GPRv_GPRv_APX_N3	6	exact	exact	structural_only	exact	decode_exact	cpu_legality_and_semantics_pending
CFCMOVP_GPRv_GPRv_GPRv_APX_N3	CFCMOVP	APX	APXEVEX	APX_F_N3	64	62 f4 7d 1c 4a c0	CFCMOVP_GPRv_GPRv_GPRv_APX_N3	6	exact	exact	structural_only	exact	decode_exact	cpu_legality_and_semantics_pending
CFCMOVP_GPRv_GPRv_MEMv_APX_N3	CFCMOVP	APX	APXEVEX	APX_F_N3	64	62 f4 78 1c 4a 00	CFCMOVP_GPRv_GPRv_MEMv_APX_N3	6	exact	exact	structural_only	exact	decode_exact	cpu_legality_and_semantics_pending
CFCMOVP_GPRv_MEMv_APX_N3	CFCMOVP	APX	APXEVEX	APX_F_N3	64	62 f4 79 08 4a 00	CFCMOVP_GPRv_MEMv_APX_N3	6	exact	exact	structural_only	exact	decode_exact	cpu_legality_and_semantics_pending
CFCMOVP_MEMv_GPRv_APX_N3	CFCMOVP	APX	APXEVEX	APX_F_N3	64	62 f4 78 0c 4a 00	CFCMOVP_MEMv_GPRv_APX_N3	6	exact	exact	structural_only	exact	decode_exact	cpu_legality_and_semantics_pending
CFCMOVS_GPRv_GPRv_APX_N3	CFCMOVS	APX	APXEVEX	APX_F_N3	64	62 f4 7d 08 48 c0	CFCMOVS_GPRv_GPRv_APX_N3	6	exact	exact	structural_only	exact	decode_exact	cpu_legality_and_semantics_pending
CFCMOVS_GPRv_GPRv_GPRv_APX_N3	CFCMOVS	APX	APXEVEX	APX_F_N3	64	62 f4 7d 1c 48 c0	CFCMOVS_GPRv_GPRv_GPRv_APX_N3	6	exact	exact	structural_only	exact	decode_exact	cpu_legality_and_semantics_pending
CFCMOVS_GPRv_GPRv_MEMv_APX_N3	CFCMOVS	APX	APXEVEX	APX_F_N3	64	62 f4 78 1c 48 00	CFCMOVS_GPRv_GPRv_MEMv_APX_N3	6	exact	exact	structural_only	exact	decode_exact	cpu_legality_and_semantics_pending
CFCMOVS_GPRv_MEMv_APX_N3	CFCMOVS	APX	APXEVEX	APX_F_N3	64	62 f4 78 08 48 00	CFCMOVS_GPRv_MEMv_APX_N3	6	exact	exact	structural_only	exact	decode_exact	cpu_legality_and_semantics_pending
CFCMOVS_MEMv_GPRv_APX_N3	CFCMOVS	APX	APXEVEX	APX_F_N3	64	62 f4 79 0c 48 00	CFCMOVS_MEMv_GPRv_APX_N3	6	exact	exact	structural_only	exact	decode_exact	cpu_legality_and_semantics_pending
CFCMOVZ_GPRv_GPRv_APX_N3	CFCMOVZ	APX	APXEVEX	APX_F_N3	64	62 f4 7d 0c 44 c0	CFCMOVZ_GPRv_GPRv_APX_N3	6	exact	exact	structural_only	exact	decode_exact	cpu_legality_and_semantics_pending
CFCMOVZ_GPRv_GPRv_GPRv_APX_N3	CFCMOVZ	APX	APXEVEX	APX_F_N3	64	62 f4 7c 1c 44 c0	CFCMOVZ_GPRv_GPRv_GPRv_APX_N3	6	exact	exact	structural_only	exact	decode_exact	cpu_legality_and_semantics_pending
CFCMOVZ_GPRv_GPRv_MEMv_APX_N3	CFCMOVZ	APX	APXEVEX	APX_F_N3	64	62 f4 79 1c 44 00	CFCMOVZ_GPRv_GPRv_MEMv_APX_N3	6	exact	exact	structural_only	exact	decode_exact	cpu_legality_and_semantics_pending
CFCMOVZ_GPRv_MEMv_APX_N3	CFCMOVZ	APX	APXEVEX	APX_F_N3	64	62 f4 79 08 44 00	CFCMOVZ_GPRv_MEMv_APX_N3	6	exact	exact	structural_only	exact	decode_exact	cpu_legality_and_semantics_pending
CFCMOVZ_MEMv_GPRv_APX_N3	CFCMOVZ	APX	APXEVEX	APX_F_N3	64	62 f4 78 0c 44 00	CFCMOVZ_MEMv_GPRv_APX_N3	6	exact	exact	structural_only	exact	decode_exact	cpu_legality_and_semantics_pending
CTESTBE_GPR8i8_GPR8i8_DFV_APX_N3	CTESTBE	APX	APXEVEX	APX_F_N3	64	62 f4 7c 06 84 c0	CTESTBE_GPR8i8_GPR8i8_DFV_APX_N3	6	exact	exact	structural_only	exact	decode_exact	cpu_legality_and_semantics_pending
CTESTBE_MEMi8_GPR8i8_DFV_APX_N3	CTESTBE	APX	APXEVEX	APX_F_N3	64	62 f4 78 06 84 00	CTESTBE_MEMi8_GPR8i8_DFV_APX_N3	6	exact	exact	structural_only	exact	decode_exact	cpu_legality_and_semantics_pending
CTESTBE_MEMi8_IMM8_DFV_APX_N3	CTESTBE	APX	APXEVEX	APX_F_N3	64	62 f4 78 06 f6 00 00	CTESTBE_MEMi8_IMM8_DFV_APX_N3	7	exact	exact	structural_only	exact	decode_exact	cpu_legality_and_semantics_pending
CTESTBE_MEMv_IMMz_DFV_APX_N3	CTESTBE	APX	APXEVEX	APX_F_N3	64	62 f4 78 06 f7 00 00 00 00 00	CTESTBE_MEMv_IMMz_DFV_APX_N3	10	exact	exact	structural_only	exact	decode_exact	cpu_legality_and_semantics_pending
CTESTB_GPR8i8_GPR8i8_DFV_APX_N3	CTESTB	APX	APXEVEX	APX_F_N3	64	62 f4 7c 02 84 c0	CTESTB_GPR8i8_GPR8i8_DFV_APX_N3	6	exact	exact	structural_only	exact	decode_exact	cpu_legality_and_semantics_pending
CTESTB_GPRv_IMMz_DFV_APX_N3	CTESTB	APX	APXEVEX	APX_F_N3	64	62 f4 7d 02 f7 c0 00 00	CTESTB_GPRv_IMMz_DFV_APX_N3	8	exact	exact	structural_only	exact	decode_exact	cpu_legality_and_semantics_pending
CTESTB_MEMi8_GPR8i8_DFV_APX_N3	CTESTB	APX	APXEVEX	APX_F_N3	64	62 f4 78 02 84 00	CTESTB_MEMi8_GPR8i8_DFV_APX_N3	6	exact	exact	structural_only	exact	decode_exact	cpu_legality_and_semantics_pending
CTESTB_MEMi8_IMM8_DFV_APX_N3	CTESTB	APX	APXEVEX	APX_F_N3	64	62 f4 78 02 f6 00 00	CTESTB_MEMi8_IMM8_DFV_APX_N3	7	exact	exact	structural_only	exact	decode_exact	cpu_legality_and_semantics_pending
CTESTB_MEMv_GPRv_DFV_APX_N3	CTESTB	APX	APXEVEX	APX_F_N3	64	62 f4 79 02 85 00	CTESTB_MEMv_GPRv_DFV_APX_N3	6	exact	exact	structural_only	exact	decode_exact	cpu_legality_and_semantics_pending
CTESTB_MEMv_IMMz_DFV_APX_N3	CTESTB	APX	APXEVEX	APX_F_N3	64	62 f4 78 02 f7 00 00 00 00 00	CTESTB_MEMv_IMMz_DFV_APX_N3	10	exact	exact	structural_only	exact	decode_exact	cpu_legality_and_semantics_pending
CTESTF_GPR8i8_GPR8i8_DFV_APX_N3	CTESTF	APX	APXEVEX	APX_F_N3	64	62 f4 7c 0b 84 c0	CTESTF_GPR8i8_GPR8i8_DFV_APX_N3	6	exact	exact	structural_only	exact	decode_exact	cpu_legality_and_semantics_pending
CTESTF_GPRv_IMMz_DFV_APX_N3	CTESTF	APX	APXEVEX	APX_F_N3	64	62 f4 7c 0b f7 c0 00 00 00 00	CTESTF_GPRv_IMMz_DFV_APX_N3	10	exact	exact	structural_only	exact	decode_exact	cpu_legality_and_semantics_pending
CTESTF_MEMi8_GPR8i8_DFV_APX_N3	CTESTF	APX	APXEVEX	APX_F_N3	64	62 f4 78 0b 84 00	CTESTF_MEMi8_GPR8i8_DFV_APX_N3	6	exact	exact	structural_only	exact	decode_exact	cpu_legality_and_semantics_pending
CTESTF_MEMi8_IMM8_DFV_APX_N3	CTESTF	APX	APXEVEX	APX_F_N3	64	62 f4 78 0b f6 00 00	CTESTF_MEMi8_IMM8_DFV_APX_N3	7	exact	exact	structural_only	exact	decode_exact	cpu_legality_and_semantics_pending
CTESTF_MEMv_GPRv_DFV_APX_N3	CTESTF	APX	APXEVEX	APX_F_N3	64	62 f4 78 0b 85 00	CTESTF_MEMv_GPRv_DFV_APX_N3	6	exact	exact	structural_only	exact	decode_exact	cpu_legality_and_semantics_pending
CTESTF_MEMv_IMMz_DFV_APX_N3	CTESTF	APX	APXEVEX	APX_F_N3	64	62 f4 78 0b f7 08 00 00 00 00	CTESTF_MEMv_IMMz_DFV_APX_N3	10	exact	exact	structural_only	exact	decode_exact	cpu_legality_and_semantics_pending
CTESTLE_GPR8i8_GPR8i8_DFV_APX_N3	CTESTLE	APX	APXEVEX	APX_F_N3	64	62 f4 7c 0e 84 c0	CTESTLE_GPR8i8_GPR8i8_DFV_APX_N3	6	exact	exact	structural_only	exact	decode_exact	cpu_legality_and_semantics_pending
CTESTLE_GPRv_IMMz_DFV_APX_N3	CTESTLE	APX	APXEVEX	APX_F_N3	64	62 f4 7c 0e f7 c8 00 00 00 00	CTESTLE_GPRv_IMMz_DFV_APX_N3	10	exact	exact	structural_only	exact	decode_exact	cpu_legality_and_semantics_pending
CTESTLE_MEMi8_GPR8i8_DFV_APX_N3	CTESTLE	APX	APXEVEX	APX_F_N3	64	62 f4 78 0e 84 00	CTESTLE_MEMi8_GPR8i8_DFV_APX_N3	6	exact	exact	structural_only	exact	decode_exact	cpu_legality_and_semantics_pending
CTESTLE_MEMi8_IMM8_DFV_APX_N3	CTESTLE	APX	APXEVEX	APX_F_N3	64	62 f4 78 0e f6 08 00	CTESTLE_MEMi8_IMM8_DFV_APX_N3	7	exact	exact	structural_only	exact	decode_exact	cpu_legality_and_semantics_pending
CTESTLE_MEMv_GPRv_DFV_APX_N3	CTESTLE	APX	APXEVEX	APX_F_N3	64	62 f4 78 0e 85 00	CTESTLE_MEMv_GPRv_DFV_APX_N3	6	exact	exact	structural_only	exact	decode_exact	cpu_legality_and_semantics_pending
CTESTLE_MEMv_IMMz_DFV_APX_N3	CTESTLE	APX	APXEVEX	APX_F_N3	64	62 f4 79 0e f7 08 00 00	CTESTLE_MEMv_IMMz_DFV_APX_N3	8	exact	exact	structural_only	exact	decode_exact	cpu_legality_and_semantics_pending
CTESTL_GPR8i8_GPR8i8_DFV_APX_N3	CTESTL	APX	APXEVEX	APX_F_N3	64	62 f4 7c 0c 84 c0	CTESTL_GPR8i8_GPR8i8_DFV_APX_N3	6	exact	exact	structural_only	exact	decode_exact	cpu_legality_and_semantics_pending
CTESTL_GPRv_IMMz_DFV_APX_N3	CTESTL	APX	APXEVEX	APX_F_N3	64	62 f4 7c 0c f7 c0 00 00 00 00	CTESTL_GPRv_IMMz_DFV_APX_N3	10	exact	exact	structural_only	exact	decode_exact	cpu_legality_and_semantics_pending
CTESTL_MEMi8_GPR8i8_DFV_APX_N3	CTESTL	APX	APXEVEX	APX_F_N3	64	62 f4 78 0c 84 00	CTESTL_MEMi8_GPR8i8_DFV_APX_N3	6	exact	exact	structural_only	exact	decode_exact	cpu_legality_and_semantics_pending
CTESTL_MEMi8_IMM8_DFV_APX_N3	CTESTL	APX	APXEVEX	APX_F_N3	64	62 f4 78 0c f6 08 00	CTESTL_MEMi8_IMM8_DFV_APX_N3	7	exact	exact	structural_only	exact	decode_exact	cpu_legality_and_semantics_pending
CTESTL_MEMv_GPRv_DFV_APX_N3	CTESTL	APX	APXEVEX	APX_F_N3	64	62 f4 79 0c 85 00	CTESTL_MEMv_GPRv_DFV_APX_N3	6	exact	exact	structural_only	exact	decode_exact	cpu_legality_and_semantics_pending
CTESTL_MEMv_IMMz_DFV_APX_N3	CTESTL	APX	APXEVEX	APX_F_N3	64	62 f4 78 0c f7 08 00 00 00 00	CTESTL_MEMv_IMMz_DFV_APX_N3	10	exact	exact	structural_only	exact	decode_exact	cpu_legality_and_semantics_pending
CTESTNBE_GPR8i8_GPR8i8_DFV_APX_N3	CTESTNBE	APX	APXEVEX	APX_F_N3	64	62 f4 7c 07 84 c0	CTESTNBE_GPR8i8_GPR8i8_DFV_APX_N3	6	exact	exact	structural_only	exact	decode_exact	cpu_legality_and_semantics_pending
CTESTNBE_GPRv_IMMz_DFV_APX_N3	CTESTNBE	APX	APXEVEX	APX_F_N3	64	62 f4 7d 07 f7 c8 00 00	CTESTNBE_GPRv_IMMz_DFV_APX_N3	8	exact	exact	structural_only	exact	decode_exact	cpu_legality_and_semantics_pending
CTESTNBE_MEMi8_GPR8i8_DFV_APX_N3	CTESTNBE	APX	APXEVEX	APX_F_N3	64	62 f4 78 07 84 00	CTESTNBE_MEMi8_GPR8i8_DFV_APX_N3	6	exact	exact	structural_only	exact	decode_exact	cpu_legality_and_semantics_pending
CTESTNBE_MEMi8_IMM8_DFV_APX_N3	CTESTNBE	APX	APXEVEX	APX_F_N3	64	62 f4 78 07 f6 00 00	CTESTNBE_MEMi8_IMM8_DFV_APX_N3	7	exact	exact	structural_only	exact	decode_exact	cpu_legality_and_semantics_pending
CTESTNBE_MEMv_GPRv_DFV_APX_N3	CTESTNBE	APX	APXEVEX	APX_F_N3	64	62 f4 79 07 85 00	CTESTNBE_MEMv_GPRv_DFV_APX_N3	6	exact	exact	structural_only	exact	decode_exact	cpu_legality_and_semantics_pending
CTESTNBE_MEMv_IMMz_DFV_APX_N3	CTESTNBE	APX	APXEVEX	APX_F_N3	64	62 f4 78 07 f7 08 00 00 00 00	CTESTNBE_MEMv_IMMz_DFV_APX_N3	10	exact	exact	structural_only	exact	decode_exact	cpu_legality_and_semantics_pending
CTESTNB_GPR8i8_GPR8i8_DFV_APX_N3	CTESTNB	APX	APXEVEX	APX_F_N3	64	62 f4 7c 03 84 c0	CTESTNB_GPR8i8_GPR8i8_DFV_APX_N3	6	exact	exact	structural_only	exact	decode_exact	cpu_legality_and_semantics_pending
CTESTNB_GPRv_IMMz_DFV_APX_N3	CTESTNB	APX	APXEVEX	APX_F_N3	64	62 f4 7d 03 f7 c8 00 00	CTESTNB_GPRv_IMMz_DFV_APX_N3	8	exact	exact	structural_only	exact	decode_exact	cpu_legality_and_semantics_pending
CTESTNB_MEMi8_GPR8i8_DFV_APX_N3	CTESTNB	APX	APXEVEX	APX_F_N3	64	62 f4 78 03 84 00	CTESTNB_MEMi8_GPR8i8_DFV_APX_N3	6	exact	exact	structural_only	exact	decode_exact	cpu_legality_and_semantics_pending
CTESTNB_MEMi8_IMM8_DFV_APX_N3	CTESTNB	APX	APXEVEX	APX_F_N3	64	62 f4 78 03 f6 00 00	CTESTNB_MEMi8_IMM8_DFV_APX_N3	7	exact	exact	structural_only	exact	decode_exact	cpu_legality_and_semantics_pending
CTESTNB_MEMv_GPRv_DFV_APX_N3	CTESTNB	APX	APXEVEX	APX_F_N3	64	62 f4 79 03 85 00	CTESTNB_MEMv_GPRv_DFV_APX_N3	6	exact	exact	structural_only	exact	decode_exact	cpu_legality_and_semantics_pending
CTESTNB_MEMv_IMMz_DFV_APX_N3	CTESTNB	APX	APXEVEX	APX_F_N3	64	62 f4 78 03 f7 00 00 00 00 00	CTESTNB_MEMv_IMMz_DFV_APX_N3	10	exact	exact	structural_only	exact	decode_exact	cpu_legality_and_semantics_pending
CTESTNLE_GPR8i8_GPR8i8_DFV_APX_N3	CTESTNLE	APX	APXEVEX	APX_F_N3	64	62 f4 7c 0f 84 c0	CTESTNLE_GPR8i8_GPR8i8_DFV_APX_N3	6	exact	exact	structural_only	exact	decode_exact	cpu_legality_and_semantics_pending
CTESTNLE_GPRv_IMMz_DFV_APX_N3	CTESTNLE	APX	APXEVEX	APX_F_N3	64	62 f4 7d 0f f7 c8 00 00	CTESTNLE_GPRv_IMMz_DFV_APX_N3	8	exact	exact	structural_only	exact	decode_exact	cpu_legality_and_semantics_pending
CTESTNLE_MEMi8_GPR8i8_DFV_APX_N3	CTESTNLE	APX	APXEVEX	APX_F_N3	64	62 f4 78 0f 84 00	CTESTNLE_MEMi8_GPR8i8_DFV_APX_N3	6	exact	exact	structural_only	exact	decode_exact	cpu_legality_and_semantics_pending
CTESTNLE_MEMi8_IMM8_DFV_APX_N3	CTESTNLE	APX	APXEVEX	APX_F_N3	64	62 f4 78 0f f6 00 00	CTESTNLE_MEMi8_IMM8_DFV_APX_N3	7	exact	exact	structural_only	exact	decode_exact	cpu_legality_and_semantics_pending
CTESTNLE_MEMv_GPRv_DFV_APX_N3	CTESTNLE	APX	APXEVEX	APX_F_N3	64	62 f4 78 0f 85 00	CTESTNLE_MEMv_GPRv_DFV_APX_N3	6	exact	exact	structural_only	exact	decode_exact	cpu_legality_and_semantics_pending
CTESTNLE_MEMv_IMMz_DFV_APX_N3	CTESTNLE	APX	APXEVEX	APX_F_N3	64	62 f4 78 0f f7 08 00 00 00 00	CTESTNLE_MEMv_IMMz_DFV_APX_N3	10	exact	exact	structural_only	exact	decode_exact	cpu_legality_and_semantics_pending
CTESTNL_GPR8i8_GPR8i8_DFV_APX_N3	CTESTNL	APX	APXEVEX	APX_F_N3	64	62 f4 7c 0d 84 c0	CTESTNL_GPR8i8_GPR8i8_DFV_APX_N3	6	exact	exact	structural_only	exact	decode_exact	cpu_legality_and_semantics_pending
CTESTNL_GPRv_IMMz_DFV_APX_N3	CTESTNL	APX	APXEVEX	APX_F_N3	64	62 f4 7d 0d f7 c8 00 00	CTESTNL_GPRv_IMMz_DFV_APX_N3	8	exact	exact	structural_only	exact	decode_exact	cpu_legality_and_semantics_pending
CTESTNL_MEMi8_GPR8i8_DFV_APX_N3	CTESTNL	APX	APXEVEX	APX_F_N3	64	62 f4 78 0d 84 00	CTESTNL_MEMi8_GPR8i8_DFV_APX_N3	6	exact	exact	structural_only	exact	decode_exact	cpu_legality_and_semantics_pending
CTESTNL_MEMi8_IMM8_DFV_APX_N3	CTESTNL	APX	APXEVEX	APX_F_N3	64	62 f4 78 0d f6 00 00	CTESTNL_MEMi8_IMM8_DFV_APX_N3	7	exact	exact	structural_only	exact	decode_exact	cpu_legality_and_semantics_pending
CTESTNL_MEMv_GPRv_DFV_APX_N3	CTESTNL	APX	APXEVEX	APX_F_N3	64	62 f4 79 0d 85 00	CTESTNL_MEMv_GPRv_DFV_APX_N3	6	exact	exact	structural_only	exact	decode_exact	cpu_legality_and_semantics_pending
CTESTNL_MEMv_IMMz_DFV_APX_N3	CTESTNL	APX	APXEVEX	APX_F_N3	64	62 f4 78 0d f7 00 00 00 00 00	CTESTNL_MEMv_IMMz_DFV_APX_N3	10	exact	exact	structural_only	exact	decode_exact	cpu_legality_and_semantics_pending
CTESTNO_GPR8i8_GPR8i8_DFV_APX_N3	CTESTNO	APX	APXEVEX	APX_F_N3	64	62 f4 7c 01 84 c0	CTESTNO_GPR8i8_GPR8i8_DFV_APX_N3	6	exact	exact	structural_only	exact	decode_exact	cpu_legality_and_semantics_pending
CTESTNO_GPRv_IMMz_DFV_APX_N3	CTESTNO	APX	APXEVEX	APX_F_N3	64	62 f4 7d 01 f7 c8 00 00	CTESTNO_GPRv_IMMz_DFV_APX_N3	8	exact	exact	structural_only	exact	decode_exact	cpu_legality_and_semantics_pending
CTESTNO_MEMi8_GPR8i8_DFV_APX_N3	CTESTNO	APX	APXEVEX	APX_F_N3	64	62 f4 78 01 84 00	CTESTNO_MEMi8_GPR8i8_DFV_APX_N3	6	exact	exact	structural_only	exact	decode_exact	cpu_legality_and_semantics_pending
CTESTNO_MEMi8_IMM8_DFV_APX_N3	CTESTNO	APX	APXEVEX	APX_F_N3	64	62 f4 78 01 f6 00 00	CTESTNO_MEMi8_IMM8_DFV_APX_N3	7	exact	exact	structural_only	exact	decode_exact	cpu_legality_and_semantics_pending
CTESTNO_MEMv_GPRv_DFV_APX_N3	CTESTNO	APX	APXEVEX	APX_F_N3	64	62 f4 78 01 85 00	CTESTNO_MEMv_GPRv_DFV_APX_N3	6	exact	exact	structural_only	exact	decode_exact	cpu_legality_and_semantics_pending
CTESTNO_MEMv_IMMz_DFV_APX_N3	CTESTNO	APX	APXEVEX	APX_F_N3	64	62 f4 79 01 f7 08 00 00	CTESTNO_MEMv_IMMz_DFV_APX_N3	8	exact	exact	structural_only	exact	decode_exact	cpu_legality_and_semantics_pending
CTESTNS_GPR8i8_GPR8i8_DFV_APX_N3	CTESTNS	APX	APXEVEX	APX_F_N3	64	62 f4 7c 09 84 c0	CTESTNS_GPR8i8_GPR8i8_DFV_APX_N3	6	exact	exact	structural_only	exact	decode_exact	cpu_legality_and_semantics_pending
CTESTNS_GPRv_IMMz_DFV_APX_N3	CTESTNS	APX	APXEVEX	APX_F_N3	64	62 f4 7c 09 f7 c8 00 00 00 00	CTESTNS_GPRv_IMMz_DFV_APX_N3	10	exact	exact	structural_only	exact	decode_exact	cpu_legality_and_semantics_pending
CTESTNS_MEMi8_GPR8i8_DFV_APX_N3	CTESTNS	APX	APXEVEX	APX_F_N3	64	62 f4 78 09 84 00	CTESTNS_MEMi8_GPR8i8_DFV_APX_N3	6	exact	exact	structural_only	exact	decode_exact	cpu_legality_and_semantics_pending
CTESTNS_MEMi8_IMM8_DFV_APX_N3	CTESTNS	APX	APXEVEX	APX_F_N3	64	62 f4 78 09 f6 08 00	CTESTNS_MEMi8_IMM8_DFV_APX_N3	7	exact	exact	structural_only	exact	decode_exact	cpu_legality_and_semantics_pending
CTESTNS_MEMv_GPRv_DFV_APX_N3	CTESTNS	APX	APXEVEX	APX_F_N3	64	62 f4 78 09 85 00	CTESTNS_MEMv_GPRv_DFV_APX_N3	6	exact	exact	structural_only	exact	decode_exact	cpu_legality_and_semantics_pending
CTESTNS_MEMv_IMMz_DFV_APX_N3	CTESTNS	APX	APXEVEX	APX_F_N3	64	62 f4 79 09 f7 00 00 00	CTESTNS_MEMv_IMMz_DFV_APX_N3	8	exact	exact	structural_only	exact	decode_exact	cpu_legality_and_semantics_pending
CTESTNZ_GPR8i8_GPR8i8_DFV_APX_N3	CTESTNZ	APX	APXEVEX	APX_F_N3	64	62 f4 7c 05 84 c0	CTESTNZ_GPR8i8_GPR8i8_DFV_APX_N3	6	exact	exact	structural_only	exact	decode_exact	cpu_legality_and_semantics_pending
CTESTNZ_GPRv_IMMz_DFV_APX_N3	CTESTNZ	APX	APXEVEX	APX_F_N3	64	62 f4 7d 05 f7 c0 00 00	CTESTNZ_GPRv_IMMz_DFV_APX_N3	8	exact	exact	structural_only	exact	decode_exact	cpu_legality_and_semantics_pending
CTESTNZ_MEMi8_GPR8i8_DFV_APX_N3	CTESTNZ	APX	APXEVEX	APX_F_N3	64	62 f4 78 05 84 00	CTESTNZ_MEMi8_GPR8i8_DFV_APX_N3	6	exact	exact	structural_only	exact	decode_exact	cpu_legality_and_semantics_pending
CTESTNZ_MEMi8_IMM8_DFV_APX_N3	CTESTNZ	APX	APXEVEX	APX_F_N3	64	62 f4 78 05 f6 08 00	CTESTNZ_MEMi8_IMM8_DFV_APX_N3	7	exact	exact	structural_only	exact	decode_exact	cpu_legality_and_semantics_pending
CTESTNZ_MEMv_GPRv_DFV_APX_N3	CTESTNZ	APX	APXEVEX	APX_F_N3	64	62 f4 79 05 85 00	CTESTNZ_MEMv_GPRv_DFV_APX_N3	6	exact	exact	structural_only	exact	decode_exact	cpu_legality_and_semantics_pending
CTESTNZ_MEMv_IMMz_DFV_APX_N3	CTESTNZ	APX	APXEVEX	APX_F_N3	64	62 f4 79 05 f7 00 00 00	CTESTNZ_MEMv_IMMz_DFV_APX_N3	8	exact	exact	structural_only	exact	decode_exact	cpu_legality_and_semantics_pending
CTESTO_GPR8i8_GPR8i8_DFV_APX_N3	CTESTO	APX	APXEVEX	APX_F_N3	64	62 f4 7c 00 84 c0	CTESTO_GPR8i8_GPR8i8_DFV_APX_N3	6	exact	exact	structural_only	exact	decode_exact	cpu_legality_and_semantics_pending
CTESTO_GPRv_IMMz_DFV_APX_N3	CTESTO	APX	APXEVEX	APX_F_N3	64	62 f4 7c 00 f7 c0 00 00 00 00	CTESTO_GPRv_IMMz_DFV_APX_N3	10	exact	exact	structural_only	exact	decode_exact	cpu_legality_and_semantics_pending
CTESTO_MEMi8_GPR8i8_DFV_APX_N3	CTESTO	APX	APXEVEX	APX_F_N3	64	62 f4 78 00 84 00	CTESTO_MEMi8_GPR8i8_DFV_APX_N3	6	exact	exact	structural_only	exact	decode_exact	cpu_legality_and_semantics_pending
CTESTO_MEMi8_IMM8_DFV_APX_N3	CTESTO	APX	APXEVEX	APX_F_N3	64	62 f4 78 00 f6 08 00	CTESTO_MEMi8_IMM8_DFV_APX_N3	7	exact	exact	structural_only	exact	decode_exact	cpu_legality_and_semantics_pending
CTESTO_MEMv_GPRv_DFV_APX_N3	CTESTO	APX	APXEVEX	APX_F_N3	64	62 f4 79 00 85 00	CTESTO_MEMv_GPRv_DFV_APX_N3	6	exact	exact	structural_only	exact	decode_exact	cpu_legality_and_semantics_pending
CTESTO_MEMv_IMMz_DFV_APX_N3	CTESTO	APX	APXEVEX	APX_F_N3	64	62 f4 78 00 f7 00 00 00 00 00	CTESTO_MEMv_IMMz_DFV_APX_N3	10	exact	exact	structural_only	exact	decode_exact	cpu_legality_and_semantics_pending
CTESTS_GPR8i8_GPR8i8_DFV_APX_N3	CTESTS	APX	APXEVEX	APX_F_N3	64	62 f4 7c 08 84 c0	CTESTS_GPR8i8_GPR8i8_DFV_APX_N3	6	exact	exact	structural_only	exact	decode_exact	cpu_legality_and_semantics_pending
CTESTS_GPRv_IMMz_DFV_APX_N3	CTESTS	APX	APXEVEX	APX_F_N3	64	62 f4 7c 08 f7 c0 00 00 00 00	CTESTS_GPRv_IMMz_DFV_APX_N3	10	exact	exact	structural_only	exact	decode_exact	cpu_legality_and_semantics_pending
CTESTS_MEMi8_GPR8i8_DFV_APX_N3	CTESTS	APX	APXEVEX	APX_F_N3	64	62 f4 78 08 84 00	CTESTS_MEMi8_GPR8i8_DFV_APX_N3	6	exact	exact	structural_only	exact	decode_exact	cpu_legality_and_semantics_pending
CTESTS_MEMi8_IMM8_DFV_APX_N3	CTESTS	APX	APXEVEX	APX_F_N3	64	62 f4 78 08 f6 00 00	CTESTS_MEMi8_IMM8_DFV_APX_N3	7	exact	exact	structural_only	exact	decode_exact	cpu_legality_and_semantics_pending
CTESTS_MEMv_GPRv_DFV_APX_N3	CTESTS	APX	APXEVEX	APX_F_N3	64	62 f4 78 08 85 00	CTESTS_MEMv_GPRv_DFV_APX_N3	6	exact	exact	structural_only	exact	decode_exact	cpu_legality_and_semantics_pending
CTESTS_MEMv_IMMz_DFV_APX_N3	CTESTS	APX	APXEVEX	APX_F_N3	64	62 f4 78 08 f7 00 00 00 00 00	CTESTS_MEMv_IMMz_DFV_APX_N3	10	exact	exact	structural_only	exact	decode_exact	cpu_legality_and_semantics_pending
CTESTT_GPR8i8_GPR8i8_DFV_APX_N3	CTESTT	APX	APXEVEX	APX_F_N3	64	62 f4 7c 0a 84 c0	CTESTT_GPR8i8_GPR8i8_DFV_APX_N3	6	exact	exact	structural_only	exact	decode_exact	cpu_legality_and_semantics_pending
CTESTT_GPRv_IMMz_DFV_APX_N3	CTESTT	APX	APXEVEX	APX_F_N3	64	62 f4 7d 0a f7 c0 00 00	CTESTT_GPRv_IMMz_DFV_APX_N3	8	exact	exact	structural_only	exact	decode_exact	cpu_legality_and_semantics_pending
CTESTT_MEMi8_GPR8i8_DFV_APX_N3	CTESTT	APX	APXEVEX	APX_F_N3	64	62 f4 78 0a 84 00	CTESTT_MEMi8_GPR8i8_DFV_APX_N3	6	exact	exact	structural_only	exact	decode_exact	cpu_legality_and_semantics_pending
CTESTT_MEMi8_IMM8_DFV_APX_N3	CTESTT	APX	APXEVEX	APX_F_N3	64	62 f4 78 0a f6 08 00	CTESTT_MEMi8_IMM8_DFV_APX_N3	7	exact	exact	structural_only	exact	decode_exact	cpu_legality_and_semantics_pending
CTESTT_MEMv_GPRv_DFV_APX_N3	CTESTT	APX	APXEVEX	APX_F_N3	64	62 f4 79 0a 85 00	CTESTT_MEMv_GPRv_DFV_APX_N3	6	exact	exact	structural_only	exact	decode_exact	cpu_legality_and_semantics_pending
CTESTT_MEMv_IMMz_DFV_APX_N3	CTESTT	APX	APXEVEX	APX_F_N3	64	62 f4 79 0a f7 00 00 00	CTESTT_MEMv_IMMz_DFV_APX_N3	8	exact	exact	structural_only	exact	decode_exact	cpu_legality_and_semantics_pending
CTESTZ_GPR8i8_GPR8i8_DFV_APX_N3	CTESTZ	APX	APXEVEX	APX_F_N3	64	62 f4 7c 04 84 c0	CTESTZ_GPR8i8_GPR8i8_DFV_APX_N3	6	exact	exact	structural_only	exact	decode_exact	cpu_legality_and_semantics_pending
CTESTZ_GPRv_IMMz_DFV_APX_N3	CTESTZ	APX	APXEVEX	APX_F_N3	64	62 f4 7c 04 f7 c0 00 00 00 00	CTESTZ_GPRv_IMMz_DFV_APX_N3	10	exact	exact	structural_only	exact	decode_exact	cpu_legality_and_semantics_pending
CTESTZ_MEMi8_GPR8i8_DFV_APX_N3	CTESTZ	APX	APXEVEX	APX_F_N3	64	62 f4 78 04 84 00	CTESTZ_MEMi8_GPR8i8_DFV_APX_N3	6	exact	exact	structural_only	exact	decode_exact	cpu_legality_and_semantics_pending
CTESTZ_MEMi8_IMM8_DFV_APX_N3	CTESTZ	APX	APXEVEX	APX_F_N3	64	62 f4 78 04 f6 08 00	CTESTZ_MEMi8_IMM8_DFV_APX_N3	7	exact	exact	structural_only	exact	decode_exact	cpu_legality_and_semantics_pending
CTESTZ_MEMv_GPRv_DFV_APX_N3	CTESTZ	APX	APXEVEX	APX_F_N3	64	62 f4 79 04 85 00	CTESTZ_MEMv_GPRv_DFV_APX_N3	6	exact	exact	structural_only	exact	decode_exact	cpu_legality_and_semantics_pending
CTESTZ_MEMv_IMMz_DFV_APX_N3	CTESTZ	APX	APXEVEX	APX_F_N3	64	62 f4 78 04 f7 08 00 00 00 00	CTESTZ_MEMv_IMMz_DFV_APX_N3	10	exact	exact	structural_only	exact	decode_exact	cpu_legality_and_semantics_pending
ERETS	ERETS	FRED	FRED	FRED	64	f2 0f 01 ca	ERETS	4	exact	exact	structural_only	exact	decode_exact	cpu_legality_and_semantics_pending
ERETU	ERETU	FRED	FRED	FRED	64	f3 0f 01 ca	ERETU	4	exact	exact	structural_only	exact	decode_exact	cpu_legality_and_semantics_pending
FDISI8087_NOP	FDISI8087_NOP	X87_ALU	X87	X87	64	db e1	FDISI8087_NOP	2	exact	exact	structural_only	exact	decode_exact	cpu_legality_and_semantics_pending
FENI8087_NOP	FENI8087_NOP	X87_ALU	X87	X87	64	db e0	FENI8087_NOP	2	exact	exact	structural_only	exact	decode_exact	cpu_legality_and_semantics_pending
FSETPM287_NOP	FSETPM287_NOP	X87_ALU	X87	X87	64	db e4	FSETPM287_NOP	2	exact	exact	structural_only	exact	decode_exact	cpu_legality_and_semantics_pending
JMP_FAR_MEMp2	JMP_FAR	UNCOND_BR	BASE	I86	64	ff 28	JMP_FAR_MEMp2	2	exact	exact	structural_only	exact	decode_exact	cpu_legality_and_semantics_pending
JMP_FAR_PTRp_IMMw	JMP_FAR	UNCOND_BR	BASE	I86	32	ea 00 00 00 00 00 00	JMP_FAR_PTRp_IMMw	7	exact	exact	structural_only	exact	decode_exact	cpu_legality_and_semantics_pending
JNBE_RELBRd	JNBE	COND_BR	BASE	I86	64	0f 87 00 00 00 00	JNBE_RELBRd	6	exact	exact	structural_only	exact	decode_exact	cpu_legality_and_semantics_pending
JNB_RELBRd	JNB	COND_BR	BASE	I86	64	0f 83 00 00 00 00	JNB_RELBRd	6	exact	exact	structural_only	exact	decode_exact	cpu_legality_and_semantics_pending
JNLE_RELBRd	JNLE	COND_BR	BASE	I86	64	0f 8f 00 00 00 00	JNLE_RELBRd	6	exact	exact	structural_only	exact	decode_exact	cpu_legality_and_semantics_pending
JNL_RELBRd	JNL	COND_BR	BASE	I86	64	0f 8d 00 00 00 00	JNL_RELBRd	6	exact	exact	structural_only	exact	decode_exact	cpu_legality_and_semantics_pending
JNZ_RELBRd	JNZ	COND_BR	BASE	I86	64	0f 85 00 00 00 00	JNZ_RELBRd	6	exact	exact	structural_only	exact	decode_exact	cpu_legality_and_semantics_pending
JZ_RELBRd	JZ	COND_BR	BASE	I86	64	0f 84 00 00 00 00	JZ_RELBRd	6	exact	exact	structural_only	exact	decode_exact	cpu_legality_and_semantics_pending
LKGS_GPR16u16	LKGS	LKGS	LKGS	LKGS	64	f2 0f 00 f0	LKGS_GPR16u16	4	exact	exact	structural_only	exact	decode_exact	cpu_legality_and_semantics_pending
LKGS_MEMu16	LKGS	LKGS	LKGS	LKGS	64	f2 0f 00 30	LKGS_MEMu16	4	exact	exact	structural_only	exact	decode_exact	cpu_legality_and_semantics_pending
MOVRS_GPR8i8_MEMi8	MOVRS	LEGACY	MOVRS	MOVRS	64	0f 38 8a 00	MOVRS_GPR8i8_MEMi8	4	exact	exact	structural_only	exact	decode_exact	cpu_legality_and_semantics_pending
MOVRS_GPR8i8_MEMi8_APX	MOVRS	APX	MOVRS	APX_F_MOVRS	64	62 f4 78 08 8a 00	MOVRS_GPR8i8_MEMi8_APX	6	exact	exact	structural_only	exact	decode_exact	cpu_legality_and_semantics_pending
MOVRS_GPRv_MEMv	MOVRS	LEGACY	MOVRS	MOVRS	64	0f 38 8b 00	MOVRS_GPRv_MEMv	4	exact	exact	structural_only	exact	decode_exact	cpu_legality_and_semantics_pending
MOVRS_GPRv_MEMv_APX	MOVRS	APX	MOVRS	APX_F_MOVRS	64	62 f4 79 08 8b 00	MOVRS_GPRv_MEMv_APX	6	exact	exact	structural_only	exact	decode_exact	cpu_legality_and_semantics_pending
POP2P_GPR64u64_GPR64u64_APX_N3	POP2P	POP	APXEVEX	APX_F_N3	64	62 f4 fc 10 8f c0	POP2P_GPR64u64_GPR64u64_APX_N3	6	exact	exact	structural_only	exact	decode_exact	cpu_legality_and_semantics_pending
POPP_GPR64	POPP	POP	APXLEGACY	APX_F	64	d5 08 58	POPP_GPR64	3	exact	exact	structural_only	exact	decode_exact	cpu_legality_and_semantics_pending
PUSH2P_GPR64u64_GPR64u64_APX_N3	PUSH2P	PUSH	APXEVEX	APX_F_N3	64	62 f4 fc 10 ff f0	PUSH2P_GPR64u64_GPR64u64_APX_N3	6	exact	exact	structural_only	exact	decode_exact	cpu_legality_and_semantics_pending
PUSHP_GPR64	PUSHP	PUSH	APXLEGACY	APX_F	64	d5 08 50	PUSHP_GPR64	3	exact	exact	structural_only	exact	decode_exact	cpu_legality_and_semantics_pending
REPE_CMPSQ	REPE_CMPSQ	STRINGOP	LONGMODE	LONGMODE	64	f3 48 a7	REPE_CMPSQ	3	exact	exact	structural_only	exact	decode_exact	cpu_legality_and_semantics_pending
REPE_SCASQ	REPE_SCASQ	STRINGOP	LONGMODE	LONGMODE	64	f3 48 af	REPE_SCASQ	3	exact	exact	structural_only	exact	decode_exact	cpu_legality_and_semantics_pending
REPNE_CMPSQ	REPNE_CMPSQ	STRINGOP	LONGMODE	LONGMODE	64	f2 48 a7	REPNE_CMPSQ	3	exact	exact	structural_only	exact	decode_exact	cpu_legality_and_semantics_pending
REPNE_SCASQ	REPNE_SCASQ	STRINGOP	LONGMODE	LONGMODE	64	f2 48 af	REPNE_SCASQ	3	exact	exact	structural_only	exact	decode_exact	cpu_legality_and_semantics_pending
REP_LODSQ	REP_LODSQ	STRINGOP	LONGMODE	LONGMODE	64	f3 48 ad	REP_LODSQ	3	exact	exact	structural_only	exact	decode_exact	cpu_legality_and_semantics_pending
REP_MONTMUL	REP_MONTMUL	VIA_PADLOCK	VIA_PADLOCK_MONTMUL	VIA_PADLOCK_MONTMUL	16	f3 0f a6 c0	REP_MONTMUL	4	exact	exact	structural_only	exact	decode_exact	cpu_legality_and_semantics_pending
REP_MOVSQ	REP_MOVSQ	STRINGOP	LONGMODE	LONGMODE	64	f2 48 a5	REP_MOVSQ	3	exact	exact	structural_only	exact	decode_exact	cpu_legality_and_semantics_pending
REP_STOSQ	REP_STOSQ	STRINGOP	LONGMODE	LONGMODE	64	f2 48 ab	REP_STOSQ	3	exact	exact	structural_only	exact	decode_exact	cpu_legality_and_semantics_pending
REP_XCRYPTCBC	REP_XCRYPTCBC	VIA_PADLOCK	VIA_PADLOCK_AES	VIA_PADLOCK_AES	64	f3 0f a7 d0	REP_XCRYPTCBC	4	exact	exact	structural_only	exact	decode_exact	cpu_legality_and_semantics_pending
REP_XCRYPTCFB	REP_XCRYPTCFB	VIA_PADLOCK	VIA_PADLOCK_AES	VIA_PADLOCK_AES	64	f3 0f a7 e0	REP_XCRYPTCFB	4	exact	exact	structural_only	exact	decode_exact	cpu_legality_and_semantics_pending
REP_XCRYPTCTR	REP_XCRYPTCTR	VIA_PADLOCK	VIA_PADLOCK_AES	VIA_PADLOCK_AES	64	f3 0f a7 d8	REP_XCRYPTCTR	4	exact	exact	structural_only	exact	decode_exact	cpu_legality_and_semantics_pending
REP_XCRYPTECB	REP_XCRYPTECB	VIA_PADLOCK	VIA_PADLOCK_AES	VIA_PADLOCK_AES	64	f3 0f a7 c8	REP_XCRYPTECB	4	exact	exact	structural_only	exact	decode_exact	cpu_legality_and_semantics_pending
REP_XCRYPTOFB	REP_XCRYPTOFB	VIA_PADLOCK	VIA_PADLOCK_AES	VIA_PADLOCK_AES	64	f3 0f a7 e8	REP_XCRYPTOFB	4	exact	exact	structural_only	exact	decode_exact	cpu_legality_and_semantics_pending
REP_XSHA1	REP_XSHA1	VIA_PADLOCK	VIA_PADLOCK_SHA	VIA_PADLOCK_SHA	64	f3 0f a6 c8	REP_XSHA1	4	exact	exact	structural_only	exact	decode_exact	cpu_legality_and_semantics_pending
REP_XSHA256	REP_XSHA256	VIA_PADLOCK	VIA_PADLOCK_SHA	VIA_PADLOCK_SHA	64	f3 0f a6 d0	REP_XSHA256	4	exact	exact	structural_only	exact	decode_exact	cpu_legality_and_semantics_pending
REP_XSTORE	REP_XSTORE	VIA_PADLOCK	VIA_PADLOCK_RNG	VIA_PADLOCK_RNG	64	f3 0f a7 c0	REP_XSTORE	4	exact	exact	structural_only	exact	decode_exact	cpu_legality_and_semantics_pending
SEAMCALL	SEAMCALL	LEGACY	TDX	TDX	64	66 0f 01 cf	SEAMCALL	4	exact	exact	structural_only	exact	decode_exact	cpu_legality_and_semantics_pending
SEAMOPS	SEAMOPS	LEGACY	TDX	TDX	64	66 0f 01 ce	SEAMOPS	4	exact	exact	structural_only	exact	decode_exact	cpu_legality_and_semantics_pending
SEAMRET	SEAMRET	LEGACY	TDX	TDX	64	66 0f 01 cd	SEAMRET	4	exact	exact	structural_only	exact	decode_exact	cpu_legality_and_semantics_pending
SWAPGS	SWAPGS	SYSTEM	LONGMODE	LONGMODE	64	0f 01 f8	SWAPGS	3	exact	exact	structural_only	exact	decode_exact	cpu_legality_and_semantics_pending
SYSRET64	SYSRET64	SYSRET	LONGMODE	LONGMODE	64	48 0f 07	SYSRET64	3	exact	exact	structural_only	exact	decode_exact	cpu_legality_and_semantics_pending
SYSRET_AMD	SYSRET_AMD	SYSRET	BASE	AMD	32	0f 07	SYSRET_AMD	2	exact	exact	structural_only	exact	decode_exact	cpu_legality_and_semantics_pending
TDCALL	TDCALL	LEGACY	TDX	TDX	64	66 0f 01 cc	TDCALL	4	exact	exact	structural_only	exact	decode_exact	cpu_legality_and_semantics_pending
VADDSH_XMMf16_MASKmskw_XMMf16_MEMf16_AVX512	VADDSH	FP16	AVX512EVEX	AVX512_FP16_SCALAR	64	62 f5 7e 09 58 00	VADDSH_XMMf16_MASKmskw_XMMf16_MEMf16_AVX512	6	exact	exact	structural_only	exact	decode_exact	cpu_legality_and_semantics_pending
VADDSH_XMMf16_MASKmskw_XMMf16_XMMf16_AVX512	VADDSH	FP16	AVX512EVEX	AVX512_FP16_SCALAR	64	62 f5 7e 09 58 c0	VADDSH_XMMf16_MASKmskw_XMMf16_XMMf16_AVX512	6	exact	exact	structural_only	exact	decode_exact	cpu_legality_and_semantics_pending
VALIGND_XMMu32_MASKmskw_XMMu32_MEMu32_IMM8_AVX512	VALIGND	AVX512	AVX512EVEX	AVX512F_128	64	62 f3 7d 09 03 00 00	VALIGND_XMMu32_MASKmskw_XMMu32_MEMu32_IMM8_AVX512	7	exact	exact	structural_only	exact	decode_exact	cpu_legality_and_semantics_pending
VALIGND_XMMu32_MASKmskw_XMMu32_XMMu32_IMM8_AVX512	VALIGND	AVX512	AVX512EVEX	AVX512F_128	64	62 f3 7d 09 03 c0 00	VALIGND_XMMu32_MASKmskw_XMMu32_XMMu32_IMM8_AVX512	7	exact	exact	structural_only	exact	decode_exact	cpu_legality_and_semantics_pending
VALIGND_YMMu32_MASKmskw_YMMu32_MEMu32_IMM8_AVX512	VALIGND	AVX512	AVX512EVEX	AVX512F_256	64	62 f3 7d 29 03 00 00	VALIGND_YMMu32_MASKmskw_YMMu32_MEMu32_IMM8_AVX512	7	exact	exact	structural_only	exact	decode_exact	cpu_legality_and_semantics_pending
VALIGND_YMMu32_MASKmskw_YMMu32_YMMu32_IMM8_AVX512	VALIGND	AVX512	AVX512EVEX	AVX512F_256	64	62 f3 7d 29 03 c0 00	VALIGND_YMMu32_MASKmskw_YMMu32_YMMu32_IMM8_AVX512	7	exact	exact	structural_only	exact	decode_exact	cpu_legality_and_semantics_pending
VALIGND_ZMMu32_MASKmskw_ZMMu32_MEMu32_IMM8_AVX512	VALIGND	AVX512	AVX512EVEX	AVX512F_512	64	62 f3 7d 49 03 00 00	VALIGND_ZMMu32_MASKmskw_ZMMu32_MEMu32_IMM8_AVX512	7	exact	exact	structural_only	exact	decode_exact	cpu_legality_and_semantics_pending
VALIGND_ZMMu32_MASKmskw_ZMMu32_ZMMu32_IMM8_AVX512	VALIGND	AVX512	AVX512EVEX	AVX512F_512	64	62 f3 7d 49 03 c0 00	VALIGND_ZMMu32_MASKmskw_ZMMu32_ZMMu32_IMM8_AVX512	7	exact	exact	structural_only	exact	decode_exact	cpu_legality_and_semantics_pending
VALIGNQ_XMMu64_MASKmskw_XMMu64_MEMu64_IMM8_AVX512	VALIGNQ	AVX512	AVX512EVEX	AVX512F_128	64	62 f3 fd 09 03 00 00	VALIGNQ_XMMu64_MASKmskw_XMMu64_MEMu64_IMM8_AVX512	7	exact	exact	structural_only	exact	decode_exact	cpu_legality_and_semantics_pending
VALIGNQ_XMMu64_MASKmskw_XMMu64_XMMu64_IMM8_AVX512	VALIGNQ	AVX512	AVX512EVEX	AVX512F_128	64	62 f3 fd 09 03 c0 00	VALIGNQ_XMMu64_MASKmskw_XMMu64_XMMu64_IMM8_AVX512	7	exact	exact	structural_only	exact	decode_exact	cpu_legality_and_semantics_pending
VALIGNQ_YMMu64_MASKmskw_YMMu64_MEMu64_IMM8_AVX512	VALIGNQ	AVX512	AVX512EVEX	AVX512F_256	64	62 f3 fd 29 03 00 00	VALIGNQ_YMMu64_MASKmskw_YMMu64_MEMu64_IMM8_AVX512	7	exact	exact	structural_only	exact	decode_exact	cpu_legality_and_semantics_pending
VALIGNQ_YMMu64_MASKmskw_YMMu64_YMMu64_IMM8_AVX512	VALIGNQ	AVX512	AVX512EVEX	AVX512F_256	64	62 f3 fd 29 03 c0 00	VALIGNQ_YMMu64_MASKmskw_YMMu64_YMMu64_IMM8_AVX512	7	exact	exact	structural_only	exact	decode_exact	cpu_legality_and_semantics_pending
VALIGNQ_ZMMu64_MASKmskw_ZMMu64_MEMu64_IMM8_AVX512	VALIGNQ	AVX512	AVX512EVEX	AVX512F_512	64	62 f3 fd 49 03 00 00	VALIGNQ_ZMMu64_MASKmskw_ZMMu64_MEMu64_IMM8_AVX512	7	exact	exact	structural_only	exact	decode_exact	cpu_legality_and_semantics_pending
VALIGNQ_ZMMu64_MASKmskw_ZMMu64_ZMMu64_IMM8_AVX512	VALIGNQ	AVX512	AVX512EVEX	AVX512F_512	64	62 f3 fd 49 03 c0 00	VALIGNQ_ZMMu64_MASKmskw_ZMMu64_ZMMu64_IMM8_AVX512	7	exact	exact	structural_only	exact	decode_exact	cpu_legality_and_semantics_pending
VBLENDMPD_XMMf64_MASKmskw_XMMf64_MEMf64_AVX512	VBLENDMPD	BLEND	AVX512EVEX	AVX512F_128	64	62 f2 fd 09 65 00	VBLENDMPD_XMMf64_MASKmskw_XMMf64_MEMf64_AVX512	6	exact	exact	structural_only	exact	decode_exact	cpu_legality_and_semantics_pending
VBLENDMPD_XMMf64_MASKmskw_XMMf64_XMMf64_AVX512	VBLENDMPD	BLEND	AVX512EVEX	AVX512F_128	64	62 f2 fd 09 65 c0	VBLENDMPD_XMMf64_MASKmskw_XMMf64_XMMf64_AVX512	6	exact	exact	structural_only	exact	decode_exact	cpu_legality_and_semantics_pending
VBLENDMPD_YMMf64_MASKmskw_YMMf64_MEMf64_AVX512	VBLENDMPD	BLEND	AVX512EVEX	AVX512F_256	64	62 f2 fd 29 65 00	VBLENDMPD_YMMf64_MASKmskw_YMMf64_MEMf64_AVX512	6	exact	exact	structural_only	exact	decode_exact	cpu_legality_and_semantics_pending
VBLENDMPD_YMMf64_MASKmskw_YMMf64_YMMf64_AVX512	VBLENDMPD	BLEND	AVX512EVEX	AVX512F_256	64	62 f2 fd 29 65 c0	VBLENDMPD_YMMf64_MASKmskw_YMMf64_YMMf64_AVX512	6	exact	exact	structural_only	exact	decode_exact	cpu_legality_and_semantics_pending
VBLENDMPD_ZMMf64_MASKmskw_ZMMf64_MEMf64_AVX512	VBLENDMPD	BLEND	AVX512EVEX	AVX512F_512	64	62 f2 fd 49 65 00	VBLENDMPD_ZMMf64_MASKmskw_ZMMf64_MEMf64_AVX512	6	exact	exact	structural_only	exact	decode_exact	cpu_legality_and_semantics_pending
VBLENDMPD_ZMMf64_MASKmskw_ZMMf64_ZMMf64_AVX512	VBLENDMPD	BLEND	AVX512EVEX	AVX512F_512	64	62 f2 fd 49 65 c0	VBLENDMPD_ZMMf64_MASKmskw_ZMMf64_ZMMf64_AVX512	6	exact	exact	structural_only	exact	decode_exact	cpu_legality_and_semantics_pending
VBLENDMPS_XMMf32_MASKmskw_XMMf32_MEMf32_AVX512	VBLENDMPS	BLEND	AVX512EVEX	AVX512F_128	64	62 f2 7d 09 65 00	VBLENDMPS_XMMf32_MASKmskw_XMMf32_MEMf32_AVX512	6	exact	exact	structural_only	exact	decode_exact	cpu_legality_and_semantics_pending
VBLENDMPS_XMMf32_MASKmskw_XMMf32_XMMf32_AVX512	VBLENDMPS	BLEND	AVX512EVEX	AVX512F_128	64	62 f2 7d 09 65 c0	VBLENDMPS_XMMf32_MASKmskw_XMMf32_XMMf32_AVX512	6	exact	exact	structural_only	exact	decode_exact	cpu_legality_and_semantics_pending
VBLENDMPS_YMMf32_MASKmskw_YMMf32_MEMf32_AVX512	VBLENDMPS	BLEND	AVX512EVEX	AVX512F_256	64	62 f2 7d 29 65 00	VBLENDMPS_YMMf32_MASKmskw_YMMf32_MEMf32_AVX512	6	exact	exact	structural_only	exact	decode_exact	cpu_legality_and_semantics_pending
VBLENDMPS_YMMf32_MASKmskw_YMMf32_YMMf32_AVX512	VBLENDMPS	BLEND	AVX512EVEX	AVX512F_256	64	62 f2 7d 29 65 c0	VBLENDMPS_YMMf32_MASKmskw_YMMf32_YMMf32_AVX512	6	exact	exact	structural_only	exact	decode_exact	cpu_legality_and_semantics_pending
VBLENDMPS_ZMMf32_MASKmskw_ZMMf32_MEMf32_AVX512	VBLENDMPS	BLEND	AVX512EVEX	AVX512F_512	64	62 f2 7d 49 65 00	VBLENDMPS_ZMMf32_MASKmskw_ZMMf32_MEMf32_AVX512	6	exact	exact	structural_only	exact	decode_exact	cpu_legality_and_semantics_pending
VBLENDMPS_ZMMf32_MASKmskw_ZMMf32_ZMMf32_AVX512	VBLENDMPS	BLEND	AVX512EVEX	AVX512F_512	64	62 f2 7d 49 65 c0	VBLENDMPS_ZMMf32_MASKmskw_ZMMf32_ZMMf32_AVX512	6	exact	exact	structural_only	exact	decode_exact	cpu_legality_and_semantics_pending
VCMPBF16_MASKmskw_MASKmskw_XMMbf16_MEMbf16_IMM8_AVX512	VCMPBF16	AVX512	AVX512EVEX	AVX10_2_BF16_128	64	62 f3 7f 09 c2 00 00	VCMPBF16_MASKmskw_MASKmskw_XMMbf16_MEMbf16_IMM8_AVX512	7	exact	exact	structural_only	exact	decode_exact	cpu_legality_and_semantics_pending
VCMPBF16_MASKmskw_MASKmskw_XMMbf16_XMMbf16_IMM8_AVX512	VCMPBF16	AVX512	AVX512EVEX	AVX10_2_BF16_128	64	62 f3 7f 09 c2 c0 00	VCMPBF16_MASKmskw_MASKmskw_XMMbf16_XMMbf16_IMM8_AVX512	7	exact	exact	structural_only	exact	decode_exact	cpu_legality_and_semantics_pending
VCMPBF16_MASKmskw_MASKmskw_YMMbf16_MEMbf16_IMM8_AVX512	VCMPBF16	AVX512	AVX512EVEX	AVX10_2_BF16_256	64	62 f3 7f 29 c2 00 00	VCMPBF16_MASKmskw_MASKmskw_YMMbf16_MEMbf16_IMM8_AVX512	7	exact	exact	structural_only	exact	decode_exact	cpu_legality_and_semantics_pending
VCMPBF16_MASKmskw_MASKmskw_YMMbf16_YMMbf16_IMM8_AVX512	VCMPBF16	AVX512	AVX512EVEX	AVX10_2_BF16_256	64	62 f3 7f 29 c2 c0 00	VCMPBF16_MASKmskw_MASKmskw_YMMbf16_YMMbf16_IMM8_AVX512	7	exact	exact	structural_only	exact	decode_exact	cpu_legality_and_semantics_pending
VCMPBF16_MASKmskw_MASKmskw_ZMMbf16_MEMbf16_IMM8_AVX512	VCMPBF16	AVX512	AVX512EVEX	AVX10_2_BF16_512	64	62 f3 7f 49 c2 00 00	VCMPBF16_MASKmskw_MASKmskw_ZMMbf16_MEMbf16_IMM8_AVX512	7	exact	exact	structural_only	exact	decode_exact	cpu_legality_and_semantics_pending
VCMPBF16_MASKmskw_MASKmskw_ZMMbf16_ZMMbf16_IMM8_AVX512	VCMPBF16	AVX512	AVX512EVEX	AVX10_2_BF16_512	64	62 f3 7f 49 c2 c0 00	VCMPBF16_MASKmskw_MASKmskw_ZMMbf16_ZMMbf16_IMM8_AVX512	7	exact	exact	structural_only	exact	decode_exact	cpu_legality_and_semantics_pending
VCMPPH_MASKmskw_MASKmskw_XMMf16_MEMf16_IMM8_AVX512	VCMPPH	FP16	AVX512EVEX	AVX512_FP16_128	64	62 f3 7c 09 c2 00 00	VCMPPH_MASKmskw_MASKmskw_XMMf16_MEMf16_IMM8_AVX512	7	exact	exact	structural_only	exact	decode_exact	cpu_legality_and_semantics_pending
VCMPPH_MASKmskw_MASKmskw_XMMf16_XMMf16_IMM8_AVX512	VCMPPH	FP16	AVX512EVEX	AVX512_FP16_128	64	62 f3 7c 09 c2 c0 00	VCMPPH_MASKmskw_MASKmskw_XMMf16_XMMf16_IMM8_AVX512	7	exact	exact	structural_only	exact	decode_exact	cpu_legality_and_semantics_pending
VCMPPH_MASKmskw_MASKmskw_YMMf16_MEMf16_IMM8_AVX512	VCMPPH	FP16	AVX512EVEX	AVX512_FP16_256	64	62 f3 7c 29 c2 00 00	VCMPPH_MASKmskw_MASKmskw_YMMf16_MEMf16_IMM8_AVX512	7	exact	exact	structural_only	exact	decode_exact	cpu_legality_and_semantics_pending
VCMPPH_MASKmskw_MASKmskw_YMMf16_YMMf16_IMM8_AVX512	VCMPPH	FP16	AVX512EVEX	AVX512_FP16_256	64	62 f3 7c 29 c2 c0 00	VCMPPH_MASKmskw_MASKmskw_YMMf16_YMMf16_IMM8_AVX512	7	exact	exact	structural_only	exact	decode_exact	cpu_legality_and_semantics_pending
VCMPPH_MASKmskw_MASKmskw_ZMMf16_MEMf16_IMM8_AVX512	VCMPPH	FP16	AVX512EVEX	AVX512_FP16_512	64	62 f3 7c 49 c2 00 00	VCMPPH_MASKmskw_MASKmskw_ZMMf16_MEMf16_IMM8_AVX512	7	exact	exact	structural_only	exact	decode_exact	cpu_legality_and_semantics_pending
VCMPPH_MASKmskw_MASKmskw_ZMMf16_ZMMf16_IMM8_AVX512	VCMPPH	FP16	AVX512EVEX	AVX512_FP16_512	64	62 f3 7c 49 c2 c0 00	VCMPPH_MASKmskw_MASKmskw_ZMMf16_ZMMf16_IMM8_AVX512	7	exact	exact	structural_only	exact	decode_exact	cpu_legality_and_semantics_pending
VCMPSH_MASKmskw_MASKmskw_XMMf16_MEMf16_IMM8_AVX512	VCMPSH	FP16	AVX512EVEX	AVX512_FP16_SCALAR	64	62 f3 7e 09 c2 00 00	VCMPSH_MASKmskw_MASKmskw_XMMf16_MEMf16_IMM8_AVX512	7	exact	exact	structural_only	exact	decode_exact	cpu_legality_and_semantics_pending
VCMPSH_MASKmskw_MASKmskw_XMMf16_XMMf16_IMM8_AVX512	VCMPSH	FP16	AVX512EVEX	AVX512_FP16_SCALAR	64	62 f3 7e 19 c2 c0 00	VCMPSH_MASKmskw_MASKmskw_XMMf16_XMMf16_IMM8_AVX512	7	exact	exact	structural_only	exact	decode_exact	cpu_legality_and_semantics_pending
VCOMISBF16_XMMbf16_MEMbf16_AVX512	VCOMISBF16	AVX512	AVX512EVEX	AVX10_2_BF16_SCALAR	64	62 f5 7d 08 2f 00	VCOMISBF16_XMMbf16_MEMbf16_AVX512	6	exact	exact	structural_only	exact	decode_exact	cpu_legality_and_semantics_pending
VCOMISBF16_XMMbf16_XMMbf16_AVX512	VCOMISBF16	AVX512	AVX512EVEX	AVX10_2_BF16_SCALAR	64	62 f5 7d 08 2f c0	VCOMISBF16_XMMbf16_XMMbf16_AVX512	6	exact	exact	structural_only	exact	decode_exact	cpu_legality_and_semantics_pending
VCOMXSD_XMMf64_MEMf64_AVX512	VCOMXSD	AVX512	AVX512EVEX	AVX512_COM_EF_SCALAR	64	62 f1 ff 08 2f 00	VCOMXSD_XMMf64_MEMf64_AVX512	6	exact	exact	structural_only	exact	decode_exact	cpu_legality_and_semantics_pending
VCOMXSD_XMMf64_XMMf64_AVX512	VCOMXSD	AVX512	AVX512EVEX	AVX512_COM_EF_SCALAR	64	62 f1 ff 08 2f c0	VCOMXSD_XMMf64_XMMf64_AVX512	6	exact	exact	structural_only	exact	decode_exact	cpu_legality_and_semantics_pending
VCOMXSH_XMMf16_MEMf16_AVX512	VCOMXSH	AVX512	AVX512EVEX	AVX512_COM_EF_SCALAR	64	62 f5 7e 08 2f 00	VCOMXSH_XMMf16_MEMf16_AVX512	6	exact	exact	structural_only	exact	decode_exact	cpu_legality_and_semantics_pending
VCOMXSH_XMMf16_XMMf16_AVX512	VCOMXSH	AVX512	AVX512EVEX	AVX512_COM_EF_SCALAR	64	62 f5 7e 18 2f c0	VCOMXSH_XMMf16_XMMf16_AVX512	6	exact	exact	structural_only	exact	decode_exact	cpu_legality_and_semantics_pending
VCOMXSS_XMMf32_MEMf32_AVX512	VCOMXSS	AVX512	AVX512EVEX	AVX512_COM_EF_SCALAR	64	62 f1 7e 08 2f 00	VCOMXSS_XMMf32_MEMf32_AVX512	6	exact	exact	structural_only	exact	decode_exact	cpu_legality_and_semantics_pending
VCOMXSS_XMMf32_XMMf32_AVX512	VCOMXSS	AVX512	AVX512EVEX	AVX512_COM_EF_SCALAR	64	62 f1 7e 18 2f c0	VCOMXSS_XMMf32_XMMf32_AVX512	6	exact	exact	structural_only	exact	decode_exact	cpu_legality_and_semantics_pending
VCVT2PH2BF8S_XMMbf8_MASKmskw_XMMf16_MEMf16_AVX512	VCVT2PH2BF8S	CONVERT	AVX512EVEX	AVX512_FP8_CONVERT_128	64	62 f5 7f 09 74 00	VCVT2PH2BF8S_XMMbf8_MASKmskw_XMMf16_MEMf16_AVX512	6	exact	exact	structural_only	exact	decode_exact	cpu_legality_and_semantics_pending
VCVT2PH2BF8S_XMMbf8_MASKmskw_XMMf16_XMMf16_AVX512	VCVT2PH2BF8S	CONVERT	AVX512EVEX	AVX512_FP8_CONVERT_128	64	62 f5 7f 09 74 c0	VCVT2PH2BF8S_XMMbf8_MASKmskw_XMMf16_XMMf16_AVX512	6	exact	exact	structural_only	exact	decode_exact	cpu_legality_and_semantics_pending
VCVT2PH2BF8S_YMMbf8_MASKmskw_YMMf16_MEMf16_AVX512	VCVT2PH2BF8S	CONVERT	AVX512EVEX	AVX512_FP8_CONVERT_256	64	62 f5 7f 29 74 00	VCVT2PH2BF8S_YMMbf8_MASKmskw_YMMf16_MEMf16_AVX512	6	exact	exact	structural_only	exact	decode_exact	cpu_legality_and_semantics_pending
VCVT2PH2BF8S_YMMbf8_MASKmskw_YMMf16_YMMf16_AVX512	VCVT2PH2BF8S	CONVERT	AVX512EVEX	AVX512_FP8_CONVERT_256	64	62 f5 7f 29 74 c0	VCVT2PH2BF8S_YMMbf8_MASKmskw_YMMf16_YMMf16_AVX512	6	exact	exact	structural_only	exact	decode_exact	cpu_legality_and_semantics_pending
VCVT2PH2BF8S_ZMMbf8_MASKmskw_ZMMf16_MEMf16_AVX512	VCVT2PH2BF8S	CONVERT	AVX512EVEX	AVX512_FP8_CONVERT_512	64	62 f5 7f 49 74 00	VCVT2PH2BF8S_ZMMbf8_MASKmskw_ZMMf16_MEMf16_AVX512	6	exact	exact	structural_only	exact	decode_exact	cpu_legality_and_semantics_pending
VCVT2PH2BF8S_ZMMbf8_MASKmskw_ZMMf16_ZMMf16_AVX512	VCVT2PH2BF8S	CONVERT	AVX512EVEX	AVX512_FP8_CONVERT_512	64	62 f5 7f 49 74 c0	VCVT2PH2BF8S_ZMMbf8_MASKmskw_ZMMf16_ZMMf16_AVX512	6	exact	exact	structural_only	exact	decode_exact	cpu_legality_and_semantics_pending
VCVT2PH2BF8_XMMbf8_MASKmskw_XMMf16_MEMf16_AVX512	VCVT2PH2BF8	CONVERT	AVX512EVEX	AVX512_FP8_CONVERT_128	64	62 f2 7f 09 74 00	VCVT2PH2BF8_XMMbf8_MASKmskw_XMMf16_MEMf16_AVX512	6	exact	exact	structural_only	exact	decode_exact	cpu_legality_and_semantics_pending
VCVT2PH2BF8_XMMbf8_MASKmskw_XMMf16_XMMf16_AVX512	VCVT2PH2BF8	CONVERT	AVX512EVEX	AVX512_FP8_CONVERT_128	64	62 f2 7f 09 74 c0	VCVT2PH2BF8_XMMbf8_MASKmskw_XMMf16_XMMf16_AVX512	6	exact	exact	structural_only	exact	decode_exact	cpu_legality_and_semantics_pending
VCVT2PH2BF8_YMMbf8_MASKmskw_YMMf16_MEMf16_AVX512	VCVT2PH2BF8	CONVERT	AVX512EVEX	AVX512_FP8_CONVERT_256	64	62 f2 7f 29 74 00	VCVT2PH2BF8_YMMbf8_MASKmskw_YMMf16_MEMf16_AVX512	6	exact	exact	structural_only	exact	decode_exact	cpu_legality_and_semantics_pending
VCVT2PH2BF8_YMMbf8_MASKmskw_YMMf16_YMMf16_AVX512	VCVT2PH2BF8	CONVERT	AVX512EVEX	AVX512_FP8_CONVERT_256	64	62 f2 7f 29 74 c0	VCVT2PH2BF8_YMMbf8_MASKmskw_YMMf16_YMMf16_AVX512	6	exact	exact	structural_only	exact	decode_exact	cpu_legality_and_semantics_pending
VCVT2PH2BF8_ZMMbf8_MASKmskw_ZMMf16_MEMf16_AVX512	VCVT2PH2BF8	CONVERT	AVX512EVEX	AVX512_FP8_CONVERT_512	64	62 f2 7f 49 74 00	VCVT2PH2BF8_ZMMbf8_MASKmskw_ZMMf16_MEMf16_AVX512	6	exact	exact	structural_only	exact	decode_exact	cpu_legality_and_semantics_pending
VCVT2PH2BF8_ZMMbf8_MASKmskw_ZMMf16_ZMMf16_AVX512	VCVT2PH2BF8	CONVERT	AVX512EVEX	AVX512_FP8_CONVERT_512	64	62 f2 7f 49 74 c0	VCVT2PH2BF8_ZMMbf8_MASKmskw_ZMMf16_ZMMf16_AVX512	6	exact	exact	structural_only	exact	decode_exact	cpu_legality_and_semantics_pending
VCVT2PH2HF8S_XMMhf8_MASKmskw_XMMf16_MEMf16_AVX512	VCVT2PH2HF8S	CONVERT	AVX512EVEX	AVX512_FP8_CONVERT_128	64	62 f5 7f 09 1b 00	VCVT2PH2HF8S_XMMhf8_MASKmskw_XMMf16_MEMf16_AVX512	6	exact	exact	structural_only	exact	decode_exact	cpu_legality_and_semantics_pending
VCVT2PH2HF8S_XMMhf8_MASKmskw_XMMf16_XMMf16_AVX512	VCVT2PH2HF8S	CONVERT	AVX512EVEX	AVX512_FP8_CONVERT_128	64	62 f5 7f 09 1b c0	VCVT2PH2HF8S_XMMhf8_MASKmskw_XMMf16_XMMf16_AVX512	6	exact	exact	structural_only	exact	decode_exact	cpu_legality_and_semantics_pending
VCVT2PH2HF8S_YMMhf8_MASKmskw_YMMf16_MEMf16_AVX512	VCVT2PH2HF8S	CONVERT	AVX512EVEX	AVX512_FP8_CONVERT_256	64	62 f5 7f 29 1b 00	VCVT2PH2HF8S_YMMhf8_MASKmskw_YMMf16_MEMf16_AVX512	6	exact	exact	structural_only	exact	decode_exact	cpu_legality_and_semantics_pending
VCVT2PH2HF8S_YMMhf8_MASKmskw_YMMf16_YMMf16_AVX512	VCVT2PH2HF8S	CONVERT	AVX512EVEX	AVX512_FP8_CONVERT_256	64	62 f5 7f 29 1b c0	VCVT2PH2HF8S_YMMhf8_MASKmskw_YMMf16_YMMf16_AVX512	6	exact	exact	structural_only	exact	decode_exact	cpu_legality_and_semantics_pending
VCVT2PH2HF8S_ZMMhf8_MASKmskw_ZMMf16_MEMf16_AVX512	VCVT2PH2HF8S	CONVERT	AVX512EVEX	AVX512_FP8_CONVERT_512	64	62 f5 7f 49 1b 00	VCVT2PH2HF8S_ZMMhf8_MASKmskw_ZMMf16_MEMf16_AVX512	6	exact	exact	structural_only	exact	decode_exact	cpu_legality_and_semantics_pending
VCVT2PH2HF8S_ZMMhf8_MASKmskw_ZMMf16_ZMMf16_AVX512	VCVT2PH2HF8S	CONVERT	AVX512EVEX	AVX512_FP8_CONVERT_512	64	62 f5 7f 49 1b c0	VCVT2PH2HF8S_ZMMhf8_MASKmskw_ZMMf16_ZMMf16_AVX512	6	exact	exact	structural_only	exact	decode_exact	cpu_legality_and_semantics_pending
VCVT2PH2HF8_XMMhf8_MASKmskw_XMMf16_MEMf16_AVX512	VCVT2PH2HF8	CONVERT	AVX512EVEX	AVX512_FP8_CONVERT_128	64	62 f5 7f 09 18 00	VCVT2PH2HF8_XMMhf8_MASKmskw_XMMf16_MEMf16_AVX512	6	exact	exact	structural_only	exact	decode_exact	cpu_legality_and_semantics_pending
VCVT2PH2HF8_XMMhf8_MASKmskw_XMMf16_XMMf16_AVX512	VCVT2PH2HF8	CONVERT	AVX512EVEX	AVX512_FP8_CONVERT_128	64	62 f5 7f 09 18 c0	VCVT2PH2HF8_XMMhf8_MASKmskw_XMMf16_XMMf16_AVX512	6	exact	exact	structural_only	exact	decode_exact	cpu_legality_and_semantics_pending
VCVT2PH2HF8_YMMhf8_MASKmskw_YMMf16_MEMf16_AVX512	VCVT2PH2HF8	CONVERT	AVX512EVEX	AVX512_FP8_CONVERT_256	64	62 f5 7f 29 18 00	VCVT2PH2HF8_YMMhf8_MASKmskw_YMMf16_MEMf16_AVX512	6	exact	exact	structural_only	exact	decode_exact	cpu_legality_and_semantics_pending
VCVT2PH2HF8_YMMhf8_MASKmskw_YMMf16_YMMf16_AVX512	VCVT2PH2HF8	CONVERT	AVX512EVEX	AVX512_FP8_CONVERT_256	64	62 f5 7f 29 18 c0	VCVT2PH2HF8_YMMhf8_MASKmskw_YMMf16_YMMf16_AVX512	6	exact	exact	structural_only	exact	decode_exact	cpu_legality_and_semantics_pending
VCVT2PH2HF8_ZMMhf8_MASKmskw_ZMMf16_MEMf16_AVX512	VCVT2PH2HF8	CONVERT	AVX512EVEX	AVX512_FP8_CONVERT_512	64	62 f5 7f 49 18 00	VCVT2PH2HF8_ZMMhf8_MASKmskw_ZMMf16_MEMf16_AVX512	6	exact	exact	structural_only	exact	decode_exact	cpu_legality_and_semantics_pending
VCVT2PH2HF8_ZMMhf8_MASKmskw_ZMMf16_ZMMf16_AVX512	VCVT2PH2HF8	CONVERT	AVX512EVEX	AVX512_FP8_CONVERT_512	64	62 f5 7f 49 18 c0	VCVT2PH2HF8_ZMMhf8_MASKmskw_ZMMf16_ZMMf16_AVX512	6	exact	exact	structural_only	exact	decode_exact	cpu_legality_and_semantics_pending
VCVT2PS2PHX_XMMf16_MASKmskw_XMMf32_MEMf32_AVX512	VCVT2PS2PHX	CONVERT	AVX512EVEX	AVX512_FP16_CONVERT_128	64	62 f2 7d 09 67 00	VCVT2PS2PHX_XMMf16_MASKmskw_XMMf32_MEMf32_AVX512	6	exact	exact	structural_only	exact	decode_exact	cpu_legality_and_semantics_pending
VCVT2PS2PHX_XMMf16_MASKmskw_XMMf32_XMMf32_AVX512	VCVT2PS2PHX	CONVERT	AVX512EVEX	AVX512_FP16_CONVERT_128	64	62 f2 7d 09 67 c0	VCVT2PS2PHX_XMMf16_MASKmskw_XMMf32_XMMf32_AVX512	6	exact	exact	structural_only	exact	decode_exact	cpu_legality_and_semantics_pending
VCVT2PS2PHX_YMMf16_MASKmskw_YMMf32_MEMf32_AVX512	VCVT2PS2PHX	CONVERT	AVX512EVEX	AVX512_FP16_CONVERT_256	64	62 f2 7d 29 67 00	VCVT2PS2PHX_YMMf16_MASKmskw_YMMf32_MEMf32_AVX512	6	exact	exact	structural_only	exact	decode_exact	cpu_legality_and_semantics_pending
VCVT2PS2PHX_YMMf16_MASKmskw_YMMf32_YMMf32_AVX512	VCVT2PS2PHX	CONVERT	AVX512EVEX	AVX512_FP16_CONVERT_256	64	62 f2 7d 29 67 c0	VCVT2PS2PHX_YMMf16_MASKmskw_YMMf32_YMMf32_AVX512	6	exact	exact	structural_only	exact	decode_exact	cpu_legality_and_semantics_pending
VCVT2PS2PHX_ZMMf16_MASKmskw_ZMMf32_MEMf32_AVX512	VCVT2PS2PHX	CONVERT	AVX512EVEX	AVX512_FP16_CONVERT_512	64	62 f2 7d 49 67 00	VCVT2PS2PHX_ZMMf16_MASKmskw_ZMMf32_MEMf32_AVX512	6	exact	exact	structural_only	exact	decode_exact	cpu_legality_and_semantics_pending
VCVT2PS2PHX_ZMMf16_MASKmskw_ZMMf32_ZMMf32_AVX512	VCVT2PS2PHX	CONVERT	AVX512EVEX	AVX512_FP16_CONVERT_512	64	62 f2 7d 49 67 c0	VCVT2PS2PHX_ZMMf16_MASKmskw_ZMMf32_ZMMf32_AVX512	6	exact	exact	structural_only	exact	decode_exact	cpu_legality_and_semantics_pending
VCVTBF162IBS_XMMi8_MASKmskw_MEMbf16_AVX512	VCVTBF162IBS	CONVERT	AVX512EVEX	AVX512_SAT_CVT_128	64	62 f5 7f 09 69 00	VCVTBF162IBS_XMMi8_MASKmskw_MEMbf16_AVX512	6	exact	exact	structural_only	exact	decode_exact	cpu_legality_and_semantics_pending
VCVTBF162IBS_XMMi8_MASKmskw_XMMbf16_AVX512	VCVTBF162IBS	CONVERT	AVX512EVEX	AVX512_SAT_CVT_128	64	62 f5 7f 09 69 c0	VCVTBF162IBS_XMMi8_MASKmskw_XMMbf16_AVX512	6	exact	exact	structural_only	exact	decode_exact	cpu_legality_and_semantics_pending
VCVTBF162IBS_YMMi8_MASKmskw_MEMbf16_AVX512	VCVTBF162IBS	CONVERT	AVX512EVEX	AVX512_SAT_CVT_256	64	62 f5 7f 29 69 00	VCVTBF162IBS_YMMi8_MASKmskw_MEMbf16_AVX512	6	exact	exact	structural_only	exact	decode_exact	cpu_legality_and_semantics_pending
VCVTBF162IBS_YMMi8_MASKmskw_YMMbf16_AVX512	VCVTBF162IBS	CONVERT	AVX512EVEX	AVX512_SAT_CVT_256	64	62 f5 7f 29 69 c0	VCVTBF162IBS_YMMi8_MASKmskw_YMMbf16_AVX512	6	exact	exact	structural_only	exact	decode_exact	cpu_legality_and_semantics_pending
VCVTBF162IBS_ZMMi8_MASKmskw_MEMbf16_AVX512	VCVTBF162IBS	CONVERT	AVX512EVEX	AVX512_SAT_CVT_512	64	62 f5 7f 49 69 00	VCVTBF162IBS_ZMMi8_MASKmskw_MEMbf16_AVX512	6	exact	exact	structural_only	exact	decode_exact	cpu_legality_and_semantics_pending
VCVTBF162IBS_ZMMi8_MASKmskw_ZMMbf16_AVX512	VCVTBF162IBS	CONVERT	AVX512EVEX	AVX512_SAT_CVT_512	64	62 f5 7f 49 69 c0	VCVTBF162IBS_ZMMi8_MASKmskw_ZMMbf16_AVX512	6	exact	exact	structural_only	exact	decode_exact	cpu_legality_and_semantics_pending
VCVTBF162IUBS_XMMu8_MASKmskw_MEMbf16_AVX512	VCVTBF162IUBS	CONVERT	AVX512EVEX	AVX512_SAT_CVT_128	64	62 f5 7f 09 6b 00	VCVTBF162IUBS_XMMu8_MASKmskw_MEMbf16_AVX512	6	exact	exact	structural_only	exact	decode_exact	cpu_legality_and_semantics_pending
VCVTBF162IUBS_XMMu8_MASKmskw_XMMbf16_AVX512	VCVTBF162IUBS	CONVERT	AVX512EVEX	AVX512_SAT_CVT_128	64	62 f5 7f 09 6b c0	VCVTBF162IUBS_XMMu8_MASKmskw_XMMbf16_AVX512	6	exact	exact	structural_only	exact	decode_exact	cpu_legality_and_semantics_pending
VCVTBF162IUBS_YMMu8_MASKmskw_MEMbf16_AVX512	VCVTBF162IUBS	CONVERT	AVX512EVEX	AVX512_SAT_CVT_256	64	62 f5 7f 29 6b 00	VCVTBF162IUBS_YMMu8_MASKmskw_MEMbf16_AVX512	6	exact	exact	structural_only	exact	decode_exact	cpu_legality_and_semantics_pending
VCVTBF162IUBS_YMMu8_MASKmskw_YMMbf16_AVX512	VCVTBF162IUBS	CONVERT	AVX512EVEX	AVX512_SAT_CVT_256	64	62 f5 7f 29 6b c0	VCVTBF162IUBS_YMMu8_MASKmskw_YMMbf16_AVX512	6	exact	exact	structural_only	exact	decode_exact	cpu_legality_and_semantics_pending
VCVTBF162IUBS_ZMMu8_MASKmskw_MEMbf16_AVX512	VCVTBF162IUBS	CONVERT	AVX512EVEX	AVX512_SAT_CVT_512	64	62 f5 7f 49 6b 00	VCVTBF162IUBS_ZMMu8_MASKmskw_MEMbf16_AVX512	6	exact	exact	structural_only	exact	decode_exact	cpu_legality_and_semantics_pending
VCVTBF162IUBS_ZMMu8_MASKmskw_ZMMbf16_AVX512	VCVTBF162IUBS	CONVERT	AVX512EVEX	AVX512_SAT_CVT_512	64	62 f5 7f 49 6b c0	VCVTBF162IUBS_ZMMu8_MASKmskw_ZMMbf16_AVX512	6	exact	exact	structural_only	exact	decode_exact	cpu_legality_and_semantics_pending
VCVTBF42HF8_XMMhf8_MASKmskw_MEMbf4_AVX512	VCVTBF42HF8	CONVERT	AVX512EVEX	AVX10_V2_AUX_128	64	62 f5 7c 09 37 00	VCVTBF42HF8_XMMhf8_MASKmskw_MEMbf4_AVX512	6	exact	exact	structural_only	exact	decode_exact	cpu_legality_and_semantics_pending
VCVTBF42HF8_XMMhf8_MASKmskw_XMMbf4_AVX512	VCVTBF42HF8	CONVERT	AVX512EVEX	AVX10_V2_AUX_128	64	62 f5 7c 09 37 c0	VCVTBF42HF8_XMMhf8_MASKmskw_XMMbf4_AVX512	6	exact	exact	structural_only	exact	decode_exact	cpu_legality_and_semantics_pending
VCVTBF42HF8_YMMhf8_MASKmskw_MEMbf4_AVX512	VCVTBF42HF8	CONVERT	AVX512EVEX	AVX10_V2_AUX_256	64	62 f5 7c 29 37 00	VCVTBF42HF8_YMMhf8_MASKmskw_MEMbf4_AVX512	6	exact	exact	structural_only	exact	decode_exact	cpu_legality_and_semantics_pending
VCVTBF42HF8_YMMhf8_MASKmskw_XMMbf4_AVX512	VCVTBF42HF8	CONVERT	AVX512EVEX	AVX10_V2_AUX_256	64	62 f5 7c 29 37 c0	VCVTBF42HF8_YMMhf8_MASKmskw_XMMbf4_AVX512	6	exact	exact	structural_only	exact	decode_exact	cpu_legality_and_semantics_pending
VCVTBF42HF8_ZMMhf8_MASKmskw_MEMbf4_AVX512	VCVTBF42HF8	CONVERT	AVX512EVEX	AVX10_V2_AUX_512	64	62 f5 7c 49 37 00	VCVTBF42HF8_ZMMhf8_MASKmskw_MEMbf4_AVX512	6	exact	exact	structural_only	exact	decode_exact	cpu_legality_and_semantics_pending
VCVTBF42HF8_ZMMhf8_MASKmskw_YMMbf4_AVX512	VCVTBF42HF8	CONVERT	AVX512EVEX	AVX10_V2_AUX_512	64	62 f5 7c 49 37 c0	VCVTBF42HF8_ZMMhf8_MASKmskw_YMMbf4_AVX512	6	exact	exact	structural_only	exact	decode_exact	cpu_legality_and_semantics_pending
VCVTBF62HF8_XMMhf8_MASKmskw_XMMbf6_AVX512	VCVTBF62HF8	CONVERT	AVX512EVEX	AVX10_V2_AUX_128	64	62 f5 fd 09 37 c0	VCVTBF62HF8_XMMhf8_MASKmskw_XMMbf6_AVX512	6	exact	exact	structural_only	exact	decode_exact	cpu_legality_and_semantics_pending
VCVTBF62HF8_YMMhf8_MASKmskw_YMMbf6_AVX512	VCVTBF62HF8	CONVERT	AVX512EVEX	AVX10_V2_AUX_256	64	62 f5 fd 29 37 c0	VCVTBF62HF8_YMMhf8_MASKmskw_YMMbf6_AVX512	6	exact	exact	structural_only	exact	decode_exact	cpu_legality_and_semantics_pending
VCVTBF62HF8_ZMMhf8_MASKmskw_ZMMbf6_AVX512	VCVTBF62HF8	CONVERT	AVX512EVEX	AVX10_V2_AUX_512	64	62 f5 fd 49 37 c0	VCVTBF62HF8_ZMMhf8_MASKmskw_ZMMbf6_AVX512	6	exact	exact	structural_only	exact	decode_exact	cpu_legality_and_semantics_pending
VCVTBF82BF4S_MEMbf4_XMMbf8_AVX512	VCVTBF82BF4S	CONVERT	AVX512EVEX	AVX10_V2_AUX_128	64	62 f5 fe 08 3d 00	VCVTBF82BF4S_MEMbf4_XMMbf8_AVX512	6	exact	exact	structural_only	exact	decode_exact	cpu_legality_and_semantics_pending
VCVTBF82BF4S_MEMbf4_YMMbf8_AVX512	VCVTBF82BF4S	CONVERT	AVX512EVEX	AVX10_V2_AUX_256	64	62 f5 fe 28 3d 00	VCVTBF82BF4S_MEMbf4_YMMbf8_AVX512	6	exact	exact	structural_only	exact	decode_exact	cpu_legality_and_semantics_pending
VCVTBF82BF4S_MEMbf4_ZMMbf8_AVX512	VCVTBF82BF4S	CONVERT	AVX512EVEX	AVX10_V2_AUX_512	64	62 f5 fe 48 3d 00	VCVTBF82BF4S_MEMbf4_ZMMbf8_AVX512	6	exact	exact	structural_only	exact	decode_exact	cpu_legality_and_semantics_pending
VCVTBF82BF4S_XMMbf4_XMMbf8_AVX512	VCVTBF82BF4S	CONVERT	AVX512EVEX	AVX10_V2_AUX_128	64	62 f5 fe 08 3d c0	VCVTBF82BF4S_XMMbf4_XMMbf8_AVX512	6	exact	exact	structural_only	exact	decode_exact	cpu_legality_and_semantics_pending
VCVTBF82BF4S_XMMbf4_YMMbf8_AVX512	VCVTBF82BF4S	CONVERT	AVX512EVEX	AVX10_V2_AUX_256	64	62 f5 fe 28 3d c0	VCVTBF82BF4S_XMMbf4_YMMbf8_AVX512	6	exact	exact	structural_only	exact	decode_exact	cpu_legality_and_semantics_pending
VCVTBF82BF4S_YMMbf4_ZMMbf8_AVX512	VCVTBF82BF4S	CONVERT	AVX512EVEX	AVX10_V2_AUX_512	64	62 f5 fe 48 3d c0	VCVTBF82BF4S_YMMbf4_ZMMbf8_AVX512	6	exact	exact	structural_only	exact	decode_exact	cpu_legality_and_semantics_pending
VCVTBF82BF6S_XMMbf6_XMMbf8_AVX512	VCVTBF82BF6S	CONVERT	AVX512EVEX	AVX10_V2_AUX_128	64	62 f5 fe 08 3e c0	VCVTBF82BF6S_XMMbf6_XMMbf8_AVX512	6	exact	exact	structural_only	exact	decode_exact	cpu_legality_and_semantics_pending
VCVTBF82BF6S_YMMbf6_YMMbf8_AVX512	VCVTBF82BF6S	CONVERT	AVX512EVEX	AVX10_V2_AUX_256	64	62 f5 fe 28 3e c0	VCVTBF82BF6S_YMMbf6_YMMbf8_AVX512	6	exact	exact	structural_only	exact	decode_exact	cpu_legality_and_semantics_pending
VCVTBF82BF6S_ZMMbf6_ZMMbf8_AVX512	VCVTBF82BF6S	CONVERT	AVX512EVEX	AVX10_V2_AUX_512	64	62 f5 fe 48 3e c0	VCVTBF82BF6S_ZMMbf6_ZMMbf8_AVX512	6	exact	exact	structural_only	exact	decode_exact	cpu_legality_and_semantics_pending
VCVTBF82PS_XMMf32_MASKmskw_MEMbf8_AVX512	VCVTBF82PS	CONVERT	AVX512EVEX	AVX10_V2_AUX_128	64	62 f5 fc 09 36 00	VCVTBF82PS_XMMf32_MASKmskw_MEMbf8_AVX512	6	exact	exact	structural_only	exact	decode_exact	cpu_legality_and_semantics_pending
VCVTBF82PS_XMMf32_MASKmskw_XMMbf8_AVX512	VCVTBF82PS	CONVERT	AVX512EVEX	AVX10_V2_AUX_128	64	62 f5 fc 09 36 c0	VCVTBF82PS_XMMf32_MASKmskw_XMMbf8_AVX512	6	exact	exact	structural_only	exact	decode_exact	cpu_legality_and_semantics_pending
VCVTBF82PS_YMMf32_MASKmskw_MEMbf8_AVX512	VCVTBF82PS	CONVERT	AVX512EVEX	AVX10_V2_AUX_256	64	62 f5 fc 29 36 00	VCVTBF82PS_YMMf32_MASKmskw_MEMbf8_AVX512	6	exact	exact	structural_only	exact	decode_exact	cpu_legality_and_semantics_pending
VCVTBF82PS_YMMf32_MASKmskw_XMMbf8_AVX512	VCVTBF82PS	CONVERT	AVX512EVEX	AVX10_V2_AUX_256	64	62 f5 fc 29 36 c0	VCVTBF82PS_YMMf32_MASKmskw_XMMbf8_AVX512	6	exact	exact	structural_only	exact	decode_exact	cpu_legality_and_semantics_pending
VCVTBF82PS_ZMMf32_MASKmskw_MEMbf8_AVX512	VCVTBF82PS	CONVERT	AVX512EVEX	AVX10_V2_AUX_512	64	62 f5 fc 49 36 00	VCVTBF82PS_ZMMf32_MASKmskw_MEMbf8_AVX512	6	exact	exact	structural_only	exact	decode_exact	cpu_legality_and_semantics_pending
VCVTBF82PS_ZMMf32_MASKmskw_XMMbf8_AVX512	VCVTBF82PS	CONVERT	AVX512EVEX	AVX10_V2_AUX_512	64	62 f5 fc 49 36 c0	VCVTBF82PS_ZMMf32_MASKmskw_XMMbf8_AVX512	6	exact	exact	structural_only	exact	decode_exact	cpu_legality_and_semantics_pending
VCVTBIASPH2BF8S_XMMbf8_MASKmskw_XMM2i8_MEMf16_AVX512_VL128	VCVTBIASPH2BF8S	CONVERT	AVX512EVEX	AVX512_FP8_CONVERT_128	64	62 f5 7c 09 74 00	VCVTBIASPH2BF8S_XMMbf8_MASKmskw_XMM2i8_MEMf16_AVX512_VL128	6	exact	exact	structural_only	exact	decode_exact	cpu_legality_and_semantics_pending
VCVTBIASPH2BF8S_XMMbf8_MASKmskw_XMM2i8_XMMf16_AVX512	VCVTBIASPH2BF8S	CONVERT	AVX512EVEX	AVX512_FP8_CONVERT_128	64	62 f5 7c 09 74 c0	VCVTBIASPH2BF8S_XMMbf8_MASKmskw_XMM2i8_XMMf16_AVX512	6	exact	exact	structural_only	exact	decode_exact	cpu_legality_and_semantics_pending
VCVTBIASPH2BF8S_XMMbf8_MASKmskw_YMM2i8_MEMf16_AVX512_VL256	VCVTBIASPH2BF8S	CONVERT	AVX512EVEX	AVX512_FP8_CONVERT_256	64	62 f5 7c 29 74 00	VCVTBIASPH2BF8S_XMMbf8_MASKmskw_YMM2i8_MEMf16_AVX512_VL256	6	exact	exact	structural_only	exact	decode_exact	cpu_legality_and_semantics_pending
VCVTBIASPH2BF8S_XMMbf8_MASKmskw_YMM2i8_YMMf16_AVX512	VCVTBIASPH2BF8S	CONVERT	AVX512EVEX	AVX512_FP8_CONVERT_256	64	62 f5 7c 29 74 c0	VCVTBIASPH2BF8S_XMMbf8_MASKmskw_YMM2i8_YMMf16_AVX512	6	exact	exact	structural_only	exact	decode_exact	cpu_legality_and_semantics_pending
VCVTBIASPH2BF8S_YMMbf8_MASKmskw_ZMM2i8_MEMf16_AVX512_VL512	VCVTBIASPH2BF8S	CONVERT	AVX512EVEX	AVX512_FP8_CONVERT_512	64	62 f5 7c 49 74 00	VCVTBIASPH2BF8S_YMMbf8_MASKmskw_ZMM2i8_MEMf16_AVX512_VL512	6	exact	exact	structural_only	exact	decode_exact	cpu_legality_and_semantics_pending
VCVTBIASPH2BF8S_YMMbf8_MASKmskw_ZMM2i8_ZMMf16_AVX512	VCVTBIASPH2BF8S	CONVERT	AVX512EVEX	AVX512_FP8_CONVERT_512	64	62 f5 7c 49 74 c0	VCVTBIASPH2BF8S_YMMbf8_MASKmskw_ZMM2i8_ZMMf16_AVX512	6	exact	exact	structural_only	exact	decode_exact	cpu_legality_and_semantics_pending
VCVTBIASPH2BF8_XMMbf8_MASKmskw_XMM2i8_MEMf16_AVX512_VL128	VCVTBIASPH2BF8	CONVERT	AVX512EVEX	AVX512_FP8_CONVERT_128	64	62 f2 7c 09 74 00	VCVTBIASPH2BF8_XMMbf8_MASKmskw_XMM2i8_MEMf16_AVX512_VL128	6	exact	exact	structural_only	exact	decode_exact	cpu_legality_and_semantics_pending
VCVTBIASPH2BF8_XMMbf8_MASKmskw_XMM2i8_XMMf16_AVX512	VCVTBIASPH2BF8	CONVERT	AVX512EVEX	AVX512_FP8_CONVERT_128	64	62 f2 7c 09 74 c0	VCVTBIASPH2BF8_XMMbf8_MASKmskw_XMM2i8_XMMf16_AVX512	6	exact	exact	structural_only	exact	decode_exact	cpu_legality_and_semantics_pending
VCVTBIASPH2BF8_XMMbf8_MASKmskw_YMM2i8_MEMf16_AVX512_VL256	VCVTBIASPH2BF8	CONVERT	AVX512EVEX	AVX512_FP8_CONVERT_256	64	62 f2 7c 29 74 00	VCVTBIASPH2BF8_XMMbf8_MASKmskw_YMM2i8_MEMf16_AVX512_VL256	6	exact	exact	structural_only	exact	decode_exact	cpu_legality_and_semantics_pending
VCVTBIASPH2BF8_XMMbf8_MASKmskw_YMM2i8_YMMf16_AVX512	VCVTBIASPH2BF8	CONVERT	AVX512EVEX	AVX512_FP8_CONVERT_256	64	62 f2 7c 29 74 c0	VCVTBIASPH2BF8_XMMbf8_MASKmskw_YMM2i8_YMMf16_AVX512	6	exact	exact	structural_only	exact	decode_exact	cpu_legality_and_semantics_pending
VCVTBIASPH2BF8_YMMbf8_MASKmskw_ZMM2i8_MEMf16_AVX512_VL512	VCVTBIASPH2BF8	CONVERT	AVX512EVEX	AVX512_FP8_CONVERT_512	64	62 f2 7c 49 74 00	VCVTBIASPH2BF8_YMMbf8_MASKmskw_ZMM2i8_MEMf16_AVX512_VL512	6	exact	exact	structural_only	exact	decode_exact	cpu_legality_and_semantics_pending
VCVTBIASPH2BF8_YMMbf8_MASKmskw_ZMM2i8_ZMMf16_AVX512	VCVTBIASPH2BF8	CONVERT	AVX512EVEX	AVX512_FP8_CONVERT_512	64	62 f2 7c 49 74 c0	VCVTBIASPH2BF8_YMMbf8_MASKmskw_ZMM2i8_ZMMf16_AVX512	6	exact	exact	structural_only	exact	decode_exact	cpu_legality_and_semantics_pending
VCVTBIASPH2HF8S_XMMhf8_MASKmskw_XMM2i8_MEMf16_AVX512_VL128	VCVTBIASPH2HF8S	CONVERT	AVX512EVEX	AVX512_FP8_CONVERT_128	64	62 f5 7c 09 1b 00	VCVTBIASPH2HF8S_XMMhf8_MASKmskw_XMM2i8_MEMf16_AVX512_VL128	6	exact	exact	structural_only	exact	decode_exact	cpu_legality_and_semantics_pending
VCVTBIASPH2HF8S_XMMhf8_MASKmskw_XMM2i8_XMMf16_AVX512	VCVTBIASPH2HF8S	CONVERT	AVX512EVEX	AVX512_FP8_CONVERT_128	64	62 f5 7c 09 1b c0	VCVTBIASPH2HF8S_XMMhf8_MASKmskw_XMM2i8_XMMf16_AVX512	6	exact	exact	structural_only	exact	decode_exact	cpu_legality_and_semantics_pending
VCVTBIASPH2HF8S_XMMhf8_MASKmskw_YMM2i8_MEMf16_AVX512_VL256	VCVTBIASPH2HF8S	CONVERT	AVX512EVEX	AVX512_FP8_CONVERT_256	64	62 f5 7c 29 1b 00	VCVTBIASPH2HF8S_XMMhf8_MASKmskw_YMM2i8_MEMf16_AVX512_VL256	6	exact	exact	structural_only	exact	decode_exact	cpu_legality_and_semantics_pending
VCVTBIASPH2HF8S_XMMhf8_MASKmskw_YMM2i8_YMMf16_AVX512	VCVTBIASPH2HF8S	CONVERT	AVX512EVEX	AVX512_FP8_CONVERT_256	64	62 f5 7c 29 1b c0	VCVTBIASPH2HF8S_XMMhf8_MASKmskw_YMM2i8_YMMf16_AVX512	6	exact	exact	structural_only	exact	decode_exact	cpu_legality_and_semantics_pending
VCVTBIASPH2HF8S_YMMhf8_MASKmskw_ZMM2i8_MEMf16_AVX512_VL512	VCVTBIASPH2HF8S	CONVERT	AVX512EVEX	AVX512_FP8_CONVERT_512	64	62 f5 7c 49 1b 00	VCVTBIASPH2HF8S_YMMhf8_MASKmskw_ZMM2i8_MEMf16_AVX512_VL512	6	exact	exact	structural_only	exact	decode_exact	cpu_legality_and_semantics_pending
VCVTBIASPH2HF8S_YMMhf8_MASKmskw_ZMM2i8_ZMMf16_AVX512	VCVTBIASPH2HF8S	CONVERT	AVX512EVEX	AVX512_FP8_CONVERT_512	64	62 f5 7c 49 1b c0	VCVTBIASPH2HF8S_YMMhf8_MASKmskw_ZMM2i8_ZMMf16_AVX512	6	exact	exact	structural_only	exact	decode_exact	cpu_legality_and_semantics_pending
VCVTBIASPH2HF8_XMMhf8_MASKmskw_XMM2i8_MEMf16_AVX512_VL128	VCVTBIASPH2HF8	CONVERT	AVX512EVEX	AVX512_FP8_CONVERT_128	64	62 f5 7c 09 18 00	VCVTBIASPH2HF8_XMMhf8_MASKmskw_XMM2i8_MEMf16_AVX512_VL128	6	exact	exact	structural_only	exact	decode_exact	cpu_legality_and_semantics_pending
VCVTBIASPH2HF8_XMMhf8_MASKmskw_XMM2i8_XMMf16_AVX512	VCVTBIASPH2HF8	CONVERT	AVX512EVEX	AVX512_FP8_CONVERT_128	64	62 f5 7c 09 18 c0	VCVTBIASPH2HF8_XMMhf8_MASKmskw_XMM2i8_XMMf16_AVX512	6	exact	exact	structural_only	exact	decode_exact	cpu_legality_and_semantics_pending
VCVTBIASPH2HF8_XMMhf8_MASKmskw_YMM2i8_MEMf16_AVX512_VL256	VCVTBIASPH2HF8	CONVERT	AVX512EVEX	AVX512_FP8_CONVERT_256	64	62 f5 7c 29 18 00	VCVTBIASPH2HF8_XMMhf8_MASKmskw_YMM2i8_MEMf16_AVX512_VL256	6	exact	exact	structural_only	exact	decode_exact	cpu_legality_and_semantics_pending
VCVTBIASPH2HF8_XMMhf8_MASKmskw_YMM2i8_YMMf16_AVX512	VCVTBIASPH2HF8	CONVERT	AVX512EVEX	AVX512_FP8_CONVERT_256	64	62 f5 7c 29 18 c0	VCVTBIASPH2HF8_XMMhf8_MASKmskw_YMM2i8_YMMf16_AVX512	6	exact	exact	structural_only	exact	decode_exact	cpu_legality_and_semantics_pending
VCVTBIASPH2HF8_YMMhf8_MASKmskw_ZMM2i8_MEMf16_AVX512_VL512	VCVTBIASPH2HF8	CONVERT	AVX512EVEX	AVX512_FP8_CONVERT_512	64	62 f5 7c 49 18 00	VCVTBIASPH2HF8_YMMhf8_MASKmskw_ZMM2i8_MEMf16_AVX512_VL512	6	exact	exact	structural_only	exact	decode_exact	cpu_legality_and_semantics_pending
VCVTBIASPH2HF8_YMMhf8_MASKmskw_ZMM2i8_ZMMf16_AVX512	VCVTBIASPH2HF8	CONVERT	AVX512EVEX	AVX512_FP8_CONVERT_512	64	62 f5 7c 49 18 c0	VCVTBIASPH2HF8_YMMhf8_MASKmskw_ZMM2i8_ZMMf16_AVX512	6	exact	exact	structural_only	exact	decode_exact	cpu_legality_and_semantics_pending
VCVTBIASPS2BF8S_XMMbf8_MASKmskw_XMMf32_MEMf32_AVX512	VCVTBIASPS2BF8S	CONVERT	AVX512EVEX	AVX10_V2_AUX_128	64	62 f5 7c 09 3b 00	VCVTBIASPS2BF8S_XMMbf8_MASKmskw_XMMf32_MEMf32_AVX512	6	exact	exact	structural_only	exact	decode_exact	cpu_legality_and_semantics_pending
VCVTBIASPS2BF8S_XMMbf8_MASKmskw_XMMf32_XMMf32_AVX512	VCVTBIASPS2BF8S	CONVERT	AVX512EVEX	AVX10_V2_AUX_128	64	62 f5 7c 09 3b c0	VCVTBIASPS2BF8S_XMMbf8_MASKmskw_XMMf32_XMMf32_AVX512	6	exact	exact	structural_only	exact	decode_exact	cpu_legality_and_semantics_pending
VCVTBIASPS2BF8S_XMMbf8_MASKmskw_YMMf32_MEMf32_AVX512	VCVTBIASPS2BF8S	CONVERT	AVX512EVEX	AVX10_V2_AUX_256	64	62 f5 7c 29 3b 00	VCVTBIASPS2BF8S_XMMbf8_MASKmskw_YMMf32_MEMf32_AVX512	6	exact	exact	structural_only	exact	decode_exact	cpu_legality_and_semantics_pending
VCVTBIASPS2BF8S_XMMbf8_MASKmskw_YMMf32_YMMf32_AVX512	VCVTBIASPS2BF8S	CONVERT	AVX512EVEX	AVX10_V2_AUX_256	64	62 f5 7c 29 3b c0	VCVTBIASPS2BF8S_XMMbf8_MASKmskw_YMMf32_YMMf32_AVX512	6	exact	exact	structural_only	exact	decode_exact	cpu_legality_and_semantics_pending
VCVTBIASPS2BF8S_XMMbf8_MASKmskw_ZMMf32_MEMf32_AVX512	VCVTBIASPS2BF8S	CONVERT	AVX512EVEX	AVX10_V2_AUX_512	64	62 f5 7c 49 3b 00	VCVTBIASPS2BF8S_XMMbf8_MASKmskw_ZMMf32_MEMf32_AVX512	6	exact	exact	structural_only	exact	decode_exact	cpu_legality_and_semantics_pending
VCVTBIASPS2BF8S_XMMbf8_MASKmskw_ZMMf32_ZMMf32_AVX512	VCVTBIASPS2BF8S	CONVERT	AVX512EVEX	AVX10_V2_AUX_512	64	62 f5 7c 49 3b c0	VCVTBIASPS2BF8S_XMMbf8_MASKmskw_ZMMf32_ZMMf32_AVX512	6	exact	exact	structural_only	exact	decode_exact	cpu_legality_and_semantics_pending
VCVTBIASPS2BF8_XMMbf8_MASKmskw_XMMf32_MEMf32_AVX512	VCVTBIASPS2BF8	CONVERT	AVX512EVEX	AVX10_V2_AUX_128	64	62 f5 7c 09 39 00	VCVTBIASPS2BF8_XMMbf8_MASKmskw_XMMf32_MEMf32_AVX512	6	exact	exact	structural_only	exact	decode_exact	cpu_legality_and_semantics_pending
VCVTBIASPS2BF8_XMMbf8_MASKmskw_XMMf32_XMMf32_AVX512	VCVTBIASPS2BF8	CONVERT	AVX512EVEX	AVX10_V2_AUX_128	64	62 f5 7c 09 39 c0	VCVTBIASPS2BF8_XMMbf8_MASKmskw_XMMf32_XMMf32_AVX512	6	exact	exact	structural_only	exact	decode_exact	cpu_legality_and_semantics_pending
VCVTBIASPS2BF8_XMMbf8_MASKmskw_YMMf32_MEMf32_AVX512	VCVTBIASPS2BF8	CONVERT	AVX512EVEX	AVX10_V2_AUX_256	64	62 f5 7c 29 39 00	VCVTBIASPS2BF8_XMMbf8_MASKmskw_YMMf32_MEMf32_AVX512	6	exact	exact	structural_only	exact	decode_exact	cpu_legality_and_semantics_pending
VCVTBIASPS2BF8_XMMbf8_MASKmskw_YMMf32_YMMf32_AVX512	VCVTBIASPS2BF8	CONVERT	AVX512EVEX	AVX10_V2_AUX_256	64	62 f5 7c 29 39 c0	VCVTBIASPS2BF8_XMMbf8_MASKmskw_YMMf32_YMMf32_AVX512	6	exact	exact	structural_only	exact	decode_exact	cpu_legality_and_semantics_pending
VCVTBIASPS2BF8_XMMbf8_MASKmskw_ZMMf32_MEMf32_AVX512	VCVTBIASPS2BF8	CONVERT	AVX512EVEX	AVX10_V2_AUX_512	64	62 f5 7c 49 39 00	VCVTBIASPS2BF8_XMMbf8_MASKmskw_ZMMf32_MEMf32_AVX512	6	exact	exact	structural_only	exact	decode_exact	cpu_legality_and_semantics_pending
VCVTBIASPS2BF8_XMMbf8_MASKmskw_ZMMf32_ZMMf32_AVX512	VCVTBIASPS2BF8	CONVERT	AVX512EVEX	AVX10_V2_AUX_512	64	62 f5 7c 49 39 c0	VCVTBIASPS2BF8_XMMbf8_MASKmskw_ZMMf32_ZMMf32_AVX512	6	exact	exact	structural_only	exact	decode_exact	cpu_legality_and_semantics_pending
VCVTBIASPS2HF8S_XMMhf8_MASKmskw_XMMf32_MEMf32_AVX512	VCVTBIASPS2HF8S	CONVERT	AVX512EVEX	AVX10_V2_AUX_128	64	62 f5 7c 09 3a 00	VCVTBIASPS2HF8S_XMMhf8_MASKmskw_XMMf32_MEMf32_AVX512	6	exact	exact	structural_only	exact	decode_exact	cpu_legality_and_semantics_pending
VCVTBIASPS2HF8S_XMMhf8_MASKmskw_XMMf32_XMMf32_AVX512	VCVTBIASPS2HF8S	CONVERT	AVX512EVEX	AVX10_V2_AUX_128	64	62 f5 7c 09 3a c0	VCVTBIASPS2HF8S_XMMhf8_MASKmskw_XMMf32_XMMf32_AVX512	6	exact	exact	structural_only	exact	decode_exact	cpu_legality_and_semantics_pending
VCVTBIASPS2HF8S_XMMhf8_MASKmskw_YMMf32_MEMf32_AVX512	VCVTBIASPS2HF8S	CONVERT	AVX512EVEX	AVX10_V2_AUX_256	64	62 f5 7c 29 3a 00	VCVTBIASPS2HF8S_XMMhf8_MASKmskw_YMMf32_MEMf32_AVX512	6	exact	exact	structural_only	exact	decode_exact	cpu_legality_and_semantics_pending
VCVTBIASPS2HF8S_XMMhf8_MASKmskw_YMMf32_YMMf32_AVX512	VCVTBIASPS2HF8S	CONVERT	AVX512EVEX	AVX10_V2_AUX_256	64	62 f5 7c 29 3a c0	VCVTBIASPS2HF8S_XMMhf8_MASKmskw_YMMf32_YMMf32_AVX512	6	exact	exact	structural_only	exact	decode_exact	cpu_legality_and_semantics_pending
VCVTBIASPS2HF8S_XMMhf8_MASKmskw_ZMMf32_MEMf32_AVX512	VCVTBIASPS2HF8S	CONVERT	AVX512EVEX	AVX10_V2_AUX_512	64	62 f5 7c 49 3a 00	VCVTBIASPS2HF8S_XMMhf8_MASKmskw_ZMMf32_MEMf32_AVX512	6	exact	exact	structural_only	exact	decode_exact	cpu_legality_and_semantics_pending
VCVTBIASPS2HF8S_XMMhf8_MASKmskw_ZMMf32_ZMMf32_AVX512	VCVTBIASPS2HF8S	CONVERT	AVX512EVEX	AVX10_V2_AUX_512	64	62 f5 7c 49 3a c0	VCVTBIASPS2HF8S_XMMhf8_MASKmskw_ZMMf32_ZMMf32_AVX512	6	exact	exact	structural_only	exact	decode_exact	cpu_legality_and_semantics_pending
VCVTBIASPS2HF8_XMMhf8_MASKmskw_XMMf32_MEMf32_AVX512	VCVTBIASPS2HF8	CONVERT	AVX512EVEX	AVX10_V2_AUX_128	64	62 f5 7c 09 38 00	VCVTBIASPS2HF8_XMMhf8_MASKmskw_XMMf32_MEMf32_AVX512	6	exact	exact	structural_only	exact	decode_exact	cpu_legality_and_semantics_pending
VCVTBIASPS2HF8_XMMhf8_MASKmskw_XMMf32_XMMf32_AVX512	VCVTBIASPS2HF8	CONVERT	AVX512EVEX	AVX10_V2_AUX_128	64	62 f5 7c 09 38 c0	VCVTBIASPS2HF8_XMMhf8_MASKmskw_XMMf32_XMMf32_AVX512	6	exact	exact	structural_only	exact	decode_exact	cpu_legality_and_semantics_pending
VCVTBIASPS2HF8_XMMhf8_MASKmskw_YMMf32_MEMf32_AVX512	VCVTBIASPS2HF8	CONVERT	AVX512EVEX	AVX10_V2_AUX_256	64	62 f5 7c 29 38 00	VCVTBIASPS2HF8_XMMhf8_MASKmskw_YMMf32_MEMf32_AVX512	6	exact	exact	structural_only	exact	decode_exact	cpu_legality_and_semantics_pending
VCVTBIASPS2HF8_XMMhf8_MASKmskw_YMMf32_YMMf32_AVX512	VCVTBIASPS2HF8	CONVERT	AVX512EVEX	AVX10_V2_AUX_256	64	62 f5 7c 29 38 c0	VCVTBIASPS2HF8_XMMhf8_MASKmskw_YMMf32_YMMf32_AVX512	6	exact	exact	structural_only	exact	decode_exact	cpu_legality_and_semantics_pending
VCVTBIASPS2HF8_XMMhf8_MASKmskw_ZMMf32_MEMf32_AVX512	VCVTBIASPS2HF8	CONVERT	AVX512EVEX	AVX10_V2_AUX_512	64	62 f5 7c 49 38 00	VCVTBIASPS2HF8_XMMhf8_MASKmskw_ZMMf32_MEMf32_AVX512	6	exact	exact	structural_only	exact	decode_exact	cpu_legality_and_semantics_pending
VCVTBIASPS2HF8_XMMhf8_MASKmskw_ZMMf32_ZMMf32_AVX512	VCVTBIASPS2HF8	CONVERT	AVX512EVEX	AVX10_V2_AUX_512	64	62 f5 7c 49 38 c0	VCVTBIASPS2HF8_XMMhf8_MASKmskw_ZMMf32_ZMMf32_AVX512	6	exact	exact	structural_only	exact	decode_exact	cpu_legality_and_semantics_pending
VCVTDQ2PH_XMMf16_MASKmskw_MEMi32_AVX512_VL128	VCVTDQ2PH	CONVERT	AVX512EVEX	AVX512_FP16_128	64	62 f5 7c 09 5b 00	VCVTDQ2PH_XMMf16_MASKmskw_MEMi32_AVX512_VL128	6	exact	exact	structural_only	exact	decode_exact	cpu_legality_and_semantics_pending
VCVTDQ2PH_XMMf16_MASKmskw_MEMi32_AVX512_VL256	VCVTDQ2PH	CONVERT	AVX512EVEX	AVX512_FP16_256	64	62 f5 7c 29 5b 00	VCVTDQ2PH_XMMf16_MASKmskw_MEMi32_AVX512_VL256	6	exact	exact	structural_only	exact	decode_exact	cpu_legality_and_semantics_pending
VCVTDQ2PH_XMMf16_MASKmskw_XMMi32_AVX512	VCVTDQ2PH	CONVERT	AVX512EVEX	AVX512_FP16_128	64	62 f5 7c 09 5b c0	VCVTDQ2PH_XMMf16_MASKmskw_XMMi32_AVX512	6	exact	exact	structural_only	exact	decode_exact	cpu_legality_and_semantics_pending
VCVTDQ2PH_XMMf16_MASKmskw_YMMi32_AVX512	VCVTDQ2PH	CONVERT	AVX512EVEX	AVX512_FP16_256	64	62 f5 7c 29 5b c0	VCVTDQ2PH_XMMf16_MASKmskw_YMMi32_AVX512	6	exact	exact	structural_only	exact	decode_exact	cpu_legality_and_semantics_pending
VCVTDQ2PH_YMMf16_MASKmskw_MEMi32_AVX512	VCVTDQ2PH	CONVERT	AVX512EVEX	AVX512_FP16_512	64	62 f5 7c 49 5b 00	VCVTDQ2PH_YMMf16_MASKmskw_MEMi32_AVX512	6	exact	exact	structural_only	exact	decode_exact	cpu_legality_and_semantics_pending
VCVTDQ2PH_YMMf16_MASKmskw_ZMMi32_AVX512	VCVTDQ2PH	CONVERT	AVX512EVEX	AVX512_FP16_512	64	62 f5 7c 49 5b c0	VCVTDQ2PH_YMMf16_MASKmskw_ZMMi32_AVX512	6	exact	exact	structural_only	exact	decode_exact	cpu_legality_and_semantics_pending
VCVTHF62HF8_XMMhf8_MASKmskw_XMMhf6_AVX512	VCVTHF62HF8	CONVERT	AVX512EVEX	AVX10_V2_AUX_128	64	62 f5 7d 09 37 c0	VCVTHF62HF8_XMMhf8_MASKmskw_XMMhf6_AVX512	6	exact	exact	structural_only	exact	decode_exact	cpu_legality_and_semantics_pending
VCVTHF62HF8_YMMhf8_MASKmskw_YMMhf6_AVX512	VCVTHF62HF8	CONVERT	AVX512EVEX	AVX10_V2_AUX_256	64	62 f5 7d 29 37 c0	VCVTHF62HF8_YMMhf8_MASKmskw_YMMhf6_AVX512	6	exact	exact	structural_only	exact	decode_exact	cpu_legality_and_semantics_pending
VCVTHF62HF8_ZMMhf8_MASKmskw_ZMMhf6_AVX512	VCVTHF62HF8	CONVERT	AVX512EVEX	AVX10_V2_AUX_512	64	62 f5 7d 49 37 c0	VCVTHF62HF8_ZMMhf8_MASKmskw_ZMMhf6_AVX512	6	exact	exact	structural_only	exact	decode_exact	cpu_legality_and_semantics_pending
VCVTHF82BF4S_MEMbf4_XMMhf8_AVX512	VCVTHF82BF4S	CONVERT	AVX512EVEX	AVX10_V2_AUX_128	64	62 f5 7e 08 3d 00	VCVTHF82BF4S_MEMbf4_XMMhf8_AVX512	6	exact	exact	structural_only	exact	decode_exact	cpu_legality_and_semantics_pending
VCVTHF82BF4S_MEMbf4_YMMhf8_AVX512	VCVTHF82BF4S	CONVERT	AVX512EVEX	AVX10_V2_AUX_256	64	62 f5 7e 28 3d 00	VCVTHF82BF4S_MEMbf4_YMMhf8_AVX512	6	exact	exact	structural_only	exact	decode_exact	cpu_legality_and_semantics_pending
VCVTHF82BF4S_MEMbf4_ZMMhf8_AVX512	VCVTHF82BF4S	CONVERT	AVX512EVEX	AVX10_V2_AUX_512	64	62 f5 7e 48 3d 00	VCVTHF82BF4S_MEMbf4_ZMMhf8_AVX512	6	exact	exact	structural_only	exact	decode_exact	cpu_legality_and_semantics_pending
VCVTHF82BF4S_XMMbf4_XMMhf8_AVX512	VCVTHF82BF4S	CONVERT	AVX512EVEX	AVX10_V2_AUX_128	64	62 f5 7e 08 3d c0	VCVTHF82BF4S_XMMbf4_XMMhf8_AVX512	6	exact	exact	structural_only	exact	decode_exact	cpu_legality_and_semantics_pending
VCVTHF82BF4S_XMMbf4_YMMhf8_AVX512	VCVTHF82BF4S	CONVERT	AVX512EVEX	AVX10_V2_AUX_256	64	62 f5 7e 28 3d c0	VCVTHF82BF4S_XMMbf4_YMMhf8_AVX512	6	exact	exact	structural_only	exact	decode_exact	cpu_legality_and_semantics_pending
VCVTHF82BF4S_YMMbf4_ZMMhf8_AVX512	VCVTHF82BF4S	CONVERT	AVX512EVEX	AVX10_V2_AUX_512	64	62 f5 7e 48 3d c0	VCVTHF82BF4S_YMMbf4_ZMMhf8_AVX512	6	exact	exact	structural_only	exact	decode_exact	cpu_legality_and_semantics_pending
VCVTHF82HF6S_XMMhf6_XMMhf8_AVX512	VCVTHF82HF6S	CONVERT	AVX512EVEX	AVX10_V2_AUX_128	64	62 f5 7e 08 3c c0	VCVTHF82HF6S_XMMhf6_XMMhf8_AVX512	6	exact	exact	structural_only	exact	decode_exact	cpu_legality_and_semantics_pending
VCVTHF82HF6S_YMMhf6_YMMhf8_AVX512	VCVTHF82HF6S	CONVERT	AVX512EVEX	AVX10_V2_AUX_256	64	62 f5 7e 28 3c c0	VCVTHF82HF6S_YMMhf6_YMMhf8_AVX512	6	exact	exact	structural_only	exact	decode_exact	cpu_legality_and_semantics_pending
VCVTHF82HF6S_ZMMhf6_ZMMhf8_AVX512	VCVTHF82HF6S	CONVERT	AVX512EVEX	AVX10_V2_AUX_512	64	62 f5 7e 48 3c c0	VCVTHF82HF6S_ZMMhf6_ZMMhf8_AVX512	6	exact	exact	structural_only	exact	decode_exact	cpu_legality_and_semantics_pending
VCVTHF82PH_XMMf16_MASKmskw_MEMhf8_AVX512	VCVTHF82PH	CONVERT	AVX512EVEX	AVX512_FP8_CONVERT_128	64	62 f5 7f 09 1e 00	VCVTHF82PH_XMMf16_MASKmskw_MEMhf8_AVX512	6	exact	exact	structural_only	exact	decode_exact	cpu_legality_and_semantics_pending
VCVTHF82PH_XMMf16_MASKmskw_XMMhf8_AVX512	VCVTHF82PH	CONVERT	AVX512EVEX	AVX512_FP8_CONVERT_128	64	62 f5 7f 09 1e c0	VCVTHF82PH_XMMf16_MASKmskw_XMMhf8_AVX512	6	exact	exact	structural_only	exact	decode_exact	cpu_legality_and_semantics_pending
VCVTHF82PH_YMMf16_MASKmskw_MEMhf8_AVX512	VCVTHF82PH	CONVERT	AVX512EVEX	AVX512_FP8_CONVERT_256	64	62 f5 7f 29 1e 00	VCVTHF82PH_YMMf16_MASKmskw_MEMhf8_AVX512	6	exact	exact	structural_only	exact	decode_exact	cpu_legality_and_semantics_pending
VCVTHF82PH_YMMf16_MASKmskw_XMMhf8_AVX512	VCVTHF82PH	CONVERT	AVX512EVEX	AVX512_FP8_CONVERT_256	64	62 f5 7f 29 1e c0	VCVTHF82PH_YMMf16_MASKmskw_XMMhf8_AVX512	6	exact	exact	structural_only	exact	decode_exact	cpu_legality_and_semantics_pending
VCVTHF82PH_ZMMf16_MASKmskw_MEMhf8_AVX512	VCVTHF82PH	CONVERT	AVX512EVEX	AVX512_FP8_CONVERT_512	64	62 f5 7f 49 1e 00	VCVTHF82PH_ZMMf16_MASKmskw_MEMhf8_AVX512	6	exact	exact	structural_only	exact	decode_exact	cpu_legality_and_semantics_pending
VCVTHF82PH_ZMMf16_MASKmskw_YMMhf8_AVX512	VCVTHF82PH	CONVERT	AVX512EVEX	AVX512_FP8_CONVERT_512	64	62 f5 7f 49 1e c0	VCVTHF82PH_ZMMf16_MASKmskw_YMMhf8_AVX512	6	exact	exact	structural_only	exact	decode_exact	cpu_legality_and_semantics_pending
VCVTHF82PS_XMMf32_MASKmskw_MEMhf8_AVX512	VCVTHF82PS	CONVERT	AVX512EVEX	AVX10_V2_AUX_128	64	62 f5 7c 09 36 00	VCVTHF82PS_XMMf32_MASKmskw_MEMhf8_AVX512	6	exact	exact	structural_only	exact	decode_exact	cpu_legality_and_semantics_pending
VCVTHF82PS_XMMf32_MASKmskw_XMMhf8_AVX512	VCVTHF82PS	CONVERT	AVX512EVEX	AVX10_V2_AUX_128	64	62 f5 7c 09 36 c0	VCVTHF82PS_XMMf32_MASKmskw_XMMhf8_AVX512	6	exact	exact	structural_only	exact	decode_exact	cpu_legality_and_semantics_pending
VCVTHF82PS_YMMf32_MASKmskw_MEMhf8_AVX512	VCVTHF82PS	CONVERT	AVX512EVEX	AVX10_V2_AUX_256	64	62 f5 7c 29 36 00	VCVTHF82PS_YMMf32_MASKmskw_MEMhf8_AVX512	6	exact	exact	structural_only	exact	decode_exact	cpu_legality_and_semantics_pending
VCVTHF82PS_YMMf32_MASKmskw_XMMhf8_AVX512	VCVTHF82PS	CONVERT	AVX512EVEX	AVX10_V2_AUX_256	64	62 f5 7c 29 36 c0	VCVTHF82PS_YMMf32_MASKmskw_XMMhf8_AVX512	6	exact	exact	structural_only	exact	decode_exact	cpu_legality_and_semantics_pending
VCVTHF82PS_ZMMf32_MASKmskw_MEMhf8_AVX512	VCVTHF82PS	CONVERT	AVX512EVEX	AVX10_V2_AUX_512	64	62 f5 7c 49 36 00	VCVTHF82PS_ZMMf32_MASKmskw_MEMhf8_AVX512	6	exact	exact	structural_only	exact	decode_exact	cpu_legality_and_semantics_pending
VCVTHF82PS_ZMMf32_MASKmskw_XMMhf8_AVX512	VCVTHF82PS	CONVERT	AVX512EVEX	AVX10_V2_AUX_512	64	62 f5 7c 49 36 c0	VCVTHF82PS_ZMMf32_MASKmskw_XMMhf8_AVX512	6	exact	exact	structural_only	exact	decode_exact	cpu_legality_and_semantics_pending
VCVTNE2PS2BF16_XMMbf16_MASKmskw_XMMf32_MEMf32_AVX512_VL128	VCVTNE2PS2BF16	CONVERT	AVX512EVEX	AVX512_BF16_128	64	62 f2 7f 09 72 00	VCVTNE2PS2BF16_XMMbf16_MASKmskw_XMMf32_MEMf32_AVX512_VL128	6	exact	exact	structural_only	exact	decode_exact	cpu_legality_and_semantics_pending
VCVTNE2PS2BF16_XMMbf16_MASKmskw_XMMf32_XMMf32_AVX512	VCVTNE2PS2BF16	CONVERT	AVX512EVEX	AVX512_BF16_128	64	62 f2 7f 09 72 c0	VCVTNE2PS2BF16_XMMbf16_MASKmskw_XMMf32_XMMf32_AVX512	6	exact	exact	structural_only	exact	decode_exact	cpu_legality_and_semantics_pending
VCVTNE2PS2BF16_YMMbf16_MASKmskw_YMMf32_MEMf32_AVX512_VL256	VCVTNE2PS2BF16	CONVERT	AVX512EVEX	AVX512_BF16_256	64	62 f2 7f 29 72 00	VCVTNE2PS2BF16_YMMbf16_MASKmskw_YMMf32_MEMf32_AVX512_VL256	6	exact	exact	structural_only	exact	decode_exact	cpu_legality_and_semantics_pending
VCVTNE2PS2BF16_YMMbf16_MASKmskw_YMMf32_YMMf32_AVX512	VCVTNE2PS2BF16	CONVERT	AVX512EVEX	AVX512_BF16_256	64	62 f2 7f 29 72 c0	VCVTNE2PS2BF16_YMMbf16_MASKmskw_YMMf32_YMMf32_AVX512	6	exact	exact	structural_only	exact	decode_exact	cpu_legality_and_semantics_pending
VCVTNE2PS2BF16_ZMMbf16_MASKmskw_ZMMf32_MEMf32_AVX512_VL512	VCVTNE2PS2BF16	CONVERT	AVX512EVEX	AVX512_BF16_512	64	62 f2 7f 49 72 00	VCVTNE2PS2BF16_ZMMbf16_MASKmskw_ZMMf32_MEMf32_AVX512_VL512	6	exact	exact	structural_only	exact	decode_exact	cpu_legality_and_semantics_pending
VCVTNE2PS2BF16_ZMMbf16_MASKmskw_ZMMf32_ZMMf32_AVX512	VCVTNE2PS2BF16	CONVERT	AVX512EVEX	AVX512_BF16_512	64	62 f2 7f 49 72 c0	VCVTNE2PS2BF16_ZMMbf16_MASKmskw_ZMMf32_ZMMf32_AVX512	6	exact	exact	structural_only	exact	decode_exact	cpu_legality_and_semantics_pending
VCVTPD2PH_XMMf16_MASKmskw_MEMf64_AVX512_VL128	VCVTPD2PH	CONVERT	AVX512EVEX	AVX512_FP16_128	64	62 f5 fd 09 5a 00	VCVTPD2PH_XMMf16_MASKmskw_MEMf64_AVX512_VL128	6	exact	exact	structural_only	exact	decode_exact	cpu_legality_and_semantics_pending
VCVTPD2PH_XMMf16_MASKmskw_MEMf64_AVX512_VL256	VCVTPD2PH	CONVERT	AVX512EVEX	AVX512_FP16_256	64	62 f5 fd 29 5a 00	VCVTPD2PH_XMMf16_MASKmskw_MEMf64_AVX512_VL256	6	exact	exact	structural_only	exact	decode_exact	cpu_legality_and_semantics_pending
VCVTPD2PH_XMMf16_MASKmskw_MEMf64_AVX512_VL512	VCVTPD2PH	CONVERT	AVX512EVEX	AVX512_FP16_512	64	62 f5 fd 49 5a 00	VCVTPD2PH_XMMf16_MASKmskw_MEMf64_AVX512_VL512	6	exact	exact	structural_only	exact	decode_exact	cpu_legality_and_semantics_pending
VCVTPD2PH_XMMf16_MASKmskw_XMMf64_AVX512	VCVTPD2PH	CONVERT	AVX512EVEX	AVX512_FP16_128	64	62 f5 fd 09 5a c0	VCVTPD2PH_XMMf16_MASKmskw_XMMf64_AVX512	6	exact	exact	structural_only	exact	decode_exact	cpu_legality_and_semantics_pending
VCVTPD2PH_XMMf16_MASKmskw_YMMf64_AVX512	VCVTPD2PH	CONVERT	AVX512EVEX	AVX512_FP16_256	64	62 f5 fd 29 5a c0	VCVTPD2PH_XMMf16_MASKmskw_YMMf64_AVX512	6	exact	exact	structural_only	exact	decode_exact	cpu_legality_and_semantics_pending
VCVTPD2PH_XMMf16_MASKmskw_ZMMf64_AVX512	VCVTPD2PH	CONVERT	AVX512EVEX	AVX512_FP16_512	64	62 f5 fd 59 5a c0	VCVTPD2PH_XMMf16_MASKmskw_ZMMf64_AVX512	6	exact	exact	structural_only	exact	decode_exact	cpu_legality_and_semantics_pending
VCVTPD2QQ_XMMi64_MASKmskw_MEMf64_AVX512	VCVTPD2QQ	CONVERT	AVX512EVEX	AVX512DQ_128	64	62 f1 fd 09 7b 00	VCVTPD2QQ_XMMi64_MASKmskw_MEMf64_AVX512	6	exact	exact	structural_only	exact	decode_exact	cpu_legality_and_semantics_pending
VCVTPD2QQ_XMMi64_MASKmskw_XMMf64_AVX512	VCVTPD2QQ	CONVERT	AVX512EVEX	AVX512DQ_128	64	62 f1 fd 09 7b c0	VCVTPD2QQ_XMMi64_MASKmskw_XMMf64_AVX512	6	exact	exact	structural_only	exact	decode_exact	cpu_legality_and_semantics_pending
VCVTPD2QQ_YMMi64_MASKmskw_MEMf64_AVX512	VCVTPD2QQ	CONVERT	AVX512EVEX	AVX512DQ_256	64	62 f1 fd 29 7b 00	VCVTPD2QQ_YMMi64_MASKmskw_MEMf64_AVX512	6	exact	exact	structural_only	exact	decode_exact	cpu_legality_and_semantics_pending
VCVTPD2QQ_YMMi64_MASKmskw_YMMf64_AVX512	VCVTPD2QQ	CONVERT	AVX512EVEX	AVX512DQ_256	64	62 f1 fd 29 7b c0	VCVTPD2QQ_YMMi64_MASKmskw_YMMf64_AVX512	6	exact	exact	structural_only	exact	decode_exact	cpu_legality_and_semantics_pending
VCVTPD2QQ_ZMMi64_MASKmskw_MEMf64_AVX512	VCVTPD2QQ	CONVERT	AVX512EVEX	AVX512DQ_512	64	62 f1 fd 49 7b 00	VCVTPD2QQ_ZMMi64_MASKmskw_MEMf64_AVX512	6	exact	exact	structural_only	exact	decode_exact	cpu_legality_and_semantics_pending
VCVTPD2QQ_ZMMi64_MASKmskw_ZMMf64_AVX512	VCVTPD2QQ	CONVERT	AVX512EVEX	AVX512DQ_512	64	62 f1 fd 49 7b c0	VCVTPD2QQ_ZMMi64_MASKmskw_ZMMf64_AVX512	6	exact	exact	structural_only	exact	decode_exact	cpu_legality_and_semantics_pending
VCVTPD2UDQ_XMMu32_MASKmskw_MEMf64_AVX512_VL128	VCVTPD2UDQ	CONVERT	AVX512EVEX	AVX512F_128	64	62 f1 fc 09 79 00	VCVTPD2UDQ_XMMu32_MASKmskw_MEMf64_AVX512_VL128	6	exact	exact	structural_only	exact	decode_exact	cpu_legality_and_semantics_pending
VCVTPD2UDQ_XMMu32_MASKmskw_MEMf64_AVX512_VL256	VCVTPD2UDQ	CONVERT	AVX512EVEX	AVX512F_256	64	62 f1 fc 29 79 00	VCVTPD2UDQ_XMMu32_MASKmskw_MEMf64_AVX512_VL256	6	exact	exact	structural_only	exact	decode_exact	cpu_legality_and_semantics_pending
VCVTPD2UDQ_XMMu32_MASKmskw_XMMf64_AVX512_VL128	VCVTPD2UDQ	CONVERT	AVX512EVEX	AVX512F_128	64	62 f1 fc 09 79 c0	VCVTPD2UDQ_XMMu32_MASKmskw_XMMf64_AVX512_VL128	6	exact	exact	structural_only	exact	decode_exact	cpu_legality_and_semantics_pending
VCVTPD2UDQ_XMMu32_MASKmskw_YMMf64_AVX512_VL256	VCVTPD2UDQ	CONVERT	AVX512EVEX	AVX512F_256	64	62 f1 fc 29 79 c0	VCVTPD2UDQ_XMMu32_MASKmskw_YMMf64_AVX512_VL256	6	exact	exact	structural_only	exact	decode_exact	cpu_legality_and_semantics_pending
VCVTPD2UDQ_YMMu32_MASKmskw_MEMf64_AVX512_VL512	VCVTPD2UDQ	CONVERT	AVX512EVEX	AVX512F_512	64	62 f1 fc 49 79 00	VCVTPD2UDQ_YMMu32_MASKmskw_MEMf64_AVX512_VL512	6	exact	exact	structural_only	exact	decode_exact	cpu_legality_and_semantics_pending
VCVTPD2UDQ_YMMu32_MASKmskw_ZMMf64_AVX512_VL512	VCVTPD2UDQ	CONVERT	AVX512EVEX	AVX512F_512	64	62 f1 fc 59 79 c0	VCVTPD2UDQ_YMMu32_MASKmskw_ZMMf64_AVX512_VL512	6	exact	exact	structural_only	exact	decode_exact	cpu_legality_and_semantics_pending
VCVTPD2UQQ_XMMu64_MASKmskw_MEMf64_AVX512	VCVTPD2UQQ	CONVERT	AVX512EVEX	AVX512DQ_128	64	62 f1 fd 09 79 00	VCVTPD2UQQ_XMMu64_MASKmskw_MEMf64_AVX512	6	exact	exact	structural_only	exact	decode_exact	cpu_legality_and_semantics_pending
VCVTPD2UQQ_XMMu64_MASKmskw_XMMf64_AVX512	VCVTPD2UQQ	CONVERT	AVX512EVEX	AVX512DQ_128	64	62 f1 fd 09 79 c0	VCVTPD2UQQ_XMMu64_MASKmskw_XMMf64_AVX512	6	exact	exact	structural_only	exact	decode_exact	cpu_legality_and_semantics_pending
VCVTPD2UQQ_YMMu64_MASKmskw_MEMf64_AVX512	VCVTPD2UQQ	CONVERT	AVX512EVEX	AVX512DQ_256	64	62 f1 fd 29 79 00	VCVTPD2UQQ_YMMu64_MASKmskw_MEMf64_AVX512	6	exact	exact	structural_only	exact	decode_exact	cpu_legality_and_semantics_pending
VCVTPD2UQQ_YMMu64_MASKmskw_YMMf64_AVX512	VCVTPD2UQQ	CONVERT	AVX512EVEX	AVX512DQ_256	64	62 f1 fd 29 79 c0	VCVTPD2UQQ_YMMu64_MASKmskw_YMMf64_AVX512	6	exact	exact	structural_only	exact	decode_exact	cpu_legality_and_semantics_pending
VCVTPD2UQQ_ZMMu64_MASKmskw_MEMf64_AVX512	VCVTPD2UQQ	CONVERT	AVX512EVEX	AVX512DQ_512	64	62 f1 fd 49 79 00	VCVTPD2UQQ_ZMMu64_MASKmskw_MEMf64_AVX512	6	exact	exact	structural_only	exact	decode_exact	cpu_legality_and_semantics_pending
VCVTPD2UQQ_ZMMu64_MASKmskw_ZMMf64_AVX512	VCVTPD2UQQ	CONVERT	AVX512EVEX	AVX512DQ_512	64	62 f1 fd 49 79 c0	VCVTPD2UQQ_ZMMu64_MASKmskw_ZMMf64_AVX512	6	exact	exact	structural_only	exact	decode_exact	cpu_legality_and_semantics_pending
VCVTPH2BF8S_XMMbf8_MASKmskw_MEMf16_AVX512_VL128	VCVTPH2BF8S	CONVERT	AVX512EVEX	AVX512_FP8_CONVERT_128	64	62 f5 7e 09 74 00	VCVTPH2BF8S_XMMbf8_MASKmskw_MEMf16_AVX512_VL128	6	exact	exact	structural_only	exact	decode_exact	cpu_legality_and_semantics_pending
VCVTPH2BF8S_XMMbf8_MASKmskw_MEMf16_AVX512_VL256	VCVTPH2BF8S	CONVERT	AVX512EVEX	AVX512_FP8_CONVERT_256	64	62 f5 7e 29 74 00	VCVTPH2BF8S_XMMbf8_MASKmskw_MEMf16_AVX512_VL256	6	exact	exact	structural_only	exact	decode_exact	cpu_legality_and_semantics_pending
VCVTPH2BF8S_XMMbf8_MASKmskw_XMMf16_AVX512	VCVTPH2BF8S	CONVERT	AVX512EVEX	AVX512_FP8_CONVERT_128	64	62 f5 7e 09 74 c0	VCVTPH2BF8S_XMMbf8_MASKmskw_XMMf16_AVX512	6	exact	exact	structural_only	exact	decode_exact	cpu_legality_and_semantics_pending
VCVTPH2BF8S_XMMbf8_MASKmskw_YMMf16_AVX512	VCVTPH2BF8S	CONVERT	AVX512EVEX	AVX512_FP8_CONVERT_256	64	62 f5 7e 29 74 c0	VCVTPH2BF8S_XMMbf8_MASKmskw_YMMf16_AVX512	6	exact	exact	structural_only	exact	decode_exact	cpu_legality_and_semantics_pending
VCVTPH2BF8S_YMMbf8_MASKmskw_MEMf16_AVX512_VL512	VCVTPH2BF8S	CONVERT	AVX512EVEX	AVX512_FP8_CONVERT_512	64	62 f5 7e 49 74 00	VCVTPH2BF8S_YMMbf8_MASKmskw_MEMf16_AVX512_VL512	6	exact	exact	structural_only	exact	decode_exact	cpu_legality_and_semantics_pending
VCVTPH2BF8S_YMMbf8_MASKmskw_ZMMf16_AVX512	VCVTPH2BF8S	CONVERT	AVX512EVEX	AVX512_FP8_CONVERT_512	64	62 f5 7e 49 74 c0	VCVTPH2BF8S_YMMbf8_MASKmskw_ZMMf16_AVX512	6	exact	exact	structural_only	exact	decode_exact	cpu_legality_and_semantics_pending
VCVTPH2BF8_XMMbf8_MASKmskw_MEMf16_AVX512_VL128	VCVTPH2BF8	CONVERT	AVX512EVEX	AVX512_FP8_CONVERT_128	64	62 f2 7e 09 74 00	VCVTPH2BF8_XMMbf8_MASKmskw_MEMf16_AVX512_VL128	6	exact	exact	structural_only	exact	decode_exact	cpu_legality_and_semantics_pending
VCVTPH2BF8_XMMbf8_MASKmskw_MEMf16_AVX512_VL256	VCVTPH2BF8	CONVERT	AVX512EVEX	AVX512_FP8_CONVERT_256	64	62 f2 7e 29 74 00	VCVTPH2BF8_XMMbf8_MASKmskw_MEMf16_AVX512_VL256	6	exact	exact	structural_only	exact	decode_exact	cpu_legality_and_semantics_pending
VCVTPH2BF8_XMMbf8_MASKmskw_XMMf16_AVX512	VCVTPH2BF8	CONVERT	AVX512EVEX	AVX512_FP8_CONVERT_128	64	62 f2 7e 09 74 c0	VCVTPH2BF8_XMMbf8_MASKmskw_XMMf16_AVX512	6	exact	exact	structural_only	exact	decode_exact	cpu_legality_and_semantics_pending
VCVTPH2BF8_XMMbf8_MASKmskw_YMMf16_AVX512	VCVTPH2BF8	CONVERT	AVX512EVEX	AVX512_FP8_CONVERT_256	64	62 f2 7e 29 74 c0	VCVTPH2BF8_XMMbf8_MASKmskw_YMMf16_AVX512	6	exact	exact	structural_only	exact	decode_exact	cpu_legality_and_semantics_pending
VCVTPH2BF8_YMMbf8_MASKmskw_MEMf16_AVX512_VL512	VCVTPH2BF8	CONVERT	AVX512EVEX	AVX512_FP8_CONVERT_512	64	62 f2 7e 49 74 00	VCVTPH2BF8_YMMbf8_MASKmskw_MEMf16_AVX512_VL512	6	exact	exact	structural_only	exact	decode_exact	cpu_legality_and_semantics_pending
VCVTPH2BF8_YMMbf8_MASKmskw_ZMMf16_AVX512	VCVTPH2BF8	CONVERT	AVX512EVEX	AVX512_FP8_CONVERT_512	64	62 f2 7e 49 74 c0	VCVTPH2BF8_YMMbf8_MASKmskw_ZMMf16_AVX512	6	exact	exact	structural_only	exact	decode_exact	cpu_legality_and_semantics_pending
VCVTPH2DQ_XMMi32_MASKmskw_MEMf16_AVX512	VCVTPH2DQ	CONVERT	AVX512EVEX	AVX512_FP16_128	64	62 f5 7d 09 5b 00	VCVTPH2DQ_XMMi32_MASKmskw_MEMf16_AVX512	6	exact	exact	structural_only	exact	decode_exact	cpu_legality_and_semantics_pending
VCVTPH2DQ_XMMi32_MASKmskw_XMMf16_AVX512	VCVTPH2DQ	CONVERT	AVX512EVEX	AVX512_FP16_128	64	62 f5 7d 09 5b c0	VCVTPH2DQ_XMMi32_MASKmskw_XMMf16_AVX512	6	exact	exact	structural_only	exact	decode_exact	cpu_legality_and_semantics_pending
VCVTPH2DQ_YMMi32_MASKmskw_MEMf16_AVX512	VCVTPH2DQ	CONVERT	AVX512EVEX	AVX512_FP16_256	64	62 f5 7d 29 5b 00	VCVTPH2DQ_YMMi32_MASKmskw_MEMf16_AVX512	6	exact	exact	structural_only	exact	decode_exact	cpu_legality_and_semantics_pending
VCVTPH2DQ_YMMi32_MASKmskw_XMMf16_AVX512	VCVTPH2DQ	CONVERT	AVX512EVEX	AVX512_FP16_256	64	62 f5 7d 29 5b c0	VCVTPH2DQ_YMMi32_MASKmskw_XMMf16_AVX512	6	exact	exact	structural_only	exact	decode_exact	cpu_legality_and_semantics_pending
VCVTPH2DQ_ZMMi32_MASKmskw_MEMf16_AVX512	VCVTPH2DQ	CONVERT	AVX512EVEX	AVX512_FP16_512	64	62 f5 7d 49 5b 00	VCVTPH2DQ_ZMMi32_MASKmskw_MEMf16_AVX512	6	exact	exact	structural_only	exact	decode_exact	cpu_legality_and_semantics_pending
VCVTPH2DQ_ZMMi32_MASKmskw_YMMf16_AVX512	VCVTPH2DQ	CONVERT	AVX512EVEX	AVX512_FP16_512	64	62 f5 7d 49 5b c0	VCVTPH2DQ_ZMMi32_MASKmskw_YMMf16_AVX512	6	exact	exact	structural_only	exact	decode_exact	cpu_legality_and_semantics_pending
VCVTPH2HF8S_XMMhf8_MASKmskw_MEMf16_AVX512_VL128	VCVTPH2HF8S	CONVERT	AVX512EVEX	AVX512_FP8_CONVERT_128	64	62 f5 7e 09 1b 00	VCVTPH2HF8S_XMMhf8_MASKmskw_MEMf16_AVX512_VL128	6	exact	exact	structural_only	exact	decode_exact	cpu_legality_and_semantics_pending
VCVTPH2HF8S_XMMhf8_MASKmskw_MEMf16_AVX512_VL256	VCVTPH2HF8S	CONVERT	AVX512EVEX	AVX512_FP8_CONVERT_256	64	62 f5 7e 29 1b 00	VCVTPH2HF8S_XMMhf8_MASKmskw_MEMf16_AVX512_VL256	6	exact	exact	structural_only	exact	decode_exact	cpu_legality_and_semantics_pending
VCVTPH2HF8S_XMMhf8_MASKmskw_XMMf16_AVX512	VCVTPH2HF8S	CONVERT	AVX512EVEX	AVX512_FP8_CONVERT_128	64	62 f5 7e 09 1b c0	VCVTPH2HF8S_XMMhf8_MASKmskw_XMMf16_AVX512	6	exact	exact	structural_only	exact	decode_exact	cpu_legality_and_semantics_pending
VCVTPH2HF8S_XMMhf8_MASKmskw_YMMf16_AVX512	VCVTPH2HF8S	CONVERT	AVX512EVEX	AVX512_FP8_CONVERT_256	64	62 f5 7e 29 1b c0	VCVTPH2HF8S_XMMhf8_MASKmskw_YMMf16_AVX512	6	exact	exact	structural_only	exact	decode_exact	cpu_legality_and_semantics_pending
VCVTPH2HF8S_YMMhf8_MASKmskw_MEMf16_AVX512_VL512	VCVTPH2HF8S	CONVERT	AVX512EVEX	AVX512_FP8_CONVERT_512	64	62 f5 7e 49 1b 00	VCVTPH2HF8S_YMMhf8_MASKmskw_MEMf16_AVX512_VL512	6	exact	exact	structural_only	exact	decode_exact	cpu_legality_and_semantics_pending
VCVTPH2HF8S_YMMhf8_MASKmskw_ZMMf16_AVX512	VCVTPH2HF8S	CONVERT	AVX512EVEX	AVX512_FP8_CONVERT_512	64	62 f5 7e 49 1b c0	VCVTPH2HF8S_YMMhf8_MASKmskw_ZMMf16_AVX512	6	exact	exact	structural_only	exact	decode_exact	cpu_legality_and_semantics_pending
VCVTPH2HF8_XMMhf8_MASKmskw_MEMf16_AVX512_VL128	VCVTPH2HF8	CONVERT	AVX512EVEX	AVX512_FP8_CONVERT_128	64	62 f5 7e 09 18 00	VCVTPH2HF8_XMMhf8_MASKmskw_MEMf16_AVX512_VL128	6	exact	exact	structural_only	exact	decode_exact	cpu_legality_and_semantics_pending
VCVTPH2HF8_XMMhf8_MASKmskw_MEMf16_AVX512_VL256	VCVTPH2HF8	CONVERT	AVX512EVEX	AVX512_FP8_CONVERT_256	64	62 f5 7e 29 18 00	VCVTPH2HF8_XMMhf8_MASKmskw_MEMf16_AVX512_VL256	6	exact	exact	structural_only	exact	decode_exact	cpu_legality_and_semantics_pending
VCVTPH2HF8_XMMhf8_MASKmskw_XMMf16_AVX512	VCVTPH2HF8	CONVERT	AVX512EVEX	AVX512_FP8_CONVERT_128	64	62 f5 7e 09 18 c0	VCVTPH2HF8_XMMhf8_MASKmskw_XMMf16_AVX512	6	exact	exact	structural_only	exact	decode_exact	cpu_legality_and_semantics_pending
VCVTPH2HF8_XMMhf8_MASKmskw_YMMf16_AVX512	VCVTPH2HF8	CONVERT	AVX512EVEX	AVX512_FP8_CONVERT_256	64	62 f5 7e 29 18 c0	VCVTPH2HF8_XMMhf8_MASKmskw_YMMf16_AVX512	6	exact	exact	structural_only	exact	decode_exact	cpu_legality_and_semantics_pending
VCVTPH2HF8_YMMhf8_MASKmskw_MEMf16_AVX512_VL512	VCVTPH2HF8	CONVERT	AVX512EVEX	AVX512_FP8_CONVERT_512	64	62 f5 7e 49 18 00	VCVTPH2HF8_YMMhf8_MASKmskw_MEMf16_AVX512_VL512	6	exact	exact	structural_only	exact	decode_exact	cpu_legality_and_semantics_pending
VCVTPH2HF8_YMMhf8_MASKmskw_ZMMf16_AVX512	VCVTPH2HF8	CONVERT	AVX512EVEX	AVX512_FP8_CONVERT_512	64	62 f5 7e 49 18 c0	VCVTPH2HF8_YMMhf8_MASKmskw_ZMMf16_AVX512	6	exact	exact	structural_only	exact	decode_exact	cpu_legality_and_semantics_pending
VCVTPH2IBS_XMMi8_MASKmskw_MEMf16_AVX512	VCVTPH2IBS	CONVERT	AVX512EVEX	AVX512_SAT_CVT_128	64	62 f5 7c 09 69 00	VCVTPH2IBS_XMMi8_MASKmskw_MEMf16_AVX512	6	exact	exact	structural_only	exact	decode_exact	cpu_legality_and_semantics_pending
VCVTPH2IBS_XMMi8_MASKmskw_XMMf16_AVX512	VCVTPH2IBS	CONVERT	AVX512EVEX	AVX512_SAT_CVT_128	64	62 f5 7c 09 69 c0	VCVTPH2IBS_XMMi8_MASKmskw_XMMf16_AVX512	6	exact	exact	structural_only	exact	decode_exact	cpu_legality_and_semantics_pending
VCVTPH2IBS_YMMi8_MASKmskw_MEMf16_AVX512	VCVTPH2IBS	CONVERT	AVX512EVEX	AVX512_SAT_CVT_256	64	62 f5 7c 29 69 00	VCVTPH2IBS_YMMi8_MASKmskw_MEMf16_AVX512	6	exact	exact	structural_only	exact	decode_exact	cpu_legality_and_semantics_pending
VCVTPH2IBS_YMMi8_MASKmskw_YMMf16_AVX512	VCVTPH2IBS	CONVERT	AVX512EVEX	AVX512_SAT_CVT_256	64	62 f5 7c 29 69 c0	VCVTPH2IBS_YMMi8_MASKmskw_YMMf16_AVX512	6	exact	exact	structural_only	exact	decode_exact	cpu_legality_and_semantics_pending
VCVTPH2IBS_ZMMi8_MASKmskw_MEMf16_AVX512	VCVTPH2IBS	CONVERT	AVX512EVEX	AVX512_SAT_CVT_512	64	62 f5 7c 49 69 00	VCVTPH2IBS_ZMMi8_MASKmskw_MEMf16_AVX512	6	exact	exact	structural_only	exact	decode_exact	cpu_legality_and_semantics_pending
VCVTPH2IBS_ZMMi8_MASKmskw_ZMMf16_AVX512	VCVTPH2IBS	CONVERT	AVX512EVEX	AVX512_SAT_CVT_512	64	62 f5 7c 49 69 c0	VCVTPH2IBS_ZMMi8_MASKmskw_ZMMf16_AVX512	6	exact	exact	structural_only	exact	decode_exact	cpu_legality_and_semantics_pending
VCVTPH2IUBS_XMMu8_MASKmskw_MEMf16_AVX512	VCVTPH2IUBS	CONVERT	AVX512EVEX	AVX512_SAT_CVT_128	64	62 f5 7c 09 6b 00	VCVTPH2IUBS_XMMu8_MASKmskw_MEMf16_AVX512	6	exact	exact	structural_only	exact	decode_exact	cpu_legality_and_semantics_pending
VCVTPH2IUBS_XMMu8_MASKmskw_XMMf16_AVX512	VCVTPH2IUBS	CONVERT	AVX512EVEX	AVX512_SAT_CVT_128	64	62 f5 7c 09 6b c0	VCVTPH2IUBS_XMMu8_MASKmskw_XMMf16_AVX512	6	exact	exact	structural_only	exact	decode_exact	cpu_legality_and_semantics_pending
VCVTPH2IUBS_YMMu8_MASKmskw_MEMf16_AVX512	VCVTPH2IUBS	CONVERT	AVX512EVEX	AVX512_SAT_CVT_256	64	62 f5 7c 29 6b 00	VCVTPH2IUBS_YMMu8_MASKmskw_MEMf16_AVX512	6	exact	exact	structural_only	exact	decode_exact	cpu_legality_and_semantics_pending
VCVTPH2IUBS_YMMu8_MASKmskw_YMMf16_AVX512	VCVTPH2IUBS	CONVERT	AVX512EVEX	AVX512_SAT_CVT_256	64	62 f5 7c 29 6b c0	VCVTPH2IUBS_YMMu8_MASKmskw_YMMf16_AVX512	6	exact	exact	structural_only	exact	decode_exact	cpu_legality_and_semantics_pending
VCVTPH2IUBS_ZMMu8_MASKmskw_MEMf16_AVX512	VCVTPH2IUBS	CONVERT	AVX512EVEX	AVX512_SAT_CVT_512	64	62 f5 7c 49 6b 00	VCVTPH2IUBS_ZMMu8_MASKmskw_MEMf16_AVX512	6	exact	exact	structural_only	exact	decode_exact	cpu_legality_and_semantics_pending
VCVTPH2IUBS_ZMMu8_MASKmskw_ZMMf16_AVX512	VCVTPH2IUBS	CONVERT	AVX512EVEX	AVX512_SAT_CVT_512	64	62 f5 7c 59 6b c0	VCVTPH2IUBS_ZMMu8_MASKmskw_ZMMf16_AVX512	6	exact	exact	structural_only	exact	decode_exact	cpu_legality_and_semantics_pending
VCVTPH2PD_XMMf64_MASKmskw_MEMf16_AVX512	VCVTPH2PD	CONVERT	AVX512EVEX	AVX512_FP16_128	64	62 f5 7c 09 5a 00	VCVTPH2PD_XMMf64_MASKmskw_MEMf16_AVX512	6	exact	exact	structural_only	exact	decode_exact	cpu_legality_and_semantics_pending
VCVTPH2PD_XMMf64_MASKmskw_XMMf16_AVX512	VCVTPH2PD	CONVERT	AVX512EVEX	AVX512_FP16_128	64	62 f5 7c 09 5a c0	VCVTPH2PD_XMMf64_MASKmskw_XMMf16_AVX512	6	exact	exact	structural_only	exact	decode_exact	cpu_legality_and_semantics_pending
VCVTPH2PD_YMMf64_MASKmskw_MEMf16_AVX512	VCVTPH2PD	CONVERT	AVX512EVEX	AVX512_FP16_256	64	62 f5 7c 29 5a 00	VCVTPH2PD_YMMf64_MASKmskw_MEMf16_AVX512	6	exact	exact	structural_only	exact	decode_exact	cpu_legality_and_semantics_pending
VCVTPH2PD_YMMf64_MASKmskw_XMMf16_AVX512	VCVTPH2PD	CONVERT	AVX512EVEX	AVX512_FP16_256	64	62 f5 7c 29 5a c0	VCVTPH2PD_YMMf64_MASKmskw_XMMf16_AVX512	6	exact	exact	structural_only	exact	decode_exact	cpu_legality_and_semantics_pending
VCVTPH2PD_ZMMf64_MASKmskw_MEMf16_AVX512	VCVTPH2PD	CONVERT	AVX512EVEX	AVX512_FP16_512	64	62 f5 7c 49 5a 00	VCVTPH2PD_ZMMf64_MASKmskw_MEMf16_AVX512	6	exact	exact	structural_only	exact	decode_exact	cpu_legality_and_semantics_pending
VCVTPH2PD_ZMMf64_MASKmskw_XMMf16_AVX512	VCVTPH2PD	CONVERT	AVX512EVEX	AVX512_FP16_512	64	62 f5 7c 49 5a c0	VCVTPH2PD_ZMMf64_MASKmskw_XMMf16_AVX512	6	exact	exact	structural_only	exact	decode_exact	cpu_legality_and_semantics_pending
VCVTPH2PSX_XMMf32_MASKmskw_MEMf16_AVX512	VCVTPH2PSX	CONVERT	AVX512EVEX	AVX512_FP16_128	64	62 f6 7d 09 13 00	VCVTPH2PSX_XMMf32_MASKmskw_MEMf16_AVX512	6	exact	exact	structural_only	exact	decode_exact	cpu_legality_and_semantics_pending
VCVTPH2PSX_XMMf32_MASKmskw_XMMf16_AVX512	VCVTPH2PSX	CONVERT	AVX512EVEX	AVX512_FP16_128	64	62 f6 7d 09 13 c0	VCVTPH2PSX_XMMf32_MASKmskw_XMMf16_AVX512	6	exact	exact	structural_only	exact	decode_exact	cpu_legality_and_semantics_pending
VCVTPH2PSX_YMMf32_MASKmskw_MEMf16_AVX512	VCVTPH2PSX	CONVERT	AVX512EVEX	AVX512_FP16_256	64	62 f6 7d 29 13 00	VCVTPH2PSX_YMMf32_MASKmskw_MEMf16_AVX512	6	exact	exact	structural_only	exact	decode_exact	cpu_legality_and_semantics_pending
VCVTPH2PSX_YMMf32_MASKmskw_XMMf16_AVX512	VCVTPH2PSX	CONVERT	AVX512EVEX	AVX512_FP16_256	64	62 f6 7d 29 13 c0	VCVTPH2PSX_YMMf32_MASKmskw_XMMf16_AVX512	6	exact	exact	structural_only	exact	decode_exact	cpu_legality_and_semantics_pending
VCVTPH2PSX_ZMMf32_MASKmskw_MEMf16_AVX512	VCVTPH2PSX	CONVERT	AVX512EVEX	AVX512_FP16_512	64	62 f6 7d 49 13 00	VCVTPH2PSX_ZMMf32_MASKmskw_MEMf16_AVX512	6	exact	exact	structural_only	exact	decode_exact	cpu_legality_and_semantics_pending
VCVTPH2PSX_ZMMf32_MASKmskw_YMMf16_AVX512	VCVTPH2PSX	CONVERT	AVX512EVEX	AVX512_FP16_512	64	62 f6 7d 59 13 c0	VCVTPH2PSX_ZMMf32_MASKmskw_YMMf16_AVX512	6	exact	exact	structural_only	exact	decode_exact	cpu_legality_and_semantics_pending
VCVTPH2QQ_XMMi64_MASKmskw_MEMf16_AVX512	VCVTPH2QQ	CONVERT	AVX512EVEX	AVX512_FP16_128	64	62 f5 7d 09 7b 00	VCVTPH2QQ_XMMi64_MASKmskw_MEMf16_AVX512	6	exact	exact	structural_only	exact	decode_exact	cpu_legality_and_semantics_pending
VCVTPH2QQ_XMMi64_MASKmskw_XMMf16_AVX512	VCVTPH2QQ	CONVERT	AVX512EVEX	AVX512_FP16_128	64	62 f5 7d 09 7b c0	VCVTPH2QQ_XMMi64_MASKmskw_XMMf16_AVX512	6	exact	exact	structural_only	exact	decode_exact	cpu_legality_and_semantics_pending
VCVTPH2QQ_YMMi64_MASKmskw_MEMf16_AVX512	VCVTPH2QQ	CONVERT	AVX512EVEX	AVX512_FP16_256	64	62 f5 7d 29 7b 00	VCVTPH2QQ_YMMi64_MASKmskw_MEMf16_AVX512	6	exact	exact	structural_only	exact	decode_exact	cpu_legality_and_semantics_pending
VCVTPH2QQ_YMMi64_MASKmskw_XMMf16_AVX512	VCVTPH2QQ	CONVERT	AVX512EVEX	AVX512_FP16_256	64	62 f5 7d 29 7b c0	VCVTPH2QQ_YMMi64_MASKmskw_XMMf16_AVX512	6	exact	exact	structural_only	exact	decode_exact	cpu_legality_and_semantics_pending
VCVTPH2QQ_ZMMi64_MASKmskw_MEMf16_AVX512	VCVTPH2QQ	CONVERT	AVX512EVEX	AVX512_FP16_512	64	62 f5 7d 49 7b 00	VCVTPH2QQ_ZMMi64_MASKmskw_MEMf16_AVX512	6	exact	exact	structural_only	exact	decode_exact	cpu_legality_and_semantics_pending
VCVTPH2QQ_ZMMi64_MASKmskw_XMMf16_AVX512	VCVTPH2QQ	CONVERT	AVX512EVEX	AVX512_FP16_512	64	62 f5 7d 49 7b c0	VCVTPH2QQ_ZMMi64_MASKmskw_XMMf16_AVX512	6	exact	exact	structural_only	exact	decode_exact	cpu_legality_and_semantics_pending
VCVTPH2UDQ_XMMu32_MASKmskw_MEMf16_AVX512	VCVTPH2UDQ	CONVERT	AVX512EVEX	AVX512_FP16_128	64	62 f5 7c 09 79 00	VCVTPH2UDQ_XMMu32_MASKmskw_MEMf16_AVX512	6	exact	exact	structural_only	exact	decode_exact	cpu_legality_and_semantics_pending
VCVTPH2UDQ_XMMu32_MASKmskw_XMMf16_AVX512	VCVTPH2UDQ	CONVERT	AVX512EVEX	AVX512_FP16_128	64	62 f5 7c 09 79 c0	VCVTPH2UDQ_XMMu32_MASKmskw_XMMf16_AVX512	6	exact	exact	structural_only	exact	decode_exact	cpu_legality_and_semantics_pending
VCVTPH2UDQ_YMMu32_MASKmskw_MEMf16_AVX512	VCVTPH2UDQ	CONVERT	AVX512EVEX	AVX512_FP16_256	64	62 f5 7c 29 79 00	VCVTPH2UDQ_YMMu32_MASKmskw_MEMf16_AVX512	6	exact	exact	structural_only	exact	decode_exact	cpu_legality_and_semantics_pending
VCVTPH2UDQ_YMMu32_MASKmskw_XMMf16_AVX512	VCVTPH2UDQ	CONVERT	AVX512EVEX	AVX512_FP16_256	64	62 f5 7c 29 79 c0	VCVTPH2UDQ_YMMu32_MASKmskw_XMMf16_AVX512	6	exact	exact	structural_only	exact	decode_exact	cpu_legality_and_semantics_pending
VCVTPH2UDQ_ZMMu32_MASKmskw_MEMf16_AVX512	VCVTPH2UDQ	CONVERT	AVX512EVEX	AVX512_FP16_512	64	62 f5 7c 49 79 00	VCVTPH2UDQ_ZMMu32_MASKmskw_MEMf16_AVX512	6	exact	exact	structural_only	exact	decode_exact	cpu_legality_and_semantics_pending
VCVTPH2UDQ_ZMMu32_MASKmskw_YMMf16_AVX512	VCVTPH2UDQ	CONVERT	AVX512EVEX	AVX512_FP16_512	64	62 f5 7c 49 79 c0	VCVTPH2UDQ_ZMMu32_MASKmskw_YMMf16_AVX512	6	exact	exact	structural_only	exact	decode_exact	cpu_legality_and_semantics_pending
VCVTPH2UQQ_XMMu64_MASKmskw_MEMf16_AVX512	VCVTPH2UQQ	CONVERT	AVX512EVEX	AVX512_FP16_128	64	62 f5 7d 09 79 00	VCVTPH2UQQ_XMMu64_MASKmskw_MEMf16_AVX512	6	exact	exact	structural_only	exact	decode_exact	cpu_legality_and_semantics_pending
VCVTPH2UQQ_XMMu64_MASKmskw_XMMf16_AVX512	VCVTPH2UQQ	CONVERT	AVX512EVEX	AVX512_FP16_128	64	62 f5 7d 09 79 c0	VCVTPH2UQQ_XMMu64_MASKmskw_XMMf16_AVX512	6	exact	exact	structural_only	exact	decode_exact	cpu_legality_and_semantics_pending
VCVTPH2UQQ_YMMu64_MASKmskw_MEMf16_AVX512	VCVTPH2UQQ	CONVERT	AVX512EVEX	AVX512_FP16_256	64	62 f5 7d 29 79 00	VCVTPH2UQQ_YMMu64_MASKmskw_MEMf16_AVX512	6	exact	exact	structural_only	exact	decode_exact	cpu_legality_and_semantics_pending
VCVTPH2UQQ_YMMu64_MASKmskw_XMMf16_AVX512	VCVTPH2UQQ	CONVERT	AVX512EVEX	AVX512_FP16_256	64	62 f5 7d 29 79 c0	VCVTPH2UQQ_YMMu64_MASKmskw_XMMf16_AVX512	6	exact	exact	structural_only	exact	decode_exact	cpu_legality_and_semantics_pending
VCVTPH2UQQ_ZMMu64_MASKmskw_MEMf16_AVX512	VCVTPH2UQQ	CONVERT	AVX512EVEX	AVX512_FP16_512	64	62 f5 7d 49 79 00	VCVTPH2UQQ_ZMMu64_MASKmskw_MEMf16_AVX512	6	exact	exact	structural_only	exact	decode_exact	cpu_legality_and_semantics_pending
VCVTPH2UQQ_ZMMu64_MASKmskw_XMMf16_AVX512	VCVTPH2UQQ	CONVERT	AVX512EVEX	AVX512_FP16_512	64	62 f5 7d 59 79 c0	VCVTPH2UQQ_ZMMu64_MASKmskw_XMMf16_AVX512	6	exact	exact	structural_only	exact	decode_exact	cpu_legality_and_semantics_pending
VCVTPH2UW_XMMu16_MASKmskw_MEMf16_AVX512	VCVTPH2UW	CONVERT	AVX512EVEX	AVX512_FP16_128	64	62 f5 7c 09 7d 00	VCVTPH2UW_XMMu16_MASKmskw_MEMf16_AVX512	6	exact	exact	structural_only	exact	decode_exact	cpu_legality_and_semantics_pending
VCVTPH2UW_XMMu16_MASKmskw_XMMf16_AVX512	VCVTPH2UW	CONVERT	AVX512EVEX	AVX512_FP16_128	64	62 f5 7c 09 7d c0	VCVTPH2UW_XMMu16_MASKmskw_XMMf16_AVX512	6	exact	exact	structural_only	exact	decode_exact	cpu_legality_and_semantics_pending
VCVTPH2UW_YMMu16_MASKmskw_MEMf16_AVX512	VCVTPH2UW	CONVERT	AVX512EVEX	AVX512_FP16_256	64	62 f5 7c 29 7d 00	VCVTPH2UW_YMMu16_MASKmskw_MEMf16_AVX512	6	exact	exact	structural_only	exact	decode_exact	cpu_legality_and_semantics_pending
VCVTPH2UW_YMMu16_MASKmskw_YMMf16_AVX512	VCVTPH2UW	CONVERT	AVX512EVEX	AVX512_FP16_256	64	62 f5 7c 29 7d c0	VCVTPH2UW_YMMu16_MASKmskw_YMMf16_AVX512	6	exact	exact	structural_only	exact	decode_exact	cpu_legality_and_semantics_pending
VCVTPH2UW_ZMMu16_MASKmskw_MEMf16_AVX512	VCVTPH2UW	CONVERT	AVX512EVEX	AVX512_FP16_512	64	62 f5 7c 49 7d 00	VCVTPH2UW_ZMMu16_MASKmskw_MEMf16_AVX512	6	exact	exact	structural_only	exact	decode_exact	cpu_legality_and_semantics_pending
VCVTPH2UW_ZMMu16_MASKmskw_ZMMf16_AVX512	VCVTPH2UW	CONVERT	AVX512EVEX	AVX512_FP16_512	64	62 f5 7c 49 7d c0	VCVTPH2UW_ZMMu16_MASKmskw_ZMMf16_AVX512	6	exact	exact	structural_only	exact	decode_exact	cpu_legality_and_semantics_pending
VCVTPH2W_XMMi16_MASKmskw_MEMf16_AVX512	VCVTPH2W	CONVERT	AVX512EVEX	AVX512_FP16_128	64	62 f5 7d 09 7d 00	VCVTPH2W_XMMi16_MASKmskw_MEMf16_AVX512	6	exact	exact	structural_only	exact	decode_exact	cpu_legality_and_semantics_pending
VCVTPH2W_XMMi16_MASKmskw_XMMf16_AVX512	VCVTPH2W	CONVERT	AVX512EVEX	AVX512_FP16_128	64	62 f5 7d 09 7d c0	VCVTPH2W_XMMi16_MASKmskw_XMMf16_AVX512	6	exact	exact	structural_only	exact	decode_exact	cpu_legality_and_semantics_pending
VCVTPH2W_YMMi16_MASKmskw_MEMf16_AVX512	VCVTPH2W	CONVERT	AVX512EVEX	AVX512_FP16_256	64	62 f5 7d 29 7d 00	VCVTPH2W_YMMi16_MASKmskw_MEMf16_AVX512	6	exact	exact	structural_only	exact	decode_exact	cpu_legality_and_semantics_pending
VCVTPH2W_YMMi16_MASKmskw_YMMf16_AVX512	VCVTPH2W	CONVERT	AVX512EVEX	AVX512_FP16_256	64	62 f5 7d 29 7d c0	VCVTPH2W_YMMi16_MASKmskw_YMMf16_AVX512	6	exact	exact	structural_only	exact	decode_exact	cpu_legality_and_semantics_pending
VCVTPH2W_ZMMi16_MASKmskw_MEMf16_AVX512	VCVTPH2W	CONVERT	AVX512EVEX	AVX512_FP16_512	64	62 f5 7d 49 7d 00	VCVTPH2W_ZMMi16_MASKmskw_MEMf16_AVX512	6	exact	exact	structural_only	exact	decode_exact	cpu_legality_and_semantics_pending
VCVTPH2W_ZMMi16_MASKmskw_ZMMf16_AVX512	VCVTPH2W	CONVERT	AVX512EVEX	AVX512_FP16_512	64	62 f5 7d 59 7d c0	VCVTPH2W_ZMMi16_MASKmskw_ZMMf16_AVX512	6	exact	exact	structural_only	exact	decode_exact	cpu_legality_and_semantics_pending
VCVTPS2BF8S_XMMbf8_MASKmskw_MEMf32_AVX512_VL128	VCVTPS2BF8S	CONVERT	AVX512EVEX	AVX10_V2_AUX_128	64	62 f5 7e 09 3b 00	VCVTPS2BF8S_XMMbf8_MASKmskw_MEMf32_AVX512_VL128	6	exact	exact	structural_only	exact	decode_exact	cpu_legality_and_semantics_pending
VCVTPS2BF8S_XMMbf8_MASKmskw_MEMf32_AVX512_VL256	VCVTPS2BF8S	CONVERT	AVX512EVEX	AVX10_V2_AUX_256	64	62 f5 7e 29 3b 00	VCVTPS2BF8S_XMMbf8_MASKmskw_MEMf32_AVX512_VL256	6	exact	exact	structural_only	exact	decode_exact	cpu_legality_and_semantics_pending
VCVTPS2BF8S_XMMbf8_MASKmskw_MEMf32_AVX512_VL512	VCVTPS2BF8S	CONVERT	AVX512EVEX	AVX10_V2_AUX_512	64	62 f5 7e 49 3b 00	VCVTPS2BF8S_XMMbf8_MASKmskw_MEMf32_AVX512_VL512	6	exact	exact	structural_only	exact	decode_exact	cpu_legality_and_semantics_pending
VCVTPS2BF8S_XMMbf8_MASKmskw_XMMf32_AVX512	VCVTPS2BF8S	CONVERT	AVX512EVEX	AVX10_V2_AUX_128	64	62 f5 7e 09 3b c0	VCVTPS2BF8S_XMMbf8_MASKmskw_XMMf32_AVX512	6	exact	exact	structural_only	exact	decode_exact	cpu_legality_and_semantics_pending
VCVTPS2BF8S_XMMbf8_MASKmskw_YMMf32_AVX512	VCVTPS2BF8S	CONVERT	AVX512EVEX	AVX10_V2_AUX_256	64	62 f5 7e 29 3b c0	VCVTPS2BF8S_XMMbf8_MASKmskw_YMMf32_AVX512	6	exact	exact	structural_only	exact	decode_exact	cpu_legality_and_semantics_pending
VCVTPS2BF8S_XMMbf8_MASKmskw_ZMMf32_AVX512	VCVTPS2BF8S	CONVERT	AVX512EVEX	AVX10_V2_AUX_512	64	62 f5 7e 49 3b c0	VCVTPS2BF8S_XMMbf8_MASKmskw_ZMMf32_AVX512	6	exact	exact	structural_only	exact	decode_exact	cpu_legality_and_semantics_pending
VCVTPS2BF8_XMMbf8_MASKmskw_MEMf32_AVX512_VL128	VCVTPS2BF8	CONVERT	AVX512EVEX	AVX10_V2_AUX_128	64	62 f5 7e 09 39 00	VCVTPS2BF8_XMMbf8_MASKmskw_MEMf32_AVX512_VL128	6	exact	exact	structural_only	exact	decode_exact	cpu_legality_and_semantics_pending
VCVTPS2BF8_XMMbf8_MASKmskw_MEMf32_AVX512_VL256	VCVTPS2BF8	CONVERT	AVX512EVEX	AVX10_V2_AUX_256	64	62 f5 7e 29 39 00	VCVTPS2BF8_XMMbf8_MASKmskw_MEMf32_AVX512_VL256	6	exact	exact	structural_only	exact	decode_exact	cpu_legality_and_semantics_pending
VCVTPS2BF8_XMMbf8_MASKmskw_MEMf32_AVX512_VL512	VCVTPS2BF8	CONVERT	AVX512EVEX	AVX10_V2_AUX_512	64	62 f5 7e 49 39 00	VCVTPS2BF8_XMMbf8_MASKmskw_MEMf32_AVX512_VL512	6	exact	exact	structural_only	exact	decode_exact	cpu_legality_and_semantics_pending
VCVTPS2BF8_XMMbf8_MASKmskw_XMMf32_AVX512	VCVTPS2BF8	CONVERT	AVX512EVEX	AVX10_V2_AUX_128	64	62 f5 7e 09 39 c0	VCVTPS2BF8_XMMbf8_MASKmskw_XMMf32_AVX512	6	exact	exact	structural_only	exact	decode_exact	cpu_legality_and_semantics_pending
VCVTPS2BF8_XMMbf8_MASKmskw_YMMf32_AVX512	VCVTPS2BF8	CONVERT	AVX512EVEX	AVX10_V2_AUX_256	64	62 f5 7e 29 39 c0	VCVTPS2BF8_XMMbf8_MASKmskw_YMMf32_AVX512	6	exact	exact	structural_only	exact	decode_exact	cpu_legality_and_semantics_pending
VCVTPS2BF8_XMMbf8_MASKmskw_ZMMf32_AVX512	VCVTPS2BF8	CONVERT	AVX512EVEX	AVX10_V2_AUX_512	64	62 f5 7e 49 39 c0	VCVTPS2BF8_XMMbf8_MASKmskw_ZMMf32_AVX512	6	exact	exact	structural_only	exact	decode_exact	cpu_legality_and_semantics_pending
VCVTPS2HF8S_XMMhf8_MASKmskw_MEMf32_AVX512_VL128	VCVTPS2HF8S	CONVERT	AVX512EVEX	AVX10_V2_AUX_128	64	62 f5 7e 09 3a 00	VCVTPS2HF8S_XMMhf8_MASKmskw_MEMf32_AVX512_VL128	6	exact	exact	structural_only	exact	decode_exact	cpu_legality_and_semantics_pending
VCVTPS2HF8S_XMMhf8_MASKmskw_MEMf32_AVX512_VL256	VCVTPS2HF8S	CONVERT	AVX512EVEX	AVX10_V2_AUX_256	64	62 f5 7e 29 3a 00	VCVTPS2HF8S_XMMhf8_MASKmskw_MEMf32_AVX512_VL256	6	exact	exact	structural_only	exact	decode_exact	cpu_legality_and_semantics_pending
VCVTPS2HF8S_XMMhf8_MASKmskw_MEMf32_AVX512_VL512	VCVTPS2HF8S	CONVERT	AVX512EVEX	AVX10_V2_AUX_512	64	62 f5 7e 49 3a 00	VCVTPS2HF8S_XMMhf8_MASKmskw_MEMf32_AVX512_VL512	6	exact	exact	structural_only	exact	decode_exact	cpu_legality_and_semantics_pending
VCVTPS2HF8S_XMMhf8_MASKmskw_XMMf32_AVX512	VCVTPS2HF8S	CONVERT	AVX512EVEX	AVX10_V2_AUX_128	64	62 f5 7e 09 3a c0	VCVTPS2HF8S_XMMhf8_MASKmskw_XMMf32_AVX512	6	exact	exact	structural_only	exact	decode_exact	cpu_legality_and_semantics_pending
VCVTPS2HF8S_XMMhf8_MASKmskw_YMMf32_AVX512	VCVTPS2HF8S	CONVERT	AVX512EVEX	AVX10_V2_AUX_256	64	62 f5 7e 29 3a c0	VCVTPS2HF8S_XMMhf8_MASKmskw_YMMf32_AVX512	6	exact	exact	structural_only	exact	decode_exact	cpu_legality_and_semantics_pending
VCVTPS2HF8S_XMMhf8_MASKmskw_ZMMf32_AVX512	VCVTPS2HF8S	CONVERT	AVX512EVEX	AVX10_V2_AUX_512	64	62 f5 7e 49 3a c0	VCVTPS2HF8S_XMMhf8_MASKmskw_ZMMf32_AVX512	6	exact	exact	structural_only	exact	decode_exact	cpu_legality_and_semantics_pending
VCVTPS2HF8_XMMhf8_MASKmskw_MEMf32_AVX512_VL128	VCVTPS2HF8	CONVERT	AVX512EVEX	AVX10_V2_AUX_128	64	62 f5 7e 09 38 00	VCVTPS2HF8_XMMhf8_MASKmskw_MEMf32_AVX512_VL128	6	exact	exact	structural_only	exact	decode_exact	cpu_legality_and_semantics_pending
VCVTPS2HF8_XMMhf8_MASKmskw_MEMf32_AVX512_VL256	VCVTPS2HF8	CONVERT	AVX512EVEX	AVX10_V2_AUX_256	64	62 f5 7e 29 38 00	VCVTPS2HF8_XMMhf8_MASKmskw_MEMf32_AVX512_VL256	6	exact	exact	structural_only	exact	decode_exact	cpu_legality_and_semantics_pending
VCVTPS2HF8_XMMhf8_MASKmskw_MEMf32_AVX512_VL512	VCVTPS2HF8	CONVERT	AVX512EVEX	AVX10_V2_AUX_512	64	62 f5 7e 49 38 00	VCVTPS2HF8_XMMhf8_MASKmskw_MEMf32_AVX512_VL512	6	exact	exact	structural_only	exact	decode_exact	cpu_legality_and_semantics_pending
VCVTPS2HF8_XMMhf8_MASKmskw_XMMf32_AVX512	VCVTPS2HF8	CONVERT	AVX512EVEX	AVX10_V2_AUX_128	64	62 f5 7e 09 38 c0	VCVTPS2HF8_XMMhf8_MASKmskw_XMMf32_AVX512	6	exact	exact	structural_only	exact	decode_exact	cpu_legality_and_semantics_pending
VCVTPS2HF8_XMMhf8_MASKmskw_YMMf32_AVX512	VCVTPS2HF8	CONVERT	AVX512EVEX	AVX10_V2_AUX_256	64	62 f5 7e 29 38 c0	VCVTPS2HF8_XMMhf8_MASKmskw_YMMf32_AVX512	6	exact	exact	structural_only	exact	decode_exact	cpu_legality_and_semantics_pending
VCVTPS2HF8_XMMhf8_MASKmskw_ZMMf32_AVX512	VCVTPS2HF8	CONVERT	AVX512EVEX	AVX10_V2_AUX_512	64	62 f5 7e 49 38 c0	VCVTPS2HF8_XMMhf8_MASKmskw_ZMMf32_AVX512	6	exact	exact	structural_only	exact	decode_exact	cpu_legality_and_semantics_pending
VCVTPS2IBS_XMMi8_MASKmskw_MEMf32_AVX512	VCVTPS2IBS	CONVERT	AVX512EVEX	AVX512_SAT_CVT_128	64	62 f5 7d 09 69 00	VCVTPS2IBS_XMMi8_MASKmskw_MEMf32_AVX512	6	exact	exact	structural_only	exact	decode_exact	cpu_legality_and_semantics_pending
VCVTPS2IBS_XMMi8_MASKmskw_XMMf32_AVX512	VCVTPS2IBS	CONVERT	AVX512EVEX	AVX512_SAT_CVT_128	64	62 f5 7d 09 69 c0	VCVTPS2IBS_XMMi8_MASKmskw_XMMf32_AVX512	6	exact	exact	structural_only	exact	decode_exact	cpu_legality_and_semantics_pending
VCVTPS2IBS_YMMi8_MASKmskw_MEMf32_AVX512	VCVTPS2IBS	CONVERT	AVX512EVEX	AVX512_SAT_CVT_256	64	62 f5 7d 29 69 00	VCVTPS2IBS_YMMi8_MASKmskw_MEMf32_AVX512	6	exact	exact	structural_only	exact	decode_exact	cpu_legality_and_semantics_pending
VCVTPS2IBS_YMMi8_MASKmskw_YMMf32_AVX512	VCVTPS2IBS	CONVERT	AVX512EVEX	AVX512_SAT_CVT_256	64	62 f5 7d 29 69 c0	VCVTPS2IBS_YMMi8_MASKmskw_YMMf32_AVX512	6	exact	exact	structural_only	exact	decode_exact	cpu_legality_and_semantics_pending
VCVTPS2IBS_ZMMi8_MASKmskw_MEMf32_AVX512	VCVTPS2IBS	CONVERT	AVX512EVEX	AVX512_SAT_CVT_512	64	62 f5 7d 49 69 00	VCVTPS2IBS_ZMMi8_MASKmskw_MEMf32_AVX512	6	exact	exact	structural_only	exact	decode_exact	cpu_legality_and_semantics_pending
VCVTPS2IBS_ZMMi8_MASKmskw_ZMMf32_AVX512	VCVTPS2IBS	CONVERT	AVX512EVEX	AVX512_SAT_CVT_512	64	62 f5 7d 59 69 c0	VCVTPS2IBS_ZMMi8_MASKmskw_ZMMf32_AVX512	6	exact	exact	structural_only	exact	decode_exact	cpu_legality_and_semantics_pending
VCVTPS2IUBS_XMMu8_MASKmskw_MEMf32_AVX512	VCVTPS2IUBS	CONVERT	AVX512EVEX	AVX512_SAT_CVT_128	64	62 f5 7d 09 6b 00	VCVTPS2IUBS_XMMu8_MASKmskw_MEMf32_AVX512	6	exact	exact	structural_only	exact	decode_exact	cpu_legality_and_semantics_pending
VCVTPS2IUBS_XMMu8_MASKmskw_XMMf32_AVX512	VCVTPS2IUBS	CONVERT	AVX512EVEX	AVX512_SAT_CVT_128	64	62 f5 7d 09 6b c0	VCVTPS2IUBS_XMMu8_MASKmskw_XMMf32_AVX512	6	exact	exact	structural_only	exact	decode_exact	cpu_legality_and_semantics_pending
VCVTPS2IUBS_YMMu8_MASKmskw_MEMf32_AVX512	VCVTPS2IUBS	CONVERT	AVX512EVEX	AVX512_SAT_CVT_256	64	62 f5 7d 29 6b 00	VCVTPS2IUBS_YMMu8_MASKmskw_MEMf32_AVX512	6	exact	exact	structural_only	exact	decode_exact	cpu_legality_and_semantics_pending
VCVTPS2IUBS_YMMu8_MASKmskw_YMMf32_AVX512	VCVTPS2IUBS	CONVERT	AVX512EVEX	AVX512_SAT_CVT_256	64	62 f5 7d 29 6b c0	VCVTPS2IUBS_YMMu8_MASKmskw_YMMf32_AVX512	6	exact	exact	structural_only	exact	decode_exact	cpu_legality_and_semantics_pending
VCVTPS2IUBS_ZMMu8_MASKmskw_MEMf32_AVX512	VCVTPS2IUBS	CONVERT	AVX512EVEX	AVX512_SAT_CVT_512	64	62 f5 7d 49 6b 00	VCVTPS2IUBS_ZMMu8_MASKmskw_MEMf32_AVX512	6	exact	exact	structural_only	exact	decode_exact	cpu_legality_and_semantics_pending
VCVTPS2IUBS_ZMMu8_MASKmskw_ZMMf32_AVX512	VCVTPS2IUBS	CONVERT	AVX512EVEX	AVX512_SAT_CVT_512	64	62 f5 7d 49 6b c0	VCVTPS2IUBS_ZMMu8_MASKmskw_ZMMf32_AVX512	6	exact	exact	structural_only	exact	decode_exact	cpu_legality_and_semantics_pending
VCVTPS2PHX_XMMf16_MASKmskw_MEMf32_AVX512_VL128	VCVTPS2PHX	CONVERT	AVX512EVEX	AVX512_FP16_128	64	62 f5 7d 09 1d 00	VCVTPS2PHX_XMMf16_MASKmskw_MEMf32_AVX512_VL128	6	exact	exact	structural_only	exact	decode_exact	cpu_legality_and_semantics_pending
VCVTPS2PHX_XMMf16_MASKmskw_MEMf32_AVX512_VL256	VCVTPS2PHX	CONVERT	AVX512EVEX	AVX512_FP16_256	64	62 f5 7d 29 1d 00	VCVTPS2PHX_XMMf16_MASKmskw_MEMf32_AVX512_VL256	6	exact	exact	structural_only	exact	decode_exact	cpu_legality_and_semantics_pending
VCVTPS2PHX_XMMf16_MASKmskw_XMMf32_AVX512	VCVTPS2PHX	CONVERT	AVX512EVEX	AVX512_FP16_128	64	62 f5 7d 09 1d c0	VCVTPS2PHX_XMMf16_MASKmskw_XMMf32_AVX512	6	exact	exact	structural_only	exact	decode_exact	cpu_legality_and_semantics_pending
VCVTPS2PHX_XMMf16_MASKmskw_YMMf32_AVX512	VCVTPS2PHX	CONVERT	AVX512EVEX	AVX512_FP16_256	64	62 f5 7d 29 1d c0	VCVTPS2PHX_XMMf16_MASKmskw_YMMf32_AVX512	6	exact	exact	structural_only	exact	decode_exact	cpu_legality_and_semantics_pending
VCVTPS2PHX_YMMf16_MASKmskw_MEMf32_AVX512_VL512	VCVTPS2PHX	CONVERT	AVX512EVEX	AVX512_FP16_512	64	62 f5 7d 49 1d 00	VCVTPS2PHX_YMMf16_MASKmskw_MEMf32_AVX512_VL512	6	exact	exact	structural_only	exact	decode_exact	cpu_legality_and_semantics_pending
VCVTPS2PHX_YMMf16_MASKmskw_ZMMf32_AVX512	VCVTPS2PHX	CONVERT	AVX512EVEX	AVX512_FP16_512	64	62 f5 7d 59 1d c0	VCVTPS2PHX_YMMf16_MASKmskw_ZMMf32_AVX512	6	exact	exact	structural_only	exact	decode_exact	cpu_legality_and_semantics_pending
VCVTPS2QQ_XMMi64_MASKmskw_MEMf32_AVX512	VCVTPS2QQ	CONVERT	AVX512EVEX	AVX512DQ_128	64	62 f1 7d 09 7b 00	VCVTPS2QQ_XMMi64_MASKmskw_MEMf32_AVX512	6	exact	exact	structural_only	exact	decode_exact	cpu_legality_and_semantics_pending
VCVTPS2QQ_XMMi64_MASKmskw_XMMf32_AVX512	VCVTPS2QQ	CONVERT	AVX512EVEX	AVX512DQ_128	64	62 f1 7d 09 7b c0	VCVTPS2QQ_XMMi64_MASKmskw_XMMf32_AVX512	6	exact	exact	structural_only	exact	decode_exact	cpu_legality_and_semantics_pending
VCVTPS2QQ_YMMi64_MASKmskw_MEMf32_AVX512	VCVTPS2QQ	CONVERT	AVX512EVEX	AVX512DQ_256	64	62 f1 7d 29 7b 00	VCVTPS2QQ_YMMi64_MASKmskw_MEMf32_AVX512	6	exact	exact	structural_only	exact	decode_exact	cpu_legality_and_semantics_pending
VCVTPS2QQ_YMMi64_MASKmskw_XMMf32_AVX512	VCVTPS2QQ	CONVERT	AVX512EVEX	AVX512DQ_256	64	62 f1 7d 29 7b c0	VCVTPS2QQ_YMMi64_MASKmskw_XMMf32_AVX512	6	exact	exact	structural_only	exact	decode_exact	cpu_legality_and_semantics_pending
VCVTPS2QQ_ZMMi64_MASKmskw_MEMf32_AVX512	VCVTPS2QQ	CONVERT	AVX512EVEX	AVX512DQ_512	64	62 f1 7d 49 7b 00	VCVTPS2QQ_ZMMi64_MASKmskw_MEMf32_AVX512	6	exact	exact	structural_only	exact	decode_exact	cpu_legality_and_semantics_pending
VCVTPS2QQ_ZMMi64_MASKmskw_YMMf32_AVX512	VCVTPS2QQ	CONVERT	AVX512EVEX	AVX512DQ_512	64	62 f1 7d 59 7b c0	VCVTPS2QQ_ZMMi64_MASKmskw_YMMf32_AVX512	6	exact	exact	structural_only	exact	decode_exact	cpu_legality_and_semantics_pending
VCVTPS2UDQ_XMMu32_MASKmskw_MEMf32_AVX512	VCVTPS2UDQ	CONVERT	AVX512EVEX	AVX512F_128	64	62 f1 7c 09 79 00	VCVTPS2UDQ_XMMu32_MASKmskw_MEMf32_AVX512	6	exact	exact	structural_only	exact	decode_exact	cpu_legality_and_semantics_pending
VCVTPS2UDQ_XMMu32_MASKmskw_XMMf32_AVX512	VCVTPS2UDQ	CONVERT	AVX512EVEX	AVX512F_128	64	62 f1 7c 09 79 c0	VCVTPS2UDQ_XMMu32_MASKmskw_XMMf32_AVX512	6	exact	exact	structural_only	exact	decode_exact	cpu_legality_and_semantics_pending
VCVTPS2UDQ_YMMu32_MASKmskw_MEMf32_AVX512	VCVTPS2UDQ	CONVERT	AVX512EVEX	AVX512F_256	64	62 f1 7c 29 79 00	VCVTPS2UDQ_YMMu32_MASKmskw_MEMf32_AVX512	6	exact	exact	structural_only	exact	decode_exact	cpu_legality_and_semantics_pending
VCVTPS2UDQ_YMMu32_MASKmskw_YMMf32_AVX512	VCVTPS2UDQ	CONVERT	AVX512EVEX	AVX512F_256	64	62 f1 7c 29 79 c0	VCVTPS2UDQ_YMMu32_MASKmskw_YMMf32_AVX512	6	exact	exact	structural_only	exact	decode_exact	cpu_legality_and_semantics_pending
VCVTPS2UDQ_ZMMu32_MASKmskw_MEMf32_AVX512	VCVTPS2UDQ	CONVERT	AVX512EVEX	AVX512F_512	64	62 f1 7c 49 79 00	VCVTPS2UDQ_ZMMu32_MASKmskw_MEMf32_AVX512	6	exact	exact	structural_only	exact	decode_exact	cpu_legality_and_semantics_pending
VCVTPS2UDQ_ZMMu32_MASKmskw_ZMMf32_AVX512	VCVTPS2UDQ	CONVERT	AVX512EVEX	AVX512F_512	64	62 f1 7c 59 79 c0	VCVTPS2UDQ_ZMMu32_MASKmskw_ZMMf32_AVX512	6	exact	exact	structural_only	exact	decode_exact	cpu_legality_and_semantics_pending
VCVTPS2UQQ_XMMu64_MASKmskw_MEMf32_AVX512	VCVTPS2UQQ	CONVERT	AVX512EVEX	AVX512DQ_128	64	62 f1 7d 09 79 00	VCVTPS2UQQ_XMMu64_MASKmskw_MEMf32_AVX512	6	exact	exact	structural_only	exact	decode_exact	cpu_legality_and_semantics_pending
VCVTPS2UQQ_XMMu64_MASKmskw_XMMf32_AVX512	VCVTPS2UQQ	CONVERT	AVX512EVEX	AVX512DQ_128	64	62 f1 7d 09 79 c0	VCVTPS2UQQ_XMMu64_MASKmskw_XMMf32_AVX512	6	exact	exact	structural_only	exact	decode_exact	cpu_legality_and_semantics_pending
VCVTPS2UQQ_YMMu64_MASKmskw_MEMf32_AVX512	VCVTPS2UQQ	CONVERT	AVX512EVEX	AVX512DQ_256	64	62 f1 7d 29 79 00	VCVTPS2UQQ_YMMu64_MASKmskw_MEMf32_AVX512	6	exact	exact	structural_only	exact	decode_exact	cpu_legality_and_semantics_pending
VCVTPS2UQQ_YMMu64_MASKmskw_XMMf32_AVX512	VCVTPS2UQQ	CONVERT	AVX512EVEX	AVX512DQ_256	64	62 f1 7d 29 79 c0	VCVTPS2UQQ_YMMu64_MASKmskw_XMMf32_AVX512	6	exact	exact	structural_only	exact	decode_exact	cpu_legality_and_semantics_pending
VCVTPS2UQQ_ZMMu64_MASKmskw_MEMf32_AVX512	VCVTPS2UQQ	CONVERT	AVX512EVEX	AVX512DQ_512	64	62 f1 7d 49 79 00	VCVTPS2UQQ_ZMMu64_MASKmskw_MEMf32_AVX512	6	exact	exact	structural_only	exact	decode_exact	cpu_legality_and_semantics_pending
VCVTPS2UQQ_ZMMu64_MASKmskw_YMMf32_AVX512	VCVTPS2UQQ	CONVERT	AVX512EVEX	AVX512DQ_512	64	62 f1 7d 49 79 c0	VCVTPS2UQQ_ZMMu64_MASKmskw_YMMf32_AVX512	6	exact	exact	structural_only	exact	decode_exact	cpu_legality_and_semantics_pending
VCVTQQ2PD_XMMf64_MASKmskw_MEMi64_AVX512	VCVTQQ2PD	CONVERT	AVX512EVEX	AVX512DQ_128	64	62 f1 fe 09 e6 00	VCVTQQ2PD_XMMf64_MASKmskw_MEMi64_AVX512	6	exact	exact	structural_only	exact	decode_exact	cpu_legality_and_semantics_pending
VCVTQQ2PD_XMMf64_MASKmskw_XMMi64_AVX512	VCVTQQ2PD	CONVERT	AVX512EVEX	AVX512DQ_128	64	62 f1 fe 09 e6 c0	VCVTQQ2PD_XMMf64_MASKmskw_XMMi64_AVX512	6	exact	exact	structural_only	exact	decode_exact	cpu_legality_and_semantics_pending
VCVTQQ2PD_YMMf64_MASKmskw_MEMi64_AVX512	VCVTQQ2PD	CONVERT	AVX512EVEX	AVX512DQ_256	64	62 f1 fe 29 e6 00	VCVTQQ2PD_YMMf64_MASKmskw_MEMi64_AVX512	6	exact	exact	structural_only	exact	decode_exact	cpu_legality_and_semantics_pending
VCVTQQ2PD_YMMf64_MASKmskw_YMMi64_AVX512	VCVTQQ2PD	CONVERT	AVX512EVEX	AVX512DQ_256	64	62 f1 fe 29 e6 c0	VCVTQQ2PD_YMMf64_MASKmskw_YMMi64_AVX512	6	exact	exact	structural_only	exact	decode_exact	cpu_legality_and_semantics_pending
VCVTQQ2PD_ZMMf64_MASKmskw_MEMi64_AVX512	VCVTQQ2PD	CONVERT	AVX512EVEX	AVX512DQ_512	64	62 f1 fe 49 e6 00	VCVTQQ2PD_ZMMf64_MASKmskw_MEMi64_AVX512	6	exact	exact	structural_only	exact	decode_exact	cpu_legality_and_semantics_pending
VCVTQQ2PD_ZMMf64_MASKmskw_ZMMi64_AVX512	VCVTQQ2PD	CONVERT	AVX512EVEX	AVX512DQ_512	64	62 f1 fe 49 e6 c0	VCVTQQ2PD_ZMMf64_MASKmskw_ZMMi64_AVX512	6	exact	exact	structural_only	exact	decode_exact	cpu_legality_and_semantics_pending
VCVTQQ2PH_XMMf16_MASKmskw_MEMu64_AVX512_VL128	VCVTQQ2PH	CONVERT	AVX512EVEX	AVX512_FP16_128	64	62 f5 fc 09 5b 00	VCVTQQ2PH_XMMf16_MASKmskw_MEMu64_AVX512_VL128	6	exact	exact	structural_only	exact	decode_exact	cpu_legality_and_semantics_pending
VCVTQQ2PH_XMMf16_MASKmskw_MEMu64_AVX512_VL256	VCVTQQ2PH	CONVERT	AVX512EVEX	AVX512_FP16_256	64	62 f5 fc 29 5b 00	VCVTQQ2PH_XMMf16_MASKmskw_MEMu64_AVX512_VL256	6	exact	exact	structural_only	exact	decode_exact	cpu_legality_and_semantics_pending
VCVTQQ2PH_XMMf16_MASKmskw_MEMu64_AVX512_VL512	VCVTQQ2PH	CONVERT	AVX512EVEX	AVX512_FP16_512	64	62 f5 fc 49 5b 00	VCVTQQ2PH_XMMf16_MASKmskw_MEMu64_AVX512_VL512	6	exact	exact	structural_only	exact	decode_exact	cpu_legality_and_semantics_pending
VCVTQQ2PH_XMMf16_MASKmskw_XMMu64_AVX512	VCVTQQ2PH	CONVERT	AVX512EVEX	AVX512_FP16_128	64	62 f5 fc 09 5b c0	VCVTQQ2PH_XMMf16_MASKmskw_XMMu64_AVX512	6	exact	exact	structural_only	exact	decode_exact	cpu_legality_and_semantics_pending
VCVTQQ2PH_XMMf16_MASKmskw_YMMu64_AVX512	VCVTQQ2PH	CONVERT	AVX512EVEX	AVX512_FP16_256	64	62 f5 fc 29 5b c0	VCVTQQ2PH_XMMf16_MASKmskw_YMMu64_AVX512	6	exact	exact	structural_only	exact	decode_exact	cpu_legality_and_semantics_pending
VCVTQQ2PH_XMMf16_MASKmskw_ZMMu64_AVX512	VCVTQQ2PH	CONVERT	AVX512EVEX	AVX512_FP16_512	64	62 f5 fc 49 5b c0	VCVTQQ2PH_XMMf16_MASKmskw_ZMMu64_AVX512	6	exact	exact	structural_only	exact	decode_exact	cpu_legality_and_semantics_pending
VCVTQQ2PS_XMMf32_MASKmskw_MEMu64_AVX512_VL128	VCVTQQ2PS	CONVERT	AVX512EVEX	AVX512DQ_128	64	62 f1 fc 09 5b 00	VCVTQQ2PS_XMMf32_MASKmskw_MEMu64_AVX512_VL128	6	exact	exact	structural_only	exact	decode_exact	cpu_legality_and_semantics_pending
VCVTQQ2PS_XMMf32_MASKmskw_MEMu64_AVX512_VL256	VCVTQQ2PS	CONVERT	AVX512EVEX	AVX512DQ_256	64	62 f1 fc 29 5b 00	VCVTQQ2PS_XMMf32_MASKmskw_MEMu64_AVX512_VL256	6	exact	exact	structural_only	exact	decode_exact	cpu_legality_and_semantics_pending
VCVTQQ2PS_XMMf32_MASKmskw_XMMu64_AVX512_VL128	VCVTQQ2PS	CONVERT	AVX512EVEX	AVX512DQ_128	64	62 f1 fc 09 5b c0	VCVTQQ2PS_XMMf32_MASKmskw_XMMu64_AVX512_VL128	6	exact	exact	structural_only	exact	decode_exact	cpu_legality_and_semantics_pending
VCVTQQ2PS_XMMf32_MASKmskw_YMMu64_AVX512_VL256	VCVTQQ2PS	CONVERT	AVX512EVEX	AVX512DQ_256	64	62 f1 fc 29 5b c0	VCVTQQ2PS_XMMf32_MASKmskw_YMMu64_AVX512_VL256	6	exact	exact	structural_only	exact	decode_exact	cpu_legality_and_semantics_pending
VCVTQQ2PS_YMMf32_MASKmskw_MEMu64_AVX512_VL512	VCVTQQ2PS	CONVERT	AVX512EVEX	AVX512DQ_512	64	62 f1 fc 49 5b 00	VCVTQQ2PS_YMMf32_MASKmskw_MEMu64_AVX512_VL512	6	exact	exact	structural_only	exact	decode_exact	cpu_legality_and_semantics_pending
VCVTQQ2PS_YMMf32_MASKmskw_ZMMu64_AVX512_VL512	VCVTQQ2PS	CONVERT	AVX512EVEX	AVX512DQ_512	64	62 f1 fc 59 5b c0	VCVTQQ2PS_YMMf32_MASKmskw_ZMMu64_AVX512_VL512	6	exact	exact	structural_only	exact	decode_exact	cpu_legality_and_semantics_pending
VCVTROPS2HF8S_XMMhf8_MASKmskw_MEMf32_AVX512_VL128	VCVTROPS2HF8S	CONVERT	AVX512EVEX	AVX10_V2_AUX_128	64	62 f5 7d 09 3a 00	VCVTROPS2HF8S_XMMhf8_MASKmskw_MEMf32_AVX512_VL128	6	exact	exact	structural_only	exact	decode_exact	cpu_legality_and_semantics_pending
VCVTROPS2HF8S_XMMhf8_MASKmskw_MEMf32_AVX512_VL256	VCVTROPS2HF8S	CONVERT	AVX512EVEX	AVX10_V2_AUX_256	64	62 f5 7d 29 3a 00	VCVTROPS2HF8S_XMMhf8_MASKmskw_MEMf32_AVX512_VL256	6	exact	exact	structural_only	exact	decode_exact	cpu_legality_and_semantics_pending
VCVTROPS2HF8S_XMMhf8_MASKmskw_MEMf32_AVX512_VL512	VCVTROPS2HF8S	CONVERT	AVX512EVEX	AVX10_V2_AUX_512	64	62 f5 7d 49 3a 00	VCVTROPS2HF8S_XMMhf8_MASKmskw_MEMf32_AVX512_VL512	6	exact	exact	structural_only	exact	decode_exact	cpu_legality_and_semantics_pending
VCVTROPS2HF8S_XMMhf8_MASKmskw_XMMf32_AVX512	VCVTROPS2HF8S	CONVERT	AVX512EVEX	AVX10_V2_AUX_128	64	62 f5 7d 09 3a c0	VCVTROPS2HF8S_XMMhf8_MASKmskw_XMMf32_AVX512	6	exact	exact	structural_only	exact	decode_exact	cpu_legality_and_semantics_pending
VCVTROPS2HF8S_XMMhf8_MASKmskw_YMMf32_AVX512	VCVTROPS2HF8S	CONVERT	AVX512EVEX	AVX10_V2_AUX_256	64	62 f5 7d 29 3a c0	VCVTROPS2HF8S_XMMhf8_MASKmskw_YMMf32_AVX512	6	exact	exact	structural_only	exact	decode_exact	cpu_legality_and_semantics_pending
VCVTROPS2HF8S_XMMhf8_MASKmskw_ZMMf32_AVX512	VCVTROPS2HF8S	CONVERT	AVX512EVEX	AVX10_V2_AUX_512	64	62 f5 7d 49 3a c0	VCVTROPS2HF8S_XMMhf8_MASKmskw_ZMMf32_AVX512	6	exact	exact	structural_only	exact	decode_exact	cpu_legality_and_semantics_pending
VCVTROPS2HF8_XMMhf8_MASKmskw_MEMf32_AVX512_VL128	VCVTROPS2HF8	CONVERT	AVX512EVEX	AVX10_V2_AUX_128	64	62 f5 7d 09 38 00	VCVTROPS2HF8_XMMhf8_MASKmskw_MEMf32_AVX512_VL128	6	exact	exact	structural_only	exact	decode_exact	cpu_legality_and_semantics_pending
VCVTROPS2HF8_XMMhf8_MASKmskw_MEMf32_AVX512_VL256	VCVTROPS2HF8	CONVERT	AVX512EVEX	AVX10_V2_AUX_256	64	62 f5 7d 29 38 00	VCVTROPS2HF8_XMMhf8_MASKmskw_MEMf32_AVX512_VL256	6	exact	exact	structural_only	exact	decode_exact	cpu_legality_and_semantics_pending
VCVTROPS2HF8_XMMhf8_MASKmskw_MEMf32_AVX512_VL512	VCVTROPS2HF8	CONVERT	AVX512EVEX	AVX10_V2_AUX_512	64	62 f5 7d 49 38 00	VCVTROPS2HF8_XMMhf8_MASKmskw_MEMf32_AVX512_VL512	6	exact	exact	structural_only	exact	decode_exact	cpu_legality_and_semantics_pending
VCVTROPS2HF8_XMMhf8_MASKmskw_XMMf32_AVX512	VCVTROPS2HF8	CONVERT	AVX512EVEX	AVX10_V2_AUX_128	64	62 f5 7d 09 38 c0	VCVTROPS2HF8_XMMhf8_MASKmskw_XMMf32_AVX512	6	exact	exact	structural_only	exact	decode_exact	cpu_legality_and_semantics_pending
VCVTROPS2HF8_XMMhf8_MASKmskw_YMMf32_AVX512	VCVTROPS2HF8	CONVERT	AVX512EVEX	AVX10_V2_AUX_256	64	62 f5 7d 29 38 c0	VCVTROPS2HF8_XMMhf8_MASKmskw_YMMf32_AVX512	6	exact	exact	structural_only	exact	decode_exact	cpu_legality_and_semantics_pending
VCVTROPS2HF8_XMMhf8_MASKmskw_ZMMf32_AVX512	VCVTROPS2HF8	CONVERT	AVX512EVEX	AVX10_V2_AUX_512	64	62 f5 7d 49 38 c0	VCVTROPS2HF8_XMMhf8_MASKmskw_ZMMf32_AVX512	6	exact	exact	structural_only	exact	decode_exact	cpu_legality_and_semantics_pending
VCVTSD2SH_XMMf16_MASKmskw_XMMf64_MEMf64_AVX512	VCVTSD2SH	CONVERT	AVX512EVEX	AVX512_FP16_SCALAR	64	62 f5 ff 09 5a 00	VCVTSD2SH_XMMf16_MASKmskw_XMMf64_MEMf64_AVX512	6	exact	exact	structural_only	exact	decode_exact	cpu_legality_and_semantics_pending
VCVTSD2SH_XMMf16_MASKmskw_XMMf64_XMMf64_AVX512	VCVTSD2SH	CONVERT	AVX512EVEX	AVX512_FP16_SCALAR	64	62 f5 ff 09 5a c0	VCVTSD2SH_XMMf16_MASKmskw_XMMf64_XMMf64_AVX512	6	exact	exact	structural_only	exact	decode_exact	cpu_legality_and_semantics_pending
VCVTSD2SI_GPR32i32_MEMf64_AVX512	VCVTSD2SI	CONVERT	AVX512EVEX	AVX512F_SCALAR	64	62 f1 7f 08 2d 00	VCVTSD2SI_GPR32i32_MEMf64_AVX512	6	exact	exact	structural_only	exact	decode_exact	cpu_legality_and_semantics_pending
VCVTSD2SI_GPR32i32_XMMf64_AVX512	VCVTSD2SI	CONVERT	AVX512EVEX	AVX512F_SCALAR	64	62 f1 7f 18 2d c0	VCVTSD2SI_GPR32i32_XMMf64_AVX512	6	exact	exact	structural_only	exact	decode_exact	cpu_legality_and_semantics_pending
VCVTSD2SI_GPR64i64_MEMf64_AVX512	VCVTSD2SI	CONVERT	AVX512EVEX	AVX512F_SCALAR	64	62 f1 ff 08 2d 00	VCVTSD2SI_GPR64i64_MEMf64_AVX512	6	exact	exact	structural_only	exact	decode_exact	cpu_legality_and_semantics_pending
VCVTSD2SI_GPR64i64_XMMf64_AVX512	VCVTSD2SI	CONVERT	AVX512EVEX	AVX512F_SCALAR	64	62 f1 ff 18 2d c0	VCVTSD2SI_GPR64i64_XMMf64_AVX512	6	exact	exact	structural_only	exact	decode_exact	cpu_legality_and_semantics_pending
VCVTSD2USI_GPR32u32_MEMf64_AVX512	VCVTSD2USI	CONVERT	AVX512EVEX	AVX512F_SCALAR	64	62 f1 7f 08 79 00	VCVTSD2USI_GPR32u32_MEMf64_AVX512	6	exact	exact	structural_only	exact	decode_exact	cpu_legality_and_semantics_pending
VCVTSD2USI_GPR32u32_XMMf64_AVX512	VCVTSD2USI	CONVERT	AVX512EVEX	AVX512F_SCALAR	64	62 f1 7f 08 79 c0	VCVTSD2USI_GPR32u32_XMMf64_AVX512	6	exact	exact	structural_only	exact	decode_exact	cpu_legality_and_semantics_pending
VCVTSD2USI_GPR64u64_MEMf64_AVX512	VCVTSD2USI	CONVERT	AVX512EVEX	AVX512F_SCALAR	64	62 f1 ff 08 79 00	VCVTSD2USI_GPR64u64_MEMf64_AVX512	6	exact	exact	structural_only	exact	decode_exact	cpu_legality_and_semantics_pending
VCVTSD2USI_GPR64u64_XMMf64_AVX512	VCVTSD2USI	CONVERT	AVX512EVEX	AVX512F_SCALAR	64	62 f1 ff 18 79 c0	VCVTSD2USI_GPR64u64_XMMf64_AVX512	6	exact	exact	structural_only	exact	decode_exact	cpu_legality_and_semantics_pending
VCVTSH2SD_XMMf64_MASKmskw_XMMf64_MEMf16_AVX512	VCVTSH2SD	CONVERT	AVX512EVEX	AVX512_FP16_SCALAR	64	62 f5 7e 09 5a 00	VCVTSH2SD_XMMf64_MASKmskw_XMMf64_MEMf16_AVX512	6	exact	exact	structural_only	exact	decode_exact	cpu_legality_and_semantics_pending
VCVTSH2SD_XMMf64_MASKmskw_XMMf64_XMMf16_AVX512	VCVTSH2SD	CONVERT	AVX512EVEX	AVX512_FP16_SCALAR	64	62 f5 7e 19 5a c0	VCVTSH2SD_XMMf64_MASKmskw_XMMf64_XMMf16_AVX512	6	exact	exact	structural_only	exact	decode_exact	cpu_legality_and_semantics_pending
VCVTSH2SI_GPR32i32_MEMf16_AVX512	VCVTSH2SI	CONVERT	AVX512EVEX	AVX512_FP16_SCALAR	64	62 f5 7e 08 2d 00	VCVTSH2SI_GPR32i32_MEMf16_AVX512	6	exact	exact	structural_only	exact	decode_exact	cpu_legality_and_semantics_pending
VCVTSH2SI_GPR32i32_XMMf16_AVX512	VCVTSH2SI	CONVERT	AVX512EVEX	AVX512_FP16_SCALAR	64	62 f5 7e 18 2d c0	VCVTSH2SI_GPR32i32_XMMf16_AVX512	6	exact	exact	structural_only	exact	decode_exact	cpu_legality_and_semantics_pending
VCVTSH2SI_GPR64i64_MEMf16_AVX512	VCVTSH2SI	CONVERT	AVX512EVEX	AVX512_FP16_SCALAR	64	62 f5 fe 08 2d 00	VCVTSH2SI_GPR64i64_MEMf16_AVX512	6	exact	exact	structural_only	exact	decode_exact	cpu_legality_and_semantics_pending
VCVTSH2SI_GPR64i64_XMMf16_AVX512	VCVTSH2SI	CONVERT	AVX512EVEX	AVX512_FP16_SCALAR	64	62 f5 fe 18 2d c0	VCVTSH2SI_GPR64i64_XMMf16_AVX512	6	exact	exact	structural_only	exact	decode_exact	cpu_legality_and_semantics_pending
VCVTSH2SS_XMMf32_MASKmskw_XMMf32_MEMf16_AVX512	VCVTSH2SS	CONVERT	AVX512EVEX	AVX512_FP16_SCALAR	64	62 f6 7c 09 13 00	VCVTSH2SS_XMMf32_MASKmskw_XMMf32_MEMf16_AVX512	6	exact	exact	structural_only	exact	decode_exact	cpu_legality_and_semantics_pending
VCVTSH2SS_XMMf32_MASKmskw_XMMf32_XMMf16_AVX512	VCVTSH2SS	CONVERT	AVX512EVEX	AVX512_FP16_SCALAR	64	62 f6 7c 19 13 c0	VCVTSH2SS_XMMf32_MASKmskw_XMMf32_XMMf16_AVX512	6	exact	exact	structural_only	exact	decode_exact	cpu_legality_and_semantics_pending
VCVTSH2USI_GPR32u32_MEMf16_AVX512	VCVTSH2USI	CONVERT	AVX512EVEX	AVX512_FP16_SCALAR	64	62 f5 7e 08 79 00	VCVTSH2USI_GPR32u32_MEMf16_AVX512	6	exact	exact	structural_only	exact	decode_exact	cpu_legality_and_semantics_pending
VCVTSH2USI_GPR32u32_XMMf16_AVX512	VCVTSH2USI	CONVERT	AVX512EVEX	AVX512_FP16_SCALAR	64	62 f5 7e 18 79 c0	VCVTSH2USI_GPR32u32_XMMf16_AVX512	6	exact	exact	structural_only	exact	decode_exact	cpu_legality_and_semantics_pending
VCVTSH2USI_GPR64u64_MEMf16_AVX512	VCVTSH2USI	CONVERT	AVX512EVEX	AVX512_FP16_SCALAR	64	62 f5 fe 08 79 00	VCVTSH2USI_GPR64u64_MEMf16_AVX512	6	exact	exact	structural_only	exact	decode_exact	cpu_legality_and_semantics_pending
VCVTSH2USI_GPR64u64_XMMf16_AVX512	VCVTSH2USI	CONVERT	AVX512EVEX	AVX512_FP16_SCALAR	64	62 f5 fe 18 79 c0	VCVTSH2USI_GPR64u64_XMMf16_AVX512	6	exact	exact	structural_only	exact	decode_exact	cpu_legality_and_semantics_pending
VCVTSI2SD_XMMf64_XMMf64_GPR32i32_AVX512	VCVTSI2SD	CONVERT	AVX512EVEX	AVX512F_SCALAR	64	62 f1 7f 08 2a c0	VCVTSI2SD_XMMf64_XMMf64_GPR32i32_AVX512	6	exact	exact	structural_only	exact	decode_exact	cpu_legality_and_semantics_pending
VCVTSI2SD_XMMf64_XMMf64_MEMi32_AVX512	VCVTSI2SD	CONVERT	AVX512EVEX	AVX512F_SCALAR	64	62 f1 7f 08 2a 00	VCVTSI2SD_XMMf64_XMMf64_MEMi32_AVX512	6	exact	exact	structural_only	exact	decode_exact	cpu_legality_and_semantics_pending
VCVTSI2SD_XMMf64_XMMf64_MEMi64_AVX512	VCVTSI2SD	CONVERT	AVX512EVEX	AVX512F_SCALAR	64	62 f1 ff 08 2a 00	VCVTSI2SD_XMMf64_XMMf64_MEMi64_AVX512	6	exact	exact	structural_only	exact	decode_exact	cpu_legality_and_semantics_pending
VCVTSI2SH_XMMf16_XMMf16_GPR64i64_AVX512	VCVTSI2SH	CONVERT	AVX512EVEX	AVX512_FP16_SCALAR	64	62 f5 fe 18 2a c0	VCVTSI2SH_XMMf16_XMMf16_GPR64i64_AVX512	6	exact	exact	structural_only	exact	decode_exact	cpu_legality_and_semantics_pending
VCVTSI2SH_XMMf16_XMMf16_MEMi32_AVX512	VCVTSI2SH	CONVERT	AVX512EVEX	AVX512_FP16_SCALAR	64	62 f5 7e 08 2a 00	VCVTSI2SH_XMMf16_XMMf16_MEMi32_AVX512	6	exact	exact	structural_only	exact	decode_exact	cpu_legality_and_semantics_pending
VCVTSI2SH_XMMf16_XMMf16_MEMi64_AVX512	VCVTSI2SH	CONVERT	AVX512EVEX	AVX512_FP16_SCALAR	64	62 f5 fe 08 2a 00	VCVTSI2SH_XMMf16_XMMf16_MEMi64_AVX512	6	exact	exact	structural_only	exact	decode_exact	cpu_legality_and_semantics_pending
VCVTSI2SS_XMMf32_XMMf32_GPR32i32_AVX512	VCVTSI2SS	CONVERT	AVX512EVEX	AVX512F_SCALAR	64	62 f1 7e 08 2a c0	VCVTSI2SS_XMMf32_XMMf32_GPR32i32_AVX512	6	exact	exact	structural_only	exact	decode_exact	cpu_legality_and_semantics_pending
VCVTSI2SS_XMMf32_XMMf32_GPR64i64_AVX512	VCVTSI2SS	CONVERT	AVX512EVEX	AVX512F_SCALAR	64	62 f1 fe 08 2a c0	VCVTSI2SS_XMMf32_XMMf32_GPR64i64_AVX512	6	exact	exact	structural_only	exact	decode_exact	cpu_legality_and_semantics_pending
VCVTSI2SS_XMMf32_XMMf32_MEMi32_AVX512	VCVTSI2SS	CONVERT	AVX512EVEX	AVX512F_SCALAR	64	62 f1 7e 08 2a 00	VCVTSI2SS_XMMf32_XMMf32_MEMi32_AVX512	6	exact	exact	structural_only	exact	decode_exact	cpu_legality_and_semantics_pending
VCVTSI2SS_XMMf32_XMMf32_MEMi64_AVX512	VCVTSI2SS	CONVERT	AVX512EVEX	AVX512F_SCALAR	64	62 f1 fe 08 2a 00	VCVTSI2SS_XMMf32_XMMf32_MEMi64_AVX512	6	exact	exact	structural_only	exact	decode_exact	cpu_legality_and_semantics_pending
VCVTSS2SH_XMMf16_MASKmskw_XMMf16_MEMf32_AVX512	VCVTSS2SH	CONVERT	AVX512EVEX	AVX512_FP16_SCALAR	64	62 f5 7c 09 1d 00	VCVTSS2SH_XMMf16_MASKmskw_XMMf16_MEMf32_AVX512	6	exact	exact	structural_only	exact	decode_exact	cpu_legality_and_semantics_pending
VCVTSS2SH_XMMf16_MASKmskw_XMMf16_XMMf32_AVX512	VCVTSS2SH	CONVERT	AVX512EVEX	AVX512_FP16_SCALAR	64	62 f5 7c 09 1d c0	VCVTSS2SH_XMMf16_MASKmskw_XMMf16_XMMf32_AVX512	6	exact	exact	structural_only	exact	decode_exact	cpu_legality_and_semantics_pending
VCVTSS2SI_GPR32i32_MEMf32_AVX512	VCVTSS2SI	CONVERT	AVX512EVEX	AVX512F_SCALAR	64	62 f1 7e 08 2d 00	VCVTSS2SI_GPR32i32_MEMf32_AVX512	6	exact	exact	structural_only	exact	decode_exact	cpu_legality_and_semantics_pending
VCVTSS2SI_GPR32i32_XMMf32_AVX512	VCVTSS2SI	CONVERT	AVX512EVEX	AVX512F_SCALAR	64	62 f1 7e 18 2d c0	VCVTSS2SI_GPR32i32_XMMf32_AVX512	6	exact	exact	structural_only	exact	decode_exact	cpu_legality_and_semantics_pending
VCVTSS2SI_GPR64i64_MEMf32_AVX512	VCVTSS2SI	CONVERT	AVX512EVEX	AVX512F_SCALAR	64	62 f1 fe 08 2d 00	VCVTSS2SI_GPR64i64_MEMf32_AVX512	6	exact	exact	structural_only	exact	decode_exact	cpu_legality_and_semantics_pending
VCVTSS2SI_GPR64i64_XMMf32_AVX512	VCVTSS2SI	CONVERT	AVX512EVEX	AVX512F_SCALAR	64	62 f1 fe 18 2d c0	VCVTSS2SI_GPR64i64_XMMf32_AVX512	6	exact	exact	structural_only	exact	decode_exact	cpu_legality_and_semantics_pending
VCVTSS2USI_GPR32u32_MEMf32_AVX512	VCVTSS2USI	CONVERT	AVX512EVEX	AVX512F_SCALAR	64	62 f1 7e 08 79 00	VCVTSS2USI_GPR32u32_MEMf32_AVX512	6	exact	exact	structural_only	exact	decode_exact	cpu_legality_and_semantics_pending
VCVTSS2USI_GPR32u32_XMMf32_AVX512	VCVTSS2USI	CONVERT	AVX512EVEX	AVX512F_SCALAR	64	62 f1 7e 08 79 c0	VCVTSS2USI_GPR32u32_XMMf32_AVX512	6	exact	exact	structural_only	exact	decode_exact	cpu_legality_and_semantics_pending
VCVTSS2USI_GPR64u64_MEMf32_AVX512	VCVTSS2USI	CONVERT	AVX512EVEX	AVX512F_SCALAR	64	62 f1 fe 08 79 00	VCVTSS2USI_GPR64u64_MEMf32_AVX512	6	exact	exact	structural_only	exact	decode_exact	cpu_legality_and_semantics_pending
VCVTSS2USI_GPR64u64_XMMf32_AVX512	VCVTSS2USI	CONVERT	AVX512EVEX	AVX512F_SCALAR	64	62 f1 fe 08 79 c0	VCVTSS2USI_GPR64u64_XMMf32_AVX512	6	exact	exact	structural_only	exact	decode_exact	cpu_legality_and_semantics_pending
VCVTTBF162IBS_XMMi8_MASKmskw_MEMbf16_AVX512	VCVTTBF162IBS	CONVERT	AVX512EVEX	AVX512_SAT_CVT_128	64	62 f5 7f 09 68 00	VCVTTBF162IBS_XMMi8_MASKmskw_MEMbf16_AVX512	6	exact	exact	structural_only	exact	decode_exact	cpu_legality_and_semantics_pending
VCVTTBF162IBS_XMMi8_MASKmskw_XMMbf16_AVX512	VCVTTBF162IBS	CONVERT	AVX512EVEX	AVX512_SAT_CVT_128	64	62 f5 7f 09 68 c0	VCVTTBF162IBS_XMMi8_MASKmskw_XMMbf16_AVX512	6	exact	exact	structural_only	exact	decode_exact	cpu_legality_and_semantics_pending
VCVTTBF162IBS_YMMi8_MASKmskw_MEMbf16_AVX512	VCVTTBF162IBS	CONVERT	AVX512EVEX	AVX512_SAT_CVT_256	64	62 f5 7f 29 68 00	VCVTTBF162IBS_YMMi8_MASKmskw_MEMbf16_AVX512	6	exact	exact	structural_only	exact	decode_exact	cpu_legality_and_semantics_pending
VCVTTBF162IBS_YMMi8_MASKmskw_YMMbf16_AVX512	VCVTTBF162IBS	CONVERT	AVX512EVEX	AVX512_SAT_CVT_256	64	62 f5 7f 29 68 c0	VCVTTBF162IBS_YMMi8_MASKmskw_YMMbf16_AVX512	6	exact	exact	structural_only	exact	decode_exact	cpu_legality_and_semantics_pending
VCVTTBF162IBS_ZMMi8_MASKmskw_MEMbf16_AVX512	VCVTTBF162IBS	CONVERT	AVX512EVEX	AVX512_SAT_CVT_512	64	62 f5 7f 49 68 00	VCVTTBF162IBS_ZMMi8_MASKmskw_MEMbf16_AVX512	6	exact	exact	structural_only	exact	decode_exact	cpu_legality_and_semantics_pending
VCVTTBF162IBS_ZMMi8_MASKmskw_ZMMbf16_AVX512	VCVTTBF162IBS	CONVERT	AVX512EVEX	AVX512_SAT_CVT_512	64	62 f5 7f 49 68 c0	VCVTTBF162IBS_ZMMi8_MASKmskw_ZMMbf16_AVX512	6	exact	exact	structural_only	exact	decode_exact	cpu_legality_and_semantics_pending
VCVTTBF162IUBS_XMMu8_MASKmskw_MEMbf16_AVX512	VCVTTBF162IUBS	CONVERT	AVX512EVEX	AVX512_SAT_CVT_128	64	62 f5 7f 09 6a 00	VCVTTBF162IUBS_XMMu8_MASKmskw_MEMbf16_AVX512	6	exact	exact	structural_only	exact	decode_exact	cpu_legality_and_semantics_pending
VCVTTBF162IUBS_XMMu8_MASKmskw_XMMbf16_AVX512	VCVTTBF162IUBS	CONVERT	AVX512EVEX	AVX512_SAT_CVT_128	64	62 f5 7f 09 6a c0	VCVTTBF162IUBS_XMMu8_MASKmskw_XMMbf16_AVX512	6	exact	exact	structural_only	exact	decode_exact	cpu_legality_and_semantics_pending
VCVTTBF162IUBS_YMMu8_MASKmskw_MEMbf16_AVX512	VCVTTBF162IUBS	CONVERT	AVX512EVEX	AVX512_SAT_CVT_256	64	62 f5 7f 29 6a 00	VCVTTBF162IUBS_YMMu8_MASKmskw_MEMbf16_AVX512	6	exact	exact	structural_only	exact	decode_exact	cpu_legality_and_semantics_pending
VCVTTBF162IUBS_YMMu8_MASKmskw_YMMbf16_AVX512	VCVTTBF162IUBS	CONVERT	AVX512EVEX	AVX512_SAT_CVT_256	64	62 f5 7f 29 6a c0	VCVTTBF162IUBS_YMMu8_MASKmskw_YMMbf16_AVX512	6	exact	exact	structural_only	exact	decode_exact	cpu_legality_and_semantics_pending
VCVTTBF162IUBS_ZMMu8_MASKmskw_MEMbf16_AVX512	VCVTTBF162IUBS	CONVERT	AVX512EVEX	AVX512_SAT_CVT_512	64	62 f5 7f 49 6a 00	VCVTTBF162IUBS_ZMMu8_MASKmskw_MEMbf16_AVX512	6	exact	exact	structural_only	exact	decode_exact	cpu_legality_and_semantics_pending
VCVTTBF162IUBS_ZMMu8_MASKmskw_ZMMbf16_AVX512	VCVTTBF162IUBS	CONVERT	AVX512EVEX	AVX512_SAT_CVT_512	64	62 f5 7f 59 6a c0	VCVTTBF162IUBS_ZMMu8_MASKmskw_ZMMbf16_AVX512	6	exact	exact	structural_only	exact	decode_exact	cpu_legality_and_semantics_pending
VCVTTPD2DQS_XMMi32_MASKmskw_MEMf64_AVX512_VL128	VCVTTPD2DQS	CONVERT	AVX512EVEX	AVX512_SAT_CVT_DS_128	64	62 f5 fc 09 6d 00	VCVTTPD2DQS_XMMi32_MASKmskw_MEMf64_AVX512_VL128	6	exact	exact	structural_only	exact	decode_exact	cpu_legality_and_semantics_pending
VCVTTPD2DQS_XMMi32_MASKmskw_MEMf64_AVX512_VL256	VCVTTPD2DQS	CONVERT	AVX512EVEX	AVX512_SAT_CVT_DS_256	64	62 f5 fc 29 6d 00	VCVTTPD2DQS_XMMi32_MASKmskw_MEMf64_AVX512_VL256	6	exact	exact	structural_only	exact	decode_exact	cpu_legality_and_semantics_pending
VCVTTPD2DQS_XMMi32_MASKmskw_XMMf64_AVX512	VCVTTPD2DQS	CONVERT	AVX512EVEX	AVX512_SAT_CVT_DS_128	64	62 f5 fc 09 6d c0	VCVTTPD2DQS_XMMi32_MASKmskw_XMMf64_AVX512	6	exact	exact	structural_only	exact	decode_exact	cpu_legality_and_semantics_pending
VCVTTPD2DQS_XMMi32_MASKmskw_YMMf64_AVX512	VCVTTPD2DQS	CONVERT	AVX512EVEX	AVX512_SAT_CVT_DS_256	64	62 f5 fc 29 6d c0	VCVTTPD2DQS_XMMi32_MASKmskw_YMMf64_AVX512	6	exact	exact	structural_only	exact	decode_exact	cpu_legality_and_semantics_pending
VCVTTPD2DQS_YMMi32_MASKmskw_MEMf64_AVX512_VL512	VCVTTPD2DQS	CONVERT	AVX512EVEX	AVX512_SAT_CVT_DS_512	64	62 f5 fc 49 6d 00	VCVTTPD2DQS_YMMi32_MASKmskw_MEMf64_AVX512_VL512	6	exact	exact	structural_only	exact	decode_exact	cpu_legality_and_semantics_pending
VCVTTPD2DQS_YMMi32_MASKmskw_ZMMf64_AVX512	VCVTTPD2DQS	CONVERT	AVX512EVEX	AVX512_SAT_CVT_DS_512	64	62 f5 fc 49 6d c0	VCVTTPD2DQS_YMMi32_MASKmskw_ZMMf64_AVX512	6	exact	exact	structural_only	exact	decode_exact	cpu_legality_and_semantics_pending
VCVTTPD2QQS_XMMi64_MASKmskw_MEMf64_AVX512	VCVTTPD2QQS	CONVERT	AVX512EVEX	AVX512_SAT_CVT_DS_128	64	62 f5 fd 09 6d 00	VCVTTPD2QQS_XMMi64_MASKmskw_MEMf64_AVX512	6	exact	exact	structural_only	exact	decode_exact	cpu_legality_and_semantics_pending
VCVTTPD2QQS_XMMi64_MASKmskw_XMMf64_AVX512	VCVTTPD2QQS	CONVERT	AVX512EVEX	AVX512_SAT_CVT_DS_128	64	62 f5 fd 09 6d c0	VCVTTPD2QQS_XMMi64_MASKmskw_XMMf64_AVX512	6	exact	exact	structural_only	exact	decode_exact	cpu_legality_and_semantics_pending
VCVTTPD2QQS_YMMi64_MASKmskw_MEMf64_AVX512	VCVTTPD2QQS	CONVERT	AVX512EVEX	AVX512_SAT_CVT_DS_256	64	62 f5 fd 29 6d 00	VCVTTPD2QQS_YMMi64_MASKmskw_MEMf64_AVX512	6	exact	exact	structural_only	exact	decode_exact	cpu_legality_and_semantics_pending
VCVTTPD2QQS_YMMi64_MASKmskw_YMMf64_AVX512	VCVTTPD2QQS	CONVERT	AVX512EVEX	AVX512_SAT_CVT_DS_256	64	62 f5 fd 29 6d c0	VCVTTPD2QQS_YMMi64_MASKmskw_YMMf64_AVX512	6	exact	exact	structural_only	exact	decode_exact	cpu_legality_and_semantics_pending
VCVTTPD2QQS_ZMMi64_MASKmskw_MEMf64_AVX512	VCVTTPD2QQS	CONVERT	AVX512EVEX	AVX512_SAT_CVT_DS_512	64	62 f5 fd 49 6d 00	VCVTTPD2QQS_ZMMi64_MASKmskw_MEMf64_AVX512	6	exact	exact	structural_only	exact	decode_exact	cpu_legality_and_semantics_pending
VCVTTPD2QQS_ZMMi64_MASKmskw_ZMMf64_AVX512	VCVTTPD2QQS	CONVERT	AVX512EVEX	AVX512_SAT_CVT_DS_512	64	62 f5 fd 59 6d c0	VCVTTPD2QQS_ZMMi64_MASKmskw_ZMMf64_AVX512	6	exact	exact	structural_only	exact	decode_exact	cpu_legality_and_semantics_pending
VCVTTPD2QQ_XMMi64_MASKmskw_MEMf64_AVX512	VCVTTPD2QQ	CONVERT	AVX512EVEX	AVX512DQ_128	64	62 f1 fd 09 7a 00	VCVTTPD2QQ_XMMi64_MASKmskw_MEMf64_AVX512	6	exact	exact	structural_only	exact	decode_exact	cpu_legality_and_semantics_pending
VCVTTPD2QQ_XMMi64_MASKmskw_XMMf64_AVX512	VCVTTPD2QQ	CONVERT	AVX512EVEX	AVX512DQ_128	64	62 f1 fd 09 7a c0	VCVTTPD2QQ_XMMi64_MASKmskw_XMMf64_AVX512	6	exact	exact	structural_only	exact	decode_exact	cpu_legality_and_semantics_pending
VCVTTPD2QQ_YMMi64_MASKmskw_MEMf64_AVX512	VCVTTPD2QQ	CONVERT	AVX512EVEX	AVX512DQ_256	64	62 f1 fd 29 7a 00	VCVTTPD2QQ_YMMi64_MASKmskw_MEMf64_AVX512	6	exact	exact	structural_only	exact	decode_exact	cpu_legality_and_semantics_pending
VCVTTPD2QQ_YMMi64_MASKmskw_YMMf64_AVX512	VCVTTPD2QQ	CONVERT	AVX512EVEX	AVX512DQ_256	64	62 f1 fd 29 7a c0	VCVTTPD2QQ_YMMi64_MASKmskw_YMMf64_AVX512	6	exact	exact	structural_only	exact	decode_exact	cpu_legality_and_semantics_pending
VCVTTPD2QQ_ZMMi64_MASKmskw_MEMf64_AVX512	VCVTTPD2QQ	CONVERT	AVX512EVEX	AVX512DQ_512	64	62 f1 fd 49 7a 00	VCVTTPD2QQ_ZMMi64_MASKmskw_MEMf64_AVX512	6	exact	exact	structural_only	exact	decode_exact	cpu_legality_and_semantics_pending
VCVTTPD2QQ_ZMMi64_MASKmskw_ZMMf64_AVX512	VCVTTPD2QQ	CONVERT	AVX512EVEX	AVX512DQ_512	64	62 f1 fd 59 7a c0	VCVTTPD2QQ_ZMMi64_MASKmskw_ZMMf64_AVX512	6	exact	exact	structural_only	exact	decode_exact	cpu_legality_and_semantics_pending
VCVTTPD2UDQS_XMMu32_MASKmskw_MEMf64_AVX512_VL128	VCVTTPD2UDQS	CONVERT	AVX512EVEX	AVX512_SAT_CVT_DS_128	64	62 f5 fc 09 6c 00	VCVTTPD2UDQS_XMMu32_MASKmskw_MEMf64_AVX512_VL128	6	exact	exact	structural_only	exact	decode_exact	cpu_legality_and_semantics_pending
VCVTTPD2UDQS_XMMu32_MASKmskw_MEMf64_AVX512_VL256	VCVTTPD2UDQS	CONVERT	AVX512EVEX	AVX512_SAT_CVT_DS_256	64	62 f5 fc 29 6c 00	VCVTTPD2UDQS_XMMu32_MASKmskw_MEMf64_AVX512_VL256	6	exact	exact	structural_only	exact	decode_exact	cpu_legality_and_semantics_pending
VCVTTPD2UDQS_XMMu32_MASKmskw_XMMf64_AVX512	VCVTTPD2UDQS	CONVERT	AVX512EVEX	AVX512_SAT_CVT_DS_128	64	62 f5 fc 09 6c c0	VCVTTPD2UDQS_XMMu32_MASKmskw_XMMf64_AVX512	6	exact	exact	structural_only	exact	decode_exact	cpu_legality_and_semantics_pending
VCVTTPD2UDQS_XMMu32_MASKmskw_YMMf64_AVX512	VCVTTPD2UDQS	CONVERT	AVX512EVEX	AVX512_SAT_CVT_DS_256	64	62 f5 fc 29 6c c0	VCVTTPD2UDQS_XMMu32_MASKmskw_YMMf64_AVX512	6	exact	exact	structural_only	exact	decode_exact	cpu_legality_and_semantics_pending
VCVTTPD2UDQS_YMMu32_MASKmskw_MEMf64_AVX512_VL512	VCVTTPD2UDQS	CONVERT	AVX512EVEX	AVX512_SAT_CVT_DS_512	64	62 f5 fc 49 6c 00	VCVTTPD2UDQS_YMMu32_MASKmskw_MEMf64_AVX512_VL512	6	exact	exact	structural_only	exact	decode_exact	cpu_legality_and_semantics_pending
VCVTTPD2UDQS_YMMu32_MASKmskw_ZMMf64_AVX512	VCVTTPD2UDQS	CONVERT	AVX512EVEX	AVX512_SAT_CVT_DS_512	64	62 f5 fc 49 6c c0	VCVTTPD2UDQS_YMMu32_MASKmskw_ZMMf64_AVX512	6	exact	exact	structural_only	exact	decode_exact	cpu_legality_and_semantics_pending
VCVTTPD2UDQ_XMMu32_MASKmskw_MEMf64_AVX512_VL128	VCVTTPD2UDQ	CONVERT	AVX512EVEX	AVX512F_128	64	62 f1 fc 09 78 00	VCVTTPD2UDQ_XMMu32_MASKmskw_MEMf64_AVX512_VL128	6	exact	exact	structural_only	exact	decode_exact	cpu_legality_and_semantics_pending
VCVTTPD2UDQ_XMMu32_MASKmskw_MEMf64_AVX512_VL256	VCVTTPD2UDQ	CONVERT	AVX512EVEX	AVX512F_256	64	62 f1 fc 29 78 00	VCVTTPD2UDQ_XMMu32_MASKmskw_MEMf64_AVX512_VL256	6	exact	exact	structural_only	exact	decode_exact	cpu_legality_and_semantics_pending
VCVTTPD2UDQ_XMMu32_MASKmskw_XMMf64_AVX512_VL128	VCVTTPD2UDQ	CONVERT	AVX512EVEX	AVX512F_128	64	62 f1 fc 09 78 c0	VCVTTPD2UDQ_XMMu32_MASKmskw_XMMf64_AVX512_VL128	6	exact	exact	structural_only	exact	decode_exact	cpu_legality_and_semantics_pending
VCVTTPD2UDQ_XMMu32_MASKmskw_YMMf64_AVX512_VL256	VCVTTPD2UDQ	CONVERT	AVX512EVEX	AVX512F_256	64	62 f1 fc 29 78 c0	VCVTTPD2UDQ_XMMu32_MASKmskw_YMMf64_AVX512_VL256	6	exact	exact	structural_only	exact	decode_exact	cpu_legality_and_semantics_pending
VCVTTPD2UDQ_YMMu32_MASKmskw_MEMf64_AVX512_VL512	VCVTTPD2UDQ	CONVERT	AVX512EVEX	AVX512F_512	64	62 f1 fc 49 78 00	VCVTTPD2UDQ_YMMu32_MASKmskw_MEMf64_AVX512_VL512	6	exact	exact	structural_only	exact	decode_exact	cpu_legality_and_semantics_pending
VCVTTPD2UDQ_YMMu32_MASKmskw_ZMMf64_AVX512_VL512	VCVTTPD2UDQ	CONVERT	AVX512EVEX	AVX512F_512	64	62 f1 fc 59 78 c0	VCVTTPD2UDQ_YMMu32_MASKmskw_ZMMf64_AVX512_VL512	6	exact	exact	structural_only	exact	decode_exact	cpu_legality_and_semantics_pending
VCVTTPD2UQQS_XMMu64_MASKmskw_MEMf64_AVX512	VCVTTPD2UQQS	CONVERT	AVX512EVEX	AVX512_SAT_CVT_DS_128	64	62 f5 fd 09 6c 00	VCVTTPD2UQQS_XMMu64_MASKmskw_MEMf64_AVX512	6	exact	exact	structural_only	exact	decode_exact	cpu_legality_and_semantics_pending
VCVTTPD2UQQS_XMMu64_MASKmskw_XMMf64_AVX512	VCVTTPD2UQQS	CONVERT	AVX512EVEX	AVX512_SAT_CVT_DS_128	64	62 f5 fd 09 6c c0	VCVTTPD2UQQS_XMMu64_MASKmskw_XMMf64_AVX512	6	exact	exact	structural_only	exact	decode_exact	cpu_legality_and_semantics_pending
VCVTTPD2UQQS_YMMu64_MASKmskw_MEMf64_AVX512	VCVTTPD2UQQS	CONVERT	AVX512EVEX	AVX512_SAT_CVT_DS_256	64	62 f5 fd 29 6c 00	VCVTTPD2UQQS_YMMu64_MASKmskw_MEMf64_AVX512	6	exact	exact	structural_only	exact	decode_exact	cpu_legality_and_semantics_pending
VCVTTPD2UQQS_YMMu64_MASKmskw_YMMf64_AVX512	VCVTTPD2UQQS	CONVERT	AVX512EVEX	AVX512_SAT_CVT_DS_256	64	62 f5 fd 29 6c c0	VCVTTPD2UQQS_YMMu64_MASKmskw_YMMf64_AVX512	6	exact	exact	structural_only	exact	decode_exact	cpu_legality_and_semantics_pending
VCVTTPD2UQQS_ZMMu64_MASKmskw_MEMf64_AVX512	VCVTTPD2UQQS	CONVERT	AVX512EVEX	AVX512_SAT_CVT_DS_512	64	62 f5 fd 49 6c 00	VCVTTPD2UQQS_ZMMu64_MASKmskw_MEMf64_AVX512	6	exact	exact	structural_only	exact	decode_exact	cpu_legality_and_semantics_pending
VCVTTPD2UQQS_ZMMu64_MASKmskw_ZMMf64_AVX512	VCVTTPD2UQQS	CONVERT	AVX512EVEX	AVX512_SAT_CVT_DS_512	64	62 f5 fd 59 6c c0	VCVTTPD2UQQS_ZMMu64_MASKmskw_ZMMf64_AVX512	6	exact	exact	structural_only	exact	decode_exact	cpu_legality_and_semantics_pending
VCVTTPD2UQQ_XMMu64_MASKmskw_MEMf64_AVX512	VCVTTPD2UQQ	CONVERT	AVX512EVEX	AVX512DQ_128	64	62 f1 fd 09 78 00	VCVTTPD2UQQ_XMMu64_MASKmskw_MEMf64_AVX512	6	exact	exact	structural_only	exact	decode_exact	cpu_legality_and_semantics_pending
VCVTTPD2UQQ_XMMu64_MASKmskw_XMMf64_AVX512	VCVTTPD2UQQ	CONVERT	AVX512EVEX	AVX512DQ_128	64	62 f1 fd 09 78 c0	VCVTTPD2UQQ_XMMu64_MASKmskw_XMMf64_AVX512	6	exact	exact	structural_only	exact	decode_exact	cpu_legality_and_semantics_pending
VCVTTPD2UQQ_YMMu64_MASKmskw_MEMf64_AVX512	VCVTTPD2UQQ	CONVERT	AVX512EVEX	AVX512DQ_256	64	62 f1 fd 29 78 00	VCVTTPD2UQQ_YMMu64_MASKmskw_MEMf64_AVX512	6	exact	exact	structural_only	exact	decode_exact	cpu_legality_and_semantics_pending
VCVTTPD2UQQ_YMMu64_MASKmskw_YMMf64_AVX512	VCVTTPD2UQQ	CONVERT	AVX512EVEX	AVX512DQ_256	64	62 f1 fd 29 78 c0	VCVTTPD2UQQ_YMMu64_MASKmskw_YMMf64_AVX512	6	exact	exact	structural_only	exact	decode_exact	cpu_legality_and_semantics_pending
VCVTTPD2UQQ_ZMMu64_MASKmskw_MEMf64_AVX512	VCVTTPD2UQQ	CONVERT	AVX512EVEX	AVX512DQ_512	64	62 f1 fd 49 78 00	VCVTTPD2UQQ_ZMMu64_MASKmskw_MEMf64_AVX512	6	exact	exact	structural_only	exact	decode_exact	cpu_legality_and_semantics_pending
VCVTTPD2UQQ_ZMMu64_MASKmskw_ZMMf64_AVX512	VCVTTPD2UQQ	CONVERT	AVX512EVEX	AVX512DQ_512	64	62 f1 fd 49 78 c0	VCVTTPD2UQQ_ZMMu64_MASKmskw_ZMMf64_AVX512	6	exact	exact	structural_only	exact	decode_exact	cpu_legality_and_semantics_pending
VCVTTPH2DQ_XMMi32_MASKmskw_MEMf16_AVX512	VCVTTPH2DQ	CONVERT	AVX512EVEX	AVX512_FP16_128	64	62 f5 7e 09 5b 00	VCVTTPH2DQ_XMMi32_MASKmskw_MEMf16_AVX512	6	exact	exact	structural_only	exact	decode_exact	cpu_legality_and_semantics_pending
VCVTTPH2DQ_XMMi32_MASKmskw_XMMf16_AVX512	VCVTTPH2DQ	CONVERT	AVX512EVEX	AVX512_FP16_128	64	62 f5 7e 09 5b c0	VCVTTPH2DQ_XMMi32_MASKmskw_XMMf16_AVX512	6	exact	exact	structural_only	exact	decode_exact	cpu_legality_and_semantics_pending
VCVTTPH2DQ_YMMi32_MASKmskw_MEMf16_AVX512	VCVTTPH2DQ	CONVERT	AVX512EVEX	AVX512_FP16_256	64	62 f5 7e 29 5b 00	VCVTTPH2DQ_YMMi32_MASKmskw_MEMf16_AVX512	6	exact	exact	structural_only	exact	decode_exact	cpu_legality_and_semantics_pending
VCVTTPH2DQ_YMMi32_MASKmskw_XMMf16_AVX512	VCVTTPH2DQ	CONVERT	AVX512EVEX	AVX512_FP16_256	64	62 f5 7e 29 5b c0	VCVTTPH2DQ_YMMi32_MASKmskw_XMMf16_AVX512	6	exact	exact	structural_only	exact	decode_exact	cpu_legality_and_semantics_pending
VCVTTPH2DQ_ZMMi32_MASKmskw_MEMf16_AVX512	VCVTTPH2DQ	CONVERT	AVX512EVEX	AVX512_FP16_512	64	62 f5 7e 49 5b 00	VCVTTPH2DQ_ZMMi32_MASKmskw_MEMf16_AVX512	6	exact	exact	structural_only	exact	decode_exact	cpu_legality_and_semantics_pending
VCVTTPH2DQ_ZMMi32_MASKmskw_YMMf16_AVX512	VCVTTPH2DQ	CONVERT	AVX512EVEX	AVX512_FP16_512	64	62 f5 7e 59 5b c0	VCVTTPH2DQ_ZMMi32_MASKmskw_YMMf16_AVX512	6	exact	exact	structural_only	exact	decode_exact	cpu_legality_and_semantics_pending
VCVTTPH2IBS_XMMi8_MASKmskw_MEMf16_AVX512	VCVTTPH2IBS	CONVERT	AVX512EVEX	AVX512_SAT_CVT_128	64	62 f5 7c 09 68 00	VCVTTPH2IBS_XMMi8_MASKmskw_MEMf16_AVX512	6	exact	exact	structural_only	exact	decode_exact	cpu_legality_and_semantics_pending
VCVTTPH2IBS_XMMi8_MASKmskw_XMMf16_AVX512	VCVTTPH2IBS	CONVERT	AVX512EVEX	AVX512_SAT_CVT_128	64	62 f5 7c 09 68 c0	VCVTTPH2IBS_XMMi8_MASKmskw_XMMf16_AVX512	6	exact	exact	structural_only	exact	decode_exact	cpu_legality_and_semantics_pending
VCVTTPH2IBS_YMMi8_MASKmskw_MEMf16_AVX512	VCVTTPH2IBS	CONVERT	AVX512EVEX	AVX512_SAT_CVT_256	64	62 f5 7c 29 68 00	VCVTTPH2IBS_YMMi8_MASKmskw_MEMf16_AVX512	6	exact	exact	structural_only	exact	decode_exact	cpu_legality_and_semantics_pending
VCVTTPH2IBS_YMMi8_MASKmskw_YMMf16_AVX512	VCVTTPH2IBS	CONVERT	AVX512EVEX	AVX512_SAT_CVT_256	64	62 f5 7c 29 68 c0	VCVTTPH2IBS_YMMi8_MASKmskw_YMMf16_AVX512	6	exact	exact	structural_only	exact	decode_exact	cpu_legality_and_semantics_pending
VCVTTPH2IBS_ZMMi8_MASKmskw_MEMf16_AVX512	VCVTTPH2IBS	CONVERT	AVX512EVEX	AVX512_SAT_CVT_512	64	62 f5 7c 49 68 00	VCVTTPH2IBS_ZMMi8_MASKmskw_MEMf16_AVX512	6	exact	exact	structural_only	exact	decode_exact	cpu_legality_and_semantics_pending
VCVTTPH2IBS_ZMMi8_MASKmskw_ZMMf16_AVX512	VCVTTPH2IBS	CONVERT	AVX512EVEX	AVX512_SAT_CVT_512	64	62 f5 7c 49 68 c0	VCVTTPH2IBS_ZMMi8_MASKmskw_ZMMf16_AVX512	6	exact	exact	structural_only	exact	decode_exact	cpu_legality_and_semantics_pending
VCVTTPH2IUBS_XMMu8_MASKmskw_MEMf16_AVX512	VCVTTPH2IUBS	CONVERT	AVX512EVEX	AVX512_SAT_CVT_128	64	62 f5 7c 09 6a 00	VCVTTPH2IUBS_XMMu8_MASKmskw_MEMf16_AVX512	6	exact	exact	structural_only	exact	decode_exact	cpu_legality_and_semantics_pending
VCVTTPH2IUBS_XMMu8_MASKmskw_XMMf16_AVX512	VCVTTPH2IUBS	CONVERT	AVX512EVEX	AVX512_SAT_CVT_128	64	62 f5 7c 09 6a c0	VCVTTPH2IUBS_XMMu8_MASKmskw_XMMf16_AVX512	6	exact	exact	structural_only	exact	decode_exact	cpu_legality_and_semantics_pending
VCVTTPH2IUBS_YMMu8_MASKmskw_MEMf16_AVX512	VCVTTPH2IUBS	CONVERT	AVX512EVEX	AVX512_SAT_CVT_256	64	62 f5 7c 29 6a 00	VCVTTPH2IUBS_YMMu8_MASKmskw_MEMf16_AVX512	6	exact	exact	structural_only	exact	decode_exact	cpu_legality_and_semantics_pending
VCVTTPH2IUBS_YMMu8_MASKmskw_YMMf16_AVX512	VCVTTPH2IUBS	CONVERT	AVX512EVEX	AVX512_SAT_CVT_256	64	62 f5 7c 29 6a c0	VCVTTPH2IUBS_YMMu8_MASKmskw_YMMf16_AVX512	6	exact	exact	structural_only	exact	decode_exact	cpu_legality_and_semantics_pending
VCVTTPH2IUBS_ZMMu8_MASKmskw_MEMf16_AVX512	VCVTTPH2IUBS	CONVERT	AVX512EVEX	AVX512_SAT_CVT_512	64	62 f5 7c 49 6a 00	VCVTTPH2IUBS_ZMMu8_MASKmskw_MEMf16_AVX512	6	exact	exact	structural_only	exact	decode_exact	cpu_legality_and_semantics_pending
VCVTTPH2IUBS_ZMMu8_MASKmskw_ZMMf16_AVX512	VCVTTPH2IUBS	CONVERT	AVX512EVEX	AVX512_SAT_CVT_512	64	62 f5 7c 59 6a c0	VCVTTPH2IUBS_ZMMu8_MASKmskw_ZMMf16_AVX512	6	exact	exact	structural_only	exact	decode_exact	cpu_legality_and_semantics_pending
VCVTTPH2QQ_XMMi64_MASKmskw_MEMf16_AVX512	VCVTTPH2QQ	CONVERT	AVX512EVEX	AVX512_FP16_128	64	62 f5 7d 09 7a 00	VCVTTPH2QQ_XMMi64_MASKmskw_MEMf16_AVX512	6	exact	exact	structural_only	exact	decode_exact	cpu_legality_and_semantics_pending
VCVTTPH2QQ_XMMi64_MASKmskw_XMMf16_AVX512	VCVTTPH2QQ	CONVERT	AVX512EVEX	AVX512_FP16_128	64	62 f5 7d 09 7a c0	VCVTTPH2QQ_XMMi64_MASKmskw_XMMf16_AVX512	6	exact	exact	structural_only	exact	decode_exact	cpu_legality_and_semantics_pending
VCVTTPH2QQ_YMMi64_MASKmskw_MEMf16_AVX512	VCVTTPH2QQ	CONVERT	AVX512EVEX	AVX512_FP16_256	64	62 f5 7d 29 7a 00	VCVTTPH2QQ_YMMi64_MASKmskw_MEMf16_AVX512	6	exact	exact	structural_only	exact	decode_exact	cpu_legality_and_semantics_pending
VCVTTPH2QQ_YMMi64_MASKmskw_XMMf16_AVX512	VCVTTPH2QQ	CONVERT	AVX512EVEX	AVX512_FP16_256	64	62 f5 7d 29 7a c0	VCVTTPH2QQ_YMMi64_MASKmskw_XMMf16_AVX512	6	exact	exact	structural_only	exact	decode_exact	cpu_legality_and_semantics_pending
VCVTTPH2QQ_ZMMi64_MASKmskw_MEMf16_AVX512	VCVTTPH2QQ	CONVERT	AVX512EVEX	AVX512_FP16_512	64	62 f5 7d 49 7a 00	VCVTTPH2QQ_ZMMi64_MASKmskw_MEMf16_AVX512	6	exact	exact	structural_only	exact	decode_exact	cpu_legality_and_semantics_pending
VCVTTPH2QQ_ZMMi64_MASKmskw_XMMf16_AVX512	VCVTTPH2QQ	CONVERT	AVX512EVEX	AVX512_FP16_512	64	62 f5 7d 49 7a c0	VCVTTPH2QQ_ZMMi64_MASKmskw_XMMf16_AVX512	6	exact	exact	structural_only	exact	decode_exact	cpu_legality_and_semantics_pending
VCVTTPH2UDQ_XMMu32_MASKmskw_MEMf16_AVX512	VCVTTPH2UDQ	CONVERT	AVX512EVEX	AVX512_FP16_128	64	62 f5 7c 09 78 00	VCVTTPH2UDQ_XMMu32_MASKmskw_MEMf16_AVX512	6	exact	exact	structural_only	exact	decode_exact	cpu_legality_and_semantics_pending
VCVTTPH2UDQ_XMMu32_MASKmskw_XMMf16_AVX512	VCVTTPH2UDQ	CONVERT	AVX512EVEX	AVX512_FP16_128	64	62 f5 7c 09 78 c0	VCVTTPH2UDQ_XMMu32_MASKmskw_XMMf16_AVX512	6	exact	exact	structural_only	exact	decode_exact	cpu_legality_and_semantics_pending
VCVTTPH2UDQ_YMMu32_MASKmskw_MEMf16_AVX512	VCVTTPH2UDQ	CONVERT	AVX512EVEX	AVX512_FP16_256	64	62 f5 7c 29 78 00	VCVTTPH2UDQ_YMMu32_MASKmskw_MEMf16_AVX512	6	exact	exact	structural_only	exact	decode_exact	cpu_legality_and_semantics_pending
VCVTTPH2UDQ_YMMu32_MASKmskw_XMMf16_AVX512	VCVTTPH2UDQ	CONVERT	AVX512EVEX	AVX512_FP16_256	64	62 f5 7c 29 78 c0	VCVTTPH2UDQ_YMMu32_MASKmskw_XMMf16_AVX512	6	exact	exact	structural_only	exact	decode_exact	cpu_legality_and_semantics_pending
VCVTTPH2UDQ_ZMMu32_MASKmskw_MEMf16_AVX512	VCVTTPH2UDQ	CONVERT	AVX512EVEX	AVX512_FP16_512	64	62 f5 7c 49 78 00	VCVTTPH2UDQ_ZMMu32_MASKmskw_MEMf16_AVX512	6	exact	exact	structural_only	exact	decode_exact	cpu_legality_and_semantics_pending
VCVTTPH2UDQ_ZMMu32_MASKmskw_YMMf16_AVX512	VCVTTPH2UDQ	CONVERT	AVX512EVEX	AVX512_FP16_512	64	62 f5 7c 49 78 c0	VCVTTPH2UDQ_ZMMu32_MASKmskw_YMMf16_AVX512	6	exact	exact	structural_only	exact	decode_exact	cpu_legality_and_semantics_pending
VCVTTPH2UQQ_XMMu64_MASKmskw_MEMf16_AVX512	VCVTTPH2UQQ	CONVERT	AVX512EVEX	AVX512_FP16_128	64	62 f5 7d 09 78 00	VCVTTPH2UQQ_XMMu64_MASKmskw_MEMf16_AVX512	6	exact	exact	structural_only	exact	decode_exact	cpu_legality_and_semantics_pending
VCVTTPH2UQQ_XMMu64_MASKmskw_XMMf16_AVX512	VCVTTPH2UQQ	CONVERT	AVX512EVEX	AVX512_FP16_128	64	62 f5 7d 09 78 c0	VCVTTPH2UQQ_XMMu64_MASKmskw_XMMf16_AVX512	6	exact	exact	structural_only	exact	decode_exact	cpu_legality_and_semantics_pending
VCVTTPH2UQQ_YMMu64_MASKmskw_MEMf16_AVX512	VCVTTPH2UQQ	CONVERT	AVX512EVEX	AVX512_FP16_256	64	62 f5 7d 29 78 00	VCVTTPH2UQQ_YMMu64_MASKmskw_MEMf16_AVX512	6	exact	exact	structural_only	exact	decode_exact	cpu_legality_and_semantics_pending
VCVTTPH2UQQ_YMMu64_MASKmskw_XMMf16_AVX512	VCVTTPH2UQQ	CONVERT	AVX512EVEX	AVX512_FP16_256	64	62 f5 7d 29 78 c0	VCVTTPH2UQQ_YMMu64_MASKmskw_XMMf16_AVX512	6	exact	exact	structural_only	exact	decode_exact	cpu_legality_and_semantics_pending
VCVTTPH2UQQ_ZMMu64_MASKmskw_MEMf16_AVX512	VCVTTPH2UQQ	CONVERT	AVX512EVEX	AVX512_FP16_512	64	62 f5 7d 49 78 00	VCVTTPH2UQQ_ZMMu64_MASKmskw_MEMf16_AVX512	6	exact	exact	structural_only	exact	decode_exact	cpu_legality_and_semantics_pending
VCVTTPH2UQQ_ZMMu64_MASKmskw_XMMf16_AVX512	VCVTTPH2UQQ	CONVERT	AVX512EVEX	AVX512_FP16_512	64	62 f5 7d 59 78 c0	VCVTTPH2UQQ_ZMMu64_MASKmskw_XMMf16_AVX512	6	exact	exact	structural_only	exact	decode_exact	cpu_legality_and_semantics_pending
VCVTTPH2UW_XMMu16_MASKmskw_MEMf16_AVX512	VCVTTPH2UW	CONVERT	AVX512EVEX	AVX512_FP16_128	64	62 f5 7c 09 7c 00	VCVTTPH2UW_XMMu16_MASKmskw_MEMf16_AVX512	6	exact	exact	structural_only	exact	decode_exact	cpu_legality_and_semantics_pending
VCVTTPH2UW_XMMu16_MASKmskw_XMMf16_AVX512	VCVTTPH2UW	CONVERT	AVX512EVEX	AVX512_FP16_128	64	62 f5 7c 09 7c c0	VCVTTPH2UW_XMMu16_MASKmskw_XMMf16_AVX512	6	exact	exact	structural_only	exact	decode_exact	cpu_legality_and_semantics_pending
VCVTTPH2UW_YMMu16_MASKmskw_MEMf16_AVX512	VCVTTPH2UW	CONVERT	AVX512EVEX	AVX512_FP16_256	64	62 f5 7c 29 7c 00	VCVTTPH2UW_YMMu16_MASKmskw_MEMf16_AVX512	6	exact	exact	structural_only	exact	decode_exact	cpu_legality_and_semantics_pending
VCVTTPH2UW_YMMu16_MASKmskw_YMMf16_AVX512	VCVTTPH2UW	CONVERT	AVX512EVEX	AVX512_FP16_256	64	62 f5 7c 29 7c c0	VCVTTPH2UW_YMMu16_MASKmskw_YMMf16_AVX512	6	exact	exact	structural_only	exact	decode_exact	cpu_legality_and_semantics_pending
VCVTTPH2UW_ZMMu16_MASKmskw_MEMf16_AVX512	VCVTTPH2UW	CONVERT	AVX512EVEX	AVX512_FP16_512	64	62 f5 7c 49 7c 00	VCVTTPH2UW_ZMMu16_MASKmskw_MEMf16_AVX512	6	exact	exact	structural_only	exact	decode_exact	cpu_legality_and_semantics_pending
VCVTTPH2UW_ZMMu16_MASKmskw_ZMMf16_AVX512	VCVTTPH2UW	CONVERT	AVX512EVEX	AVX512_FP16_512	64	62 f5 7c 59 7c c0	VCVTTPH2UW_ZMMu16_MASKmskw_ZMMf16_AVX512	6	exact	exact	structural_only	exact	decode_exact	cpu_legality_and_semantics_pending
VCVTTPH2W_XMMi16_MASKmskw_MEMf16_AVX512	VCVTTPH2W	CONVERT	AVX512EVEX	AVX512_FP16_128	64	62 f5 7d 09 7c 00	VCVTTPH2W_XMMi16_MASKmskw_MEMf16_AVX512	6	exact	exact	structural_only	exact	decode_exact	cpu_legality_and_semantics_pending
VCVTTPH2W_XMMi16_MASKmskw_XMMf16_AVX512	VCVTTPH2W	CONVERT	AVX512EVEX	AVX512_FP16_128	64	62 f5 7d 09 7c c0	VCVTTPH2W_XMMi16_MASKmskw_XMMf16_AVX512	6	exact	exact	structural_only	exact	decode_exact	cpu_legality_and_semantics_pending
VCVTTPH2W_YMMi16_MASKmskw_MEMf16_AVX512	VCVTTPH2W	CONVERT	AVX512EVEX	AVX512_FP16_256	64	62 f5 7d 29 7c 00	VCVTTPH2W_YMMi16_MASKmskw_MEMf16_AVX512	6	exact	exact	structural_only	exact	decode_exact	cpu_legality_and_semantics_pending
VCVTTPH2W_YMMi16_MASKmskw_YMMf16_AVX512	VCVTTPH2W	CONVERT	AVX512EVEX	AVX512_FP16_256	64	62 f5 7d 29 7c c0	VCVTTPH2W_YMMi16_MASKmskw_YMMf16_AVX512	6	exact	exact	structural_only	exact	decode_exact	cpu_legality_and_semantics_pending
VCVTTPH2W_ZMMi16_MASKmskw_MEMf16_AVX512	VCVTTPH2W	CONVERT	AVX512EVEX	AVX512_FP16_512	64	62 f5 7d 49 7c 00	VCVTTPH2W_ZMMi16_MASKmskw_MEMf16_AVX512	6	exact	exact	structural_only	exact	decode_exact	cpu_legality_and_semantics_pending
VCVTTPH2W_ZMMi16_MASKmskw_ZMMf16_AVX512	VCVTTPH2W	CONVERT	AVX512EVEX	AVX512_FP16_512	64	62 f5 7d 59 7c c0	VCVTTPH2W_ZMMi16_MASKmskw_ZMMf16_AVX512	6	exact	exact	structural_only	exact	decode_exact	cpu_legality_and_semantics_pending
VCVTTPS2DQS_XMMi32_MASKmskw_MEMf32_AVX512	VCVTTPS2DQS	CONVERT	AVX512EVEX	AVX512_SAT_CVT_DS_128	64	62 f5 7c 09 6d 00	VCVTTPS2DQS_XMMi32_MASKmskw_MEMf32_AVX512	6	exact	exact	structural_only	exact	decode_exact	cpu_legality_and_semantics_pending
VCVTTPS2DQS_XMMi32_MASKmskw_XMMf32_AVX512	VCVTTPS2DQS	CONVERT	AVX512EVEX	AVX512_SAT_CVT_DS_128	64	62 f5 7c 09 6d c0	VCVTTPS2DQS_XMMi32_MASKmskw_XMMf32_AVX512	6	exact	exact	structural_only	exact	decode_exact	cpu_legality_and_semantics_pending
VCVTTPS2DQS_YMMi32_MASKmskw_MEMf32_AVX512	VCVTTPS2DQS	CONVERT	AVX512EVEX	AVX512_SAT_CVT_DS_256	64	62 f5 7c 29 6d 00	VCVTTPS2DQS_YMMi32_MASKmskw_MEMf32_AVX512	6	exact	exact	structural_only	exact	decode_exact	cpu_legality_and_semantics_pending
VCVTTPS2DQS_YMMi32_MASKmskw_YMMf32_AVX512	VCVTTPS2DQS	CONVERT	AVX512EVEX	AVX512_SAT_CVT_DS_256	64	62 f5 7c 29 6d c0	VCVTTPS2DQS_YMMi32_MASKmskw_YMMf32_AVX512	6	exact	exact	structural_only	exact	decode_exact	cpu_legality_and_semantics_pending
VCVTTPS2DQS_ZMMi32_MASKmskw_MEMf32_AVX512	VCVTTPS2DQS	CONVERT	AVX512EVEX	AVX512_SAT_CVT_DS_512	64	62 f5 7c 49 6d 00	VCVTTPS2DQS_ZMMi32_MASKmskw_MEMf32_AVX512	6	exact	exact	structural_only	exact	decode_exact	cpu_legality_and_semantics_pending
VCVTTPS2DQS_ZMMi32_MASKmskw_ZMMf32_AVX512	VCVTTPS2DQS	CONVERT	AVX512EVEX	AVX512_SAT_CVT_DS_512	64	62 f5 7c 59 6d c0	VCVTTPS2DQS_ZMMi32_MASKmskw_ZMMf32_AVX512	6	exact	exact	structural_only	exact	decode_exact	cpu_legality_and_semantics_pending
VCVTTPS2IBS_XMMi8_MASKmskw_MEMf32_AVX512	VCVTTPS2IBS	CONVERT	AVX512EVEX	AVX512_SAT_CVT_128	64	62 f5 7d 09 68 00	VCVTTPS2IBS_XMMi8_MASKmskw_MEMf32_AVX512	6	exact	exact	structural_only	exact	decode_exact	cpu_legality_and_semantics_pending
VCVTTPS2IBS_XMMi8_MASKmskw_XMMf32_AVX512	VCVTTPS2IBS	CONVERT	AVX512EVEX	AVX512_SAT_CVT_128	64	62 f5 7d 09 68 c0	VCVTTPS2IBS_XMMi8_MASKmskw_XMMf32_AVX512	6	exact	exact	structural_only	exact	decode_exact	cpu_legality_and_semantics_pending
VCVTTPS2IBS_YMMi8_MASKmskw_MEMf32_AVX512	VCVTTPS2IBS	CONVERT	AVX512EVEX	AVX512_SAT_CVT_256	64	62 f5 7d 29 68 00	VCVTTPS2IBS_YMMi8_MASKmskw_MEMf32_AVX512	6	exact	exact	structural_only	exact	decode_exact	cpu_legality_and_semantics_pending
VCVTTPS2IBS_YMMi8_MASKmskw_YMMf32_AVX512	VCVTTPS2IBS	CONVERT	AVX512EVEX	AVX512_SAT_CVT_256	64	62 f5 7d 29 68 c0	VCVTTPS2IBS_YMMi8_MASKmskw_YMMf32_AVX512	6	exact	exact	structural_only	exact	decode_exact	cpu_legality_and_semantics_pending
VCVTTPS2IBS_ZMMi8_MASKmskw_MEMf32_AVX512	VCVTTPS2IBS	CONVERT	AVX512EVEX	AVX512_SAT_CVT_512	64	62 f5 7d 49 68 00	VCVTTPS2IBS_ZMMi8_MASKmskw_MEMf32_AVX512	6	exact	exact	structural_only	exact	decode_exact	cpu_legality_and_semantics_pending
VCVTTPS2IBS_ZMMi8_MASKmskw_ZMMf32_AVX512	VCVTTPS2IBS	CONVERT	AVX512EVEX	AVX512_SAT_CVT_512	64	62 f5 7d 49 68 c0	VCVTTPS2IBS_ZMMi8_MASKmskw_ZMMf32_AVX512	6	exact	exact	structural_only	exact	decode_exact	cpu_legality_and_semantics_pending
VCVTTPS2IUBS_XMMu8_MASKmskw_MEMf32_AVX512	VCVTTPS2IUBS	CONVERT	AVX512EVEX	AVX512_SAT_CVT_128	64	62 f5 7d 09 6a 00	VCVTTPS2IUBS_XMMu8_MASKmskw_MEMf32_AVX512	6	exact	exact	structural_only	exact	decode_exact	cpu_legality_and_semantics_pending
VCVTTPS2IUBS_XMMu8_MASKmskw_XMMf32_AVX512	VCVTTPS2IUBS	CONVERT	AVX512EVEX	AVX512_SAT_CVT_128	64	62 f5 7d 09 6a c0	VCVTTPS2IUBS_XMMu8_MASKmskw_XMMf32_AVX512	6	exact	exact	structural_only	exact	decode_exact	cpu_legality_and_semantics_pending
VCVTTPS2IUBS_YMMu8_MASKmskw_MEMf32_AVX512	VCVTTPS2IUBS	CONVERT	AVX512EVEX	AVX512_SAT_CVT_256	64	62 f5 7d 29 6a 00	VCVTTPS2IUBS_YMMu8_MASKmskw_MEMf32_AVX512	6	exact	exact	structural_only	exact	decode_exact	cpu_legality_and_semantics_pending
VCVTTPS2IUBS_YMMu8_MASKmskw_YMMf32_AVX512	VCVTTPS2IUBS	CONVERT	AVX512EVEX	AVX512_SAT_CVT_256	64	62 f5 7d 29 6a c0	VCVTTPS2IUBS_YMMu8_MASKmskw_YMMf32_AVX512	6	exact	exact	structural_only	exact	decode_exact	cpu_legality_and_semantics_pending
VCVTTPS2IUBS_ZMMu8_MASKmskw_MEMf32_AVX512	VCVTTPS2IUBS	CONVERT	AVX512EVEX	AVX512_SAT_CVT_512	64	62 f5 7d 49 6a 00	VCVTTPS2IUBS_ZMMu8_MASKmskw_MEMf32_AVX512	6	exact	exact	structural_only	exact	decode_exact	cpu_legality_and_semantics_pending
VCVTTPS2IUBS_ZMMu8_MASKmskw_ZMMf32_AVX512	VCVTTPS2IUBS	CONVERT	AVX512EVEX	AVX512_SAT_CVT_512	64	62 f5 7d 49 6a c0	VCVTTPS2IUBS_ZMMu8_MASKmskw_ZMMf32_AVX512	6	exact	exact	structural_only	exact	decode_exact	cpu_legality_and_semantics_pending
VCVTTPS2QQS_XMMi64_MASKmskw_MEMf32_AVX512	VCVTTPS2QQS	CONVERT	AVX512EVEX	AVX512_SAT_CVT_DS_128	64	62 f5 7d 09 6d 00	VCVTTPS2QQS_XMMi64_MASKmskw_MEMf32_AVX512	6	exact	exact	structural_only	exact	decode_exact	cpu_legality_and_semantics_pending
VCVTTPS2QQS_XMMi64_MASKmskw_XMMf32_AVX512	VCVTTPS2QQS	CONVERT	AVX512EVEX	AVX512_SAT_CVT_DS_128	64	62 f5 7d 09 6d c0	VCVTTPS2QQS_XMMi64_MASKmskw_XMMf32_AVX512	6	exact	exact	structural_only	exact	decode_exact	cpu_legality_and_semantics_pending
VCVTTPS2QQS_YMMi64_MASKmskw_MEMf32_AVX512	VCVTTPS2QQS	CONVERT	AVX512EVEX	AVX512_SAT_CVT_DS_256	64	62 f5 7d 29 6d 00	VCVTTPS2QQS_YMMi64_MASKmskw_MEMf32_AVX512	6	exact	exact	structural_only	exact	decode_exact	cpu_legality_and_semantics_pending
VCVTTPS2QQS_YMMi64_MASKmskw_XMMf32_AVX512	VCVTTPS2QQS	CONVERT	AVX512EVEX	AVX512_SAT_CVT_DS_256	64	62 f5 7d 29 6d c0	VCVTTPS2QQS_YMMi64_MASKmskw_XMMf32_AVX512	6	exact	exact	structural_only	exact	decode_exact	cpu_legality_and_semantics_pending
VCVTTPS2QQS_ZMMi64_MASKmskw_MEMf32_AVX512	VCVTTPS2QQS	CONVERT	AVX512EVEX	AVX512_SAT_CVT_DS_512	64	62 f5 7d 49 6d 00	VCVTTPS2QQS_ZMMi64_MASKmskw_MEMf32_AVX512	6	exact	exact	structural_only	exact	decode_exact	cpu_legality_and_semantics_pending
VCVTTPS2QQS_ZMMi64_MASKmskw_YMMf32_AVX512	VCVTTPS2QQS	CONVERT	AVX512EVEX	AVX512_SAT_CVT_DS_512	64	62 f5 7d 49 6d c0	VCVTTPS2QQS_ZMMi64_MASKmskw_YMMf32_AVX512	6	exact	exact	structural_only	exact	decode_exact	cpu_legality_and_semantics_pending
VCVTTPS2QQ_XMMi64_MASKmskw_MEMf32_AVX512	VCVTTPS2QQ	CONVERT	AVX512EVEX	AVX512DQ_128	64	62 f1 7d 09 7a 00	VCVTTPS2QQ_XMMi64_MASKmskw_MEMf32_AVX512	6	exact	exact	structural_only	exact	decode_exact	cpu_legality_and_semantics_pending
VCVTTPS2QQ_XMMi64_MASKmskw_XMMf32_AVX512	VCVTTPS2QQ	CONVERT	AVX512EVEX	AVX512DQ_128	64	62 f1 7d 09 7a c0	VCVTTPS2QQ_XMMi64_MASKmskw_XMMf32_AVX512	6	exact	exact	structural_only	exact	decode_exact	cpu_legality_and_semantics_pending
VCVTTPS2QQ_YMMi64_MASKmskw_MEMf32_AVX512	VCVTTPS2QQ	CONVERT	AVX512EVEX	AVX512DQ_256	64	62 f1 7d 29 7a 00	VCVTTPS2QQ_YMMi64_MASKmskw_MEMf32_AVX512	6	exact	exact	structural_only	exact	decode_exact	cpu_legality_and_semantics_pending
VCVTTPS2QQ_YMMi64_MASKmskw_XMMf32_AVX512	VCVTTPS2QQ	CONVERT	AVX512EVEX	AVX512DQ_256	64	62 f1 7d 29 7a c0	VCVTTPS2QQ_YMMi64_MASKmskw_XMMf32_AVX512	6	exact	exact	structural_only	exact	decode_exact	cpu_legality_and_semantics_pending
VCVTTPS2QQ_ZMMi64_MASKmskw_MEMf32_AVX512	VCVTTPS2QQ	CONVERT	AVX512EVEX	AVX512DQ_512	64	62 f1 7d 49 7a 00	VCVTTPS2QQ_ZMMi64_MASKmskw_MEMf32_AVX512	6	exact	exact	structural_only	exact	decode_exact	cpu_legality_and_semantics_pending
VCVTTPS2QQ_ZMMi64_MASKmskw_YMMf32_AVX512	VCVTTPS2QQ	CONVERT	AVX512EVEX	AVX512DQ_512	64	62 f1 7d 59 7a c0	VCVTTPS2QQ_ZMMi64_MASKmskw_YMMf32_AVX512	6	exact	exact	structural_only	exact	decode_exact	cpu_legality_and_semantics_pending
VCVTTPS2UDQS_XMMu32_MASKmskw_MEMf32_AVX512	VCVTTPS2UDQS	CONVERT	AVX512EVEX	AVX512_SAT_CVT_DS_128	64	62 f5 7c 09 6c 00	VCVTTPS2UDQS_XMMu32_MASKmskw_MEMf32_AVX512	6	exact	exact	structural_only	exact	decode_exact	cpu_legality_and_semantics_pending
VCVTTPS2UDQS_XMMu32_MASKmskw_XMMf32_AVX512	VCVTTPS2UDQS	CONVERT	AVX512EVEX	AVX512_SAT_CVT_DS_128	64	62 f5 7c 09 6c c0	VCVTTPS2UDQS_XMMu32_MASKmskw_XMMf32_AVX512	6	exact	exact	structural_only	exact	decode_exact	cpu_legality_and_semantics_pending
VCVTTPS2UDQS_YMMu32_MASKmskw_MEMf32_AVX512	VCVTTPS2UDQS	CONVERT	AVX512EVEX	AVX512_SAT_CVT_DS_256	64	62 f5 7c 29 6c 00	VCVTTPS2UDQS_YMMu32_MASKmskw_MEMf32_AVX512	6	exact	exact	structural_only	exact	decode_exact	cpu_legality_and_semantics_pending
VCVTTPS2UDQS_YMMu32_MASKmskw_YMMf32_AVX512	VCVTTPS2UDQS	CONVERT	AVX512EVEX	AVX512_SAT_CVT_DS_256	64	62 f5 7c 29 6c c0	VCVTTPS2UDQS_YMMu32_MASKmskw_YMMf32_AVX512	6	exact	exact	structural_only	exact	decode_exact	cpu_legality_and_semantics_pending
VCVTTPS2UDQS_ZMMu32_MASKmskw_MEMf32_AVX512	VCVTTPS2UDQS	CONVERT	AVX512EVEX	AVX512_SAT_CVT_DS_512	64	62 f5 7c 49 6c 00	VCVTTPS2UDQS_ZMMu32_MASKmskw_MEMf32_AVX512	6	exact	exact	structural_only	exact	decode_exact	cpu_legality_and_semantics_pending
VCVTTPS2UDQS_ZMMu32_MASKmskw_ZMMf32_AVX512	VCVTTPS2UDQS	CONVERT	AVX512EVEX	AVX512_SAT_CVT_DS_512	64	62 f5 7c 59 6c c0	VCVTTPS2UDQS_ZMMu32_MASKmskw_ZMMf32_AVX512	6	exact	exact	structural_only	exact	decode_exact	cpu_legality_and_semantics_pending
VCVTTPS2UDQ_XMMu32_MASKmskw_MEMf32_AVX512	VCVTTPS2UDQ	CONVERT	AVX512EVEX	AVX512F_128	64	62 f1 7c 09 78 00	VCVTTPS2UDQ_XMMu32_MASKmskw_MEMf32_AVX512	6	exact	exact	structural_only	exact	decode_exact	cpu_legality_and_semantics_pending
VCVTTPS2UDQ_XMMu32_MASKmskw_XMMf32_AVX512	VCVTTPS2UDQ	CONVERT	AVX512EVEX	AVX512F_128	64	62 f1 7c 09 78 c0	VCVTTPS2UDQ_XMMu32_MASKmskw_XMMf32_AVX512	6	exact	exact	structural_only	exact	decode_exact	cpu_legality_and_semantics_pending
VCVTTPS2UDQ_YMMu32_MASKmskw_MEMf32_AVX512	VCVTTPS2UDQ	CONVERT	AVX512EVEX	AVX512F_256	64	62 f1 7c 29 78 00	VCVTTPS2UDQ_YMMu32_MASKmskw_MEMf32_AVX512	6	exact	exact	structural_only	exact	decode_exact	cpu_legality_and_semantics_pending
VCVTTPS2UDQ_YMMu32_MASKmskw_YMMf32_AVX512	VCVTTPS2UDQ	CONVERT	AVX512EVEX	AVX512F_256	64	62 f1 7c 29 78 c0	VCVTTPS2UDQ_YMMu32_MASKmskw_YMMf32_AVX512	6	exact	exact	structural_only	exact	decode_exact	cpu_legality_and_semantics_pending
VCVTTPS2UDQ_ZMMu32_MASKmskw_MEMf32_AVX512	VCVTTPS2UDQ	CONVERT	AVX512EVEX	AVX512F_512	64	62 f1 7c 49 78 00	VCVTTPS2UDQ_ZMMu32_MASKmskw_MEMf32_AVX512	6	exact	exact	structural_only	exact	decode_exact	cpu_legality_and_semantics_pending
VCVTTPS2UDQ_ZMMu32_MASKmskw_ZMMf32_AVX512	VCVTTPS2UDQ	CONVERT	AVX512EVEX	AVX512F_512	64	62 f1 7c 59 78 c0	VCVTTPS2UDQ_ZMMu32_MASKmskw_ZMMf32_AVX512	6	exact	exact	structural_only	exact	decode_exact	cpu_legality_and_semantics_pending
VCVTTPS2UQQS_XMMu64_MASKmskw_MEMf32_AVX512	VCVTTPS2UQQS	CONVERT	AVX512EVEX	AVX512_SAT_CVT_DS_128	64	62 f5 7d 09 6c 00	VCVTTPS2UQQS_XMMu64_MASKmskw_MEMf32_AVX512	6	exact	exact	structural_only	exact	decode_exact	cpu_legality_and_semantics_pending
VCVTTPS2UQQS_XMMu64_MASKmskw_XMMf32_AVX512	VCVTTPS2UQQS	CONVERT	AVX512EVEX	AVX512_SAT_CVT_DS_128	64	62 f5 7d 09 6c c0	VCVTTPS2UQQS_XMMu64_MASKmskw_XMMf32_AVX512	6	exact	exact	structural_only	exact	decode_exact	cpu_legality_and_semantics_pending
VCVTTPS2UQQS_YMMu64_MASKmskw_MEMf32_AVX512	VCVTTPS2UQQS	CONVERT	AVX512EVEX	AVX512_SAT_CVT_DS_256	64	62 f5 7d 29 6c 00	VCVTTPS2UQQS_YMMu64_MASKmskw_MEMf32_AVX512	6	exact	exact	structural_only	exact	decode_exact	cpu_legality_and_semantics_pending
VCVTTPS2UQQS_YMMu64_MASKmskw_XMMf32_AVX512	VCVTTPS2UQQS	CONVERT	AVX512EVEX	AVX512_SAT_CVT_DS_256	64	62 f5 7d 29 6c c0	VCVTTPS2UQQS_YMMu64_MASKmskw_XMMf32_AVX512	6	exact	exact	structural_only	exact	decode_exact	cpu_legality_and_semantics_pending
VCVTTPS2UQQS_ZMMu64_MASKmskw_MEMf32_AVX512	VCVTTPS2UQQS	CONVERT	AVX512EVEX	AVX512_SAT_CVT_DS_512	64	62 f5 7d 49 6c 00	VCVTTPS2UQQS_ZMMu64_MASKmskw_MEMf32_AVX512	6	exact	exact	structural_only	exact	decode_exact	cpu_legality_and_semantics_pending
VCVTTPS2UQQS_ZMMu64_MASKmskw_YMMf32_AVX512	VCVTTPS2UQQS	CONVERT	AVX512EVEX	AVX512_SAT_CVT_DS_512	64	62 f5 7d 49 6c c0	VCVTTPS2UQQS_ZMMu64_MASKmskw_YMMf32_AVX512	6	exact	exact	structural_only	exact	decode_exact	cpu_legality_and_semantics_pending
VCVTTPS2UQQ_XMMu64_MASKmskw_MEMf32_AVX512	VCVTTPS2UQQ	CONVERT	AVX512EVEX	AVX512DQ_128	64	62 f1 7d 09 78 00	VCVTTPS2UQQ_XMMu64_MASKmskw_MEMf32_AVX512	6	exact	exact	structural_only	exact	decode_exact	cpu_legality_and_semantics_pending
VCVTTPS2UQQ_XMMu64_MASKmskw_XMMf32_AVX512	VCVTTPS2UQQ	CONVERT	AVX512EVEX	AVX512DQ_128	64	62 f1 7d 09 78 c0	VCVTTPS2UQQ_XMMu64_MASKmskw_XMMf32_AVX512	6	exact	exact	structural_only	exact	decode_exact	cpu_legality_and_semantics_pending
VCVTTPS2UQQ_YMMu64_MASKmskw_MEMf32_AVX512	VCVTTPS2UQQ	CONVERT	AVX512EVEX	AVX512DQ_256	64	62 f1 7d 29 78 00	VCVTTPS2UQQ_YMMu64_MASKmskw_MEMf32_AVX512	6	exact	exact	structural_only	exact	decode_exact	cpu_legality_and_semantics_pending
VCVTTPS2UQQ_YMMu64_MASKmskw_XMMf32_AVX512	VCVTTPS2UQQ	CONVERT	AVX512EVEX	AVX512DQ_256	64	62 f1 7d 29 78 c0	VCVTTPS2UQQ_YMMu64_MASKmskw_XMMf32_AVX512	6	exact	exact	structural_only	exact	decode_exact	cpu_legality_and_semantics_pending
VCVTTPS2UQQ_ZMMu64_MASKmskw_MEMf32_AVX512	VCVTTPS2UQQ	CONVERT	AVX512EVEX	AVX512DQ_512	64	62 f1 7d 49 78 00	VCVTTPS2UQQ_ZMMu64_MASKmskw_MEMf32_AVX512	6	exact	exact	structural_only	exact	decode_exact	cpu_legality_and_semantics_pending
VCVTTPS2UQQ_ZMMu64_MASKmskw_YMMf32_AVX512	VCVTTPS2UQQ	CONVERT	AVX512EVEX	AVX512DQ_512	64	62 f1 7d 59 78 c0	VCVTTPS2UQQ_ZMMu64_MASKmskw_YMMf32_AVX512	6	exact	exact	structural_only	exact	decode_exact	cpu_legality_and_semantics_pending
VCVTTSD2SIS_GPR32i32_MEMf64_AVX512	VCVTTSD2SIS	CONVERT	AVX512EVEX	AVX512_SAT_CVT_DS_SCALAR	64	62 f5 7f 08 6d 00	VCVTTSD2SIS_GPR32i32_MEMf64_AVX512	6	exact	exact	structural_only	exact	decode_exact	cpu_legality_and_semantics_pending
VCVTTSD2SIS_GPR32i32_XMMf64_AVX512	VCVTTSD2SIS	CONVERT	AVX512EVEX	AVX512_SAT_CVT_DS_SCALAR	64	62 f5 7f 18 6d c0	VCVTTSD2SIS_GPR32i32_XMMf64_AVX512	6	exact	exact	structural_only	exact	decode_exact	cpu_legality_and_semantics_pending
VCVTTSD2SIS_GPR64i64_MEMf64_AVX512	VCVTTSD2SIS	CONVERT	AVX512EVEX	AVX512_SAT_CVT_DS_SCALAR	64	62 f5 ff 08 6d 00	VCVTTSD2SIS_GPR64i64_MEMf64_AVX512	6	exact	exact	structural_only	exact	decode_exact	cpu_legality_and_semantics_pending
VCVTTSD2SIS_GPR64i64_XMMf64_AVX512	VCVTTSD2SIS	CONVERT	AVX512EVEX	AVX512_SAT_CVT_DS_SCALAR	64	62 f5 ff 18 6d c0	VCVTTSD2SIS_GPR64i64_XMMf64_AVX512	6	exact	exact	structural_only	exact	decode_exact	cpu_legality_and_semantics_pending
VCVTTSD2SI_GPR32i32_MEMf64_AVX512	VCVTTSD2SI	CONVERT	AVX512EVEX	AVX512F_SCALAR	64	62 f1 7f 08 2c 00	VCVTTSD2SI_GPR32i32_MEMf64_AVX512	6	exact	exact	structural_only	exact	decode_exact	cpu_legality_and_semantics_pending
VCVTTSD2SI_GPR64i64_MEMf64_AVX512	VCVTTSD2SI	CONVERT	AVX512EVEX	AVX512F_SCALAR	64	62 f1 ff 08 2c 00	VCVTTSD2SI_GPR64i64_MEMf64_AVX512	6	exact	exact	structural_only	exact	decode_exact	cpu_legality_and_semantics_pending
VCVTTSD2SI_GPR64i64_XMMf64_AVX512	VCVTTSD2SI	CONVERT	AVX512EVEX	AVX512F_SCALAR	64	62 f1 ff 08 2c c0	VCVTTSD2SI_GPR64i64_XMMf64_AVX512	6	exact	exact	structural_only	exact	decode_exact	cpu_legality_and_semantics_pending
VCVTTSD2USIS_GPR32u32_MEMf64_AVX512	VCVTTSD2USIS	CONVERT	AVX512EVEX	AVX512_SAT_CVT_DS_SCALAR	64	62 f5 7f 08 6c 00	VCVTTSD2USIS_GPR32u32_MEMf64_AVX512	6	exact	exact	structural_only	exact	decode_exact	cpu_legality_and_semantics_pending
VCVTTSD2USIS_GPR32u32_XMMf64_AVX512	VCVTTSD2USIS	CONVERT	AVX512EVEX	AVX512_SAT_CVT_DS_SCALAR	64	62 f5 7f 08 6c c0	VCVTTSD2USIS_GPR32u32_XMMf64_AVX512	6	exact	exact	structural_only	exact	decode_exact	cpu_legality_and_semantics_pending
VCVTTSD2USIS_GPR64u64_MEMf64_AVX512	VCVTTSD2USIS	CONVERT	AVX512EVEX	AVX512_SAT_CVT_DS_SCALAR	64	62 f5 ff 08 6c 00	VCVTTSD2USIS_GPR64u64_MEMf64_AVX512	6	exact	exact	structural_only	exact	decode_exact	cpu_legality_and_semantics_pending
VCVTTSD2USIS_GPR64u64_XMMf64_AVX512	VCVTTSD2USIS	CONVERT	AVX512EVEX	AVX512_SAT_CVT_DS_SCALAR	64	62 f5 ff 18 6c c0	VCVTTSD2USIS_GPR64u64_XMMf64_AVX512	6	exact	exact	structural_only	exact	decode_exact	cpu_legality_and_semantics_pending
VCVTTSD2USI_GPR32u32_MEMf64_AVX512	VCVTTSD2USI	CONVERT	AVX512EVEX	AVX512F_SCALAR	64	62 f1 7f 08 78 00	VCVTTSD2USI_GPR32u32_MEMf64_AVX512	6	exact	exact	structural_only	exact	decode_exact	cpu_legality_and_semantics_pending
VCVTTSD2USI_GPR32u32_XMMf64_AVX512	VCVTTSD2USI	CONVERT	AVX512EVEX	AVX512F_SCALAR	64	62 f1 7f 18 78 c0	VCVTTSD2USI_GPR32u32_XMMf64_AVX512	6	exact	exact	structural_only	exact	decode_exact	cpu_legality_and_semantics_pending
VCVTTSD2USI_GPR64u64_MEMf64_AVX512	VCVTTSD2USI	CONVERT	AVX512EVEX	AVX512F_SCALAR	64	62 f1 ff 08 78 00	VCVTTSD2USI_GPR64u64_MEMf64_AVX512	6	exact	exact	structural_only	exact	decode_exact	cpu_legality_and_semantics_pending
VCVTTSD2USI_GPR64u64_XMMf64_AVX512	VCVTTSD2USI	CONVERT	AVX512EVEX	AVX512F_SCALAR	64	62 f1 ff 08 78 c0	VCVTTSD2USI_GPR64u64_XMMf64_AVX512	6	exact	exact	structural_only	exact	decode_exact	cpu_legality_and_semantics_pending
VCVTTSH2SI_GPR32i32_MEMf16_AVX512	VCVTTSH2SI	CONVERT	AVX512EVEX	AVX512_FP16_SCALAR	64	62 f5 7e 08 2c 00	VCVTTSH2SI_GPR32i32_MEMf16_AVX512	6	exact	exact	structural_only	exact	decode_exact	cpu_legality_and_semantics_pending
VCVTTSH2SI_GPR32i32_XMMf16_AVX512	VCVTTSH2SI	CONVERT	AVX512EVEX	AVX512_FP16_SCALAR	64	62 f5 7e 08 2c c0	VCVTTSH2SI_GPR32i32_XMMf16_AVX512	6	exact	exact	structural_only	exact	decode_exact	cpu_legality_and_semantics_pending
VCVTTSH2SI_GPR64i64_MEMf16_AVX512	VCVTTSH2SI	CONVERT	AVX512EVEX	AVX512_FP16_SCALAR	64	62 f5 fe 08 2c 00	VCVTTSH2SI_GPR64i64_MEMf16_AVX512	6	exact	exact	structural_only	exact	decode_exact	cpu_legality_and_semantics_pending
VCVTTSH2SI_GPR64i64_XMMf16_AVX512	VCVTTSH2SI	CONVERT	AVX512EVEX	AVX512_FP16_SCALAR	64	62 f5 fe 18 2c c0	VCVTTSH2SI_GPR64i64_XMMf16_AVX512	6	exact	exact	structural_only	exact	decode_exact	cpu_legality_and_semantics_pending
VCVTTSH2USI_GPR32u32_MEMf16_AVX512	VCVTTSH2USI	CONVERT	AVX512EVEX	AVX512_FP16_SCALAR	64	62 f5 7e 08 78 00	VCVTTSH2USI_GPR32u32_MEMf16_AVX512	6	exact	exact	structural_only	exact	decode_exact	cpu_legality_and_semantics_pending
VCVTTSH2USI_GPR32u32_XMMf16_AVX512	VCVTTSH2USI	CONVERT	AVX512EVEX	AVX512_FP16_SCALAR	64	62 f5 7e 18 78 c0	VCVTTSH2USI_GPR32u32_XMMf16_AVX512	6	exact	exact	structural_only	exact	decode_exact	cpu_legality_and_semantics_pending
VCVTTSH2USI_GPR64u64_MEMf16_AVX512	VCVTTSH2USI	CONVERT	AVX512EVEX	AVX512_FP16_SCALAR	64	62 f5 fe 08 78 00	VCVTTSH2USI_GPR64u64_MEMf16_AVX512	6	exact	exact	structural_only	exact	decode_exact	cpu_legality_and_semantics_pending
VCVTTSH2USI_GPR64u64_XMMf16_AVX512	VCVTTSH2USI	CONVERT	AVX512EVEX	AVX512_FP16_SCALAR	64	62 f5 fe 08 78 c0	VCVTTSH2USI_GPR64u64_XMMf16_AVX512	6	exact	exact	structural_only	exact	decode_exact	cpu_legality_and_semantics_pending
VCVTTSS2SIS_GPR32i32_MEMf32_AVX512	VCVTTSS2SIS	CONVERT	AVX512EVEX	AVX512_SAT_CVT_DS_SCALAR	64	62 f5 7e 08 6d 00	VCVTTSS2SIS_GPR32i32_MEMf32_AVX512	6	exact	exact	structural_only	exact	decode_exact	cpu_legality_and_semantics_pending
VCVTTSS2SIS_GPR32i32_XMMf32_AVX512	VCVTTSS2SIS	CONVERT	AVX512EVEX	AVX512_SAT_CVT_DS_SCALAR	64	62 f5 7e 18 6d c0	VCVTTSS2SIS_GPR32i32_XMMf32_AVX512	6	exact	exact	structural_only	exact	decode_exact	cpu_legality_and_semantics_pending
VCVTTSS2SIS_GPR64i64_MEMf32_AVX512	VCVTTSS2SIS	CONVERT	AVX512EVEX	AVX512_SAT_CVT_DS_SCALAR	64	62 f5 fe 08 6d 00	VCVTTSS2SIS_GPR64i64_MEMf32_AVX512	6	exact	exact	structural_only	exact	decode_exact	cpu_legality_and_semantics_pending
VCVTTSS2SIS_GPR64i64_XMMf32_AVX512	VCVTTSS2SIS	CONVERT	AVX512EVEX	AVX512_SAT_CVT_DS_SCALAR	64	62 f5 fe 08 6d c0	VCVTTSS2SIS_GPR64i64_XMMf32_AVX512	6	exact	exact	structural_only	exact	decode_exact	cpu_legality_and_semantics_pending
VCVTTSS2SI_GPR32i32_MEMf32_AVX512	VCVTTSS2SI	CONVERT	AVX512EVEX	AVX512F_SCALAR	64	62 f1 7e 08 2c 00	VCVTTSS2SI_GPR32i32_MEMf32_AVX512	6	exact	exact	structural_only	exact	decode_exact	cpu_legality_and_semantics_pending
VCVTTSS2SI_GPR32i32_XMMf32_AVX512	VCVTTSS2SI	CONVERT	AVX512EVEX	AVX512F_SCALAR	64	62 f1 7e 08 2c c0	VCVTTSS2SI_GPR32i32_XMMf32_AVX512	6	exact	exact	structural_only	exact	decode_exact	cpu_legality_and_semantics_pending
VCVTTSS2SI_GPR64i64_MEMf32_AVX512	VCVTTSS2SI	CONVERT	AVX512EVEX	AVX512F_SCALAR	64	62 f1 fe 08 2c 00	VCVTTSS2SI_GPR64i64_MEMf32_AVX512	6	exact	exact	structural_only	exact	decode_exact	cpu_legality_and_semantics_pending
VCVTTSS2SI_GPR64i64_XMMf32_AVX512	VCVTTSS2SI	CONVERT	AVX512EVEX	AVX512F_SCALAR	64	62 f1 fe 18 2c c0	VCVTTSS2SI_GPR64i64_XMMf32_AVX512	6	exact	exact	structural_only	exact	decode_exact	cpu_legality_and_semantics_pending
VCVTTSS2USIS_GPR32u32_MEMf32_AVX512	VCVTTSS2USIS	CONVERT	AVX512EVEX	AVX512_SAT_CVT_DS_SCALAR	64	62 f5 7e 08 6c 00	VCVTTSS2USIS_GPR32u32_MEMf32_AVX512	6	exact	exact	structural_only	exact	decode_exact	cpu_legality_and_semantics_pending
VCVTTSS2USIS_GPR32u32_XMMf32_AVX512	VCVTTSS2USIS	CONVERT	AVX512EVEX	AVX512_SAT_CVT_DS_SCALAR	64	62 f5 7e 08 6c c0	VCVTTSS2USIS_GPR32u32_XMMf32_AVX512	6	exact	exact	structural_only	exact	decode_exact	cpu_legality_and_semantics_pending
VCVTTSS2USIS_GPR64u64_MEMf32_AVX512	VCVTTSS2USIS	CONVERT	AVX512EVEX	AVX512_SAT_CVT_DS_SCALAR	64	62 f5 fe 08 6c 00	VCVTTSS2USIS_GPR64u64_MEMf32_AVX512	6	exact	exact	structural_only	exact	decode_exact	cpu_legality_and_semantics_pending
VCVTTSS2USIS_GPR64u64_XMMf32_AVX512	VCVTTSS2USIS	CONVERT	AVX512EVEX	AVX512_SAT_CVT_DS_SCALAR	64	62 f5 fe 08 6c c0	VCVTTSS2USIS_GPR64u64_XMMf32_AVX512	6	exact	exact	structural_only	exact	decode_exact	cpu_legality_and_semantics_pending
VCVTTSS2USI_GPR32u32_MEMf32_AVX512	VCVTTSS2USI	CONVERT	AVX512EVEX	AVX512F_SCALAR	64	62 f1 7e 08 78 00	VCVTTSS2USI_GPR32u32_MEMf32_AVX512	6	exact	exact	structural_only	exact	decode_exact	cpu_legality_and_semantics_pending
VCVTTSS2USI_GPR32u32_XMMf32_AVX512	VCVTTSS2USI	CONVERT	AVX512EVEX	AVX512F_SCALAR	64	62 f1 7e 08 78 c0	VCVTTSS2USI_GPR32u32_XMMf32_AVX512	6	exact	exact	structural_only	exact	decode_exact	cpu_legality_and_semantics_pending
VCVTTSS2USI_GPR64u64_MEMf32_AVX512	VCVTTSS2USI	CONVERT	AVX512EVEX	AVX512F_SCALAR	64	62 f1 fe 08 78 00	VCVTTSS2USI_GPR64u64_MEMf32_AVX512	6	exact	exact	structural_only	exact	decode_exact	cpu_legality_and_semantics_pending
VCVTTSS2USI_GPR64u64_XMMf32_AVX512	VCVTTSS2USI	CONVERT	AVX512EVEX	AVX512F_SCALAR	64	62 f1 fe 08 78 c0	VCVTTSS2USI_GPR64u64_XMMf32_AVX512	6	exact	exact	structural_only	exact	decode_exact	cpu_legality_and_semantics_pending
VCVTUDQ2PD_XMMf64_MASKmskw_MEMu32_AVX512	VCVTUDQ2PD	CONVERT	AVX512EVEX	AVX512F_128	64	62 f1 7e 09 7a 00	VCVTUDQ2PD_XMMf64_MASKmskw_MEMu32_AVX512	6	exact	exact	structural_only	exact	decode_exact	cpu_legality_and_semantics_pending
VCVTUDQ2PD_XMMf64_MASKmskw_XMMu32_AVX512	VCVTUDQ2PD	CONVERT	AVX512EVEX	AVX512F_128	64	62 f1 7e 09 7a c0	VCVTUDQ2PD_XMMf64_MASKmskw_XMMu32_AVX512	6	exact	exact	structural_only	exact	decode_exact	cpu_legality_and_semantics_pending
VCVTUDQ2PD_YMMf64_MASKmskw_MEMu32_AVX512	VCVTUDQ2PD	CONVERT	AVX512EVEX	AVX512F_256	64	62 f1 7e 29 7a 00	VCVTUDQ2PD_YMMf64_MASKmskw_MEMu32_AVX512	6	exact	exact	structural_only	exact	decode_exact	cpu_legality_and_semantics_pending
VCVTUDQ2PD_YMMf64_MASKmskw_XMMu32_AVX512	VCVTUDQ2PD	CONVERT	AVX512EVEX	AVX512F_256	64	62 f1 7e 29 7a c0	VCVTUDQ2PD_YMMf64_MASKmskw_XMMu32_AVX512	6	exact	exact	structural_only	exact	decode_exact	cpu_legality_and_semantics_pending
VCVTUDQ2PD_ZMMf64_MASKmskw_MEMu32_AVX512	VCVTUDQ2PD	CONVERT	AVX512EVEX	AVX512F_512	64	62 f1 7e 49 7a 00	VCVTUDQ2PD_ZMMf64_MASKmskw_MEMu32_AVX512	6	exact	exact	structural_only	exact	decode_exact	cpu_legality_and_semantics_pending
VCVTUDQ2PD_ZMMf64_MASKmskw_YMMu32_AVX512	VCVTUDQ2PD	CONVERT	AVX512EVEX	AVX512F_512	64	62 f1 7e 49 7a c0	VCVTUDQ2PD_ZMMf64_MASKmskw_YMMu32_AVX512	6	exact	exact	structural_only	exact	decode_exact	cpu_legality_and_semantics_pending
VCVTUDQ2PH_XMMf16_MASKmskw_MEMu32_AVX512_VL128	VCVTUDQ2PH	CONVERT	AVX512EVEX	AVX512_FP16_128	64	62 f5 7f 09 7a 00	VCVTUDQ2PH_XMMf16_MASKmskw_MEMu32_AVX512_VL128	6	exact	exact	structural_only	exact	decode_exact	cpu_legality_and_semantics_pending
VCVTUDQ2PH_XMMf16_MASKmskw_MEMu32_AVX512_VL256	VCVTUDQ2PH	CONVERT	AVX512EVEX	AVX512_FP16_256	64	62 f5 7f 29 7a 00	VCVTUDQ2PH_XMMf16_MASKmskw_MEMu32_AVX512_VL256	6	exact	exact	structural_only	exact	decode_exact	cpu_legality_and_semantics_pending
VCVTUDQ2PH_XMMf16_MASKmskw_XMMu32_AVX512	VCVTUDQ2PH	CONVERT	AVX512EVEX	AVX512_FP16_128	64	62 f5 7f 09 7a c0	VCVTUDQ2PH_XMMf16_MASKmskw_XMMu32_AVX512	6	exact	exact	structural_only	exact	decode_exact	cpu_legality_and_semantics_pending
VCVTUDQ2PH_XMMf16_MASKmskw_YMMu32_AVX512	VCVTUDQ2PH	CONVERT	AVX512EVEX	AVX512_FP16_256	64	62 f5 7f 29 7a c0	VCVTUDQ2PH_XMMf16_MASKmskw_YMMu32_AVX512	6	exact	exact	structural_only	exact	decode_exact	cpu_legality_and_semantics_pending
VCVTUDQ2PH_YMMf16_MASKmskw_MEMu32_AVX512	VCVTUDQ2PH	CONVERT	AVX512EVEX	AVX512_FP16_512	64	62 f5 7f 49 7a 00	VCVTUDQ2PH_YMMf16_MASKmskw_MEMu32_AVX512	6	exact	exact	structural_only	exact	decode_exact	cpu_legality_and_semantics_pending
VCVTUDQ2PH_YMMf16_MASKmskw_ZMMu32_AVX512	VCVTUDQ2PH	CONVERT	AVX512EVEX	AVX512_FP16_512	64	62 f5 7f 59 7a c0	VCVTUDQ2PH_YMMf16_MASKmskw_ZMMu32_AVX512	6	exact	exact	structural_only	exact	decode_exact	cpu_legality_and_semantics_pending
VCVTUDQ2PS_XMMf32_MASKmskw_MEMu32_AVX512	VCVTUDQ2PS	CONVERT	AVX512EVEX	AVX512F_128	64	62 f1 7f 09 7a 00	VCVTUDQ2PS_XMMf32_MASKmskw_MEMu32_AVX512	6	exact	exact	structural_only	exact	decode_exact	cpu_legality_and_semantics_pending
VCVTUDQ2PS_XMMf32_MASKmskw_XMMu32_AVX512	VCVTUDQ2PS	CONVERT	AVX512EVEX	AVX512F_128	64	62 f1 7f 09 7a c0	VCVTUDQ2PS_XMMf32_MASKmskw_XMMu32_AVX512	6	exact	exact	structural_only	exact	decode_exact	cpu_legality_and_semantics_pending
VCVTUDQ2PS_YMMf32_MASKmskw_MEMu32_AVX512	VCVTUDQ2PS	CONVERT	AVX512EVEX	AVX512F_256	64	62 f1 7f 29 7a 00	VCVTUDQ2PS_YMMf32_MASKmskw_MEMu32_AVX512	6	exact	exact	structural_only	exact	decode_exact	cpu_legality_and_semantics_pending
VCVTUDQ2PS_YMMf32_MASKmskw_YMMu32_AVX512	VCVTUDQ2PS	CONVERT	AVX512EVEX	AVX512F_256	64	62 f1 7f 29 7a c0	VCVTUDQ2PS_YMMf32_MASKmskw_YMMu32_AVX512	6	exact	exact	structural_only	exact	decode_exact	cpu_legality_and_semantics_pending
VCVTUDQ2PS_ZMMf32_MASKmskw_MEMu32_AVX512	VCVTUDQ2PS	CONVERT	AVX512EVEX	AVX512F_512	64	62 f1 7f 49 7a 00	VCVTUDQ2PS_ZMMf32_MASKmskw_MEMu32_AVX512	6	exact	exact	structural_only	exact	decode_exact	cpu_legality_and_semantics_pending
VCVTUDQ2PS_ZMMf32_MASKmskw_ZMMu32_AVX512	VCVTUDQ2PS	CONVERT	AVX512EVEX	AVX512F_512	64	62 f1 7f 59 7a c0	VCVTUDQ2PS_ZMMf32_MASKmskw_ZMMu32_AVX512	6	exact	exact	structural_only	exact	decode_exact	cpu_legality_and_semantics_pending
VCVTUQQ2PD_XMMf64_MASKmskw_MEMu64_AVX512	VCVTUQQ2PD	CONVERT	AVX512EVEX	AVX512DQ_128	64	62 f1 fe 09 7a 00	VCVTUQQ2PD_XMMf64_MASKmskw_MEMu64_AVX512	6	exact	exact	structural_only	exact	decode_exact	cpu_legality_and_semantics_pending
VCVTUQQ2PD_XMMf64_MASKmskw_XMMu64_AVX512	VCVTUQQ2PD	CONVERT	AVX512EVEX	AVX512DQ_128	64	62 f1 fe 09 7a c0	VCVTUQQ2PD_XMMf64_MASKmskw_XMMu64_AVX512	6	exact	exact	structural_only	exact	decode_exact	cpu_legality_and_semantics_pending
VCVTUQQ2PD_YMMf64_MASKmskw_MEMu64_AVX512	VCVTUQQ2PD	CONVERT	AVX512EVEX	AVX512DQ_256	64	62 f1 fe 29 7a 00	VCVTUQQ2PD_YMMf64_MASKmskw_MEMu64_AVX512	6	exact	exact	structural_only	exact	decode_exact	cpu_legality_and_semantics_pending
VCVTUQQ2PD_YMMf64_MASKmskw_YMMu64_AVX512	VCVTUQQ2PD	CONVERT	AVX512EVEX	AVX512DQ_256	64	62 f1 fe 29 7a c0	VCVTUQQ2PD_YMMf64_MASKmskw_YMMu64_AVX512	6	exact	exact	structural_only	exact	decode_exact	cpu_legality_and_semantics_pending
VCVTUQQ2PD_ZMMf64_MASKmskw_MEMu64_AVX512	VCVTUQQ2PD	CONVERT	AVX512EVEX	AVX512DQ_512	64	62 f1 fe 49 7a 00	VCVTUQQ2PD_ZMMf64_MASKmskw_MEMu64_AVX512	6	exact	exact	structural_only	exact	decode_exact	cpu_legality_and_semantics_pending
VCVTUQQ2PD_ZMMf64_MASKmskw_ZMMu64_AVX512	VCVTUQQ2PD	CONVERT	AVX512EVEX	AVX512DQ_512	64	62 f1 fe 49 7a c0	VCVTUQQ2PD_ZMMf64_MASKmskw_ZMMu64_AVX512	6	exact	exact	structural_only	exact	decode_exact	cpu_legality_and_semantics_pending
VCVTUQQ2PH_XMMf16_MASKmskw_MEMu64_AVX512_VL128	VCVTUQQ2PH	CONVERT	AVX512EVEX	AVX512_FP16_128	64	62 f5 ff 09 7a 00	VCVTUQQ2PH_XMMf16_MASKmskw_MEMu64_AVX512_VL128	6	exact	exact	structural_only	exact	decode_exact	cpu_legality_and_semantics_pending
VCVTUQQ2PH_XMMf16_MASKmskw_MEMu64_AVX512_VL256	VCVTUQQ2PH	CONVERT	AVX512EVEX	AVX512_FP16_256	64	62 f5 ff 29 7a 00	VCVTUQQ2PH_XMMf16_MASKmskw_MEMu64_AVX512_VL256	6	exact	exact	structural_only	exact	decode_exact	cpu_legality_and_semantics_pending
VCVTUQQ2PH_XMMf16_MASKmskw_MEMu64_AVX512_VL512	VCVTUQQ2PH	CONVERT	AVX512EVEX	AVX512_FP16_512	64	62 f5 ff 49 7a 00	VCVTUQQ2PH_XMMf16_MASKmskw_MEMu64_AVX512_VL512	6	exact	exact	structural_only	exact	decode_exact	cpu_legality_and_semantics_pending
VCVTUQQ2PH_XMMf16_MASKmskw_XMMu64_AVX512	VCVTUQQ2PH	CONVERT	AVX512EVEX	AVX512_FP16_128	64	62 f5 ff 09 7a c0	VCVTUQQ2PH_XMMf16_MASKmskw_XMMu64_AVX512	6	exact	exact	structural_only	exact	decode_exact	cpu_legality_and_semantics_pending
VCVTUQQ2PH_XMMf16_MASKmskw_YMMu64_AVX512	VCVTUQQ2PH	CONVERT	AVX512EVEX	AVX512_FP16_256	64	62 f5 ff 29 7a c0	VCVTUQQ2PH_XMMf16_MASKmskw_YMMu64_AVX512	6	exact	exact	structural_only	exact	decode_exact	cpu_legality_and_semantics_pending
VCVTUQQ2PH_XMMf16_MASKmskw_ZMMu64_AVX512	VCVTUQQ2PH	CONVERT	AVX512EVEX	AVX512_FP16_512	64	62 f5 ff 49 7a c0	VCVTUQQ2PH_XMMf16_MASKmskw_ZMMu64_AVX512	6	exact	exact	structural_only	exact	decode_exact	cpu_legality_and_semantics_pending
VCVTUQQ2PS_XMMf32_MASKmskw_MEMu64_AVX512_VL128	VCVTUQQ2PS	CONVERT	AVX512EVEX	AVX512DQ_128	64	62 f1 ff 09 7a 00	VCVTUQQ2PS_XMMf32_MASKmskw_MEMu64_AVX512_VL128	6	exact	exact	structural_only	exact	decode_exact	cpu_legality_and_semantics_pending
VCVTUQQ2PS_XMMf32_MASKmskw_MEMu64_AVX512_VL256	VCVTUQQ2PS	CONVERT	AVX512EVEX	AVX512DQ_256	64	62 f1 ff 29 7a 00	VCVTUQQ2PS_XMMf32_MASKmskw_MEMu64_AVX512_VL256	6	exact	exact	structural_only	exact	decode_exact	cpu_legality_and_semantics_pending
VCVTUQQ2PS_XMMf32_MASKmskw_XMMu64_AVX512_VL128	VCVTUQQ2PS	CONVERT	AVX512EVEX	AVX512DQ_128	64	62 f1 ff 09 7a c0	VCVTUQQ2PS_XMMf32_MASKmskw_XMMu64_AVX512_VL128	6	exact	exact	structural_only	exact	decode_exact	cpu_legality_and_semantics_pending
VCVTUQQ2PS_XMMf32_MASKmskw_YMMu64_AVX512_VL256	VCVTUQQ2PS	CONVERT	AVX512EVEX	AVX512DQ_256	64	62 f1 ff 29 7a c0	VCVTUQQ2PS_XMMf32_MASKmskw_YMMu64_AVX512_VL256	6	exact	exact	structural_only	exact	decode_exact	cpu_legality_and_semantics_pending
VCVTUQQ2PS_YMMf32_MASKmskw_MEMu64_AVX512_VL512	VCVTUQQ2PS	CONVERT	AVX512EVEX	AVX512DQ_512	64	62 f1 ff 49 7a 00	VCVTUQQ2PS_YMMf32_MASKmskw_MEMu64_AVX512_VL512	6	exact	exact	structural_only	exact	decode_exact	cpu_legality_and_semantics_pending
VCVTUQQ2PS_YMMf32_MASKmskw_ZMMu64_AVX512_VL512	VCVTUQQ2PS	CONVERT	AVX512EVEX	AVX512DQ_512	64	62 f1 ff 59 7a c0	VCVTUQQ2PS_YMMf32_MASKmskw_ZMMu64_AVX512_VL512	6	exact	exact	structural_only	exact	decode_exact	cpu_legality_and_semantics_pending
VCVTUSI2SD_XMMf64_XMMf64_GPR32u32_AVX512	VCVTUSI2SD	CONVERT	AVX512EVEX	AVX512F_SCALAR	64	62 f1 7f 08 7b c0	VCVTUSI2SD_XMMf64_XMMf64_GPR32u32_AVX512	6	exact	exact	structural_only	exact	decode_exact	cpu_legality_and_semantics_pending
VCVTUSI2SD_XMMf64_XMMf64_GPR64u64_AVX512	VCVTUSI2SD	CONVERT	AVX512EVEX	AVX512F_SCALAR	64	62 f1 ff 08 7b c0	VCVTUSI2SD_XMMf64_XMMf64_GPR64u64_AVX512	6	exact	exact	structural_only	exact	decode_exact	cpu_legality_and_semantics_pending
VCVTUSI2SD_XMMf64_XMMf64_MEMu32_AVX512	VCVTUSI2SD	CONVERT	AVX512EVEX	AVX512F_SCALAR	64	62 f1 7f 08 7b 00	VCVTUSI2SD_XMMf64_XMMf64_MEMu32_AVX512	6	exact	exact	structural_only	exact	decode_exact	cpu_legality_and_semantics_pending
VCVTUSI2SD_XMMf64_XMMf64_MEMu64_AVX512	VCVTUSI2SD	CONVERT	AVX512EVEX	AVX512F_SCALAR	64	62 f1 ff 08 7b 00	VCVTUSI2SD_XMMf64_XMMf64_MEMu64_AVX512	6	exact	exact	structural_only	exact	decode_exact	cpu_legality_and_semantics_pending
VCVTUSI2SH_XMMf16_XMMf16_GPR32u32_AVX512	VCVTUSI2SH	CONVERT	AVX512EVEX	AVX512_FP16_SCALAR	64	62 f5 7e 08 7b c0	VCVTUSI2SH_XMMf16_XMMf16_GPR32u32_AVX512	6	exact	exact	structural_only	exact	decode_exact	cpu_legality_and_semantics_pending
VCVTUSI2SH_XMMf16_XMMf16_GPR64u64_AVX512	VCVTUSI2SH	CONVERT	AVX512EVEX	AVX512_FP16_SCALAR	64	62 f5 fe 18 7b c0	VCVTUSI2SH_XMMf16_XMMf16_GPR64u64_AVX512	6	exact	exact	structural_only	exact	decode_exact	cpu_legality_and_semantics_pending
VCVTUSI2SH_XMMf16_XMMf16_MEMu32_AVX512	VCVTUSI2SH	CONVERT	AVX512EVEX	AVX512_FP16_SCALAR	64	62 f5 7e 08 7b 00	VCVTUSI2SH_XMMf16_XMMf16_MEMu32_AVX512	6	exact	exact	structural_only	exact	decode_exact	cpu_legality_and_semantics_pending
VCVTUSI2SH_XMMf16_XMMf16_MEMu64_AVX512	VCVTUSI2SH	CONVERT	AVX512EVEX	AVX512_FP16_SCALAR	64	62 f5 fe 08 7b 00	VCVTUSI2SH_XMMf16_XMMf16_MEMu64_AVX512	6	exact	exact	structural_only	exact	decode_exact	cpu_legality_and_semantics_pending
VCVTUSI2SS_XMMf32_XMMf32_GPR32u32_AVX512	VCVTUSI2SS	CONVERT	AVX512EVEX	AVX512F_SCALAR	64	62 f1 7e 08 7b c0	VCVTUSI2SS_XMMf32_XMMf32_GPR32u32_AVX512	6	exact	exact	structural_only	exact	decode_exact	cpu_legality_and_semantics_pending
VCVTUSI2SS_XMMf32_XMMf32_GPR64u64_AVX512	VCVTUSI2SS	CONVERT	AVX512EVEX	AVX512F_SCALAR	64	62 f1 fe 18 7b c0	VCVTUSI2SS_XMMf32_XMMf32_GPR64u64_AVX512	6	exact	exact	structural_only	exact	decode_exact	cpu_legality_and_semantics_pending
VCVTUSI2SS_XMMf32_XMMf32_MEMu32_AVX512	VCVTUSI2SS	CONVERT	AVX512EVEX	AVX512F_SCALAR	64	62 f1 7e 08 7b 00	VCVTUSI2SS_XMMf32_XMMf32_MEMu32_AVX512	6	exact	exact	structural_only	exact	decode_exact	cpu_legality_and_semantics_pending
VCVTUSI2SS_XMMf32_XMMf32_MEMu64_AVX512	VCVTUSI2SS	CONVERT	AVX512EVEX	AVX512F_SCALAR	64	62 f1 fe 08 7b 00	VCVTUSI2SS_XMMf32_XMMf32_MEMu64_AVX512	6	exact	exact	structural_only	exact	decode_exact	cpu_legality_and_semantics_pending
VCVTUW2PH_XMMf16_MASKmskw_MEMu16_AVX512	VCVTUW2PH	CONVERT	AVX512EVEX	AVX512_FP16_128	64	62 f5 7f 09 7d 00	VCVTUW2PH_XMMf16_MASKmskw_MEMu16_AVX512	6	exact	exact	structural_only	exact	decode_exact	cpu_legality_and_semantics_pending
VCVTUW2PH_XMMf16_MASKmskw_XMMu16_AVX512	VCVTUW2PH	CONVERT	AVX512EVEX	AVX512_FP16_128	64	62 f5 7f 09 7d c0	VCVTUW2PH_XMMf16_MASKmskw_XMMu16_AVX512	6	exact	exact	structural_only	exact	decode_exact	cpu_legality_and_semantics_pending
VCVTUW2PH_YMMf16_MASKmskw_MEMu16_AVX512	VCVTUW2PH	CONVERT	AVX512EVEX	AVX512_FP16_256	64	62 f5 7f 29 7d 00	VCVTUW2PH_YMMf16_MASKmskw_MEMu16_AVX512	6	exact	exact	structural_only	exact	decode_exact	cpu_legality_and_semantics_pending
VCVTUW2PH_YMMf16_MASKmskw_YMMu16_AVX512	VCVTUW2PH	CONVERT	AVX512EVEX	AVX512_FP16_256	64	62 f5 7f 29 7d c0	VCVTUW2PH_YMMf16_MASKmskw_YMMu16_AVX512	6	exact	exact	structural_only	exact	decode_exact	cpu_legality_and_semantics_pending
VCVTUW2PH_ZMMf16_MASKmskw_MEMu16_AVX512	VCVTUW2PH	CONVERT	AVX512EVEX	AVX512_FP16_512	64	62 f5 7f 49 7d 00	VCVTUW2PH_ZMMf16_MASKmskw_MEMu16_AVX512	6	exact	exact	structural_only	exact	decode_exact	cpu_legality_and_semantics_pending
VCVTUW2PH_ZMMf16_MASKmskw_ZMMu16_AVX512	VCVTUW2PH	CONVERT	AVX512EVEX	AVX512_FP16_512	64	62 f5 7f 49 7d c0	VCVTUW2PH_ZMMf16_MASKmskw_ZMMu16_AVX512	6	exact	exact	structural_only	exact	decode_exact	cpu_legality_and_semantics_pending
VCVTW2PH_XMMf16_MASKmskw_MEMi16_AVX512	VCVTW2PH	CONVERT	AVX512EVEX	AVX512_FP16_128	64	62 f5 7e 09 7d 00	VCVTW2PH_XMMf16_MASKmskw_MEMi16_AVX512	6	exact	exact	structural_only	exact	decode_exact	cpu_legality_and_semantics_pending
VCVTW2PH_XMMf16_MASKmskw_XMMi16_AVX512	VCVTW2PH	CONVERT	AVX512EVEX	AVX512_FP16_128	64	62 f5 7e 09 7d c0	VCVTW2PH_XMMf16_MASKmskw_XMMi16_AVX512	6	exact	exact	structural_only	exact	decode_exact	cpu_legality_and_semantics_pending
VCVTW2PH_YMMf16_MASKmskw_MEMi16_AVX512	VCVTW2PH	CONVERT	AVX512EVEX	AVX512_FP16_256	64	62 f5 7e 29 7d 00	VCVTW2PH_YMMf16_MASKmskw_MEMi16_AVX512	6	exact	exact	structural_only	exact	decode_exact	cpu_legality_and_semantics_pending
VCVTW2PH_YMMf16_MASKmskw_YMMi16_AVX512	VCVTW2PH	CONVERT	AVX512EVEX	AVX512_FP16_256	64	62 f5 7e 29 7d c0	VCVTW2PH_YMMf16_MASKmskw_YMMi16_AVX512	6	exact	exact	structural_only	exact	decode_exact	cpu_legality_and_semantics_pending
VCVTW2PH_ZMMf16_MASKmskw_MEMi16_AVX512	VCVTW2PH	CONVERT	AVX512EVEX	AVX512_FP16_512	64	62 f5 7e 49 7d 00	VCVTW2PH_ZMMf16_MASKmskw_MEMi16_AVX512	6	exact	exact	structural_only	exact	decode_exact	cpu_legality_and_semantics_pending
VCVTW2PH_ZMMf16_MASKmskw_ZMMi16_AVX512	VCVTW2PH	CONVERT	AVX512EVEX	AVX512_FP16_512	64	62 f5 7e 49 7d c0	VCVTW2PH_ZMMf16_MASKmskw_ZMMi16_AVX512	6	exact	exact	structural_only	exact	decode_exact	cpu_legality_and_semantics_pending
VDIVPH_XMMf16_MASKmskw_XMMf16_MEMf16_AVX512	VDIVPH	FP16	AVX512EVEX	AVX512_FP16_128	64	62 f5 7c 09 5e 00	VDIVPH_XMMf16_MASKmskw_XMMf16_MEMf16_AVX512	6	exact	exact	structural_only	exact	decode_exact	cpu_legality_and_semantics_pending
VDIVPH_XMMf16_MASKmskw_XMMf16_XMMf16_AVX512	VDIVPH	FP16	AVX512EVEX	AVX512_FP16_128	64	62 f5 7c 09 5e c0	VDIVPH_XMMf16_MASKmskw_XMMf16_XMMf16_AVX512	6	exact	exact	structural_only	exact	decode_exact	cpu_legality_and_semantics_pending
VDIVPH_YMMf16_MASKmskw_YMMf16_MEMf16_AVX512	VDIVPH	FP16	AVX512EVEX	AVX512_FP16_256	64	62 f5 7c 29 5e 00	VDIVPH_YMMf16_MASKmskw_YMMf16_MEMf16_AVX512	6	exact	exact	structural_only	exact	decode_exact	cpu_legality_and_semantics_pending
VDIVPH_YMMf16_MASKmskw_YMMf16_YMMf16_AVX512	VDIVPH	FP16	AVX512EVEX	AVX512_FP16_256	64	62 f5 7c 29 5e c0	VDIVPH_YMMf16_MASKmskw_YMMf16_YMMf16_AVX512	6	exact	exact	structural_only	exact	decode_exact	cpu_legality_and_semantics_pending
VDIVPH_ZMMf16_MASKmskw_ZMMf16_MEMf16_AVX512	VDIVPH	FP16	AVX512EVEX	AVX512_FP16_512	64	62 f5 7c 49 5e 00	VDIVPH_ZMMf16_MASKmskw_ZMMf16_MEMf16_AVX512	6	exact	exact	structural_only	exact	decode_exact	cpu_legality_and_semantics_pending
VDIVPH_ZMMf16_MASKmskw_ZMMf16_ZMMf16_AVX512	VDIVPH	FP16	AVX512EVEX	AVX512_FP16_512	64	62 f5 7c 59 5e c0	VDIVPH_ZMMf16_MASKmskw_ZMMf16_ZMMf16_AVX512	6	exact	exact	structural_only	exact	decode_exact	cpu_legality_and_semantics_pending
VDIVSH_XMMf16_MASKmskw_XMMf16_MEMf16_AVX512	VDIVSH	FP16	AVX512EVEX	AVX512_FP16_SCALAR	64	62 f5 7e 09 5e 00	VDIVSH_XMMf16_MASKmskw_XMMf16_MEMf16_AVX512	6	exact	exact	structural_only	exact	decode_exact	cpu_legality_and_semantics_pending
VDIVSH_XMMf16_MASKmskw_XMMf16_XMMf16_AVX512	VDIVSH	FP16	AVX512EVEX	AVX512_FP16_SCALAR	64	62 f5 7e 09 5e c0	VDIVSH_XMMf16_MASKmskw_XMMf16_XMMf16_AVX512	6	exact	exact	structural_only	exact	decode_exact	cpu_legality_and_semantics_pending
VDPBF16PS_XMMf32_MASKmskw_XMMu32_MEMu32_AVX512	VDPBF16PS	AVX512	AVX512EVEX	AVX512_BF16_128	64	62 f2 7e 09 52 00	VDPBF16PS_XMMf32_MASKmskw_XMMu32_MEMu32_AVX512	6	exact	exact	structural_only	exact	decode_exact	cpu_legality_and_semantics_pending
VDPBF16PS_XMMf32_MASKmskw_XMMu32_XMMu32_AVX512	VDPBF16PS	AVX512	AVX512EVEX	AVX512_BF16_128	64	62 f2 7e 09 52 c0	VDPBF16PS_XMMf32_MASKmskw_XMMu32_XMMu32_AVX512	6	exact	exact	structural_only	exact	decode_exact	cpu_legality_and_semantics_pending
VDPBF16PS_YMMf32_MASKmskw_YMMu32_MEMu32_AVX512	VDPBF16PS	AVX512	AVX512EVEX	AVX512_BF16_256	64	62 f2 7e 29 52 00	VDPBF16PS_YMMf32_MASKmskw_YMMu32_MEMu32_AVX512	6	exact	exact	structural_only	exact	decode_exact	cpu_legality_and_semantics_pending
VDPBF16PS_YMMf32_MASKmskw_YMMu32_YMMu32_AVX512	VDPBF16PS	AVX512	AVX512EVEX	AVX512_BF16_256	64	62 f2 7e 29 52 c0	VDPBF16PS_YMMf32_MASKmskw_YMMu32_YMMu32_AVX512	6	exact	exact	structural_only	exact	decode_exact	cpu_legality_and_semantics_pending
VDPBF16PS_ZMMf32_MASKmskw_ZMMu32_MEMu32_AVX512	VDPBF16PS	AVX512	AVX512EVEX	AVX512_BF16_512	64	62 f2 7e 49 52 00	VDPBF16PS_ZMMf32_MASKmskw_ZMMu32_MEMu32_AVX512	6	exact	exact	structural_only	exact	decode_exact	cpu_legality_and_semantics_pending
VDPBF16PS_ZMMf32_MASKmskw_ZMMu32_ZMMu32_AVX512	VDPBF16PS	AVX512	AVX512EVEX	AVX512_BF16_512	64	62 f2 7e 49 52 c0	VDPBF16PS_ZMMf32_MASKmskw_ZMMu32_ZMMu32_AVX512	6	exact	exact	structural_only	exact	decode_exact	cpu_legality_and_semantics_pending
VDPPHPS_XMMf32_MASKmskw_XMM2f16_MEM2f16_AVX512	VDPPHPS	AVX512	AVX512EVEX	AVX512_VNNI_FP16_128	64	62 f2 7c 09 52 00	VDPPHPS_XMMf32_MASKmskw_XMM2f16_MEM2f16_AVX512	6	exact	exact	structural_only	exact	decode_exact	cpu_legality_and_semantics_pending
VDPPHPS_XMMf32_MASKmskw_XMM2f16_XMM2f16_AVX512	VDPPHPS	AVX512	AVX512EVEX	AVX512_VNNI_FP16_128	64	62 f2 7c 09 52 c0	VDPPHPS_XMMf32_MASKmskw_XMM2f16_XMM2f16_AVX512	6	exact	exact	structural_only	exact	decode_exact	cpu_legality_and_semantics_pending
VDPPHPS_YMMf32_MASKmskw_YMM2f16_MEM2f16_AVX512	VDPPHPS	AVX512	AVX512EVEX	AVX512_VNNI_FP16_256	64	62 f2 7c 29 52 00	VDPPHPS_YMMf32_MASKmskw_YMM2f16_MEM2f16_AVX512	6	exact	exact	structural_only	exact	decode_exact	cpu_legality_and_semantics_pending
VDPPHPS_YMMf32_MASKmskw_YMM2f16_YMM2f16_AVX512	VDPPHPS	AVX512	AVX512EVEX	AVX512_VNNI_FP16_256	64	62 f2 7c 29 52 c0	VDPPHPS_YMMf32_MASKmskw_YMM2f16_YMM2f16_AVX512	6	exact	exact	structural_only	exact	decode_exact	cpu_legality_and_semantics_pending
VDPPHPS_ZMMf32_MASKmskw_ZMM2f16_MEM2f16_AVX512	VDPPHPS	AVX512	AVX512EVEX	AVX512_VNNI_FP16_512	64	62 f2 7c 49 52 00	VDPPHPS_ZMMf32_MASKmskw_ZMM2f16_MEM2f16_AVX512	6	exact	exact	structural_only	exact	decode_exact	cpu_legality_and_semantics_pending
VDPPHPS_ZMMf32_MASKmskw_ZMM2f16_ZMM2f16_AVX512	VDPPHPS	AVX512	AVX512EVEX	AVX512_VNNI_FP16_512	64	62 f2 7c 49 52 c0	VDPPHPS_ZMMf32_MASKmskw_ZMM2f16_ZMM2f16_AVX512	6	exact	exact	structural_only	exact	decode_exact	cpu_legality_and_semantics_pending
VEXP2PD_ZMMf64_MASKmskw_MEMf64_AVX512ER	VEXP2PD	AVX512	AVX512EVEX	AVX512ER_512	64	62 f2 fd 49 c8 00	VEXP2PD_ZMMf64_MASKmskw_MEMf64_AVX512ER	6	exact	exact	structural_only	exact	decode_exact	cpu_legality_and_semantics_pending
VEXP2PD_ZMMf64_MASKmskw_ZMMf64_AVX512ER	VEXP2PD	AVX512	AVX512EVEX	AVX512ER_512	64	62 f2 fd 49 c8 c0	VEXP2PD_ZMMf64_MASKmskw_ZMMf64_AVX512ER	6	exact	exact	structural_only	exact	decode_exact	cpu_legality_and_semantics_pending
VEXP2PS_ZMMf32_MASKmskw_MEMf32_AVX512ER	VEXP2PS	AVX512	AVX512EVEX	AVX512ER_512	64	62 f2 7d 49 c8 00	VEXP2PS_ZMMf32_MASKmskw_MEMf32_AVX512ER	6	exact	exact	structural_only	exact	decode_exact	cpu_legality_and_semantics_pending
VEXP2PS_ZMMf32_MASKmskw_ZMMf32_AVX512ER	VEXP2PS	AVX512	AVX512EVEX	AVX512ER_512	64	62 f2 7d 59 c8 c0	VEXP2PS_ZMMf32_MASKmskw_ZMMf32_AVX512ER	6	exact	exact	structural_only	exact	decode_exact	cpu_legality_and_semantics_pending
VFCMADDCPH_XMM2f16_MASKmskw_XMM2f16_MEM2f16_AVX512	VFCMADDCPH	FP16	AVX512EVEX	AVX512_FP16_128	64	62 f6 7b 01 56 00	VFCMADDCPH_XMM2f16_MASKmskw_XMM2f16_MEM2f16_AVX512	6	exact	exact	structural_only	exact	decode_exact	cpu_legality_and_semantics_pending
VFCMADDCPH_XMM2f16_MASKmskw_XMM2f16_XMM2f16_AVX512	VFCMADDCPH	FP16	AVX512EVEX	AVX512_FP16_128	64	62 f6 7f 01 56 c1	VFCMADDCPH_XMM2f16_MASKmskw_XMM2f16_XMM2f16_AVX512	6	exact	exact	structural_only	exact	decode_exact	cpu_legality_and_semantics_pending
VFCMADDCPH_YMM2f16_MASKmskw_YMM2f16_MEM2f16_AVX512	VFCMADDCPH	FP16	AVX512EVEX	AVX512_FP16_256	64	62 f6 7b 21 56 00	VFCMADDCPH_YMM2f16_MASKmskw_YMM2f16_MEM2f16_AVX512	6	exact	exact	structural_only	exact	decode_exact	cpu_legality_and_semantics_pending
VFCMADDCPH_YMM2f16_MASKmskw_YMM2f16_YMM2f16_AVX512	VFCMADDCPH	FP16	AVX512EVEX	AVX512_FP16_256	64	62 f6 7f 21 56 c1	VFCMADDCPH_YMM2f16_MASKmskw_YMM2f16_YMM2f16_AVX512	6	exact	exact	structural_only	exact	decode_exact	cpu_legality_and_semantics_pending
VFCMADDCPH_ZMM2f16_MASKmskw_ZMM2f16_MEM2f16_AVX512	VFCMADDCPH	FP16	AVX512EVEX	AVX512_FP16_512	64	62 f6 7b 41 56 00	VFCMADDCPH_ZMM2f16_MASKmskw_ZMM2f16_MEM2f16_AVX512	6	exact	exact	structural_only	exact	decode_exact	cpu_legality_and_semantics_pending
VFCMADDCPH_ZMM2f16_MASKmskw_ZMM2f16_ZMM2f16_AVX512	VFCMADDCPH	FP16	AVX512EVEX	AVX512_FP16_512	64	62 f6 7f 51 56 c1	VFCMADDCPH_ZMM2f16_MASKmskw_ZMM2f16_ZMM2f16_AVX512	6	exact	exact	structural_only	exact	decode_exact	cpu_legality_and_semantics_pending
VFCMADDCSH_XMM2f16_MASKmskw_XMM2f16_MEM2f16_AVX512	VFCMADDCSH	FP16	AVX512EVEX	AVX512_FP16_SCALAR	64	62 f6 7b 01 57 00	VFCMADDCSH_XMM2f16_MASKmskw_XMM2f16_MEM2f16_AVX512	6	exact	exact	structural_only	exact	decode_exact	cpu_legality_and_semantics_pending
VFCMADDCSH_XMM2f16_MASKmskw_XMM2f16_XMM2f16_AVX512	VFCMADDCSH	FP16	AVX512EVEX	AVX512_FP16_SCALAR	64	62 f6 7f 01 57 c1	VFCMADDCSH_XMM2f16_MASKmskw_XMM2f16_XMM2f16_AVX512	6	exact	exact	structural_only	exact	decode_exact	cpu_legality_and_semantics_pending
VFCMULCPH_XMM2f16_MASKmskw_XMM2f16_MEM2f16_AVX512	VFCMULCPH	FP16	AVX512EVEX	AVX512_FP16_128	64	62 f6 7b 01 d6 00	VFCMULCPH_XMM2f16_MASKmskw_XMM2f16_MEM2f16_AVX512	6	exact	exact	structural_only	exact	decode_exact	cpu_legality_and_semantics_pending
VFCMULCPH_XMM2f16_MASKmskw_XMM2f16_XMM2f16_AVX512	VFCMULCPH	FP16	AVX512EVEX	AVX512_FP16_128	64	62 f6 7f 01 d6 c1	VFCMULCPH_XMM2f16_MASKmskw_XMM2f16_XMM2f16_AVX512	6	exact	exact	structural_only	exact	decode_exact	cpu_legality_and_semantics_pending
VFCMULCPH_YMM2f16_MASKmskw_YMM2f16_MEM2f16_AVX512	VFCMULCPH	FP16	AVX512EVEX	AVX512_FP16_256	64	62 f6 7b 21 d6 00	VFCMULCPH_YMM2f16_MASKmskw_YMM2f16_MEM2f16_AVX512	6	exact	exact	structural_only	exact	decode_exact	cpu_legality_and_semantics_pending
VFCMULCPH_YMM2f16_MASKmskw_YMM2f16_YMM2f16_AVX512	VFCMULCPH	FP16	AVX512EVEX	AVX512_FP16_256	64	62 f6 7f 21 d6 c1	VFCMULCPH_YMM2f16_MASKmskw_YMM2f16_YMM2f16_AVX512	6	exact	exact	structural_only	exact	decode_exact	cpu_legality_and_semantics_pending
VFCMULCPH_ZMM2f16_MASKmskw_ZMM2f16_MEM2f16_AVX512	VFCMULCPH	FP16	AVX512EVEX	AVX512_FP16_512	64	62 f6 7b 41 d6 00	VFCMULCPH_ZMM2f16_MASKmskw_ZMM2f16_MEM2f16_AVX512	6	exact	exact	structural_only	exact	decode_exact	cpu_legality_and_semantics_pending
VFCMULCPH_ZMM2f16_MASKmskw_ZMM2f16_ZMM2f16_AVX512	VFCMULCPH	FP16	AVX512EVEX	AVX512_FP16_512	64	62 f6 7f 51 d6 c1	VFCMULCPH_ZMM2f16_MASKmskw_ZMM2f16_ZMM2f16_AVX512	6	exact	exact	structural_only	exact	decode_exact	cpu_legality_and_semantics_pending
VFCMULCSH_XMM2f16_MASKmskw_XMM2f16_MEM2f16_AVX512	VFCMULCSH	FP16	AVX512EVEX	AVX512_FP16_SCALAR	64	62 f6 7b 01 d7 00	VFCMULCSH_XMM2f16_MASKmskw_XMM2f16_MEM2f16_AVX512	6	exact	exact	structural_only	exact	decode_exact	cpu_legality_and_semantics_pending
VFCMULCSH_XMM2f16_MASKmskw_XMM2f16_XMM2f16_AVX512	VFCMULCSH	FP16	AVX512EVEX	AVX512_FP16_SCALAR	64	62 f6 7f 01 d7 c1	VFCMULCSH_XMM2f16_MASKmskw_XMM2f16_XMM2f16_AVX512	6	exact	exact	structural_only	exact	decode_exact	cpu_legality_and_semantics_pending
VFIXUPIMMPD_XMMf64_MASKmskw_XMMf64_MEMf64_IMM8_AVX512	VFIXUPIMMPD	AVX512	AVX512EVEX	AVX512F_128	64	62 f3 fd 09 54 00 00	VFIXUPIMMPD_XMMf64_MASKmskw_XMMf64_MEMf64_IMM8_AVX512	7	exact	exact	structural_only	exact	decode_exact	cpu_legality_and_semantics_pending
VFIXUPIMMPD_XMMf64_MASKmskw_XMMf64_XMMf64_IMM8_AVX512	VFIXUPIMMPD	AVX512	AVX512EVEX	AVX512F_128	64	62 f3 fd 09 54 c0 00	VFIXUPIMMPD_XMMf64_MASKmskw_XMMf64_XMMf64_IMM8_AVX512	7	exact	exact	structural_only	exact	decode_exact	cpu_legality_and_semantics_pending
VFIXUPIMMPD_YMMf64_MASKmskw_YMMf64_MEMf64_IMM8_AVX512	VFIXUPIMMPD	AVX512	AVX512EVEX	AVX512F_256	64	62 f3 fd 29 54 00 00	VFIXUPIMMPD_YMMf64_MASKmskw_YMMf64_MEMf64_IMM8_AVX512	7	exact	exact	structural_only	exact	decode_exact	cpu_legality_and_semantics_pending
VFIXUPIMMPD_YMMf64_MASKmskw_YMMf64_YMMf64_IMM8_AVX512	VFIXUPIMMPD	AVX512	AVX512EVEX	AVX512F_256	64	62 f3 fd 29 54 c0 00	VFIXUPIMMPD_YMMf64_MASKmskw_YMMf64_YMMf64_IMM8_AVX512	7	exact	exact	structural_only	exact	decode_exact	cpu_legality_and_semantics_pending
VFIXUPIMMPD_ZMMf64_MASKmskw_ZMMf64_MEMf64_IMM8_AVX512	VFIXUPIMMPD	AVX512	AVX512EVEX	AVX512F_512	64	62 f3 fd 49 54 00 00	VFIXUPIMMPD_ZMMf64_MASKmskw_ZMMf64_MEMf64_IMM8_AVX512	7	exact	exact	structural_only	exact	decode_exact	cpu_legality_and_semantics_pending
VFIXUPIMMPD_ZMMf64_MASKmskw_ZMMf64_ZMMf64_IMM8_AVX512	VFIXUPIMMPD	AVX512	AVX512EVEX	AVX512F_512	64	62 f3 fd 59 54 c0 00	VFIXUPIMMPD_ZMMf64_MASKmskw_ZMMf64_ZMMf64_IMM8_AVX512	7	exact	exact	structural_only	exact	decode_exact	cpu_legality_and_semantics_pending
VFIXUPIMMPS_XMMf32_MASKmskw_XMMf32_MEMf32_IMM8_AVX512	VFIXUPIMMPS	AVX512	AVX512EVEX	AVX512F_128	64	62 f3 7d 09 54 00 00	VFIXUPIMMPS_XMMf32_MASKmskw_XMMf32_MEMf32_IMM8_AVX512	7	exact	exact	structural_only	exact	decode_exact	cpu_legality_and_semantics_pending
VFIXUPIMMPS_XMMf32_MASKmskw_XMMf32_XMMf32_IMM8_AVX512	VFIXUPIMMPS	AVX512	AVX512EVEX	AVX512F_128	64	62 f3 7d 09 54 c0 00	VFIXUPIMMPS_XMMf32_MASKmskw_XMMf32_XMMf32_IMM8_AVX512	7	exact	exact	structural_only	exact	decode_exact	cpu_legality_and_semantics_pending
VFIXUPIMMPS_YMMf32_MASKmskw_YMMf32_MEMf32_IMM8_AVX512	VFIXUPIMMPS	AVX512	AVX512EVEX	AVX512F_256	64	62 f3 7d 29 54 00 00	VFIXUPIMMPS_YMMf32_MASKmskw_YMMf32_MEMf32_IMM8_AVX512	7	exact	exact	structural_only	exact	decode_exact	cpu_legality_and_semantics_pending
VFIXUPIMMPS_YMMf32_MASKmskw_YMMf32_YMMf32_IMM8_AVX512	VFIXUPIMMPS	AVX512	AVX512EVEX	AVX512F_256	64	62 f3 7d 29 54 c0 00	VFIXUPIMMPS_YMMf32_MASKmskw_YMMf32_YMMf32_IMM8_AVX512	7	exact	exact	structural_only	exact	decode_exact	cpu_legality_and_semantics_pending
VFIXUPIMMPS_ZMMf32_MASKmskw_ZMMf32_MEMf32_IMM8_AVX512	VFIXUPIMMPS	AVX512	AVX512EVEX	AVX512F_512	64	62 f3 7d 49 54 00 00	VFIXUPIMMPS_ZMMf32_MASKmskw_ZMMf32_MEMf32_IMM8_AVX512	7	exact	exact	structural_only	exact	decode_exact	cpu_legality_and_semantics_pending
VFIXUPIMMPS_ZMMf32_MASKmskw_ZMMf32_ZMMf32_IMM8_AVX512	VFIXUPIMMPS	AVX512	AVX512EVEX	AVX512F_512	64	62 f3 7d 49 54 c0 00	VFIXUPIMMPS_ZMMf32_MASKmskw_ZMMf32_ZMMf32_IMM8_AVX512	7	exact	exact	structural_only	exact	decode_exact	cpu_legality_and_semantics_pending
VFIXUPIMMSD_XMMf64_MASKmskw_XMMf64_MEMf64_IMM8_AVX512	VFIXUPIMMSD	AVX512	AVX512EVEX	AVX512F_SCALAR	64	62 f3 fd 09 55 00 00	VFIXUPIMMSD_XMMf64_MASKmskw_XMMf64_MEMf64_IMM8_AVX512	7	exact	exact	structural_only	exact	decode_exact	cpu_legality_and_semantics_pending
VFIXUPIMMSD_XMMf64_MASKmskw_XMMf64_XMMf64_IMM8_AVX512	VFIXUPIMMSD	AVX512	AVX512EVEX	AVX512F_SCALAR	64	62 f3 fd 09 55 c0 00	VFIXUPIMMSD_XMMf64_MASKmskw_XMMf64_XMMf64_IMM8_AVX512	7	exact	exact	structural_only	exact	decode_exact	cpu_legality_and_semantics_pending
VFIXUPIMMSS_XMMf32_MASKmskw_XMMf32_MEMf32_IMM8_AVX512	VFIXUPIMMSS	AVX512	AVX512EVEX	AVX512F_SCALAR	64	62 f3 7d 09 55 00 00	VFIXUPIMMSS_XMMf32_MASKmskw_XMMf32_MEMf32_IMM8_AVX512	7	exact	exact	structural_only	exact	decode_exact	cpu_legality_and_semantics_pending
VFIXUPIMMSS_XMMf32_MASKmskw_XMMf32_XMMf32_IMM8_AVX512	VFIXUPIMMSS	AVX512	AVX512EVEX	AVX512F_SCALAR	64	62 f3 7d 19 55 c0 00	VFIXUPIMMSS_XMMf32_MASKmskw_XMMf32_XMMf32_IMM8_AVX512	7	exact	exact	structural_only	exact	decode_exact	cpu_legality_and_semantics_pending
VFMADD132BF16_XMMbf16_MASKmskw_XMMbf16_MEMbf16_AVX512	VFMADD132BF16	VFMA	AVX512EVEX	AVX10_2_BF16_128	64	62 f6 7c 09 98 00	VFMADD132BF16_XMMbf16_MASKmskw_XMMbf16_MEMbf16_AVX512	6	exact	exact	structural_only	exact	decode_exact	cpu_legality_and_semantics_pending
VFMADD132BF16_XMMbf16_MASKmskw_XMMbf16_XMMbf16_AVX512	VFMADD132BF16	VFMA	AVX512EVEX	AVX10_2_BF16_128	64	62 f6 7c 09 98 c0	VFMADD132BF16_XMMbf16_MASKmskw_XMMbf16_XMMbf16_AVX512	6	exact	exact	structural_only	exact	decode_exact	cpu_legality_and_semantics_pending
VFMADD132BF16_YMMbf16_MASKmskw_YMMbf16_MEMbf16_AVX512	VFMADD132BF16	VFMA	AVX512EVEX	AVX10_2_BF16_256	64	62 f6 7c 29 98 00	VFMADD132BF16_YMMbf16_MASKmskw_YMMbf16_MEMbf16_AVX512	6	exact	exact	structural_only	exact	decode_exact	cpu_legality_and_semantics_pending
VFMADD132BF16_YMMbf16_MASKmskw_YMMbf16_YMMbf16_AVX512	VFMADD132BF16	VFMA	AVX512EVEX	AVX10_2_BF16_256	64	62 f6 7c 29 98 c0	VFMADD132BF16_YMMbf16_MASKmskw_YMMbf16_YMMbf16_AVX512	6	exact	exact	structural_only	exact	decode_exact	cpu_legality_and_semantics_pending
VFMADD132BF16_ZMMbf16_MASKmskw_ZMMbf16_MEMbf16_AVX512	VFMADD132BF16	VFMA	AVX512EVEX	AVX10_2_BF16_512	64	62 f6 7c 49 98 00	VFMADD132BF16_ZMMbf16_MASKmskw_ZMMbf16_MEMbf16_AVX512	6	exact	exact	structural_only	exact	decode_exact	cpu_legality_and_semantics_pending
VFMADD132BF16_ZMMbf16_MASKmskw_ZMMbf16_ZMMbf16_AVX512	VFMADD132BF16	VFMA	AVX512EVEX	AVX10_2_BF16_512	64	62 f6 7c 49 98 c0	VFMADD132BF16_ZMMbf16_MASKmskw_ZMMbf16_ZMMbf16_AVX512	6	exact	exact	structural_only	exact	decode_exact	cpu_legality_and_semantics_pending
VFMADD132PH_XMMf16_MASKmskw_XMMf16_MEMf16_AVX512	VFMADD132PH	FP16	AVX512EVEX	AVX512_FP16_128	64	62 f6 7d 09 98 00	VFMADD132PH_XMMf16_MASKmskw_XMMf16_MEMf16_AVX512	6	exact	exact	structural_only	exact	decode_exact	cpu_legality_and_semantics_pending
VFMADD132PH_XMMf16_MASKmskw_XMMf16_XMMf16_AVX512	VFMADD132PH	FP16	AVX512EVEX	AVX512_FP16_128	64	62 f6 7d 09 98 c0	VFMADD132PH_XMMf16_MASKmskw_XMMf16_XMMf16_AVX512	6	exact	exact	structural_only	exact	decode_exact	cpu_legality_and_semantics_pending
VFMADD132PH_YMMf16_MASKmskw_YMMf16_MEMf16_AVX512	VFMADD132PH	FP16	AVX512EVEX	AVX512_FP16_256	64	62 f6 7d 29 98 00	VFMADD132PH_YMMf16_MASKmskw_YMMf16_MEMf16_AVX512	6	exact	exact	structural_only	exact	decode_exact	cpu_legality_and_semantics_pending
VFMADD132PH_YMMf16_MASKmskw_YMMf16_YMMf16_AVX512	VFMADD132PH	FP16	AVX512EVEX	AVX512_FP16_256	64	62 f6 7d 29 98 c0	VFMADD132PH_YMMf16_MASKmskw_YMMf16_YMMf16_AVX512	6	exact	exact	structural_only	exact	decode_exact	cpu_legality_and_semantics_pending
VFMADD132PH_ZMMf16_MASKmskw_ZMMf16_MEMf16_AVX512	VFMADD132PH	FP16	AVX512EVEX	AVX512_FP16_512	64	62 f6 7d 49 98 00	VFMADD132PH_ZMMf16_MASKmskw_ZMMf16_MEMf16_AVX512	6	exact	exact	structural_only	exact	decode_exact	cpu_legality_and_semantics_pending
VFMADD132PH_ZMMf16_MASKmskw_ZMMf16_ZMMf16_AVX512	VFMADD132PH	FP16	AVX512EVEX	AVX512_FP16_512	64	62 f6 7d 59 98 c0	VFMADD132PH_ZMMf16_MASKmskw_ZMMf16_ZMMf16_AVX512	6	exact	exact	structural_only	exact	decode_exact	cpu_legality_and_semantics_pending
VFMADD132SH_XMMf16_MASKmskw_XMMf16_MEMf16_AVX512	VFMADD132SH	FP16	AVX512EVEX	AVX512_FP16_SCALAR	64	62 f6 7d 09 99 00	VFMADD132SH_XMMf16_MASKmskw_XMMf16_MEMf16_AVX512	6	exact	exact	structural_only	exact	decode_exact	cpu_legality_and_semantics_pending
VFMADD132SH_XMMf16_MASKmskw_XMMf16_XMMf16_AVX512	VFMADD132SH	FP16	AVX512EVEX	AVX512_FP16_SCALAR	64	62 f6 7d 09 99 c0	VFMADD132SH_XMMf16_MASKmskw_XMMf16_XMMf16_AVX512	6	exact	exact	structural_only	exact	decode_exact	cpu_legality_and_semantics_pending
VFMADD213BF16_XMMbf16_MASKmskw_XMMbf16_MEMbf16_AVX512	VFMADD213BF16	VFMA	AVX512EVEX	AVX10_2_BF16_128	64	62 f6 7c 09 a8 00	VFMADD213BF16_XMMbf16_MASKmskw_XMMbf16_MEMbf16_AVX512	6	exact	exact	structural_only	exact	decode_exact	cpu_legality_and_semantics_pending
VFMADD213BF16_XMMbf16_MASKmskw_XMMbf16_XMMbf16_AVX512	VFMADD213BF16	VFMA	AVX512EVEX	AVX10_2_BF16_128	64	62 f6 7c 09 a8 c0	VFMADD213BF16_XMMbf16_MASKmskw_XMMbf16_XMMbf16_AVX512	6	exact	exact	structural_only	exact	decode_exact	cpu_legality_and_semantics_pending
VFMADD213BF16_YMMbf16_MASKmskw_YMMbf16_MEMbf16_AVX512	VFMADD213BF16	VFMA	AVX512EVEX	AVX10_2_BF16_256	64	62 f6 7c 29 a8 00	VFMADD213BF16_YMMbf16_MASKmskw_YMMbf16_MEMbf16_AVX512	6	exact	exact	structural_only	exact	decode_exact	cpu_legality_and_semantics_pending
VFMADD213BF16_YMMbf16_MASKmskw_YMMbf16_YMMbf16_AVX512	VFMADD213BF16	VFMA	AVX512EVEX	AVX10_2_BF16_256	64	62 f6 7c 29 a8 c0	VFMADD213BF16_YMMbf16_MASKmskw_YMMbf16_YMMbf16_AVX512	6	exact	exact	structural_only	exact	decode_exact	cpu_legality_and_semantics_pending
VFMADD213BF16_ZMMbf16_MASKmskw_ZMMbf16_MEMbf16_AVX512	VFMADD213BF16	VFMA	AVX512EVEX	AVX10_2_BF16_512	64	62 f6 7c 49 a8 00	VFMADD213BF16_ZMMbf16_MASKmskw_ZMMbf16_MEMbf16_AVX512	6	exact	exact	structural_only	exact	decode_exact	cpu_legality_and_semantics_pending
VFMADD213BF16_ZMMbf16_MASKmskw_ZMMbf16_ZMMbf16_AVX512	VFMADD213BF16	VFMA	AVX512EVEX	AVX10_2_BF16_512	64	62 f6 7c 49 a8 c0	VFMADD213BF16_ZMMbf16_MASKmskw_ZMMbf16_ZMMbf16_AVX512	6	exact	exact	structural_only	exact	decode_exact	cpu_legality_and_semantics_pending
VFMADD213PH_XMMf16_MASKmskw_XMMf16_MEMf16_AVX512	VFMADD213PH	FP16	AVX512EVEX	AVX512_FP16_128	64	62 f6 7d 09 a8 00	VFMADD213PH_XMMf16_MASKmskw_XMMf16_MEMf16_AVX512	6	exact	exact	structural_only	exact	decode_exact	cpu_legality_and_semantics_pending
VFMADD213PH_XMMf16_MASKmskw_XMMf16_XMMf16_AVX512	VFMADD213PH	FP16	AVX512EVEX	AVX512_FP16_128	64	62 f6 7d 09 a8 c0	VFMADD213PH_XMMf16_MASKmskw_XMMf16_XMMf16_AVX512	6	exact	exact	structural_only	exact	decode_exact	cpu_legality_and_semantics_pending
VFMADD213PH_YMMf16_MASKmskw_YMMf16_MEMf16_AVX512	VFMADD213PH	FP16	AVX512EVEX	AVX512_FP16_256	64	62 f6 7d 29 a8 00	VFMADD213PH_YMMf16_MASKmskw_YMMf16_MEMf16_AVX512	6	exact	exact	structural_only	exact	decode_exact	cpu_legality_and_semantics_pending
VFMADD213PH_YMMf16_MASKmskw_YMMf16_YMMf16_AVX512	VFMADD213PH	FP16	AVX512EVEX	AVX512_FP16_256	64	62 f6 7d 29 a8 c0	VFMADD213PH_YMMf16_MASKmskw_YMMf16_YMMf16_AVX512	6	exact	exact	structural_only	exact	decode_exact	cpu_legality_and_semantics_pending
VFMADD213PH_ZMMf16_MASKmskw_ZMMf16_MEMf16_AVX512	VFMADD213PH	FP16	AVX512EVEX	AVX512_FP16_512	64	62 f6 7d 49 a8 00	VFMADD213PH_ZMMf16_MASKmskw_ZMMf16_MEMf16_AVX512	6	exact	exact	structural_only	exact	decode_exact	cpu_legality_and_semantics_pending
VFMADD213PH_ZMMf16_MASKmskw_ZMMf16_ZMMf16_AVX512	VFMADD213PH	FP16	AVX512EVEX	AVX512_FP16_512	64	62 f6 7d 49 a8 c0	VFMADD213PH_ZMMf16_MASKmskw_ZMMf16_ZMMf16_AVX512	6	exact	exact	structural_only	exact	decode_exact	cpu_legality_and_semantics_pending
VFMADD213SH_XMMf16_MASKmskw_XMMf16_MEMf16_AVX512	VFMADD213SH	FP16	AVX512EVEX	AVX512_FP16_SCALAR	64	62 f6 7d 09 a9 00	VFMADD213SH_XMMf16_MASKmskw_XMMf16_MEMf16_AVX512	6	exact	exact	structural_only	exact	decode_exact	cpu_legality_and_semantics_pending
VFMADD213SH_XMMf16_MASKmskw_XMMf16_XMMf16_AVX512	VFMADD213SH	FP16	AVX512EVEX	AVX512_FP16_SCALAR	64	62 f6 7d 09 a9 c0	VFMADD213SH_XMMf16_MASKmskw_XMMf16_XMMf16_AVX512	6	exact	exact	structural_only	exact	decode_exact	cpu_legality_and_semantics_pending
VFMADD231BF16_XMMbf16_MASKmskw_XMMbf16_MEMbf16_AVX512	VFMADD231BF16	VFMA	AVX512EVEX	AVX10_2_BF16_128	64	62 f6 7c 09 b8 00	VFMADD231BF16_XMMbf16_MASKmskw_XMMbf16_MEMbf16_AVX512	6	exact	exact	structural_only	exact	decode_exact	cpu_legality_and_semantics_pending
VFMADD231BF16_XMMbf16_MASKmskw_XMMbf16_XMMbf16_AVX512	VFMADD231BF16	VFMA	AVX512EVEX	AVX10_2_BF16_128	64	62 f6 7c 09 b8 c0	VFMADD231BF16_XMMbf16_MASKmskw_XMMbf16_XMMbf16_AVX512	6	exact	exact	structural_only	exact	decode_exact	cpu_legality_and_semantics_pending
VFMADD231BF16_YMMbf16_MASKmskw_YMMbf16_MEMbf16_AVX512	VFMADD231BF16	VFMA	AVX512EVEX	AVX10_2_BF16_256	64	62 f6 7c 29 b8 00	VFMADD231BF16_YMMbf16_MASKmskw_YMMbf16_MEMbf16_AVX512	6	exact	exact	structural_only	exact	decode_exact	cpu_legality_and_semantics_pending
VFMADD231BF16_YMMbf16_MASKmskw_YMMbf16_YMMbf16_AVX512	VFMADD231BF16	VFMA	AVX512EVEX	AVX10_2_BF16_256	64	62 f6 7c 29 b8 c0	VFMADD231BF16_YMMbf16_MASKmskw_YMMbf16_YMMbf16_AVX512	6	exact	exact	structural_only	exact	decode_exact	cpu_legality_and_semantics_pending
VFMADD231BF16_ZMMbf16_MASKmskw_ZMMbf16_MEMbf16_AVX512	VFMADD231BF16	VFMA	AVX512EVEX	AVX10_2_BF16_512	64	62 f6 7c 49 b8 00	VFMADD231BF16_ZMMbf16_MASKmskw_ZMMbf16_MEMbf16_AVX512	6	exact	exact	structural_only	exact	decode_exact	cpu_legality_and_semantics_pending
VFMADD231BF16_ZMMbf16_MASKmskw_ZMMbf16_ZMMbf16_AVX512	VFMADD231BF16	VFMA	AVX512EVEX	AVX10_2_BF16_512	64	62 f6 7c 49 b8 c0	VFMADD231BF16_ZMMbf16_MASKmskw_ZMMbf16_ZMMbf16_AVX512	6	exact	exact	structural_only	exact	decode_exact	cpu_legality_and_semantics_pending
VFMADD231PH_XMMf16_MASKmskw_XMMf16_MEMf16_AVX512	VFMADD231PH	FP16	AVX512EVEX	AVX512_FP16_128	64	62 f6 7d 09 b8 00	VFMADD231PH_XMMf16_MASKmskw_XMMf16_MEMf16_AVX512	6	exact	exact	structural_only	exact	decode_exact	cpu_legality_and_semantics_pending
VFMADD231PH_XMMf16_MASKmskw_XMMf16_XMMf16_AVX512	VFMADD231PH	FP16	AVX512EVEX	AVX512_FP16_128	64	62 f6 7d 09 b8 c0	VFMADD231PH_XMMf16_MASKmskw_XMMf16_XMMf16_AVX512	6	exact	exact	structural_only	exact	decode_exact	cpu_legality_and_semantics_pending
VFMADD231PH_YMMf16_MASKmskw_YMMf16_MEMf16_AVX512	VFMADD231PH	FP16	AVX512EVEX	AVX512_FP16_256	64	62 f6 7d 29 b8 00	VFMADD231PH_YMMf16_MASKmskw_YMMf16_MEMf16_AVX512	6	exact	exact	structural_only	exact	decode_exact	cpu_legality_and_semantics_pending
VFMADD231PH_YMMf16_MASKmskw_YMMf16_YMMf16_AVX512	VFMADD231PH	FP16	AVX512EVEX	AVX512_FP16_256	64	62 f6 7d 29 b8 c0	VFMADD231PH_YMMf16_MASKmskw_YMMf16_YMMf16_AVX512	6	exact	exact	structural_only	exact	decode_exact	cpu_legality_and_semantics_pending
VFMADD231PH_ZMMf16_MASKmskw_ZMMf16_MEMf16_AVX512	VFMADD231PH	FP16	AVX512EVEX	AVX512_FP16_512	64	62 f6 7d 49 b8 00	VFMADD231PH_ZMMf16_MASKmskw_ZMMf16_MEMf16_AVX512	6	exact	exact	structural_only	exact	decode_exact	cpu_legality_and_semantics_pending
VFMADD231PH_ZMMf16_MASKmskw_ZMMf16_ZMMf16_AVX512	VFMADD231PH	FP16	AVX512EVEX	AVX512_FP16_512	64	62 f6 7d 49 b8 c0	VFMADD231PH_ZMMf16_MASKmskw_ZMMf16_ZMMf16_AVX512	6	exact	exact	structural_only	exact	decode_exact	cpu_legality_and_semantics_pending
VFMADD231SH_XMMf16_MASKmskw_XMMf16_MEMf16_AVX512	VFMADD231SH	FP16	AVX512EVEX	AVX512_FP16_SCALAR	64	62 f6 7d 09 b9 00	VFMADD231SH_XMMf16_MASKmskw_XMMf16_MEMf16_AVX512	6	exact	exact	structural_only	exact	decode_exact	cpu_legality_and_semantics_pending
VFMADD231SH_XMMf16_MASKmskw_XMMf16_XMMf16_AVX512	VFMADD231SH	FP16	AVX512EVEX	AVX512_FP16_SCALAR	64	62 f6 7d 09 b9 c0	VFMADD231SH_XMMf16_MASKmskw_XMMf16_XMMf16_AVX512	6	exact	exact	structural_only	exact	decode_exact	cpu_legality_and_semantics_pending
VFMADDCPH_XMM2f16_MASKmskw_XMM2f16_MEM2f16_AVX512	VFMADDCPH	FP16	AVX512EVEX	AVX512_FP16_128	64	62 f6 7a 01 56 00	VFMADDCPH_XMM2f16_MASKmskw_XMM2f16_MEM2f16_AVX512	6	exact	exact	structural_only	exact	decode_exact	cpu_legality_and_semantics_pending
VFMADDCPH_XMM2f16_MASKmskw_XMM2f16_XMM2f16_AVX512	VFMADDCPH	FP16	AVX512EVEX	AVX512_FP16_128	64	62 f6 7e 01 56 c1	VFMADDCPH_XMM2f16_MASKmskw_XMM2f16_XMM2f16_AVX512	6	exact	exact	structural_only	exact	decode_exact	cpu_legality_and_semantics_pending
VFMADDCPH_YMM2f16_MASKmskw_YMM2f16_MEM2f16_AVX512	VFMADDCPH	FP16	AVX512EVEX	AVX512_FP16_256	64	62 f6 7a 21 56 00	VFMADDCPH_YMM2f16_MASKmskw_YMM2f16_MEM2f16_AVX512	6	exact	exact	structural_only	exact	decode_exact	cpu_legality_and_semantics_pending
VFMADDCPH_YMM2f16_MASKmskw_YMM2f16_YMM2f16_AVX512	VFMADDCPH	FP16	AVX512EVEX	AVX512_FP16_256	64	62 f6 7e 21 56 c1	VFMADDCPH_YMM2f16_MASKmskw_YMM2f16_YMM2f16_AVX512	6	exact	exact	structural_only	exact	decode_exact	cpu_legality_and_semantics_pending
VFMADDCPH_ZMM2f16_MASKmskw_ZMM2f16_MEM2f16_AVX512	VFMADDCPH	FP16	AVX512EVEX	AVX512_FP16_512	64	62 f6 7a 41 56 00	VFMADDCPH_ZMM2f16_MASKmskw_ZMM2f16_MEM2f16_AVX512	6	exact	exact	structural_only	exact	decode_exact	cpu_legality_and_semantics_pending
VFMADDCPH_ZMM2f16_MASKmskw_ZMM2f16_ZMM2f16_AVX512	VFMADDCPH	FP16	AVX512EVEX	AVX512_FP16_512	64	62 f6 7e 51 56 c1	VFMADDCPH_ZMM2f16_MASKmskw_ZMM2f16_ZMM2f16_AVX512	6	exact	exact	structural_only	exact	decode_exact	cpu_legality_and_semantics_pending
VFMADDCSH_XMM2f16_MASKmskw_XMM2f16_MEM2f16_AVX512	VFMADDCSH	FP16	AVX512EVEX	AVX512_FP16_SCALAR	64	62 f6 7a 01 57 00	VFMADDCSH_XMM2f16_MASKmskw_XMM2f16_MEM2f16_AVX512	6	exact	exact	structural_only	exact	decode_exact	cpu_legality_and_semantics_pending
VFMADDCSH_XMM2f16_MASKmskw_XMM2f16_XMM2f16_AVX512	VFMADDCSH	FP16	AVX512EVEX	AVX512_FP16_SCALAR	64	62 f6 7e 01 57 c1	VFMADDCSH_XMM2f16_MASKmskw_XMM2f16_XMM2f16_AVX512	6	exact	exact	structural_only	exact	decode_exact	cpu_legality_and_semantics_pending
VFMADDSUB132PH_XMMf16_MASKmskw_XMMf16_MEMf16_AVX512	VFMADDSUB132PH	FP16	AVX512EVEX	AVX512_FP16_128	64	62 f6 7d 09 96 00	VFMADDSUB132PH_XMMf16_MASKmskw_XMMf16_MEMf16_AVX512	6	exact	exact	structural_only	exact	decode_exact	cpu_legality_and_semantics_pending
VFMADDSUB132PH_XMMf16_MASKmskw_XMMf16_XMMf16_AVX512	VFMADDSUB132PH	FP16	AVX512EVEX	AVX512_FP16_128	64	62 f6 7d 09 96 c0	VFMADDSUB132PH_XMMf16_MASKmskw_XMMf16_XMMf16_AVX512	6	exact	exact	structural_only	exact	decode_exact	cpu_legality_and_semantics_pending
VFMADDSUB132PH_YMMf16_MASKmskw_YMMf16_MEMf16_AVX512	VFMADDSUB132PH	FP16	AVX512EVEX	AVX512_FP16_256	64	62 f6 7d 29 96 00	VFMADDSUB132PH_YMMf16_MASKmskw_YMMf16_MEMf16_AVX512	6	exact	exact	structural_only	exact	decode_exact	cpu_legality_and_semantics_pending
VFMADDSUB132PH_YMMf16_MASKmskw_YMMf16_YMMf16_AVX512	VFMADDSUB132PH	FP16	AVX512EVEX	AVX512_FP16_256	64	62 f6 7d 29 96 c0	VFMADDSUB132PH_YMMf16_MASKmskw_YMMf16_YMMf16_AVX512	6	exact	exact	structural_only	exact	decode_exact	cpu_legality_and_semantics_pending
VFMADDSUB132PH_ZMMf16_MASKmskw_ZMMf16_MEMf16_AVX512	VFMADDSUB132PH	FP16	AVX512EVEX	AVX512_FP16_512	64	62 f6 7d 49 96 00	VFMADDSUB132PH_ZMMf16_MASKmskw_ZMMf16_MEMf16_AVX512	6	exact	exact	structural_only	exact	decode_exact	cpu_legality_and_semantics_pending
VFMADDSUB132PH_ZMMf16_MASKmskw_ZMMf16_ZMMf16_AVX512	VFMADDSUB132PH	FP16	AVX512EVEX	AVX512_FP16_512	64	62 f6 7d 59 96 c0	VFMADDSUB132PH_ZMMf16_MASKmskw_ZMMf16_ZMMf16_AVX512	6	exact	exact	structural_only	exact	decode_exact	cpu_legality_and_semantics_pending
VFMADDSUB213PH_XMMf16_MASKmskw_XMMf16_MEMf16_AVX512	VFMADDSUB213PH	FP16	AVX512EVEX	AVX512_FP16_128	64	62 f6 7d 09 a6 00	VFMADDSUB213PH_XMMf16_MASKmskw_XMMf16_MEMf16_AVX512	6	exact	exact	structural_only	exact	decode_exact	cpu_legality_and_semantics_pending
VFMADDSUB213PH_XMMf16_MASKmskw_XMMf16_XMMf16_AVX512	VFMADDSUB213PH	FP16	AVX512EVEX	AVX512_FP16_128	64	62 f6 7d 09 a6 c0	VFMADDSUB213PH_XMMf16_MASKmskw_XMMf16_XMMf16_AVX512	6	exact	exact	structural_only	exact	decode_exact	cpu_legality_and_semantics_pending
VFMADDSUB213PH_YMMf16_MASKmskw_YMMf16_MEMf16_AVX512	VFMADDSUB213PH	FP16	AVX512EVEX	AVX512_FP16_256	64	62 f6 7d 29 a6 00	VFMADDSUB213PH_YMMf16_MASKmskw_YMMf16_MEMf16_AVX512	6	exact	exact	structural_only	exact	decode_exact	cpu_legality_and_semantics_pending
VFMADDSUB213PH_YMMf16_MASKmskw_YMMf16_YMMf16_AVX512	VFMADDSUB213PH	FP16	AVX512EVEX	AVX512_FP16_256	64	62 f6 7d 29 a6 c0	VFMADDSUB213PH_YMMf16_MASKmskw_YMMf16_YMMf16_AVX512	6	exact	exact	structural_only	exact	decode_exact	cpu_legality_and_semantics_pending
VFMADDSUB213PH_ZMMf16_MASKmskw_ZMMf16_MEMf16_AVX512	VFMADDSUB213PH	FP16	AVX512EVEX	AVX512_FP16_512	64	62 f6 7d 49 a6 00	VFMADDSUB213PH_ZMMf16_MASKmskw_ZMMf16_MEMf16_AVX512	6	exact	exact	structural_only	exact	decode_exact	cpu_legality_and_semantics_pending
VFMADDSUB213PH_ZMMf16_MASKmskw_ZMMf16_ZMMf16_AVX512	VFMADDSUB213PH	FP16	AVX512EVEX	AVX512_FP16_512	64	62 f6 7d 49 a6 c0	VFMADDSUB213PH_ZMMf16_MASKmskw_ZMMf16_ZMMf16_AVX512	6	exact	exact	structural_only	exact	decode_exact	cpu_legality_and_semantics_pending
VFMADDSUB231PH_XMMf16_MASKmskw_XMMf16_MEMf16_AVX512	VFMADDSUB231PH	FP16	AVX512EVEX	AVX512_FP16_128	64	62 f6 7d 09 b6 00	VFMADDSUB231PH_XMMf16_MASKmskw_XMMf16_MEMf16_AVX512	6	exact	exact	structural_only	exact	decode_exact	cpu_legality_and_semantics_pending
VFMADDSUB231PH_XMMf16_MASKmskw_XMMf16_XMMf16_AVX512	VFMADDSUB231PH	FP16	AVX512EVEX	AVX512_FP16_128	64	62 f6 7d 09 b6 c0	VFMADDSUB231PH_XMMf16_MASKmskw_XMMf16_XMMf16_AVX512	6	exact	exact	structural_only	exact	decode_exact	cpu_legality_and_semantics_pending
VFMADDSUB231PH_YMMf16_MASKmskw_YMMf16_MEMf16_AVX512	VFMADDSUB231PH	FP16	AVX512EVEX	AVX512_FP16_256	64	62 f6 7d 29 b6 00	VFMADDSUB231PH_YMMf16_MASKmskw_YMMf16_MEMf16_AVX512	6	exact	exact	structural_only	exact	decode_exact	cpu_legality_and_semantics_pending
VFMADDSUB231PH_YMMf16_MASKmskw_YMMf16_YMMf16_AVX512	VFMADDSUB231PH	FP16	AVX512EVEX	AVX512_FP16_256	64	62 f6 7d 29 b6 c0	VFMADDSUB231PH_YMMf16_MASKmskw_YMMf16_YMMf16_AVX512	6	exact	exact	structural_only	exact	decode_exact	cpu_legality_and_semantics_pending
VFMADDSUB231PH_ZMMf16_MASKmskw_ZMMf16_MEMf16_AVX512	VFMADDSUB231PH	FP16	AVX512EVEX	AVX512_FP16_512	64	62 f6 7d 49 b6 00	VFMADDSUB231PH_ZMMf16_MASKmskw_ZMMf16_MEMf16_AVX512	6	exact	exact	structural_only	exact	decode_exact	cpu_legality_and_semantics_pending
VFMADDSUB231PH_ZMMf16_MASKmskw_ZMMf16_ZMMf16_AVX512	VFMADDSUB231PH	FP16	AVX512EVEX	AVX512_FP16_512	64	62 f6 7d 49 b6 c0	VFMADDSUB231PH_ZMMf16_MASKmskw_ZMMf16_ZMMf16_AVX512	6	exact	exact	structural_only	exact	decode_exact	cpu_legality_and_semantics_pending
VFMSUB132BF16_XMMbf16_MASKmskw_XMMbf16_MEMbf16_AVX512	VFMSUB132BF16	VFMA	AVX512EVEX	AVX10_2_BF16_128	64	62 f6 7c 09 9a 00	VFMSUB132BF16_XMMbf16_MASKmskw_XMMbf16_MEMbf16_AVX512	6	exact	exact	structural_only	exact	decode_exact	cpu_legality_and_semantics_pending
VFMSUB132BF16_XMMbf16_MASKmskw_XMMbf16_XMMbf16_AVX512	VFMSUB132BF16	VFMA	AVX512EVEX	AVX10_2_BF16_128	64	62 f6 7c 09 9a c0	VFMSUB132BF16_XMMbf16_MASKmskw_XMMbf16_XMMbf16_AVX512	6	exact	exact	structural_only	exact	decode_exact	cpu_legality_and_semantics_pending
VFMSUB132BF16_YMMbf16_MASKmskw_YMMbf16_MEMbf16_AVX512	VFMSUB132BF16	VFMA	AVX512EVEX	AVX10_2_BF16_256	64	62 f6 7c 29 9a 00	VFMSUB132BF16_YMMbf16_MASKmskw_YMMbf16_MEMbf16_AVX512	6	exact	exact	structural_only	exact	decode_exact	cpu_legality_and_semantics_pending
VFMSUB132BF16_YMMbf16_MASKmskw_YMMbf16_YMMbf16_AVX512	VFMSUB132BF16	VFMA	AVX512EVEX	AVX10_2_BF16_256	64	62 f6 7c 29 9a c0	VFMSUB132BF16_YMMbf16_MASKmskw_YMMbf16_YMMbf16_AVX512	6	exact	exact	structural_only	exact	decode_exact	cpu_legality_and_semantics_pending
VFMSUB132BF16_ZMMbf16_MASKmskw_ZMMbf16_MEMbf16_AVX512	VFMSUB132BF16	VFMA	AVX512EVEX	AVX10_2_BF16_512	64	62 f6 7c 49 9a 00	VFMSUB132BF16_ZMMbf16_MASKmskw_ZMMbf16_MEMbf16_AVX512	6	exact	exact	structural_only	exact	decode_exact	cpu_legality_and_semantics_pending
VFMSUB132BF16_ZMMbf16_MASKmskw_ZMMbf16_ZMMbf16_AVX512	VFMSUB132BF16	VFMA	AVX512EVEX	AVX10_2_BF16_512	64	62 f6 7c 49 9a c0	VFMSUB132BF16_ZMMbf16_MASKmskw_ZMMbf16_ZMMbf16_AVX512	6	exact	exact	structural_only	exact	decode_exact	cpu_legality_and_semantics_pending
VFMSUB132PH_XMMf16_MASKmskw_XMMf16_MEMf16_AVX512	VFMSUB132PH	FP16	AVX512EVEX	AVX512_FP16_128	64	62 f6 7d 09 9a 00	VFMSUB132PH_XMMf16_MASKmskw_XMMf16_MEMf16_AVX512	6	exact	exact	structural_only	exact	decode_exact	cpu_legality_and_semantics_pending
VFMSUB132PH_XMMf16_MASKmskw_XMMf16_XMMf16_AVX512	VFMSUB132PH	FP16	AVX512EVEX	AVX512_FP16_128	64	62 f6 7d 09 9a c0	VFMSUB132PH_XMMf16_MASKmskw_XMMf16_XMMf16_AVX512	6	exact	exact	structural_only	exact	decode_exact	cpu_legality_and_semantics_pending
VFMSUB132PH_YMMf16_MASKmskw_YMMf16_MEMf16_AVX512	VFMSUB132PH	FP16	AVX512EVEX	AVX512_FP16_256	64	62 f6 7d 29 9a 00	VFMSUB132PH_YMMf16_MASKmskw_YMMf16_MEMf16_AVX512	6	exact	exact	structural_only	exact	decode_exact	cpu_legality_and_semantics_pending
VFMSUB132PH_YMMf16_MASKmskw_YMMf16_YMMf16_AVX512	VFMSUB132PH	FP16	AVX512EVEX	AVX512_FP16_256	64	62 f6 7d 29 9a c0	VFMSUB132PH_YMMf16_MASKmskw_YMMf16_YMMf16_AVX512	6	exact	exact	structural_only	exact	decode_exact	cpu_legality_and_semantics_pending
VFMSUB132PH_ZMMf16_MASKmskw_ZMMf16_MEMf16_AVX512	VFMSUB132PH	FP16	AVX512EVEX	AVX512_FP16_512	64	62 f6 7d 49 9a 00	VFMSUB132PH_ZMMf16_MASKmskw_ZMMf16_MEMf16_AVX512	6	exact	exact	structural_only	exact	decode_exact	cpu_legality_and_semantics_pending
VFMSUB132PH_ZMMf16_MASKmskw_ZMMf16_ZMMf16_AVX512	VFMSUB132PH	FP16	AVX512EVEX	AVX512_FP16_512	64	62 f6 7d 49 9a c0	VFMSUB132PH_ZMMf16_MASKmskw_ZMMf16_ZMMf16_AVX512	6	exact	exact	structural_only	exact	decode_exact	cpu_legality_and_semantics_pending
VFMSUB132SH_XMMf16_MASKmskw_XMMf16_MEMf16_AVX512	VFMSUB132SH	FP16	AVX512EVEX	AVX512_FP16_SCALAR	64	62 f6 7d 09 9b 00	VFMSUB132SH_XMMf16_MASKmskw_XMMf16_MEMf16_AVX512	6	exact	exact	structural_only	exact	decode_exact	cpu_legality_and_semantics_pending
VFMSUB132SH_XMMf16_MASKmskw_XMMf16_XMMf16_AVX512	VFMSUB132SH	FP16	AVX512EVEX	AVX512_FP16_SCALAR	64	62 f6 7d 09 9b c0	VFMSUB132SH_XMMf16_MASKmskw_XMMf16_XMMf16_AVX512	6	exact	exact	structural_only	exact	decode_exact	cpu_legality_and_semantics_pending
VFMSUB213BF16_XMMbf16_MASKmskw_XMMbf16_MEMbf16_AVX512	VFMSUB213BF16	VFMA	AVX512EVEX	AVX10_2_BF16_128	64	62 f6 7c 09 aa 00	VFMSUB213BF16_XMMbf16_MASKmskw_XMMbf16_MEMbf16_AVX512	6	exact	exact	structural_only	exact	decode_exact	cpu_legality_and_semantics_pending
VFMSUB213BF16_XMMbf16_MASKmskw_XMMbf16_XMMbf16_AVX512	VFMSUB213BF16	VFMA	AVX512EVEX	AVX10_2_BF16_128	64	62 f6 7c 09 aa c0	VFMSUB213BF16_XMMbf16_MASKmskw_XMMbf16_XMMbf16_AVX512	6	exact	exact	structural_only	exact	decode_exact	cpu_legality_and_semantics_pending
VFMSUB213BF16_YMMbf16_MASKmskw_YMMbf16_MEMbf16_AVX512	VFMSUB213BF16	VFMA	AVX512EVEX	AVX10_2_BF16_256	64	62 f6 7c 29 aa 00	VFMSUB213BF16_YMMbf16_MASKmskw_YMMbf16_MEMbf16_AVX512	6	exact	exact	structural_only	exact	decode_exact	cpu_legality_and_semantics_pending
VFMSUB213BF16_YMMbf16_MASKmskw_YMMbf16_YMMbf16_AVX512	VFMSUB213BF16	VFMA	AVX512EVEX	AVX10_2_BF16_256	64	62 f6 7c 29 aa c0	VFMSUB213BF16_YMMbf16_MASKmskw_YMMbf16_YMMbf16_AVX512	6	exact	exact	structural_only	exact	decode_exact	cpu_legality_and_semantics_pending
VFMSUB213BF16_ZMMbf16_MASKmskw_ZMMbf16_MEMbf16_AVX512	VFMSUB213BF16	VFMA	AVX512EVEX	AVX10_2_BF16_512	64	62 f6 7c 49 aa 00	VFMSUB213BF16_ZMMbf16_MASKmskw_ZMMbf16_MEMbf16_AVX512	6	exact	exact	structural_only	exact	decode_exact	cpu_legality_and_semantics_pending
VFMSUB213BF16_ZMMbf16_MASKmskw_ZMMbf16_ZMMbf16_AVX512	VFMSUB213BF16	VFMA	AVX512EVEX	AVX10_2_BF16_512	64	62 f6 7c 49 aa c0	VFMSUB213BF16_ZMMbf16_MASKmskw_ZMMbf16_ZMMbf16_AVX512	6	exact	exact	structural_only	exact	decode_exact	cpu_legality_and_semantics_pending
VFMSUB213PH_XMMf16_MASKmskw_XMMf16_MEMf16_AVX512	VFMSUB213PH	FP16	AVX512EVEX	AVX512_FP16_128	64	62 f6 7d 09 aa 00	VFMSUB213PH_XMMf16_MASKmskw_XMMf16_MEMf16_AVX512	6	exact	exact	structural_only	exact	decode_exact	cpu_legality_and_semantics_pending
VFMSUB213PH_XMMf16_MASKmskw_XMMf16_XMMf16_AVX512	VFMSUB213PH	FP16	AVX512EVEX	AVX512_FP16_128	64	62 f6 7d 09 aa c0	VFMSUB213PH_XMMf16_MASKmskw_XMMf16_XMMf16_AVX512	6	exact	exact	structural_only	exact	decode_exact	cpu_legality_and_semantics_pending
VFMSUB213PH_YMMf16_MASKmskw_YMMf16_MEMf16_AVX512	VFMSUB213PH	FP16	AVX512EVEX	AVX512_FP16_256	64	62 f6 7d 29 aa 00	VFMSUB213PH_YMMf16_MASKmskw_YMMf16_MEMf16_AVX512	6	exact	exact	structural_only	exact	decode_exact	cpu_legality_and_semantics_pending
VFMSUB213PH_YMMf16_MASKmskw_YMMf16_YMMf16_AVX512	VFMSUB213PH	FP16	AVX512EVEX	AVX512_FP16_256	64	62 f6 7d 29 aa c0	VFMSUB213PH_YMMf16_MASKmskw_YMMf16_YMMf16_AVX512	6	exact	exact	structural_only	exact	decode_exact	cpu_legality_and_semantics_pending
VFMSUB213PH_ZMMf16_MASKmskw_ZMMf16_MEMf16_AVX512	VFMSUB213PH	FP16	AVX512EVEX	AVX512_FP16_512	64	62 f6 7d 49 aa 00	VFMSUB213PH_ZMMf16_MASKmskw_ZMMf16_MEMf16_AVX512	6	exact	exact	structural_only	exact	decode_exact	cpu_legality_and_semantics_pending
VFMSUB213PH_ZMMf16_MASKmskw_ZMMf16_ZMMf16_AVX512	VFMSUB213PH	FP16	AVX512EVEX	AVX512_FP16_512	64	62 f6 7d 59 aa c0	VFMSUB213PH_ZMMf16_MASKmskw_ZMMf16_ZMMf16_AVX512	6	exact	exact	structural_only	exact	decode_exact	cpu_legality_and_semantics_pending
VFMSUB213SH_XMMf16_MASKmskw_XMMf16_MEMf16_AVX512	VFMSUB213SH	FP16	AVX512EVEX	AVX512_FP16_SCALAR	64	62 f6 7d 09 ab 00	VFMSUB213SH_XMMf16_MASKmskw_XMMf16_MEMf16_AVX512	6	exact	exact	structural_only	exact	decode_exact	cpu_legality_and_semantics_pending
VFMSUB213SH_XMMf16_MASKmskw_XMMf16_XMMf16_AVX512	VFMSUB213SH	FP16	AVX512EVEX	AVX512_FP16_SCALAR	64	62 f6 7d 09 ab c0	VFMSUB213SH_XMMf16_MASKmskw_XMMf16_XMMf16_AVX512	6	exact	exact	structural_only	exact	decode_exact	cpu_legality_and_semantics_pending
VFMSUB231BF16_XMMbf16_MASKmskw_XMMbf16_MEMbf16_AVX512	VFMSUB231BF16	VFMA	AVX512EVEX	AVX10_2_BF16_128	64	62 f6 7c 09 ba 00	VFMSUB231BF16_XMMbf16_MASKmskw_XMMbf16_MEMbf16_AVX512	6	exact	exact	structural_only	exact	decode_exact	cpu_legality_and_semantics_pending
VFMSUB231BF16_XMMbf16_MASKmskw_XMMbf16_XMMbf16_AVX512	VFMSUB231BF16	VFMA	AVX512EVEX	AVX10_2_BF16_128	64	62 f6 7c 09 ba c0	VFMSUB231BF16_XMMbf16_MASKmskw_XMMbf16_XMMbf16_AVX512	6	exact	exact	structural_only	exact	decode_exact	cpu_legality_and_semantics_pending
VFMSUB231BF16_YMMbf16_MASKmskw_YMMbf16_MEMbf16_AVX512	VFMSUB231BF16	VFMA	AVX512EVEX	AVX10_2_BF16_256	64	62 f6 7c 29 ba 00	VFMSUB231BF16_YMMbf16_MASKmskw_YMMbf16_MEMbf16_AVX512	6	exact	exact	structural_only	exact	decode_exact	cpu_legality_and_semantics_pending
VFMSUB231BF16_YMMbf16_MASKmskw_YMMbf16_YMMbf16_AVX512	VFMSUB231BF16	VFMA	AVX512EVEX	AVX10_2_BF16_256	64	62 f6 7c 29 ba c0	VFMSUB231BF16_YMMbf16_MASKmskw_YMMbf16_YMMbf16_AVX512	6	exact	exact	structural_only	exact	decode_exact	cpu_legality_and_semantics_pending
VFMSUB231BF16_ZMMbf16_MASKmskw_ZMMbf16_MEMbf16_AVX512	VFMSUB231BF16	VFMA	AVX512EVEX	AVX10_2_BF16_512	64	62 f6 7c 49 ba 00	VFMSUB231BF16_ZMMbf16_MASKmskw_ZMMbf16_MEMbf16_AVX512	6	exact	exact	structural_only	exact	decode_exact	cpu_legality_and_semantics_pending
VFMSUB231BF16_ZMMbf16_MASKmskw_ZMMbf16_ZMMbf16_AVX512	VFMSUB231BF16	VFMA	AVX512EVEX	AVX10_2_BF16_512	64	62 f6 7c 49 ba c0	VFMSUB231BF16_ZMMbf16_MASKmskw_ZMMbf16_ZMMbf16_AVX512	6	exact	exact	structural_only	exact	decode_exact	cpu_legality_and_semantics_pending
VFMSUB231PH_XMMf16_MASKmskw_XMMf16_MEMf16_AVX512	VFMSUB231PH	FP16	AVX512EVEX	AVX512_FP16_128	64	62 f6 7d 09 ba 00	VFMSUB231PH_XMMf16_MASKmskw_XMMf16_MEMf16_AVX512	6	exact	exact	structural_only	exact	decode_exact	cpu_legality_and_semantics_pending
VFMSUB231PH_XMMf16_MASKmskw_XMMf16_XMMf16_AVX512	VFMSUB231PH	FP16	AVX512EVEX	AVX512_FP16_128	64	62 f6 7d 09 ba c0	VFMSUB231PH_XMMf16_MASKmskw_XMMf16_XMMf16_AVX512	6	exact	exact	structural_only	exact	decode_exact	cpu_legality_and_semantics_pending
VFMSUB231PH_YMMf16_MASKmskw_YMMf16_MEMf16_AVX512	VFMSUB231PH	FP16	AVX512EVEX	AVX512_FP16_256	64	62 f6 7d 29 ba 00	VFMSUB231PH_YMMf16_MASKmskw_YMMf16_MEMf16_AVX512	6	exact	exact	structural_only	exact	decode_exact	cpu_legality_and_semantics_pending
VFMSUB231PH_YMMf16_MASKmskw_YMMf16_YMMf16_AVX512	VFMSUB231PH	FP16	AVX512EVEX	AVX512_FP16_256	64	62 f6 7d 29 ba c0	VFMSUB231PH_YMMf16_MASKmskw_YMMf16_YMMf16_AVX512	6	exact	exact	structural_only	exact	decode_exact	cpu_legality_and_semantics_pending
VFMSUB231PH_ZMMf16_MASKmskw_ZMMf16_MEMf16_AVX512	VFMSUB231PH	FP16	AVX512EVEX	AVX512_FP16_512	64	62 f6 7d 49 ba 00	VFMSUB231PH_ZMMf16_MASKmskw_ZMMf16_MEMf16_AVX512	6	exact	exact	structural_only	exact	decode_exact	cpu_legality_and_semantics_pending
VFMSUB231PH_ZMMf16_MASKmskw_ZMMf16_ZMMf16_AVX512	VFMSUB231PH	FP16	AVX512EVEX	AVX512_FP16_512	64	62 f6 7d 59 ba c0	VFMSUB231PH_ZMMf16_MASKmskw_ZMMf16_ZMMf16_AVX512	6	exact	exact	structural_only	exact	decode_exact	cpu_legality_and_semantics_pending
VFMSUB231SH_XMMf16_MASKmskw_XMMf16_MEMf16_AVX512	VFMSUB231SH	FP16	AVX512EVEX	AVX512_FP16_SCALAR	64	62 f6 7d 09 bb 00	VFMSUB231SH_XMMf16_MASKmskw_XMMf16_MEMf16_AVX512	6	exact	exact	structural_only	exact	decode_exact	cpu_legality_and_semantics_pending
VFMSUB231SH_XMMf16_MASKmskw_XMMf16_XMMf16_AVX512	VFMSUB231SH	FP16	AVX512EVEX	AVX512_FP16_SCALAR	64	62 f6 7d 09 bb c0	VFMSUB231SH_XMMf16_MASKmskw_XMMf16_XMMf16_AVX512	6	exact	exact	structural_only	exact	decode_exact	cpu_legality_and_semantics_pending
VFMSUBADD132PH_XMMf16_MASKmskw_XMMf16_MEMf16_AVX512	VFMSUBADD132PH	FP16	AVX512EVEX	AVX512_FP16_128	64	62 f6 7d 09 97 00	VFMSUBADD132PH_XMMf16_MASKmskw_XMMf16_MEMf16_AVX512	6	exact	exact	structural_only	exact	decode_exact	cpu_legality_and_semantics_pending
VFMSUBADD132PH_XMMf16_MASKmskw_XMMf16_XMMf16_AVX512	VFMSUBADD132PH	FP16	AVX512EVEX	AVX512_FP16_128	64	62 f6 7d 09 97 c0	VFMSUBADD132PH_XMMf16_MASKmskw_XMMf16_XMMf16_AVX512	6	exact	exact	structural_only	exact	decode_exact	cpu_legality_and_semantics_pending
VFMSUBADD132PH_YMMf16_MASKmskw_YMMf16_MEMf16_AVX512	VFMSUBADD132PH	FP16	AVX512EVEX	AVX512_FP16_256	64	62 f6 7d 29 97 00	VFMSUBADD132PH_YMMf16_MASKmskw_YMMf16_MEMf16_AVX512	6	exact	exact	structural_only	exact	decode_exact	cpu_legality_and_semantics_pending
VFMSUBADD132PH_YMMf16_MASKmskw_YMMf16_YMMf16_AVX512	VFMSUBADD132PH	FP16	AVX512EVEX	AVX512_FP16_256	64	62 f6 7d 29 97 c0	VFMSUBADD132PH_YMMf16_MASKmskw_YMMf16_YMMf16_AVX512	6	exact	exact	structural_only	exact	decode_exact	cpu_legality_and_semantics_pending
VFMSUBADD132PH_ZMMf16_MASKmskw_ZMMf16_MEMf16_AVX512	VFMSUBADD132PH	FP16	AVX512EVEX	AVX512_FP16_512	64	62 f6 7d 49 97 00	VFMSUBADD132PH_ZMMf16_MASKmskw_ZMMf16_MEMf16_AVX512	6	exact	exact	structural_only	exact	decode_exact	cpu_legality_and_semantics_pending
VFMSUBADD132PH_ZMMf16_MASKmskw_ZMMf16_ZMMf16_AVX512	VFMSUBADD132PH	FP16	AVX512EVEX	AVX512_FP16_512	64	62 f6 7d 49 97 c0	VFMSUBADD132PH_ZMMf16_MASKmskw_ZMMf16_ZMMf16_AVX512	6	exact	exact	structural_only	exact	decode_exact	cpu_legality_and_semantics_pending
VFMSUBADD213PH_XMMf16_MASKmskw_XMMf16_MEMf16_AVX512	VFMSUBADD213PH	FP16	AVX512EVEX	AVX512_FP16_128	64	62 f6 7d 09 a7 00	VFMSUBADD213PH_XMMf16_MASKmskw_XMMf16_MEMf16_AVX512	6	exact	exact	structural_only	exact	decode_exact	cpu_legality_and_semantics_pending
VFMSUBADD213PH_XMMf16_MASKmskw_XMMf16_XMMf16_AVX512	VFMSUBADD213PH	FP16	AVX512EVEX	AVX512_FP16_128	64	62 f6 7d 09 a7 c0	VFMSUBADD213PH_XMMf16_MASKmskw_XMMf16_XMMf16_AVX512	6	exact	exact	structural_only	exact	decode_exact	cpu_legality_and_semantics_pending
VFMSUBADD213PH_YMMf16_MASKmskw_YMMf16_MEMf16_AVX512	VFMSUBADD213PH	FP16	AVX512EVEX	AVX512_FP16_256	64	62 f6 7d 29 a7 00	VFMSUBADD213PH_YMMf16_MASKmskw_YMMf16_MEMf16_AVX512	6	exact	exact	structural_only	exact	decode_exact	cpu_legality_and_semantics_pending
VFMSUBADD213PH_YMMf16_MASKmskw_YMMf16_YMMf16_AVX512	VFMSUBADD213PH	FP16	AVX512EVEX	AVX512_FP16_256	64	62 f6 7d 29 a7 c0	VFMSUBADD213PH_YMMf16_MASKmskw_YMMf16_YMMf16_AVX512	6	exact	exact	structural_only	exact	decode_exact	cpu_legality_and_semantics_pending
VFMSUBADD213PH_ZMMf16_MASKmskw_ZMMf16_MEMf16_AVX512	VFMSUBADD213PH	FP16	AVX512EVEX	AVX512_FP16_512	64	62 f6 7d 49 a7 00	VFMSUBADD213PH_ZMMf16_MASKmskw_ZMMf16_MEMf16_AVX512	6	exact	exact	structural_only	exact	decode_exact	cpu_legality_and_semantics_pending
VFMSUBADD213PH_ZMMf16_MASKmskw_ZMMf16_ZMMf16_AVX512	VFMSUBADD213PH	FP16	AVX512EVEX	AVX512_FP16_512	64	62 f6 7d 49 a7 c0	VFMSUBADD213PH_ZMMf16_MASKmskw_ZMMf16_ZMMf16_AVX512	6	exact	exact	structural_only	exact	decode_exact	cpu_legality_and_semantics_pending
VFMSUBADD231PH_XMMf16_MASKmskw_XMMf16_MEMf16_AVX512	VFMSUBADD231PH	FP16	AVX512EVEX	AVX512_FP16_128	64	62 f6 7d 09 b7 00	VFMSUBADD231PH_XMMf16_MASKmskw_XMMf16_MEMf16_AVX512	6	exact	exact	structural_only	exact	decode_exact	cpu_legality_and_semantics_pending
VFMSUBADD231PH_XMMf16_MASKmskw_XMMf16_XMMf16_AVX512	VFMSUBADD231PH	FP16	AVX512EVEX	AVX512_FP16_128	64	62 f6 7d 09 b7 c0	VFMSUBADD231PH_XMMf16_MASKmskw_XMMf16_XMMf16_AVX512	6	exact	exact	structural_only	exact	decode_exact	cpu_legality_and_semantics_pending
VFMSUBADD231PH_YMMf16_MASKmskw_YMMf16_MEMf16_AVX512	VFMSUBADD231PH	FP16	AVX512EVEX	AVX512_FP16_256	64	62 f6 7d 29 b7 00	VFMSUBADD231PH_YMMf16_MASKmskw_YMMf16_MEMf16_AVX512	6	exact	exact	structural_only	exact	decode_exact	cpu_legality_and_semantics_pending
VFMSUBADD231PH_YMMf16_MASKmskw_YMMf16_YMMf16_AVX512	VFMSUBADD231PH	FP16	AVX512EVEX	AVX512_FP16_256	64	62 f6 7d 29 b7 c0	VFMSUBADD231PH_YMMf16_MASKmskw_YMMf16_YMMf16_AVX512	6	exact	exact	structural_only	exact	decode_exact	cpu_legality_and_semantics_pending
VFMSUBADD231PH_ZMMf16_MASKmskw_ZMMf16_MEMf16_AVX512	VFMSUBADD231PH	FP16	AVX512EVEX	AVX512_FP16_512	64	62 f6 7d 49 b7 00	VFMSUBADD231PH_ZMMf16_MASKmskw_ZMMf16_MEMf16_AVX512	6	exact	exact	structural_only	exact	decode_exact	cpu_legality_and_semantics_pending
VFMSUBADD231PH_ZMMf16_MASKmskw_ZMMf16_ZMMf16_AVX512	VFMSUBADD231PH	FP16	AVX512EVEX	AVX512_FP16_512	64	62 f6 7d 49 b7 c0	VFMSUBADD231PH_ZMMf16_MASKmskw_ZMMf16_ZMMf16_AVX512	6	exact	exact	structural_only	exact	decode_exact	cpu_legality_and_semantics_pending
VFMULCPH_XMM2f16_MASKmskw_XMM2f16_MEM2f16_AVX512	VFMULCPH	FP16	AVX512EVEX	AVX512_FP16_128	64	62 f6 7a 01 d6 00	VFMULCPH_XMM2f16_MASKmskw_XMM2f16_MEM2f16_AVX512	6	exact	exact	structural_only	exact	decode_exact	cpu_legality_and_semantics_pending
VFMULCPH_XMM2f16_MASKmskw_XMM2f16_XMM2f16_AVX512	VFMULCPH	FP16	AVX512EVEX	AVX512_FP16_128	64	62 f6 7e 01 d6 c1	VFMULCPH_XMM2f16_MASKmskw_XMM2f16_XMM2f16_AVX512	6	exact	exact	structural_only	exact	decode_exact	cpu_legality_and_semantics_pending
VFMULCPH_YMM2f16_MASKmskw_YMM2f16_MEM2f16_AVX512	VFMULCPH	FP16	AVX512EVEX	AVX512_FP16_256	64	62 f6 7a 21 d6 00	VFMULCPH_YMM2f16_MASKmskw_YMM2f16_MEM2f16_AVX512	6	exact	exact	structural_only	exact	decode_exact	cpu_legality_and_semantics_pending
VFMULCPH_YMM2f16_MASKmskw_YMM2f16_YMM2f16_AVX512	VFMULCPH	FP16	AVX512EVEX	AVX512_FP16_256	64	62 f6 7e 21 d6 c1	VFMULCPH_YMM2f16_MASKmskw_YMM2f16_YMM2f16_AVX512	6	exact	exact	structural_only	exact	decode_exact	cpu_legality_and_semantics_pending
VFMULCPH_ZMM2f16_MASKmskw_ZMM2f16_MEM2f16_AVX512	VFMULCPH	FP16	AVX512EVEX	AVX512_FP16_512	64	62 f6 7a 41 d6 00	VFMULCPH_ZMM2f16_MASKmskw_ZMM2f16_MEM2f16_AVX512	6	exact	exact	structural_only	exact	decode_exact	cpu_legality_and_semantics_pending
VFMULCPH_ZMM2f16_MASKmskw_ZMM2f16_ZMM2f16_AVX512	VFMULCPH	FP16	AVX512EVEX	AVX512_FP16_512	64	62 f6 7e 41 d6 c1	VFMULCPH_ZMM2f16_MASKmskw_ZMM2f16_ZMM2f16_AVX512	6	exact	exact	structural_only	exact	decode_exact	cpu_legality_and_semantics_pending
VFMULCSH_XMM2f16_MASKmskw_XMM2f16_MEM2f16_AVX512	VFMULCSH	FP16	AVX512EVEX	AVX512_FP16_SCALAR	64	62 f6 7a 01 d7 00	VFMULCSH_XMM2f16_MASKmskw_XMM2f16_MEM2f16_AVX512	6	exact	exact	structural_only	exact	decode_exact	cpu_legality_and_semantics_pending
VFMULCSH_XMM2f16_MASKmskw_XMM2f16_XMM2f16_AVX512	VFMULCSH	FP16	AVX512EVEX	AVX512_FP16_SCALAR	64	62 f6 7e 01 d7 c1	VFMULCSH_XMM2f16_MASKmskw_XMM2f16_XMM2f16_AVX512	6	exact	exact	structural_only	exact	decode_exact	cpu_legality_and_semantics_pending
VFNMADD132BF16_XMMbf16_MASKmskw_XMMbf16_MEMbf16_AVX512	VFNMADD132BF16	VFMA	AVX512EVEX	AVX10_2_BF16_128	64	62 f6 7c 09 9c 00	VFNMADD132BF16_XMMbf16_MASKmskw_XMMbf16_MEMbf16_AVX512	6	exact	exact	structural_only	exact	decode_exact	cpu_legality_and_semantics_pending
VFNMADD132BF16_XMMbf16_MASKmskw_XMMbf16_XMMbf16_AVX512	VFNMADD132BF16	VFMA	AVX512EVEX	AVX10_2_BF16_128	64	62 f6 7c 09 9c c0	VFNMADD132BF16_XMMbf16_MASKmskw_XMMbf16_XMMbf16_AVX512	6	exact	exact	structural_only	exact	decode_exact	cpu_legality_and_semantics_pending
VFNMADD132BF16_YMMbf16_MASKmskw_YMMbf16_MEMbf16_AVX512	VFNMADD132BF16	VFMA	AVX512EVEX	AVX10_2_BF16_256	64	62 f6 7c 29 9c 00	VFNMADD132BF16_YMMbf16_MASKmskw_YMMbf16_MEMbf16_AVX512	6	exact	exact	structural_only	exact	decode_exact	cpu_legality_and_semantics_pending
VFNMADD132BF16_YMMbf16_MASKmskw_YMMbf16_YMMbf16_AVX512	VFNMADD132BF16	VFMA	AVX512EVEX	AVX10_2_BF16_256	64	62 f6 7c 29 9c c0	VFNMADD132BF16_YMMbf16_MASKmskw_YMMbf16_YMMbf16_AVX512	6	exact	exact	structural_only	exact	decode_exact	cpu_legality_and_semantics_pending
VFNMADD132BF16_ZMMbf16_MASKmskw_ZMMbf16_MEMbf16_AVX512	VFNMADD132BF16	VFMA	AVX512EVEX	AVX10_2_BF16_512	64	62 f6 7c 49 9c 00	VFNMADD132BF16_ZMMbf16_MASKmskw_ZMMbf16_MEMbf16_AVX512	6	exact	exact	structural_only	exact	decode_exact	cpu_legality_and_semantics_pending
VFNMADD132BF16_ZMMbf16_MASKmskw_ZMMbf16_ZMMbf16_AVX512	VFNMADD132BF16	VFMA	AVX512EVEX	AVX10_2_BF16_512	64	62 f6 7c 49 9c c0	VFNMADD132BF16_ZMMbf16_MASKmskw_ZMMbf16_ZMMbf16_AVX512	6	exact	exact	structural_only	exact	decode_exact	cpu_legality_and_semantics_pending
VFNMADD132PH_XMMf16_MASKmskw_XMMf16_MEMf16_AVX512	VFNMADD132PH	FP16	AVX512EVEX	AVX512_FP16_128	64	62 f6 7d 09 9c 00	VFNMADD132PH_XMMf16_MASKmskw_XMMf16_MEMf16_AVX512	6	exact	exact	structural_only	exact	decode_exact	cpu_legality_and_semantics_pending
VFNMADD132PH_XMMf16_MASKmskw_XMMf16_XMMf16_AVX512	VFNMADD132PH	FP16	AVX512EVEX	AVX512_FP16_128	64	62 f6 7d 09 9c c0	VFNMADD132PH_XMMf16_MASKmskw_XMMf16_XMMf16_AVX512	6	exact	exact	structural_only	exact	decode_exact	cpu_legality_and_semantics_pending
VFNMADD132PH_YMMf16_MASKmskw_YMMf16_MEMf16_AVX512	VFNMADD132PH	FP16	AVX512EVEX	AVX512_FP16_256	64	62 f6 7d 29 9c 00	VFNMADD132PH_YMMf16_MASKmskw_YMMf16_MEMf16_AVX512	6	exact	exact	structural_only	exact	decode_exact	cpu_legality_and_semantics_pending
VFNMADD132PH_YMMf16_MASKmskw_YMMf16_YMMf16_AVX512	VFNMADD132PH	FP16	AVX512EVEX	AVX512_FP16_256	64	62 f6 7d 29 9c c0	VFNMADD132PH_YMMf16_MASKmskw_YMMf16_YMMf16_AVX512	6	exact	exact	structural_only	exact	decode_exact	cpu_legality_and_semantics_pending
VFNMADD132PH_ZMMf16_MASKmskw_ZMMf16_MEMf16_AVX512	VFNMADD132PH	FP16	AVX512EVEX	AVX512_FP16_512	64	62 f6 7d 49 9c 00	VFNMADD132PH_ZMMf16_MASKmskw_ZMMf16_MEMf16_AVX512	6	exact	exact	structural_only	exact	decode_exact	cpu_legality_and_semantics_pending
VFNMADD132PH_ZMMf16_MASKmskw_ZMMf16_ZMMf16_AVX512	VFNMADD132PH	FP16	AVX512EVEX	AVX512_FP16_512	64	62 f6 7d 49 9c c0	VFNMADD132PH_ZMMf16_MASKmskw_ZMMf16_ZMMf16_AVX512	6	exact	exact	structural_only	exact	decode_exact	cpu_legality_and_semantics_pending
VFNMADD132SH_XMMf16_MASKmskw_XMMf16_MEMf16_AVX512	VFNMADD132SH	FP16	AVX512EVEX	AVX512_FP16_SCALAR	64	62 f6 7d 09 9d 00	VFNMADD132SH_XMMf16_MASKmskw_XMMf16_MEMf16_AVX512	6	exact	exact	structural_only	exact	decode_exact	cpu_legality_and_semantics_pending
VFNMADD132SH_XMMf16_MASKmskw_XMMf16_XMMf16_AVX512	VFNMADD132SH	FP16	AVX512EVEX	AVX512_FP16_SCALAR	64	62 f6 7d 09 9d c0	VFNMADD132SH_XMMf16_MASKmskw_XMMf16_XMMf16_AVX512	6	exact	exact	structural_only	exact	decode_exact	cpu_legality_and_semantics_pending
VFNMADD213BF16_XMMbf16_MASKmskw_XMMbf16_MEMbf16_AVX512	VFNMADD213BF16	VFMA	AVX512EVEX	AVX10_2_BF16_128	64	62 f6 7c 09 ac 00	VFNMADD213BF16_XMMbf16_MASKmskw_XMMbf16_MEMbf16_AVX512	6	exact	exact	structural_only	exact	decode_exact	cpu_legality_and_semantics_pending
VFNMADD213BF16_XMMbf16_MASKmskw_XMMbf16_XMMbf16_AVX512	VFNMADD213BF16	VFMA	AVX512EVEX	AVX10_2_BF16_128	64	62 f6 7c 09 ac c0	VFNMADD213BF16_XMMbf16_MASKmskw_XMMbf16_XMMbf16_AVX512	6	exact	exact	structural_only	exact	decode_exact	cpu_legality_and_semantics_pending
VFNMADD213BF16_YMMbf16_MASKmskw_YMMbf16_MEMbf16_AVX512	VFNMADD213BF16	VFMA	AVX512EVEX	AVX10_2_BF16_256	64	62 f6 7c 29 ac 00	VFNMADD213BF16_YMMbf16_MASKmskw_YMMbf16_MEMbf16_AVX512	6	exact	exact	structural_only	exact	decode_exact	cpu_legality_and_semantics_pending
VFNMADD213BF16_YMMbf16_MASKmskw_YMMbf16_YMMbf16_AVX512	VFNMADD213BF16	VFMA	AVX512EVEX	AVX10_2_BF16_256	64	62 f6 7c 29 ac c0	VFNMADD213BF16_YMMbf16_MASKmskw_YMMbf16_YMMbf16_AVX512	6	exact	exact	structural_only	exact	decode_exact	cpu_legality_and_semantics_pending
VFNMADD213BF16_ZMMbf16_MASKmskw_ZMMbf16_MEMbf16_AVX512	VFNMADD213BF16	VFMA	AVX512EVEX	AVX10_2_BF16_512	64	62 f6 7c 49 ac 00	VFNMADD213BF16_ZMMbf16_MASKmskw_ZMMbf16_MEMbf16_AVX512	6	exact	exact	structural_only	exact	decode_exact	cpu_legality_and_semantics_pending
VFNMADD213BF16_ZMMbf16_MASKmskw_ZMMbf16_ZMMbf16_AVX512	VFNMADD213BF16	VFMA	AVX512EVEX	AVX10_2_BF16_512	64	62 f6 7c 49 ac c0	VFNMADD213BF16_ZMMbf16_MASKmskw_ZMMbf16_ZMMbf16_AVX512	6	exact	exact	structural_only	exact	decode_exact	cpu_legality_and_semantics_pending
VFNMADD213PH_XMMf16_MASKmskw_XMMf16_MEMf16_AVX512	VFNMADD213PH	FP16	AVX512EVEX	AVX512_FP16_128	64	62 f6 7d 09 ac 00	VFNMADD213PH_XMMf16_MASKmskw_XMMf16_MEMf16_AVX512	6	exact	exact	structural_only	exact	decode_exact	cpu_legality_and_semantics_pending
VFNMADD213PH_XMMf16_MASKmskw_XMMf16_XMMf16_AVX512	VFNMADD213PH	FP16	AVX512EVEX	AVX512_FP16_128	64	62 f6 7d 09 ac c0	VFNMADD213PH_XMMf16_MASKmskw_XMMf16_XMMf16_AVX512	6	exact	exact	structural_only	exact	decode_exact	cpu_legality_and_semantics_pending
VFNMADD213PH_YMMf16_MASKmskw_YMMf16_MEMf16_AVX512	VFNMADD213PH	FP16	AVX512EVEX	AVX512_FP16_256	64	62 f6 7d 29 ac 00	VFNMADD213PH_YMMf16_MASKmskw_YMMf16_MEMf16_AVX512	6	exact	exact	structural_only	exact	decode_exact	cpu_legality_and_semantics_pending
VFNMADD213PH_YMMf16_MASKmskw_YMMf16_YMMf16_AVX512	VFNMADD213PH	FP16	AVX512EVEX	AVX512_FP16_256	64	62 f6 7d 29 ac c0	VFNMADD213PH_YMMf16_MASKmskw_YMMf16_YMMf16_AVX512	6	exact	exact	structural_only	exact	decode_exact	cpu_legality_and_semantics_pending
VFNMADD213PH_ZMMf16_MASKmskw_ZMMf16_MEMf16_AVX512	VFNMADD213PH	FP16	AVX512EVEX	AVX512_FP16_512	64	62 f6 7d 49 ac 00	VFNMADD213PH_ZMMf16_MASKmskw_ZMMf16_MEMf16_AVX512	6	exact	exact	structural_only	exact	decode_exact	cpu_legality_and_semantics_pending
VFNMADD213PH_ZMMf16_MASKmskw_ZMMf16_ZMMf16_AVX512	VFNMADD213PH	FP16	AVX512EVEX	AVX512_FP16_512	64	62 f6 7d 59 ac c0	VFNMADD213PH_ZMMf16_MASKmskw_ZMMf16_ZMMf16_AVX512	6	exact	exact	structural_only	exact	decode_exact	cpu_legality_and_semantics_pending
VFNMADD213SH_XMMf16_MASKmskw_XMMf16_MEMf16_AVX512	VFNMADD213SH	FP16	AVX512EVEX	AVX512_FP16_SCALAR	64	62 f6 7d 09 ad 00	VFNMADD213SH_XMMf16_MASKmskw_XMMf16_MEMf16_AVX512	6	exact	exact	structural_only	exact	decode_exact	cpu_legality_and_semantics_pending
VFNMADD213SH_XMMf16_MASKmskw_XMMf16_XMMf16_AVX512	VFNMADD213SH	FP16	AVX512EVEX	AVX512_FP16_SCALAR	64	62 f6 7d 09 ad c0	VFNMADD213SH_XMMf16_MASKmskw_XMMf16_XMMf16_AVX512	6	exact	exact	structural_only	exact	decode_exact	cpu_legality_and_semantics_pending
VFNMADD231BF16_XMMbf16_MASKmskw_XMMbf16_MEMbf16_AVX512	VFNMADD231BF16	VFMA	AVX512EVEX	AVX10_2_BF16_128	64	62 f6 7c 09 bc 00	VFNMADD231BF16_XMMbf16_MASKmskw_XMMbf16_MEMbf16_AVX512	6	exact	exact	structural_only	exact	decode_exact	cpu_legality_and_semantics_pending
VFNMADD231BF16_XMMbf16_MASKmskw_XMMbf16_XMMbf16_AVX512	VFNMADD231BF16	VFMA	AVX512EVEX	AVX10_2_BF16_128	64	62 f6 7c 09 bc c0	VFNMADD231BF16_XMMbf16_MASKmskw_XMMbf16_XMMbf16_AVX512	6	exact	exact	structural_only	exact	decode_exact	cpu_legality_and_semantics_pending
VFNMADD231BF16_YMMbf16_MASKmskw_YMMbf16_MEMbf16_AVX512	VFNMADD231BF16	VFMA	AVX512EVEX	AVX10_2_BF16_256	64	62 f6 7c 29 bc 00	VFNMADD231BF16_YMMbf16_MASKmskw_YMMbf16_MEMbf16_AVX512	6	exact	exact	structural_only	exact	decode_exact	cpu_legality_and_semantics_pending
VFNMADD231BF16_YMMbf16_MASKmskw_YMMbf16_YMMbf16_AVX512	VFNMADD231BF16	VFMA	AVX512EVEX	AVX10_2_BF16_256	64	62 f6 7c 29 bc c0	VFNMADD231BF16_YMMbf16_MASKmskw_YMMbf16_YMMbf16_AVX512	6	exact	exact	structural_only	exact	decode_exact	cpu_legality_and_semantics_pending
VFNMADD231BF16_ZMMbf16_MASKmskw_ZMMbf16_MEMbf16_AVX512	VFNMADD231BF16	VFMA	AVX512EVEX	AVX10_2_BF16_512	64	62 f6 7c 49 bc 00	VFNMADD231BF16_ZMMbf16_MASKmskw_ZMMbf16_MEMbf16_AVX512	6	exact	exact	structural_only	exact	decode_exact	cpu_legality_and_semantics_pending
VFNMADD231BF16_ZMMbf16_MASKmskw_ZMMbf16_ZMMbf16_AVX512	VFNMADD231BF16	VFMA	AVX512EVEX	AVX10_2_BF16_512	64	62 f6 7c 49 bc c0	VFNMADD231BF16_ZMMbf16_MASKmskw_ZMMbf16_ZMMbf16_AVX512	6	exact	exact	structural_only	exact	decode_exact	cpu_legality_and_semantics_pending
VFNMADD231PH_XMMf16_MASKmskw_XMMf16_MEMf16_AVX512	VFNMADD231PH	FP16	AVX512EVEX	AVX512_FP16_128	64	62 f6 7d 09 bc 00	VFNMADD231PH_XMMf16_MASKmskw_XMMf16_MEMf16_AVX512	6	exact	exact	structural_only	exact	decode_exact	cpu_legality_and_semantics_pending
VFNMADD231PH_XMMf16_MASKmskw_XMMf16_XMMf16_AVX512	VFNMADD231PH	FP16	AVX512EVEX	AVX512_FP16_128	64	62 f6 7d 09 bc c0	VFNMADD231PH_XMMf16_MASKmskw_XMMf16_XMMf16_AVX512	6	exact	exact	structural_only	exact	decode_exact	cpu_legality_and_semantics_pending
VFNMADD231PH_YMMf16_MASKmskw_YMMf16_MEMf16_AVX512	VFNMADD231PH	FP16	AVX512EVEX	AVX512_FP16_256	64	62 f6 7d 29 bc 00	VFNMADD231PH_YMMf16_MASKmskw_YMMf16_MEMf16_AVX512	6	exact	exact	structural_only	exact	decode_exact	cpu_legality_and_semantics_pending
VFNMADD231PH_YMMf16_MASKmskw_YMMf16_YMMf16_AVX512	VFNMADD231PH	FP16	AVX512EVEX	AVX512_FP16_256	64	62 f6 7d 29 bc c0	VFNMADD231PH_YMMf16_MASKmskw_YMMf16_YMMf16_AVX512	6	exact	exact	structural_only	exact	decode_exact	cpu_legality_and_semantics_pending
VFNMADD231PH_ZMMf16_MASKmskw_ZMMf16_MEMf16_AVX512	VFNMADD231PH	FP16	AVX512EVEX	AVX512_FP16_512	64	62 f6 7d 49 bc 00	VFNMADD231PH_ZMMf16_MASKmskw_ZMMf16_MEMf16_AVX512	6	exact	exact	structural_only	exact	decode_exact	cpu_legality_and_semantics_pending
VFNMADD231PH_ZMMf16_MASKmskw_ZMMf16_ZMMf16_AVX512	VFNMADD231PH	FP16	AVX512EVEX	AVX512_FP16_512	64	62 f6 7d 59 bc c0	VFNMADD231PH_ZMMf16_MASKmskw_ZMMf16_ZMMf16_AVX512	6	exact	exact	structural_only	exact	decode_exact	cpu_legality_and_semantics_pending
VFNMADD231SH_XMMf16_MASKmskw_XMMf16_MEMf16_AVX512	VFNMADD231SH	FP16	AVX512EVEX	AVX512_FP16_SCALAR	64	62 f6 7d 09 bd 00	VFNMADD231SH_XMMf16_MASKmskw_XMMf16_MEMf16_AVX512	6	exact	exact	structural_only	exact	decode_exact	cpu_legality_and_semantics_pending
VFNMADD231SH_XMMf16_MASKmskw_XMMf16_XMMf16_AVX512	VFNMADD231SH	FP16	AVX512EVEX	AVX512_FP16_SCALAR	64	62 f6 7d 09 bd c0	VFNMADD231SH_XMMf16_MASKmskw_XMMf16_XMMf16_AVX512	6	exact	exact	structural_only	exact	decode_exact	cpu_legality_and_semantics_pending
VFNMSUB132BF16_XMMbf16_MASKmskw_XMMbf16_MEMbf16_AVX512	VFNMSUB132BF16	VFMA	AVX512EVEX	AVX10_2_BF16_128	64	62 f6 7c 09 9e 00	VFNMSUB132BF16_XMMbf16_MASKmskw_XMMbf16_MEMbf16_AVX512	6	exact	exact	structural_only	exact	decode_exact	cpu_legality_and_semantics_pending
VFNMSUB132BF16_XMMbf16_MASKmskw_XMMbf16_XMMbf16_AVX512	VFNMSUB132BF16	VFMA	AVX512EVEX	AVX10_2_BF16_128	64	62 f6 7c 09 9e c0	VFNMSUB132BF16_XMMbf16_MASKmskw_XMMbf16_XMMbf16_AVX512	6	exact	exact	structural_only	exact	decode_exact	cpu_legality_and_semantics_pending
VFNMSUB132BF16_YMMbf16_MASKmskw_YMMbf16_MEMbf16_AVX512	VFNMSUB132BF16	VFMA	AVX512EVEX	AVX10_2_BF16_256	64	62 f6 7c 29 9e 00	VFNMSUB132BF16_YMMbf16_MASKmskw_YMMbf16_MEMbf16_AVX512	6	exact	exact	structural_only	exact	decode_exact	cpu_legality_and_semantics_pending
VFNMSUB132BF16_YMMbf16_MASKmskw_YMMbf16_YMMbf16_AVX512	VFNMSUB132BF16	VFMA	AVX512EVEX	AVX10_2_BF16_256	64	62 f6 7c 29 9e c0	VFNMSUB132BF16_YMMbf16_MASKmskw_YMMbf16_YMMbf16_AVX512	6	exact	exact	structural_only	exact	decode_exact	cpu_legality_and_semantics_pending
VFNMSUB132BF16_ZMMbf16_MASKmskw_ZMMbf16_MEMbf16_AVX512	VFNMSUB132BF16	VFMA	AVX512EVEX	AVX10_2_BF16_512	64	62 f6 7c 49 9e 00	VFNMSUB132BF16_ZMMbf16_MASKmskw_ZMMbf16_MEMbf16_AVX512	6	exact	exact	structural_only	exact	decode_exact	cpu_legality_and_semantics_pending
VFNMSUB132BF16_ZMMbf16_MASKmskw_ZMMbf16_ZMMbf16_AVX512	VFNMSUB132BF16	VFMA	AVX512EVEX	AVX10_2_BF16_512	64	62 f6 7c 49 9e c0	VFNMSUB132BF16_ZMMbf16_MASKmskw_ZMMbf16_ZMMbf16_AVX512	6	exact	exact	structural_only	exact	decode_exact	cpu_legality_and_semantics_pending
VFNMSUB132PH_XMMf16_MASKmskw_XMMf16_MEMf16_AVX512	VFNMSUB132PH	FP16	AVX512EVEX	AVX512_FP16_128	64	62 f6 7d 09 9e 00	VFNMSUB132PH_XMMf16_MASKmskw_XMMf16_MEMf16_AVX512	6	exact	exact	structural_only	exact	decode_exact	cpu_legality_and_semantics_pending
VFNMSUB132PH_XMMf16_MASKmskw_XMMf16_XMMf16_AVX512	VFNMSUB132PH	FP16	AVX512EVEX	AVX512_FP16_128	64	62 f6 7d 09 9e c0	VFNMSUB132PH_XMMf16_MASKmskw_XMMf16_XMMf16_AVX512	6	exact	exact	structural_only	exact	decode_exact	cpu_legality_and_semantics_pending
VFNMSUB132PH_YMMf16_MASKmskw_YMMf16_MEMf16_AVX512	VFNMSUB132PH	FP16	AVX512EVEX	AVX512_FP16_256	64	62 f6 7d 29 9e 00	VFNMSUB132PH_YMMf16_MASKmskw_YMMf16_MEMf16_AVX512	6	exact	exact	structural_only	exact	decode_exact	cpu_legality_and_semantics_pending
VFNMSUB132PH_YMMf16_MASKmskw_YMMf16_YMMf16_AVX512	VFNMSUB132PH	FP16	AVX512EVEX	AVX512_FP16_256	64	62 f6 7d 29 9e c0	VFNMSUB132PH_YMMf16_MASKmskw_YMMf16_YMMf16_AVX512	6	exact	exact	structural_only	exact	decode_exact	cpu_legality_and_semantics_pending
VFNMSUB132PH_ZMMf16_MASKmskw_ZMMf16_MEMf16_AVX512	VFNMSUB132PH	FP16	AVX512EVEX	AVX512_FP16_512	64	62 f6 7d 49 9e 00	VFNMSUB132PH_ZMMf16_MASKmskw_ZMMf16_MEMf16_AVX512	6	exact	exact	structural_only	exact	decode_exact	cpu_legality_and_semantics_pending
VFNMSUB132PH_ZMMf16_MASKmskw_ZMMf16_ZMMf16_AVX512	VFNMSUB132PH	FP16	AVX512EVEX	AVX512_FP16_512	64	62 f6 7d 49 9e c0	VFNMSUB132PH_ZMMf16_MASKmskw_ZMMf16_ZMMf16_AVX512	6	exact	exact	structural_only	exact	decode_exact	cpu_legality_and_semantics_pending
VFNMSUB132SH_XMMf16_MASKmskw_XMMf16_MEMf16_AVX512	VFNMSUB132SH	FP16	AVX512EVEX	AVX512_FP16_SCALAR	64	62 f6 7d 09 9f 00	VFNMSUB132SH_XMMf16_MASKmskw_XMMf16_MEMf16_AVX512	6	exact	exact	structural_only	exact	decode_exact	cpu_legality_and_semantics_pending
VFNMSUB132SH_XMMf16_MASKmskw_XMMf16_XMMf16_AVX512	VFNMSUB132SH	FP16	AVX512EVEX	AVX512_FP16_SCALAR	64	62 f6 7d 09 9f c0	VFNMSUB132SH_XMMf16_MASKmskw_XMMf16_XMMf16_AVX512	6	exact	exact	structural_only	exact	decode_exact	cpu_legality_and_semantics_pending
VFNMSUB213BF16_XMMbf16_MASKmskw_XMMbf16_MEMbf16_AVX512	VFNMSUB213BF16	VFMA	AVX512EVEX	AVX10_2_BF16_128	64	62 f6 7c 09 ae 00	VFNMSUB213BF16_XMMbf16_MASKmskw_XMMbf16_MEMbf16_AVX512	6	exact	exact	structural_only	exact	decode_exact	cpu_legality_and_semantics_pending
VFNMSUB213BF16_XMMbf16_MASKmskw_XMMbf16_XMMbf16_AVX512	VFNMSUB213BF16	VFMA	AVX512EVEX	AVX10_2_BF16_128	64	62 f6 7c 09 ae c0	VFNMSUB213BF16_XMMbf16_MASKmskw_XMMbf16_XMMbf16_AVX512	6	exact	exact	structural_only	exact	decode_exact	cpu_legality_and_semantics_pending
VFNMSUB213BF16_YMMbf16_MASKmskw_YMMbf16_MEMbf16_AVX512	VFNMSUB213BF16	VFMA	AVX512EVEX	AVX10_2_BF16_256	64	62 f6 7c 29 ae 00	VFNMSUB213BF16_YMMbf16_MASKmskw_YMMbf16_MEMbf16_AVX512	6	exact	exact	structural_only	exact	decode_exact	cpu_legality_and_semantics_pending
VFNMSUB213BF16_YMMbf16_MASKmskw_YMMbf16_YMMbf16_AVX512	VFNMSUB213BF16	VFMA	AVX512EVEX	AVX10_2_BF16_256	64	62 f6 7c 29 ae c0	VFNMSUB213BF16_YMMbf16_MASKmskw_YMMbf16_YMMbf16_AVX512	6	exact	exact	structural_only	exact	decode_exact	cpu_legality_and_semantics_pending
VFNMSUB213BF16_ZMMbf16_MASKmskw_ZMMbf16_MEMbf16_AVX512	VFNMSUB213BF16	VFMA	AVX512EVEX	AVX10_2_BF16_512	64	62 f6 7c 49 ae 00	VFNMSUB213BF16_ZMMbf16_MASKmskw_ZMMbf16_MEMbf16_AVX512	6	exact	exact	structural_only	exact	decode_exact	cpu_legality_and_semantics_pending
VFNMSUB213BF16_ZMMbf16_MASKmskw_ZMMbf16_ZMMbf16_AVX512	VFNMSUB213BF16	VFMA	AVX512EVEX	AVX10_2_BF16_512	64	62 f6 7c 49 ae c0	VFNMSUB213BF16_ZMMbf16_MASKmskw_ZMMbf16_ZMMbf16_AVX512	6	exact	exact	structural_only	exact	decode_exact	cpu_legality_and_semantics_pending
VFNMSUB213PH_XMMf16_MASKmskw_XMMf16_MEMf16_AVX512	VFNMSUB213PH	FP16	AVX512EVEX	AVX512_FP16_128	64	62 f6 7d 09 ae 00	VFNMSUB213PH_XMMf16_MASKmskw_XMMf16_MEMf16_AVX512	6	exact	exact	structural_only	exact	decode_exact	cpu_legality_and_semantics_pending
VFNMSUB213PH_XMMf16_MASKmskw_XMMf16_XMMf16_AVX512	VFNMSUB213PH	FP16	AVX512EVEX	AVX512_FP16_128	64	62 f6 7d 09 ae c0	VFNMSUB213PH_XMMf16_MASKmskw_XMMf16_XMMf16_AVX512	6	exact	exact	structural_only	exact	decode_exact	cpu_legality_and_semantics_pending
VFNMSUB213PH_YMMf16_MASKmskw_YMMf16_MEMf16_AVX512	VFNMSUB213PH	FP16	AVX512EVEX	AVX512_FP16_256	64	62 f6 7d 29 ae 00	VFNMSUB213PH_YMMf16_MASKmskw_YMMf16_MEMf16_AVX512	6	exact	exact	structural_only	exact	decode_exact	cpu_legality_and_semantics_pending
VFNMSUB213PH_YMMf16_MASKmskw_YMMf16_YMMf16_AVX512	VFNMSUB213PH	FP16	AVX512EVEX	AVX512_FP16_256	64	62 f6 7d 29 ae c0	VFNMSUB213PH_YMMf16_MASKmskw_YMMf16_YMMf16_AVX512	6	exact	exact	structural_only	exact	decode_exact	cpu_legality_and_semantics_pending
VFNMSUB213PH_ZMMf16_MASKmskw_ZMMf16_MEMf16_AVX512	VFNMSUB213PH	FP16	AVX512EVEX	AVX512_FP16_512	64	62 f6 7d 49 ae 00	VFNMSUB213PH_ZMMf16_MASKmskw_ZMMf16_MEMf16_AVX512	6	exact	exact	structural_only	exact	decode_exact	cpu_legality_and_semantics_pending
VFNMSUB213PH_ZMMf16_MASKmskw_ZMMf16_ZMMf16_AVX512	VFNMSUB213PH	FP16	AVX512EVEX	AVX512_FP16_512	64	62 f6 7d 59 ae c0	VFNMSUB213PH_ZMMf16_MASKmskw_ZMMf16_ZMMf16_AVX512	6	exact	exact	structural_only	exact	decode_exact	cpu_legality_and_semantics_pending
VFNMSUB213SH_XMMf16_MASKmskw_XMMf16_MEMf16_AVX512	VFNMSUB213SH	FP16	AVX512EVEX	AVX512_FP16_SCALAR	64	62 f6 7d 09 af 00	VFNMSUB213SH_XMMf16_MASKmskw_XMMf16_MEMf16_AVX512	6	exact	exact	structural_only	exact	decode_exact	cpu_legality_and_semantics_pending
VFNMSUB213SH_XMMf16_MASKmskw_XMMf16_XMMf16_AVX512	VFNMSUB213SH	FP16	AVX512EVEX	AVX512_FP16_SCALAR	64	62 f6 7d 09 af c0	VFNMSUB213SH_XMMf16_MASKmskw_XMMf16_XMMf16_AVX512	6	exact	exact	structural_only	exact	decode_exact	cpu_legality_and_semantics_pending
VFNMSUB231BF16_XMMbf16_MASKmskw_XMMbf16_MEMbf16_AVX512	VFNMSUB231BF16	VFMA	AVX512EVEX	AVX10_2_BF16_128	64	62 f6 7c 09 be 00	VFNMSUB231BF16_XMMbf16_MASKmskw_XMMbf16_MEMbf16_AVX512	6	exact	exact	structural_only	exact	decode_exact	cpu_legality_and_semantics_pending
VFNMSUB231BF16_XMMbf16_MASKmskw_XMMbf16_XMMbf16_AVX512	VFNMSUB231BF16	VFMA	AVX512EVEX	AVX10_2_BF16_128	64	62 f6 7c 09 be c0	VFNMSUB231BF16_XMMbf16_MASKmskw_XMMbf16_XMMbf16_AVX512	6	exact	exact	structural_only	exact	decode_exact	cpu_legality_and_semantics_pending
VFNMSUB231BF16_YMMbf16_MASKmskw_YMMbf16_MEMbf16_AVX512	VFNMSUB231BF16	VFMA	AVX512EVEX	AVX10_2_BF16_256	64	62 f6 7c 29 be 00	VFNMSUB231BF16_YMMbf16_MASKmskw_YMMbf16_MEMbf16_AVX512	6	exact	exact	structural_only	exact	decode_exact	cpu_legality_and_semantics_pending
VFNMSUB231BF16_YMMbf16_MASKmskw_YMMbf16_YMMbf16_AVX512	VFNMSUB231BF16	VFMA	AVX512EVEX	AVX10_2_BF16_256	64	62 f6 7c 29 be c0	VFNMSUB231BF16_YMMbf16_MASKmskw_YMMbf16_YMMbf16_AVX512	6	exact	exact	structural_only	exact	decode_exact	cpu_legality_and_semantics_pending
VFNMSUB231BF16_ZMMbf16_MASKmskw_ZMMbf16_MEMbf16_AVX512	VFNMSUB231BF16	VFMA	AVX512EVEX	AVX10_2_BF16_512	64	62 f6 7c 49 be 00	VFNMSUB231BF16_ZMMbf16_MASKmskw_ZMMbf16_MEMbf16_AVX512	6	exact	exact	structural_only	exact	decode_exact	cpu_legality_and_semantics_pending
VFNMSUB231BF16_ZMMbf16_MASKmskw_ZMMbf16_ZMMbf16_AVX512	VFNMSUB231BF16	VFMA	AVX512EVEX	AVX10_2_BF16_512	64	62 f6 7c 49 be c0	VFNMSUB231BF16_ZMMbf16_MASKmskw_ZMMbf16_ZMMbf16_AVX512	6	exact	exact	structural_only	exact	decode_exact	cpu_legality_and_semantics_pending
VFNMSUB231PH_XMMf16_MASKmskw_XMMf16_MEMf16_AVX512	VFNMSUB231PH	FP16	AVX512EVEX	AVX512_FP16_128	64	62 f6 7d 09 be 00	VFNMSUB231PH_XMMf16_MASKmskw_XMMf16_MEMf16_AVX512	6	exact	exact	structural_only	exact	decode_exact	cpu_legality_and_semantics_pending
VFNMSUB231PH_XMMf16_MASKmskw_XMMf16_XMMf16_AVX512	VFNMSUB231PH	FP16	AVX512EVEX	AVX512_FP16_128	64	62 f6 7d 09 be c0	VFNMSUB231PH_XMMf16_MASKmskw_XMMf16_XMMf16_AVX512	6	exact	exact	structural_only	exact	decode_exact	cpu_legality_and_semantics_pending
VFNMSUB231PH_YMMf16_MASKmskw_YMMf16_MEMf16_AVX512	VFNMSUB231PH	FP16	AVX512EVEX	AVX512_FP16_256	64	62 f6 7d 29 be 00	VFNMSUB231PH_YMMf16_MASKmskw_YMMf16_MEMf16_AVX512	6	exact	exact	structural_only	exact	decode_exact	cpu_legality_and_semantics_pending
VFNMSUB231PH_YMMf16_MASKmskw_YMMf16_YMMf16_AVX512	VFNMSUB231PH	FP16	AVX512EVEX	AVX512_FP16_256	64	62 f6 7d 29 be c0	VFNMSUB231PH_YMMf16_MASKmskw_YMMf16_YMMf16_AVX512	6	exact	exact	structural_only	exact	decode_exact	cpu_legality_and_semantics_pending
VFNMSUB231PH_ZMMf16_MASKmskw_ZMMf16_MEMf16_AVX512	VFNMSUB231PH	FP16	AVX512EVEX	AVX512_FP16_512	64	62 f6 7d 49 be 00	VFNMSUB231PH_ZMMf16_MASKmskw_ZMMf16_MEMf16_AVX512	6	exact	exact	structural_only	exact	decode_exact	cpu_legality_and_semantics_pending
VFNMSUB231PH_ZMMf16_MASKmskw_ZMMf16_ZMMf16_AVX512	VFNMSUB231PH	FP16	AVX512EVEX	AVX512_FP16_512	64	62 f6 7d 59 be c0	VFNMSUB231PH_ZMMf16_MASKmskw_ZMMf16_ZMMf16_AVX512	6	exact	exact	structural_only	exact	decode_exact	cpu_legality_and_semantics_pending
VFNMSUB231SH_XMMf16_MASKmskw_XMMf16_MEMf16_AVX512	VFNMSUB231SH	FP16	AVX512EVEX	AVX512_FP16_SCALAR	64	62 f6 7d 09 bf 00	VFNMSUB231SH_XMMf16_MASKmskw_XMMf16_MEMf16_AVX512	6	exact	exact	structural_only	exact	decode_exact	cpu_legality_and_semantics_pending
VFNMSUB231SH_XMMf16_MASKmskw_XMMf16_XMMf16_AVX512	VFNMSUB231SH	FP16	AVX512EVEX	AVX512_FP16_SCALAR	64	62 f6 7d 19 bf c0	VFNMSUB231SH_XMMf16_MASKmskw_XMMf16_XMMf16_AVX512	6	exact	exact	structural_only	exact	decode_exact	cpu_legality_and_semantics_pending
VFPCLASSBF16_MASKi1_MASKmskw_MEMbf16_IMM8_AVX512_VL128	VFPCLASSBF16	AVX512	AVX512EVEX	AVX10_2_BF16_128	64	62 f3 7f 09 66 00 00	VFPCLASSBF16_MASKi1_MASKmskw_MEMbf16_IMM8_AVX512_VL128	7	exact	exact	structural_only	exact	decode_exact	cpu_legality_and_semantics_pending
VFPCLASSBF16_MASKi1_MASKmskw_MEMbf16_IMM8_AVX512_VL256	VFPCLASSBF16	AVX512	AVX512EVEX	AVX10_2_BF16_256	64	62 f3 7f 29 66 00 00	VFPCLASSBF16_MASKi1_MASKmskw_MEMbf16_IMM8_AVX512_VL256	7	exact	exact	structural_only	exact	decode_exact	cpu_legality_and_semantics_pending
VFPCLASSBF16_MASKi1_MASKmskw_MEMbf16_IMM8_AVX512_VL512	VFPCLASSBF16	AVX512	AVX512EVEX	AVX10_2_BF16_512	64	62 f3 7f 49 66 00 00	VFPCLASSBF16_MASKi1_MASKmskw_MEMbf16_IMM8_AVX512_VL512	7	exact	exact	structural_only	exact	decode_exact	cpu_legality_and_semantics_pending
VFPCLASSBF16_MASKi1_MASKmskw_XMMbf16_IMM8_AVX512	VFPCLASSBF16	AVX512	AVX512EVEX	AVX10_2_BF16_128	64	62 f3 7f 09 66 c0 00	VFPCLASSBF16_MASKi1_MASKmskw_XMMbf16_IMM8_AVX512	7	exact	exact	structural_only	exact	decode_exact	cpu_legality_and_semantics_pending
VFPCLASSBF16_MASKi1_MASKmskw_YMMbf16_IMM8_AVX512	VFPCLASSBF16	AVX512	AVX512EVEX	AVX10_2_BF16_256	64	62 f3 7f 29 66 c0 00	VFPCLASSBF16_MASKi1_MASKmskw_YMMbf16_IMM8_AVX512	7	exact	exact	structural_only	exact	decode_exact	cpu_legality_and_semantics_pending
VFPCLASSBF16_MASKi1_MASKmskw_ZMMbf16_IMM8_AVX512	VFPCLASSBF16	AVX512	AVX512EVEX	AVX10_2_BF16_512	64	62 f3 7f 49 66 c0 00	VFPCLASSBF16_MASKi1_MASKmskw_ZMMbf16_IMM8_AVX512	7	exact	exact	structural_only	exact	decode_exact	cpu_legality_and_semantics_pending
VFPCLASSPD_MASKmskw_MASKmskw_MEMf64_IMM8_AVX512_VL128	VFPCLASSPD	AVX512	AVX512EVEX	AVX512DQ_128	64	62 f3 fd 09 66 00 00	VFPCLASSPD_MASKmskw_MASKmskw_MEMf64_IMM8_AVX512_VL128	7	exact	exact	structural_only	exact	decode_exact	cpu_legality_and_semantics_pending
VFPCLASSPD_MASKmskw_MASKmskw_MEMf64_IMM8_AVX512_VL256	VFPCLASSPD	AVX512	AVX512EVEX	AVX512DQ_256	64	62 f3 fd 29 66 00 00	VFPCLASSPD_MASKmskw_MASKmskw_MEMf64_IMM8_AVX512_VL256	7	exact	exact	structural_only	exact	decode_exact	cpu_legality_and_semantics_pending
VFPCLASSPD_MASKmskw_MASKmskw_MEMf64_IMM8_AVX512_VL512	VFPCLASSPD	AVX512	AVX512EVEX	AVX512DQ_512	64	62 f3 fd 49 66 00 00	VFPCLASSPD_MASKmskw_MASKmskw_MEMf64_IMM8_AVX512_VL512	7	exact	exact	structural_only	exact	decode_exact	cpu_legality_and_semantics_pending
VFPCLASSPD_MASKmskw_MASKmskw_XMMf64_IMM8_AVX512	VFPCLASSPD	AVX512	AVX512EVEX	AVX512DQ_128	64	62 f3 fd 09 66 c0 00	VFPCLASSPD_MASKmskw_MASKmskw_XMMf64_IMM8_AVX512	7	exact	exact	structural_only	exact	decode_exact	cpu_legality_and_semantics_pending
VFPCLASSPD_MASKmskw_MASKmskw_YMMf64_IMM8_AVX512	VFPCLASSPD	AVX512	AVX512EVEX	AVX512DQ_256	64	62 f3 fd 29 66 c0 00	VFPCLASSPD_MASKmskw_MASKmskw_YMMf64_IMM8_AVX512	7	exact	exact	structural_only	exact	decode_exact	cpu_legality_and_semantics_pending
VFPCLASSPD_MASKmskw_MASKmskw_ZMMf64_IMM8_AVX512	VFPCLASSPD	AVX512	AVX512EVEX	AVX512DQ_512	64	62 f3 fd 49 66 c0 00	VFPCLASSPD_MASKmskw_MASKmskw_ZMMf64_IMM8_AVX512	7	exact	exact	structural_only	exact	decode_exact	cpu_legality_and_semantics_pending
VFPCLASSPH_MASKmskw_MASKmskw_MEMf16_IMM8_AVX512_VL128	VFPCLASSPH	FP16	AVX512EVEX	AVX512_FP16_128	64	62 f3 7c 09 66 00 00	VFPCLASSPH_MASKmskw_MASKmskw_MEMf16_IMM8_AVX512_VL128	7	exact	exact	structural_only	exact	decode_exact	cpu_legality_and_semantics_pending
VFPCLASSPH_MASKmskw_MASKmskw_MEMf16_IMM8_AVX512_VL256	VFPCLASSPH	FP16	AVX512EVEX	AVX512_FP16_256	64	62 f3 7c 29 66 00 00	VFPCLASSPH_MASKmskw_MASKmskw_MEMf16_IMM8_AVX512_VL256	7	exact	exact	structural_only	exact	decode_exact	cpu_legality_and_semantics_pending
VFPCLASSPH_MASKmskw_MASKmskw_MEMf16_IMM8_AVX512_VL512	VFPCLASSPH	FP16	AVX512EVEX	AVX512_FP16_512	64	62 f3 7c 49 66 00 00	VFPCLASSPH_MASKmskw_MASKmskw_MEMf16_IMM8_AVX512_VL512	7	exact	exact	structural_only	exact	decode_exact	cpu_legality_and_semantics_pending
VFPCLASSPH_MASKmskw_MASKmskw_XMMf16_IMM8_AVX512	VFPCLASSPH	FP16	AVX512EVEX	AVX512_FP16_128	64	62 f3 7c 09 66 c0 00	VFPCLASSPH_MASKmskw_MASKmskw_XMMf16_IMM8_AVX512	7	exact	exact	structural_only	exact	decode_exact	cpu_legality_and_semantics_pending
VFPCLASSPH_MASKmskw_MASKmskw_YMMf16_IMM8_AVX512	VFPCLASSPH	FP16	AVX512EVEX	AVX512_FP16_256	64	62 f3 7c 29 66 c0 00	VFPCLASSPH_MASKmskw_MASKmskw_YMMf16_IMM8_AVX512	7	exact	exact	structural_only	exact	decode_exact	cpu_legality_and_semantics_pending
VFPCLASSPH_MASKmskw_MASKmskw_ZMMf16_IMM8_AVX512	VFPCLASSPH	FP16	AVX512EVEX	AVX512_FP16_512	64	62 f3 7c 49 66 c0 00	VFPCLASSPH_MASKmskw_MASKmskw_ZMMf16_IMM8_AVX512	7	exact	exact	structural_only	exact	decode_exact	cpu_legality_and_semantics_pending
VFPCLASSPS_MASKmskw_MASKmskw_MEMf32_IMM8_AVX512_VL128	VFPCLASSPS	AVX512	AVX512EVEX	AVX512DQ_128	64	62 f3 7d 09 66 00 00	VFPCLASSPS_MASKmskw_MASKmskw_MEMf32_IMM8_AVX512_VL128	7	exact	exact	structural_only	exact	decode_exact	cpu_legality_and_semantics_pending
VFPCLASSPS_MASKmskw_MASKmskw_MEMf32_IMM8_AVX512_VL256	VFPCLASSPS	AVX512	AVX512EVEX	AVX512DQ_256	64	62 f3 7d 29 66 00 00	VFPCLASSPS_MASKmskw_MASKmskw_MEMf32_IMM8_AVX512_VL256	7	exact	exact	structural_only	exact	decode_exact	cpu_legality_and_semantics_pending
VFPCLASSPS_MASKmskw_MASKmskw_MEMf32_IMM8_AVX512_VL512	VFPCLASSPS	AVX512	AVX512EVEX	AVX512DQ_512	64	62 f3 7d 49 66 00 00	VFPCLASSPS_MASKmskw_MASKmskw_MEMf32_IMM8_AVX512_VL512	7	exact	exact	structural_only	exact	decode_exact	cpu_legality_and_semantics_pending
VFPCLASSPS_MASKmskw_MASKmskw_XMMf32_IMM8_AVX512	VFPCLASSPS	AVX512	AVX512EVEX	AVX512DQ_128	64	62 f3 7d 09 66 c0 00	VFPCLASSPS_MASKmskw_MASKmskw_XMMf32_IMM8_AVX512	7	exact	exact	structural_only	exact	decode_exact	cpu_legality_and_semantics_pending
VFPCLASSPS_MASKmskw_MASKmskw_YMMf32_IMM8_AVX512	VFPCLASSPS	AVX512	AVX512EVEX	AVX512DQ_256	64	62 f3 7d 29 66 c0 00	VFPCLASSPS_MASKmskw_MASKmskw_YMMf32_IMM8_AVX512	7	exact	exact	structural_only	exact	decode_exact	cpu_legality_and_semantics_pending
VFPCLASSPS_MASKmskw_MASKmskw_ZMMf32_IMM8_AVX512	VFPCLASSPS	AVX512	AVX512EVEX	AVX512DQ_512	64	62 f3 7d 49 66 c0 00	VFPCLASSPS_MASKmskw_MASKmskw_ZMMf32_IMM8_AVX512	7	exact	exact	structural_only	exact	decode_exact	cpu_legality_and_semantics_pending
VFPCLASSSD_MASKmskw_MASKmskw_MEMf64_IMM8_AVX512	VFPCLASSSD	AVX512	AVX512EVEX	AVX512DQ_SCALAR	64	62 f3 fd 09 67 00 00	VFPCLASSSD_MASKmskw_MASKmskw_MEMf64_IMM8_AVX512	7	exact	exact	structural_only	exact	decode_exact	cpu_legality_and_semantics_pending
VFPCLASSSD_MASKmskw_MASKmskw_XMMf64_IMM8_AVX512	VFPCLASSSD	AVX512	AVX512EVEX	AVX512DQ_SCALAR	64	62 f3 fd 09 67 c0 00	VFPCLASSSD_MASKmskw_MASKmskw_XMMf64_IMM8_AVX512	7	exact	exact	structural_only	exact	decode_exact	cpu_legality_and_semantics_pending
VFPCLASSSH_MASKmskw_MASKmskw_MEMf16_IMM8_AVX512	VFPCLASSSH	FP16	AVX512EVEX	AVX512_FP16_SCALAR	64	62 f3 7c 09 67 00 00	VFPCLASSSH_MASKmskw_MASKmskw_MEMf16_IMM8_AVX512	7	exact	exact	structural_only	exact	decode_exact	cpu_legality_and_semantics_pending
VFPCLASSSH_MASKmskw_MASKmskw_XMMf16_IMM8_AVX512	VFPCLASSSH	FP16	AVX512EVEX	AVX512_FP16_SCALAR	64	62 f3 7c 09 67 c0 00	VFPCLASSSH_MASKmskw_MASKmskw_XMMf16_IMM8_AVX512	7	exact	exact	structural_only	exact	decode_exact	cpu_legality_and_semantics_pending
VFPCLASSSS_MASKmskw_MASKmskw_MEMf32_IMM8_AVX512	VFPCLASSSS	AVX512	AVX512EVEX	AVX512DQ_SCALAR	64	62 f3 7d 09 67 00 00	VFPCLASSSS_MASKmskw_MASKmskw_MEMf32_IMM8_AVX512	7	exact	exact	structural_only	exact	decode_exact	cpu_legality_and_semantics_pending
VFPCLASSSS_MASKmskw_MASKmskw_XMMf32_IMM8_AVX512	VFPCLASSSS	AVX512	AVX512EVEX	AVX512DQ_SCALAR	64	62 f3 7d 09 67 c0 00	VFPCLASSSS_MASKmskw_MASKmskw_XMMf32_IMM8_AVX512	7	exact	exact	structural_only	exact	decode_exact	cpu_legality_and_semantics_pending
VGATHERDPD_XMMf64_MASKmskw_MEMf64_AVX512_VL128	VGATHERDPD	GATHER	AVX512EVEX	AVX512F_128	64	62 f2 fd 09 92 0c 10	VGATHERDPD_XMMf64_MASKmskw_MEMf64_AVX512_VL128	7	exact	exact	structural_only	exact	decode_exact	cpu_legality_and_semantics_pending
VGATHERDPD_XMMf64_MEMf64_XMMi64_VL128	VGATHERDPD	AVX2GATHER	AVX2GATHER	AVX2GATHER	64	c4 e2 f9 92 0c 10	VGATHERDPD_XMMf64_MEMf64_XMMi64_VL128	6	exact	exact	structural_only	exact	decode_exact	cpu_legality_and_semantics_pending
VGATHERDPD_YMMf64_MASKmskw_MEMf64_AVX512_VL256	VGATHERDPD	GATHER	AVX512EVEX	AVX512F_256	64	62 f2 fd 29 92 0c 10	VGATHERDPD_YMMf64_MASKmskw_MEMf64_AVX512_VL256	7	exact	exact	structural_only	exact	decode_exact	cpu_legality_and_semantics_pending
VGATHERDPD_YMMf64_MEMf64_YMMi64_VL256	VGATHERDPD	AVX2GATHER	AVX2GATHER	AVX2GATHER	64	c4 e2 fd 92 0c 10	VGATHERDPD_YMMf64_MEMf64_YMMi64_VL256	6	exact	exact	structural_only	exact	decode_exact	cpu_legality_and_semantics_pending
VGATHERDPD_ZMMf64_MASKmskw_MEMf64_AVX512_VL512	VGATHERDPD	GATHER	AVX512EVEX	AVX512F_512	64	62 f2 fd 49 92 0c 10	VGATHERDPD_ZMMf64_MASKmskw_MEMf64_AVX512_VL512	7	exact	exact	structural_only	exact	decode_exact	cpu_legality_and_semantics_pending
VGATHERDPS_XMMf32_MASKmskw_MEMf32_AVX512_VL128	VGATHERDPS	GATHER	AVX512EVEX	AVX512F_128	64	62 f2 7d 09 92 0c 10	VGATHERDPS_XMMf32_MASKmskw_MEMf32_AVX512_VL128	7	exact	exact	structural_only	exact	decode_exact	cpu_legality_and_semantics_pending
VGATHERDPS_XMMf32_MEMf32_XMMi32_VL128	VGATHERDPS	AVX2GATHER	AVX2GATHER	AVX2GATHER	64	c4 e2 79 92 0c 10	VGATHERDPS_XMMf32_MEMf32_XMMi32_VL128	6	exact	exact	structural_only	exact	decode_exact	cpu_legality_and_semantics_pending
VGATHERDPS_YMMf32_MASKmskw_MEMf32_AVX512_VL256	VGATHERDPS	GATHER	AVX512EVEX	AVX512F_256	64	62 f2 7d 29 92 0c 10	VGATHERDPS_YMMf32_MASKmskw_MEMf32_AVX512_VL256	7	exact	exact	structural_only	exact	decode_exact	cpu_legality_and_semantics_pending
VGATHERDPS_YMMf32_MEMf32_YMMi32_VL256	VGATHERDPS	AVX2GATHER	AVX2GATHER	AVX2GATHER	64	c4 e2 7d 92 0c 10	VGATHERDPS_YMMf32_MEMf32_YMMi32_VL256	6	exact	exact	structural_only	exact	decode_exact	cpu_legality_and_semantics_pending
VGATHERDPS_ZMMf32_MASKmskw_MEMf32_AVX512_VL512	VGATHERDPS	GATHER	AVX512EVEX	AVX512F_512	64	62 f2 7d 49 92 0c 10	VGATHERDPS_ZMMf32_MASKmskw_MEMf32_AVX512_VL512	7	exact	exact	structural_only	exact	decode_exact	cpu_legality_and_semantics_pending
VGATHERPF0DPD_MEMf64_MASKmskw_AVX512PF_VL512	VGATHERPF0DPD	GATHER	AVX512EVEX	AVX512PF_512	64	62 f2 fd 49 c6 0c 10	VGATHERPF0DPD_MEMf64_MASKmskw_AVX512PF_VL512	7	exact	exact	structural_only	exact	decode_exact	cpu_legality_and_semantics_pending
VGATHERPF0DPS_MEMf32_MASKmskw_AVX512PF_VL512	VGATHERPF0DPS	GATHER	AVX512EVEX	AVX512PF_512	64	62 f2 7d 49 c6 0c 10	VGATHERPF0DPS_MEMf32_MASKmskw_AVX512PF_VL512	7	exact	exact	structural_only	exact	decode_exact	cpu_legality_and_semantics_pending
VGATHERPF0QPD_MEMf64_MASKmskw_AVX512PF_VL512	VGATHERPF0QPD	GATHER	AVX512EVEX	AVX512PF_512	64	62 f2 fd 49 c7 0c 10	VGATHERPF0QPD_MEMf64_MASKmskw_AVX512PF_VL512	7	exact	exact	structural_only	exact	decode_exact	cpu_legality_and_semantics_pending
VGATHERPF0QPS_MEMf32_MASKmskw_AVX512PF_VL512	VGATHERPF0QPS	GATHER	AVX512EVEX	AVX512PF_512	64	62 f2 7d 49 c7 0c 10	VGATHERPF0QPS_MEMf32_MASKmskw_AVX512PF_VL512	7	exact	exact	structural_only	exact	decode_exact	cpu_legality_and_semantics_pending
VGATHERPF1DPD_MEMf64_MASKmskw_AVX512PF_VL512	VGATHERPF1DPD	GATHER	AVX512EVEX	AVX512PF_512	64	62 f2 fd 49 c6 14 10	VGATHERPF1DPD_MEMf64_MASKmskw_AVX512PF_VL512	7	exact	exact	structural_only	exact	decode_exact	cpu_legality_and_semantics_pending
VGATHERPF1DPS_MEMf32_MASKmskw_AVX512PF_VL512	VGATHERPF1DPS	GATHER	AVX512EVEX	AVX512PF_512	64	62 f2 7d 49 c6 14 10	VGATHERPF1DPS_MEMf32_MASKmskw_AVX512PF_VL512	7	exact	exact	structural_only	exact	decode_exact	cpu_legality_and_semantics_pending
VGATHERPF1QPD_MEMf64_MASKmskw_AVX512PF_VL512	VGATHERPF1QPD	GATHER	AVX512EVEX	AVX512PF_512	64	62 f2 fd 49 c7 14 10	VGATHERPF1QPD_MEMf64_MASKmskw_AVX512PF_VL512	7	exact	exact	structural_only	exact	decode_exact	cpu_legality_and_semantics_pending
VGATHERPF1QPS_MEMf32_MASKmskw_AVX512PF_VL512	VGATHERPF1QPS	GATHER	AVX512EVEX	AVX512PF_512	64	62 f2 7d 49 c7 14 10	VGATHERPF1QPS_MEMf32_MASKmskw_AVX512PF_VL512	7	exact	exact	structural_only	exact	decode_exact	cpu_legality_and_semantics_pending
VGATHERQPD_XMMf64_MASKmskw_MEMf64_AVX512_VL128	VGATHERQPD	GATHER	AVX512EVEX	AVX512F_128	64	62 f2 fd 09 93 0c 10	VGATHERQPD_XMMf64_MASKmskw_MEMf64_AVX512_VL128	7	exact	exact	structural_only	exact	decode_exact	cpu_legality_and_semantics_pending
VGATHERQPD_XMMf64_MEMf64_XMMi64_VL128	VGATHERQPD	AVX2GATHER	AVX2GATHER	AVX2GATHER	64	c4 e2 f9 93 0c 10	VGATHERQPD_XMMf64_MEMf64_XMMi64_VL128	6	exact	exact	structural_only	exact	decode_exact	cpu_legality_and_semantics_pending
VGATHERQPD_YMMf64_MASKmskw_MEMf64_AVX512_VL256	VGATHERQPD	GATHER	AVX512EVEX	AVX512F_256	64	62 f2 fd 29 93 0c 10	VGATHERQPD_YMMf64_MASKmskw_MEMf64_AVX512_VL256	7	exact	exact	structural_only	exact	decode_exact	cpu_legality_and_semantics_pending
VGATHERQPD_YMMf64_MEMf64_YMMi64_VL256	VGATHERQPD	AVX2GATHER	AVX2GATHER	AVX2GATHER	64	c4 e2 fd 93 0c 10	VGATHERQPD_YMMf64_MEMf64_YMMi64_VL256	6	exact	exact	structural_only	exact	decode_exact	cpu_legality_and_semantics_pending
VGATHERQPD_ZMMf64_MASKmskw_MEMf64_AVX512_VL512	VGATHERQPD	GATHER	AVX512EVEX	AVX512F_512	64	62 f2 fd 49 93 0c 10	VGATHERQPD_ZMMf64_MASKmskw_MEMf64_AVX512_VL512	7	exact	exact	structural_only	exact	decode_exact	cpu_legality_and_semantics_pending
VGATHERQPS_XMMf32_MASKmskw_MEMf32_AVX512_VL128	VGATHERQPS	GATHER	AVX512EVEX	AVX512F_128	64	62 f2 7d 09 93 0c 10	VGATHERQPS_XMMf32_MASKmskw_MEMf32_AVX512_VL128	7	exact	exact	structural_only	exact	decode_exact	cpu_legality_and_semantics_pending
VGATHERQPS_XMMf32_MASKmskw_MEMf32_AVX512_VL256	VGATHERQPS	GATHER	AVX512EVEX	AVX512F_256	64	62 f2 7d 29 93 0c 10	VGATHERQPS_XMMf32_MASKmskw_MEMf32_AVX512_VL256	7	exact	exact	structural_only	exact	decode_exact	cpu_legality_and_semantics_pending
VGATHERQPS_XMMf32_MEMf32_XMMi32_VL128	VGATHERQPS	AVX2GATHER	AVX2GATHER	AVX2GATHER	64	c4 e2 79 93 0c 10	VGATHERQPS_XMMf32_MEMf32_XMMi32_VL128	6	exact	exact	structural_only	exact	decode_exact	cpu_legality_and_semantics_pending
VGATHERQPS_XMMf32_MEMf32_XMMi32_VL256	VGATHERQPS	AVX2GATHER	AVX2GATHER	AVX2GATHER	64	c4 e2 7d 93 0c 10	VGATHERQPS_XMMf32_MEMf32_XMMi32_VL256	6	exact	exact	structural_only	exact	decode_exact	cpu_legality_and_semantics_pending
VGATHERQPS_YMMf32_MASKmskw_MEMf32_AVX512_VL512	VGATHERQPS	GATHER	AVX512EVEX	AVX512F_512	64	62 f2 7d 49 93 0c 10	VGATHERQPS_YMMf32_MASKmskw_MEMf32_AVX512_VL512	7	exact	exact	structural_only	exact	decode_exact	cpu_legality_and_semantics_pending
VGETMANTBF16_XMMbf16_MASKmskw_MEMbf16_IMM8_AVX512	VGETMANTBF16	AVX512	AVX512EVEX	AVX10_2_BF16_128	64	62 f3 7f 09 26 00 00	VGETMANTBF16_XMMbf16_MASKmskw_MEMbf16_IMM8_AVX512	7	exact	exact	structural_only	exact	decode_exact	cpu_legality_and_semantics_pending
VGETMANTBF16_XMMbf16_MASKmskw_XMMbf16_IMM8_AVX512	VGETMANTBF16	AVX512	AVX512EVEX	AVX10_2_BF16_128	64	62 f3 7f 09 26 c0 00	VGETMANTBF16_XMMbf16_MASKmskw_XMMbf16_IMM8_AVX512	7	exact	exact	structural_only	exact	decode_exact	cpu_legality_and_semantics_pending
VGETMANTBF16_YMMbf16_MASKmskw_MEMbf16_IMM8_AVX512	VGETMANTBF16	AVX512	AVX512EVEX	AVX10_2_BF16_256	64	62 f3 7f 29 26 00 00	VGETMANTBF16_YMMbf16_MASKmskw_MEMbf16_IMM8_AVX512	7	exact	exact	structural_only	exact	decode_exact	cpu_legality_and_semantics_pending
VGETMANTBF16_YMMbf16_MASKmskw_YMMbf16_IMM8_AVX512	VGETMANTBF16	AVX512	AVX512EVEX	AVX10_2_BF16_256	64	62 f3 7f 29 26 c0 00	VGETMANTBF16_YMMbf16_MASKmskw_YMMbf16_IMM8_AVX512	7	exact	exact	structural_only	exact	decode_exact	cpu_legality_and_semantics_pending
VGETMANTBF16_ZMMbf16_MASKmskw_MEMbf16_IMM8_AVX512	VGETMANTBF16	AVX512	AVX512EVEX	AVX10_2_BF16_512	64	62 f3 7f 49 26 00 00	VGETMANTBF16_ZMMbf16_MASKmskw_MEMbf16_IMM8_AVX512	7	exact	exact	structural_only	exact	decode_exact	cpu_legality_and_semantics_pending
VGETMANTBF16_ZMMbf16_MASKmskw_ZMMbf16_IMM8_AVX512	VGETMANTBF16	AVX512	AVX512EVEX	AVX10_2_BF16_512	64	62 f3 7f 49 26 c0 00	VGETMANTBF16_ZMMbf16_MASKmskw_ZMMbf16_IMM8_AVX512	7	exact	exact	structural_only	exact	decode_exact	cpu_legality_and_semantics_pending
VGETMANTPD_XMMf64_MASKmskw_MEMf64_IMM8_AVX512	VGETMANTPD	AVX512	AVX512EVEX	AVX512F_128	64	62 f3 fd 09 26 00 00	VGETMANTPD_XMMf64_MASKmskw_MEMf64_IMM8_AVX512	7	exact	exact	structural_only	exact	decode_exact	cpu_legality_and_semantics_pending
VGETMANTPD_XMMf64_MASKmskw_XMMf64_IMM8_AVX512	VGETMANTPD	AVX512	AVX512EVEX	AVX512F_128	64	62 f3 fd 09 26 c0 00	VGETMANTPD_XMMf64_MASKmskw_XMMf64_IMM8_AVX512	7	exact	exact	structural_only	exact	decode_exact	cpu_legality_and_semantics_pending
VGETMANTPD_YMMf64_MASKmskw_MEMf64_IMM8_AVX512	VGETMANTPD	AVX512	AVX512EVEX	AVX512F_256	64	62 f3 fd 29 26 00 00	VGETMANTPD_YMMf64_MASKmskw_MEMf64_IMM8_AVX512	7	exact	exact	structural_only	exact	decode_exact	cpu_legality_and_semantics_pending
VGETMANTPD_YMMf64_MASKmskw_YMMf64_IMM8_AVX512	VGETMANTPD	AVX512	AVX512EVEX	AVX512F_256	64	62 f3 fd 29 26 c0 00	VGETMANTPD_YMMf64_MASKmskw_YMMf64_IMM8_AVX512	7	exact	exact	structural_only	exact	decode_exact	cpu_legality_and_semantics_pending
VGETMANTPD_ZMMf64_MASKmskw_MEMf64_IMM8_AVX512	VGETMANTPD	AVX512	AVX512EVEX	AVX512F_512	64	62 f3 fd 49 26 00 00	VGETMANTPD_ZMMf64_MASKmskw_MEMf64_IMM8_AVX512	7	exact	exact	structural_only	exact	decode_exact	cpu_legality_and_semantics_pending
VGETMANTPD_ZMMf64_MASKmskw_ZMMf64_IMM8_AVX512	VGETMANTPD	AVX512	AVX512EVEX	AVX512F_512	64	62 f3 fd 49 26 c0 00	VGETMANTPD_ZMMf64_MASKmskw_ZMMf64_IMM8_AVX512	7	exact	exact	structural_only	exact	decode_exact	cpu_legality_and_semantics_pending
VGETMANTPH_XMMf16_MASKmskw_MEMf16_IMM8_AVX512	VGETMANTPH	FP16	AVX512EVEX	AVX512_FP16_128	64	62 f3 7c 09 26 00 00	VGETMANTPH_XMMf16_MASKmskw_MEMf16_IMM8_AVX512	7	exact	exact	structural_only	exact	decode_exact	cpu_legality_and_semantics_pending
VGETMANTPH_XMMf16_MASKmskw_XMMf16_IMM8_AVX512	VGETMANTPH	FP16	AVX512EVEX	AVX512_FP16_128	64	62 f3 7c 09 26 c0 00	VGETMANTPH_XMMf16_MASKmskw_XMMf16_IMM8_AVX512	7	exact	exact	structural_only	exact	decode_exact	cpu_legality_and_semantics_pending
VGETMANTPH_YMMf16_MASKmskw_MEMf16_IMM8_AVX512	VGETMANTPH	FP16	AVX512EVEX	AVX512_FP16_256	64	62 f3 7c 29 26 00 00	VGETMANTPH_YMMf16_MASKmskw_MEMf16_IMM8_AVX512	7	exact	exact	structural_only	exact	decode_exact	cpu_legality_and_semantics_pending
VGETMANTPH_YMMf16_MASKmskw_YMMf16_IMM8_AVX512	VGETMANTPH	FP16	AVX512EVEX	AVX512_FP16_256	64	62 f3 7c 29 26 c0 00	VGETMANTPH_YMMf16_MASKmskw_YMMf16_IMM8_AVX512	7	exact	exact	structural_only	exact	decode_exact	cpu_legality_and_semantics_pending
VGETMANTPH_ZMMf16_MASKmskw_MEMf16_IMM8_AVX512	VGETMANTPH	FP16	AVX512EVEX	AVX512_FP16_512	64	62 f3 7c 49 26 00 00	VGETMANTPH_ZMMf16_MASKmskw_MEMf16_IMM8_AVX512	7	exact	exact	structural_only	exact	decode_exact	cpu_legality_and_semantics_pending
VGETMANTPH_ZMMf16_MASKmskw_ZMMf16_IMM8_AVX512	VGETMANTPH	FP16	AVX512EVEX	AVX512_FP16_512	64	62 f3 7c 59 26 c0 00	VGETMANTPH_ZMMf16_MASKmskw_ZMMf16_IMM8_AVX512	7	exact	exact	structural_only	exact	decode_exact	cpu_legality_and_semantics_pending
VGETMANTPS_XMMf32_MASKmskw_MEMf32_IMM8_AVX512	VGETMANTPS	AVX512	AVX512EVEX	AVX512F_128	64	62 f3 7d 09 26 00 00	VGETMANTPS_XMMf32_MASKmskw_MEMf32_IMM8_AVX512	7	exact	exact	structural_only	exact	decode_exact	cpu_legality_and_semantics_pending
VGETMANTPS_XMMf32_MASKmskw_XMMf32_IMM8_AVX512	VGETMANTPS	AVX512	AVX512EVEX	AVX512F_128	64	62 f3 7d 09 26 c0 00	VGETMANTPS_XMMf32_MASKmskw_XMMf32_IMM8_AVX512	7	exact	exact	structural_only	exact	decode_exact	cpu_legality_and_semantics_pending
VGETMANTPS_YMMf32_MASKmskw_MEMf32_IMM8_AVX512	VGETMANTPS	AVX512	AVX512EVEX	AVX512F_256	64	62 f3 7d 29 26 00 00	VGETMANTPS_YMMf32_MASKmskw_MEMf32_IMM8_AVX512	7	exact	exact	structural_only	exact	decode_exact	cpu_legality_and_semantics_pending
VGETMANTPS_YMMf32_MASKmskw_YMMf32_IMM8_AVX512	VGETMANTPS	AVX512	AVX512EVEX	AVX512F_256	64	62 f3 7d 29 26 c0 00	VGETMANTPS_YMMf32_MASKmskw_YMMf32_IMM8_AVX512	7	exact	exact	structural_only	exact	decode_exact	cpu_legality_and_semantics_pending
VGETMANTPS_ZMMf32_MASKmskw_MEMf32_IMM8_AVX512	VGETMANTPS	AVX512	AVX512EVEX	AVX512F_512	64	62 f3 7d 49 26 00 00	VGETMANTPS_ZMMf32_MASKmskw_MEMf32_IMM8_AVX512	7	exact	exact	structural_only	exact	decode_exact	cpu_legality_and_semantics_pending
VGETMANTPS_ZMMf32_MASKmskw_ZMMf32_IMM8_AVX512	VGETMANTPS	AVX512	AVX512EVEX	AVX512F_512	64	62 f3 7d 49 26 c0 00	VGETMANTPS_ZMMf32_MASKmskw_ZMMf32_IMM8_AVX512	7	exact	exact	structural_only	exact	decode_exact	cpu_legality_and_semantics_pending
VGETMANTSD_XMMf64_MASKmskw_XMMf64_MEMf64_IMM8_AVX512	VGETMANTSD	AVX512	AVX512EVEX	AVX512F_SCALAR	64	62 f3 fd 09 27 00 00	VGETMANTSD_XMMf64_MASKmskw_XMMf64_MEMf64_IMM8_AVX512	7	exact	exact	structural_only	exact	decode_exact	cpu_legality_and_semantics_pending
VGETMANTSD_XMMf64_MASKmskw_XMMf64_XMMf64_IMM8_AVX512	VGETMANTSD	AVX512	AVX512EVEX	AVX512F_SCALAR	64	62 f3 fd 09 27 c0 00	VGETMANTSD_XMMf64_MASKmskw_XMMf64_XMMf64_IMM8_AVX512	7	exact	exact	structural_only	exact	decode_exact	cpu_legality_and_semantics_pending
VGETMANTSH_XMMf16_MASKmskw_XMMf16_MEMf16_IMM8_AVX512	VGETMANTSH	FP16	AVX512EVEX	AVX512_FP16_SCALAR	64	62 f3 7c 09 27 00 00	VGETMANTSH_XMMf16_MASKmskw_XMMf16_MEMf16_IMM8_AVX512	7	exact	exact	structural_only	exact	decode_exact	cpu_legality_and_semantics_pending
VGETMANTSH_XMMf16_MASKmskw_XMMf16_XMMf16_IMM8_AVX512	VGETMANTSH	FP16	AVX512EVEX	AVX512_FP16_SCALAR	64	62 f3 7c 09 27 c0 00	VGETMANTSH_XMMf16_MASKmskw_XMMf16_XMMf16_IMM8_AVX512	7	exact	exact	structural_only	exact	decode_exact	cpu_legality_and_semantics_pending
VGETMANTSS_XMMf32_MASKmskw_XMMf32_MEMf32_IMM8_AVX512	VGETMANTSS	AVX512	AVX512EVEX	AVX512F_SCALAR	64	62 f3 7d 09 27 00 00	VGETMANTSS_XMMf32_MASKmskw_XMMf32_MEMf32_IMM8_AVX512	7	exact	exact	structural_only	exact	decode_exact	cpu_legality_and_semantics_pending
VGETMANTSS_XMMf32_MASKmskw_XMMf32_XMMf32_IMM8_AVX512	VGETMANTSS	AVX512	AVX512EVEX	AVX512F_SCALAR	64	62 f3 7d 19 27 c0 00	VGETMANTSS_XMMf32_MASKmskw_XMMf32_XMMf32_IMM8_AVX512	7	exact	exact	structural_only	exact	decode_exact	cpu_legality_and_semantics_pending
VINSERTF32X4_YMMf32_MASKmskw_YMMf32_MEMf32_IMM8_AVX512	VINSERTF32X4	AVX512	AVX512EVEX	AVX512F_256	64	62 f3 7d 29 18 00 00	VINSERTF32X4_YMMf32_MASKmskw_YMMf32_MEMf32_IMM8_AVX512	7	exact	exact	structural_only	exact	decode_exact	cpu_legality_and_semantics_pending
VINSERTF32X4_YMMf32_MASKmskw_YMMf32_XMMf32_IMM8_AVX512	VINSERTF32X4	AVX512	AVX512EVEX	AVX512F_256	64	62 f3 7d 29 18 c0 00	VINSERTF32X4_YMMf32_MASKmskw_YMMf32_XMMf32_IMM8_AVX512	7	exact	exact	structural_only	exact	decode_exact	cpu_legality_and_semantics_pending
VINSERTF32X4_ZMMf32_MASKmskw_ZMMf32_MEMf32_IMM8_AVX512	VINSERTF32X4	AVX512	AVX512EVEX	AVX512F_512	64	62 f3 7d 49 18 00 00	VINSERTF32X4_ZMMf32_MASKmskw_ZMMf32_MEMf32_IMM8_AVX512	7	exact	exact	structural_only	exact	decode_exact	cpu_legality_and_semantics_pending
VINSERTF32X4_ZMMf32_MASKmskw_ZMMf32_XMMf32_IMM8_AVX512	VINSERTF32X4	AVX512	AVX512EVEX	AVX512F_512	64	62 f3 7d 49 18 c0 00	VINSERTF32X4_ZMMf32_MASKmskw_ZMMf32_XMMf32_IMM8_AVX512	7	exact	exact	structural_only	exact	decode_exact	cpu_legality_and_semantics_pending
VINSERTF32X8_ZMMf32_MASKmskw_ZMMf32_MEMf32_IMM8_AVX512	VINSERTF32X8	AVX512	AVX512EVEX	AVX512DQ_512	64	62 f3 7d 49 1a 00 00	VINSERTF32X8_ZMMf32_MASKmskw_ZMMf32_MEMf32_IMM8_AVX512	7	exact	exact	structural_only	exact	decode_exact	cpu_legality_and_semantics_pending
VINSERTF32X8_ZMMf32_MASKmskw_ZMMf32_YMMf32_IMM8_AVX512	VINSERTF32X8	AVX512	AVX512EVEX	AVX512DQ_512	64	62 f3 7d 49 1a c0 00	VINSERTF32X8_ZMMf32_MASKmskw_ZMMf32_YMMf32_IMM8_AVX512	7	exact	exact	structural_only	exact	decode_exact	cpu_legality_and_semantics_pending
VINSERTF64X2_YMMf64_MASKmskw_YMMf64_MEMf64_IMM8_AVX512	VINSERTF64X2	AVX512	AVX512EVEX	AVX512DQ_256	64	62 f3 fd 29 18 00 00	VINSERTF64X2_YMMf64_MASKmskw_YMMf64_MEMf64_IMM8_AVX512	7	exact	exact	structural_only	exact	decode_exact	cpu_legality_and_semantics_pending
VINSERTF64X2_YMMf64_MASKmskw_YMMf64_XMMf64_IMM8_AVX512	VINSERTF64X2	AVX512	AVX512EVEX	AVX512DQ_256	64	62 f3 fd 29 18 c0 00	VINSERTF64X2_YMMf64_MASKmskw_YMMf64_XMMf64_IMM8_AVX512	7	exact	exact	structural_only	exact	decode_exact	cpu_legality_and_semantics_pending
VINSERTF64X2_ZMMf64_MASKmskw_ZMMf64_MEMf64_IMM8_AVX512	VINSERTF64X2	AVX512	AVX512EVEX	AVX512DQ_512	64	62 f3 fd 49 18 00 00	VINSERTF64X2_ZMMf64_MASKmskw_ZMMf64_MEMf64_IMM8_AVX512	7	exact	exact	structural_only	exact	decode_exact	cpu_legality_and_semantics_pending
VINSERTF64X2_ZMMf64_MASKmskw_ZMMf64_XMMf64_IMM8_AVX512	VINSERTF64X2	AVX512	AVX512EVEX	AVX512DQ_512	64	62 f3 fd 49 18 c0 00	VINSERTF64X2_ZMMf64_MASKmskw_ZMMf64_XMMf64_IMM8_AVX512	7	exact	exact	structural_only	exact	decode_exact	cpu_legality_and_semantics_pending
VINSERTF64X4_ZMMf64_MASKmskw_ZMMf64_MEMf64_IMM8_AVX512	VINSERTF64X4	AVX512	AVX512EVEX	AVX512F_512	64	62 f3 fd 49 1a 00 00	VINSERTF64X4_ZMMf64_MASKmskw_ZMMf64_MEMf64_IMM8_AVX512	7	exact	exact	structural_only	exact	decode_exact	cpu_legality_and_semantics_pending
VINSERTF64X4_ZMMf64_MASKmskw_ZMMf64_YMMf64_IMM8_AVX512	VINSERTF64X4	AVX512	AVX512EVEX	AVX512F_512	64	62 f3 fd 49 1a c0 00	VINSERTF64X4_ZMMf64_MASKmskw_ZMMf64_YMMf64_IMM8_AVX512	7	exact	exact	structural_only	exact	decode_exact	cpu_legality_and_semantics_pending
VINSERTI32X4_YMMu32_MASKmskw_YMMu32_MEMu32_IMM8_AVX512	VINSERTI32X4	AVX512	AVX512EVEX	AVX512F_256	64	62 f3 7d 29 38 00 00	VINSERTI32X4_YMMu32_MASKmskw_YMMu32_MEMu32_IMM8_AVX512	7	exact	exact	structural_only	exact	decode_exact	cpu_legality_and_semantics_pending
VINSERTI32X4_YMMu32_MASKmskw_YMMu32_XMMu32_IMM8_AVX512	VINSERTI32X4	AVX512	AVX512EVEX	AVX512F_256	64	62 f3 7d 29 38 c0 00	VINSERTI32X4_YMMu32_MASKmskw_YMMu32_XMMu32_IMM8_AVX512	7	exact	exact	structural_only	exact	decode_exact	cpu_legality_and_semantics_pending
VINSERTI32X4_ZMMu32_MASKmskw_ZMMu32_MEMu32_IMM8_AVX512	VINSERTI32X4	AVX512	AVX512EVEX	AVX512F_512	64	62 f3 7d 49 38 00 00	VINSERTI32X4_ZMMu32_MASKmskw_ZMMu32_MEMu32_IMM8_AVX512	7	exact	exact	structural_only	exact	decode_exact	cpu_legality_and_semantics_pending
VINSERTI32X4_ZMMu32_MASKmskw_ZMMu32_XMMu32_IMM8_AVX512	VINSERTI32X4	AVX512	AVX512EVEX	AVX512F_512	64	62 f3 7d 49 38 c0 00	VINSERTI32X4_ZMMu32_MASKmskw_ZMMu32_XMMu32_IMM8_AVX512	7	exact	exact	structural_only	exact	decode_exact	cpu_legality_and_semantics_pending
VINSERTI32X8_ZMMu32_MASKmskw_ZMMu32_MEMu32_IMM8_AVX512	VINSERTI32X8	AVX512	AVX512EVEX	AVX512DQ_512	64	62 f3 7d 49 3a 00 00	VINSERTI32X8_ZMMu32_MASKmskw_ZMMu32_MEMu32_IMM8_AVX512	7	exact	exact	structural_only	exact	decode_exact	cpu_legality_and_semantics_pending
VINSERTI32X8_ZMMu32_MASKmskw_ZMMu32_YMMu32_IMM8_AVX512	VINSERTI32X8	AVX512	AVX512EVEX	AVX512DQ_512	64	62 f3 7d 49 3a c0 00	VINSERTI32X8_ZMMu32_MASKmskw_ZMMu32_YMMu32_IMM8_AVX512	7	exact	exact	structural_only	exact	decode_exact	cpu_legality_and_semantics_pending
VINSERTI64X2_YMMu64_MASKmskw_YMMu64_MEMu64_IMM8_AVX512	VINSERTI64X2	AVX512	AVX512EVEX	AVX512DQ_256	64	62 f3 fd 29 38 00 00	VINSERTI64X2_YMMu64_MASKmskw_YMMu64_MEMu64_IMM8_AVX512	7	exact	exact	structural_only	exact	decode_exact	cpu_legality_and_semantics_pending
VINSERTI64X2_YMMu64_MASKmskw_YMMu64_XMMu64_IMM8_AVX512	VINSERTI64X2	AVX512	AVX512EVEX	AVX512DQ_256	64	62 f3 fd 29 38 c0 00	VINSERTI64X2_YMMu64_MASKmskw_YMMu64_XMMu64_IMM8_AVX512	7	exact	exact	structural_only	exact	decode_exact	cpu_legality_and_semantics_pending
VINSERTI64X2_ZMMu64_MASKmskw_ZMMu64_MEMu64_IMM8_AVX512	VINSERTI64X2	AVX512	AVX512EVEX	AVX512DQ_512	64	62 f3 fd 49 38 00 00	VINSERTI64X2_ZMMu64_MASKmskw_ZMMu64_MEMu64_IMM8_AVX512	7	exact	exact	structural_only	exact	decode_exact	cpu_legality_and_semantics_pending
VINSERTI64X2_ZMMu64_MASKmskw_ZMMu64_XMMu64_IMM8_AVX512	VINSERTI64X2	AVX512	AVX512EVEX	AVX512DQ_512	64	62 f3 fd 49 38 c0 00	VINSERTI64X2_ZMMu64_MASKmskw_ZMMu64_XMMu64_IMM8_AVX512	7	exact	exact	structural_only	exact	decode_exact	cpu_legality_and_semantics_pending
VINSERTI64X4_ZMMu64_MASKmskw_ZMMu64_MEMu64_IMM8_AVX512	VINSERTI64X4	AVX512	AVX512EVEX	AVX512F_512	64	62 f3 fd 49 3a 00 00	VINSERTI64X4_ZMMu64_MASKmskw_ZMMu64_MEMu64_IMM8_AVX512	7	exact	exact	structural_only	exact	decode_exact	cpu_legality_and_semantics_pending
VINSERTI64X4_ZMMu64_MASKmskw_ZMMu64_YMMu64_IMM8_AVX512	VINSERTI64X4	AVX512	AVX512EVEX	AVX512F_512	64	62 f3 fd 49 3a c0 00	VINSERTI64X4_ZMMu64_MASKmskw_ZMMu64_YMMu64_IMM8_AVX512	7	exact	exact	structural_only	exact	decode_exact	cpu_legality_and_semantics_pending
VMAXBF16_XMMbf16_MASKmskw_XMMbf16_MEMbf16_AVX512	VMAXBF16	AVX512	AVX512EVEX	AVX10_2_BF16_128	64	62 f5 7d 09 5f 00	VMAXBF16_XMMbf16_MASKmskw_XMMbf16_MEMbf16_AVX512	6	exact	exact	structural_only	exact	decode_exact	cpu_legality_and_semantics_pending
VMAXBF16_XMMbf16_MASKmskw_XMMbf16_XMMbf16_AVX512	VMAXBF16	AVX512	AVX512EVEX	AVX10_2_BF16_128	64	62 f5 7d 09 5f c0	VMAXBF16_XMMbf16_MASKmskw_XMMbf16_XMMbf16_AVX512	6	exact	exact	structural_only	exact	decode_exact	cpu_legality_and_semantics_pending
VMAXBF16_YMMbf16_MASKmskw_YMMbf16_MEMbf16_AVX512	VMAXBF16	AVX512	AVX512EVEX	AVX10_2_BF16_256	64	62 f5 7d 29 5f 00	VMAXBF16_YMMbf16_MASKmskw_YMMbf16_MEMbf16_AVX512	6	exact	exact	structural_only	exact	decode_exact	cpu_legality_and_semantics_pending
VMAXBF16_YMMbf16_MASKmskw_YMMbf16_YMMbf16_AVX512	VMAXBF16	AVX512	AVX512EVEX	AVX10_2_BF16_256	64	62 f5 7d 29 5f c0	VMAXBF16_YMMbf16_MASKmskw_YMMbf16_YMMbf16_AVX512	6	exact	exact	structural_only	exact	decode_exact	cpu_legality_and_semantics_pending
VMAXBF16_ZMMbf16_MASKmskw_ZMMbf16_MEMbf16_AVX512	VMAXBF16	AVX512	AVX512EVEX	AVX10_2_BF16_512	64	62 f5 7d 49 5f 00	VMAXBF16_ZMMbf16_MASKmskw_ZMMbf16_MEMbf16_AVX512	6	exact	exact	structural_only	exact	decode_exact	cpu_legality_and_semantics_pending
VMAXBF16_ZMMbf16_MASKmskw_ZMMbf16_ZMMbf16_AVX512	VMAXBF16	AVX512	AVX512EVEX	AVX10_2_BF16_512	64	62 f5 7d 49 5f c0	VMAXBF16_ZMMbf16_MASKmskw_ZMMbf16_ZMMbf16_AVX512	6	exact	exact	structural_only	exact	decode_exact	cpu_legality_and_semantics_pending
VMAXPH_XMMf16_MASKmskw_XMMf16_MEMf16_AVX512	VMAXPH	FP16	AVX512EVEX	AVX512_FP16_128	64	62 f5 7c 09 5f 00	VMAXPH_XMMf16_MASKmskw_XMMf16_MEMf16_AVX512	6	exact	exact	structural_only	exact	decode_exact	cpu_legality_and_semantics_pending
VMAXPH_XMMf16_MASKmskw_XMMf16_XMMf16_AVX512	VMAXPH	FP16	AVX512EVEX	AVX512_FP16_128	64	62 f5 7c 09 5f c0	VMAXPH_XMMf16_MASKmskw_XMMf16_XMMf16_AVX512	6	exact	exact	structural_only	exact	decode_exact	cpu_legality_and_semantics_pending
VMAXPH_YMMf16_MASKmskw_YMMf16_MEMf16_AVX512	VMAXPH	FP16	AVX512EVEX	AVX512_FP16_256	64	62 f5 7c 29 5f 00	VMAXPH_YMMf16_MASKmskw_YMMf16_MEMf16_AVX512	6	exact	exact	structural_only	exact	decode_exact	cpu_legality_and_semantics_pending
VMAXPH_YMMf16_MASKmskw_YMMf16_YMMf16_AVX512	VMAXPH	FP16	AVX512EVEX	AVX512_FP16_256	64	62 f5 7c 29 5f c0	VMAXPH_YMMf16_MASKmskw_YMMf16_YMMf16_AVX512	6	exact	exact	structural_only	exact	decode_exact	cpu_legality_and_semantics_pending
VMAXPH_ZMMf16_MASKmskw_ZMMf16_MEMf16_AVX512	VMAXPH	FP16	AVX512EVEX	AVX512_FP16_512	64	62 f5 7c 49 5f 00	VMAXPH_ZMMf16_MASKmskw_ZMMf16_MEMf16_AVX512	6	exact	exact	structural_only	exact	decode_exact	cpu_legality_and_semantics_pending
VMAXPH_ZMMf16_MASKmskw_ZMMf16_ZMMf16_AVX512	VMAXPH	FP16	AVX512EVEX	AVX512_FP16_512	64	62 f5 7c 59 5f c0	VMAXPH_ZMMf16_MASKmskw_ZMMf16_ZMMf16_AVX512	6	exact	exact	structural_only	exact	decode_exact	cpu_legality_and_semantics_pending
VMAXSH_XMMf16_MASKmskw_XMMf16_MEMf16_AVX512	VMAXSH	FP16	AVX512EVEX	AVX512_FP16_SCALAR	64	62 f5 7e 09 5f 00	VMAXSH_XMMf16_MASKmskw_XMMf16_MEMf16_AVX512	6	exact	exact	structural_only	exact	decode_exact	cpu_legality_and_semantics_pending
VMAXSH_XMMf16_MASKmskw_XMMf16_XMMf16_AVX512	VMAXSH	FP16	AVX512EVEX	AVX512_FP16_SCALAR	64	62 f5 7e 19 5f c0	VMAXSH_XMMf16_MASKmskw_XMMf16_XMMf16_AVX512	6	exact	exact	structural_only	exact	decode_exact	cpu_legality_and_semantics_pending
VMINBF16_XMMbf16_MASKmskw_XMMbf16_MEMbf16_AVX512	VMINBF16	AVX512	AVX512EVEX	AVX10_2_BF16_128	64	62 f5 7d 09 5d 00	VMINBF16_XMMbf16_MASKmskw_XMMbf16_MEMbf16_AVX512	6	exact	exact	structural_only	exact	decode_exact	cpu_legality_and_semantics_pending
VMINBF16_XMMbf16_MASKmskw_XMMbf16_XMMbf16_AVX512	VMINBF16	AVX512	AVX512EVEX	AVX10_2_BF16_128	64	62 f5 7d 09 5d c0	VMINBF16_XMMbf16_MASKmskw_XMMbf16_XMMbf16_AVX512	6	exact	exact	structural_only	exact	decode_exact	cpu_legality_and_semantics_pending
VMINBF16_YMMbf16_MASKmskw_YMMbf16_MEMbf16_AVX512	VMINBF16	AVX512	AVX512EVEX	AVX10_2_BF16_256	64	62 f5 7d 29 5d 00	VMINBF16_YMMbf16_MASKmskw_YMMbf16_MEMbf16_AVX512	6	exact	exact	structural_only	exact	decode_exact	cpu_legality_and_semantics_pending
VMINBF16_YMMbf16_MASKmskw_YMMbf16_YMMbf16_AVX512	VMINBF16	AVX512	AVX512EVEX	AVX10_2_BF16_256	64	62 f5 7d 29 5d c0	VMINBF16_YMMbf16_MASKmskw_YMMbf16_YMMbf16_AVX512	6	exact	exact	structural_only	exact	decode_exact	cpu_legality_and_semantics_pending
VMINBF16_ZMMbf16_MASKmskw_ZMMbf16_MEMbf16_AVX512	VMINBF16	AVX512	AVX512EVEX	AVX10_2_BF16_512	64	62 f5 7d 49 5d 00	VMINBF16_ZMMbf16_MASKmskw_ZMMbf16_MEMbf16_AVX512	6	exact	exact	structural_only	exact	decode_exact	cpu_legality_and_semantics_pending
VMINBF16_ZMMbf16_MASKmskw_ZMMbf16_ZMMbf16_AVX512	VMINBF16	AVX512	AVX512EVEX	AVX10_2_BF16_512	64	62 f5 7d 49 5d c0	VMINBF16_ZMMbf16_MASKmskw_ZMMbf16_ZMMbf16_AVX512	6	exact	exact	structural_only	exact	decode_exact	cpu_legality_and_semantics_pending
VMINMAXBF16_XMMbf16_MASKmskw_XMMbf16_MEMbf16_IMM8_AVX512	VMINMAXBF16	AVX512	AVX512EVEX	AVX512_MINMAX_128	64	62 f3 7f 09 52 00 00	VMINMAXBF16_XMMbf16_MASKmskw_XMMbf16_MEMbf16_IMM8_AVX512	7	exact	exact	structural_only	exact	decode_exact	cpu_legality_and_semantics_pending
VMINMAXBF16_XMMbf16_MASKmskw_XMMbf16_XMMbf16_IMM8_AVX512	VMINMAXBF16	AVX512	AVX512EVEX	AVX512_MINMAX_128	64	62 f3 7f 09 52 c0 00	VMINMAXBF16_XMMbf16_MASKmskw_XMMbf16_XMMbf16_IMM8_AVX512	7	exact	exact	structural_only	exact	decode_exact	cpu_legality_and_semantics_pending
VMINMAXBF16_YMMbf16_MASKmskw_YMMbf16_MEMbf16_IMM8_AVX512	VMINMAXBF16	AVX512	AVX512EVEX	AVX512_MINMAX_256	64	62 f3 7f 29 52 00 00	VMINMAXBF16_YMMbf16_MASKmskw_YMMbf16_MEMbf16_IMM8_AVX512	7	exact	exact	structural_only	exact	decode_exact	cpu_legality_and_semantics_pending
VMINMAXBF16_YMMbf16_MASKmskw_YMMbf16_YMMbf16_IMM8_AVX512	VMINMAXBF16	AVX512	AVX512EVEX	AVX512_MINMAX_256	64	62 f3 7f 29 52 c0 00	VMINMAXBF16_YMMbf16_MASKmskw_YMMbf16_YMMbf16_IMM8_AVX512	7	exact	exact	structural_only	exact	decode_exact	cpu_legality_and_semantics_pending
VMINMAXBF16_ZMMbf16_MASKmskw_ZMMbf16_MEMbf16_IMM8_AVX512	VMINMAXBF16	AVX512	AVX512EVEX	AVX512_MINMAX_512	64	62 f3 7f 49 52 00 00	VMINMAXBF16_ZMMbf16_MASKmskw_ZMMbf16_MEMbf16_IMM8_AVX512	7	exact	exact	structural_only	exact	decode_exact	cpu_legality_and_semantics_pending
VMINMAXBF16_ZMMbf16_MASKmskw_ZMMbf16_ZMMbf16_IMM8_AVX512	VMINMAXBF16	AVX512	AVX512EVEX	AVX512_MINMAX_512	64	62 f3 7f 49 52 c0 00	VMINMAXBF16_ZMMbf16_MASKmskw_ZMMbf16_ZMMbf16_IMM8_AVX512	7	exact	exact	structural_only	exact	decode_exact	cpu_legality_and_semantics_pending
VMINMAXPD_XMMf64_MASKmskw_XMMf64_MEMf64_IMM8_AVX512	VMINMAXPD	AVX512	AVX512EVEX	AVX512_MINMAX_128	64	62 f3 fd 09 52 00 00	VMINMAXPD_XMMf64_MASKmskw_XMMf64_MEMf64_IMM8_AVX512	7	exact	exact	structural_only	exact	decode_exact	cpu_legality_and_semantics_pending
VMINMAXPD_XMMf64_MASKmskw_XMMf64_XMMf64_IMM8_AVX512	VMINMAXPD	AVX512	AVX512EVEX	AVX512_MINMAX_128	64	62 f3 fd 09 52 c0 00	VMINMAXPD_XMMf64_MASKmskw_XMMf64_XMMf64_IMM8_AVX512	7	exact	exact	structural_only	exact	decode_exact	cpu_legality_and_semantics_pending
VMINMAXPD_YMMf64_MASKmskw_YMMf64_MEMf64_IMM8_AVX512	VMINMAXPD	AVX512	AVX512EVEX	AVX512_MINMAX_256	64	62 f3 fd 29 52 00 00	VMINMAXPD_YMMf64_MASKmskw_YMMf64_MEMf64_IMM8_AVX512	7	exact	exact	structural_only	exact	decode_exact	cpu_legality_and_semantics_pending
VMINMAXPD_YMMf64_MASKmskw_YMMf64_YMMf64_IMM8_AVX512	VMINMAXPD	AVX512	AVX512EVEX	AVX512_MINMAX_256	64	62 f3 fd 29 52 c0 00	VMINMAXPD_YMMf64_MASKmskw_YMMf64_YMMf64_IMM8_AVX512	7	exact	exact	structural_only	exact	decode_exact	cpu_legality_and_semantics_pending
VMINMAXPD_ZMMf64_MASKmskw_ZMMf64_MEMf64_IMM8_AVX512	VMINMAXPD	AVX512	AVX512EVEX	AVX512_MINMAX_512	64	62 f3 fd 49 52 00 00	VMINMAXPD_ZMMf64_MASKmskw_ZMMf64_MEMf64_IMM8_AVX512	7	exact	exact	structural_only	exact	decode_exact	cpu_legality_and_semantics_pending
VMINMAXPD_ZMMf64_MASKmskw_ZMMf64_ZMMf64_IMM8_AVX512	VMINMAXPD	AVX512	AVX512EVEX	AVX512_MINMAX_512	64	62 f3 fd 59 52 c0 00	VMINMAXPD_ZMMf64_MASKmskw_ZMMf64_ZMMf64_IMM8_AVX512	7	exact	exact	structural_only	exact	decode_exact	cpu_legality_and_semantics_pending
VMINMAXPH_XMMf16_MASKmskw_XMMf16_MEMf16_IMM8_AVX512	VMINMAXPH	AVX512	AVX512EVEX	AVX512_MINMAX_128	64	62 f3 7c 09 52 00 00	VMINMAXPH_XMMf16_MASKmskw_XMMf16_MEMf16_IMM8_AVX512	7	exact	exact	structural_only	exact	decode_exact	cpu_legality_and_semantics_pending
VMINMAXPH_XMMf16_MASKmskw_XMMf16_XMMf16_IMM8_AVX512	VMINMAXPH	AVX512	AVX512EVEX	AVX512_MINMAX_128	64	62 f3 7c 09 52 c0 00	VMINMAXPH_XMMf16_MASKmskw_XMMf16_XMMf16_IMM8_AVX512	7	exact	exact	structural_only	exact	decode_exact	cpu_legality_and_semantics_pending
VMINMAXPH_YMMf16_MASKmskw_YMMf16_MEMf16_IMM8_AVX512	VMINMAXPH	AVX512	AVX512EVEX	AVX512_MINMAX_256	64	62 f3 7c 29 52 00 00	VMINMAXPH_YMMf16_MASKmskw_YMMf16_MEMf16_IMM8_AVX512	7	exact	exact	structural_only	exact	decode_exact	cpu_legality_and_semantics_pending
VMINMAXPH_YMMf16_MASKmskw_YMMf16_YMMf16_IMM8_AVX512	VMINMAXPH	AVX512	AVX512EVEX	AVX512_MINMAX_256	64	62 f3 7c 29 52 c0 00	VMINMAXPH_YMMf16_MASKmskw_YMMf16_YMMf16_IMM8_AVX512	7	exact	exact	structural_only	exact	decode_exact	cpu_legality_and_semantics_pending
VMINMAXPH_ZMMf16_MASKmskw_ZMMf16_MEMf16_IMM8_AVX512	VMINMAXPH	AVX512	AVX512EVEX	AVX512_MINMAX_512	64	62 f3 7c 49 52 00 00	VMINMAXPH_ZMMf16_MASKmskw_ZMMf16_MEMf16_IMM8_AVX512	7	exact	exact	structural_only	exact	decode_exact	cpu_legality_and_semantics_pending
VMINMAXPH_ZMMf16_MASKmskw_ZMMf16_ZMMf16_IMM8_AVX512	VMINMAXPH	AVX512	AVX512EVEX	AVX512_MINMAX_512	64	62 f3 7c 59 52 c0 00	VMINMAXPH_ZMMf16_MASKmskw_ZMMf16_ZMMf16_IMM8_AVX512	7	exact	exact	structural_only	exact	decode_exact	cpu_legality_and_semantics_pending
VMINMAXPS_XMMf32_MASKmskw_XMMf32_MEMf32_IMM8_AVX512	VMINMAXPS	AVX512	AVX512EVEX	AVX512_MINMAX_128	64	62 f3 7d 09 52 00 00	VMINMAXPS_XMMf32_MASKmskw_XMMf32_MEMf32_IMM8_AVX512	7	exact	exact	structural_only	exact	decode_exact	cpu_legality_and_semantics_pending
VMINMAXPS_XMMf32_MASKmskw_XMMf32_XMMf32_IMM8_AVX512	VMINMAXPS	AVX512	AVX512EVEX	AVX512_MINMAX_128	64	62 f3 7d 09 52 c0 00	VMINMAXPS_XMMf32_MASKmskw_XMMf32_XMMf32_IMM8_AVX512	7	exact	exact	structural_only	exact	decode_exact	cpu_legality_and_semantics_pending
VMINMAXPS_YMMf32_MASKmskw_YMMf32_MEMf32_IMM8_AVX512	VMINMAXPS	AVX512	AVX512EVEX	AVX512_MINMAX_256	64	62 f3 7d 29 52 00 00	VMINMAXPS_YMMf32_MASKmskw_YMMf32_MEMf32_IMM8_AVX512	7	exact	exact	structural_only	exact	decode_exact	cpu_legality_and_semantics_pending
VMINMAXPS_YMMf32_MASKmskw_YMMf32_YMMf32_IMM8_AVX512	VMINMAXPS	AVX512	AVX512EVEX	AVX512_MINMAX_256	64	62 f3 7d 29 52 c0 00	VMINMAXPS_YMMf32_MASKmskw_YMMf32_YMMf32_IMM8_AVX512	7	exact	exact	structural_only	exact	decode_exact	cpu_legality_and_semantics_pending
VMINMAXPS_ZMMf32_MASKmskw_ZMMf32_MEMf32_IMM8_AVX512	VMINMAXPS	AVX512	AVX512EVEX	AVX512_MINMAX_512	64	62 f3 7d 49 52 00 00	VMINMAXPS_ZMMf32_MASKmskw_ZMMf32_MEMf32_IMM8_AVX512	7	exact	exact	structural_only	exact	decode_exact	cpu_legality_and_semantics_pending
VMINMAXPS_ZMMf32_MASKmskw_ZMMf32_ZMMf32_IMM8_AVX512	VMINMAXPS	AVX512	AVX512EVEX	AVX512_MINMAX_512	64	62 f3 7d 49 52 c0 00	VMINMAXPS_ZMMf32_MASKmskw_ZMMf32_ZMMf32_IMM8_AVX512	7	exact	exact	structural_only	exact	decode_exact	cpu_legality_and_semantics_pending
VMINMAXSD_XMMf64_MASKmskw_XMMf64_MEMf64_IMM8_AVX512	VMINMAXSD	AVX512	AVX512EVEX	AVX512_MINMAX_SCALAR	64	62 f3 fd 09 53 00 00	VMINMAXSD_XMMf64_MASKmskw_XMMf64_MEMf64_IMM8_AVX512	7	exact	exact	structural_only	exact	decode_exact	cpu_legality_and_semantics_pending
VMINMAXSD_XMMf64_MASKmskw_XMMf64_XMMf64_IMM8_AVX512	VMINMAXSD	AVX512	AVX512EVEX	AVX512_MINMAX_SCALAR	64	62 f3 fd 09 53 c0 00	VMINMAXSD_XMMf64_MASKmskw_XMMf64_XMMf64_IMM8_AVX512	7	exact	exact	structural_only	exact	decode_exact	cpu_legality_and_semantics_pending
VMINMAXSH_XMMf16_MASKmskw_XMMf16_MEMf16_IMM8_AVX512	VMINMAXSH	AVX512	AVX512EVEX	AVX512_MINMAX_SCALAR	64	62 f3 7c 09 53 00 00	VMINMAXSH_XMMf16_MASKmskw_XMMf16_MEMf16_IMM8_AVX512	7	exact	exact	structural_only	exact	decode_exact	cpu_legality_and_semantics_pending
VMINMAXSH_XMMf16_MASKmskw_XMMf16_XMMf16_IMM8_AVX512	VMINMAXSH	AVX512	AVX512EVEX	AVX512_MINMAX_SCALAR	64	62 f3 7c 09 53 c0 00	VMINMAXSH_XMMf16_MASKmskw_XMMf16_XMMf16_IMM8_AVX512	7	exact	exact	structural_only	exact	decode_exact	cpu_legality_and_semantics_pending
VMINMAXSS_XMMf32_MASKmskw_XMMf32_MEMf32_IMM8_AVX512	VMINMAXSS	AVX512	AVX512EVEX	AVX512_MINMAX_SCALAR	64	62 f3 7d 09 53 00 00	VMINMAXSS_XMMf32_MASKmskw_XMMf32_MEMf32_IMM8_AVX512	7	exact	exact	structural_only	exact	decode_exact	cpu_legality_and_semantics_pending
VMINMAXSS_XMMf32_MASKmskw_XMMf32_XMMf32_IMM8_AVX512	VMINMAXSS	AVX512	AVX512EVEX	AVX512_MINMAX_SCALAR	64	62 f3 7d 09 53 c0 00	VMINMAXSS_XMMf32_MASKmskw_XMMf32_XMMf32_IMM8_AVX512	7	exact	exact	structural_only	exact	decode_exact	cpu_legality_and_semantics_pending
VMINPH_XMMf16_MASKmskw_XMMf16_MEMf16_AVX512	VMINPH	FP16	AVX512EVEX	AVX512_FP16_128	64	62 f5 7c 09 5d 00	VMINPH_XMMf16_MASKmskw_XMMf16_MEMf16_AVX512	6	exact	exact	structural_only	exact	decode_exact	cpu_legality_and_semantics_pending
VMINPH_XMMf16_MASKmskw_XMMf16_XMMf16_AVX512	VMINPH	FP16	AVX512EVEX	AVX512_FP16_128	64	62 f5 7c 09 5d c0	VMINPH_XMMf16_MASKmskw_XMMf16_XMMf16_AVX512	6	exact	exact	structural_only	exact	decode_exact	cpu_legality_and_semantics_pending
VMINPH_YMMf16_MASKmskw_YMMf16_MEMf16_AVX512	VMINPH	FP16	AVX512EVEX	AVX512_FP16_256	64	62 f5 7c 29 5d 00	VMINPH_YMMf16_MASKmskw_YMMf16_MEMf16_AVX512	6	exact	exact	structural_only	exact	decode_exact	cpu_legality_and_semantics_pending
VMINPH_YMMf16_MASKmskw_YMMf16_YMMf16_AVX512	VMINPH	FP16	AVX512EVEX	AVX512_FP16_256	64	62 f5 7c 29 5d c0	VMINPH_YMMf16_MASKmskw_YMMf16_YMMf16_AVX512	6	exact	exact	structural_only	exact	decode_exact	cpu_legality_and_semantics_pending
VMINPH_ZMMf16_MASKmskw_ZMMf16_MEMf16_AVX512	VMINPH	FP16	AVX512EVEX	AVX512_FP16_512	64	62 f5 7c 49 5d 00	VMINPH_ZMMf16_MASKmskw_ZMMf16_MEMf16_AVX512	6	exact	exact	structural_only	exact	decode_exact	cpu_legality_and_semantics_pending
VMINPH_ZMMf16_MASKmskw_ZMMf16_ZMMf16_AVX512	VMINPH	FP16	AVX512EVEX	AVX512_FP16_512	64	62 f5 7c 49 5d c0	VMINPH_ZMMf16_MASKmskw_ZMMf16_ZMMf16_AVX512	6	exact	exact	structural_only	exact	decode_exact	cpu_legality_and_semantics_pending
VMINSH_XMMf16_MASKmskw_XMMf16_MEMf16_AVX512	VMINSH	FP16	AVX512EVEX	AVX512_FP16_SCALAR	64	62 f5 7e 09 5d 00	VMINSH_XMMf16_MASKmskw_XMMf16_MEMf16_AVX512	6	exact	exact	structural_only	exact	decode_exact	cpu_legality_and_semantics_pending
VMINSH_XMMf16_MASKmskw_XMMf16_XMMf16_AVX512	VMINSH	FP16	AVX512EVEX	AVX512_FP16_SCALAR	64	62 f5 7e 09 5d c0	VMINSH_XMMf16_MASKmskw_XMMf16_XMMf16_AVX512	6	exact	exact	structural_only	exact	decode_exact	cpu_legality_and_semantics_pending
VMOVDDUP_XMMf64_MASKmskw_MEMf64_AVX512	VMOVDDUP	DATAXFER	AVX512EVEX	AVX512F_128	64	62 f1 ff 09 12 00	VMOVDDUP_XMMf64_MASKmskw_MEMf64_AVX512	6	exact	exact	structural_only	exact	decode_exact	cpu_legality_and_semantics_pending
VMOVDDUP_XMMf64_MASKmskw_XMMf64_AVX512	VMOVDDUP	DATAXFER	AVX512EVEX	AVX512F_128	64	62 f1 ff 09 12 c0	VMOVDDUP_XMMf64_MASKmskw_XMMf64_AVX512	6	exact	exact	structural_only	exact	decode_exact	cpu_legality_and_semantics_pending
VMOVDDUP_YMMf64_MASKmskw_MEMf64_AVX512	VMOVDDUP	DATAXFER	AVX512EVEX	AVX512F_256	64	62 f1 ff 29 12 00	VMOVDDUP_YMMf64_MASKmskw_MEMf64_AVX512	6	exact	exact	structural_only	exact	decode_exact	cpu_legality_and_semantics_pending
VMOVDDUP_YMMf64_MASKmskw_YMMf64_AVX512	VMOVDDUP	DATAXFER	AVX512EVEX	AVX512F_256	64	62 f1 ff 29 12 c0	VMOVDDUP_YMMf64_MASKmskw_YMMf64_AVX512	6	exact	exact	structural_only	exact	decode_exact	cpu_legality_and_semantics_pending
VMOVDDUP_ZMMf64_MASKmskw_MEMf64_AVX512	VMOVDDUP	DATAXFER	AVX512EVEX	AVX512F_512	64	62 f1 ff 49 12 00	VMOVDDUP_ZMMf64_MASKmskw_MEMf64_AVX512	6	exact	exact	structural_only	exact	decode_exact	cpu_legality_and_semantics_pending
VMOVDDUP_ZMMf64_MASKmskw_ZMMf64_AVX512	VMOVDDUP	DATAXFER	AVX512EVEX	AVX512F_512	64	62 f1 ff 49 12 c0	VMOVDDUP_ZMMf64_MASKmskw_ZMMf64_AVX512	6	exact	exact	structural_only	exact	decode_exact	cpu_legality_and_semantics_pending
VMOVDQA32_MEMu32_MASKmskw_XMMu32_AVX512	VMOVDQA32	DATAXFER	AVX512EVEX	AVX512F_128	64	62 f1 7d 09 7f 00	VMOVDQA32_MEMu32_MASKmskw_XMMu32_AVX512	6	exact	exact	structural_only	exact	decode_exact	cpu_legality_and_semantics_pending
VMOVDQA32_MEMu32_MASKmskw_YMMu32_AVX512	VMOVDQA32	DATAXFER	AVX512EVEX	AVX512F_256	64	62 f1 7d 29 7f 00	VMOVDQA32_MEMu32_MASKmskw_YMMu32_AVX512	6	exact	exact	structural_only	exact	decode_exact	cpu_legality_and_semantics_pending
VMOVDQA32_MEMu32_MASKmskw_ZMMu32_AVX512	VMOVDQA32	DATAXFER	AVX512EVEX	AVX512F_512	64	62 f1 7d 49 7f 00	VMOVDQA32_MEMu32_MASKmskw_ZMMu32_AVX512	6	exact	exact	structural_only	exact	decode_exact	cpu_legality_and_semantics_pending
VMOVDQA32_XMMu32_MASKmskw_MEMu32_AVX512	VMOVDQA32	DATAXFER	AVX512EVEX	AVX512F_128	64	62 f1 7d 09 6f 00	VMOVDQA32_XMMu32_MASKmskw_MEMu32_AVX512	6	exact	exact	structural_only	exact	decode_exact	cpu_legality_and_semantics_pending
VMOVDQA32_XMMu32_MASKmskw_XMMu32_AVX512	VMOVDQA32	DATAXFER	AVX512EVEX	AVX512F_128	64	62 f1 7d 09 6f c0	VMOVDQA32_XMMu32_MASKmskw_XMMu32_AVX512	6	exact	exact	structural_only	exact	decode_exact	cpu_legality_and_semantics_pending
VMOVDQA32_YMMu32_MASKmskw_MEMu32_AVX512	VMOVDQA32	DATAXFER	AVX512EVEX	AVX512F_256	64	62 f1 7d 29 6f 00	VMOVDQA32_YMMu32_MASKmskw_MEMu32_AVX512	6	exact	exact	structural_only	exact	decode_exact	cpu_legality_and_semantics_pending
VMOVDQA32_YMMu32_MASKmskw_YMMu32_AVX512	VMOVDQA32	DATAXFER	AVX512EVEX	AVX512F_256	64	62 f1 7d 29 6f c0	VMOVDQA32_YMMu32_MASKmskw_YMMu32_AVX512	6	exact	exact	structural_only	exact	decode_exact	cpu_legality_and_semantics_pending
VMOVDQA32_ZMMu32_MASKmskw_MEMu32_AVX512	VMOVDQA32	DATAXFER	AVX512EVEX	AVX512F_512	64	62 f1 7d 49 6f 00	VMOVDQA32_ZMMu32_MASKmskw_MEMu32_AVX512	6	exact	exact	structural_only	exact	decode_exact	cpu_legality_and_semantics_pending
VMOVDQA32_ZMMu32_MASKmskw_ZMMu32_AVX512	VMOVDQA32	DATAXFER	AVX512EVEX	AVX512F_512	64	62 f1 7d 49 6f c0	VMOVDQA32_ZMMu32_MASKmskw_ZMMu32_AVX512	6	exact	exact	structural_only	exact	decode_exact	cpu_legality_and_semantics_pending
VMOVDQA64_MEMu64_MASKmskw_XMMu64_AVX512	VMOVDQA64	DATAXFER	AVX512EVEX	AVX512F_128	64	62 f1 fd 09 7f 00	VMOVDQA64_MEMu64_MASKmskw_XMMu64_AVX512	6	exact	exact	structural_only	exact	decode_exact	cpu_legality_and_semantics_pending
VMOVDQA64_MEMu64_MASKmskw_YMMu64_AVX512	VMOVDQA64	DATAXFER	AVX512EVEX	AVX512F_256	64	62 f1 fd 29 7f 00	VMOVDQA64_MEMu64_MASKmskw_YMMu64_AVX512	6	exact	exact	structural_only	exact	decode_exact	cpu_legality_and_semantics_pending
VMOVDQA64_MEMu64_MASKmskw_ZMMu64_AVX512	VMOVDQA64	DATAXFER	AVX512EVEX	AVX512F_512	64	62 f1 fd 49 7f 00	VMOVDQA64_MEMu64_MASKmskw_ZMMu64_AVX512	6	exact	exact	structural_only	exact	decode_exact	cpu_legality_and_semantics_pending
VMOVDQA64_XMMu64_MASKmskw_MEMu64_AVX512	VMOVDQA64	DATAXFER	AVX512EVEX	AVX512F_128	64	62 f1 fd 09 6f 00	VMOVDQA64_XMMu64_MASKmskw_MEMu64_AVX512	6	exact	exact	structural_only	exact	decode_exact	cpu_legality_and_semantics_pending
VMOVDQA64_XMMu64_MASKmskw_XMMu64_AVX512	VMOVDQA64	DATAXFER	AVX512EVEX	AVX512F_128	64	62 f1 fd 09 6f c0	VMOVDQA64_XMMu64_MASKmskw_XMMu64_AVX512	6	exact	exact	structural_only	exact	decode_exact	cpu_legality_and_semantics_pending
VMOVDQA64_YMMu64_MASKmskw_MEMu64_AVX512	VMOVDQA64	DATAXFER	AVX512EVEX	AVX512F_256	64	62 f1 fd 29 6f 00	VMOVDQA64_YMMu64_MASKmskw_MEMu64_AVX512	6	exact	exact	structural_only	exact	decode_exact	cpu_legality_and_semantics_pending
VMOVDQA64_YMMu64_MASKmskw_YMMu64_AVX512	VMOVDQA64	DATAXFER	AVX512EVEX	AVX512F_256	64	62 f1 fd 29 6f c0	VMOVDQA64_YMMu64_MASKmskw_YMMu64_AVX512	6	exact	exact	structural_only	exact	decode_exact	cpu_legality_and_semantics_pending
VMOVDQA64_ZMMu64_MASKmskw_MEMu64_AVX512	VMOVDQA64	DATAXFER	AVX512EVEX	AVX512F_512	64	62 f1 fd 49 6f 00	VMOVDQA64_ZMMu64_MASKmskw_MEMu64_AVX512	6	exact	exact	structural_only	exact	decode_exact	cpu_legality_and_semantics_pending
VMOVDQA64_ZMMu64_MASKmskw_ZMMu64_AVX512	VMOVDQA64	DATAXFER	AVX512EVEX	AVX512F_512	64	62 f1 fd 49 6f c0	VMOVDQA64_ZMMu64_MASKmskw_ZMMu64_AVX512	6	exact	exact	structural_only	exact	decode_exact	cpu_legality_and_semantics_pending
VMOVDQU16_MEMu16_MASKmskw_XMMu16_AVX512	VMOVDQU16	DATAXFER	AVX512EVEX	AVX512BW_128	64	62 f1 ff 09 7f 00	VMOVDQU16_MEMu16_MASKmskw_XMMu16_AVX512	6	exact	exact	structural_only	exact	decode_exact	cpu_legality_and_semantics_pending
VMOVDQU16_MEMu16_MASKmskw_YMMu16_AVX512	VMOVDQU16	DATAXFER	AVX512EVEX	AVX512BW_256	64	62 f1 ff 29 7f 00	VMOVDQU16_MEMu16_MASKmskw_YMMu16_AVX512	6	exact	exact	structural_only	exact	decode_exact	cpu_legality_and_semantics_pending
VMOVDQU16_MEMu16_MASKmskw_ZMMu16_AVX512	VMOVDQU16	DATAXFER	AVX512EVEX	AVX512BW_512	64	62 f1 ff 49 7f 00	VMOVDQU16_MEMu16_MASKmskw_ZMMu16_AVX512	6	exact	exact	structural_only	exact	decode_exact	cpu_legality_and_semantics_pending
VMOVDQU16_XMMu16_MASKmskw_MEMu16_AVX512	VMOVDQU16	DATAXFER	AVX512EVEX	AVX512BW_128	64	62 f1 ff 09 6f 00	VMOVDQU16_XMMu16_MASKmskw_MEMu16_AVX512	6	exact	exact	structural_only	exact	decode_exact	cpu_legality_and_semantics_pending
VMOVDQU16_XMMu16_MASKmskw_XMMu16_AVX512	VMOVDQU16	DATAXFER	AVX512EVEX	AVX512BW_128	64	62 f1 ff 09 6f c0	VMOVDQU16_XMMu16_MASKmskw_XMMu16_AVX512	6	exact	exact	structural_only	exact	decode_exact	cpu_legality_and_semantics_pending
VMOVDQU16_YMMu16_MASKmskw_MEMu16_AVX512	VMOVDQU16	DATAXFER	AVX512EVEX	AVX512BW_256	64	62 f1 ff 29 6f 00	VMOVDQU16_YMMu16_MASKmskw_MEMu16_AVX512	6	exact	exact	structural_only	exact	decode_exact	cpu_legality_and_semantics_pending
VMOVDQU16_YMMu16_MASKmskw_YMMu16_AVX512	VMOVDQU16	DATAXFER	AVX512EVEX	AVX512BW_256	64	62 f1 ff 29 6f c0	VMOVDQU16_YMMu16_MASKmskw_YMMu16_AVX512	6	exact	exact	structural_only	exact	decode_exact	cpu_legality_and_semantics_pending
VMOVDQU16_ZMMu16_MASKmskw_MEMu16_AVX512	VMOVDQU16	DATAXFER	AVX512EVEX	AVX512BW_512	64	62 f1 ff 49 6f 00	VMOVDQU16_ZMMu16_MASKmskw_MEMu16_AVX512	6	exact	exact	structural_only	exact	decode_exact	cpu_legality_and_semantics_pending
VMOVDQU16_ZMMu16_MASKmskw_ZMMu16_AVX512	VMOVDQU16	DATAXFER	AVX512EVEX	AVX512BW_512	64	62 f1 ff 49 6f c0	VMOVDQU16_ZMMu16_MASKmskw_ZMMu16_AVX512	6	exact	exact	structural_only	exact	decode_exact	cpu_legality_and_semantics_pending
VMOVDQU32_MEMu32_MASKmskw_XMMu32_AVX512	VMOVDQU32	DATAXFER	AVX512EVEX	AVX512F_128	64	62 f1 7e 09 7f 00	VMOVDQU32_MEMu32_MASKmskw_XMMu32_AVX512	6	exact	exact	structural_only	exact	decode_exact	cpu_legality_and_semantics_pending
VMOVDQU32_MEMu32_MASKmskw_YMMu32_AVX512	VMOVDQU32	DATAXFER	AVX512EVEX	AVX512F_256	64	62 f1 7e 29 7f 00	VMOVDQU32_MEMu32_MASKmskw_YMMu32_AVX512	6	exact	exact	structural_only	exact	decode_exact	cpu_legality_and_semantics_pending
VMOVDQU32_MEMu32_MASKmskw_ZMMu32_AVX512	VMOVDQU32	DATAXFER	AVX512EVEX	AVX512F_512	64	62 f1 7e 49 7f 00	VMOVDQU32_MEMu32_MASKmskw_ZMMu32_AVX512	6	exact	exact	structural_only	exact	decode_exact	cpu_legality_and_semantics_pending
VMOVDQU32_XMMu32_MASKmskw_MEMu32_AVX512	VMOVDQU32	DATAXFER	AVX512EVEX	AVX512F_128	64	62 f1 7e 09 6f 00	VMOVDQU32_XMMu32_MASKmskw_MEMu32_AVX512	6	exact	exact	structural_only	exact	decode_exact	cpu_legality_and_semantics_pending
VMOVDQU32_XMMu32_MASKmskw_XMMu32_AVX512	VMOVDQU32	DATAXFER	AVX512EVEX	AVX512F_128	64	62 f1 7e 09 6f c0	VMOVDQU32_XMMu32_MASKmskw_XMMu32_AVX512	6	exact	exact	structural_only	exact	decode_exact	cpu_legality_and_semantics_pending
VMOVDQU32_YMMu32_MASKmskw_MEMu32_AVX512	VMOVDQU32	DATAXFER	AVX512EVEX	AVX512F_256	64	62 f1 7e 29 6f 00	VMOVDQU32_YMMu32_MASKmskw_MEMu32_AVX512	6	exact	exact	structural_only	exact	decode_exact	cpu_legality_and_semantics_pending
VMOVDQU32_YMMu32_MASKmskw_YMMu32_AVX512	VMOVDQU32	DATAXFER	AVX512EVEX	AVX512F_256	64	62 f1 7e 29 6f c0	VMOVDQU32_YMMu32_MASKmskw_YMMu32_AVX512	6	exact	exact	structural_only	exact	decode_exact	cpu_legality_and_semantics_pending
VMOVDQU32_ZMMu32_MASKmskw_MEMu32_AVX512	VMOVDQU32	DATAXFER	AVX512EVEX	AVX512F_512	64	62 f1 7e 49 6f 00	VMOVDQU32_ZMMu32_MASKmskw_MEMu32_AVX512	6	exact	exact	structural_only	exact	decode_exact	cpu_legality_and_semantics_pending
VMOVDQU32_ZMMu32_MASKmskw_ZMMu32_AVX512	VMOVDQU32	DATAXFER	AVX512EVEX	AVX512F_512	64	62 f1 7e 49 6f c0	VMOVDQU32_ZMMu32_MASKmskw_ZMMu32_AVX512	6	exact	exact	structural_only	exact	decode_exact	cpu_legality_and_semantics_pending
VMOVDQU64_MEMu64_MASKmskw_XMMu64_AVX512	VMOVDQU64	DATAXFER	AVX512EVEX	AVX512F_128	64	62 f1 fe 09 7f 00	VMOVDQU64_MEMu64_MASKmskw_XMMu64_AVX512	6	exact	exact	structural_only	exact	decode_exact	cpu_legality_and_semantics_pending
VMOVDQU64_MEMu64_MASKmskw_YMMu64_AVX512	VMOVDQU64	DATAXFER	AVX512EVEX	AVX512F_256	64	62 f1 fe 29 7f 00	VMOVDQU64_MEMu64_MASKmskw_YMMu64_AVX512	6	exact	exact	structural_only	exact	decode_exact	cpu_legality_and_semantics_pending
VMOVDQU64_MEMu64_MASKmskw_ZMMu64_AVX512	VMOVDQU64	DATAXFER	AVX512EVEX	AVX512F_512	64	62 f1 fe 49 7f 00	VMOVDQU64_MEMu64_MASKmskw_ZMMu64_AVX512	6	exact	exact	structural_only	exact	decode_exact	cpu_legality_and_semantics_pending
VMOVDQU64_XMMu64_MASKmskw_MEMu64_AVX512	VMOVDQU64	DATAXFER	AVX512EVEX	AVX512F_128	64	62 f1 fe 09 6f 00	VMOVDQU64_XMMu64_MASKmskw_MEMu64_AVX512	6	exact	exact	structural_only	exact	decode_exact	cpu_legality_and_semantics_pending
VMOVDQU64_XMMu64_MASKmskw_XMMu64_AVX512	VMOVDQU64	DATAXFER	AVX512EVEX	AVX512F_128	64	62 f1 fe 09 6f c0	VMOVDQU64_XMMu64_MASKmskw_XMMu64_AVX512	6	exact	exact	structural_only	exact	decode_exact	cpu_legality_and_semantics_pending
VMOVDQU64_YMMu64_MASKmskw_MEMu64_AVX512	VMOVDQU64	DATAXFER	AVX512EVEX	AVX512F_256	64	62 f1 fe 29 6f 00	VMOVDQU64_YMMu64_MASKmskw_MEMu64_AVX512	6	exact	exact	structural_only	exact	decode_exact	cpu_legality_and_semantics_pending
VMOVDQU64_YMMu64_MASKmskw_YMMu64_AVX512	VMOVDQU64	DATAXFER	AVX512EVEX	AVX512F_256	64	62 f1 fe 29 6f c0	VMOVDQU64_YMMu64_MASKmskw_YMMu64_AVX512	6	exact	exact	structural_only	exact	decode_exact	cpu_legality_and_semantics_pending
VMOVDQU64_ZMMu64_MASKmskw_MEMu64_AVX512	VMOVDQU64	DATAXFER	AVX512EVEX	AVX512F_512	64	62 f1 fe 49 6f 00	VMOVDQU64_ZMMu64_MASKmskw_MEMu64_AVX512	6	exact	exact	structural_only	exact	decode_exact	cpu_legality_and_semantics_pending
VMOVDQU64_ZMMu64_MASKmskw_ZMMu64_AVX512	VMOVDQU64	DATAXFER	AVX512EVEX	AVX512F_512	64	62 f1 fe 49 6f c0	VMOVDQU64_ZMMu64_MASKmskw_ZMMu64_AVX512	6	exact	exact	structural_only	exact	decode_exact	cpu_legality_and_semantics_pending
VMOVDQU8_MEMu8_MASKmskw_XMMu8_AVX512	VMOVDQU8	DATAXFER	AVX512EVEX	AVX512BW_128	64	62 f1 7f 09 7f 00	VMOVDQU8_MEMu8_MASKmskw_XMMu8_AVX512	6	exact	exact	structural_only	exact	decode_exact	cpu_legality_and_semantics_pending
VMOVDQU8_MEMu8_MASKmskw_YMMu8_AVX512	VMOVDQU8	DATAXFER	AVX512EVEX	AVX512BW_256	64	62 f1 7f 29 7f 00	VMOVDQU8_MEMu8_MASKmskw_YMMu8_AVX512	6	exact	exact	structural_only	exact	decode_exact	cpu_legality_and_semantics_pending
VMOVDQU8_MEMu8_MASKmskw_ZMMu8_AVX512	VMOVDQU8	DATAXFER	AVX512EVEX	AVX512BW_512	64	62 f1 7f 49 7f 00	VMOVDQU8_MEMu8_MASKmskw_ZMMu8_AVX512	6	exact	exact	structural_only	exact	decode_exact	cpu_legality_and_semantics_pending
VMOVDQU8_XMMu8_MASKmskw_MEMu8_AVX512	VMOVDQU8	DATAXFER	AVX512EVEX	AVX512BW_128	64	62 f1 7f 09 6f 00	VMOVDQU8_XMMu8_MASKmskw_MEMu8_AVX512	6	exact	exact	structural_only	exact	decode_exact	cpu_legality_and_semantics_pending
VMOVDQU8_XMMu8_MASKmskw_XMMu8_AVX512	VMOVDQU8	DATAXFER	AVX512EVEX	AVX512BW_128	64	62 f1 7f 09 6f c0	VMOVDQU8_XMMu8_MASKmskw_XMMu8_AVX512	6	exact	exact	structural_only	exact	decode_exact	cpu_legality_and_semantics_pending
VMOVDQU8_YMMu8_MASKmskw_MEMu8_AVX512	VMOVDQU8	DATAXFER	AVX512EVEX	AVX512BW_256	64	62 f1 7f 29 6f 00	VMOVDQU8_YMMu8_MASKmskw_MEMu8_AVX512	6	exact	exact	structural_only	exact	decode_exact	cpu_legality_and_semantics_pending
VMOVDQU8_YMMu8_MASKmskw_YMMu8_AVX512	VMOVDQU8	DATAXFER	AVX512EVEX	AVX512BW_256	64	62 f1 7f 29 6f c0	VMOVDQU8_YMMu8_MASKmskw_YMMu8_AVX512	6	exact	exact	structural_only	exact	decode_exact	cpu_legality_and_semantics_pending
VMOVDQU8_ZMMu8_MASKmskw_MEMu8_AVX512	VMOVDQU8	DATAXFER	AVX512EVEX	AVX512BW_512	64	62 f1 7f 49 6f 00	VMOVDQU8_ZMMu8_MASKmskw_MEMu8_AVX512	6	exact	exact	structural_only	exact	decode_exact	cpu_legality_and_semantics_pending
VMOVDQU8_ZMMu8_MASKmskw_ZMMu8_AVX512	VMOVDQU8	DATAXFER	AVX512EVEX	AVX512BW_512	64	62 f1 7f 49 6f c0	VMOVDQU8_ZMMu8_MASKmskw_ZMMu8_AVX512	6	exact	exact	structural_only	exact	decode_exact	cpu_legality_and_semantics_pending
VMOVD_GPR32u32_XMMu32_AVX512	VMOVD	DATAXFER	AVX512EVEX	AVX512F_128N	64	62 f1 7d 08 7e c0	VMOVD_GPR32u32_XMMu32_AVX512	6	exact	exact	structural_only	exact	decode_exact	cpu_legality_and_semantics_pending
VMOVD_MEMu32_XMMu32_AVX512	VMOVD	DATAXFER	AVX512EVEX	AVX512F_128N	64	62 f1 7d 08 7e 00	VMOVD_MEMu32_XMMu32_AVX512	6	exact	exact	structural_only	exact	decode_exact	cpu_legality_and_semantics_pending
VMOVD_MEMu32_XMMu32_AVX512_MOVZXC	VMOVD	DATAXFER	AVX512EVEX	AVX512_MOVZXC_128	64	62 f1 7d 08 d6 00	VMOVD_MEMu32_XMMu32_AVX512_MOVZXC	6	exact	exact	structural_only	exact	decode_exact	cpu_legality_and_semantics_pending
VMOVD_XMMu32_MEMu32_AVX512	VMOVD	DATAXFER	AVX512EVEX	AVX512F_128N	64	62 f1 7d 08 6e 00	VMOVD_XMMu32_MEMu32_AVX512	6	exact	exact	structural_only	exact	decode_exact	cpu_legality_and_semantics_pending
VMOVD_XMMu32_MEMu32_AVX512_MOVZXC	VMOVD	DATAXFER	AVX512EVEX	AVX512_MOVZXC_128	64	62 f1 7e 08 7e 00	VMOVD_XMMu32_MEMu32_AVX512_MOVZXC	6	exact	exact	structural_only	exact	decode_exact	cpu_legality_and_semantics_pending
VMOVD_XMMu32_XMMu32_AVX512_MOVZXC	VMOVD	DATAXFER	AVX512EVEX	AVX512_MOVZXC_128	64	62 f1 7e 08 7e c0	VMOVD_XMMu32_XMMu32_AVX512_MOVZXC	6	exact	exact	structural_only	exact	decode_exact	cpu_legality_and_semantics_pending
VMOVHLPS_XMMf32_XMMf32_XMMf32_AVX512	VMOVHLPS	DATAXFER	AVX512EVEX	AVX512F_128N	64	62 f1 7c 08 12 c0	VMOVHLPS_XMMf32_XMMf32_XMMf32_AVX512	6	exact	exact	structural_only	exact	decode_exact	cpu_legality_and_semantics_pending
VMOVHPD_MEMf64_XMMf64_AVX512	VMOVHPD	DATAXFER	AVX512EVEX	AVX512F_128N	64	62 f1 fd 08 17 00	VMOVHPD_MEMf64_XMMf64_AVX512	6	exact	exact	structural_only	exact	decode_exact	cpu_legality_and_semantics_pending
VMOVHPD_XMMf64_XMMf64_MEMf64_AVX512	VMOVHPD	DATAXFER	AVX512EVEX	AVX512F_128N	64	62 f1 fd 08 16 00	VMOVHPD_XMMf64_XMMf64_MEMf64_AVX512	6	exact	exact	structural_only	exact	decode_exact	cpu_legality_and_semantics_pending
VMOVHPS_MEMf32_XMMf32_AVX512	VMOVHPS	DATAXFER	AVX512EVEX	AVX512F_128N	64	62 f1 7c 08 17 00	VMOVHPS_MEMf32_XMMf32_AVX512	6	exact	exact	structural_only	exact	decode_exact	cpu_legality_and_semantics_pending
VMOVHPS_XMMf32_XMMf32_MEMf32_AVX512	VMOVHPS	DATAXFER	AVX512EVEX	AVX512F_128N	64	62 f1 7c 08 16 00	VMOVHPS_XMMf32_XMMf32_MEMf32_AVX512	6	exact	exact	structural_only	exact	decode_exact	cpu_legality_and_semantics_pending
VMOVLHPS_XMMf32_XMMf32_XMMf32_AVX512	VMOVLHPS	DATAXFER	AVX512EVEX	AVX512F_128N	64	62 f1 7c 08 16 c0	VMOVLHPS_XMMf32_XMMf32_XMMf32_AVX512	6	exact	exact	structural_only	exact	decode_exact	cpu_legality_and_semantics_pending
VMOVLPD_MEMf64_XMMf64_AVX512	VMOVLPD	DATAXFER	AVX512EVEX	AVX512F_128N	64	62 f1 fd 08 13 00	VMOVLPD_MEMf64_XMMf64_AVX512	6	exact	exact	structural_only	exact	decode_exact	cpu_legality_and_semantics_pending
VMOVLPD_XMMf64_XMMf64_MEMf64_AVX512	VMOVLPD	DATAXFER	AVX512EVEX	AVX512F_128N	64	62 f1 fd 08 12 00	VMOVLPD_XMMf64_XMMf64_MEMf64_AVX512	6	exact	exact	structural_only	exact	decode_exact	cpu_legality_and_semantics_pending
VMOVLPS_MEMf32_XMMf32_AVX512	VMOVLPS	DATAXFER	AVX512EVEX	AVX512F_128N	64	62 f1 7c 08 13 00	VMOVLPS_MEMf32_XMMf32_AVX512	6	exact	exact	structural_only	exact	decode_exact	cpu_legality_and_semantics_pending
VMOVLPS_XMMf32_XMMf32_MEMf32_AVX512	VMOVLPS	DATAXFER	AVX512EVEX	AVX512F_128N	64	62 f1 7c 08 12 00	VMOVLPS_XMMf32_XMMf32_MEMf32_AVX512	6	exact	exact	structural_only	exact	decode_exact	cpu_legality_and_semantics_pending
VPERMI2D_XMMu32_MASKmskw_XMMu32_MEMu32_AVX512	VPERMI2D	AVX512	AVX512EVEX	AVX512F_128	64	62 f2 7d 09 76 00	VPERMI2D_XMMu32_MASKmskw_XMMu32_MEMu32_AVX512	6	exact	exact	structural_only	exact	decode_exact	cpu_legality_and_semantics_pending
VPERMI2D_XMMu32_MASKmskw_XMMu32_XMMu32_AVX512	VPERMI2D	AVX512	AVX512EVEX	AVX512F_128	64	62 f2 7d 09 76 c0	VPERMI2D_XMMu32_MASKmskw_XMMu32_XMMu32_AVX512	6	exact	exact	structural_only	exact	decode_exact	cpu_legality_and_semantics_pending
VPERMI2D_YMMu32_MASKmskw_YMMu32_MEMu32_AVX512	VPERMI2D	AVX512	AVX512EVEX	AVX512F_256	64	62 f2 7d 29 76 00	VPERMI2D_YMMu32_MASKmskw_YMMu32_MEMu32_AVX512	6	exact	exact	structural_only	exact	decode_exact	cpu_legality_and_semantics_pending
VPERMI2D_YMMu32_MASKmskw_YMMu32_YMMu32_AVX512	VPERMI2D	AVX512	AVX512EVEX	AVX512F_256	64	62 f2 7d 29 76 c0	VPERMI2D_YMMu32_MASKmskw_YMMu32_YMMu32_AVX512	6	exact	exact	structural_only	exact	decode_exact	cpu_legality_and_semantics_pending
VPERMI2D_ZMMu32_MASKmskw_ZMMu32_MEMu32_AVX512	VPERMI2D	AVX512	AVX512EVEX	AVX512F_512	64	62 f2 7d 49 76 00	VPERMI2D_ZMMu32_MASKmskw_ZMMu32_MEMu32_AVX512	6	exact	exact	structural_only	exact	decode_exact	cpu_legality_and_semantics_pending
VPERMI2D_ZMMu32_MASKmskw_ZMMu32_ZMMu32_AVX512	VPERMI2D	AVX512	AVX512EVEX	AVX512F_512	64	62 f2 7d 49 76 c0	VPERMI2D_ZMMu32_MASKmskw_ZMMu32_ZMMu32_AVX512	6	exact	exact	structural_only	exact	decode_exact	cpu_legality_and_semantics_pending
VPERMI2PD_XMMf64_MASKmskw_XMMf64_MEMf64_AVX512	VPERMI2PD	AVX512	AVX512EVEX	AVX512F_128	64	62 f2 fd 09 77 00	VPERMI2PD_XMMf64_MASKmskw_XMMf64_MEMf64_AVX512	6	exact	exact	structural_only	exact	decode_exact	cpu_legality_and_semantics_pending
VPERMI2PD_XMMf64_MASKmskw_XMMf64_XMMf64_AVX512	VPERMI2PD	AVX512	AVX512EVEX	AVX512F_128	64	62 f2 fd 09 77 c0	VPERMI2PD_XMMf64_MASKmskw_XMMf64_XMMf64_AVX512	6	exact	exact	structural_only	exact	decode_exact	cpu_legality_and_semantics_pending
VPERMI2PD_YMMf64_MASKmskw_YMMf64_MEMf64_AVX512	VPERMI2PD	AVX512	AVX512EVEX	AVX512F_256	64	62 f2 fd 29 77 00	VPERMI2PD_YMMf64_MASKmskw_YMMf64_MEMf64_AVX512	6	exact	exact	structural_only	exact	decode_exact	cpu_legality_and_semantics_pending
VPERMI2PD_YMMf64_MASKmskw_YMMf64_YMMf64_AVX512	VPERMI2PD	AVX512	AVX512EVEX	AVX512F_256	64	62 f2 fd 29 77 c0	VPERMI2PD_YMMf64_MASKmskw_YMMf64_YMMf64_AVX512	6	exact	exact	structural_only	exact	decode_exact	cpu_legality_and_semantics_pending
VPERMI2PD_ZMMf64_MASKmskw_ZMMf64_MEMf64_AVX512	VPERMI2PD	AVX512	AVX512EVEX	AVX512F_512	64	62 f2 fd 49 77 00	VPERMI2PD_ZMMf64_MASKmskw_ZMMf64_MEMf64_AVX512	6	exact	exact	structural_only	exact	decode_exact	cpu_legality_and_semantics_pending
VPERMI2PD_ZMMf64_MASKmskw_ZMMf64_ZMMf64_AVX512	VPERMI2PD	AVX512	AVX512EVEX	AVX512F_512	64	62 f2 fd 49 77 c0	VPERMI2PD_ZMMf64_MASKmskw_ZMMf64_ZMMf64_AVX512	6	exact	exact	structural_only	exact	decode_exact	cpu_legality_and_semantics_pending
VPERMI2PS_XMMf32_MASKmskw_XMMf32_MEMf32_AVX512	VPERMI2PS	AVX512	AVX512EVEX	AVX512F_128	64	62 f2 7d 09 77 00	VPERMI2PS_XMMf32_MASKmskw_XMMf32_MEMf32_AVX512	6	exact	exact	structural_only	exact	decode_exact	cpu_legality_and_semantics_pending
VPERMI2PS_XMMf32_MASKmskw_XMMf32_XMMf32_AVX512	VPERMI2PS	AVX512	AVX512EVEX	AVX512F_128	64	62 f2 7d 09 77 c0	VPERMI2PS_XMMf32_MASKmskw_XMMf32_XMMf32_AVX512	6	exact	exact	structural_only	exact	decode_exact	cpu_legality_and_semantics_pending
VPERMI2PS_YMMf32_MASKmskw_YMMf32_MEMf32_AVX512	VPERMI2PS	AVX512	AVX512EVEX	AVX512F_256	64	62 f2 7d 29 77 00	VPERMI2PS_YMMf32_MASKmskw_YMMf32_MEMf32_AVX512	6	exact	exact	structural_only	exact	decode_exact	cpu_legality_and_semantics_pending
VPERMI2PS_YMMf32_MASKmskw_YMMf32_YMMf32_AVX512	VPERMI2PS	AVX512	AVX512EVEX	AVX512F_256	64	62 f2 7d 29 77 c0	VPERMI2PS_YMMf32_MASKmskw_YMMf32_YMMf32_AVX512	6	exact	exact	structural_only	exact	decode_exact	cpu_legality_and_semantics_pending
VPERMI2PS_ZMMf32_MASKmskw_ZMMf32_MEMf32_AVX512	VPERMI2PS	AVX512	AVX512EVEX	AVX512F_512	64	62 f2 7d 49 77 00	VPERMI2PS_ZMMf32_MASKmskw_ZMMf32_MEMf32_AVX512	6	exact	exact	structural_only	exact	decode_exact	cpu_legality_and_semantics_pending
VPERMI2PS_ZMMf32_MASKmskw_ZMMf32_ZMMf32_AVX512	VPERMI2PS	AVX512	AVX512EVEX	AVX512F_512	64	62 f2 7d 49 77 c0	VPERMI2PS_ZMMf32_MASKmskw_ZMMf32_ZMMf32_AVX512	6	exact	exact	structural_only	exact	decode_exact	cpu_legality_and_semantics_pending
VPERMI2Q_XMMu64_MASKmskw_XMMu64_MEMu64_AVX512	VPERMI2Q	AVX512	AVX512EVEX	AVX512F_128	64	62 f2 fd 09 76 00	VPERMI2Q_XMMu64_MASKmskw_XMMu64_MEMu64_AVX512	6	exact	exact	structural_only	exact	decode_exact	cpu_legality_and_semantics_pending
VPERMI2Q_XMMu64_MASKmskw_XMMu64_XMMu64_AVX512	VPERMI2Q	AVX512	AVX512EVEX	AVX512F_128	64	62 f2 fd 09 76 c0	VPERMI2Q_XMMu64_MASKmskw_XMMu64_XMMu64_AVX512	6	exact	exact	structural_only	exact	decode_exact	cpu_legality_and_semantics_pending
VPERMI2Q_YMMu64_MASKmskw_YMMu64_MEMu64_AVX512	VPERMI2Q	AVX512	AVX512EVEX	AVX512F_256	64	62 f2 fd 29 76 00	VPERMI2Q_YMMu64_MASKmskw_YMMu64_MEMu64_AVX512	6	exact	exact	structural_only	exact	decode_exact	cpu_legality_and_semantics_pending
VPERMI2Q_YMMu64_MASKmskw_YMMu64_YMMu64_AVX512	VPERMI2Q	AVX512	AVX512EVEX	AVX512F_256	64	62 f2 fd 29 76 c0	VPERMI2Q_YMMu64_MASKmskw_YMMu64_YMMu64_AVX512	6	exact	exact	structural_only	exact	decode_exact	cpu_legality_and_semantics_pending
VPERMI2Q_ZMMu64_MASKmskw_ZMMu64_MEMu64_AVX512	VPERMI2Q	AVX512	AVX512EVEX	AVX512F_512	64	62 f2 fd 49 76 00	VPERMI2Q_ZMMu64_MASKmskw_ZMMu64_MEMu64_AVX512	6	exact	exact	structural_only	exact	decode_exact	cpu_legality_and_semantics_pending
VPERMI2Q_ZMMu64_MASKmskw_ZMMu64_ZMMu64_AVX512	VPERMI2Q	AVX512	AVX512EVEX	AVX512F_512	64	62 f2 fd 49 76 c0	VPERMI2Q_ZMMu64_MASKmskw_ZMMu64_ZMMu64_AVX512	6	exact	exact	structural_only	exact	decode_exact	cpu_legality_and_semantics_pending
VPERMT2D_XMMu32_MASKmskw_XMMu32_MEMu32_AVX512	VPERMT2D	AVX512	AVX512EVEX	AVX512F_128	64	62 f2 7d 09 7e 00	VPERMT2D_XMMu32_MASKmskw_XMMu32_MEMu32_AVX512	6	exact	exact	structural_only	exact	decode_exact	cpu_legality_and_semantics_pending
VPERMT2D_XMMu32_MASKmskw_XMMu32_XMMu32_AVX512	VPERMT2D	AVX512	AVX512EVEX	AVX512F_128	64	62 f2 7d 09 7e c0	VPERMT2D_XMMu32_MASKmskw_XMMu32_XMMu32_AVX512	6	exact	exact	structural_only	exact	decode_exact	cpu_legality_and_semantics_pending
VPERMT2D_YMMu32_MASKmskw_YMMu32_MEMu32_AVX512	VPERMT2D	AVX512	AVX512EVEX	AVX512F_256	64	62 f2 7d 29 7e 00	VPERMT2D_YMMu32_MASKmskw_YMMu32_MEMu32_AVX512	6	exact	exact	structural_only	exact	decode_exact	cpu_legality_and_semantics_pending
VPERMT2D_YMMu32_MASKmskw_YMMu32_YMMu32_AVX512	VPERMT2D	AVX512	AVX512EVEX	AVX512F_256	64	62 f2 7d 29 7e c0	VPERMT2D_YMMu32_MASKmskw_YMMu32_YMMu32_AVX512	6	exact	exact	structural_only	exact	decode_exact	cpu_legality_and_semantics_pending
VPERMT2D_ZMMu32_MASKmskw_ZMMu32_MEMu32_AVX512	VPERMT2D	AVX512	AVX512EVEX	AVX512F_512	64	62 f2 7d 49 7e 00	VPERMT2D_ZMMu32_MASKmskw_ZMMu32_MEMu32_AVX512	6	exact	exact	structural_only	exact	decode_exact	cpu_legality_and_semantics_pending
VPERMT2D_ZMMu32_MASKmskw_ZMMu32_ZMMu32_AVX512	VPERMT2D	AVX512	AVX512EVEX	AVX512F_512	64	62 f2 7d 49 7e c0	VPERMT2D_ZMMu32_MASKmskw_ZMMu32_ZMMu32_AVX512	6	exact	exact	structural_only	exact	decode_exact	cpu_legality_and_semantics_pending
VPERMT2PD_XMMf64_MASKmskw_XMMf64_MEMf64_AVX512	VPERMT2PD	AVX512	AVX512EVEX	AVX512F_128	64	62 f2 fd 09 7f 00	VPERMT2PD_XMMf64_MASKmskw_XMMf64_MEMf64_AVX512	6	exact	exact	structural_only	exact	decode_exact	cpu_legality_and_semantics_pending
VPERMT2PD_XMMf64_MASKmskw_XMMf64_XMMf64_AVX512	VPERMT2PD	AVX512	AVX512EVEX	AVX512F_128	64	62 f2 fd 09 7f c0	VPERMT2PD_XMMf64_MASKmskw_XMMf64_XMMf64_AVX512	6	exact	exact	structural_only	exact	decode_exact	cpu_legality_and_semantics_pending
VPERMT2PD_YMMf64_MASKmskw_YMMf64_MEMf64_AVX512	VPERMT2PD	AVX512	AVX512EVEX	AVX512F_256	64	62 f2 fd 29 7f 00	VPERMT2PD_YMMf64_MASKmskw_YMMf64_MEMf64_AVX512	6	exact	exact	structural_only	exact	decode_exact	cpu_legality_and_semantics_pending
VPERMT2PD_YMMf64_MASKmskw_YMMf64_YMMf64_AVX512	VPERMT2PD	AVX512	AVX512EVEX	AVX512F_256	64	62 f2 fd 29 7f c0	VPERMT2PD_YMMf64_MASKmskw_YMMf64_YMMf64_AVX512	6	exact	exact	structural_only	exact	decode_exact	cpu_legality_and_semantics_pending
VPERMT2PD_ZMMf64_MASKmskw_ZMMf64_MEMf64_AVX512	VPERMT2PD	AVX512	AVX512EVEX	AVX512F_512	64	62 f2 fd 49 7f 00	VPERMT2PD_ZMMf64_MASKmskw_ZMMf64_MEMf64_AVX512	6	exact	exact	structural_only	exact	decode_exact	cpu_legality_and_semantics_pending
VPERMT2PD_ZMMf64_MASKmskw_ZMMf64_ZMMf64_AVX512	VPERMT2PD	AVX512	AVX512EVEX	AVX512F_512	64	62 f2 fd 49 7f c0	VPERMT2PD_ZMMf64_MASKmskw_ZMMf64_ZMMf64_AVX512	6	exact	exact	structural_only	exact	decode_exact	cpu_legality_and_semantics_pending
VPERMT2PS_XMMf32_MASKmskw_XMMf32_MEMf32_AVX512	VPERMT2PS	AVX512	AVX512EVEX	AVX512F_128	64	62 f2 7d 09 7f 00	VPERMT2PS_XMMf32_MASKmskw_XMMf32_MEMf32_AVX512	6	exact	exact	structural_only	exact	decode_exact	cpu_legality_and_semantics_pending
VPERMT2PS_XMMf32_MASKmskw_XMMf32_XMMf32_AVX512	VPERMT2PS	AVX512	AVX512EVEX	AVX512F_128	64	62 f2 7d 09 7f c0	VPERMT2PS_XMMf32_MASKmskw_XMMf32_XMMf32_AVX512	6	exact	exact	structural_only	exact	decode_exact	cpu_legality_and_semantics_pending
VPERMT2PS_YMMf32_MASKmskw_YMMf32_MEMf32_AVX512	VPERMT2PS	AVX512	AVX512EVEX	AVX512F_256	64	62 f2 7d 29 7f 00	VPERMT2PS_YMMf32_MASKmskw_YMMf32_MEMf32_AVX512	6	exact	exact	structural_only	exact	decode_exact	cpu_legality_and_semantics_pending
VPERMT2PS_YMMf32_MASKmskw_YMMf32_YMMf32_AVX512	VPERMT2PS	AVX512	AVX512EVEX	AVX512F_256	64	62 f2 7d 29 7f c0	VPERMT2PS_YMMf32_MASKmskw_YMMf32_YMMf32_AVX512	6	exact	exact	structural_only	exact	decode_exact	cpu_legality_and_semantics_pending
VPERMT2PS_ZMMf32_MASKmskw_ZMMf32_MEMf32_AVX512	VPERMT2PS	AVX512	AVX512EVEX	AVX512F_512	64	62 f2 7d 49 7f 00	VPERMT2PS_ZMMf32_MASKmskw_ZMMf32_MEMf32_AVX512	6	exact	exact	structural_only	exact	decode_exact	cpu_legality_and_semantics_pending
VPERMT2PS_ZMMf32_MASKmskw_ZMMf32_ZMMf32_AVX512	VPERMT2PS	AVX512	AVX512EVEX	AVX512F_512	64	62 f2 7d 49 7f c0	VPERMT2PS_ZMMf32_MASKmskw_ZMMf32_ZMMf32_AVX512	6	exact	exact	structural_only	exact	decode_exact	cpu_legality_and_semantics_pending
VPERMT2Q_XMMu64_MASKmskw_XMMu64_MEMu64_AVX512	VPERMT2Q	AVX512	AVX512EVEX	AVX512F_128	64	62 f2 fd 09 7e 00	VPERMT2Q_XMMu64_MASKmskw_XMMu64_MEMu64_AVX512	6	exact	exact	structural_only	exact	decode_exact	cpu_legality_and_semantics_pending
VPERMT2Q_XMMu64_MASKmskw_XMMu64_XMMu64_AVX512	VPERMT2Q	AVX512	AVX512EVEX	AVX512F_128	64	62 f2 fd 09 7e c0	VPERMT2Q_XMMu64_MASKmskw_XMMu64_XMMu64_AVX512	6	exact	exact	structural_only	exact	decode_exact	cpu_legality_and_semantics_pending
VPERMT2Q_YMMu64_MASKmskw_YMMu64_MEMu64_AVX512	VPERMT2Q	AVX512	AVX512EVEX	AVX512F_256	64	62 f2 fd 29 7e 00	VPERMT2Q_YMMu64_MASKmskw_YMMu64_MEMu64_AVX512	6	exact	exact	structural_only	exact	decode_exact	cpu_legality_and_semantics_pending
VPERMT2Q_YMMu64_MASKmskw_YMMu64_YMMu64_AVX512	VPERMT2Q	AVX512	AVX512EVEX	AVX512F_256	64	62 f2 fd 29 7e c0	VPERMT2Q_YMMu64_MASKmskw_YMMu64_YMMu64_AVX512	6	exact	exact	structural_only	exact	decode_exact	cpu_legality_and_semantics_pending
VPERMT2Q_ZMMu64_MASKmskw_ZMMu64_MEMu64_AVX512	VPERMT2Q	AVX512	AVX512EVEX	AVX512F_512	64	62 f2 fd 49 7e 00	VPERMT2Q_ZMMu64_MASKmskw_ZMMu64_MEMu64_AVX512	6	exact	exact	structural_only	exact	decode_exact	cpu_legality_and_semantics_pending
VPERMT2Q_ZMMu64_MASKmskw_ZMMu64_ZMMu64_AVX512	VPERMT2Q	AVX512	AVX512EVEX	AVX512F_512	64	62 f2 fd 49 7e c0	VPERMT2Q_ZMMu64_MASKmskw_ZMMu64_ZMMu64_AVX512	6	exact	exact	structural_only	exact	decode_exact	cpu_legality_and_semantics_pending
VPGATHERDD_XMMu32_MASKmskw_MEMu32_AVX512_VL128	VPGATHERDD	GATHER	AVX512EVEX	AVX512F_128	64	62 f2 7d 09 90 0c 10	VPGATHERDD_XMMu32_MASKmskw_MEMu32_AVX512_VL128	7	exact	exact	structural_only	exact	decode_exact	cpu_legality_and_semantics_pending
VPGATHERDD_XMMu32_MEMd_XMMi32_VL128	VPGATHERDD	AVX2GATHER	AVX2GATHER	AVX2GATHER	64	c4 e2 79 90 0c 10	VPGATHERDD_XMMu32_MEMd_XMMi32_VL128	6	exact	exact	structural_only	exact	decode_exact	cpu_legality_and_semantics_pending
VPGATHERDD_YMMu32_MASKmskw_MEMu32_AVX512_VL256	VPGATHERDD	GATHER	AVX512EVEX	AVX512F_256	64	62 f2 7d 29 90 0c 10	VPGATHERDD_YMMu32_MASKmskw_MEMu32_AVX512_VL256	7	exact	exact	structural_only	exact	decode_exact	cpu_legality_and_semantics_pending
VPGATHERDD_YMMu32_MEMd_YMMi32_VL256	VPGATHERDD	AVX2GATHER	AVX2GATHER	AVX2GATHER	64	c4 e2 7d 90 0c 10	VPGATHERDD_YMMu32_MEMd_YMMi32_VL256	6	exact	exact	structural_only	exact	decode_exact	cpu_legality_and_semantics_pending
VPGATHERDD_ZMMu32_MASKmskw_MEMu32_AVX512_VL512	VPGATHERDD	GATHER	AVX512EVEX	AVX512F_512	64	62 f2 7d 49 90 0c 10	VPGATHERDD_ZMMu32_MASKmskw_MEMu32_AVX512_VL512	7	exact	exact	structural_only	exact	decode_exact	cpu_legality_and_semantics_pending
VPGATHERDQ_XMMu64_MASKmskw_MEMu64_AVX512_VL128	VPGATHERDQ	GATHER	AVX512EVEX	AVX512F_128	64	62 f2 fd 09 90 0c 10	VPGATHERDQ_XMMu64_MASKmskw_MEMu64_AVX512_VL128	7	exact	exact	structural_only	exact	decode_exact	cpu_legality_and_semantics_pending
VPGATHERDQ_XMMu64_MEMq_XMMi64_VL128	VPGATHERDQ	AVX2GATHER	AVX2GATHER	AVX2GATHER	64	c4 e2 f9 90 0c 10	VPGATHERDQ_XMMu64_MEMq_XMMi64_VL128	6	exact	exact	structural_only	exact	decode_exact	cpu_legality_and_semantics_pending
VPGATHERDQ_YMMu64_MASKmskw_MEMu64_AVX512_VL256	VPGATHERDQ	GATHER	AVX512EVEX	AVX512F_256	64	62 f2 fd 29 90 0c 10	VPGATHERDQ_YMMu64_MASKmskw_MEMu64_AVX512_VL256	7	exact	exact	structural_only	exact	decode_exact	cpu_legality_and_semantics_pending
VPGATHERDQ_YMMu64_MEMq_YMMi64_VL256	VPGATHERDQ	AVX2GATHER	AVX2GATHER	AVX2GATHER	64	c4 e2 fd 90 0c 10	VPGATHERDQ_YMMu64_MEMq_YMMi64_VL256	6	exact	exact	structural_only	exact	decode_exact	cpu_legality_and_semantics_pending
VPGATHERDQ_ZMMu64_MASKmskw_MEMu64_AVX512_VL512	VPGATHERDQ	GATHER	AVX512EVEX	AVX512F_512	64	62 f2 fd 49 90 0c 10	VPGATHERDQ_ZMMu64_MASKmskw_MEMu64_AVX512_VL512	7	exact	exact	structural_only	exact	decode_exact	cpu_legality_and_semantics_pending
VPGATHERQD_XMMu32_MASKmskw_MEMu32_AVX512_VL128	VPGATHERQD	GATHER	AVX512EVEX	AVX512F_128	64	62 f2 7d 09 91 0c 10	VPGATHERQD_XMMu32_MASKmskw_MEMu32_AVX512_VL128	7	exact	exact	structural_only	exact	decode_exact	cpu_legality_and_semantics_pending
VPGATHERQD_XMMu32_MASKmskw_MEMu32_AVX512_VL256	VPGATHERQD	GATHER	AVX512EVEX	AVX512F_256	64	62 f2 7d 29 91 0c 10	VPGATHERQD_XMMu32_MASKmskw_MEMu32_AVX512_VL256	7	exact	exact	structural_only	exact	decode_exact	cpu_legality_and_semantics_pending
VPGATHERQD_XMMu32_MEMd_XMMi32_VL128	VPGATHERQD	AVX2GATHER	AVX2GATHER	AVX2GATHER	64	c4 e2 79 91 0c 10	VPGATHERQD_XMMu32_MEMd_XMMi32_VL128	6	exact	exact	structural_only	exact	decode_exact	cpu_legality_and_semantics_pending
VPGATHERQD_XMMu32_MEMd_XMMi32_VL256	VPGATHERQD	AVX2GATHER	AVX2GATHER	AVX2GATHER	64	c4 e2 7d 91 0c 10	VPGATHERQD_XMMu32_MEMd_XMMi32_VL256	6	exact	exact	structural_only	exact	decode_exact	cpu_legality_and_semantics_pending
VPGATHERQD_YMMu32_MASKmskw_MEMu32_AVX512_VL512	VPGATHERQD	GATHER	AVX512EVEX	AVX512F_512	64	62 f2 7d 49 91 0c 10	VPGATHERQD_YMMu32_MASKmskw_MEMu32_AVX512_VL512	7	exact	exact	structural_only	exact	decode_exact	cpu_legality_and_semantics_pending
VPGATHERQQ_XMMu64_MASKmskw_MEMu64_AVX512_VL128	VPGATHERQQ	GATHER	AVX512EVEX	AVX512F_128	64	62 f2 fd 09 91 0c 10	VPGATHERQQ_XMMu64_MASKmskw_MEMu64_AVX512_VL128	7	exact	exact	structural_only	exact	decode_exact	cpu_legality_and_semantics_pending
VPGATHERQQ_XMMu64_MEMq_XMMi64_VL128	VPGATHERQQ	AVX2GATHER	AVX2GATHER	AVX2GATHER	64	c4 e2 f9 91 0c 10	VPGATHERQQ_XMMu64_MEMq_XMMi64_VL128	6	exact	exact	structural_only	exact	decode_exact	cpu_legality_and_semantics_pending
VPGATHERQQ_YMMu64_MASKmskw_MEMu64_AVX512_VL256	VPGATHERQQ	GATHER	AVX512EVEX	AVX512F_256	64	62 f2 fd 29 91 0c 10	VPGATHERQQ_YMMu64_MASKmskw_MEMu64_AVX512_VL256	7	exact	exact	structural_only	exact	decode_exact	cpu_legality_and_semantics_pending
VPGATHERQQ_YMMu64_MEMq_YMMi64_VL256	VPGATHERQQ	AVX2GATHER	AVX2GATHER	AVX2GATHER	64	c4 e2 fd 91 0c 10	VPGATHERQQ_YMMu64_MEMq_YMMi64_VL256	6	exact	exact	structural_only	exact	decode_exact	cpu_legality_and_semantics_pending
VPGATHERQQ_ZMMu64_MASKmskw_MEMu64_AVX512_VL512	VPGATHERQQ	GATHER	AVX512EVEX	AVX512F_512	64	62 f2 fd 49 91 0c 10	VPGATHERQQ_ZMMu64_MASKmskw_MEMu64_AVX512_VL512	7	exact	exact	structural_only	exact	decode_exact	cpu_legality_and_semantics_pending
VPMOVB2M_MASKmskw_XMMu8_AVX512	VPMOVB2M	DATAXFER	AVX512EVEX	AVX512BW_128	64	62 f2 7e 08 29 c0	VPMOVB2M_MASKmskw_XMMu8_AVX512	6	exact	exact	structural_only	exact	decode_exact	cpu_legality_and_semantics_pending
VPMOVB2M_MASKmskw_YMMu8_AVX512	VPMOVB2M	DATAXFER	AVX512EVEX	AVX512BW_256	64	62 f2 7e 28 29 c0	VPMOVB2M_MASKmskw_YMMu8_AVX512	6	exact	exact	structural_only	exact	decode_exact	cpu_legality_and_semantics_pending
VPMOVB2M_MASKmskw_ZMMu8_AVX512	VPMOVB2M	DATAXFER	AVX512EVEX	AVX512BW_512	64	62 f2 7e 48 29 c0	VPMOVB2M_MASKmskw_ZMMu8_AVX512	6	exact	exact	structural_only	exact	decode_exact	cpu_legality_and_semantics_pending
VPMOVD2M_MASKmskw_XMMu32_AVX512	VPMOVD2M	DATAXFER	AVX512EVEX	AVX512DQ_128	64	62 f2 7e 08 39 c0	VPMOVD2M_MASKmskw_XMMu32_AVX512	6	exact	exact	structural_only	exact	decode_exact	cpu_legality_and_semantics_pending
VPMOVD2M_MASKmskw_YMMu32_AVX512	VPMOVD2M	DATAXFER	AVX512EVEX	AVX512DQ_256	64	62 f2 7e 28 39 c0	VPMOVD2M_MASKmskw_YMMu32_AVX512	6	exact	exact	structural_only	exact	decode_exact	cpu_legality_and_semantics_pending
VPMOVD2M_MASKmskw_ZMMu32_AVX512	VPMOVD2M	DATAXFER	AVX512EVEX	AVX512DQ_512	64	62 f2 7e 48 39 c0	VPMOVD2M_MASKmskw_ZMMu32_AVX512	6	exact	exact	structural_only	exact	decode_exact	cpu_legality_and_semantics_pending
VPMOVDB_MEMu8_MASKmskw_XMMu32_AVX512	VPMOVDB	DATAXFER	AVX512EVEX	AVX512F_128	64	62 f2 7e 09 31 00	VPMOVDB_MEMu8_MASKmskw_XMMu32_AVX512	6	exact	exact	structural_only	exact	decode_exact	cpu_legality_and_semantics_pending
VPMOVDB_MEMu8_MASKmskw_YMMu32_AVX512	VPMOVDB	DATAXFER	AVX512EVEX	AVX512F_256	64	62 f2 7e 29 31 00	VPMOVDB_MEMu8_MASKmskw_YMMu32_AVX512	6	exact	exact	structural_only	exact	decode_exact	cpu_legality_and_semantics_pending
VPMOVDB_MEMu8_MASKmskw_ZMMu32_AVX512	VPMOVDB	DATAXFER	AVX512EVEX	AVX512F_512	64	62 f2 7e 49 31 00	VPMOVDB_MEMu8_MASKmskw_ZMMu32_AVX512	6	exact	exact	structural_only	exact	decode_exact	cpu_legality_and_semantics_pending
VPMOVDB_XMMu8_MASKmskw_XMMu32_AVX512	VPMOVDB	DATAXFER	AVX512EVEX	AVX512F_128	64	62 f2 7e 09 31 c0	VPMOVDB_XMMu8_MASKmskw_XMMu32_AVX512	6	exact	exact	structural_only	exact	decode_exact	cpu_legality_and_semantics_pending
VPMOVDB_XMMu8_MASKmskw_YMMu32_AVX512	VPMOVDB	DATAXFER	AVX512EVEX	AVX512F_256	64	62 f2 7e 29 31 c0	VPMOVDB_XMMu8_MASKmskw_YMMu32_AVX512	6	exact	exact	structural_only	exact	decode_exact	cpu_legality_and_semantics_pending
VPMOVDB_XMMu8_MASKmskw_ZMMu32_AVX512	VPMOVDB	DATAXFER	AVX512EVEX	AVX512F_512	64	62 f2 7e 49 31 c0	VPMOVDB_XMMu8_MASKmskw_ZMMu32_AVX512	6	exact	exact	structural_only	exact	decode_exact	cpu_legality_and_semantics_pending
VPMOVDW_MEMu16_MASKmskw_XMMu32_AVX512	VPMOVDW	DATAXFER	AVX512EVEX	AVX512F_128	64	62 f2 7e 09 33 00	VPMOVDW_MEMu16_MASKmskw_XMMu32_AVX512	6	exact	exact	structural_only	exact	decode_exact	cpu_legality_and_semantics_pending
VPMOVDW_MEMu16_MASKmskw_YMMu32_AVX512	VPMOVDW	DATAXFER	AVX512EVEX	AVX512F_256	64	62 f2 7e 29 33 00	VPMOVDW_MEMu16_MASKmskw_YMMu32_AVX512	6	exact	exact	structural_only	exact	decode_exact	cpu_legality_and_semantics_pending
VPMOVDW_MEMu16_MASKmskw_ZMMu32_AVX512	VPMOVDW	DATAXFER	AVX512EVEX	AVX512F_512	64	62 f2 7e 49 33 00	VPMOVDW_MEMu16_MASKmskw_ZMMu32_AVX512	6	exact	exact	structural_only	exact	decode_exact	cpu_legality_and_semantics_pending
VPMOVDW_XMMu16_MASKmskw_XMMu32_AVX512	VPMOVDW	DATAXFER	AVX512EVEX	AVX512F_128	64	62 f2 7e 09 33 c0	VPMOVDW_XMMu16_MASKmskw_XMMu32_AVX512	6	exact	exact	structural_only	exact	decode_exact	cpu_legality_and_semantics_pending
VPMOVDW_XMMu16_MASKmskw_YMMu32_AVX512	VPMOVDW	DATAXFER	AVX512EVEX	AVX512F_256	64	62 f2 7e 29 33 c0	VPMOVDW_XMMu16_MASKmskw_YMMu32_AVX512	6	exact	exact	structural_only	exact	decode_exact	cpu_legality_and_semantics_pending
VPMOVDW_YMMu16_MASKmskw_ZMMu32_AVX512	VPMOVDW	DATAXFER	AVX512EVEX	AVX512F_512	64	62 f2 7e 49 33 c0	VPMOVDW_YMMu16_MASKmskw_ZMMu32_AVX512	6	exact	exact	structural_only	exact	decode_exact	cpu_legality_and_semantics_pending
VPMOVM2B_XMMu8_MASKmskw_AVX512	VPMOVM2B	DATAXFER	AVX512EVEX	AVX512BW_128	64	62 f2 7e 08 28 c0	VPMOVM2B_XMMu8_MASKmskw_AVX512	6	exact	exact	structural_only	exact	decode_exact	cpu_legality_and_semantics_pending
VPMOVM2B_YMMu8_MASKmskw_AVX512	VPMOVM2B	DATAXFER	AVX512EVEX	AVX512BW_256	64	62 f2 7e 28 28 c0	VPMOVM2B_YMMu8_MASKmskw_AVX512	6	exact	exact	structural_only	exact	decode_exact	cpu_legality_and_semantics_pending
VPMOVM2B_ZMMu8_MASKmskw_AVX512	VPMOVM2B	DATAXFER	AVX512EVEX	AVX512BW_512	64	62 f2 7e 48 28 c0	VPMOVM2B_ZMMu8_MASKmskw_AVX512	6	exact	exact	structural_only	exact	decode_exact	cpu_legality_and_semantics_pending
VPMOVM2D_XMMu32_MASKmskw_AVX512	VPMOVM2D	DATAXFER	AVX512EVEX	AVX512DQ_128	64	62 f2 7e 08 38 c0	VPMOVM2D_XMMu32_MASKmskw_AVX512	6	exact	exact	structural_only	exact	decode_exact	cpu_legality_and_semantics_pending
VPMOVM2D_YMMu32_MASKmskw_AVX512	VPMOVM2D	DATAXFER	AVX512EVEX	AVX512DQ_256	64	62 f2 7e 28 38 c0	VPMOVM2D_YMMu32_MASKmskw_AVX512	6	exact	exact	structural_only	exact	decode_exact	cpu_legality_and_semantics_pending
VPMOVM2D_ZMMu32_MASKmskw_AVX512	VPMOVM2D	DATAXFER	AVX512EVEX	AVX512DQ_512	64	62 f2 7e 48 38 c0	VPMOVM2D_ZMMu32_MASKmskw_AVX512	6	exact	exact	structural_only	exact	decode_exact	cpu_legality_and_semantics_pending
VPMOVM2Q_XMMu64_MASKmskw_AVX512	VPMOVM2Q	DATAXFER	AVX512EVEX	AVX512DQ_128	64	62 f2 fe 08 38 c0	VPMOVM2Q_XMMu64_MASKmskw_AVX512	6	exact	exact	structural_only	exact	decode_exact	cpu_legality_and_semantics_pending
VPMOVM2Q_YMMu64_MASKmskw_AVX512	VPMOVM2Q	DATAXFER	AVX512EVEX	AVX512DQ_256	64	62 f2 fe 28 38 c0	VPMOVM2Q_YMMu64_MASKmskw_AVX512	6	exact	exact	structural_only	exact	decode_exact	cpu_legality_and_semantics_pending
VPMOVM2Q_ZMMu64_MASKmskw_AVX512	VPMOVM2Q	DATAXFER	AVX512EVEX	AVX512DQ_512	64	62 f2 fe 48 38 c0	VPMOVM2Q_ZMMu64_MASKmskw_AVX512	6	exact	exact	structural_only	exact	decode_exact	cpu_legality_and_semantics_pending
VPMOVM2W_XMMu16_MASKmskw_AVX512	VPMOVM2W	DATAXFER	AVX512EVEX	AVX512BW_128	64	62 f2 fe 08 28 c0	VPMOVM2W_XMMu16_MASKmskw_AVX512	6	exact	exact	structural_only	exact	decode_exact	cpu_legality_and_semantics_pending
VPMOVM2W_YMMu16_MASKmskw_AVX512	VPMOVM2W	DATAXFER	AVX512EVEX	AVX512BW_256	64	62 f2 fe 28 28 c0	VPMOVM2W_YMMu16_MASKmskw_AVX512	6	exact	exact	structural_only	exact	decode_exact	cpu_legality_and_semantics_pending
VPMOVM2W_ZMMu16_MASKmskw_AVX512	VPMOVM2W	DATAXFER	AVX512EVEX	AVX512BW_512	64	62 f2 fe 48 28 c0	VPMOVM2W_ZMMu16_MASKmskw_AVX512	6	exact	exact	structural_only	exact	decode_exact	cpu_legality_and_semantics_pending
VPMOVQ2M_MASKmskw_XMMu64_AVX512	VPMOVQ2M	DATAXFER	AVX512EVEX	AVX512DQ_128	64	62 f2 fe 08 39 c0	VPMOVQ2M_MASKmskw_XMMu64_AVX512	6	exact	exact	structural_only	exact	decode_exact	cpu_legality_and_semantics_pending
VPMOVQ2M_MASKmskw_YMMu64_AVX512	VPMOVQ2M	DATAXFER	AVX512EVEX	AVX512DQ_256	64	62 f2 fe 28 39 c0	VPMOVQ2M_MASKmskw_YMMu64_AVX512	6	exact	exact	structural_only	exact	decode_exact	cpu_legality_and_semantics_pending
VPMOVQ2M_MASKmskw_ZMMu64_AVX512	VPMOVQ2M	DATAXFER	AVX512EVEX	AVX512DQ_512	64	62 f2 fe 48 39 c0	VPMOVQ2M_MASKmskw_ZMMu64_AVX512	6	exact	exact	structural_only	exact	decode_exact	cpu_legality_and_semantics_pending
VPMOVQB_MEMu8_MASKmskw_XMMu64_AVX512	VPMOVQB	DATAXFER	AVX512EVEX	AVX512F_128	64	62 f2 7e 09 32 00	VPMOVQB_MEMu8_MASKmskw_XMMu64_AVX512	6	exact	exact	structural_only	exact	decode_exact	cpu_legality_and_semantics_pending
VPMOVQB_MEMu8_MASKmskw_YMMu64_AVX512	VPMOVQB	DATAXFER	AVX512EVEX	AVX512F_256	64	62 f2 7e 29 32 00	VPMOVQB_MEMu8_MASKmskw_YMMu64_AVX512	6	exact	exact	structural_only	exact	decode_exact	cpu_legality_and_semantics_pending
VPMOVQB_MEMu8_MASKmskw_ZMMu64_AVX512	VPMOVQB	DATAXFER	AVX512EVEX	AVX512F_512	64	62 f2 7e 49 32 00	VPMOVQB_MEMu8_MASKmskw_ZMMu64_AVX512	6	exact	exact	structural_only	exact	decode_exact	cpu_legality_and_semantics_pending
VPMOVQB_XMMu8_MASKmskw_XMMu64_AVX512	VPMOVQB	DATAXFER	AVX512EVEX	AVX512F_128	64	62 f2 7e 09 32 c0	VPMOVQB_XMMu8_MASKmskw_XMMu64_AVX512	6	exact	exact	structural_only	exact	decode_exact	cpu_legality_and_semantics_pending
VPMOVQB_XMMu8_MASKmskw_YMMu64_AVX512	VPMOVQB	DATAXFER	AVX512EVEX	AVX512F_256	64	62 f2 7e 29 32 c0	VPMOVQB_XMMu8_MASKmskw_YMMu64_AVX512	6	exact	exact	structural_only	exact	decode_exact	cpu_legality_and_semantics_pending
VPMOVQB_XMMu8_MASKmskw_ZMMu64_AVX512	VPMOVQB	DATAXFER	AVX512EVEX	AVX512F_512	64	62 f2 7e 49 32 c0	VPMOVQB_XMMu8_MASKmskw_ZMMu64_AVX512	6	exact	exact	structural_only	exact	decode_exact	cpu_legality_and_semantics_pending
VPMOVQD_MEMu32_MASKmskw_XMMu64_AVX512	VPMOVQD	DATAXFER	AVX512EVEX	AVX512F_128	64	62 f2 7e 09 35 00	VPMOVQD_MEMu32_MASKmskw_XMMu64_AVX512	6	exact	exact	structural_only	exact	decode_exact	cpu_legality_and_semantics_pending
VPMOVQD_MEMu32_MASKmskw_YMMu64_AVX512	VPMOVQD	DATAXFER	AVX512EVEX	AVX512F_256	64	62 f2 7e 29 35 00	VPMOVQD_MEMu32_MASKmskw_YMMu64_AVX512	6	exact	exact	structural_only	exact	decode_exact	cpu_legality_and_semantics_pending
VPMOVQD_MEMu32_MASKmskw_ZMMu64_AVX512	VPMOVQD	DATAXFER	AVX512EVEX	AVX512F_512	64	62 f2 7e 49 35 00	VPMOVQD_MEMu32_MASKmskw_ZMMu64_AVX512	6	exact	exact	structural_only	exact	decode_exact	cpu_legality_and_semantics_pending
VPMOVQD_XMMu32_MASKmskw_XMMu64_AVX512	VPMOVQD	DATAXFER	AVX512EVEX	AVX512F_128	64	62 f2 7e 09 35 c0	VPMOVQD_XMMu32_MASKmskw_XMMu64_AVX512	6	exact	exact	structural_only	exact	decode_exact	cpu_legality_and_semantics_pending
VPMOVQD_XMMu32_MASKmskw_YMMu64_AVX512	VPMOVQD	DATAXFER	AVX512EVEX	AVX512F_256	64	62 f2 7e 29 35 c0	VPMOVQD_XMMu32_MASKmskw_YMMu64_AVX512	6	exact	exact	structural_only	exact	decode_exact	cpu_legality_and_semantics_pending
VPMOVQD_YMMu32_MASKmskw_ZMMu64_AVX512	VPMOVQD	DATAXFER	AVX512EVEX	AVX512F_512	64	62 f2 7e 49 35 c0	VPMOVQD_YMMu32_MASKmskw_ZMMu64_AVX512	6	exact	exact	structural_only	exact	decode_exact	cpu_legality_and_semantics_pending
VPMOVQW_MEMu16_MASKmskw_XMMu64_AVX512	VPMOVQW	DATAXFER	AVX512EVEX	AVX512F_128	64	62 f2 7e 09 34 00	VPMOVQW_MEMu16_MASKmskw_XMMu64_AVX512	6	exact	exact	structural_only	exact	decode_exact	cpu_legality_and_semantics_pending
VPMOVQW_MEMu16_MASKmskw_YMMu64_AVX512	VPMOVQW	DATAXFER	AVX512EVEX	AVX512F_256	64	62 f2 7e 29 34 00	VPMOVQW_MEMu16_MASKmskw_YMMu64_AVX512	6	exact	exact	structural_only	exact	decode_exact	cpu_legality_and_semantics_pending
VPMOVQW_MEMu16_MASKmskw_ZMMu64_AVX512	VPMOVQW	DATAXFER	AVX512EVEX	AVX512F_512	64	62 f2 7e 49 34 00	VPMOVQW_MEMu16_MASKmskw_ZMMu64_AVX512	6	exact	exact	structural_only	exact	decode_exact	cpu_legality_and_semantics_pending
VPMOVQW_XMMu16_MASKmskw_XMMu64_AVX512	VPMOVQW	DATAXFER	AVX512EVEX	AVX512F_128	64	62 f2 7e 09 34 c0	VPMOVQW_XMMu16_MASKmskw_XMMu64_AVX512	6	exact	exact	structural_only	exact	decode_exact	cpu_legality_and_semantics_pending
VPMOVQW_XMMu16_MASKmskw_YMMu64_AVX512	VPMOVQW	DATAXFER	AVX512EVEX	AVX512F_256	64	62 f2 7e 29 34 c0	VPMOVQW_XMMu16_MASKmskw_YMMu64_AVX512	6	exact	exact	structural_only	exact	decode_exact	cpu_legality_and_semantics_pending
VPMOVQW_XMMu16_MASKmskw_ZMMu64_AVX512	VPMOVQW	DATAXFER	AVX512EVEX	AVX512F_512	64	62 f2 7e 49 34 c0	VPMOVQW_XMMu16_MASKmskw_ZMMu64_AVX512	6	exact	exact	structural_only	exact	decode_exact	cpu_legality_and_semantics_pending
VPMOVSDB_MEMi8_MASKmskw_XMMi32_AVX512	VPMOVSDB	DATAXFER	AVX512EVEX	AVX512F_128	64	62 f2 7e 09 21 00	VPMOVSDB_MEMi8_MASKmskw_XMMi32_AVX512	6	exact	exact	structural_only	exact	decode_exact	cpu_legality_and_semantics_pending
VPMOVSDB_MEMi8_MASKmskw_YMMi32_AVX512	VPMOVSDB	DATAXFER	AVX512EVEX	AVX512F_256	64	62 f2 7e 29 21 00	VPMOVSDB_MEMi8_MASKmskw_YMMi32_AVX512	6	exact	exact	structural_only	exact	decode_exact	cpu_legality_and_semantics_pending
VPMOVSDB_MEMi8_MASKmskw_ZMMi32_AVX512	VPMOVSDB	DATAXFER	AVX512EVEX	AVX512F_512	64	62 f2 7e 49 21 00	VPMOVSDB_MEMi8_MASKmskw_ZMMi32_AVX512	6	exact	exact	structural_only	exact	decode_exact	cpu_legality_and_semantics_pending
VPMOVSDB_XMMi8_MASKmskw_XMMi32_AVX512	VPMOVSDB	DATAXFER	AVX512EVEX	AVX512F_128	64	62 f2 7e 09 21 c0	VPMOVSDB_XMMi8_MASKmskw_XMMi32_AVX512	6	exact	exact	structural_only	exact	decode_exact	cpu_legality_and_semantics_pending
VPMOVSDB_XMMi8_MASKmskw_YMMi32_AVX512	VPMOVSDB	DATAXFER	AVX512EVEX	AVX512F_256	64	62 f2 7e 29 21 c0	VPMOVSDB_XMMi8_MASKmskw_YMMi32_AVX512	6	exact	exact	structural_only	exact	decode_exact	cpu_legality_and_semantics_pending
VPMOVSDB_XMMi8_MASKmskw_ZMMi32_AVX512	VPMOVSDB	DATAXFER	AVX512EVEX	AVX512F_512	64	62 f2 7e 49 21 c0	VPMOVSDB_XMMi8_MASKmskw_ZMMi32_AVX512	6	exact	exact	structural_only	exact	decode_exact	cpu_legality_and_semantics_pending
VPMOVSDW_MEMi16_MASKmskw_XMMi32_AVX512	VPMOVSDW	DATAXFER	AVX512EVEX	AVX512F_128	64	62 f2 7e 09 23 00	VPMOVSDW_MEMi16_MASKmskw_XMMi32_AVX512	6	exact	exact	structural_only	exact	decode_exact	cpu_legality_and_semantics_pending
VPMOVSDW_MEMi16_MASKmskw_YMMi32_AVX512	VPMOVSDW	DATAXFER	AVX512EVEX	AVX512F_256	64	62 f2 7e 29 23 00	VPMOVSDW_MEMi16_MASKmskw_YMMi32_AVX512	6	exact	exact	structural_only	exact	decode_exact	cpu_legality_and_semantics_pending
VPMOVSDW_MEMi16_MASKmskw_ZMMi32_AVX512	VPMOVSDW	DATAXFER	AVX512EVEX	AVX512F_512	64	62 f2 7e 49 23 00	VPMOVSDW_MEMi16_MASKmskw_ZMMi32_AVX512	6	exact	exact	structural_only	exact	decode_exact	cpu_legality_and_semantics_pending
VPMOVSDW_XMMi16_MASKmskw_XMMi32_AVX512	VPMOVSDW	DATAXFER	AVX512EVEX	AVX512F_128	64	62 f2 7e 09 23 c0	VPMOVSDW_XMMi16_MASKmskw_XMMi32_AVX512	6	exact	exact	structural_only	exact	decode_exact	cpu_legality_and_semantics_pending
VPMOVSDW_XMMi16_MASKmskw_YMMi32_AVX512	VPMOVSDW	DATAXFER	AVX512EVEX	AVX512F_256	64	62 f2 7e 29 23 c0	VPMOVSDW_XMMi16_MASKmskw_YMMi32_AVX512	6	exact	exact	structural_only	exact	decode_exact	cpu_legality_and_semantics_pending
VPMOVSDW_YMMi16_MASKmskw_ZMMi32_AVX512	VPMOVSDW	DATAXFER	AVX512EVEX	AVX512F_512	64	62 f2 7e 49 23 c0	VPMOVSDW_YMMi16_MASKmskw_ZMMi32_AVX512	6	exact	exact	structural_only	exact	decode_exact	cpu_legality_and_semantics_pending
VPMOVSQB_MEMi8_MASKmskw_XMMi64_AVX512	VPMOVSQB	DATAXFER	AVX512EVEX	AVX512F_128	64	62 f2 7e 09 22 00	VPMOVSQB_MEMi8_MASKmskw_XMMi64_AVX512	6	exact	exact	structural_only	exact	decode_exact	cpu_legality_and_semantics_pending
VPMOVSQB_MEMi8_MASKmskw_YMMi64_AVX512	VPMOVSQB	DATAXFER	AVX512EVEX	AVX512F_256	64	62 f2 7e 29 22 00	VPMOVSQB_MEMi8_MASKmskw_YMMi64_AVX512	6	exact	exact	structural_only	exact	decode_exact	cpu_legality_and_semantics_pending
VPMOVSQB_MEMi8_MASKmskw_ZMMi64_AVX512	VPMOVSQB	DATAXFER	AVX512EVEX	AVX512F_512	64	62 f2 7e 49 22 00	VPMOVSQB_MEMi8_MASKmskw_ZMMi64_AVX512	6	exact	exact	structural_only	exact	decode_exact	cpu_legality_and_semantics_pending
VPMOVSQB_XMMi8_MASKmskw_XMMi64_AVX512	VPMOVSQB	DATAXFER	AVX512EVEX	AVX512F_128	64	62 f2 7e 09 22 c0	VPMOVSQB_XMMi8_MASKmskw_XMMi64_AVX512	6	exact	exact	structural_only	exact	decode_exact	cpu_legality_and_semantics_pending
VPMOVSQB_XMMi8_MASKmskw_YMMi64_AVX512	VPMOVSQB	DATAXFER	AVX512EVEX	AVX512F_256	64	62 f2 7e 29 22 c0	VPMOVSQB_XMMi8_MASKmskw_YMMi64_AVX512	6	exact	exact	structural_only	exact	decode_exact	cpu_legality_and_semantics_pending
VPMOVSQB_XMMi8_MASKmskw_ZMMi64_AVX512	VPMOVSQB	DATAXFER	AVX512EVEX	AVX512F_512	64	62 f2 7e 49 22 c0	VPMOVSQB_XMMi8_MASKmskw_ZMMi64_AVX512	6	exact	exact	structural_only	exact	decode_exact	cpu_legality_and_semantics_pending
VPMOVSQD_MEMi32_MASKmskw_XMMi64_AVX512	VPMOVSQD	DATAXFER	AVX512EVEX	AVX512F_128	64	62 f2 7e 09 25 00	VPMOVSQD_MEMi32_MASKmskw_XMMi64_AVX512	6	exact	exact	structural_only	exact	decode_exact	cpu_legality_and_semantics_pending
VPMOVSQD_MEMi32_MASKmskw_YMMi64_AVX512	VPMOVSQD	DATAXFER	AVX512EVEX	AVX512F_256	64	62 f2 7e 29 25 00	VPMOVSQD_MEMi32_MASKmskw_YMMi64_AVX512	6	exact	exact	structural_only	exact	decode_exact	cpu_legality_and_semantics_pending
VPMOVSQD_MEMi32_MASKmskw_ZMMi64_AVX512	VPMOVSQD	DATAXFER	AVX512EVEX	AVX512F_512	64	62 f2 7e 49 25 00	VPMOVSQD_MEMi32_MASKmskw_ZMMi64_AVX512	6	exact	exact	structural_only	exact	decode_exact	cpu_legality_and_semantics_pending
VPMOVSQD_XMMi32_MASKmskw_XMMi64_AVX512	VPMOVSQD	DATAXFER	AVX512EVEX	AVX512F_128	64	62 f2 7e 09 25 c0	VPMOVSQD_XMMi32_MASKmskw_XMMi64_AVX512	6	exact	exact	structural_only	exact	decode_exact	cpu_legality_and_semantics_pending
VPMOVSQD_XMMi32_MASKmskw_YMMi64_AVX512	VPMOVSQD	DATAXFER	AVX512EVEX	AVX512F_256	64	62 f2 7e 29 25 c0	VPMOVSQD_XMMi32_MASKmskw_YMMi64_AVX512	6	exact	exact	structural_only	exact	decode_exact	cpu_legality_and_semantics_pending
VPMOVSQD_YMMi32_MASKmskw_ZMMi64_AVX512	VPMOVSQD	DATAXFER	AVX512EVEX	AVX512F_512	64	62 f2 7e 49 25 c0	VPMOVSQD_YMMi32_MASKmskw_ZMMi64_AVX512	6	exact	exact	structural_only	exact	decode_exact	cpu_legality_and_semantics_pending
VPMOVSQW_MEMi16_MASKmskw_XMMi64_AVX512	VPMOVSQW	DATAXFER	AVX512EVEX	AVX512F_128	64	62 f2 7e 09 24 00	VPMOVSQW_MEMi16_MASKmskw_XMMi64_AVX512	6	exact	exact	structural_only	exact	decode_exact	cpu_legality_and_semantics_pending
VPMOVSQW_MEMi16_MASKmskw_YMMi64_AVX512	VPMOVSQW	DATAXFER	AVX512EVEX	AVX512F_256	64	62 f2 7e 29 24 00	VPMOVSQW_MEMi16_MASKmskw_YMMi64_AVX512	6	exact	exact	structural_only	exact	decode_exact	cpu_legality_and_semantics_pending
VPMOVSQW_MEMi16_MASKmskw_ZMMi64_AVX512	VPMOVSQW	DATAXFER	AVX512EVEX	AVX512F_512	64	62 f2 7e 49 24 00	VPMOVSQW_MEMi16_MASKmskw_ZMMi64_AVX512	6	exact	exact	structural_only	exact	decode_exact	cpu_legality_and_semantics_pending
VPMOVSQW_XMMi16_MASKmskw_XMMi64_AVX512	VPMOVSQW	DATAXFER	AVX512EVEX	AVX512F_128	64	62 f2 7e 09 24 c0	VPMOVSQW_XMMi16_MASKmskw_XMMi64_AVX512	6	exact	exact	structural_only	exact	decode_exact	cpu_legality_and_semantics_pending
VPMOVSQW_XMMi16_MASKmskw_YMMi64_AVX512	VPMOVSQW	DATAXFER	AVX512EVEX	AVX512F_256	64	62 f2 7e 29 24 c0	VPMOVSQW_XMMi16_MASKmskw_YMMi64_AVX512	6	exact	exact	structural_only	exact	decode_exact	cpu_legality_and_semantics_pending
VPMOVSQW_XMMi16_MASKmskw_ZMMi64_AVX512	VPMOVSQW	DATAXFER	AVX512EVEX	AVX512F_512	64	62 f2 7e 49 24 c0	VPMOVSQW_XMMi16_MASKmskw_ZMMi64_AVX512	6	exact	exact	structural_only	exact	decode_exact	cpu_legality_and_semantics_pending
VPMOVSSDB_MEMu8_MASKmskw_XMMu32_AVX512	VPMOVSSDB	DATAXFER	AVX512EVEX	AVX10_V2_AUX_128	64	62 f2 7e 09 41 00	VPMOVSSDB_MEMu8_MASKmskw_XMMu32_AVX512	6	exact	exact	structural_only	exact	decode_exact	cpu_legality_and_semantics_pending
VPMOVSSDB_MEMu8_MASKmskw_YMMu32_AVX512	VPMOVSSDB	DATAXFER	AVX512EVEX	AVX10_V2_AUX_256	64	62 f2 7e 29 41 00	VPMOVSSDB_MEMu8_MASKmskw_YMMu32_AVX512	6	exact	exact	structural_only	exact	decode_exact	cpu_legality_and_semantics_pending
VPMOVSSDB_MEMu8_MASKmskw_ZMMu32_AVX512	VPMOVSSDB	DATAXFER	AVX512EVEX	AVX10_V2_AUX_512	64	62 f2 7e 49 41 00	VPMOVSSDB_MEMu8_MASKmskw_ZMMu32_AVX512	6	exact	exact	structural_only	exact	decode_exact	cpu_legality_and_semantics_pending
VPMOVSSDB_XMMu8_MASKmskw_YMMu32_AVX512	VPMOVSSDB	DATAXFER	AVX512EVEX	AVX10_V2_AUX_256	64	62 f2 7e 29 41 c0	VPMOVSSDB_XMMu8_MASKmskw_YMMu32_AVX512	6	exact	exact	structural_only	exact	decode_exact	cpu_legality_and_semantics_pending
VPMOVSSDB_XMMu8_MASKmskw_ZMMu32_AVX512	VPMOVSSDB	DATAXFER	AVX512EVEX	AVX10_V2_AUX_512	64	62 f2 7e 49 41 c0	VPMOVSSDB_XMMu8_MASKmskw_ZMMu32_AVX512	6	exact	exact	structural_only	exact	decode_exact	cpu_legality_and_semantics_pending
VPMOVSWB_MEMi8_MASKmskw_XMMi16_AVX512	VPMOVSWB	DATAXFER	AVX512EVEX	AVX512BW_128	64	62 f2 7e 09 20 00	VPMOVSWB_MEMi8_MASKmskw_XMMi16_AVX512	6	exact	exact	structural_only	exact	decode_exact	cpu_legality_and_semantics_pending
VPMOVSWB_MEMi8_MASKmskw_YMMi16_AVX512	VPMOVSWB	DATAXFER	AVX512EVEX	AVX512BW_256	64	62 f2 7e 29 20 00	VPMOVSWB_MEMi8_MASKmskw_YMMi16_AVX512	6	exact	exact	structural_only	exact	decode_exact	cpu_legality_and_semantics_pending
VPMOVSWB_MEMi8_MASKmskw_ZMMi16_AVX512	VPMOVSWB	DATAXFER	AVX512EVEX	AVX512BW_512	64	62 f2 7e 49 20 00	VPMOVSWB_MEMi8_MASKmskw_ZMMi16_AVX512	6	exact	exact	structural_only	exact	decode_exact	cpu_legality_and_semantics_pending
VPMOVSWB_XMMi8_MASKmskw_XMMi16_AVX512	VPMOVSWB	DATAXFER	AVX512EVEX	AVX512BW_128	64	62 f2 7e 09 20 c0	VPMOVSWB_XMMi8_MASKmskw_XMMi16_AVX512	6	exact	exact	structural_only	exact	decode_exact	cpu_legality_and_semantics_pending
VPMOVSWB_XMMi8_MASKmskw_YMMi16_AVX512	VPMOVSWB	DATAXFER	AVX512EVEX	AVX512BW_256	64	62 f2 7e 29 20 c0	VPMOVSWB_XMMi8_MASKmskw_YMMi16_AVX512	6	exact	exact	structural_only	exact	decode_exact	cpu_legality_and_semantics_pending
VPMOVSWB_YMMi8_MASKmskw_ZMMi16_AVX512	VPMOVSWB	DATAXFER	AVX512EVEX	AVX512BW_512	64	62 f2 7e 49 20 c0	VPMOVSWB_YMMi8_MASKmskw_ZMMi16_AVX512	6	exact	exact	structural_only	exact	decode_exact	cpu_legality_and_semantics_pending
VPMOVUSDB_MEMu8_MASKmskw_XMMu32_AVX512	VPMOVUSDB	DATAXFER	AVX512EVEX	AVX512F_128	64	62 f2 7e 09 11 00	VPMOVUSDB_MEMu8_MASKmskw_XMMu32_AVX512	6	exact	exact	structural_only	exact	decode_exact	cpu_legality_and_semantics_pending
VPMOVUSDB_MEMu8_MASKmskw_YMMu32_AVX512	VPMOVUSDB	DATAXFER	AVX512EVEX	AVX512F_256	64	62 f2 7e 29 11 00	VPMOVUSDB_MEMu8_MASKmskw_YMMu32_AVX512	6	exact	exact	structural_only	exact	decode_exact	cpu_legality_and_semantics_pending
VPMOVUSDB_MEMu8_MASKmskw_ZMMu32_AVX512	VPMOVUSDB	DATAXFER	AVX512EVEX	AVX512F_512	64	62 f2 7e 49 11 00	VPMOVUSDB_MEMu8_MASKmskw_ZMMu32_AVX512	6	exact	exact	structural_only	exact	decode_exact	cpu_legality_and_semantics_pending
VPMOVUSDB_XMMu8_MASKmskw_XMMu32_AVX512	VPMOVUSDB	DATAXFER	AVX512EVEX	AVX512F_128	64	62 f2 7e 09 11 c0	VPMOVUSDB_XMMu8_MASKmskw_XMMu32_AVX512	6	exact	exact	structural_only	exact	decode_exact	cpu_legality_and_semantics_pending
VPMOVUSDB_XMMu8_MASKmskw_YMMu32_AVX512	VPMOVUSDB	DATAXFER	AVX512EVEX	AVX512F_256	64	62 f2 7e 29 11 c0	VPMOVUSDB_XMMu8_MASKmskw_YMMu32_AVX512	6	exact	exact	structural_only	exact	decode_exact	cpu_legality_and_semantics_pending
VPMOVUSDB_XMMu8_MASKmskw_ZMMu32_AVX512	VPMOVUSDB	DATAXFER	AVX512EVEX	AVX512F_512	64	62 f2 7e 49 11 c0	VPMOVUSDB_XMMu8_MASKmskw_ZMMu32_AVX512	6	exact	exact	structural_only	exact	decode_exact	cpu_legality_and_semantics_pending
VPMOVUSDW_MEMu16_MASKmskw_XMMu32_AVX512	VPMOVUSDW	DATAXFER	AVX512EVEX	AVX512F_128	64	62 f2 7e 09 13 00	VPMOVUSDW_MEMu16_MASKmskw_XMMu32_AVX512	6	exact	exact	structural_only	exact	decode_exact	cpu_legality_and_semantics_pending
VPMOVUSDW_MEMu16_MASKmskw_YMMu32_AVX512	VPMOVUSDW	DATAXFER	AVX512EVEX	AVX512F_256	64	62 f2 7e 29 13 00	VPMOVUSDW_MEMu16_MASKmskw_YMMu32_AVX512	6	exact	exact	structural_only	exact	decode_exact	cpu_legality_and_semantics_pending
VPMOVUSDW_MEMu16_MASKmskw_ZMMu32_AVX512	VPMOVUSDW	DATAXFER	AVX512EVEX	AVX512F_512	64	62 f2 7e 49 13 00	VPMOVUSDW_MEMu16_MASKmskw_ZMMu32_AVX512	6	exact	exact	structural_only	exact	decode_exact	cpu_legality_and_semantics_pending
VPMOVUSDW_XMMu16_MASKmskw_XMMu32_AVX512	VPMOVUSDW	DATAXFER	AVX512EVEX	AVX512F_128	64	62 f2 7e 09 13 c0	VPMOVUSDW_XMMu16_MASKmskw_XMMu32_AVX512	6	exact	exact	structural_only	exact	decode_exact	cpu_legality_and_semantics_pending
VPMOVUSDW_XMMu16_MASKmskw_YMMu32_AVX512	VPMOVUSDW	DATAXFER	AVX512EVEX	AVX512F_256	64	62 f2 7e 29 13 c0	VPMOVUSDW_XMMu16_MASKmskw_YMMu32_AVX512	6	exact	exact	structural_only	exact	decode_exact	cpu_legality_and_semantics_pending
VPMOVUSDW_YMMu16_MASKmskw_ZMMu32_AVX512	VPMOVUSDW	DATAXFER	AVX512EVEX	AVX512F_512	64	62 f2 7e 49 13 c0	VPMOVUSDW_YMMu16_MASKmskw_ZMMu32_AVX512	6	exact	exact	structural_only	exact	decode_exact	cpu_legality_and_semantics_pending
VPMOVUSQB_MEMu8_MASKmskw_XMMu64_AVX512	VPMOVUSQB	DATAXFER	AVX512EVEX	AVX512F_128	64	62 f2 7e 09 12 00	VPMOVUSQB_MEMu8_MASKmskw_XMMu64_AVX512	6	exact	exact	structural_only	exact	decode_exact	cpu_legality_and_semantics_pending
VPMOVUSQB_MEMu8_MASKmskw_YMMu64_AVX512	VPMOVUSQB	DATAXFER	AVX512EVEX	AVX512F_256	64	62 f2 7e 29 12 00	VPMOVUSQB_MEMu8_MASKmskw_YMMu64_AVX512	6	exact	exact	structural_only	exact	decode_exact	cpu_legality_and_semantics_pending
VPMOVUSQB_MEMu8_MASKmskw_ZMMu64_AVX512	VPMOVUSQB	DATAXFER	AVX512EVEX	AVX512F_512	64	62 f2 7e 49 12 00	VPMOVUSQB_MEMu8_MASKmskw_ZMMu64_AVX512	6	exact	exact	structural_only	exact	decode_exact	cpu_legality_and_semantics_pending
VPMOVUSQB_XMMu8_MASKmskw_XMMu64_AVX512	VPMOVUSQB	DATAXFER	AVX512EVEX	AVX512F_128	64	62 f2 7e 09 12 c0	VPMOVUSQB_XMMu8_MASKmskw_XMMu64_AVX512	6	exact	exact	structural_only	exact	decode_exact	cpu_legality_and_semantics_pending
VPMOVUSQB_XMMu8_MASKmskw_YMMu64_AVX512	VPMOVUSQB	DATAXFER	AVX512EVEX	AVX512F_256	64	62 f2 7e 29 12 c0	VPMOVUSQB_XMMu8_MASKmskw_YMMu64_AVX512	6	exact	exact	structural_only	exact	decode_exact	cpu_legality_and_semantics_pending
VPMOVUSQB_XMMu8_MASKmskw_ZMMu64_AVX512	VPMOVUSQB	DATAXFER	AVX512EVEX	AVX512F_512	64	62 f2 7e 49 12 c0	VPMOVUSQB_XMMu8_MASKmskw_ZMMu64_AVX512	6	exact	exact	structural_only	exact	decode_exact	cpu_legality_and_semantics_pending
VPMOVUSQD_MEMu32_MASKmskw_XMMu64_AVX512	VPMOVUSQD	DATAXFER	AVX512EVEX	AVX512F_128	64	62 f2 7e 09 15 00	VPMOVUSQD_MEMu32_MASKmskw_XMMu64_AVX512	6	exact	exact	structural_only	exact	decode_exact	cpu_legality_and_semantics_pending
VPMOVUSQD_MEMu32_MASKmskw_YMMu64_AVX512	VPMOVUSQD	DATAXFER	AVX512EVEX	AVX512F_256	64	62 f2 7e 29 15 00	VPMOVUSQD_MEMu32_MASKmskw_YMMu64_AVX512	6	exact	exact	structural_only	exact	decode_exact	cpu_legality_and_semantics_pending
VPMOVUSQD_MEMu32_MASKmskw_ZMMu64_AVX512	VPMOVUSQD	DATAXFER	AVX512EVEX	AVX512F_512	64	62 f2 7e 49 15 00	VPMOVUSQD_MEMu32_MASKmskw_ZMMu64_AVX512	6	exact	exact	structural_only	exact	decode_exact	cpu_legality_and_semantics_pending
VPMOVUSQD_XMMu32_MASKmskw_XMMu64_AVX512	VPMOVUSQD	DATAXFER	AVX512EVEX	AVX512F_128	64	62 f2 7e 09 15 c0	VPMOVUSQD_XMMu32_MASKmskw_XMMu64_AVX512	6	exact	exact	structural_only	exact	decode_exact	cpu_legality_and_semantics_pending
VPMOVUSQD_XMMu32_MASKmskw_YMMu64_AVX512	VPMOVUSQD	DATAXFER	AVX512EVEX	AVX512F_256	64	62 f2 7e 29 15 c0	VPMOVUSQD_XMMu32_MASKmskw_YMMu64_AVX512	6	exact	exact	structural_only	exact	decode_exact	cpu_legality_and_semantics_pending
VPMOVUSQD_YMMu32_MASKmskw_ZMMu64_AVX512	VPMOVUSQD	DATAXFER	AVX512EVEX	AVX512F_512	64	62 f2 7e 49 15 c0	VPMOVUSQD_YMMu32_MASKmskw_ZMMu64_AVX512	6	exact	exact	structural_only	exact	decode_exact	cpu_legality_and_semantics_pending
VPMOVUSQW_MEMu16_MASKmskw_XMMu64_AVX512	VPMOVUSQW	DATAXFER	AVX512EVEX	AVX512F_128	64	62 f2 7e 09 14 00	VPMOVUSQW_MEMu16_MASKmskw_XMMu64_AVX512	6	exact	exact	structural_only	exact	decode_exact	cpu_legality_and_semantics_pending
VPMOVUSQW_MEMu16_MASKmskw_YMMu64_AVX512	VPMOVUSQW	DATAXFER	AVX512EVEX	AVX512F_256	64	62 f2 7e 29 14 00	VPMOVUSQW_MEMu16_MASKmskw_YMMu64_AVX512	6	exact	exact	structural_only	exact	decode_exact	cpu_legality_and_semantics_pending
VPMOVUSQW_MEMu16_MASKmskw_ZMMu64_AVX512	VPMOVUSQW	DATAXFER	AVX512EVEX	AVX512F_512	64	62 f2 7e 49 14 00	VPMOVUSQW_MEMu16_MASKmskw_ZMMu64_AVX512	6	exact	exact	structural_only	exact	decode_exact	cpu_legality_and_semantics_pending
VPMOVUSQW_XMMu16_MASKmskw_XMMu64_AVX512	VPMOVUSQW	DATAXFER	AVX512EVEX	AVX512F_128	64	62 f2 7e 09 14 c0	VPMOVUSQW_XMMu16_MASKmskw_XMMu64_AVX512	6	exact	exact	structural_only	exact	decode_exact	cpu_legality_and_semantics_pending
VPMOVUSQW_XMMu16_MASKmskw_YMMu64_AVX512	VPMOVUSQW	DATAXFER	AVX512EVEX	AVX512F_256	64	62 f2 7e 29 14 c0	VPMOVUSQW_XMMu16_MASKmskw_YMMu64_AVX512	6	exact	exact	structural_only	exact	decode_exact	cpu_legality_and_semantics_pending
VPMOVUSQW_XMMu16_MASKmskw_ZMMu64_AVX512	VPMOVUSQW	DATAXFER	AVX512EVEX	AVX512F_512	64	62 f2 7e 49 14 c0	VPMOVUSQW_XMMu16_MASKmskw_ZMMu64_AVX512	6	exact	exact	structural_only	exact	decode_exact	cpu_legality_and_semantics_pending
VPMOVUSWB_MEMu8_MASKmskw_XMMu16_AVX512	VPMOVUSWB	DATAXFER	AVX512EVEX	AVX512BW_128	64	62 f2 7e 09 10 00	VPMOVUSWB_MEMu8_MASKmskw_XMMu16_AVX512	6	exact	exact	structural_only	exact	decode_exact	cpu_legality_and_semantics_pending
VPMOVUSWB_MEMu8_MASKmskw_YMMu16_AVX512	VPMOVUSWB	DATAXFER	AVX512EVEX	AVX512BW_256	64	62 f2 7e 29 10 00	VPMOVUSWB_MEMu8_MASKmskw_YMMu16_AVX512	6	exact	exact	structural_only	exact	decode_exact	cpu_legality_and_semantics_pending
VPMOVUSWB_MEMu8_MASKmskw_ZMMu16_AVX512	VPMOVUSWB	DATAXFER	AVX512EVEX	AVX512BW_512	64	62 f2 7e 49 10 00	VPMOVUSWB_MEMu8_MASKmskw_ZMMu16_AVX512	6	exact	exact	structural_only	exact	decode_exact	cpu_legality_and_semantics_pending
VPMOVUSWB_XMMu8_MASKmskw_XMMu16_AVX512	VPMOVUSWB	DATAXFER	AVX512EVEX	AVX512BW_128	64	62 f2 7e 09 10 c0	VPMOVUSWB_XMMu8_MASKmskw_XMMu16_AVX512	6	exact	exact	structural_only	exact	decode_exact	cpu_legality_and_semantics_pending
VPMOVUSWB_XMMu8_MASKmskw_YMMu16_AVX512	VPMOVUSWB	DATAXFER	AVX512EVEX	AVX512BW_256	64	62 f2 7e 29 10 c0	VPMOVUSWB_XMMu8_MASKmskw_YMMu16_AVX512	6	exact	exact	structural_only	exact	decode_exact	cpu_legality_and_semantics_pending
VPMOVUSWB_YMMu8_MASKmskw_ZMMu16_AVX512	VPMOVUSWB	DATAXFER	AVX512EVEX	AVX512BW_512	64	62 f2 7e 49 10 c0	VPMOVUSWB_YMMu8_MASKmskw_ZMMu16_AVX512	6	exact	exact	structural_only	exact	decode_exact	cpu_legality_and_semantics_pending
VPMOVW2M_MASKmskw_XMMu16_AVX512	VPMOVW2M	DATAXFER	AVX512EVEX	AVX512BW_128	64	62 f2 fe 08 29 c0	VPMOVW2M_MASKmskw_XMMu16_AVX512	6	exact	exact	structural_only	exact	decode_exact	cpu_legality_and_semantics_pending
VPMOVW2M_MASKmskw_YMMu16_AVX512	VPMOVW2M	DATAXFER	AVX512EVEX	AVX512BW_256	64	62 f2 fe 28 29 c0	VPMOVW2M_MASKmskw_YMMu16_AVX512	6	exact	exact	structural_only	exact	decode_exact	cpu_legality_and_semantics_pending
VPMOVW2M_MASKmskw_ZMMu16_AVX512	VPMOVW2M	DATAXFER	AVX512EVEX	AVX512BW_512	64	62 f2 fe 48 29 c0	VPMOVW2M_MASKmskw_ZMMu16_AVX512	6	exact	exact	structural_only	exact	decode_exact	cpu_legality_and_semantics_pending
VPMOVWB_MEMu8_MASKmskw_XMMu16_AVX512	VPMOVWB	DATAXFER	AVX512EVEX	AVX512BW_128	64	62 f2 7e 09 30 00	VPMOVWB_MEMu8_MASKmskw_XMMu16_AVX512	6	exact	exact	structural_only	exact	decode_exact	cpu_legality_and_semantics_pending
VPMOVWB_MEMu8_MASKmskw_YMMu16_AVX512	VPMOVWB	DATAXFER	AVX512EVEX	AVX512BW_256	64	62 f2 7e 29 30 00	VPMOVWB_MEMu8_MASKmskw_YMMu16_AVX512	6	exact	exact	structural_only	exact	decode_exact	cpu_legality_and_semantics_pending
VPMOVWB_MEMu8_MASKmskw_ZMMu16_AVX512	VPMOVWB	DATAXFER	AVX512EVEX	AVX512BW_512	64	62 f2 7e 49 30 00	VPMOVWB_MEMu8_MASKmskw_ZMMu16_AVX512	6	exact	exact	structural_only	exact	decode_exact	cpu_legality_and_semantics_pending
VPMOVWB_XMMu8_MASKmskw_XMMu16_AVX512	VPMOVWB	DATAXFER	AVX512EVEX	AVX512BW_128	64	62 f2 7e 09 30 c0	VPMOVWB_XMMu8_MASKmskw_XMMu16_AVX512	6	exact	exact	structural_only	exact	decode_exact	cpu_legality_and_semantics_pending
VPMOVWB_XMMu8_MASKmskw_YMMu16_AVX512	VPMOVWB	DATAXFER	AVX512EVEX	AVX512BW_256	64	62 f2 7e 29 30 c0	VPMOVWB_XMMu8_MASKmskw_YMMu16_AVX512	6	exact	exact	structural_only	exact	decode_exact	cpu_legality_and_semantics_pending
VPMOVWB_YMMu8_MASKmskw_ZMMu16_AVX512	VPMOVWB	DATAXFER	AVX512EVEX	AVX512BW_512	64	62 f2 7e 49 30 c0	VPMOVWB_YMMu8_MASKmskw_ZMMu16_AVX512	6	exact	exact	structural_only	exact	decode_exact	cpu_legality_and_semantics_pending
VPSCATTERDD_MEMu32_MASKmskw_XMMu32_AVX512_VL128	VPSCATTERDD	SCATTER	AVX512EVEX	AVX512F_128	64	62 f2 7d 09 a0 04 00	VPSCATTERDD_MEMu32_MASKmskw_XMMu32_AVX512_VL128	7	exact	exact	structural_only	exact	decode_exact	cpu_legality_and_semantics_pending
VPSCATTERDD_MEMu32_MASKmskw_YMMu32_AVX512_VL256	VPSCATTERDD	SCATTER	AVX512EVEX	AVX512F_256	64	62 f2 7d 29 a0 04 00	VPSCATTERDD_MEMu32_MASKmskw_YMMu32_AVX512_VL256	7	exact	exact	structural_only	exact	decode_exact	cpu_legality_and_semantics_pending
VPSCATTERDD_MEMu32_MASKmskw_ZMMu32_AVX512_VL512	VPSCATTERDD	SCATTER	AVX512EVEX	AVX512F_512	64	62 f2 7d 49 a0 04 00	VPSCATTERDD_MEMu32_MASKmskw_ZMMu32_AVX512_VL512	7	exact	exact	structural_only	exact	decode_exact	cpu_legality_and_semantics_pending
VPSCATTERDQ_MEMu64_MASKmskw_XMMu64_AVX512_VL128	VPSCATTERDQ	SCATTER	AVX512EVEX	AVX512F_128	64	62 f2 fd 09 a0 04 00	VPSCATTERDQ_MEMu64_MASKmskw_XMMu64_AVX512_VL128	7	exact	exact	structural_only	exact	decode_exact	cpu_legality_and_semantics_pending
VPSCATTERDQ_MEMu64_MASKmskw_YMMu64_AVX512_VL256	VPSCATTERDQ	SCATTER	AVX512EVEX	AVX512F_256	64	62 f2 fd 29 a0 04 00	VPSCATTERDQ_MEMu64_MASKmskw_YMMu64_AVX512_VL256	7	exact	exact	structural_only	exact	decode_exact	cpu_legality_and_semantics_pending
VPSCATTERDQ_MEMu64_MASKmskw_ZMMu64_AVX512_VL512	VPSCATTERDQ	SCATTER	AVX512EVEX	AVX512F_512	64	62 f2 fd 49 a0 04 00	VPSCATTERDQ_MEMu64_MASKmskw_ZMMu64_AVX512_VL512	7	exact	exact	structural_only	exact	decode_exact	cpu_legality_and_semantics_pending
VPSCATTERQD_MEMu32_MASKmskw_XMMu32_AVX512_VL128	VPSCATTERQD	SCATTER	AVX512EVEX	AVX512F_128	64	62 f2 7d 09 a1 04 00	VPSCATTERQD_MEMu32_MASKmskw_XMMu32_AVX512_VL128	7	exact	exact	structural_only	exact	decode_exact	cpu_legality_and_semantics_pending
VPSCATTERQD_MEMu32_MASKmskw_XMMu32_AVX512_VL256	VPSCATTERQD	SCATTER	AVX512EVEX	AVX512F_256	64	62 f2 7d 29 a1 04 00	VPSCATTERQD_MEMu32_MASKmskw_XMMu32_AVX512_VL256	7	exact	exact	structural_only	exact	decode_exact	cpu_legality_and_semantics_pending
VPSCATTERQD_MEMu32_MASKmskw_YMMu32_AVX512_VL512	VPSCATTERQD	SCATTER	AVX512EVEX	AVX512F_512	64	62 f2 7d 49 a1 04 00	VPSCATTERQD_MEMu32_MASKmskw_YMMu32_AVX512_VL512	7	exact	exact	structural_only	exact	decode_exact	cpu_legality_and_semantics_pending
VPSCATTERQQ_MEMu64_MASKmskw_XMMu64_AVX512_VL128	VPSCATTERQQ	SCATTER	AVX512EVEX	AVX512F_128	64	62 f2 fd 09 a1 04 00	VPSCATTERQQ_MEMu64_MASKmskw_XMMu64_AVX512_VL128	7	exact	exact	structural_only	exact	decode_exact	cpu_legality_and_semantics_pending
VPSCATTERQQ_MEMu64_MASKmskw_YMMu64_AVX512_VL256	VPSCATTERQQ	SCATTER	AVX512EVEX	AVX512F_256	64	62 f2 fd 29 a1 04 00	VPSCATTERQQ_MEMu64_MASKmskw_YMMu64_AVX512_VL256	7	exact	exact	structural_only	exact	decode_exact	cpu_legality_and_semantics_pending
VPSCATTERQQ_MEMu64_MASKmskw_ZMMu64_AVX512_VL512	VPSCATTERQQ	SCATTER	AVX512EVEX	AVX512F_512	64	62 f2 fd 49 a1 04 00	VPSCATTERQQ_MEMu64_MASKmskw_ZMMu64_AVX512_VL512	7	exact	exact	structural_only	exact	decode_exact	cpu_legality_and_semantics_pending
VRANGEPD_XMMf64_MASKmskw_XMMf64_MEMf64_IMM8_AVX512	VRANGEPD	AVX512	AVX512EVEX	AVX512DQ_128	64	62 f3 fd 09 50 00 00	VRANGEPD_XMMf64_MASKmskw_XMMf64_MEMf64_IMM8_AVX512	7	exact	exact	structural_only	exact	decode_exact	cpu_legality_and_semantics_pending
VRANGEPD_XMMf64_MASKmskw_XMMf64_XMMf64_IMM8_AVX512	VRANGEPD	AVX512	AVX512EVEX	AVX512DQ_128	64	62 f3 fd 09 50 c0 00	VRANGEPD_XMMf64_MASKmskw_XMMf64_XMMf64_IMM8_AVX512	7	exact	exact	structural_only	exact	decode_exact	cpu_legality_and_semantics_pending
VRANGEPD_YMMf64_MASKmskw_YMMf64_MEMf64_IMM8_AVX512	VRANGEPD	AVX512	AVX512EVEX	AVX512DQ_256	64	62 f3 fd 29 50 00 00	VRANGEPD_YMMf64_MASKmskw_YMMf64_MEMf64_IMM8_AVX512	7	exact	exact	structural_only	exact	decode_exact	cpu_legality_and_semantics_pending
VRANGEPD_YMMf64_MASKmskw_YMMf64_YMMf64_IMM8_AVX512	VRANGEPD	AVX512	AVX512EVEX	AVX512DQ_256	64	62 f3 fd 29 50 c0 00	VRANGEPD_YMMf64_MASKmskw_YMMf64_YMMf64_IMM8_AVX512	7	exact	exact	structural_only	exact	decode_exact	cpu_legality_and_semantics_pending
VRANGEPD_ZMMf64_MASKmskw_ZMMf64_MEMf64_IMM8_AVX512	VRANGEPD	AVX512	AVX512EVEX	AVX512DQ_512	64	62 f3 fd 49 50 00 00	VRANGEPD_ZMMf64_MASKmskw_ZMMf64_MEMf64_IMM8_AVX512	7	exact	exact	structural_only	exact	decode_exact	cpu_legality_and_semantics_pending
VRANGEPD_ZMMf64_MASKmskw_ZMMf64_ZMMf64_IMM8_AVX512	VRANGEPD	AVX512	AVX512EVEX	AVX512DQ_512	64	62 f3 fd 59 50 c0 00	VRANGEPD_ZMMf64_MASKmskw_ZMMf64_ZMMf64_IMM8_AVX512	7	exact	exact	structural_only	exact	decode_exact	cpu_legality_and_semantics_pending
VRANGEPS_XMMf32_MASKmskw_XMMf32_MEMf32_IMM8_AVX512	VRANGEPS	AVX512	AVX512EVEX	AVX512DQ_128	64	62 f3 7d 09 50 00 00	VRANGEPS_XMMf32_MASKmskw_XMMf32_MEMf32_IMM8_AVX512	7	exact	exact	structural_only	exact	decode_exact	cpu_legality_and_semantics_pending
VRANGEPS_XMMf32_MASKmskw_XMMf32_XMMf32_IMM8_AVX512	VRANGEPS	AVX512	AVX512EVEX	AVX512DQ_128	64	62 f3 7d 09 50 c0 00	VRANGEPS_XMMf32_MASKmskw_XMMf32_XMMf32_IMM8_AVX512	7	exact	exact	structural_only	exact	decode_exact	cpu_legality_and_semantics_pending
VRANGEPS_YMMf32_MASKmskw_YMMf32_MEMf32_IMM8_AVX512	VRANGEPS	AVX512	AVX512EVEX	AVX512DQ_256	64	62 f3 7d 29 50 00 00	VRANGEPS_YMMf32_MASKmskw_YMMf32_MEMf32_IMM8_AVX512	7	exact	exact	structural_only	exact	decode_exact	cpu_legality_and_semantics_pending
VRANGEPS_YMMf32_MASKmskw_YMMf32_YMMf32_IMM8_AVX512	VRANGEPS	AVX512	AVX512EVEX	AVX512DQ_256	64	62 f3 7d 29 50 c0 00	VRANGEPS_YMMf32_MASKmskw_YMMf32_YMMf32_IMM8_AVX512	7	exact	exact	structural_only	exact	decode_exact	cpu_legality_and_semantics_pending
VRANGEPS_ZMMf32_MASKmskw_ZMMf32_MEMf32_IMM8_AVX512	VRANGEPS	AVX512	AVX512EVEX	AVX512DQ_512	64	62 f3 7d 49 50 00 00	VRANGEPS_ZMMf32_MASKmskw_ZMMf32_MEMf32_IMM8_AVX512	7	exact	exact	structural_only	exact	decode_exact	cpu_legality_and_semantics_pending
VRANGEPS_ZMMf32_MASKmskw_ZMMf32_ZMMf32_IMM8_AVX512	VRANGEPS	AVX512	AVX512EVEX	AVX512DQ_512	64	62 f3 7d 59 50 c0 00	VRANGEPS_ZMMf32_MASKmskw_ZMMf32_ZMMf32_IMM8_AVX512	7	exact	exact	structural_only	exact	decode_exact	cpu_legality_and_semantics_pending
VRANGESD_XMMf64_MASKmskw_XMMf64_MEMf64_IMM8_AVX512	VRANGESD	AVX512	AVX512EVEX	AVX512DQ_SCALAR	64	62 f3 fd 09 51 00 00	VRANGESD_XMMf64_MASKmskw_XMMf64_MEMf64_IMM8_AVX512	7	exact	exact	structural_only	exact	decode_exact	cpu_legality_and_semantics_pending
VRANGESD_XMMf64_MASKmskw_XMMf64_XMMf64_IMM8_AVX512	VRANGESD	AVX512	AVX512EVEX	AVX512DQ_SCALAR	64	62 f3 fd 19 51 c0 00	VRANGESD_XMMf64_MASKmskw_XMMf64_XMMf64_IMM8_AVX512	7	exact	exact	structural_only	exact	decode_exact	cpu_legality_and_semantics_pending
VRANGESS_XMMf32_MASKmskw_XMMf32_MEMf32_IMM8_AVX512	VRANGESS	AVX512	AVX512EVEX	AVX512DQ_SCALAR	64	62 f3 7d 09 51 00 00	VRANGESS_XMMf32_MASKmskw_XMMf32_MEMf32_IMM8_AVX512	7	exact	exact	structural_only	exact	decode_exact	cpu_legality_and_semantics_pending
VRANGESS_XMMf32_MASKmskw_XMMf32_XMMf32_IMM8_AVX512	VRANGESS	AVX512	AVX512EVEX	AVX512DQ_SCALAR	64	62 f3 7d 09 51 c0 00	VRANGESS_XMMf32_MASKmskw_XMMf32_XMMf32_IMM8_AVX512	7	exact	exact	structural_only	exact	decode_exact	cpu_legality_and_semantics_pending
VRCP14PD_XMMf64_MASKmskw_MEMf64_AVX512	VRCP14PD	AVX512	AVX512EVEX	AVX512F_128	64	62 f2 fd 09 4c 00	VRCP14PD_XMMf64_MASKmskw_MEMf64_AVX512	6	exact	exact	structural_only	exact	decode_exact	cpu_legality_and_semantics_pending
VRCP14PD_XMMf64_MASKmskw_XMMf64_AVX512	VRCP14PD	AVX512	AVX512EVEX	AVX512F_128	64	62 f2 fd 09 4c c0	VRCP14PD_XMMf64_MASKmskw_XMMf64_AVX512	6	exact	exact	structural_only	exact	decode_exact	cpu_legality_and_semantics_pending
VRCP14PD_YMMf64_MASKmskw_MEMf64_AVX512	VRCP14PD	AVX512	AVX512EVEX	AVX512F_256	64	62 f2 fd 29 4c 00	VRCP14PD_YMMf64_MASKmskw_MEMf64_AVX512	6	exact	exact	structural_only	exact	decode_exact	cpu_legality_and_semantics_pending
VRCP14PD_YMMf64_MASKmskw_YMMf64_AVX512	VRCP14PD	AVX512	AVX512EVEX	AVX512F_256	64	62 f2 fd 29 4c c0	VRCP14PD_YMMf64_MASKmskw_YMMf64_AVX512	6	exact	exact	structural_only	exact	decode_exact	cpu_legality_and_semantics_pending
VRCP14PD_ZMMf64_MASKmskw_MEMf64_AVX512	VRCP14PD	AVX512	AVX512EVEX	AVX512F_512	64	62 f2 fd 49 4c 00	VRCP14PD_ZMMf64_MASKmskw_MEMf64_AVX512	6	exact	exact	structural_only	exact	decode_exact	cpu_legality_and_semantics_pending
VRCP14PD_ZMMf64_MASKmskw_ZMMf64_AVX512	VRCP14PD	AVX512	AVX512EVEX	AVX512F_512	64	62 f2 fd 49 4c c0	VRCP14PD_ZMMf64_MASKmskw_ZMMf64_AVX512	6	exact	exact	structural_only	exact	decode_exact	cpu_legality_and_semantics_pending
VRCP14PS_XMMf32_MASKmskw_MEMf32_AVX512	VRCP14PS	AVX512	AVX512EVEX	AVX512F_128	64	62 f2 7d 09 4c 00	VRCP14PS_XMMf32_MASKmskw_MEMf32_AVX512	6	exact	exact	structural_only	exact	decode_exact	cpu_legality_and_semantics_pending
VRCP14PS_XMMf32_MASKmskw_XMMf32_AVX512	VRCP14PS	AVX512	AVX512EVEX	AVX512F_128	64	62 f2 7d 09 4c c0	VRCP14PS_XMMf32_MASKmskw_XMMf32_AVX512	6	exact	exact	structural_only	exact	decode_exact	cpu_legality_and_semantics_pending
VRCP14PS_YMMf32_MASKmskw_MEMf32_AVX512	VRCP14PS	AVX512	AVX512EVEX	AVX512F_256	64	62 f2 7d 29 4c 00	VRCP14PS_YMMf32_MASKmskw_MEMf32_AVX512	6	exact	exact	structural_only	exact	decode_exact	cpu_legality_and_semantics_pending
VRCP14PS_YMMf32_MASKmskw_YMMf32_AVX512	VRCP14PS	AVX512	AVX512EVEX	AVX512F_256	64	62 f2 7d 29 4c c0	VRCP14PS_YMMf32_MASKmskw_YMMf32_AVX512	6	exact	exact	structural_only	exact	decode_exact	cpu_legality_and_semantics_pending
VRCP14PS_ZMMf32_MASKmskw_MEMf32_AVX512	VRCP14PS	AVX512	AVX512EVEX	AVX512F_512	64	62 f2 7d 49 4c 00	VRCP14PS_ZMMf32_MASKmskw_MEMf32_AVX512	6	exact	exact	structural_only	exact	decode_exact	cpu_legality_and_semantics_pending
VRCP14PS_ZMMf32_MASKmskw_ZMMf32_AVX512	VRCP14PS	AVX512	AVX512EVEX	AVX512F_512	64	62 f2 7d 49 4c c0	VRCP14PS_ZMMf32_MASKmskw_ZMMf32_AVX512	6	exact	exact	structural_only	exact	decode_exact	cpu_legality_and_semantics_pending
VRCP14SD_XMMf64_MASKmskw_XMMf64_MEMf64_AVX512	VRCP14SD	AVX512	AVX512EVEX	AVX512F_SCALAR	64	62 f2 fd 09 4d 00	VRCP14SD_XMMf64_MASKmskw_XMMf64_MEMf64_AVX512	6	exact	exact	structural_only	exact	decode_exact	cpu_legality_and_semantics_pending
VRCP14SD_XMMf64_MASKmskw_XMMf64_XMMf64_AVX512	VRCP14SD	AVX512	AVX512EVEX	AVX512F_SCALAR	64	62 f2 fd 09 4d c0	VRCP14SD_XMMf64_MASKmskw_XMMf64_XMMf64_AVX512	6	exact	exact	structural_only	exact	decode_exact	cpu_legality_and_semantics_pending
VRCP14SS_XMMf32_MASKmskw_XMMf32_MEMf32_AVX512	VRCP14SS	AVX512	AVX512EVEX	AVX512F_SCALAR	64	62 f2 7d 09 4d 00	VRCP14SS_XMMf32_MASKmskw_XMMf32_MEMf32_AVX512	6	exact	exact	structural_only	exact	decode_exact	cpu_legality_and_semantics_pending
VRCP14SS_XMMf32_MASKmskw_XMMf32_XMMf32_AVX512	VRCP14SS	AVX512	AVX512EVEX	AVX512F_SCALAR	64	62 f2 7d 09 4d c0	VRCP14SS_XMMf32_MASKmskw_XMMf32_XMMf32_AVX512	6	exact	exact	structural_only	exact	decode_exact	cpu_legality_and_semantics_pending
VRCP28PD_ZMMf64_MASKmskw_MEMf64_AVX512ER	VRCP28PD	AVX512	AVX512EVEX	AVX512ER_512	64	62 f2 fd 49 ca 00	VRCP28PD_ZMMf64_MASKmskw_MEMf64_AVX512ER	6	exact	exact	structural_only	exact	decode_exact	cpu_legality_and_semantics_pending
VRCP28PD_ZMMf64_MASKmskw_ZMMf64_AVX512ER	VRCP28PD	AVX512	AVX512EVEX	AVX512ER_512	64	62 f2 fd 49 ca c0	VRCP28PD_ZMMf64_MASKmskw_ZMMf64_AVX512ER	6	exact	exact	structural_only	exact	decode_exact	cpu_legality_and_semantics_pending
VRCP28PS_ZMMf32_MASKmskw_MEMf32_AVX512ER	VRCP28PS	AVX512	AVX512EVEX	AVX512ER_512	64	62 f2 7d 49 ca 00	VRCP28PS_ZMMf32_MASKmskw_MEMf32_AVX512ER	6	exact	exact	structural_only	exact	decode_exact	cpu_legality_and_semantics_pending
VRCP28PS_ZMMf32_MASKmskw_ZMMf32_AVX512ER	VRCP28PS	AVX512	AVX512EVEX	AVX512ER_512	64	62 f2 7d 49 ca c0	VRCP28PS_ZMMf32_MASKmskw_ZMMf32_AVX512ER	6	exact	exact	structural_only	exact	decode_exact	cpu_legality_and_semantics_pending
VRCP28SD_XMMf64_MASKmskw_XMMf64_MEMf64_AVX512ER	VRCP28SD	AVX512	AVX512EVEX	AVX512ER_SCALAR	64	62 f2 fd 09 cb 00	VRCP28SD_XMMf64_MASKmskw_XMMf64_MEMf64_AVX512ER	6	exact	exact	structural_only	exact	decode_exact	cpu_legality_and_semantics_pending
VRCP28SD_XMMf64_MASKmskw_XMMf64_XMMf64_AVX512ER	VRCP28SD	AVX512	AVX512EVEX	AVX512ER_SCALAR	64	62 f2 fd 19 cb c0	VRCP28SD_XMMf64_MASKmskw_XMMf64_XMMf64_AVX512ER	6	exact	exact	structural_only	exact	decode_exact	cpu_legality_and_semantics_pending
VRCP28SS_XMMf32_MASKmskw_XMMf32_MEMf32_AVX512ER	VRCP28SS	AVX512	AVX512EVEX	AVX512ER_SCALAR	64	62 f2 7d 09 cb 00	VRCP28SS_XMMf32_MASKmskw_XMMf32_MEMf32_AVX512ER	6	exact	exact	structural_only	exact	decode_exact	cpu_legality_and_semantics_pending
VRCP28SS_XMMf32_MASKmskw_XMMf32_XMMf32_AVX512ER	VRCP28SS	AVX512	AVX512EVEX	AVX512ER_SCALAR	64	62 f2 7d 09 cb c0	VRCP28SS_XMMf32_MASKmskw_XMMf32_XMMf32_AVX512ER	6	exact	exact	structural_only	exact	decode_exact	cpu_legality_and_semantics_pending
VRCPBF16_XMMbf16_MASKmskw_MEMbf16_AVX512	VRCPBF16	AVX512	AVX512EVEX	AVX10_2_BF16_128	64	62 f6 7c 09 4c 00	VRCPBF16_XMMbf16_MASKmskw_MEMbf16_AVX512	6	exact	exact	structural_only	exact	decode_exact	cpu_legality_and_semantics_pending
VRCPBF16_XMMbf16_MASKmskw_XMMbf16_AVX512	VRCPBF16	AVX512	AVX512EVEX	AVX10_2_BF16_128	64	62 f6 7c 09 4c c0	VRCPBF16_XMMbf16_MASKmskw_XMMbf16_AVX512	6	exact	exact	structural_only	exact	decode_exact	cpu_legality_and_semantics_pending
VRCPBF16_YMMbf16_MASKmskw_MEMbf16_AVX512	VRCPBF16	AVX512	AVX512EVEX	AVX10_2_BF16_256	64	62 f6 7c 29 4c 00	VRCPBF16_YMMbf16_MASKmskw_MEMbf16_AVX512	6	exact	exact	structural_only	exact	decode_exact	cpu_legality_and_semantics_pending
VRCPBF16_YMMbf16_MASKmskw_YMMbf16_AVX512	VRCPBF16	AVX512	AVX512EVEX	AVX10_2_BF16_256	64	62 f6 7c 29 4c c0	VRCPBF16_YMMbf16_MASKmskw_YMMbf16_AVX512	6	exact	exact	structural_only	exact	decode_exact	cpu_legality_and_semantics_pending
VRCPBF16_ZMMbf16_MASKmskw_MEMbf16_AVX512	VRCPBF16	AVX512	AVX512EVEX	AVX10_2_BF16_512	64	62 f6 7c 49 4c 00	VRCPBF16_ZMMbf16_MASKmskw_MEMbf16_AVX512	6	exact	exact	structural_only	exact	decode_exact	cpu_legality_and_semantics_pending
VRCPBF16_ZMMbf16_MASKmskw_ZMMbf16_AVX512	VRCPBF16	AVX512	AVX512EVEX	AVX10_2_BF16_512	64	62 f6 7c 49 4c c0	VRCPBF16_ZMMbf16_MASKmskw_ZMMbf16_AVX512	6	exact	exact	structural_only	exact	decode_exact	cpu_legality_and_semantics_pending
VRCPPH_XMMf16_MASKmskw_MEMf16_AVX512	VRCPPH	FP16	AVX512EVEX	AVX512_FP16_128	64	62 f6 7d 09 4c 00	VRCPPH_XMMf16_MASKmskw_MEMf16_AVX512	6	exact	exact	structural_only	exact	decode_exact	cpu_legality_and_semantics_pending
VRCPPH_XMMf16_MASKmskw_XMMf16_AVX512	VRCPPH	FP16	AVX512EVEX	AVX512_FP16_128	64	62 f6 7d 09 4c c0	VRCPPH_XMMf16_MASKmskw_XMMf16_AVX512	6	exact	exact	structural_only	exact	decode_exact	cpu_legality_and_semantics_pending
VRCPPH_YMMf16_MASKmskw_MEMf16_AVX512	VRCPPH	FP16	AVX512EVEX	AVX512_FP16_256	64	62 f6 7d 29 4c 00	VRCPPH_YMMf16_MASKmskw_MEMf16_AVX512	6	exact	exact	structural_only	exact	decode_exact	cpu_legality_and_semantics_pending
VRCPPH_YMMf16_MASKmskw_YMMf16_AVX512	VRCPPH	FP16	AVX512EVEX	AVX512_FP16_256	64	62 f6 7d 29 4c c0	VRCPPH_YMMf16_MASKmskw_YMMf16_AVX512	6	exact	exact	structural_only	exact	decode_exact	cpu_legality_and_semantics_pending
VRCPPH_ZMMf16_MASKmskw_MEMf16_AVX512	VRCPPH	FP16	AVX512EVEX	AVX512_FP16_512	64	62 f6 7d 49 4c 00	VRCPPH_ZMMf16_MASKmskw_MEMf16_AVX512	6	exact	exact	structural_only	exact	decode_exact	cpu_legality_and_semantics_pending
VRCPPH_ZMMf16_MASKmskw_ZMMf16_AVX512	VRCPPH	FP16	AVX512EVEX	AVX512_FP16_512	64	62 f6 7d 49 4c c0	VRCPPH_ZMMf16_MASKmskw_ZMMf16_AVX512	6	exact	exact	structural_only	exact	decode_exact	cpu_legality_and_semantics_pending
VRCPSH_XMMf16_MASKmskw_XMMf16_MEMf16_AVX512	VRCPSH	FP16	AVX512EVEX	AVX512_FP16_SCALAR	64	62 f6 7d 09 4d 00	VRCPSH_XMMf16_MASKmskw_XMMf16_MEMf16_AVX512	6	exact	exact	structural_only	exact	decode_exact	cpu_legality_and_semantics_pending
VRCPSH_XMMf16_MASKmskw_XMMf16_XMMf16_AVX512	VRCPSH	FP16	AVX512EVEX	AVX512_FP16_SCALAR	64	62 f6 7d 09 4d c0	VRCPSH_XMMf16_MASKmskw_XMMf16_XMMf16_AVX512	6	exact	exact	structural_only	exact	decode_exact	cpu_legality_and_semantics_pending
VREDUCEBF16_XMMbf16_MASKmskw_MEMbf16_IMM8_AVX512	VREDUCEBF16	AVX512	AVX512EVEX	AVX10_2_BF16_128	64	62 f3 7f 09 56 00 00	VREDUCEBF16_XMMbf16_MASKmskw_MEMbf16_IMM8_AVX512	7	exact	exact	structural_only	exact	decode_exact	cpu_legality_and_semantics_pending
VREDUCEBF16_XMMbf16_MASKmskw_XMMbf16_IMM8_AVX512	VREDUCEBF16	AVX512	AVX512EVEX	AVX10_2_BF16_128	64	62 f3 7f 09 56 c0 00	VREDUCEBF16_XMMbf16_MASKmskw_XMMbf16_IMM8_AVX512	7	exact	exact	structural_only	exact	decode_exact	cpu_legality_and_semantics_pending
VREDUCEBF16_YMMbf16_MASKmskw_MEMbf16_IMM8_AVX512	VREDUCEBF16	AVX512	AVX512EVEX	AVX10_2_BF16_256	64	62 f3 7f 29 56 00 00	VREDUCEBF16_YMMbf16_MASKmskw_MEMbf16_IMM8_AVX512	7	exact	exact	structural_only	exact	decode_exact	cpu_legality_and_semantics_pending
VREDUCEBF16_YMMbf16_MASKmskw_YMMbf16_IMM8_AVX512	VREDUCEBF16	AVX512	AVX512EVEX	AVX10_2_BF16_256	64	62 f3 7f 29 56 c0 00	VREDUCEBF16_YMMbf16_MASKmskw_YMMbf16_IMM8_AVX512	7	exact	exact	structural_only	exact	decode_exact	cpu_legality_and_semantics_pending
VREDUCEBF16_ZMMbf16_MASKmskw_MEMbf16_IMM8_AVX512	VREDUCEBF16	AVX512	AVX512EVEX	AVX10_2_BF16_512	64	62 f3 7f 49 56 00 00	VREDUCEBF16_ZMMbf16_MASKmskw_MEMbf16_IMM8_AVX512	7	exact	exact	structural_only	exact	decode_exact	cpu_legality_and_semantics_pending
VREDUCEBF16_ZMMbf16_MASKmskw_ZMMbf16_IMM8_AVX512	VREDUCEBF16	AVX512	AVX512EVEX	AVX10_2_BF16_512	64	62 f3 7f 49 56 c0 00	VREDUCEBF16_ZMMbf16_MASKmskw_ZMMbf16_IMM8_AVX512	7	exact	exact	structural_only	exact	decode_exact	cpu_legality_and_semantics_pending
VREDUCEPD_XMMf64_MASKmskw_MEMf64_IMM8_AVX512	VREDUCEPD	AVX512	AVX512EVEX	AVX512DQ_128	64	62 f3 fd 09 56 00 00	VREDUCEPD_XMMf64_MASKmskw_MEMf64_IMM8_AVX512	7	exact	exact	structural_only	exact	decode_exact	cpu_legality_and_semantics_pending
VREDUCEPD_XMMf64_MASKmskw_XMMf64_IMM8_AVX512	VREDUCEPD	AVX512	AVX512EVEX	AVX512DQ_128	64	62 f3 fd 09 56 c0 00	VREDUCEPD_XMMf64_MASKmskw_XMMf64_IMM8_AVX512	7	exact	exact	structural_only	exact	decode_exact	cpu_legality_and_semantics_pending
VREDUCEPD_YMMf64_MASKmskw_MEMf64_IMM8_AVX512	VREDUCEPD	AVX512	AVX512EVEX	AVX512DQ_256	64	62 f3 fd 29 56 00 00	VREDUCEPD_YMMf64_MASKmskw_MEMf64_IMM8_AVX512	7	exact	exact	structural_only	exact	decode_exact	cpu_legality_and_semantics_pending
VREDUCEPD_YMMf64_MASKmskw_YMMf64_IMM8_AVX512	VREDUCEPD	AVX512	AVX512EVEX	AVX512DQ_256	64	62 f3 fd 29 56 c0 00	VREDUCEPD_YMMf64_MASKmskw_YMMf64_IMM8_AVX512	7	exact	exact	structural_only	exact	decode_exact	cpu_legality_and_semantics_pending
VREDUCEPD_ZMMf64_MASKmskw_MEMf64_IMM8_AVX512	VREDUCEPD	AVX512	AVX512EVEX	AVX512DQ_512	64	62 f3 fd 49 56 00 00	VREDUCEPD_ZMMf64_MASKmskw_MEMf64_IMM8_AVX512	7	exact	exact	structural_only	exact	decode_exact	cpu_legality_and_semantics_pending
VREDUCEPD_ZMMf64_MASKmskw_ZMMf64_IMM8_AVX512	VREDUCEPD	AVX512	AVX512EVEX	AVX512DQ_512	64	62 f3 fd 49 56 c0 00	VREDUCEPD_ZMMf64_MASKmskw_ZMMf64_IMM8_AVX512	7	exact	exact	structural_only	exact	decode_exact	cpu_legality_and_semantics_pending
VREDUCEPH_XMMf16_MASKmskw_MEMf16_IMM8_AVX512	VREDUCEPH	FP16	AVX512EVEX	AVX512_FP16_128	64	62 f3 7c 09 56 00 00	VREDUCEPH_XMMf16_MASKmskw_MEMf16_IMM8_AVX512	7	exact	exact	structural_only	exact	decode_exact	cpu_legality_and_semantics_pending
VREDUCEPH_XMMf16_MASKmskw_XMMf16_IMM8_AVX512	VREDUCEPH	FP16	AVX512EVEX	AVX512_FP16_128	64	62 f3 7c 09 56 c0 00	VREDUCEPH_XMMf16_MASKmskw_XMMf16_IMM8_AVX512	7	exact	exact	structural_only	exact	decode_exact	cpu_legality_and_semantics_pending
VREDUCEPH_YMMf16_MASKmskw_MEMf16_IMM8_AVX512	VREDUCEPH	FP16	AVX512EVEX	AVX512_FP16_256	64	62 f3 7c 29 56 00 00	VREDUCEPH_YMMf16_MASKmskw_MEMf16_IMM8_AVX512	7	exact	exact	structural_only	exact	decode_exact	cpu_legality_and_semantics_pending
VREDUCEPH_YMMf16_MASKmskw_YMMf16_IMM8_AVX512	VREDUCEPH	FP16	AVX512EVEX	AVX512_FP16_256	64	62 f3 7c 29 56 c0 00	VREDUCEPH_YMMf16_MASKmskw_YMMf16_IMM8_AVX512	7	exact	exact	structural_only	exact	decode_exact	cpu_legality_and_semantics_pending
VREDUCEPH_ZMMf16_MASKmskw_MEMf16_IMM8_AVX512	VREDUCEPH	FP16	AVX512EVEX	AVX512_FP16_512	64	62 f3 7c 49 56 00 00	VREDUCEPH_ZMMf16_MASKmskw_MEMf16_IMM8_AVX512	7	exact	exact	structural_only	exact	decode_exact	cpu_legality_and_semantics_pending
VREDUCEPH_ZMMf16_MASKmskw_ZMMf16_IMM8_AVX512	VREDUCEPH	FP16	AVX512EVEX	AVX512_FP16_512	64	62 f3 7c 59 56 c0 00	VREDUCEPH_ZMMf16_MASKmskw_ZMMf16_IMM8_AVX512	7	exact	exact	structural_only	exact	decode_exact	cpu_legality_and_semantics_pending
VREDUCEPS_XMMf32_MASKmskw_MEMf32_IMM8_AVX512	VREDUCEPS	AVX512	AVX512EVEX	AVX512DQ_128	64	62 f3 7d 09 56 00 00	VREDUCEPS_XMMf32_MASKmskw_MEMf32_IMM8_AVX512	7	exact	exact	structural_only	exact	decode_exact	cpu_legality_and_semantics_pending
VREDUCEPS_XMMf32_MASKmskw_XMMf32_IMM8_AVX512	VREDUCEPS	AVX512	AVX512EVEX	AVX512DQ_128	64	62 f3 7d 09 56 c0 00	VREDUCEPS_XMMf32_MASKmskw_XMMf32_IMM8_AVX512	7	exact	exact	structural_only	exact	decode_exact	cpu_legality_and_semantics_pending
VREDUCEPS_YMMf32_MASKmskw_MEMf32_IMM8_AVX512	VREDUCEPS	AVX512	AVX512EVEX	AVX512DQ_256	64	62 f3 7d 29 56 00 00	VREDUCEPS_YMMf32_MASKmskw_MEMf32_IMM8_AVX512	7	exact	exact	structural_only	exact	decode_exact	cpu_legality_and_semantics_pending
VREDUCEPS_YMMf32_MASKmskw_YMMf32_IMM8_AVX512	VREDUCEPS	AVX512	AVX512EVEX	AVX512DQ_256	64	62 f3 7d 29 56 c0 00	VREDUCEPS_YMMf32_MASKmskw_YMMf32_IMM8_AVX512	7	exact	exact	structural_only	exact	decode_exact	cpu_legality_and_semantics_pending
VREDUCEPS_ZMMf32_MASKmskw_MEMf32_IMM8_AVX512	VREDUCEPS	AVX512	AVX512EVEX	AVX512DQ_512	64	62 f3 7d 49 56 00 00	VREDUCEPS_ZMMf32_MASKmskw_MEMf32_IMM8_AVX512	7	exact	exact	structural_only	exact	decode_exact	cpu_legality_and_semantics_pending
VREDUCEPS_ZMMf32_MASKmskw_ZMMf32_IMM8_AVX512	VREDUCEPS	AVX512	AVX512EVEX	AVX512DQ_512	64	62 f3 7d 49 56 c0 00	VREDUCEPS_ZMMf32_MASKmskw_ZMMf32_IMM8_AVX512	7	exact	exact	structural_only	exact	decode_exact	cpu_legality_and_semantics_pending
VREDUCESD_XMMf64_MASKmskw_XMMf64_MEMf64_IMM8_AVX512	VREDUCESD	AVX512	AVX512EVEX	AVX512DQ_SCALAR	64	62 f3 fd 09 57 00 00	VREDUCESD_XMMf64_MASKmskw_XMMf64_MEMf64_IMM8_AVX512	7	exact	exact	structural_only	exact	decode_exact	cpu_legality_and_semantics_pending
VREDUCESD_XMMf64_MASKmskw_XMMf64_XMMf64_IMM8_AVX512	VREDUCESD	AVX512	AVX512EVEX	AVX512DQ_SCALAR	64	62 f3 fd 19 57 c0 00	VREDUCESD_XMMf64_MASKmskw_XMMf64_XMMf64_IMM8_AVX512	7	exact	exact	structural_only	exact	decode_exact	cpu_legality_and_semantics_pending
VREDUCESH_XMMf16_MASKmskw_XMMf16_MEMf16_IMM8_AVX512	VREDUCESH	FP16	AVX512EVEX	AVX512_FP16_SCALAR	64	62 f3 7c 09 57 00 00	VREDUCESH_XMMf16_MASKmskw_XMMf16_MEMf16_IMM8_AVX512	7	exact	exact	structural_only	exact	decode_exact	cpu_legality_and_semantics_pending
VREDUCESH_XMMf16_MASKmskw_XMMf16_XMMf16_IMM8_AVX512	VREDUCESH	FP16	AVX512EVEX	AVX512_FP16_SCALAR	64	62 f3 7c 19 57 c0 00	VREDUCESH_XMMf16_MASKmskw_XMMf16_XMMf16_IMM8_AVX512	7	exact	exact	structural_only	exact	decode_exact	cpu_legality_and_semantics_pending
VREDUCESS_XMMf32_MASKmskw_XMMf32_MEMf32_IMM8_AVX512	VREDUCESS	AVX512	AVX512EVEX	AVX512DQ_SCALAR	64	62 f3 7d 09 57 00 00	VREDUCESS_XMMf32_MASKmskw_XMMf32_MEMf32_IMM8_AVX512	7	exact	exact	structural_only	exact	decode_exact	cpu_legality_and_semantics_pending
VREDUCESS_XMMf32_MASKmskw_XMMf32_XMMf32_IMM8_AVX512	VREDUCESS	AVX512	AVX512EVEX	AVX512DQ_SCALAR	64	62 f3 7d 09 57 c0 00	VREDUCESS_XMMf32_MASKmskw_XMMf32_XMMf32_IMM8_AVX512	7	exact	exact	structural_only	exact	decode_exact	cpu_legality_and_semantics_pending
VRNDSCALEBF16_XMMbf16_MASKmskw_MEMbf16_IMM8_AVX512	VRNDSCALEBF16	AVX512	AVX512EVEX	AVX10_2_BF16_128	64	62 f3 7f 09 08 00 00	VRNDSCALEBF16_XMMbf16_MASKmskw_MEMbf16_IMM8_AVX512	7	exact	exact	structural_only	exact	decode_exact	cpu_legality_and_semantics_pending
VRNDSCALEBF16_XMMbf16_MASKmskw_XMMbf16_IMM8_AVX512	VRNDSCALEBF16	AVX512	AVX512EVEX	AVX10_2_BF16_128	64	62 f3 7f 09 08 c0 00	VRNDSCALEBF16_XMMbf16_MASKmskw_XMMbf16_IMM8_AVX512	7	exact	exact	structural_only	exact	decode_exact	cpu_legality_and_semantics_pending
VRNDSCALEBF16_YMMbf16_MASKmskw_MEMbf16_IMM8_AVX512	VRNDSCALEBF16	AVX512	AVX512EVEX	AVX10_2_BF16_256	64	62 f3 7f 29 08 00 00	VRNDSCALEBF16_YMMbf16_MASKmskw_MEMbf16_IMM8_AVX512	7	exact	exact	structural_only	exact	decode_exact	cpu_legality_and_semantics_pending
VRNDSCALEBF16_YMMbf16_MASKmskw_YMMbf16_IMM8_AVX512	VRNDSCALEBF16	AVX512	AVX512EVEX	AVX10_2_BF16_256	64	62 f3 7f 29 08 c0 00	VRNDSCALEBF16_YMMbf16_MASKmskw_YMMbf16_IMM8_AVX512	7	exact	exact	structural_only	exact	decode_exact	cpu_legality_and_semantics_pending
VRNDSCALEBF16_ZMMbf16_MASKmskw_MEMbf16_IMM8_AVX512	VRNDSCALEBF16	AVX512	AVX512EVEX	AVX10_2_BF16_512	64	62 f3 7f 49 08 00 00	VRNDSCALEBF16_ZMMbf16_MASKmskw_MEMbf16_IMM8_AVX512	7	exact	exact	structural_only	exact	decode_exact	cpu_legality_and_semantics_pending
VRNDSCALEBF16_ZMMbf16_MASKmskw_ZMMbf16_IMM8_AVX512	VRNDSCALEBF16	AVX512	AVX512EVEX	AVX10_2_BF16_512	64	62 f3 7f 49 08 c0 00	VRNDSCALEBF16_ZMMbf16_MASKmskw_ZMMbf16_IMM8_AVX512	7	exact	exact	structural_only	exact	decode_exact	cpu_legality_and_semantics_pending
VRNDSCALEPD_XMMf64_MASKmskw_MEMf64_IMM8_AVX512	VRNDSCALEPD	AVX512	AVX512EVEX	AVX512F_128	64	62 f3 fd 09 09 00 00	VRNDSCALEPD_XMMf64_MASKmskw_MEMf64_IMM8_AVX512	7	exact	exact	structural_only	exact	decode_exact	cpu_legality_and_semantics_pending
VRNDSCALEPD_XMMf64_MASKmskw_XMMf64_IMM8_AVX512	VRNDSCALEPD	AVX512	AVX512EVEX	AVX512F_128	64	62 f3 fd 09 09 c0 00	VRNDSCALEPD_XMMf64_MASKmskw_XMMf64_IMM8_AVX512	7	exact	exact	structural_only	exact	decode_exact	cpu_legality_and_semantics_pending
VRNDSCALEPD_YMMf64_MASKmskw_MEMf64_IMM8_AVX512	VRNDSCALEPD	AVX512	AVX512EVEX	AVX512F_256	64	62 f3 fd 29 09 00 00	VRNDSCALEPD_YMMf64_MASKmskw_MEMf64_IMM8_AVX512	7	exact	exact	structural_only	exact	decode_exact	cpu_legality_and_semantics_pending
VRNDSCALEPD_YMMf64_MASKmskw_YMMf64_IMM8_AVX512	VRNDSCALEPD	AVX512	AVX512EVEX	AVX512F_256	64	62 f3 fd 29 09 c0 00	VRNDSCALEPD_YMMf64_MASKmskw_YMMf64_IMM8_AVX512	7	exact	exact	structural_only	exact	decode_exact	cpu_legality_and_semantics_pending
VRNDSCALEPD_ZMMf64_MASKmskw_MEMf64_IMM8_AVX512	VRNDSCALEPD	AVX512	AVX512EVEX	AVX512F_512	64	62 f3 fd 49 09 00 00	VRNDSCALEPD_ZMMf64_MASKmskw_MEMf64_IMM8_AVX512	7	exact	exact	structural_only	exact	decode_exact	cpu_legality_and_semantics_pending
VRNDSCALEPH_XMMf16_MASKmskw_MEMf16_IMM8_AVX512	VRNDSCALEPH	FP16	AVX512EVEX	AVX512_FP16_128	64	62 f3 7c 09 08 00 00	VRNDSCALEPH_XMMf16_MASKmskw_MEMf16_IMM8_AVX512	7	exact	exact	structural_only	exact	decode_exact	cpu_legality_and_semantics_pending
VRNDSCALEPH_XMMf16_MASKmskw_XMMf16_IMM8_AVX512	VRNDSCALEPH	FP16	AVX512EVEX	AVX512_FP16_128	64	62 f3 7c 09 08 c0 00	VRNDSCALEPH_XMMf16_MASKmskw_XMMf16_IMM8_AVX512	7	exact	exact	structural_only	exact	decode_exact	cpu_legality_and_semantics_pending
VRNDSCALEPH_YMMf16_MASKmskw_MEMf16_IMM8_AVX512	VRNDSCALEPH	FP16	AVX512EVEX	AVX512_FP16_256	64	62 f3 7c 29 08 00 00	VRNDSCALEPH_YMMf16_MASKmskw_MEMf16_IMM8_AVX512	7	exact	exact	structural_only	exact	decode_exact	cpu_legality_and_semantics_pending
VRNDSCALEPH_YMMf16_MASKmskw_YMMf16_IMM8_AVX512	VRNDSCALEPH	FP16	AVX512EVEX	AVX512_FP16_256	64	62 f3 7c 29 08 c0 00	VRNDSCALEPH_YMMf16_MASKmskw_YMMf16_IMM8_AVX512	7	exact	exact	structural_only	exact	decode_exact	cpu_legality_and_semantics_pending
VRNDSCALEPH_ZMMf16_MASKmskw_MEMf16_IMM8_AVX512	VRNDSCALEPH	FP16	AVX512EVEX	AVX512_FP16_512	64	62 f3 7c 49 08 00 00	VRNDSCALEPH_ZMMf16_MASKmskw_MEMf16_IMM8_AVX512	7	exact	exact	structural_only	exact	decode_exact	cpu_legality_and_semantics_pending
VRNDSCALEPH_ZMMf16_MASKmskw_ZMMf16_IMM8_AVX512	VRNDSCALEPH	FP16	AVX512EVEX	AVX512_FP16_512	64	62 f3 7c 49 08 c0 00	VRNDSCALEPH_ZMMf16_MASKmskw_ZMMf16_IMM8_AVX512	7	exact	exact	structural_only	exact	decode_exact	cpu_legality_and_semantics_pending
VRNDSCALEPS_XMMf32_MASKmskw_MEMf32_IMM8_AVX512	VRNDSCALEPS	AVX512	AVX512EVEX	AVX512F_128	64	62 f3 7d 09 08 00 00	VRNDSCALEPS_XMMf32_MASKmskw_MEMf32_IMM8_AVX512	7	exact	exact	structural_only	exact	decode_exact	cpu_legality_and_semantics_pending
VRNDSCALEPS_XMMf32_MASKmskw_XMMf32_IMM8_AVX512	VRNDSCALEPS	AVX512	AVX512EVEX	AVX512F_128	64	62 f3 7d 09 08 c0 00	VRNDSCALEPS_XMMf32_MASKmskw_XMMf32_IMM8_AVX512	7	exact	exact	structural_only	exact	decode_exact	cpu_legality_and_semantics_pending
VRNDSCALEPS_YMMf32_MASKmskw_MEMf32_IMM8_AVX512	VRNDSCALEPS	AVX512	AVX512EVEX	AVX512F_256	64	62 f3 7d 29 08 00 00	VRNDSCALEPS_YMMf32_MASKmskw_MEMf32_IMM8_AVX512	7	exact	exact	structural_only	exact	decode_exact	cpu_legality_and_semantics_pending
VRNDSCALEPS_YMMf32_MASKmskw_YMMf32_IMM8_AVX512	VRNDSCALEPS	AVX512	AVX512EVEX	AVX512F_256	64	62 f3 7d 29 08 c0 00	VRNDSCALEPS_YMMf32_MASKmskw_YMMf32_IMM8_AVX512	7	exact	exact	structural_only	exact	decode_exact	cpu_legality_and_semantics_pending
VRNDSCALEPS_ZMMf32_MASKmskw_MEMf32_IMM8_AVX512	VRNDSCALEPS	AVX512	AVX512EVEX	AVX512F_512	64	62 f3 7d 49 08 00 00	VRNDSCALEPS_ZMMf32_MASKmskw_MEMf32_IMM8_AVX512	7	exact	exact	structural_only	exact	decode_exact	cpu_legality_and_semantics_pending
VRNDSCALEPS_ZMMf32_MASKmskw_ZMMf32_IMM8_AVX512	VRNDSCALEPS	AVX512	AVX512EVEX	AVX512F_512	64	62 f3 7d 59 08 c0 00	VRNDSCALEPS_ZMMf32_MASKmskw_ZMMf32_IMM8_AVX512	7	exact	exact	structural_only	exact	decode_exact	cpu_legality_and_semantics_pending
VRNDSCALESD_XMMf64_MASKmskw_XMMf64_MEMf64_IMM8_AVX512	VRNDSCALESD	AVX512	AVX512EVEX	AVX512F_SCALAR	64	62 f3 fd 09 0b 00 00	VRNDSCALESD_XMMf64_MASKmskw_XMMf64_MEMf64_IMM8_AVX512	7	exact	exact	structural_only	exact	decode_exact	cpu_legality_and_semantics_pending
VRNDSCALESD_XMMf64_MASKmskw_XMMf64_XMMf64_IMM8_AVX512	VRNDSCALESD	AVX512	AVX512EVEX	AVX512F_SCALAR	64	62 f3 fd 19 0b c0 00	VRNDSCALESD_XMMf64_MASKmskw_XMMf64_XMMf64_IMM8_AVX512	7	exact	exact	structural_only	exact	decode_exact	cpu_legality_and_semantics_pending
VRNDSCALESH_XMMf16_MASKmskw_XMMf16_MEMf16_IMM8_AVX512	VRNDSCALESH	FP16	AVX512EVEX	AVX512_FP16_SCALAR	64	62 f3 7c 09 0a 00 00	VRNDSCALESH_XMMf16_MASKmskw_XMMf16_MEMf16_IMM8_AVX512	7	exact	exact	structural_only	exact	decode_exact	cpu_legality_and_semantics_pending
VRNDSCALESH_XMMf16_MASKmskw_XMMf16_XMMf16_IMM8_AVX512	VRNDSCALESH	FP16	AVX512EVEX	AVX512_FP16_SCALAR	64	62 f3 7c 19 0a c0 00	VRNDSCALESH_XMMf16_MASKmskw_XMMf16_XMMf16_IMM8_AVX512	7	exact	exact	structural_only	exact	decode_exact	cpu_legality_and_semantics_pending
VRNDSCALESS_XMMf32_MASKmskw_XMMf32_MEMf32_IMM8_AVX512	VRNDSCALESS	AVX512	AVX512EVEX	AVX512F_SCALAR	64	62 f3 7d 09 0a 00 00	VRNDSCALESS_XMMf32_MASKmskw_XMMf32_MEMf32_IMM8_AVX512	7	exact	exact	structural_only	exact	decode_exact	cpu_legality_and_semantics_pending
VRNDSCALESS_XMMf32_MASKmskw_XMMf32_XMMf32_IMM8_AVX512	VRNDSCALESS	AVX512	AVX512EVEX	AVX512F_SCALAR	64	62 f3 7d 19 0a c0 00	VRNDSCALESS_XMMf32_MASKmskw_XMMf32_XMMf32_IMM8_AVX512	7	exact	exact	structural_only	exact	decode_exact	cpu_legality_and_semantics_pending
VRSQRT14PD_XMMf64_MASKmskw_MEMf64_AVX512	VRSQRT14PD	AVX512	AVX512EVEX	AVX512F_128	64	62 f2 fd 09 4e 00	VRSQRT14PD_XMMf64_MASKmskw_MEMf64_AVX512	6	exact	exact	structural_only	exact	decode_exact	cpu_legality_and_semantics_pending
VRSQRT14PD_XMMf64_MASKmskw_XMMf64_AVX512	VRSQRT14PD	AVX512	AVX512EVEX	AVX512F_128	64	62 f2 fd 09 4e c0	VRSQRT14PD_XMMf64_MASKmskw_XMMf64_AVX512	6	exact	exact	structural_only	exact	decode_exact	cpu_legality_and_semantics_pending
VRSQRT14PD_YMMf64_MASKmskw_MEMf64_AVX512	VRSQRT14PD	AVX512	AVX512EVEX	AVX512F_256	64	62 f2 fd 29 4e 00	VRSQRT14PD_YMMf64_MASKmskw_MEMf64_AVX512	6	exact	exact	structural_only	exact	decode_exact	cpu_legality_and_semantics_pending
VRSQRT14PD_YMMf64_MASKmskw_YMMf64_AVX512	VRSQRT14PD	AVX512	AVX512EVEX	AVX512F_256	64	62 f2 fd 29 4e c0	VRSQRT14PD_YMMf64_MASKmskw_YMMf64_AVX512	6	exact	exact	structural_only	exact	decode_exact	cpu_legality_and_semantics_pending
VRSQRT14PD_ZMMf64_MASKmskw_MEMf64_AVX512	VRSQRT14PD	AVX512	AVX512EVEX	AVX512F_512	64	62 f2 fd 49 4e 00	VRSQRT14PD_ZMMf64_MASKmskw_MEMf64_AVX512	6	exact	exact	structural_only	exact	decode_exact	cpu_legality_and_semantics_pending
VRSQRT14PD_ZMMf64_MASKmskw_ZMMf64_AVX512	VRSQRT14PD	AVX512	AVX512EVEX	AVX512F_512	64	62 f2 fd 49 4e c0	VRSQRT14PD_ZMMf64_MASKmskw_ZMMf64_AVX512	6	exact	exact	structural_only	exact	decode_exact	cpu_legality_and_semantics_pending
VRSQRT14PS_XMMf32_MASKmskw_MEMf32_AVX512	VRSQRT14PS	AVX512	AVX512EVEX	AVX512F_128	64	62 f2 7d 09 4e 00	VRSQRT14PS_XMMf32_MASKmskw_MEMf32_AVX512	6	exact	exact	structural_only	exact	decode_exact	cpu_legality_and_semantics_pending
VRSQRT14PS_XMMf32_MASKmskw_XMMf32_AVX512	VRSQRT14PS	AVX512	AVX512EVEX	AVX512F_128	64	62 f2 7d 09 4e c0	VRSQRT14PS_XMMf32_MASKmskw_XMMf32_AVX512	6	exact	exact	structural_only	exact	decode_exact	cpu_legality_and_semantics_pending
VRSQRT14PS_YMMf32_MASKmskw_MEMf32_AVX512	VRSQRT14PS	AVX512	AVX512EVEX	AVX512F_256	64	62 f2 7d 29 4e 00	VRSQRT14PS_YMMf32_MASKmskw_MEMf32_AVX512	6	exact	exact	structural_only	exact	decode_exact	cpu_legality_and_semantics_pending
VRSQRT14PS_YMMf32_MASKmskw_YMMf32_AVX512	VRSQRT14PS	AVX512	AVX512EVEX	AVX512F_256	64	62 f2 7d 29 4e c0	VRSQRT14PS_YMMf32_MASKmskw_YMMf32_AVX512	6	exact	exact	structural_only	exact	decode_exact	cpu_legality_and_semantics_pending
VRSQRT14PS_ZMMf32_MASKmskw_MEMf32_AVX512	VRSQRT14PS	AVX512	AVX512EVEX	AVX512F_512	64	62 f2 7d 49 4e 00	VRSQRT14PS_ZMMf32_MASKmskw_MEMf32_AVX512	6	exact	exact	structural_only	exact	decode_exact	cpu_legality_and_semantics_pending
VRSQRT14PS_ZMMf32_MASKmskw_ZMMf32_AVX512	VRSQRT14PS	AVX512	AVX512EVEX	AVX512F_512	64	62 f2 7d 49 4e c0	VRSQRT14PS_ZMMf32_MASKmskw_ZMMf32_AVX512	6	exact	exact	structural_only	exact	decode_exact	cpu_legality_and_semantics_pending
VRSQRT14SD_XMMf64_MASKmskw_XMMf64_MEMf64_AVX512	VRSQRT14SD	AVX512	AVX512EVEX	AVX512F_SCALAR	64	62 f2 fd 09 4f 00	VRSQRT14SD_XMMf64_MASKmskw_XMMf64_MEMf64_AVX512	6	exact	exact	structural_only	exact	decode_exact	cpu_legality_and_semantics_pending
VRSQRT14SD_XMMf64_MASKmskw_XMMf64_XMMf64_AVX512	VRSQRT14SD	AVX512	AVX512EVEX	AVX512F_SCALAR	64	62 f2 fd 09 4f c0	VRSQRT14SD_XMMf64_MASKmskw_XMMf64_XMMf64_AVX512	6	exact	exact	structural_only	exact	decode_exact	cpu_legality_and_semantics_pending
VRSQRT14SS_XMMf32_MASKmskw_XMMf32_MEMf32_AVX512	VRSQRT14SS	AVX512	AVX512EVEX	AVX512F_SCALAR	64	62 f2 7d 09 4f 00	VRSQRT14SS_XMMf32_MASKmskw_XMMf32_MEMf32_AVX512	6	exact	exact	structural_only	exact	decode_exact	cpu_legality_and_semantics_pending
VRSQRT14SS_XMMf32_MASKmskw_XMMf32_XMMf32_AVX512	VRSQRT14SS	AVX512	AVX512EVEX	AVX512F_SCALAR	64	62 f2 7d 09 4f c0	VRSQRT14SS_XMMf32_MASKmskw_XMMf32_XMMf32_AVX512	6	exact	exact	structural_only	exact	decode_exact	cpu_legality_and_semantics_pending
VRSQRT28PD_ZMMf64_MASKmskw_MEMf64_AVX512ER	VRSQRT28PD	AVX512	AVX512EVEX	AVX512ER_512	64	62 f2 fd 49 cc 00	VRSQRT28PD_ZMMf64_MASKmskw_MEMf64_AVX512ER	6	exact	exact	structural_only	exact	decode_exact	cpu_legality_and_semantics_pending
VRSQRT28PD_ZMMf64_MASKmskw_ZMMf64_AVX512ER	VRSQRT28PD	AVX512	AVX512EVEX	AVX512ER_512	64	62 f2 fd 59 cc c0	VRSQRT28PD_ZMMf64_MASKmskw_ZMMf64_AVX512ER	6	exact	exact	structural_only	exact	decode_exact	cpu_legality_and_semantics_pending
VRSQRT28PS_ZMMf32_MASKmskw_MEMf32_AVX512ER	VRSQRT28PS	AVX512	AVX512EVEX	AVX512ER_512	64	62 f2 7d 49 cc 00	VRSQRT28PS_ZMMf32_MASKmskw_MEMf32_AVX512ER	6	exact	exact	structural_only	exact	decode_exact	cpu_legality_and_semantics_pending
VRSQRT28PS_ZMMf32_MASKmskw_ZMMf32_AVX512ER	VRSQRT28PS	AVX512	AVX512EVEX	AVX512ER_512	64	62 f2 7d 59 cc c0	VRSQRT28PS_ZMMf32_MASKmskw_ZMMf32_AVX512ER	6	exact	exact	structural_only	exact	decode_exact	cpu_legality_and_semantics_pending
VRSQRT28SD_XMMf64_MASKmskw_XMMf64_MEMf64_AVX512ER	VRSQRT28SD	AVX512	AVX512EVEX	AVX512ER_SCALAR	64	62 f2 fd 09 cd 00	VRSQRT28SD_XMMf64_MASKmskw_XMMf64_MEMf64_AVX512ER	6	exact	exact	structural_only	exact	decode_exact	cpu_legality_and_semantics_pending
VRSQRT28SD_XMMf64_MASKmskw_XMMf64_XMMf64_AVX512ER	VRSQRT28SD	AVX512	AVX512EVEX	AVX512ER_SCALAR	64	62 f2 fd 09 cd c0	VRSQRT28SD_XMMf64_MASKmskw_XMMf64_XMMf64_AVX512ER	6	exact	exact	structural_only	exact	decode_exact	cpu_legality_and_semantics_pending
VRSQRT28SS_XMMf32_MASKmskw_XMMf32_MEMf32_AVX512ER	VRSQRT28SS	AVX512	AVX512EVEX	AVX512ER_SCALAR	64	62 f2 7d 09 cd 00	VRSQRT28SS_XMMf32_MASKmskw_XMMf32_MEMf32_AVX512ER	6	exact	exact	structural_only	exact	decode_exact	cpu_legality_and_semantics_pending
VRSQRT28SS_XMMf32_MASKmskw_XMMf32_XMMf32_AVX512ER	VRSQRT28SS	AVX512	AVX512EVEX	AVX512ER_SCALAR	64	62 f2 7d 19 cd c0	VRSQRT28SS_XMMf32_MASKmskw_XMMf32_XMMf32_AVX512ER	6	exact	exact	structural_only	exact	decode_exact	cpu_legality_and_semantics_pending
VRSQRTBF16_XMMbf16_MASKmskw_MEMbf16_AVX512	VRSQRTBF16	AVX512	AVX512EVEX	AVX10_2_BF16_128	64	62 f6 7c 09 4e 00	VRSQRTBF16_XMMbf16_MASKmskw_MEMbf16_AVX512	6	exact	exact	structural_only	exact	decode_exact	cpu_legality_and_semantics_pending
VRSQRTBF16_XMMbf16_MASKmskw_XMMbf16_AVX512	VRSQRTBF16	AVX512	AVX512EVEX	AVX10_2_BF16_128	64	62 f6 7c 09 4e c0	VRSQRTBF16_XMMbf16_MASKmskw_XMMbf16_AVX512	6	exact	exact	structural_only	exact	decode_exact	cpu_legality_and_semantics_pending
VRSQRTBF16_YMMbf16_MASKmskw_MEMbf16_AVX512	VRSQRTBF16	AVX512	AVX512EVEX	AVX10_2_BF16_256	64	62 f6 7c 29 4e 00	VRSQRTBF16_YMMbf16_MASKmskw_MEMbf16_AVX512	6	exact	exact	structural_only	exact	decode_exact	cpu_legality_and_semantics_pending
VRSQRTBF16_YMMbf16_MASKmskw_YMMbf16_AVX512	VRSQRTBF16	AVX512	AVX512EVEX	AVX10_2_BF16_256	64	62 f6 7c 29 4e c0	VRSQRTBF16_YMMbf16_MASKmskw_YMMbf16_AVX512	6	exact	exact	structural_only	exact	decode_exact	cpu_legality_and_semantics_pending
VRSQRTBF16_ZMMbf16_MASKmskw_MEMbf16_AVX512	VRSQRTBF16	AVX512	AVX512EVEX	AVX10_2_BF16_512	64	62 f6 7c 49 4e 00	VRSQRTBF16_ZMMbf16_MASKmskw_MEMbf16_AVX512	6	exact	exact	structural_only	exact	decode_exact	cpu_legality_and_semantics_pending
VRSQRTBF16_ZMMbf16_MASKmskw_ZMMbf16_AVX512	VRSQRTBF16	AVX512	AVX512EVEX	AVX10_2_BF16_512	64	62 f6 7c 49 4e c0	VRSQRTBF16_ZMMbf16_MASKmskw_ZMMbf16_AVX512	6	exact	exact	structural_only	exact	decode_exact	cpu_legality_and_semantics_pending
VRSQRTPH_XMMf16_MASKmskw_MEMf16_AVX512	VRSQRTPH	FP16	AVX512EVEX	AVX512_FP16_128	64	62 f6 7d 09 4e 00	VRSQRTPH_XMMf16_MASKmskw_MEMf16_AVX512	6	exact	exact	structural_only	exact	decode_exact	cpu_legality_and_semantics_pending
VRSQRTPH_XMMf16_MASKmskw_XMMf16_AVX512	VRSQRTPH	FP16	AVX512EVEX	AVX512_FP16_128	64	62 f6 7d 09 4e c0	VRSQRTPH_XMMf16_MASKmskw_XMMf16_AVX512	6	exact	exact	structural_only	exact	decode_exact	cpu_legality_and_semantics_pending
VRSQRTPH_YMMf16_MASKmskw_MEMf16_AVX512	VRSQRTPH	FP16	AVX512EVEX	AVX512_FP16_256	64	62 f6 7d 29 4e 00	VRSQRTPH_YMMf16_MASKmskw_MEMf16_AVX512	6	exact	exact	structural_only	exact	decode_exact	cpu_legality_and_semantics_pending
VRSQRTPH_YMMf16_MASKmskw_YMMf16_AVX512	VRSQRTPH	FP16	AVX512EVEX	AVX512_FP16_256	64	62 f6 7d 29 4e c0	VRSQRTPH_YMMf16_MASKmskw_YMMf16_AVX512	6	exact	exact	structural_only	exact	decode_exact	cpu_legality_and_semantics_pending
VRSQRTPH_ZMMf16_MASKmskw_MEMf16_AVX512	VRSQRTPH	FP16	AVX512EVEX	AVX512_FP16_512	64	62 f6 7d 49 4e 00	VRSQRTPH_ZMMf16_MASKmskw_MEMf16_AVX512	6	exact	exact	structural_only	exact	decode_exact	cpu_legality_and_semantics_pending
VRSQRTPH_ZMMf16_MASKmskw_ZMMf16_AVX512	VRSQRTPH	FP16	AVX512EVEX	AVX512_FP16_512	64	62 f6 7d 49 4e c0	VRSQRTPH_ZMMf16_MASKmskw_ZMMf16_AVX512	6	exact	exact	structural_only	exact	decode_exact	cpu_legality_and_semantics_pending
VRSQRTSH_XMMf16_MASKmskw_XMMf16_MEMf16_AVX512	VRSQRTSH	FP16	AVX512EVEX	AVX512_FP16_SCALAR	64	62 f6 7d 09 4f 00	VRSQRTSH_XMMf16_MASKmskw_XMMf16_MEMf16_AVX512	6	exact	exact	structural_only	exact	decode_exact	cpu_legality_and_semantics_pending
VRSQRTSH_XMMf16_MASKmskw_XMMf16_XMMf16_AVX512	VRSQRTSH	FP16	AVX512EVEX	AVX512_FP16_SCALAR	64	62 f6 7d 09 4f c0	VRSQRTSH_XMMf16_MASKmskw_XMMf16_XMMf16_AVX512	6	exact	exact	structural_only	exact	decode_exact	cpu_legality_and_semantics_pending
VSCALEFBF16_XMMbf16_MASKmskw_XMMbf16_MEMbf16_AVX512	VSCALEFBF16	AVX512	AVX512EVEX	AVX10_2_BF16_128	64	62 f6 7c 09 2c 00	VSCALEFBF16_XMMbf16_MASKmskw_XMMbf16_MEMbf16_AVX512	6	exact	exact	structural_only	exact	decode_exact	cpu_legality_and_semantics_pending
VSCALEFBF16_XMMbf16_MASKmskw_XMMbf16_XMMbf16_AVX512	VSCALEFBF16	AVX512	AVX512EVEX	AVX10_2_BF16_128	64	62 f6 7c 09 2c c0	VSCALEFBF16_XMMbf16_MASKmskw_XMMbf16_XMMbf16_AVX512	6	exact	exact	structural_only	exact	decode_exact	cpu_legality_and_semantics_pending
VSCALEFBF16_YMMbf16_MASKmskw_YMMbf16_MEMbf16_AVX512	VSCALEFBF16	AVX512	AVX512EVEX	AVX10_2_BF16_256	64	62 f6 7c 29 2c 00	VSCALEFBF16_YMMbf16_MASKmskw_YMMbf16_MEMbf16_AVX512	6	exact	exact	structural_only	exact	decode_exact	cpu_legality_and_semantics_pending
VSCALEFBF16_YMMbf16_MASKmskw_YMMbf16_YMMbf16_AVX512	VSCALEFBF16	AVX512	AVX512EVEX	AVX10_2_BF16_256	64	62 f6 7c 29 2c c0	VSCALEFBF16_YMMbf16_MASKmskw_YMMbf16_YMMbf16_AVX512	6	exact	exact	structural_only	exact	decode_exact	cpu_legality_and_semantics_pending
VSCALEFBF16_ZMMbf16_MASKmskw_ZMMbf16_MEMbf16_AVX512	VSCALEFBF16	AVX512	AVX512EVEX	AVX10_2_BF16_512	64	62 f6 7c 49 2c 00	VSCALEFBF16_ZMMbf16_MASKmskw_ZMMbf16_MEMbf16_AVX512	6	exact	exact	structural_only	exact	decode_exact	cpu_legality_and_semantics_pending
VSCALEFBF16_ZMMbf16_MASKmskw_ZMMbf16_ZMMbf16_AVX512	VSCALEFBF16	AVX512	AVX512EVEX	AVX10_2_BF16_512	64	62 f6 7c 49 2c c0	VSCALEFBF16_ZMMbf16_MASKmskw_ZMMbf16_ZMMbf16_AVX512	6	exact	exact	structural_only	exact	decode_exact	cpu_legality_and_semantics_pending
VSCALEFPD_XMMf64_MASKmskw_XMMf64_MEMf64_AVX512	VSCALEFPD	AVX512	AVX512EVEX	AVX512F_128	64	62 f2 fd 09 2c 00	VSCALEFPD_XMMf64_MASKmskw_XMMf64_MEMf64_AVX512	6	exact	exact	structural_only	exact	decode_exact	cpu_legality_and_semantics_pending
VSCALEFPD_XMMf64_MASKmskw_XMMf64_XMMf64_AVX512	VSCALEFPD	AVX512	AVX512EVEX	AVX512F_128	64	62 f2 fd 09 2c c0	VSCALEFPD_XMMf64_MASKmskw_XMMf64_XMMf64_AVX512	6	exact	exact	structural_only	exact	decode_exact	cpu_legality_and_semantics_pending
VSCALEFPD_YMMf64_MASKmskw_YMMf64_MEMf64_AVX512	VSCALEFPD	AVX512	AVX512EVEX	AVX512F_256	64	62 f2 fd 29 2c 00	VSCALEFPD_YMMf64_MASKmskw_YMMf64_MEMf64_AVX512	6	exact	exact	structural_only	exact	decode_exact	cpu_legality_and_semantics_pending
VSCALEFPD_YMMf64_MASKmskw_YMMf64_YMMf64_AVX512	VSCALEFPD	AVX512	AVX512EVEX	AVX512F_256	64	62 f2 fd 29 2c c0	VSCALEFPD_YMMf64_MASKmskw_YMMf64_YMMf64_AVX512	6	exact	exact	structural_only	exact	decode_exact	cpu_legality_and_semantics_pending
VSCALEFPD_ZMMf64_MASKmskw_ZMMf64_MEMf64_AVX512	VSCALEFPD	AVX512	AVX512EVEX	AVX512F_512	64	62 f2 fd 49 2c 00	VSCALEFPD_ZMMf64_MASKmskw_ZMMf64_MEMf64_AVX512	6	exact	exact	structural_only	exact	decode_exact	cpu_legality_and_semantics_pending
VSCALEFPD_ZMMf64_MASKmskw_ZMMf64_ZMMf64_AVX512	VSCALEFPD	AVX512	AVX512EVEX	AVX512F_512	64	62 f2 fd 59 2c c0	VSCALEFPD_ZMMf64_MASKmskw_ZMMf64_ZMMf64_AVX512	6	exact	exact	structural_only	exact	decode_exact	cpu_legality_and_semantics_pending
VSCALEFPH_XMMf16_MASKmskw_XMMf16_MEMf16_AVX512	VSCALEFPH	FP16	AVX512EVEX	AVX512_FP16_128	64	62 f6 7d 09 2c 00	VSCALEFPH_XMMf16_MASKmskw_XMMf16_MEMf16_AVX512	6	exact	exact	structural_only	exact	decode_exact	cpu_legality_and_semantics_pending
VSCALEFPH_XMMf16_MASKmskw_XMMf16_XMMf16_AVX512	VSCALEFPH	FP16	AVX512EVEX	AVX512_FP16_128	64	62 f6 7d 09 2c c0	VSCALEFPH_XMMf16_MASKmskw_XMMf16_XMMf16_AVX512	6	exact	exact	structural_only	exact	decode_exact	cpu_legality_and_semantics_pending
VSCALEFPH_YMMf16_MASKmskw_YMMf16_MEMf16_AVX512	VSCALEFPH	FP16	AVX512EVEX	AVX512_FP16_256	64	62 f6 7d 29 2c 00	VSCALEFPH_YMMf16_MASKmskw_YMMf16_MEMf16_AVX512	6	exact	exact	structural_only	exact	decode_exact	cpu_legality_and_semantics_pending
VSCALEFPH_YMMf16_MASKmskw_YMMf16_YMMf16_AVX512	VSCALEFPH	FP16	AVX512EVEX	AVX512_FP16_256	64	62 f6 7d 29 2c c0	VSCALEFPH_YMMf16_MASKmskw_YMMf16_YMMf16_AVX512	6	exact	exact	structural_only	exact	decode_exact	cpu_legality_and_semantics_pending
VSCALEFPH_ZMMf16_MASKmskw_ZMMf16_MEMf16_AVX512	VSCALEFPH	FP16	AVX512EVEX	AVX512_FP16_512	64	62 f6 7d 49 2c 00	VSCALEFPH_ZMMf16_MASKmskw_ZMMf16_MEMf16_AVX512	6	exact	exact	structural_only	exact	decode_exact	cpu_legality_and_semantics_pending
VSCALEFPH_ZMMf16_MASKmskw_ZMMf16_ZMMf16_AVX512	VSCALEFPH	FP16	AVX512EVEX	AVX512_FP16_512	64	62 f6 7d 59 2c c0	VSCALEFPH_ZMMf16_MASKmskw_ZMMf16_ZMMf16_AVX512	6	exact	exact	structural_only	exact	decode_exact	cpu_legality_and_semantics_pending
VSCALEFPS_XMMf32_MASKmskw_XMMf32_MEMf32_AVX512	VSCALEFPS	AVX512	AVX512EVEX	AVX512F_128	64	62 f2 7d 09 2c 00	VSCALEFPS_XMMf32_MASKmskw_XMMf32_MEMf32_AVX512	6	exact	exact	structural_only	exact	decode_exact	cpu_legality_and_semantics_pending
VSCALEFPS_XMMf32_MASKmskw_XMMf32_XMMf32_AVX512	VSCALEFPS	AVX512	AVX512EVEX	AVX512F_128	64	62 f2 7d 09 2c c0	VSCALEFPS_XMMf32_MASKmskw_XMMf32_XMMf32_AVX512	6	exact	exact	structural_only	exact	decode_exact	cpu_legality_and_semantics_pending
VSCALEFPS_YMMf32_MASKmskw_YMMf32_MEMf32_AVX512	VSCALEFPS	AVX512	AVX512EVEX	AVX512F_256	64	62 f2 7d 29 2c 00	VSCALEFPS_YMMf32_MASKmskw_YMMf32_MEMf32_AVX512	6	exact	exact	structural_only	exact	decode_exact	cpu_legality_and_semantics_pending
VSCALEFPS_YMMf32_MASKmskw_YMMf32_YMMf32_AVX512	VSCALEFPS	AVX512	AVX512EVEX	AVX512F_256	64	62 f2 7d 29 2c c0	VSCALEFPS_YMMf32_MASKmskw_YMMf32_YMMf32_AVX512	6	exact	exact	structural_only	exact	decode_exact	cpu_legality_and_semantics_pending
VSCALEFPS_ZMMf32_MASKmskw_ZMMf32_MEMf32_AVX512	VSCALEFPS	AVX512	AVX512EVEX	AVX512F_512	64	62 f2 7d 49 2c 00	VSCALEFPS_ZMMf32_MASKmskw_ZMMf32_MEMf32_AVX512	6	exact	exact	structural_only	exact	decode_exact	cpu_legality_and_semantics_pending
VSCALEFPS_ZMMf32_MASKmskw_ZMMf32_ZMMf32_AVX512	VSCALEFPS	AVX512	AVX512EVEX	AVX512F_512	64	62 f2 7d 49 2c c0	VSCALEFPS_ZMMf32_MASKmskw_ZMMf32_ZMMf32_AVX512	6	exact	exact	structural_only	exact	decode_exact	cpu_legality_and_semantics_pending
VSCALEFSD_XMMf64_MASKmskw_XMMf64_MEMf64_AVX512	VSCALEFSD	AVX512	AVX512EVEX	AVX512F_SCALAR	64	62 f2 fd 09 2d 00	VSCALEFSD_XMMf64_MASKmskw_XMMf64_MEMf64_AVX512	6	exact	exact	structural_only	exact	decode_exact	cpu_legality_and_semantics_pending
VSCALEFSD_XMMf64_MASKmskw_XMMf64_XMMf64_AVX512	VSCALEFSD	AVX512	AVX512EVEX	AVX512F_SCALAR	64	62 f2 fd 19 2d c0	VSCALEFSD_XMMf64_MASKmskw_XMMf64_XMMf64_AVX512	6	exact	exact	structural_only	exact	decode_exact	cpu_legality_and_semantics_pending
VSCALEFSH_XMMf16_MASKmskw_XMMf16_MEMf16_AVX512	VSCALEFSH	FP16	AVX512EVEX	AVX512_FP16_SCALAR	64	62 f6 7d 09 2d 00	VSCALEFSH_XMMf16_MASKmskw_XMMf16_MEMf16_AVX512	6	exact	exact	structural_only	exact	decode_exact	cpu_legality_and_semantics_pending
VSCALEFSH_XMMf16_MASKmskw_XMMf16_XMMf16_AVX512	VSCALEFSH	FP16	AVX512EVEX	AVX512_FP16_SCALAR	64	62 f6 7d 09 2d c0	VSCALEFSH_XMMf16_MASKmskw_XMMf16_XMMf16_AVX512	6	exact	exact	structural_only	exact	decode_exact	cpu_legality_and_semantics_pending
VSCALEFSS_XMMf32_MASKmskw_XMMf32_MEMf32_AVX512	VSCALEFSS	AVX512	AVX512EVEX	AVX512F_SCALAR	64	62 f2 7d 09 2d 00	VSCALEFSS_XMMf32_MASKmskw_XMMf32_MEMf32_AVX512	6	exact	exact	structural_only	exact	decode_exact	cpu_legality_and_semantics_pending
VSCALEFSS_XMMf32_MASKmskw_XMMf32_XMMf32_AVX512	VSCALEFSS	AVX512	AVX512EVEX	AVX512F_SCALAR	64	62 f2 7d 19 2d c0	VSCALEFSS_XMMf32_MASKmskw_XMMf32_XMMf32_AVX512	6	exact	exact	structural_only	exact	decode_exact	cpu_legality_and_semantics_pending
VSCATTERDPD_MEMf64_MASKmskw_XMMf64_AVX512_VL128	VSCATTERDPD	SCATTER	AVX512EVEX	AVX512F_128	64	62 f2 fd 09 a2 04 00	VSCATTERDPD_MEMf64_MASKmskw_XMMf64_AVX512_VL128	7	exact	exact	structural_only	exact	decode_exact	cpu_legality_and_semantics_pending
VSCATTERDPD_MEMf64_MASKmskw_YMMf64_AVX512_VL256	VSCATTERDPD	SCATTER	AVX512EVEX	AVX512F_256	64	62 f2 fd 29 a2 04 00	VSCATTERDPD_MEMf64_MASKmskw_YMMf64_AVX512_VL256	7	exact	exact	structural_only	exact	decode_exact	cpu_legality_and_semantics_pending
VSCATTERDPD_MEMf64_MASKmskw_ZMMf64_AVX512_VL512	VSCATTERDPD	SCATTER	AVX512EVEX	AVX512F_512	64	62 f2 fd 49 a2 04 00	VSCATTERDPD_MEMf64_MASKmskw_ZMMf64_AVX512_VL512	7	exact	exact	structural_only	exact	decode_exact	cpu_legality_and_semantics_pending
VSCATTERDPS_MEMf32_MASKmskw_XMMf32_AVX512_VL128	VSCATTERDPS	SCATTER	AVX512EVEX	AVX512F_128	64	62 f2 7d 09 a2 04 00	VSCATTERDPS_MEMf32_MASKmskw_XMMf32_AVX512_VL128	7	exact	exact	structural_only	exact	decode_exact	cpu_legality_and_semantics_pending
VSCATTERDPS_MEMf32_MASKmskw_YMMf32_AVX512_VL256	VSCATTERDPS	SCATTER	AVX512EVEX	AVX512F_256	64	62 f2 7d 29 a2 04 00	VSCATTERDPS_MEMf32_MASKmskw_YMMf32_AVX512_VL256	7	exact	exact	structural_only	exact	decode_exact	cpu_legality_and_semantics_pending
VSCATTERDPS_MEMf32_MASKmskw_ZMMf32_AVX512_VL512	VSCATTERDPS	SCATTER	AVX512EVEX	AVX512F_512	64	62 f2 7d 49 a2 04 00	VSCATTERDPS_MEMf32_MASKmskw_ZMMf32_AVX512_VL512	7	exact	exact	structural_only	exact	decode_exact	cpu_legality_and_semantics_pending
VSCATTERPF0DPD_MEMf64_MASKmskw_AVX512PF_VL512	VSCATTERPF0DPD	SCATTER	AVX512EVEX	AVX512PF_512	64	62 f2 fd 49 c6 2c 00	VSCATTERPF0DPD_MEMf64_MASKmskw_AVX512PF_VL512	7	exact	exact	structural_only	exact	decode_exact	cpu_legality_and_semantics_pending
VSCATTERPF0DPS_MEMf32_MASKmskw_AVX512PF_VL512	VSCATTERPF0DPS	SCATTER	AVX512EVEX	AVX512PF_512	64	62 f2 7d 49 c6 2c 00	VSCATTERPF0DPS_MEMf32_MASKmskw_AVX512PF_VL512	7	exact	exact	structural_only	exact	decode_exact	cpu_legality_and_semantics_pending
VSCATTERPF0QPD_MEMf64_MASKmskw_AVX512PF_VL512	VSCATTERPF0QPD	SCATTER	AVX512EVEX	AVX512PF_512	64	62 f2 fd 49 c7 2c 00	VSCATTERPF0QPD_MEMf64_MASKmskw_AVX512PF_VL512	7	exact	exact	structural_only	exact	decode_exact	cpu_legality_and_semantics_pending
VSCATTERPF0QPS_MEMf32_MASKmskw_AVX512PF_VL512	VSCATTERPF0QPS	SCATTER	AVX512EVEX	AVX512PF_512	64	62 f2 7d 49 c7 2c 00	VSCATTERPF0QPS_MEMf32_MASKmskw_AVX512PF_VL512	7	exact	exact	structural_only	exact	decode_exact	cpu_legality_and_semantics_pending
VSCATTERPF1DPD_MEMf64_MASKmskw_AVX512PF_VL512	VSCATTERPF1DPD	SCATTER	AVX512EVEX	AVX512PF_512	64	62 f2 fd 49 c6 34 00	VSCATTERPF1DPD_MEMf64_MASKmskw_AVX512PF_VL512	7	exact	exact	structural_only	exact	decode_exact	cpu_legality_and_semantics_pending
VSCATTERPF1DPS_MEMf32_MASKmskw_AVX512PF_VL512	VSCATTERPF1DPS	SCATTER	AVX512EVEX	AVX512PF_512	64	62 f2 7d 49 c6 34 00	VSCATTERPF1DPS_MEMf32_MASKmskw_AVX512PF_VL512	7	exact	exact	structural_only	exact	decode_exact	cpu_legality_and_semantics_pending
VSCATTERPF1QPD_MEMf64_MASKmskw_AVX512PF_VL512	VSCATTERPF1QPD	SCATTER	AVX512EVEX	AVX512PF_512	64	62 f2 fd 49 c7 34 00	VSCATTERPF1QPD_MEMf64_MASKmskw_AVX512PF_VL512	7	exact	exact	structural_only	exact	decode_exact	cpu_legality_and_semantics_pending
VSCATTERPF1QPS_MEMf32_MASKmskw_AVX512PF_VL512	VSCATTERPF1QPS	SCATTER	AVX512EVEX	AVX512PF_512	64	62 f2 7d 49 c7 34 00	VSCATTERPF1QPS_MEMf32_MASKmskw_AVX512PF_VL512	7	exact	exact	structural_only	exact	decode_exact	cpu_legality_and_semantics_pending
VSCATTERQPD_MEMf64_MASKmskw_XMMf64_AVX512_VL128	VSCATTERQPD	SCATTER	AVX512EVEX	AVX512F_128	64	62 f2 fd 09 a3 04 00	VSCATTERQPD_MEMf64_MASKmskw_XMMf64_AVX512_VL128	7	exact	exact	structural_only	exact	decode_exact	cpu_legality_and_semantics_pending
VSCATTERQPD_MEMf64_MASKmskw_YMMf64_AVX512_VL256	VSCATTERQPD	SCATTER	AVX512EVEX	AVX512F_256	64	62 f2 fd 29 a3 04 00	VSCATTERQPD_MEMf64_MASKmskw_YMMf64_AVX512_VL256	7	exact	exact	structural_only	exact	decode_exact	cpu_legality_and_semantics_pending
VSCATTERQPD_MEMf64_MASKmskw_ZMMf64_AVX512_VL512	VSCATTERQPD	SCATTER	AVX512EVEX	AVX512F_512	64	62 f2 fd 49 a3 04 00	VSCATTERQPD_MEMf64_MASKmskw_ZMMf64_AVX512_VL512	7	exact	exact	structural_only	exact	decode_exact	cpu_legality_and_semantics_pending
VSCATTERQPS_MEMf32_MASKmskw_XMMf32_AVX512_VL128	VSCATTERQPS	SCATTER	AVX512EVEX	AVX512F_128	64	62 f2 7d 09 a3 04 00	VSCATTERQPS_MEMf32_MASKmskw_XMMf32_AVX512_VL128	7	exact	exact	structural_only	exact	decode_exact	cpu_legality_and_semantics_pending
VSCATTERQPS_MEMf32_MASKmskw_XMMf32_AVX512_VL256	VSCATTERQPS	SCATTER	AVX512EVEX	AVX512F_256	64	62 f2 7d 29 a3 04 00	VSCATTERQPS_MEMf32_MASKmskw_XMMf32_AVX512_VL256	7	exact	exact	structural_only	exact	decode_exact	cpu_legality_and_semantics_pending
VSCATTERQPS_MEMf32_MASKmskw_YMMf32_AVX512_VL512	VSCATTERQPS	SCATTER	AVX512EVEX	AVX512F_512	64	62 f2 7d 49 a3 04 00	VSCATTERQPS_MEMf32_MASKmskw_YMMf32_AVX512_VL512	7	exact	exact	structural_only	exact	decode_exact	cpu_legality_and_semantics_pending
VSHUFF32X4_YMMf32_MASKmskw_YMMf32_MEMf32_IMM8_AVX512	VSHUFF32X4	AVX512	AVX512EVEX	AVX512F_256	64	62 f3 7d 29 23 00 00	VSHUFF32X4_YMMf32_MASKmskw_YMMf32_MEMf32_IMM8_AVX512	7	exact	exact	structural_only	exact	decode_exact	cpu_legality_and_semantics_pending
VSHUFF32X4_YMMf32_MASKmskw_YMMf32_YMMf32_IMM8_AVX512	VSHUFF32X4	AVX512	AVX512EVEX	AVX512F_256	64	62 f3 7d 29 23 c0 00	VSHUFF32X4_YMMf32_MASKmskw_YMMf32_YMMf32_IMM8_AVX512	7	exact	exact	structural_only	exact	decode_exact	cpu_legality_and_semantics_pending
VSHUFF32X4_ZMMf32_MASKmskw_ZMMf32_MEMf32_IMM8_AVX512	VSHUFF32X4	AVX512	AVX512EVEX	AVX512F_512	64	62 f3 7d 49 23 00 00	VSHUFF32X4_ZMMf32_MASKmskw_ZMMf32_MEMf32_IMM8_AVX512	7	exact	exact	structural_only	exact	decode_exact	cpu_legality_and_semantics_pending
VSHUFF32X4_ZMMf32_MASKmskw_ZMMf32_ZMMf32_IMM8_AVX512	VSHUFF32X4	AVX512	AVX512EVEX	AVX512F_512	64	62 f3 7d 49 23 c0 00	VSHUFF32X4_ZMMf32_MASKmskw_ZMMf32_ZMMf32_IMM8_AVX512	7	exact	exact	structural_only	exact	decode_exact	cpu_legality_and_semantics_pending
VSHUFF64X2_YMMf64_MASKmskw_YMMf64_MEMf64_IMM8_AVX512	VSHUFF64X2	AVX512	AVX512EVEX	AVX512F_256	64	62 f3 fd 29 23 00 00	VSHUFF64X2_YMMf64_MASKmskw_YMMf64_MEMf64_IMM8_AVX512	7	exact	exact	structural_only	exact	decode_exact	cpu_legality_and_semantics_pending
VSHUFF64X2_YMMf64_MASKmskw_YMMf64_YMMf64_IMM8_AVX512	VSHUFF64X2	AVX512	AVX512EVEX	AVX512F_256	64	62 f3 fd 29 23 c0 00	VSHUFF64X2_YMMf64_MASKmskw_YMMf64_YMMf64_IMM8_AVX512	7	exact	exact	structural_only	exact	decode_exact	cpu_legality_and_semantics_pending
VSHUFF64X2_ZMMf64_MASKmskw_ZMMf64_MEMf64_IMM8_AVX512	VSHUFF64X2	AVX512	AVX512EVEX	AVX512F_512	64	62 f3 fd 49 23 00 00	VSHUFF64X2_ZMMf64_MASKmskw_ZMMf64_MEMf64_IMM8_AVX512	7	exact	exact	structural_only	exact	decode_exact	cpu_legality_and_semantics_pending
VSHUFF64X2_ZMMf64_MASKmskw_ZMMf64_ZMMf64_IMM8_AVX512	VSHUFF64X2	AVX512	AVX512EVEX	AVX512F_512	64	62 f3 fd 49 23 c0 00	VSHUFF64X2_ZMMf64_MASKmskw_ZMMf64_ZMMf64_IMM8_AVX512	7	exact	exact	structural_only	exact	decode_exact	cpu_legality_and_semantics_pending
VSHUFI32X4_YMMu32_MASKmskw_YMMu32_MEMu32_IMM8_AVX512	VSHUFI32X4	AVX512	AVX512EVEX	AVX512F_256	64	62 f3 7d 29 43 00 00	VSHUFI32X4_YMMu32_MASKmskw_YMMu32_MEMu32_IMM8_AVX512	7	exact	exact	structural_only	exact	decode_exact	cpu_legality_and_semantics_pending
VSHUFI32X4_YMMu32_MASKmskw_YMMu32_YMMu32_IMM8_AVX512	VSHUFI32X4	AVX512	AVX512EVEX	AVX512F_256	64	62 f3 7d 29 43 c0 00	VSHUFI32X4_YMMu32_MASKmskw_YMMu32_YMMu32_IMM8_AVX512	7	exact	exact	structural_only	exact	decode_exact	cpu_legality_and_semantics_pending
VSHUFI32X4_ZMMu32_MASKmskw_ZMMu32_MEMu32_IMM8_AVX512	VSHUFI32X4	AVX512	AVX512EVEX	AVX512F_512	64	62 f3 7d 49 43 00 00	VSHUFI32X4_ZMMu32_MASKmskw_ZMMu32_MEMu32_IMM8_AVX512	7	exact	exact	structural_only	exact	decode_exact	cpu_legality_and_semantics_pending
VSHUFI32X4_ZMMu32_MASKmskw_ZMMu32_ZMMu32_IMM8_AVX512	VSHUFI32X4	AVX512	AVX512EVEX	AVX512F_512	64	62 f3 7d 49 43 c0 00	VSHUFI32X4_ZMMu32_MASKmskw_ZMMu32_ZMMu32_IMM8_AVX512	7	exact	exact	structural_only	exact	decode_exact	cpu_legality_and_semantics_pending
VSHUFI64X2_YMMu64_MASKmskw_YMMu64_MEMu64_IMM8_AVX512	VSHUFI64X2	AVX512	AVX512EVEX	AVX512F_256	64	62 f3 fd 29 43 00 00	VSHUFI64X2_YMMu64_MASKmskw_YMMu64_MEMu64_IMM8_AVX512	7	exact	exact	structural_only	exact	decode_exact	cpu_legality_and_semantics_pending
VSHUFI64X2_YMMu64_MASKmskw_YMMu64_YMMu64_IMM8_AVX512	VSHUFI64X2	AVX512	AVX512EVEX	AVX512F_256	64	62 f3 fd 29 43 c0 00	VSHUFI64X2_YMMu64_MASKmskw_YMMu64_YMMu64_IMM8_AVX512	7	exact	exact	structural_only	exact	decode_exact	cpu_legality_and_semantics_pending
VSHUFI64X2_ZMMu64_MASKmskw_ZMMu64_MEMu64_IMM8_AVX512	VSHUFI64X2	AVX512	AVX512EVEX	AVX512F_512	64	62 f3 fd 49 43 00 00	VSHUFI64X2_ZMMu64_MASKmskw_ZMMu64_MEMu64_IMM8_AVX512	7	exact	exact	structural_only	exact	decode_exact	cpu_legality_and_semantics_pending
VSHUFI64X2_ZMMu64_MASKmskw_ZMMu64_ZMMu64_IMM8_AVX512	VSHUFI64X2	AVX512	AVX512EVEX	AVX512F_512	64	62 f3 fd 49 43 c0 00	VSHUFI64X2_ZMMu64_MASKmskw_ZMMu64_ZMMu64_IMM8_AVX512	7	exact	exact	structural_only	exact	decode_exact	cpu_legality_and_semantics_pending
VSQRTBF16_XMMbf16_MASKmskw_MEMbf16_AVX512	VSQRTBF16	AVX512	AVX512EVEX	AVX10_2_BF16_128	64	62 f5 7d 09 51 00	VSQRTBF16_XMMbf16_MASKmskw_MEMbf16_AVX512	6	exact	exact	structural_only	exact	decode_exact	cpu_legality_and_semantics_pending
VSQRTBF16_XMMbf16_MASKmskw_XMMbf16_AVX512	VSQRTBF16	AVX512	AVX512EVEX	AVX10_2_BF16_128	64	62 f5 7d 09 51 c0	VSQRTBF16_XMMbf16_MASKmskw_XMMbf16_AVX512	6	exact	exact	structural_only	exact	decode_exact	cpu_legality_and_semantics_pending
VSQRTBF16_YMMbf16_MASKmskw_MEMbf16_AVX512	VSQRTBF16	AVX512	AVX512EVEX	AVX10_2_BF16_256	64	62 f5 7d 29 51 00	VSQRTBF16_YMMbf16_MASKmskw_MEMbf16_AVX512	6	exact	exact	structural_only	exact	decode_exact	cpu_legality_and_semantics_pending
VSQRTBF16_YMMbf16_MASKmskw_YMMbf16_AVX512	VSQRTBF16	AVX512	AVX512EVEX	AVX10_2_BF16_256	64	62 f5 7d 29 51 c0	VSQRTBF16_YMMbf16_MASKmskw_YMMbf16_AVX512	6	exact	exact	structural_only	exact	decode_exact	cpu_legality_and_semantics_pending
VSQRTBF16_ZMMbf16_MASKmskw_MEMbf16_AVX512	VSQRTBF16	AVX512	AVX512EVEX	AVX10_2_BF16_512	64	62 f5 7d 49 51 00	VSQRTBF16_ZMMbf16_MASKmskw_MEMbf16_AVX512	6	exact	exact	structural_only	exact	decode_exact	cpu_legality_and_semantics_pending
VSQRTBF16_ZMMbf16_MASKmskw_ZMMbf16_AVX512	VSQRTBF16	AVX512	AVX512EVEX	AVX10_2_BF16_512	64	62 f5 7d 49 51 c0	VSQRTBF16_ZMMbf16_MASKmskw_ZMMbf16_AVX512	6	exact	exact	structural_only	exact	decode_exact	cpu_legality_and_semantics_pending
VSQRTPH_XMMf16_MASKmskw_MEMf16_AVX512	VSQRTPH	FP16	AVX512EVEX	AVX512_FP16_128	64	62 f5 7c 09 51 00	VSQRTPH_XMMf16_MASKmskw_MEMf16_AVX512	6	exact	exact	structural_only	exact	decode_exact	cpu_legality_and_semantics_pending
VSQRTPH_XMMf16_MASKmskw_XMMf16_AVX512	VSQRTPH	FP16	AVX512EVEX	AVX512_FP16_128	64	62 f5 7c 09 51 c0	VSQRTPH_XMMf16_MASKmskw_XMMf16_AVX512	6	exact	exact	structural_only	exact	decode_exact	cpu_legality_and_semantics_pending
VSQRTPH_YMMf16_MASKmskw_MEMf16_AVX512	VSQRTPH	FP16	AVX512EVEX	AVX512_FP16_256	64	62 f5 7c 29 51 00	VSQRTPH_YMMf16_MASKmskw_MEMf16_AVX512	6	exact	exact	structural_only	exact	decode_exact	cpu_legality_and_semantics_pending
VSQRTPH_YMMf16_MASKmskw_YMMf16_AVX512	VSQRTPH	FP16	AVX512EVEX	AVX512_FP16_256	64	62 f5 7c 29 51 c0	VSQRTPH_YMMf16_MASKmskw_YMMf16_AVX512	6	exact	exact	structural_only	exact	decode_exact	cpu_legality_and_semantics_pending
VSQRTPH_ZMMf16_MASKmskw_MEMf16_AVX512	VSQRTPH	FP16	AVX512EVEX	AVX512_FP16_512	64	62 f5 7c 49 51 00	VSQRTPH_ZMMf16_MASKmskw_MEMf16_AVX512	6	exact	exact	structural_only	exact	decode_exact	cpu_legality_and_semantics_pending
VSQRTPH_ZMMf16_MASKmskw_ZMMf16_AVX512	VSQRTPH	FP16	AVX512EVEX	AVX512_FP16_512	64	62 f5 7c 59 51 c0	VSQRTPH_ZMMf16_MASKmskw_ZMMf16_AVX512	6	exact	exact	structural_only	exact	decode_exact	cpu_legality_and_semantics_pending
VSQRTSH_XMMf16_MASKmskw_XMMf16_MEMf16_AVX512	VSQRTSH	FP16	AVX512EVEX	AVX512_FP16_SCALAR	64	62 f5 7e 09 51 00	VSQRTSH_XMMf16_MASKmskw_XMMf16_MEMf16_AVX512	6	exact	exact	structural_only	exact	decode_exact	cpu_legality_and_semantics_pending
VSQRTSH_XMMf16_MASKmskw_XMMf16_XMMf16_AVX512	VSQRTSH	FP16	AVX512EVEX	AVX512_FP16_SCALAR	64	62 f5 7e 09 51 c0	VSQRTSH_XMMf16_MASKmskw_XMMf16_XMMf16_AVX512	6	exact	exact	structural_only	exact	decode_exact	cpu_legality_and_semantics_pending
VSUBPH_XMMf16_MASKmskw_XMMf16_MEMf16_AVX512	VSUBPH	FP16	AVX512EVEX	AVX512_FP16_128	64	62 f5 7c 09 5c 00	VSUBPH_XMMf16_MASKmskw_XMMf16_MEMf16_AVX512	6	exact	exact	structural_only	exact	decode_exact	cpu_legality_and_semantics_pending
VSUBPH_XMMf16_MASKmskw_XMMf16_XMMf16_AVX512	VSUBPH	FP16	AVX512EVEX	AVX512_FP16_128	64	62 f5 7c 09 5c c0	VSUBPH_XMMf16_MASKmskw_XMMf16_XMMf16_AVX512	6	exact	exact	structural_only	exact	decode_exact	cpu_legality_and_semantics_pending
VSUBPH_YMMf16_MASKmskw_YMMf16_MEMf16_AVX512	VSUBPH	FP16	AVX512EVEX	AVX512_FP16_256	64	62 f5 7c 29 5c 00	VSUBPH_YMMf16_MASKmskw_YMMf16_MEMf16_AVX512	6	exact	exact	structural_only	exact	decode_exact	cpu_legality_and_semantics_pending
VSUBPH_YMMf16_MASKmskw_YMMf16_YMMf16_AVX512	VSUBPH	FP16	AVX512EVEX	AVX512_FP16_256	64	62 f5 7c 29 5c c0	VSUBPH_YMMf16_MASKmskw_YMMf16_YMMf16_AVX512	6	exact	exact	structural_only	exact	decode_exact	cpu_legality_and_semantics_pending
VSUBPH_ZMMf16_MASKmskw_ZMMf16_MEMf16_AVX512	VSUBPH	FP16	AVX512EVEX	AVX512_FP16_512	64	62 f5 7c 49 5c 00	VSUBPH_ZMMf16_MASKmskw_ZMMf16_MEMf16_AVX512	6	exact	exact	structural_only	exact	decode_exact	cpu_legality_and_semantics_pending
VSUBPH_ZMMf16_MASKmskw_ZMMf16_ZMMf16_AVX512	VSUBPH	FP16	AVX512EVEX	AVX512_FP16_512	64	62 f5 7c 49 5c c0	VSUBPH_ZMMf16_MASKmskw_ZMMf16_ZMMf16_AVX512	6	exact	exact	structural_only	exact	decode_exact	cpu_legality_and_semantics_pending
VSUBSH_XMMf16_MASKmskw_XMMf16_MEMf16_AVX512	VSUBSH	FP16	AVX512EVEX	AVX512_FP16_SCALAR	64	62 f5 7e 09 5c 00	VSUBSH_XMMf16_MASKmskw_XMMf16_MEMf16_AVX512	6	exact	exact	structural_only	exact	decode_exact	cpu_legality_and_semantics_pending
VSUBSH_XMMf16_MASKmskw_XMMf16_XMMf16_AVX512	VSUBSH	FP16	AVX512EVEX	AVX512_FP16_SCALAR	64	62 f5 7e 09 5c c0	VSUBSH_XMMf16_MASKmskw_XMMf16_XMMf16_AVX512	6	exact	exact	structural_only	exact	decode_exact	cpu_legality_and_semantics_pending
VUCOMXSD_XMMf64_MEMf64_AVX512	VUCOMXSD	AVX512	AVX512EVEX	AVX512_COM_EF_SCALAR	64	62 f1 ff 08 2e 00	VUCOMXSD_XMMf64_MEMf64_AVX512	6	exact	exact	structural_only	exact	decode_exact	cpu_legality_and_semantics_pending
VUCOMXSD_XMMf64_XMMf64_AVX512	VUCOMXSD	AVX512	AVX512EVEX	AVX512_COM_EF_SCALAR	64	62 f1 ff 18 2e c0	VUCOMXSD_XMMf64_XMMf64_AVX512	6	exact	exact	structural_only	exact	decode_exact	cpu_legality_and_semantics_pending
VUCOMXSH_XMMf16_MEMf16_AVX512	VUCOMXSH	AVX512	AVX512EVEX	AVX512_COM_EF_SCALAR	64	62 f5 7e 08 2e 00	VUCOMXSH_XMMf16_MEMf16_AVX512	6	exact	exact	structural_only	exact	decode_exact	cpu_legality_and_semantics_pending
VUCOMXSH_XMMf16_XMMf16_AVX512	VUCOMXSH	AVX512	AVX512EVEX	AVX512_COM_EF_SCALAR	64	62 f5 7e 08 2e c0	VUCOMXSH_XMMf16_XMMf16_AVX512	6	exact	exact	structural_only	exact	decode_exact	cpu_legality_and_semantics_pending
VUCOMXSS_XMMf32_MEMf32_AVX512	VUCOMXSS	AVX512	AVX512EVEX	AVX512_COM_EF_SCALAR	64	62 f1 7e 08 2e 00	VUCOMXSS_XMMf32_MEMf32_AVX512	6	exact	exact	structural_only	exact	decode_exact	cpu_legality_and_semantics_pending
VUCOMXSS_XMMf32_XMMf32_AVX512	VUCOMXSS	AVX512	AVX512EVEX	AVX512_COM_EF_SCALAR	64	62 f1 7e 18 2e c0	VUCOMXSS_XMMf32_XMMf32_AVX512	6	exact	exact	structural_only	exact	decode_exact	cpu_legality_and_semantics_pending
VUNPACKB_XMMu8_MASKmskw_MEMu8_IMM8_AVX512	VUNPACKB	AVX512	AVX512EVEX	AVX10_V2_AUX_128	64	62 f3 7c 09 3d 00 00	VUNPACKB_XMMu8_MASKmskw_MEMu8_IMM8_AVX512	7	exact	exact	structural_only	exact	decode_exact	cpu_legality_and_semantics_pending
VUNPACKB_XMMu8_MASKmskw_XMMu8_IMM8_AVX512	VUNPACKB	AVX512	AVX512EVEX	AVX10_V2_AUX_128	64	62 f3 7c 09 3d c0 00	VUNPACKB_XMMu8_MASKmskw_XMMu8_IMM8_AVX512	7	exact	exact	structural_only	exact	decode_exact	cpu_legality_and_semantics_pending
VUNPACKB_YMMu8_MASKmskw_MEMu8_IMM8_AVX512	VUNPACKB	AVX512	AVX512EVEX	AVX10_V2_AUX_256	64	62 f3 7c 29 3d 00 00	VUNPACKB_YMMu8_MASKmskw_MEMu8_IMM8_AVX512	7	exact	exact	structural_only	exact	decode_exact	cpu_legality_and_semantics_pending
VUNPACKB_YMMu8_MASKmskw_YMMu8_IMM8_AVX512	VUNPACKB	AVX512	AVX512EVEX	AVX10_V2_AUX_256	64	62 f3 7c 29 3d c0 00	VUNPACKB_YMMu8_MASKmskw_YMMu8_IMM8_AVX512	7	exact	exact	structural_only	exact	decode_exact	cpu_legality_and_semantics_pending
VUNPACKB_ZMMu8_MASKmskw_MEMu8_IMM8_AVX512	VUNPACKB	AVX512	AVX512EVEX	AVX10_V2_AUX_512	64	62 f3 7c 49 3d 00 00	VUNPACKB_ZMMu8_MASKmskw_MEMu8_IMM8_AVX512	7	exact	exact	structural_only	exact	decode_exact	cpu_legality_and_semantics_pending
VUNPACKB_ZMMu8_MASKmskw_ZMMu8_IMM8_AVX512	VUNPACKB	AVX512	AVX512EVEX	AVX10_V2_AUX_512	64	62 f3 7c 49 3d c0 00	VUNPACKB_ZMMu8_MASKmskw_ZMMu8_IMM8_AVX512	7	exact	exact	structural_only	exact	decode_exact	cpu_legality_and_semantics_pending
XSTORE	XSTORE	VIA_PADLOCK	VIA_PADLOCK_RNG	VIA_PADLOCK_RNG	64	0f a7 c0	XSTORE	3	exact	exact	structural_only	exact	decode_exact	cpu_legality_and_semantics_pending
