gap_probe_apxlegacy_00000	0x00010000	64	0x1000	EXTRA_OK	3	@	@	d5 08 50
gap_probe_apxlegacy_00001	0x00010000	64	0x1000	EXTRA_OK	3	@	@	d5 08 58
gap_probe_longmode_00002	0x00010000	64	0x1000	EXTRA_OK	3	@	@	f2 48 a5
gap_probe_longmode_00003	0x00010000	64	0x1000	EXTRA_OK	3	@	@	f3 48 a7
gap_probe_longmode_00004	0x00010000	64	0x1000	EXTRA_OK	3	@	@	f2 48 a7
gap_probe_longmode_00005	0x00010000	64	0x1000	EXTRA_OK	3	@	@	f2 48 ab
gap_probe_longmode_00006	0x00010000	64	0x1000	EXTRA_OK	3	@	@	f3 48 ad
gap_probe_longmode_00007	0x00010000	64	0x1000	EXTRA_OK	3	@	@	f3 48 af
gap_probe_longmode_00008	0x00010000	64	0x1000	EXTRA_OK	3	@	@	f2 48 af
gap_probe_x87_00009	0x00010000	64	0x1000	EXTRA_OK	2	@	@	db e1
gap_probe_x87_00010	0x00010000	64	0x1000	EXTRA_OK	2	@	@	db e0
gap_probe_x87_00011	0x00010000	64	0x1000	EXTRA_OK	2	@	@	db e4
gap_probe_base_00012	0x00010000	32	0x1000	EXTRA_OK	7	@	@	ea 00 00 00 00 00 00
gap_probe_base_00013	0x00010000	64	0x1000	EXTRA_OK	2	@	@	ff 28
gap_probe_lkgs_00014	0x00010000	64	0x1000	EXTRA_OK	4	@	@	f2 0f 00 f0
gap_probe_lkgs_00015	0x00010000	64	0x1000	EXTRA_OK	4	@	@	f2 0f 00 30
gap_probe_fred_00016	0x00010000	64	0x1000	EXTRA_OK	4	@	@	f2 0f 01 ca
gap_probe_fred_00017	0x00010000	64	0x1000	EXTRA_OK	4	@	@	f3 0f 01 ca
gap_probe_tdx_00018	0x00010000	64	0x1000	EXTRA_OK	4	@	@	66 0f 01 cf
gap_probe_tdx_00019	0x00010000	64	0x1000	EXTRA_OK	4	@	@	66 0f 01 ce
gap_probe_tdx_00020	0x00010000	64	0x1000	EXTRA_OK	4	@	@	66 0f 01 cd
gap_probe_longmode_00021	0x00010000	64	0x1000	EXTRA_OK	3	@	@	0f 01 f8
gap_probe_tdx_00022	0x00010000	64	0x1000	EXTRA_OK	4	@	@	66 0f 01 cc
gap_probe_longmode_00023	0x00010000	64	0x1000	EXTRA_OK	3	@	@	48 0f 07
gap_probe_base_00024	0x00010000	32	0x1000	EXTRA_OK	2	@	@	0f 07
gap_probe_base_00025	0x00010000	64	0x1000	EXTRA_OK	6	@	@	0f 83 00 00 00 00
gap_probe_base_00026	0x00010000	64	0x1000	EXTRA_OK	6	@	@	0f 84 00 00 00 00
gap_probe_base_00027	0x00010000	64	0x1000	EXTRA_OK	6	@	@	0f 85 00 00 00 00
gap_probe_base_00028	0x00010000	64	0x1000	EXTRA_OK	6	@	@	0f 87 00 00 00 00
gap_probe_base_00029	0x00010000	64	0x1000	EXTRA_OK	6	@	@	0f 8d 00 00 00 00
gap_probe_base_00030	0x00010000	64	0x1000	EXTRA_OK	6	@	@	0f 8f 00 00 00 00
gap_probe_via_padlock_montmul_00031	0x00010000	16	0x1000	EXTRA_OK	4	@	@	f3 0f a6 c0
gap_probe_via_padlock_sha_00032	0x00010000	64	0x1000	EXTRA_OK	4	@	@	f3 0f a6 c8
gap_probe_via_padlock_sha_00033	0x00010000	64	0x1000	EXTRA_OK	4	@	@	f3 0f a6 d0
gap_probe_via_padlock_aes_00034	0x00010000	64	0x1000	EXTRA_OK	4	@	@	f3 0f a7 d0
gap_probe_via_padlock_aes_00035	0x00010000	64	0x1000	EXTRA_OK	4	@	@	f3 0f a7 e0
gap_probe_via_padlock_aes_00036	0x00010000	64	0x1000	EXTRA_OK	4	@	@	f3 0f a7 d8
gap_probe_via_padlock_aes_00037	0x00010000	64	0x1000	EXTRA_OK	4	@	@	f3 0f a7 c8
gap_probe_via_padlock_aes_00038	0x00010000	64	0x1000	EXTRA_OK	4	@	@	f3 0f a7 e8
gap_probe_via_padlock_rng_00039	0x00010000	64	0x1000	EXTRA_OK	4	@	@	f3 0f a7 c0
gap_probe_via_padlock_rng_00040	0x00010000	64	0x1000	EXTRA_OK	3	@	@	0f a7 c0
gap_probe_movrs_00041	0x00010000	64	0x1000	EXTRA_OK	4	@	@	0f 38 8a 00
gap_probe_movrs_00042	0x00010000	64	0x1000	EXTRA_OK	4	@	@	0f 38 8b 00
gap_probe_avx2gather_00043	0x00010000	64	0x1000	EXTRA_OK	6	@	@	c4 e2 79 90 0c 10
gap_probe_avx2gather_00044	0x00010000	64	0x1000	EXTRA_OK	6	@	@	c4 e2 7d 90 0c 10
gap_probe_avx2gather_00045	0x00010000	64	0x1000	EXTRA_OK	6	@	@	c4 e2 f9 90 0c 10
gap_probe_avx2gather_00046	0x00010000	64	0x1000	EXTRA_OK	6	@	@	c4 e2 fd 90 0c 10
gap_probe_avx2gather_00047	0x00010000	64	0x1000	EXTRA_OK	6	@	@	c4 e2 79 91 0c 10
gap_probe_avx2gather_00048	0x00010000	64	0x1000	EXTRA_OK	6	@	@	c4 e2 7d 91 0c 10
gap_probe_avx2gather_00049	0x00010000	64	0x1000	EXTRA_OK	6	@	@	c4 e2 f9 91 0c 10
gap_probe_avx2gather_00050	0x00010000	64	0x1000	EXTRA_OK	6	@	@	c4 e2 fd 91 0c 10
gap_probe_avx2gather_00051	0x00010000	64	0x1000	EXTRA_OK	6	@	@	c4 e2 f9 92 0c 10
gap_probe_avx2gather_00052	0x00010000	64	0x1000	EXTRA_OK	6	@	@	c4 e2 fd 92 0c 10
gap_probe_avx2gather_00053	0x00010000	64	0x1000	EXTRA_OK	6	@	@	c4 e2 79 92 0c 10
gap_probe_avx2gather_00054	0x00010000	64	0x1000	EXTRA_OK	6	@	@	c4 e2 7d 92 0c 10
gap_probe_avx2gather_00055	0x00010000	64	0x1000	EXTRA_OK	6	@	@	c4 e2 f9 93 0c 10
gap_probe_avx2gather_00056	0x00010000	64	0x1000	EXTRA_OK	6	@	@	c4 e2 fd 93 0c 10
gap_probe_avx2gather_00057	0x00010000	64	0x1000	EXTRA_OK	6	@	@	c4 e2 79 93 0c 10
gap_probe_avx2gather_00058	0x00010000	64	0x1000	EXTRA_OK	6	@	@	c4 e2 7d 93 0c 10
gap_probe_avx512evex_00059	0x00010000	64	0x1000	EXTRA_OK	6	@	@	62 f1 ff 09 12 00
gap_probe_avx512evex_00060	0x00010000	64	0x1000	EXTRA_OK	6	@	@	62 f1 ff 09 12 c0
gap_probe_avx512evex_00061	0x00010000	64	0x1000	EXTRA_OK	6	@	@	62 f1 ff 29 12 00
gap_probe_avx512evex_00062	0x00010000	64	0x1000	EXTRA_OK	6	@	@	62 f1 ff 29 12 c0
gap_probe_avx512evex_00063	0x00010000	64	0x1000	EXTRA_OK	6	@	@	62 f1 ff 49 12 00
gap_probe_avx512evex_00064	0x00010000	64	0x1000	EXTRA_OK	6	@	@	62 f1 ff 49 12 c0
gap_probe_avx512evex_00065	0x00010000	64	0x1000	EXTRA_OK	6	@	@	62 f1 7c 08 12 c0
gap_probe_avx512evex_00066	0x00010000	64	0x1000	EXTRA_OK	6	@	@	62 f1 fd 08 12 00
gap_probe_avx512evex_00067	0x00010000	64	0x1000	EXTRA_OK	6	@	@	62 f1 7c 08 12 00
gap_probe_avx512evex_00068	0x00010000	64	0x1000	EXTRA_OK	6	@	@	62 f1 fd 08 13 00
gap_probe_avx512evex_00069	0x00010000	64	0x1000	EXTRA_OK	6	@	@	62 f1 7c 08 13 00
gap_probe_avx512evex_00070	0x00010000	64	0x1000	EXTRA_OK	6	@	@	62 f1 fd 08 16 00
gap_probe_avx512evex_00071	0x00010000	64	0x1000	EXTRA_OK	6	@	@	62 f1 7c 08 16 00
gap_probe_avx512evex_00072	0x00010000	64	0x1000	EXTRA_OK	6	@	@	62 f1 7c 08 16 c0
gap_probe_avx512evex_00073	0x00010000	64	0x1000	EXTRA_OK	6	@	@	62 f1 fd 08 17 00
gap_probe_avx512evex_00074	0x00010000	64	0x1000	EXTRA_OK	6	@	@	62 f1 7c 08 17 00
gap_probe_avx512evex_00075	0x00010000	64	0x1000	EXTRA_OK	6	@	@	62 f1 7f 08 2a c0
gap_probe_avx512evex_00076	0x00010000	64	0x1000	EXTRA_OK	6	@	@	62 f1 7f 08 2a 00
gap_probe_avx512evex_00077	0x00010000	64	0x1000	EXTRA_OK	6	@	@	62 f1 ff 08 2a 00
gap_probe_avx512evex_00078	0x00010000	64	0x1000	EXTRA_OK	6	@	@	62 f1 7e 08 2a c0
gap_probe_avx512evex_00079	0x00010000	64	0x1000	EXTRA_OK	6	@	@	62 f1 fe 08 2a c0
gap_probe_avx512evex_00080	0x00010000	64	0x1000	EXTRA_OK	6	@	@	62 f1 7e 08 2a 00
gap_probe_avx512evex_00081	0x00010000	64	0x1000	EXTRA_OK	6	@	@	62 f1 fe 08 2a 00
gap_probe_avx512evex_00082	0x00010000	64	0x1000	EXTRA_OK	6	@	@	62 f1 7f 08 2c 00
gap_probe_avx512evex_00083	0x00010000	64	0x1000	EXTRA_OK	6	@	@	62 f1 ff 08 2c 00
gap_probe_avx512evex_00084	0x00010000	64	0x1000	EXTRA_OK	6	@	@	62 f1 ff 08 2c c0
gap_probe_avx512evex_00085	0x00010000	64	0x1000	EXTRA_OK	6	@	@	62 f1 7e 08 2c 00
gap_probe_avx512evex_00086	0x00010000	64	0x1000	EXTRA_OK	6	@	@	62 f1 7e 08 2c c0
gap_probe_avx512evex_00087	0x00010000	64	0x1000	EXTRA_OK	6	@	@	62 f1 fe 08 2c 00
gap_probe_avx512evex_00088	0x00010000	64	0x1000	EXTRA_OK	6	@	@	62 f1 fe 18 2c c0
gap_probe_avx512evex_00089	0x00010000	64	0x1000	EXTRA_OK	6	@	@	62 f1 7f 08 2d 00
gap_probe_avx512evex_00090	0x00010000	64	0x1000	EXTRA_OK	6	@	@	62 f1 7f 18 2d c0
gap_probe_avx512evex_00091	0x00010000	64	0x1000	EXTRA_OK	6	@	@	62 f1 ff 08 2d 00
gap_probe_avx512evex_00092	0x00010000	64	0x1000	EXTRA_OK	6	@	@	62 f1 ff 18 2d c0
gap_probe_avx512evex_00093	0x00010000	64	0x1000	EXTRA_OK	6	@	@	62 f1 7e 08 2d 00
gap_probe_avx512evex_00094	0x00010000	64	0x1000	EXTRA_OK	6	@	@	62 f1 7e 18 2d c0
gap_probe_avx512evex_00095	0x00010000	64	0x1000	EXTRA_OK	6	@	@	62 f1 fe 08 2d 00
gap_probe_avx512evex_00096	0x00010000	64	0x1000	EXTRA_OK	6	@	@	62 f1 fe 18 2d c0
gap_probe_avx512evex_00097	0x00010000	64	0x1000	EXTRA_OK	6	@	@	62 f1 ff 08 2e 00
gap_probe_avx512evex_00098	0x00010000	64	0x1000	EXTRA_OK	6	@	@	62 f1 ff 18 2e c0
gap_probe_avx512evex_00099	0x00010000	64	0x1000	EXTRA_OK	6	@	@	62 f1 7e 08 2e 00
gap_probe_avx512evex_00100	0x00010000	64	0x1000	EXTRA_OK	6	@	@	62 f1 7e 18 2e c0
gap_probe_avx512evex_00101	0x00010000	64	0x1000	EXTRA_OK	6	@	@	62 f1 ff 08 2f 00
gap_probe_avx512evex_00102	0x00010000	64	0x1000	EXTRA_OK	6	@	@	62 f1 ff 08 2f c0
gap_probe_avx512evex_00103	0x00010000	64	0x1000	EXTRA_OK	6	@	@	62 f1 7e 08 2f 00
gap_probe_avx512evex_00104	0x00010000	64	0x1000	EXTRA_OK	6	@	@	62 f1 7e 18 2f c0
gap_probe_avx512evex_00105	0x00010000	64	0x1000	EXTRA_OK	6	@	@	62 f1 fc 09 5b 00
gap_probe_avx512evex_00106	0x00010000	64	0x1000	EXTRA_OK	6	@	@	62 f1 fc 29 5b 00
gap_probe_avx512evex_00107	0x00010000	64	0x1000	EXTRA_OK	6	@	@	62 f1 fc 09 5b c0
gap_probe_avx512evex_00108	0x00010000	64	0x1000	EXTRA_OK	6	@	@	62 f1 fc 29 5b c0
gap_probe_avx512evex_00109	0x00010000	64	0x1000	EXTRA_OK	6	@	@	62 f1 fc 49 5b 00
gap_probe_avx512evex_00110	0x00010000	64	0x1000	EXTRA_OK	6	@	@	62 f1 fc 59 5b c0
gap_probe_avx512evex_00111	0x00010000	64	0x1000	EXTRA_OK	6	@	@	62 f1 7d 08 6e 00
gap_probe_avx512evex_00112	0x00010000	64	0x1000	EXTRA_OK	6	@	@	62 f1 7d 09 6f 00
gap_probe_avx512evex_00113	0x00010000	64	0x1000	EXTRA_OK	6	@	@	62 f1 7d 09 6f c0
gap_probe_avx512evex_00114	0x00010000	64	0x1000	EXTRA_OK	6	@	@	62 f1 7d 29 6f 00
gap_probe_avx512evex_00115	0x00010000	64	0x1000	EXTRA_OK	6	@	@	62 f1 7d 29 6f c0
gap_probe_avx512evex_00116	0x00010000	64	0x1000	EXTRA_OK	6	@	@	62 f1 7d 49 6f 00
gap_probe_avx512evex_00117	0x00010000	64	0x1000	EXTRA_OK	6	@	@	62 f1 7d 49 6f c0
gap_probe_avx512evex_00118	0x00010000	64	0x1000	EXTRA_OK	6	@	@	62 f1 fd 09 6f 00
gap_probe_avx512evex_00119	0x00010000	64	0x1000	EXTRA_OK	6	@	@	62 f1 fd 09 6f c0
gap_probe_avx512evex_00120	0x00010000	64	0x1000	EXTRA_OK	6	@	@	62 f1 fd 29 6f 00
gap_probe_avx512evex_00121	0x00010000	64	0x1000	EXTRA_OK	6	@	@	62 f1 fd 29 6f c0
gap_probe_avx512evex_00122	0x00010000	64	0x1000	EXTRA_OK	6	@	@	62 f1 fd 49 6f 00
gap_probe_avx512evex_00123	0x00010000	64	0x1000	EXTRA_OK	6	@	@	62 f1 fd 49 6f c0
gap_probe_avx512evex_00124	0x00010000	64	0x1000	EXTRA_OK	6	@	@	62 f1 ff 09 6f 00
gap_probe_avx512evex_00125	0x00010000	64	0x1000	EXTRA_OK	6	@	@	62 f1 ff 09 6f c0
gap_probe_avx512evex_00126	0x00010000	64	0x1000	EXTRA_OK	6	@	@	62 f1 ff 29 6f 00
gap_probe_avx512evex_00127	0x00010000	64	0x1000	EXTRA_OK	6	@	@	62 f1 ff 29 6f c0
gap_probe_avx512evex_00128	0x00010000	64	0x1000	EXTRA_OK	6	@	@	62 f1 ff 49 6f 00
gap_probe_avx512evex_00129	0x00010000	64	0x1000	EXTRA_OK	6	@	@	62 f1 ff 49 6f c0
gap_probe_avx512evex_00130	0x00010000	64	0x1000	EXTRA_OK	6	@	@	62 f1 7e 09 6f 00
gap_probe_avx512evex_00131	0x00010000	64	0x1000	EXTRA_OK	6	@	@	62 f1 7e 09 6f c0
gap_probe_avx512evex_00132	0x00010000	64	0x1000	EXTRA_OK	6	@	@	62 f1 7e 29 6f 00
gap_probe_avx512evex_00133	0x00010000	64	0x1000	EXTRA_OK	6	@	@	62 f1 7e 29 6f c0
gap_probe_avx512evex_00134	0x00010000	64	0x1000	EXTRA_OK	6	@	@	62 f1 7e 49 6f 00
gap_probe_avx512evex_00135	0x00010000	64	0x1000	EXTRA_OK	6	@	@	62 f1 7e 49 6f c0
gap_probe_avx512evex_00136	0x00010000	64	0x1000	EXTRA_OK	6	@	@	62 f1 fe 09 6f 00
gap_probe_avx512evex_00137	0x00010000	64	0x1000	EXTRA_OK	6	@	@	62 f1 fe 09 6f c0
gap_probe_avx512evex_00138	0x00010000	64	0x1000	EXTRA_OK	6	@	@	62 f1 fe 29 6f 00
gap_probe_avx512evex_00139	0x00010000	64	0x1000	EXTRA_OK	6	@	@	62 f1 fe 29 6f c0
gap_probe_avx512evex_00140	0x00010000	64	0x1000	EXTRA_OK	6	@	@	62 f1 fe 49 6f 00
gap_probe_avx512evex_00141	0x00010000	64	0x1000	EXTRA_OK	6	@	@	62 f1 fe 49 6f c0
gap_probe_avx512evex_00142	0x00010000	64	0x1000	EXTRA_OK	6	@	@	62 f1 7f 09 6f 00
gap_probe_avx512evex_00143	0x00010000	64	0x1000	EXTRA_OK	6	@	@	62 f1 7f 09 6f c0
gap_probe_avx512evex_00144	0x00010000	64	0x1000	EXTRA_OK	6	@	@	62 f1 7f 29 6f 00
gap_probe_avx512evex_00145	0x00010000	64	0x1000	EXTRA_OK	6	@	@	62 f1 7f 29 6f c0
gap_probe_avx512evex_00146	0x00010000	64	0x1000	EXTRA_OK	6	@	@	62 f1 7f 49 6f 00
gap_probe_avx512evex_00147	0x00010000	64	0x1000	EXTRA_OK	6	@	@	62 f1 7f 49 6f c0
gap_probe_avx512evex_00148	0x00010000	64	0x1000	EXTRA_OK	6	@	@	62 f1 fc 09 78 00
gap_probe_avx512evex_00149	0x00010000	64	0x1000	EXTRA_OK	6	@	@	62 f1 fc 29 78 00
gap_probe_avx512evex_00150	0x00010000	64	0x1000	EXTRA_OK	6	@	@	62 f1 fc 09 78 c0
gap_probe_avx512evex_00151	0x00010000	64	0x1000	EXTRA_OK	6	@	@	62 f1 fc 29 78 c0
gap_probe_avx512evex_00152	0x00010000	64	0x1000	EXTRA_OK	6	@	@	62 f1 fc 49 78 00
gap_probe_avx512evex_00153	0x00010000	64	0x1000	EXTRA_OK	6	@	@	62 f1 fc 59 78 c0
gap_probe_avx512evex_00154	0x00010000	64	0x1000	EXTRA_OK	6	@	@	62 f1 fd 09 78 00
gap_probe_avx512evex_00155	0x00010000	64	0x1000	EXTRA_OK	6	@	@	62 f1 fd 09 78 c0
gap_probe_avx512evex_00156	0x00010000	64	0x1000	EXTRA_OK	6	@	@	62 f1 fd 29 78 00
gap_probe_avx512evex_00157	0x00010000	64	0x1000	EXTRA_OK	6	@	@	62 f1 fd 29 78 c0
gap_probe_avx512evex_00158	0x00010000	64	0x1000	EXTRA_OK	6	@	@	62 f1 fd 49 78 00
gap_probe_avx512evex_00159	0x00010000	64	0x1000	EXTRA_OK	6	@	@	62 f1 fd 49 78 c0
gap_probe_avx512evex_00160	0x00010000	64	0x1000	EXTRA_OK	6	@	@	62 f1 7c 09 78 00
gap_probe_avx512evex_00161	0x00010000	64	0x1000	EXTRA_OK	6	@	@	62 f1 7c 09 78 c0
gap_probe_avx512evex_00162	0x00010000	64	0x1000	EXTRA_OK	6	@	@	62 f1 7c 29 78 00
gap_probe_avx512evex_00163	0x00010000	64	0x1000	EXTRA_OK	6	@	@	62 f1 7c 29 78 c0
gap_probe_avx512evex_00164	0x00010000	64	0x1000	EXTRA_OK	6	@	@	62 f1 7c 49 78 00
gap_probe_avx512evex_00165	0x00010000	64	0x1000	EXTRA_OK	6	@	@	62 f1 7c 59 78 c0
gap_probe_avx512evex_00166	0x00010000	64	0x1000	EXTRA_OK	6	@	@	62 f1 7d 09 78 00
gap_probe_avx512evex_00167	0x00010000	64	0x1000	EXTRA_OK	6	@	@	62 f1 7d 09 78 c0
gap_probe_avx512evex_00168	0x00010000	64	0x1000	EXTRA_OK	6	@	@	62 f1 7d 29 78 00
gap_probe_avx512evex_00169	0x00010000	64	0x1000	EXTRA_OK	6	@	@	62 f1 7d 29 78 c0
gap_probe_avx512evex_00170	0x00010000	64	0x1000	EXTRA_OK	6	@	@	62 f1 7d 49 78 00
gap_probe_avx512evex_00171	0x00010000	64	0x1000	EXTRA_OK	6	@	@	62 f1 7d 59 78 c0
gap_probe_avx512evex_00172	0x00010000	64	0x1000	EXTRA_OK	6	@	@	62 f1 7f 08 78 00
gap_probe_avx512evex_00173	0x00010000	64	0x1000	EXTRA_OK	6	@	@	62 f1 7f 18 78 c0
gap_probe_avx512evex_00174	0x00010000	64	0x1000	EXTRA_OK	6	@	@	62 f1 ff 08 78 00
gap_probe_avx512evex_00175	0x00010000	64	0x1000	EXTRA_OK	6	@	@	62 f1 ff 08 78 c0
gap_probe_avx512evex_00176	0x00010000	64	0x1000	EXTRA_OK	6	@	@	62 f1 7e 08 78 00
gap_probe_avx512evex_00177	0x00010000	64	0x1000	EXTRA_OK	6	@	@	62 f1 7e 08 78 c0
gap_probe_avx512evex_00178	0x00010000	64	0x1000	EXTRA_OK	6	@	@	62 f1 fe 08 78 00
gap_probe_avx512evex_00179	0x00010000	64	0x1000	EXTRA_OK	6	@	@	62 f1 fe 08 78 c0
gap_probe_avx512evex_00180	0x00010000	64	0x1000	EXTRA_OK	6	@	@	62 f1 fc 09 79 00
gap_probe_avx512evex_00181	0x00010000	64	0x1000	EXTRA_OK	6	@	@	62 f1 fc 29 79 00
gap_probe_avx512evex_00182	0x00010000	64	0x1000	EXTRA_OK	6	@	@	62 f1 fc 09 79 c0
gap_probe_avx512evex_00183	0x00010000	64	0x1000	EXTRA_OK	6	@	@	62 f1 fc 29 79 c0
gap_probe_avx512evex_00184	0x00010000	64	0x1000	EXTRA_OK	6	@	@	62 f1 fc 49 79 00
gap_probe_avx512evex_00185	0x00010000	64	0x1000	EXTRA_OK	6	@	@	62 f1 fc 59 79 c0
gap_probe_avx512evex_00186	0x00010000	64	0x1000	EXTRA_OK	6	@	@	62 f1 fd 09 79 00
gap_probe_avx512evex_00187	0x00010000	64	0x1000	EXTRA_OK	6	@	@	62 f1 fd 09 79 c0
gap_probe_avx512evex_00188	0x00010000	64	0x1000	EXTRA_OK	6	@	@	62 f1 fd 29 79 00
gap_probe_avx512evex_00189	0x00010000	64	0x1000	EXTRA_OK	6	@	@	62 f1 fd 29 79 c0
gap_probe_avx512evex_00190	0x00010000	64	0x1000	EXTRA_OK	6	@	@	62 f1 fd 49 79 00
gap_probe_avx512evex_00191	0x00010000	64	0x1000	EXTRA_OK	6	@	@	62 f1 fd 49 79 c0
gap_probe_avx512evex_00192	0x00010000	64	0x1000	EXTRA_OK	6	@	@	62 f1 7c 09 79 00
gap_probe_avx512evex_00193	0x00010000	64	0x1000	EXTRA_OK	6	@	@	62 f1 7c 09 79 c0
gap_probe_avx512evex_00194	0x00010000	64	0x1000	EXTRA_OK	6	@	@	62 f1 7c 29 79 00
gap_probe_avx512evex_00195	0x00010000	64	0x1000	EXTRA_OK	6	@	@	62 f1 7c 29 79 c0
gap_probe_avx512evex_00196	0x00010000	64	0x1000	EXTRA_OK	6	@	@	62 f1 7c 49 79 00
gap_probe_avx512evex_00197	0x00010000	64	0x1000	EXTRA_OK	6	@	@	62 f1 7c 59 79 c0
gap_probe_avx512evex_00198	0x00010000	64	0x1000	EXTRA_OK	6	@	@	62 f1 7d 09 79 00
gap_probe_avx512evex_00199	0x00010000	64	0x1000	EXTRA_OK	6	@	@	62 f1 7d 09 79 c0
gap_probe_avx512evex_00200	0x00010000	64	0x1000	EXTRA_OK	6	@	@	62 f1 7d 29 79 00
gap_probe_avx512evex_00201	0x00010000	64	0x1000	EXTRA_OK	6	@	@	62 f1 7d 29 79 c0
gap_probe_avx512evex_00202	0x00010000	64	0x1000	EXTRA_OK	6	@	@	62 f1 7d 49 79 00
gap_probe_avx512evex_00203	0x00010000	64	0x1000	EXTRA_OK	6	@	@	62 f1 7d 49 79 c0
gap_probe_avx512evex_00204	0x00010000	64	0x1000	EXTRA_OK	6	@	@	62 f1 7f 08 79 00
gap_probe_avx512evex_00205	0x00010000	64	0x1000	EXTRA_OK	6	@	@	62 f1 7f 08 79 c0
gap_probe_avx512evex_00206	0x00010000	64	0x1000	EXTRA_OK	6	@	@	62 f1 ff 08 79 00
gap_probe_avx512evex_00207	0x00010000	64	0x1000	EXTRA_OK	6	@	@	62 f1 ff 18 79 c0
gap_probe_avx512evex_00208	0x00010000	64	0x1000	EXTRA_OK	6	@	@	62 f1 7e 08 79 00
gap_probe_avx512evex_00209	0x00010000	64	0x1000	EXTRA_OK	6	@	@	62 f1 7e 08 79 c0
gap_probe_avx512evex_00210	0x00010000	64	0x1000	EXTRA_OK	6	@	@	62 f1 fe 08 79 00
gap_probe_avx512evex_00211	0x00010000	64	0x1000	EXTRA_OK	6	@	@	62 f1 fe 08 79 c0
gap_probe_avx512evex_00212	0x00010000	64	0x1000	EXTRA_OK	6	@	@	62 f1 fd 09 7a 00
gap_probe_avx512evex_00213	0x00010000	64	0x1000	EXTRA_OK	6	@	@	62 f1 fd 09 7a c0
gap_probe_avx512evex_00214	0x00010000	64	0x1000	EXTRA_OK	6	@	@	62 f1 fd 29 7a 00
gap_probe_avx512evex_00215	0x00010000	64	0x1000	EXTRA_OK	6	@	@	62 f1 fd 29 7a c0
gap_probe_avx512evex_00216	0x00010000	64	0x1000	EXTRA_OK	6	@	@	62 f1 fd 49 7a 00
gap_probe_avx512evex_00217	0x00010000	64	0x1000	EXTRA_OK	6	@	@	62 f1 fd 59 7a c0
gap_probe_avx512evex_00218	0x00010000	64	0x1000	EXTRA_OK	6	@	@	62 f1 7d 09 7a 00
gap_probe_avx512evex_00219	0x00010000	64	0x1000	EXTRA_OK	6	@	@	62 f1 7d 09 7a c0
gap_probe_avx512evex_00220	0x00010000	64	0x1000	EXTRA_OK	6	@	@	62 f1 7d 29 7a 00
gap_probe_avx512evex_00221	0x00010000	64	0x1000	EXTRA_OK	6	@	@	62 f1 7d 29 7a c0
gap_probe_avx512evex_00222	0x00010000	64	0x1000	EXTRA_OK	6	@	@	62 f1 7d 49 7a 00
gap_probe_avx512evex_00223	0x00010000	64	0x1000	EXTRA_OK	6	@	@	62 f1 7d 59 7a c0
gap_probe_avx512evex_00224	0x00010000	64	0x1000	EXTRA_OK	6	@	@	62 f1 7e 09 7a 00
gap_probe_avx512evex_00225	0x00010000	64	0x1000	EXTRA_OK	6	@	@	62 f1 7e 09 7a c0
gap_probe_avx512evex_00226	0x00010000	64	0x1000	EXTRA_OK	6	@	@	62 f1 7e 29 7a 00
gap_probe_avx512evex_00227	0x00010000	64	0x1000	EXTRA_OK	6	@	@	62 f1 7e 29 7a c0
gap_probe_avx512evex_00228	0x00010000	64	0x1000	EXTRA_OK	6	@	@	62 f1 7e 49 7a 00
gap_probe_avx512evex_00229	0x00010000	64	0x1000	EXTRA_OK	6	@	@	62 f1 7e 49 7a c0
gap_probe_avx512evex_00230	0x00010000	64	0x1000	EXTRA_OK	6	@	@	62 f1 7f 09 7a 00
gap_probe_avx512evex_00231	0x00010000	64	0x1000	EXTRA_OK	6	@	@	62 f1 7f 09 7a c0
gap_probe_avx512evex_00232	0x00010000	64	0x1000	EXTRA_OK	6	@	@	62 f1 7f 29 7a 00
gap_probe_avx512evex_00233	0x00010000	64	0x1000	EXTRA_OK	6	@	@	62 f1 7f 29 7a c0
gap_probe_avx512evex_00234	0x00010000	64	0x1000	EXTRA_OK	6	@	@	62 f1 7f 49 7a 00
gap_probe_avx512evex_00235	0x00010000	64	0x1000	EXTRA_OK	6	@	@	62 f1 7f 59 7a c0
gap_probe_avx512evex_00236	0x00010000	64	0x1000	EXTRA_OK	6	@	@	62 f1 fe 09 7a 00
gap_probe_avx512evex_00237	0x00010000	64	0x1000	EXTRA_OK	6	@	@	62 f1 fe 09 7a c0
gap_probe_avx512evex_00238	0x00010000	64	0x1000	EXTRA_OK	6	@	@	62 f1 fe 29 7a 00
gap_probe_avx512evex_00239	0x00010000	64	0x1000	EXTRA_OK	6	@	@	62 f1 fe 29 7a c0
gap_probe_avx512evex_00240	0x00010000	64	0x1000	EXTRA_OK	6	@	@	62 f1 fe 49 7a 00
gap_probe_avx512evex_00241	0x00010000	64	0x1000	EXTRA_OK	6	@	@	62 f1 fe 49 7a c0
gap_probe_avx512evex_00242	0x00010000	64	0x1000	EXTRA_OK	6	@	@	62 f1 ff 09 7a 00
gap_probe_avx512evex_00243	0x00010000	64	0x1000	EXTRA_OK	6	@	@	62 f1 ff 29 7a 00
gap_probe_avx512evex_00244	0x00010000	64	0x1000	EXTRA_OK	6	@	@	62 f1 ff 09 7a c0
gap_probe_avx512evex_00245	0x00010000	64	0x1000	EXTRA_OK	6	@	@	62 f1 ff 29 7a c0
gap_probe_avx512evex_00246	0x00010000	64	0x1000	EXTRA_OK	6	@	@	62 f1 ff 49 7a 00
gap_probe_avx512evex_00247	0x00010000	64	0x1000	EXTRA_OK	6	@	@	62 f1 ff 59 7a c0
gap_probe_avx512evex_00248	0x00010000	64	0x1000	EXTRA_OK	6	@	@	62 f1 fd 09 7b 00
gap_probe_avx512evex_00249	0x00010000	64	0x1000	EXTRA_OK	6	@	@	62 f1 fd 09 7b c0
gap_probe_avx512evex_00250	0x00010000	64	0x1000	EXTRA_OK	6	@	@	62 f1 fd 29 7b 00
gap_probe_avx512evex_00251	0x00010000	64	0x1000	EXTRA_OK	6	@	@	62 f1 fd 29 7b c0
gap_probe_avx512evex_00252	0x00010000	64	0x1000	EXTRA_OK	6	@	@	62 f1 fd 49 7b 00
gap_probe_avx512evex_00253	0x00010000	64	0x1000	EXTRA_OK	6	@	@	62 f1 fd 49 7b c0
gap_probe_avx512evex_00254	0x00010000	64	0x1000	EXTRA_OK	6	@	@	62 f1 7d 09 7b 00
gap_probe_avx512evex_00255	0x00010000	64	0x1000	EXTRA_OK	6	@	@	62 f1 7d 09 7b c0
gap_probe_avx512evex_00256	0x00010000	64	0x1000	EXTRA_OK	6	@	@	62 f1 7d 29 7b 00
gap_probe_avx512evex_00257	0x00010000	64	0x1000	EXTRA_OK	6	@	@	62 f1 7d 29 7b c0
gap_probe_avx512evex_00258	0x00010000	64	0x1000	EXTRA_OK	6	@	@	62 f1 7d 49 7b 00
gap_probe_avx512evex_00259	0x00010000	64	0x1000	EXTRA_OK	6	@	@	62 f1 7d 59 7b c0
gap_probe_avx512evex_00260	0x00010000	64	0x1000	EXTRA_OK	6	@	@	62 f1 7f 08 7b c0
gap_probe_avx512evex_00261	0x00010000	64	0x1000	EXTRA_OK	6	@	@	62 f1 ff 08 7b c0
gap_probe_avx512evex_00262	0x00010000	64	0x1000	EXTRA_OK	6	@	@	62 f1 7f 08 7b 00
gap_probe_avx512evex_00263	0x00010000	64	0x1000	EXTRA_OK	6	@	@	62 f1 ff 08 7b 00
gap_probe_avx512evex_00264	0x00010000	64	0x1000	EXTRA_OK	6	@	@	62 f1 7e 08 7b c0
gap_probe_avx512evex_00265	0x00010000	64	0x1000	EXTRA_OK	6	@	@	62 f1 fe 18 7b c0
gap_probe_avx512evex_00266	0x00010000	64	0x1000	EXTRA_OK	6	@	@	62 f1 7e 08 7b 00
gap_probe_avx512evex_00267	0x00010000	64	0x1000	EXTRA_OK	6	@	@	62 f1 fe 08 7b 00
gap_probe_avx512evex_00268	0x00010000	64	0x1000	EXTRA_OK	6	@	@	62 f1 7d 08 7e c0
gap_probe_avx512evex_00269	0x00010000	64	0x1000	EXTRA_OK	6	@	@	62 f1 7d 08 7e 00
gap_probe_avx512evex_00270	0x00010000	64	0x1000	EXTRA_OK	6	@	@	62 f1 7e 08 7e 00
gap_probe_avx512evex_00271	0x00010000	64	0x1000	EXTRA_OK	6	@	@	62 f1 7e 08 7e c0
gap_probe_avx512evex_00272	0x00010000	64	0x1000	EXTRA_OK	6	@	@	62 f1 7d 09 7f 00
gap_probe_avx512evex_00273	0x00010000	64	0x1000	EXTRA_OK	6	@	@	62 f1 7d 29 7f 00
gap_probe_avx512evex_00274	0x00010000	64	0x1000	EXTRA_OK	6	@	@	62 f1 7d 49 7f 00
gap_probe_avx512evex_00275	0x00010000	64	0x1000	EXTRA_OK	6	@	@	62 f1 fd 09 7f 00
gap_probe_avx512evex_00276	0x00010000	64	0x1000	EXTRA_OK	6	@	@	62 f1 fd 29 7f 00
gap_probe_avx512evex_00277	0x00010000	64	0x1000	EXTRA_OK	6	@	@	62 f1 fd 49 7f 00
gap_probe_avx512evex_00278	0x00010000	64	0x1000	EXTRA_OK	6	@	@	62 f1 ff 09 7f 00
gap_probe_avx512evex_00279	0x00010000	64	0x1000	EXTRA_OK	6	@	@	62 f1 ff 29 7f 00
gap_probe_avx512evex_00280	0x00010000	64	0x1000	EXTRA_OK	6	@	@	62 f1 ff 49 7f 00
gap_probe_avx512evex_00281	0x00010000	64	0x1000	EXTRA_OK	6	@	@	62 f1 7e 09 7f 00
gap_probe_avx512evex_00282	0x00010000	64	0x1000	EXTRA_OK	6	@	@	62 f1 7e 29 7f 00
gap_probe_avx512evex_00283	0x00010000	64	0x1000	EXTRA_OK	6	@	@	62 f1 7e 49 7f 00
gap_probe_avx512evex_00284	0x00010000	64	0x1000	EXTRA_OK	6	@	@	62 f1 fe 09 7f 00
gap_probe_avx512evex_00285	0x00010000	64	0x1000	EXTRA_OK	6	@	@	62 f1 fe 29 7f 00
gap_probe_avx512evex_00286	0x00010000	64	0x1000	EXTRA_OK	6	@	@	62 f1 fe 49 7f 00
gap_probe_avx512evex_00287	0x00010000	64	0x1000	EXTRA_OK	6	@	@	62 f1 7f 09 7f 00
gap_probe_avx512evex_00288	0x00010000	64	0x1000	EXTRA_OK	6	@	@	62 f1 7f 29 7f 00
gap_probe_avx512evex_00289	0x00010000	64	0x1000	EXTRA_OK	6	@	@	62 f1 7f 49 7f 00
gap_probe_avx512evex_00290	0x00010000	64	0x1000	EXTRA_OK	6	@	@	62 f1 7d 08 d6 00
gap_probe_avx512evex_00291	0x00010000	64	0x1000	EXTRA_OK	6	@	@	62 f1 fe 09 e6 00
gap_probe_avx512evex_00292	0x00010000	64	0x1000	EXTRA_OK	6	@	@	62 f1 fe 09 e6 c0
gap_probe_avx512evex_00293	0x00010000	64	0x1000	EXTRA_OK	6	@	@	62 f1 fe 29 e6 00
gap_probe_avx512evex_00294	0x00010000	64	0x1000	EXTRA_OK	6	@	@	62 f1 fe 29 e6 c0
gap_probe_avx512evex_00295	0x00010000	64	0x1000	EXTRA_OK	6	@	@	62 f1 fe 49 e6 00
gap_probe_avx512evex_00296	0x00010000	64	0x1000	EXTRA_OK	6	@	@	62 f1 fe 49 e6 c0
gap_probe_avx512evex_00297	0x00010000	64	0x1000	EXTRA_OK	6	@	@	62 f2 7e 09 10 00
gap_probe_avx512evex_00298	0x00010000	64	0x1000	EXTRA_OK	6	@	@	62 f2 7e 29 10 00
gap_probe_avx512evex_00299	0x00010000	64	0x1000	EXTRA_OK	6	@	@	62 f2 7e 49 10 00
gap_probe_avx512evex_00300	0x00010000	64	0x1000	EXTRA_OK	6	@	@	62 f2 7e 09 10 c0
gap_probe_avx512evex_00301	0x00010000	64	0x1000	EXTRA_OK	6	@	@	62 f2 7e 29 10 c0
gap_probe_avx512evex_00302	0x00010000	64	0x1000	EXTRA_OK	6	@	@	62 f2 7e 49 10 c0
gap_probe_avx512evex_00303	0x00010000	64	0x1000	EXTRA_OK	6	@	@	62 f2 7e 09 11 00
gap_probe_avx512evex_00304	0x00010000	64	0x1000	EXTRA_OK	6	@	@	62 f2 7e 29 11 00
gap_probe_avx512evex_00305	0x00010000	64	0x1000	EXTRA_OK	6	@	@	62 f2 7e 49 11 00
gap_probe_avx512evex_00306	0x00010000	64	0x1000	EXTRA_OK	6	@	@	62 f2 7e 09 11 c0
gap_probe_avx512evex_00307	0x00010000	64	0x1000	EXTRA_OK	6	@	@	62 f2 7e 29 11 c0
gap_probe_avx512evex_00308	0x00010000	64	0x1000	EXTRA_OK	6	@	@	62 f2 7e 49 11 c0
gap_probe_avx512evex_00309	0x00010000	64	0x1000	EXTRA_OK	6	@	@	62 f2 7e 09 12 00
gap_probe_avx512evex_00310	0x00010000	64	0x1000	EXTRA_OK	6	@	@	62 f2 7e 29 12 00
gap_probe_avx512evex_00311	0x00010000	64	0x1000	EXTRA_OK	6	@	@	62 f2 7e 49 12 00
gap_probe_avx512evex_00312	0x00010000	64	0x1000	EXTRA_OK	6	@	@	62 f2 7e 09 12 c0
gap_probe_avx512evex_00313	0x00010000	64	0x1000	EXTRA_OK	6	@	@	62 f2 7e 29 12 c0
gap_probe_avx512evex_00314	0x00010000	64	0x1000	EXTRA_OK	6	@	@	62 f2 7e 49 12 c0
gap_probe_avx512evex_00315	0x00010000	64	0x1000	EXTRA_OK	6	@	@	62 f2 7e 09 13 00
gap_probe_avx512evex_00316	0x00010000	64	0x1000	EXTRA_OK	6	@	@	62 f2 7e 29 13 00
gap_probe_avx512evex_00317	0x00010000	64	0x1000	EXTRA_OK	6	@	@	62 f2 7e 49 13 00
gap_probe_avx512evex_00318	0x00010000	64	0x1000	EXTRA_OK	6	@	@	62 f2 7e 09 13 c0
gap_probe_avx512evex_00319	0x00010000	64	0x1000	EXTRA_OK	6	@	@	62 f2 7e 29 13 c0
gap_probe_avx512evex_00320	0x00010000	64	0x1000	EXTRA_OK	6	@	@	62 f2 7e 49 13 c0
gap_probe_avx512evex_00321	0x00010000	64	0x1000	EXTRA_OK	6	@	@	62 f2 7e 09 14 00
gap_probe_avx512evex_00322	0x00010000	64	0x1000	EXTRA_OK	6	@	@	62 f2 7e 29 14 00
gap_probe_avx512evex_00323	0x00010000	64	0x1000	EXTRA_OK	6	@	@	62 f2 7e 49 14 00
gap_probe_avx512evex_00324	0x00010000	64	0x1000	EXTRA_OK	6	@	@	62 f2 7e 09 14 c0
gap_probe_avx512evex_00325	0x00010000	64	0x1000	EXTRA_OK	6	@	@	62 f2 7e 29 14 c0
gap_probe_avx512evex_00326	0x00010000	64	0x1000	EXTRA_OK	6	@	@	62 f2 7e 49 14 c0
gap_probe_avx512evex_00327	0x00010000	64	0x1000	EXTRA_OK	6	@	@	62 f2 7e 09 15 00
gap_probe_avx512evex_00328	0x00010000	64	0x1000	EXTRA_OK	6	@	@	62 f2 7e 29 15 00
gap_probe_avx512evex_00329	0x00010000	64	0x1000	EXTRA_OK	6	@	@	62 f2 7e 49 15 00
gap_probe_avx512evex_00330	0x00010000	64	0x1000	EXTRA_OK	6	@	@	62 f2 7e 09 15 c0
gap_probe_avx512evex_00331	0x00010000	64	0x1000	EXTRA_OK	6	@	@	62 f2 7e 29 15 c0
gap_probe_avx512evex_00332	0x00010000	64	0x1000	EXTRA_OK	6	@	@	62 f2 7e 49 15 c0
gap_probe_avx512evex_00333	0x00010000	64	0x1000	EXTRA_OK	6	@	@	62 f2 7e 09 20 00
gap_probe_avx512evex_00334	0x00010000	64	0x1000	EXTRA_OK	6	@	@	62 f2 7e 29 20 00
gap_probe_avx512evex_00335	0x00010000	64	0x1000	EXTRA_OK	6	@	@	62 f2 7e 49 20 00
gap_probe_avx512evex_00336	0x00010000	64	0x1000	EXTRA_OK	6	@	@	62 f2 7e 09 20 c0
gap_probe_avx512evex_00337	0x00010000	64	0x1000	EXTRA_OK	6	@	@	62 f2 7e 29 20 c0
gap_probe_avx512evex_00338	0x00010000	64	0x1000	EXTRA_OK	6	@	@	62 f2 7e 49 20 c0
gap_probe_avx512evex_00339	0x00010000	64	0x1000	EXTRA_OK	6	@	@	62 f2 7e 09 21 00
gap_probe_avx512evex_00340	0x00010000	64	0x1000	EXTRA_OK	6	@	@	62 f2 7e 29 21 00
gap_probe_avx512evex_00341	0x00010000	64	0x1000	EXTRA_OK	6	@	@	62 f2 7e 49 21 00
gap_probe_avx512evex_00342	0x00010000	64	0x1000	EXTRA_OK	6	@	@	62 f2 7e 09 21 c0
gap_probe_avx512evex_00343	0x00010000	64	0x1000	EXTRA_OK	6	@	@	62 f2 7e 29 21 c0
gap_probe_avx512evex_00344	0x00010000	64	0x1000	EXTRA_OK	6	@	@	62 f2 7e 49 21 c0
gap_probe_avx512evex_00345	0x00010000	64	0x1000	EXTRA_OK	6	@	@	62 f2 7e 09 22 00
gap_probe_avx512evex_00346	0x00010000	64	0x1000	EXTRA_OK	6	@	@	62 f2 7e 29 22 00
gap_probe_avx512evex_00347	0x00010000	64	0x1000	EXTRA_OK	6	@	@	62 f2 7e 49 22 00
gap_probe_avx512evex_00348	0x00010000	64	0x1000	EXTRA_OK	6	@	@	62 f2 7e 09 22 c0
gap_probe_avx512evex_00349	0x00010000	64	0x1000	EXTRA_OK	6	@	@	62 f2 7e 29 22 c0
gap_probe_avx512evex_00350	0x00010000	64	0x1000	EXTRA_OK	6	@	@	62 f2 7e 49 22 c0
gap_probe_avx512evex_00351	0x00010000	64	0x1000	EXTRA_OK	6	@	@	62 f2 7e 09 23 00
gap_probe_avx512evex_00352	0x00010000	64	0x1000	EXTRA_OK	6	@	@	62 f2 7e 29 23 00
gap_probe_avx512evex_00353	0x00010000	64	0x1000	EXTRA_OK	6	@	@	62 f2 7e 49 23 00
gap_probe_avx512evex_00354	0x00010000	64	0x1000	EXTRA_OK	6	@	@	62 f2 7e 09 23 c0
gap_probe_avx512evex_00355	0x00010000	64	0x1000	EXTRA_OK	6	@	@	62 f2 7e 29 23 c0
gap_probe_avx512evex_00356	0x00010000	64	0x1000	EXTRA_OK	6	@	@	62 f2 7e 49 23 c0
gap_probe_avx512evex_00357	0x00010000	64	0x1000	EXTRA_OK	6	@	@	62 f2 7e 09 24 00
gap_probe_avx512evex_00358	0x00010000	64	0x1000	EXTRA_OK	6	@	@	62 f2 7e 29 24 00
gap_probe_avx512evex_00359	0x00010000	64	0x1000	EXTRA_OK	6	@	@	62 f2 7e 49 24 00
gap_probe_avx512evex_00360	0x00010000	64	0x1000	EXTRA_OK	6	@	@	62 f2 7e 09 24 c0
gap_probe_avx512evex_00361	0x00010000	64	0x1000	EXTRA_OK	6	@	@	62 f2 7e 29 24 c0
gap_probe_avx512evex_00362	0x00010000	64	0x1000	EXTRA_OK	6	@	@	62 f2 7e 49 24 c0
gap_probe_avx512evex_00363	0x00010000	64	0x1000	EXTRA_OK	6	@	@	62 f2 7e 09 25 00
gap_probe_avx512evex_00364	0x00010000	64	0x1000	EXTRA_OK	6	@	@	62 f2 7e 29 25 00
gap_probe_avx512evex_00365	0x00010000	64	0x1000	EXTRA_OK	6	@	@	62 f2 7e 49 25 00
gap_probe_avx512evex_00366	0x00010000	64	0x1000	EXTRA_OK	6	@	@	62 f2 7e 09 25 c0
gap_probe_avx512evex_00367	0x00010000	64	0x1000	EXTRA_OK	6	@	@	62 f2 7e 29 25 c0
gap_probe_avx512evex_00368	0x00010000	64	0x1000	EXTRA_OK	6	@	@	62 f2 7e 49 25 c0
gap_probe_avx512evex_00369	0x00010000	64	0x1000	EXTRA_OK	6	@	@	62 f2 7e 08 28 c0
gap_probe_avx512evex_00370	0x00010000	64	0x1000	EXTRA_OK	6	@	@	62 f2 7e 28 28 c0
gap_probe_avx512evex_00371	0x00010000	64	0x1000	EXTRA_OK	6	@	@	62 f2 7e 48 28 c0
gap_probe_avx512evex_00372	0x00010000	64	0x1000	EXTRA_OK	6	@	@	62 f2 fe 08 28 c0
gap_probe_avx512evex_00373	0x00010000	64	0x1000	EXTRA_OK	6	@	@	62 f2 fe 28 28 c0
gap_probe_avx512evex_00374	0x00010000	64	0x1000	EXTRA_OK	6	@	@	62 f2 fe 48 28 c0
gap_probe_avx512evex_00375	0x00010000	64	0x1000	EXTRA_OK	6	@	@	62 f2 7e 08 29 c0
gap_probe_avx512evex_00376	0x00010000	64	0x1000	EXTRA_OK	6	@	@	62 f2 7e 28 29 c0
gap_probe_avx512evex_00377	0x00010000	64	0x1000	EXTRA_OK	6	@	@	62 f2 7e 48 29 c0
gap_probe_avx512evex_00378	0x00010000	64	0x1000	EXTRA_OK	6	@	@	62 f2 fe 08 29 c0
gap_probe_avx512evex_00379	0x00010000	64	0x1000	EXTRA_OK	6	@	@	62 f2 fe 28 29 c0
gap_probe_avx512evex_00380	0x00010000	64	0x1000	EXTRA_OK	6	@	@	62 f2 fe 48 29 c0
gap_probe_avx512evex_00381	0x00010000	64	0x1000	EXTRA_OK	6	@	@	62 f2 fd 09 2c 00
gap_probe_avx512evex_00382	0x00010000	64	0x1000	EXTRA_OK	6	@	@	62 f2 fd 09 2c c0
gap_probe_avx512evex_00383	0x00010000	64	0x1000	EXTRA_OK	6	@	@	62 f2 fd 29 2c 00
gap_probe_avx512evex_00384	0x00010000	64	0x1000	EXTRA_OK	6	@	@	62 f2 fd 29 2c c0
gap_probe_avx512evex_00385	0x00010000	64	0x1000	EXTRA_OK	6	@	@	62 f2 fd 49 2c 00
gap_probe_avx512evex_00386	0x00010000	64	0x1000	EXTRA_OK	6	@	@	62 f2 fd 59 2c c0
gap_probe_avx512evex_00387	0x00010000	64	0x1000	EXTRA_OK	6	@	@	62 f2 7d 09 2c 00
gap_probe_avx512evex_00388	0x00010000	64	0x1000	EXTRA_OK	6	@	@	62 f2 7d 09 2c c0
gap_probe_avx512evex_00389	0x00010000	64	0x1000	EXTRA_OK	6	@	@	62 f2 7d 29 2c 00
gap_probe_avx512evex_00390	0x00010000	64	0x1000	EXTRA_OK	6	@	@	62 f2 7d 29 2c c0
gap_probe_avx512evex_00391	0x00010000	64	0x1000	EXTRA_OK	6	@	@	62 f2 7d 49 2c 00
gap_probe_avx512evex_00392	0x00010000	64	0x1000	EXTRA_OK	6	@	@	62 f2 7d 49 2c c0
gap_probe_avx512evex_00393	0x00010000	64	0x1000	EXTRA_OK	6	@	@	62 f2 fd 09 2d 00
gap_probe_avx512evex_00394	0x00010000	64	0x1000	EXTRA_OK	6	@	@	62 f2 fd 19 2d c0
gap_probe_avx512evex_00395	0x00010000	64	0x1000	EXTRA_OK	6	@	@	62 f2 7d 09 2d 00
gap_probe_avx512evex_00396	0x00010000	64	0x1000	EXTRA_OK	6	@	@	62 f2 7d 19 2d c0
gap_probe_avx512evex_00397	0x00010000	64	0x1000	EXTRA_OK	6	@	@	62 f2 7e 09 30 00
gap_probe_avx512evex_00398	0x00010000	64	0x1000	EXTRA_OK	6	@	@	62 f2 7e 29 30 00
gap_probe_avx512evex_00399	0x00010000	64	0x1000	EXTRA_OK	6	@	@	62 f2 7e 49 30 00
gap_probe_avx512evex_00400	0x00010000	64	0x1000	EXTRA_OK	6	@	@	62 f2 7e 09 30 c0
gap_probe_avx512evex_00401	0x00010000	64	0x1000	EXTRA_OK	6	@	@	62 f2 7e 29 30 c0
gap_probe_avx512evex_00402	0x00010000	64	0x1000	EXTRA_OK	6	@	@	62 f2 7e 49 30 c0
gap_probe_avx512evex_00403	0x00010000	64	0x1000	EXTRA_OK	6	@	@	62 f2 7e 09 31 00
gap_probe_avx512evex_00404	0x00010000	64	0x1000	EXTRA_OK	6	@	@	62 f2 7e 29 31 00
gap_probe_avx512evex_00405	0x00010000	64	0x1000	EXTRA_OK	6	@	@	62 f2 7e 49 31 00
gap_probe_avx512evex_00406	0x00010000	64	0x1000	EXTRA_OK	6	@	@	62 f2 7e 09 31 c0
gap_probe_avx512evex_00407	0x00010000	64	0x1000	EXTRA_OK	6	@	@	62 f2 7e 29 31 c0
gap_probe_avx512evex_00408	0x00010000	64	0x1000	EXTRA_OK	6	@	@	62 f2 7e 49 31 c0
gap_probe_avx512evex_00409	0x00010000	64	0x1000	EXTRA_OK	6	@	@	62 f2 7e 09 32 00
gap_probe_avx512evex_00410	0x00010000	64	0x1000	EXTRA_OK	6	@	@	62 f2 7e 29 32 00
gap_probe_avx512evex_00411	0x00010000	64	0x1000	EXTRA_OK	6	@	@	62 f2 7e 49 32 00
gap_probe_avx512evex_00412	0x00010000	64	0x1000	EXTRA_OK	6	@	@	62 f2 7e 09 32 c0
gap_probe_avx512evex_00413	0x00010000	64	0x1000	EXTRA_OK	6	@	@	62 f2 7e 29 32 c0
gap_probe_avx512evex_00414	0x00010000	64	0x1000	EXTRA_OK	6	@	@	62 f2 7e 49 32 c0
gap_probe_avx512evex_00415	0x00010000	64	0x1000	EXTRA_OK	6	@	@	62 f2 7e 09 33 00
gap_probe_avx512evex_00416	0x00010000	64	0x1000	EXTRA_OK	6	@	@	62 f2 7e 29 33 00
gap_probe_avx512evex_00417	0x00010000	64	0x1000	EXTRA_OK	6	@	@	62 f2 7e 49 33 00
gap_probe_avx512evex_00418	0x00010000	64	0x1000	EXTRA_OK	6	@	@	62 f2 7e 09 33 c0
gap_probe_avx512evex_00419	0x00010000	64	0x1000	EXTRA_OK	6	@	@	62 f2 7e 29 33 c0
gap_probe_avx512evex_00420	0x00010000	64	0x1000	EXTRA_OK	6	@	@	62 f2 7e 49 33 c0
gap_probe_avx512evex_00421	0x00010000	64	0x1000	EXTRA_OK	6	@	@	62 f2 7e 09 34 00
gap_probe_avx512evex_00422	0x00010000	64	0x1000	EXTRA_OK	6	@	@	62 f2 7e 29 34 00
gap_probe_avx512evex_00423	0x00010000	64	0x1000	EXTRA_OK	6	@	@	62 f2 7e 49 34 00
gap_probe_avx512evex_00424	0x00010000	64	0x1000	EXTRA_OK	6	@	@	62 f2 7e 09 34 c0
gap_probe_avx512evex_00425	0x00010000	64	0x1000	EXTRA_OK	6	@	@	62 f2 7e 29 34 c0
gap_probe_avx512evex_00426	0x00010000	64	0x1000	EXTRA_OK	6	@	@	62 f2 7e 49 34 c0
gap_probe_avx512evex_00427	0x00010000	64	0x1000	EXTRA_OK	6	@	@	62 f2 7e 09 35 00
gap_probe_avx512evex_00428	0x00010000	64	0x1000	EXTRA_OK	6	@	@	62 f2 7e 29 35 00
gap_probe_avx512evex_00429	0x00010000	64	0x1000	EXTRA_OK	6	@	@	62 f2 7e 49 35 00
gap_probe_avx512evex_00430	0x00010000	64	0x1000	EXTRA_OK	6	@	@	62 f2 7e 09 35 c0
gap_probe_avx512evex_00431	0x00010000	64	0x1000	EXTRA_OK	6	@	@	62 f2 7e 29 35 c0
gap_probe_avx512evex_00432	0x00010000	64	0x1000	EXTRA_OK	6	@	@	62 f2 7e 49 35 c0
gap_probe_avx512evex_00433	0x00010000	64	0x1000	EXTRA_OK	6	@	@	62 f2 7e 08 38 c0
gap_probe_avx512evex_00434	0x00010000	64	0x1000	EXTRA_OK	6	@	@	62 f2 7e 28 38 c0
gap_probe_avx512evex_00435	0x00010000	64	0x1000	EXTRA_OK	6	@	@	62 f2 7e 48 38 c0
gap_probe_avx512evex_00436	0x00010000	64	0x1000	EXTRA_OK	6	@	@	62 f2 fe 08 38 c0
gap_probe_avx512evex_00437	0x00010000	64	0x1000	EXTRA_OK	6	@	@	62 f2 fe 28 38 c0
gap_probe_avx512evex_00438	0x00010000	64	0x1000	EXTRA_OK	6	@	@	62 f2 fe 48 38 c0
gap_probe_avx512evex_00439	0x00010000	64	0x1000	EXTRA_OK	6	@	@	62 f2 7e 08 39 c0
gap_probe_avx512evex_00440	0x00010000	64	0x1000	EXTRA_OK	6	@	@	62 f2 7e 28 39 c0
gap_probe_avx512evex_00441	0x00010000	64	0x1000	EXTRA_OK	6	@	@	62 f2 7e 48 39 c0
gap_probe_avx512evex_00442	0x00010000	64	0x1000	EXTRA_OK	6	@	@	62 f2 fe 08 39 c0
gap_probe_avx512evex_00443	0x00010000	64	0x1000	EXTRA_OK	6	@	@	62 f2 fe 28 39 c0
gap_probe_avx512evex_00444	0x00010000	64	0x1000	EXTRA_OK	6	@	@	62 f2 fe 48 39 c0
gap_probe_avx512evex_00445	0x00010000	64	0x1000	EXTRA_OK	6	@	@	62 f2 7e 09 41 00
gap_probe_avx512evex_00446	0x00010000	64	0x1000	EXTRA_OK	6	@	@	62 f2 7e 29 41 00
gap_probe_avx512evex_00447	0x00010000	64	0x1000	EXTRA_OK	6	@	@	62 f2 7e 49 41 00
gap_probe_avx512evex_00448	0x00010000	64	0x1000	EXTRA_OK	6	@	@	62 f2 7e 29 41 c0
gap_probe_avx512evex_00449	0x00010000	64	0x1000	EXTRA_OK	6	@	@	62 f2 7e 49 41 c0
gap_probe_avx512evex_00450	0x00010000	64	0x1000	EXTRA_OK	6	@	@	62 f2 fd 09 4c 00
gap_probe_avx512evex_00451	0x00010000	64	0x1000	EXTRA_OK	6	@	@	62 f2 fd 09 4c c0
gap_probe_avx512evex_00452	0x00010000	64	0x1000	EXTRA_OK	6	@	@	62 f2 fd 29 4c 00
gap_probe_avx512evex_00453	0x00010000	64	0x1000	EXTRA_OK	6	@	@	62 f2 fd 29 4c c0
gap_probe_avx512evex_00454	0x00010000	64	0x1000	EXTRA_OK	6	@	@	62 f2 fd 49 4c 00
gap_probe_avx512evex_00455	0x00010000	64	0x1000	EXTRA_OK	6	@	@	62 f2 fd 49 4c c0
gap_probe_avx512evex_00456	0x00010000	64	0x1000	EXTRA_OK	6	@	@	62 f2 7d 09 4c 00
gap_probe_avx512evex_00457	0x00010000	64	0x1000	EXTRA_OK	6	@	@	62 f2 7d 09 4c c0
gap_probe_avx512evex_00458	0x00010000	64	0x1000	EXTRA_OK	6	@	@	62 f2 7d 29 4c 00
gap_probe_avx512evex_00459	0x00010000	64	0x1000	EXTRA_OK	6	@	@	62 f2 7d 29 4c c0
gap_probe_avx512evex_00460	0x00010000	64	0x1000	EXTRA_OK	6	@	@	62 f2 7d 49 4c 00
gap_probe_avx512evex_00461	0x00010000	64	0x1000	EXTRA_OK	6	@	@	62 f2 7d 49 4c c0
gap_probe_avx512evex_00462	0x00010000	64	0x1000	EXTRA_OK	6	@	@	62 f2 fd 09 4d 00
gap_probe_avx512evex_00463	0x00010000	64	0x1000	EXTRA_OK	6	@	@	62 f2 fd 09 4d c0
gap_probe_avx512evex_00464	0x00010000	64	0x1000	EXTRA_OK	6	@	@	62 f2 7d 09 4d 00
gap_probe_avx512evex_00465	0x00010000	64	0x1000	EXTRA_OK	6	@	@	62 f2 7d 09 4d c0
gap_probe_avx512evex_00466	0x00010000	64	0x1000	EXTRA_OK	6	@	@	62 f2 fd 09 4e 00
gap_probe_avx512evex_00467	0x00010000	64	0x1000	EXTRA_OK	6	@	@	62 f2 fd 09 4e c0
gap_probe_avx512evex_00468	0x00010000	64	0x1000	EXTRA_OK	6	@	@	62 f2 fd 29 4e 00
gap_probe_avx512evex_00469	0x00010000	64	0x1000	EXTRA_OK	6	@	@	62 f2 fd 29 4e c0
gap_probe_avx512evex_00470	0x00010000	64	0x1000	EXTRA_OK	6	@	@	62 f2 fd 49 4e 00
gap_probe_avx512evex_00471	0x00010000	64	0x1000	EXTRA_OK	6	@	@	62 f2 fd 49 4e c0
gap_probe_avx512evex_00472	0x00010000	64	0x1000	EXTRA_OK	6	@	@	62 f2 7d 09 4e 00
gap_probe_avx512evex_00473	0x00010000	64	0x1000	EXTRA_OK	6	@	@	62 f2 7d 09 4e c0
gap_probe_avx512evex_00474	0x00010000	64	0x1000	EXTRA_OK	6	@	@	62 f2 7d 29 4e 00
gap_probe_avx512evex_00475	0x00010000	64	0x1000	EXTRA_OK	6	@	@	62 f2 7d 29 4e c0
gap_probe_avx512evex_00476	0x00010000	64	0x1000	EXTRA_OK	6	@	@	62 f2 7d 49 4e 00
gap_probe_avx512evex_00477	0x00010000	64	0x1000	EXTRA_OK	6	@	@	62 f2 7d 49 4e c0
gap_probe_avx512evex_00478	0x00010000	64	0x1000	EXTRA_OK	6	@	@	62 f2 fd 09 4f 00
gap_probe_avx512evex_00479	0x00010000	64	0x1000	EXTRA_OK	6	@	@	62 f2 fd 09 4f c0
gap_probe_avx512evex_00480	0x00010000	64	0x1000	EXTRA_OK	6	@	@	62 f2 7d 09 4f 00
gap_probe_avx512evex_00481	0x00010000	64	0x1000	EXTRA_OK	6	@	@	62 f2 7d 09 4f c0
gap_probe_avx512evex_00482	0x00010000	64	0x1000	EXTRA_OK	6	@	@	62 f2 7e 09 52 00
gap_probe_avx512evex_00483	0x00010000	64	0x1000	EXTRA_OK	6	@	@	62 f2 7e 09 52 c0
gap_probe_avx512evex_00484	0x00010000	64	0x1000	EXTRA_OK	6	@	@	62 f2 7e 29 52 00
gap_probe_avx512evex_00485	0x00010000	64	0x1000	EXTRA_OK	6	@	@	62 f2 7e 29 52 c0
gap_probe_avx512evex_00486	0x00010000	64	0x1000	EXTRA_OK	6	@	@	62 f2 7e 49 52 00
gap_probe_avx512evex_00487	0x00010000	64	0x1000	EXTRA_OK	6	@	@	62 f2 7e 49 52 c0
gap_probe_avx512evex_00488	0x00010000	64	0x1000	EXTRA_OK	6	@	@	62 f2 7c 09 52 00
gap_probe_avx512evex_00489	0x00010000	64	0x1000	EXTRA_OK	6	@	@	62 f2 7c 09 52 c0
gap_probe_avx512evex_00490	0x00010000	64	0x1000	EXTRA_OK	6	@	@	62 f2 7c 29 52 00
gap_probe_avx512evex_00491	0x00010000	64	0x1000	EXTRA_OK	6	@	@	62 f2 7c 29 52 c0
gap_probe_avx512evex_00492	0x00010000	64	0x1000	EXTRA_OK	6	@	@	62 f2 7c 49 52 00
gap_probe_avx512evex_00493	0x00010000	64	0x1000	EXTRA_OK	6	@	@	62 f2 7c 49 52 c0
gap_probe_avx512evex_00494	0x00010000	64	0x1000	EXTRA_OK	6	@	@	62 f2 fd 09 65 00
gap_probe_avx512evex_00495	0x00010000	64	0x1000	EXTRA_OK	6	@	@	62 f2 fd 09 65 c0
gap_probe_avx512evex_00496	0x00010000	64	0x1000	EXTRA_OK	6	@	@	62 f2 fd 29 65 00
gap_probe_avx512evex_00497	0x00010000	64	0x1000	EXTRA_OK	6	@	@	62 f2 fd 29 65 c0
gap_probe_avx512evex_00498	0x00010000	64	0x1000	EXTRA_OK	6	@	@	62 f2 fd 49 65 00
gap_probe_avx512evex_00499	0x00010000	64	0x1000	EXTRA_OK	6	@	@	62 f2 fd 49 65 c0
gap_probe_avx512evex_00500	0x00010000	64	0x1000	EXTRA_OK	6	@	@	62 f2 7d 09 65 00
gap_probe_avx512evex_00501	0x00010000	64	0x1000	EXTRA_OK	6	@	@	62 f2 7d 09 65 c0
gap_probe_avx512evex_00502	0x00010000	64	0x1000	EXTRA_OK	6	@	@	62 f2 7d 29 65 00
gap_probe_avx512evex_00503	0x00010000	64	0x1000	EXTRA_OK	6	@	@	62 f2 7d 29 65 c0
gap_probe_avx512evex_00504	0x00010000	64	0x1000	EXTRA_OK	6	@	@	62 f2 7d 49 65 00
gap_probe_avx512evex_00505	0x00010000	64	0x1000	EXTRA_OK	6	@	@	62 f2 7d 49 65 c0
gap_probe_avx512evex_00506	0x00010000	64	0x1000	EXTRA_OK	6	@	@	62 f2 7d 09 67 00
gap_probe_avx512evex_00507	0x00010000	64	0x1000	EXTRA_OK	6	@	@	62 f2 7d 09 67 c0
gap_probe_avx512evex_00508	0x00010000	64	0x1000	EXTRA_OK	6	@	@	62 f2 7d 29 67 00
gap_probe_avx512evex_00509	0x00010000	64	0x1000	EXTRA_OK	6	@	@	62 f2 7d 29 67 c0
gap_probe_avx512evex_00510	0x00010000	64	0x1000	EXTRA_OK	6	@	@	62 f2 7d 49 67 00
gap_probe_avx512evex_00511	0x00010000	64	0x1000	EXTRA_OK	6	@	@	62 f2 7d 49 67 c0
gap_probe_avx512evex_00512	0x00010000	64	0x1000	EXTRA_OK	6	@	@	62 f2 7f 09 72 00
gap_probe_avx512evex_00513	0x00010000	64	0x1000	EXTRA_OK	6	@	@	62 f2 7f 09 72 c0
gap_probe_avx512evex_00514	0x00010000	64	0x1000	EXTRA_OK	6	@	@	62 f2 7f 29 72 00
gap_probe_avx512evex_00515	0x00010000	64	0x1000	EXTRA_OK	6	@	@	62 f2 7f 29 72 c0
gap_probe_avx512evex_00516	0x00010000	64	0x1000	EXTRA_OK	6	@	@	62 f2 7f 49 72 00
gap_probe_avx512evex_00517	0x00010000	64	0x1000	EXTRA_OK	6	@	@	62 f2 7f 49 72 c0
gap_probe_avx512evex_00518	0x00010000	64	0x1000	EXTRA_OK	6	@	@	62 f2 7f 09 74 00
gap_probe_avx512evex_00519	0x00010000	64	0x1000	EXTRA_OK	6	@	@	62 f2 7f 09 74 c0
gap_probe_avx512evex_00520	0x00010000	64	0x1000	EXTRA_OK	6	@	@	62 f2 7f 29 74 00
gap_probe_avx512evex_00521	0x00010000	64	0x1000	EXTRA_OK	6	@	@	62 f2 7f 29 74 c0
gap_probe_avx512evex_00522	0x00010000	64	0x1000	EXTRA_OK	6	@	@	62 f2 7f 49 74 00
gap_probe_avx512evex_00523	0x00010000	64	0x1000	EXTRA_OK	6	@	@	62 f2 7f 49 74 c0
gap_probe_avx512evex_00524	0x00010000	64	0x1000	EXTRA_OK	6	@	@	62 f2 7c 09 74 00
gap_probe_avx512evex_00525	0x00010000	64	0x1000	EXTRA_OK	6	@	@	62 f2 7c 09 74 c0
gap_probe_avx512evex_00526	0x00010000	64	0x1000	EXTRA_OK	6	@	@	62 f2 7c 29 74 00
gap_probe_avx512evex_00527	0x00010000	64	0x1000	EXTRA_OK	6	@	@	62 f2 7c 29 74 c0
gap_probe_avx512evex_00528	0x00010000	64	0x1000	EXTRA_OK	6	@	@	62 f2 7c 49 74 00
gap_probe_avx512evex_00529	0x00010000	64	0x1000	EXTRA_OK	6	@	@	62 f2 7c 49 74 c0
gap_probe_avx512evex_00530	0x00010000	64	0x1000	EXTRA_OK	6	@	@	62 f2 7e 09 74 00
gap_probe_avx512evex_00531	0x00010000	64	0x1000	EXTRA_OK	6	@	@	62 f2 7e 29 74 00
gap_probe_avx512evex_00532	0x00010000	64	0x1000	EXTRA_OK	6	@	@	62 f2 7e 09 74 c0
gap_probe_avx512evex_00533	0x00010000	64	0x1000	EXTRA_OK	6	@	@	62 f2 7e 29 74 c0
gap_probe_avx512evex_00534	0x00010000	64	0x1000	EXTRA_OK	6	@	@	62 f2 7e 49 74 00
gap_probe_avx512evex_00535	0x00010000	64	0x1000	EXTRA_OK	6	@	@	62 f2 7e 49 74 c0
gap_probe_avx512evex_00536	0x00010000	64	0x1000	EXTRA_OK	6	@	@	62 f2 7d 09 76 00
gap_probe_avx512evex_00537	0x00010000	64	0x1000	EXTRA_OK	6	@	@	62 f2 7d 09 76 c0
gap_probe_avx512evex_00538	0x00010000	64	0x1000	EXTRA_OK	6	@	@	62 f2 7d 29 76 00
gap_probe_avx512evex_00539	0x00010000	64	0x1000	EXTRA_OK	6	@	@	62 f2 7d 29 76 c0
gap_probe_avx512evex_00540	0x00010000	64	0x1000	EXTRA_OK	6	@	@	62 f2 7d 49 76 00
gap_probe_avx512evex_00541	0x00010000	64	0x1000	EXTRA_OK	6	@	@	62 f2 7d 49 76 c0
gap_probe_avx512evex_00542	0x00010000	64	0x1000	EXTRA_OK	6	@	@	62 f2 fd 09 76 00
gap_probe_avx512evex_00543	0x00010000	64	0x1000	EXTRA_OK	6	@	@	62 f2 fd 09 76 c0
gap_probe_avx512evex_00544	0x00010000	64	0x1000	EXTRA_OK	6	@	@	62 f2 fd 29 76 00
gap_probe_avx512evex_00545	0x00010000	64	0x1000	EXTRA_OK	6	@	@	62 f2 fd 29 76 c0
gap_probe_avx512evex_00546	0x00010000	64	0x1000	EXTRA_OK	6	@	@	62 f2 fd 49 76 00
gap_probe_avx512evex_00547	0x00010000	64	0x1000	EXTRA_OK	6	@	@	62 f2 fd 49 76 c0
gap_probe_avx512evex_00548	0x00010000	64	0x1000	EXTRA_OK	6	@	@	62 f2 fd 09 77 00
gap_probe_avx512evex_00549	0x00010000	64	0x1000	EXTRA_OK	6	@	@	62 f2 fd 09 77 c0
gap_probe_avx512evex_00550	0x00010000	64	0x1000	EXTRA_OK	6	@	@	62 f2 fd 29 77 00
gap_probe_avx512evex_00551	0x00010000	64	0x1000	EXTRA_OK	6	@	@	62 f2 fd 29 77 c0
gap_probe_avx512evex_00552	0x00010000	64	0x1000	EXTRA_OK	6	@	@	62 f2 fd 49 77 00
gap_probe_avx512evex_00553	0x00010000	64	0x1000	EXTRA_OK	6	@	@	62 f2 fd 49 77 c0
gap_probe_avx512evex_00554	0x00010000	64	0x1000	EXTRA_OK	6	@	@	62 f2 7d 09 77 00
gap_probe_avx512evex_00555	0x00010000	64	0x1000	EXTRA_OK	6	@	@	62 f2 7d 09 77 c0
gap_probe_avx512evex_00556	0x00010000	64	0x1000	EXTRA_OK	6	@	@	62 f2 7d 29 77 00
gap_probe_avx512evex_00557	0x00010000	64	0x1000	EXTRA_OK	6	@	@	62 f2 7d 29 77 c0
gap_probe_avx512evex_00558	0x00010000	64	0x1000	EXTRA_OK	6	@	@	62 f2 7d 49 77 00
gap_probe_avx512evex_00559	0x00010000	64	0x1000	EXTRA_OK	6	@	@	62 f2 7d 49 77 c0
gap_probe_avx512evex_00560	0x00010000	64	0x1000	EXTRA_OK	6	@	@	62 f2 7d 09 7e 00
gap_probe_avx512evex_00561	0x00010000	64	0x1000	EXTRA_OK	6	@	@	62 f2 7d 09 7e c0
gap_probe_avx512evex_00562	0x00010000	64	0x1000	EXTRA_OK	6	@	@	62 f2 7d 29 7e 00
gap_probe_avx512evex_00563	0x00010000	64	0x1000	EXTRA_OK	6	@	@	62 f2 7d 29 7e c0
gap_probe_avx512evex_00564	0x00010000	64	0x1000	EXTRA_OK	6	@	@	62 f2 7d 49 7e 00
gap_probe_avx512evex_00565	0x00010000	64	0x1000	EXTRA_OK	6	@	@	62 f2 7d 49 7e c0
gap_probe_avx512evex_00566	0x00010000	64	0x1000	EXTRA_OK	6	@	@	62 f2 fd 09 7e 00
gap_probe_avx512evex_00567	0x00010000	64	0x1000	EXTRA_OK	6	@	@	62 f2 fd 09 7e c0
gap_probe_avx512evex_00568	0x00010000	64	0x1000	EXTRA_OK	6	@	@	62 f2 fd 29 7e 00
gap_probe_avx512evex_00569	0x00010000	64	0x1000	EXTRA_OK	6	@	@	62 f2 fd 29 7e c0
gap_probe_avx512evex_00570	0x00010000	64	0x1000	EXTRA_OK	6	@	@	62 f2 fd 49 7e 00
gap_probe_avx512evex_00571	0x00010000	64	0x1000	EXTRA_OK	6	@	@	62 f2 fd 49 7e c0
gap_probe_avx512evex_00572	0x00010000	64	0x1000	EXTRA_OK	6	@	@	62 f2 fd 09 7f 00
gap_probe_avx512evex_00573	0x00010000	64	0x1000	EXTRA_OK	6	@	@	62 f2 fd 09 7f c0
gap_probe_avx512evex_00574	0x00010000	64	0x1000	EXTRA_OK	6	@	@	62 f2 fd 29 7f 00
gap_probe_avx512evex_00575	0x00010000	64	0x1000	EXTRA_OK	6	@	@	62 f2 fd 29 7f c0
gap_probe_avx512evex_00576	0x00010000	64	0x1000	EXTRA_OK	6	@	@	62 f2 fd 49 7f 00
gap_probe_avx512evex_00577	0x00010000	64	0x1000	EXTRA_OK	6	@	@	62 f2 fd 49 7f c0
gap_probe_avx512evex_00578	0x00010000	64	0x1000	EXTRA_OK	6	@	@	62 f2 7d 09 7f 00
gap_probe_avx512evex_00579	0x00010000	64	0x1000	EXTRA_OK	6	@	@	62 f2 7d 09 7f c0
gap_probe_avx512evex_00580	0x00010000	64	0x1000	EXTRA_OK	6	@	@	62 f2 7d 29 7f 00
gap_probe_avx512evex_00581	0x00010000	64	0x1000	EXTRA_OK	6	@	@	62 f2 7d 29 7f c0
gap_probe_avx512evex_00582	0x00010000	64	0x1000	EXTRA_OK	6	@	@	62 f2 7d 49 7f 00
gap_probe_avx512evex_00583	0x00010000	64	0x1000	EXTRA_OK	6	@	@	62 f2 7d 49 7f c0
gap_probe_avx512evex_00584	0x00010000	64	0x1000	EXTRA_OK	7	@	@	62 f2 7d 09 90 0c 10
gap_probe_avx512evex_00585	0x00010000	64	0x1000	EXTRA_OK	7	@	@	62 f2 7d 29 90 0c 10
gap_probe_avx512evex_00586	0x00010000	64	0x1000	EXTRA_OK	7	@	@	62 f2 7d 49 90 0c 10
gap_probe_avx512evex_00587	0x00010000	64	0x1000	EXTRA_OK	7	@	@	62 f2 fd 09 90 0c 10
gap_probe_avx512evex_00588	0x00010000	64	0x1000	EXTRA_OK	7	@	@	62 f2 fd 29 90 0c 10
gap_probe_avx512evex_00589	0x00010000	64	0x1000	EXTRA_OK	7	@	@	62 f2 fd 49 90 0c 10
gap_probe_avx512evex_00590	0x00010000	64	0x1000	EXTRA_OK	7	@	@	62 f2 7d 09 91 0c 10
gap_probe_avx512evex_00591	0x00010000	64	0x1000	EXTRA_OK	7	@	@	62 f2 7d 29 91 0c 10
gap_probe_avx512evex_00592	0x00010000	64	0x1000	EXTRA_OK	7	@	@	62 f2 7d 49 91 0c 10
gap_probe_avx512evex_00593	0x00010000	64	0x1000	EXTRA_OK	7	@	@	62 f2 fd 09 91 0c 10
gap_probe_avx512evex_00594	0x00010000	64	0x1000	EXTRA_OK	7	@	@	62 f2 fd 29 91 0c 10
gap_probe_avx512evex_00595	0x00010000	64	0x1000	EXTRA_OK	7	@	@	62 f2 fd 49 91 0c 10
gap_probe_avx512evex_00596	0x00010000	64	0x1000	EXTRA_OK	7	@	@	62 f2 fd 09 92 0c 10
gap_probe_avx512evex_00597	0x00010000	64	0x1000	EXTRA_OK	7	@	@	62 f2 fd 29 92 0c 10
gap_probe_avx512evex_00598	0x00010000	64	0x1000	EXTRA_OK	7	@	@	62 f2 fd 49 92 0c 10
gap_probe_avx512evex_00599	0x00010000	64	0x1000	EXTRA_OK	7	@	@	62 f2 7d 09 92 0c 10
gap_probe_avx512evex_00600	0x00010000	64	0x1000	EXTRA_OK	7	@	@	62 f2 7d 29 92 0c 10
gap_probe_avx512evex_00601	0x00010000	64	0x1000	EXTRA_OK	7	@	@	62 f2 7d 49 92 0c 10
gap_probe_avx512evex_00602	0x00010000	64	0x1000	EXTRA_OK	7	@	@	62 f2 fd 09 93 0c 10
gap_probe_avx512evex_00603	0x00010000	64	0x1000	EXTRA_OK	7	@	@	62 f2 fd 29 93 0c 10
gap_probe_avx512evex_00604	0x00010000	64	0x1000	EXTRA_OK	7	@	@	62 f2 fd 49 93 0c 10
gap_probe_avx512evex_00605	0x00010000	64	0x1000	EXTRA_OK	7	@	@	62 f2 7d 09 93 0c 10
gap_probe_avx512evex_00606	0x00010000	64	0x1000	EXTRA_OK	7	@	@	62 f2 7d 29 93 0c 10
gap_probe_avx512evex_00607	0x00010000	64	0x1000	EXTRA_OK	7	@	@	62 f2 7d 49 93 0c 10
gap_probe_avx512evex_00608	0x00010000	64	0x1000	EXTRA_OK	7	@	@	62 f2 7d 09 a0 04 00
gap_probe_avx512evex_00609	0x00010000	64	0x1000	EXTRA_OK	7	@	@	62 f2 7d 29 a0 04 00
gap_probe_avx512evex_00610	0x00010000	64	0x1000	EXTRA_OK	7	@	@	62 f2 7d 49 a0 04 00
gap_probe_avx512evex_00611	0x00010000	64	0x1000	EXTRA_OK	7	@	@	62 f2 fd 09 a0 04 00
gap_probe_avx512evex_00612	0x00010000	64	0x1000	EXTRA_OK	7	@	@	62 f2 fd 29 a0 04 00
gap_probe_avx512evex_00613	0x00010000	64	0x1000	EXTRA_OK	7	@	@	62 f2 fd 49 a0 04 00
gap_probe_avx512evex_00614	0x00010000	64	0x1000	EXTRA_OK	7	@	@	62 f2 7d 09 a1 04 00
gap_probe_avx512evex_00615	0x00010000	64	0x1000	EXTRA_OK	7	@	@	62 f2 7d 29 a1 04 00
gap_probe_avx512evex_00616	0x00010000	64	0x1000	EXTRA_OK	7	@	@	62 f2 7d 49 a1 04 00
gap_probe_avx512evex_00617	0x00010000	64	0x1000	EXTRA_OK	7	@	@	62 f2 fd 09 a1 04 00
gap_probe_avx512evex_00618	0x00010000	64	0x1000	EXTRA_OK	7	@	@	62 f2 fd 29 a1 04 00
gap_probe_avx512evex_00619	0x00010000	64	0x1000	EXTRA_OK	7	@	@	62 f2 fd 49 a1 04 00
gap_probe_avx512evex_00620	0x00010000	64	0x1000	EXTRA_OK	7	@	@	62 f2 fd 09 a2 04 00
gap_probe_avx512evex_00621	0x00010000	64	0x1000	EXTRA_OK	7	@	@	62 f2 fd 29 a2 04 00
gap_probe_avx512evex_00622	0x00010000	64	0x1000	EXTRA_OK	7	@	@	62 f2 fd 49 a2 04 00
gap_probe_avx512evex_00623	0x00010000	64	0x1000	EXTRA_OK	7	@	@	62 f2 7d 09 a2 04 00
gap_probe_avx512evex_00624	0x00010000	64	0x1000	EXTRA_OK	7	@	@	62 f2 7d 29 a2 04 00
gap_probe_avx512evex_00625	0x00010000	64	0x1000	EXTRA_OK	7	@	@	62 f2 7d 49 a2 04 00
gap_probe_avx512evex_00626	0x00010000	64	0x1000	EXTRA_OK	7	@	@	62 f2 fd 09 a3 04 00
gap_probe_avx512evex_00627	0x00010000	64	0x1000	EXTRA_OK	7	@	@	62 f2 fd 29 a3 04 00
gap_probe_avx512evex_00628	0x00010000	64	0x1000	EXTRA_OK	7	@	@	62 f2 fd 49 a3 04 00
gap_probe_avx512evex_00629	0x00010000	64	0x1000	EXTRA_OK	7	@	@	62 f2 7d 09 a3 04 00
gap_probe_avx512evex_00630	0x00010000	64	0x1000	EXTRA_OK	7	@	@	62 f2 7d 29 a3 04 00
gap_probe_avx512evex_00631	0x00010000	64	0x1000	EXTRA_OK	7	@	@	62 f2 7d 49 a3 04 00
gap_probe_avx512evex_00632	0x00010000	64	0x1000	EXTRA_OK	7	@	@	62 f2 fd 49 c6 0c 10
gap_probe_avx512evex_00633	0x00010000	64	0x1000	EXTRA_OK	7	@	@	62 f2 7d 49 c6 0c 10
gap_probe_avx512evex_00634	0x00010000	64	0x1000	EXTRA_OK	7	@	@	62 f2 fd 49 c6 14 10
gap_probe_avx512evex_00635	0x00010000	64	0x1000	EXTRA_OK	7	@	@	62 f2 7d 49 c6 14 10
gap_probe_avx512evex_00636	0x00010000	64	0x1000	EXTRA_OK	7	@	@	62 f2 fd 49 c6 2c 00
gap_probe_avx512evex_00637	0x00010000	64	0x1000	EXTRA_OK	7	@	@	62 f2 7d 49 c6 2c 00
gap_probe_avx512evex_00638	0x00010000	64	0x1000	EXTRA_OK	7	@	@	62 f2 fd 49 c6 34 00
gap_probe_avx512evex_00639	0x00010000	64	0x1000	EXTRA_OK	7	@	@	62 f2 7d 49 c6 34 00
gap_probe_avx512evex_00640	0x00010000	64	0x1000	EXTRA_OK	7	@	@	62 f2 fd 49 c7 0c 10
gap_probe_avx512evex_00641	0x00010000	64	0x1000	EXTRA_OK	7	@	@	62 f2 7d 49 c7 0c 10
gap_probe_avx512evex_00642	0x00010000	64	0x1000	EXTRA_OK	7	@	@	62 f2 fd 49 c7 14 10
gap_probe_avx512evex_00643	0x00010000	64	0x1000	EXTRA_OK	7	@	@	62 f2 7d 49 c7 14 10
gap_probe_avx512evex_00644	0x00010000	64	0x1000	EXTRA_OK	7	@	@	62 f2 fd 49 c7 2c 00
gap_probe_avx512evex_00645	0x00010000	64	0x1000	EXTRA_OK	7	@	@	62 f2 7d 49 c7 2c 00
gap_probe_avx512evex_00646	0x00010000	64	0x1000	EXTRA_OK	7	@	@	62 f2 fd 49 c7 34 00
gap_probe_avx512evex_00647	0x00010000	64	0x1000	EXTRA_OK	7	@	@	62 f2 7d 49 c7 34 00
gap_probe_avx512evex_00648	0x00010000	64	0x1000	EXTRA_OK	6	@	@	62 f2 fd 49 c8 00
gap_probe_avx512evex_00649	0x00010000	64	0x1000	EXTRA_OK	6	@	@	62 f2 fd 49 c8 c0
gap_probe_avx512evex_00650	0x00010000	64	0x1000	EXTRA_OK	6	@	@	62 f2 7d 49 c8 00
gap_probe_avx512evex_00651	0x00010000	64	0x1000	EXTRA_OK	6	@	@	62 f2 7d 59 c8 c0
gap_probe_avx512evex_00652	0x00010000	64	0x1000	EXTRA_OK	6	@	@	62 f2 fd 49 ca 00
gap_probe_avx512evex_00653	0x00010000	64	0x1000	EXTRA_OK	6	@	@	62 f2 fd 49 ca c0
gap_probe_avx512evex_00654	0x00010000	64	0x1000	EXTRA_OK	6	@	@	62 f2 7d 49 ca 00
gap_probe_avx512evex_00655	0x00010000	64	0x1000	EXTRA_OK	6	@	@	62 f2 7d 49 ca c0
gap_probe_avx512evex_00656	0x00010000	64	0x1000	EXTRA_OK	6	@	@	62 f2 fd 09 cb 00
gap_probe_avx512evex_00657	0x00010000	64	0x1000	EXTRA_OK	6	@	@	62 f2 fd 19 cb c0
gap_probe_avx512evex_00658	0x00010000	64	0x1000	EXTRA_OK	6	@	@	62 f2 7d 09 cb 00
gap_probe_avx512evex_00659	0x00010000	64	0x1000	EXTRA_OK	6	@	@	62 f2 7d 09 cb c0
gap_probe_avx512evex_00660	0x00010000	64	0x1000	EXTRA_OK	6	@	@	62 f2 fd 49 cc 00
gap_probe_avx512evex_00661	0x00010000	64	0x1000	EXTRA_OK	6	@	@	62 f2 fd 59 cc c0
gap_probe_avx512evex_00662	0x00010000	64	0x1000	EXTRA_OK	6	@	@	62 f2 7d 49 cc 00
gap_probe_avx512evex_00663	0x00010000	64	0x1000	EXTRA_OK	6	@	@	62 f2 7d 59 cc c0
gap_probe_avx512evex_00664	0x00010000	64	0x1000	EXTRA_OK	6	@	@	62 f2 fd 09 cd 00
gap_probe_avx512evex_00665	0x00010000	64	0x1000	EXTRA_OK	6	@	@	62 f2 fd 09 cd c0
gap_probe_avx512evex_00666	0x00010000	64	0x1000	EXTRA_OK	6	@	@	62 f2 7d 09 cd 00
gap_probe_avx512evex_00667	0x00010000	64	0x1000	EXTRA_OK	6	@	@	62 f2 7d 19 cd c0
gap_probe_avx512evex_00668	0x00010000	64	0x1000	EXTRA_OK	7	@	@	62 f3 7d 09 03 00 00
gap_probe_avx512evex_00669	0x00010000	64	0x1000	EXTRA_OK	7	@	@	62 f3 7d 09 03 c0 00
gap_probe_avx512evex_00670	0x00010000	64	0x1000	EXTRA_OK	7	@	@	62 f3 7d 29 03 00 00
gap_probe_avx512evex_00671	0x00010000	64	0x1000	EXTRA_OK	7	@	@	62 f3 7d 29 03 c0 00
gap_probe_avx512evex_00672	0x00010000	64	0x1000	EXTRA_OK	7	@	@	62 f3 7d 49 03 00 00
gap_probe_avx512evex_00673	0x00010000	64	0x1000	EXTRA_OK	7	@	@	62 f3 7d 49 03 c0 00
gap_probe_avx512evex_00674	0x00010000	64	0x1000	EXTRA_OK	7	@	@	62 f3 fd 09 03 00 00
gap_probe_avx512evex_00675	0x00010000	64	0x1000	EXTRA_OK	7	@	@	62 f3 fd 09 03 c0 00
gap_probe_avx512evex_00676	0x00010000	64	0x1000	EXTRA_OK	7	@	@	62 f3 fd 29 03 00 00
gap_probe_avx512evex_00677	0x00010000	64	0x1000	EXTRA_OK	7	@	@	62 f3 fd 29 03 c0 00
gap_probe_avx512evex_00678	0x00010000	64	0x1000	EXTRA_OK	7	@	@	62 f3 fd 49 03 00 00
gap_probe_avx512evex_00679	0x00010000	64	0x1000	EXTRA_OK	7	@	@	62 f3 fd 49 03 c0 00
gap_probe_avx512evex_00680	0x00010000	64	0x1000	EXTRA_OK	7	@	@	62 f3 7f 09 08 00 00
gap_probe_avx512evex_00681	0x00010000	64	0x1000	EXTRA_OK	7	@	@	62 f3 7f 09 08 c0 00
gap_probe_avx512evex_00682	0x00010000	64	0x1000	EXTRA_OK	7	@	@	62 f3 7f 29 08 00 00
gap_probe_avx512evex_00683	0x00010000	64	0x1000	EXTRA_OK	7	@	@	62 f3 7f 29 08 c0 00
gap_probe_avx512evex_00684	0x00010000	64	0x1000	EXTRA_OK	7	@	@	62 f3 7f 49 08 00 00
gap_probe_avx512evex_00685	0x00010000	64	0x1000	EXTRA_OK	7	@	@	62 f3 7f 49 08 c0 00
gap_probe_avx512evex_00686	0x00010000	64	0x1000	EXTRA_OK	7	@	@	62 f3 7c 09 08 00 00
gap_probe_avx512evex_00687	0x00010000	64	0x1000	EXTRA_OK	7	@	@	62 f3 7c 09 08 c0 00
gap_probe_avx512evex_00688	0x00010000	64	0x1000	EXTRA_OK	7	@	@	62 f3 7c 29 08 00 00
gap_probe_avx512evex_00689	0x00010000	64	0x1000	EXTRA_OK	7	@	@	62 f3 7c 29 08 c0 00
gap_probe_avx512evex_00690	0x00010000	64	0x1000	EXTRA_OK	7	@	@	62 f3 7c 49 08 00 00
gap_probe_avx512evex_00691	0x00010000	64	0x1000	EXTRA_OK	7	@	@	62 f3 7c 49 08 c0 00
gap_probe_avx512evex_00692	0x00010000	64	0x1000	EXTRA_OK	7	@	@	62 f3 7d 09 08 00 00
gap_probe_avx512evex_00693	0x00010000	64	0x1000	EXTRA_OK	7	@	@	62 f3 7d 09 08 c0 00
gap_probe_avx512evex_00694	0x00010000	64	0x1000	EXTRA_OK	7	@	@	62 f3 7d 29 08 00 00
gap_probe_avx512evex_00695	0x00010000	64	0x1000	EXTRA_OK	7	@	@	62 f3 7d 29 08 c0 00
gap_probe_avx512evex_00696	0x00010000	64	0x1000	EXTRA_OK	7	@	@	62 f3 7d 49 08 00 00
gap_probe_avx512evex_00697	0x00010000	64	0x1000	EXTRA_OK	7	@	@	62 f3 7d 59 08 c0 00
gap_probe_avx512evex_00698	0x00010000	64	0x1000	EXTRA_OK	7	@	@	62 f3 fd 09 09 00 00
gap_probe_avx512evex_00699	0x00010000	64	0x1000	EXTRA_OK	7	@	@	62 f3 fd 09 09 c0 00
gap_probe_avx512evex_00700	0x00010000	64	0x1000	EXTRA_OK	7	@	@	62 f3 fd 29 09 00 00
gap_probe_avx512evex_00701	0x00010000	64	0x1000	EXTRA_OK	7	@	@	62 f3 fd 29 09 c0 00
gap_probe_avx512evex_00702	0x00010000	64	0x1000	EXTRA_OK	7	@	@	62 f3 fd 49 09 00 00
gap_probe_avx512evex_00703	0x00010000	64	0x1000	EXTRA_OK	7	@	@	62 f3 7c 09 0a 00 00
gap_probe_avx512evex_00704	0x00010000	64	0x1000	EXTRA_OK	7	@	@	62 f3 7c 19 0a c0 00
gap_probe_avx512evex_00705	0x00010000	64	0x1000	EXTRA_OK	7	@	@	62 f3 7d 09 0a 00 00
gap_probe_avx512evex_00706	0x00010000	64	0x1000	EXTRA_OK	7	@	@	62 f3 7d 19 0a c0 00
gap_probe_avx512evex_00707	0x00010000	64	0x1000	EXTRA_OK	7	@	@	62 f3 fd 09 0b 00 00
gap_probe_avx512evex_00708	0x00010000	64	0x1000	EXTRA_OK	7	@	@	62 f3 fd 19 0b c0 00
gap_probe_avx512evex_00709	0x00010000	64	0x1000	EXTRA_OK	7	@	@	62 f3 7d 29 18 00 00
gap_probe_avx512evex_00710	0x00010000	64	0x1000	EXTRA_OK	7	@	@	62 f3 7d 29 18 c0 00
gap_probe_avx512evex_00711	0x00010000	64	0x1000	EXTRA_OK	7	@	@	62 f3 7d 49 18 00 00
gap_probe_avx512evex_00712	0x00010000	64	0x1000	EXTRA_OK	7	@	@	62 f3 7d 49 18 c0 00
gap_probe_avx512evex_00713	0x00010000	64	0x1000	EXTRA_OK	7	@	@	62 f3 fd 29 18 00 00
gap_probe_avx512evex_00714	0x00010000	64	0x1000	EXTRA_OK	7	@	@	62 f3 fd 29 18 c0 00
gap_probe_avx512evex_00715	0x00010000	64	0x1000	EXTRA_OK	7	@	@	62 f3 fd 49 18 00 00
gap_probe_avx512evex_00716	0x00010000	64	0x1000	EXTRA_OK	7	@	@	62 f3 fd 49 18 c0 00
gap_probe_avx512evex_00717	0x00010000	64	0x1000	EXTRA_OK	7	@	@	62 f3 7d 49 1a 00 00
gap_probe_avx512evex_00718	0x00010000	64	0x1000	EXTRA_OK	7	@	@	62 f3 7d 49 1a c0 00
gap_probe_avx512evex_00719	0x00010000	64	0x1000	EXTRA_OK	7	@	@	62 f3 fd 49 1a 00 00
gap_probe_avx512evex_00720	0x00010000	64	0x1000	EXTRA_OK	7	@	@	62 f3 fd 49 1a c0 00
gap_probe_avx512evex_00721	0x00010000	64	0x1000	EXTRA_OK	7	@	@	62 f3 7d 29 23 00 00
gap_probe_avx512evex_00722	0x00010000	64	0x1000	EXTRA_OK	7	@	@	62 f3 7d 29 23 c0 00
gap_probe_avx512evex_00723	0x00010000	64	0x1000	EXTRA_OK	7	@	@	62 f3 7d 49 23 00 00
gap_probe_avx512evex_00724	0x00010000	64	0x1000	EXTRA_OK	7	@	@	62 f3 7d 49 23 c0 00
gap_probe_avx512evex_00725	0x00010000	64	0x1000	EXTRA_OK	7	@	@	62 f3 fd 29 23 00 00
gap_probe_avx512evex_00726	0x00010000	64	0x1000	EXTRA_OK	7	@	@	62 f3 fd 29 23 c0 00
gap_probe_avx512evex_00727	0x00010000	64	0x1000	EXTRA_OK	7	@	@	62 f3 fd 49 23 00 00
gap_probe_avx512evex_00728	0x00010000	64	0x1000	EXTRA_OK	7	@	@	62 f3 fd 49 23 c0 00
gap_probe_avx512evex_00729	0x00010000	64	0x1000	EXTRA_OK	7	@	@	62 f3 7f 09 26 00 00
gap_probe_avx512evex_00730	0x00010000	64	0x1000	EXTRA_OK	7	@	@	62 f3 7f 09 26 c0 00
gap_probe_avx512evex_00731	0x00010000	64	0x1000	EXTRA_OK	7	@	@	62 f3 7f 29 26 00 00
gap_probe_avx512evex_00732	0x00010000	64	0x1000	EXTRA_OK	7	@	@	62 f3 7f 29 26 c0 00
gap_probe_avx512evex_00733	0x00010000	64	0x1000	EXTRA_OK	7	@	@	62 f3 7f 49 26 00 00
gap_probe_avx512evex_00734	0x00010000	64	0x1000	EXTRA_OK	7	@	@	62 f3 7f 49 26 c0 00
gap_probe_avx512evex_00735	0x00010000	64	0x1000	EXTRA_OK	7	@	@	62 f3 fd 09 26 00 00
gap_probe_avx512evex_00736	0x00010000	64	0x1000	EXTRA_OK	7	@	@	62 f3 fd 09 26 c0 00
gap_probe_avx512evex_00737	0x00010000	64	0x1000	EXTRA_OK	7	@	@	62 f3 fd 29 26 00 00
gap_probe_avx512evex_00738	0x00010000	64	0x1000	EXTRA_OK	7	@	@	62 f3 fd 29 26 c0 00
gap_probe_avx512evex_00739	0x00010000	64	0x1000	EXTRA_OK	7	@	@	62 f3 fd 49 26 00 00
gap_probe_avx512evex_00740	0x00010000	64	0x1000	EXTRA_OK	7	@	@	62 f3 fd 49 26 c0 00
gap_probe_avx512evex_00741	0x00010000	64	0x1000	EXTRA_OK	7	@	@	62 f3 7c 09 26 00 00
gap_probe_avx512evex_00742	0x00010000	64	0x1000	EXTRA_OK	7	@	@	62 f3 7c 09 26 c0 00
gap_probe_avx512evex_00743	0x00010000	64	0x1000	EXTRA_OK	7	@	@	62 f3 7c 29 26 00 00
gap_probe_avx512evex_00744	0x00010000	64	0x1000	EXTRA_OK	7	@	@	62 f3 7c 29 26 c0 00
gap_probe_avx512evex_00745	0x00010000	64	0x1000	EXTRA_OK	7	@	@	62 f3 7c 49 26 00 00
gap_probe_avx512evex_00746	0x00010000	64	0x1000	EXTRA_OK	7	@	@	62 f3 7c 59 26 c0 00
gap_probe_avx512evex_00747	0x00010000	64	0x1000	EXTRA_OK	7	@	@	62 f3 7d 09 26 00 00
gap_probe_avx512evex_00748	0x00010000	64	0x1000	EXTRA_OK	7	@	@	62 f3 7d 09 26 c0 00
gap_probe_avx512evex_00749	0x00010000	64	0x1000	EXTRA_OK	7	@	@	62 f3 7d 29 26 00 00
gap_probe_avx512evex_00750	0x00010000	64	0x1000	EXTRA_OK	7	@	@	62 f3 7d 29 26 c0 00
gap_probe_avx512evex_00751	0x00010000	64	0x1000	EXTRA_OK	7	@	@	62 f3 7d 49 26 00 00
gap_probe_avx512evex_00752	0x00010000	64	0x1000	EXTRA_OK	7	@	@	62 f3 7d 49 26 c0 00
gap_probe_avx512evex_00753	0x00010000	64	0x1000	EXTRA_OK	7	@	@	62 f3 fd 09 27 00 00
gap_probe_avx512evex_00754	0x00010000	64	0x1000	EXTRA_OK	7	@	@	62 f3 fd 09 27 c0 00
gap_probe_avx512evex_00755	0x00010000	64	0x1000	EXTRA_OK	7	@	@	62 f3 7c 09 27 00 00
gap_probe_avx512evex_00756	0x00010000	64	0x1000	EXTRA_OK	7	@	@	62 f3 7c 09 27 c0 00
gap_probe_avx512evex_00757	0x00010000	64	0x1000	EXTRA_OK	7	@	@	62 f3 7d 09 27 00 00
gap_probe_avx512evex_00758	0x00010000	64	0x1000	EXTRA_OK	7	@	@	62 f3 7d 19 27 c0 00
gap_probe_avx512evex_00759	0x00010000	64	0x1000	EXTRA_OK	7	@	@	62 f3 7d 29 38 00 00
gap_probe_avx512evex_00760	0x00010000	64	0x1000	EXTRA_OK	7	@	@	62 f3 7d 29 38 c0 00
gap_probe_avx512evex_00761	0x00010000	64	0x1000	EXTRA_OK	7	@	@	62 f3 7d 49 38 00 00
gap_probe_avx512evex_00762	0x00010000	64	0x1000	EXTRA_OK	7	@	@	62 f3 7d 49 38 c0 00
gap_probe_avx512evex_00763	0x00010000	64	0x1000	EXTRA_OK	7	@	@	62 f3 fd 29 38 00 00
gap_probe_avx512evex_00764	0x00010000	64	0x1000	EXTRA_OK	7	@	@	62 f3 fd 29 38 c0 00
gap_probe_avx512evex_00765	0x00010000	64	0x1000	EXTRA_OK	7	@	@	62 f3 fd 49 38 00 00
gap_probe_avx512evex_00766	0x00010000	64	0x1000	EXTRA_OK	7	@	@	62 f3 fd 49 38 c0 00
gap_probe_avx512evex_00767	0x00010000	64	0x1000	EXTRA_OK	7	@	@	62 f3 7d 49 3a 00 00
gap_probe_avx512evex_00768	0x00010000	64	0x1000	EXTRA_OK	7	@	@	62 f3 7d 49 3a c0 00
gap_probe_avx512evex_00769	0x00010000	64	0x1000	EXTRA_OK	7	@	@	62 f3 fd 49 3a 00 00
gap_probe_avx512evex_00770	0x00010000	64	0x1000	EXTRA_OK	7	@	@	62 f3 fd 49 3a c0 00
gap_probe_avx512evex_00771	0x00010000	64	0x1000	EXTRA_OK	7	@	@	62 f3 7c 09 3d 00 00
gap_probe_avx512evex_00772	0x00010000	64	0x1000	EXTRA_OK	7	@	@	62 f3 7c 09 3d c0 00
gap_probe_avx512evex_00773	0x00010000	64	0x1000	EXTRA_OK	7	@	@	62 f3 7c 29 3d 00 00
gap_probe_avx512evex_00774	0x00010000	64	0x1000	EXTRA_OK	7	@	@	62 f3 7c 29 3d c0 00
gap_probe_avx512evex_00775	0x00010000	64	0x1000	EXTRA_OK	7	@	@	62 f3 7c 49 3d 00 00
gap_probe_avx512evex_00776	0x00010000	64	0x1000	EXTRA_OK	7	@	@	62 f3 7c 49 3d c0 00
gap_probe_avx512evex_00777	0x00010000	64	0x1000	EXTRA_OK	7	@	@	62 f3 7d 29 43 00 00
gap_probe_avx512evex_00778	0x00010000	64	0x1000	EXTRA_OK	7	@	@	62 f3 7d 29 43 c0 00
gap_probe_avx512evex_00779	0x00010000	64	0x1000	EXTRA_OK	7	@	@	62 f3 7d 49 43 00 00
gap_probe_avx512evex_00780	0x00010000	64	0x1000	EXTRA_OK	7	@	@	62 f3 7d 49 43 c0 00
gap_probe_avx512evex_00781	0x00010000	64	0x1000	EXTRA_OK	7	@	@	62 f3 fd 29 43 00 00
gap_probe_avx512evex_00782	0x00010000	64	0x1000	EXTRA_OK	7	@	@	62 f3 fd 29 43 c0 00
gap_probe_avx512evex_00783	0x00010000	64	0x1000	EXTRA_OK	7	@	@	62 f3 fd 49 43 00 00
gap_probe_avx512evex_00784	0x00010000	64	0x1000	EXTRA_OK	7	@	@	62 f3 fd 49 43 c0 00
gap_probe_avx512evex_00785	0x00010000	64	0x1000	EXTRA_OK	7	@	@	62 f3 fd 09 50 00 00
gap_probe_avx512evex_00786	0x00010000	64	0x1000	EXTRA_OK	7	@	@	62 f3 fd 09 50 c0 00
gap_probe_avx512evex_00787	0x00010000	64	0x1000	EXTRA_OK	7	@	@	62 f3 fd 29 50 00 00
gap_probe_avx512evex_00788	0x00010000	64	0x1000	EXTRA_OK	7	@	@	62 f3 fd 29 50 c0 00
gap_probe_avx512evex_00789	0x00010000	64	0x1000	EXTRA_OK	7	@	@	62 f3 fd 49 50 00 00
gap_probe_avx512evex_00790	0x00010000	64	0x1000	EXTRA_OK	7	@	@	62 f3 fd 59 50 c0 00
gap_probe_avx512evex_00791	0x00010000	64	0x1000	EXTRA_OK	7	@	@	62 f3 7d 09 50 00 00
gap_probe_avx512evex_00792	0x00010000	64	0x1000	EXTRA_OK	7	@	@	62 f3 7d 09 50 c0 00
gap_probe_avx512evex_00793	0x00010000	64	0x1000	EXTRA_OK	7	@	@	62 f3 7d 29 50 00 00
gap_probe_avx512evex_00794	0x00010000	64	0x1000	EXTRA_OK	7	@	@	62 f3 7d 29 50 c0 00
gap_probe_avx512evex_00795	0x00010000	64	0x1000	EXTRA_OK	7	@	@	62 f3 7d 49 50 00 00
gap_probe_avx512evex_00796	0x00010000	64	0x1000	EXTRA_OK	7	@	@	62 f3 7d 59 50 c0 00
gap_probe_avx512evex_00797	0x00010000	64	0x1000	EXTRA_OK	7	@	@	62 f3 fd 09 51 00 00
gap_probe_avx512evex_00798	0x00010000	64	0x1000	EXTRA_OK	7	@	@	62 f3 fd 19 51 c0 00
gap_probe_avx512evex_00799	0x00010000	64	0x1000	EXTRA_OK	7	@	@	62 f3 7d 09 51 00 00
gap_probe_avx512evex_00800	0x00010000	64	0x1000	EXTRA_OK	7	@	@	62 f3 7d 09 51 c0 00
gap_probe_avx512evex_00801	0x00010000	64	0x1000	EXTRA_OK	7	@	@	62 f3 7f 09 52 00 00
gap_probe_avx512evex_00802	0x00010000	64	0x1000	EXTRA_OK	7	@	@	62 f3 7f 09 52 c0 00
gap_probe_avx512evex_00803	0x00010000	64	0x1000	EXTRA_OK	7	@	@	62 f3 7f 29 52 00 00
gap_probe_avx512evex_00804	0x00010000	64	0x1000	EXTRA_OK	7	@	@	62 f3 7f 29 52 c0 00
gap_probe_avx512evex_00805	0x00010000	64	0x1000	EXTRA_OK	7	@	@	62 f3 7f 49 52 00 00
gap_probe_avx512evex_00806	0x00010000	64	0x1000	EXTRA_OK	7	@	@	62 f3 7f 49 52 c0 00
gap_probe_avx512evex_00807	0x00010000	64	0x1000	EXTRA_OK	7	@	@	62 f3 fd 09 52 00 00
gap_probe_avx512evex_00808	0x00010000	64	0x1000	EXTRA_OK	7	@	@	62 f3 fd 09 52 c0 00
gap_probe_avx512evex_00809	0x00010000	64	0x1000	EXTRA_OK	7	@	@	62 f3 fd 29 52 00 00
gap_probe_avx512evex_00810	0x00010000	64	0x1000	EXTRA_OK	7	@	@	62 f3 fd 29 52 c0 00
gap_probe_avx512evex_00811	0x00010000	64	0x1000	EXTRA_OK	7	@	@	62 f3 fd 49 52 00 00
gap_probe_avx512evex_00812	0x00010000	64	0x1000	EXTRA_OK	7	@	@	62 f3 fd 59 52 c0 00
gap_probe_avx512evex_00813	0x00010000	64	0x1000	EXTRA_OK	7	@	@	62 f3 7c 09 52 00 00
gap_probe_avx512evex_00814	0x00010000	64	0x1000	EXTRA_OK	7	@	@	62 f3 7c 09 52 c0 00
gap_probe_avx512evex_00815	0x00010000	64	0x1000	EXTRA_OK	7	@	@	62 f3 7c 29 52 00 00
gap_probe_avx512evex_00816	0x00010000	64	0x1000	EXTRA_OK	7	@	@	62 f3 7c 29 52 c0 00
gap_probe_avx512evex_00817	0x00010000	64	0x1000	EXTRA_OK	7	@	@	62 f3 7c 49 52 00 00
gap_probe_avx512evex_00818	0x00010000	64	0x1000	EXTRA_OK	7	@	@	62 f3 7c 59 52 c0 00
gap_probe_avx512evex_00819	0x00010000	64	0x1000	EXTRA_OK	7	@	@	62 f3 7d 09 52 00 00
gap_probe_avx512evex_00820	0x00010000	64	0x1000	EXTRA_OK	7	@	@	62 f3 7d 09 52 c0 00
gap_probe_avx512evex_00821	0x00010000	64	0x1000	EXTRA_OK	7	@	@	62 f3 7d 29 52 00 00
gap_probe_avx512evex_00822	0x00010000	64	0x1000	EXTRA_OK	7	@	@	62 f3 7d 29 52 c0 00
gap_probe_avx512evex_00823	0x00010000	64	0x1000	EXTRA_OK	7	@	@	62 f3 7d 49 52 00 00
gap_probe_avx512evex_00824	0x00010000	64	0x1000	EXTRA_OK	7	@	@	62 f3 7d 49 52 c0 00
gap_probe_avx512evex_00825	0x00010000	64	0x1000	EXTRA_OK	7	@	@	62 f3 fd 09 53 00 00
gap_probe_avx512evex_00826	0x00010000	64	0x1000	EXTRA_OK	7	@	@	62 f3 fd 09 53 c0 00
gap_probe_avx512evex_00827	0x00010000	64	0x1000	EXTRA_OK	7	@	@	62 f3 7c 09 53 00 00
gap_probe_avx512evex_00828	0x00010000	64	0x1000	EXTRA_OK	7	@	@	62 f3 7c 09 53 c0 00
gap_probe_avx512evex_00829	0x00010000	64	0x1000	EXTRA_OK	7	@	@	62 f3 7d 09 53 00 00
gap_probe_avx512evex_00830	0x00010000	64	0x1000	EXTRA_OK	7	@	@	62 f3 7d 09 53 c0 00
gap_probe_avx512evex_00831	0x00010000	64	0x1000	EXTRA_OK	7	@	@	62 f3 fd 09 54 00 00
gap_probe_avx512evex_00832	0x00010000	64	0x1000	EXTRA_OK	7	@	@	62 f3 fd 09 54 c0 00
gap_probe_avx512evex_00833	0x00010000	64	0x1000	EXTRA_OK	7	@	@	62 f3 fd 29 54 00 00
gap_probe_avx512evex_00834	0x00010000	64	0x1000	EXTRA_OK	7	@	@	62 f3 fd 29 54 c0 00
gap_probe_avx512evex_00835	0x00010000	64	0x1000	EXTRA_OK	7	@	@	62 f3 fd 49 54 00 00
gap_probe_avx512evex_00836	0x00010000	64	0x1000	EXTRA_OK	7	@	@	62 f3 fd 59 54 c0 00
gap_probe_avx512evex_00837	0x00010000	64	0x1000	EXTRA_OK	7	@	@	62 f3 7d 09 54 00 00
gap_probe_avx512evex_00838	0x00010000	64	0x1000	EXTRA_OK	7	@	@	62 f3 7d 09 54 c0 00
gap_probe_avx512evex_00839	0x00010000	64	0x1000	EXTRA_OK	7	@	@	62 f3 7d 29 54 00 00
gap_probe_avx512evex_00840	0x00010000	64	0x1000	EXTRA_OK	7	@	@	62 f3 7d 29 54 c0 00
gap_probe_avx512evex_00841	0x00010000	64	0x1000	EXTRA_OK	7	@	@	62 f3 7d 49 54 00 00
gap_probe_avx512evex_00842	0x00010000	64	0x1000	EXTRA_OK	7	@	@	62 f3 7d 49 54 c0 00
gap_probe_avx512evex_00843	0x00010000	64	0x1000	EXTRA_OK	7	@	@	62 f3 fd 09 55 00 00
gap_probe_avx512evex_00844	0x00010000	64	0x1000	EXTRA_OK	7	@	@	62 f3 fd 09 55 c0 00
gap_probe_avx512evex_00845	0x00010000	64	0x1000	EXTRA_OK	7	@	@	62 f3 7d 09 55 00 00
gap_probe_avx512evex_00846	0x00010000	64	0x1000	EXTRA_OK	7	@	@	62 f3 7d 19 55 c0 00
gap_probe_avx512evex_00847	0x00010000	64	0x1000	EXTRA_OK	7	@	@	62 f3 7f 09 56 00 00
gap_probe_avx512evex_00848	0x00010000	64	0x1000	EXTRA_OK	7	@	@	62 f3 7f 09 56 c0 00
gap_probe_avx512evex_00849	0x00010000	64	0x1000	EXTRA_OK	7	@	@	62 f3 7f 29 56 00 00
gap_probe_avx512evex_00850	0x00010000	64	0x1000	EXTRA_OK	7	@	@	62 f3 7f 29 56 c0 00
gap_probe_avx512evex_00851	0x00010000	64	0x1000	EXTRA_OK	7	@	@	62 f3 7f 49 56 00 00
gap_probe_avx512evex_00852	0x00010000	64	0x1000	EXTRA_OK	7	@	@	62 f3 7f 49 56 c0 00
gap_probe_avx512evex_00853	0x00010000	64	0x1000	EXTRA_OK	7	@	@	62 f3 fd 09 56 00 00
gap_probe_avx512evex_00854	0x00010000	64	0x1000	EXTRA_OK	7	@	@	62 f3 fd 09 56 c0 00
gap_probe_avx512evex_00855	0x00010000	64	0x1000	EXTRA_OK	7	@	@	62 f3 fd 29 56 00 00
gap_probe_avx512evex_00856	0x00010000	64	0x1000	EXTRA_OK	7	@	@	62 f3 fd 29 56 c0 00
gap_probe_avx512evex_00857	0x00010000	64	0x1000	EXTRA_OK	7	@	@	62 f3 fd 49 56 00 00
gap_probe_avx512evex_00858	0x00010000	64	0x1000	EXTRA_OK	7	@	@	62 f3 fd 49 56 c0 00
gap_probe_avx512evex_00859	0x00010000	64	0x1000	EXTRA_OK	7	@	@	62 f3 7c 09 56 00 00
gap_probe_avx512evex_00860	0x00010000	64	0x1000	EXTRA_OK	7	@	@	62 f3 7c 09 56 c0 00
gap_probe_avx512evex_00861	0x00010000	64	0x1000	EXTRA_OK	7	@	@	62 f3 7c 29 56 00 00
gap_probe_avx512evex_00862	0x00010000	64	0x1000	EXTRA_OK	7	@	@	62 f3 7c 29 56 c0 00
gap_probe_avx512evex_00863	0x00010000	64	0x1000	EXTRA_OK	7	@	@	62 f3 7c 49 56 00 00
gap_probe_avx512evex_00864	0x00010000	64	0x1000	EXTRA_OK	7	@	@	62 f3 7c 59 56 c0 00
gap_probe_avx512evex_00865	0x00010000	64	0x1000	EXTRA_OK	7	@	@	62 f3 7d 09 56 00 00
gap_probe_avx512evex_00866	0x00010000	64	0x1000	EXTRA_OK	7	@	@	62 f3 7d 09 56 c0 00
gap_probe_avx512evex_00867	0x00010000	64	0x1000	EXTRA_OK	7	@	@	62 f3 7d 29 56 00 00
gap_probe_avx512evex_00868	0x00010000	64	0x1000	EXTRA_OK	7	@	@	62 f3 7d 29 56 c0 00
gap_probe_avx512evex_00869	0x00010000	64	0x1000	EXTRA_OK	7	@	@	62 f3 7d 49 56 00 00
gap_probe_avx512evex_00870	0x00010000	64	0x1000	EXTRA_OK	7	@	@	62 f3 7d 49 56 c0 00
gap_probe_avx512evex_00871	0x00010000	64	0x1000	EXTRA_OK	7	@	@	62 f3 fd 09 57 00 00
gap_probe_avx512evex_00872	0x00010000	64	0x1000	EXTRA_OK	7	@	@	62 f3 fd 19 57 c0 00
gap_probe_avx512evex_00873	0x00010000	64	0x1000	EXTRA_OK	7	@	@	62 f3 7c 09 57 00 00
gap_probe_avx512evex_00874	0x00010000	64	0x1000	EXTRA_OK	7	@	@	62 f3 7c 19 57 c0 00
gap_probe_avx512evex_00875	0x00010000	64	0x1000	EXTRA_OK	7	@	@	62 f3 7d 09 57 00 00
gap_probe_avx512evex_00876	0x00010000	64	0x1000	EXTRA_OK	7	@	@	62 f3 7d 09 57 c0 00
gap_probe_avx512evex_00877	0x00010000	64	0x1000	EXTRA_OK	7	@	@	62 f3 7f 09 66 00 00
gap_probe_avx512evex_00878	0x00010000	64	0x1000	EXTRA_OK	7	@	@	62 f3 7f 29 66 00 00
gap_probe_avx512evex_00879	0x00010000	64	0x1000	EXTRA_OK	7	@	@	62 f3 7f 49 66 00 00
gap_probe_avx512evex_00880	0x00010000	64	0x1000	EXTRA_OK	7	@	@	62 f3 7f 09 66 c0 00
gap_probe_avx512evex_00881	0x00010000	64	0x1000	EXTRA_OK	7	@	@	62 f3 7f 29 66 c0 00
gap_probe_avx512evex_00882	0x00010000	64	0x1000	EXTRA_OK	7	@	@	62 f3 7f 49 66 c0 00
gap_probe_avx512evex_00883	0x00010000	64	0x1000	EXTRA_OK	7	@	@	62 f3 fd 09 66 00 00
gap_probe_avx512evex_00884	0x00010000	64	0x1000	EXTRA_OK	7	@	@	62 f3 fd 29 66 00 00
gap_probe_avx512evex_00885	0x00010000	64	0x1000	EXTRA_OK	7	@	@	62 f3 fd 49 66 00 00
gap_probe_avx512evex_00886	0x00010000	64	0x1000	EXTRA_OK	7	@	@	62 f3 fd 09 66 c0 00
gap_probe_avx512evex_00887	0x00010000	64	0x1000	EXTRA_OK	7	@	@	62 f3 fd 29 66 c0 00
gap_probe_avx512evex_00888	0x00010000	64	0x1000	EXTRA_OK	7	@	@	62 f3 fd 49 66 c0 00
gap_probe_avx512evex_00889	0x00010000	64	0x1000	EXTRA_OK	7	@	@	62 f3 7c 09 66 00 00
gap_probe_avx512evex_00890	0x00010000	64	0x1000	EXTRA_OK	7	@	@	62 f3 7c 29 66 00 00
gap_probe_avx512evex_00891	0x00010000	64	0x1000	EXTRA_OK	7	@	@	62 f3 7c 49 66 00 00
gap_probe_avx512evex_00892	0x00010000	64	0x1000	EXTRA_OK	7	@	@	62 f3 7c 09 66 c0 00
gap_probe_avx512evex_00893	0x00010000	64	0x1000	EXTRA_OK	7	@	@	62 f3 7c 29 66 c0 00
gap_probe_avx512evex_00894	0x00010000	64	0x1000	EXTRA_OK	7	@	@	62 f3 7c 49 66 c0 00
gap_probe_avx512evex_00895	0x00010000	64	0x1000	EXTRA_OK	7	@	@	62 f3 7d 09 66 00 00
gap_probe_avx512evex_00896	0x00010000	64	0x1000	EXTRA_OK	7	@	@	62 f3 7d 29 66 00 00
gap_probe_avx512evex_00897	0x00010000	64	0x1000	EXTRA_OK	7	@	@	62 f3 7d 49 66 00 00
gap_probe_avx512evex_00898	0x00010000	64	0x1000	EXTRA_OK	7	@	@	62 f3 7d 09 66 c0 00
gap_probe_avx512evex_00899	0x00010000	64	0x1000	EXTRA_OK	7	@	@	62 f3 7d 29 66 c0 00
gap_probe_avx512evex_00900	0x00010000	64	0x1000	EXTRA_OK	7	@	@	62 f3 7d 49 66 c0 00
gap_probe_avx512evex_00901	0x00010000	64	0x1000	EXTRA_OK	7	@	@	62 f3 fd 09 67 00 00
gap_probe_avx512evex_00902	0x00010000	64	0x1000	EXTRA_OK	7	@	@	62 f3 fd 09 67 c0 00
gap_probe_avx512evex_00903	0x00010000	64	0x1000	EXTRA_OK	7	@	@	62 f3 7c 09 67 00 00
gap_probe_avx512evex_00904	0x00010000	64	0x1000	EXTRA_OK	7	@	@	62 f3 7c 09 67 c0 00
gap_probe_avx512evex_00905	0x00010000	64	0x1000	EXTRA_OK	7	@	@	62 f3 7d 09 67 00 00
gap_probe_avx512evex_00906	0x00010000	64	0x1000	EXTRA_OK	7	@	@	62 f3 7d 09 67 c0 00
gap_probe_avx512evex_00907	0x00010000	64	0x1000	EXTRA_OK	7	@	@	62 f3 7f 09 c2 00 00
gap_probe_avx512evex_00908	0x00010000	64	0x1000	EXTRA_OK	7	@	@	62 f3 7f 09 c2 c0 00
gap_probe_avx512evex_00909	0x00010000	64	0x1000	EXTRA_OK	7	@	@	62 f3 7f 29 c2 00 00
gap_probe_avx512evex_00910	0x00010000	64	0x1000	EXTRA_OK	7	@	@	62 f3 7f 29 c2 c0 00
gap_probe_avx512evex_00911	0x00010000	64	0x1000	EXTRA_OK	7	@	@	62 f3 7f 49 c2 00 00
gap_probe_avx512evex_00912	0x00010000	64	0x1000	EXTRA_OK	7	@	@	62 f3 7f 49 c2 c0 00
gap_probe_avx512evex_00913	0x00010000	64	0x1000	EXTRA_OK	7	@	@	62 f3 7c 09 c2 00 00
gap_probe_avx512evex_00914	0x00010000	64	0x1000	EXTRA_OK	7	@	@	62 f3 7c 09 c2 c0 00
gap_probe_avx512evex_00915	0x00010000	64	0x1000	EXTRA_OK	7	@	@	62 f3 7c 29 c2 00 00
gap_probe_avx512evex_00916	0x00010000	64	0x1000	EXTRA_OK	7	@	@	62 f3 7c 29 c2 c0 00
gap_probe_avx512evex_00917	0x00010000	64	0x1000	EXTRA_OK	7	@	@	62 f3 7c 49 c2 00 00
gap_probe_avx512evex_00918	0x00010000	64	0x1000	EXTRA_OK	7	@	@	62 f3 7c 49 c2 c0 00
gap_probe_avx512evex_00919	0x00010000	64	0x1000	EXTRA_OK	7	@	@	62 f3 7e 09 c2 00 00
gap_probe_avx512evex_00920	0x00010000	64	0x1000	EXTRA_OK	7	@	@	62 f3 7e 19 c2 c0 00
gap_probe_apxevex_00921	0x00010000	64	0x1000	EXTRA_OK	6	@	@	62 f4 7c 02 38 c0
gap_probe_apxevex_00922	0x00010000	64	0x1000	EXTRA_OK	6	@	@	62 f4 78 02 38 00
gap_probe_apxevex_00923	0x00010000	64	0x1000	EXTRA_OK	6	@	@	62 f4 7c 06 38 c0
gap_probe_apxevex_00924	0x00010000	64	0x1000	EXTRA_OK	6	@	@	62 f4 78 06 38 00
gap_probe_apxevex_00925	0x00010000	64	0x1000	EXTRA_OK	6	@	@	62 f4 7c 0b 38 c0
gap_probe_apxevex_00926	0x00010000	64	0x1000	EXTRA_OK	6	@	@	62 f4 78 0b 38 00
gap_probe_apxevex_00927	0x00010000	64	0x1000	EXTRA_OK	6	@	@	62 f4 7c 0c 38 c0
gap_probe_apxevex_00928	0x00010000	64	0x1000	EXTRA_OK	6	@	@	62 f4 78 0c 38 00
gap_probe_apxevex_00929	0x00010000	64	0x1000	EXTRA_OK	6	@	@	62 f4 7c 0e 38 c0
gap_probe_apxevex_00930	0x00010000	64	0x1000	EXTRA_OK	6	@	@	62 f4 78 0e 38 00
gap_probe_apxevex_00931	0x00010000	64	0x1000	EXTRA_OK	6	@	@	62 f4 7c 03 38 c0
gap_probe_apxevex_00932	0x00010000	64	0x1000	EXTRA_OK	6	@	@	62 f4 78 03 38 00
gap_probe_apxevex_00933	0x00010000	64	0x1000	EXTRA_OK	6	@	@	62 f4 7c 07 38 c0
gap_probe_apxevex_00934	0x00010000	64	0x1000	EXTRA_OK	6	@	@	62 f4 78 07 38 00
gap_probe_apxevex_00935	0x00010000	64	0x1000	EXTRA_OK	6	@	@	62 f4 7c 0d 38 c0
gap_probe_apxevex_00936	0x00010000	64	0x1000	EXTRA_OK	6	@	@	62 f4 78 0d 38 00
gap_probe_apxevex_00937	0x00010000	64	0x1000	EXTRA_OK	6	@	@	62 f4 7c 0f 38 c0
gap_probe_apxevex_00938	0x00010000	64	0x1000	EXTRA_OK	6	@	@	62 f4 78 0f 38 00
gap_probe_apxevex_00939	0x00010000	64	0x1000	EXTRA_OK	6	@	@	62 f4 7c 01 38 c0
gap_probe_apxevex_00940	0x00010000	64	0x1000	EXTRA_OK	6	@	@	62 f4 78 01 38 00
gap_probe_apxevex_00941	0x00010000	64	0x1000	EXTRA_OK	6	@	@	62 f4 7c 09 38 c0
gap_probe_apxevex_00942	0x00010000	64	0x1000	EXTRA_OK	6	@	@	62 f4 78 09 38 00
gap_probe_apxevex_00943	0x00010000	64	0x1000	EXTRA_OK	6	@	@	62 f4 7c 05 38 c0
gap_probe_apxevex_00944	0x00010000	64	0x1000	EXTRA_OK	6	@	@	62 f4 78 05 38 00
gap_probe_apxevex_00945	0x00010000	64	0x1000	EXTRA_OK	6	@	@	62 f4 7c 00 38 c0
gap_probe_apxevex_00946	0x00010000	64	0x1000	EXTRA_OK	6	@	@	62 f4 78 00 38 00
gap_probe_apxevex_00947	0x00010000	64	0x1000	EXTRA_OK	6	@	@	62 f4 7c 08 38 c0
gap_probe_apxevex_00948	0x00010000	64	0x1000	EXTRA_OK	6	@	@	62 f4 78 08 38 00
gap_probe_apxevex_00949	0x00010000	64	0x1000	EXTRA_OK	6	@	@	62 f4 7c 0a 38 c0
gap_probe_apxevex_00950	0x00010000	64	0x1000	EXTRA_OK	6	@	@	62 f4 78 0a 38 00
gap_probe_apxevex_00951	0x00010000	64	0x1000	EXTRA_OK	6	@	@	62 f4 7c 04 38 c0
gap_probe_apxevex_00952	0x00010000	64	0x1000	EXTRA_OK	6	@	@	62 f4 78 04 38 00
gap_probe_apxevex_00953	0x00010000	64	0x1000	EXTRA_OK	6	@	@	62 f4 78 02 39 00
gap_probe_apxevex_00954	0x00010000	64	0x1000	EXTRA_OK	6	@	@	62 f4 78 0b 39 00
gap_probe_apxevex_00955	0x00010000	64	0x1000	EXTRA_OK	6	@	@	62 f4 78 0c 39 00
gap_probe_apxevex_00956	0x00010000	64	0x1000	EXTRA_OK	6	@	@	62 f4 79 0e 39 00
gap_probe_apxevex_00957	0x00010000	64	0x1000	EXTRA_OK	6	@	@	62 f4 79 03 39 00
gap_probe_apxevex_00958	0x00010000	64	0x1000	EXTRA_OK	6	@	@	62 f4 79 07 39 00
gap_probe_apxevex_00959	0x00010000	64	0x1000	EXTRA_OK	6	@	@	62 f4 78 0d 39 00
gap_probe_apxevex_00960	0x00010000	64	0x1000	EXTRA_OK	6	@	@	62 f4 79 0f 39 00
gap_probe_apxevex_00961	0x00010000	64	0x1000	EXTRA_OK	6	@	@	62 f4 79 01 39 00
gap_probe_apxevex_00962	0x00010000	64	0x1000	EXTRA_OK	6	@	@	62 f4 79 09 39 00
gap_probe_apxevex_00963	0x00010000	64	0x1000	EXTRA_OK	6	@	@	62 f4 79 05 39 00
gap_probe_apxevex_00964	0x00010000	64	0x1000	EXTRA_OK	6	@	@	62 f4 79 00 39 00
gap_probe_apxevex_00965	0x00010000	64	0x1000	EXTRA_OK	6	@	@	62 f4 79 08 39 00
gap_probe_apxevex_00966	0x00010000	64	0x1000	EXTRA_OK	6	@	@	62 f4 78 0a 39 00
gap_probe_apxevex_00967	0x00010000	64	0x1000	EXTRA_OK	6	@	@	62 f4 79 04 39 00
gap_probe_apxevex_00968	0x00010000	64	0x1000	EXTRA_OK	6	@	@	62 f4 78 02 3a 00
gap_probe_apxevex_00969	0x00010000	64	0x1000	EXTRA_OK	6	@	@	62 f4 78 06 3a 00
gap_probe_apxevex_00970	0x00010000	64	0x1000	EXTRA_OK	6	@	@	62 f4 78 0b 3a 00
gap_probe_apxevex_00971	0x00010000	64	0x1000	EXTRA_OK	6	@	@	62 f4 78 0c 3a 00
gap_probe_apxevex_00972	0x00010000	64	0x1000	EXTRA_OK	6	@	@	62 f4 78 0e 3a 00
gap_probe_apxevex_00973	0x00010000	64	0x1000	EXTRA_OK	6	@	@	62 f4 78 03 3a 00
gap_probe_apxevex_00974	0x00010000	64	0x1000	EXTRA_OK	6	@	@	62 f4 78 07 3a 00
gap_probe_apxevex_00975	0x00010000	64	0x1000	EXTRA_OK	6	@	@	62 f4 78 0d 3a 00
gap_probe_apxevex_00976	0x00010000	64	0x1000	EXTRA_OK	6	@	@	62 f4 78 0f 3a 00
gap_probe_apxevex_00977	0x00010000	64	0x1000	EXTRA_OK	6	@	@	62 f4 78 01 3a 00
gap_probe_apxevex_00978	0x00010000	64	0x1000	EXTRA_OK	6	@	@	62 f4 78 09 3a 00
gap_probe_apxevex_00979	0x00010000	64	0x1000	EXTRA_OK	6	@	@	62 f4 78 05 3a 00
gap_probe_apxevex_00980	0x00010000	64	0x1000	EXTRA_OK	6	@	@	62 f4 78 00 3a 00
gap_probe_apxevex_00981	0x00010000	64	0x1000	EXTRA_OK	6	@	@	62 f4 78 08 3a 00
gap_probe_apxevex_00982	0x00010000	64	0x1000	EXTRA_OK	6	@	@	62 f4 78 0a 3a 00
gap_probe_apxevex_00983	0x00010000	64	0x1000	EXTRA_OK	6	@	@	62 f4 78 04 3a 00
gap_probe_apxevex_00984	0x00010000	64	0x1000	EXTRA_OK	6	@	@	62 f4 78 02 3b 00
gap_probe_apxevex_00985	0x00010000	64	0x1000	EXTRA_OK	6	@	@	62 f4 78 06 3b 00
gap_probe_apxevex_00986	0x00010000	64	0x1000	EXTRA_OK	6	@	@	62 f4 78 0b 3b 00
gap_probe_apxevex_00987	0x00010000	64	0x1000	EXTRA_OK	6	@	@	62 f4 79 0c 3b 00
gap_probe_apxevex_00988	0x00010000	64	0x1000	EXTRA_OK	6	@	@	62 f4 78 0e 3b 00
gap_probe_apxevex_00989	0x00010000	64	0x1000	EXTRA_OK	6	@	@	62 f4 78 03 3b 00
gap_probe_apxevex_00990	0x00010000	64	0x1000	EXTRA_OK	6	@	@	62 f4 79 07 3b 00
gap_probe_apxevex_00991	0x00010000	64	0x1000	EXTRA_OK	6	@	@	62 f4 79 0d 3b 00
gap_probe_apxevex_00992	0x00010000	64	0x1000	EXTRA_OK	6	@	@	62 f4 79 0f 3b 00
gap_probe_apxevex_00993	0x00010000	64	0x1000	EXTRA_OK	6	@	@	62 f4 79 01 3b 00
gap_probe_apxevex_00994	0x00010000	64	0x1000	EXTRA_OK	6	@	@	62 f4 79 09 3b 00
gap_probe_apxevex_00995	0x00010000	64	0x1000	EXTRA_OK	6	@	@	62 f4 79 05 3b 00
gap_probe_apxevex_00996	0x00010000	64	0x1000	EXTRA_OK	6	@	@	62 f4 78 00 3b 00
gap_probe_apxevex_00997	0x00010000	64	0x1000	EXTRA_OK	6	@	@	62 f4 79 08 3b 00
gap_probe_apxevex_00998	0x00010000	64	0x1000	EXTRA_OK	6	@	@	62 f4 79 0a 3b 00
gap_probe_apxevex_00999	0x00010000	64	0x1000	EXTRA_OK	6	@	@	62 f4 78 04 3b 00
gap_probe_apxevex_01000	0x00010000	64	0x1000	EXTRA_OK	6	@	@	62 f4 7c 0c 40 c0
gap_probe_apxevex_01001	0x00010000	64	0x1000	EXTRA_OK	6	@	@	62 f4 7d 1c 40 c0
gap_probe_apxevex_01002	0x00010000	64	0x1000	EXTRA_OK	6	@	@	62 f4 79 1c 40 00
gap_probe_apxevex_01003	0x00010000	64	0x1000	EXTRA_OK	6	@	@	62 f4 79 08 40 00
gap_probe_apxevex_01004	0x00010000	64	0x1000	EXTRA_OK	6	@	@	62 f4 78 0c 40 00
gap_probe_apxevex_01005	0x00010000	64	0x1000	EXTRA_OK	6	@	@	62 f4 7d 08 41 c0
gap_probe_apxevex_01006	0x00010000	64	0x1000	EXTRA_OK	6	@	@	62 f4 7c 1c 41 c0
gap_probe_apxevex_01007	0x00010000	64	0x1000	EXTRA_OK	6	@	@	62 f4 79 1c 41 00
gap_probe_apxevex_01008	0x00010000	64	0x1000	EXTRA_OK	6	@	@	62 f4 79 08 41 00
gap_probe_apxevex_01009	0x00010000	64	0x1000	EXTRA_OK	6	@	@	62 f4 79 0c 41 00
gap_probe_apxevex_01010	0x00010000	64	0x1000	EXTRA_OK	6	@	@	62 f4 7c 0c 42 c0
gap_probe_apxevex_01011	0x00010000	64	0x1000	EXTRA_OK	6	@	@	62 f4 7c 1c 42 c0
gap_probe_apxevex_01012	0x00010000	64	0x1000	EXTRA_OK	6	@	@	62 f4 79 1c 42 00
gap_probe_apxevex_01013	0x00010000	64	0x1000	EXTRA_OK	6	@	@	62 f4 78 08 42 00
gap_probe_apxevex_01014	0x00010000	64	0x1000	EXTRA_OK	6	@	@	62 f4 78 0c 42 00
gap_probe_apxevex_01015	0x00010000	64	0x1000	EXTRA_OK	6	@	@	62 f4 7c 08 43 c0
gap_probe_apxevex_01016	0x00010000	64	0x1000	EXTRA_OK	6	@	@	62 f4 7c 1c 43 c0
gap_probe_apxevex_01017	0x00010000	64	0x1000	EXTRA_OK	6	@	@	62 f4 79 1c 43 00
gap_probe_apxevex_01018	0x00010000	64	0x1000	EXTRA_OK	6	@	@	62 f4 78 08 43 00
gap_probe_apxevex_01019	0x00010000	64	0x1000	EXTRA_OK	6	@	@	62 f4 79 0c 43 00
gap_probe_apxevex_01020	0x00010000	64	0x1000	EXTRA_OK	6	@	@	62 f4 7d 0c 44 c0
gap_probe_apxevex_01021	0x00010000	64	0x1000	EXTRA_OK	6	@	@	62 f4 7c 1c 44 c0
gap_probe_apxevex_01022	0x00010000	64	0x1000	EXTRA_OK	6	@	@	62 f4 79 1c 44 00
gap_probe_apxevex_01023	0x00010000	64	0x1000	EXTRA_OK	6	@	@	62 f4 79 08 44 00
gap_probe_apxevex_01024	0x00010000	64	0x1000	EXTRA_OK	6	@	@	62 f4 78 0c 44 00
gap_probe_apxevex_01025	0x00010000	64	0x1000	EXTRA_OK	6	@	@	62 f4 7d 0c 45 c0
gap_probe_apxevex_01026	0x00010000	64	0x1000	EXTRA_OK	6	@	@	62 f4 7c 1c 45 c0
gap_probe_apxevex_01027	0x00010000	64	0x1000	EXTRA_OK	6	@	@	62 f4 79 1c 45 00
gap_probe_apxevex_01028	0x00010000	64	0x1000	EXTRA_OK	6	@	@	62 f4 79 08 45 00
gap_probe_apxevex_01029	0x00010000	64	0x1000	EXTRA_OK	6	@	@	62 f4 79 0c 45 00
gap_probe_apxevex_01030	0x00010000	64	0x1000	EXTRA_OK	6	@	@	62 f4 7d 0c 46 c0
gap_probe_apxevex_01031	0x00010000	64	0x1000	EXTRA_OK	6	@	@	62 f4 7d 1c 46 c0
gap_probe_apxevex_01032	0x00010000	64	0x1000	EXTRA_OK	6	@	@	62 f4 79 1c 46 00
gap_probe_apxevex_01033	0x00010000	64	0x1000	EXTRA_OK	6	@	@	62 f4 78 08 46 00
gap_probe_apxevex_01034	0x00010000	64	0x1000	EXTRA_OK	6	@	@	62 f4 79 0c 46 00
gap_probe_apxevex_01035	0x00010000	64	0x1000	EXTRA_OK	6	@	@	62 f4 7c 08 47 c0
gap_probe_apxevex_01036	0x00010000	64	0x1000	EXTRA_OK	6	@	@	62 f4 7c 1c 47 c0
gap_probe_apxevex_01037	0x00010000	64	0x1000	EXTRA_OK	6	@	@	62 f4 79 1c 47 00
gap_probe_apxevex_01038	0x00010000	64	0x1000	EXTRA_OK	6	@	@	62 f4 79 08 47 00
gap_probe_apxevex_01039	0x00010000	64	0x1000	EXTRA_OK	6	@	@	62 f4 78 0c 47 00
gap_probe_apxevex_01040	0x00010000	64	0x1000	EXTRA_OK	6	@	@	62 f4 7d 08 48 c0
gap_probe_apxevex_01041	0x00010000	64	0x1000	EXTRA_OK	6	@	@	62 f4 7d 1c 48 c0
gap_probe_apxevex_01042	0x00010000	64	0x1000	EXTRA_OK	6	@	@	62 f4 78 1c 48 00
gap_probe_apxevex_01043	0x00010000	64	0x1000	EXTRA_OK	6	@	@	62 f4 78 08 48 00
gap_probe_apxevex_01044	0x00010000	64	0x1000	EXTRA_OK	6	@	@	62 f4 79 0c 48 00
gap_probe_apxevex_01045	0x00010000	64	0x1000	EXTRA_OK	6	@	@	62 f4 7d 0c 49 c0
gap_probe_apxevex_01046	0x00010000	64	0x1000	EXTRA_OK	6	@	@	62 f4 7c 1c 49 c0
gap_probe_apxevex_01047	0x00010000	64	0x1000	EXTRA_OK	6	@	@	62 f4 79 1c 49 00
gap_probe_apxevex_01048	0x00010000	64	0x1000	EXTRA_OK	6	@	@	62 f4 78 08 49 00
gap_probe_apxevex_01049	0x00010000	64	0x1000	EXTRA_OK	6	@	@	62 f4 79 0c 49 00
gap_probe_apxevex_01050	0x00010000	64	0x1000	EXTRA_OK	6	@	@	62 f4 7d 0c 4a c0
gap_probe_apxevex_01051	0x00010000	64	0x1000	EXTRA_OK	6	@	@	62 f4 7d 1c 4a c0
gap_probe_apxevex_01052	0x00010000	64	0x1000	EXTRA_OK	6	@	@	62 f4 78 1c 4a 00
gap_probe_apxevex_01053	0x00010000	64	0x1000	EXTRA_OK	6	@	@	62 f4 79 08 4a 00
gap_probe_apxevex_01054	0x00010000	64	0x1000	EXTRA_OK	6	@	@	62 f4 78 0c 4a 00
gap_probe_apxevex_01055	0x00010000	64	0x1000	EXTRA_OK	6	@	@	62 f4 7d 08 4b c0
gap_probe_apxevex_01056	0x00010000	64	0x1000	EXTRA_OK	6	@	@	62 f4 7d 1c 4b c0
gap_probe_apxevex_01057	0x00010000	64	0x1000	EXTRA_OK	6	@	@	62 f4 79 1c 4b 00
gap_probe_apxevex_01058	0x00010000	64	0x1000	EXTRA_OK	6	@	@	62 f4 79 08 4b 00
gap_probe_apxevex_01059	0x00010000	64	0x1000	EXTRA_OK	6	@	@	62 f4 79 0c 4b 00
gap_probe_apxevex_01060	0x00010000	64	0x1000	EXTRA_OK	6	@	@	62 f4 7d 0c 4c c0
gap_probe_apxevex_01061	0x00010000	64	0x1000	EXTRA_OK	6	@	@	62 f4 7c 1c 4c c0
gap_probe_apxevex_01062	0x00010000	64	0x1000	EXTRA_OK	6	@	@	62 f4 78 1c 4c 00
gap_probe_apxevex_01063	0x00010000	64	0x1000	EXTRA_OK	6	@	@	62 f4 79 08 4c 00
gap_probe_apxevex_01064	0x00010000	64	0x1000	EXTRA_OK	6	@	@	62 f4 78 0c 4c 00
gap_probe_apxevex_01065	0x00010000	64	0x1000	EXTRA_OK	6	@	@	62 f4 7d 08 4d c0
gap_probe_apxevex_01066	0x00010000	64	0x1000	EXTRA_OK	6	@	@	62 f4 7d 1c 4d c0
gap_probe_apxevex_01067	0x00010000	64	0x1000	EXTRA_OK	6	@	@	62 f4 79 1c 4d 00
gap_probe_apxevex_01068	0x00010000	64	0x1000	EXTRA_OK	6	@	@	62 f4 78 08 4d 00
gap_probe_apxevex_01069	0x00010000	64	0x1000	EXTRA_OK	6	@	@	62 f4 79 0c 4d 00
gap_probe_apxevex_01070	0x00010000	64	0x1000	EXTRA_OK	6	@	@	62 f4 7c 08 4e c0
gap_probe_apxevex_01071	0x00010000	64	0x1000	EXTRA_OK	6	@	@	62 f4 7c 1c 4e c0
gap_probe_apxevex_01072	0x00010000	64	0x1000	EXTRA_OK	6	@	@	62 f4 79 1c 4e 00
gap_probe_apxevex_01073	0x00010000	64	0x1000	EXTRA_OK	6	@	@	62 f4 78 08 4e 00
gap_probe_apxevex_01074	0x00010000	64	0x1000	EXTRA_OK	6	@	@	62 f4 78 0c 4e 00
gap_probe_apxevex_01075	0x00010000	64	0x1000	EXTRA_OK	6	@	@	62 f4 7c 08 4f c0
gap_probe_apxevex_01076	0x00010000	64	0x1000	EXTRA_OK	6	@	@	62 f4 7d 1c 4f c0
gap_probe_apxevex_01077	0x00010000	64	0x1000	EXTRA_OK	6	@	@	62 f4 78 1c 4f 00
gap_probe_apxevex_01078	0x00010000	64	0x1000	EXTRA_OK	6	@	@	62 f4 78 08 4f 00
gap_probe_apxevex_01079	0x00010000	64	0x1000	EXTRA_OK	6	@	@	62 f4 78 0c 4f 00
gap_probe_apxevex_01080	0x00010000	64	0x1000	EXTRA_OK	7	@	@	62 f4 7c 02 80 f8 00
gap_probe_apxevex_01081	0x00010000	64	0x1000	EXTRA_OK	7	@	@	62 f4 78 02 80 38 00
gap_probe_apxevex_01082	0x00010000	64	0x1000	EXTRA_OK	7	@	@	62 f4 7c 06 80 f8 00
gap_probe_apxevex_01083	0x00010000	64	0x1000	EXTRA_OK	7	@	@	62 f4 78 06 80 38 00
gap_probe_apxevex_01084	0x00010000	64	0x1000	EXTRA_OK	7	@	@	62 f4 7c 0b 80 f8 00
gap_probe_apxevex_01085	0x00010000	64	0x1000	EXTRA_OK	7	@	@	62 f4 78 0b 80 38 00
gap_probe_apxevex_01086	0x00010000	64	0x1000	EXTRA_OK	7	@	@	62 f4 7c 0c 80 f8 00
gap_probe_apxevex_01087	0x00010000	64	0x1000	EXTRA_OK	7	@	@	62 f4 78 0c 80 38 00
gap_probe_apxevex_01088	0x00010000	64	0x1000	EXTRA_OK	7	@	@	62 f4 7c 0e 80 f8 00
gap_probe_apxevex_01089	0x00010000	64	0x1000	EXTRA_OK	7	@	@	62 f4 78 0e 80 38 00
gap_probe_apxevex_01090	0x00010000	64	0x1000	EXTRA_OK	7	@	@	62 f4 7c 03 80 f8 00
gap_probe_apxevex_01091	0x00010000	64	0x1000	EXTRA_OK	7	@	@	62 f4 78 03 80 38 00
gap_probe_apxevex_01092	0x00010000	64	0x1000	EXTRA_OK	7	@	@	62 f4 7c 07 80 f8 00
gap_probe_apxevex_01093	0x00010000	64	0x1000	EXTRA_OK	7	@	@	62 f4 78 07 80 38 00
gap_probe_apxevex_01094	0x00010000	64	0x1000	EXTRA_OK	7	@	@	62 f4 7c 0d 80 f8 00
gap_probe_apxevex_01095	0x00010000	64	0x1000	EXTRA_OK	7	@	@	62 f4 78 0d 80 38 00
gap_probe_apxevex_01096	0x00010000	64	0x1000	EXTRA_OK	7	@	@	62 f4 7c 0f 80 f8 00
gap_probe_apxevex_01097	0x00010000	64	0x1000	EXTRA_OK	7	@	@	62 f4 78 0f 80 38 00
gap_probe_apxevex_01098	0x00010000	64	0x1000	EXTRA_OK	7	@	@	62 f4 7c 01 80 f8 00
gap_probe_apxevex_01099	0x00010000	64	0x1000	EXTRA_OK	7	@	@	62 f4 78 01 80 38 00
gap_probe_apxevex_01100	0x00010000	64	0x1000	EXTRA_OK	7	@	@	62 f4 7c 09 80 f8 00
gap_probe_apxevex_01101	0x00010000	64	0x1000	EXTRA_OK	7	@	@	62 f4 78 09 80 38 00
gap_probe_apxevex_01102	0x00010000	64	0x1000	EXTRA_OK	7	@	@	62 f4 7c 05 80 f8 00
gap_probe_apxevex_01103	0x00010000	64	0x1000	EXTRA_OK	7	@	@	62 f4 78 05 80 38 00
gap_probe_apxevex_01104	0x00010000	64	0x1000	EXTRA_OK	7	@	@	62 f4 7c 00 80 f8 00
gap_probe_apxevex_01105	0x00010000	64	0x1000	EXTRA_OK	7	@	@	62 f4 78 00 80 38 00
gap_probe_apxevex_01106	0x00010000	64	0x1000	EXTRA_OK	7	@	@	62 f4 7c 08 80 f8 00
gap_probe_apxevex_01107	0x00010000	64	0x1000	EXTRA_OK	7	@	@	62 f4 78 08 80 38 00
gap_probe_apxevex_01108	0x00010000	64	0x1000	EXTRA_OK	7	@	@	62 f4 7c 0a 80 f8 00
gap_probe_apxevex_01109	0x00010000	64	0x1000	EXTRA_OK	7	@	@	62 f4 78 0a 80 38 00
gap_probe_apxevex_01110	0x00010000	64	0x1000	EXTRA_OK	7	@	@	62 f4 7c 04 80 f8 00
gap_probe_apxevex_01111	0x00010000	64	0x1000	EXTRA_OK	7	@	@	62 f4 78 04 80 38 00
gap_probe_apxevex_01112	0x00010000	64	0x1000	EXTRA_OK	8	@	@	62 f4 7d 02 81 f8 00 00
gap_probe_apxevex_01113	0x00010000	64	0x1000	EXTRA_OK	8	@	@	62 f4 79 02 81 38 00 00
gap_probe_apxevex_01114	0x00010000	64	0x1000	EXTRA_OK	10	@	@	62 f4 7c 06 81 f8 00 00 00 00
gap_probe_apxevex_01115	0x00010000	64	0x1000	EXTRA_OK	8	@	@	62 f4 79 06 81 38 00 00
gap_probe_apxevex_01116	0x00010000	64	0x1000	EXTRA_OK	8	@	@	62 f4 7d 0b 81 f8 00 00
gap_probe_apxevex_01117	0x00010000	64	0x1000	EXTRA_OK	8	@	@	62 f4 79 0b 81 38 00 00
gap_probe_apxevex_01118	0x00010000	64	0x1000	EXTRA_OK	10	@	@	62 f4 7c 0c 81 f8 00 00 00 00
gap_probe_apxevex_01119	0x00010000	64	0x1000	EXTRA_OK	8	@	@	62 f4 79 0c 81 38 00 00
gap_probe_apxevex_01120	0x00010000	64	0x1000	EXTRA_OK	10	@	@	62 f4 7c 0e 81 f8 00 00 00 00
gap_probe_apxevex_01121	0x00010000	64	0x1000	EXTRA_OK	10	@	@	62 f4 78 0e 81 38 00 00 00 00
gap_probe_apxevex_01122	0x00010000	64	0x1000	EXTRA_OK	10	@	@	62 f4 7c 03 81 f8 00 00 00 00
gap_probe_apxevex_01123	0x00010000	64	0x1000	EXTRA_OK	10	@	@	62 f4 78 03 81 38 00 00 00 00
gap_probe_apxevex_01124	0x00010000	64	0x1000	EXTRA_OK	10	@	@	62 f4 7c 07 81 f8 00 00 00 00
gap_probe_apxevex_01125	0x00010000	64	0x1000	EXTRA_OK	10	@	@	62 f4 78 07 81 38 00 00 00 00
gap_probe_apxevex_01126	0x00010000	64	0x1000	EXTRA_OK	10	@	@	62 f4 7c 0d 81 f8 00 00 00 00
gap_probe_apxevex_01127	0x00010000	64	0x1000	EXTRA_OK	10	@	@	62 f4 78 0d 81 38 00 00 00 00
gap_probe_apxevex_01128	0x00010000	64	0x1000	EXTRA_OK	10	@	@	62 f4 7c 0f 81 f8 00 00 00 00
gap_probe_apxevex_01129	0x00010000	64	0x1000	EXTRA_OK	8	@	@	62 f4 79 0f 81 38 00 00
gap_probe_apxevex_01130	0x00010000	64	0x1000	EXTRA_OK	8	@	@	62 f4 7d 01 81 f8 00 00
gap_probe_apxevex_01131	0x00010000	64	0x1000	EXTRA_OK	10	@	@	62 f4 78 01 81 38 00 00 00 00
gap_probe_apxevex_01132	0x00010000	64	0x1000	EXTRA_OK	8	@	@	62 f4 7d 09 81 f8 00 00
gap_probe_apxevex_01133	0x00010000	64	0x1000	EXTRA_OK	8	@	@	62 f4 79 09 81 38 00 00
gap_probe_apxevex_01134	0x00010000	64	0x1000	EXTRA_OK	8	@	@	62 f4 7d 05 81 f8 00 00
gap_probe_apxevex_01135	0x00010000	64	0x1000	EXTRA_OK	10	@	@	62 f4 78 05 81 38 00 00 00 00
gap_probe_apxevex_01136	0x00010000	64	0x1000	EXTRA_OK	8	@	@	62 f4 7d 00 81 f8 00 00
gap_probe_apxevex_01137	0x00010000	64	0x1000	EXTRA_OK	10	@	@	62 f4 78 00 81 38 00 00 00 00
gap_probe_apxevex_01138	0x00010000	64	0x1000	EXTRA_OK	8	@	@	62 f4 7d 08 81 f8 00 00
gap_probe_apxevex_01139	0x00010000	64	0x1000	EXTRA_OK	8	@	@	62 f4 79 08 81 38 00 00
gap_probe_apxevex_01140	0x00010000	64	0x1000	EXTRA_OK	10	@	@	62 f4 7c 0a 81 f8 00 00 00 00
gap_probe_apxevex_01141	0x00010000	64	0x1000	EXTRA_OK	10	@	@	62 f4 78 0a 81 38 00 00 00 00
gap_probe_apxevex_01142	0x00010000	64	0x1000	EXTRA_OK	10	@	@	62 f4 7c 04 81 f8 00 00 00 00
gap_probe_apxevex_01143	0x00010000	64	0x1000	EXTRA_OK	8	@	@	62 f4 79 04 81 38 00 00
gap_probe_apxevex_01144	0x00010000	64	0x1000	EXTRA_OK	7	@	@	62 f4 79 02 83 38 00
gap_probe_apxevex_01145	0x00010000	64	0x1000	EXTRA_OK	7	@	@	62 f4 79 06 83 38 00
gap_probe_apxevex_01146	0x00010000	64	0x1000	EXTRA_OK	7	@	@	62 f4 79 0b 83 38 00
gap_probe_apxevex_01147	0x00010000	64	0x1000	EXTRA_OK	7	@	@	62 f4 78 0c 83 38 00
gap_probe_apxevex_01148	0x00010000	64	0x1000	EXTRA_OK	7	@	@	62 f4 78 0e 83 38 00
gap_probe_apxevex_01149	0x00010000	64	0x1000	EXTRA_OK	7	@	@	62 f4 78 03 83 38 00
gap_probe_apxevex_01150	0x00010000	64	0x1000	EXTRA_OK	7	@	@	62 f4 79 07 83 38 00
gap_probe_apxevex_01151	0x00010000	64	0x1000	EXTRA_OK	7	@	@	62 f4 78 0d 83 38 00
gap_probe_apxevex_01152	0x00010000	64	0x1000	EXTRA_OK	7	@	@	62 f4 79 0f 83 38 00
gap_probe_apxevex_01153	0x00010000	64	0x1000	EXTRA_OK	7	@	@	62 f4 79 01 83 38 00
gap_probe_apxevex_01154	0x00010000	64	0x1000	EXTRA_OK	7	@	@	62 f4 79 09 83 38 00
gap_probe_apxevex_01155	0x00010000	64	0x1000	EXTRA_OK	7	@	@	62 f4 79 05 83 38 00
gap_probe_apxevex_01156	0x00010000	64	0x1000	EXTRA_OK	7	@	@	62 f4 79 00 83 38 00
gap_probe_apxevex_01157	0x00010000	64	0x1000	EXTRA_OK	7	@	@	62 f4 78 08 83 38 00
gap_probe_apxevex_01158	0x00010000	64	0x1000	EXTRA_OK	7	@	@	62 f4 78 0a 83 38 00
gap_probe_apxevex_01159	0x00010000	64	0x1000	EXTRA_OK	7	@	@	62 f4 79 04 83 38 00
gap_probe_apxevex_01160	0x00010000	64	0x1000	EXTRA_OK	6	@	@	62 f4 7c 02 84 c0
gap_probe_apxevex_01161	0x00010000	64	0x1000	EXTRA_OK	6	@	@	62 f4 78 02 84 00
gap_probe_apxevex_01162	0x00010000	64	0x1000	EXTRA_OK	6	@	@	62 f4 7c 06 84 c0
gap_probe_apxevex_01163	0x00010000	64	0x1000	EXTRA_OK	6	@	@	62 f4 78 06 84 00
gap_probe_apxevex_01164	0x00010000	64	0x1000	EXTRA_OK	6	@	@	62 f4 7c 0b 84 c0
gap_probe_apxevex_01165	0x00010000	64	0x1000	EXTRA_OK	6	@	@	62 f4 78 0b 84 00
gap_probe_apxevex_01166	0x00010000	64	0x1000	EXTRA_OK	6	@	@	62 f4 7c 0c 84 c0
gap_probe_apxevex_01167	0x00010000	64	0x1000	EXTRA_OK	6	@	@	62 f4 78 0c 84 00
gap_probe_apxevex_01168	0x00010000	64	0x1000	EXTRA_OK	6	@	@	62 f4 7c 0e 84 c0
gap_probe_apxevex_01169	0x00010000	64	0x1000	EXTRA_OK	6	@	@	62 f4 78 0e 84 00
gap_probe_apxevex_01170	0x00010000	64	0x1000	EXTRA_OK	6	@	@	62 f4 7c 03 84 c0
gap_probe_apxevex_01171	0x00010000	64	0x1000	EXTRA_OK	6	@	@	62 f4 78 03 84 00
gap_probe_apxevex_01172	0x00010000	64	0x1000	EXTRA_OK	6	@	@	62 f4 7c 07 84 c0
gap_probe_apxevex_01173	0x00010000	64	0x1000	EXTRA_OK	6	@	@	62 f4 78 07 84 00
gap_probe_apxevex_01174	0x00010000	64	0x1000	EXTRA_OK	6	@	@	62 f4 7c 0d 84 c0
gap_probe_apxevex_01175	0x00010000	64	0x1000	EXTRA_OK	6	@	@	62 f4 78 0d 84 00
gap_probe_apxevex_01176	0x00010000	64	0x1000	EXTRA_OK	6	@	@	62 f4 7c 0f 84 c0
gap_probe_apxevex_01177	0x00010000	64	0x1000	EXTRA_OK	6	@	@	62 f4 78 0f 84 00
gap_probe_apxevex_01178	0x00010000	64	0x1000	EXTRA_OK	6	@	@	62 f4 7c 01 84 c0
gap_probe_apxevex_01179	0x00010000	64	0x1000	EXTRA_OK	6	@	@	62 f4 78 01 84 00
gap_probe_apxevex_01180	0x00010000	64	0x1000	EXTRA_OK	6	@	@	62 f4 7c 09 84 c0
gap_probe_apxevex_01181	0x00010000	64	0x1000	EXTRA_OK	6	@	@	62 f4 78 09 84 00
gap_probe_apxevex_01182	0x00010000	64	0x1000	EXTRA_OK	6	@	@	62 f4 7c 05 84 c0
gap_probe_apxevex_01183	0x00010000	64	0x1000	EXTRA_OK	6	@	@	62 f4 78 05 84 00
gap_probe_apxevex_01184	0x00010000	64	0x1000	EXTRA_OK	6	@	@	62 f4 7c 00 84 c0
gap_probe_apxevex_01185	0x00010000	64	0x1000	EXTRA_OK	6	@	@	62 f4 78 00 84 00
gap_probe_apxevex_01186	0x00010000	64	0x1000	EXTRA_OK	6	@	@	62 f4 7c 08 84 c0
gap_probe_apxevex_01187	0x00010000	64	0x1000	EXTRA_OK	6	@	@	62 f4 78 08 84 00
gap_probe_apxevex_01188	0x00010000	64	0x1000	EXTRA_OK	6	@	@	62 f4 7c 0a 84 c0
gap_probe_apxevex_01189	0x00010000	64	0x1000	EXTRA_OK	6	@	@	62 f4 78 0a 84 00
gap_probe_apxevex_01190	0x00010000	64	0x1000	EXTRA_OK	6	@	@	62 f4 7c 04 84 c0
gap_probe_apxevex_01191	0x00010000	64	0x1000	EXTRA_OK	6	@	@	62 f4 78 04 84 00
gap_probe_apxevex_01192	0x00010000	64	0x1000	EXTRA_OK	6	@	@	62 f4 79 02 85 00
gap_probe_apxevex_01193	0x00010000	64	0x1000	EXTRA_OK	6	@	@	62 f4 78 0b 85 00
gap_probe_apxevex_01194	0x00010000	64	0x1000	EXTRA_OK	6	@	@	62 f4 79 0c 85 00
gap_probe_apxevex_01195	0x00010000	64	0x1000	EXTRA_OK	6	@	@	62 f4 78 0e 85 00
gap_probe_apxevex_01196	0x00010000	64	0x1000	EXTRA_OK	6	@	@	62 f4 79 03 85 00
gap_probe_apxevex_01197	0x00010000	64	0x1000	EXTRA_OK	6	@	@	62 f4 79 07 85 00
gap_probe_apxevex_01198	0x00010000	64	0x1000	EXTRA_OK	6	@	@	62 f4 79 0d 85 00
gap_probe_apxevex_01199	0x00010000	64	0x1000	EXTRA_OK	6	@	@	62 f4 78 0f 85 00
gap_probe_apxevex_01200	0x00010000	64	0x1000	EXTRA_OK	6	@	@	62 f4 78 01 85 00
gap_probe_apxevex_01201	0x00010000	64	0x1000	EXTRA_OK	6	@	@	62 f4 78 09 85 00
gap_probe_apxevex_01202	0x00010000	64	0x1000	EXTRA_OK	6	@	@	62 f4 79 05 85 00
gap_probe_apxevex_01203	0x00010000	64	0x1000	EXTRA_OK	6	@	@	62 f4 79 00 85 00
gap_probe_apxevex_01204	0x00010000	64	0x1000	EXTRA_OK	6	@	@	62 f4 78 08 85 00
gap_probe_apxevex_01205	0x00010000	64	0x1000	EXTRA_OK	6	@	@	62 f4 79 0a 85 00
gap_probe_apxevex_01206	0x00010000	64	0x1000	EXTRA_OK	6	@	@	62 f4 79 04 85 00
gap_probe_movrs_01207	0x00010000	64	0x1000	EXTRA_OK	6	@	@	62 f4 78 08 8a 00
gap_probe_movrs_01208	0x00010000	64	0x1000	EXTRA_OK	6	@	@	62 f4 79 08 8b 00
gap_probe_apxevex_01209	0x00010000	64	0x1000	EXTRA_OK	6	@	@	62 f4 fc 10 8f c0
gap_probe_apxevex_01210	0x00010000	64	0x1000	EXTRA_OK	7	@	@	62 f4 78 02 f6 00 00
gap_probe_apxevex_01211	0x00010000	64	0x1000	EXTRA_OK	7	@	@	62 f4 78 06 f6 00 00
gap_probe_apxevex_01212	0x00010000	64	0x1000	EXTRA_OK	7	@	@	62 f4 78 0b f6 00 00
gap_probe_apxevex_01213	0x00010000	64	0x1000	EXTRA_OK	7	@	@	62 f4 78 0c f6 08 00
gap_probe_apxevex_01214	0x00010000	64	0x1000	EXTRA_OK	7	@	@	62 f4 78 0e f6 08 00
gap_probe_apxevex_01215	0x00010000	64	0x1000	EXTRA_OK	7	@	@	62 f4 78 03 f6 00 00
gap_probe_apxevex_01216	0x00010000	64	0x1000	EXTRA_OK	7	@	@	62 f4 78 07 f6 00 00
gap_probe_apxevex_01217	0x00010000	64	0x1000	EXTRA_OK	7	@	@	62 f4 78 0d f6 00 00
gap_probe_apxevex_01218	0x00010000	64	0x1000	EXTRA_OK	7	@	@	62 f4 78 0f f6 00 00
gap_probe_apxevex_01219	0x00010000	64	0x1000	EXTRA_OK	7	@	@	62 f4 78 01 f6 00 00
gap_probe_apxevex_01220	0x00010000	64	0x1000	EXTRA_OK	7	@	@	62 f4 78 09 f6 08 00
gap_probe_apxevex_01221	0x00010000	64	0x1000	EXTRA_OK	7	@	@	62 f4 78 05 f6 08 00
gap_probe_apxevex_01222	0x00010000	64	0x1000	EXTRA_OK	7	@	@	62 f4 78 00 f6 08 00
gap_probe_apxevex_01223	0x00010000	64	0x1000	EXTRA_OK	7	@	@	62 f4 78 08 f6 00 00
gap_probe_apxevex_01224	0x00010000	64	0x1000	EXTRA_OK	7	@	@	62 f4 78 0a f6 08 00
gap_probe_apxevex_01225	0x00010000	64	0x1000	EXTRA_OK	7	@	@	62 f4 78 04 f6 08 00
gap_probe_apxevex_01226	0x00010000	64	0x1000	EXTRA_OK	8	@	@	62 f4 7d 02 f7 c0 00 00
gap_probe_apxevex_01227	0x00010000	64	0x1000	EXTRA_OK	10	@	@	62 f4 78 02 f7 00 00 00 00 00
gap_probe_apxevex_01228	0x00010000	64	0x1000	EXTRA_OK	10	@	@	62 f4 78 06 f7 00 00 00 00 00
gap_probe_apxevex_01229	0x00010000	64	0x1000	EXTRA_OK	10	@	@	62 f4 7c 0b f7 c0 00 00 00 00
gap_probe_apxevex_01230	0x00010000	64	0x1000	EXTRA_OK	10	@	@	62 f4 78 0b f7 08 00 00 00 00
gap_probe_apxevex_01231	0x00010000	64	0x1000	EXTRA_OK	10	@	@	62 f4 7c 0c f7 c0 00 00 00 00
gap_probe_apxevex_01232	0x00010000	64	0x1000	EXTRA_OK	10	@	@	62 f4 78 0c f7 08 00 00 00 00
gap_probe_apxevex_01233	0x00010000	64	0x1000	EXTRA_OK	10	@	@	62 f4 7c 0e f7 c8 00 00 00 00
gap_probe_apxevex_01234	0x00010000	64	0x1000	EXTRA_OK	8	@	@	62 f4 79 0e f7 08 00 00
gap_probe_apxevex_01235	0x00010000	64	0x1000	EXTRA_OK	8	@	@	62 f4 7d 03 f7 c8 00 00
gap_probe_apxevex_01236	0x00010000	64	0x1000	EXTRA_OK	10	@	@	62 f4 78 03 f7 00 00 00 00 00
gap_probe_apxevex_01237	0x00010000	64	0x1000	EXTRA_OK	8	@	@	62 f4 7d 07 f7 c8 00 00
gap_probe_apxevex_01238	0x00010000	64	0x1000	EXTRA_OK	10	@	@	62 f4 78 07 f7 08 00 00 00 00
gap_probe_apxevex_01239	0x00010000	64	0x1000	EXTRA_OK	8	@	@	62 f4 7d 0d f7 c8 00 00
gap_probe_apxevex_01240	0x00010000	64	0x1000	EXTRA_OK	10	@	@	62 f4 78 0d f7 00 00 00 00 00
gap_probe_apxevex_01241	0x00010000	64	0x1000	EXTRA_OK	8	@	@	62 f4 7d 0f f7 c8 00 00
gap_probe_apxevex_01242	0x00010000	64	0x1000	EXTRA_OK	10	@	@	62 f4 78 0f f7 08 00 00 00 00
gap_probe_apxevex_01243	0x00010000	64	0x1000	EXTRA_OK	8	@	@	62 f4 7d 01 f7 c8 00 00
gap_probe_apxevex_01244	0x00010000	64	0x1000	EXTRA_OK	8	@	@	62 f4 79 01 f7 08 00 00
gap_probe_apxevex_01245	0x00010000	64	0x1000	EXTRA_OK	10	@	@	62 f4 7c 09 f7 c8 00 00 00 00
gap_probe_apxevex_01246	0x00010000	64	0x1000	EXTRA_OK	8	@	@	62 f4 79 09 f7 00 00 00
gap_probe_apxevex_01247	0x00010000	64	0x1000	EXTRA_OK	8	@	@	62 f4 7d 05 f7 c0 00 00
gap_probe_apxevex_01248	0x00010000	64	0x1000	EXTRA_OK	8	@	@	62 f4 79 05 f7 00 00 00
gap_probe_apxevex_01249	0x00010000	64	0x1000	EXTRA_OK	10	@	@	62 f4 7c 00 f7 c0 00 00 00 00
gap_probe_apxevex_01250	0x00010000	64	0x1000	EXTRA_OK	10	@	@	62 f4 78 00 f7 00 00 00 00 00
gap_probe_apxevex_01251	0x00010000	64	0x1000	EXTRA_OK	10	@	@	62 f4 7c 08 f7 c0 00 00 00 00
gap_probe_apxevex_01252	0x00010000	64	0x1000	EXTRA_OK	10	@	@	62 f4 78 08 f7 00 00 00 00 00
gap_probe_apxevex_01253	0x00010000	64	0x1000	EXTRA_OK	8	@	@	62 f4 7d 0a f7 c0 00 00
gap_probe_apxevex_01254	0x00010000	64	0x1000	EXTRA_OK	8	@	@	62 f4 79 0a f7 00 00 00
gap_probe_apxevex_01255	0x00010000	64	0x1000	EXTRA_OK	10	@	@	62 f4 7c 04 f7 c0 00 00 00 00
gap_probe_apxevex_01256	0x00010000	64	0x1000	EXTRA_OK	10	@	@	62 f4 78 04 f7 08 00 00 00 00
gap_probe_apxevex_01257	0x00010000	64	0x1000	EXTRA_OK	6	@	@	62 f4 fc 10 ff f0
gap_probe_avx512evex_01258	0x00010000	64	0x1000	EXTRA_OK	6	@	@	62 f5 7f 09 18 00
gap_probe_avx512evex_01259	0x00010000	64	0x1000	EXTRA_OK	6	@	@	62 f5 7f 09 18 c0
gap_probe_avx512evex_01260	0x00010000	64	0x1000	EXTRA_OK	6	@	@	62 f5 7f 29 18 00
gap_probe_avx512evex_01261	0x00010000	64	0x1000	EXTRA_OK	6	@	@	62 f5 7f 29 18 c0
gap_probe_avx512evex_01262	0x00010000	64	0x1000	EXTRA_OK	6	@	@	62 f5 7f 49 18 00
gap_probe_avx512evex_01263	0x00010000	64	0x1000	EXTRA_OK	6	@	@	62 f5 7f 49 18 c0
gap_probe_avx512evex_01264	0x00010000	64	0x1000	EXTRA_OK	6	@	@	62 f5 7c 09 18 00
gap_probe_avx512evex_01265	0x00010000	64	0x1000	EXTRA_OK	6	@	@	62 f5 7c 09 18 c0
gap_probe_avx512evex_01266	0x00010000	64	0x1000	EXTRA_OK	6	@	@	62 f5 7c 29 18 00
gap_probe_avx512evex_01267	0x00010000	64	0x1000	EXTRA_OK	6	@	@	62 f5 7c 29 18 c0
gap_probe_avx512evex_01268	0x00010000	64	0x1000	EXTRA_OK	6	@	@	62 f5 7c 49 18 00
gap_probe_avx512evex_01269	0x00010000	64	0x1000	EXTRA_OK	6	@	@	62 f5 7c 49 18 c0
gap_probe_avx512evex_01270	0x00010000	64	0x1000	EXTRA_OK	6	@	@	62 f5 7e 09 18 00
gap_probe_avx512evex_01271	0x00010000	64	0x1000	EXTRA_OK	6	@	@	62 f5 7e 29 18 00
gap_probe_avx512evex_01272	0x00010000	64	0x1000	EXTRA_OK	6	@	@	62 f5 7e 09 18 c0
gap_probe_avx512evex_01273	0x00010000	64	0x1000	EXTRA_OK	6	@	@	62 f5 7e 29 18 c0
gap_probe_avx512evex_01274	0x00010000	64	0x1000	EXTRA_OK	6	@	@	62 f5 7e 49 18 00
gap_probe_avx512evex_01275	0x00010000	64	0x1000	EXTRA_OK	6	@	@	62 f5 7e 49 18 c0
gap_probe_avx512evex_01276	0x00010000	64	0x1000	EXTRA_OK	6	@	@	62 f5 7f 09 1b 00
gap_probe_avx512evex_01277	0x00010000	64	0x1000	EXTRA_OK	6	@	@	62 f5 7f 09 1b c0
gap_probe_avx512evex_01278	0x00010000	64	0x1000	EXTRA_OK	6	@	@	62 f5 7f 29 1b 00
gap_probe_avx512evex_01279	0x00010000	64	0x1000	EXTRA_OK	6	@	@	62 f5 7f 29 1b c0
gap_probe_avx512evex_01280	0x00010000	64	0x1000	EXTRA_OK	6	@	@	62 f5 7f 49 1b 00
gap_probe_avx512evex_01281	0x00010000	64	0x1000	EXTRA_OK	6	@	@	62 f5 7f 49 1b c0
gap_probe_avx512evex_01282	0x00010000	64	0x1000	EXTRA_OK	6	@	@	62 f5 7c 09 1b 00
gap_probe_avx512evex_01283	0x00010000	64	0x1000	EXTRA_OK	6	@	@	62 f5 7c 09 1b c0
gap_probe_avx512evex_01284	0x00010000	64	0x1000	EXTRA_OK	6	@	@	62 f5 7c 29 1b 00
gap_probe_avx512evex_01285	0x00010000	64	0x1000	EXTRA_OK	6	@	@	62 f5 7c 29 1b c0
gap_probe_avx512evex_01286	0x00010000	64	0x1000	EXTRA_OK	6	@	@	62 f5 7c 49 1b 00
gap_probe_avx512evex_01287	0x00010000	64	0x1000	EXTRA_OK	6	@	@	62 f5 7c 49 1b c0
gap_probe_avx512evex_01288	0x00010000	64	0x1000	EXTRA_OK	6	@	@	62 f5 7e 09 1b 00
gap_probe_avx512evex_01289	0x00010000	64	0x1000	EXTRA_OK	6	@	@	62 f5 7e 29 1b 00
gap_probe_avx512evex_01290	0x00010000	64	0x1000	EXTRA_OK	6	@	@	62 f5 7e 09 1b c0
gap_probe_avx512evex_01291	0x00010000	64	0x1000	EXTRA_OK	6	@	@	62 f5 7e 29 1b c0
gap_probe_avx512evex_01292	0x00010000	64	0x1000	EXTRA_OK	6	@	@	62 f5 7e 49 1b 00
gap_probe_avx512evex_01293	0x00010000	64	0x1000	EXTRA_OK	6	@	@	62 f5 7e 49 1b c0
gap_probe_avx512evex_01294	0x00010000	64	0x1000	EXTRA_OK	6	@	@	62 f5 7d 09 1d 00
gap_probe_avx512evex_01295	0x00010000	64	0x1000	EXTRA_OK	6	@	@	62 f5 7d 29 1d 00
gap_probe_avx512evex_01296	0x00010000	64	0x1000	EXTRA_OK	6	@	@	62 f5 7d 09 1d c0
gap_probe_avx512evex_01297	0x00010000	64	0x1000	EXTRA_OK	6	@	@	62 f5 7d 29 1d c0
gap_probe_avx512evex_01298	0x00010000	64	0x1000	EXTRA_OK	6	@	@	62 f5 7d 49 1d 00
gap_probe_avx512evex_01299	0x00010000	64	0x1000	EXTRA_OK	6	@	@	62 f5 7d 59 1d c0
gap_probe_avx512evex_01300	0x00010000	64	0x1000	EXTRA_OK	6	@	@	62 f5 7c 09 1d 00
gap_probe_avx512evex_01301	0x00010000	64	0x1000	EXTRA_OK	6	@	@	62 f5 7c 09 1d c0
gap_probe_avx512evex_01302	0x00010000	64	0x1000	EXTRA_OK	6	@	@	62 f5 7f 09 1e 00
gap_probe_avx512evex_01303	0x00010000	64	0x1000	EXTRA_OK	6	@	@	62 f5 7f 09 1e c0
gap_probe_avx512evex_01304	0x00010000	64	0x1000	EXTRA_OK	6	@	@	62 f5 7f 29 1e 00
gap_probe_avx512evex_01305	0x00010000	64	0x1000	EXTRA_OK	6	@	@	62 f5 7f 29 1e c0
gap_probe_avx512evex_01306	0x00010000	64	0x1000	EXTRA_OK	6	@	@	62 f5 7f 49 1e 00
gap_probe_avx512evex_01307	0x00010000	64	0x1000	EXTRA_OK	6	@	@	62 f5 7f 49 1e c0
gap_probe_avx512evex_01308	0x00010000	64	0x1000	EXTRA_OK	6	@	@	62 f5 fe 18 2a c0
gap_probe_avx512evex_01309	0x00010000	64	0x1000	EXTRA_OK	6	@	@	62 f5 7e 08 2a 00
gap_probe_avx512evex_01310	0x00010000	64	0x1000	EXTRA_OK	6	@	@	62 f5 fe 08 2a 00
gap_probe_avx512evex_01311	0x00010000	64	0x1000	EXTRA_OK	6	@	@	62 f5 7e 08 2c 00
gap_probe_avx512evex_01312	0x00010000	64	0x1000	EXTRA_OK	6	@	@	62 f5 7e 08 2c c0
gap_probe_avx512evex_01313	0x00010000	64	0x1000	EXTRA_OK	6	@	@	62 f5 fe 08 2c 00
gap_probe_avx512evex_01314	0x00010000	64	0x1000	EXTRA_OK	6	@	@	62 f5 fe 18 2c c0
gap_probe_avx512evex_01315	0x00010000	64	0x1000	EXTRA_OK	6	@	@	62 f5 7e 08 2d 00
gap_probe_avx512evex_01316	0x00010000	64	0x1000	EXTRA_OK	6	@	@	62 f5 7e 18 2d c0
gap_probe_avx512evex_01317	0x00010000	64	0x1000	EXTRA_OK	6	@	@	62 f5 fe 08 2d 00
gap_probe_avx512evex_01318	0x00010000	64	0x1000	EXTRA_OK	6	@	@	62 f5 fe 18 2d c0
gap_probe_avx512evex_01319	0x00010000	64	0x1000	EXTRA_OK	6	@	@	62 f5 7e 08 2e 00
gap_probe_avx512evex_01320	0x00010000	64	0x1000	EXTRA_OK	6	@	@	62 f5 7e 08 2e c0
gap_probe_avx512evex_01321	0x00010000	64	0x1000	EXTRA_OK	6	@	@	62 f5 7d 08 2f 00
gap_probe_avx512evex_01322	0x00010000	64	0x1000	EXTRA_OK	6	@	@	62 f5 7d 08 2f c0
gap_probe_avx512evex_01323	0x00010000	64	0x1000	EXTRA_OK	6	@	@	62 f5 7e 08 2f 00
gap_probe_avx512evex_01324	0x00010000	64	0x1000	EXTRA_OK	6	@	@	62 f5 7e 18 2f c0
gap_probe_avx512evex_01325	0x00010000	64	0x1000	EXTRA_OK	6	@	@	62 f5 fc 09 36 00
gap_probe_avx512evex_01326	0x00010000	64	0x1000	EXTRA_OK	6	@	@	62 f5 fc 09 36 c0
gap_probe_avx512evex_01327	0x00010000	64	0x1000	EXTRA_OK	6	@	@	62 f5 fc 29 36 00
gap_probe_avx512evex_01328	0x00010000	64	0x1000	EXTRA_OK	6	@	@	62 f5 fc 29 36 c0
gap_probe_avx512evex_01329	0x00010000	64	0x1000	EXTRA_OK	6	@	@	62 f5 fc 49 36 00
gap_probe_avx512evex_01330	0x00010000	64	0x1000	EXTRA_OK	6	@	@	62 f5 fc 49 36 c0
gap_probe_avx512evex_01331	0x00010000	64	0x1000	EXTRA_OK	6	@	@	62 f5 7c 09 36 00
gap_probe_avx512evex_01332	0x00010000	64	0x1000	EXTRA_OK	6	@	@	62 f5 7c 09 36 c0
gap_probe_avx512evex_01333	0x00010000	64	0x1000	EXTRA_OK	6	@	@	62 f5 7c 29 36 00
gap_probe_avx512evex_01334	0x00010000	64	0x1000	EXTRA_OK	6	@	@	62 f5 7c 29 36 c0
gap_probe_avx512evex_01335	0x00010000	64	0x1000	EXTRA_OK	6	@	@	62 f5 7c 49 36 00
gap_probe_avx512evex_01336	0x00010000	64	0x1000	EXTRA_OK	6	@	@	62 f5 7c 49 36 c0
gap_probe_avx512evex_01337	0x00010000	64	0x1000	EXTRA_OK	6	@	@	62 f5 7c 09 37 00
gap_probe_avx512evex_01338	0x00010000	64	0x1000	EXTRA_OK	6	@	@	62 f5 7c 09 37 c0
gap_probe_avx512evex_01339	0x00010000	64	0x1000	EXTRA_OK	6	@	@	62 f5 7c 29 37 00
gap_probe_avx512evex_01340	0x00010000	64	0x1000	EXTRA_OK	6	@	@	62 f5 7c 29 37 c0
gap_probe_avx512evex_01341	0x00010000	64	0x1000	EXTRA_OK	6	@	@	62 f5 7c 49 37 00
gap_probe_avx512evex_01342	0x00010000	64	0x1000	EXTRA_OK	6	@	@	62 f5 7c 49 37 c0
gap_probe_avx512evex_01343	0x00010000	64	0x1000	EXTRA_OK	6	@	@	62 f5 fd 09 37 c0
gap_probe_avx512evex_01344	0x00010000	64	0x1000	EXTRA_OK	6	@	@	62 f5 fd 29 37 c0
gap_probe_avx512evex_01345	0x00010000	64	0x1000	EXTRA_OK	6	@	@	62 f5 fd 49 37 c0
gap_probe_avx512evex_01346	0x00010000	64	0x1000	EXTRA_OK	6	@	@	62 f5 7d 09 37 c0
gap_probe_avx512evex_01347	0x00010000	64	0x1000	EXTRA_OK	6	@	@	62 f5 7d 29 37 c0
gap_probe_avx512evex_01348	0x00010000	64	0x1000	EXTRA_OK	6	@	@	62 f5 7d 49 37 c0
gap_probe_avx512evex_01349	0x00010000	64	0x1000	EXTRA_OK	6	@	@	62 f5 7c 09 38 00
gap_probe_avx512evex_01350	0x00010000	64	0x1000	EXTRA_OK	6	@	@	62 f5 7c 09 38 c0
gap_probe_avx512evex_01351	0x00010000	64	0x1000	EXTRA_OK	6	@	@	62 f5 7c 29 38 00
gap_probe_avx512evex_01352	0x00010000	64	0x1000	EXTRA_OK	6	@	@	62 f5 7c 29 38 c0
gap_probe_avx512evex_01353	0x00010000	64	0x1000	EXTRA_OK	6	@	@	62 f5 7c 49 38 00
gap_probe_avx512evex_01354	0x00010000	64	0x1000	EXTRA_OK	6	@	@	62 f5 7c 49 38 c0
gap_probe_avx512evex_01355	0x00010000	64	0x1000	EXTRA_OK	6	@	@	62 f5 7e 09 38 00
gap_probe_avx512evex_01356	0x00010000	64	0x1000	EXTRA_OK	6	@	@	62 f5 7e 29 38 00
gap_probe_avx512evex_01357	0x00010000	64	0x1000	EXTRA_OK	6	@	@	62 f5 7e 49 38 00
gap_probe_avx512evex_01358	0x00010000	64	0x1000	EXTRA_OK	6	@	@	62 f5 7e 09 38 c0
gap_probe_avx512evex_01359	0x00010000	64	0x1000	EXTRA_OK	6	@	@	62 f5 7e 29 38 c0
gap_probe_avx512evex_01360	0x00010000	64	0x1000	EXTRA_OK	6	@	@	62 f5 7e 49 38 c0
gap_probe_avx512evex_01361	0x00010000	64	0x1000	EXTRA_OK	6	@	@	62 f5 7d 09 38 00
gap_probe_avx512evex_01362	0x00010000	64	0x1000	EXTRA_OK	6	@	@	62 f5 7d 29 38 00
gap_probe_avx512evex_01363	0x00010000	64	0x1000	EXTRA_OK	6	@	@	62 f5 7d 49 38 00
gap_probe_avx512evex_01364	0x00010000	64	0x1000	EXTRA_OK	6	@	@	62 f5 7d 09 38 c0
gap_probe_avx512evex_01365	0x00010000	64	0x1000	EXTRA_OK	6	@	@	62 f5 7d 29 38 c0
gap_probe_avx512evex_01366	0x00010000	64	0x1000	EXTRA_OK	6	@	@	62 f5 7d 49 38 c0
gap_probe_avx512evex_01367	0x00010000	64	0x1000	EXTRA_OK	6	@	@	62 f5 7c 09 39 00
gap_probe_avx512evex_01368	0x00010000	64	0x1000	EXTRA_OK	6	@	@	62 f5 7c 09 39 c0
gap_probe_avx512evex_01369	0x00010000	64	0x1000	EXTRA_OK	6	@	@	62 f5 7c 29 39 00
gap_probe_avx512evex_01370	0x00010000	64	0x1000	EXTRA_OK	6	@	@	62 f5 7c 29 39 c0
gap_probe_avx512evex_01371	0x00010000	64	0x1000	EXTRA_OK	6	@	@	62 f5 7c 49 39 00
gap_probe_avx512evex_01372	0x00010000	64	0x1000	EXTRA_OK	6	@	@	62 f5 7c 49 39 c0
gap_probe_avx512evex_01373	0x00010000	64	0x1000	EXTRA_OK	6	@	@	62 f5 7e 09 39 00
gap_probe_avx512evex_01374	0x00010000	64	0x1000	EXTRA_OK	6	@	@	62 f5 7e 29 39 00
gap_probe_avx512evex_01375	0x00010000	64	0x1000	EXTRA_OK	6	@	@	62 f5 7e 49 39 00
gap_probe_avx512evex_01376	0x00010000	64	0x1000	EXTRA_OK	6	@	@	62 f5 7e 09 39 c0
gap_probe_avx512evex_01377	0x00010000	64	0x1000	EXTRA_OK	6	@	@	62 f5 7e 29 39 c0
gap_probe_avx512evex_01378	0x00010000	64	0x1000	EXTRA_OK	6	@	@	62 f5 7e 49 39 c0
gap_probe_avx512evex_01379	0x00010000	64	0x1000	EXTRA_OK	6	@	@	62 f5 7c 09 3a 00
gap_probe_avx512evex_01380	0x00010000	64	0x1000	EXTRA_OK	6	@	@	62 f5 7c 09 3a c0
gap_probe_avx512evex_01381	0x00010000	64	0x1000	EXTRA_OK	6	@	@	62 f5 7c 29 3a 00
gap_probe_avx512evex_01382	0x00010000	64	0x1000	EXTRA_OK	6	@	@	62 f5 7c 29 3a c0
gap_probe_avx512evex_01383	0x00010000	64	0x1000	EXTRA_OK	6	@	@	62 f5 7c 49 3a 00
gap_probe_avx512evex_01384	0x00010000	64	0x1000	EXTRA_OK	6	@	@	62 f5 7c 49 3a c0
gap_probe_avx512evex_01385	0x00010000	64	0x1000	EXTRA_OK	6	@	@	62 f5 7e 09 3a 00
gap_probe_avx512evex_01386	0x00010000	64	0x1000	EXTRA_OK	6	@	@	62 f5 7e 29 3a 00
gap_probe_avx512evex_01387	0x00010000	64	0x1000	EXTRA_OK	6	@	@	62 f5 7e 49 3a 00
gap_probe_avx512evex_01388	0x00010000	64	0x1000	EXTRA_OK	6	@	@	62 f5 7e 09 3a c0
gap_probe_avx512evex_01389	0x00010000	64	0x1000	EXTRA_OK	6	@	@	62 f5 7e 29 3a c0
gap_probe_avx512evex_01390	0x00010000	64	0x1000	EXTRA_OK	6	@	@	62 f5 7e 49 3a c0
gap_probe_avx512evex_01391	0x00010000	64	0x1000	EXTRA_OK	6	@	@	62 f5 7d 09 3a 00
gap_probe_avx512evex_01392	0x00010000	64	0x1000	EXTRA_OK	6	@	@	62 f5 7d 29 3a 00
gap_probe_avx512evex_01393	0x00010000	64	0x1000	EXTRA_OK	6	@	@	62 f5 7d 49 3a 00
gap_probe_avx512evex_01394	0x00010000	64	0x1000	EXTRA_OK	6	@	@	62 f5 7d 09 3a c0
gap_probe_avx512evex_01395	0x00010000	64	0x1000	EXTRA_OK	6	@	@	62 f5 7d 29 3a c0
gap_probe_avx512evex_01396	0x00010000	64	0x1000	EXTRA_OK	6	@	@	62 f5 7d 49 3a c0
gap_probe_avx512evex_01397	0x00010000	64	0x1000	EXTRA_OK	6	@	@	62 f5 7c 09 3b 00
gap_probe_avx512evex_01398	0x00010000	64	0x1000	EXTRA_OK	6	@	@	62 f5 7c 09 3b c0
gap_probe_avx512evex_01399	0x00010000	64	0x1000	EXTRA_OK	6	@	@	62 f5 7c 29 3b 00
gap_probe_avx512evex_01400	0x00010000	64	0x1000	EXTRA_OK	6	@	@	62 f5 7c 29 3b c0
gap_probe_avx512evex_01401	0x00010000	64	0x1000	EXTRA_OK	6	@	@	62 f5 7c 49 3b 00
gap_probe_avx512evex_01402	0x00010000	64	0x1000	EXTRA_OK	6	@	@	62 f5 7c 49 3b c0
gap_probe_avx512evex_01403	0x00010000	64	0x1000	EXTRA_OK	6	@	@	62 f5 7e 09 3b 00
gap_probe_avx512evex_01404	0x00010000	64	0x1000	EXTRA_OK	6	@	@	62 f5 7e 29 3b 00
gap_probe_avx512evex_01405	0x00010000	64	0x1000	EXTRA_OK	6	@	@	62 f5 7e 49 3b 00
gap_probe_avx512evex_01406	0x00010000	64	0x1000	EXTRA_OK	6	@	@	62 f5 7e 09 3b c0
gap_probe_avx512evex_01407	0x00010000	64	0x1000	EXTRA_OK	6	@	@	62 f5 7e 29 3b c0
gap_probe_avx512evex_01408	0x00010000	64	0x1000	EXTRA_OK	6	@	@	62 f5 7e 49 3b c0
gap_probe_avx512evex_01409	0x00010000	64	0x1000	EXTRA_OK	6	@	@	62 f5 7e 08 3c c0
gap_probe_avx512evex_01410	0x00010000	64	0x1000	EXTRA_OK	6	@	@	62 f5 7e 28 3c c0
gap_probe_avx512evex_01411	0x00010000	64	0x1000	EXTRA_OK	6	@	@	62 f5 7e 48 3c c0
gap_probe_avx512evex_01412	0x00010000	64	0x1000	EXTRA_OK	6	@	@	62 f5 fe 08 3d 00
gap_probe_avx512evex_01413	0x00010000	64	0x1000	EXTRA_OK	6	@	@	62 f5 fe 28 3d 00
gap_probe_avx512evex_01414	0x00010000	64	0x1000	EXTRA_OK	6	@	@	62 f5 fe 48 3d 00
gap_probe_avx512evex_01415	0x00010000	64	0x1000	EXTRA_OK	6	@	@	62 f5 fe 08 3d c0
gap_probe_avx512evex_01416	0x00010000	64	0x1000	EXTRA_OK	6	@	@	62 f5 fe 28 3d c0
gap_probe_avx512evex_01417	0x00010000	64	0x1000	EXTRA_OK	6	@	@	62 f5 fe 48 3d c0
gap_probe_avx512evex_01418	0x00010000	64	0x1000	EXTRA_OK	6	@	@	62 f5 7e 08 3d 00
gap_probe_avx512evex_01419	0x00010000	64	0x1000	EXTRA_OK	6	@	@	62 f5 7e 28 3d 00
gap_probe_avx512evex_01420	0x00010000	64	0x1000	EXTRA_OK	6	@	@	62 f5 7e 48 3d 00
gap_probe_avx512evex_01421	0x00010000	64	0x1000	EXTRA_OK	6	@	@	62 f5 7e 08 3d c0
gap_probe_avx512evex_01422	0x00010000	64	0x1000	EXTRA_OK	6	@	@	62 f5 7e 28 3d c0
gap_probe_avx512evex_01423	0x00010000	64	0x1000	EXTRA_OK	6	@	@	62 f5 7e 48 3d c0
gap_probe_avx512evex_01424	0x00010000	64	0x1000	EXTRA_OK	6	@	@	62 f5 fe 08 3e c0
gap_probe_avx512evex_01425	0x00010000	64	0x1000	EXTRA_OK	6	@	@	62 f5 fe 28 3e c0
gap_probe_avx512evex_01426	0x00010000	64	0x1000	EXTRA_OK	6	@	@	62 f5 fe 48 3e c0
gap_probe_avx512evex_01427	0x00010000	64	0x1000	EXTRA_OK	6	@	@	62 f5 7d 09 51 00
gap_probe_avx512evex_01428	0x00010000	64	0x1000	EXTRA_OK	6	@	@	62 f5 7d 09 51 c0
gap_probe_avx512evex_01429	0x00010000	64	0x1000	EXTRA_OK	6	@	@	62 f5 7d 29 51 00
gap_probe_avx512evex_01430	0x00010000	64	0x1000	EXTRA_OK	6	@	@	62 f5 7d 29 51 c0
gap_probe_avx512evex_01431	0x00010000	64	0x1000	EXTRA_OK	6	@	@	62 f5 7d 49 51 00
gap_probe_avx512evex_01432	0x00010000	64	0x1000	EXTRA_OK	6	@	@	62 f5 7d 49 51 c0
gap_probe_avx512evex_01433	0x00010000	64	0x1000	EXTRA_OK	6	@	@	62 f5 7c 09 51 00
gap_probe_avx512evex_01434	0x00010000	64	0x1000	EXTRA_OK	6	@	@	62 f5 7c 09 51 c0
gap_probe_avx512evex_01435	0x00010000	64	0x1000	EXTRA_OK	6	@	@	62 f5 7c 29 51 00
gap_probe_avx512evex_01436	0x00010000	64	0x1000	EXTRA_OK	6	@	@	62 f5 7c 29 51 c0
gap_probe_avx512evex_01437	0x00010000	64	0x1000	EXTRA_OK	6	@	@	62 f5 7c 49 51 00
gap_probe_avx512evex_01438	0x00010000	64	0x1000	EXTRA_OK	6	@	@	62 f5 7c 59 51 c0
gap_probe_avx512evex_01439	0x00010000	64	0x1000	EXTRA_OK	6	@	@	62 f5 7e 09 51 00
gap_probe_avx512evex_01440	0x00010000	64	0x1000	EXTRA_OK	6	@	@	62 f5 7e 09 51 c0
gap_probe_avx512evex_01441	0x00010000	64	0x1000	EXTRA_OK	6	@	@	62 f5 7e 09 58 00
gap_probe_avx512evex_01442	0x00010000	64	0x1000	EXTRA_OK	6	@	@	62 f5 7e 09 58 c0
gap_probe_avx512evex_01443	0x00010000	64	0x1000	EXTRA_OK	6	@	@	62 f5 fd 09 5a 00
gap_probe_avx512evex_01444	0x00010000	64	0x1000	EXTRA_OK	6	@	@	62 f5 fd 29 5a 00
gap_probe_avx512evex_01445	0x00010000	64	0x1000	EXTRA_OK	6	@	@	62 f5 fd 49 5a 00
gap_probe_avx512evex_01446	0x00010000	64	0x1000	EXTRA_OK	6	@	@	62 f5 fd 09 5a c0
gap_probe_avx512evex_01447	0x00010000	64	0x1000	EXTRA_OK	6	@	@	62 f5 fd 29 5a c0
gap_probe_avx512evex_01448	0x00010000	64	0x1000	EXTRA_OK	6	@	@	62 f5 fd 59 5a c0
gap_probe_avx512evex_01449	0x00010000	64	0x1000	EXTRA_OK	6	@	@	62 f5 7c 09 5a 00
gap_probe_avx512evex_01450	0x00010000	64	0x1000	EXTRA_OK	6	@	@	62 f5 7c 09 5a c0
gap_probe_avx512evex_01451	0x00010000	64	0x1000	EXTRA_OK	6	@	@	62 f5 7c 29 5a 00
gap_probe_avx512evex_01452	0x00010000	64	0x1000	EXTRA_OK	6	@	@	62 f5 7c 29 5a c0
gap_probe_avx512evex_01453	0x00010000	64	0x1000	EXTRA_OK	6	@	@	62 f5 7c 49 5a 00
gap_probe_avx512evex_01454	0x00010000	64	0x1000	EXTRA_OK	6	@	@	62 f5 7c 49 5a c0
gap_probe_avx512evex_01455	0x00010000	64	0x1000	EXTRA_OK	6	@	@	62 f5 ff 09 5a 00
gap_probe_avx512evex_01456	0x00010000	64	0x1000	EXTRA_OK	6	@	@	62 f5 ff 09 5a c0
gap_probe_avx512evex_01457	0x00010000	64	0x1000	EXTRA_OK	6	@	@	62 f5 7e 09 5a 00
gap_probe_avx512evex_01458	0x00010000	64	0x1000	EXTRA_OK	6	@	@	62 f5 7e 19 5a c0
gap_probe_avx512evex_01459	0x00010000	64	0x1000	EXTRA_OK	6	@	@	62 f5 7c 09 5b 00
gap_probe_avx512evex_01460	0x00010000	64	0x1000	EXTRA_OK	6	@	@	62 f5 7c 29 5b 00
gap_probe_avx512evex_01461	0x00010000	64	0x1000	EXTRA_OK	6	@	@	62 f5 7c 09 5b c0
gap_probe_avx512evex_01462	0x00010000	64	0x1000	EXTRA_OK	6	@	@	62 f5 7c 29 5b c0
gap_probe_avx512evex_01463	0x00010000	64	0x1000	EXTRA_OK	6	@	@	62 f5 7c 49 5b 00
gap_probe_avx512evex_01464	0x00010000	64	0x1000	EXTRA_OK	6	@	@	62 f5 7c 49 5b c0
gap_probe_avx512evex_01465	0x00010000	64	0x1000	EXTRA_OK	6	@	@	62 f5 7d 09 5b 00
gap_probe_avx512evex_01466	0x00010000	64	0x1000	EXTRA_OK	6	@	@	62 f5 7d 09 5b c0
gap_probe_avx512evex_01467	0x00010000	64	0x1000	EXTRA_OK	6	@	@	62 f5 7d 29 5b 00
gap_probe_avx512evex_01468	0x00010000	64	0x1000	EXTRA_OK	6	@	@	62 f5 7d 29 5b c0
gap_probe_avx512evex_01469	0x00010000	64	0x1000	EXTRA_OK	6	@	@	62 f5 7d 49 5b 00
gap_probe_avx512evex_01470	0x00010000	64	0x1000	EXTRA_OK	6	@	@	62 f5 7d 49 5b c0
gap_probe_avx512evex_01471	0x00010000	64	0x1000	EXTRA_OK	6	@	@	62 f5 fc 09 5b 00
gap_probe_avx512evex_01472	0x00010000	64	0x1000	EXTRA_OK	6	@	@	62 f5 fc 29 5b 00
gap_probe_avx512evex_01473	0x00010000	64	0x1000	EXTRA_OK	6	@	@	62 f5 fc 49 5b 00
gap_probe_avx512evex_01474	0x00010000	64	0x1000	EXTRA_OK	6	@	@	62 f5 fc 09 5b c0
gap_probe_avx512evex_01475	0x00010000	64	0x1000	EXTRA_OK	6	@	@	62 f5 fc 29 5b c0
gap_probe_avx512evex_01476	0x00010000	64	0x1000	EXTRA_OK	6	@	@	62 f5 fc 49 5b c0
gap_probe_avx512evex_01477	0x00010000	64	0x1000	EXTRA_OK	6	@	@	62 f5 7e 09 5b 00
gap_probe_avx512evex_01478	0x00010000	64	0x1000	EXTRA_OK	6	@	@	62 f5 7e 09 5b c0
gap_probe_avx512evex_01479	0x00010000	64	0x1000	EXTRA_OK	6	@	@	62 f5 7e 29 5b 00
gap_probe_avx512evex_01480	0x00010000	64	0x1000	EXTRA_OK	6	@	@	62 f5 7e 29 5b c0
gap_probe_avx512evex_01481	0x00010000	64	0x1000	EXTRA_OK	6	@	@	62 f5 7e 49 5b 00
gap_probe_avx512evex_01482	0x00010000	64	0x1000	EXTRA_OK	6	@	@	62 f5 7e 59 5b c0
gap_probe_avx512evex_01483	0x00010000	64	0x1000	EXTRA_OK	6	@	@	62 f5 7c 09 5c 00
gap_probe_avx512evex_01484	0x00010000	64	0x1000	EXTRA_OK	6	@	@	62 f5 7c 09 5c c0
gap_probe_avx512evex_01485	0x00010000	64	0x1000	EXTRA_OK	6	@	@	62 f5 7c 29 5c 00
gap_probe_avx512evex_01486	0x00010000	64	0x1000	EXTRA_OK	6	@	@	62 f5 7c 29 5c c0
gap_probe_avx512evex_01487	0x00010000	64	0x1000	EXTRA_OK	6	@	@	62 f5 7c 49 5c 00
gap_probe_avx512evex_01488	0x00010000	64	0x1000	EXTRA_OK	6	@	@	62 f5 7c 49 5c c0
gap_probe_avx512evex_01489	0x00010000	64	0x1000	EXTRA_OK	6	@	@	62 f5 7e 09 5c 00
gap_probe_avx512evex_01490	0x00010000	64	0x1000	EXTRA_OK	6	@	@	62 f5 7e 09 5c c0
gap_probe_avx512evex_01491	0x00010000	64	0x1000	EXTRA_OK	6	@	@	62 f5 7d 09 5d 00
gap_probe_avx512evex_01492	0x00010000	64	0x1000	EXTRA_OK	6	@	@	62 f5 7d 09 5d c0
gap_probe_avx512evex_01493	0x00010000	64	0x1000	EXTRA_OK	6	@	@	62 f5 7d 29 5d 00
gap_probe_avx512evex_01494	0x00010000	64	0x1000	EXTRA_OK	6	@	@	62 f5 7d 29 5d c0
gap_probe_avx512evex_01495	0x00010000	64	0x1000	EXTRA_OK	6	@	@	62 f5 7d 49 5d 00
gap_probe_avx512evex_01496	0x00010000	64	0x1000	EXTRA_OK	6	@	@	62 f5 7d 49 5d c0
gap_probe_avx512evex_01497	0x00010000	64	0x1000	EXTRA_OK	6	@	@	62 f5 7c 09 5d 00
gap_probe_avx512evex_01498	0x00010000	64	0x1000	EXTRA_OK	6	@	@	62 f5 7c 09 5d c0
gap_probe_avx512evex_01499	0x00010000	64	0x1000	EXTRA_OK	6	@	@	62 f5 7c 29 5d 00
gap_probe_avx512evex_01500	0x00010000	64	0x1000	EXTRA_OK	6	@	@	62 f5 7c 29 5d c0
gap_probe_avx512evex_01501	0x00010000	64	0x1000	EXTRA_OK	6	@	@	62 f5 7c 49 5d 00
gap_probe_avx512evex_01502	0x00010000	64	0x1000	EXTRA_OK	6	@	@	62 f5 7c 49 5d c0
gap_probe_avx512evex_01503	0x00010000	64	0x1000	EXTRA_OK	6	@	@	62 f5 7e 09 5d 00
gap_probe_avx512evex_01504	0x00010000	64	0x1000	EXTRA_OK	6	@	@	62 f5 7e 09 5d c0
gap_probe_avx512evex_01505	0x00010000	64	0x1000	EXTRA_OK	6	@	@	62 f5 7c 09 5e 00
gap_probe_avx512evex_01506	0x00010000	64	0x1000	EXTRA_OK	6	@	@	62 f5 7c 09 5e c0
gap_probe_avx512evex_01507	0x00010000	64	0x1000	EXTRA_OK	6	@	@	62 f5 7c 29 5e 00
gap_probe_avx512evex_01508	0x00010000	64	0x1000	EXTRA_OK	6	@	@	62 f5 7c 29 5e c0
gap_probe_avx512evex_01509	0x00010000	64	0x1000	EXTRA_OK	6	@	@	62 f5 7c 49 5e 00
gap_probe_avx512evex_01510	0x00010000	64	0x1000	EXTRA_OK	6	@	@	62 f5 7c 59 5e c0
gap_probe_avx512evex_01511	0x00010000	64	0x1000	EXTRA_OK	6	@	@	62 f5 7e 09 5e 00
gap_probe_avx512evex_01512	0x00010000	64	0x1000	EXTRA_OK	6	@	@	62 f5 7e 09 5e c0
gap_probe_avx512evex_01513	0x00010000	64	0x1000	EXTRA_OK	6	@	@	62 f5 7d 09 5f 00
gap_probe_avx512evex_01514	0x00010000	64	0x1000	EXTRA_OK	6	@	@	62 f5 7d 09 5f c0
gap_probe_avx512evex_01515	0x00010000	64	0x1000	EXTRA_OK	6	@	@	62 f5 7d 29 5f 00
gap_probe_avx512evex_01516	0x00010000	64	0x1000	EXTRA_OK	6	@	@	62 f5 7d 29 5f c0
gap_probe_avx512evex_01517	0x00010000	64	0x1000	EXTRA_OK	6	@	@	62 f5 7d 49 5f 00
gap_probe_avx512evex_01518	0x00010000	64	0x1000	EXTRA_OK	6	@	@	62 f5 7d 49 5f c0
gap_probe_avx512evex_01519	0x00010000	64	0x1000	EXTRA_OK	6	@	@	62 f5 7c 09 5f 00
gap_probe_avx512evex_01520	0x00010000	64	0x1000	EXTRA_OK	6	@	@	62 f5 7c 09 5f c0
gap_probe_avx512evex_01521	0x00010000	64	0x1000	EXTRA_OK	6	@	@	62 f5 7c 29 5f 00
gap_probe_avx512evex_01522	0x00010000	64	0x1000	EXTRA_OK	6	@	@	62 f5 7c 29 5f c0
gap_probe_avx512evex_01523	0x00010000	64	0x1000	EXTRA_OK	6	@	@	62 f5 7c 49 5f 00
gap_probe_avx512evex_01524	0x00010000	64	0x1000	EXTRA_OK	6	@	@	62 f5 7c 59 5f c0
gap_probe_avx512evex_01525	0x00010000	64	0x1000	EXTRA_OK	6	@	@	62 f5 7e 09 5f 00
gap_probe_avx512evex_01526	0x00010000	64	0x1000	EXTRA_OK	6	@	@	62 f5 7e 19 5f c0
gap_probe_avx512evex_01527	0x00010000	64	0x1000	EXTRA_OK	6	@	@	62 f5 7f 09 68 00
gap_probe_avx512evex_01528	0x00010000	64	0x1000	EXTRA_OK	6	@	@	62 f5 7f 09 68 c0
gap_probe_avx512evex_01529	0x00010000	64	0x1000	EXTRA_OK	6	@	@	62 f5 7f 29 68 00
gap_probe_avx512evex_01530	0x00010000	64	0x1000	EXTRA_OK	6	@	@	62 f5 7f 29 68 c0
gap_probe_avx512evex_01531	0x00010000	64	0x1000	EXTRA_OK	6	@	@	62 f5 7f 49 68 00
gap_probe_avx512evex_01532	0x00010000	64	0x1000	EXTRA_OK	6	@	@	62 f5 7f 49 68 c0
gap_probe_avx512evex_01533	0x00010000	64	0x1000	EXTRA_OK	6	@	@	62 f5 7c 09 68 00
gap_probe_avx512evex_01534	0x00010000	64	0x1000	EXTRA_OK	6	@	@	62 f5 7c 09 68 c0
gap_probe_avx512evex_01535	0x00010000	64	0x1000	EXTRA_OK	6	@	@	62 f5 7c 29 68 00
gap_probe_avx512evex_01536	0x00010000	64	0x1000	EXTRA_OK	6	@	@	62 f5 7c 29 68 c0
gap_probe_avx512evex_01537	0x00010000	64	0x1000	EXTRA_OK	6	@	@	62 f5 7c 49 68 00
gap_probe_avx512evex_01538	0x00010000	64	0x1000	EXTRA_OK	6	@	@	62 f5 7c 49 68 c0
gap_probe_avx512evex_01539	0x00010000	64	0x1000	EXTRA_OK	6	@	@	62 f5 7d 09 68 00
gap_probe_avx512evex_01540	0x00010000	64	0x1000	EXTRA_OK	6	@	@	62 f5 7d 09 68 c0
gap_probe_avx512evex_01541	0x00010000	64	0x1000	EXTRA_OK	6	@	@	62 f5 7d 29 68 00
gap_probe_avx512evex_01542	0x00010000	64	0x1000	EXTRA_OK	6	@	@	62 f5 7d 29 68 c0
gap_probe_avx512evex_01543	0x00010000	64	0x1000	EXTRA_OK	6	@	@	62 f5 7d 49 68 00
gap_probe_avx512evex_01544	0x00010000	64	0x1000	EXTRA_OK	6	@	@	62 f5 7d 49 68 c0
gap_probe_avx512evex_01545	0x00010000	64	0x1000	EXTRA_OK	6	@	@	62 f5 7f 09 69 00
gap_probe_avx512evex_01546	0x00010000	64	0x1000	EXTRA_OK	6	@	@	62 f5 7f 09 69 c0
gap_probe_avx512evex_01547	0x00010000	64	0x1000	EXTRA_OK	6	@	@	62 f5 7f 29 69 00
gap_probe_avx512evex_01548	0x00010000	64	0x1000	EXTRA_OK	6	@	@	62 f5 7f 29 69 c0
gap_probe_avx512evex_01549	0x00010000	64	0x1000	EXTRA_OK	6	@	@	62 f5 7f 49 69 00
gap_probe_avx512evex_01550	0x00010000	64	0x1000	EXTRA_OK	6	@	@	62 f5 7f 49 69 c0
gap_probe_avx512evex_01551	0x00010000	64	0x1000	EXTRA_OK	6	@	@	62 f5 7c 09 69 00
gap_probe_avx512evex_01552	0x00010000	64	0x1000	EXTRA_OK	6	@	@	62 f5 7c 09 69 c0
gap_probe_avx512evex_01553	0x00010000	64	0x1000	EXTRA_OK	6	@	@	62 f5 7c 29 69 00
gap_probe_avx512evex_01554	0x00010000	64	0x1000	EXTRA_OK	6	@	@	62 f5 7c 29 69 c0
gap_probe_avx512evex_01555	0x00010000	64	0x1000	EXTRA_OK	6	@	@	62 f5 7c 49 69 00
gap_probe_avx512evex_01556	0x00010000	64	0x1000	EXTRA_OK	6	@	@	62 f5 7c 49 69 c0
gap_probe_avx512evex_01557	0x00010000	64	0x1000	EXTRA_OK	6	@	@	62 f5 7d 09 69 00
gap_probe_avx512evex_01558	0x00010000	64	0x1000	EXTRA_OK	6	@	@	62 f5 7d 09 69 c0
gap_probe_avx512evex_01559	0x00010000	64	0x1000	EXTRA_OK	6	@	@	62 f5 7d 29 69 00
gap_probe_avx512evex_01560	0x00010000	64	0x1000	EXTRA_OK	6	@	@	62 f5 7d 29 69 c0
gap_probe_avx512evex_01561	0x00010000	64	0x1000	EXTRA_OK	6	@	@	62 f5 7d 49 69 00
gap_probe_avx512evex_01562	0x00010000	64	0x1000	EXTRA_OK	6	@	@	62 f5 7d 59 69 c0
gap_probe_avx512evex_01563	0x00010000	64	0x1000	EXTRA_OK	6	@	@	62 f5 7f 09 6a 00
gap_probe_avx512evex_01564	0x00010000	64	0x1000	EXTRA_OK	6	@	@	62 f5 7f 09 6a c0
gap_probe_avx512evex_01565	0x00010000	64	0x1000	EXTRA_OK	6	@	@	62 f5 7f 29 6a 00
gap_probe_avx512evex_01566	0x00010000	64	0x1000	EXTRA_OK	6	@	@	62 f5 7f 29 6a c0
gap_probe_avx512evex_01567	0x00010000	64	0x1000	EXTRA_OK	6	@	@	62 f5 7f 49 6a 00
gap_probe_avx512evex_01568	0x00010000	64	0x1000	EXTRA_OK	6	@	@	62 f5 7f 59 6a c0
gap_probe_avx512evex_01569	0x00010000	64	0x1000	EXTRA_OK	6	@	@	62 f5 7c 09 6a 00
gap_probe_avx512evex_01570	0x00010000	64	0x1000	EXTRA_OK	6	@	@	62 f5 7c 09 6a c0
gap_probe_avx512evex_01571	0x00010000	64	0x1000	EXTRA_OK	6	@	@	62 f5 7c 29 6a 00
gap_probe_avx512evex_01572	0x00010000	64	0x1000	EXTRA_OK	6	@	@	62 f5 7c 29 6a c0
gap_probe_avx512evex_01573	0x00010000	64	0x1000	EXTRA_OK	6	@	@	62 f5 7c 49 6a 00
gap_probe_avx512evex_01574	0x00010000	64	0x1000	EXTRA_OK	6	@	@	62 f5 7c 59 6a c0
gap_probe_avx512evex_01575	0x00010000	64	0x1000	EXTRA_OK	6	@	@	62 f5 7d 09 6a 00
gap_probe_avx512evex_01576	0x00010000	64	0x1000	EXTRA_OK	6	@	@	62 f5 7d 09 6a c0
gap_probe_avx512evex_01577	0x00010000	64	0x1000	EXTRA_OK	6	@	@	62 f5 7d 29 6a 00
gap_probe_avx512evex_01578	0x00010000	64	0x1000	EXTRA_OK	6	@	@	62 f5 7d 29 6a c0
gap_probe_avx512evex_01579	0x00010000	64	0x1000	EXTRA_OK	6	@	@	62 f5 7d 49 6a 00
gap_probe_avx512evex_01580	0x00010000	64	0x1000	EXTRA_OK	6	@	@	62 f5 7d 49 6a c0
gap_probe_avx512evex_01581	0x00010000	64	0x1000	EXTRA_OK	6	@	@	62 f5 7f 09 6b 00
gap_probe_avx512evex_01582	0x00010000	64	0x1000	EXTRA_OK	6	@	@	62 f5 7f 09 6b c0
gap_probe_avx512evex_01583	0x00010000	64	0x1000	EXTRA_OK	6	@	@	62 f5 7f 29 6b 00
gap_probe_avx512evex_01584	0x00010000	64	0x1000	EXTRA_OK	6	@	@	62 f5 7f 29 6b c0
gap_probe_avx512evex_01585	0x00010000	64	0x1000	EXTRA_OK	6	@	@	62 f5 7f 49 6b 00
gap_probe_avx512evex_01586	0x00010000	64	0x1000	EXTRA_OK	6	@	@	62 f5 7f 49 6b c0
gap_probe_avx512evex_01587	0x00010000	64	0x1000	EXTRA_OK	6	@	@	62 f5 7c 09 6b 00
gap_probe_avx512evex_01588	0x00010000	64	0x1000	EXTRA_OK	6	@	@	62 f5 7c 09 6b c0
gap_probe_avx512evex_01589	0x00010000	64	0x1000	EXTRA_OK	6	@	@	62 f5 7c 29 6b 00
gap_probe_avx512evex_01590	0x00010000	64	0x1000	EXTRA_OK	6	@	@	62 f5 7c 29 6b c0
gap_probe_avx512evex_01591	0x00010000	64	0x1000	EXTRA_OK	6	@	@	62 f5 7c 49 6b 00
gap_probe_avx512evex_01592	0x00010000	64	0x1000	EXTRA_OK	6	@	@	62 f5 7c 59 6b c0
gap_probe_avx512evex_01593	0x00010000	64	0x1000	EXTRA_OK	6	@	@	62 f5 7d 09 6b 00
gap_probe_avx512evex_01594	0x00010000	64	0x1000	EXTRA_OK	6	@	@	62 f5 7d 09 6b c0
gap_probe_avx512evex_01595	0x00010000	64	0x1000	EXTRA_OK	6	@	@	62 f5 7d 29 6b 00
gap_probe_avx512evex_01596	0x00010000	64	0x1000	EXTRA_OK	6	@	@	62 f5 7d 29 6b c0
gap_probe_avx512evex_01597	0x00010000	64	0x1000	EXTRA_OK	6	@	@	62 f5 7d 49 6b 00
gap_probe_avx512evex_01598	0x00010000	64	0x1000	EXTRA_OK	6	@	@	62 f5 7d 49 6b c0
gap_probe_avx512evex_01599	0x00010000	64	0x1000	EXTRA_OK	6	@	@	62 f5 fc 09 6c 00
gap_probe_avx512evex_01600	0x00010000	64	0x1000	EXTRA_OK	6	@	@	62 f5 fc 29 6c 00
gap_probe_avx512evex_01601	0x00010000	64	0x1000	EXTRA_OK	6	@	@	62 f5 fc 09 6c c0
gap_probe_avx512evex_01602	0x00010000	64	0x1000	EXTRA_OK	6	@	@	62 f5 fc 29 6c c0
gap_probe_avx512evex_01603	0x00010000	64	0x1000	EXTRA_OK	6	@	@	62 f5 fc 49 6c 00
gap_probe_avx512evex_01604	0x00010000	64	0x1000	EXTRA_OK	6	@	@	62 f5 fc 49 6c c0
gap_probe_avx512evex_01605	0x00010000	64	0x1000	EXTRA_OK	6	@	@	62 f5 fd 09 6c 00
gap_probe_avx512evex_01606	0x00010000	64	0x1000	EXTRA_OK	6	@	@	62 f5 fd 09 6c c0
gap_probe_avx512evex_01607	0x00010000	64	0x1000	EXTRA_OK	6	@	@	62 f5 fd 29 6c 00
gap_probe_avx512evex_01608	0x00010000	64	0x1000	EXTRA_OK	6	@	@	62 f5 fd 29 6c c0
gap_probe_avx512evex_01609	0x00010000	64	0x1000	EXTRA_OK	6	@	@	62 f5 fd 49 6c 00
gap_probe_avx512evex_01610	0x00010000	64	0x1000	EXTRA_OK	6	@	@	62 f5 fd 59 6c c0
gap_probe_avx512evex_01611	0x00010000	64	0x1000	EXTRA_OK	6	@	@	62 f5 7c 09 6c 00
gap_probe_avx512evex_01612	0x00010000	64	0x1000	EXTRA_OK	6	@	@	62 f5 7c 09 6c c0
gap_probe_avx512evex_01613	0x00010000	64	0x1000	EXTRA_OK	6	@	@	62 f5 7c 29 6c 00
gap_probe_avx512evex_01614	0x00010000	64	0x1000	EXTRA_OK	6	@	@	62 f5 7c 29 6c c0
gap_probe_avx512evex_01615	0x00010000	64	0x1000	EXTRA_OK	6	@	@	62 f5 7c 49 6c 00
gap_probe_avx512evex_01616	0x00010000	64	0x1000	EXTRA_OK	6	@	@	62 f5 7c 59 6c c0
gap_probe_avx512evex_01617	0x00010000	64	0x1000	EXTRA_OK	6	@	@	62 f5 7d 09 6c 00
gap_probe_avx512evex_01618	0x00010000	64	0x1000	EXTRA_OK	6	@	@	62 f5 7d 09 6c c0
gap_probe_avx512evex_01619	0x00010000	64	0x1000	EXTRA_OK	6	@	@	62 f5 7d 29 6c 00
gap_probe_avx512evex_01620	0x00010000	64	0x1000	EXTRA_OK	6	@	@	62 f5 7d 29 6c c0
gap_probe_avx512evex_01621	0x00010000	64	0x1000	EXTRA_OK	6	@	@	62 f5 7d 49 6c 00
gap_probe_avx512evex_01622	0x00010000	64	0x1000	EXTRA_OK	6	@	@	62 f5 7d 49 6c c0
gap_probe_avx512evex_01623	0x00010000	64	0x1000	EXTRA_OK	6	@	@	62 f5 7f 08 6c 00
gap_probe_avx512evex_01624	0x00010000	64	0x1000	EXTRA_OK	6	@	@	62 f5 7f 08 6c c0
gap_probe_avx512evex_01625	0x00010000	64	0x1000	EXTRA_OK	6	@	@	62 f5 ff 08 6c 00
gap_probe_avx512evex_01626	0x00010000	64	0x1000	EXTRA_OK	6	@	@	62 f5 ff 18 6c c0
gap_probe_avx512evex_01627	0x00010000	64	0x1000	EXTRA_OK	6	@	@	62 f5 7e 08 6c 00
gap_probe_avx512evex_01628	0x00010000	64	0x1000	EXTRA_OK	6	@	@	62 f5 7e 08 6c c0
gap_probe_avx512evex_01629	0x00010000	64	0x1000	EXTRA_OK	6	@	@	62 f5 fe 08 6c 00
gap_probe_avx512evex_01630	0x00010000	64	0x1000	EXTRA_OK	6	@	@	62 f5 fe 08 6c c0
gap_probe_avx512evex_01631	0x00010000	64	0x1000	EXTRA_OK	6	@	@	62 f5 fc 09 6d 00
gap_probe_avx512evex_01632	0x00010000	64	0x1000	EXTRA_OK	6	@	@	62 f5 fc 29 6d 00
gap_probe_avx512evex_01633	0x00010000	64	0x1000	EXTRA_OK	6	@	@	62 f5 fc 09 6d c0
gap_probe_avx512evex_01634	0x00010000	64	0x1000	EXTRA_OK	6	@	@	62 f5 fc 29 6d c0
gap_probe_avx512evex_01635	0x00010000	64	0x1000	EXTRA_OK	6	@	@	62 f5 fc 49 6d 00
gap_probe_avx512evex_01636	0x00010000	64	0x1000	EXTRA_OK	6	@	@	62 f5 fc 49 6d c0
gap_probe_avx512evex_01637	0x00010000	64	0x1000	EXTRA_OK	6	@	@	62 f5 fd 09 6d 00
gap_probe_avx512evex_01638	0x00010000	64	0x1000	EXTRA_OK	6	@	@	62 f5 fd 09 6d c0
gap_probe_avx512evex_01639	0x00010000	64	0x1000	EXTRA_OK	6	@	@	62 f5 fd 29 6d 00
gap_probe_avx512evex_01640	0x00010000	64	0x1000	EXTRA_OK	6	@	@	62 f5 fd 29 6d c0
gap_probe_avx512evex_01641	0x00010000	64	0x1000	EXTRA_OK	6	@	@	62 f5 fd 49 6d 00
gap_probe_avx512evex_01642	0x00010000	64	0x1000	EXTRA_OK	6	@	@	62 f5 fd 59 6d c0
gap_probe_avx512evex_01643	0x00010000	64	0x1000	EXTRA_OK	6	@	@	62 f5 7c 09 6d 00
gap_probe_avx512evex_01644	0x00010000	64	0x1000	EXTRA_OK	6	@	@	62 f5 7c 09 6d c0
gap_probe_avx512evex_01645	0x00010000	64	0x1000	EXTRA_OK	6	@	@	62 f5 7c 29 6d 00
gap_probe_avx512evex_01646	0x00010000	64	0x1000	EXTRA_OK	6	@	@	62 f5 7c 29 6d c0
gap_probe_avx512evex_01647	0x00010000	64	0x1000	EXTRA_OK	6	@	@	62 f5 7c 49 6d 00
gap_probe_avx512evex_01648	0x00010000	64	0x1000	EXTRA_OK	6	@	@	62 f5 7c 59 6d c0
gap_probe_avx512evex_01649	0x00010000	64	0x1000	EXTRA_OK	6	@	@	62 f5 7d 09 6d 00
gap_probe_avx512evex_01650	0x00010000	64	0x1000	EXTRA_OK	6	@	@	62 f5 7d 09 6d c0
gap_probe_avx512evex_01651	0x00010000	64	0x1000	EXTRA_OK	6	@	@	62 f5 7d 29 6d 00
gap_probe_avx512evex_01652	0x00010000	64	0x1000	EXTRA_OK	6	@	@	62 f5 7d 29 6d c0
gap_probe_avx512evex_01653	0x00010000	64	0x1000	EXTRA_OK	6	@	@	62 f5 7d 49 6d 00
gap_probe_avx512evex_01654	0x00010000	64	0x1000	EXTRA_OK	6	@	@	62 f5 7d 49 6d c0
gap_probe_avx512evex_01655	0x00010000	64	0x1000	EXTRA_OK	6	@	@	62 f5 7f 08 6d 00
gap_probe_avx512evex_01656	0x00010000	64	0x1000	EXTRA_OK	6	@	@	62 f5 7f 18 6d c0
gap_probe_avx512evex_01657	0x00010000	64	0x1000	EXTRA_OK	6	@	@	62 f5 ff 08 6d 00
gap_probe_avx512evex_01658	0x00010000	64	0x1000	EXTRA_OK	6	@	@	62 f5 ff 18 6d c0
gap_probe_avx512evex_01659	0x00010000	64	0x1000	EXTRA_OK	6	@	@	62 f5 7e 08 6d 00
gap_probe_avx512evex_01660	0x00010000	64	0x1000	EXTRA_OK	6	@	@	62 f5 7e 18 6d c0
gap_probe_avx512evex_01661	0x00010000	64	0x1000	EXTRA_OK	6	@	@	62 f5 fe 08 6d 00
gap_probe_avx512evex_01662	0x00010000	64	0x1000	EXTRA_OK	6	@	@	62 f5 fe 08 6d c0
gap_probe_avx512evex_01663	0x00010000	64	0x1000	EXTRA_OK	6	@	@	62 f5 7f 09 74 00
gap_probe_avx512evex_01664	0x00010000	64	0x1000	EXTRA_OK	6	@	@	62 f5 7f 09 74 c0
gap_probe_avx512evex_01665	0x00010000	64	0x1000	EXTRA_OK	6	@	@	62 f5 7f 29 74 00
gap_probe_avx512evex_01666	0x00010000	64	0x1000	EXTRA_OK	6	@	@	62 f5 7f 29 74 c0
gap_probe_avx512evex_01667	0x00010000	64	0x1000	EXTRA_OK	6	@	@	62 f5 7f 49 74 00
gap_probe_avx512evex_01668	0x00010000	64	0x1000	EXTRA_OK	6	@	@	62 f5 7f 49 74 c0
gap_probe_avx512evex_01669	0x00010000	64	0x1000	EXTRA_OK	6	@	@	62 f5 7c 09 74 00
gap_probe_avx512evex_01670	0x00010000	64	0x1000	EXTRA_OK	6	@	@	62 f5 7c 09 74 c0
gap_probe_avx512evex_01671	0x00010000	64	0x1000	EXTRA_OK	6	@	@	62 f5 7c 29 74 00
gap_probe_avx512evex_01672	0x00010000	64	0x1000	EXTRA_OK	6	@	@	62 f5 7c 29 74 c0
gap_probe_avx512evex_01673	0x00010000	64	0x1000	EXTRA_OK	6	@	@	62 f5 7c 49 74 00
gap_probe_avx512evex_01674	0x00010000	64	0x1000	EXTRA_OK	6	@	@	62 f5 7c 49 74 c0
gap_probe_avx512evex_01675	0x00010000	64	0x1000	EXTRA_OK	6	@	@	62 f5 7e 09 74 00
gap_probe_avx512evex_01676	0x00010000	64	0x1000	EXTRA_OK	6	@	@	62 f5 7e 29 74 00
gap_probe_avx512evex_01677	0x00010000	64	0x1000	EXTRA_OK	6	@	@	62 f5 7e 09 74 c0
gap_probe_avx512evex_01678	0x00010000	64	0x1000	EXTRA_OK	6	@	@	62 f5 7e 29 74 c0
gap_probe_avx512evex_01679	0x00010000	64	0x1000	EXTRA_OK	6	@	@	62 f5 7e 49 74 00
gap_probe_avx512evex_01680	0x00010000	64	0x1000	EXTRA_OK	6	@	@	62 f5 7e 49 74 c0
gap_probe_avx512evex_01681	0x00010000	64	0x1000	EXTRA_OK	6	@	@	62 f5 7c 09 78 00
gap_probe_avx512evex_01682	0x00010000	64	0x1000	EXTRA_OK	6	@	@	62 f5 7c 09 78 c0
gap_probe_avx512evex_01683	0x00010000	64	0x1000	EXTRA_OK	6	@	@	62 f5 7c 29 78 00
gap_probe_avx512evex_01684	0x00010000	64	0x1000	EXTRA_OK	6	@	@	62 f5 7c 29 78 c0
gap_probe_avx512evex_01685	0x00010000	64	0x1000	EXTRA_OK	6	@	@	62 f5 7c 49 78 00
gap_probe_avx512evex_01686	0x00010000	64	0x1000	EXTRA_OK	6	@	@	62 f5 7c 49 78 c0
gap_probe_avx512evex_01687	0x00010000	64	0x1000	EXTRA_OK	6	@	@	62 f5 7d 09 78 00
gap_probe_avx512evex_01688	0x00010000	64	0x1000	EXTRA_OK	6	@	@	62 f5 7d 09 78 c0
gap_probe_avx512evex_01689	0x00010000	64	0x1000	EXTRA_OK	6	@	@	62 f5 7d 29 78 00
gap_probe_avx512evex_01690	0x00010000	64	0x1000	EXTRA_OK	6	@	@	62 f5 7d 29 78 c0
gap_probe_avx512evex_01691	0x00010000	64	0x1000	EXTRA_OK	6	@	@	62 f5 7d 49 78 00
gap_probe_avx512evex_01692	0x00010000	64	0x1000	EXTRA_OK	6	@	@	62 f5 7d 59 78 c0
gap_probe_avx512evex_01693	0x00010000	64	0x1000	EXTRA_OK	6	@	@	62 f5 7e 08 78 00
gap_probe_avx512evex_01694	0x00010000	64	0x1000	EXTRA_OK	6	@	@	62 f5 7e 18 78 c0
gap_probe_avx512evex_01695	0x00010000	64	0x1000	EXTRA_OK	6	@	@	62 f5 fe 08 78 00
gap_probe_avx512evex_01696	0x00010000	64	0x1000	EXTRA_OK	6	@	@	62 f5 fe 08 78 c0
gap_probe_avx512evex_01697	0x00010000	64	0x1000	EXTRA_OK	6	@	@	62 f5 7c 09 79 00
gap_probe_avx512evex_01698	0x00010000	64	0x1000	EXTRA_OK	6	@	@	62 f5 7c 09 79 c0
gap_probe_avx512evex_01699	0x00010000	64	0x1000	EXTRA_OK	6	@	@	62 f5 7c 29 79 00
gap_probe_avx512evex_01700	0x00010000	64	0x1000	EXTRA_OK	6	@	@	62 f5 7c 29 79 c0
gap_probe_avx512evex_01701	0x00010000	64	0x1000	EXTRA_OK	6	@	@	62 f5 7c 49 79 00
gap_probe_avx512evex_01702	0x00010000	64	0x1000	EXTRA_OK	6	@	@	62 f5 7c 49 79 c0
gap_probe_avx512evex_01703	0x00010000	64	0x1000	EXTRA_OK	6	@	@	62 f5 7d 09 79 00
gap_probe_avx512evex_01704	0x00010000	64	0x1000	EXTRA_OK	6	@	@	62 f5 7d 09 79 c0
gap_probe_avx512evex_01705	0x00010000	64	0x1000	EXTRA_OK	6	@	@	62 f5 7d 29 79 00
gap_probe_avx512evex_01706	0x00010000	64	0x1000	EXTRA_OK	6	@	@	62 f5 7d 29 79 c0
gap_probe_avx512evex_01707	0x00010000	64	0x1000	EXTRA_OK	6	@	@	62 f5 7d 49 79 00
gap_probe_avx512evex_01708	0x00010000	64	0x1000	EXTRA_OK	6	@	@	62 f5 7d 59 79 c0
gap_probe_avx512evex_01709	0x00010000	64	0x1000	EXTRA_OK	6	@	@	62 f5 7e 08 79 00
gap_probe_avx512evex_01710	0x00010000	64	0x1000	EXTRA_OK	6	@	@	62 f5 7e 18 79 c0
gap_probe_avx512evex_01711	0x00010000	64	0x1000	EXTRA_OK	6	@	@	62 f5 fe 08 79 00
gap_probe_avx512evex_01712	0x00010000	64	0x1000	EXTRA_OK	6	@	@	62 f5 fe 18 79 c0
gap_probe_avx512evex_01713	0x00010000	64	0x1000	EXTRA_OK	6	@	@	62 f5 7d 09 7a 00
gap_probe_avx512evex_01714	0x00010000	64	0x1000	EXTRA_OK	6	@	@	62 f5 7d 09 7a c0
gap_probe_avx512evex_01715	0x00010000	64	0x1000	EXTRA_OK	6	@	@	62 f5 7d 29 7a 00
gap_probe_avx512evex_01716	0x00010000	64	0x1000	EXTRA_OK	6	@	@	62 f5 7d 29 7a c0
gap_probe_avx512evex_01717	0x00010000	64	0x1000	EXTRA_OK	6	@	@	62 f5 7d 49 7a 00
gap_probe_avx512evex_01718	0x00010000	64	0x1000	EXTRA_OK	6	@	@	62 f5 7d 49 7a c0
gap_probe_avx512evex_01719	0x00010000	64	0x1000	EXTRA_OK	6	@	@	62 f5 7f 09 7a 00
gap_probe_avx512evex_01720	0x00010000	64	0x1000	EXTRA_OK	6	@	@	62 f5 7f 29 7a 00
gap_probe_avx512evex_01721	0x00010000	64	0x1000	EXTRA_OK	6	@	@	62 f5 7f 09 7a c0
gap_probe_avx512evex_01722	0x00010000	64	0x1000	EXTRA_OK	6	@	@	62 f5 7f 29 7a c0
gap_probe_avx512evex_01723	0x00010000	64	0x1000	EXTRA_OK	6	@	@	62 f5 7f 49 7a 00
gap_probe_avx512evex_01724	0x00010000	64	0x1000	EXTRA_OK	6	@	@	62 f5 7f 59 7a c0
gap_probe_avx512evex_01725	0x00010000	64	0x1000	EXTRA_OK	6	@	@	62 f5 ff 09 7a 00
gap_probe_avx512evex_01726	0x00010000	64	0x1000	EXTRA_OK	6	@	@	62 f5 ff 29 7a 00
gap_probe_avx512evex_01727	0x00010000	64	0x1000	EXTRA_OK	6	@	@	62 f5 ff 49 7a 00
gap_probe_avx512evex_01728	0x00010000	64	0x1000	EXTRA_OK	6	@	@	62 f5 ff 09 7a c0
gap_probe_avx512evex_01729	0x00010000	64	0x1000	EXTRA_OK	6	@	@	62 f5 ff 29 7a c0
gap_probe_avx512evex_01730	0x00010000	64	0x1000	EXTRA_OK	6	@	@	62 f5 ff 49 7a c0
gap_probe_avx512evex_01731	0x00010000	64	0x1000	EXTRA_OK	6	@	@	62 f5 7d 09 7b 00
gap_probe_avx512evex_01732	0x00010000	64	0x1000	EXTRA_OK	6	@	@	62 f5 7d 09 7b c0
gap_probe_avx512evex_01733	0x00010000	64	0x1000	EXTRA_OK	6	@	@	62 f5 7d 29 7b 00
gap_probe_avx512evex_01734	0x00010000	64	0x1000	EXTRA_OK	6	@	@	62 f5 7d 29 7b c0
gap_probe_avx512evex_01735	0x00010000	64	0x1000	EXTRA_OK	6	@	@	62 f5 7d 49 7b 00
gap_probe_avx512evex_01736	0x00010000	64	0x1000	EXTRA_OK	6	@	@	62 f5 7d 49 7b c0
gap_probe_avx512evex_01737	0x00010000	64	0x1000	EXTRA_OK	6	@	@	62 f5 7e 08 7b c0
gap_probe_avx512evex_01738	0x00010000	64	0x1000	EXTRA_OK	6	@	@	62 f5 fe 18 7b c0
gap_probe_avx512evex_01739	0x00010000	64	0x1000	EXTRA_OK	6	@	@	62 f5 7e 08 7b 00
gap_probe_avx512evex_01740	0x00010000	64	0x1000	EXTRA_OK	6	@	@	62 f5 fe 08 7b 00
gap_probe_avx512evex_01741	0x00010000	64	0x1000	EXTRA_OK	6	@	@	62 f5 7c 09 7c 00
gap_probe_avx512evex_01742	0x00010000	64	0x1000	EXTRA_OK	6	@	@	62 f5 7c 09 7c c0
gap_probe_avx512evex_01743	0x00010000	64	0x1000	EXTRA_OK	6	@	@	62 f5 7c 29 7c 00
gap_probe_avx512evex_01744	0x00010000	64	0x1000	EXTRA_OK	6	@	@	62 f5 7c 29 7c c0
gap_probe_avx512evex_01745	0x00010000	64	0x1000	EXTRA_OK	6	@	@	62 f5 7c 49 7c 00
gap_probe_avx512evex_01746	0x00010000	64	0x1000	EXTRA_OK	6	@	@	62 f5 7c 59 7c c0
gap_probe_avx512evex_01747	0x00010000	64	0x1000	EXTRA_OK	6	@	@	62 f5 7d 09 7c 00
gap_probe_avx512evex_01748	0x00010000	64	0x1000	EXTRA_OK	6	@	@	62 f5 7d 09 7c c0
gap_probe_avx512evex_01749	0x00010000	64	0x1000	EXTRA_OK	6	@	@	62 f5 7d 29 7c 00
gap_probe_avx512evex_01750	0x00010000	64	0x1000	EXTRA_OK	6	@	@	62 f5 7d 29 7c c0
gap_probe_avx512evex_01751	0x00010000	64	0x1000	EXTRA_OK	6	@	@	62 f5 7d 49 7c 00
gap_probe_avx512evex_01752	0x00010000	64	0x1000	EXTRA_OK	6	@	@	62 f5 7d 59 7c c0
gap_probe_avx512evex_01753	0x00010000	64	0x1000	EXTRA_OK	6	@	@	62 f5 7c 09 7d 00
gap_probe_avx512evex_01754	0x00010000	64	0x1000	EXTRA_OK	6	@	@	62 f5 7c 09 7d c0
gap_probe_avx512evex_01755	0x00010000	64	0x1000	EXTRA_OK	6	@	@	62 f5 7c 29 7d 00
gap_probe_avx512evex_01756	0x00010000	64	0x1000	EXTRA_OK	6	@	@	62 f5 7c 29 7d c0
gap_probe_avx512evex_01757	0x00010000	64	0x1000	EXTRA_OK	6	@	@	62 f5 7c 49 7d 00
gap_probe_avx512evex_01758	0x00010000	64	0x1000	EXTRA_OK	6	@	@	62 f5 7c 49 7d c0
gap_probe_avx512evex_01759	0x00010000	64	0x1000	EXTRA_OK	6	@	@	62 f5 7d 09 7d 00
gap_probe_avx512evex_01760	0x00010000	64	0x1000	EXTRA_OK	6	@	@	62 f5 7d 09 7d c0
gap_probe_avx512evex_01761	0x00010000	64	0x1000	EXTRA_OK	6	@	@	62 f5 7d 29 7d 00
gap_probe_avx512evex_01762	0x00010000	64	0x1000	EXTRA_OK	6	@	@	62 f5 7d 29 7d c0
gap_probe_avx512evex_01763	0x00010000	64	0x1000	EXTRA_OK	6	@	@	62 f5 7d 49 7d 00
gap_probe_avx512evex_01764	0x00010000	64	0x1000	EXTRA_OK	6	@	@	62 f5 7d 59 7d c0
gap_probe_avx512evex_01765	0x00010000	64	0x1000	EXTRA_OK	6	@	@	62 f5 7f 09 7d 00
gap_probe_avx512evex_01766	0x00010000	64	0x1000	EXTRA_OK	6	@	@	62 f5 7f 09 7d c0
gap_probe_avx512evex_01767	0x00010000	64	0x1000	EXTRA_OK	6	@	@	62 f5 7f 29 7d 00
gap_probe_avx512evex_01768	0x00010000	64	0x1000	EXTRA_OK	6	@	@	62 f5 7f 29 7d c0
gap_probe_avx512evex_01769	0x00010000	64	0x1000	EXTRA_OK	6	@	@	62 f5 7f 49 7d 00
gap_probe_avx512evex_01770	0x00010000	64	0x1000	EXTRA_OK	6	@	@	62 f5 7f 49 7d c0
gap_probe_avx512evex_01771	0x00010000	64	0x1000	EXTRA_OK	6	@	@	62 f5 7e 09 7d 00
gap_probe_avx512evex_01772	0x00010000	64	0x1000	EXTRA_OK	6	@	@	62 f5 7e 09 7d c0
gap_probe_avx512evex_01773	0x00010000	64	0x1000	EXTRA_OK	6	@	@	62 f5 7e 29 7d 00
gap_probe_avx512evex_01774	0x00010000	64	0x1000	EXTRA_OK	6	@	@	62 f5 7e 29 7d c0
gap_probe_avx512evex_01775	0x00010000	64	0x1000	EXTRA_OK	6	@	@	62 f5 7e 49 7d 00
gap_probe_avx512evex_01776	0x00010000	64	0x1000	EXTRA_OK	6	@	@	62 f5 7e 49 7d c0
gap_probe_avx512evex_01777	0x00010000	64	0x1000	EXTRA_OK	6	@	@	62 f6 7d 09 13 00
gap_probe_avx512evex_01778	0x00010000	64	0x1000	EXTRA_OK	6	@	@	62 f6 7d 09 13 c0
gap_probe_avx512evex_01779	0x00010000	64	0x1000	EXTRA_OK	6	@	@	62 f6 7d 29 13 00
gap_probe_avx512evex_01780	0x00010000	64	0x1000	EXTRA_OK	6	@	@	62 f6 7d 29 13 c0
gap_probe_avx512evex_01781	0x00010000	64	0x1000	EXTRA_OK	6	@	@	62 f6 7d 49 13 00
gap_probe_avx512evex_01782	0x00010000	64	0x1000	EXTRA_OK	6	@	@	62 f6 7d 59 13 c0
gap_probe_avx512evex_01783	0x00010000	64	0x1000	EXTRA_OK	6	@	@	62 f6 7c 09 13 00
gap_probe_avx512evex_01784	0x00010000	64	0x1000	EXTRA_OK	6	@	@	62 f6 7c 19 13 c0
gap_probe_avx512evex_01785	0x00010000	64	0x1000	EXTRA_OK	6	@	@	62 f6 7c 09 2c 00
gap_probe_avx512evex_01786	0x00010000	64	0x1000	EXTRA_OK	6	@	@	62 f6 7c 09 2c c0
gap_probe_avx512evex_01787	0x00010000	64	0x1000	EXTRA_OK	6	@	@	62 f6 7c 29 2c 00
gap_probe_avx512evex_01788	0x00010000	64	0x1000	EXTRA_OK	6	@	@	62 f6 7c 29 2c c0
gap_probe_avx512evex_01789	0x00010000	64	0x1000	EXTRA_OK	6	@	@	62 f6 7c 49 2c 00
gap_probe_avx512evex_01790	0x00010000	64	0x1000	EXTRA_OK	6	@	@	62 f6 7c 49 2c c0
gap_probe_avx512evex_01791	0x00010000	64	0x1000	EXTRA_OK	6	@	@	62 f6 7d 09 2c 00
gap_probe_avx512evex_01792	0x00010000	64	0x1000	EXTRA_OK	6	@	@	62 f6 7d 09 2c c0
gap_probe_avx512evex_01793	0x00010000	64	0x1000	EXTRA_OK	6	@	@	62 f6 7d 29 2c 00
gap_probe_avx512evex_01794	0x00010000	64	0x1000	EXTRA_OK	6	@	@	62 f6 7d 29 2c c0
gap_probe_avx512evex_01795	0x00010000	64	0x1000	EXTRA_OK	6	@	@	62 f6 7d 49 2c 00
gap_probe_avx512evex_01796	0x00010000	64	0x1000	EXTRA_OK	6	@	@	62 f6 7d 59 2c c0
gap_probe_avx512evex_01797	0x00010000	64	0x1000	EXTRA_OK	6	@	@	62 f6 7d 09 2d 00
gap_probe_avx512evex_01798	0x00010000	64	0x1000	EXTRA_OK	6	@	@	62 f6 7d 09 2d c0
gap_probe_avx512evex_01799	0x00010000	64	0x1000	EXTRA_OK	6	@	@	62 f6 7c 09 4c 00
gap_probe_avx512evex_01800	0x00010000	64	0x1000	EXTRA_OK	6	@	@	62 f6 7c 09 4c c0
gap_probe_avx512evex_01801	0x00010000	64	0x1000	EXTRA_OK	6	@	@	62 f6 7c 29 4c 00
gap_probe_avx512evex_01802	0x00010000	64	0x1000	EXTRA_OK	6	@	@	62 f6 7c 29 4c c0
gap_probe_avx512evex_01803	0x00010000	64	0x1000	EXTRA_OK	6	@	@	62 f6 7c 49 4c 00
gap_probe_avx512evex_01804	0x00010000	64	0x1000	EXTRA_OK	6	@	@	62 f6 7c 49 4c c0
gap_probe_avx512evex_01805	0x00010000	64	0x1000	EXTRA_OK	6	@	@	62 f6 7d 09 4c 00
gap_probe_avx512evex_01806	0x00010000	64	0x1000	EXTRA_OK	6	@	@	62 f6 7d 09 4c c0
gap_probe_avx512evex_01807	0x00010000	64	0x1000	EXTRA_OK	6	@	@	62 f6 7d 29 4c 00
gap_probe_avx512evex_01808	0x00010000	64	0x1000	EXTRA_OK	6	@	@	62 f6 7d 29 4c c0
gap_probe_avx512evex_01809	0x00010000	64	0x1000	EXTRA_OK	6	@	@	62 f6 7d 49 4c 00
gap_probe_avx512evex_01810	0x00010000	64	0x1000	EXTRA_OK	6	@	@	62 f6 7d 49 4c c0
gap_probe_avx512evex_01811	0x00010000	64	0x1000	EXTRA_OK	6	@	@	62 f6 7d 09 4d 00
gap_probe_avx512evex_01812	0x00010000	64	0x1000	EXTRA_OK	6	@	@	62 f6 7d 09 4d c0
gap_probe_avx512evex_01813	0x00010000	64	0x1000	EXTRA_OK	6	@	@	62 f6 7c 09 4e 00
gap_probe_avx512evex_01814	0x00010000	64	0x1000	EXTRA_OK	6	@	@	62 f6 7c 09 4e c0
gap_probe_avx512evex_01815	0x00010000	64	0x1000	EXTRA_OK	6	@	@	62 f6 7c 29 4e 00
gap_probe_avx512evex_01816	0x00010000	64	0x1000	EXTRA_OK	6	@	@	62 f6 7c 29 4e c0
gap_probe_avx512evex_01817	0x00010000	64	0x1000	EXTRA_OK	6	@	@	62 f6 7c 49 4e 00
gap_probe_avx512evex_01818	0x00010000	64	0x1000	EXTRA_OK	6	@	@	62 f6 7c 49 4e c0
gap_probe_avx512evex_01819	0x00010000	64	0x1000	EXTRA_OK	6	@	@	62 f6 7d 09 4e 00
gap_probe_avx512evex_01820	0x00010000	64	0x1000	EXTRA_OK	6	@	@	62 f6 7d 09 4e c0
gap_probe_avx512evex_01821	0x00010000	64	0x1000	EXTRA_OK	6	@	@	62 f6 7d 29 4e 00
gap_probe_avx512evex_01822	0x00010000	64	0x1000	EXTRA_OK	6	@	@	62 f6 7d 29 4e c0
gap_probe_avx512evex_01823	0x00010000	64	0x1000	EXTRA_OK	6	@	@	62 f6 7d 49 4e 00
gap_probe_avx512evex_01824	0x00010000	64	0x1000	EXTRA_OK	6	@	@	62 f6 7d 49 4e c0
gap_probe_avx512evex_01825	0x00010000	64	0x1000	EXTRA_OK	6	@	@	62 f6 7d 09 4f 00
gap_probe_avx512evex_01826	0x00010000	64	0x1000	EXTRA_OK	6	@	@	62 f6 7d 09 4f c0
gap_probe_avx512evex_01827	0x00010000	64	0x1000	EXTRA_OK	6	@	@	62 f6 7b 01 56 00
gap_probe_avx512evex_01828	0x00010000	64	0x1000	EXTRA_OK	6	@	@	62 f6 7f 01 56 c1
gap_probe_avx512evex_01829	0x00010000	64	0x1000	EXTRA_OK	6	@	@	62 f6 7b 21 56 00
gap_probe_avx512evex_01830	0x00010000	64	0x1000	EXTRA_OK	6	@	@	62 f6 7f 21 56 c1
gap_probe_avx512evex_01831	0x00010000	64	0x1000	EXTRA_OK	6	@	@	62 f6 7b 41 56 00
gap_probe_avx512evex_01832	0x00010000	64	0x1000	EXTRA_OK	6	@	@	62 f6 7f 51 56 c1
gap_probe_avx512evex_01833	0x00010000	64	0x1000	EXTRA_OK	6	@	@	62 f6 7a 01 56 00
gap_probe_avx512evex_01834	0x00010000	64	0x1000	EXTRA_OK	6	@	@	62 f6 7e 01 56 c1
gap_probe_avx512evex_01835	0x00010000	64	0x1000	EXTRA_OK	6	@	@	62 f6 7a 21 56 00
gap_probe_avx512evex_01836	0x00010000	64	0x1000	EXTRA_OK	6	@	@	62 f6 7e 21 56 c1
gap_probe_avx512evex_01837	0x00010000	64	0x1000	EXTRA_OK	6	@	@	62 f6 7a 41 56 00
gap_probe_avx512evex_01838	0x00010000	64	0x1000	EXTRA_OK	6	@	@	62 f6 7e 51 56 c1
gap_probe_avx512evex_01839	0x00010000	64	0x1000	EXTRA_OK	6	@	@	62 f6 7b 01 57 00
gap_probe_avx512evex_01840	0x00010000	64	0x1000	EXTRA_OK	6	@	@	62 f6 7f 01 57 c1
gap_probe_avx512evex_01841	0x00010000	64	0x1000	EXTRA_OK	6	@	@	62 f6 7a 01 57 00
gap_probe_avx512evex_01842	0x00010000	64	0x1000	EXTRA_OK	6	@	@	62 f6 7e 01 57 c1
gap_probe_avx512evex_01843	0x00010000	64	0x1000	EXTRA_OK	6	@	@	62 f6 7d 09 96 00
gap_probe_avx512evex_01844	0x00010000	64	0x1000	EXTRA_OK	6	@	@	62 f6 7d 09 96 c0
gap_probe_avx512evex_01845	0x00010000	64	0x1000	EXTRA_OK	6	@	@	62 f6 7d 29 96 00
gap_probe_avx512evex_01846	0x00010000	64	0x1000	EXTRA_OK	6	@	@	62 f6 7d 29 96 c0
gap_probe_avx512evex_01847	0x00010000	64	0x1000	EXTRA_OK	6	@	@	62 f6 7d 49 96 00
gap_probe_avx512evex_01848	0x00010000	64	0x1000	EXTRA_OK	6	@	@	62 f6 7d 59 96 c0
gap_probe_avx512evex_01849	0x00010000	64	0x1000	EXTRA_OK	6	@	@	62 f6 7d 09 97 00
gap_probe_avx512evex_01850	0x00010000	64	0x1000	EXTRA_OK	6	@	@	62 f6 7d 09 97 c0
gap_probe_avx512evex_01851	0x00010000	64	0x1000	EXTRA_OK	6	@	@	62 f6 7d 29 97 00
gap_probe_avx512evex_01852	0x00010000	64	0x1000	EXTRA_OK	6	@	@	62 f6 7d 29 97 c0
gap_probe_avx512evex_01853	0x00010000	64	0x1000	EXTRA_OK	6	@	@	62 f6 7d 49 97 00
gap_probe_avx512evex_01854	0x00010000	64	0x1000	EXTRA_OK	6	@	@	62 f6 7d 49 97 c0
gap_probe_avx512evex_01855	0x00010000	64	0x1000	EXTRA_OK	6	@	@	62 f6 7c 09 98 00
gap_probe_avx512evex_01856	0x00010000	64	0x1000	EXTRA_OK	6	@	@	62 f6 7c 09 98 c0
gap_probe_avx512evex_01857	0x00010000	64	0x1000	EXTRA_OK	6	@	@	62 f6 7c 29 98 00
gap_probe_avx512evex_01858	0x00010000	64	0x1000	EXTRA_OK	6	@	@	62 f6 7c 29 98 c0
gap_probe_avx512evex_01859	0x00010000	64	0x1000	EXTRA_OK	6	@	@	62 f6 7c 49 98 00
gap_probe_avx512evex_01860	0x00010000	64	0x1000	EXTRA_OK	6	@	@	62 f6 7c 49 98 c0
gap_probe_avx512evex_01861	0x00010000	64	0x1000	EXTRA_OK	6	@	@	62 f6 7d 09 98 00
gap_probe_avx512evex_01862	0x00010000	64	0x1000	EXTRA_OK	6	@	@	62 f6 7d 09 98 c0
gap_probe_avx512evex_01863	0x00010000	64	0x1000	EXTRA_OK	6	@	@	62 f6 7d 29 98 00
gap_probe_avx512evex_01864	0x00010000	64	0x1000	EXTRA_OK	6	@	@	62 f6 7d 29 98 c0
gap_probe_avx512evex_01865	0x00010000	64	0x1000	EXTRA_OK	6	@	@	62 f6 7d 49 98 00
gap_probe_avx512evex_01866	0x00010000	64	0x1000	EXTRA_OK	6	@	@	62 f6 7d 59 98 c0
gap_probe_avx512evex_01867	0x00010000	64	0x1000	EXTRA_OK	6	@	@	62 f6 7d 09 99 00
gap_probe_avx512evex_01868	0x00010000	64	0x1000	EXTRA_OK	6	@	@	62 f6 7d 09 99 c0
gap_probe_avx512evex_01869	0x00010000	64	0x1000	EXTRA_OK	6	@	@	62 f6 7c 09 9a 00
gap_probe_avx512evex_01870	0x00010000	64	0x1000	EXTRA_OK	6	@	@	62 f6 7c 09 9a c0
gap_probe_avx512evex_01871	0x00010000	64	0x1000	EXTRA_OK	6	@	@	62 f6 7c 29 9a 00
gap_probe_avx512evex_01872	0x00010000	64	0x1000	EXTRA_OK	6	@	@	62 f6 7c 29 9a c0
gap_probe_avx512evex_01873	0x00010000	64	0x1000	EXTRA_OK	6	@	@	62 f6 7c 49 9a 00
gap_probe_avx512evex_01874	0x00010000	64	0x1000	EXTRA_OK	6	@	@	62 f6 7c 49 9a c0
gap_probe_avx512evex_01875	0x00010000	64	0x1000	EXTRA_OK	6	@	@	62 f6 7d 09 9a 00
gap_probe_avx512evex_01876	0x00010000	64	0x1000	EXTRA_OK	6	@	@	62 f6 7d 09 9a c0
gap_probe_avx512evex_01877	0x00010000	64	0x1000	EXTRA_OK	6	@	@	62 f6 7d 29 9a 00
gap_probe_avx512evex_01878	0x00010000	64	0x1000	EXTRA_OK	6	@	@	62 f6 7d 29 9a c0
gap_probe_avx512evex_01879	0x00010000	64	0x1000	EXTRA_OK	6	@	@	62 f6 7d 49 9a 00
gap_probe_avx512evex_01880	0x00010000	64	0x1000	EXTRA_OK	6	@	@	62 f6 7d 49 9a c0
gap_probe_avx512evex_01881	0x00010000	64	0x1000	EXTRA_OK	6	@	@	62 f6 7d 09 9b 00
gap_probe_avx512evex_01882	0x00010000	64	0x1000	EXTRA_OK	6	@	@	62 f6 7d 09 9b c0
gap_probe_avx512evex_01883	0x00010000	64	0x1000	EXTRA_OK	6	@	@	62 f6 7c 09 9c 00
gap_probe_avx512evex_01884	0x00010000	64	0x1000	EXTRA_OK	6	@	@	62 f6 7c 09 9c c0
gap_probe_avx512evex_01885	0x00010000	64	0x1000	EXTRA_OK	6	@	@	62 f6 7c 29 9c 00
gap_probe_avx512evex_01886	0x00010000	64	0x1000	EXTRA_OK	6	@	@	62 f6 7c 29 9c c0
gap_probe_avx512evex_01887	0x00010000	64	0x1000	EXTRA_OK	6	@	@	62 f6 7c 49 9c 00
gap_probe_avx512evex_01888	0x00010000	64	0x1000	EXTRA_OK	6	@	@	62 f6 7c 49 9c c0
gap_probe_avx512evex_01889	0x00010000	64	0x1000	EXTRA_OK	6	@	@	62 f6 7d 09 9c 00
gap_probe_avx512evex_01890	0x00010000	64	0x1000	EXTRA_OK	6	@	@	62 f6 7d 09 9c c0
gap_probe_avx512evex_01891	0x00010000	64	0x1000	EXTRA_OK	6	@	@	62 f6 7d 29 9c 00
gap_probe_avx512evex_01892	0x00010000	64	0x1000	EXTRA_OK	6	@	@	62 f6 7d 29 9c c0
gap_probe_avx512evex_01893	0x00010000	64	0x1000	EXTRA_OK	6	@	@	62 f6 7d 49 9c 00
gap_probe_avx512evex_01894	0x00010000	64	0x1000	EXTRA_OK	6	@	@	62 f6 7d 49 9c c0
gap_probe_avx512evex_01895	0x00010000	64	0x1000	EXTRA_OK	6	@	@	62 f6 7d 09 9d 00
gap_probe_avx512evex_01896	0x00010000	64	0x1000	EXTRA_OK	6	@	@	62 f6 7d 09 9d c0
gap_probe_avx512evex_01897	0x00010000	64	0x1000	EXTRA_OK	6	@	@	62 f6 7c 09 9e 00
gap_probe_avx512evex_01898	0x00010000	64	0x1000	EXTRA_OK	6	@	@	62 f6 7c 09 9e c0
gap_probe_avx512evex_01899	0x00010000	64	0x1000	EXTRA_OK	6	@	@	62 f6 7c 29 9e 00
gap_probe_avx512evex_01900	0x00010000	64	0x1000	EXTRA_OK	6	@	@	62 f6 7c 29 9e c0
gap_probe_avx512evex_01901	0x00010000	64	0x1000	EXTRA_OK	6	@	@	62 f6 7c 49 9e 00
gap_probe_avx512evex_01902	0x00010000	64	0x1000	EXTRA_OK	6	@	@	62 f6 7c 49 9e c0
gap_probe_avx512evex_01903	0x00010000	64	0x1000	EXTRA_OK	6	@	@	62 f6 7d 09 9e 00
gap_probe_avx512evex_01904	0x00010000	64	0x1000	EXTRA_OK	6	@	@	62 f6 7d 09 9e c0
gap_probe_avx512evex_01905	0x00010000	64	0x1000	EXTRA_OK	6	@	@	62 f6 7d 29 9e 00
gap_probe_avx512evex_01906	0x00010000	64	0x1000	EXTRA_OK	6	@	@	62 f6 7d 29 9e c0
gap_probe_avx512evex_01907	0x00010000	64	0x1000	EXTRA_OK	6	@	@	62 f6 7d 49 9e 00
gap_probe_avx512evex_01908	0x00010000	64	0x1000	EXTRA_OK	6	@	@	62 f6 7d 49 9e c0
gap_probe_avx512evex_01909	0x00010000	64	0x1000	EXTRA_OK	6	@	@	62 f6 7d 09 9f 00
gap_probe_avx512evex_01910	0x00010000	64	0x1000	EXTRA_OK	6	@	@	62 f6 7d 09 9f c0
gap_probe_avx512evex_01911	0x00010000	64	0x1000	EXTRA_OK	6	@	@	62 f6 7d 09 a6 00
gap_probe_avx512evex_01912	0x00010000	64	0x1000	EXTRA_OK	6	@	@	62 f6 7d 09 a6 c0
gap_probe_avx512evex_01913	0x00010000	64	0x1000	EXTRA_OK	6	@	@	62 f6 7d 29 a6 00
gap_probe_avx512evex_01914	0x00010000	64	0x1000	EXTRA_OK	6	@	@	62 f6 7d 29 a6 c0
gap_probe_avx512evex_01915	0x00010000	64	0x1000	EXTRA_OK	6	@	@	62 f6 7d 49 a6 00
gap_probe_avx512evex_01916	0x00010000	64	0x1000	EXTRA_OK	6	@	@	62 f6 7d 49 a6 c0
gap_probe_avx512evex_01917	0x00010000	64	0x1000	EXTRA_OK	6	@	@	62 f6 7d 09 a7 00
gap_probe_avx512evex_01918	0x00010000	64	0x1000	EXTRA_OK	6	@	@	62 f6 7d 09 a7 c0
gap_probe_avx512evex_01919	0x00010000	64	0x1000	EXTRA_OK	6	@	@	62 f6 7d 29 a7 00
gap_probe_avx512evex_01920	0x00010000	64	0x1000	EXTRA_OK	6	@	@	62 f6 7d 29 a7 c0
gap_probe_avx512evex_01921	0x00010000	64	0x1000	EXTRA_OK	6	@	@	62 f6 7d 49 a7 00
gap_probe_avx512evex_01922	0x00010000	64	0x1000	EXTRA_OK	6	@	@	62 f6 7d 49 a7 c0
gap_probe_avx512evex_01923	0x00010000	64	0x1000	EXTRA_OK	6	@	@	62 f6 7c 09 a8 00
gap_probe_avx512evex_01924	0x00010000	64	0x1000	EXTRA_OK	6	@	@	62 f6 7c 09 a8 c0
gap_probe_avx512evex_01925	0x00010000	64	0x1000	EXTRA_OK	6	@	@	62 f6 7c 29 a8 00
gap_probe_avx512evex_01926	0x00010000	64	0x1000	EXTRA_OK	6	@	@	62 f6 7c 29 a8 c0
gap_probe_avx512evex_01927	0x00010000	64	0x1000	EXTRA_OK	6	@	@	62 f6 7c 49 a8 00
gap_probe_avx512evex_01928	0x00010000	64	0x1000	EXTRA_OK	6	@	@	62 f6 7c 49 a8 c0
gap_probe_avx512evex_01929	0x00010000	64	0x1000	EXTRA_OK	6	@	@	62 f6 7d 09 a8 00
gap_probe_avx512evex_01930	0x00010000	64	0x1000	EXTRA_OK	6	@	@	62 f6 7d 09 a8 c0
gap_probe_avx512evex_01931	0x00010000	64	0x1000	EXTRA_OK	6	@	@	62 f6 7d 29 a8 00
gap_probe_avx512evex_01932	0x00010000	64	0x1000	EXTRA_OK	6	@	@	62 f6 7d 29 a8 c0
gap_probe_avx512evex_01933	0x00010000	64	0x1000	EXTRA_OK	6	@	@	62 f6 7d 49 a8 00
gap_probe_avx512evex_01934	0x00010000	64	0x1000	EXTRA_OK	6	@	@	62 f6 7d 49 a8 c0
gap_probe_avx512evex_01935	0x00010000	64	0x1000	EXTRA_OK	6	@	@	62 f6 7d 09 a9 00
gap_probe_avx512evex_01936	0x00010000	64	0x1000	EXTRA_OK	6	@	@	62 f6 7d 09 a9 c0
gap_probe_avx512evex_01937	0x00010000	64	0x1000	EXTRA_OK	6	@	@	62 f6 7c 09 aa 00
gap_probe_avx512evex_01938	0x00010000	64	0x1000	EXTRA_OK	6	@	@	62 f6 7c 09 aa c0
gap_probe_avx512evex_01939	0x00010000	64	0x1000	EXTRA_OK	6	@	@	62 f6 7c 29 aa 00
gap_probe_avx512evex_01940	0x00010000	64	0x1000	EXTRA_OK	6	@	@	62 f6 7c 29 aa c0
gap_probe_avx512evex_01941	0x00010000	64	0x1000	EXTRA_OK	6	@	@	62 f6 7c 49 aa 00
gap_probe_avx512evex_01942	0x00010000	64	0x1000	EXTRA_OK	6	@	@	62 f6 7c 49 aa c0
gap_probe_avx512evex_01943	0x00010000	64	0x1000	EXTRA_OK	6	@	@	62 f6 7d 09 aa 00
gap_probe_avx512evex_01944	0x00010000	64	0x1000	EXTRA_OK	6	@	@	62 f6 7d 09 aa c0
gap_probe_avx512evex_01945	0x00010000	64	0x1000	EXTRA_OK	6	@	@	62 f6 7d 29 aa 00
gap_probe_avx512evex_01946	0x00010000	64	0x1000	EXTRA_OK	6	@	@	62 f6 7d 29 aa c0
gap_probe_avx512evex_01947	0x00010000	64	0x1000	EXTRA_OK	6	@	@	62 f6 7d 49 aa 00
gap_probe_avx512evex_01948	0x00010000	64	0x1000	EXTRA_OK	6	@	@	62 f6 7d 59 aa c0
gap_probe_avx512evex_01949	0x00010000	64	0x1000	EXTRA_OK	6	@	@	62 f6 7d 09 ab 00
gap_probe_avx512evex_01950	0x00010000	64	0x1000	EXTRA_OK	6	@	@	62 f6 7d 09 ab c0
gap_probe_avx512evex_01951	0x00010000	64	0x1000	EXTRA_OK	6	@	@	62 f6 7c 09 ac 00
gap_probe_avx512evex_01952	0x00010000	64	0x1000	EXTRA_OK	6	@	@	62 f6 7c 09 ac c0
gap_probe_avx512evex_01953	0x00010000	64	0x1000	EXTRA_OK	6	@	@	62 f6 7c 29 ac 00
gap_probe_avx512evex_01954	0x00010000	64	0x1000	EXTRA_OK	6	@	@	62 f6 7c 29 ac c0
gap_probe_avx512evex_01955	0x00010000	64	0x1000	EXTRA_OK	6	@	@	62 f6 7c 49 ac 00
gap_probe_avx512evex_01956	0x00010000	64	0x1000	EXTRA_OK	6	@	@	62 f6 7c 49 ac c0
gap_probe_avx512evex_01957	0x00010000	64	0x1000	EXTRA_OK	6	@	@	62 f6 7d 09 ac 00
gap_probe_avx512evex_01958	0x00010000	64	0x1000	EXTRA_OK	6	@	@	62 f6 7d 09 ac c0
gap_probe_avx512evex_01959	0x00010000	64	0x1000	EXTRA_OK	6	@	@	62 f6 7d 29 ac 00
gap_probe_avx512evex_01960	0x00010000	64	0x1000	EXTRA_OK	6	@	@	62 f6 7d 29 ac c0
gap_probe_avx512evex_01961	0x00010000	64	0x1000	EXTRA_OK	6	@	@	62 f6 7d 49 ac 00
gap_probe_avx512evex_01962	0x00010000	64	0x1000	EXTRA_OK	6	@	@	62 f6 7d 59 ac c0
gap_probe_avx512evex_01963	0x00010000	64	0x1000	EXTRA_OK	6	@	@	62 f6 7d 09 ad 00
gap_probe_avx512evex_01964	0x00010000	64	0x1000	EXTRA_OK	6	@	@	62 f6 7d 09 ad c0
gap_probe_avx512evex_01965	0x00010000	64	0x1000	EXTRA_OK	6	@	@	62 f6 7c 09 ae 00
gap_probe_avx512evex_01966	0x00010000	64	0x1000	EXTRA_OK	6	@	@	62 f6 7c 09 ae c0
gap_probe_avx512evex_01967	0x00010000	64	0x1000	EXTRA_OK	6	@	@	62 f6 7c 29 ae 00
gap_probe_avx512evex_01968	0x00010000	64	0x1000	EXTRA_OK	6	@	@	62 f6 7c 29 ae c0
gap_probe_avx512evex_01969	0x00010000	64	0x1000	EXTRA_OK	6	@	@	62 f6 7c 49 ae 00
gap_probe_avx512evex_01970	0x00010000	64	0x1000	EXTRA_OK	6	@	@	62 f6 7c 49 ae c0
gap_probe_avx512evex_01971	0x00010000	64	0x1000	EXTRA_OK	6	@	@	62 f6 7d 09 ae 00
gap_probe_avx512evex_01972	0x00010000	64	0x1000	EXTRA_OK	6	@	@	62 f6 7d 09 ae c0
gap_probe_avx512evex_01973	0x00010000	64	0x1000	EXTRA_OK	6	@	@	62 f6 7d 29 ae 00
gap_probe_avx512evex_01974	0x00010000	64	0x1000	EXTRA_OK	6	@	@	62 f6 7d 29 ae c0
gap_probe_avx512evex_01975	0x00010000	64	0x1000	EXTRA_OK	6	@	@	62 f6 7d 49 ae 00
gap_probe_avx512evex_01976	0x00010000	64	0x1000	EXTRA_OK	6	@	@	62 f6 7d 59 ae c0
gap_probe_avx512evex_01977	0x00010000	64	0x1000	EXTRA_OK	6	@	@	62 f6 7d 09 af 00
gap_probe_avx512evex_01978	0x00010000	64	0x1000	EXTRA_OK	6	@	@	62 f6 7d 09 af c0
gap_probe_avx512evex_01979	0x00010000	64	0x1000	EXTRA_OK	6	@	@	62 f6 7d 09 b6 00
gap_probe_avx512evex_01980	0x00010000	64	0x1000	EXTRA_OK	6	@	@	62 f6 7d 09 b6 c0
gap_probe_avx512evex_01981	0x00010000	64	0x1000	EXTRA_OK	6	@	@	62 f6 7d 29 b6 00
gap_probe_avx512evex_01982	0x00010000	64	0x1000	EXTRA_OK	6	@	@	62 f6 7d 29 b6 c0
gap_probe_avx512evex_01983	0x00010000	64	0x1000	EXTRA_OK	6	@	@	62 f6 7d 49 b6 00
gap_probe_avx512evex_01984	0x00010000	64	0x1000	EXTRA_OK	6	@	@	62 f6 7d 49 b6 c0
gap_probe_avx512evex_01985	0x00010000	64	0x1000	EXTRA_OK	6	@	@	62 f6 7d 09 b7 00
gap_probe_avx512evex_01986	0x00010000	64	0x1000	EXTRA_OK	6	@	@	62 f6 7d 09 b7 c0
gap_probe_avx512evex_01987	0x00010000	64	0x1000	EXTRA_OK	6	@	@	62 f6 7d 29 b7 00
gap_probe_avx512evex_01988	0x00010000	64	0x1000	EXTRA_OK	6	@	@	62 f6 7d 29 b7 c0
gap_probe_avx512evex_01989	0x00010000	64	0x1000	EXTRA_OK	6	@	@	62 f6 7d 49 b7 00
gap_probe_avx512evex_01990	0x00010000	64	0x1000	EXTRA_OK	6	@	@	62 f6 7d 49 b7 c0
gap_probe_avx512evex_01991	0x00010000	64	0x1000	EXTRA_OK	6	@	@	62 f6 7c 09 b8 00
gap_probe_avx512evex_01992	0x00010000	64	0x1000	EXTRA_OK	6	@	@	62 f6 7c 09 b8 c0
gap_probe_avx512evex_01993	0x00010000	64	0x1000	EXTRA_OK	6	@	@	62 f6 7c 29 b8 00
gap_probe_avx512evex_01994	0x00010000	64	0x1000	EXTRA_OK	6	@	@	62 f6 7c 29 b8 c0
gap_probe_avx512evex_01995	0x00010000	64	0x1000	EXTRA_OK	6	@	@	62 f6 7c 49 b8 00
gap_probe_avx512evex_01996	0x00010000	64	0x1000	EXTRA_OK	6	@	@	62 f6 7c 49 b8 c0
gap_probe_avx512evex_01997	0x00010000	64	0x1000	EXTRA_OK	6	@	@	62 f6 7d 09 b8 00
gap_probe_avx512evex_01998	0x00010000	64	0x1000	EXTRA_OK	6	@	@	62 f6 7d 09 b8 c0
gap_probe_avx512evex_01999	0x00010000	64	0x1000	EXTRA_OK	6	@	@	62 f6 7d 29 b8 00
gap_probe_avx512evex_02000	0x00010000	64	0x1000	EXTRA_OK	6	@	@	62 f6 7d 29 b8 c0
gap_probe_avx512evex_02001	0x00010000	64	0x1000	EXTRA_OK	6	@	@	62 f6 7d 49 b8 00
gap_probe_avx512evex_02002	0x00010000	64	0x1000	EXTRA_OK	6	@	@	62 f6 7d 49 b8 c0
gap_probe_avx512evex_02003	0x00010000	64	0x1000	EXTRA_OK	6	@	@	62 f6 7d 09 b9 00
gap_probe_avx512evex_02004	0x00010000	64	0x1000	EXTRA_OK	6	@	@	62 f6 7d 09 b9 c0
gap_probe_avx512evex_02005	0x00010000	64	0x1000	EXTRA_OK	6	@	@	62 f6 7c 09 ba 00
gap_probe_avx512evex_02006	0x00010000	64	0x1000	EXTRA_OK	6	@	@	62 f6 7c 09 ba c0
gap_probe_avx512evex_02007	0x00010000	64	0x1000	EXTRA_OK	6	@	@	62 f6 7c 29 ba 00
gap_probe_avx512evex_02008	0x00010000	64	0x1000	EXTRA_OK	6	@	@	62 f6 7c 29 ba c0
gap_probe_avx512evex_02009	0x00010000	64	0x1000	EXTRA_OK	6	@	@	62 f6 7c 49 ba 00
gap_probe_avx512evex_02010	0x00010000	64	0x1000	EXTRA_OK	6	@	@	62 f6 7c 49 ba c0
gap_probe_avx512evex_02011	0x00010000	64	0x1000	EXTRA_OK	6	@	@	62 f6 7d 09 ba 00
gap_probe_avx512evex_02012	0x00010000	64	0x1000	EXTRA_OK	6	@	@	62 f6 7d 09 ba c0
gap_probe_avx512evex_02013	0x00010000	64	0x1000	EXTRA_OK	6	@	@	62 f6 7d 29 ba 00
gap_probe_avx512evex_02014	0x00010000	64	0x1000	EXTRA_OK	6	@	@	62 f6 7d 29 ba c0
gap_probe_avx512evex_02015	0x00010000	64	0x1000	EXTRA_OK	6	@	@	62 f6 7d 49 ba 00
gap_probe_avx512evex_02016	0x00010000	64	0x1000	EXTRA_OK	6	@	@	62 f6 7d 59 ba c0
gap_probe_avx512evex_02017	0x00010000	64	0x1000	EXTRA_OK	6	@	@	62 f6 7d 09 bb 00
gap_probe_avx512evex_02018	0x00010000	64	0x1000	EXTRA_OK	6	@	@	62 f6 7d 09 bb c0
gap_probe_avx512evex_02019	0x00010000	64	0x1000	EXTRA_OK	6	@	@	62 f6 7c 09 bc 00
gap_probe_avx512evex_02020	0x00010000	64	0x1000	EXTRA_OK	6	@	@	62 f6 7c 09 bc c0
gap_probe_avx512evex_02021	0x00010000	64	0x1000	EXTRA_OK	6	@	@	62 f6 7c 29 bc 00
gap_probe_avx512evex_02022	0x00010000	64	0x1000	EXTRA_OK	6	@	@	62 f6 7c 29 bc c0
gap_probe_avx512evex_02023	0x00010000	64	0x1000	EXTRA_OK	6	@	@	62 f6 7c 49 bc 00
gap_probe_avx512evex_02024	0x00010000	64	0x1000	EXTRA_OK	6	@	@	62 f6 7c 49 bc c0
gap_probe_avx512evex_02025	0x00010000	64	0x1000	EXTRA_OK	6	@	@	62 f6 7d 09 bc 00
gap_probe_avx512evex_02026	0x00010000	64	0x1000	EXTRA_OK	6	@	@	62 f6 7d 09 bc c0
gap_probe_avx512evex_02027	0x00010000	64	0x1000	EXTRA_OK	6	@	@	62 f6 7d 29 bc 00
gap_probe_avx512evex_02028	0x00010000	64	0x1000	EXTRA_OK	6	@	@	62 f6 7d 29 bc c0
gap_probe_avx512evex_02029	0x00010000	64	0x1000	EXTRA_OK	6	@	@	62 f6 7d 49 bc 00
gap_probe_avx512evex_02030	0x00010000	64	0x1000	EXTRA_OK	6	@	@	62 f6 7d 59 bc c0
gap_probe_avx512evex_02031	0x00010000	64	0x1000	EXTRA_OK	6	@	@	62 f6 7d 09 bd 00
gap_probe_avx512evex_02032	0x00010000	64	0x1000	EXTRA_OK	6	@	@	62 f6 7d 09 bd c0
gap_probe_avx512evex_02033	0x00010000	64	0x1000	EXTRA_OK	6	@	@	62 f6 7c 09 be 00
gap_probe_avx512evex_02034	0x00010000	64	0x1000	EXTRA_OK	6	@	@	62 f6 7c 09 be c0
gap_probe_avx512evex_02035	0x00010000	64	0x1000	EXTRA_OK	6	@	@	62 f6 7c 29 be 00
gap_probe_avx512evex_02036	0x00010000	64	0x1000	EXTRA_OK	6	@	@	62 f6 7c 29 be c0
gap_probe_avx512evex_02037	0x00010000	64	0x1000	EXTRA_OK	6	@	@	62 f6 7c 49 be 00
gap_probe_avx512evex_02038	0x00010000	64	0x1000	EXTRA_OK	6	@	@	62 f6 7c 49 be c0
gap_probe_avx512evex_02039	0x00010000	64	0x1000	EXTRA_OK	6	@	@	62 f6 7d 09 be 00
gap_probe_avx512evex_02040	0x00010000	64	0x1000	EXTRA_OK	6	@	@	62 f6 7d 09 be c0
gap_probe_avx512evex_02041	0x00010000	64	0x1000	EXTRA_OK	6	@	@	62 f6 7d 29 be 00
gap_probe_avx512evex_02042	0x00010000	64	0x1000	EXTRA_OK	6	@	@	62 f6 7d 29 be c0
gap_probe_avx512evex_02043	0x00010000	64	0x1000	EXTRA_OK	6	@	@	62 f6 7d 49 be 00
gap_probe_avx512evex_02044	0x00010000	64	0x1000	EXTRA_OK	6	@	@	62 f6 7d 59 be c0
gap_probe_avx512evex_02045	0x00010000	64	0x1000	EXTRA_OK	6	@	@	62 f6 7d 09 bf 00
gap_probe_avx512evex_02046	0x00010000	64	0x1000	EXTRA_OK	6	@	@	62 f6 7d 19 bf c0
gap_probe_avx512evex_02047	0x00010000	64	0x1000	EXTRA_OK	6	@	@	62 f6 7b 01 d6 00
gap_probe_avx512evex_02048	0x00010000	64	0x1000	EXTRA_OK	6	@	@	62 f6 7f 01 d6 c1
gap_probe_avx512evex_02049	0x00010000	64	0x1000	EXTRA_OK	6	@	@	62 f6 7b 21 d6 00
gap_probe_avx512evex_02050	0x00010000	64	0x1000	EXTRA_OK	6	@	@	62 f6 7f 21 d6 c1
gap_probe_avx512evex_02051	0x00010000	64	0x1000	EXTRA_OK	6	@	@	62 f6 7b 41 d6 00
gap_probe_avx512evex_02052	0x00010000	64	0x1000	EXTRA_OK	6	@	@	62 f6 7f 51 d6 c1
gap_probe_avx512evex_02053	0x00010000	64	0x1000	EXTRA_OK	6	@	@	62 f6 7a 01 d6 00
gap_probe_avx512evex_02054	0x00010000	64	0x1000	EXTRA_OK	6	@	@	62 f6 7e 01 d6 c1
gap_probe_avx512evex_02055	0x00010000	64	0x1000	EXTRA_OK	6	@	@	62 f6 7a 21 d6 00
gap_probe_avx512evex_02056	0x00010000	64	0x1000	EXTRA_OK	6	@	@	62 f6 7e 21 d6 c1
gap_probe_avx512evex_02057	0x00010000	64	0x1000	EXTRA_OK	6	@	@	62 f6 7a 41 d6 00
gap_probe_avx512evex_02058	0x00010000	64	0x1000	EXTRA_OK	6	@	@	62 f6 7e 41 d6 c1
gap_probe_avx512evex_02059	0x00010000	64	0x1000	EXTRA_OK	6	@	@	62 f6 7b 01 d7 00
gap_probe_avx512evex_02060	0x00010000	64	0x1000	EXTRA_OK	6	@	@	62 f6 7f 01 d7 c1
gap_probe_avx512evex_02061	0x00010000	64	0x1000	EXTRA_OK	6	@	@	62 f6 7a 01 d7 00
gap_probe_avx512evex_02062	0x00010000	64	0x1000	EXTRA_OK	6	@	@	62 f6 7e 01 d7 c1
